  0.986139E-05  0.197508E+06  0.197508E+06  0.263344E+06  0.263344E+06  0.000000E+00  0.197508E+06  0.197508E+06  0.197508E+06 -0.607087E+00  0.117268E+06  0.117268E+06  0.604760E+01
  0.990691E-05  0.197100E+06  0.197100E+06  0.262800E+06  0.262800E+06  0.000000E+00  0.197100E+06  0.197100E+06  0.197100E+06 -0.607087E+00  0.117268E+06  0.117268E+06  0.602718E+01
  0.995263E-05  0.196632E+06  0.196632E+06  0.262175E+06  0.262175E+06  0.000000E+00  0.196632E+06  0.196632E+06  0.196632E+06 -0.607087E+00  0.117268E+06  0.117268E+06  0.600683E+01
  0.999857E-05  0.196113E+06  0.196113E+06  0.261483E+06  0.261483E+06  0.000000E+00  0.196113E+06  0.196113E+06  0.196113E+06 -0.607087E+00  0.117268E+06  0.117268E+06  0.598658E+01
  0.100447E-04  0.195594E+06  0.195594E+06  0.260792E+06  0.260792E+06  0.000000E+00  0.195594E+06  0.195594E+06  0.195594E+06 -0.607087E+00  0.117268E+06  0.117268E+06  0.596643E+01
  0.100911E-04  0.195076E+06  0.195076E+06  0.260101E+06  0.260101E+06  0.000000E+00  0.195076E+06  0.195076E+06  0.195076E+06 -0.607087E+00  0.117268E+06  0.117268E+06  0.594639E+01
  0.101377E-04  0.194559E+06  0.194559E+06  0.259411E+06  0.259411E+06  0.000000E+00  0.194559E+06  0.194559E+06  0.194559E+06 -0.607087E+00  0.117268E+06  0.117268E+06  0.592645E+01
  0.101845E-04  0.193056E+06  0.193056E+06  0.257408E+06  0.257407E+06  0.000000E+00  0.193056E+06  0.193056E+06  0.193056E+06 -0.607087E+00  0.117268E+06  0.117268E+06  0.586995E+01
  0.102315E-04  0.191136E+06  0.191136E+06  0.254848E+06  0.254848E+06  0.000000E+00  0.191136E+06  0.191136E+06  0.191136E+06 -0.607087E+00  0.117268E+06  0.117268E+06  0.579735E+01
  0.102787E-04  0.189281E+06  0.189281E+06  0.252374E+06  0.252373E+06  0.000000E+00  0.189281E+06  0.189281E+06  0.189281E+06 -0.607087E+00  0.117268E+06  0.117268E+06  0.572650E+01
  0.103261E-04  0.187487E+06  0.187487E+06  0.249982E+06  0.249982E+06  0.000000E+00  0.187487E+06  0.187487E+06  0.187487E+06 -0.607087E+00  0.117268E+06  0.117268E+06  0.565736E+01
  0.103738E-04  0.185755E+06  0.185755E+06  0.247672E+06  0.247672E+06  0.000000E+00  0.185755E+06  0.185755E+06  0.185755E+06 -0.607087E+00  0.117268E+06  0.117268E+06  0.558989E+01
  0.104217E-04  0.184081E+06  0.184081E+06  0.245440E+06  0.245440E+06  0.000000E+00  0.184081E+06  0.184081E+06  0.184081E+06 -0.607088E+00  0.117268E+06  0.117268E+06  0.552405E+01
  0.104698E-04  0.182464E+06  0.182464E+06  0.243284E+06  0.243284E+06  0.000000E+00  0.182464E+06  0.182464E+06  0.182464E+06 -0.607088E+00  0.117268E+06  0.117268E+06  0.545982E+01
  0.105181E-04  0.180902E+06  0.180902E+06  0.241202E+06  0.241202E+06  0.000000E+00  0.180902E+06  0.180902E+06  0.180902E+06 -0.607088E+00  0.117268E+06  0.117268E+06  0.539717E+01
  0.105667E-04  0.179395E+06  0.179395E+06  0.239192E+06  0.239192E+06  0.000000E+00  0.179395E+06  0.179395E+06  0.179395E+06 -0.607088E+00  0.117268E+06  0.117268E+06  0.533604E+01
  0.106154E-04  0.177939E+06  0.177939E+06  0.237251E+06  0.237251E+06  0.000000E+00  0.177939E+06  0.177939E+06  0.177939E+06 -0.607088E+00  0.117268E+06  0.117268E+06  0.527643E+01
  0.106644E-04  0.176533E+06  0.176533E+06  0.235377E+06  0.235377E+06  0.000000E+00  0.176533E+06  0.176533E+06  0.176533E+06 -0.607088E+00  0.117268E+06  0.117268E+06  0.521828E+01
  0.107137E-04  0.175177E+06  0.175177E+06  0.233568E+06  0.233568E+06  0.000000E+00  0.175177E+06  0.175177E+06  0.175177E+06 -0.607088E+00  0.117268E+06  0.117268E+06  0.516156E+01
  0.107631E-04  0.174514E+06  0.174514E+06  0.232685E+06  0.232685E+06  0.000000E+00  0.174514E+06  0.174514E+06  0.174514E+06 -0.607088E+00  0.117268E+06  0.117268E+06  0.511911E+01
  0.108128E-04  0.173244E+06  0.173244E+06  0.230991E+06  0.230991E+06  0.000000E+00  0.173244E+06  0.173244E+06  0.173244E+06 -0.607088E+00  0.117268E+06  0.117268E+06  0.506472E+01
  0.108627E-04  0.172018E+06  0.172018E+06  0.229357E+06  0.229357E+06  0.000000E+00  0.172018E+06  0.172018E+06  0.172018E+06 -0.607088E+00  0.117268E+06  0.117268E+06  0.501168E+01
  0.109128E-04  0.170835E+06  0.170835E+06  0.227779E+06  0.227779E+06  0.000000E+00  0.170835E+06  0.170835E+06  0.170835E+06 -0.607088E+00  0.117268E+06  0.117268E+06  0.495997E+01
  0.109632E-04  0.169693E+06  0.169693E+06  0.226257E+06  0.226257E+06  0.000000E+00  0.169693E+06  0.169693E+06  0.169693E+06 -0.607088E+00  0.117268E+06  0.117268E+06  0.490954E+01
  0.110138E-04  0.168494E+06  0.168494E+06  0.224658E+06  0.224658E+06  0.000000E+00  0.168494E+06  0.168494E+06  0.168494E+06 -0.607088E+00  0.117268E+06  0.117268E+06  0.486032E+01
  0.110647E-04  0.167421E+06  0.167421E+06  0.223227E+06  0.223227E+06  0.000000E+00  0.167421E+06  0.167421E+06  0.167421E+06 -0.607088E+00  0.117268E+06  0.117268E+06  0.481238E+01
  0.111157E-04  0.166397E+06  0.166397E+06  0.221862E+06  0.221862E+06  0.000000E+00  0.166397E+06  0.166397E+06  0.166397E+06 -0.607088E+00  0.117268E+06  0.117268E+06  0.476564E+01
  0.111670E-04  0.162098E+06  0.162098E+06  0.216130E+06  0.216130E+06  0.000000E+00  0.162098E+06  0.162098E+06  0.162098E+06 -0.607088E+00  0.117268E+06  0.117268E+06  0.463468E+01
  0.112186E-04  0.156288E+06  0.156288E+06  0.208383E+06  0.208383E+06  0.000000E+00  0.156288E+06  0.156288E+06  0.156288E+06 -0.607088E+00  0.117268E+06  0.117268E+06  0.434089E+01
  0.112704E-04  0.140710E+06  0.140710E+06  0.187613E+06  0.187613E+06  0.000000E+00  0.140710E+06  0.140710E+06  0.140710E+06 -0.607088E+00  0.117269E+06  0.117268E+06  0.365440E+01
  0.113224E-04  0.137366E+06  0.137366E+06  0.183154E+06  0.183154E+06  0.000000E+00  0.137366E+06  0.137366E+06  0.137366E+06 -0.607088E+00  0.117269E+06  0.117268E+06  0.356247E+01
  0.113747E-04  0.134612E+06  0.134612E+06  0.179482E+06  0.179482E+06  0.000000E+00  0.134612E+06  0.134612E+06  0.134612E+06 -0.607088E+00  0.117269E+06  0.117268E+06  0.345120E+01
  0.114272E-04  0.131935E+06  0.131935E+06  0.175912E+06  0.175912E+06  0.000000E+00  0.131935E+06  0.131935E+06  0.131935E+06 -0.607088E+00  0.117269E+06  0.117269E+06  0.334174E+01
  0.114799E-04  0.129332E+06  0.129332E+06  0.172442E+06  0.172442E+06  0.000000E+00  0.129332E+06  0.129332E+06  0.129332E+06 -0.607088E+00  0.117269E+06  0.117269E+06  0.323406E+01
  0.115329E-04  0.126802E+06  0.126802E+06  0.169069E+06  0.169069E+06  0.000000E+00  0.126802E+06  0.126802E+06  0.126802E+06 -0.607088E+00  0.117269E+06  0.117269E+06  0.312813E+01
  0.115861E-04  0.124343E+06  0.124343E+06  0.165790E+06  0.165790E+06  0.000000E+00  0.124343E+06  0.124343E+06  0.124343E+06 -0.607088E+00  0.117269E+06  0.117269E+06  0.302391E+01
  0.116396E-04  0.128534E+06  0.128534E+06  0.171378E+06  0.171378E+06  0.000000E+00  0.128534E+06  0.128534E+06  0.128534E+06 -0.607088E+00  0.117269E+06  0.117269E+06  0.292500E+01
  0.116933E-04  0.126052E+06  0.126052E+06  0.168069E+06  0.168069E+06  0.000000E+00  0.126052E+06  0.126052E+06  0.126052E+06 -0.607088E+00  0.117269E+06  0.117269E+06  0.282411E+01
  0.117473E-04  0.123639E+06  0.123639E+06  0.164851E+06  0.164851E+06  0.000000E+00  0.123639E+06  0.123639E+06  0.123639E+06 -0.607088E+00  0.117269E+06  0.117269E+06  0.272487E+01
  0.118015E-04  0.121292E+06  0.121292E+06  0.161722E+06  0.161722E+06  0.000000E+00  0.121292E+06  0.121292E+06  0.121292E+06 -0.607088E+00  0.117269E+06  0.117269E+06  0.262724E+01
  0.118560E-04  0.119060E+06  0.119060E+06  0.158746E+06  0.158746E+06  0.000000E+00  0.119060E+06  0.119060E+06  0.119060E+06 -0.607088E+00  0.117269E+06  0.117269E+06  0.253108E+01
  0.119107E-04  0.116841E+06  0.116841E+06  0.155788E+06  0.155788E+06  0.000000E+00  0.116841E+06  0.116841E+06  0.116841E+06 -0.607088E+00  0.117269E+06  0.117269E+06  0.243662E+01
  0.119657E-04  0.114684E+06  0.114684E+06  0.152912E+06  0.152911E+06  0.000000E+00  0.114684E+06  0.114684E+06  0.114684E+06 -0.607088E+00  0.117269E+06  0.117269E+06  0.234370E+01
  0.120209E-04 -0.921323E+05 -0.921322E+05 -0.122842E+06 -0.122842E+06  0.000000E+00 -0.921323E+05 -0.921323E+05 -0.921323E+05 -0.607091E+00  0.117269E+06  0.117269E+06 -0.627531E+01
  0.120764E-04 -0.914513E+05 -0.914512E+05 -0.121934E+06 -0.121934E+06  0.000000E+00 -0.914513E+05 -0.914513E+05 -0.914513E+05 -0.607091E+00  0.117269E+06  0.117269E+06 -0.629440E+01
  0.121322E-04 -0.907412E+05 -0.907412E+05 -0.120988E+06 -0.120987E+06  0.000000E+00 -0.907412E+05 -0.907412E+05 -0.907412E+05 -0.607091E+00  0.117269E+06  0.117269E+06 -0.631224E+01
  0.121882E-04 -0.900031E+05 -0.900030E+05 -0.120003E+06 -0.120003E+06  0.000000E+00 -0.900031E+05 -0.900031E+05 -0.900031E+05 -0.607091E+00  0.117269E+06  0.117269E+06 -0.632888E+01
  0.122444E-04 -0.892379E+05 -0.892378E+05 -0.118983E+06 -0.118983E+06  0.000000E+00 -0.892379E+05 -0.892379E+05 -0.892379E+05 -0.607091E+00  0.117269E+06  0.117269E+06 -0.634432E+01
  0.123009E-04 -0.884467E+05 -0.884466E+05 -0.117928E+06 -0.117928E+06  0.000000E+00 -0.884467E+05 -0.884467E+05 -0.884467E+05 -0.607091E+00  0.117269E+06  0.117269E+06 -0.635861E+01
  0.123577E-04 -0.876304E+05 -0.876303E+05 -0.116840E+06 -0.116840E+06  0.000000E+00 -0.876304E+05 -0.876304E+05 -0.876304E+05 -0.607091E+00  0.117269E+06  0.117269E+06 -0.637175E+01
  0.124148E-04 -0.867900E+05 -0.867899E+05 -0.115719E+06 -0.115719E+06  0.000000E+00 -0.867900E+05 -0.867900E+05 -0.867900E+05 -0.607091E+00  0.117269E+06  0.117269E+06 -0.638377E+01
  0.124721E-04 -0.859264E+05 -0.859263E+05 -0.114568E+06 -0.114568E+06  0.000000E+00 -0.859264E+05 -0.859264E+05 -0.859264E+05 -0.607091E+00  0.117269E+06  0.117269E+06 -0.639470E+01
  0.125296E-04 -0.850405E+05 -0.850404E+05 -0.113386E+06 -0.113386E+06  0.000000E+00 -0.850405E+05 -0.850405E+05 -0.850405E+05 -0.607091E+00  0.117269E+06  0.117269E+06 -0.640455E+01
  0.125875E-04 -0.841331E+05 -0.841331E+05 -0.112177E+06 -0.112177E+06  0.000000E+00 -0.841331E+05 -0.841331E+05 -0.841331E+05 -0.607091E+00  0.117269E+06  0.117269E+06 -0.641335E+01
  0.126456E-04 -0.832053E+05 -0.832052E+05 -0.110940E+06 -0.110939E+06  0.000000E+00 -0.832052E+05 -0.832052E+05 -0.832052E+05 -0.607091E+00  0.117269E+06  0.117269E+06 -0.642112E+01
  0.127039E-04 -0.822577E+05 -0.822576E+05 -0.109676E+06 -0.109676E+06  0.000000E+00 -0.822576E+05 -0.822576E+05 -0.822576E+05 -0.607091E+00  0.117269E+06  0.117269E+06 -0.642788E+01
  0.127626E-04 -0.812912E+05 -0.812911E+05 -0.108387E+06 -0.108387E+06  0.000000E+00 -0.812912E+05 -0.812912E+05 -0.812912E+05 -0.607092E+00  0.117269E+06  0.117269E+06 -0.643365E+01
  0.128215E-04 -0.803066E+05 -0.803066E+05 -0.107075E+06 -0.107075E+06  0.000000E+00 -0.803066E+05 -0.803066E+05 -0.803066E+05 -0.607092E+00  0.117269E+06  0.117269E+06 -0.643846E+01
  0.128807E-04 -0.793048E+05 -0.793047E+05 -0.105739E+06 -0.105739E+06  0.000000E+00 -0.793048E+05 -0.793048E+05 -0.793048E+05 -0.607092E+00  0.117269E+06  0.117269E+06 -0.644231E+01
  0.129401E-04 -0.782865E+05 -0.782864E+05 -0.104381E+06 -0.104381E+06  0.000000E+00 -0.782865E+05 -0.782865E+05 -0.782865E+05 -0.607092E+00  0.117269E+06  0.117269E+06 -0.644523E+01
  0.129998E-04 -0.770069E+05 -0.770068E+05 -0.102675E+06 -0.102675E+06  0.000000E+00 -0.770069E+05 -0.770069E+05 -0.770069E+05 -0.607092E+00  0.117269E+06  0.117269E+06 -0.643594E+01
  0.130598E-04 -0.752554E+05 -0.752553E+05 -0.100340E+06 -0.100340E+06  0.000000E+00 -0.752553E+05 -0.752553E+05 -0.752553E+05 -0.607092E+00  0.117269E+06  0.117269E+06 -0.640466E+01
  0.131201E-04 -0.735067E+05 -0.735066E+05 -0.980081E+05 -0.980080E+05  0.000000E+00 -0.735067E+05 -0.735067E+05 -0.735067E+05 -0.607092E+00  0.117269E+06  0.117269E+06 -0.637321E+01
  0.131807E-04 -0.717613E+05 -0.717612E+05 -0.956809E+05 -0.956808E+05  0.000000E+00 -0.717613E+05 -0.717613E+05 -0.717613E+05 -0.607092E+00  0.117269E+06  0.117269E+06 -0.634161E+01
  0.132415E-04 -0.700194E+05 -0.700193E+05 -0.933584E+05 -0.933583E+05  0.000000E+00 -0.700194E+05 -0.700194E+05 -0.700194E+05 -0.607092E+00  0.117269E+06  0.117269E+06 -0.630985E+01
  0.133026E-04 -0.682814E+05 -0.682813E+05 -0.910410E+05 -0.910410E+05  0.000000E+00 -0.682814E+05 -0.682814E+05 -0.682814E+05 -0.607092E+00  0.117269E+06  0.117269E+06 -0.627794E+01
  0.133640E-04 -0.665476E+05 -0.665475E+05 -0.887293E+05 -0.887293E+05  0.000000E+00 -0.665476E+05 -0.665476E+05 -0.665476E+05 -0.607092E+00  0.117269E+06  0.117269E+06 -0.624589E+01
  0.134257E-04 -0.648184E+05 -0.648183E+05 -0.864237E+05 -0.864237E+05  0.000000E+00 -0.648184E+05 -0.648184E+05 -0.648184E+05 -0.607092E+00  0.117269E+06  0.117269E+06 -0.621370E+01
  0.134877E-04 -0.652290E+05 -0.652290E+05 -0.869712E+05 -0.869712E+05  0.000000E+00 -0.652290E+05 -0.652290E+05 -0.652290E+05 -0.607092E+00  0.117269E+06  0.117269E+06 -0.622775E+01
  0.135500E-04 -0.639467E+05 -0.639466E+05 -0.852614E+05 -0.852614E+05  0.000000E+00 -0.639467E+05 -0.639467E+05 -0.639467E+05 -0.607092E+00  0.117269E+06  0.117269E+06 -0.620508E+01
  0.136125E-04 -0.626686E+05 -0.626685E+05 -0.835573E+05 -0.835573E+05  0.000000E+00 -0.626686E+05 -0.626686E+05 -0.626686E+05 -0.607092E+00  0.117269E+06  0.117269E+06 -0.618235E+01
  0.136753E-04 -0.613843E+05 -0.613842E+05 -0.818449E+05 -0.818449E+05  0.000000E+00 -0.613843E+05 -0.613843E+05 -0.613843E+05 -0.607092E+00  0.117269E+06  0.117269E+06 -0.615972E+01
  0.137385E-04 -0.598522E+05 -0.598521E+05 -0.798021E+05 -0.798021E+05  0.000000E+00 -0.598522E+05 -0.598522E+05 -0.598522E+05 -0.607092E+00  0.117269E+06  0.117269E+06 -0.614064E+01
  0.138019E-04 -0.583334E+05 -0.583333E+05 -0.777770E+05 -0.777770E+05  0.000000E+00 -0.583334E+05 -0.583334E+05 -0.583334E+05 -0.607092E+00  0.117269E+06  0.117269E+06 -0.612134E+01
  0.138656E-04 -0.568273E+05 -0.568272E+05 -0.757690E+05 -0.757689E+05  0.000000E+00 -0.568273E+05 -0.568273E+05 -0.568273E+05 -0.607092E+00  0.117269E+06  0.117269E+06 -0.610183E+01
  0.139296E-04 -0.553338E+05 -0.553337E+05 -0.737775E+05 -0.737775E+05  0.000000E+00 -0.553337E+05 -0.553337E+05 -0.553337E+05 -0.607092E+00  0.117269E+06  0.117269E+06 -0.608210E+01
  0.139939E-04 -0.538523E+05 -0.538522E+05 -0.718023E+05 -0.718022E+05  0.000000E+00 -0.538523E+05 -0.538523E+05 -0.538523E+05 -0.607092E+00  0.117269E+06  0.117269E+06 -0.606216E+01
  0.140585E-04 -0.523828E+05 -0.523827E+05 -0.698429E+05 -0.698428E+05  0.000000E+00 -0.523827E+05 -0.523827E+05 -0.523827E+05 -0.607092E+00  0.117269E+06  0.117269E+06 -0.604200E+01
  0.141234E-04 -0.509248E+05 -0.509247E+05 -0.678989E+05 -0.678989E+05  0.000000E+00 -0.509248E+05 -0.509248E+05 -0.509248E+05 -0.607092E+00  0.117269E+06  0.117269E+06 -0.602163E+01
  0.141886E-04 -0.494781E+05 -0.494780E+05 -0.659701E+05 -0.659700E+05  0.000000E+00 -0.494781E+05 -0.494781E+05 -0.494781E+05 -0.607092E+00  0.117269E+06  0.117269E+06 -0.600104E+01
  0.142540E-04 -0.480426E+05 -0.480425E+05 -0.640560E+05 -0.640559E+05  0.000000E+00 -0.480426E+05 -0.480426E+05 -0.480426E+05 -0.607092E+00  0.117269E+06  0.117269E+06 -0.598024E+01
  0.143198E-04 -0.466180E+05 -0.466179E+05 -0.621565E+05 -0.621564E+05  0.000000E+00 -0.466179E+05 -0.466179E+05 -0.466179E+05 -0.607092E+00  0.117269E+06  0.117269E+06 -0.595924E+01
  0.143859E-04 -0.452039E+05 -0.452038E+05 -0.602711E+05 -0.602710E+05  0.000000E+00 -0.452039E+05 -0.452039E+05 -0.452039E+05 -0.607092E+00  0.117269E+06  0.117269E+06 -0.593802E+01
  0.144523E-04 -0.438004E+05 -0.438003E+05 -0.583997E+05 -0.583997E+05  0.000000E+00 -0.438004E+05 -0.438004E+05 -0.438004E+05 -0.607092E+00  0.117269E+06  0.117269E+06 -0.591659E+01
  0.145190E-04 -0.424074E+05 -0.424073E+05 -0.565424E+05 -0.565424E+05  0.000000E+00 -0.424074E+05 -0.424074E+05 -0.424074E+05 -0.607092E+00  0.117269E+06  0.117269E+06 -0.589497E+01
  0.145861E-04 -0.410139E+05 -0.410138E+05 -0.546845E+05 -0.546844E+05  0.000000E+00 -0.410139E+05 -0.410139E+05 -0.410139E+05 -0.607092E+00  0.117269E+06  0.117269E+06 -0.587270E+01
  0.146534E-04 -0.396286E+05 -0.396285E+05 -0.528374E+05 -0.528373E+05  0.000000E+00 -0.396286E+05 -0.396286E+05 -0.396286E+05 -0.607092E+00  0.117269E+06  0.117269E+06 -0.585019E+01
  0.147210E-04 -0.382541E+05 -0.382540E+05 -0.510047E+05 -0.510046E+05  0.000000E+00 -0.382541E+05 -0.382541E+05 -0.382541E+05 -0.607092E+00  0.117269E+06  0.117269E+06 -0.582754E+01
  0.147890E-04 -0.368902E+05 -0.368901E+05 -0.491862E+05 -0.491861E+05  0.000000E+00 -0.368902E+05 -0.368902E+05 -0.368902E+05 -0.607092E+00  0.117269E+06  0.117269E+06 -0.580476E+01
  0.148572E-04 -0.356276E+05 -0.356275E+05 -0.475027E+05 -0.475026E+05  0.000000E+00 -0.356276E+05 -0.356276E+05 -0.356276E+05 -0.607092E+00  0.117269E+06  0.117269E+06 -0.578635E+01
  0.149258E-04 -0.343732E+05 -0.343731E+05 -0.458302E+05 -0.458302E+05  0.000000E+00 -0.343732E+05 -0.343732E+05 -0.343732E+05 -0.607092E+00  0.117269E+06  0.117269E+06 -0.576786E+01
  0.149947E-04 -0.331250E+05 -0.331249E+05 -0.441659E+05 -0.441659E+05  0.000000E+00 -0.331250E+05 -0.331250E+05 -0.331250E+05 -0.607092E+00  0.117269E+06  0.117269E+06 -0.574916E+01
  0.150639E-04 -0.318830E+05 -0.318829E+05 -0.425099E+05 -0.425098E+05  0.000000E+00 -0.318830E+05 -0.318830E+05 -0.318830E+05 -0.607092E+00  0.117269E+06  0.117269E+06 -0.573026E+01
  0.151335E-04 -0.308763E+05 -0.308762E+05 -0.411676E+05 -0.411676E+05  0.000000E+00 -0.308763E+05 -0.308763E+05 -0.308763E+05 -0.607092E+00  0.117269E+06  0.117269E+06 -0.572410E+01
  0.152033E-04 -0.298836E+05 -0.298835E+05 -0.398440E+05 -0.398439E+05  0.000000E+00 -0.298835E+05 -0.298835E+05 -0.298835E+05 -0.607092E+00  0.117269E+06  0.117269E+06 -0.571908E+01
  0.152735E-04 -0.288639E+05 -0.288638E+05 -0.384845E+05 -0.384844E+05  0.000000E+00 -0.288639E+05 -0.288639E+05 -0.288639E+05 -0.607092E+00  0.117269E+06  0.117269E+06 -0.573598E+01
  0.153440E-04 -0.236569E+05 -0.236568E+05 -0.315418E+05 -0.315418E+05  0.000000E+00 -0.236569E+05 -0.236569E+05 -0.236569E+05 -0.607091E+00  0.117269E+06  0.117269E+06 -0.545185E+01
  0.154148E-04 -0.228372E+05 -0.228371E+05 -0.304489E+05 -0.304489E+05  0.000000E+00 -0.228372E+05 -0.228372E+05 -0.228372E+05 -0.607091E+00  0.117269E+06  0.117269E+06 -0.545064E+01
  0.154860E-04 -0.220070E+05 -0.220069E+05 -0.293419E+05 -0.293419E+05  0.000000E+00 -0.220070E+05 -0.220070E+05 -0.220070E+05 -0.607091E+00  0.117269E+06  0.117269E+06 -0.544870E+01
  0.155574E-04 -0.211663E+05 -0.211662E+05 -0.282210E+05 -0.282210E+05  0.000000E+00 -0.211663E+05 -0.211663E+05 -0.211663E+05 -0.607091E+00  0.117269E+06  0.117269E+06 -0.544604E+01
  0.156292E-04 -0.203155E+05 -0.203154E+05 -0.270867E+05 -0.270866E+05  0.000000E+00 -0.203155E+05 -0.203155E+05 -0.203155E+05 -0.607091E+00  0.117269E+06  0.117269E+06 -0.544266E+01
  0.157014E-04 -0.194550E+05 -0.194549E+05 -0.259393E+05 -0.259393E+05  0.000000E+00 -0.194550E+05 -0.194550E+05 -0.194550E+05 -0.607092E+00  0.117269E+06  0.117269E+06 -0.543856E+01
  0.157739E-04 -0.185852E+05 -0.185851E+05 -0.247796E+05 -0.247795E+05  0.000000E+00 -0.185852E+05 -0.185852E+05 -0.185852E+05 -0.607092E+00  0.117269E+06  0.117269E+06 -0.543375E+01
  0.158467E-04 -0.177065E+05 -0.177064E+05 -0.236079E+05 -0.236079E+05  0.000000E+00 -0.177065E+05 -0.177065E+05 -0.177065E+05 -0.607092E+00  0.117269E+06  0.117269E+06 -0.542823E+01
  0.159198E-04 -0.168195E+05 -0.168194E+05 -0.224253E+05 -0.224253E+05  0.000000E+00 -0.168195E+05 -0.168195E+05 -0.168195E+05 -0.607092E+00  0.117269E+06  0.117269E+06 -0.542203E+01
  0.159933E-04 -0.159261E+05 -0.159260E+05 -0.212341E+05 -0.212341E+05  0.000000E+00 -0.159261E+05 -0.159261E+05 -0.159261E+05 -0.607092E+00  0.117269E+06  0.117269E+06 -0.541512E+01
  0.160671E-04 -0.150238E+05 -0.150237E+05 -0.200311E+05 -0.200310E+05  0.000000E+00 -0.150238E+05 -0.150238E+05 -0.150238E+05 -0.607092E+00  0.117269E+06  0.117269E+06 -0.540735E+01
  0.161413E-04 -0.141133E+05 -0.141132E+05 -0.188170E+05 -0.188170E+05  0.000000E+00 -0.141133E+05 -0.141133E+05 -0.141133E+05 -0.607092E+00  0.117269E+06  0.117269E+06 -0.539893E+01
  0.162158E-04 -0.131965E+05 -0.131964E+05 -0.175946E+05 -0.175946E+05  0.000000E+00 -0.131965E+05 -0.131965E+05 -0.131965E+05 -0.607092E+00  0.117269E+06  0.117269E+06 -0.538988E+01
  0.162906E-04 -0.122740E+05 -0.122739E+05 -0.163646E+05 -0.163646E+05  0.000000E+00 -0.122739E+05 -0.122739E+05 -0.122739E+05 -0.607092E+00  0.117269E+06  0.117269E+06 -0.538019E+01
  0.163658E-04 -0.113464E+05 -0.113463E+05 -0.151279E+05 -0.151279E+05  0.000000E+00 -0.113464E+05 -0.113464E+05 -0.113464E+05 -0.607092E+00  0.117269E+06  0.117269E+06 -0.536990E+01
  0.164414E-04 -0.104145E+05 -0.104144E+05 -0.138853E+05 -0.138853E+05  0.000000E+00 -0.104145E+05 -0.104145E+05 -0.104145E+05 -0.607092E+00  0.117269E+06  0.117269E+06 -0.535900E+01
  0.165173E-04 -0.947894E+04 -0.947884E+04 -0.126379E+05 -0.126379E+05  0.000000E+00 -0.947893E+04 -0.947893E+04 -0.947893E+04 -0.607092E+00  0.117269E+06  0.117269E+06 -0.534750E+01
  0.165935E-04 -0.854068E+04 -0.854058E+04 -0.113869E+05 -0.113869E+05  0.000000E+00 -0.854066E+04 -0.854066E+04 -0.854066E+04 -0.607092E+00  0.117269E+06  0.117269E+06 -0.533544E+01
  0.166701E-04 -0.136813E+05 -0.136812E+05 -0.182411E+05 -0.182410E+05  0.000000E+00 -0.136813E+05 -0.136813E+05 -0.136813E+05 -0.607092E+00  0.117269E+06  0.117269E+06 -0.539190E+01
  0.167470E-04 -0.124242E+05 -0.124241E+05 -0.165648E+05 -0.165648E+05  0.000000E+00 -0.124241E+05 -0.124241E+05 -0.124241E+05 -0.607092E+00  0.117269E+06  0.117269E+06 -0.537681E+01
  0.168243E-04 -0.111686E+05 -0.111685E+05 -0.148908E+05 -0.148908E+05  0.000000E+00 -0.111686E+05 -0.111686E+05 -0.111686E+05 -0.607092E+00  0.117269E+06  0.117269E+06 -0.536117E+01
  0.169020E-04 -0.991531E+04 -0.991521E+04 -0.132197E+05 -0.132197E+05  0.000000E+00 -0.991529E+04 -0.991529E+04 -0.991529E+04 -0.607092E+00  0.117269E+06  0.117269E+06 -0.534501E+01
  0.169800E-04 -0.866488E+04 -0.866478E+04 -0.115525E+05 -0.115525E+05  0.000000E+00 -0.866486E+04 -0.866486E+04 -0.866486E+04 -0.607092E+00  0.117269E+06  0.117269E+06 -0.532834E+01
  0.170584E-04 -0.742093E+04 -0.742083E+04 -0.989388E+04 -0.989386E+04  0.000000E+00 -0.742092E+04 -0.742092E+04 -0.742092E+04 -0.607092E+00  0.117269E+06  0.117269E+06 -0.531115E+01
  0.171371E-04 -0.627200E+04 -0.627189E+04 -0.836196E+04 -0.836195E+04  0.000000E+00 -0.627198E+04 -0.627198E+04 -0.627198E+04 -0.607092E+00  0.117269E+06  0.117269E+06 -0.529279E+01
  0.172162E-04 -0.513252E+04 -0.513241E+04 -0.684266E+04 -0.684265E+04  0.000000E+00 -0.513250E+04 -0.513250E+04 -0.513250E+04 -0.607092E+00  0.117269E+06  0.117269E+06 -0.527399E+01
  0.172957E-04 -0.361315E+04 -0.361305E+04 -0.481685E+04 -0.481684E+04  0.000000E+00 -0.361314E+04 -0.361314E+04 -0.361314E+04 -0.607092E+00  0.117269E+06  0.117269E+06 -0.520680E+01
  0.173755E-04 -0.253110E+04 -0.253099E+04 -0.337412E+04 -0.337411E+04  0.000000E+00 -0.253108E+04 -0.253108E+04 -0.253108E+04 -0.607092E+00  0.117269E+06  0.117269E+06 -0.518854E+01
  0.174557E-04 -0.145521E+04 -0.145511E+04 -0.193961E+04 -0.193960E+04  0.000000E+00 -0.145519E+04 -0.145519E+04 -0.145519E+04 -0.607092E+00  0.117269E+06  0.117269E+06 -0.517006E+01
  0.175363E-04 -0.386218E+03 -0.386115E+03 -0.514290E+03 -0.514282E+03  0.000000E+00 -0.386202E+03 -0.386202E+03 -0.386202E+03 -0.607092E+00  0.117269E+06  0.117269E+06 -0.515137E+01
  0.176172E-04  0.675061E+03  0.675164E+03  0.900744E+03  0.900750E+03  0.000000E+00  0.675078E+03  0.675078E+03  0.675078E+03 -0.607092E+00  0.117269E+06  0.117269E+06 -0.513250E+01
  0.176986E-04  0.172802E+04  0.172812E+04  0.230468E+04  0.230469E+04  0.000000E+00  0.172804E+04  0.172804E+04  0.172804E+04 -0.607092E+00  0.117269E+06  0.117269E+06 -0.511349E+01
  0.177803E-04  0.277206E+04  0.277216E+04  0.369673E+04  0.369673E+04  0.000000E+00  0.277207E+04  0.277207E+04  0.277207E+04 -0.607092E+00  0.117269E+06  0.117269E+06 -0.509436E+01
  0.178623E-04  0.122181E+05  0.122182E+05  0.162914E+05  0.162914E+05  0.000000E+00  0.122181E+05  0.122181E+05  0.122181E+05 -0.607091E+00  0.117269E+06  0.117269E+06 -0.510543E+01
  0.179448E-04  0.130238E+05  0.130239E+05  0.173657E+05  0.173657E+05  0.000000E+00  0.130238E+05  0.130238E+05  0.130238E+05 -0.607091E+00  0.117269E+06  0.117269E+06 -0.508560E+01
  0.180276E-04  0.138238E+05  0.138239E+05  0.184323E+05  0.184323E+05  0.000000E+00  0.138238E+05  0.138238E+05  0.138238E+05 -0.607091E+00  0.117269E+06  0.117269E+06 -0.506585E+01
  0.181108E-04  0.133723E+05  0.133724E+05  0.178304E+05  0.178304E+05  0.000000E+00  0.133723E+05  0.133723E+05  0.133723E+05 -0.607091E+00  0.117269E+06  0.117269E+06 -0.508551E+01
  0.181944E-04  0.139641E+05  0.139642E+05  0.186194E+05  0.186194E+05  0.000000E+00  0.139641E+05  0.139641E+05  0.139641E+05 -0.607091E+00  0.117269E+06  0.117269E+06 -0.507201E+01
  0.182784E-04  0.145607E+05  0.145608E+05  0.194149E+05  0.194149E+05  0.000000E+00  0.145607E+05  0.145607E+05  0.145607E+05 -0.607091E+00  0.117269E+06  0.117269E+06 -0.505815E+01
  0.183628E-04  0.151622E+05  0.151623E+05  0.202168E+05  0.202168E+05  0.000000E+00  0.151622E+05  0.151622E+05  0.151622E+05 -0.607091E+00  0.117269E+06  0.117269E+06 -0.504391E+01
  0.184475E-04  0.309165E+05  0.309165E+05  0.412223E+05  0.412223E+05  0.000000E+00  0.309165E+05  0.309165E+05  0.309165E+05 -0.607091E+00  0.117269E+06  0.117269E+06 -0.410336E+01
  0.185327E-04  0.313638E+05  0.313639E+05  0.418188E+05  0.418188E+05  0.000000E+00  0.313638E+05  0.313638E+05  0.313638E+05 -0.607091E+00  0.117269E+06  0.117269E+06 -0.409447E+01
  0.186182E-04  0.318158E+05  0.318159E+05  0.424214E+05  0.424214E+05  0.000000E+00  0.318158E+05  0.318158E+05  0.318158E+05 -0.607091E+00  0.117269E+06  0.117269E+06 -0.408522E+01
  0.187042E-04  0.322720E+05  0.322721E+05  0.430297E+05  0.430296E+05  0.000000E+00  0.322720E+05  0.322720E+05  0.322720E+05 -0.607091E+00  0.117269E+06  0.117269E+06 -0.407562E+01
  0.187905E-04  0.327321E+05  0.327322E+05  0.436432E+05  0.436431E+05  0.000000E+00  0.327321E+05  0.327321E+05  0.327321E+05 -0.607091E+00  0.117269E+06  0.117269E+06 -0.406567E+01
  0.188772E-04  0.518422E+05  0.518423E+05  0.691231E+05  0.691230E+05  0.000000E+00  0.518422E+05  0.518422E+05  0.518422E+05 -0.607090E+00  0.117269E+06  0.117269E+06 -0.311630E+01
  0.189644E-04  0.518299E+05  0.518300E+05  0.691066E+05  0.691066E+05  0.000000E+00  0.518299E+05  0.518299E+05  0.518299E+05 -0.607090E+00  0.117269E+06  0.117269E+06 -0.312551E+01
  0.190519E-04  0.518348E+05  0.518349E+05  0.691132E+05  0.691131E+05  0.000000E+00  0.518348E+05  0.518348E+05  0.518348E+05 -0.607090E+00  0.117269E+06  0.117269E+06 -0.313393E+01
  0.191398E-04  0.518562E+05  0.518563E+05  0.691417E+05  0.691416E+05  0.000000E+00  0.518562E+05  0.518562E+05  0.518562E+05 -0.607090E+00  0.117269E+06  0.117269E+06 -0.314159E+01
  0.192282E-04  0.518934E+05  0.518935E+05  0.691913E+05  0.691913E+05  0.000000E+00  0.518934E+05  0.518934E+05  0.518934E+05 -0.607090E+00  0.117269E+06  0.117269E+06 -0.314850E+01
  0.193169E-04  0.519458E+05  0.519459E+05  0.692612E+05  0.692611E+05  0.000000E+00  0.519458E+05  0.519458E+05  0.519458E+05 -0.607090E+00  0.117269E+06  0.117269E+06 -0.315469E+01
  0.194061E-04  0.520126E+05  0.520126E+05  0.693502E+05  0.693501E+05  0.000000E+00  0.520126E+05  0.520126E+05  0.520126E+05 -0.607090E+00  0.117269E+06  0.117269E+06 -0.316018E+01
  0.194957E-04  0.520928E+05  0.520929E+05  0.694572E+05  0.694571E+05  0.000000E+00  0.520929E+05  0.520929E+05  0.520929E+05 -0.607090E+00  0.117269E+06  0.117269E+06 -0.316499E+01
  0.195857E-04  0.521858E+05  0.521859E+05  0.695811E+05  0.695811E+05  0.000000E+00  0.521858E+05  0.521858E+05  0.521858E+05 -0.607090E+00  0.117269E+06  0.117269E+06 -0.316916E+01
  0.196761E-04  0.522908E+05  0.522909E+05  0.697212E+05  0.697211E+05  0.000000E+00  0.522909E+05  0.522909E+05  0.522909E+05 -0.607090E+00  0.117269E+06  0.117269E+06 -0.317270E+01
  0.197669E-04  0.524076E+05  0.524077E+05  0.698769E+05  0.698768E+05  0.000000E+00  0.524076E+05  0.524076E+05  0.524076E+05 -0.607090E+00  0.117269E+06  0.117269E+06 -0.317564E+01
  0.198581E-04  0.525351E+05  0.525352E+05  0.700469E+05  0.700468E+05  0.000000E+00  0.525351E+05  0.525351E+05  0.525351E+05 -0.607090E+00  0.117269E+06  0.117269E+06 -0.317799E+01
  0.199498E-04  0.526728E+05  0.526729E+05  0.702305E+05  0.702305E+05  0.000000E+00  0.526729E+05  0.526729E+05  0.526729E+05 -0.607090E+00  0.117269E+06  0.117269E+06 -0.317978E+01
  0.200419E-04  0.451002E+05  0.451003E+05  0.601338E+05  0.601337E+05  0.000000E+00  0.451002E+05  0.451002E+05  0.451002E+05 -0.607091E+00  0.117269E+06  0.117269E+06 -0.315595E+01
  0.201344E-04  0.453943E+05  0.453944E+05  0.605258E+05  0.605257E+05  0.000000E+00  0.453943E+05  0.453943E+05  0.453943E+05 -0.607091E+00  0.117269E+06  0.117269E+06 -0.315628E+01
  0.202273E-04  0.456924E+05  0.456925E+05  0.609234E+05  0.609233E+05  0.000000E+00  0.456925E+05  0.456925E+05  0.456925E+05 -0.607091E+00  0.117269E+06  0.117269E+06 -0.315614E+01
  0.203207E-04  0.459944E+05  0.459945E+05  0.613260E+05  0.613259E+05  0.000000E+00  0.459944E+05  0.459944E+05  0.459944E+05 -0.607091E+00  0.117269E+06  0.117269E+06 -0.315555E+01
  0.204145E-04  0.462996E+05  0.462997E+05  0.617329E+05  0.617328E+05  0.000000E+00  0.462996E+05  0.462996E+05  0.462996E+05 -0.607091E+00  0.117269E+06  0.117269E+06 -0.315454E+01
  0.205087E-04  0.703097E+05  0.703097E+05  0.937460E+05  0.937458E+05  0.000000E+00  0.703097E+05  0.703097E+05  0.703097E+05 -0.607090E+00  0.117269E+06  0.117269E+06 -0.202125E+01
  0.206034E-04  0.702094E+05  0.702095E+05  0.936123E+05  0.936122E+05  0.000000E+00  0.702094E+05  0.702094E+05  0.702094E+05 -0.607090E+00  0.117269E+06  0.117269E+06 -0.203168E+01
  0.206985E-04  0.704565E+05  0.704565E+05  0.939418E+05  0.939416E+05  0.000000E+00  0.704565E+05  0.704565E+05  0.704565E+05 -0.607090E+00  0.117269E+06  0.117269E+06 -0.205087E+01
  0.207940E-04  0.703635E+05  0.703636E+05  0.938178E+05  0.938176E+05  0.000000E+00  0.703635E+05  0.703635E+05  0.703635E+05 -0.607090E+00  0.117269E+06  0.117269E+06 -0.206019E+01
  0.208900E-04  0.702718E+05  0.702718E+05  0.936955E+05  0.936953E+05  0.000000E+00  0.702718E+05  0.702718E+05  0.702718E+05 -0.607090E+00  0.117269E+06  0.117269E+06 -0.206870E+01
  0.209864E-04  0.701954E+05  0.701955E+05  0.935937E+05  0.935935E+05  0.000000E+00  0.701954E+05  0.701954E+05  0.701954E+05 -0.607090E+00  0.117269E+06  0.117269E+06 -0.207625E+01
  0.210833E-04  0.700765E+05  0.700765E+05  0.934351E+05  0.934349E+05  0.000000E+00  0.700765E+05  0.700765E+05  0.700765E+05 -0.607090E+00  0.117269E+06  0.117269E+06 -0.208535E+01
  0.211806E-04  0.713357E+05  0.713357E+05  0.951140E+05  0.951138E+05  0.000000E+00  0.713357E+05  0.713357E+05  0.713357E+05 -0.607090E+00  0.117269E+06  0.117269E+06 -0.223242E+01
  0.212784E-04  0.712576E+05  0.712577E+05  0.950099E+05  0.950098E+05  0.000000E+00  0.712576E+05  0.712576E+05  0.712576E+05 -0.607090E+00  0.117269E+06  0.117269E+06 -0.224493E+01
  0.213766E-04  0.711865E+05  0.711866E+05  0.949151E+05  0.949150E+05  0.000000E+00  0.711865E+05  0.711865E+05  0.711865E+05 -0.607090E+00  0.117269E+06  0.117269E+06 -0.225687E+01
  0.214752E-04  0.711217E+05  0.711217E+05  0.948287E+05  0.948285E+05  0.000000E+00  0.711217E+05  0.711217E+05  0.711217E+05 -0.607090E+00  0.117269E+06  0.117269E+06 -0.226824E+01
  0.215744E-04  0.607494E+05  0.607495E+05  0.809992E+05  0.809991E+05  0.000000E+00  0.607494E+05  0.607494E+05  0.607494E+05 -0.607090E+00  0.117269E+06  0.117269E+06 -0.271888E+01
  0.216739E-04  0.609427E+05  0.609428E+05  0.812569E+05  0.812568E+05  0.000000E+00  0.609427E+05  0.609427E+05  0.609427E+05 -0.607090E+00  0.117269E+06  0.117269E+06 -0.271911E+01
  0.217740E-04  0.631476E+05  0.631477E+05  0.841968E+05  0.841966E+05  0.000000E+00  0.631476E+05  0.631476E+05  0.631476E+05 -0.607090E+00  0.117269E+06  0.117269E+06 -0.279044E+01
  0.218745E-04  0.801494E+05  0.801495E+05  0.106866E+06  0.106865E+06  0.000000E+00  0.801494E+05  0.801494E+05  0.801494E+05 -0.607090E+00  0.117269E+06  0.117269E+06 -0.184083E+01
  0.219755E-04  0.799248E+05  0.799248E+05  0.106566E+06  0.106566E+06  0.000000E+00  0.799248E+05  0.799248E+05  0.799248E+05 -0.607090E+00  0.117269E+06  0.117269E+06 -0.185482E+01
  0.220769E-04  0.797123E+05  0.797124E+05  0.106283E+06  0.106283E+06  0.000000E+00  0.797123E+05  0.797123E+05  0.797123E+05 -0.607090E+00  0.117269E+06  0.117269E+06 -0.186815E+01
  0.221788E-04  0.795117E+05  0.795117E+05  0.106015E+06  0.106015E+06  0.000000E+00  0.795117E+05  0.795117E+05  0.795117E+05 -0.607090E+00  0.117269E+06  0.117269E+06 -0.188084E+01
  0.222812E-04  0.793224E+05  0.793224E+05  0.105763E+06  0.105763E+06  0.000000E+00  0.793224E+05  0.793224E+05  0.793224E+05 -0.607090E+00  0.117269E+06  0.117269E+06 -0.189290E+01
  0.223840E-04  0.791439E+05  0.791439E+05  0.105525E+06  0.105525E+06  0.000000E+00  0.791439E+05  0.791439E+05  0.791439E+05 -0.607090E+00  0.117269E+06  0.117269E+06 -0.190434E+01
  0.224873E-04  0.789756E+05  0.789757E+05  0.105300E+06  0.105300E+06  0.000000E+00  0.789756E+05  0.789756E+05  0.789756E+05 -0.607090E+00  0.117269E+06  0.117269E+06 -0.191518E+01
  0.225911E-04  0.788113E+05  0.788114E+05  0.105081E+06  0.105081E+06  0.000000E+00  0.788113E+05  0.788113E+05  0.788113E+05 -0.607090E+00  0.117269E+06  0.117269E+06 -0.192568E+01
  0.226954E-04  0.786731E+05  0.786732E+05  0.104897E+06  0.104897E+06  0.000000E+00  0.786731E+05  0.786731E+05  0.786731E+05 -0.607090E+00  0.117269E+06  0.117269E+06 -0.193604E+01
  0.228002E-04  0.785827E+05  0.785828E+05  0.104777E+06  0.104776E+06  0.000000E+00  0.785827E+05  0.785827E+05  0.785827E+05 -0.607090E+00  0.117269E+06  0.117269E+06 -0.193206E+01
  0.229054E-04  0.784711E+05  0.784712E+05  0.104628E+06  0.104628E+06  0.000000E+00  0.784711E+05  0.784711E+05  0.784711E+05 -0.607090E+00  0.117269E+06  0.117269E+06 -0.194111E+01
  0.230111E-04  0.783662E+05  0.783663E+05  0.104488E+06  0.104488E+06  0.000000E+00  0.783663E+05  0.783663E+05  0.783663E+05 -0.607090E+00  0.117269E+06  0.117269E+06 -0.194959E+01
  0.231173E-04  0.782694E+05  0.782694E+05  0.104359E+06  0.104359E+06  0.000000E+00  0.782694E+05  0.782694E+05  0.782694E+05 -0.607090E+00  0.117269E+06  0.117269E+06 -0.195744E+01
  0.232241E-04  0.781802E+05  0.781803E+05  0.104240E+06  0.104240E+06  0.000000E+00  0.781802E+05  0.781802E+05  0.781802E+05 -0.607090E+00  0.117269E+06  0.117269E+06 -0.196471E+01
  0.233313E-04  0.780990E+05  0.780990E+05  0.104132E+06  0.104131E+06  0.000000E+00  0.780990E+05  0.780990E+05  0.780990E+05 -0.607090E+00  0.117269E+06  0.117269E+06 -0.197146E+01
  0.234389E-04  0.780249E+05  0.780249E+05  0.104033E+06  0.104033E+06  0.000000E+00  0.780249E+05  0.780249E+05  0.780249E+05 -0.607090E+00  0.117269E+06  0.117269E+06 -0.197772E+01
  0.235471E-04  0.779565E+05  0.779566E+05  0.103942E+06  0.103941E+06  0.000000E+00  0.779565E+05  0.779565E+05  0.779565E+05 -0.607090E+00  0.117269E+06  0.117269E+06 -0.198351E+01
  0.236558E-04  0.778934E+05  0.778934E+05  0.103857E+06  0.103857E+06  0.000000E+00  0.778934E+05  0.778934E+05  0.778934E+05 -0.607090E+00  0.117269E+06  0.117269E+06 -0.198885E+01
  0.237650E-04  0.778358E+05  0.778359E+05  0.103781E+06  0.103780E+06  0.000000E+00  0.778358E+05  0.778358E+05  0.778358E+05 -0.607090E+00  0.117269E+06  0.117269E+06 -0.199377E+01
  0.238747E-04  0.778078E+05  0.778078E+05  0.103743E+06  0.103743E+06  0.000000E+00  0.778078E+05  0.778078E+05  0.778078E+05 -0.607090E+00  0.117269E+06  0.117269E+06 -0.199834E+01
  0.239849E-04  0.777839E+05  0.777839E+05  0.103711E+06  0.103711E+06  0.000000E+00  0.777839E+05  0.777839E+05  0.777839E+05 -0.607090E+00  0.117269E+06  0.117269E+06 -0.200252E+01
  0.240956E-04  0.777637E+05  0.777638E+05  0.103684E+06  0.103684E+06  0.000000E+00  0.777637E+05  0.777637E+05  0.777637E+05 -0.607090E+00  0.117269E+06  0.117269E+06 -0.200634E+01
  0.242068E-04  0.777475E+05  0.777475E+05  0.103663E+06  0.103663E+06  0.000000E+00  0.777475E+05  0.777475E+05  0.777475E+05 -0.607090E+00  0.117269E+06  0.117269E+06 -0.200982E+01
  0.243186E-04  0.777424E+05  0.777424E+05  0.103656E+06  0.103656E+06  0.000000E+00  0.777424E+05  0.777424E+05  0.777424E+05 -0.607090E+00  0.117269E+06  0.117269E+06 -0.201352E+01
  0.244308E-04  0.777401E+05  0.777401E+05  0.103653E+06  0.103653E+06  0.000000E+00  0.777401E+05  0.777401E+05  0.777401E+05 -0.607090E+00  0.117269E+06  0.117269E+06 -0.201707E+01
  0.245436E-04  0.777372E+05  0.777373E+05  0.103649E+06  0.103649E+06  0.000000E+00  0.777372E+05  0.777372E+05  0.777372E+05 -0.607090E+00  0.117269E+06  0.117269E+06 -0.202016E+01
  0.246569E-04  0.777364E+05  0.777365E+05  0.103648E+06  0.103648E+06  0.000000E+00  0.777364E+05  0.777364E+05  0.777364E+05 -0.607090E+00  0.117269E+06  0.117269E+06 -0.202292E+01
  0.247707E-04  0.777375E+05  0.777376E+05  0.103650E+06  0.103649E+06  0.000000E+00  0.777375E+05  0.777375E+05  0.777375E+05 -0.607090E+00  0.117269E+06  0.117269E+06 -0.202537E+01
  0.248850E-04  0.760198E+05  0.760198E+05  0.101359E+06  0.101359E+06  0.000000E+00  0.760198E+05  0.760198E+05  0.760198E+05 -0.607090E+00  0.117269E+06  0.117269E+06 -0.208796E+01
  0.249999E-04  0.773781E+05  0.773782E+05  0.103170E+06  0.103170E+06  0.000000E+00  0.773781E+05  0.773781E+05  0.773781E+05 -0.607090E+00  0.117269E+06  0.117269E+06 -0.204989E+01
  0.251153E-04  0.773847E+05  0.773848E+05  0.103179E+06  0.103179E+06  0.000000E+00  0.773847E+05  0.773847E+05  0.773847E+05 -0.607090E+00  0.117269E+06  0.117269E+06 -0.205170E+01
  0.252312E-04  0.773992E+05  0.773993E+05  0.103198E+06  0.103198E+06  0.000000E+00  0.773992E+05  0.773992E+05  0.773992E+05 -0.607090E+00  0.117269E+06  0.117269E+06 -0.205290E+01
  0.253477E-04  0.774214E+05  0.774215E+05  0.103228E+06  0.103228E+06  0.000000E+00  0.774214E+05  0.774214E+05  0.774214E+05 -0.607090E+00  0.117269E+06  0.117269E+06 -0.205348E+01
  0.254647E-04  0.774512E+05  0.774513E+05  0.103268E+06  0.103268E+06  0.000000E+00  0.774512E+05  0.774512E+05  0.774512E+05 -0.607090E+00  0.117269E+06  0.117269E+06 -0.205347E+01
  0.255822E-04  0.774884E+05  0.774884E+05  0.103317E+06  0.103317E+06  0.000000E+00  0.774884E+05  0.774884E+05  0.774884E+05 -0.607090E+00  0.117269E+06  0.117269E+06 -0.205287E+01
  0.257003E-04  0.735151E+05  0.735151E+05  0.980196E+05  0.980193E+05  0.000000E+00  0.735151E+05  0.735151E+05  0.735151E+05 -0.607090E+00  0.117269E+06  0.117269E+06 -0.194518E+01
  0.258189E-04  0.736030E+05  0.736031E+05  0.981369E+05  0.981366E+05  0.000000E+00  0.736030E+05  0.736030E+05  0.736030E+05 -0.607090E+00  0.117269E+06  0.117269E+06 -0.194311E+01
  0.259381E-04  0.736990E+05  0.736991E+05  0.982648E+05  0.982646E+05  0.000000E+00  0.736990E+05  0.736990E+05  0.736990E+05 -0.607090E+00  0.117269E+06  0.117269E+06 -0.194052E+01
  0.260578E-04  0.767723E+05  0.767724E+05  0.102363E+06  0.102362E+06  0.000000E+00  0.767723E+05  0.767723E+05  0.767723E+05 -0.607090E+00  0.117269E+06  0.117269E+06 -0.195721E+01
  0.261781E-04  0.767733E+05  0.767734E+05  0.102364E+06  0.102364E+06  0.000000E+00  0.767733E+05  0.767733E+05  0.767733E+05 -0.607090E+00  0.117269E+06  0.117269E+06 -0.195705E+01
  0.262989E-04  0.767848E+05  0.767849E+05  0.102379E+06  0.102379E+06  0.000000E+00  0.767848E+05  0.767848E+05  0.767848E+05 -0.607090E+00  0.117269E+06  0.117269E+06 -0.195621E+01
  0.264203E-04  0.768066E+05  0.768067E+05  0.102408E+06  0.102408E+06  0.000000E+00  0.768066E+05  0.768066E+05  0.768066E+05 -0.607090E+00  0.117269E+06  0.117269E+06 -0.195472E+01
  0.265423E-04  0.768383E+05  0.768384E+05  0.102451E+06  0.102450E+06  0.000000E+00  0.768383E+05  0.768383E+05  0.768383E+05 -0.607090E+00  0.117269E+06  0.117269E+06 -0.195257E+01
  0.266648E-04  0.768797E+05  0.768798E+05  0.102506E+06  0.102505E+06  0.000000E+00  0.768798E+05  0.768798E+05  0.768798E+05 -0.607090E+00  0.117269E+06  0.117269E+06 -0.194978E+01
  0.267879E-04  0.769305E+05  0.769306E+05  0.102573E+06  0.102573E+06  0.000000E+00  0.769306E+05  0.769306E+05  0.769306E+05 -0.607090E+00  0.117269E+06  0.117269E+06 -0.194636E+01
  0.269115E-04  0.769904E+05  0.769904E+05  0.102653E+06  0.102653E+06  0.000000E+00  0.769904E+05  0.769904E+05  0.769904E+05 -0.607090E+00  0.117269E+06  0.117269E+06 -0.194232E+01
  0.270357E-04  0.770589E+05  0.770590E+05  0.102745E+06  0.102744E+06  0.000000E+00  0.770589E+05  0.770589E+05  0.770589E+05 -0.607090E+00  0.117269E+06  0.117269E+06 -0.193767E+01
  0.271605E-04  0.771359E+05  0.771360E+05  0.102847E+06  0.102847E+06  0.000000E+00  0.771359E+05  0.771359E+05  0.771359E+05 -0.607090E+00  0.117269E+06  0.117269E+06 -0.193243E+01
  0.272859E-04  0.772210E+05  0.772210E+05  0.102961E+06  0.102960E+06  0.000000E+00  0.772210E+05  0.772210E+05  0.772210E+05 -0.607090E+00  0.117269E+06  0.117269E+06 -0.192660E+01
  0.274118E-04  0.773138E+05  0.773138E+05  0.103084E+06  0.103084E+06  0.000000E+00  0.773138E+05  0.773138E+05  0.773138E+05 -0.607090E+00  0.117269E+06  0.117269E+06 -0.192021E+01
  0.275384E-04  0.774141E+05  0.774141E+05  0.103218E+06  0.103218E+06  0.000000E+00  0.774141E+05  0.774141E+05  0.774141E+05 -0.607090E+00  0.117269E+06  0.117269E+06 -0.191326E+01
  0.276655E-04  0.775215E+05  0.775215E+05  0.103361E+06  0.103361E+06  0.000000E+00  0.775215E+05  0.775215E+05  0.775215E+05 -0.607090E+00  0.117269E+06  0.117269E+06 -0.190577E+01
  0.277932E-04  0.776357E+05  0.776357E+05  0.103514E+06  0.103513E+06  0.000000E+00  0.776357E+05  0.776357E+05  0.776357E+05 -0.607090E+00  0.117269E+06  0.117269E+06 -0.189776E+01
  0.279215E-04  0.777564E+05  0.777565E+05  0.103675E+06  0.103674E+06  0.000000E+00  0.777564E+05  0.777564E+05  0.777564E+05 -0.607090E+00  0.117269E+06  0.117269E+06 -0.188923E+01
  0.280503E-04  0.778833E+05  0.778834E+05  0.103844E+06  0.103843E+06  0.000000E+00  0.778833E+05  0.778833E+05  0.778833E+05 -0.607090E+00  0.117269E+06  0.117269E+06 -0.188020E+01
  0.281798E-04  0.780161E+05  0.780161E+05  0.104021E+06  0.104020E+06  0.000000E+00  0.780161E+05  0.780161E+05  0.780161E+05 -0.607090E+00  0.117269E+06  0.117269E+06 -0.187068E+01
  0.283099E-04  0.781544E+05  0.781545E+05  0.104205E+06  0.104205E+06  0.000000E+00  0.781544E+05  0.781544E+05  0.781544E+05 -0.607090E+00  0.117269E+06  0.117269E+06 -0.186070E+01
  0.284406E-04  0.782980E+05  0.782981E+05  0.104397E+06  0.104396E+06  0.000000E+00  0.782980E+05  0.782980E+05  0.782980E+05 -0.607090E+00  0.117269E+06  0.117269E+06 -0.185027E+01
  0.285718E-04  0.784465E+05  0.784466E+05  0.104595E+06  0.104594E+06  0.000000E+00  0.784465E+05  0.784465E+05  0.784465E+05 -0.607090E+00  0.117269E+06  0.117269E+06 -0.183939E+01
  0.287037E-04  0.785997E+05  0.785998E+05  0.104799E+06  0.104799E+06  0.000000E+00  0.785997E+05  0.785997E+05  0.785997E+05 -0.607090E+00  0.117269E+06  0.117269E+06 -0.182808E+01
  0.288362E-04  0.787573E+05  0.787574E+05  0.105009E+06  0.105009E+06  0.000000E+00  0.787573E+05  0.787573E+05  0.787573E+05 -0.607090E+00  0.117269E+06  0.117269E+06 -0.181636E+01
  0.289693E-04  0.789189E+05  0.789190E+05  0.105224E+06  0.105224E+06  0.000000E+00  0.789190E+05  0.789190E+05  0.789190E+05 -0.607090E+00  0.117269E+06  0.117269E+06 -0.180424E+01
  0.291030E-04  0.790844E+05  0.790845E+05  0.105445E+06  0.105445E+06  0.000000E+00  0.790845E+05  0.790845E+05  0.790845E+05 -0.607090E+00  0.117269E+06  0.117269E+06 -0.179173E+01
  0.292374E-04  0.792536E+05  0.792537E+05  0.105671E+06  0.105670E+06  0.000000E+00  0.792536E+05  0.792536E+05  0.792536E+05 -0.607090E+00  0.117269E+06  0.117269E+06 -0.177883E+01
  0.293723E-04  0.794261E+05  0.794262E+05  0.105901E+06  0.105900E+06  0.000000E+00  0.794261E+05  0.794261E+05  0.794261E+05 -0.607090E+00  0.117269E+06  0.117269E+06 -0.176556E+01
  0.295079E-04  0.796016E+05  0.796016E+05  0.106135E+06  0.106134E+06  0.000000E+00  0.796016E+05  0.796016E+05  0.796016E+05 -0.607090E+00  0.117269E+06  0.117269E+06 -0.175194E+01
  0.296441E-04  0.797797E+05  0.797798E+05  0.106372E+06  0.106372E+06  0.000000E+00  0.797797E+05  0.797797E+05  0.797797E+05 -0.607090E+00  0.117269E+06  0.117269E+06 -0.173800E+01
  0.297809E-04  0.799602E+05  0.799603E+05  0.106613E+06  0.106612E+06  0.000000E+00  0.799602E+05  0.799602E+05  0.799602E+05 -0.607090E+00  0.117269E+06  0.117269E+06 -0.172374E+01
  0.299184E-04  0.802187E+05  0.802187E+05  0.106957E+06  0.106957E+06  0.000000E+00  0.802187E+05  0.802187E+05  0.802187E+05 -0.607090E+00  0.117269E+06  0.117269E+06 -0.170399E+01
  0.300565E-04  0.804912E+05  0.804913E+05  0.107321E+06  0.107320E+06  0.000000E+00  0.804913E+05  0.804913E+05  0.804913E+05 -0.607090E+00  0.117269E+06  0.117269E+06 -0.168304E+01
  0.301952E-04  0.807631E+05  0.807631E+05  0.107683E+06  0.107683E+06  0.000000E+00  0.807631E+05  0.807631E+05  0.807631E+05 -0.607090E+00  0.117269E+06  0.117269E+06 -0.166191E+01
  0.303346E-04  0.810335E+05  0.810335E+05  0.108044E+06  0.108043E+06  0.000000E+00  0.810335E+05  0.810335E+05  0.810335E+05 -0.607090E+00  0.117269E+06  0.117269E+06 -0.164063E+01
  0.304746E-04  0.813017E+05  0.813017E+05  0.108401E+06  0.108401E+06  0.000000E+00  0.813017E+05  0.813017E+05  0.813017E+05 -0.607090E+00  0.117269E+06  0.117269E+06 -0.161925E+01
  0.306153E-04  0.815669E+05  0.815670E+05  0.108755E+06  0.108754E+06  0.000000E+00  0.815669E+05  0.815669E+05  0.815669E+05 -0.607090E+00  0.117269E+06  0.117269E+06 -0.159782E+01
  0.307566E-04  0.818285E+05  0.818285E+05  0.109104E+06  0.109103E+06  0.000000E+00  0.818285E+05  0.818285E+05  0.818285E+05 -0.607090E+00  0.117269E+06  0.117269E+06 -0.157640E+01
  0.308985E-04  0.820856E+05  0.820856E+05  0.109446E+06  0.109446E+06  0.000000E+00  0.820856E+05  0.820856E+05  0.820856E+05 -0.607090E+00  0.117269E+06  0.117269E+06 -0.155504E+01
  0.310412E-04  0.823373E+05  0.823374E+05  0.109782E+06  0.109782E+06  0.000000E+00  0.823373E+05  0.823373E+05  0.823373E+05 -0.607090E+00  0.117269E+06  0.117269E+06 -0.153380E+01
  0.311844E-04  0.825827E+05  0.825828E+05  0.110109E+06  0.110109E+06  0.000000E+00  0.825827E+05  0.825827E+05  0.825827E+05 -0.607090E+00  0.117269E+06  0.117269E+06 -0.151275E+01
  0.313284E-04  0.828047E+05  0.828047E+05  0.110405E+06  0.110405E+06  0.000000E+00  0.828047E+05  0.828047E+05  0.828047E+05 -0.607090E+00  0.117269E+06  0.117269E+06 -0.149168E+01
  0.314730E-04  0.830124E+05  0.830124E+05  0.110682E+06  0.110682E+06  0.000000E+00  0.830124E+05  0.830124E+05  0.830124E+05 -0.607090E+00  0.117269E+06  0.117269E+06 -0.147081E+01
  0.316183E-04  0.832120E+05  0.832120E+05  0.110948E+06  0.110948E+06  0.000000E+00  0.832120E+05  0.832120E+05  0.832120E+05 -0.607090E+00  0.117269E+06  0.117269E+06 -0.145031E+01
  0.317642E-04  0.834027E+05  0.834027E+05  0.111202E+06  0.111202E+06  0.000000E+00  0.834027E+05  0.834027E+05  0.834027E+05 -0.607090E+00  0.117269E+06  0.117269E+06 -0.143027E+01
  0.319108E-04  0.837114E+05  0.837114E+05  0.111614E+06  0.111614E+06  0.000000E+00  0.837114E+05  0.837114E+05  0.837114E+05 -0.607090E+00  0.117269E+06  0.117269E+06 -0.139937E+01
  0.320581E-04  0.839539E+05  0.839539E+05  0.111937E+06  0.111937E+06  0.000000E+00  0.839539E+05  0.839539E+05  0.839539E+05 -0.607090E+00  0.117269E+06  0.117269E+06 -0.137490E+01
  0.322061E-04  0.842019E+05  0.842019E+05  0.112268E+06  0.112267E+06  0.000000E+00  0.842019E+05  0.842019E+05  0.842019E+05 -0.607090E+00  0.117269E+06  0.117269E+06 -0.135000E+01
  0.323547E-04  0.844551E+05  0.844552E+05  0.112606E+06  0.112605E+06  0.000000E+00  0.844551E+05  0.844551E+05  0.844551E+05 -0.607090E+00  0.117269E+06  0.117269E+06 -0.132465E+01
  0.325041E-04  0.847135E+05  0.847136E+05  0.112950E+06  0.112950E+06  0.000000E+00  0.847135E+05  0.847135E+05  0.847135E+05 -0.607090E+00  0.117269E+06  0.117269E+06 -0.129888E+01
  0.326541E-04  0.849768E+05  0.849769E+05  0.113301E+06  0.113301E+06  0.000000E+00  0.849768E+05  0.849768E+05  0.849768E+05 -0.607090E+00  0.117269E+06  0.117269E+06 -0.127269E+01
  0.328048E-04  0.852448E+05  0.852449E+05  0.113658E+06  0.113658E+06  0.000000E+00  0.852448E+05  0.852448E+05  0.852448E+05 -0.607090E+00  0.117269E+06  0.117269E+06 -0.124610E+01
  0.329563E-04  0.855173E+05  0.855174E+05  0.114022E+06  0.114021E+06  0.000000E+00  0.855173E+05  0.855173E+05  0.855173E+05 -0.607090E+00  0.117269E+06  0.117269E+06 -0.121910E+01
  0.331084E-04  0.857941E+05  0.857942E+05  0.114391E+06  0.114390E+06  0.000000E+00  0.857941E+05  0.857941E+05  0.857941E+05 -0.607090E+00  0.117269E+06  0.117269E+06 -0.119172E+01
  0.332612E-04  0.860749E+05  0.860749E+05  0.114765E+06  0.114765E+06  0.000000E+00  0.860749E+05  0.860749E+05  0.860749E+05 -0.607090E+00  0.117269E+06  0.117269E+06 -0.116396E+01
  0.334147E-04  0.863594E+05  0.863595E+05  0.115145E+06  0.115144E+06  0.000000E+00  0.863594E+05  0.863594E+05  0.863594E+05 -0.607090E+00  0.117269E+06  0.117269E+06 -0.113584E+01
  0.335690E-04  0.866475E+05  0.866476E+05  0.115529E+06  0.115528E+06  0.000000E+00  0.866476E+05  0.866476E+05  0.866476E+05 -0.607090E+00  0.117269E+06  0.117269E+06 -0.110737E+01
  0.337239E-04  0.869389E+05  0.869390E+05  0.115917E+06  0.115917E+06  0.000000E+00  0.869389E+05  0.869389E+05  0.869389E+05 -0.607090E+00  0.117269E+06  0.117269E+06 -0.107857E+01
  0.338796E-04  0.872333E+05  0.872333E+05  0.116310E+06  0.116309E+06  0.000000E+00  0.872333E+05  0.872333E+05  0.872333E+05 -0.607090E+00  0.117269E+06  0.117269E+06 -0.104944E+01
  0.340360E-04  0.875304E+05  0.875304E+05  0.116706E+06  0.116705E+06  0.000000E+00  0.875304E+05  0.875304E+05  0.875304E+05 -0.607090E+00  0.117269E+06  0.117269E+06 -0.102002E+01
  0.341931E-04  0.878298E+05  0.878299E+05  0.117105E+06  0.117104E+06  0.000000E+00  0.878298E+05  0.878298E+05  0.878298E+05 -0.607090E+00  0.117269E+06  0.117269E+06 -0.990320E+00
  0.343509E-04  0.881314E+05  0.881314E+05  0.117507E+06  0.117506E+06  0.000000E+00  0.881314E+05  0.881314E+05  0.881314E+05 -0.607090E+00  0.117269E+06  0.117269E+06 -0.960358E+00
  0.345095E-04  0.884347E+05  0.884347E+05  0.117911E+06  0.117911E+06  0.000000E+00  0.884347E+05  0.884347E+05  0.884347E+05 -0.607090E+00  0.117269E+06  0.117269E+06 -0.930155E+00
  0.346687E-04  0.887394E+05  0.887395E+05  0.118318E+06  0.118317E+06  0.000000E+00  0.887394E+05  0.887394E+05  0.887394E+05 -0.607090E+00  0.117269E+06  0.117269E+06 -0.899741E+00
  0.348288E-04  0.890452E+05  0.890453E+05  0.118725E+06  0.118725E+06  0.000000E+00  0.890453E+05  0.890453E+05  0.890453E+05 -0.607090E+00  0.117269E+06  0.117269E+06 -0.869129E+00
  0.349895E-04  0.893518E+05  0.893518E+05  0.119134E+06  0.119133E+06  0.000000E+00  0.893518E+05  0.893518E+05  0.893518E+05 -0.607090E+00  0.117269E+06  0.117269E+06 -0.838358E+00
  0.351510E-04  0.896587E+05  0.896587E+05  0.119543E+06  0.119543E+06  0.000000E+00  0.896587E+05  0.896587E+05  0.896587E+05 -0.607090E+00  0.117269E+06  0.117269E+06 -0.807440E+00
  0.353133E-04  0.899656E+05  0.899656E+05  0.119952E+06  0.119952E+06  0.000000E+00  0.899656E+05  0.899656E+05  0.899656E+05 -0.607090E+00  0.117269E+06  0.117269E+06 -0.776423E+00
  0.354763E-04  0.902721E+05  0.902721E+05  0.120361E+06  0.120360E+06  0.000000E+00  0.902721E+05  0.902721E+05  0.902721E+05 -0.607090E+00  0.117269E+06  0.117269E+06 -0.745321E+00
  0.356400E-04  0.905777E+05  0.905777E+05  0.120768E+06  0.120768E+06  0.000000E+00  0.905777E+05  0.905777E+05  0.905777E+05 -0.607090E+00  0.117269E+06  0.117269E+06 -0.714174E+00
  0.358045E-04  0.908822E+05  0.908822E+05  0.121174E+06  0.121174E+06  0.000000E+00  0.908822E+05  0.908822E+05  0.908822E+05 -0.607090E+00  0.117269E+06  0.117269E+06 -0.683006E+00
  0.359698E-04  0.911849E+05  0.911850E+05  0.121578E+06  0.121577E+06  0.000000E+00  0.911849E+05  0.911849E+05  0.911849E+05 -0.607090E+00  0.117269E+06  0.117269E+06 -0.651856E+00
  0.361358E-04  0.914855E+05  0.914855E+05  0.121979E+06  0.121978E+06  0.000000E+00  0.914855E+05  0.914855E+05  0.914855E+05 -0.607090E+00  0.117269E+06  0.117269E+06 -0.620762E+00
  0.363026E-04  0.915051E+05  0.915051E+05  0.122005E+06  0.122004E+06  0.000000E+00  0.915051E+05  0.915051E+05  0.915051E+05 -0.607090E+00  0.117269E+06  0.117269E+06 -0.602972E+00
  0.364702E-04  0.917235E+05  0.917236E+05  0.122296E+06  0.122295E+06  0.000000E+00  0.917235E+05  0.917235E+05  0.917235E+05 -0.607090E+00  0.117269E+06  0.117269E+06 -0.575471E+00
  0.366385E-04  0.919516E+05  0.919516E+05  0.122600E+06  0.122599E+06  0.000000E+00  0.919516E+05  0.919516E+05  0.919516E+05 -0.607090E+00  0.117269E+06  0.117269E+06 -0.548030E+00
  0.368076E-04  0.921820E+05  0.921821E+05  0.122907E+06  0.122907E+06  0.000000E+00  0.921821E+05  0.921821E+05  0.921821E+05 -0.607089E+00  0.117269E+06  0.117269E+06 -0.520485E+00
  0.369775E-04  0.924134E+05  0.924134E+05  0.123216E+06  0.123215E+06  0.000000E+00  0.924134E+05  0.924134E+05  0.924134E+05 -0.607089E+00  0.117269E+06  0.117269E+06 -0.492809E+00
  0.371482E-04  0.926499E+05  0.926499E+05  0.123531E+06  0.123530E+06  0.000000E+00  0.926499E+05  0.926499E+05  0.926499E+05 -0.607089E+00  0.117269E+06  0.117269E+06 -0.465280E+00
  0.373197E-04  0.928894E+05  0.928894E+05  0.123850E+06  0.123850E+06  0.000000E+00  0.928894E+05  0.928894E+05  0.928894E+05 -0.607089E+00  0.117269E+06  0.117269E+06 -0.437739E+00
  0.374920E-04  0.931297E+05  0.931298E+05  0.124171E+06  0.124170E+06  0.000000E+00  0.931297E+05  0.931297E+05  0.931297E+05 -0.607089E+00  0.117269E+06  0.117269E+06 -0.410052E+00
  0.376650E-04  0.927879E+05  0.927879E+05  0.123715E+06  0.123714E+06  0.000000E+00  0.927879E+05  0.927879E+05  0.927879E+05 -0.607089E+00  0.117269E+06  0.117269E+06 -0.417083E+00
  0.378389E-04  0.930370E+05  0.930371E+05  0.124047E+06  0.124046E+06  0.000000E+00  0.930370E+05  0.930370E+05  0.930370E+05 -0.607089E+00  0.117269E+06  0.117269E+06 -0.391936E+00
  0.380135E-04  0.932875E+05  0.932876E+05  0.124381E+06  0.124380E+06  0.000000E+00  0.932876E+05  0.932876E+05  0.932876E+05 -0.607089E+00  0.117269E+06  0.117269E+06 -0.366407E+00
  0.381890E-04  0.963164E+05  0.963162E+05  0.128420E+06  0.128419E+06  0.000000E+00  0.963163E+05  0.963163E+05  0.963163E+05 -0.607089E+00  0.117269E+06  0.117269E+06  0.879355E+01
  0.383653E-04  0.965367E+05  0.965365E+05  0.128713E+06  0.128712E+06  0.000000E+00  0.965367E+05  0.965367E+05  0.965367E+05 -0.607089E+00  0.117269E+06  0.117269E+06  0.872679E+01
  0.385423E-04  0.967580E+05  0.967579E+05  0.129009E+06  0.129008E+06  0.000000E+00  0.967580E+05  0.967580E+05  0.967580E+05 -0.607089E+00  0.117269E+06  0.117269E+06  0.864921E+01
  0.387202E-04  0.927652E+05  0.927657E+05  0.123684E+06  0.123684E+06  0.000000E+00  0.927653E+05  0.927653E+05  0.927653E+05 -0.607090E+00  0.117269E+06  0.117269E+06 -0.251927E+02
  0.388990E-04  0.930468E+05  0.930473E+05  0.124059E+06  0.124059E+06  0.000000E+00  0.930469E+05  0.930469E+05  0.930469E+05 -0.607089E+00  0.117269E+06  0.117269E+06 -0.248590E+02
  0.390785E-04  0.933327E+05  0.933332E+05  0.124440E+06  0.124440E+06  0.000000E+00  0.933328E+05  0.933328E+05  0.933328E+05 -0.607089E+00  0.117269E+06  0.117269E+06 -0.245534E+02
  0.392589E-04  0.970120E+05  0.970121E+05  0.129347E+06  0.129346E+06  0.000000E+00  0.970120E+05  0.970120E+05  0.970120E+05 -0.607089E+00  0.117269E+06  0.117269E+06  0.146235E+00
  0.394401E-04  0.937156E+05  0.937156E+05  0.124952E+06  0.124951E+06  0.000000E+00  0.937156E+05  0.937156E+05  0.937156E+05 -0.607089E+00  0.117269E+06  0.117269E+06 -0.353084E+00
  0.396222E-04  0.939970E+05  0.939970E+05  0.125327E+06  0.125326E+06  0.000000E+00  0.939970E+05  0.939970E+05  0.939970E+05 -0.607089E+00  0.117269E+06  0.117269E+06 -0.321885E+00
  0.398050E-04  0.942783E+05  0.942784E+05  0.125702E+06  0.125701E+06  0.000000E+00  0.942783E+05  0.942783E+05  0.942783E+05 -0.607089E+00  0.117269E+06  0.117269E+06 -0.290510E+00
  0.399888E-04  0.945596E+05  0.945596E+05  0.126077E+06  0.126076E+06  0.000000E+00  0.945596E+05  0.945596E+05  0.945596E+05 -0.607089E+00  0.117269E+06  0.117269E+06 -0.258789E+00
  0.401733E-04  0.949220E+05  0.949221E+05  0.126560E+06  0.126559E+06  0.000000E+00  0.949220E+05  0.949220E+05  0.949220E+05 -0.607089E+00  0.117269E+06  0.117269E+06 -0.231649E+00
  0.403588E-04  0.993503E+05  0.993503E+05  0.132464E+06  0.132463E+06  0.000000E+00  0.993503E+05  0.993503E+05  0.993503E+05 -0.607088E+00  0.117269E+06  0.117269E+06  0.258207E+00
  0.405451E-04  0.992677E+05  0.992677E+05  0.132354E+06  0.132353E+06  0.000000E+00  0.992677E+05  0.992677E+05  0.992677E+05 -0.607088E+00  0.117269E+06  0.117269E+06  0.260747E+00
  0.407322E-04  0.115400E+06  0.115400E+06  0.153863E+06  0.153862E+06  0.000000E+00  0.115400E+06  0.115400E+06  0.115400E+06 -0.607086E+00  0.117268E+06  0.117268E+06  0.191446E+01
  0.409202E-04  0.115057E+06  0.115057E+06  0.153405E+06  0.153404E+06  0.000000E+00  0.115057E+06  0.115057E+06  0.115057E+06 -0.607086E+00  0.117268E+06  0.117268E+06  0.186711E+01
  0.411091E-04  0.114667E+06  0.114667E+06  0.152886E+06  0.152885E+06  0.000000E+00  0.114667E+06  0.114667E+06  0.114667E+06 -0.607086E+00  0.117268E+06  0.117268E+06  0.184334E+01
  0.412989E-04  0.113704E+06  0.113704E+06  0.151602E+06  0.151601E+06  0.000000E+00  0.113704E+06  0.113704E+06  0.113704E+06 -0.607086E+00  0.117268E+06  0.117268E+06  0.175060E+01
  0.414895E-04  0.113352E+06  0.113352E+06  0.151132E+06  0.151131E+06  0.000000E+00  0.113352E+06  0.113352E+06  0.113352E+06 -0.607086E+00  0.117268E+06  0.117268E+06  0.172980E+01
  0.416810E-04  0.113020E+06  0.113020E+06  0.150689E+06  0.150688E+06  0.000000E+00  0.113020E+06  0.113020E+06  0.113020E+06 -0.607086E+00  0.117268E+06  0.117268E+06  0.171056E+01
  0.418734E-04  0.112714E+06  0.112714E+06  0.150281E+06  0.150280E+06  0.000000E+00  0.112714E+06  0.112714E+06  0.112714E+06 -0.607086E+00  0.117268E+06  0.117268E+06  0.169313E+01
  0.420667E-04  0.112426E+06  0.112426E+06  0.149897E+06  0.149896E+06  0.000000E+00  0.112426E+06  0.112426E+06  0.112426E+06 -0.607086E+00  0.117268E+06  0.117268E+06  0.167727E+01
  0.422608E-04  0.112156E+06  0.112156E+06  0.149537E+06  0.149536E+06  0.000000E+00  0.112156E+06  0.112156E+06  0.112156E+06 -0.607086E+00  0.117268E+06  0.117268E+06  0.166317E+01
  0.424559E-04  0.111904E+06  0.111904E+06  0.149201E+06  0.149200E+06  0.000000E+00  0.111904E+06  0.111904E+06  0.111904E+06 -0.607086E+00  0.117268E+06  0.117268E+06  0.165069E+01
  0.426519E-04  0.111681E+06  0.111681E+06  0.148904E+06  0.148903E+06  0.000000E+00  0.111681E+06  0.111681E+06  0.111681E+06 -0.607086E+00  0.117268E+06  0.117268E+06  0.163972E+01
  0.428487E-04  0.111542E+06  0.111542E+06  0.148719E+06  0.148717E+06  0.000000E+00  0.111542E+06  0.111542E+06  0.111542E+06 -0.607086E+00  0.117268E+06  0.117268E+06  0.163041E+01
  0.430465E-04  0.111403E+06  0.111403E+06  0.148533E+06  0.148532E+06  0.000000E+00  0.111403E+06  0.111403E+06  0.111403E+06 -0.607086E+00  0.117268E+06  0.117268E+06  0.162278E+01
  0.432452E-04  0.111244E+06  0.111244E+06  0.148321E+06  0.148320E+06  0.000000E+00  0.111244E+06  0.111244E+06  0.111244E+06 -0.607086E+00  0.117268E+06  0.117268E+06  0.161659E+01
  0.434448E-04  0.109770E+06  0.109770E+06  0.146355E+06  0.146354E+06  0.000000E+00  0.109770E+06  0.109770E+06  0.109770E+06 -0.607086E+00  0.117268E+06  0.117268E+06  0.160997E+01
  0.436454E-04  0.109635E+06  0.109635E+06  0.146176E+06  0.146175E+06  0.000000E+00  0.109635E+06  0.109635E+06  0.109635E+06 -0.607086E+00  0.117268E+06  0.117268E+06  0.160776E+01
  0.438468E-04  0.109513E+06  0.109513E+06  0.146013E+06  0.146012E+06  0.000000E+00  0.109513E+06  0.109513E+06  0.109513E+06 -0.607086E+00  0.117268E+06  0.117268E+06  0.160676E+01
  0.440492E-04  0.109403E+06  0.109403E+06  0.145867E+06  0.145865E+06  0.000000E+00  0.109403E+06  0.109403E+06  0.109403E+06 -0.607086E+00  0.117268E+06  0.117268E+06  0.160700E+01
  0.442525E-04  0.109305E+06  0.109305E+06  0.145736E+06  0.145735E+06  0.000000E+00  0.109305E+06  0.109305E+06  0.109305E+06 -0.607086E+00  0.117268E+06  0.117268E+06  0.160829E+01
  0.444568E-04  0.109219E+06  0.109219E+06  0.145621E+06  0.145620E+06  0.000000E+00  0.109219E+06  0.109219E+06  0.109219E+06 -0.607086E+00  0.117268E+06  0.117268E+06  0.161064E+01
  0.446620E-04  0.103202E+06  0.103202E+06  0.137599E+06  0.137598E+06  0.000000E+00  0.103202E+06  0.103202E+06  0.103202E+06 -0.607088E+00  0.117269E+06  0.117269E+06  0.861889E+00
  0.448681E-04  0.103360E+06  0.103360E+06  0.137809E+06  0.137808E+06  0.000000E+00  0.103360E+06  0.103360E+06  0.103360E+06 -0.607088E+00  0.117269E+06  0.117269E+06  0.891117E+00
  0.450752E-04  0.103521E+06  0.103521E+06  0.138024E+06  0.138023E+06  0.000000E+00  0.103521E+06  0.103521E+06  0.103521E+06 -0.607088E+00  0.117269E+06  0.117269E+06  0.920383E+00
  0.452833E-04  0.103681E+06  0.103681E+06  0.138238E+06  0.138237E+06  0.000000E+00  0.103681E+06  0.103681E+06  0.103681E+06 -0.607087E+00  0.117269E+06  0.117269E+06  0.949831E+00
  0.454923E-04  0.103841E+06  0.103841E+06  0.138451E+06  0.138450E+06  0.000000E+00  0.103841E+06  0.103841E+06  0.103841E+06 -0.607087E+00  0.117269E+06  0.117269E+06  0.979307E+00
  0.457023E-04  0.104001E+06  0.104001E+06  0.138663E+06  0.138662E+06  0.000000E+00  0.104001E+06  0.104001E+06  0.104001E+06 -0.607087E+00  0.117269E+06  0.117269E+06  0.100893E+01
  0.459133E-04  0.103758E+06  0.103758E+06  0.138340E+06  0.138338E+06  0.000000E+00  0.103758E+06  0.103758E+06  0.103758E+06 -0.607087E+00  0.117269E+06  0.117269E+06  0.103152E+01
  0.461252E-04  0.103897E+06  0.103897E+06  0.138525E+06  0.138524E+06  0.000000E+00  0.103897E+06  0.103897E+06  0.103897E+06 -0.607087E+00  0.117269E+06  0.117269E+06  0.105836E+01
  0.463381E-04  0.104034E+06  0.104034E+06  0.138707E+06  0.138706E+06  0.000000E+00  0.104034E+06  0.104034E+06  0.104034E+06 -0.607087E+00  0.117269E+06  0.117269E+06  0.110371E+01
  0.465520E-04  0.104168E+06  0.104168E+06  0.138886E+06  0.138885E+06  0.000000E+00  0.104168E+06  0.104168E+06  0.104168E+06 -0.607087E+00  0.117269E+06  0.117269E+06  0.112996E+01
  0.467668E-04  0.104299E+06  0.104299E+06  0.139061E+06  0.139060E+06  0.000000E+00  0.104299E+06  0.104299E+06  0.104299E+06 -0.607087E+00  0.117269E+06  0.117269E+06  0.115619E+01
  0.469827E-04  0.104429E+06  0.104429E+06  0.139234E+06  0.139232E+06  0.000000E+00  0.104429E+06  0.104429E+06  0.104429E+06 -0.607087E+00  0.117269E+06  0.117269E+06  0.118325E+01
  0.471996E-04  0.104556E+06  0.104556E+06  0.139403E+06  0.139402E+06  0.000000E+00  0.104556E+06  0.104556E+06  0.104556E+06 -0.607087E+00  0.117269E+06  0.117269E+06  0.120981E+01
  0.474174E-04  0.104588E+06  0.104588E+06  0.139445E+06  0.139444E+06  0.000000E+00  0.104588E+06  0.104588E+06  0.104588E+06 -0.607087E+00  0.117269E+06  0.117269E+06  0.124819E+01
  0.476363E-04  0.104939E+06  0.104939E+06  0.139914E+06  0.139913E+06  0.000000E+00  0.104939E+06  0.104939E+06  0.104939E+06 -0.607087E+00  0.117269E+06  0.117269E+06  0.128049E+01
  0.478562E-04  0.105058E+06  0.105058E+06  0.140072E+06  0.140071E+06  0.000000E+00  0.105058E+06  0.105058E+06  0.105058E+06 -0.607087E+00  0.117269E+06  0.117269E+06  0.130490E+01
  0.480771E-04  0.105174E+06  0.105174E+06  0.140228E+06  0.140226E+06  0.000000E+00  0.105174E+06  0.105174E+06  0.105174E+06 -0.607087E+00  0.117269E+06  0.117269E+06  0.132919E+01
  0.482990E-04  0.105291E+06  0.105291E+06  0.140383E+06  0.140382E+06  0.000000E+00  0.105291E+06  0.105291E+06  0.105291E+06 -0.607087E+00  0.117269E+06  0.117269E+06  0.135330E+01
  0.485219E-04  0.105406E+06  0.105406E+06  0.140537E+06  0.140536E+06  0.000000E+00  0.105406E+06  0.105406E+06  0.105406E+06 -0.607087E+00  0.117269E+06  0.117269E+06  0.137731E+01
  0.487459E-04  0.105519E+06  0.105519E+06  0.140687E+06  0.140686E+06  0.000000E+00  0.105519E+06  0.105519E+06  0.105519E+06 -0.607087E+00  0.117269E+06  0.117269E+06  0.140124E+01
  0.489709E-04  0.105629E+06  0.105629E+06  0.140833E+06  0.140832E+06  0.000000E+00  0.105629E+06  0.105629E+06  0.105629E+06 -0.607087E+00  0.117269E+06  0.117269E+06  0.142505E+01
  0.491969E-04  0.105719E+06  0.105719E+06  0.140954E+06  0.140953E+06  0.000000E+00  0.105719E+06  0.105719E+06  0.105719E+06 -0.607087E+00  0.117269E+06  0.117269E+06  0.144855E+01
  0.494240E-04  0.105823E+06  0.105823E+06  0.141092E+06  0.141091E+06  0.000000E+00  0.105823E+06  0.105823E+06  0.105823E+06 -0.607087E+00  0.117269E+06  0.117269E+06  0.147225E+01
  0.496521E-04  0.105928E+06  0.105928E+06  0.141232E+06  0.141230E+06  0.000000E+00  0.105928E+06  0.105928E+06  0.105928E+06 -0.607087E+00  0.117269E+06  0.117269E+06  0.149595E+01
  0.498813E-04  0.106036E+06  0.106036E+06  0.141376E+06  0.141375E+06  0.000000E+00  0.106036E+06  0.106036E+06  0.106036E+06 -0.607087E+00  0.117269E+06  0.117269E+06  0.151948E+01
  0.501116E-04  0.106132E+06  0.106132E+06  0.141504E+06  0.141503E+06  0.000000E+00  0.106132E+06  0.106132E+06  0.106132E+06 -0.607087E+00  0.117269E+06  0.117269E+06  0.154313E+01
  0.503429E-04  0.106230E+06  0.106230E+06  0.141635E+06  0.141634E+06  0.000000E+00  0.106230E+06  0.106230E+06  0.106230E+06 -0.607087E+00  0.117269E+06  0.117269E+06  0.156680E+01
  0.505753E-04  0.106327E+06  0.106327E+06  0.141764E+06  0.141763E+06  0.000000E+00  0.106327E+06  0.106327E+06  0.106327E+06 -0.607087E+00  0.117269E+06  0.117269E+06  0.159050E+01
  0.508087E-04  0.106423E+06  0.106423E+06  0.141891E+06  0.141890E+06  0.000000E+00  0.106423E+06  0.106423E+06  0.106423E+06 -0.607086E+00  0.117269E+06  0.117269E+06  0.161422E+01
  0.510432E-04  0.106518E+06  0.106518E+06  0.142018E+06  0.142016E+06  0.000000E+00  0.106518E+06  0.106518E+06  0.106518E+06 -0.607086E+00  0.117269E+06  0.117269E+06  0.163797E+01
  0.512788E-04  0.105430E+06  0.105430E+06  0.140568E+06  0.140567E+06  0.000000E+00  0.105430E+06  0.105430E+06  0.105430E+06 -0.607087E+00  0.117269E+06  0.117269E+06  0.151597E+01
  0.515155E-04  0.105536E+06  0.105536E+06  0.140709E+06  0.140708E+06  0.000000E+00  0.105536E+06  0.105536E+06  0.105536E+06 -0.607087E+00  0.117269E+06  0.117269E+06  0.154093E+01
  0.517533E-04  0.105641E+06  0.105641E+06  0.140849E+06  0.140848E+06  0.000000E+00  0.105641E+06  0.105641E+06  0.105641E+06 -0.607087E+00  0.117269E+06  0.117269E+06  0.156609E+01
  0.519922E-04  0.105751E+06  0.105751E+06  0.140996E+06  0.140994E+06  0.000000E+00  0.105751E+06  0.105751E+06  0.105751E+06 -0.607087E+00  0.117269E+06  0.117269E+06  0.159164E+01
  0.522322E-04  0.105855E+06  0.105855E+06  0.141134E+06  0.141132E+06  0.000000E+00  0.105855E+06  0.105855E+06  0.105855E+06 -0.607087E+00  0.117269E+06  0.117269E+06  0.161726E+01
  0.524733E-04  0.105868E+06  0.105868E+06  0.141151E+06  0.141150E+06  0.000000E+00  0.105868E+06  0.105868E+06  0.105868E+06 -0.607087E+00  0.117269E+06  0.117269E+06  0.147111E+01
  0.527155E-04  0.105955E+06  0.105955E+06  0.141268E+06  0.141266E+06  0.000000E+00  0.105955E+06  0.105955E+06  0.105955E+06 -0.607086E+00  0.117269E+06  0.117269E+06  0.163782E+01
  0.529588E-04  0.106114E+06  0.106114E+06  0.141479E+06  0.141477E+06  0.000000E+00  0.106114E+06  0.106114E+06  0.106114E+06 -0.607086E+00  0.117269E+06  0.117269E+06  0.170614E+01
  0.532032E-04  0.107607E+06  0.107607E+06  0.143470E+06  0.143468E+06  0.000000E+00  0.107607E+06  0.107607E+06  0.107607E+06 -0.607086E+00  0.117268E+06  0.117268E+06  0.191843E+01
  0.534488E-04  0.107699E+06  0.107698E+06  0.143592E+06  0.143590E+06  0.000000E+00  0.107699E+06  0.107699E+06  0.107699E+06 -0.607086E+00  0.117268E+06  0.117268E+06  0.194182E+01
  0.536955E-04  0.106683E+06  0.106683E+06  0.142238E+06  0.142236E+06  0.000000E+00  0.106683E+06  0.106683E+06  0.106683E+06 -0.607086E+00  0.117269E+06  0.117269E+06  0.171429E+01
  0.539434E-04  0.106790E+06  0.106790E+06  0.142381E+06  0.142379E+06  0.000000E+00  0.106790E+06  0.106790E+06  0.106790E+06 -0.607086E+00  0.117269E+06  0.117268E+06  0.175980E+01
  0.541924E-04  0.107013E+06  0.107013E+06  0.142677E+06  0.142675E+06  0.000000E+00  0.107013E+06  0.107013E+06  0.107013E+06 -0.607086E+00  0.117269E+06  0.117268E+06  0.189505E+01
  0.544425E-04  0.107120E+06  0.107120E+06  0.142821E+06  0.142819E+06  0.000000E+00  0.107120E+06  0.107120E+06  0.107120E+06 -0.607086E+00  0.117269E+06  0.117268E+06  0.192078E+01
  0.546938E-04  0.107252E+06  0.107252E+06  0.142996E+06  0.142995E+06  0.000000E+00  0.107252E+06  0.107252E+06  0.107252E+06 -0.607086E+00  0.117269E+06  0.117268E+06  0.140062E+01
  0.549462E-04  0.107316E+06  0.107316E+06  0.143082E+06  0.143080E+06  0.000000E+00  0.107316E+06  0.107316E+06  0.107316E+06 -0.607086E+00  0.117269E+06  0.117268E+06  0.612087E+00
  0.551999E-04  0.107464E+06  0.107464E+06  0.143279E+06  0.143277E+06  0.000000E+00  0.107464E+06  0.107464E+06  0.107464E+06 -0.607086E+00  0.117268E+06  0.117268E+06  0.178255E+01
  0.554547E-04  0.107568E+06  0.107568E+06  0.143417E+06  0.143415E+06  0.000000E+00  0.107568E+06  0.107568E+06  0.107568E+06 -0.607086E+00  0.117268E+06  0.117268E+06  0.182788E+01
  0.557106E-04  0.107671E+06  0.107671E+06  0.143554E+06  0.143552E+06  0.000000E+00  0.107671E+06  0.107671E+06  0.107671E+06 -0.607086E+00  0.117268E+06  0.117268E+06  0.187191E+01
  0.559678E-04  0.107574E+06  0.107574E+06  0.143425E+06  0.143423E+06  0.000000E+00  0.107574E+06  0.107574E+06  0.107574E+06 -0.607086E+00  0.117268E+06  0.117268E+06  0.205307E+01
  0.562261E-04  0.107779E+06  0.107779E+06  0.143698E+06  0.143696E+06  0.000000E+00  0.107779E+06  0.107779E+06  0.107779E+06 -0.607086E+00  0.117268E+06  0.117268E+06  0.211021E+01
  0.564856E-04  0.107878E+06  0.107878E+06  0.143830E+06  0.143828E+06  0.000000E+00  0.107878E+06  0.107878E+06  0.107878E+06 -0.607086E+00  0.117268E+06  0.117268E+06  0.213932E+01
  0.567464E-04  0.107985E+06  0.107985E+06  0.143973E+06  0.143971E+06  0.000000E+00  0.107985E+06  0.107985E+06  0.107985E+06 -0.607086E+00  0.117268E+06  0.117268E+06  0.209940E+01
  0.570083E-04  0.108296E+06  0.108296E+06  0.144387E+06  0.144385E+06  0.000000E+00  0.108296E+06  0.108296E+06  0.108296E+06 -0.607085E+00  0.117268E+06  0.117268E+06  0.221409E+01
  0.572714E-04  0.109631E+06  0.109631E+06  0.146168E+06  0.146166E+06  0.000000E+00  0.109631E+06  0.109631E+06  0.109631E+06 -0.607085E+00  0.117268E+06  0.117268E+06  0.245900E+01
  0.575358E-04  0.109723E+06  0.109723E+06  0.146290E+06  0.146288E+06  0.000000E+00  0.109723E+06  0.109723E+06  0.109723E+06 -0.607085E+00  0.117268E+06  0.117268E+06  0.249889E+01
  0.578014E-04  0.109870E+06  0.109870E+06  0.146486E+06  0.146484E+06  0.000000E+00  0.109870E+06  0.109870E+06  0.109870E+06 -0.607085E+00  0.117268E+06  0.117268E+06  0.254060E+01
  0.580682E-04  0.108795E+06  0.108795E+06  0.145051E+06  0.145050E+06  0.000000E+00  0.108795E+06  0.108795E+06  0.108795E+06 -0.607085E+00  0.117268E+06  0.117269E+06 -0.240358E+02
  0.583362E-04  0.110321E+06  0.110321E+06  0.147087E+06  0.147085E+06  0.000000E+00  0.110321E+06  0.110321E+06  0.110321E+06 -0.607084E+00  0.117268E+06  0.117268E+06  0.250183E+01
  0.586055E-04  0.110459E+06  0.110459E+06  0.147271E+06  0.147269E+06  0.000000E+00  0.110459E+06  0.110459E+06  0.110459E+06 -0.607084E+00  0.117268E+06  0.117268E+06  0.254940E+01
  0.588760E-04  0.109054E+06  0.109055E+06  0.145396E+06  0.145395E+06  0.000000E+00  0.109054E+06  0.109054E+06  0.109054E+06 -0.607085E+00  0.117268E+06  0.117269E+06 -0.302724E+02
  0.591477E-04  0.110611E+06  0.110611E+06  0.147474E+06  0.147471E+06  0.000000E+00  0.110611E+06  0.110611E+06  0.110611E+06 -0.607084E+00  0.117268E+06  0.117268E+06  0.274949E+01
  0.594207E-04  0.110761E+06  0.110761E+06  0.147674E+06  0.147672E+06  0.000000E+00  0.110761E+06  0.110761E+06  0.110761E+06 -0.607084E+00  0.117268E+06  0.117268E+06  0.279168E+01
  0.596950E-04  0.110912E+06  0.110912E+06  0.147874E+06  0.147872E+06  0.000000E+00  0.110912E+06  0.110912E+06  0.110912E+06 -0.607084E+00  0.117268E+06  0.117268E+06  0.283411E+01
  0.599706E-04  0.111094E+06  0.111093E+06  0.148116E+06  0.148114E+06  0.000000E+00  0.111094E+06  0.111094E+06  0.111094E+06 -0.607084E+00  0.117268E+06  0.117268E+06  0.287719E+01
  0.602474E-04  0.110467E+06  0.110467E+06  0.147281E+06  0.147279E+06  0.000000E+00  0.110467E+06  0.110467E+06  0.110467E+06 -0.607084E+00  0.117268E+06  0.117268E+06  0.268022E+01
  0.605255E-04  0.110619E+06  0.110619E+06  0.147484E+06  0.147482E+06  0.000000E+00  0.110619E+06  0.110619E+06  0.110619E+06 -0.607084E+00  0.117268E+06  0.117268E+06  0.265582E+01
  0.608048E-04  0.110755E+06  0.110755E+06  0.147664E+06  0.147662E+06  0.000000E+00  0.110755E+06  0.110755E+06  0.110755E+06 -0.607084E+00  0.117268E+06  0.117268E+06  0.270519E+01
  0.610855E-04  0.110891E+06  0.110890E+06  0.147845E+06  0.147843E+06  0.000000E+00  0.110891E+06  0.110891E+06  0.110891E+06 -0.607084E+00  0.117268E+06  0.117268E+06  0.275949E+01
  0.613674E-04  0.111042E+06  0.111041E+06  0.148047E+06  0.148044E+06  0.000000E+00  0.111041E+06  0.111041E+06  0.111041E+06 -0.607084E+00  0.117268E+06  0.117268E+06  0.299443E+01
  0.616507E-04  0.111066E+06  0.111066E+06  0.148080E+06  0.148077E+06  0.000000E+00  0.111066E+06  0.111066E+06  0.111066E+06 -0.607084E+00  0.117268E+06  0.117268E+06  0.301958E+01
  0.619353E-04  0.112166E+06  0.112166E+06  0.149546E+06  0.149543E+06  0.000000E+00  0.112166E+06  0.112166E+06  0.112166E+06 -0.607083E+00  0.117268E+06  0.117268E+06  0.325722E+01
  0.622212E-04  0.112371E+06  0.112371E+06  0.149819E+06  0.149817E+06  0.000000E+00  0.112371E+06  0.112371E+06  0.112371E+06 -0.607083E+00  0.117268E+06  0.117268E+06  0.327676E+01
  0.625084E-04  0.112450E+06  0.112450E+06  0.149924E+06  0.149921E+06  0.000000E+00  0.112450E+06  0.112450E+06  0.112450E+06 -0.607083E+00  0.117268E+06  0.117268E+06  0.330998E+01
  0.627969E-04  0.112529E+06  0.112528E+06  0.150029E+06  0.150026E+06  0.000000E+00  0.112529E+06  0.112529E+06  0.112529E+06 -0.607083E+00  0.117268E+06  0.117268E+06  0.334327E+01
  0.630867E-04  0.113430E+06  0.113429E+06  0.151230E+06  0.151227E+06  0.000000E+00  0.113430E+06  0.113430E+06  0.113430E+06 -0.607082E+00  0.117268E+06  0.117268E+06  0.356152E+01
  0.633779E-04  0.113487E+06  0.113487E+06  0.151306E+06  0.151303E+06  0.000000E+00  0.113487E+06  0.113487E+06  0.113487E+06 -0.607082E+00  0.117268E+06  0.117268E+06  0.359346E+01
  0.636705E-04  0.113534E+06  0.113534E+06  0.151369E+06  0.151367E+06  0.000000E+00  0.113534E+06  0.113534E+06  0.113534E+06 -0.607082E+00  0.117268E+06  0.117268E+06  0.362116E+01
  0.639644E-04  0.113583E+06  0.113583E+06  0.151434E+06  0.151431E+06  0.000000E+00  0.113583E+06  0.113583E+06  0.113583E+06 -0.607082E+00  0.117268E+06  0.117268E+06  0.364934E+01
  0.642596E-04  0.113634E+06  0.113633E+06  0.151501E+06  0.151499E+06  0.000000E+00  0.113634E+06  0.113634E+06  0.113634E+06 -0.607082E+00  0.117268E+06  0.117268E+06  0.367799E+01
  0.645562E-04  0.113687E+06  0.113687E+06  0.151573E+06  0.151570E+06  0.000000E+00  0.113687E+06  0.113687E+06  0.113687E+06 -0.607082E+00  0.117268E+06  0.117268E+06  0.370715E+01
  0.648542E-04  0.114500E+06  0.114500E+06  0.152657E+06  0.152654E+06  0.000000E+00  0.114500E+06  0.114500E+06  0.114500E+06 -0.607082E+00  0.117268E+06  0.117268E+06  0.385329E+01
  0.651535E-04  0.114554E+06  0.114554E+06  0.152728E+06  0.152725E+06  0.000000E+00  0.114554E+06  0.114554E+06  0.114554E+06 -0.607082E+00  0.117268E+06  0.117268E+06  0.388369E+01
  0.654543E-04  0.114608E+06  0.114608E+06  0.152801E+06  0.152798E+06  0.000000E+00  0.114608E+06  0.114608E+06  0.114608E+06 -0.607081E+00  0.117268E+06  0.117268E+06  0.391458E+01
  0.657564E-04  0.114664E+06  0.114664E+06  0.152874E+06  0.152872E+06  0.000000E+00  0.114664E+06  0.114664E+06  0.114664E+06 -0.607081E+00  0.117268E+06  0.117268E+06  0.394601E+01
  0.660599E-04  0.114720E+06  0.114720E+06  0.152950E+06  0.152947E+06  0.000000E+00  0.114720E+06  0.114720E+06  0.114720E+06 -0.607081E+00  0.117268E+06  0.117268E+06  0.397806E+01
  0.663648E-04  0.114864E+06  0.114863E+06  0.153140E+06  0.153138E+06  0.000000E+00  0.114863E+06  0.114863E+06  0.114863E+06 -0.607081E+00  0.117268E+06  0.117268E+06  0.608394E+01
  0.666712E-04  0.114860E+06  0.114860E+06  0.153136E+06  0.153133E+06  0.000000E+00  0.114860E+06  0.114860E+06  0.114860E+06 -0.607081E+00  0.117268E+06  0.117268E+06  0.525082E+01
  0.669789E-04  0.114852E+06  0.114851E+06  0.153124E+06  0.153121E+06  0.000000E+00  0.114852E+06  0.114852E+06  0.114852E+06 -0.607081E+00  0.117268E+06  0.117268E+06  0.460874E+01
  0.672881E-04  0.114011E+06  0.114012E+06  0.152003E+06  0.152001E+06  0.000000E+00  0.114011E+06  0.114011E+06  0.114011E+06 -0.607081E+00  0.117268E+06  0.117268E+06 -0.159704E+02
  0.675987E-04  0.114140E+06  0.114141E+06  0.152175E+06  0.152173E+06  0.000000E+00  0.114140E+06  0.114140E+06  0.114140E+06 -0.607081E+00  0.117268E+06  0.117268E+06 -0.135115E+02
  0.679107E-04  0.114891E+06  0.114891E+06  0.153176E+06  0.153173E+06  0.000000E+00  0.114891E+06  0.114891E+06  0.114891E+06 -0.607081E+00  0.117268E+06  0.117268E+06  0.433921E+01
  0.682241E-04  0.113977E+06  0.113977E+06  0.151957E+06  0.151955E+06  0.000000E+00  0.113977E+06  0.113977E+06  0.113977E+06 -0.607081E+00  0.117268E+06  0.117268E+06  0.120881E+01
  0.685390E-04  0.114071E+06  0.114071E+06  0.152083E+06  0.152080E+06  0.000000E+00  0.114071E+06  0.114071E+06  0.114071E+06 -0.607081E+00  0.117268E+06  0.117268E+06  0.403753E+01
  0.688554E-04  0.114099E+06  0.114099E+06  0.152121E+06  0.152118E+06  0.000000E+00  0.114099E+06  0.114099E+06  0.114099E+06 -0.607081E+00  0.117268E+06  0.117268E+06  0.406356E+01
  0.691732E-04  0.114262E+06  0.114262E+06  0.152338E+06  0.152335E+06  0.000000E+00  0.114262E+06  0.114262E+06  0.114262E+06 -0.607081E+00  0.117268E+06  0.117268E+06  0.408237E+01
  0.694925E-04  0.114804E+06  0.114804E+06  0.153060E+06  0.153057E+06  0.000000E+00  0.114804E+06  0.114804E+06  0.114804E+06 -0.607081E+00  0.117268E+06  0.117268E+06  0.420680E+01
  0.698133E-04  0.114856E+06  0.114856E+06  0.153129E+06  0.153126E+06  0.000000E+00  0.114856E+06  0.114856E+06  0.114856E+06 -0.607080E+00  0.117268E+06  0.117268E+06  0.423788E+01
  0.701355E-04  0.114911E+06  0.114911E+06  0.153202E+06  0.153199E+06  0.000000E+00  0.114911E+06  0.114911E+06  0.114911E+06 -0.607080E+00  0.117268E+06  0.117268E+06  0.426978E+01
  0.704593E-04  0.114967E+06  0.114967E+06  0.153277E+06  0.153274E+06  0.000000E+00  0.114967E+06  0.114967E+06  0.114967E+06 -0.607080E+00  0.117268E+06  0.117268E+06  0.430241E+01
  0.707845E-04  0.115031E+06  0.115031E+06  0.153362E+06  0.153359E+06  0.000000E+00  0.115031E+06  0.115031E+06  0.115031E+06 -0.607080E+00  0.117268E+06  0.117268E+06  0.433582E+01
  0.711112E-04  0.115100E+06  0.115100E+06  0.153454E+06  0.153451E+06  0.000000E+00  0.115100E+06  0.115100E+06  0.115100E+06 -0.607080E+00  0.117268E+06  0.117268E+06  0.437022E+01
  0.714394E-04  0.115175E+06  0.115175E+06  0.153554E+06  0.153551E+06  0.000000E+00  0.115175E+06  0.115175E+06  0.115175E+06 -0.607080E+00  0.117268E+06  0.117268E+06  0.440539E+01
  0.717692E-04  0.115219E+06  0.115219E+06  0.153613E+06  0.153609E+06  0.000000E+00  0.115219E+06  0.115219E+06  0.115219E+06 -0.607080E+00  0.117268E+06  0.117268E+06  0.445372E+01
  0.721005E-04  0.118377E+06  0.118376E+06  0.157822E+06  0.157818E+06  0.000000E+00  0.118377E+06  0.118377E+06  0.118377E+06 -0.607078E+00  0.117267E+06  0.117267E+06  0.512224E+01
  0.724333E-04  0.118527E+06  0.118527E+06  0.158022E+06  0.158019E+06  0.000000E+00  0.118527E+06  0.118527E+06  0.118527E+06 -0.607078E+00  0.117267E+06  0.117267E+06  0.514113E+01
  0.727676E-04  0.118608E+06  0.118608E+06  0.158130E+06  0.158127E+06  0.000000E+00  0.118608E+06  0.118608E+06  0.118608E+06 -0.607078E+00  0.117267E+06  0.117267E+06  0.517899E+01
  0.731035E-04  0.118692E+06  0.118692E+06  0.158242E+06  0.158239E+06  0.000000E+00  0.118692E+06  0.118692E+06  0.118692E+06 -0.607077E+00  0.117267E+06  0.117267E+06  0.521742E+01
  0.734409E-04  0.116461E+06  0.116460E+06  0.155267E+06  0.155264E+06  0.000000E+00  0.116461E+06  0.116461E+06  0.116461E+06 -0.607079E+00  0.117268E+06  0.117267E+06  0.489342E+01
  0.737799E-04  0.116529E+06  0.116528E+06  0.155357E+06  0.155354E+06  0.000000E+00  0.116529E+06  0.116529E+06  0.116529E+06 -0.607079E+00  0.117268E+06  0.117267E+06  0.494322E+01
  0.741204E-04  0.116548E+06  0.116548E+06  0.155384E+06  0.155380E+06  0.000000E+00  0.116548E+06  0.116548E+06  0.116548E+06 -0.607078E+00  0.117268E+06  0.117267E+06  0.497260E+01
  0.744626E-04  0.116571E+06  0.116570E+06  0.155414E+06  0.155410E+06  0.000000E+00  0.116571E+06  0.116571E+06  0.116571E+06 -0.607078E+00  0.117268E+06  0.117267E+06  0.500251E+01
  0.748063E-04  0.118132E+06  0.118131E+06  0.157494E+06  0.157491E+06  0.000000E+00  0.118132E+06  0.118132E+06  0.118132E+06 -0.607077E+00  0.117267E+06  0.117267E+06  0.529192E+01
  0.751516E-04  0.118115E+06  0.118114E+06  0.157471E+06  0.157467E+06  0.000000E+00  0.118114E+06  0.118114E+06  0.118114E+06 -0.607077E+00  0.117267E+06  0.117267E+06  0.531553E+01
  0.754985E-04  0.118079E+06  0.118079E+06  0.157424E+06  0.157420E+06  0.000000E+00  0.118079E+06  0.118079E+06  0.118079E+06 -0.607077E+00  0.117267E+06  0.117267E+06  0.533503E+01
  0.758469E-04  0.118048E+06  0.118048E+06  0.157382E+06  0.157379E+06  0.000000E+00  0.118048E+06  0.118048E+06  0.118048E+06 -0.607077E+00  0.117267E+06  0.117267E+06  0.535538E+01
  0.761970E-04  0.118021E+06  0.118021E+06  0.157347E+06  0.157343E+06  0.000000E+00  0.118021E+06  0.118021E+06  0.118021E+06 -0.607077E+00  0.117267E+06  0.117267E+06  0.537651E+01
  0.765487E-04  0.117998E+06  0.117998E+06  0.157316E+06  0.157312E+06  0.000000E+00  0.117998E+06  0.117998E+06  0.117998E+06 -0.607077E+00  0.117267E+06  0.117267E+06  0.539836E+01
  0.769021E-04  0.117979E+06  0.117978E+06  0.157289E+06  0.157286E+06  0.000000E+00  0.117979E+06  0.117979E+06  0.117979E+06 -0.607077E+00  0.117267E+06  0.117267E+06  0.542087E+01
  0.772570E-04  0.117962E+06  0.117962E+06  0.157267E+06  0.157263E+06  0.000000E+00  0.117962E+06  0.117962E+06  0.117962E+06 -0.607077E+00  0.117267E+06  0.117267E+06  0.544400E+01
  0.776136E-04  0.117948E+06  0.117947E+06  0.157248E+06  0.157244E+06  0.000000E+00  0.117948E+06  0.117948E+06  0.117948E+06 -0.607077E+00  0.117267E+06  0.117267E+06  0.546786E+01
  0.779719E-04  0.117928E+06  0.117927E+06  0.157221E+06  0.157217E+06  0.000000E+00  0.117928E+06  0.117928E+06  0.117928E+06 -0.607076E+00  0.117267E+06  0.117267E+06  0.549103E+01
  0.783318E-04  0.117901E+06  0.117900E+06  0.157185E+06  0.157181E+06  0.000000E+00  0.117901E+06  0.117901E+06  0.117901E+06 -0.607076E+00  0.117267E+06  0.117267E+06  0.551297E+01
  0.786934E-04  0.117877E+06  0.117876E+06  0.157153E+06  0.157149E+06  0.000000E+00  0.117877E+06  0.117877E+06  0.117877E+06 -0.607076E+00  0.117267E+06  0.117267E+06  0.553542E+01
  0.790566E-04  0.117822E+06  0.117822E+06  0.157080E+06  0.157076E+06  0.000000E+00  0.117822E+06  0.117822E+06  0.117822E+06 -0.607076E+00  0.117267E+06  0.117267E+06  0.555623E+01
  0.794215E-04  0.117799E+06  0.117799E+06  0.157049E+06  0.157045E+06  0.000000E+00  0.117799E+06  0.117799E+06  0.117799E+06 -0.607076E+00  0.117267E+06  0.117267E+06  0.557886E+01
  0.797881E-04  0.117780E+06  0.117780E+06  0.157023E+06  0.157019E+06  0.000000E+00  0.117780E+06  0.117780E+06  0.117780E+06 -0.607076E+00  0.117267E+06  0.117267E+06  0.560234E+01
  0.801564E-04  0.117764E+06  0.117763E+06  0.157001E+06  0.156997E+06  0.000000E+00  0.117764E+06  0.117764E+06  0.117764E+06 -0.607076E+00  0.117267E+06  0.117267E+06  0.562653E+01
  0.805264E-04  0.121519E+06  0.121519E+06  0.162007E+06  0.162003E+06  0.000000E+00  0.121519E+06  0.121519E+06  0.121519E+06 -0.607073E+00  0.117267E+06  0.117267E+06  0.664465E+01
  0.808980E-04  0.121502E+06  0.121501E+06  0.161984E+06  0.161980E+06  0.000000E+00  0.121502E+06  0.121502E+06  0.121502E+06 -0.607073E+00  0.117267E+06  0.117267E+06  0.666828E+01
  0.812715E-04  0.121485E+06  0.121485E+06  0.161962E+06  0.161957E+06  0.000000E+00  0.121485E+06  0.121485E+06  0.121485E+06 -0.607073E+00  0.117267E+06  0.117267E+06  0.669207E+01
  0.816466E-04  0.121471E+06  0.121470E+06  0.161942E+06  0.161938E+06  0.000000E+00  0.121471E+06  0.121471E+06  0.121471E+06 -0.607073E+00  0.117267E+06  0.117267E+06  0.671594E+01
  0.820235E-04  0.121446E+06  0.121445E+06  0.161909E+06  0.161905E+06  0.000000E+00  0.121446E+06  0.121446E+06  0.121446E+06 -0.607073E+00  0.117267E+06  0.117267E+06  0.673860E+01
  0.824021E-04  0.121434E+06  0.121433E+06  0.161893E+06  0.161888E+06  0.000000E+00  0.121434E+06  0.121434E+06  0.121434E+06 -0.607073E+00  0.117267E+06  0.117267E+06  0.676582E+01
  0.827824E-04  0.121467E+06  0.121466E+06  0.161937E+06  0.161932E+06  0.000000E+00  0.121467E+06  0.121467E+06  0.121467E+06 -0.607072E+00  0.117267E+06  0.117267E+06  0.679377E+01
  0.831645E-04  0.121452E+06  0.121451E+06  0.161917E+06  0.161912E+06  0.000000E+00  0.121452E+06  0.121452E+06  0.121452E+06 -0.607072E+00  0.117267E+06  0.117266E+06  0.681798E+01
  0.835484E-04  0.121437E+06  0.121436E+06  0.161897E+06  0.161892E+06  0.000000E+00  0.121437E+06  0.121437E+06  0.121437E+06 -0.607072E+00  0.117267E+06  0.117266E+06  0.684301E+01
  0.839340E-04  0.121421E+06  0.121421E+06  0.161876E+06  0.161871E+06  0.000000E+00  0.121421E+06  0.121421E+06  0.121421E+06 -0.607072E+00  0.117267E+06  0.117266E+06  0.686798E+01
  0.843214E-04  0.121405E+06  0.121405E+06  0.161854E+06  0.161849E+06  0.000000E+00  0.121405E+06  0.121405E+06  0.121405E+06 -0.607072E+00  0.117267E+06  0.117266E+06  0.689325E+01
  0.847107E-04  0.121381E+06  0.121380E+06  0.161821E+06  0.161817E+06  0.000000E+00  0.121381E+06  0.121381E+06  0.121381E+06 -0.607072E+00  0.117267E+06  0.117266E+06  0.686132E+01
  0.851017E-04  0.121366E+06  0.121365E+06  0.161801E+06  0.161796E+06  0.000000E+00  0.121366E+06  0.121366E+06  0.121366E+06 -0.607072E+00  0.117267E+06  0.117266E+06  0.688889E+01
  0.854945E-04  0.121350E+06  0.121349E+06  0.161780E+06  0.161775E+06  0.000000E+00  0.121350E+06  0.121350E+06  0.121350E+06 -0.607071E+00  0.117267E+06  0.117266E+06  0.691653E+01
  0.858891E-04  0.121334E+06  0.121334E+06  0.161759E+06  0.161754E+06  0.000000E+00  0.121334E+06  0.121334E+06  0.121334E+06 -0.607071E+00  0.117267E+06  0.117266E+06  0.694429E+01
  0.862855E-04  0.121319E+06  0.121318E+06  0.161737E+06  0.161732E+06  0.000000E+00  0.121318E+06  0.121318E+06  0.121318E+06 -0.607071E+00  0.117267E+06  0.117266E+06  0.697215E+01
  0.866838E-04  0.121303E+06  0.121302E+06  0.161716E+06  0.161711E+06  0.000000E+00  0.121303E+06  0.121303E+06  0.121303E+06 -0.607071E+00  0.117267E+06  0.117266E+06  0.700012E+01
  0.870839E-04  0.121287E+06  0.121286E+06  0.161695E+06  0.161690E+06  0.000000E+00  0.121287E+06  0.121287E+06  0.121287E+06 -0.607071E+00  0.117267E+06  0.117266E+06  0.702821E+01
  0.874859E-04  0.121271E+06  0.121270E+06  0.161673E+06  0.161668E+06  0.000000E+00  0.121271E+06  0.121271E+06  0.121271E+06 -0.607071E+00  0.117267E+06  0.117266E+06  0.705642E+01
  0.878897E-04  0.121255E+06  0.121255E+06  0.161652E+06  0.161647E+06  0.000000E+00  0.121255E+06  0.121255E+06  0.121255E+06 -0.607071E+00  0.117267E+06  0.117266E+06  0.708476E+01
  0.882954E-04  0.121239E+06  0.121239E+06  0.161631E+06  0.161626E+06  0.000000E+00  0.121239E+06  0.121239E+06  0.121239E+06 -0.607070E+00  0.117267E+06  0.117266E+06  0.711322E+01
  0.887029E-04  0.121223E+06  0.121223E+06  0.161609E+06  0.161604E+06  0.000000E+00  0.121223E+06  0.121223E+06  0.121223E+06 -0.607070E+00  0.117266E+06  0.117266E+06  0.714179E+01
  0.891124E-04  0.121207E+06  0.121207E+06  0.161588E+06  0.161582E+06  0.000000E+00  0.121207E+06  0.121207E+06  0.121207E+06 -0.607070E+00  0.117266E+06  0.117266E+06  0.717046E+01
  0.895237E-04  0.121191E+06  0.121190E+06  0.161566E+06  0.161560E+06  0.000000E+00  0.121191E+06  0.121191E+06  0.121191E+06 -0.607070E+00  0.117266E+06  0.117266E+06  0.719925E+01
  0.899369E-04  0.121174E+06  0.121174E+06  0.161544E+06  0.161538E+06  0.000000E+00  0.121174E+06  0.121174E+06  0.121174E+06 -0.607070E+00  0.117266E+06  0.117266E+06  0.722816E+01
  0.903521E-04  0.121158E+06  0.121157E+06  0.161521E+06  0.161516E+06  0.000000E+00  0.121158E+06  0.121158E+06  0.121158E+06 -0.607070E+00  0.117266E+06  0.117266E+06  0.725721E+01
  0.907691E-04  0.121053E+06  0.121052E+06  0.161381E+06  0.161376E+06  0.000000E+00  0.121053E+06  0.121053E+06  0.121053E+06 -0.607070E+00  0.117266E+06  0.117266E+06  0.570152E+01
  0.911881E-04  0.121037E+06  0.121037E+06  0.161360E+06  0.161354E+06  0.000000E+00  0.121037E+06  0.121037E+06  0.121037E+06 -0.607069E+00  0.117266E+06  0.117266E+06  0.573131E+01
  0.916090E-04  0.120657E+06  0.120657E+06  0.160853E+06  0.160848E+06  0.000000E+00  0.120657E+06  0.120657E+06  0.120657E+06 -0.607070E+00  0.117266E+06  0.117266E+06  0.570277E+01
  0.920318E-04  0.120619E+06  0.120618E+06  0.160802E+06  0.160796E+06  0.000000E+00  0.120619E+06  0.120619E+06  0.120619E+06 -0.607069E+00  0.117266E+06  0.117266E+06  0.570670E+01
  0.924566E-04  0.120581E+06  0.120580E+06  0.160751E+06  0.160745E+06  0.000000E+00  0.120580E+06  0.120580E+06  0.120580E+06 -0.607069E+00  0.117266E+06  0.117266E+06  0.570290E+01
  0.928834E-04  0.120543E+06  0.120542E+06  0.160700E+06  0.160694E+06  0.000000E+00  0.120542E+06  0.120542E+06  0.120542E+06 -0.607069E+00  0.117266E+06  0.117266E+06  0.568642E+01
  0.933121E-04  0.120505E+06  0.120504E+06  0.160649E+06  0.160643E+06  0.000000E+00  0.120505E+06  0.120505E+06  0.120505E+06 -0.607069E+00  0.117266E+06  0.117266E+06  0.565363E+01
  0.937428E-04  0.120468E+06  0.120467E+06  0.160599E+06  0.160594E+06  0.000000E+00  0.120468E+06  0.120468E+06  0.120468E+06 -0.607069E+00  0.117266E+06  0.117266E+06  0.559977E+01
  0.941755E-04  0.120433E+06  0.120433E+06  0.160553E+06  0.160548E+06  0.000000E+00  0.120433E+06  0.120433E+06  0.120433E+06 -0.607069E+00  0.117266E+06  0.117266E+06  0.562644E+01
  0.946102E-04  0.120481E+06  0.120481E+06  0.160617E+06  0.160611E+06  0.000000E+00  0.120481E+06  0.120481E+06  0.120481E+06 -0.607068E+00  0.117266E+06  0.117266E+06  0.746237E+01
  0.950469E-04  0.120447E+06  0.120446E+06  0.160571E+06  0.160565E+06  0.000000E+00  0.120446E+06  0.120446E+06  0.120446E+06 -0.607068E+00  0.117266E+06  0.117266E+06  0.748916E+01
  0.954856E-04  0.120412E+06  0.120411E+06  0.160525E+06  0.160519E+06  0.000000E+00  0.120412E+06  0.120412E+06  0.120412E+06 -0.607068E+00  0.117266E+06  0.117266E+06  0.751613E+01
  0.959264E-04  0.120378E+06  0.120378E+06  0.160479E+06  0.160473E+06  0.000000E+00  0.120378E+06  0.120378E+06  0.120378E+06 -0.607068E+00  0.117266E+06  0.117266E+06  0.754330E+01
  0.963692E-04  0.120345E+06  0.120344E+06  0.160434E+06  0.160428E+06  0.000000E+00  0.120345E+06  0.120345E+06  0.120345E+06 -0.607068E+00  0.117266E+06  0.117266E+06  0.757066E+01
  0.968140E-04  0.120312E+06  0.120311E+06  0.160390E+06  0.160384E+06  0.000000E+00  0.120312E+06  0.120312E+06  0.120312E+06 -0.607068E+00  0.117266E+06  0.117266E+06  0.759821E+01
  0.972608E-04  0.120279E+06  0.120278E+06  0.160346E+06  0.160340E+06  0.000000E+00  0.120279E+06  0.120279E+06  0.120279E+06 -0.607067E+00  0.117266E+06  0.117266E+06  0.762595E+01
  0.977098E-04  0.120247E+06  0.120246E+06  0.160303E+06  0.160297E+06  0.000000E+00  0.120247E+06  0.120247E+06  0.120247E+06 -0.607067E+00  0.117266E+06  0.117266E+06  0.765388E+01
  0.981608E-04  0.120215E+06  0.120214E+06  0.160261E+06  0.160254E+06  0.000000E+00  0.120215E+06  0.120215E+06  0.120215E+06 -0.607067E+00  0.117266E+06  0.117266E+06  0.768200E+01
  0.986139E-04  0.120184E+06  0.120183E+06  0.160219E+06  0.160212E+06  0.000000E+00  0.120184E+06  0.120184E+06  0.120184E+06 -0.607067E+00  0.117266E+06  0.117266E+06  0.771030E+01
  0.990691E-04  0.120153E+06  0.120152E+06  0.160177E+06  0.160171E+06  0.000000E+00  0.120153E+06  0.120153E+06  0.120153E+06 -0.607067E+00  0.117266E+06  0.117266E+06  0.773879E+01
  0.995263E-04  0.120124E+06  0.120124E+06  0.160139E+06  0.160132E+06  0.000000E+00  0.120124E+06  0.120124E+06  0.120124E+06 -0.607067E+00  0.117266E+06  0.117266E+06  0.777073E+01
  0.999857E-04  0.120095E+06  0.120094E+06  0.160099E+06  0.160092E+06  0.000000E+00  0.120095E+06  0.120095E+06  0.120095E+06 -0.607066E+00  0.117266E+06  0.117266E+06  0.779961E+01
  0.100447E-03  0.120065E+06  0.120064E+06  0.160060E+06  0.160053E+06  0.000000E+00  0.120065E+06  0.120065E+06  0.120065E+06 -0.607066E+00  0.117266E+06  0.117266E+06  0.782869E+01
  0.100911E-03  0.120036E+06  0.120035E+06  0.160020E+06  0.160014E+06  0.000000E+00  0.120036E+06  0.120036E+06  0.120036E+06 -0.607066E+00  0.117266E+06  0.117266E+06  0.785798E+01
  0.101377E-03  0.120007E+06  0.120006E+06  0.159982E+06  0.159975E+06  0.000000E+00  0.120007E+06  0.120007E+06  0.120007E+06 -0.607066E+00  0.117266E+06  0.117266E+06  0.788745E+01
  0.101845E-03  0.119979E+06  0.119978E+06  0.159944E+06  0.159937E+06  0.000000E+00  0.119979E+06  0.119979E+06  0.119979E+06 -0.607066E+00  0.117266E+06  0.117266E+06  0.791705E+01
  0.102315E-03  0.119951E+06  0.119950E+06  0.159907E+06  0.159900E+06  0.000000E+00  0.119951E+06  0.119951E+06  0.119951E+06 -0.607066E+00  0.117266E+06  0.117266E+06  0.794686E+01
  0.102787E-03  0.119924E+06  0.119923E+06  0.159870E+06  0.159863E+06  0.000000E+00  0.119924E+06  0.119924E+06  0.119924E+06 -0.607065E+00  0.117266E+06  0.117266E+06  0.797684E+01
  0.103261E-03  0.119896E+06  0.119896E+06  0.159833E+06  0.159826E+06  0.000000E+00  0.119896E+06  0.119896E+06  0.119896E+06 -0.607065E+00  0.117266E+06  0.117266E+06  0.800703E+01
  0.103738E-03  0.119870E+06  0.119869E+06  0.159797E+06  0.159790E+06  0.000000E+00  0.119869E+06  0.119869E+06  0.119869E+06 -0.607065E+00  0.117266E+06  0.117266E+06  0.803739E+01
  0.104217E-03  0.119843E+06  0.119842E+06  0.159761E+06  0.159754E+06  0.000000E+00  0.119843E+06  0.119843E+06  0.119843E+06 -0.607065E+00  0.117266E+06  0.117266E+06  0.806796E+01
  0.104698E-03  0.119817E+06  0.119816E+06  0.159726E+06  0.159718E+06  0.000000E+00  0.119816E+06  0.119816E+06  0.119816E+06 -0.607065E+00  0.117266E+06  0.117266E+06  0.809872E+01
  0.105181E-03  0.119791E+06  0.119790E+06  0.159691E+06  0.159683E+06  0.000000E+00  0.119790E+06  0.119790E+06  0.119790E+06 -0.607064E+00  0.117266E+06  0.117266E+06  0.812963E+01
  0.105667E-03  0.119749E+06  0.119749E+06  0.159636E+06  0.159628E+06  0.000000E+00  0.119749E+06  0.119749E+06  0.119749E+06 -0.607064E+00  0.117266E+06  0.117266E+06  0.857630E+01
  0.106154E-03  0.119724E+06  0.119723E+06  0.159601E+06  0.159594E+06  0.000000E+00  0.119724E+06  0.119724E+06  0.119724E+06 -0.607064E+00  0.117266E+06  0.117266E+06  0.859083E+01
  0.106644E-03  0.119700E+06  0.119699E+06  0.159569E+06  0.159562E+06  0.000000E+00  0.119700E+06  0.119700E+06  0.119700E+06 -0.607064E+00  0.117266E+06  0.117266E+06  0.860575E+01
  0.107137E-03  0.119677E+06  0.119676E+06  0.159538E+06  0.159531E+06  0.000000E+00  0.119677E+06  0.119677E+06  0.119677E+06 -0.607064E+00  0.117266E+06  0.117265E+06  0.862184E+01
  0.107631E-03  0.119655E+06  0.119654E+06  0.159509E+06  0.159501E+06  0.000000E+00  0.119655E+06  0.119655E+06  0.119655E+06 -0.607064E+00  0.117266E+06  0.117265E+06  0.863921E+01
  0.108128E-03  0.119634E+06  0.119633E+06  0.159480E+06  0.159472E+06  0.000000E+00  0.119634E+06  0.119634E+06  0.119634E+06 -0.607063E+00  0.117266E+06  0.117265E+06  0.865770E+01
  0.108627E-03  0.119614E+06  0.119613E+06  0.159453E+06  0.159445E+06  0.000000E+00  0.119614E+06  0.119614E+06  0.119614E+06 -0.607063E+00  0.117266E+06  0.117265E+06  0.867746E+01
  0.109128E-03  0.119458E+06  0.119458E+06  0.159245E+06  0.159238E+06  0.000000E+00  0.119458E+06  0.119458E+06  0.119458E+06 -0.607063E+00  0.117266E+06  0.117266E+06  0.422744E+01
  0.109632E-03  0.119273E+06  0.119272E+06  0.158998E+06  0.158990E+06  0.000000E+00  0.119273E+06  0.119273E+06  0.119273E+06 -0.607063E+00  0.117266E+06  0.117266E+06  0.449483E+01
  0.110138E-03  0.119265E+06  0.119264E+06  0.158987E+06  0.158979E+06  0.000000E+00  0.119265E+06  0.119265E+06  0.119265E+06 -0.607063E+00  0.117266E+06  0.117266E+06  0.482245E+01
  0.110647E-03  0.119259E+06  0.119258E+06  0.158979E+06  0.158971E+06  0.000000E+00  0.119259E+06  0.119259E+06  0.119259E+06 -0.607063E+00  0.117266E+06  0.117266E+06  0.512903E+01
  0.111157E-03  0.119255E+06  0.119254E+06  0.158973E+06  0.158965E+06  0.000000E+00  0.119255E+06  0.119255E+06  0.119255E+06 -0.607062E+00  0.117266E+06  0.117266E+06  0.541387E+01
  0.111670E-03  0.119253E+06  0.119252E+06  0.158970E+06  0.158962E+06  0.000000E+00  0.119253E+06  0.119253E+06  0.119253E+06 -0.607062E+00  0.117266E+06  0.117265E+06  0.565997E+01
  0.112186E-03  0.118891E+06  0.118891E+06  0.158488E+06  0.158480E+06  0.000000E+00  0.118891E+06  0.118891E+06  0.118891E+06 -0.607062E+00  0.117266E+06  0.117265E+06  0.632891E+01
  0.112704E-03  0.118899E+06  0.118899E+06  0.158498E+06  0.158490E+06  0.000000E+00  0.118899E+06  0.118899E+06  0.118899E+06 -0.607062E+00  0.117266E+06  0.117265E+06  0.650725E+01
  0.113224E-03  0.118909E+06  0.118908E+06  0.158511E+06  0.158502E+06  0.000000E+00  0.118909E+06  0.118909E+06  0.118909E+06 -0.607062E+00  0.117266E+06  0.117265E+06  0.667740E+01
  0.113747E-03  0.118976E+06  0.118975E+06  0.158600E+06  0.158592E+06  0.000000E+00  0.118976E+06  0.118976E+06  0.118976E+06 -0.607062E+00  0.117266E+06  0.117265E+06  0.787786E+01
  0.114272E-03  0.118987E+06  0.118986E+06  0.158614E+06  0.158606E+06  0.000000E+00  0.118987E+06  0.118987E+06  0.118987E+06 -0.607061E+00  0.117266E+06  0.117265E+06  0.804500E+01
  0.114799E-03  0.118957E+06  0.118957E+06  0.158574E+06  0.158566E+06  0.000000E+00  0.118957E+06  0.118957E+06  0.118957E+06 -0.607061E+00  0.117266E+06  0.117265E+06  0.684483E+01
  0.115329E-03  0.118972E+06  0.118972E+06  0.158594E+06  0.158586E+06  0.000000E+00  0.118972E+06  0.118972E+06  0.118972E+06 -0.607061E+00  0.117266E+06  0.117265E+06  0.701069E+01
  0.115861E-03  0.118989E+06  0.118989E+06  0.158616E+06  0.158608E+06  0.000000E+00  0.118989E+06  0.118989E+06  0.118989E+06 -0.607060E+00  0.117266E+06  0.117265E+06  0.716980E+01
  0.116396E-03  0.119008E+06  0.119007E+06  0.158641E+06  0.158632E+06  0.000000E+00  0.119008E+06  0.119008E+06  0.119008E+06 -0.607060E+00  0.117266E+06  0.117265E+06  0.732239E+01
  0.116933E-03  0.119029E+06  0.119028E+06  0.158668E+06  0.158659E+06  0.000000E+00  0.119028E+06  0.119028E+06  0.119028E+06 -0.607060E+00  0.117265E+06  0.117265E+06  0.747007E+01
  0.117473E-03  0.119051E+06  0.119050E+06  0.158697E+06  0.158688E+06  0.000000E+00  0.119051E+06  0.119051E+06  0.119051E+06 -0.607060E+00  0.117265E+06  0.117265E+06  0.761289E+01
  0.118015E-03  0.119075E+06  0.119074E+06  0.158729E+06  0.158720E+06  0.000000E+00  0.119075E+06  0.119075E+06  0.119075E+06 -0.607059E+00  0.117265E+06  0.117265E+06  0.774947E+01
  0.118560E-03  0.119097E+06  0.119096E+06  0.158758E+06  0.158749E+06  0.000000E+00  0.119097E+06  0.119097E+06  0.119097E+06 -0.607059E+00  0.117265E+06  0.117265E+06  0.811728E+01
  0.119107E-03  0.119124E+06  0.119123E+06  0.158794E+06  0.158784E+06  0.000000E+00  0.119124E+06  0.119124E+06  0.119124E+06 -0.607059E+00  0.117265E+06  0.117265E+06  0.831052E+01
  0.119657E-03  0.119153E+06  0.119152E+06  0.158833E+06  0.158823E+06  0.000000E+00  0.119153E+06  0.119153E+06  0.119153E+06 -0.607058E+00  0.117265E+06  0.117265E+06  0.851456E+01
  0.120209E-03  0.119185E+06  0.119184E+06  0.158874E+06  0.158864E+06  0.000000E+00  0.119184E+06  0.119184E+06  0.119184E+06 -0.607058E+00  0.117265E+06  0.117265E+06  0.866880E+01
  0.120764E-03  0.119194E+06  0.119193E+06  0.158886E+06  0.158876E+06  0.000000E+00  0.119194E+06  0.119194E+06  0.119194E+06 -0.607058E+00  0.117265E+06  0.117265E+06  0.768377E+01
  0.121322E-03  0.119227E+06  0.119226E+06  0.158930E+06  0.158921E+06  0.000000E+00  0.119227E+06  0.119227E+06  0.119227E+06 -0.607057E+00  0.117265E+06  0.117265E+06  0.780142E+01
  0.121882E-03  0.119068E+06  0.119067E+06  0.158717E+06  0.158707E+06  0.000000E+00  0.119068E+06  0.119068E+06  0.119068E+06 -0.607057E+00  0.117265E+06  0.117265E+06  0.806931E+01
  0.122444E-03  0.119054E+06  0.119053E+06  0.158698E+06  0.158688E+06  0.000000E+00  0.119054E+06  0.119054E+06  0.119054E+06 -0.607057E+00  0.117265E+06  0.117265E+06  0.820513E+01
  0.123009E-03  0.119040E+06  0.119039E+06  0.158679E+06  0.158669E+06  0.000000E+00  0.119040E+06  0.119040E+06  0.119040E+06 -0.607057E+00  0.117265E+06  0.117265E+06  0.833464E+01
  0.123577E-03  0.118715E+06  0.118714E+06  0.158246E+06  0.158236E+06  0.000000E+00  0.118715E+06  0.118715E+06  0.118715E+06 -0.607057E+00  0.117265E+06  0.117265E+06  0.840042E+01
  0.124148E-03  0.118735E+06  0.118734E+06  0.158272E+06  0.158262E+06  0.000000E+00  0.118735E+06  0.118735E+06  0.118735E+06 -0.607057E+00  0.117265E+06  0.117265E+06  0.946419E+01
  0.124721E-03  0.118713E+06  0.118712E+06  0.158243E+06  0.158233E+06  0.000000E+00  0.118713E+06  0.118713E+06  0.118713E+06 -0.607056E+00  0.117265E+06  0.117265E+06  0.953636E+01
  0.125296E-03  0.118691E+06  0.118690E+06  0.158212E+06  0.158202E+06  0.000000E+00  0.118691E+06  0.118691E+06  0.118691E+06 -0.607056E+00  0.117265E+06  0.117265E+06  0.959772E+01
  0.125875E-03  0.118669E+06  0.118667E+06  0.158182E+06  0.158172E+06  0.000000E+00  0.118668E+06  0.118668E+06  0.118668E+06 -0.607056E+00  0.117265E+06  0.117265E+06  0.964634E+01
  0.126456E-03  0.118647E+06  0.118646E+06  0.158153E+06  0.158143E+06  0.000000E+00  0.118647E+06  0.118647E+06  0.118647E+06 -0.607056E+00  0.117265E+06  0.117265E+06  0.969243E+01
  0.127039E-03  0.118626E+06  0.118625E+06  0.158125E+06  0.158115E+06  0.000000E+00  0.118626E+06  0.118626E+06  0.118626E+06 -0.607055E+00  0.117265E+06  0.117265E+06  0.973776E+01
  0.127626E-03  0.118606E+06  0.118605E+06  0.158098E+06  0.158087E+06  0.000000E+00  0.118606E+06  0.118606E+06  0.118606E+06 -0.607055E+00  0.117265E+06  0.117265E+06  0.978118E+01
  0.128215E-03  0.118587E+06  0.118586E+06  0.158072E+06  0.158061E+06  0.000000E+00  0.118587E+06  0.118587E+06  0.118587E+06 -0.607055E+00  0.117265E+06  0.117265E+06  0.982302E+01
  0.128807E-03  0.118569E+06  0.118567E+06  0.158047E+06  0.158036E+06  0.000000E+00  0.118568E+06  0.118568E+06  0.118568E+06 -0.607055E+00  0.117265E+06  0.117264E+06  0.986344E+01
  0.129401E-03  0.118551E+06  0.118550E+06  0.158023E+06  0.158012E+06  0.000000E+00  0.118551E+06  0.118551E+06  0.118551E+06 -0.607054E+00  0.117265E+06  0.117264E+06  0.990368E+01
  0.129998E-03  0.118534E+06  0.118533E+06  0.158000E+06  0.157989E+06  0.000000E+00  0.118534E+06  0.118534E+06  0.118534E+06 -0.607054E+00  0.117265E+06  0.117264E+06  0.994273E+01
  0.130598E-03  0.118518E+06  0.118517E+06  0.157979E+06  0.157968E+06  0.000000E+00  0.118518E+06  0.118518E+06  0.118518E+06 -0.607054E+00  0.117265E+06  0.117264E+06  0.998129E+01
  0.131201E-03  0.118503E+06  0.118502E+06  0.157958E+06  0.157947E+06  0.000000E+00  0.118503E+06  0.118503E+06  0.118503E+06 -0.607053E+00  0.117265E+06  0.117264E+06  0.100191E+02
  0.131807E-03  0.118489E+06  0.118487E+06  0.157939E+06  0.157927E+06  0.000000E+00  0.118488E+06  0.118488E+06  0.118488E+06 -0.607053E+00  0.117265E+06  0.117264E+06  0.100543E+02
  0.132415E-03  0.118475E+06  0.118474E+06  0.157920E+06  0.157908E+06  0.000000E+00  0.118475E+06  0.118475E+06  0.118475E+06 -0.607053E+00  0.117265E+06  0.117264E+06  0.100898E+02
  0.133026E-03  0.118452E+06  0.118451E+06  0.157889E+06  0.157877E+06  0.000000E+00  0.118452E+06  0.118452E+06  0.118452E+06 -0.607053E+00  0.117265E+06  0.117264E+06  0.101764E+02
  0.133640E-03  0.118440E+06  0.118439E+06  0.157873E+06  0.157861E+06  0.000000E+00  0.118440E+06  0.118440E+06  0.118440E+06 -0.607052E+00  0.117265E+06  0.117264E+06  0.102072E+02
  0.134257E-03  0.118429E+06  0.118428E+06  0.157858E+06  0.157846E+06  0.000000E+00  0.118429E+06  0.118429E+06  0.118429E+06 -0.607052E+00  0.117265E+06  0.117264E+06  0.102388E+02
  0.134877E-03  0.118420E+06  0.118418E+06  0.157844E+06  0.157832E+06  0.000000E+00  0.118419E+06  0.118419E+06  0.118419E+06 -0.607052E+00  0.117265E+06  0.117264E+06  0.102716E+02
  0.135500E-03  0.118411E+06  0.118409E+06  0.157832E+06  0.157820E+06  0.000000E+00  0.118410E+06  0.118410E+06  0.118410E+06 -0.607051E+00  0.117265E+06  0.117264E+06  0.103052E+02
  0.136125E-03  0.118402E+06  0.118401E+06  0.157821E+06  0.157808E+06  0.000000E+00  0.118402E+06  0.118402E+06  0.118402E+06 -0.607051E+00  0.117265E+06  0.117264E+06  0.103405E+02
  0.136753E-03  0.118395E+06  0.118394E+06  0.157811E+06  0.157798E+06  0.000000E+00  0.118395E+06  0.118395E+06  0.118395E+06 -0.607051E+00  0.117265E+06  0.117264E+06  0.103753E+02
  0.137385E-03  0.118389E+06  0.118388E+06  0.157802E+06  0.157789E+06  0.000000E+00  0.118389E+06  0.118389E+06  0.118389E+06 -0.607050E+00  0.117265E+06  0.117264E+06  0.104123E+02
  0.138019E-03  0.118384E+06  0.118382E+06  0.157794E+06  0.157782E+06  0.000000E+00  0.118383E+06  0.118383E+06  0.118383E+06 -0.607050E+00  0.117265E+06  0.117264E+06  0.104499E+02
  0.138656E-03  0.118382E+06  0.118381E+06  0.157792E+06  0.157779E+06  0.000000E+00  0.118382E+06  0.118382E+06  0.118382E+06 -0.607050E+00  0.117264E+06  0.117264E+06  0.108443E+02
  0.139296E-03  0.118378E+06  0.118377E+06  0.157786E+06  0.157773E+06  0.000000E+00  0.118378E+06  0.118378E+06  0.118378E+06 -0.607049E+00  0.117264E+06  0.117264E+06  0.108644E+02
  0.139939E-03  0.118378E+06  0.118377E+06  0.157786E+06  0.157773E+06  0.000000E+00  0.118378E+06  0.118378E+06  0.118378E+06 -0.607049E+00  0.117264E+06  0.117264E+06  0.103778E+02
  0.140585E-03  0.118376E+06  0.118375E+06  0.157782E+06  0.157769E+06  0.000000E+00  0.118376E+06  0.118376E+06  0.118376E+06 -0.607049E+00  0.117264E+06  0.117264E+06  0.104254E+02
  0.141234E-03  0.118375E+06  0.118373E+06  0.157780E+06  0.157767E+06  0.000000E+00  0.118375E+06  0.118375E+06  0.118375E+06 -0.607048E+00  0.117264E+06  0.117264E+06  0.104734E+02
  0.141886E-03  0.118168E+06  0.118166E+06  0.157504E+06  0.157491E+06  0.000000E+00  0.118168E+06  0.118168E+06  0.118168E+06 -0.607048E+00  0.117264E+06  0.117264E+06  0.104201E+02
  0.142540E-03  0.118171E+06  0.118169E+06  0.157507E+06  0.157494E+06  0.000000E+00  0.118170E+06  0.118170E+06  0.118170E+06 -0.607048E+00  0.117264E+06  0.117264E+06  0.104710E+02
  0.143198E-03  0.118412E+06  0.118410E+06  0.157828E+06  0.157814E+06  0.000000E+00  0.118411E+06  0.118411E+06  0.118411E+06 -0.607047E+00  0.117264E+06  0.117264E+06  0.106119E+02
  0.143859E-03  0.118158E+06  0.118156E+06  0.157489E+06  0.157475E+06  0.000000E+00  0.118158E+06  0.118158E+06  0.118158E+06 -0.607047E+00  0.117264E+06  0.117264E+06  0.105671E+02
  0.144523E-03  0.118146E+06  0.118145E+06  0.157473E+06  0.157460E+06  0.000000E+00  0.118146E+06  0.118146E+06  0.118146E+06 -0.607047E+00  0.117264E+06  0.117264E+06  0.106138E+02
  0.145190E-03  0.118135E+06  0.118134E+06  0.157458E+06  0.157444E+06  0.000000E+00  0.118135E+06  0.118135E+06  0.118135E+06 -0.607046E+00  0.117264E+06  0.117264E+06  0.106608E+02
  0.145861E-03  0.118125E+06  0.118123E+06  0.157443E+06  0.157429E+06  0.000000E+00  0.118124E+06  0.118124E+06  0.118124E+06 -0.607046E+00  0.117264E+06  0.117264E+06  0.107081E+02
  0.146534E-03  0.118114E+06  0.118113E+06  0.157429E+06  0.157415E+06  0.000000E+00  0.118114E+06  0.118114E+06  0.118114E+06 -0.607046E+00  0.117264E+06  0.117263E+06  0.107557E+02
  0.147210E-03  0.118105E+06  0.118103E+06  0.157415E+06  0.157401E+06  0.000000E+00  0.118104E+06  0.118104E+06  0.118104E+06 -0.607045E+00  0.117264E+06  0.117263E+06  0.108036E+02
  0.147890E-03  0.118095E+06  0.118093E+06  0.157402E+06  0.157388E+06  0.000000E+00  0.118095E+06  0.118095E+06  0.118095E+06 -0.607045E+00  0.117264E+06  0.117263E+06  0.108517E+02
  0.148572E-03  0.118086E+06  0.118084E+06  0.157390E+06  0.157375E+06  0.000000E+00  0.118086E+06  0.118086E+06  0.118086E+06 -0.607045E+00  0.117264E+06  0.117263E+06  0.109002E+02
  0.149258E-03  0.118077E+06  0.118076E+06  0.157378E+06  0.157363E+06  0.000000E+00  0.118077E+06  0.118077E+06  0.118077E+06 -0.607044E+00  0.117264E+06  0.117263E+06  0.109489E+02
  0.149947E-03  0.118065E+06  0.118064E+06  0.157361E+06  0.157346E+06  0.000000E+00  0.118065E+06  0.118065E+06  0.118065E+06 -0.607044E+00  0.117264E+06  0.117263E+06  0.109965E+02
  0.150639E-03  0.118051E+06  0.118050E+06  0.157342E+06  0.157327E+06  0.000000E+00  0.118051E+06  0.118051E+06  0.118051E+06 -0.607043E+00  0.117264E+06  0.117263E+06  0.110431E+02
  0.151335E-03  0.118191E+06  0.118189E+06  0.157527E+06  0.157512E+06  0.000000E+00  0.118190E+06  0.118190E+06  0.118190E+06 -0.607043E+00  0.117264E+06  0.117263E+06  0.111730E+02
  0.152033E-03  0.118182E+06  0.118180E+06  0.157514E+06  0.157499E+06  0.000000E+00  0.118181E+06  0.118181E+06  0.118181E+06 -0.607042E+00  0.117264E+06  0.117263E+06  0.112221E+02
  0.152735E-03  0.118173E+06  0.118171E+06  0.157502E+06  0.157487E+06  0.000000E+00  0.118173E+06  0.118173E+06  0.118173E+06 -0.607042E+00  0.117264E+06  0.117263E+06  0.112715E+02
  0.153440E-03  0.118165E+06  0.118163E+06  0.157491E+06  0.157475E+06  0.000000E+00  0.118165E+06  0.118165E+06  0.118165E+06 -0.607041E+00  0.117264E+06  0.117263E+06  0.113213E+02
  0.154148E-03  0.118154E+06  0.118152E+06  0.157476E+06  0.157460E+06  0.000000E+00  0.118154E+06  0.118154E+06  0.118154E+06 -0.607041E+00  0.117264E+06  0.117263E+06  0.113570E+02
  0.154860E-03  0.118141E+06  0.118139E+06  0.157458E+06  0.157442E+06  0.000000E+00  0.118141E+06  0.118141E+06  0.118141E+06 -0.607041E+00  0.117264E+06  0.117263E+06  0.107302E+02
  0.155574E-03  0.118279E+06  0.118277E+06  0.157642E+06  0.157625E+06  0.000000E+00  0.118279E+06  0.118279E+06  0.118279E+06 -0.607040E+00  0.117263E+06  0.117262E+06  0.221110E+02
  0.156292E-03  0.118218E+06  0.118216E+06  0.157559E+06  0.157543E+06  0.000000E+00  0.118217E+06  0.118217E+06  0.118217E+06 -0.607039E+00  0.117263E+06  0.117262E+06  0.179148E+02
  0.157014E-03  0.118236E+06  0.118233E+06  0.157583E+06  0.157566E+06  0.000000E+00  0.118235E+06  0.118235E+06  0.118235E+06 -0.607039E+00  0.117263E+06  0.117262E+06  0.199175E+02
  0.157739E-03  0.118001E+06  0.118000E+06  0.157268E+06  0.157253E+06  0.000000E+00  0.118001E+06  0.118001E+06  0.118001E+06 -0.607039E+00  0.117263E+06  0.117263E+06  0.936194E-02
  0.158467E-03  0.118078E+06  0.118076E+06  0.157370E+06  0.157354E+06  0.000000E+00  0.118077E+06  0.118077E+06  0.118077E+06 -0.607038E+00  0.117263E+06  0.117263E+06  0.851852E+01
  0.159198E-03  0.118079E+06  0.118077E+06  0.157371E+06  0.157355E+06  0.000000E+00  0.118079E+06  0.118079E+06  0.118079E+06 -0.607038E+00  0.117263E+06  0.117263E+06  0.899615E+01
  0.159933E-03  0.118085E+06  0.118083E+06  0.157378E+06  0.157362E+06  0.000000E+00  0.118084E+06  0.118084E+06  0.118084E+06 -0.607038E+00  0.117263E+06  0.117263E+06  0.991916E+01
  0.160671E-03  0.118084E+06  0.118082E+06  0.157376E+06  0.157360E+06  0.000000E+00  0.118083E+06  0.118083E+06  0.118083E+06 -0.607037E+00  0.117263E+06  0.117263E+06  0.100786E+02
  0.161413E-03  0.118346E+06  0.118344E+06  0.157725E+06  0.157708E+06  0.000000E+00  0.118345E+06  0.118345E+06  0.118345E+06 -0.607036E+00  0.117263E+06  0.117262E+06  0.109460E+02
  0.162158E-03  0.118040E+06  0.118039E+06  0.157317E+06  0.157300E+06  0.000000E+00  0.118040E+06  0.118040E+06  0.118040E+06 -0.607036E+00  0.117263E+06  0.117263E+06  0.826718E+00
  0.162906E-03  0.118041E+06  0.118040E+06  0.157317E+06  0.157300E+06  0.000000E+00  0.118041E+06  0.118041E+06  0.118041E+06 -0.607036E+00  0.117263E+06  0.117263E+06  0.154600E+01
  0.163658E-03  0.118042E+06  0.118041E+06  0.157317E+06  0.157301E+06  0.000000E+00  0.118042E+06  0.118042E+06  0.118042E+06 -0.607035E+00  0.117263E+06  0.117263E+06  0.229083E+01
  0.164414E-03  0.118262E+06  0.118259E+06  0.157612E+06  0.157593E+06  0.000000E+00  0.118262E+06  0.118262E+06  0.118262E+06 -0.607034E+00  0.117263E+06  0.117262E+06  0.184822E+02
  0.165173E-03  0.118158E+06  0.118156E+06  0.157471E+06  0.157453E+06  0.000000E+00  0.118157E+06  0.118157E+06  0.118157E+06 -0.607034E+00  0.117263E+06  0.117262E+06  0.122343E+02
  0.165935E-03  0.118156E+06  0.118154E+06  0.157468E+06  0.157450E+06  0.000000E+00  0.118155E+06  0.118155E+06  0.118155E+06 -0.607033E+00  0.117263E+06  0.117262E+06  0.122984E+02
  0.166701E-03  0.118154E+06  0.118152E+06  0.157465E+06  0.157446E+06  0.000000E+00  0.118153E+06  0.118153E+06  0.118153E+06 -0.607033E+00  0.117263E+06  0.117262E+06  0.123629E+02
  0.167470E-03  0.118165E+06  0.118163E+06  0.157480E+06  0.157461E+06  0.000000E+00  0.118165E+06  0.118165E+06  0.118165E+06 -0.607032E+00  0.117263E+06  0.117262E+06  0.132197E+02
  0.168243E-03  0.118258E+06  0.118256E+06  0.157602E+06  0.157583E+06  0.000000E+00  0.118257E+06  0.118257E+06  0.118257E+06 -0.607032E+00  0.117263E+06  0.117262E+06  0.134907E+02
  0.169020E-03  0.118251E+06  0.118249E+06  0.157593E+06  0.157574E+06  0.000000E+00  0.118251E+06  0.118251E+06  0.118251E+06 -0.607031E+00  0.117263E+06  0.117262E+06  0.134556E+02
  0.169800E-03  0.118306E+06  0.118304E+06  0.157665E+06  0.157646E+06  0.000000E+00  0.118306E+06  0.118306E+06  0.118306E+06 -0.607030E+00  0.117262E+06  0.117262E+06  0.118834E+02
  0.170584E-03  0.118300E+06  0.118298E+06  0.157656E+06  0.157637E+06  0.000000E+00  0.118300E+06  0.118300E+06  0.118300E+06 -0.607030E+00  0.117262E+06  0.117262E+06  0.119998E+02
  0.171371E-03  0.118134E+06  0.118132E+06  0.157432E+06  0.157414E+06  0.000000E+00  0.118133E+06  0.118133E+06  0.118133E+06 -0.607030E+00  0.117262E+06  0.117262E+06  0.120542E+01
  0.172162E-03  0.118210E+06  0.118208E+06  0.157534E+06  0.157515E+06  0.000000E+00  0.118210E+06  0.118210E+06  0.118210E+06 -0.607029E+00  0.117262E+06  0.117262E+06  0.656596E+01
  0.172957E-03  0.118145E+06  0.118143E+06  0.157446E+06  0.157427E+06  0.000000E+00  0.118144E+06  0.118144E+06  0.118144E+06 -0.607029E+00  0.117262E+06  0.117262E+06  0.284350E+01
  0.173755E-03  0.118324E+06  0.118321E+06  0.157685E+06  0.157665E+06  0.000000E+00  0.118324E+06  0.118324E+06  0.118324E+06 -0.607028E+00  0.117262E+06  0.117261E+06  0.155550E+02
  0.174557E-03  0.118032E+06  0.118030E+06  0.157294E+06  0.157275E+06  0.000000E+00  0.118031E+06  0.118031E+06  0.118031E+06 -0.607028E+00  0.117262E+06  0.117262E+06  0.356569E+01
  0.175363E-03  0.118136E+06  0.118134E+06  0.157434E+06  0.157414E+06  0.000000E+00  0.118136E+06  0.118136E+06  0.118136E+06 -0.607027E+00  0.117262E+06  0.117261E+06  0.139724E+02
  0.176172E-03  0.117968E+06  0.117967E+06  0.157208E+06  0.157189E+06  0.000000E+00  0.117968E+06  0.117968E+06  0.117968E+06 -0.607027E+00  0.117262E+06  0.117262E+06  0.300606E+01
  0.176986E-03  0.117975E+06  0.117974E+06  0.157217E+06  0.157197E+06  0.000000E+00  0.117975E+06  0.117975E+06  0.117975E+06 -0.607026E+00  0.117262E+06  0.117262E+06  0.421141E+01
  0.177803E-03  0.118124E+06  0.118122E+06  0.157415E+06  0.157394E+06  0.000000E+00  0.118124E+06  0.118124E+06  0.118124E+06 -0.607025E+00  0.117262E+06  0.117261E+06  0.154187E+02
  0.178623E-03  0.118292E+06  0.118289E+06  0.157639E+06  0.157617E+06  0.000000E+00  0.118292E+06  0.118292E+06  0.118292E+06 -0.607024E+00  0.117262E+06  0.117260E+06  0.200316E+02
  0.179448E-03  0.118252E+06  0.118249E+06  0.157584E+06  0.157563E+06  0.000000E+00  0.118251E+06  0.118251E+06  0.118251E+06 -0.607024E+00  0.117262E+06  0.117260E+06  0.183039E+02
  0.180276E-03  0.118251E+06  0.118248E+06  0.157583E+06  0.157561E+06  0.000000E+00  0.118251E+06  0.118251E+06  0.118251E+06 -0.607023E+00  0.117262E+06  0.117260E+06  0.194022E+02
  0.181108E-03  0.118149E+06  0.118147E+06  0.157445E+06  0.157424E+06  0.000000E+00  0.118149E+06  0.118149E+06  0.118149E+06 -0.607023E+00  0.117262E+06  0.117261E+06  0.135471E+02
  0.181944E-03  0.118136E+06  0.118134E+06  0.157427E+06  0.157405E+06  0.000000E+00  0.118136E+06  0.118136E+06  0.118136E+06 -0.607022E+00  0.117262E+06  0.117261E+06  0.135832E+02
  0.182784E-03  0.118123E+06  0.118121E+06  0.157409E+06  0.157387E+06  0.000000E+00  0.118123E+06  0.118123E+06  0.118123E+06 -0.607022E+00  0.117262E+06  0.117261E+06  0.136172E+02
  0.183628E-03  0.118095E+06  0.118093E+06  0.157371E+06  0.157349E+06  0.000000E+00  0.118095E+06  0.118095E+06  0.118095E+06 -0.607021E+00  0.117262E+06  0.117261E+06  0.122117E+02
  0.184475E-03  0.117993E+06  0.117990E+06  0.157234E+06  0.157211E+06  0.000000E+00  0.117992E+06  0.117992E+06  0.117992E+06 -0.607021E+00  0.117262E+06  0.117261E+06  0.123991E+02
  0.185327E-03  0.117985E+06  0.117982E+06  0.157222E+06  0.157199E+06  0.000000E+00  0.117984E+06  0.117984E+06  0.117984E+06 -0.607020E+00  0.117261E+06  0.117261E+06  0.123766E+02
  0.186182E-03  0.118066E+06  0.118063E+06  0.157331E+06  0.157307E+06  0.000000E+00  0.118066E+06  0.118066E+06  0.118066E+06 -0.607019E+00  0.117261E+06  0.117260E+06  0.190798E+02
  0.187042E-03  0.118039E+06  0.118036E+06  0.157294E+06  0.157270E+06  0.000000E+00  0.118039E+06  0.118039E+06  0.118039E+06 -0.607019E+00  0.117261E+06  0.117260E+06  0.175711E+02
  0.187905E-03  0.117918E+06  0.117915E+06  0.157131E+06  0.157107E+06  0.000000E+00  0.117917E+06  0.117917E+06  0.117917E+06 -0.607019E+00  0.117261E+06  0.117260E+06  0.157215E+02
  0.188772E-03  0.117885E+06  0.117882E+06  0.157086E+06  0.157063E+06  0.000000E+00  0.117885E+06  0.117885E+06  0.117885E+06 -0.607018E+00  0.117261E+06  0.117260E+06  0.138441E+02
  0.189644E-03  0.117883E+06  0.117881E+06  0.157083E+06  0.157059E+06  0.000000E+00  0.117883E+06  0.117883E+06  0.117883E+06 -0.607018E+00  0.117261E+06  0.117260E+06  0.139005E+02
  0.190519E-03  0.117882E+06  0.117880E+06  0.157081E+06  0.157057E+06  0.000000E+00  0.117882E+06  0.117882E+06  0.117882E+06 -0.607017E+00  0.117261E+06  0.117260E+06  0.139595E+02
  0.191398E-03  0.117879E+06  0.117876E+06  0.157075E+06  0.157051E+06  0.000000E+00  0.117879E+06  0.117879E+06  0.117879E+06 -0.607016E+00  0.117261E+06  0.117260E+06  0.140241E+02
  0.192282E-03  0.117876E+06  0.117874E+06  0.157071E+06  0.157047E+06  0.000000E+00  0.117876E+06  0.117876E+06  0.117876E+06 -0.607016E+00  0.117261E+06  0.117260E+06  0.140808E+02
  0.193169E-03  0.117875E+06  0.117872E+06  0.157068E+06  0.157043E+06  0.000000E+00  0.117874E+06  0.117874E+06  0.117874E+06 -0.607015E+00  0.117261E+06  0.117260E+06  0.141387E+02
  0.194061E-03  0.117873E+06  0.117870E+06  0.157065E+06  0.157040E+06  0.000000E+00  0.117873E+06  0.117873E+06  0.117873E+06 -0.607014E+00  0.117261E+06  0.117260E+06  0.141979E+02
  0.194957E-03  0.117873E+06  0.117870E+06  0.157063E+06  0.157039E+06  0.000000E+00  0.117872E+06  0.117872E+06  0.117872E+06 -0.607014E+00  0.117261E+06  0.117260E+06  0.142484E+02
  0.195857E-03  0.117873E+06  0.117870E+06  0.157062E+06  0.157037E+06  0.000000E+00  0.117872E+06  0.117872E+06  0.117872E+06 -0.607013E+00  0.117261E+06  0.117260E+06  0.143095E+02
  0.196761E-03  0.117707E+06  0.117704E+06  0.156841E+06  0.156816E+06  0.000000E+00  0.117707E+06  0.117707E+06  0.117707E+06 -0.607013E+00  0.117261E+06  0.117260E+06  0.142603E+02
  0.197669E-03  0.117703E+06  0.117700E+06  0.156835E+06  0.156809E+06  0.000000E+00  0.117703E+06  0.117703E+06  0.117703E+06 -0.607012E+00  0.117261E+06  0.117260E+06  0.143254E+02
  0.198581E-03  0.117700E+06  0.117698E+06  0.156830E+06  0.156804E+06  0.000000E+00  0.117700E+06  0.117700E+06  0.117700E+06 -0.607012E+00  0.117261E+06  0.117260E+06  0.143914E+02
  0.199498E-03  0.117699E+06  0.117696E+06  0.156827E+06  0.156801E+06  0.000000E+00  0.117698E+06  0.117698E+06  0.117698E+06 -0.607011E+00  0.117261E+06  0.117259E+06  0.144584E+02
  0.200419E-03  0.117698E+06  0.117695E+06  0.156826E+06  0.156799E+06  0.000000E+00  0.117698E+06  0.117698E+06  0.117698E+06 -0.607010E+00  0.117260E+06  0.117259E+06  0.145270E+02
  0.201344E-03  0.117700E+06  0.117697E+06  0.156826E+06  0.156799E+06  0.000000E+00  0.117699E+06  0.117699E+06  0.117699E+06 -0.607009E+00  0.117260E+06  0.117259E+06  0.145963E+02
  0.202273E-03  0.117702E+06  0.117699E+06  0.156828E+06  0.156801E+06  0.000000E+00  0.117701E+06  0.117701E+06  0.117701E+06 -0.607009E+00  0.117260E+06  0.117259E+06  0.146660E+02
  0.203207E-03  0.117705E+06  0.117702E+06  0.156832E+06  0.156805E+06  0.000000E+00  0.117705E+06  0.117705E+06  0.117705E+06 -0.607008E+00  0.117260E+06  0.117259E+06  0.147365E+02
  0.204145E-03  0.117710E+06  0.117706E+06  0.156836E+06  0.156809E+06  0.000000E+00  0.117709E+06  0.117709E+06  0.117709E+06 -0.607007E+00  0.117260E+06  0.117259E+06  0.148076E+02
  0.205087E-03  0.117715E+06  0.117711E+06  0.156842E+06  0.156814E+06  0.000000E+00  0.117714E+06  0.117714E+06  0.117714E+06 -0.607006E+00  0.117260E+06  0.117259E+06  0.148794E+02
  0.206034E-03  0.117720E+06  0.117717E+06  0.156848E+06  0.156820E+06  0.000000E+00  0.117719E+06  0.117719E+06  0.117719E+06 -0.607006E+00  0.117260E+06  0.117259E+06  0.149568E+02
  0.206985E-03  0.117726E+06  0.117722E+06  0.156855E+06  0.156827E+06  0.000000E+00  0.117725E+06  0.117725E+06  0.117725E+06 -0.607005E+00  0.117260E+06  0.117259E+06  0.149904E+02
  0.207940E-03  0.117733E+06  0.117730E+06  0.156863E+06  0.156835E+06  0.000000E+00  0.117732E+06  0.117732E+06  0.117732E+06 -0.607004E+00  0.117260E+06  0.117259E+06  0.150706E+02
  0.208900E-03  0.117614E+06  0.117612E+06  0.156703E+06  0.156675E+06  0.000000E+00  0.117614E+06  0.117614E+06  0.117614E+06 -0.607004E+00  0.117260E+06  0.117260E+06  0.328367E+01
  0.209864E-03  0.117794E+06  0.117790E+06  0.156943E+06  0.156913E+06  0.000000E+00  0.117793E+06  0.117793E+06  0.117793E+06 -0.607002E+00  0.117260E+06  0.117258E+06  0.189362E+02
  0.210833E-03  0.117619E+06  0.117617E+06  0.156706E+06  0.156679E+06  0.000000E+00  0.117618E+06  0.117618E+06  0.117618E+06 -0.607002E+00  0.117260E+06  0.117259E+06  0.244990E+01
  0.211806E-03  0.117679E+06  0.117677E+06  0.156787E+06  0.156758E+06  0.000000E+00  0.117679E+06  0.117679E+06  0.117679E+06 -0.607001E+00  0.117260E+06  0.117259E+06  0.731632E+01
  0.212784E-03  0.117669E+06  0.117667E+06  0.156772E+06  0.156743E+06  0.000000E+00  0.117669E+06  0.117669E+06  0.117669E+06 -0.607000E+00  0.117259E+06  0.117259E+06  0.552237E+01
  0.213766E-03  0.117656E+06  0.117653E+06  0.156752E+06  0.156724E+06  0.000000E+00  0.117655E+06  0.117655E+06  0.117655E+06 -0.607000E+00  0.117259E+06  0.117259E+06  0.331570E+01
  0.214752E-03  0.117681E+06  0.117678E+06  0.156787E+06  0.156757E+06  0.000000E+00  0.117681E+06  0.117681E+06  0.117681E+06 -0.606999E+00  0.117259E+06  0.117258E+06  0.131934E+02
  0.215744E-03  0.117679E+06  0.117676E+06  0.156783E+06  0.156752E+06  0.000000E+00  0.117679E+06  0.117679E+06  0.117679E+06 -0.606998E+00  0.117259E+06  0.117258E+06  0.130210E+02
  0.216739E-03  0.117579E+06  0.117577E+06  0.156647E+06  0.156618E+06  0.000000E+00  0.117579E+06  0.117579E+06  0.117579E+06 -0.606997E+00  0.117259E+06  0.117259E+06  0.283700E+01
  0.217740E-03  0.117717E+06  0.117714E+06  0.156832E+06  0.156801E+06  0.000000E+00  0.117717E+06  0.117717E+06  0.117717E+06 -0.606996E+00  0.117259E+06  0.117258E+06  0.158000E+02
  0.218745E-03  0.117722E+06  0.117718E+06  0.156836E+06  0.156805E+06  0.000000E+00  0.117721E+06  0.117721E+06  0.117721E+06 -0.606995E+00  0.117259E+06  0.117258E+06  0.158754E+02
  0.219755E-03  0.117694E+06  0.117691E+06  0.156799E+06  0.156767E+06  0.000000E+00  0.117694E+06  0.117694E+06  0.117694E+06 -0.606994E+00  0.117259E+06  0.117257E+06  0.159284E+02
  0.220769E-03  0.117693E+06  0.117690E+06  0.156796E+06  0.156764E+06  0.000000E+00  0.117693E+06  0.117693E+06  0.117693E+06 -0.606993E+00  0.117259E+06  0.117257E+06  0.160015E+02
  0.221788E-03  0.117694E+06  0.117690E+06  0.156795E+06  0.156763E+06  0.000000E+00  0.117693E+06  0.117693E+06  0.117693E+06 -0.606992E+00  0.117259E+06  0.117257E+06  0.160756E+02
  0.222812E-03  0.117696E+06  0.117692E+06  0.156797E+06  0.156764E+06  0.000000E+00  0.117695E+06  0.117695E+06  0.117695E+06 -0.606992E+00  0.117259E+06  0.117257E+06  0.161516E+02
  0.223840E-03  0.117766E+06  0.117762E+06  0.156889E+06  0.156856E+06  0.000000E+00  0.117765E+06  0.117765E+06  0.117765E+06 -0.606990E+00  0.117258E+06  0.117257E+06  0.162663E+02
  0.224873E-03  0.117763E+06  0.117760E+06  0.156885E+06  0.156852E+06  0.000000E+00  0.117763E+06  0.117763E+06  0.117763E+06 -0.606989E+00  0.117258E+06  0.117257E+06  0.163400E+02
  0.225911E-03  0.117762E+06  0.117758E+06  0.156881E+06  0.156848E+06  0.000000E+00  0.117761E+06  0.117761E+06  0.117761E+06 -0.606989E+00  0.117258E+06  0.117257E+06  0.164139E+02
  0.226954E-03  0.117760E+06  0.117757E+06  0.156878E+06  0.156844E+06  0.000000E+00  0.117760E+06  0.117760E+06  0.117760E+06 -0.606988E+00  0.117258E+06  0.117257E+06  0.164883E+02
  0.228002E-03  0.117760E+06  0.117756E+06  0.156876E+06  0.156842E+06  0.000000E+00  0.117759E+06  0.117759E+06  0.117759E+06 -0.606987E+00  0.117258E+06  0.117257E+06  0.165634E+02
  0.229054E-03  0.117760E+06  0.117756E+06  0.156875E+06  0.156840E+06  0.000000E+00  0.117759E+06  0.117759E+06  0.117759E+06 -0.606986E+00  0.117258E+06  0.117256E+06  0.166390E+02
  0.230111E-03  0.117761E+06  0.117757E+06  0.156875E+06  0.156840E+06  0.000000E+00  0.117760E+06  0.117760E+06  0.117760E+06 -0.606985E+00  0.117258E+06  0.117256E+06  0.167154E+02
  0.231173E-03  0.117762E+06  0.117758E+06  0.156875E+06  0.156840E+06  0.000000E+00  0.117762E+06  0.117762E+06  0.117762E+06 -0.606984E+00  0.117258E+06  0.117256E+06  0.167925E+02
  0.232241E-03  0.117696E+06  0.117692E+06  0.156786E+06  0.156750E+06  0.000000E+00  0.117695E+06  0.117695E+06  0.117695E+06 -0.606983E+00  0.117258E+06  0.117256E+06  0.168313E+02
  0.233313E-03  0.117691E+06  0.117687E+06  0.156779E+06  0.156743E+06  0.000000E+00  0.117691E+06  0.117691E+06  0.117691E+06 -0.606982E+00  0.117258E+06  0.117256E+06  0.169067E+02
  0.234389E-03  0.117688E+06  0.117684E+06  0.156773E+06  0.156737E+06  0.000000E+00  0.117687E+06  0.117687E+06  0.117687E+06 -0.606981E+00  0.117258E+06  0.117256E+06  0.169829E+02
  0.235471E-03  0.117686E+06  0.117682E+06  0.156768E+06  0.156732E+06  0.000000E+00  0.117685E+06  0.117685E+06  0.117685E+06 -0.606980E+00  0.117257E+06  0.117256E+06  0.170600E+02
  0.236558E-03  0.117684E+06  0.117680E+06  0.156765E+06  0.156728E+06  0.000000E+00  0.117684E+06  0.117684E+06  0.117684E+06 -0.606979E+00  0.117257E+06  0.117256E+06  0.171380E+02
  0.237650E-03  0.117684E+06  0.117680E+06  0.156763E+06  0.156726E+06  0.000000E+00  0.117683E+06  0.117683E+06  0.117683E+06 -0.606978E+00  0.117257E+06  0.117256E+06  0.172170E+02
  0.238747E-03  0.117684E+06  0.117680E+06  0.156762E+06  0.156725E+06  0.000000E+00  0.117683E+06  0.117683E+06  0.117683E+06 -0.606977E+00  0.117257E+06  0.117255E+06  0.172969E+02
  0.239849E-03  0.117686E+06  0.117681E+06  0.156763E+06  0.156725E+06  0.000000E+00  0.117685E+06  0.117685E+06  0.117685E+06 -0.606976E+00  0.117257E+06  0.117255E+06  0.173777E+02
  0.240956E-03  0.117809E+06  0.117805E+06  0.156925E+06  0.156887E+06  0.000000E+00  0.117808E+06  0.117808E+06  0.117808E+06 -0.606974E+00  0.117257E+06  0.117255E+06  0.175478E+02
  0.242068E-03  0.117812E+06  0.117808E+06  0.156929E+06  0.156890E+06  0.000000E+00  0.117812E+06  0.117812E+06  0.117812E+06 -0.606973E+00  0.117257E+06  0.117255E+06  0.176315E+02
  0.243186E-03  0.117816E+06  0.117812E+06  0.156932E+06  0.156893E+06  0.000000E+00  0.117815E+06  0.117815E+06  0.117815E+06 -0.606972E+00  0.117257E+06  0.117255E+06  0.177152E+02
  0.244308E-03  0.117699E+06  0.117695E+06  0.156775E+06  0.156736E+06  0.000000E+00  0.117698E+06  0.117698E+06  0.117698E+06 -0.606972E+00  0.117257E+06  0.117255E+06  0.176950E+02
  0.245436E-03  0.117642E+06  0.117638E+06  0.156698E+06  0.156658E+06  0.000000E+00  0.117641E+06  0.117641E+06  0.117641E+06 -0.606971E+00  0.117257E+06  0.117255E+06  0.177428E+02
  0.246569E-03  0.117642E+06  0.117638E+06  0.156696E+06  0.156656E+06  0.000000E+00  0.117641E+06  0.117641E+06  0.117641E+06 -0.606970E+00  0.117256E+06  0.117255E+06  0.178260E+02
  0.247707E-03  0.117644E+06  0.117639E+06  0.156697E+06  0.156657E+06  0.000000E+00  0.117643E+06  0.117643E+06  0.117643E+06 -0.606969E+00  0.117256E+06  0.117255E+06  0.179106E+02
  0.248850E-03  0.117647E+06  0.117643E+06  0.156700E+06  0.156660E+06  0.000000E+00  0.117647E+06  0.117647E+06  0.117647E+06 -0.606968E+00  0.117256E+06  0.117254E+06  0.179968E+02
  0.249999E-03  0.117653E+06  0.117648E+06  0.156706E+06  0.156665E+06  0.000000E+00  0.117652E+06  0.117652E+06  0.117652E+06 -0.606967E+00  0.117256E+06  0.117254E+06  0.180844E+02
  0.251153E-03  0.117772E+06  0.117767E+06  0.156863E+06  0.156822E+06  0.000000E+00  0.117771E+06  0.117771E+06  0.117771E+06 -0.606965E+00  0.117256E+06  0.117254E+06  0.182653E+02
  0.252312E-03  0.117781E+06  0.117776E+06  0.156874E+06  0.156832E+06  0.000000E+00  0.117780E+06  0.117780E+06  0.117780E+06 -0.606964E+00  0.117256E+06  0.117254E+06  0.183559E+02
  0.253477E-03  0.117790E+06  0.117785E+06  0.156884E+06  0.156842E+06  0.000000E+00  0.117789E+06  0.117789E+06  0.117789E+06 -0.606962E+00  0.117256E+06  0.117254E+06  0.184464E+02
  0.254647E-03  0.117799E+06  0.117794E+06  0.156895E+06  0.156852E+06  0.000000E+00  0.117798E+06  0.117798E+06  0.117798E+06 -0.606961E+00  0.117255E+06  0.117254E+06  0.185371E+02
  0.255822E-03  0.117808E+06  0.117803E+06  0.156905E+06  0.156862E+06  0.000000E+00  0.117807E+06  0.117807E+06  0.117807E+06 -0.606960E+00  0.117255E+06  0.117253E+06  0.186282E+02
  0.257003E-03  0.117764E+06  0.117759E+06  0.156844E+06  0.156801E+06  0.000000E+00  0.117763E+06  0.117763E+06  0.117763E+06 -0.606959E+00  0.117255E+06  0.117253E+06  0.186866E+02
  0.258189E-03  0.117764E+06  0.117759E+06  0.156843E+06  0.156800E+06  0.000000E+00  0.117763E+06  0.117763E+06  0.117763E+06 -0.606958E+00  0.117255E+06  0.117253E+06  0.187735E+02
  0.259381E-03  0.117764E+06  0.117759E+06  0.156842E+06  0.156798E+06  0.000000E+00  0.117763E+06  0.117763E+06  0.117763E+06 -0.606957E+00  0.117255E+06  0.117253E+06  0.188605E+02
  0.260578E-03  0.117764E+06  0.117759E+06  0.156840E+06  0.156795E+06  0.000000E+00  0.117763E+06  0.117763E+06  0.117763E+06 -0.606955E+00  0.117255E+06  0.117253E+06  0.189476E+02
  0.261781E-03  0.117763E+06  0.117758E+06  0.156837E+06  0.156792E+06  0.000000E+00  0.117763E+06  0.117763E+06  0.117763E+06 -0.606954E+00  0.117255E+06  0.117253E+06  0.190350E+02
  0.262989E-03  0.117763E+06  0.117758E+06  0.156835E+06  0.156790E+06  0.000000E+00  0.117762E+06  0.117762E+06  0.117762E+06 -0.606953E+00  0.117255E+06  0.117253E+06  0.191227E+02
  0.264203E-03  0.117763E+06  0.117758E+06  0.156833E+06  0.156788E+06  0.000000E+00  0.117762E+06  0.117762E+06  0.117762E+06 -0.606952E+00  0.117254E+06  0.117252E+06  0.192113E+02
  0.265423E-03  0.117763E+06  0.117758E+06  0.156832E+06  0.156786E+06  0.000000E+00  0.117762E+06  0.117762E+06  0.117762E+06 -0.606950E+00  0.117254E+06  0.117252E+06  0.193005E+02
  0.266648E-03  0.117764E+06  0.117758E+06  0.156831E+06  0.156784E+06  0.000000E+00  0.117763E+06  0.117763E+06  0.117763E+06 -0.606949E+00  0.117254E+06  0.117252E+06  0.193905E+02
  0.267879E-03  0.117764E+06  0.117759E+06  0.156830E+06  0.156783E+06  0.000000E+00  0.117764E+06  0.117764E+06  0.117764E+06 -0.606948E+00  0.117254E+06  0.117252E+06  0.194819E+02
  0.269115E-03  0.117766E+06  0.117761E+06  0.156830E+06  0.156783E+06  0.000000E+00  0.117765E+06  0.117765E+06  0.117765E+06 -0.606947E+00  0.117254E+06  0.117252E+06  0.195731E+02
  0.270357E-03  0.117768E+06  0.117762E+06  0.156831E+06  0.156783E+06  0.000000E+00  0.117767E+06  0.117767E+06  0.117767E+06 -0.606945E+00  0.117254E+06  0.117252E+06  0.196646E+02
  0.271605E-03  0.117770E+06  0.117765E+06  0.156833E+06  0.156784E+06  0.000000E+00  0.117769E+06  0.117769E+06  0.117769E+06 -0.606944E+00  0.117254E+06  0.117252E+06  0.197566E+02
  0.272859E-03  0.117741E+06  0.117736E+06  0.156792E+06  0.156743E+06  0.000000E+00  0.117740E+06  0.117740E+06  0.117740E+06 -0.606943E+00  0.117254E+06  0.117251E+06  0.198286E+02
  0.274118E-03  0.117740E+06  0.117734E+06  0.156788E+06  0.156739E+06  0.000000E+00  0.117739E+06  0.117739E+06  0.117739E+06 -0.606941E+00  0.117253E+06  0.117251E+06  0.199195E+02
  0.275384E-03  0.117738E+06  0.117732E+06  0.156784E+06  0.156735E+06  0.000000E+00  0.117737E+06  0.117737E+06  0.117737E+06 -0.606940E+00  0.117253E+06  0.117251E+06  0.200106E+02
  0.276655E-03  0.117736E+06  0.117731E+06  0.156780E+06  0.156730E+06  0.000000E+00  0.117735E+06  0.117735E+06  0.117735E+06 -0.606939E+00  0.117253E+06  0.117251E+06  0.201021E+02
  0.277932E-03  0.117735E+06  0.117729E+06  0.156776E+06  0.156725E+06  0.000000E+00  0.117734E+06  0.117734E+06  0.117734E+06 -0.606937E+00  0.117253E+06  0.117251E+06  0.201940E+02
  0.279215E-03  0.117733E+06  0.117727E+06  0.156772E+06  0.156721E+06  0.000000E+00  0.117732E+06  0.117732E+06  0.117732E+06 -0.606936E+00  0.117253E+06  0.117251E+06  0.202863E+02
  0.280503E-03  0.117731E+06  0.117726E+06  0.156768E+06  0.156716E+06  0.000000E+00  0.117730E+06  0.117730E+06  0.117730E+06 -0.606935E+00  0.117253E+06  0.117250E+06  0.203791E+02
  0.281798E-03  0.117730E+06  0.117724E+06  0.156764E+06  0.156712E+06  0.000000E+00  0.117729E+06  0.117729E+06  0.117729E+06 -0.606933E+00  0.117253E+06  0.117250E+06  0.204723E+02
  0.283099E-03  0.117729E+06  0.117723E+06  0.156761E+06  0.156708E+06  0.000000E+00  0.117728E+06  0.117728E+06  0.117728E+06 -0.606932E+00  0.117252E+06  0.117250E+06  0.205661E+02
  0.284406E-03  0.117728E+06  0.117722E+06  0.156757E+06  0.156704E+06  0.000000E+00  0.117727E+06  0.117727E+06  0.117727E+06 -0.606930E+00  0.117252E+06  0.117250E+06  0.206604E+02
  0.285718E-03  0.117727E+06  0.117721E+06  0.156754E+06  0.156701E+06  0.000000E+00  0.117726E+06  0.117726E+06  0.117726E+06 -0.606929E+00  0.117252E+06  0.117250E+06  0.207553E+02
  0.287037E-03  0.117726E+06  0.117720E+06  0.156751E+06  0.156697E+06  0.000000E+00  0.117725E+06  0.117725E+06  0.117725E+06 -0.606927E+00  0.117252E+06  0.117250E+06  0.208507E+02
  0.288362E-03  0.117726E+06  0.117720E+06  0.156749E+06  0.156694E+06  0.000000E+00  0.117725E+06  0.117725E+06  0.117725E+06 -0.606926E+00  0.117252E+06  0.117249E+06  0.209468E+02
  0.289693E-03  0.117726E+06  0.117720E+06  0.156747E+06  0.156692E+06  0.000000E+00  0.117725E+06  0.117725E+06  0.117725E+06 -0.606924E+00  0.117252E+06  0.117249E+06  0.210711E+02
  0.291030E-03  0.117726E+06  0.117720E+06  0.156746E+06  0.156690E+06  0.000000E+00  0.117725E+06  0.117725E+06  0.117725E+06 -0.606923E+00  0.117251E+06  0.117249E+06  0.211680E+02
  0.292374E-03  0.117727E+06  0.117721E+06  0.156744E+06  0.156688E+06  0.000000E+00  0.117726E+06  0.117726E+06  0.117726E+06 -0.606921E+00  0.117251E+06  0.117249E+06  0.212661E+02
  0.293723E-03  0.117728E+06  0.117722E+06  0.156744E+06  0.156687E+06  0.000000E+00  0.117727E+06  0.117727E+06  0.117727E+06 -0.606920E+00  0.117251E+06  0.117249E+06  0.213654E+02
  0.295079E-03  0.117691E+06  0.117685E+06  0.156692E+06  0.156635E+06  0.000000E+00  0.117690E+06  0.117690E+06  0.117690E+06 -0.606919E+00  0.117251E+06  0.117249E+06  0.214344E+02
  0.296441E-03  0.117691E+06  0.117685E+06  0.156691E+06  0.156633E+06  0.000000E+00  0.117690E+06  0.117690E+06  0.117690E+06 -0.606917E+00  0.117251E+06  0.117248E+06  0.215335E+02
  0.297809E-03  0.117693E+06  0.117687E+06  0.156691E+06  0.156633E+06  0.000000E+00  0.117692E+06  0.117692E+06  0.117692E+06 -0.606915E+00  0.117251E+06  0.117248E+06  0.216267E+02
  0.299184E-03  0.117688E+06  0.117682E+06  0.156682E+06  0.156623E+06  0.000000E+00  0.117687E+06  0.117687E+06  0.117687E+06 -0.606914E+00  0.117251E+06  0.117248E+06  0.217255E+02
  0.300565E-03  0.117680E+06  0.117673E+06  0.156669E+06  0.156610E+06  0.000000E+00  0.117679E+06  0.117679E+06  0.117679E+06 -0.606912E+00  0.117250E+06  0.117248E+06  0.218236E+02
  0.301952E-03  0.117689E+06  0.117683E+06  0.156679E+06  0.156620E+06  0.000000E+00  0.117688E+06  0.117688E+06  0.117688E+06 -0.606911E+00  0.117250E+06  0.117248E+06  0.219327E+02
  0.303346E-03  0.117705E+06  0.117698E+06  0.156698E+06  0.156638E+06  0.000000E+00  0.117704E+06  0.117704E+06  0.117704E+06 -0.606909E+00  0.117250E+06  0.117247E+06  0.220489E+02
  0.304746E-03  0.117700E+06  0.117693E+06  0.156689E+06  0.156628E+06  0.000000E+00  0.117699E+06  0.117699E+06  0.117699E+06 -0.606907E+00  0.117250E+06  0.117247E+06  0.221465E+02
  0.306153E-03  0.117703E+06  0.117696E+06  0.156690E+06  0.156629E+06  0.000000E+00  0.117701E+06  0.117701E+06  0.117701E+06 -0.606905E+00  0.117250E+06  0.117247E+06  0.222468E+02
  0.307566E-03  0.117676E+06  0.117669E+06  0.156653E+06  0.156591E+06  0.000000E+00  0.117675E+06  0.117675E+06  0.117675E+06 -0.606904E+00  0.117250E+06  0.117247E+06  0.223316E+02
  0.308985E-03  0.117706E+06  0.117700E+06  0.156691E+06  0.156628E+06  0.000000E+00  0.117705E+06  0.117705E+06  0.117705E+06 -0.606902E+00  0.117249E+06  0.117247E+06  0.224607E+02
  0.310412E-03  0.117700E+06  0.117693E+06  0.156680E+06  0.156617E+06  0.000000E+00  0.117699E+06  0.117699E+06  0.117699E+06 -0.606900E+00  0.117249E+06  0.117246E+06  0.225613E+02
  0.311844E-03  0.117700E+06  0.117693E+06  0.156678E+06  0.156614E+06  0.000000E+00  0.117699E+06  0.117699E+06  0.117699E+06 -0.606899E+00  0.117249E+06  0.117246E+06  0.226662E+02
  0.313284E-03  0.117700E+06  0.117693E+06  0.156675E+06  0.156611E+06  0.000000E+00  0.117699E+06  0.117699E+06  0.117699E+06 -0.606897E+00  0.117249E+06  0.117246E+06  0.227704E+02
  0.314730E-03  0.117673E+06  0.117666E+06  0.156637E+06  0.156572E+06  0.000000E+00  0.117672E+06  0.117672E+06  0.117672E+06 -0.606895E+00  0.117249E+06  0.117246E+06  0.228510E+02
  0.316183E-03  0.117680E+06  0.117672E+06  0.156643E+06  0.156578E+06  0.000000E+00  0.117678E+06  0.117678E+06  0.117678E+06 -0.606893E+00  0.117248E+06  0.117246E+06  0.229316E+02
  0.317642E-03  0.117691E+06  0.117684E+06  0.156656E+06  0.156590E+06  0.000000E+00  0.117690E+06  0.117690E+06  0.117690E+06 -0.606892E+00  0.117248E+06  0.117245E+06  0.230507E+02
  0.319108E-03  0.117680E+06  0.117672E+06  0.156639E+06  0.156572E+06  0.000000E+00  0.117679E+06  0.117679E+06  0.117679E+06 -0.606890E+00  0.117248E+06  0.117245E+06  0.231492E+02
  0.320581E-03  0.117677E+06  0.117669E+06  0.156632E+06  0.156565E+06  0.000000E+00  0.117676E+06  0.117676E+06  0.117676E+06 -0.606888E+00  0.117248E+06  0.117245E+06  0.232484E+02
  0.322061E-03  0.117678E+06  0.117670E+06  0.156631E+06  0.156563E+06  0.000000E+00  0.117677E+06  0.117677E+06  0.117677E+06 -0.606886E+00  0.117248E+06  0.117245E+06  0.233530E+02
  0.323547E-03  0.117686E+06  0.117679E+06  0.156639E+06  0.156571E+06  0.000000E+00  0.117685E+06  0.117685E+06  0.117685E+06 -0.606884E+00  0.117248E+06  0.117245E+06  0.234771E+02
  0.325041E-03  0.117685E+06  0.117677E+06  0.156635E+06  0.156566E+06  0.000000E+00  0.117683E+06  0.117683E+06  0.117683E+06 -0.606882E+00  0.117247E+06  0.117244E+06  0.235866E+02
  0.326541E-03  0.117683E+06  0.117675E+06  0.156630E+06  0.156560E+06  0.000000E+00  0.117681E+06  0.117681E+06  0.117681E+06 -0.606880E+00  0.117247E+06  0.117244E+06  0.236932E+02
  0.328048E-03  0.117685E+06  0.117677E+06  0.156630E+06  0.156559E+06  0.000000E+00  0.117683E+06  0.117683E+06  0.117683E+06 -0.606879E+00  0.117247E+06  0.117244E+06  0.238020E+02
  0.329563E-03  0.117686E+06  0.117679E+06  0.156630E+06  0.156559E+06  0.000000E+00  0.117685E+06  0.117685E+06  0.117685E+06 -0.606877E+00  0.117247E+06  0.117244E+06  0.239120E+02
  0.331084E-03  0.117686E+06  0.117678E+06  0.156626E+06  0.156554E+06  0.000000E+00  0.117684E+06  0.117684E+06  0.117684E+06 -0.606875E+00  0.117247E+06  0.117243E+06  0.240213E+02
  0.332612E-03  0.117684E+06  0.117676E+06  0.156621E+06  0.156549E+06  0.000000E+00  0.117683E+06  0.117683E+06  0.117683E+06 -0.606873E+00  0.117246E+06  0.117243E+06  0.241307E+02
  0.334147E-03  0.117683E+06  0.117675E+06  0.156617E+06  0.156544E+06  0.000000E+00  0.117682E+06  0.117682E+06  0.117682E+06 -0.606871E+00  0.117246E+06  0.117243E+06  0.242405E+02
  0.335690E-03  0.117681E+06  0.117673E+06  0.156611E+06  0.156538E+06  0.000000E+00  0.117680E+06  0.117680E+06  0.117680E+06 -0.606869E+00  0.117246E+06  0.117243E+06  0.243089E+02
  0.337239E-03  0.117680E+06  0.117671E+06  0.156607E+06  0.156533E+06  0.000000E+00  0.117678E+06  0.117678E+06  0.117678E+06 -0.606867E+00  0.117246E+06  0.117242E+06  0.244203E+02
  0.338796E-03  0.117678E+06  0.117670E+06  0.156603E+06  0.156528E+06  0.000000E+00  0.117677E+06  0.117677E+06  0.117677E+06 -0.606865E+00  0.117246E+06  0.117242E+06  0.245322E+02
  0.340360E-03  0.117656E+06  0.117648E+06  0.156570E+06  0.156494E+06  0.000000E+00  0.117655E+06  0.117655E+06  0.117655E+06 -0.606863E+00  0.117245E+06  0.117242E+06  0.246274E+02
  0.341931E-03  0.117653E+06  0.117645E+06  0.156564E+06  0.156487E+06  0.000000E+00  0.117652E+06  0.117652E+06  0.117652E+06 -0.606861E+00  0.117245E+06  0.117242E+06  0.247392E+02
  0.343509E-03  0.117651E+06  0.117643E+06  0.156558E+06  0.156481E+06  0.000000E+00  0.117650E+06  0.117650E+06  0.117650E+06 -0.606859E+00  0.117245E+06  0.117242E+06  0.248526E+02
  0.345095E-03  0.117649E+06  0.117641E+06  0.156553E+06  0.156475E+06  0.000000E+00  0.117648E+06  0.117648E+06  0.117648E+06 -0.606857E+00  0.117245E+06  0.117241E+06  0.249669E+02
  0.346687E-03  0.117648E+06  0.117639E+06  0.156548E+06  0.156469E+06  0.000000E+00  0.117647E+06  0.117647E+06  0.117647E+06 -0.606854E+00  0.117244E+06  0.117241E+06  0.250821E+02
  0.348288E-03  0.117647E+06  0.117638E+06  0.156544E+06  0.156464E+06  0.000000E+00  0.117645E+06  0.117645E+06  0.117645E+06 -0.606852E+00  0.117244E+06  0.117241E+06  0.251980E+02
  0.349895E-03  0.117646E+06  0.117637E+06  0.156539E+06  0.156459E+06  0.000000E+00  0.117645E+06  0.117645E+06  0.117645E+06 -0.606850E+00  0.117244E+06  0.117241E+06  0.253148E+02
  0.351510E-03  0.117645E+06  0.117636E+06  0.156536E+06  0.156455E+06  0.000000E+00  0.117644E+06  0.117644E+06  0.117644E+06 -0.606848E+00  0.117244E+06  0.117240E+06  0.254323E+02
  0.353133E-03  0.117645E+06  0.117636E+06  0.156532E+06  0.156450E+06  0.000000E+00  0.117643E+06  0.117643E+06  0.117643E+06 -0.606846E+00  0.117244E+06  0.117240E+06  0.255505E+02
  0.354763E-03  0.117627E+06  0.117617E+06  0.156505E+06  0.156422E+06  0.000000E+00  0.117625E+06  0.117625E+06  0.117625E+06 -0.606844E+00  0.117243E+06  0.117240E+06  0.256480E+02
  0.356400E-03  0.117626E+06  0.117617E+06  0.156502E+06  0.156418E+06  0.000000E+00  0.117625E+06  0.117625E+06  0.117625E+06 -0.606841E+00  0.117243E+06  0.117240E+06  0.257673E+02
  0.358045E-03  0.117626E+06  0.117617E+06  0.156498E+06  0.156415E+06  0.000000E+00  0.117625E+06  0.117625E+06  0.117625E+06 -0.606839E+00  0.117243E+06  0.117239E+06  0.258872E+02
  0.359698E-03  0.117626E+06  0.117617E+06  0.156495E+06  0.156411E+06  0.000000E+00  0.117625E+06  0.117625E+06  0.117625E+06 -0.606837E+00  0.117243E+06  0.117239E+06  0.260076E+02
  0.361358E-03  0.117627E+06  0.117617E+06  0.156492E+06  0.156407E+06  0.000000E+00  0.117625E+06  0.117625E+06  0.117625E+06 -0.606834E+00  0.117242E+06  0.117239E+06  0.261285E+02
  0.363026E-03  0.117627E+06  0.117617E+06  0.156489E+06  0.156403E+06  0.000000E+00  0.117625E+06  0.117625E+06  0.117625E+06 -0.606832E+00  0.117242E+06  0.117238E+06  0.262502E+02
  0.364702E-03  0.117627E+06  0.117617E+06  0.156487E+06  0.156400E+06  0.000000E+00  0.117626E+06  0.117626E+06  0.117626E+06 -0.606830E+00  0.117242E+06  0.117238E+06  0.263725E+02
  0.366385E-03  0.117628E+06  0.117618E+06  0.156484E+06  0.156396E+06  0.000000E+00  0.117626E+06  0.117626E+06  0.117626E+06 -0.606827E+00  0.117242E+06  0.117238E+06  0.264955E+02
  0.368076E-03  0.117628E+06  0.117619E+06  0.156482E+06  0.156393E+06  0.000000E+00  0.117627E+06  0.117627E+06  0.117627E+06 -0.606825E+00  0.117241E+06  0.117238E+06  0.266193E+02
  0.369775E-03  0.117629E+06  0.117619E+06  0.156480E+06  0.156390E+06  0.000000E+00  0.117628E+06  0.117628E+06  0.117628E+06 -0.606822E+00  0.117241E+06  0.117237E+06  0.267439E+02
  0.371482E-03  0.117629E+06  0.117619E+06  0.156477E+06  0.156386E+06  0.000000E+00  0.117628E+06  0.117628E+06  0.117628E+06 -0.606820E+00  0.117241E+06  0.117237E+06  0.268707E+02
  0.373197E-03  0.117629E+06  0.117619E+06  0.156473E+06  0.156382E+06  0.000000E+00  0.117627E+06  0.117627E+06  0.117627E+06 -0.606818E+00  0.117241E+06  0.117237E+06  0.269949E+02
  0.374920E-03  0.117628E+06  0.117618E+06  0.156469E+06  0.156377E+06  0.000000E+00  0.117627E+06  0.117627E+06  0.117627E+06 -0.606815E+00  0.117240E+06  0.117236E+06  0.271196E+02
  0.376650E-03  0.117665E+06  0.117654E+06  0.156515E+06  0.156421E+06  0.000000E+00  0.117663E+06  0.117663E+06  0.117663E+06 -0.606812E+00  0.117240E+06  0.117235E+06  0.337860E+02
  0.378389E-03  0.117656E+06  0.117645E+06  0.156500E+06  0.156405E+06  0.000000E+00  0.117655E+06  0.117655E+06  0.117655E+06 -0.606809E+00  0.117240E+06  0.117235E+06  0.321898E+02
  0.380135E-03  0.117656E+06  0.117645E+06  0.156496E+06  0.156401E+06  0.000000E+00  0.117654E+06  0.117654E+06  0.117654E+06 -0.606807E+00  0.117240E+06  0.117235E+06  0.323769E+02
  0.381890E-03  0.117656E+06  0.117644E+06  0.156492E+06  0.156396E+06  0.000000E+00  0.117654E+06  0.117654E+06  0.117654E+06 -0.606804E+00  0.117239E+06  0.117234E+06  0.325633E+02
  0.383653E-03  0.117625E+06  0.117615E+06  0.156447E+06  0.156351E+06  0.000000E+00  0.117624E+06  0.117624E+06  0.117624E+06 -0.606802E+00  0.117239E+06  0.117235E+06  0.277097E+02
  0.385423E-03  0.117625E+06  0.117614E+06  0.156443E+06  0.156346E+06  0.000000E+00  0.117623E+06  0.117623E+06  0.117623E+06 -0.606800E+00  0.117239E+06  0.117235E+06  0.278396E+02
  0.387202E-03  0.117624E+06  0.117613E+06  0.156438E+06  0.156340E+06  0.000000E+00  0.117622E+06  0.117622E+06  0.117622E+06 -0.606797E+00  0.117239E+06  0.117234E+06  0.279701E+02
  0.388990E-03  0.117624E+06  0.117613E+06  0.156434E+06  0.156335E+06  0.000000E+00  0.117622E+06  0.117622E+06  0.117622E+06 -0.606794E+00  0.117238E+06  0.117234E+06  0.281011E+02
  0.390785E-03  0.117623E+06  0.117612E+06  0.156430E+06  0.156330E+06  0.000000E+00  0.117621E+06  0.117621E+06  0.117621E+06 -0.606791E+00  0.117238E+06  0.117234E+06  0.282328E+02
  0.392589E-03  0.117624E+06  0.117613E+06  0.156427E+06  0.156327E+06  0.000000E+00  0.117622E+06  0.117622E+06  0.117622E+06 -0.606789E+00  0.117238E+06  0.117233E+06  0.285703E+02
  0.394401E-03  0.117624E+06  0.117612E+06  0.156423E+06  0.156321E+06  0.000000E+00  0.117622E+06  0.117622E+06  0.117622E+06 -0.606786E+00  0.117237E+06  0.117233E+06  0.287072E+02
  0.396222E-03  0.117623E+06  0.117612E+06  0.156419E+06  0.156316E+06  0.000000E+00  0.117622E+06  0.117622E+06  0.117622E+06 -0.606783E+00  0.117237E+06  0.117233E+06  0.288448E+02
  0.398050E-03  0.117621E+06  0.117610E+06  0.156412E+06  0.156309E+06  0.000000E+00  0.117619E+06  0.117619E+06  0.117619E+06 -0.606780E+00  0.117237E+06  0.117232E+06  0.289807E+02
  0.399888E-03  0.117621E+06  0.117609E+06  0.156408E+06  0.156303E+06  0.000000E+00  0.117619E+06  0.117619E+06  0.117619E+06 -0.606777E+00  0.117237E+06  0.117232E+06  0.291199E+02
  0.401733E-03  0.117621E+06  0.117609E+06  0.156404E+06  0.156298E+06  0.000000E+00  0.117619E+06  0.117619E+06  0.117619E+06 -0.606775E+00  0.117236E+06  0.117232E+06  0.292597E+02
  0.403588E-03  0.117620E+06  0.117608E+06  0.156399E+06  0.156293E+06  0.000000E+00  0.117618E+06  0.117618E+06  0.117618E+06 -0.606772E+00  0.117236E+06  0.117231E+06  0.294003E+02
  0.405451E-03  0.117619E+06  0.117607E+06  0.156394E+06  0.156287E+06  0.000000E+00  0.117617E+06  0.117617E+06  0.117617E+06 -0.606769E+00  0.117236E+06  0.117231E+06  0.294961E+02
  0.407322E-03  0.117619E+06  0.117607E+06  0.156389E+06  0.156281E+06  0.000000E+00  0.117617E+06  0.117617E+06  0.117617E+06 -0.606766E+00  0.117235E+06  0.117231E+06  0.296366E+02
  0.409202E-03  0.117618E+06  0.117606E+06  0.156385E+06  0.156275E+06  0.000000E+00  0.117616E+06  0.117616E+06  0.117616E+06 -0.606763E+00  0.117235E+06  0.117230E+06  0.297776E+02
  0.411091E-03  0.117618E+06  0.117606E+06  0.156380E+06  0.156270E+06  0.000000E+00  0.117616E+06  0.117616E+06  0.117616E+06 -0.606760E+00  0.117235E+06  0.117230E+06  0.299194E+02
  0.412989E-03  0.117617E+06  0.117605E+06  0.156375E+06  0.156264E+06  0.000000E+00  0.117615E+06  0.117615E+06  0.117615E+06 -0.606757E+00  0.117234E+06  0.117230E+06  0.300622E+02
  0.414895E-03  0.117604E+06  0.117592E+06  0.156352E+06  0.156240E+06  0.000000E+00  0.117602E+06  0.117602E+06  0.117602E+06 -0.606754E+00  0.117234E+06  0.117230E+06  0.279523E+02
  0.416810E-03  0.117603E+06  0.117591E+06  0.156348E+06  0.156235E+06  0.000000E+00  0.117601E+06  0.117601E+06  0.117601E+06 -0.606751E+00  0.117234E+06  0.117229E+06  0.281348E+02
  0.418734E-03  0.117616E+06  0.117604E+06  0.156361E+06  0.156247E+06  0.000000E+00  0.117614E+06  0.117614E+06  0.117614E+06 -0.606748E+00  0.117234E+06  0.117228E+06  0.305613E+02
  0.420667E-03  0.117616E+06  0.117603E+06  0.156356E+06  0.156240E+06  0.000000E+00  0.117613E+06  0.117613E+06  0.117613E+06 -0.606744E+00  0.117233E+06  0.117228E+06  0.306606E+02
  0.422608E-03  0.117634E+06  0.117621E+06  0.156377E+06  0.156260E+06  0.000000E+00  0.117632E+06  0.117632E+06  0.117632E+06 -0.606741E+00  0.117233E+06  0.117227E+06  0.342402E+02
  0.424559E-03  0.117632E+06  0.117619E+06  0.156371E+06  0.156252E+06  0.000000E+00  0.117630E+06  0.117630E+06  0.117630E+06 -0.606738E+00  0.117232E+06  0.117227E+06  0.341482E+02
  0.426519E-03  0.117631E+06  0.117617E+06  0.156364E+06  0.156244E+06  0.000000E+00  0.117629E+06  0.117629E+06  0.117629E+06 -0.606734E+00  0.117232E+06  0.117226E+06  0.340739E+02
  0.428487E-03  0.117615E+06  0.117602E+06  0.156338E+06  0.156218E+06  0.000000E+00  0.117613E+06  0.117613E+06  0.117613E+06 -0.606731E+00  0.117232E+06  0.117227E+06  0.313616E+02
  0.430465E-03  0.117628E+06  0.117614E+06  0.156351E+06  0.156230E+06  0.000000E+00  0.117626E+06  0.117626E+06  0.117626E+06 -0.606728E+00  0.117231E+06  0.117226E+06  0.341323E+02
  0.432452E-03  0.117622E+06  0.117608E+06  0.156339E+06  0.156216E+06  0.000000E+00  0.117620E+06  0.117620E+06  0.117620E+06 -0.606725E+00  0.117231E+06  0.117225E+06  0.332601E+02
  0.434448E-03  0.117614E+06  0.117600E+06  0.156323E+06  0.156200E+06  0.000000E+00  0.117612E+06  0.117612E+06  0.117612E+06 -0.606721E+00  0.117231E+06  0.117225E+06  0.319696E+02
  0.436454E-03  0.117605E+06  0.117591E+06  0.156306E+06  0.156182E+06  0.000000E+00  0.117603E+06  0.117603E+06  0.117603E+06 -0.606718E+00  0.117231E+06  0.117225E+06  0.304125E+02
  0.438468E-03  0.117603E+06  0.117590E+06  0.156300E+06  0.156174E+06  0.000000E+00  0.117601E+06  0.117601E+06  0.117601E+06 -0.606715E+00  0.117230E+06  0.117225E+06  0.304888E+02
  0.440492E-03  0.117602E+06  0.117589E+06  0.156294E+06  0.156167E+06  0.000000E+00  0.117600E+06  0.117600E+06  0.117600E+06 -0.606711E+00  0.117230E+06  0.117224E+06  0.305680E+02
  0.442525E-03  0.117588E+06  0.117574E+06  0.156268E+06  0.156141E+06  0.000000E+00  0.117585E+06  0.117585E+06  0.117585E+06 -0.606708E+00  0.117229E+06  0.117225E+06  0.277853E+02
  0.444568E-03  0.117585E+06  0.117572E+06  0.156260E+06  0.156132E+06  0.000000E+00  0.117583E+06  0.117583E+06  0.117583E+06 -0.606705E+00  0.117229E+06  0.117224E+06  0.275372E+02
  0.446620E-03  0.117590E+06  0.117577E+06  0.156263E+06  0.156133E+06  0.000000E+00  0.117588E+06  0.117588E+06  0.117588E+06 -0.606701E+00  0.117229E+06  0.117224E+06  0.288743E+02
  0.448681E-03  0.117584E+06  0.117570E+06  0.156249E+06  0.156118E+06  0.000000E+00  0.117581E+06  0.117581E+06  0.117581E+06 -0.606698E+00  0.117228E+06  0.117224E+06  0.276645E+02
  0.450752E-03  0.117605E+06  0.117590E+06  0.156273E+06  0.156140E+06  0.000000E+00  0.117603E+06  0.117603E+06  0.117603E+06 -0.606694E+00  0.117228E+06  0.117222E+06  0.326470E+02
  0.452833E-03  0.117592E+06  0.117577E+06  0.156250E+06  0.156117E+06  0.000000E+00  0.117589E+06  0.117589E+06  0.117589E+06 -0.606690E+00  0.117228E+06  0.117222E+06  0.300961E+02
  0.454923E-03  0.117579E+06  0.117565E+06  0.156227E+06  0.156093E+06  0.000000E+00  0.117577E+06  0.117577E+06  0.117577E+06 -0.606687E+00  0.117227E+06  0.117222E+06  0.274600E+02
  0.457023E-03  0.117604E+06  0.117589E+06  0.156257E+06  0.156121E+06  0.000000E+00  0.117602E+06  0.117602E+06  0.117602E+06 -0.606683E+00  0.117227E+06  0.117221E+06  0.330630E+02
  0.459133E-03  0.117592E+06  0.117578E+06  0.156236E+06  0.156099E+06  0.000000E+00  0.117590E+06  0.117590E+06  0.117590E+06 -0.606679E+00  0.117226E+06  0.117221E+06  0.308377E+02
  0.461252E-03  0.117604E+06  0.117588E+06  0.156246E+06  0.156107E+06  0.000000E+00  0.117601E+06  0.117601E+06  0.117601E+06 -0.606675E+00  0.117226E+06  0.117220E+06  0.332904E+02
  0.463381E-03  0.117607E+06  0.117591E+06  0.156246E+06  0.156105E+06  0.000000E+00  0.117604E+06  0.117604E+06  0.117604E+06 -0.606671E+00  0.117226E+06  0.117219E+06  0.341543E+02
  0.465520E-03  0.117620E+06  0.117604E+06  0.156259E+06  0.156117E+06  0.000000E+00  0.117618E+06  0.117618E+06  0.117618E+06 -0.606667E+00  0.117225E+06  0.117218E+06  0.369174E+02
  0.467668E-03  0.117605E+06  0.117589E+06  0.156232E+06  0.156089E+06  0.000000E+00  0.117602E+06  0.117602E+06  0.117602E+06 -0.606663E+00  0.117225E+06  0.117219E+06  0.342345E+02
  0.469827E-03  0.117605E+06  0.117589E+06  0.156227E+06  0.156083E+06  0.000000E+00  0.117602E+06  0.117602E+06  0.117602E+06 -0.606659E+00  0.117224E+06  0.117218E+06  0.345551E+02
  0.471996E-03  0.117634E+06  0.117616E+06  0.156262E+06  0.156115E+06  0.000000E+00  0.117631E+06  0.117631E+06  0.117631E+06 -0.606655E+00  0.117224E+06  0.117216E+06  0.401834E+02
  0.474174E-03  0.117621E+06  0.117604E+06  0.156239E+06  0.156091E+06  0.000000E+00  0.117618E+06  0.117618E+06  0.117618E+06 -0.606651E+00  0.117224E+06  0.117216E+06  0.380521E+02
  0.476363E-03  0.117608E+06  0.117591E+06  0.156215E+06  0.156067E+06  0.000000E+00  0.117605E+06  0.117605E+06  0.117605E+06 -0.606647E+00  0.117223E+06  0.117216E+06  0.358811E+02
  0.478562E-03  0.117607E+06  0.117590E+06  0.156209E+06  0.156059E+06  0.000000E+00  0.117604E+06  0.117604E+06  0.117604E+06 -0.606643E+00  0.117223E+06  0.117216E+06  0.359663E+02
  0.480771E-03  0.117597E+06  0.117580E+06  0.156189E+06  0.156039E+06  0.000000E+00  0.117594E+06  0.117594E+06  0.117594E+06 -0.606639E+00  0.117222E+06  0.117216E+06  0.345163E+02
  0.482990E-03  0.117620E+06  0.117602E+06  0.156216E+06  0.156062E+06  0.000000E+00  0.117617E+06  0.117617E+06  0.117617E+06 -0.606635E+00  0.117222E+06  0.117214E+06  0.391280E+02
  0.485219E-03  0.117618E+06  0.117600E+06  0.156207E+06  0.156053E+06  0.000000E+00  0.117615E+06  0.117615E+06  0.117615E+06 -0.606630E+00  0.117221E+06  0.117214E+06  0.390493E+02
  0.487459E-03  0.117625E+06  0.117607E+06  0.156212E+06  0.156055E+06  0.000000E+00  0.117622E+06  0.117622E+06  0.117622E+06 -0.606626E+00  0.117221E+06  0.117213E+06  0.407846E+02
  0.489709E-03  0.117609E+06  0.117590E+06  0.156183E+06  0.156025E+06  0.000000E+00  0.117606E+06  0.117606E+06  0.117606E+06 -0.606622E+00  0.117221E+06  0.117213E+06  0.383649E+02
  0.491969E-03  0.117591E+06  0.117574E+06  0.156153E+06  0.155995E+06  0.000000E+00  0.117588E+06  0.117588E+06  0.117588E+06 -0.606618E+00  0.117220E+06  0.117213E+06  0.352860E+02
  0.494240E-03  0.117604E+06  0.117586E+06  0.156165E+06  0.156005E+06  0.000000E+00  0.117601E+06  0.117601E+06  0.117601E+06 -0.606614E+00  0.117220E+06  0.117212E+06  0.381709E+02
  0.496521E-03  0.117603E+06  0.117584E+06  0.156157E+06  0.155996E+06  0.000000E+00  0.117600E+06  0.117600E+06  0.117600E+06 -0.606609E+00  0.117219E+06  0.117212E+06  0.383307E+02
  0.498813E-03  0.117601E+06  0.117583E+06  0.156149E+06  0.155986E+06  0.000000E+00  0.117598E+06  0.117598E+06  0.117598E+06 -0.606605E+00  0.117219E+06  0.117211E+06  0.384356E+02
  0.501116E-03  0.117571E+06  0.117554E+06  0.156101E+06  0.155938E+06  0.000000E+00  0.117568E+06  0.117568E+06  0.117568E+06 -0.606601E+00  0.117218E+06  0.117212E+06  0.326223E+02
  0.503429E-03  0.117603E+06  0.117584E+06  0.156140E+06  0.155974E+06  0.000000E+00  0.117600E+06  0.117600E+06  0.117600E+06 -0.606596E+00  0.117218E+06  0.117210E+06  0.399845E+02
  0.505753E-03  0.117608E+06  0.117588E+06  0.156140E+06  0.155972E+06  0.000000E+00  0.117604E+06  0.117604E+06  0.117604E+06 -0.606591E+00  0.117217E+06  0.117209E+06  0.412623E+02
  0.508087E-03  0.117599E+06  0.117580E+06  0.156122E+06  0.155953E+06  0.000000E+00  0.117596E+06  0.117596E+06  0.117596E+06 -0.606587E+00  0.117217E+06  0.117209E+06  0.397702E+02
  0.510432E-03  0.117582E+06  0.117563E+06  0.156092E+06  0.155922E+06  0.000000E+00  0.117579E+06  0.117579E+06  0.117579E+06 -0.606583E+00  0.117217E+06  0.117209E+06  0.363445E+02
  0.512788E-03  0.117587E+06  0.117568E+06  0.156093E+06  0.155921E+06  0.000000E+00  0.117584E+06  0.117584E+06  0.117584E+06 -0.606578E+00  0.117216E+06  0.117208E+06  0.378896E+02
  0.515155E-03  0.117577E+06  0.117558E+06  0.156072E+06  0.155900E+06  0.000000E+00  0.117574E+06  0.117574E+06  0.117574E+06 -0.606573E+00  0.117216E+06  0.117208E+06  0.354090E+02
  0.517533E-03  0.117576E+06  0.117557E+06  0.156065E+06  0.155891E+06  0.000000E+00  0.117573E+06  0.117573E+06  0.117573E+06 -0.606569E+00  0.117215E+06  0.117208E+06  0.356816E+02
  0.519922E-03  0.117592E+06  0.117572E+06  0.156080E+06  0.155903E+06  0.000000E+00  0.117588E+06  0.117588E+06  0.117588E+06 -0.606563E+00  0.117215E+06  0.117206E+06  0.405222E+02
  0.522322E-03  0.117578E+06  0.117558E+06  0.156055E+06  0.155877E+06  0.000000E+00  0.117575E+06  0.117575E+06  0.117575E+06 -0.606559E+00  0.117214E+06  0.117206E+06  0.372702E+02
  0.524733E-03  0.117585E+06  0.117564E+06  0.156057E+06  0.155878E+06  0.000000E+00  0.117581E+06  0.117581E+06  0.117581E+06 -0.606554E+00  0.117214E+06  0.117206E+06  0.389246E+02
  0.527155E-03  0.117580E+06  0.117560E+06  0.156044E+06  0.155863E+06  0.000000E+00  0.117577E+06  0.117577E+06  0.117577E+06 -0.606549E+00  0.117213E+06  0.117205E+06  0.381628E+02
  0.529588E-03  0.117576E+06  0.117556E+06  0.156033E+06  0.155850E+06  0.000000E+00  0.117573E+06  0.117573E+06  0.117573E+06 -0.606544E+00  0.117213E+06  0.117205E+06  0.377120E+02
  0.532032E-03  0.117575E+06  0.117554E+06  0.156024E+06  0.155839E+06  0.000000E+00  0.117572E+06  0.117572E+06  0.117572E+06 -0.606539E+00  0.117212E+06  0.117204E+06  0.380266E+02
  0.534488E-03  0.117576E+06  0.117555E+06  0.156019E+06  0.155833E+06  0.000000E+00  0.117573E+06  0.117573E+06  0.117573E+06 -0.606534E+00  0.117212E+06  0.117203E+06  0.386701E+02
  0.536955E-03  0.117573E+06  0.117552E+06  0.156008E+06  0.155820E+06  0.000000E+00  0.117570E+06  0.117570E+06  0.117570E+06 -0.606529E+00  0.117211E+06  0.117203E+06  0.383179E+02
  0.539434E-03  0.117573E+06  0.117552E+06  0.156001E+06  0.155811E+06  0.000000E+00  0.117570E+06  0.117570E+06  0.117570E+06 -0.606524E+00  0.117210E+06  0.117202E+06  0.386152E+02
  0.541924E-03  0.117574E+06  0.117553E+06  0.155995E+06  0.155804E+06  0.000000E+00  0.117571E+06  0.117571E+06  0.117571E+06 -0.606518E+00  0.117210E+06  0.117202E+06  0.391852E+02
  0.544425E-03  0.117574E+06  0.117552E+06  0.155988E+06  0.155794E+06  0.000000E+00  0.117570E+06  0.117570E+06  0.117570E+06 -0.606513E+00  0.117209E+06  0.117201E+06  0.394258E+02
  0.546938E-03  0.117573E+06  0.117552E+06  0.155980E+06  0.155785E+06  0.000000E+00  0.117570E+06  0.117570E+06  0.117570E+06 -0.606508E+00  0.117209E+06  0.117200E+06  0.395786E+02
  0.549462E-03  0.117574E+06  0.117552E+06  0.155973E+06  0.155776E+06  0.000000E+00  0.117570E+06  0.117570E+06  0.117570E+06 -0.606502E+00  0.117208E+06  0.117200E+06  0.399379E+02
  0.551999E-03  0.117563E+06  0.117541E+06  0.155951E+06  0.155753E+06  0.000000E+00  0.117559E+06  0.117559E+06  0.117559E+06 -0.606497E+00  0.117208E+06  0.117200E+06  0.377636E+02
  0.554547E-03  0.117569E+06  0.117547E+06  0.155952E+06  0.155752E+06  0.000000E+00  0.117566E+06  0.117566E+06  0.117566E+06 -0.606492E+00  0.117207E+06  0.117199E+06  0.394785E+02
  0.557106E-03  0.117570E+06  0.117548E+06  0.155946E+06  0.155744E+06  0.000000E+00  0.117566E+06  0.117566E+06  0.117566E+06 -0.606486E+00  0.117207E+06  0.117198E+06  0.399067E+02
  0.559678E-03  0.117583E+06  0.117559E+06  0.155957E+06  0.155752E+06  0.000000E+00  0.117579E+06  0.117579E+06  0.117579E+06 -0.606480E+00  0.117206E+06  0.117196E+06  0.432189E+02
  0.562261E-03  0.117564E+06  0.117542E+06  0.155923E+06  0.155717E+06  0.000000E+00  0.117560E+06  0.117560E+06  0.117560E+06 -0.606475E+00  0.117206E+06  0.117197E+06  0.391159E+02
  0.564856E-03  0.117564E+06  0.117542E+06  0.155915E+06  0.155708E+06  0.000000E+00  0.117561E+06  0.117561E+06  0.117561E+06 -0.606469E+00  0.117205E+06  0.117196E+06  0.394344E+02
  0.567464E-03  0.117563E+06  0.117540E+06  0.155905E+06  0.155696E+06  0.000000E+00  0.117559E+06  0.117559E+06  0.117559E+06 -0.606464E+00  0.117204E+06  0.117195E+06  0.395859E+02
  0.570083E-03  0.117564E+06  0.117541E+06  0.155900E+06  0.155688E+06  0.000000E+00  0.117560E+06  0.117560E+06  0.117560E+06 -0.606458E+00  0.117204E+06  0.117195E+06  0.403142E+02
  0.572714E-03  0.117560E+06  0.117537E+06  0.155886E+06  0.155673E+06  0.000000E+00  0.117556E+06  0.117556E+06  0.117556E+06 -0.606452E+00  0.117203E+06  0.117194E+06  0.395987E+02
  0.575358E-03  0.117566E+06  0.117542E+06  0.155887E+06  0.155671E+06  0.000000E+00  0.117562E+06  0.117562E+06  0.117562E+06 -0.606446E+00  0.117203E+06  0.117193E+06  0.413960E+02
  0.578014E-03  0.117570E+06  0.117545E+06  0.155884E+06  0.155666E+06  0.000000E+00  0.117566E+06  0.117566E+06  0.117566E+06 -0.606440E+00  0.117202E+06  0.117192E+06  0.425240E+02
  0.580682E-03  0.117569E+06  0.117544E+06  0.155874E+06  0.155655E+06  0.000000E+00  0.117565E+06  0.117565E+06  0.117565E+06 -0.606434E+00  0.117201E+06  0.117191E+06  0.426988E+02
  0.583362E-03  0.117570E+06  0.117544E+06  0.155868E+06  0.155645E+06  0.000000E+00  0.117565E+06  0.117565E+06  0.117565E+06 -0.606428E+00  0.117201E+06  0.117191E+06  0.432114E+02
  0.586055E-03  0.117568E+06  0.117542E+06  0.155857E+06  0.155633E+06  0.000000E+00  0.117563E+06  0.117563E+06  0.117563E+06 -0.606422E+00  0.117200E+06  0.117190E+06  0.431586E+02
  0.588760E-03  0.117567E+06  0.117541E+06  0.155847E+06  0.155621E+06  0.000000E+00  0.117562E+06  0.117562E+06  0.117562E+06 -0.606416E+00  0.117199E+06  0.117189E+06  0.433265E+02
  0.591477E-03  0.117566E+06  0.117540E+06  0.155838E+06  0.155610E+06  0.000000E+00  0.117562E+06  0.117562E+06  0.117562E+06 -0.606409E+00  0.117199E+06  0.117189E+06  0.435537E+02
  0.594207E-03  0.117565E+06  0.117539E+06  0.155828E+06  0.155598E+06  0.000000E+00  0.117561E+06  0.117561E+06  0.117561E+06 -0.606403E+00  0.117198E+06  0.117188E+06  0.437136E+02
  0.596950E-03  0.117563E+06  0.117537E+06  0.155816E+06  0.155584E+06  0.000000E+00  0.117558E+06  0.117558E+06  0.117558E+06 -0.606397E+00  0.117197E+06  0.117187E+06  0.435650E+02
  0.599706E-03  0.117562E+06  0.117536E+06  0.155807E+06  0.155573E+06  0.000000E+00  0.117558E+06  0.117558E+06  0.117558E+06 -0.606390E+00  0.117197E+06  0.117186E+06  0.438735E+02
  0.602474E-03  0.117557E+06  0.117531E+06  0.155791E+06  0.155555E+06  0.000000E+00  0.117553E+06  0.117553E+06  0.117553E+06 -0.606384E+00  0.117196E+06  0.117186E+06  0.431884E+02
  0.605255E-03  0.117551E+06  0.117525E+06  0.155774E+06  0.155536E+06  0.000000E+00  0.117547E+06  0.117547E+06  0.117547E+06 -0.606378E+00  0.117196E+06  0.117185E+06  0.421730E+02
  0.608048E-03  0.117551E+06  0.117525E+06  0.155765E+06  0.155525E+06  0.000000E+00  0.117547E+06  0.117547E+06  0.117547E+06 -0.606371E+00  0.117195E+06  0.117185E+06  0.426196E+02
  0.610855E-03  0.117552E+06  0.117525E+06  0.155757E+06  0.155514E+06  0.000000E+00  0.117547E+06  0.117547E+06  0.117547E+06 -0.606365E+00  0.117194E+06  0.117184E+06  0.430265E+02
  0.613674E-03  0.117552E+06  0.117525E+06  0.155748E+06  0.155503E+06  0.000000E+00  0.117547E+06  0.117547E+06  0.117547E+06 -0.606358E+00  0.117193E+06  0.117183E+06  0.433954E+02
  0.616507E-03  0.117562E+06  0.117534E+06  0.155753E+06  0.155505E+06  0.000000E+00  0.117557E+06  0.117557E+06  0.117557E+06 -0.606351E+00  0.117193E+06  0.117181E+06  0.460688E+02
  0.619353E-03  0.117560E+06  0.117532E+06  0.155742E+06  0.155492E+06  0.000000E+00  0.117555E+06  0.117555E+06  0.117555E+06 -0.606344E+00  0.117192E+06  0.117181E+06  0.460792E+02
  0.622212E-03  0.117560E+06  0.117531E+06  0.155732E+06  0.155480E+06  0.000000E+00  0.117555E+06  0.117555E+06  0.117555E+06 -0.606337E+00  0.117191E+06  0.117180E+06  0.464121E+02
  0.625084E-03  0.117559E+06  0.117530E+06  0.155721E+06  0.155466E+06  0.000000E+00  0.117554E+06  0.117554E+06  0.117554E+06 -0.606330E+00  0.117191E+06  0.117179E+06  0.465136E+02
  0.627969E-03  0.117558E+06  0.117529E+06  0.155711E+06  0.155454E+06  0.000000E+00  0.117553E+06  0.117553E+06  0.117553E+06 -0.606323E+00  0.117190E+06  0.117178E+06  0.467516E+02
  0.630867E-03  0.117558E+06  0.117528E+06  0.155701E+06  0.155441E+06  0.000000E+00  0.117553E+06  0.117553E+06  0.117553E+06 -0.606316E+00  0.117189E+06  0.117177E+06  0.470613E+02
  0.633779E-03  0.117557E+06  0.117528E+06  0.155691E+06  0.155429E+06  0.000000E+00  0.117552E+06  0.117552E+06  0.117552E+06 -0.606309E+00  0.117188E+06  0.117177E+06  0.473882E+02
  0.636705E-03  0.117557E+06  0.117527E+06  0.155681E+06  0.155417E+06  0.000000E+00  0.117552E+06  0.117552E+06  0.117552E+06 -0.606302E+00  0.117188E+06  0.117176E+06  0.477225E+02
  0.639644E-03  0.117555E+06  0.117524E+06  0.155668E+06  0.155401E+06  0.000000E+00  0.117550E+06  0.117550E+06  0.117550E+06 -0.606294E+00  0.117187E+06  0.117175E+06  0.475075E+02
  0.642596E-03  0.117553E+06  0.117523E+06  0.155656E+06  0.155387E+06  0.000000E+00  0.117548E+06  0.117548E+06  0.117548E+06 -0.606287E+00  0.117186E+06  0.117174E+06  0.476262E+02
  0.645562E-03  0.117552E+06  0.117522E+06  0.155645E+06  0.155373E+06  0.000000E+00  0.117547E+06  0.117547E+06  0.117547E+06 -0.606280E+00  0.117185E+06  0.117173E+06  0.477479E+02
  0.648542E-03  0.117561E+06  0.117530E+06  0.155648E+06  0.155373E+06  0.000000E+00  0.117556E+06  0.117556E+06  0.117556E+06 -0.606272E+00  0.117185E+06  0.117172E+06  0.503688E+02
  0.651535E-03  0.117550E+06  0.117519E+06  0.155622E+06  0.155345E+06  0.000000E+00  0.117545E+06  0.117545E+06  0.117545E+06 -0.606265E+00  0.117184E+06  0.117172E+06  0.479094E+02
  0.654543E-03  0.117549E+06  0.117517E+06  0.155610E+06  0.155331E+06  0.000000E+00  0.117544E+06  0.117544E+06  0.117544E+06 -0.606257E+00  0.117183E+06  0.117171E+06  0.480769E+02
  0.657564E-03  0.117548E+06  0.117516E+06  0.155598E+06  0.155316E+06  0.000000E+00  0.117543E+06  0.117543E+06  0.117543E+06 -0.606250E+00  0.117182E+06  0.117170E+06  0.482410E+02
  0.660599E-03  0.117547E+06  0.117515E+06  0.155586E+06  0.155302E+06  0.000000E+00  0.117541E+06  0.117541E+06  0.117541E+06 -0.606242E+00  0.117181E+06  0.117169E+06  0.483946E+02
  0.663648E-03  0.117545E+06  0.117513E+06  0.155574E+06  0.155287E+06  0.000000E+00  0.117540E+06  0.117540E+06  0.117540E+06 -0.606234E+00  0.117181E+06  0.117168E+06  0.485393E+02
  0.666712E-03  0.117544E+06  0.117511E+06  0.155561E+06  0.155272E+06  0.000000E+00  0.117539E+06  0.117539E+06  0.117539E+06 -0.606226E+00  0.117180E+06  0.117167E+06  0.485446E+02
  0.669789E-03  0.117543E+06  0.117510E+06  0.155549E+06  0.155257E+06  0.000000E+00  0.117538E+06  0.117538E+06  0.117538E+06 -0.606218E+00  0.117179E+06  0.117166E+06  0.487839E+02
  0.672881E-03  0.117542E+06  0.117509E+06  0.155537E+06  0.155242E+06  0.000000E+00  0.117537E+06  0.117537E+06  0.117537E+06 -0.606210E+00  0.117178E+06  0.117165E+06  0.489843E+02
  0.675987E-03  0.117543E+06  0.117509E+06  0.155527E+06  0.155230E+06  0.000000E+00  0.117537E+06  0.117537E+06  0.117537E+06 -0.606202E+00  0.117177E+06  0.117164E+06  0.496469E+02
  0.679107E-03  0.117546E+06  0.117512E+06  0.155521E+06  0.155221E+06  0.000000E+00  0.117541E+06  0.117541E+06  0.117541E+06 -0.606194E+00  0.117177E+06  0.117163E+06  0.510045E+02
  0.682241E-03  0.117546E+06  0.117511E+06  0.155510E+06  0.155206E+06  0.000000E+00  0.117540E+06  0.117540E+06  0.117540E+06 -0.606185E+00  0.117176E+06  0.117162E+06  0.513627E+02
  0.685390E-03  0.117535E+06  0.117501E+06  0.155482E+06  0.155177E+06  0.000000E+00  0.117529E+06  0.117529E+06  0.117529E+06 -0.606178E+00  0.117175E+06  0.117162E+06  0.488928E+02
  0.688554E-03  0.117541E+06  0.117506E+06  0.155481E+06  0.155172E+06  0.000000E+00  0.117536E+06  0.117536E+06  0.117536E+06 -0.606169E+00  0.117174E+06  0.117160E+06  0.510085E+02
  0.691732E-03  0.117540E+06  0.117505E+06  0.155468E+06  0.155157E+06  0.000000E+00  0.117535E+06  0.117535E+06  0.117535E+06 -0.606160E+00  0.117173E+06  0.117159E+06  0.512235E+02
  0.694925E-03  0.117539E+06  0.117504E+06  0.155455E+06  0.155141E+06  0.000000E+00  0.117534E+06  0.117534E+06  0.117534E+06 -0.606152E+00  0.117172E+06  0.117158E+06  0.514219E+02
  0.698133E-03  0.117547E+06  0.117510E+06  0.155455E+06  0.155137E+06  0.000000E+00  0.117541E+06  0.117541E+06  0.117541E+06 -0.606142E+00  0.117171E+06  0.117156E+06  0.539656E+02
  0.701355E-03  0.117545E+06  0.117508E+06  0.155440E+06  0.155119E+06  0.000000E+00  0.117539E+06  0.117539E+06  0.117539E+06 -0.606134E+00  0.117170E+06  0.117155E+06  0.538592E+02
  0.704593E-03  0.117543E+06  0.117506E+06  0.155425E+06  0.155101E+06  0.000000E+00  0.117537E+06  0.117537E+06  0.117537E+06 -0.606125E+00  0.117169E+06  0.117154E+06  0.537888E+02
  0.707845E-03  0.117541E+06  0.117503E+06  0.155410E+06  0.155084E+06  0.000000E+00  0.117535E+06  0.117535E+06  0.117535E+06 -0.606116E+00  0.117169E+06  0.117154E+06  0.537217E+02
  0.711112E-03  0.117539E+06  0.117501E+06  0.155396E+06  0.155066E+06  0.000000E+00  0.117533E+06  0.117533E+06  0.117533E+06 -0.606107E+00  0.117168E+06  0.117153E+06  0.537202E+02
  0.714394E-03  0.117537E+06  0.117499E+06  0.155381E+06  0.155048E+06  0.000000E+00  0.117531E+06  0.117531E+06  0.117531E+06 -0.606098E+00  0.117167E+06  0.117152E+06  0.537202E+02
  0.717692E-03  0.117535E+06  0.117497E+06  0.155366E+06  0.155031E+06  0.000000E+00  0.117529E+06  0.117529E+06  0.117529E+06 -0.606089E+00  0.117166E+06  0.117151E+06  0.537710E+02
  0.721005E-03  0.117534E+06  0.117495E+06  0.155351E+06  0.155013E+06  0.000000E+00  0.117527E+06  0.117527E+06  0.117527E+06 -0.606080E+00  0.117165E+06  0.117149E+06  0.538532E+02
  0.724333E-03  0.117532E+06  0.117493E+06  0.155337E+06  0.154996E+06  0.000000E+00  0.117526E+06  0.117526E+06  0.117526E+06 -0.606071E+00  0.117164E+06  0.117148E+06  0.539395E+02
  0.727676E-03  0.117525E+06  0.117487E+06  0.155314E+06  0.154971E+06  0.000000E+00  0.117519E+06  0.117519E+06  0.117519E+06 -0.606062E+00  0.117163E+06  0.117148E+06  0.524542E+02
  0.731035E-03  0.117517E+06  0.117479E+06  0.155290E+06  0.154944E+06  0.000000E+00  0.117511E+06  0.117511E+06  0.117511E+06 -0.606053E+00  0.117162E+06  0.117147E+06  0.507774E+02
  0.734409E-03  0.117524E+06  0.117485E+06  0.155287E+06  0.154937E+06  0.000000E+00  0.117518E+06  0.117518E+06  0.117518E+06 -0.606043E+00  0.117161E+06  0.117146E+06  0.532461E+02
  0.737799E-03  0.117523E+06  0.117484E+06  0.155273E+06  0.154920E+06  0.000000E+00  0.117517E+06  0.117517E+06  0.117517E+06 -0.606033E+00  0.117160E+06  0.117144E+06  0.535130E+02
  0.741204E-03  0.117516E+06  0.117476E+06  0.155249E+06  0.154893E+06  0.000000E+00  0.117509E+06  0.117509E+06  0.117509E+06 -0.606024E+00  0.117159E+06  0.117144E+06  0.517872E+02
  0.744626E-03  0.117515E+06  0.117475E+06  0.155235E+06  0.154876E+06  0.000000E+00  0.117509E+06  0.117509E+06  0.117509E+06 -0.606014E+00  0.117158E+06  0.117143E+06  0.521752E+02
  0.748063E-03  0.117515E+06  0.117475E+06  0.155221E+06  0.154859E+06  0.000000E+00  0.117508E+06  0.117508E+06  0.117508E+06 -0.606004E+00  0.117157E+06  0.117141E+06  0.526505E+02
  0.751516E-03  0.117514E+06  0.117474E+06  0.155207E+06  0.154841E+06  0.000000E+00  0.117508E+06  0.117508E+06  0.117508E+06 -0.605994E+00  0.117156E+06  0.117140E+06  0.530252E+02
  0.754985E-03  0.117514E+06  0.117473E+06  0.155193E+06  0.154824E+06  0.000000E+00  0.117507E+06  0.117507E+06  0.117507E+06 -0.605984E+00  0.117155E+06  0.117139E+06  0.534001E+02
  0.758469E-03  0.117513E+06  0.117472E+06  0.155178E+06  0.154806E+06  0.000000E+00  0.117506E+06  0.117506E+06  0.117506E+06 -0.605974E+00  0.117154E+06  0.117138E+06  0.538040E+02
  0.761970E-03  0.117512E+06  0.117471E+06  0.155163E+06  0.154788E+06  0.000000E+00  0.117506E+06  0.117506E+06  0.117506E+06 -0.605963E+00  0.117153E+06  0.117137E+06  0.541482E+02
  0.765487E-03  0.117512E+06  0.117470E+06  0.155149E+06  0.154769E+06  0.000000E+00  0.117505E+06  0.117505E+06  0.117505E+06 -0.605953E+00  0.117152E+06  0.117135E+06  0.545793E+02
  0.769021E-03  0.117510E+06  0.117467E+06  0.155132E+06  0.154749E+06  0.000000E+00  0.117503E+06  0.117503E+06  0.117503E+06 -0.605942E+00  0.117151E+06  0.117134E+06  0.544573E+02
  0.772570E-03  0.117509E+06  0.117466E+06  0.155116E+06  0.154730E+06  0.000000E+00  0.117502E+06  0.117502E+06  0.117502E+06 -0.605932E+00  0.117150E+06  0.117133E+06  0.547163E+02
  0.776136E-03  0.117508E+06  0.117464E+06  0.155101E+06  0.154711E+06  0.000000E+00  0.117501E+06  0.117501E+06  0.117501E+06 -0.605921E+00  0.117148E+06  0.117132E+06  0.550344E+02
  0.779719E-03  0.117507E+06  0.117463E+06  0.155085E+06  0.154692E+06  0.000000E+00  0.117500E+06  0.117500E+06  0.117500E+06 -0.605910E+00  0.117147E+06  0.117130E+06  0.553934E+02
  0.783318E-03  0.117506E+06  0.117462E+06  0.155069E+06  0.154672E+06  0.000000E+00  0.117499E+06  0.117499E+06  0.117499E+06 -0.605899E+00  0.117146E+06  0.117129E+06  0.557707E+02
  0.786934E-03  0.117505E+06  0.117461E+06  0.155054E+06  0.154653E+06  0.000000E+00  0.117498E+06  0.117498E+06  0.117498E+06 -0.605888E+00  0.117145E+06  0.117128E+06  0.561570E+02
  0.790566E-03  0.117505E+06  0.117459E+06  0.155038E+06  0.154633E+06  0.000000E+00  0.117497E+06  0.117497E+06  0.117497E+06 -0.605877E+00  0.117144E+06  0.117126E+06  0.565391E+02
  0.794215E-03  0.117504E+06  0.117458E+06  0.155022E+06  0.154613E+06  0.000000E+00  0.117496E+06  0.117496E+06  0.117496E+06 -0.605866E+00  0.117143E+06  0.117125E+06  0.569202E+02
  0.797881E-03  0.117503E+06  0.117457E+06  0.155005E+06  0.154593E+06  0.000000E+00  0.117495E+06  0.117495E+06  0.117495E+06 -0.605855E+00  0.117142E+06  0.117124E+06  0.572855E+02
  0.801564E-03  0.117502E+06  0.117455E+06  0.154989E+06  0.154573E+06  0.000000E+00  0.117494E+06  0.117494E+06  0.117494E+06 -0.605844E+00  0.117140E+06  0.117122E+06  0.576523E+02
  0.805264E-03  0.117499E+06  0.117452E+06  0.154969E+06  0.154550E+06  0.000000E+00  0.117492E+06  0.117492E+06  0.117492E+06 -0.605832E+00  0.117139E+06  0.117121E+06  0.574524E+02
  0.808980E-03  0.117498E+06  0.117451E+06  0.154953E+06  0.154530E+06  0.000000E+00  0.117491E+06  0.117491E+06  0.117491E+06 -0.605821E+00  0.117138E+06  0.117120E+06  0.578862E+02
  0.812715E-03  0.117498E+06  0.117450E+06  0.154936E+06  0.154509E+06  0.000000E+00  0.117490E+06  0.117490E+06  0.117490E+06 -0.605809E+00  0.117137E+06  0.117118E+06  0.583254E+02
  0.816466E-03  0.117497E+06  0.117449E+06  0.154920E+06  0.154488E+06  0.000000E+00  0.117489E+06  0.117489E+06  0.117489E+06 -0.605797E+00  0.117136E+06  0.117117E+06  0.587637E+02
  0.820235E-03  0.117496E+06  0.117447E+06  0.154901E+06  0.154466E+06  0.000000E+00  0.117488E+06  0.117488E+06  0.117488E+06 -0.605785E+00  0.117134E+06  0.117115E+06  0.589020E+02
  0.824021E-03  0.117499E+06  0.117449E+06  0.154890E+06  0.154450E+06  0.000000E+00  0.117491E+06  0.117491E+06  0.117491E+06 -0.605773E+00  0.117133E+06  0.117113E+06  0.605922E+02
  0.827824E-03  0.117497E+06  0.117447E+06  0.154872E+06  0.154428E+06  0.000000E+00  0.117489E+06  0.117489E+06  0.117489E+06 -0.605761E+00  0.117132E+06  0.117112E+06  0.607680E+02
  0.831645E-03  0.117496E+06  0.117445E+06  0.154853E+06  0.154405E+06  0.000000E+00  0.117487E+06  0.117487E+06  0.117487E+06 -0.605748E+00  0.117131E+06  0.117111E+06  0.610213E+02
  0.835484E-03  0.117494E+06  0.117443E+06  0.154835E+06  0.154383E+06  0.000000E+00  0.117486E+06  0.117486E+06  0.117486E+06 -0.605736E+00  0.117129E+06  0.117109E+06  0.613113E+02
  0.839340E-03  0.117495E+06  0.117443E+06  0.154819E+06  0.154363E+06  0.000000E+00  0.117487E+06  0.117487E+06  0.117487E+06 -0.605723E+00  0.117128E+06  0.117107E+06  0.622267E+02
  0.843214E-03  0.117493E+06  0.117440E+06  0.154799E+06  0.154339E+06  0.000000E+00  0.117484E+06  0.117484E+06  0.117484E+06 -0.605711E+00  0.117127E+06  0.117106E+06  0.621482E+02
  0.847107E-03  0.117490E+06  0.117437E+06  0.154778E+06  0.154314E+06  0.000000E+00  0.117481E+06  0.117481E+06  0.117481E+06 -0.605698E+00  0.117125E+06  0.117105E+06  0.620471E+02
  0.851017E-03  0.117487E+06  0.117435E+06  0.154757E+06  0.154289E+06  0.000000E+00  0.117479E+06  0.117479E+06  0.117479E+06 -0.605686E+00  0.117124E+06  0.117103E+06  0.619327E+02
  0.854945E-03  0.117485E+06  0.117432E+06  0.154736E+06  0.154264E+06  0.000000E+00  0.117476E+06  0.117476E+06  0.117476E+06 -0.605673E+00  0.117123E+06  0.117102E+06  0.618189E+02
  0.858891E-03  0.117487E+06  0.117433E+06  0.154722E+06  0.154245E+06  0.000000E+00  0.117478E+06  0.117478E+06  0.117478E+06 -0.605659E+00  0.117121E+06  0.117100E+06  0.633383E+02
  0.862855E-03  0.117481E+06  0.117427E+06  0.154695E+06  0.154215E+06  0.000000E+00  0.117472E+06  0.117472E+06  0.117472E+06 -0.605647E+00  0.117120E+06  0.117099E+06  0.622305E+02
  0.866838E-03  0.117482E+06  0.117427E+06  0.154681E+06  0.154195E+06  0.000000E+00  0.117474E+06  0.117474E+06  0.117474E+06 -0.605633E+00  0.117119E+06  0.117097E+06  0.636194E+02
  0.870839E-03  0.117478E+06  0.117423E+06  0.154656E+06  0.154166E+06  0.000000E+00  0.117469E+06  0.117469E+06  0.117469E+06 -0.605620E+00  0.117117E+06  0.117096E+06  0.629403E+02
  0.874859E-03  0.117477E+06  0.117421E+06  0.154636E+06  0.154142E+06  0.000000E+00  0.117468E+06  0.117468E+06  0.117468E+06 -0.605606E+00  0.117116E+06  0.117094E+06  0.632291E+02
  0.878897E-03  0.117475E+06  0.117419E+06  0.154616E+06  0.154117E+06  0.000000E+00  0.117466E+06  0.117466E+06  0.117466E+06 -0.605593E+00  0.117115E+06  0.117093E+06  0.634770E+02
  0.882954E-03  0.117478E+06  0.117421E+06  0.154602E+06  0.154098E+06  0.000000E+00  0.117469E+06  0.117469E+06  0.117469E+06 -0.605579E+00  0.117113E+06  0.117090E+06  0.651647E+02
  0.887029E-03  0.117473E+06  0.117416E+06  0.154576E+06  0.154068E+06  0.000000E+00  0.117464E+06  0.117464E+06  0.117464E+06 -0.605565E+00  0.117112E+06  0.117089E+06  0.641827E+02
  0.891124E-03  0.117469E+06  0.117412E+06  0.154550E+06  0.154039E+06  0.000000E+00  0.117460E+06  0.117460E+06  0.117460E+06 -0.605551E+00  0.117110E+06  0.117088E+06  0.635492E+02
  0.895237E-03  0.117468E+06  0.117410E+06  0.154530E+06  0.154013E+06  0.000000E+00  0.117458E+06  0.117458E+06  0.117458E+06 -0.605537E+00  0.117109E+06  0.117086E+06  0.638911E+02
  0.899369E-03  0.117466E+06  0.117408E+06  0.154509E+06  0.153987E+06  0.000000E+00  0.117457E+06  0.117457E+06  0.117457E+06 -0.605523E+00  0.117107E+06  0.117085E+06  0.642116E+02
  0.903521E-03  0.117465E+06  0.117406E+06  0.154488E+06  0.153961E+06  0.000000E+00  0.117455E+06  0.117455E+06  0.117455E+06 -0.605508E+00  0.117106E+06  0.117083E+06  0.645198E+02
  0.907691E-03  0.117464E+06  0.117404E+06  0.154466E+06  0.153935E+06  0.000000E+00  0.117454E+06  0.117454E+06  0.117454E+06 -0.605494E+00  0.117104E+06  0.117081E+06  0.648231E+02
  0.911881E-03  0.117462E+06  0.117402E+06  0.154444E+06  0.153909E+06  0.000000E+00  0.117452E+06  0.117452E+06  0.117452E+06 -0.605479E+00  0.117103E+06  0.117079E+06  0.651219E+02
  0.916090E-03  0.117461E+06  0.117401E+06  0.154423E+06  0.153883E+06  0.000000E+00  0.117451E+06  0.117451E+06  0.117451E+06 -0.605464E+00  0.117101E+06  0.117078E+06  0.655583E+02
  0.920318E-03  0.117460E+06  0.117399E+06  0.154402E+06  0.153856E+06  0.000000E+00  0.117450E+06  0.117450E+06  0.117450E+06 -0.605449E+00  0.117100E+06  0.117076E+06  0.659303E+02
  0.924566E-03  0.117459E+06  0.117397E+06  0.154380E+06  0.153829E+06  0.000000E+00  0.117449E+06  0.117449E+06  0.117449E+06 -0.605434E+00  0.117098E+06  0.117074E+06  0.663041E+02
  0.928834E-03  0.117457E+06  0.117395E+06  0.154357E+06  0.153802E+06  0.000000E+00  0.117447E+06  0.117447E+06  0.117447E+06 -0.605419E+00  0.117097E+06  0.117072E+06  0.667016E+02
  0.933121E-03  0.117456E+06  0.117393E+06  0.154335E+06  0.153774E+06  0.000000E+00  0.117446E+06  0.117446E+06  0.117446E+06 -0.605403E+00  0.117095E+06  0.117070E+06  0.670930E+02
  0.937428E-03  0.117454E+06  0.117391E+06  0.154312E+06  0.153746E+06  0.000000E+00  0.117444E+06  0.117444E+06  0.117444E+06 -0.605388E+00  0.117093E+06  0.117069E+06  0.674547E+02
  0.941755E-03  0.117453E+06  0.117389E+06  0.154289E+06  0.153718E+06  0.000000E+00  0.117442E+06  0.117442E+06  0.117442E+06 -0.605372E+00  0.117092E+06  0.117067E+06  0.677978E+02
  0.946102E-03  0.117451E+06  0.117386E+06  0.154266E+06  0.153689E+06  0.000000E+00  0.117441E+06  0.117441E+06  0.117441E+06 -0.605356E+00  0.117090E+06  0.117065E+06  0.681277E+02
  0.950469E-03  0.117450E+06  0.117384E+06  0.154242E+06  0.153660E+06  0.000000E+00  0.117439E+06  0.117439E+06  0.117439E+06 -0.605340E+00  0.117089E+06  0.117063E+06  0.684492E+02
  0.954856E-03  0.117448E+06  0.117382E+06  0.154218E+06  0.153631E+06  0.000000E+00  0.117437E+06  0.117437E+06  0.117437E+06 -0.605324E+00  0.117087E+06  0.117061E+06  0.687654E+02
  0.959264E-03  0.117447E+06  0.117380E+06  0.154194E+06  0.153602E+06  0.000000E+00  0.117436E+06  0.117436E+06  0.117436E+06 -0.605308E+00  0.117085E+06  0.117059E+06  0.691514E+02
  0.963692E-03  0.117445E+06  0.117378E+06  0.154170E+06  0.153573E+06  0.000000E+00  0.117434E+06  0.117434E+06  0.117434E+06 -0.605292E+00  0.117084E+06  0.117057E+06  0.695010E+02
  0.968140E-03  0.117443E+06  0.117375E+06  0.154146E+06  0.153543E+06  0.000000E+00  0.117432E+06  0.117432E+06  0.117432E+06 -0.605275E+00  0.117082E+06  0.117055E+06  0.698519E+02
  0.972608E-03  0.117442E+06  0.117373E+06  0.154121E+06  0.153513E+06  0.000000E+00  0.117431E+06  0.117431E+06  0.117431E+06 -0.605258E+00  0.117080E+06  0.117053E+06  0.702490E+02
  0.977098E-03  0.117439E+06  0.117370E+06  0.154095E+06  0.153481E+06  0.000000E+00  0.117428E+06  0.117428E+06  0.117428E+06 -0.605242E+00  0.117078E+06  0.117051E+06  0.702326E+02
  0.981608E-03  0.117437E+06  0.117368E+06  0.154070E+06  0.153450E+06  0.000000E+00  0.117426E+06  0.117426E+06  0.117426E+06 -0.605225E+00  0.117077E+06  0.117049E+06  0.705513E+02
  0.986139E-03  0.117436E+06  0.117365E+06  0.154044E+06  0.153419E+06  0.000000E+00  0.117424E+06  0.117424E+06  0.117424E+06 -0.605207E+00  0.117075E+06  0.117047E+06  0.708749E+02
  0.990691E-03  0.117434E+06  0.117363E+06  0.154019E+06  0.153388E+06  0.000000E+00  0.117422E+06  0.117422E+06  0.117422E+06 -0.605190E+00  0.117073E+06  0.117045E+06  0.712030E+02
  0.995263E-03  0.117432E+06  0.117360E+06  0.153993E+06  0.153356E+06  0.000000E+00  0.117420E+06  0.117420E+06  0.117420E+06 -0.605173E+00  0.117071E+06  0.117043E+06  0.715337E+02
  0.999857E-03  0.117430E+06  0.117358E+06  0.153967E+06  0.153324E+06  0.000000E+00  0.117418E+06  0.117418E+06  0.117418E+06 -0.605155E+00  0.117069E+06  0.117041E+06  0.718726E+02
  0.100447E-02  0.117428E+06  0.117355E+06  0.153940E+06  0.153292E+06  0.000000E+00  0.117416E+06  0.117416E+06  0.117416E+06 -0.605137E+00  0.117068E+06  0.117039E+06  0.722173E+02
  0.100911E-02  0.117427E+06  0.117353E+06  0.153914E+06  0.153260E+06  0.000000E+00  0.117415E+06  0.117415E+06  0.117415E+06 -0.605119E+00  0.117066E+06  0.117037E+06  0.725823E+02
  0.101377E-02  0.117425E+06  0.117351E+06  0.153887E+06  0.153227E+06  0.000000E+00  0.117413E+06  0.117413E+06  0.117413E+06 -0.605101E+00  0.117064E+06  0.117035E+06  0.729355E+02
  0.101845E-02  0.117423E+06  0.117348E+06  0.153860E+06  0.153195E+06  0.000000E+00  0.117411E+06  0.117411E+06  0.117411E+06 -0.605083E+00  0.117062E+06  0.117032E+06  0.732990E+02
  0.102315E-02  0.117416E+06  0.117342E+06  0.153825E+06  0.153155E+06  0.000000E+00  0.117404E+06  0.117404E+06  0.117404E+06 -0.605065E+00  0.117060E+06  0.117031E+06  0.717100E+02
  0.102787E-02  0.117416E+06  0.117340E+06  0.153800E+06  0.153123E+06  0.000000E+00  0.117404E+06  0.117404E+06  0.117404E+06 -0.605046E+00  0.117058E+06  0.117029E+06  0.726947E+02
  0.103261E-02  0.117414E+06  0.117338E+06  0.153773E+06  0.153090E+06  0.000000E+00  0.117402E+06  0.117402E+06  0.117402E+06 -0.605027E+00  0.117056E+06  0.117026E+06  0.730996E+02
  0.103738E-02  0.117413E+06  0.117335E+06  0.153745E+06  0.153056E+06  0.000000E+00  0.117400E+06  0.117400E+06  0.117400E+06 -0.605008E+00  0.117054E+06  0.117024E+06  0.734936E+02
  0.104217E-02  0.117411E+06  0.117333E+06  0.153717E+06  0.153021E+06  0.000000E+00  0.117398E+06  0.117398E+06  0.117398E+06 -0.604989E+00  0.117052E+06  0.117022E+06  0.738778E+02
  0.104698E-02  0.117409E+06  0.117330E+06  0.153689E+06  0.152986E+06  0.000000E+00  0.117396E+06  0.117396E+06  0.117396E+06 -0.604970E+00  0.117050E+06  0.117020E+06  0.742657E+02
  0.105181E-02  0.117407E+06  0.117328E+06  0.153660E+06  0.152952E+06  0.000000E+00  0.117394E+06  0.117394E+06  0.117394E+06 -0.604950E+00  0.117048E+06  0.117017E+06  0.747043E+02
  0.105667E-02  0.117405E+06  0.117325E+06  0.153630E+06  0.152915E+06  0.000000E+00  0.117392E+06  0.117392E+06  0.117392E+06 -0.604931E+00  0.117046E+06  0.117015E+06  0.747867E+02
  0.106154E-02  0.117403E+06  0.117322E+06  0.153601E+06  0.152880E+06  0.000000E+00  0.117390E+06  0.117390E+06  0.117390E+06 -0.604911E+00  0.117044E+06  0.117013E+06  0.752066E+02
  0.106644E-02  0.117401E+06  0.117320E+06  0.153572E+06  0.152844E+06  0.000000E+00  0.117388E+06  0.117388E+06  0.117388E+06 -0.604891E+00  0.117042E+06  0.117010E+06  0.756172E+02
  0.107137E-02  0.117399E+06  0.117317E+06  0.153542E+06  0.152808E+06  0.000000E+00  0.117386E+06  0.117386E+06  0.117386E+06 -0.604870E+00  0.117040E+06  0.117008E+06  0.760304E+02
  0.107631E-02  0.117398E+06  0.117314E+06  0.153512E+06  0.152771E+06  0.000000E+00  0.117384E+06  0.117384E+06  0.117384E+06 -0.604850E+00  0.117038E+06  0.117005E+06  0.764423E+02
  0.108128E-02  0.117396E+06  0.117312E+06  0.153482E+06  0.152734E+06  0.000000E+00  0.117382E+06  0.117382E+06  0.117382E+06 -0.604829E+00  0.117036E+06  0.117003E+06  0.768527E+02
  0.108627E-02  0.117394E+06  0.117309E+06  0.153452E+06  0.152697E+06  0.000000E+00  0.117380E+06  0.117380E+06  0.117380E+06 -0.604809E+00  0.117034E+06  0.117001E+06  0.772582E+02
  0.109128E-02  0.117392E+06  0.117306E+06  0.153421E+06  0.152660E+06  0.000000E+00  0.117378E+06  0.117378E+06  0.117378E+06 -0.604788E+00  0.117031E+06  0.116998E+06  0.776642E+02
  0.109632E-02  0.117390E+06  0.117303E+06  0.153390E+06  0.152622E+06  0.000000E+00  0.117376E+06  0.117376E+06  0.117376E+06 -0.604766E+00  0.117029E+06  0.116995E+06  0.780732E+02
  0.110138E-02  0.117388E+06  0.117300E+06  0.153359E+06  0.152583E+06  0.000000E+00  0.117373E+06  0.117373E+06  0.117373E+06 -0.604745E+00  0.117027E+06  0.116993E+06  0.784840E+02
  0.110647E-02  0.117386E+06  0.117297E+06  0.153327E+06  0.152545E+06  0.000000E+00  0.117371E+06  0.117371E+06  0.117371E+06 -0.604723E+00  0.117025E+06  0.116990E+06  0.788950E+02
  0.111157E-02  0.117384E+06  0.117294E+06  0.153295E+06  0.152506E+06  0.000000E+00  0.117369E+06  0.117369E+06  0.117369E+06 -0.604702E+00  0.117023E+06  0.116988E+06  0.792976E+02
  0.111670E-02  0.117381E+06  0.117292E+06  0.153263E+06  0.152466E+06  0.000000E+00  0.117367E+06  0.117367E+06  0.117367E+06 -0.604680E+00  0.117020E+06  0.116985E+06  0.796961E+02
  0.112186E-02  0.117379E+06  0.117289E+06  0.153231E+06  0.152427E+06  0.000000E+00  0.117365E+06  0.117365E+06  0.117365E+06 -0.604658E+00  0.117018E+06  0.116983E+06  0.800924E+02
  0.112704E-02  0.117377E+06  0.117286E+06  0.153198E+06  0.152387E+06  0.000000E+00  0.117362E+06  0.117362E+06  0.117362E+06 -0.604635E+00  0.117016E+06  0.116980E+06  0.804904E+02
  0.113224E-02  0.117375E+06  0.117283E+06  0.153165E+06  0.152346E+06  0.000000E+00  0.117360E+06  0.117360E+06  0.117360E+06 -0.604613E+00  0.117013E+06  0.116977E+06  0.808887E+02
  0.113747E-02  0.117374E+06  0.117281E+06  0.153133E+06  0.152307E+06  0.000000E+00  0.117359E+06  0.117359E+06  0.117359E+06 -0.604590E+00  0.117011E+06  0.116974E+06  0.818900E+02
  0.114272E-02  0.117372E+06  0.117277E+06  0.153100E+06  0.152266E+06  0.000000E+00  0.117357E+06  0.117357E+06  0.117357E+06 -0.604567E+00  0.117009E+06  0.116971E+06  0.822857E+02
  0.114799E-02  0.117370E+06  0.117274E+06  0.153065E+06  0.152224E+06  0.000000E+00  0.117354E+06  0.117354E+06  0.117354E+06 -0.604543E+00  0.117006E+06  0.116969E+06  0.826729E+02
  0.115329E-02  0.117367E+06  0.117271E+06  0.153031E+06  0.152182E+06  0.000000E+00  0.117352E+06  0.117352E+06  0.117352E+06 -0.604520E+00  0.117004E+06  0.116966E+06  0.830202E+02
  0.115861E-02  0.117364E+06  0.117267E+06  0.152994E+06  0.152138E+06  0.000000E+00  0.117348E+06  0.117348E+06  0.117348E+06 -0.604497E+00  0.117001E+06  0.116963E+06  0.829292E+02
  0.116396E-02  0.117361E+06  0.117264E+06  0.152959E+06  0.152095E+06  0.000000E+00  0.117346E+06  0.117346E+06  0.117346E+06 -0.604473E+00  0.116999E+06  0.116961E+06  0.833538E+02
  0.116933E-02  0.117359E+06  0.117260E+06  0.152924E+06  0.152052E+06  0.000000E+00  0.117343E+06  0.117343E+06  0.117343E+06 -0.604449E+00  0.116996E+06  0.116958E+06  0.837732E+02
  0.117473E-02  0.117357E+06  0.117257E+06  0.152888E+06  0.152009E+06  0.000000E+00  0.117340E+06  0.117340E+06  0.117340E+06 -0.604424E+00  0.116994E+06  0.116955E+06  0.840999E+02
  0.118015E-02  0.117354E+06  0.117254E+06  0.152852E+06  0.151965E+06  0.000000E+00  0.117338E+06  0.117338E+06  0.117338E+06 -0.604400E+00  0.116991E+06  0.116952E+06  0.844802E+02
  0.118560E-02  0.117352E+06  0.117250E+06  0.152816E+06  0.151920E+06  0.000000E+00  0.117335E+06  0.117335E+06  0.117335E+06 -0.604375E+00  0.116989E+06  0.116949E+06  0.848662E+02
  0.119107E-02  0.117349E+06  0.117247E+06  0.152779E+06  0.151875E+06  0.000000E+00  0.117333E+06  0.117333E+06  0.117333E+06 -0.604350E+00  0.116986E+06  0.116946E+06  0.852565E+02
  0.119657E-02  0.117347E+06  0.117243E+06  0.152742E+06  0.151830E+06  0.000000E+00  0.117330E+06  0.117330E+06  0.117330E+06 -0.604325E+00  0.116984E+06  0.116943E+06  0.856510E+02
  0.120209E-02  0.117345E+06  0.117241E+06  0.152706E+06  0.151786E+06  0.000000E+00  0.117328E+06  0.117328E+06  0.117328E+06 -0.604300E+00  0.116981E+06  0.116940E+06  0.865544E+02
  0.120764E-02  0.117342E+06  0.117237E+06  0.152667E+06  0.151739E+06  0.000000E+00  0.117325E+06  0.117325E+06  0.117325E+06 -0.604274E+00  0.116978E+06  0.116937E+06  0.866729E+02
  0.121322E-02  0.117338E+06  0.117232E+06  0.152627E+06  0.151691E+06  0.000000E+00  0.117321E+06  0.117321E+06  0.117321E+06 -0.604248E+00  0.116976E+06  0.116934E+06  0.864980E+02
  0.121882E-02  0.117336E+06  0.117229E+06  0.152589E+06  0.151645E+06  0.000000E+00  0.117318E+06  0.117318E+06  0.117318E+06 -0.604222E+00  0.116973E+06  0.116931E+06  0.870391E+02
  0.122444E-02  0.117334E+06  0.117226E+06  0.152552E+06  0.151599E+06  0.000000E+00  0.117316E+06  0.117316E+06  0.117316E+06 -0.604196E+00  0.116970E+06  0.116928E+06  0.878357E+02
  0.123009E-02  0.117331E+06  0.117222E+06  0.152513E+06  0.151551E+06  0.000000E+00  0.117314E+06  0.117314E+06  0.117314E+06 -0.604169E+00  0.116967E+06  0.116925E+06  0.882481E+02
  0.123577E-02  0.117329E+06  0.117218E+06  0.152473E+06  0.151503E+06  0.000000E+00  0.117311E+06  0.117311E+06  0.117311E+06 -0.604142E+00  0.116965E+06  0.116921E+06  0.886806E+02
  0.124148E-02  0.117328E+06  0.117216E+06  0.152436E+06  0.151456E+06  0.000000E+00  0.117309E+06  0.117309E+06  0.117309E+06 -0.604115E+00  0.116962E+06  0.116918E+06  0.897306E+02
  0.124721E-02  0.117325E+06  0.117212E+06  0.152396E+06  0.151407E+06  0.000000E+00  0.117306E+06  0.117306E+06  0.117306E+06 -0.604088E+00  0.116959E+06  0.116915E+06  0.900969E+02
  0.125296E-02  0.117322E+06  0.117208E+06  0.152355E+06  0.151358E+06  0.000000E+00  0.117303E+06  0.117303E+06  0.117303E+06 -0.604060E+00  0.116956E+06  0.116911E+06  0.904715E+02
  0.125875E-02  0.117319E+06  0.117204E+06  0.152314E+06  0.151308E+06  0.000000E+00  0.117300E+06  0.117300E+06  0.117300E+06 -0.604032E+00  0.116953E+06  0.116908E+06  0.908536E+02
  0.126456E-02  0.117316E+06  0.117200E+06  0.152273E+06  0.151257E+06  0.000000E+00  0.117297E+06  0.117297E+06  0.117297E+06 -0.604004E+00  0.116950E+06  0.116905E+06  0.912442E+02
  0.127039E-02  0.117313E+06  0.117196E+06  0.152231E+06  0.151207E+06  0.000000E+00  0.117294E+06  0.117294E+06  0.117294E+06 -0.603976E+00  0.116947E+06  0.116901E+06  0.916435E+02
  0.127626E-02  0.117311E+06  0.117192E+06  0.152189E+06  0.151156E+06  0.000000E+00  0.117291E+06  0.117291E+06  0.117291E+06 -0.603947E+00  0.116944E+06  0.116898E+06  0.920469E+02
  0.128215E-02  0.117304E+06  0.117186E+06  0.152141E+06  0.151099E+06  0.000000E+00  0.117285E+06  0.117285E+06  0.117285E+06 -0.603919E+00  0.116942E+06  0.116896E+06  0.907710E+02
  0.128807E-02  0.117302E+06  0.117182E+06  0.152099E+06  0.151048E+06  0.000000E+00  0.117282E+06  0.117282E+06  0.117282E+06 -0.603889E+00  0.116939E+06  0.116892E+06  0.914127E+02
  0.129401E-02  0.117299E+06  0.117179E+06  0.152056E+06  0.150996E+06  0.000000E+00  0.117280E+06  0.117280E+06  0.117280E+06 -0.603860E+00  0.116935E+06  0.116888E+06  0.920373E+02
  0.129998E-02  0.117297E+06  0.117175E+06  0.152013E+06  0.150944E+06  0.000000E+00  0.117277E+06  0.117277E+06  0.117277E+06 -0.603830E+00  0.116932E+06  0.116885E+06  0.927662E+02
  0.130598E-02  0.117296E+06  0.117172E+06  0.151973E+06  0.150893E+06  0.000000E+00  0.117276E+06  0.117276E+06  0.117276E+06 -0.603799E+00  0.116929E+06  0.116881E+06  0.943548E+02
  0.131201E-02  0.117293E+06  0.117168E+06  0.151929E+06  0.150839E+06  0.000000E+00  0.117273E+06  0.117273E+06  0.117273E+06 -0.603769E+00  0.116926E+06  0.116877E+06  0.947972E+02
  0.131807E-02  0.117290E+06  0.117164E+06  0.151884E+06  0.150785E+06  0.000000E+00  0.117269E+06  0.117269E+06  0.117269E+06 -0.603738E+00  0.116923E+06  0.116873E+06  0.951774E+02
  0.132415E-02  0.117289E+06  0.117161E+06  0.151843E+06  0.150733E+06  0.000000E+00  0.117268E+06  0.117268E+06  0.117268E+06 -0.603707E+00  0.116920E+06  0.116869E+06  0.968961E+02
  0.133026E-02  0.117285E+06  0.117156E+06  0.151796E+06  0.150676E+06  0.000000E+00  0.117264E+06  0.117264E+06  0.117264E+06 -0.603676E+00  0.116916E+06  0.116865E+06  0.970645E+02
  0.133640E-02  0.117282E+06  0.117152E+06  0.151749E+06  0.150620E+06  0.000000E+00  0.117261E+06  0.117261E+06  0.117261E+06 -0.603644E+00  0.116913E+06  0.116862E+06  0.972610E+02
  0.134257E-02  0.117278E+06  0.117147E+06  0.151702E+06  0.150563E+06  0.000000E+00  0.117257E+06  0.117257E+06  0.117257E+06 -0.603613E+00  0.116910E+06  0.116858E+06  0.974867E+02
  0.134877E-02  0.117273E+06  0.117141E+06  0.151652E+06  0.150503E+06  0.000000E+00  0.117252E+06  0.117252E+06  0.117252E+06 -0.603581E+00  0.116907E+06  0.116855E+06  0.969111E+02
  0.135500E-02  0.117269E+06  0.117136E+06  0.151604E+06  0.150445E+06  0.000000E+00  0.117247E+06  0.117247E+06  0.117247E+06 -0.603549E+00  0.116903E+06  0.116851E+06  0.970120E+02
  0.136125E-02  0.117266E+06  0.117132E+06  0.151557E+06  0.150388E+06  0.000000E+00  0.117244E+06  0.117244E+06  0.117244E+06 -0.603516E+00  0.116900E+06  0.116847E+06  0.977357E+02
  0.136753E-02  0.117263E+06  0.117128E+06  0.151509E+06  0.150330E+06  0.000000E+00  0.117241E+06  0.117241E+06  0.117241E+06 -0.603483E+00  0.116896E+06  0.116843E+06  0.983565E+02
  0.137385E-02  0.117261E+06  0.117124E+06  0.151462E+06  0.150271E+06  0.000000E+00  0.117238E+06  0.117238E+06  0.117238E+06 -0.603450E+00  0.116893E+06  0.116839E+06  0.991150E+02
  0.138019E-02  0.117258E+06  0.117119E+06  0.151413E+06  0.150212E+06  0.000000E+00  0.117235E+06  0.117235E+06  0.117235E+06 -0.603416E+00  0.116890E+06  0.116835E+06  0.998155E+02
  0.138656E-02  0.117252E+06  0.117113E+06  0.151360E+06  0.150150E+06  0.000000E+00  0.117230E+06  0.117230E+06  0.117230E+06 -0.603383E+00  0.116886E+06  0.116832E+06  0.991200E+02
  0.139296E-02  0.117249E+06  0.117109E+06  0.151311E+06  0.150089E+06  0.000000E+00  0.117226E+06  0.117226E+06  0.117226E+06 -0.603349E+00  0.116883E+06  0.116828E+06  0.996095E+02
  0.139939E-02  0.117246E+06  0.117104E+06  0.151261E+06  0.150029E+06  0.000000E+00  0.117223E+06  0.117223E+06  0.117223E+06 -0.603314E+00  0.116879E+06  0.116824E+06  0.100260E+03
  0.140585E-02  0.117243E+06  0.117099E+06  0.151211E+06  0.149967E+06  0.000000E+00  0.117219E+06  0.117219E+06  0.117219E+06 -0.603280E+00  0.116875E+06  0.116819E+06  0.100889E+03
  0.141234E-02  0.117239E+06  0.117095E+06  0.151160E+06  0.149905E+06  0.000000E+00  0.117216E+06  0.117216E+06  0.117216E+06 -0.603244E+00  0.116872E+06  0.116815E+06  0.101492E+03
  0.141886E-02  0.117237E+06  0.117091E+06  0.151111E+06  0.149845E+06  0.000000E+00  0.117214E+06  0.117214E+06  0.117214E+06 -0.603209E+00  0.116868E+06  0.116810E+06  0.102919E+03
  0.142540E-02  0.117235E+06  0.117086E+06  0.151061E+06  0.149783E+06  0.000000E+00  0.117211E+06  0.117211E+06  0.117211E+06 -0.603173E+00  0.116864E+06  0.116806E+06  0.103985E+03
  0.143198E-02  0.117230E+06  0.117081E+06  0.151007E+06  0.149718E+06  0.000000E+00  0.117206E+06  0.117206E+06  0.117206E+06 -0.603137E+00  0.116861E+06  0.116802E+06  0.103904E+03
  0.143859E-02  0.117226E+06  0.117075E+06  0.150952E+06  0.149652E+06  0.000000E+00  0.117201E+06  0.117201E+06  0.117201E+06 -0.603101E+00  0.116857E+06  0.116798E+06  0.103933E+03
  0.144523E-02  0.117221E+06  0.117070E+06  0.150896E+06  0.149585E+06  0.000000E+00  0.117196E+06  0.117196E+06  0.117196E+06 -0.603064E+00  0.116853E+06  0.116794E+06  0.103523E+03
  0.145190E-02  0.117218E+06  0.117065E+06  0.150843E+06  0.149521E+06  0.000000E+00  0.117193E+06  0.117193E+06  0.117193E+06 -0.603027E+00  0.116849E+06  0.116789E+06  0.104613E+03
  0.145861E-02  0.117214E+06  0.117060E+06  0.150789E+06  0.149455E+06  0.000000E+00  0.117189E+06  0.117189E+06  0.117189E+06 -0.602990E+00  0.116845E+06  0.116785E+06  0.105075E+03
  0.146534E-02  0.117211E+06  0.117055E+06  0.150735E+06  0.149389E+06  0.000000E+00  0.117186E+06  0.117186E+06  0.117186E+06 -0.602952E+00  0.116841E+06  0.116780E+06  0.105971E+03
  0.147210E-02  0.117207E+06  0.117049E+06  0.150680E+06  0.149321E+06  0.000000E+00  0.117181E+06  0.117181E+06  0.117181E+06 -0.602914E+00  0.116837E+06  0.116775E+06  0.106457E+03
  0.147890E-02  0.117203E+06  0.117044E+06  0.150624E+06  0.149253E+06  0.000000E+00  0.117177E+06  0.117177E+06  0.117177E+06 -0.602876E+00  0.116833E+06  0.116771E+06  0.106934E+03
  0.148572E-02  0.117199E+06  0.117039E+06  0.150567E+06  0.149185E+06  0.000000E+00  0.117173E+06  0.117173E+06  0.117173E+06 -0.602837E+00  0.116829E+06  0.116766E+06  0.107403E+03
  0.149258E-02  0.117195E+06  0.117033E+06  0.150508E+06  0.149115E+06  0.000000E+00  0.117168E+06  0.117168E+06  0.117168E+06 -0.602798E+00  0.116825E+06  0.116762E+06  0.107310E+03
  0.149947E-02  0.117191E+06  0.117028E+06  0.150451E+06  0.149045E+06  0.000000E+00  0.117164E+06  0.117164E+06  0.117164E+06 -0.602759E+00  0.116821E+06  0.116757E+06  0.107725E+03
  0.150639E-02  0.117187E+06  0.117022E+06  0.150392E+06  0.148974E+06  0.000000E+00  0.117160E+06  0.117160E+06  0.117160E+06 -0.602719E+00  0.116817E+06  0.116753E+06  0.108170E+03
  0.151335E-02  0.117182E+06  0.117016E+06  0.150334E+06  0.148903E+06  0.000000E+00  0.117155E+06  0.117155E+06  0.117155E+06 -0.602679E+00  0.116813E+06  0.116748E+06  0.108638E+03
  0.152033E-02  0.117178E+06  0.117011E+06  0.150275E+06  0.148831E+06  0.000000E+00  0.117151E+06  0.117151E+06  0.117151E+06 -0.602639E+00  0.116809E+06  0.116743E+06  0.109119E+03
  0.152735E-02  0.117174E+06  0.117005E+06  0.150215E+06  0.148759E+06  0.000000E+00  0.117147E+06  0.117147E+06  0.117147E+06 -0.602598E+00  0.116804E+06  0.116738E+06  0.109630E+03
  0.153440E-02  0.117170E+06  0.116999E+06  0.150155E+06  0.148686E+06  0.000000E+00  0.117142E+06  0.117142E+06  0.117142E+06 -0.602556E+00  0.116800E+06  0.116733E+06  0.110132E+03
  0.154148E-02  0.117166E+06  0.116994E+06  0.150094E+06  0.148613E+06  0.000000E+00  0.117138E+06  0.117138E+06  0.117138E+06 -0.602515E+00  0.116796E+06  0.116728E+06  0.110658E+03
  0.154860E-02  0.117162E+06  0.116988E+06  0.150033E+06  0.148539E+06  0.000000E+00  0.117133E+06  0.117133E+06  0.117133E+06 -0.602473E+00  0.116791E+06  0.116723E+06  0.111222E+03
  0.155574E-02  0.117157E+06  0.116982E+06  0.149972E+06  0.148464E+06  0.000000E+00  0.117129E+06  0.117129E+06  0.117129E+06 -0.602431E+00  0.116787E+06  0.116718E+06  0.111794E+03
  0.156292E-02  0.117153E+06  0.116976E+06  0.149910E+06  0.148388E+06  0.000000E+00  0.117124E+06  0.117124E+06  0.117124E+06 -0.602388E+00  0.116783E+06  0.116713E+06  0.112363E+03
  0.157014E-02  0.117149E+06  0.116970E+06  0.149847E+06  0.148312E+06  0.000000E+00  0.117120E+06  0.117120E+06  0.117120E+06 -0.602345E+00  0.116778E+06  0.116708E+06  0.112903E+03
  0.157739E-02  0.117145E+06  0.116964E+06  0.149783E+06  0.148236E+06  0.000000E+00  0.117115E+06  0.117115E+06  0.117115E+06 -0.602301E+00  0.116774E+06  0.116703E+06  0.113500E+03
  0.158467E-02  0.117140E+06  0.116958E+06  0.149720E+06  0.148158E+06  0.000000E+00  0.117111E+06  0.117111E+06  0.117111E+06 -0.602257E+00  0.116769E+06  0.116698E+06  0.114074E+03
  0.159198E-02  0.117136E+06  0.116952E+06  0.149655E+06  0.148080E+06  0.000000E+00  0.117106E+06  0.117106E+06  0.117106E+06 -0.602213E+00  0.116764E+06  0.116692E+06  0.114643E+03
  0.159933E-02  0.117132E+06  0.116946E+06  0.149590E+06  0.148001E+06  0.000000E+00  0.117101E+06  0.117101E+06  0.117101E+06 -0.602168E+00  0.116760E+06  0.116687E+06  0.115194E+03
  0.160671E-02  0.117127E+06  0.116939E+06  0.149525E+06  0.147922E+06  0.000000E+00  0.117096E+06  0.117096E+06  0.117096E+06 -0.602123E+00  0.116755E+06  0.116682E+06  0.115746E+03
  0.161413E-02  0.117123E+06  0.116933E+06  0.149458E+06  0.147841E+06  0.000000E+00  0.117092E+06  0.117092E+06  0.117092E+06 -0.602078E+00  0.116750E+06  0.116676E+06  0.116312E+03
  0.162158E-02  0.117118E+06  0.116927E+06  0.149392E+06  0.147761E+06  0.000000E+00  0.117087E+06  0.117087E+06  0.117087E+06 -0.602032E+00  0.116746E+06  0.116671E+06  0.116904E+03
  0.162906E-02  0.117114E+06  0.116921E+06  0.149325E+06  0.147679E+06  0.000000E+00  0.117082E+06  0.117082E+06  0.117082E+06 -0.601985E+00  0.116741E+06  0.116665E+06  0.117520E+03
  0.163658E-02  0.117109E+06  0.116914E+06  0.149257E+06  0.147597E+06  0.000000E+00  0.117077E+06  0.117077E+06  0.117077E+06 -0.601939E+00  0.116736E+06  0.116659E+06  0.118144E+03
  0.164414E-02  0.117104E+06  0.116908E+06  0.149188E+06  0.147514E+06  0.000000E+00  0.117072E+06  0.117072E+06  0.117072E+06 -0.601891E+00  0.116731E+06  0.116654E+06  0.118768E+03
  0.165173E-02  0.117100E+06  0.116901E+06  0.149119E+06  0.147430E+06  0.000000E+00  0.117067E+06  0.117067E+06  0.117067E+06 -0.601844E+00  0.116726E+06  0.116648E+06  0.119398E+03
  0.165935E-02  0.117095E+06  0.116894E+06  0.149050E+06  0.147346E+06  0.000000E+00  0.117062E+06  0.117062E+06  0.117062E+06 -0.601796E+00  0.116721E+06  0.116642E+06  0.120014E+03
  0.166701E-02  0.117090E+06  0.116888E+06  0.148978E+06  0.147260E+06  0.000000E+00  0.117057E+06  0.117057E+06  0.117057E+06 -0.601748E+00  0.116716E+06  0.116637E+06  0.120200E+03
  0.167470E-02  0.117085E+06  0.116881E+06  0.148907E+06  0.147174E+06  0.000000E+00  0.117051E+06  0.117051E+06  0.117051E+06 -0.601699E+00  0.116711E+06  0.116631E+06  0.120734E+03
  0.168243E-02  0.117080E+06  0.116874E+06  0.148835E+06  0.147087E+06  0.000000E+00  0.117046E+06  0.117046E+06  0.117046E+06 -0.601649E+00  0.116706E+06  0.116625E+06  0.121271E+03
  0.169020E-02  0.117075E+06  0.116867E+06  0.148763E+06  0.146999E+06  0.000000E+00  0.117041E+06  0.117041E+06  0.117041E+06 -0.601600E+00  0.116700E+06  0.116619E+06  0.121733E+03
  0.169800E-02  0.117069E+06  0.116860E+06  0.148690E+06  0.146911E+06  0.000000E+00  0.117035E+06  0.117035E+06  0.117035E+06 -0.601550E+00  0.116695E+06  0.116613E+06  0.122309E+03
  0.170584E-02  0.117064E+06  0.116853E+06  0.148616E+06  0.146822E+06  0.000000E+00  0.117030E+06  0.117030E+06  0.117030E+06 -0.601499E+00  0.116690E+06  0.116607E+06  0.122877E+03
  0.171371E-02  0.117059E+06  0.116846E+06  0.148542E+06  0.146732E+06  0.000000E+00  0.117024E+06  0.117024E+06  0.117024E+06 -0.601448E+00  0.116685E+06  0.116601E+06  0.123453E+03
  0.172162E-02  0.117054E+06  0.116838E+06  0.148467E+06  0.146641E+06  0.000000E+00  0.117019E+06  0.117019E+06  0.117019E+06 -0.601396E+00  0.116679E+06  0.116595E+06  0.124034E+03
  0.172957E-02  0.117049E+06  0.116831E+06  0.148391E+06  0.146550E+06  0.000000E+00  0.117013E+06  0.117013E+06  0.117013E+06 -0.601344E+00  0.116674E+06  0.116589E+06  0.124617E+03
  0.173755E-02  0.117043E+06  0.116824E+06  0.148315E+06  0.146457E+06  0.000000E+00  0.117008E+06  0.117008E+06  0.117008E+06 -0.601292E+00  0.116668E+06  0.116582E+06  0.125106E+03
  0.174557E-02  0.117038E+06  0.116817E+06  0.148238E+06  0.146365E+06  0.000000E+00  0.117002E+06  0.117002E+06  0.117002E+06 -0.601239E+00  0.116663E+06  0.116576E+06  0.125700E+03
  0.175363E-02  0.117033E+06  0.116809E+06  0.148160E+06  0.146271E+06  0.000000E+00  0.116996E+06  0.116996E+06  0.116996E+06 -0.601185E+00  0.116657E+06  0.116570E+06  0.126179E+03
  0.176172E-02  0.117027E+06  0.116802E+06  0.148082E+06  0.146176E+06  0.000000E+00  0.116991E+06  0.116991E+06  0.116991E+06 -0.601132E+00  0.116651E+06  0.116563E+06  0.126778E+03
  0.176986E-02  0.117022E+06  0.116794E+06  0.148003E+06  0.146081E+06  0.000000E+00  0.116985E+06  0.116985E+06  0.116985E+06 -0.601077E+00  0.116646E+06  0.116557E+06  0.127383E+03
  0.177803E-02  0.117016E+06  0.116787E+06  0.147923E+06  0.145984E+06  0.000000E+00  0.116979E+06  0.116979E+06  0.116979E+06 -0.601022E+00  0.116640E+06  0.116550E+06  0.127985E+03
  0.178623E-02  0.117011E+06  0.116779E+06  0.147843E+06  0.145887E+06  0.000000E+00  0.116973E+06  0.116973E+06  0.116973E+06 -0.600967E+00  0.116634E+06  0.116543E+06  0.128637E+03
  0.179448E-02  0.117005E+06  0.116771E+06  0.147762E+06  0.145789E+06  0.000000E+00  0.116967E+06  0.116967E+06  0.116967E+06 -0.600911E+00  0.116628E+06  0.116537E+06  0.129111E+03
  0.180276E-02  0.116999E+06  0.116763E+06  0.147680E+06  0.145690E+06  0.000000E+00  0.116961E+06  0.116961E+06  0.116961E+06 -0.600855E+00  0.116622E+06  0.116530E+06  0.129734E+03
  0.181108E-02  0.116993E+06  0.116755E+06  0.147597E+06  0.145590E+06  0.000000E+00  0.116955E+06  0.116955E+06  0.116955E+06 -0.600798E+00  0.116616E+06  0.116523E+06  0.130248E+03
  0.181944E-02  0.116987E+06  0.116747E+06  0.147512E+06  0.145489E+06  0.000000E+00  0.116948E+06  0.116948E+06  0.116948E+06 -0.600741E+00  0.116611E+06  0.116517E+06  0.130511E+03
  0.182784E-02  0.116981E+06  0.116739E+06  0.147429E+06  0.145388E+06  0.000000E+00  0.116942E+06  0.116942E+06  0.116942E+06 -0.600683E+00  0.116604E+06  0.116510E+06  0.131164E+03
  0.183628E-02  0.116976E+06  0.116731E+06  0.147344E+06  0.145286E+06  0.000000E+00  0.116936E+06  0.116936E+06  0.116936E+06 -0.600624E+00  0.116598E+06  0.116503E+06  0.131813E+03
  0.184475E-02  0.116970E+06  0.116723E+06  0.147259E+06  0.145182E+06  0.000000E+00  0.116929E+06  0.116929E+06  0.116929E+06 -0.600566E+00  0.116592E+06  0.116496E+06  0.132455E+03
  0.185327E-02  0.116964E+06  0.116714E+06  0.147172E+06  0.145078E+06  0.000000E+00  0.116923E+06  0.116923E+06  0.116923E+06 -0.600506E+00  0.116586E+06  0.116488E+06  0.133094E+03
  0.186182E-02  0.116958E+06  0.116706E+06  0.147086E+06  0.144973E+06  0.000000E+00  0.116917E+06  0.116917E+06  0.116917E+06 -0.600446E+00  0.116580E+06  0.116481E+06  0.133736E+03
  0.187042E-02  0.116952E+06  0.116698E+06  0.146998E+06  0.144868E+06  0.000000E+00  0.116910E+06  0.116910E+06  0.116910E+06 -0.600385E+00  0.116573E+06  0.116474E+06  0.134384E+03
  0.187905E-02  0.116945E+06  0.116689E+06  0.146910E+06  0.144761E+06  0.000000E+00  0.116904E+06  0.116904E+06  0.116904E+06 -0.600324E+00  0.116567E+06  0.116467E+06  0.135032E+03
  0.188772E-02  0.116940E+06  0.116681E+06  0.146821E+06  0.144654E+06  0.000000E+00  0.116897E+06  0.116897E+06  0.116897E+06 -0.600263E+00  0.116560E+06  0.116459E+06  0.135919E+03
  0.189644E-02  0.116933E+06  0.116672E+06  0.146731E+06  0.144545E+06  0.000000E+00  0.116891E+06  0.116891E+06  0.116891E+06 -0.600201E+00  0.116554E+06  0.116452E+06  0.136525E+03
  0.190519E-02  0.116928E+06  0.116663E+06  0.146642E+06  0.144437E+06  0.000000E+00  0.116885E+06  0.116885E+06  0.116885E+06 -0.600137E+00  0.116547E+06  0.116444E+06  0.137770E+03
  0.191398E-02  0.116921E+06  0.116655E+06  0.146550E+06  0.144326E+06  0.000000E+00  0.116878E+06  0.116878E+06  0.116878E+06 -0.600074E+00  0.116541E+06  0.116436E+06  0.138339E+03
  0.192282E-02  0.116915E+06  0.116646E+06  0.146458E+06  0.144215E+06  0.000000E+00  0.116871E+06  0.116871E+06  0.116871E+06 -0.600010E+00  0.116534E+06  0.116428E+06  0.138919E+03
  0.193169E-02  0.116908E+06  0.116637E+06  0.146364E+06  0.144102E+06  0.000000E+00  0.116864E+06  0.116864E+06  0.116864E+06 -0.599946E+00  0.116527E+06  0.116421E+06  0.139503E+03
  0.194061E-02  0.116902E+06  0.116628E+06  0.146270E+06  0.143989E+06  0.000000E+00  0.116857E+06  0.116857E+06  0.116857E+06 -0.599881E+00  0.116520E+06  0.116413E+06  0.140088E+03
  0.194957E-02  0.116895E+06  0.116618E+06  0.146175E+06  0.143875E+06  0.000000E+00  0.116850E+06  0.116850E+06  0.116850E+06 -0.599816E+00  0.116513E+06  0.116405E+06  0.140676E+03
  0.195857E-02  0.116888E+06  0.116609E+06  0.146079E+06  0.143759E+06  0.000000E+00  0.116843E+06  0.116843E+06  0.116843E+06 -0.599749E+00  0.116506E+06  0.116397E+06  0.141152E+03
  0.196761E-02  0.116881E+06  0.116600E+06  0.145982E+06  0.143643E+06  0.000000E+00  0.116836E+06  0.116836E+06  0.116836E+06 -0.599683E+00  0.116499E+06  0.116389E+06  0.141748E+03
  0.197669E-02  0.116874E+06  0.116590E+06  0.145885E+06  0.143525E+06  0.000000E+00  0.116828E+06  0.116828E+06  0.116828E+06 -0.599615E+00  0.116492E+06  0.116381E+06  0.142340E+03
  0.198581E-02  0.116867E+06  0.116581E+06  0.145786E+06  0.143407E+06  0.000000E+00  0.116821E+06  0.116821E+06  0.116821E+06 -0.599548E+00  0.116485E+06  0.116373E+06  0.142924E+03
  0.199498E-02  0.116860E+06  0.116571E+06  0.145687E+06  0.143288E+06  0.000000E+00  0.116813E+06  0.116813E+06  0.116813E+06 -0.599479E+00  0.116478E+06  0.116365E+06  0.143517E+03
  0.200419E-02  0.116853E+06  0.116561E+06  0.145587E+06  0.143167E+06  0.000000E+00  0.116806E+06  0.116806E+06  0.116806E+06 -0.599410E+00  0.116471E+06  0.116357E+06  0.144233E+03
  0.201344E-02  0.116846E+06  0.116552E+06  0.145487E+06  0.143046E+06  0.000000E+00  0.116798E+06  0.116798E+06  0.116798E+06 -0.599340E+00  0.116463E+06  0.116348E+06  0.144960E+03
  0.202273E-02  0.116839E+06  0.116542E+06  0.145385E+06  0.142924E+06  0.000000E+00  0.116791E+06  0.116791E+06  0.116791E+06 -0.599270E+00  0.116456E+06  0.116340E+06  0.145439E+03
  0.203207E-02  0.116832E+06  0.116532E+06  0.145282E+06  0.142800E+06  0.000000E+00  0.116783E+06  0.116783E+06  0.116783E+06 -0.599199E+00  0.116448E+06  0.116331E+06  0.146181E+03
  0.204145E-02  0.116825E+06  0.116522E+06  0.145179E+06  0.142676E+06  0.000000E+00  0.116776E+06  0.116776E+06  0.116776E+06 -0.599127E+00  0.116441E+06  0.116322E+06  0.146912E+03
  0.205087E-02  0.116817E+06  0.116512E+06  0.145073E+06  0.142550E+06  0.000000E+00  0.116767E+06  0.116767E+06  0.116767E+06 -0.599055E+00  0.116433E+06  0.116314E+06  0.147011E+03
  0.206034E-02  0.116810E+06  0.116502E+06  0.144968E+06  0.142424E+06  0.000000E+00  0.116760E+06  0.116760E+06  0.116760E+06 -0.598982E+00  0.116426E+06  0.116306E+06  0.147680E+03
  0.206985E-02  0.116802E+06  0.116492E+06  0.144862E+06  0.142296E+06  0.000000E+00  0.116752E+06  0.116752E+06  0.116752E+06 -0.598909E+00  0.116418E+06  0.116297E+06  0.148434E+03
  0.207940E-02  0.116795E+06  0.116481E+06  0.144756E+06  0.142168E+06  0.000000E+00  0.116744E+06  0.116744E+06  0.116744E+06 -0.598834E+00  0.116410E+06  0.116288E+06  0.149187E+03
  0.208900E-02  0.116788E+06  0.116471E+06  0.144648E+06  0.142038E+06  0.000000E+00  0.116736E+06  0.116736E+06  0.116736E+06 -0.598760E+00  0.116402E+06  0.116278E+06  0.149942E+03
  0.209864E-02  0.116780E+06  0.116460E+06  0.144539E+06  0.141907E+06  0.000000E+00  0.116728E+06  0.116728E+06  0.116728E+06 -0.598684E+00  0.116394E+06  0.116269E+06  0.150700E+03
  0.210833E-02  0.116772E+06  0.116450E+06  0.144429E+06  0.141775E+06  0.000000E+00  0.116720E+06  0.116720E+06  0.116720E+06 -0.598608E+00  0.116386E+06  0.116260E+06  0.151371E+03
  0.211806E-02  0.116764E+06  0.116439E+06  0.144318E+06  0.141642E+06  0.000000E+00  0.116711E+06  0.116711E+06  0.116711E+06 -0.598531E+00  0.116378E+06  0.116251E+06  0.152002E+03
  0.212784E-02  0.116756E+06  0.116428E+06  0.144206E+06  0.141508E+06  0.000000E+00  0.116703E+06  0.116703E+06  0.116703E+06 -0.598454E+00  0.116370E+06  0.116242E+06  0.152615E+03
  0.213766E-02  0.116748E+06  0.116417E+06  0.144093E+06  0.141372E+06  0.000000E+00  0.116694E+06  0.116694E+06  0.116694E+06 -0.598375E+00  0.116362E+06  0.116232E+06  0.153187E+03
  0.214752E-02  0.116740E+06  0.116406E+06  0.143979E+06  0.141236E+06  0.000000E+00  0.116686E+06  0.116686E+06  0.116686E+06 -0.598297E+00  0.116353E+06  0.116223E+06  0.153651E+03
  0.215744E-02  0.116732E+06  0.116395E+06  0.143865E+06  0.141099E+06  0.000000E+00  0.116677E+06  0.116677E+06  0.116677E+06 -0.598217E+00  0.116345E+06  0.116213E+06  0.154713E+03
  0.216739E-02  0.116725E+06  0.116383E+06  0.143752E+06  0.140961E+06  0.000000E+00  0.116669E+06  0.116669E+06  0.116669E+06 -0.598136E+00  0.116336E+06  0.116203E+06  0.156270E+03
  0.217740E-02  0.116717E+06  0.116372E+06  0.143636E+06  0.140821E+06  0.000000E+00  0.116661E+06  0.116661E+06  0.116661E+06 -0.598055E+00  0.116328E+06  0.116193E+06  0.157106E+03
  0.218745E-02  0.116709E+06  0.116360E+06  0.143518E+06  0.140680E+06  0.000000E+00  0.116652E+06  0.116652E+06  0.116652E+06 -0.597973E+00  0.116319E+06  0.116183E+06  0.157657E+03
  0.219755E-02  0.116700E+06  0.116349E+06  0.143399E+06  0.140538E+06  0.000000E+00  0.116643E+06  0.116643E+06  0.116643E+06 -0.597891E+00  0.116310E+06  0.116173E+06  0.158253E+03
  0.220769E-02  0.116692E+06  0.116337E+06  0.143279E+06  0.140394E+06  0.000000E+00  0.116634E+06  0.116634E+06  0.116634E+06 -0.597808E+00  0.116302E+06  0.116163E+06  0.158913E+03
  0.221788E-02  0.116683E+06  0.116325E+06  0.143158E+06  0.140250E+06  0.000000E+00  0.116625E+06  0.116625E+06  0.116625E+06 -0.597724E+00  0.116293E+06  0.116153E+06  0.159612E+03
  0.222812E-02  0.116674E+06  0.116313E+06  0.143036E+06  0.140104E+06  0.000000E+00  0.116616E+06  0.116616E+06  0.116616E+06 -0.597639E+00  0.116284E+06  0.116143E+06  0.160292E+03
  0.223840E-02  0.116666E+06  0.116301E+06  0.142914E+06  0.139957E+06  0.000000E+00  0.116606E+06  0.116606E+06  0.116606E+06 -0.597554E+00  0.116275E+06  0.116132E+06  0.160981E+03
  0.224873E-02  0.116657E+06  0.116289E+06  0.142790E+06  0.139808E+06  0.000000E+00  0.116597E+06  0.116597E+06  0.116597E+06 -0.597468E+00  0.116266E+06  0.116122E+06  0.161689E+03
  0.225911E-02  0.116648E+06  0.116277E+06  0.142665E+06  0.139659E+06  0.000000E+00  0.116588E+06  0.116588E+06  0.116588E+06 -0.597381E+00  0.116256E+06  0.116112E+06  0.162395E+03
  0.226954E-02  0.116639E+06  0.116265E+06  0.142539E+06  0.139508E+06  0.000000E+00  0.116578E+06  0.116578E+06  0.116578E+06 -0.597293E+00  0.116247E+06  0.116101E+06  0.163091E+03
  0.228002E-02  0.116630E+06  0.116252E+06  0.142412E+06  0.139356E+06  0.000000E+00  0.116568E+06  0.116568E+06  0.116568E+06 -0.597205E+00  0.116238E+06  0.116090E+06  0.163800E+03
  0.229054E-02  0.116621E+06  0.116240E+06  0.142283E+06  0.139203E+06  0.000000E+00  0.116559E+06  0.116559E+06  0.116559E+06 -0.597116E+00  0.116228E+06  0.116080E+06  0.164336E+03
  0.230111E-02  0.116611E+06  0.116227E+06  0.142154E+06  0.139048E+06  0.000000E+00  0.116549E+06  0.116549E+06  0.116549E+06 -0.597026E+00  0.116219E+06  0.116069E+06  0.165068E+03
  0.231173E-02  0.116602E+06  0.116214E+06  0.142024E+06  0.138892E+06  0.000000E+00  0.116539E+06  0.116539E+06  0.116539E+06 -0.596935E+00  0.116209E+06  0.116058E+06  0.165802E+03
  0.232241E-02  0.116592E+06  0.116201E+06  0.141891E+06  0.138735E+06  0.000000E+00  0.116529E+06  0.116529E+06  0.116529E+06 -0.596844E+00  0.116199E+06  0.116047E+06  0.166085E+03
  0.233313E-02  0.116583E+06  0.116188E+06  0.141759E+06  0.138576E+06  0.000000E+00  0.116519E+06  0.116519E+06  0.116519E+06 -0.596751E+00  0.116190E+06  0.116036E+06  0.166903E+03
  0.234389E-02  0.116573E+06  0.116175E+06  0.141625E+06  0.138417E+06  0.000000E+00  0.116509E+06  0.116509E+06  0.116509E+06 -0.596658E+00  0.116180E+06  0.116025E+06  0.167713E+03
  0.235471E-02  0.116564E+06  0.116162E+06  0.141492E+06  0.138256E+06  0.000000E+00  0.116499E+06  0.116499E+06  0.116499E+06 -0.596564E+00  0.116170E+06  0.116013E+06  0.168762E+03
  0.236558E-02  0.116555E+06  0.116149E+06  0.141356E+06  0.138094E+06  0.000000E+00  0.116488E+06  0.116488E+06  0.116488E+06 -0.596469E+00  0.116160E+06  0.116001E+06  0.169507E+03
  0.237650E-02  0.116545E+06  0.116135E+06  0.141219E+06  0.137930E+06  0.000000E+00  0.116478E+06  0.116478E+06  0.116478E+06 -0.596373E+00  0.116149E+06  0.115990E+06  0.170217E+03
  0.238747E-02  0.116535E+06  0.116122E+06  0.141081E+06  0.137765E+06  0.000000E+00  0.116468E+06  0.116468E+06  0.116468E+06 -0.596277E+00  0.116139E+06  0.115978E+06  0.170961E+03
  0.239849E-02  0.116525E+06  0.116108E+06  0.140942E+06  0.137599E+06  0.000000E+00  0.116457E+06  0.116457E+06  0.116457E+06 -0.596179E+00  0.116129E+06  0.115966E+06  0.171819E+03
  0.240956E-02  0.116515E+06  0.116094E+06  0.140801E+06  0.137432E+06  0.000000E+00  0.116447E+06  0.116447E+06  0.116447E+06 -0.596081E+00  0.116118E+06  0.115954E+06  0.172685E+03
  0.242068E-02  0.116505E+06  0.116080E+06  0.140660E+06  0.137263E+06  0.000000E+00  0.116436E+06  0.116436E+06  0.116436E+06 -0.595982E+00  0.116108E+06  0.115942E+06  0.173371E+03
  0.243186E-02  0.116495E+06  0.116066E+06  0.140516E+06  0.137092E+06  0.000000E+00  0.116425E+06  0.116425E+06  0.116425E+06 -0.595882E+00  0.116097E+06  0.115930E+06  0.173795E+03
  0.244308E-02  0.116484E+06  0.116052E+06  0.140372E+06  0.136920E+06  0.000000E+00  0.116414E+06  0.116414E+06  0.116414E+06 -0.595781E+00  0.116087E+06  0.115918E+06  0.174628E+03
  0.245436E-02  0.116474E+06  0.116037E+06  0.140227E+06  0.136747E+06  0.000000E+00  0.116403E+06  0.116403E+06  0.116403E+06 -0.595679E+00  0.116076E+06  0.115906E+06  0.175578E+03
  0.246569E-02  0.116464E+06  0.116023E+06  0.140081E+06  0.136573E+06  0.000000E+00  0.116392E+06  0.116392E+06  0.116392E+06 -0.595577E+00  0.116065E+06  0.115893E+06  0.176649E+03
  0.247707E-02  0.116453E+06  0.116008E+06  0.139934E+06  0.136397E+06  0.000000E+00  0.116381E+06  0.116381E+06  0.116381E+06 -0.595473E+00  0.116054E+06  0.115880E+06  0.177435E+03
  0.248850E-02  0.116442E+06  0.115993E+06  0.139785E+06  0.136220E+06  0.000000E+00  0.116369E+06  0.116369E+06  0.116369E+06 -0.595369E+00  0.116043E+06  0.115867E+06  0.178226E+03
  0.249999E-02  0.116432E+06  0.115978E+06  0.139634E+06  0.136041E+06  0.000000E+00  0.116358E+06  0.116358E+06  0.116358E+06 -0.595264E+00  0.116031E+06  0.115855E+06  0.178940E+03
  0.251153E-02  0.116421E+06  0.115963E+06  0.139483E+06  0.135860E+06  0.000000E+00  0.116346E+06  0.116346E+06  0.116346E+06 -0.595157E+00  0.116020E+06  0.115842E+06  0.179743E+03
  0.252312E-02  0.116410E+06  0.115948E+06  0.139330E+06  0.135679E+06  0.000000E+00  0.116335E+06  0.116335E+06  0.116335E+06 -0.595050E+00  0.116009E+06  0.115829E+06  0.180546E+03
  0.253477E-02  0.116399E+06  0.115933E+06  0.139176E+06  0.135495E+06  0.000000E+00  0.116323E+06  0.116323E+06  0.116323E+06 -0.594942E+00  0.115997E+06  0.115816E+06  0.181351E+03
  0.254647E-02  0.116388E+06  0.115918E+06  0.139021E+06  0.135311E+06  0.000000E+00  0.116311E+06  0.116311E+06  0.116311E+06 -0.594833E+00  0.115985E+06  0.115802E+06  0.182160E+03
  0.255822E-02  0.116376E+06  0.115902E+06  0.138865E+06  0.135125E+06  0.000000E+00  0.116299E+06  0.116299E+06  0.116299E+06 -0.594723E+00  0.115974E+06  0.115789E+06  0.183061E+03
  0.257003E-02  0.116365E+06  0.115886E+06  0.138707E+06  0.134937E+06  0.000000E+00  0.116287E+06  0.116287E+06  0.116287E+06 -0.594613E+00  0.115962E+06  0.115775E+06  0.183781E+03
  0.258189E-02  0.116354E+06  0.115871E+06  0.138548E+06  0.134748E+06  0.000000E+00  0.116275E+06  0.116275E+06  0.116275E+06 -0.594501E+00  0.115950E+06  0.115762E+06  0.184536E+03
  0.259381E-02  0.116342E+06  0.115854E+06  0.138388E+06  0.134558E+06  0.000000E+00  0.116263E+06  0.116263E+06  0.116263E+06 -0.594388E+00  0.115938E+06  0.115748E+06  0.185545E+03
  0.260578E-02  0.116331E+06  0.115838E+06  0.138226E+06  0.134366E+06  0.000000E+00  0.116250E+06  0.116250E+06  0.116250E+06 -0.594274E+00  0.115926E+06  0.115734E+06  0.186468E+03
  0.261781E-02  0.116319E+06  0.115822E+06  0.138063E+06  0.134172E+06  0.000000E+00  0.116238E+06  0.116238E+06  0.116238E+06 -0.594159E+00  0.115913E+06  0.115720E+06  0.187364E+03
  0.262989E-02  0.116307E+06  0.115806E+06  0.137899E+06  0.133977E+06  0.000000E+00  0.116225E+06  0.116225E+06  0.116225E+06 -0.594043E+00  0.115901E+06  0.115706E+06  0.188114E+03
  0.264203E-02  0.116295E+06  0.115789E+06  0.137733E+06  0.133780E+06  0.000000E+00  0.116213E+06  0.116213E+06  0.116213E+06 -0.593926E+00  0.115889E+06  0.115691E+06  0.188965E+03
  0.265423E-02  0.116283E+06  0.115772E+06  0.137566E+06  0.133582E+06  0.000000E+00  0.116200E+06  0.116200E+06  0.116200E+06 -0.593809E+00  0.115876E+06  0.115677E+06  0.189794E+03
  0.266648E-02  0.116271E+06  0.115755E+06  0.137397E+06  0.133382E+06  0.000000E+00  0.116187E+06  0.116187E+06  0.116187E+06 -0.593690E+00  0.115863E+06  0.115662E+06  0.190706E+03
  0.267879E-02  0.116258E+06  0.115738E+06  0.137227E+06  0.133180E+06  0.000000E+00  0.116173E+06  0.116173E+06  0.116173E+06 -0.593570E+00  0.115850E+06  0.115648E+06  0.191272E+03
  0.269115E-02  0.116245E+06  0.115721E+06  0.137055E+06  0.132976E+06  0.000000E+00  0.116160E+06  0.116160E+06  0.116160E+06 -0.593450E+00  0.115837E+06  0.115633E+06  0.191934E+03
  0.270357E-02  0.116233E+06  0.115704E+06  0.136882E+06  0.132772E+06  0.000000E+00  0.116147E+06  0.116147E+06  0.116147E+06 -0.593328E+00  0.115824E+06  0.115619E+06  0.192818E+03
  0.271605E-02  0.116220E+06  0.115687E+06  0.136708E+06  0.132566E+06  0.000000E+00  0.116133E+06  0.116133E+06  0.116133E+06 -0.593205E+00  0.115811E+06  0.115603E+06  0.193711E+03
  0.272859E-02  0.116208E+06  0.115669E+06  0.136533E+06  0.132358E+06  0.000000E+00  0.116120E+06  0.116120E+06  0.116120E+06 -0.593081E+00  0.115798E+06  0.115588E+06  0.194811E+03
  0.274118E-02  0.116195E+06  0.115651E+06  0.136357E+06  0.132149E+06  0.000000E+00  0.116106E+06  0.116106E+06  0.116106E+06 -0.592955E+00  0.115784E+06  0.115572E+06  0.195753E+03
  0.275384E-02  0.116182E+06  0.115633E+06  0.136178E+06  0.131937E+06  0.000000E+00  0.116093E+06  0.116093E+06  0.116093E+06 -0.592829E+00  0.115771E+06  0.115557E+06  0.196504E+03
  0.276655E-02  0.116169E+06  0.115615E+06  0.135998E+06  0.131725E+06  0.000000E+00  0.116079E+06  0.116079E+06  0.116079E+06 -0.592702E+00  0.115757E+06  0.115542E+06  0.197400E+03
  0.277932E-02  0.116156E+06  0.115597E+06  0.135817E+06  0.131510E+06  0.000000E+00  0.116065E+06  0.116065E+06  0.116065E+06 -0.592574E+00  0.115743E+06  0.115526E+06  0.198294E+03
  0.279215E-02  0.116143E+06  0.115578E+06  0.135634E+06  0.131294E+06  0.000000E+00  0.116051E+06  0.116051E+06  0.116051E+06 -0.592444E+00  0.115729E+06  0.115510E+06  0.199192E+03
  0.280503E-02  0.116129E+06  0.115560E+06  0.135450E+06  0.131077E+06  0.000000E+00  0.116036E+06  0.116036E+06  0.116036E+06 -0.592314E+00  0.115715E+06  0.115494E+06  0.200096E+03
  0.281798E-02  0.116116E+06  0.115541E+06  0.135265E+06  0.130857E+06  0.000000E+00  0.116022E+06  0.116022E+06  0.116022E+06 -0.592182E+00  0.115701E+06  0.115478E+06  0.201044E+03
  0.283099E-02  0.116102E+06  0.115522E+06  0.135078E+06  0.130636E+06  0.000000E+00  0.116008E+06  0.116008E+06  0.116008E+06 -0.592049E+00  0.115687E+06  0.115461E+06  0.202103E+03
  0.284406E-02  0.116088E+06  0.115503E+06  0.134888E+06  0.130413E+06  0.000000E+00  0.115993E+06  0.115993E+06  0.115993E+06 -0.591915E+00  0.115673E+06  0.115445E+06  0.202784E+03
  0.285718E-02  0.116074E+06  0.115484E+06  0.134698E+06  0.130188E+06  0.000000E+00  0.115978E+06  0.115978E+06  0.115978E+06 -0.591780E+00  0.115658E+06  0.115428E+06  0.203710E+03
  0.287037E-02  0.116060E+06  0.115464E+06  0.134506E+06  0.129962E+06  0.000000E+00  0.115963E+06  0.115963E+06  0.115963E+06 -0.591644E+00  0.115643E+06  0.115411E+06  0.204638E+03
  0.288362E-02  0.116046E+06  0.115444E+06  0.134313E+06  0.129734E+06  0.000000E+00  0.115948E+06  0.115948E+06  0.115948E+06 -0.591507E+00  0.115628E+06  0.115394E+06  0.205568E+03
  0.289693E-02  0.116032E+06  0.115425E+06  0.134118E+06  0.129504E+06  0.000000E+00  0.115933E+06  0.115933E+06  0.115933E+06 -0.591368E+00  0.115614E+06  0.115377E+06  0.206496E+03
  0.291030E-02  0.116017E+06  0.115405E+06  0.133921E+06  0.129272E+06  0.000000E+00  0.115917E+06  0.115917E+06  0.115917E+06 -0.591229E+00  0.115598E+06  0.115360E+06  0.207212E+03
  0.292374E-02  0.116003E+06  0.115385E+06  0.133723E+06  0.129039E+06  0.000000E+00  0.115902E+06  0.115902E+06  0.115902E+06 -0.591088E+00  0.115583E+06  0.115343E+06  0.208177E+03
  0.293723E-02  0.115988E+06  0.115364E+06  0.133524E+06  0.128804E+06  0.000000E+00  0.115886E+06  0.115886E+06  0.115886E+06 -0.590946E+00  0.115568E+06  0.115325E+06  0.209143E+03
  0.295079E-02  0.115973E+06  0.115344E+06  0.133323E+06  0.128567E+06  0.000000E+00  0.115871E+06  0.115871E+06  0.115871E+06 -0.590802E+00  0.115552E+06  0.115308E+06  0.210114E+03
  0.296441E-02  0.115958E+06  0.115323E+06  0.133121E+06  0.128329E+06  0.000000E+00  0.115855E+06  0.115855E+06  0.115855E+06 -0.590658E+00  0.115537E+06  0.115289E+06  0.211279E+03
  0.297809E-02  0.115943E+06  0.115302E+06  0.132916E+06  0.128088E+06  0.000000E+00  0.115839E+06  0.115839E+06  0.115839E+06 -0.590512E+00  0.115521E+06  0.115272E+06  0.212110E+03
  0.299184E-02  0.115928E+06  0.115281E+06  0.132710E+06  0.127846E+06  0.000000E+00  0.115823E+06  0.115823E+06  0.115823E+06 -0.590365E+00  0.115505E+06  0.115253E+06  0.213075E+03
  0.300565E-02  0.115913E+06  0.115260E+06  0.132501E+06  0.127601E+06  0.000000E+00  0.115806E+06  0.115806E+06  0.115806E+06 -0.590217E+00  0.115489E+06  0.115235E+06  0.213678E+03
  0.301952E-02  0.115897E+06  0.115238E+06  0.132293E+06  0.127356E+06  0.000000E+00  0.115790E+06  0.115790E+06  0.115790E+06 -0.590067E+00  0.115473E+06  0.115216E+06  0.215022E+03
  0.303346E-02  0.115882E+06  0.115216E+06  0.132083E+06  0.127108E+06  0.000000E+00  0.115774E+06  0.115774E+06  0.115774E+06 -0.589916E+00  0.115456E+06  0.115198E+06  0.216105E+03
  0.304746E-02  0.115866E+06  0.115195E+06  0.131869E+06  0.126858E+06  0.000000E+00  0.115757E+06  0.115757E+06  0.115757E+06 -0.589764E+00  0.115440E+06  0.115179E+06  0.216893E+03
  0.306153E-02  0.115850E+06  0.115173E+06  0.131656E+06  0.126607E+06  0.000000E+00  0.115740E+06  0.115740E+06  0.115740E+06 -0.589611E+00  0.115423E+06  0.115160E+06  0.218043E+03
  0.307566E-02  0.115834E+06  0.115150E+06  0.131439E+06  0.126354E+06  0.000000E+00  0.115723E+06  0.115723E+06  0.115723E+06 -0.589456E+00  0.115407E+06  0.115141E+06  0.218990E+03
  0.308985E-02  0.115818E+06  0.115128E+06  0.131222E+06  0.126098E+06  0.000000E+00  0.115706E+06  0.115706E+06  0.115706E+06 -0.589300E+00  0.115390E+06  0.115121E+06  0.219944E+03
  0.310412E-02  0.115802E+06  0.115105E+06  0.131002E+06  0.125841E+06  0.000000E+00  0.115688E+06  0.115688E+06  0.115688E+06 -0.589143E+00  0.115373E+06  0.115102E+06  0.220903E+03
  0.311844E-02  0.115785E+06  0.115082E+06  0.130781E+06  0.125582E+06  0.000000E+00  0.115671E+06  0.115671E+06  0.115671E+06 -0.588985E+00  0.115355E+06  0.115082E+06  0.221872E+03
  0.313284E-02  0.115769E+06  0.115059E+06  0.130558E+06  0.125321E+06  0.000000E+00  0.115653E+06  0.115653E+06  0.115653E+06 -0.588825E+00  0.115338E+06  0.115062E+06  0.222853E+03
  0.314730E-02  0.115752E+06  0.115036E+06  0.130334E+06  0.125058E+06  0.000000E+00  0.115635E+06  0.115635E+06  0.115635E+06 -0.588664E+00  0.115320E+06  0.115042E+06  0.223841E+03
  0.316183E-02  0.115735E+06  0.115013E+06  0.130107E+06  0.124793E+06  0.000000E+00  0.115617E+06  0.115617E+06  0.115617E+06 -0.588501E+00  0.115303E+06  0.115022E+06  0.224699E+03
  0.317642E-02  0.115718E+06  0.114989E+06  0.129880E+06  0.124527E+06  0.000000E+00  0.115599E+06  0.115599E+06  0.115599E+06 -0.588337E+00  0.115285E+06  0.115001E+06  0.225979E+03
  0.319108E-02  0.115701E+06  0.114965E+06  0.129650E+06  0.124258E+06  0.000000E+00  0.115581E+06  0.115581E+06  0.115581E+06 -0.588171E+00  0.115267E+06  0.114981E+06  0.226981E+03
  0.320581E-02  0.115684E+06  0.114941E+06  0.129418E+06  0.123987E+06  0.000000E+00  0.115563E+06  0.115563E+06  0.115563E+06 -0.588005E+00  0.115249E+06  0.114960E+06  0.227962E+03
  0.322061E-02  0.115666E+06  0.114917E+06  0.129185E+06  0.123714E+06  0.000000E+00  0.115544E+06  0.115544E+06  0.115544E+06 -0.587837E+00  0.115230E+06  0.114939E+06  0.228959E+03
  0.323547E-02  0.115648E+06  0.114893E+06  0.128948E+06  0.123439E+06  0.000000E+00  0.115525E+06  0.115525E+06  0.115525E+06 -0.587668E+00  0.115212E+06  0.114919E+06  0.229341E+03
  0.325041E-02  0.115630E+06  0.114868E+06  0.128711E+06  0.123163E+06  0.000000E+00  0.115506E+06  0.115506E+06  0.115506E+06 -0.587497E+00  0.115193E+06  0.114898E+06  0.230374E+03
  0.326541E-02  0.115612E+06  0.114843E+06  0.128472E+06  0.122884E+06  0.000000E+00  0.115487E+06  0.115487E+06  0.115487E+06 -0.587325E+00  0.115174E+06  0.114876E+06  0.231476E+03
  0.328048E-02  0.115594E+06  0.114818E+06  0.128232E+06  0.122604E+06  0.000000E+00  0.115468E+06  0.115468E+06  0.115468E+06 -0.587151E+00  0.115155E+06  0.114854E+06  0.232620E+03
  0.329563E-02  0.115576E+06  0.114793E+06  0.127989E+06  0.122321E+06  0.000000E+00  0.115449E+06  0.115449E+06  0.115449E+06 -0.586975E+00  0.115136E+06  0.114832E+06  0.233718E+03
  0.331084E-02  0.115558E+06  0.114767E+06  0.127745E+06  0.122036E+06  0.000000E+00  0.115429E+06  0.115429E+06  0.115429E+06 -0.586799E+00  0.115117E+06  0.114810E+06  0.234804E+03
  0.332612E-02  0.115539E+06  0.114741E+06  0.127499E+06  0.121750E+06  0.000000E+00  0.115409E+06  0.115409E+06  0.115409E+06 -0.586621E+00  0.115097E+06  0.114788E+06  0.235880E+03
  0.334147E-02  0.115521E+06  0.114715E+06  0.127251E+06  0.121461E+06  0.000000E+00  0.115389E+06  0.115389E+06  0.115389E+06 -0.586441E+00  0.115078E+06  0.114765E+06  0.236951E+03
  0.335690E-02  0.115502E+06  0.114689E+06  0.127001E+06  0.121170E+06  0.000000E+00  0.115369E+06  0.115369E+06  0.115369E+06 -0.586260E+00  0.115058E+06  0.114742E+06  0.238020E+03
  0.337239E-02  0.115483E+06  0.114662E+06  0.126749E+06  0.120877E+06  0.000000E+00  0.115349E+06  0.115349E+06  0.115349E+06 -0.586077E+00  0.115038E+06  0.114719E+06  0.239140E+03
  0.338796E-02  0.115463E+06  0.114635E+06  0.126496E+06  0.120582E+06  0.000000E+00  0.115328E+06  0.115328E+06  0.115328E+06 -0.585893E+00  0.115018E+06  0.114696E+06  0.240202E+03
  0.340360E-02  0.115444E+06  0.114608E+06  0.126240E+06  0.120285E+06  0.000000E+00  0.115308E+06  0.115308E+06  0.115308E+06 -0.585708E+00  0.114997E+06  0.114673E+06  0.241208E+03
  0.341931E-02  0.115424E+06  0.114581E+06  0.125982E+06  0.119986E+06  0.000000E+00  0.115287E+06  0.115287E+06  0.115287E+06 -0.585520E+00  0.114977E+06  0.114650E+06  0.242290E+03
  0.343509E-02  0.115405E+06  0.114554E+06  0.125723E+06  0.119685E+06  0.000000E+00  0.115266E+06  0.115266E+06  0.115266E+06 -0.585332E+00  0.114956E+06  0.114626E+06  0.243356E+03
  0.345095E-02  0.115385E+06  0.114526E+06  0.125461E+06  0.119382E+06  0.000000E+00  0.115245E+06  0.115245E+06  0.115245E+06 -0.585141E+00  0.114935E+06  0.114602E+06  0.244506E+03
  0.346687E-02  0.115365E+06  0.114498E+06  0.125198E+06  0.119077E+06  0.000000E+00  0.115224E+06  0.115224E+06  0.115224E+06 -0.584949E+00  0.114914E+06  0.114577E+06  0.245812E+03
  0.348288E-02  0.115345E+06  0.114470E+06  0.124933E+06  0.118769E+06  0.000000E+00  0.115202E+06  0.115202E+06  0.115202E+06 -0.584756E+00  0.114893E+06  0.114553E+06  0.246868E+03
  0.349895E-02  0.115324E+06  0.114441E+06  0.124665E+06  0.118460E+06  0.000000E+00  0.115180E+06  0.115180E+06  0.115180E+06 -0.584561E+00  0.114871E+06  0.114529E+06  0.247803E+03
  0.351510E-02  0.115303E+06  0.114413E+06  0.124396E+06  0.118148E+06  0.000000E+00  0.115158E+06  0.115158E+06  0.115158E+06 -0.584365E+00  0.114849E+06  0.114504E+06  0.248898E+03
  0.353133E-02  0.115283E+06  0.114384E+06  0.124124E+06  0.117834E+06  0.000000E+00  0.115136E+06  0.115136E+06  0.115136E+06 -0.584166E+00  0.114828E+06  0.114479E+06  0.249995E+03
  0.354763E-02  0.115262E+06  0.114355E+06  0.123851E+06  0.117518E+06  0.000000E+00  0.115114E+06  0.115114E+06  0.115114E+06 -0.583967E+00  0.114806E+06  0.114454E+06  0.251093E+03
  0.356400E-02  0.115240E+06  0.114325E+06  0.123575E+06  0.117200E+06  0.000000E+00  0.115091E+06  0.115091E+06  0.115091E+06 -0.583765E+00  0.114783E+06  0.114428E+06  0.252163E+03
  0.358045E-02  0.115219E+06  0.114295E+06  0.123298E+06  0.116880E+06  0.000000E+00  0.115069E+06  0.115069E+06  0.115069E+06 -0.583562E+00  0.114761E+06  0.114403E+06  0.253319E+03
  0.359698E-02  0.115198E+06  0.114265E+06  0.123018E+06  0.116557E+06  0.000000E+00  0.115046E+06  0.115046E+06  0.115046E+06 -0.583358E+00  0.114738E+06  0.114377E+06  0.254374E+03
  0.361358E-02  0.115176E+06  0.114235E+06  0.122737E+06  0.116232E+06  0.000000E+00  0.115023E+06  0.115023E+06  0.115023E+06 -0.583151E+00  0.114715E+06  0.114351E+06  0.255523E+03
  0.363026E-02  0.115154E+06  0.114205E+06  0.122453E+06  0.115905E+06  0.000000E+00  0.114999E+06  0.114999E+06  0.114999E+06 -0.582943E+00  0.114692E+06  0.114325E+06  0.256488E+03
  0.364702E-02  0.115132E+06  0.114174E+06  0.122167E+06  0.115576E+06  0.000000E+00  0.114976E+06  0.114976E+06  0.114976E+06 -0.582733E+00  0.114669E+06  0.114298E+06  0.257613E+03
  0.366385E-02  0.115110E+06  0.114143E+06  0.121880E+06  0.115245E+06  0.000000E+00  0.114952E+06  0.114952E+06  0.114952E+06 -0.582522E+00  0.114646E+06  0.114271E+06  0.258746E+03
  0.368076E-02  0.115087E+06  0.114112E+06  0.121590E+06  0.114912E+06  0.000000E+00  0.114928E+06  0.114928E+06  0.114928E+06 -0.582309E+00  0.114622E+06  0.114244E+06  0.259872E+03
  0.369775E-02  0.115064E+06  0.114080E+06  0.121298E+06  0.114576E+06  0.000000E+00  0.114904E+06  0.114904E+06  0.114904E+06 -0.582094E+00  0.114598E+06  0.114217E+06  0.261022E+03
  0.371482E-02  0.115042E+06  0.114049E+06  0.121004E+06  0.114238E+06  0.000000E+00  0.114880E+06  0.114880E+06  0.114880E+06 -0.581877E+00  0.114574E+06  0.114189E+06  0.262184E+03
  0.373197E-02  0.115019E+06  0.114016E+06  0.120708E+06  0.113898E+06  0.000000E+00  0.114855E+06  0.114855E+06  0.114855E+06 -0.581659E+00  0.114550E+06  0.114162E+06  0.263289E+03
  0.374920E-02  0.114995E+06  0.113984E+06  0.120409E+06  0.113556E+06  0.000000E+00  0.114830E+06  0.114830E+06  0.114830E+06 -0.581439E+00  0.114525E+06  0.114134E+06  0.264459E+03
  0.376650E-02  0.114972E+06  0.113951E+06  0.120109E+06  0.113211E+06  0.000000E+00  0.114805E+06  0.114805E+06  0.114805E+06 -0.581217E+00  0.114501E+06  0.114105E+06  0.265635E+03
  0.378389E-02  0.114948E+06  0.113918E+06  0.119807E+06  0.112865E+06  0.000000E+00  0.114780E+06  0.114780E+06  0.114780E+06 -0.580993E+00  0.114476E+06  0.114077E+06  0.266827E+03
  0.380135E-02  0.114924E+06  0.113885E+06  0.119502E+06  0.112516E+06  0.000000E+00  0.114755E+06  0.114755E+06  0.114755E+06 -0.580768E+00  0.114450E+06  0.114048E+06  0.268015E+03
  0.381890E-02  0.114900E+06  0.113851E+06  0.119196E+06  0.112165E+06  0.000000E+00  0.114729E+06  0.114729E+06  0.114729E+06 -0.580540E+00  0.114425E+06  0.114018E+06  0.269578E+03
  0.383653E-02  0.114876E+06  0.113817E+06  0.118887E+06  0.111811E+06  0.000000E+00  0.114704E+06  0.114704E+06  0.114704E+06 -0.580311E+00  0.114400E+06  0.113990E+06  0.270550E+03
  0.385423E-02  0.114852E+06  0.113783E+06  0.118576E+06  0.111456E+06  0.000000E+00  0.114677E+06  0.114677E+06  0.114677E+06 -0.580080E+00  0.114374E+06  0.113960E+06  0.271927E+03
  0.387202E-02  0.114827E+06  0.113748E+06  0.118263E+06  0.111098E+06  0.000000E+00  0.114651E+06  0.114651E+06  0.114651E+06 -0.579848E+00  0.114348E+06  0.113930E+06  0.273092E+03
  0.388990E-02  0.114802E+06  0.113714E+06  0.117947E+06  0.110737E+06  0.000000E+00  0.114625E+06  0.114625E+06  0.114625E+06 -0.579613E+00  0.114321E+06  0.113900E+06  0.274247E+03
  0.390785E-02  0.114777E+06  0.113679E+06  0.117629E+06  0.110375E+06  0.000000E+00  0.114598E+06  0.114598E+06  0.114598E+06 -0.579377E+00  0.114295E+06  0.113870E+06  0.275401E+03
  0.392589E-02  0.114752E+06  0.113644E+06  0.117309E+06  0.110010E+06  0.000000E+00  0.114571E+06  0.114571E+06  0.114571E+06 -0.579138E+00  0.114268E+06  0.113839E+06  0.276518E+03
  0.394401E-02  0.114726E+06  0.113608E+06  0.116987E+06  0.109643E+06  0.000000E+00  0.114544E+06  0.114544E+06  0.114544E+06 -0.578898E+00  0.114241E+06  0.113809E+06  0.277713E+03
  0.396222E-02  0.114700E+06  0.113572E+06  0.116662E+06  0.109273E+06  0.000000E+00  0.114516E+06  0.114516E+06  0.114516E+06 -0.578656E+00  0.114214E+06  0.113778E+06  0.278915E+03
  0.398050E-02  0.114674E+06  0.113536E+06  0.116336E+06  0.108902E+06  0.000000E+00  0.114489E+06  0.114489E+06  0.114489E+06 -0.578412E+00  0.114187E+06  0.113746E+06  0.280128E+03
  0.399888E-02  0.114648E+06  0.113499E+06  0.116007E+06  0.108528E+06  0.000000E+00  0.114461E+06  0.114461E+06  0.114461E+06 -0.578166E+00  0.114159E+06  0.113715E+06  0.281364E+03
  0.401733E-02  0.114622E+06  0.113462E+06  0.115675E+06  0.108152E+06  0.000000E+00  0.114433E+06  0.114433E+06  0.114433E+06 -0.577918E+00  0.114131E+06  0.113683E+06  0.282552E+03
  0.403588E-02  0.114595E+06  0.113425E+06  0.115342E+06  0.107773E+06  0.000000E+00  0.114404E+06  0.114404E+06  0.114404E+06 -0.577668E+00  0.114103E+06  0.113651E+06  0.283764E+03
  0.405451E-02  0.114568E+06  0.113388E+06  0.115006E+06  0.107392E+06  0.000000E+00  0.114376E+06  0.114376E+06  0.114376E+06 -0.577416E+00  0.114075E+06  0.113618E+06  0.284986E+03
  0.407322E-02  0.114541E+06  0.113350E+06  0.114669E+06  0.107009E+06  0.000000E+00  0.114347E+06  0.114347E+06  0.114347E+06 -0.577163E+00  0.114046E+06  0.113585E+06  0.286395E+03
  0.409202E-02  0.114514E+06  0.113312E+06  0.114328E+06  0.106624E+06  0.000000E+00  0.114318E+06  0.114318E+06  0.114318E+06 -0.576907E+00  0.114017E+06  0.113552E+06  0.287560E+03
  0.411091E-02  0.114486E+06  0.113273E+06  0.113986E+06  0.106236E+06  0.000000E+00  0.114288E+06  0.114288E+06  0.114288E+06 -0.576649E+00  0.113988E+06  0.113519E+06  0.288710E+03
  0.412989E-02  0.114458E+06  0.113235E+06  0.113641E+06  0.105846E+06  0.000000E+00  0.114259E+06  0.114259E+06  0.114259E+06 -0.576389E+00  0.113959E+06  0.113486E+06  0.289894E+03
  0.414895E-02  0.114430E+06  0.113195E+06  0.113293E+06  0.105454E+06  0.000000E+00  0.114229E+06  0.114229E+06  0.114229E+06 -0.576128E+00  0.113929E+06  0.113452E+06  0.291105E+03
  0.416810E-02  0.114402E+06  0.113156E+06  0.112944E+06  0.105059E+06  0.000000E+00  0.114199E+06  0.114199E+06  0.114199E+06 -0.575864E+00  0.113899E+06  0.113418E+06  0.292373E+03
  0.418734E-02  0.114373E+06  0.113116E+06  0.112592E+06  0.104663E+06  0.000000E+00  0.114169E+06  0.114169E+06  0.114169E+06 -0.575598E+00  0.113869E+06  0.113383E+06  0.293643E+03
  0.420667E-02  0.114345E+06  0.113076E+06  0.112238E+06  0.104263E+06  0.000000E+00  0.114138E+06  0.114138E+06  0.114138E+06 -0.575330E+00  0.113839E+06  0.113349E+06  0.294808E+03
  0.422608E-02  0.114316E+06  0.113036E+06  0.111881E+06  0.103862E+06  0.000000E+00  0.114107E+06  0.114107E+06  0.114107E+06 -0.575060E+00  0.113808E+06  0.113314E+06  0.295980E+03
  0.424559E-02  0.114286E+06  0.112995E+06  0.111523E+06  0.103458E+06  0.000000E+00  0.114076E+06  0.114076E+06  0.114076E+06 -0.574788E+00  0.113777E+06  0.113278E+06  0.297285E+03
  0.426519E-02  0.114257E+06  0.112953E+06  0.111162E+06  0.103052E+06  0.000000E+00  0.114045E+06  0.114045E+06  0.114045E+06 -0.574513E+00  0.113746E+06  0.113242E+06  0.298852E+03
  0.428487E-02  0.114227E+06  0.112912E+06  0.110798E+06  0.102644E+06  0.000000E+00  0.114013E+06  0.114013E+06  0.114013E+06 -0.574237E+00  0.113714E+06  0.113207E+06  0.299924E+03
  0.430465E-02  0.114197E+06  0.112870E+06  0.110433E+06  0.102233E+06  0.000000E+00  0.113981E+06  0.113981E+06  0.113981E+06 -0.573959E+00  0.113683E+06  0.113170E+06  0.301250E+03
  0.432452E-02  0.114167E+06  0.112828E+06  0.110065E+06  0.101820E+06  0.000000E+00  0.113949E+06  0.113949E+06  0.113949E+06 -0.573678E+00  0.113650E+06  0.113134E+06  0.302550E+03
  0.434448E-02  0.114137E+06  0.112785E+06  0.109694E+06  0.101405E+06  0.000000E+00  0.113916E+06  0.113916E+06  0.113916E+06 -0.573396E+00  0.113618E+06  0.113097E+06  0.303856E+03
  0.436454E-02  0.114106E+06  0.112742E+06  0.109321E+06  0.100987E+06  0.000000E+00  0.113883E+06  0.113883E+06  0.113883E+06 -0.573111E+00  0.113586E+06  0.113060E+06  0.305168E+03
  0.438468E-02  0.114075E+06  0.112699E+06  0.108946E+06  0.100567E+06  0.000000E+00  0.113850E+06  0.113850E+06  0.113850E+06 -0.572824E+00  0.113553E+06  0.113022E+06  0.306485E+03
  0.440492E-02  0.114043E+06  0.112655E+06  0.108568E+06  0.100145E+06  0.000000E+00  0.113817E+06  0.113817E+06  0.113817E+06 -0.572535E+00  0.113520E+06  0.112984E+06  0.307805E+03
  0.442525E-02  0.114012E+06  0.112611E+06  0.108188E+06  0.997207E+05  0.000000E+00  0.113784E+06  0.113784E+06  0.113784E+06 -0.572243E+00  0.113486E+06  0.112946E+06  0.309129E+03
  0.444568E-02  0.113980E+06  0.112566E+06  0.107806E+06  0.992940E+05  0.000000E+00  0.113750E+06  0.113750E+06  0.113750E+06 -0.571950E+00  0.113453E+06  0.112908E+06  0.310472E+03
  0.446620E-02  0.113948E+06  0.112521E+06  0.107421E+06  0.988650E+05  0.000000E+00  0.113716E+06  0.113716E+06  0.113716E+06 -0.571654E+00  0.113419E+06  0.112869E+06  0.311786E+03
  0.448681E-02  0.113916E+06  0.112476E+06  0.107034E+06  0.984338E+05  0.000000E+00  0.113681E+06  0.113681E+06  0.113681E+06 -0.571356E+00  0.113384E+06  0.112830E+06  0.313102E+03
  0.450752E-02  0.113883E+06  0.112430E+06  0.106644E+06  0.980002E+05  0.000000E+00  0.113646E+06  0.113646E+06  0.113646E+06 -0.571055E+00  0.113350E+06  0.112790E+06  0.314422E+03
  0.452833E-02  0.113850E+06  0.112384E+06  0.106252E+06  0.975644E+05  0.000000E+00  0.113611E+06  0.113611E+06  0.113611E+06 -0.570753E+00  0.113315E+06  0.112750E+06  0.315749E+03
  0.454923E-02  0.113817E+06  0.112338E+06  0.105858E+06  0.971264E+05  0.000000E+00  0.113576E+06  0.113576E+06  0.113576E+06 -0.570448E+00  0.113280E+06  0.112710E+06  0.317083E+03
  0.457023E-02  0.113784E+06  0.112291E+06  0.105461E+06  0.966861E+05  0.000000E+00  0.113541E+06  0.113541E+06  0.113541E+06 -0.570141E+00  0.113244E+06  0.112670E+06  0.318424E+03
  0.459133E-02  0.113750E+06  0.112244E+06  0.105062E+06  0.962436E+05  0.000000E+00  0.113505E+06  0.113505E+06  0.113505E+06 -0.569832E+00  0.113209E+06  0.112629E+06  0.319774E+03
  0.461252E-02  0.113716E+06  0.112196E+06  0.104661E+06  0.957989E+05  0.000000E+00  0.113468E+06  0.113468E+06  0.113468E+06 -0.569519E+00  0.113173E+06  0.112587E+06  0.321393E+03
  0.463381E-02  0.113682E+06  0.112148E+06  0.104257E+06  0.953520E+05  0.000000E+00  0.113432E+06  0.113432E+06  0.113432E+06 -0.569205E+00  0.113136E+06  0.112545E+06  0.322858E+03
  0.465520E-02  0.113647E+06  0.112100E+06  0.103851E+06  0.949028E+05  0.000000E+00  0.113395E+06  0.113395E+06  0.113395E+06 -0.568889E+00  0.113100E+06  0.112504E+06  0.324154E+03
  0.467668E-02  0.113613E+06  0.112051E+06  0.103442E+06  0.944513E+05  0.000000E+00  0.113358E+06  0.113358E+06  0.113358E+06 -0.568570E+00  0.113063E+06  0.112461E+06  0.325508E+03
  0.469827E-02  0.113578E+06  0.112002E+06  0.103031E+06  0.939977E+05  0.000000E+00  0.113321E+06  0.113321E+06  0.113321E+06 -0.568249E+00  0.113025E+06  0.112419E+06  0.326876E+03
  0.471996E-02  0.113542E+06  0.111952E+06  0.102617E+06  0.935418E+05  0.000000E+00  0.113283E+06  0.113283E+06  0.113283E+06 -0.567926E+00  0.112988E+06  0.112376E+06  0.328253E+03
  0.474174E-02  0.113507E+06  0.111902E+06  0.102201E+06  0.930838E+05  0.000000E+00  0.113245E+06  0.113245E+06  0.113245E+06 -0.567600E+00  0.112950E+06  0.112332E+06  0.329636E+03
  0.476363E-02  0.113471E+06  0.111852E+06  0.101782E+06  0.926236E+05  0.000000E+00  0.113207E+06  0.113207E+06  0.113207E+06 -0.567271E+00  0.112911E+06  0.112289E+06  0.331023E+03
  0.478562E-02  0.113434E+06  0.111801E+06  0.101361E+06  0.921612E+05  0.000000E+00  0.113168E+06  0.113168E+06  0.113168E+06 -0.566941E+00  0.112873E+06  0.112245E+06  0.332374E+03
  0.480771E-02  0.113398E+06  0.111749E+06  0.100938E+06  0.916967E+05  0.000000E+00  0.113129E+06  0.113129E+06  0.113129E+06 -0.566608E+00  0.112834E+06  0.112200E+06  0.333784E+03
  0.482990E-02  0.113361E+06  0.111698E+06  0.100512E+06  0.912300E+05  0.000000E+00  0.113090E+06  0.113090E+06  0.113090E+06 -0.566272E+00  0.112795E+06  0.112155E+06  0.335204E+03
  0.485219E-02  0.113324E+06  0.111645E+06  0.100084E+06  0.907612E+05  0.000000E+00  0.113050E+06  0.113050E+06  0.113050E+06 -0.565934E+00  0.112755E+06  0.112110E+06  0.336669E+03
  0.487459E-02  0.113286E+06  0.111593E+06  0.996534E+05  0.902902E+05  0.000000E+00  0.113010E+06  0.113010E+06  0.113010E+06 -0.565594E+00  0.112715E+06  0.112065E+06  0.337939E+03
  0.489709E-02  0.113248E+06  0.111540E+06  0.992207E+05  0.898172E+05  0.000000E+00  0.112970E+06  0.112970E+06  0.112970E+06 -0.565251E+00  0.112675E+06  0.112019E+06  0.339455E+03
  0.491969E-02  0.113210E+06  0.111486E+06  0.987858E+05  0.893421E+05  0.000000E+00  0.112929E+06  0.112929E+06  0.112929E+06 -0.564906E+00  0.112635E+06  0.111972E+06  0.341067E+03
  0.494240E-02  0.113172E+06  0.111433E+06  0.983471E+05  0.888647E+05  0.000000E+00  0.112888E+06  0.112888E+06  0.112888E+06 -0.564558E+00  0.112594E+06  0.111926E+06  0.342169E+03
  0.496521E-02  0.113133E+06  0.111378E+06  0.979073E+05  0.883855E+05  0.000000E+00  0.112847E+06  0.112847E+06  0.112847E+06 -0.564208E+00  0.112552E+06  0.111878E+06  0.343776E+03
  0.498813E-02  0.113094E+06  0.111323E+06  0.974649E+05  0.879042E+05  0.000000E+00  0.112805E+06  0.112805E+06  0.112805E+06 -0.563855E+00  0.112511E+06  0.111831E+06  0.345259E+03
  0.501116E-02  0.113055E+06  0.111267E+06  0.970200E+05  0.874208E+05  0.000000E+00  0.112764E+06  0.112764E+06  0.112764E+06 -0.563500E+00  0.112469E+06  0.111783E+06  0.346748E+03
  0.503429E-02  0.113015E+06  0.111212E+06  0.965726E+05  0.869354E+05  0.000000E+00  0.112721E+06  0.112721E+06  0.112721E+06 -0.563142E+00  0.112427E+06  0.111734E+06  0.348216E+03
  0.505753E-02  0.112975E+06  0.111155E+06  0.961228E+05  0.864480E+05  0.000000E+00  0.112679E+06  0.112679E+06  0.112679E+06 -0.562781E+00  0.112384E+06  0.111686E+06  0.349665E+03
  0.508087E-02  0.112935E+06  0.111099E+06  0.956706E+05  0.859586E+05  0.000000E+00  0.112636E+06  0.112636E+06  0.112636E+06 -0.562418E+00  0.112341E+06  0.111637E+06  0.351107E+03
  0.510432E-02  0.112894E+06  0.111041E+06  0.952165E+05  0.854672E+05  0.000000E+00  0.112592E+06  0.112592E+06  0.112592E+06 -0.562053E+00  0.112298E+06  0.111587E+06  0.352732E+03
  0.512788E-02  0.112853E+06  0.110984E+06  0.947595E+05  0.849739E+05  0.000000E+00  0.112549E+06  0.112549E+06  0.112549E+06 -0.561684E+00  0.112254E+06  0.111537E+06  0.354160E+03
  0.515155E-02  0.112812E+06  0.110926E+06  0.943001E+05  0.844785E+05  0.000000E+00  0.112505E+06  0.112505E+06  0.112505E+06 -0.561314E+00  0.112210E+06  0.111486E+06  0.355598E+03
  0.517533E-02  0.112770E+06  0.110867E+06  0.938384E+05  0.839813E+05  0.000000E+00  0.112460E+06  0.112460E+06  0.112460E+06 -0.560941E+00  0.112165E+06  0.111436E+06  0.357060E+03
  0.519922E-02  0.112728E+06  0.110808E+06  0.933747E+05  0.834822E+05  0.000000E+00  0.112415E+06  0.112415E+06  0.112415E+06 -0.560565E+00  0.112121E+06  0.111384E+06  0.358645E+03
  0.522322E-02  0.112686E+06  0.110748E+06  0.929083E+05  0.829813E+05  0.000000E+00  0.112370E+06  0.112370E+06  0.112370E+06 -0.560186E+00  0.112075E+06  0.111333E+06  0.360140E+03
  0.524733E-02  0.112644E+06  0.110688E+06  0.924395E+05  0.824784E+05  0.000000E+00  0.112325E+06  0.112325E+06  0.112325E+06 -0.559805E+00  0.112030E+06  0.111281E+06  0.361589E+03
  0.527155E-02  0.112601E+06  0.110628E+06  0.919684E+05  0.819737E+05  0.000000E+00  0.112279E+06  0.112279E+06  0.112279E+06 -0.559421E+00  0.111984E+06  0.111228E+06  0.363058E+03
  0.529588E-02  0.112557E+06  0.110567E+06  0.914949E+05  0.814671E+05  0.000000E+00  0.112233E+06  0.112233E+06  0.112233E+06 -0.559035E+00  0.111938E+06  0.111175E+06  0.364520E+03
  0.532032E-02  0.112514E+06  0.110505E+06  0.910193E+05  0.809588E+05  0.000000E+00  0.112186E+06  0.112186E+06  0.112186E+06 -0.558645E+00  0.111891E+06  0.111122E+06  0.366051E+03
  0.534488E-02  0.112470E+06  0.110443E+06  0.905413E+05  0.804488E+05  0.000000E+00  0.112139E+06  0.112139E+06  0.112139E+06 -0.558253E+00  0.111844E+06  0.111068E+06  0.367547E+03
  0.536955E-02  0.112425E+06  0.110381E+06  0.900611E+05  0.799369E+05  0.000000E+00  0.112092E+06  0.112092E+06  0.112092E+06 -0.557859E+00  0.111797E+06  0.111014E+06  0.369086E+03
  0.539434E-02  0.112380E+06  0.110318E+06  0.895786E+05  0.794234E+05  0.000000E+00  0.112044E+06  0.112044E+06  0.112044E+06 -0.557462E+00  0.111749E+06  0.110959E+06  0.370612E+03
  0.541924E-02  0.112335E+06  0.110254E+06  0.890938E+05  0.789081E+05  0.000000E+00  0.111996E+06  0.111996E+06  0.111996E+06 -0.557062E+00  0.111700E+06  0.110904E+06  0.372156E+03
  0.544425E-02  0.112290E+06  0.110190E+06  0.886064E+05  0.783912E+05  0.000000E+00  0.111948E+06  0.111948E+06  0.111948E+06 -0.556659E+00  0.111652E+06  0.110849E+06  0.373596E+03
  0.546938E-02  0.112244E+06  0.110125E+06  0.881172E+05  0.778726E+05  0.000000E+00  0.111899E+06  0.111899E+06  0.111899E+06 -0.556254E+00  0.111603E+06  0.110792E+06  0.375168E+03
  0.549462E-02  0.112198E+06  0.110060E+06  0.876260E+05  0.773525E+05  0.000000E+00  0.111850E+06  0.111850E+06  0.111850E+06 -0.555845E+00  0.111553E+06  0.110736E+06  0.376820E+03
  0.551999E-02  0.112152E+06  0.109994E+06  0.871322E+05  0.768307E+05  0.000000E+00  0.111800E+06  0.111800E+06  0.111800E+06 -0.555434E+00  0.111503E+06  0.110679E+06  0.378369E+03
  0.554547E-02  0.112105E+06  0.109928E+06  0.866360E+05  0.763073E+05  0.000000E+00  0.111750E+06  0.111750E+06  0.111750E+06 -0.555021E+00  0.111453E+06  0.110621E+06  0.379880E+03
  0.557106E-02  0.112057E+06  0.109861E+06  0.861380E+05  0.757824E+05  0.000000E+00  0.111700E+06  0.111700E+06  0.111700E+06 -0.554604E+00  0.111403E+06  0.110563E+06  0.381512E+03
  0.559678E-02  0.112010E+06  0.109794E+06  0.856374E+05  0.752560E+05  0.000000E+00  0.111649E+06  0.111649E+06  0.111649E+06 -0.554185E+00  0.111352E+06  0.110505E+06  0.382978E+03
  0.562261E-02  0.111962E+06  0.109726E+06  0.851349E+05  0.747281E+05  0.000000E+00  0.111597E+06  0.111597E+06  0.111597E+06 -0.553763E+00  0.111300E+06  0.110446E+06  0.384565E+03
  0.564856E-02  0.111913E+06  0.109658E+06  0.846304E+05  0.741988E+05  0.000000E+00  0.111546E+06  0.111546E+06  0.111546E+06 -0.553339E+00  0.111248E+06  0.110387E+06  0.386211E+03
  0.567464E-02  0.111865E+06  0.109588E+06  0.841239E+05  0.736681E+05  0.000000E+00  0.111494E+06  0.111494E+06  0.111494E+06 -0.552911E+00  0.111196E+06  0.110326E+06  0.387903E+03
  0.570083E-02  0.111816E+06  0.109519E+06  0.836149E+05  0.731360E+05  0.000000E+00  0.111441E+06  0.111441E+06  0.111441E+06 -0.552480E+00  0.111143E+06  0.110266E+06  0.389472E+03
  0.572714E-02  0.111766E+06  0.109449E+06  0.831036E+05  0.726025E+05  0.000000E+00  0.111388E+06  0.111388E+06  0.111388E+06 -0.552047E+00  0.111090E+06  0.110206E+06  0.390987E+03
  0.575358E-02  0.111716E+06  0.109379E+06  0.825900E+05  0.720676E+05  0.000000E+00  0.111335E+06  0.111335E+06  0.111335E+06 -0.551612E+00  0.111036E+06  0.110145E+06  0.392415E+03
  0.578014E-02  0.111666E+06  0.109307E+06  0.820752E+05  0.715316E+05  0.000000E+00  0.111281E+06  0.111281E+06  0.111281E+06 -0.551173E+00  0.110982E+06  0.110083E+06  0.394146E+03
  0.580682E-02  0.111615E+06  0.109235E+06  0.815581E+05  0.709942E+05  0.000000E+00  0.111227E+06  0.111227E+06  0.111227E+06 -0.550731E+00  0.110928E+06  0.110020E+06  0.395792E+03
  0.583362E-02  0.111564E+06  0.109163E+06  0.810388E+05  0.704557E+05  0.000000E+00  0.111173E+06  0.111173E+06  0.111173E+06 -0.550286E+00  0.110873E+06  0.109957E+06  0.397409E+03
  0.586055E-02  0.111513E+06  0.109090E+06  0.805174E+05  0.699160E+05  0.000000E+00  0.111118E+06  0.111118E+06  0.111118E+06 -0.549839E+00  0.110818E+06  0.109894E+06  0.399003E+03
  0.588760E-02  0.111461E+06  0.109016E+06  0.799944E+05  0.693751E+05  0.000000E+00  0.111062E+06  0.111062E+06  0.111062E+06 -0.549388E+00  0.110762E+06  0.109830E+06  0.400693E+03
  0.591477E-02  0.111408E+06  0.108943E+06  0.794689E+05  0.688331E+05  0.000000E+00  0.111007E+06  0.111007E+06  0.111007E+06 -0.548935E+00  0.110706E+06  0.109766E+06  0.402238E+03
  0.594207E-02  0.111356E+06  0.108868E+06  0.789420E+05  0.682901E+05  0.000000E+00  0.110950E+06  0.110950E+06  0.110950E+06 -0.548479E+00  0.110649E+06  0.109701E+06  0.403941E+03
  0.596950E-02  0.111303E+06  0.108793E+06  0.784126E+05  0.677460E+05  0.000000E+00  0.110894E+06  0.110894E+06  0.110894E+06 -0.548020E+00  0.110592E+06  0.109636E+06  0.405466E+03
  0.599706E-02  0.111249E+06  0.108717E+06  0.778820E+05  0.672010E+05  0.000000E+00  0.110837E+06  0.110837E+06  0.110837E+06 -0.547558E+00  0.110534E+06  0.109570E+06  0.407229E+03
  0.602474E-02  0.111195E+06  0.108640E+06  0.773492E+05  0.666550E+05  0.000000E+00  0.110779E+06  0.110779E+06  0.110779E+06 -0.547093E+00  0.110476E+06  0.109503E+06  0.408914E+03
  0.605255E-02  0.111141E+06  0.108563E+06  0.768146E+05  0.661081E+05  0.000000E+00  0.110721E+06  0.110721E+06  0.110721E+06 -0.546625E+00  0.110418E+06  0.109436E+06  0.410601E+03
  0.608048E-02  0.111086E+06  0.108485E+06  0.762783E+05  0.655604E+05  0.000000E+00  0.110662E+06  0.110662E+06  0.110662E+06 -0.546154E+00  0.110359E+06  0.109368E+06  0.412307E+03
  0.610855E-02  0.111031E+06  0.108406E+06  0.757400E+05  0.650118E+05  0.000000E+00  0.110604E+06  0.110604E+06  0.110604E+06 -0.545681E+00  0.110299E+06  0.109300E+06  0.413968E+03
  0.613674E-02  0.110976E+06  0.108327E+06  0.752000E+05  0.644624E+05  0.000000E+00  0.110544E+06  0.110544E+06  0.110544E+06 -0.545205E+00  0.110239E+06  0.109232E+06  0.415649E+03
  0.616507E-02  0.110920E+06  0.108248E+06  0.746579E+05  0.639123E+05  0.000000E+00  0.110484E+06  0.110484E+06  0.110484E+06 -0.544725E+00  0.110179E+06  0.109163E+06  0.417235E+03
  0.619353E-02  0.110863E+06  0.108168E+06  0.741144E+05  0.633615E+05  0.000000E+00  0.110424E+06  0.110424E+06  0.110424E+06 -0.544243E+00  0.110118E+06  0.109093E+06  0.418914E+03
  0.622212E-02  0.110806E+06  0.108087E+06  0.735691E+05  0.628101E+05  0.000000E+00  0.110363E+06  0.110363E+06  0.110363E+06 -0.543758E+00  0.110057E+06  0.109023E+06  0.420599E+03
  0.625084E-02  0.110749E+06  0.108006E+06  0.730223E+05  0.622580E+05  0.000000E+00  0.110302E+06  0.110302E+06  0.110302E+06 -0.543270E+00  0.109995E+06  0.108952E+06  0.422286E+03
  0.627969E-02  0.110692E+06  0.107924E+06  0.724738E+05  0.617054E+05  0.000000E+00  0.110240E+06  0.110240E+06  0.110240E+06 -0.542778E+00  0.109933E+06  0.108881E+06  0.423977E+03
  0.630867E-02  0.110633E+06  0.107841E+06  0.719237E+05  0.611524E+05  0.000000E+00  0.110178E+06  0.110178E+06  0.110178E+06 -0.542284E+00  0.109870E+06  0.108809E+06  0.425676E+03
  0.633779E-02  0.110575E+06  0.107757E+06  0.713721E+05  0.605988E+05  0.000000E+00  0.110116E+06  0.110116E+06  0.110116E+06 -0.541787E+00  0.109806E+06  0.108737E+06  0.427381E+03
  0.636705E-02  0.110516E+06  0.107673E+06  0.708188E+05  0.600449E+05  0.000000E+00  0.110053E+06  0.110053E+06  0.110053E+06 -0.541287E+00  0.109743E+06  0.108664E+06  0.429054E+03
  0.639644E-02  0.110456E+06  0.107589E+06  0.702642E+05  0.594906E+05  0.000000E+00  0.109989E+06  0.109989E+06  0.109989E+06 -0.540784E+00  0.109678E+06  0.108590E+06  0.430793E+03
  0.642596E-02  0.110396E+06  0.107503E+06  0.697080E+05  0.589359E+05  0.000000E+00  0.109925E+06  0.109925E+06  0.109925E+06 -0.540278E+00  0.109614E+06  0.108516E+06  0.432490E+03
  0.645562E-02  0.110336E+06  0.107417E+06  0.691505E+05  0.583811E+05  0.000000E+00  0.109860E+06  0.109860E+06  0.109860E+06 -0.539769E+00  0.109548E+06  0.108441E+06  0.434219E+03
  0.648542E-02  0.110275E+06  0.107330E+06  0.685916E+05  0.578260E+05  0.000000E+00  0.109795E+06  0.109795E+06  0.109795E+06 -0.539256E+00  0.109483E+06  0.108366E+06  0.435962E+03
  0.651535E-02  0.110214E+06  0.107243E+06  0.680313E+05  0.572708E+05  0.000000E+00  0.109730E+06  0.109730E+06  0.109730E+06 -0.538741E+00  0.109416E+06  0.108290E+06  0.437693E+03
  0.654543E-02  0.110152E+06  0.107155E+06  0.674696E+05  0.567154E+05  0.000000E+00  0.109664E+06  0.109664E+06  0.109664E+06 -0.538223E+00  0.109349E+06  0.108214E+06  0.439381E+03
  0.657564E-02  0.110090E+06  0.107066E+06  0.669068E+05  0.561600E+05  0.000000E+00  0.109598E+06  0.109598E+06  0.109598E+06 -0.537702E+00  0.109282E+06  0.108136E+06  0.441165E+03
  0.660599E-02  0.110028E+06  0.106977E+06  0.663425E+05  0.556047E+05  0.000000E+00  0.109531E+06  0.109531E+06  0.109531E+06 -0.537178E+00  0.109214E+06  0.108059E+06  0.442867E+03
  0.663648E-02  0.109965E+06  0.106887E+06  0.657769E+05  0.550494E+05  0.000000E+00  0.109463E+06  0.109463E+06  0.109463E+06 -0.536651E+00  0.109146E+06  0.107981E+06  0.444549E+03
  0.666712E-02  0.109901E+06  0.106797E+06  0.652103E+05  0.544942E+05  0.000000E+00  0.109395E+06  0.109395E+06  0.109395E+06 -0.536121E+00  0.109077E+06  0.107902E+06  0.446257E+03
  0.669789E-02  0.109837E+06  0.106705E+06  0.646429E+05  0.539392E+05  0.000000E+00  0.109327E+06  0.109327E+06  0.109327E+06 -0.535588E+00  0.109008E+06  0.107822E+06  0.448070E+03
  0.672881E-02  0.109773E+06  0.106613E+06  0.640741E+05  0.533844E+05  0.000000E+00  0.109258E+06  0.109258E+06  0.109258E+06 -0.535052E+00  0.108938E+06  0.107742E+06  0.449823E+03
  0.675987E-02  0.109708E+06  0.106520E+06  0.635042E+05  0.528299E+05  0.000000E+00  0.109188E+06  0.109188E+06  0.109188E+06 -0.534512E+00  0.108867E+06  0.107662E+06  0.451540E+03
  0.679107E-02  0.109642E+06  0.106426E+06  0.629335E+05  0.522758E+05  0.000000E+00  0.109118E+06  0.109118E+06  0.109118E+06 -0.533970E+00  0.108796E+06  0.107580E+06  0.453353E+03
  0.682241E-02  0.109576E+06  0.106332E+06  0.623619E+05  0.517221E+05  0.000000E+00  0.109048E+06  0.109048E+06  0.109048E+06 -0.533425E+00  0.108725E+06  0.107498E+06  0.455147E+03
  0.685390E-02  0.109510E+06  0.106237E+06  0.617894E+05  0.511688E+05  0.000000E+00  0.108977E+06  0.108977E+06  0.108977E+06 -0.532877E+00  0.108652E+06  0.107416E+06  0.456950E+03
  0.688554E-02  0.109443E+06  0.106141E+06  0.612156E+05  0.506161E+05  0.000000E+00  0.108905E+06  0.108905E+06  0.108905E+06 -0.532326E+00  0.108580E+06  0.107333E+06  0.458635E+03
  0.691732E-02  0.109376E+06  0.106045E+06  0.606413E+05  0.500640E+05  0.000000E+00  0.108833E+06  0.108833E+06  0.108833E+06 -0.531772E+00  0.108507E+06  0.107249E+06  0.460425E+03
  0.694925E-02  0.109308E+06  0.105947E+06  0.600664E+05  0.495125E+05  0.000000E+00  0.108760E+06  0.108760E+06  0.108760E+06 -0.531214E+00  0.108433E+06  0.107164E+06  0.462283E+03
  0.698133E-02  0.109240E+06  0.105850E+06  0.594903E+05  0.489617E+05  0.000000E+00  0.108687E+06  0.108687E+06  0.108687E+06 -0.530654E+00  0.108359E+06  0.107079E+06  0.463979E+03
  0.701355E-02  0.109171E+06  0.105751E+06  0.589139E+05  0.484117E+05  0.000000E+00  0.108614E+06  0.108614E+06  0.108614E+06 -0.530091E+00  0.108284E+06  0.106993E+06  0.465788E+03
  0.704593E-02  0.109102E+06  0.105652E+06  0.583366E+05  0.478625E+05  0.000000E+00  0.108540E+06  0.108540E+06  0.108540E+06 -0.529525E+00  0.108208E+06  0.106907E+06  0.467540E+03
  0.707845E-02  0.109032E+06  0.105552E+06  0.577591E+05  0.473143E+05  0.000000E+00  0.108465E+06  0.108465E+06  0.108465E+06 -0.528955E+00  0.108132E+06  0.106820E+06  0.469395E+03
  0.711112E-02  0.108962E+06  0.105451E+06  0.571809E+05  0.467670E+05  0.000000E+00  0.108389E+06  0.108389E+06  0.108389E+06 -0.528383E+00  0.108056E+06  0.106732E+06  0.471209E+03
  0.714394E-02  0.108891E+06  0.105349E+06  0.566023E+05  0.462208E+05  0.000000E+00  0.108314E+06  0.108314E+06  0.108314E+06 -0.527808E+00  0.107979E+06  0.106644E+06  0.473015E+03
  0.717692E-02  0.108820E+06  0.105246E+06  0.560233E+05  0.456756E+05  0.000000E+00  0.108237E+06  0.108237E+06  0.108237E+06 -0.527229E+00  0.107901E+06  0.106555E+06  0.474871E+03
  0.721005E-02  0.108748E+06  0.105143E+06  0.554439E+05  0.451317E+05  0.000000E+00  0.108160E+06  0.108160E+06  0.108160E+06 -0.526648E+00  0.107823E+06  0.106465E+06  0.476695E+03
  0.724333E-02  0.108676E+06  0.105039E+06  0.548642E+05  0.445889E+05  0.000000E+00  0.108083E+06  0.108083E+06  0.108083E+06 -0.526064E+00  0.107744E+06  0.106375E+06  0.478538E+03
  0.727676E-02  0.108603E+06  0.104934E+06  0.542842E+05  0.440474E+05  0.000000E+00  0.108005E+06  0.108005E+06  0.108005E+06 -0.525476E+00  0.107664E+06  0.106284E+06  0.480365E+03
  0.731035E-02  0.108529E+06  0.104829E+06  0.537037E+05  0.435073E+05  0.000000E+00  0.107926E+06  0.107926E+06  0.107926E+06 -0.524886E+00  0.107584E+06  0.106192E+06  0.482141E+03
  0.734409E-02  0.108456E+06  0.104723E+06  0.531235E+05  0.429687E+05  0.000000E+00  0.107847E+06  0.107847E+06  0.107847E+06 -0.524293E+00  0.107504E+06  0.106100E+06  0.484019E+03
  0.737799E-02  0.108381E+06  0.104616E+06  0.525428E+05  0.424315E+05  0.000000E+00  0.107768E+06  0.107768E+06  0.107768E+06 -0.523697E+00  0.107423E+06  0.106007E+06  0.485741E+03
  0.741204E-02  0.108306E+06  0.104508E+06  0.519624E+05  0.418959E+05  0.000000E+00  0.107687E+06  0.107687E+06  0.107687E+06 -0.523097E+00  0.107341E+06  0.105913E+06  0.487641E+03
  0.744626E-02  0.108231E+06  0.104399E+06  0.513820E+05  0.413619E+05  0.000000E+00  0.107607E+06  0.107607E+06  0.107607E+06 -0.522495E+00  0.107258E+06  0.105819E+06  0.489499E+03
  0.748063E-02  0.108155E+06  0.104290E+06  0.508016E+05  0.408296E+05  0.000000E+00  0.107525E+06  0.107525E+06  0.107525E+06 -0.521890E+00  0.107175E+06  0.105724E+06  0.491321E+03
  0.751516E-02  0.108079E+06  0.104180E+06  0.502214E+05  0.402992E+05  0.000000E+00  0.107443E+06  0.107443E+06  0.107443E+06 -0.521282E+00  0.107092E+06  0.105628E+06  0.493206E+03
  0.754985E-02  0.108002E+06  0.104069E+06  0.496413E+05  0.397705E+05  0.000000E+00  0.107361E+06  0.107361E+06  0.107361E+06 -0.520671E+00  0.107008E+06  0.105532E+06  0.495007E+03
  0.758469E-02  0.107924E+06  0.103957E+06  0.490618E+05  0.392438E+05  0.000000E+00  0.107278E+06  0.107278E+06  0.107278E+06 -0.520056E+00  0.106923E+06  0.105434E+06  0.496926E+03
  0.761970E-02  0.107846E+06  0.103845E+06  0.484822E+05  0.387191E+05  0.000000E+00  0.107194E+06  0.107194E+06  0.107194E+06 -0.519440E+00  0.106837E+06  0.105337E+06  0.498715E+03
  0.765487E-02  0.107768E+06  0.103731E+06  0.479032E+05  0.381964E+05  0.000000E+00  0.107110E+06  0.107110E+06  0.107110E+06 -0.518820E+00  0.106751E+06  0.105238E+06  0.500584E+03
  0.769021E-02  0.107689E+06  0.103617E+06  0.473247E+05  0.376758E+05  0.000000E+00  0.107025E+06  0.107025E+06  0.107025E+06 -0.518197E+00  0.106665E+06  0.105138E+06  0.502489E+03
  0.772570E-02  0.107609E+06  0.103502E+06  0.467468E+05  0.371575E+05  0.000000E+00  0.106940E+06  0.106940E+06  0.106940E+06 -0.517571E+00  0.106577E+06  0.105038E+06  0.504361E+03
  0.776136E-02  0.107529E+06  0.103385E+06  0.461695E+05  0.366414E+05  0.000000E+00  0.106854E+06  0.106854E+06  0.106854E+06 -0.516942E+00  0.106489E+06  0.104938E+06  0.506275E+03
  0.779719E-02  0.107448E+06  0.103269E+06  0.455925E+05  0.361276E+05  0.000000E+00  0.106767E+06  0.106767E+06  0.106767E+06 -0.516310E+00  0.106401E+06  0.104836E+06  0.508071E+03
  0.783318E-02  0.107367E+06  0.103151E+06  0.450167E+05  0.356163E+05  0.000000E+00  0.106680E+06  0.106680E+06  0.106680E+06 -0.515675E+00  0.106312E+06  0.104734E+06  0.510041E+03
  0.786934E-02  0.107285E+06  0.103033E+06  0.444414E+05  0.351074E+05  0.000000E+00  0.106592E+06  0.106592E+06  0.106592E+06 -0.515038E+00  0.106222E+06  0.104631E+06  0.511880E+03
  0.790566E-02  0.107203E+06  0.102914E+06  0.438670E+05  0.346011E+05  0.000000E+00  0.106504E+06  0.106504E+06  0.106504E+06 -0.514398E+00  0.106132E+06  0.104527E+06  0.513768E+03
  0.794215E-02  0.107120E+06  0.102793E+06  0.432936E+05  0.340974E+05  0.000000E+00  0.106415E+06  0.106415E+06  0.106415E+06 -0.513755E+00  0.106040E+06  0.104423E+06  0.515664E+03
  0.797881E-02  0.107037E+06  0.102672E+06  0.427212E+05  0.335964E+05  0.000000E+00  0.106326E+06  0.106326E+06  0.106326E+06 -0.513108E+00  0.105949E+06  0.104318E+06  0.517544E+03
  0.801564E-02  0.106953E+06  0.102551E+06  0.421498E+05  0.330982E+05  0.000000E+00  0.106235E+06  0.106235E+06  0.106235E+06 -0.512459E+00  0.105856E+06  0.104212E+06  0.519451E+03
  0.805264E-02  0.106868E+06  0.102428E+06  0.415797E+05  0.326028E+05  0.000000E+00  0.106145E+06  0.106145E+06  0.106145E+06 -0.511808E+00  0.105763E+06  0.104105E+06  0.521369E+03
  0.808980E-02  0.106783E+06  0.102304E+06  0.410108E+05  0.321104E+05  0.000000E+00  0.106053E+06  0.106053E+06  0.106053E+06 -0.511153E+00  0.105670E+06  0.103998E+06  0.523285E+03
  0.812715E-02  0.106698E+06  0.102180E+06  0.404431E+05  0.316209E+05  0.000000E+00  0.105961E+06  0.105961E+06  0.105961E+06 -0.510496E+00  0.105576E+06  0.103890E+06  0.525196E+03
  0.816466E-02  0.106611E+06  0.102054E+06  0.398768E+05  0.311345E+05  0.000000E+00  0.105869E+06  0.105869E+06  0.105869E+06 -0.509835E+00  0.105481E+06  0.103781E+06  0.527107E+03
  0.820235E-02  0.106525E+06  0.101928E+06  0.393119E+05  0.306512E+05  0.000000E+00  0.105775E+06  0.105775E+06  0.105775E+06 -0.509172E+00  0.105385E+06  0.103671E+06  0.529038E+03
  0.824021E-02  0.106437E+06  0.101801E+06  0.387485E+05  0.301711E+05  0.000000E+00  0.105682E+06  0.105682E+06  0.105682E+06 -0.508507E+00  0.105289E+06  0.103561E+06  0.530921E+03
  0.827824E-02  0.106349E+06  0.101673E+06  0.381867E+05  0.296942E+05  0.000000E+00  0.105587E+06  0.105587E+06  0.105587E+06 -0.507838E+00  0.105192E+06  0.103450E+06  0.532856E+03
  0.831645E-02  0.106261E+06  0.101544E+06  0.376266E+05  0.292207E+05  0.000000E+00  0.105492E+06  0.105492E+06  0.105492E+06 -0.507167E+00  0.105095E+06  0.103338E+06  0.534760E+03
  0.835484E-02  0.106172E+06  0.101414E+06  0.370682E+05  0.287506E+05  0.000000E+00  0.105396E+06  0.105396E+06  0.105396E+06 -0.506493E+00  0.104996E+06  0.103225E+06  0.536688E+03
  0.839340E-02  0.106082E+06  0.101284E+06  0.365115E+05  0.282840E+05  0.000000E+00  0.105300E+06  0.105300E+06  0.105300E+06 -0.505816E+00  0.104897E+06  0.103112E+06  0.538587E+03
  0.843214E-02  0.105992E+06  0.101152E+06  0.359569E+05  0.278209E+05  0.000000E+00  0.105203E+06  0.105203E+06  0.105203E+06 -0.505136E+00  0.104798E+06  0.102998E+06  0.540540E+03
  0.847107E-02  0.105901E+06  0.101020E+06  0.354040E+05  0.273614E+05  0.000000E+00  0.105106E+06  0.105106E+06  0.105106E+06 -0.504454E+00  0.104698E+06  0.102883E+06  0.542410E+03
  0.851017E-02  0.105810E+06  0.100886E+06  0.348535E+05  0.269056E+05  0.000000E+00  0.105007E+06  0.105007E+06  0.105007E+06 -0.503769E+00  0.104597E+06  0.102767E+06  0.544421E+03
  0.854945E-02  0.105718E+06  0.100752E+06  0.343049E+05  0.264535E+05  0.000000E+00  0.104909E+06  0.104909E+06  0.104909E+06 -0.503081E+00  0.104495E+06  0.102650E+06  0.546352E+03
  0.858891E-02  0.105625E+06  0.100617E+06  0.337585E+05  0.260053E+05  0.000000E+00  0.104809E+06  0.104809E+06  0.104809E+06 -0.502391E+00  0.104393E+06  0.102533E+06  0.548299E+03
  0.862855E-02  0.105532E+06  0.100481E+06  0.332143E+05  0.255609E+05  0.000000E+00  0.104709E+06  0.104709E+06  0.104709E+06 -0.501698E+00  0.104290E+06  0.102415E+06  0.550189E+03
  0.866838E-02  0.105439E+06  0.100344E+06  0.326726E+05  0.251205E+05  0.000000E+00  0.104608E+06  0.104608E+06  0.104608E+06 -0.501002E+00  0.104186E+06  0.102296E+06  0.552158E+03
  0.870839E-02  0.105344E+06  0.100206E+06  0.321333E+05  0.246841E+05  0.000000E+00  0.104507E+06  0.104507E+06  0.104507E+06 -0.500304E+00  0.104082E+06  0.102176E+06  0.554093E+03
  0.874859E-02  0.105249E+06  0.100067E+06  0.315965E+05  0.242518E+05  0.000000E+00  0.104405E+06  0.104405E+06  0.104405E+06 -0.499603E+00  0.103977E+06  0.102056E+06  0.556054E+03
  0.878897E-02  0.105154E+06  0.999269E+05  0.310624E+05  0.238236E+05  0.000000E+00  0.104302E+06  0.104302E+06  0.104302E+06 -0.498899E+00  0.103871E+06  0.101934E+06  0.558018E+03
  0.882954E-02  0.105058E+06  0.997863E+05  0.305308E+05  0.233996E+05  0.000000E+00  0.104199E+06  0.104199E+06  0.104199E+06 -0.498194E+00  0.103765E+06  0.101812E+06  0.559944E+03
  0.887029E-02  0.104961E+06  0.996444E+05  0.300020E+05  0.229798E+05  0.000000E+00  0.104095E+06  0.104095E+06  0.104095E+06 -0.497485E+00  0.103658E+06  0.101689E+06  0.561917E+03
  0.891124E-02  0.104864E+06  0.995016E+05  0.294761E+05  0.225644E+05  0.000000E+00  0.103990E+06  0.103990E+06  0.103990E+06 -0.496774E+00  0.103550E+06  0.101566E+06  0.563883E+03
  0.895237E-02  0.104766E+06  0.993580E+05  0.289531E+05  0.221533E+05  0.000000E+00  0.103885E+06  0.103885E+06  0.103885E+06 -0.496060E+00  0.103442E+06  0.101441E+06  0.565842E+03
  0.899369E-02  0.104668E+06  0.992134E+05  0.284331E+05  0.217467E+05  0.000000E+00  0.103779E+06  0.103779E+06  0.103779E+06 -0.495344E+00  0.103333E+06  0.101316E+06  0.567804E+03
  0.903521E-02  0.104569E+06  0.990680E+05  0.279161E+05  0.213446E+05  0.000000E+00  0.103672E+06  0.103672E+06  0.103672E+06 -0.494625E+00  0.103223E+06  0.101190E+06  0.569744E+03
  0.907691E-02  0.104469E+06  0.989213E+05  0.274024E+05  0.209471E+05  0.000000E+00  0.103565E+06  0.103565E+06  0.103565E+06 -0.493904E+00  0.103112E+06  0.101063E+06  0.571736E+03
  0.911881E-02  0.104369E+06  0.987741E+05  0.268917E+05  0.205541E+05  0.000000E+00  0.103457E+06  0.103457E+06  0.103457E+06 -0.493181E+00  0.103001E+06  0.100935E+06  0.573661E+03
  0.916090E-02  0.104268E+06  0.986256E+05  0.263845E+05  0.201658E+05  0.000000E+00  0.103349E+06  0.103349E+06  0.103349E+06 -0.492455E+00  0.102889E+06  0.100806E+06  0.575634E+03
  0.920318E-02  0.104167E+06  0.984759E+05  0.258807E+05  0.197823E+05  0.000000E+00  0.103239E+06  0.103239E+06  0.103239E+06 -0.491726E+00  0.102776E+06  0.100677E+06  0.577639E+03
  0.924566E-02  0.104065E+06  0.983257E+05  0.253803E+05  0.194035E+05  0.000000E+00  0.103130E+06  0.103130E+06  0.103130E+06 -0.490996E+00  0.102663E+06  0.100547E+06  0.579594E+03
  0.928834E-02  0.103962E+06  0.981742E+05  0.248835E+05  0.190295E+05  0.000000E+00  0.103019E+06  0.103019E+06  0.103019E+06 -0.490263E+00  0.102549E+06  0.100415E+06  0.581576E+03
  0.933121E-02  0.103859E+06  0.980219E+05  0.243904E+05  0.186604E+05  0.000000E+00  0.102908E+06  0.102908E+06  0.102908E+06 -0.489527E+00  0.102434E+06  0.100283E+06  0.583538E+03
  0.937428E-02  0.103755E+06  0.978684E+05  0.239010E+05  0.182961E+05  0.000000E+00  0.102796E+06  0.102796E+06  0.102796E+06 -0.488789E+00  0.102318E+06  0.100151E+06  0.585538E+03
  0.941755E-02  0.103651E+06  0.977145E+05  0.234153E+05  0.179369E+05  0.000000E+00  0.102683E+06  0.102683E+06  0.102683E+06 -0.488049E+00  0.102202E+06  0.100017E+06  0.587463E+03
  0.946102E-02  0.103545E+06  0.975587E+05  0.229335E+05  0.175826E+05  0.000000E+00  0.102570E+06  0.102570E+06  0.102570E+06 -0.487307E+00  0.102085E+06  0.998825E+05  0.589489E+03
  0.950469E-02  0.103440E+06  0.974028E+05  0.224557E+05  0.172334E+05  0.000000E+00  0.102456E+06  0.102456E+06  0.102456E+06 -0.486562E+00  0.101968E+06  0.997475E+05  0.591425E+03
  0.954856E-02  0.103333E+06  0.972453E+05  0.219819E+05  0.168893E+05  0.000000E+00  0.102341E+06  0.102341E+06  0.102341E+06 -0.485815E+00  0.101849E+06  0.996113E+05  0.593415E+03
  0.959264E-02  0.103227E+06  0.970868E+05  0.215123E+05  0.165503E+05  0.000000E+00  0.102226E+06  0.102226E+06  0.102226E+06 -0.485066E+00  0.101730E+06  0.994742E+05  0.595421E+03
  0.963692E-02  0.103119E+06  0.969277E+05  0.210468E+05  0.162164E+05  0.000000E+00  0.102110E+06  0.102110E+06  0.102110E+06 -0.484315E+00  0.101610E+06  0.993365E+05  0.597379E+03
  0.968140E-02  0.103011E+06  0.967673E+05  0.205856E+05  0.158878E+05  0.000000E+00  0.101993E+06  0.101993E+06  0.101993E+06 -0.483561E+00  0.101490E+06  0.991979E+05  0.599363E+03
  0.972608E-02  0.102902E+06  0.966059E+05  0.201288E+05  0.155644E+05  0.000000E+00  0.101876E+06  0.101876E+06  0.101876E+06 -0.482805E+00  0.101368E+06  0.990583E+05  0.601348E+03
  0.977098E-02  0.102793E+06  0.964435E+05  0.196763E+05  0.152462E+05  0.000000E+00  0.101758E+06  0.101758E+06  0.101758E+06 -0.482047E+00  0.101246E+06  0.989180E+05  0.603341E+03
  0.981608E-02  0.102683E+06  0.962802E+05  0.192284E+05  0.149334E+05  0.000000E+00  0.101639E+06  0.101639E+06  0.101639E+06 -0.481287E+00  0.101123E+06  0.987768E+05  0.605309E+03
  0.986139E-02  0.102572E+06  0.961162E+05  0.187850E+05  0.146258E+05  0.000000E+00  0.101520E+06  0.101520E+06  0.101520E+06 -0.480526E+00  0.101000E+06  0.986350E+05  0.607250E+03
  0.990691E-02  0.102461E+06  0.959506E+05  0.183463E+05  0.143236E+05  0.000000E+00  0.101400E+06  0.101400E+06  0.101400E+06 -0.479761E+00  0.100876E+06  0.984920E+05  0.609250E+03
  0.995263E-02  0.102349E+06  0.957842E+05  0.179123E+05  0.140268E+05  0.000000E+00  0.101279E+06  0.101279E+06  0.101279E+06 -0.478995E+00  0.100751E+06  0.983483E+05  0.611229E+03
  0.999857E-02  0.102237E+06  0.956169E+05  0.174831E+05  0.137354E+05  0.000000E+00  0.101158E+06  0.101158E+06  0.101158E+06 -0.478227E+00  0.100625E+06  0.982038E+05  0.613200E+03
  0.100447E-01  0.102123E+06  0.954482E+05  0.170588E+05  0.134494E+05  0.000000E+00  0.101036E+06  0.101036E+06  0.101036E+06 -0.477457E+00  0.100499E+06  0.980582E+05  0.615207E+03
  0.100911E-01  0.102010E+06  0.952787E+05  0.166394E+05  0.131688E+05  0.000000E+00  0.100913E+06  0.100913E+06  0.100913E+06 -0.476684E+00  0.100372E+06  0.979119E+05  0.617181E+03
  0.101377E-01  0.101895E+06  0.951081E+05  0.162250E+05  0.128937E+05  0.000000E+00  0.100789E+06  0.100789E+06  0.100789E+06 -0.475910E+00  0.100244E+06  0.977647E+05  0.619175E+03
  0.101845E-01  0.101780E+06  0.949365E+05  0.158156E+05  0.126240E+05  0.000000E+00  0.100665E+06  0.100665E+06  0.100665E+06 -0.475134E+00  0.100115E+06  0.976167E+05  0.621151E+03
  0.102315E-01  0.101665E+06  0.947637E+05  0.154114E+05  0.123598E+05  0.000000E+00  0.100540E+06  0.100540E+06  0.100540E+06 -0.474356E+00  0.999857E+05  0.974677E+05  0.623153E+03
  0.102787E-01  0.101548E+06  0.945901E+05  0.150124E+05  0.121011E+05  0.000000E+00  0.100415E+06  0.100415E+06  0.100415E+06 -0.473576E+00  0.998556E+05  0.973180E+05  0.625124E+03
  0.103261E-01  0.101432E+06  0.944154E+05  0.146187E+05  0.118478E+05  0.000000E+00  0.100288E+06  0.100288E+06  0.100288E+06 -0.472794E+00  0.997248E+05  0.971674E+05  0.627106E+03
  0.103738E-01  0.101314E+06  0.942396E+05  0.142303E+05  0.116001E+05  0.000000E+00  0.100161E+06  0.100161E+06  0.100161E+06 -0.472010E+00  0.995933E+05  0.970159E+05  0.629082E+03
  0.104217E-01  0.101196E+06  0.940626E+05  0.138473E+05  0.113578E+05  0.000000E+00  0.100034E+06  0.100034E+06  0.100034E+06 -0.471224E+00  0.994609E+05  0.968635E+05  0.631079E+03
  0.104698E-01  0.101077E+06  0.938848E+05  0.134698E+05  0.111210E+05  0.000000E+00  0.999051E+05  0.999051E+05  0.999051E+05 -0.470437E+00  0.993279E+05  0.967103E+05  0.633056E+03
  0.105181E-01  0.100958E+06  0.937057E+05  0.130978E+05  0.108897E+05  0.000000E+00  0.997760E+05  0.997760E+05  0.997760E+05 -0.469648E+00  0.991941E+05  0.965562E+05  0.635046E+03
  0.105667E-01  0.100838E+06  0.935257E+05  0.127314E+05  0.106639E+05  0.000000E+00  0.996463E+05  0.996463E+05  0.996463E+05 -0.468857E+00  0.990596E+05  0.964013E+05  0.637021E+03
  0.106154E-01  0.100717E+06  0.933446E+05  0.123706E+05  0.104435E+05  0.000000E+00  0.995158E+05  0.995158E+05  0.995158E+05 -0.468064E+00  0.989244E+05  0.962454E+05  0.639008E+03
  0.106644E-01  0.100596E+06  0.931624E+05  0.120154E+05  0.102286E+05  0.000000E+00  0.993846E+05  0.993846E+05  0.993846E+05 -0.467270E+00  0.987884E+05  0.960887E+05  0.640983E+03
  0.107137E-01  0.100474E+06  0.929792E+05  0.116661E+05  0.100192E+05  0.000000E+00  0.992527E+05  0.992527E+05  0.992527E+05 -0.466473E+00  0.986517E+05  0.959312E+05  0.642961E+03
  0.107631E-01  0.100352E+06  0.927951E+05  0.113225E+05  0.981515E+04  0.000000E+00  0.991201E+05  0.991201E+05  0.991201E+05 -0.465676E+00  0.985142E+05  0.957729E+05  0.644926E+03
  0.108128E-01  0.100228E+06  0.926096E+05  0.109847E+05  0.961653E+04  0.000000E+00  0.989868E+05  0.989868E+05  0.989868E+05 -0.464876E+00  0.983760E+05  0.956135E+05  0.646906E+03
  0.108627E-01  0.100105E+06  0.924231E+05  0.106529E+05  0.942328E+04  0.000000E+00  0.988528E+05  0.988528E+05  0.988528E+05 -0.464075E+00  0.982371E+05  0.954533E+05  0.648889E+03
  0.109128E-01  0.999802E+05  0.922357E+05  0.103270E+05  0.923539E+04  0.000000E+00  0.987182E+05  0.987182E+05  0.987182E+05 -0.463272E+00  0.980975E+05  0.952924E+05  0.650853E+03
  0.109632E-01  0.998552E+05  0.920471E+05  0.100070E+05  0.905283E+04  0.000000E+00  0.985828E+05  0.985828E+05  0.985828E+05 -0.462468E+00  0.979571E+05  0.951305E+05  0.652823E+03
  0.110138E-01  0.997295E+05  0.918574E+05  0.969309E+04  0.887557E+04  0.000000E+00  0.984467E+05  0.984467E+05  0.984467E+05 -0.461662E+00  0.978159E+05  0.949677E+05  0.654796E+03
  0.110647E-01  0.996032E+05  0.916668E+05  0.938524E+04  0.870358E+04  0.000000E+00  0.983099E+05  0.983099E+05  0.983099E+05 -0.460854E+00  0.976740E+05  0.948042E+05  0.656757E+03
  0.111157E-01  0.994763E+05  0.914748E+05  0.908348E+04  0.853681E+04  0.000000E+00  0.981724E+05  0.981724E+05  0.981724E+05 -0.460045E+00  0.975314E+05  0.946396E+05  0.658733E+03
  0.111670E-01  0.993488E+05  0.912820E+05  0.878786E+04  0.837523E+04  0.000000E+00  0.980342E+05  0.980342E+05  0.980342E+05 -0.459235E+00  0.973881E+05  0.944743E+05  0.660694E+03
  0.112186E-01  0.992206E+05  0.910879E+05  0.849841E+04  0.821880E+04  0.000000E+00  0.978953E+05  0.978953E+05  0.978953E+05 -0.458422E+00  0.972440E+05  0.943080E+05  0.662660E+03
  0.112704E-01  0.990918E+05  0.908928E+05  0.821517E+04  0.806747E+04  0.000000E+00  0.977556E+05  0.977556E+05  0.977556E+05 -0.457609E+00  0.970992E+05  0.941410E+05  0.664620E+03
  0.113224E-01  0.989623E+05  0.906968E+05  0.793816E+04  0.792120E+04  0.000000E+00  0.976154E+05  0.976154E+05  0.976154E+05 -0.456794E+00  0.969537E+05  0.939731E+05  0.666564E+03
  0.113747E-01  0.988323E+05  0.904995E+05  0.766740E+04  0.777993E+04  0.000000E+00  0.974743E+05  0.974743E+05  0.974743E+05 -0.455977E+00  0.968074E+05  0.938043E+05  0.668521E+03
  0.114272E-01  0.987016E+05  0.903012E+05  0.740292E+04  0.764361E+04  0.000000E+00  0.973326E+05  0.973326E+05  0.973326E+05 -0.455159E+00  0.966604E+05  0.936346E+05  0.670476E+03
  0.114799E-01  0.985702E+05  0.901016E+05  0.714473E+04  0.751218E+04  0.000000E+00  0.971902E+05  0.971902E+05  0.971902E+05 -0.454340E+00  0.965127E+05  0.934640E+05  0.672441E+03
  0.115329E-01  0.984383E+05  0.899010E+05  0.689288E+04  0.738559E+04  0.000000E+00  0.970470E+05  0.970470E+05  0.970470E+05 -0.453519E+00  0.963642E+05  0.932926E+05  0.674390E+03
  0.115861E-01  0.983057E+05  0.896994E+05  0.664737E+04  0.726378E+04  0.000000E+00  0.969032E+05  0.969032E+05  0.969032E+05 -0.452697E+00  0.962150E+05  0.931203E+05  0.676334E+03
  0.116396E-01  0.981725E+05  0.894967E+05  0.640821E+04  0.714669E+04  0.000000E+00  0.967587E+05  0.967587E+05  0.967587E+05 -0.451874E+00  0.960651E+05  0.929472E+05  0.678275E+03
  0.116933E-01  0.980386E+05  0.892926E+05  0.617540E+04  0.703422E+04  0.000000E+00  0.966134E+05  0.966134E+05  0.966134E+05 -0.451049E+00  0.959145E+05  0.927731E+05  0.680231E+03
  0.117473E-01  0.979042E+05  0.890878E+05  0.594898E+04  0.692634E+04  0.000000E+00  0.964674E+05  0.964674E+05  0.964674E+05 -0.450223E+00  0.957631E+05  0.925983E+05  0.682157E+03
  0.118015E-01  0.977691E+05  0.888817E+05  0.572893E+04  0.682296E+04  0.000000E+00  0.963208E+05  0.963208E+05  0.963208E+05 -0.449395E+00  0.956110E+05  0.924226E+05  0.684100E+03
  0.118560E-01  0.976334E+05  0.886746E+05  0.551527E+04  0.672401E+04  0.000000E+00  0.961734E+05  0.961734E+05  0.961734E+05 -0.448566E+00  0.954582E+05  0.922461E+05  0.686027E+03
  0.119107E-01  0.974970E+05  0.884663E+05  0.530798E+04  0.662941E+04  0.000000E+00  0.960254E+05  0.960254E+05  0.960254E+05 -0.447736E+00  0.953047E+05  0.920686E+05  0.687958E+03
  0.119657E-01  0.973601E+05  0.882570E+05  0.510707E+04  0.653908E+04  0.000000E+00  0.958766E+05  0.958766E+05  0.958766E+05 -0.446905E+00  0.951505E+05  0.918904E+05  0.689879E+03
  0.120209E-01  0.972225E+05  0.880465E+05  0.491253E+04  0.645294E+04  0.000000E+00  0.957272E+05  0.957272E+05  0.957272E+05 -0.446073E+00  0.949956E+05  0.917112E+05  0.691806E+03
  0.120764E-01  0.970843E+05  0.878350E+05  0.472437E+04  0.637090E+04  0.000000E+00  0.955770E+05  0.955770E+05  0.955770E+05 -0.445239E+00  0.948399E+05  0.915313E+05  0.693718E+03
  0.121322E-01  0.969455E+05  0.876223E+05  0.454254E+04  0.629287E+04  0.000000E+00  0.954261E+05  0.954261E+05  0.954261E+05 -0.444404E+00  0.946835E+05  0.913505E+05  0.695635E+03
  0.121882E-01  0.968060E+05  0.874086E+05  0.436706E+04  0.621877E+04  0.000000E+00  0.952746E+05  0.952746E+05  0.952746E+05 -0.443568E+00  0.945265E+05  0.911689E+05  0.697540E+03
  0.122444E-01  0.966660E+05  0.871938E+05  0.419789E+04  0.614851E+04  0.000000E+00  0.951223E+05  0.951223E+05  0.951223E+05 -0.442730E+00  0.943687E+05  0.909864E+05  0.699441E+03
  0.123009E-01  0.965253E+05  0.869777E+05  0.403501E+04  0.608198E+04  0.000000E+00  0.949694E+05  0.949694E+05  0.949694E+05 -0.441892E+00  0.942102E+05  0.908030E+05  0.701349E+03
  0.123577E-01  0.963839E+05  0.867605E+05  0.387841E+04  0.601909E+04  0.000000E+00  0.948157E+05  0.948157E+05  0.948157E+05 -0.441052E+00  0.940510E+05  0.906188E+05  0.703254E+03
  0.124148E-01  0.962420E+05  0.865423E+05  0.372804E+04  0.595974E+04  0.000000E+00  0.946613E+05  0.946613E+05  0.946613E+05 -0.440211E+00  0.938911E+05  0.904337E+05  0.705149E+03
  0.124721E-01  0.960995E+05  0.863230E+05  0.358390E+04  0.590385E+04  0.000000E+00  0.945063E+05  0.945063E+05  0.945063E+05 -0.439369E+00  0.937305E+05  0.902479E+05  0.707032E+03
  0.125296E-01  0.959563E+05  0.861025E+05  0.344593E+04  0.585128E+04  0.000000E+00  0.943505E+05  0.943505E+05  0.943505E+05 -0.438525E+00  0.935692E+05  0.900612E+05  0.708923E+03
  0.125875E-01  0.958125E+05  0.858810E+05  0.331409E+04  0.580197E+04  0.000000E+00  0.941941E+05  0.941941E+05  0.941941E+05 -0.437681E+00  0.934072E+05  0.898737E+05  0.710805E+03
  0.126456E-01  0.956682E+05  0.856584E+05  0.318836E+04  0.575577E+04  0.000000E+00  0.940369E+05  0.940369E+05  0.940369E+05 -0.436835E+00  0.932446E+05  0.896854E+05  0.712675E+03
  0.127039E-01  0.955232E+05  0.854346E+05  0.306869E+04  0.571260E+04  0.000000E+00  0.938791E+05  0.938791E+05  0.938791E+05 -0.435988E+00  0.930812E+05  0.894962E+05  0.714547E+03
  0.127626E-01  0.953775E+05  0.852097E+05  0.295502E+04  0.567234E+04  0.000000E+00  0.937206E+05  0.937206E+05  0.937206E+05 -0.435141E+00  0.929171E+05  0.893062E+05  0.716413E+03
  0.128215E-01  0.952313E+05  0.849837E+05  0.284731E+04  0.563488E+04  0.000000E+00  0.935613E+05  0.935613E+05  0.935613E+05 -0.434291E+00  0.927524E+05  0.891153E+05  0.718275E+03
  0.128807E-01  0.950845E+05  0.847567E+05  0.274549E+04  0.560012E+04  0.000000E+00  0.934014E+05  0.934014E+05  0.934014E+05 -0.433442E+00  0.925870E+05  0.889237E+05  0.720125E+03
  0.129401E-01  0.949370E+05  0.845284E+05  0.264951E+04  0.556792E+04  0.000000E+00  0.932408E+05  0.932408E+05  0.932408E+05 -0.432590E+00  0.924209E+05  0.887312E+05  0.721981E+03
  0.129998E-01  0.947890E+05  0.842991E+05  0.255933E+04  0.553818E+04  0.000000E+00  0.930795E+05  0.930795E+05  0.930795E+05 -0.431738E+00  0.922541E+05  0.885380E+05  0.723823E+03
  0.130598E-01  0.946403E+05  0.840687E+05  0.247485E+04  0.551079E+04  0.000000E+00  0.929175E+05  0.929175E+05  0.929175E+05 -0.430885E+00  0.920867E+05  0.883439E+05  0.725664E+03
  0.131201E-01  0.944911E+05  0.838372E+05  0.239603E+04  0.548563E+04  0.000000E+00  0.927549E+05  0.927549E+05  0.927549E+05 -0.430030E+00  0.919186E+05  0.881490E+05  0.727493E+03
  0.131807E-01  0.943412E+05  0.836046E+05  0.232278E+04  0.546258E+04  0.000000E+00  0.925915E+05  0.925915E+05  0.925915E+05 -0.429175E+00  0.917498E+05  0.879534E+05  0.729315E+03
  0.132415E-01  0.941907E+05  0.833709E+05  0.225503E+04  0.544151E+04  0.000000E+00  0.924275E+05  0.924275E+05  0.924275E+05 -0.428318E+00  0.915804E+05  0.877569E+05  0.731138E+03
  0.133026E-01  0.940396E+05  0.831360E+05  0.219271E+04  0.542231E+04  0.000000E+00  0.922628E+05  0.922628E+05  0.922628E+05 -0.427460E+00  0.914102E+05  0.875596E+05  0.732955E+03
  0.133640E-01  0.938880E+05  0.829001E+05  0.213572E+04  0.540487E+04  0.000000E+00  0.920974E+05  0.920974E+05  0.920974E+05 -0.426601E+00  0.912395E+05  0.873615E+05  0.734758E+03
  0.134257E-01  0.937357E+05  0.826629E+05  0.208401E+04  0.538905E+04  0.000000E+00  0.919312E+05  0.919312E+05  0.919312E+05 -0.425741E+00  0.910680E+05  0.871626E+05  0.736565E+03
  0.134877E-01  0.935828E+05  0.824247E+05  0.203745E+04  0.537474E+04  0.000000E+00  0.917645E+05  0.917645E+05  0.917645E+05 -0.424879E+00  0.908960E+05  0.869629E+05  0.738362E+03
  0.135500E-01  0.934293E+05  0.821855E+05  0.199598E+04  0.536183E+04  0.000000E+00  0.915970E+05  0.915970E+05  0.915970E+05 -0.424017E+00  0.907233E+05  0.867625E+05  0.740144E+03
  0.136125E-01  0.932753E+05  0.819452E+05  0.195949E+04  0.535018E+04  0.000000E+00  0.914289E+05  0.914289E+05  0.914289E+05 -0.423154E+00  0.905499E+05  0.865613E+05  0.741927E+03
  0.136753E-01  0.931206E+05  0.817037E+05  0.192788E+04  0.533969E+04  0.000000E+00  0.912601E+05  0.912601E+05  0.912601E+05 -0.422289E+00  0.903759E+05  0.863593E+05  0.743698E+03
  0.137385E-01  0.929654E+05  0.814611E+05  0.190106E+04  0.533022E+04  0.000000E+00  0.910906E+05  0.910906E+05  0.910906E+05 -0.421424E+00  0.902012E+05  0.861565E+05  0.745465E+03
  0.138019E-01  0.928095E+05  0.812175E+05  0.187892E+04  0.532166E+04  0.000000E+00  0.909204E+05  0.909204E+05  0.909204E+05 -0.420557E+00  0.900259E+05  0.859530E+05  0.747224E+03
  0.138656E-01  0.926531E+05  0.809727E+05  0.186135E+04  0.531390E+04  0.000000E+00  0.907496E+05  0.907496E+05  0.907496E+05 -0.419689E+00  0.898500E+05  0.857487E+05  0.748977E+03
  0.139296E-01  0.924960E+05  0.807269E+05  0.184824E+04  0.530681E+04  0.000000E+00  0.905781E+05  0.905781E+05  0.905781E+05 -0.418820E+00  0.896735E+05  0.855436E+05  0.750719E+03
  0.139939E-01  0.923384E+05  0.804796E+05  0.183964E+04  0.530027E+04  0.000000E+00  0.904059E+05  0.904059E+05  0.904059E+05 -0.417949E+00  0.894963E+05  0.853372E+05  0.752558E+03
  0.140585E-01  0.921802E+05  0.802319E+05  0.183496E+04  0.529418E+04  0.000000E+00  0.902331E+05  0.902331E+05  0.902331E+05 -0.417078E+00  0.893185E+05  0.851312E+05  0.754182E+03
  0.141234E-01  0.920214E+05  0.799827E+05  0.183456E+04  0.528841E+04  0.000000E+00  0.900596E+05  0.900596E+05  0.900596E+05 -0.416205E+00  0.891401E+05  0.849238E+05  0.755906E+03
  0.141886E-01  0.918621E+05  0.797323E+05  0.183820E+04  0.528285E+04  0.000000E+00  0.898854E+05  0.898854E+05  0.898854E+05 -0.415331E+00  0.889611E+05  0.847156E+05  0.757651E+03
  0.142540E-01  0.917021E+05  0.794812E+05  0.184560E+04  0.527740E+04  0.000000E+00  0.897105E+05  0.897105E+05  0.897105E+05 -0.414457E+00  0.887815E+05  0.845070E+05  0.759318E+03
  0.143198E-01  0.915416E+05  0.792287E+05  0.185680E+04  0.527193E+04  0.000000E+00  0.895350E+05  0.895350E+05  0.895350E+05 -0.413580E+00  0.886012E+05  0.842974E+05  0.761013E+03
  0.143859E-01  0.913805E+05  0.789753E+05  0.187163E+04  0.526636E+04  0.000000E+00  0.893589E+05  0.893589E+05  0.893589E+05 -0.412703E+00  0.884204E+05  0.840871E+05  0.762710E+03
  0.144523E-01  0.912188E+05  0.787207E+05  0.188990E+04  0.526056E+04  0.000000E+00  0.891821E+05  0.891821E+05  0.891821E+05 -0.411824E+00  0.882389E+05  0.838761E+05  0.764374E+03
  0.145190E-01  0.910565E+05  0.784653E+05  0.191152E+04  0.525443E+04  0.000000E+00  0.890046E+05  0.890046E+05  0.890046E+05 -0.410944E+00  0.880569E+05  0.836646E+05  0.766000E+03
  0.145861E-01  0.908937E+05  0.782084E+05  0.193639E+04  0.524788E+04  0.000000E+00  0.888264E+05  0.888264E+05  0.888264E+05 -0.410063E+00  0.878743E+05  0.834519E+05  0.767699E+03
  0.146534E-01  0.907303E+05  0.779505E+05  0.196432E+04  0.524080E+04  0.000000E+00  0.886476E+05  0.886476E+05  0.886476E+05 -0.409180E+00  0.876910E+05  0.832388E+05  0.769348E+03
  0.147210E-01  0.905663E+05  0.776917E+05  0.199517E+04  0.523309E+04  0.000000E+00  0.884682E+05  0.884682E+05  0.884682E+05 -0.408297E+00  0.875073E+05  0.830249E+05  0.770984E+03
  0.147890E-01  0.904017E+05  0.774320E+05  0.202879E+04  0.522467E+04  0.000000E+00  0.882881E+05  0.882881E+05  0.882881E+05 -0.407412E+00  0.873229E+05  0.828106E+05  0.772567E+03
  0.148572E-01  0.902366E+05  0.771707E+05  0.206512E+04  0.521545E+04  0.000000E+00  0.881073E+05  0.881073E+05  0.881073E+05 -0.406525E+00  0.871379E+05  0.825950E+05  0.774236E+03
  0.149258E-01  0.900709E+05  0.769087E+05  0.210389E+04  0.520533E+04  0.000000E+00  0.879260E+05  0.879260E+05  0.879260E+05 -0.405637E+00  0.869524E+05  0.823791E+05  0.775826E+03
  0.149947E-01  0.899046E+05  0.766456E+05  0.214506E+04  0.519424E+04  0.000000E+00  0.877439E+05  0.877439E+05  0.877439E+05 -0.404748E+00  0.867663E+05  0.821624E+05  0.777439E+03
  0.150639E-01  0.897378E+05  0.763814E+05  0.218841E+04  0.518209E+04  0.000000E+00  0.875612E+05  0.875612E+05  0.875612E+05 -0.403858E+00  0.865796E+05  0.819450E+05  0.779023E+03
  0.151335E-01  0.895704E+05  0.761161E+05  0.223383E+04  0.516880E+04  0.000000E+00  0.873779E+05  0.873779E+05  0.873779E+05 -0.402965E+00  0.863923E+05  0.817269E+05  0.780606E+03
  0.152033E-01  0.894025E+05  0.758498E+05  0.228115E+04  0.515430E+04  0.000000E+00  0.871939E+05  0.871939E+05  0.871939E+05 -0.402072E+00  0.862045E+05  0.815081E+05  0.782174E+03
  0.152735E-01  0.892340E+05  0.755822E+05  0.233031E+04  0.513853E+04  0.000000E+00  0.870092E+05  0.870092E+05  0.870092E+05 -0.401177E+00  0.860162E+05  0.812884E+05  0.783789E+03
  0.153440E-01  0.890649E+05  0.753140E+05  0.238091E+04  0.512142E+04  0.000000E+00  0.868240E+05  0.868240E+05  0.868240E+05 -0.400281E+00  0.858273E+05  0.810686E+05  0.785279E+03
  0.154148E-01  0.888953E+05  0.750446E+05  0.243302E+04  0.510290E+04  0.000000E+00  0.866381E+05  0.866381E+05  0.866381E+05 -0.399383E+00  0.856378E+05  0.808479E+05  0.786804E+03
  0.154860E-01  0.887251E+05  0.747738E+05  0.248643E+04  0.508292E+04  0.000000E+00  0.864516E+05  0.864516E+05  0.864516E+05 -0.398483E+00  0.854478E+05  0.806262E+05  0.788369E+03
  0.155574E-01  0.885544E+05  0.745027E+05  0.254099E+04  0.506143E+04  0.000000E+00  0.862645E+05  0.862645E+05  0.862645E+05 -0.397583E+00  0.852573E+05  0.804045E+05  0.789828E+03
  0.156292E-01  0.883831E+05  0.742301E+05  0.259653E+04  0.503837E+04  0.000000E+00  0.860767E+05  0.860767E+05  0.860767E+05 -0.396680E+00  0.850663E+05  0.801819E+05  0.791315E+03
  0.157014E-01  0.882113E+05  0.739567E+05  0.265287E+04  0.501371E+04  0.000000E+00  0.858883E+05  0.858883E+05  0.858883E+05 -0.395776E+00  0.848747E+05  0.799587E+05  0.792774E+03
  0.157739E-01  0.880389E+05  0.736819E+05  0.271000E+04  0.498740E+04  0.000000E+00  0.856992E+05  0.856992E+05  0.856992E+05 -0.394870E+00  0.846825E+05  0.797344E+05  0.794295E+03
  0.158467E-01  0.878659E+05  0.734063E+05  0.276759E+04  0.495941E+04  0.000000E+00  0.855096E+05  0.855096E+05  0.855096E+05 -0.393963E+00  0.844899E+05  0.795098E+05  0.795746E+03
  0.159198E-01  0.876925E+05  0.731299E+05  0.282554E+04  0.492972E+04  0.000000E+00  0.853193E+05  0.853193E+05  0.853193E+05 -0.393054E+00  0.842968E+05  0.792848E+05  0.797162E+03
  0.159933E-01  0.875185E+05  0.728522E+05  0.288373E+04  0.489828E+04  0.000000E+00  0.851284E+05  0.851284E+05  0.851284E+05 -0.392143E+00  0.841031E+05  0.790589E+05  0.798605E+03
  0.160671E-01  0.873439E+05  0.725732E+05  0.294205E+04  0.486509E+04  0.000000E+00  0.849368E+05  0.849368E+05  0.849368E+05 -0.391231E+00  0.839089E+05  0.788320E+05  0.800079E+03
  0.161413E-01  0.871688E+05  0.722937E+05  0.300019E+04  0.483013E+04  0.000000E+00  0.847447E+05  0.847447E+05  0.847447E+05 -0.390317E+00  0.837142E+05  0.786051E+05  0.801463E+03
  0.162158E-01  0.869931E+05  0.720128E+05  0.305819E+04  0.479339E+04  0.000000E+00  0.845519E+05  0.845519E+05  0.845519E+05 -0.389401E+00  0.835189E+05  0.783771E+05  0.802899E+03
  0.162906E-01  0.868170E+05  0.717315E+05  0.311572E+04  0.475487E+04  0.000000E+00  0.843586E+05  0.843586E+05  0.843586E+05 -0.388483E+00  0.833233E+05  0.781492E+05  0.804213E+03
  0.163658E-01  0.866402E+05  0.714487E+05  0.317281E+04  0.471456E+04  0.000000E+00  0.841646E+05  0.841646E+05  0.841646E+05 -0.387564E+00  0.831270E+05  0.779200E+05  0.805611E+03
  0.164414E-01  0.864630E+05  0.711652E+05  0.322921E+04  0.467247E+04  0.000000E+00  0.839700E+05  0.839700E+05  0.839700E+05 -0.386643E+00  0.829303E+05  0.776907E+05  0.806943E+03
  0.165173E-01  0.862852E+05  0.708809E+05  0.328478E+04  0.462860E+04  0.000000E+00  0.837749E+05  0.837749E+05  0.837749E+05 -0.385720E+00  0.827332E+05  0.774610E+05  0.808224E+03
  0.165935E-01  0.861069E+05  0.705951E+05  0.333947E+04  0.458299E+04  0.000000E+00  0.835790E+05  0.835790E+05  0.835790E+05 -0.384795E+00  0.825355E+05  0.772300E+05  0.809582E+03
  0.166701E-01  0.859280E+05  0.703086E+05  0.339308E+04  0.453563E+04  0.000000E+00  0.833826E+05  0.833826E+05  0.833826E+05 -0.383868E+00  0.823373E+05  0.769987E+05  0.810892E+03
  0.167470E-01  0.857487E+05  0.700212E+05  0.344545E+04  0.448657E+04  0.000000E+00  0.831857E+05  0.831857E+05  0.831857E+05 -0.382939E+00  0.821387E+05  0.767670E+05  0.812172E+03
  0.168243E-01  0.855688E+05  0.697325E+05  0.349651E+04  0.443583E+04  0.000000E+00  0.829881E+05  0.829881E+05  0.829881E+05 -0.382008E+00  0.819395E+05  0.765344E+05  0.813487E+03
  0.169020E-01  0.853884E+05  0.694432E+05  0.354605E+04  0.438345E+04  0.000000E+00  0.827899E+05  0.827899E+05  0.827899E+05 -0.381075E+00  0.817400E+05  0.763015E+05  0.814728E+03
  0.169800E-01  0.852074E+05  0.691530E+05  0.359403E+04  0.432946E+04  0.000000E+00  0.825911E+05  0.825911E+05  0.825911E+05 -0.380141E+00  0.815399E+05  0.760682E+05  0.815951E+03
  0.170584E-01  0.850259E+05  0.688613E+05  0.364029E+04  0.427391E+04  0.000000E+00  0.823917E+05  0.823917E+05  0.823917E+05 -0.379204E+00  0.813393E+05  0.758337E+05  0.817238E+03
  0.171371E-01  0.848439E+05  0.685695E+05  0.368472E+04  0.421685E+04  0.000000E+00  0.821918E+05  0.821918E+05  0.821918E+05 -0.378265E+00  0.811384E+05  0.755995E+05  0.818386E+03
  0.172162E-01  0.846614E+05  0.682763E+05  0.372719E+04  0.415834E+04  0.000000E+00  0.819913E+05  0.819913E+05  0.819913E+05 -0.377324E+00  0.809369E+05  0.753644E+05  0.819581E+03
  0.172957E-01  0.844784E+05  0.679824E+05  0.376762E+04  0.409843E+04  0.000000E+00  0.817902E+05  0.817902E+05  0.817902E+05 -0.376381E+00  0.807350E+05  0.751289E+05  0.820733E+03
  0.173755E-01  0.842948E+05  0.676872E+05  0.380589E+04  0.403718E+04  0.000000E+00  0.815884E+05  0.815884E+05  0.815884E+05 -0.375436E+00  0.805326E+05  0.748924E+05  0.821937E+03
  0.174557E-01  0.841108E+05  0.673913E+05  0.384191E+04  0.397468E+04  0.000000E+00  0.813861E+05  0.813861E+05  0.813861E+05 -0.374489E+00  0.803298E+05  0.746557E+05  0.823077E+03
  0.175363E-01  0.839262E+05  0.670945E+05  0.387557E+04  0.391097E+04  0.000000E+00  0.811833E+05  0.811833E+05  0.811833E+05 -0.373539E+00  0.801265E+05  0.744184E+05  0.824202E+03
  0.176172E-01  0.837411E+05  0.667972E+05  0.390681E+04  0.384616E+04  0.000000E+00  0.809799E+05  0.809799E+05  0.809799E+05 -0.372588E+00  0.799229E+05  0.741809E+05  0.825280E+03
  0.176986E-01  0.835555E+05  0.664984E+05  0.393547E+04  0.378029E+04  0.000000E+00  0.807758E+05  0.807758E+05  0.807758E+05 -0.371634E+00  0.797187E+05  0.739425E+05  0.826390E+03
  0.177803E-01  0.833694E+05  0.661990E+05  0.396154E+04  0.371347E+04  0.000000E+00  0.805713E+05  0.805713E+05  0.805713E+05 -0.370678E+00  0.795141E+05  0.737037E+05  0.827457E+03
  0.178623E-01  0.831828E+05  0.658985E+05  0.398491E+04  0.364579E+04  0.000000E+00  0.803661E+05  0.803661E+05  0.803661E+05 -0.369720E+00  0.793091E+05  0.734643E+05  0.828523E+03
  0.179448E-01  0.829957E+05  0.655974E+05  0.400554E+04  0.357732E+04  0.000000E+00  0.801604E+05  0.801604E+05  0.801604E+05 -0.368760E+00  0.791037E+05  0.732246E+05  0.829551E+03
  0.180276E-01  0.828081E+05  0.652956E+05  0.402336E+04  0.350816E+04  0.000000E+00  0.799542E+05  0.799542E+05  0.799542E+05 -0.367797E+00  0.788978E+05  0.729845E+05  0.830553E+03
  0.181108E-01  0.826200E+05  0.649926E+05  0.403827E+04  0.343841E+04  0.000000E+00  0.797474E+05  0.797474E+05  0.797474E+05 -0.366833E+00  0.786915E+05  0.727437E+05  0.831560E+03
  0.181944E-01  0.824314E+05  0.646889E+05  0.405026E+04  0.336817E+04  0.000000E+00  0.795400E+05  0.795400E+05  0.795400E+05 -0.365865E+00  0.784847E+05  0.725025E+05  0.832533E+03
  0.182784E-01  0.822423E+05  0.643846E+05  0.405929E+04  0.329753E+04  0.000000E+00  0.793321E+05  0.793321E+05  0.793321E+05 -0.364896E+00  0.782776E+05  0.722610E+05  0.833469E+03
  0.183628E-01  0.820526E+05  0.640791E+05  0.406526E+04  0.322659E+04  0.000000E+00  0.791236E+05  0.791236E+05  0.791236E+05 -0.363924E+00  0.780700E+05  0.720188E+05  0.834417E+03
  0.184475E-01  0.818625E+05  0.637729E+05  0.406819E+04  0.315546E+04  0.000000E+00  0.789146E+05  0.789146E+05  0.789146E+05 -0.362950E+00  0.778621E+05  0.717762E+05  0.835331E+03
  0.185327E-01  0.816719E+05  0.634659E+05  0.406803E+04  0.308425E+04  0.000000E+00  0.787050E+05  0.787050E+05  0.787050E+05 -0.361974E+00  0.776537E+05  0.715332E+05  0.836228E+03
  0.186182E-01  0.814809E+05  0.631583E+05  0.406478E+04  0.301306E+04  0.000000E+00  0.784950E+05  0.784950E+05  0.784950E+05 -0.360995E+00  0.774449E+05  0.712898E+05  0.837093E+03
  0.187042E-01  0.812893E+05  0.628499E+05  0.405842E+04  0.294199E+04  0.000000E+00  0.782844E+05  0.782844E+05  0.782844E+05 -0.360014E+00  0.772357E+05  0.710460E+05  0.837928E+03
  0.187905E-01  0.810972E+05  0.625405E+05  0.404890E+04  0.287116E+04  0.000000E+00  0.780732E+05  0.780732E+05  0.780732E+05 -0.359031E+00  0.770260E+05  0.708016E+05  0.838767E+03
  0.188772E-01  0.809047E+05  0.622304E+05  0.403627E+04  0.280067E+04  0.000000E+00  0.778615E+05  0.778615E+05  0.778615E+05 -0.358045E+00  0.768160E+05  0.705568E+05  0.839575E+03
  0.189644E-01  0.807116E+05  0.619197E+05  0.402050E+04  0.273063E+04  0.000000E+00  0.776492E+05  0.776492E+05  0.776492E+05 -0.357057E+00  0.766056E+05  0.703117E+05  0.840353E+03
  0.190519E-01  0.805181E+05  0.616082E+05  0.400162E+04  0.266115E+04  0.000000E+00  0.774365E+05  0.774365E+05  0.774365E+05 -0.356066E+00  0.763948E+05  0.700661E+05  0.841106E+03
  0.191398E-01  0.803241E+05  0.612958E+05  0.397963E+04  0.259233E+04  0.000000E+00  0.772232E+05  0.772232E+05  0.772232E+05 -0.355073E+00  0.761836E+05  0.698201E+05  0.841853E+03
  0.192282E-01  0.801297E+05  0.609831E+05  0.395459E+04  0.252428E+04  0.000000E+00  0.770095E+05  0.770095E+05  0.770095E+05 -0.354078E+00  0.759720E+05  0.695738E+05  0.842551E+03
  0.193169E-01  0.799347E+05  0.606693E+05  0.392648E+04  0.245711E+04  0.000000E+00  0.767952E+05  0.767952E+05  0.767952E+05 -0.353081E+00  0.757600E+05  0.693270E+05  0.843245E+03
  0.194061E-01  0.797393E+05  0.603548E+05  0.389537E+04  0.239090E+04  0.000000E+00  0.765803E+05  0.765803E+05  0.765803E+05 -0.352080E+00  0.755476E+05  0.690797E+05  0.843922E+03
  0.194957E-01  0.795434E+05  0.600398E+05  0.386130E+04  0.232578E+04  0.000000E+00  0.763650E+05  0.763650E+05  0.763650E+05 -0.351078E+00  0.753349E+05  0.688322E+05  0.844557E+03
  0.195857E-01  0.793470E+05  0.597242E+05  0.382434E+04  0.226182E+04  0.000000E+00  0.761493E+05  0.761493E+05  0.761493E+05 -0.350074E+00  0.751218E+05  0.685844E+05  0.845162E+03
  0.196761E-01  0.791502E+05  0.594077E+05  0.378449E+04  0.219913E+04  0.000000E+00  0.759329E+05  0.759329E+05  0.759329E+05 -0.349067E+00  0.749083E+05  0.683360E+05  0.845769E+03
  0.197669E-01  0.789529E+05  0.590907E+05  0.374186E+04  0.213781E+04  0.000000E+00  0.757161E+05  0.757161E+05  0.757161E+05 -0.348057E+00  0.746944E+05  0.680874E+05  0.846337E+03
  0.198581E-01  0.787552E+05  0.587730E+05  0.369652E+04  0.207793E+04  0.000000E+00  0.754988E+05  0.754988E+05  0.754988E+05 -0.347045E+00  0.744801E+05  0.678383E+05  0.846882E+03
  0.199498E-01  0.785570E+05  0.584549E+05  0.364854E+04  0.201959E+04  0.000000E+00  0.752811E+05  0.752811E+05  0.752811E+05 -0.346032E+00  0.742655E+05  0.675891E+05  0.847383E+03
  0.200419E-01  0.783583E+05  0.581359E+05  0.359798E+04  0.196286E+04  0.000000E+00  0.750628E+05  0.750628E+05  0.750628E+05 -0.345015E+00  0.740505E+05  0.673394E+05  0.847879E+03
  0.201344E-01  0.781591E+05  0.578163E+05  0.354494E+04  0.190782E+04  0.000000E+00  0.748440E+05  0.748440E+05  0.748440E+05 -0.343996E+00  0.738351E+05  0.670892E+05  0.848354E+03
  0.202273E-01  0.779596E+05  0.574963E+05  0.348954E+04  0.185455E+04  0.000000E+00  0.746248E+05  0.746248E+05  0.746248E+05 -0.342976E+00  0.736194E+05  0.668389E+05  0.848782E+03
  0.203207E-01  0.777595E+05  0.571757E+05  0.343185E+04  0.180310E+04  0.000000E+00  0.744051E+05  0.744051E+05  0.744051E+05 -0.341952E+00  0.734033E+05  0.665882E+05  0.849193E+03
  0.204145E-01  0.775590E+05  0.568545E+05  0.337197E+04  0.175356E+04  0.000000E+00  0.741850E+05  0.741850E+05  0.741850E+05 -0.340927E+00  0.731868E+05  0.663373E+05  0.849571E+03
  0.205087E-01  0.773581E+05  0.565329E+05  0.331005E+04  0.170596E+04  0.000000E+00  0.739644E+05  0.739644E+05  0.739644E+05 -0.339899E+00  0.729700E+05  0.660860E+05  0.849923E+03
  0.206034E-01  0.771567E+05  0.562105E+05  0.324616E+04  0.166036E+04  0.000000E+00  0.737433E+05  0.737433E+05  0.737433E+05 -0.338869E+00  0.727528E+05  0.658344E+05  0.850257E+03
  0.206985E-01  0.769549E+05  0.558878E+05  0.318044E+04  0.161682E+04  0.000000E+00  0.735217E+05  0.735217E+05  0.735217E+05 -0.337837E+00  0.725353E+05  0.655825E+05  0.850554E+03
  0.207940E-01  0.767526E+05  0.555644E+05  0.311301E+04  0.157536E+04  0.000000E+00  0.732997E+05  0.732997E+05  0.732997E+05 -0.336803E+00  0.723175E+05  0.653302E+05  0.850830E+03
  0.208900E-01  0.765499E+05  0.552408E+05  0.304401E+04  0.153601E+04  0.000000E+00  0.730773E+05  0.730773E+05  0.730773E+05 -0.335766E+00  0.720993E+05  0.650778E+05  0.851068E+03
  0.209864E-01  0.763468E+05  0.549165E+05  0.297355E+04  0.149882E+04  0.000000E+00  0.728545E+05  0.728545E+05  0.728545E+05 -0.334728E+00  0.718807E+05  0.648251E+05  0.851284E+03
  0.210833E-01  0.761432E+05  0.545919E+05  0.290177E+04  0.146380E+04  0.000000E+00  0.726312E+05  0.726312E+05  0.726312E+05 -0.333687E+00  0.716618E+05  0.645721E+05  0.851466E+03
  0.211806E-01  0.759392E+05  0.542668E+05  0.282882E+04  0.143095E+04  0.000000E+00  0.724074E+05  0.724074E+05  0.724074E+05 -0.332644E+00  0.714426E+05  0.643189E+05  0.851620E+03
  0.212784E-01  0.757348E+05  0.539414E+05  0.275484E+04  0.140030E+04  0.000000E+00  0.721833E+05  0.721833E+05  0.721833E+05 -0.331600E+00  0.712230E+05  0.640655E+05  0.851737E+03
  0.213766E-01  0.755300E+05  0.536154E+05  0.267998E+04  0.137183E+04  0.000000E+00  0.719587E+05  0.719587E+05  0.719587E+05 -0.330553E+00  0.710031E+05  0.638117E+05  0.851839E+03
  0.214753E-01  0.753247E+05  0.532893E+05  0.260438E+04  0.134554E+04  0.000000E+00  0.717338E+05  0.717338E+05  0.717338E+05 -0.329504E+00  0.707829E+05  0.635578E+05  0.851890E+03
  0.215744E-01  0.751191E+05  0.529626E+05  0.252818E+04  0.132142E+04  0.000000E+00  0.715084E+05  0.715084E+05  0.715084E+05 -0.328453E+00  0.705624E+05  0.633036E+05  0.851925E+03
  0.216740E-01  0.749130E+05  0.526358E+05  0.245153E+04  0.129944E+04  0.000000E+00  0.712826E+05  0.712826E+05  0.712826E+05 -0.327401E+00  0.703415E+05  0.630493E+05  0.851919E+03
  0.217740E-01  0.747065E+05  0.523084E+05  0.237460E+04  0.127959E+04  0.000000E+00  0.710564E+05  0.710564E+05  0.710564E+05 -0.326346E+00  0.701203E+05  0.627947E+05  0.851893E+03
  0.218745E-01  0.744995E+05  0.519808E+05  0.229753E+04  0.126182E+04  0.000000E+00  0.708298E+05  0.708298E+05  0.708298E+05 -0.325290E+00  0.698988E+05  0.625399E+05  0.851825E+03
  0.219755E-01  0.742922E+05  0.516530E+05  0.222046E+04  0.124609E+04  0.000000E+00  0.706029E+05  0.706029E+05  0.706029E+05 -0.324232E+00  0.696770E+05  0.622851E+05  0.851722E+03
  0.220769E-01  0.740845E+05  0.513249E+05  0.214357E+04  0.123235E+04  0.000000E+00  0.703755E+05  0.703755E+05  0.703755E+05 -0.323172E+00  0.694549E+05  0.620299E+05  0.851593E+03
  0.221788E-01  0.738764E+05  0.509965E+05  0.206699E+04  0.122056E+04  0.000000E+00  0.701478E+05  0.701478E+05  0.701478E+05 -0.322110E+00  0.692325E+05  0.617747E+05  0.851430E+03
  0.222812E-01  0.736679E+05  0.506679E+05  0.199088E+04  0.121064E+04  0.000000E+00  0.699197E+05  0.699197E+05  0.699197E+05 -0.321047E+00  0.690097E+05  0.615192E+05  0.851234E+03
  0.223841E-01  0.734590E+05  0.503391E+05  0.191539E+04  0.120253E+04  0.000000E+00  0.696913E+05  0.696913E+05  0.696913E+05 -0.319982E+00  0.687867E+05  0.612637E+05  0.851000E+03
  0.224874E-01  0.732497E+05  0.500101E+05  0.184066E+04  0.119616E+04  0.000000E+00  0.694625E+05  0.694625E+05  0.694625E+05 -0.318915E+00  0.685634E+05  0.610080E+05  0.850733E+03
  0.225912E-01  0.730400E+05  0.496810E+05  0.176685E+04  0.119144E+04  0.000000E+00  0.692334E+05  0.692334E+05  0.692334E+05 -0.317847E+00  0.683398E+05  0.607522E+05  0.850431E+03
  0.226955E-01  0.728300E+05  0.493517E+05  0.169409E+04  0.118830E+04  0.000000E+00  0.690039E+05  0.690039E+05  0.690039E+05 -0.316777E+00  0.681159E+05  0.604963E+05  0.850096E+03
  0.228002E-01  0.726196E+05  0.490222E+05  0.162253E+04  0.118664E+04  0.000000E+00  0.687741E+05  0.687741E+05  0.687741E+05 -0.315706E+00  0.678917E+05  0.602403E+05  0.849727E+03
  0.229055E-01  0.724088E+05  0.486929E+05  0.155230E+04  0.118636E+04  0.000000E+00  0.685439E+05  0.685439E+05  0.685439E+05 -0.314633E+00  0.676673E+05  0.599843E+05  0.849311E+03
  0.230112E-01  0.721976E+05  0.483632E+05  0.148354E+04  0.118738E+04  0.000000E+00  0.683135E+05  0.683135E+05  0.683135E+05 -0.313559E+00  0.674425E+05  0.597280E+05  0.848877E+03
  0.231175E-01  0.719861E+05  0.480336E+05  0.141636E+04  0.118957E+04  0.000000E+00  0.680827E+05  0.680827E+05  0.680827E+05 -0.312483E+00  0.672176E+05  0.594718E+05  0.848396E+03
  0.232242E-01  0.717742E+05  0.477039E+05  0.135091E+04  0.119284E+04  0.000000E+00  0.678516E+05  0.678516E+05  0.678516E+05 -0.311407E+00  0.669923E+05  0.592156E+05  0.847879E+03
  0.233314E-01  0.715619E+05  0.473741E+05  0.128730E+04  0.119708E+04  0.000000E+00  0.676202E+05  0.676202E+05  0.676202E+05 -0.310328E+00  0.667668E+05  0.589591E+05  0.847337E+03
  0.234391E-01  0.713493E+05  0.470446E+05  0.122564E+04  0.120216E+04  0.000000E+00  0.673886E+05  0.673886E+05  0.673886E+05 -0.309249E+00  0.665410E+05  0.587029E+05  0.846741E+03
  0.235473E-01  0.711364E+05  0.467148E+05  0.116604E+04  0.120798E+04  0.000000E+00  0.671566E+05  0.671566E+05  0.671566E+05 -0.308169E+00  0.663150E+05  0.584464E+05  0.846124E+03
  0.236560E-01  0.709231E+05  0.463852E+05  0.110859E+04  0.121442E+04  0.000000E+00  0.669243E+05  0.669243E+05  0.669243E+05 -0.307087E+00  0.660887E+05  0.581900E+05  0.845459E+03
  0.237652E-01  0.707095E+05  0.460558E+05  0.105340E+04  0.122135E+04  0.000000E+00  0.666918E+05  0.666918E+05  0.666918E+05 -0.306005E+00  0.658622E+05  0.579336E+05  0.844758E+03
  0.238749E-01  0.704955E+05  0.457264E+05  0.100055E+04  0.122866E+04  0.000000E+00  0.664591E+05  0.664591E+05  0.664591E+05 -0.304921E+00  0.656355E+05  0.576773E+05  0.844017E+03
  0.239851E-01  0.702812E+05  0.453973E+05  0.950119E+03  0.123622E+04  0.000000E+00  0.662260E+05  0.662260E+05  0.662260E+05 -0.303836E+00  0.654086E+05  0.574210E+05  0.843235E+03
  0.240959E-01  0.700666E+05  0.450681E+05  0.902204E+03  0.124392E+04  0.000000E+00  0.659928E+05  0.659928E+05  0.659928E+05 -0.302751E+00  0.651814E+05  0.571647E+05  0.842422E+03
  0.242071E-01  0.698516E+05  0.447392E+05  0.856817E+03  0.125162E+04  0.000000E+00  0.657592E+05  0.657592E+05  0.657592E+05 -0.301664E+00  0.649540E+05  0.569084E+05  0.841569E+03
  0.243189E-01  0.696364E+05  0.444105E+05  0.814071E+03  0.125923E+04  0.000000E+00  0.655255E+05  0.655255E+05  0.655255E+05 -0.300577E+00  0.647264E+05  0.566523E+05  0.840672E+03
  0.244312E-01  0.694208E+05  0.440821E+05  0.773996E+03  0.126661E+04  0.000000E+00  0.652915E+05  0.652915E+05  0.652915E+05 -0.299489E+00  0.644986E+05  0.563962E+05  0.839739E+03
  0.245440E-01  0.692049E+05  0.437540E+05  0.736628E+03  0.127365E+04  0.000000E+00  0.650574E+05  0.650574E+05  0.650574E+05 -0.298400E+00  0.642706E+05  0.561403E+05  0.838756E+03
  0.246573E-01  0.689888E+05  0.434261E+05  0.701982E+03  0.128025E+04  0.000000E+00  0.648230E+05  0.648230E+05  0.648230E+05 -0.297310E+00  0.640424E+05  0.558845E+05  0.837744E+03
  0.247711E-01  0.687723E+05  0.430985E+05  0.670102E+03  0.128628E+04  0.000000E+00  0.645884E+05  0.645884E+05  0.645884E+05 -0.296220E+00  0.638140E+05  0.556287E+05  0.836692E+03
  0.248855E-01  0.685555E+05  0.427714E+05  0.641006E+03  0.129166E+04  0.000000E+00  0.643537E+05  0.643537E+05  0.643537E+05 -0.295129E+00  0.635855E+05  0.553732E+05  0.835590E+03
  0.250004E-01  0.683385E+05  0.424445E+05  0.614686E+03  0.129627E+04  0.000000E+00  0.641187E+05  0.641187E+05  0.641187E+05 -0.294038E+00  0.633567E+05  0.551178E+05  0.834453E+03
  0.251159E-01  0.681211E+05  0.421181E+05  0.591146E+03  0.130003E+04  0.000000E+00  0.638836E+05  0.638836E+05  0.638836E+05 -0.292946E+00  0.631278E+05  0.548625E+05  0.833273E+03
  0.252318E-01  0.679035E+05  0.417922E+05  0.570350E+03  0.130285E+04  0.000000E+00  0.636483E+05  0.636483E+05  0.636483E+05 -0.291854E+00  0.628988E+05  0.546075E+05  0.832050E+03
  0.253484E-01  0.676856E+05  0.414667E+05  0.552313E+03  0.130463E+04  0.000000E+00  0.634129E+05  0.634129E+05  0.634129E+05 -0.290761E+00  0.626696E+05  0.543527E+05  0.830786E+03
  0.254654E-01  0.674675E+05  0.411416E+05  0.536969E+03  0.130531E+04  0.000000E+00  0.631774E+05  0.631774E+05  0.631774E+05 -0.289668E+00  0.624403E+05  0.540981E+05  0.829482E+03
  0.255830E-01  0.672491E+05  0.408171E+05  0.524293E+03  0.130482E+04  0.000000E+00  0.629417E+05  0.629417E+05  0.629417E+05 -0.288575E+00  0.622108E+05  0.538437E+05  0.828133E+03
  0.257012E-01  0.670304E+05  0.404933E+05  0.514228E+03  0.130309E+04  0.000000E+00  0.627058E+05  0.627058E+05  0.627058E+05 -0.287481E+00  0.619812E+05  0.535896E+05  0.826741E+03
  0.258199E-01  0.668115E+05  0.401700E+05  0.506712E+03  0.130008E+04  0.000000E+00  0.624699E+05  0.624699E+05  0.624699E+05 -0.286387E+00  0.617515E+05  0.533358E+05  0.825303E+03
  0.259391E-01  0.665923E+05  0.398472E+05  0.501689E+03  0.129572E+04  0.000000E+00  0.622339E+05  0.622339E+05  0.622339E+05 -0.285293E+00  0.615216E+05  0.530822E+05  0.823828E+03
  0.260590E-01  0.663729E+05  0.395251E+05  0.499070E+03  0.128999E+04  0.000000E+00  0.619977E+05  0.619977E+05  0.619977E+05 -0.284199E+00  0.612917E+05  0.528289E+05  0.822306E+03
  0.261793E-01  0.661533E+05  0.392037E+05  0.498776E+03  0.128286E+04  0.000000E+00  0.617615E+05  0.617615E+05  0.617615E+05 -0.283105E+00  0.610617E+05  0.525760E+05  0.820739E+03
  0.263003E-01  0.659334E+05  0.388830E+05  0.500709E+03  0.127430E+04  0.000000E+00  0.615252E+05  0.615252E+05  0.615252E+05 -0.282011E+00  0.608316E+05  0.523234E+05  0.819130E+03
  0.264218E-01  0.657134E+05  0.385630E+05  0.504776E+03  0.126431E+04  0.000000E+00  0.612889E+05  0.612889E+05  0.612889E+05 -0.280917E+00  0.606014E+05  0.520711E+05  0.817476E+03
  0.265439E-01  0.654931E+05  0.382438E+05  0.510860E+03  0.125287E+04  0.000000E+00  0.610524E+05  0.610524E+05  0.610524E+05 -0.279822E+00  0.603711E+05  0.518193E+05  0.815778E+03
  0.266665E-01  0.652725E+05  0.379254E+05  0.518857E+03  0.124001E+04  0.000000E+00  0.608160E+05  0.608160E+05  0.608160E+05 -0.278728E+00  0.601408E+05  0.515678E+05  0.814035E+03
  0.267898E-01  0.650518E+05  0.376079E+05  0.528637E+03  0.122572E+04  0.000000E+00  0.605795E+05  0.605795E+05  0.605795E+05 -0.277634E+00  0.599104E+05  0.513167E+05  0.812247E+03
  0.269136E-01  0.648309E+05  0.372912E+05  0.540071E+03  0.121005E+04  0.000000E+00  0.603429E+05  0.603429E+05  0.603429E+05 -0.276541E+00  0.596799E+05  0.510660E+05  0.810414E+03
  0.270379E-01  0.646098E+05  0.369754E+05  0.553029E+03  0.119301E+04  0.000000E+00  0.601064E+05  0.601064E+05  0.601064E+05 -0.275447E+00  0.594495E+05  0.508158E+05  0.808536E+03
  0.271629E-01  0.643885E+05  0.366605E+05  0.567374E+03  0.117466E+04  0.000000E+00  0.598699E+05  0.598699E+05  0.598699E+05 -0.274354E+00  0.592190E+05  0.505660E+05  0.806612E+03
  0.272885E-01  0.641670E+05  0.363466E+05  0.582969E+03  0.115504E+04  0.000000E+00  0.596333E+05  0.596333E+05  0.596333E+05 -0.273261E+00  0.589885E+05  0.503167E+05  0.804642E+03
  0.274146E-01  0.639453E+05  0.360337E+05  0.599653E+03  0.113423E+04  0.000000E+00  0.593968E+05  0.593968E+05  0.593968E+05 -0.272168E+00  0.587579E+05  0.500679E+05  0.802626E+03
  0.275414E-01  0.637235E+05  0.357218E+05  0.617288E+03  0.111227E+04  0.000000E+00  0.591603E+05  0.591603E+05  0.591603E+05 -0.271076E+00  0.585274E+05  0.498197E+05  0.800564E+03
  0.276688E-01  0.635015E+05  0.354110E+05  0.635710E+03  0.108925E+04  0.000000E+00  0.589238E+05  0.589238E+05  0.589238E+05 -0.269984E+00  0.582969E+05  0.495719E+05  0.798456E+03
  0.277967E-01  0.632793E+05  0.351014E+05  0.654777E+03  0.106526E+04  0.000000E+00  0.586874E+05  0.586874E+05  0.586874E+05 -0.268893E+00  0.580663E+05  0.493247E+05  0.796301E+03
  0.279253E-01  0.630570E+05  0.347928E+05  0.674324E+03  0.104037E+04  0.000000E+00  0.584510E+05  0.584510E+05  0.584510E+05 -0.267802E+00  0.578359E+05  0.490780E+05  0.794101E+03
  0.280545E-01  0.628346E+05  0.344854E+05  0.694196E+03  0.101470E+04  0.000000E+00  0.582147E+05  0.582147E+05  0.582147E+05 -0.266712E+00  0.576054E+05  0.488320E+05  0.791851E+03
  0.281843E-01  0.626120E+05  0.341792E+05  0.714237E+03  0.988330E+03  0.000000E+00  0.579785E+05  0.579785E+05  0.579785E+05 -0.265622E+00  0.573750E+05  0.485865E+05  0.789555E+03
  0.283147E-01  0.623892E+05  0.338742E+05  0.734292E+03  0.961375E+03  0.000000E+00  0.577423E+05  0.577423E+05  0.577423E+05 -0.264533E+00  0.571446E+05  0.483417E+05  0.787213E+03
  0.284458E-01  0.621664E+05  0.335706E+05  0.754204E+03  0.933952E+03  0.000000E+00  0.575063E+05  0.575063E+05  0.575063E+05 -0.263445E+00  0.569143E+05  0.480975E+05  0.784822E+03
  0.285775E-01  0.619434E+05  0.332682E+05  0.773820E+03  0.906167E+03  0.000000E+00  0.572704E+05  0.572704E+05  0.572704E+05 -0.262357E+00  0.566841E+05  0.478540E+05  0.782386E+03
  0.287098E-01  0.617202E+05  0.329671E+05  0.792991E+03  0.878145E+03  0.000000E+00  0.570345E+05  0.570345E+05  0.570345E+05 -0.261270E+00  0.564539E+05  0.476111E+05  0.779901E+03
  0.288427E-01  0.614970E+05  0.326674E+05  0.811571E+03  0.850002E+03  0.000000E+00  0.567988E+05  0.567988E+05  0.567988E+05 -0.260184E+00  0.562239E+05  0.473689E+05  0.777368E+03
  0.289763E-01  0.612737E+05  0.323692E+05  0.829418E+03  0.821859E+03  0.000000E+00  0.565633E+05  0.565633E+05  0.565633E+05 -0.259099E+00  0.559939E+05  0.471275E+05  0.774786E+03
  0.291106E-01  0.610502E+05  0.320724E+05  0.846394E+03  0.793842E+03  0.000000E+00  0.563279E+05  0.563279E+05  0.563279E+05 -0.258015E+00  0.557640E+05  0.468868E+05  0.772158E+03
  0.292455E-01  0.608267E+05  0.317772E+05  0.862367E+03  0.766071E+03  0.000000E+00  0.560927E+05  0.560927E+05  0.560927E+05 -0.256931E+00  0.555343E+05  0.466468E+05  0.769479E+03
  0.293810E-01  0.606030E+05  0.314833E+05  0.877213E+03  0.738665E+03  0.000000E+00  0.558576E+05  0.558576E+05  0.558576E+05 -0.255849E+00  0.553047E+05  0.464076E+05  0.766755E+03
  0.295173E-01  0.603793E+05  0.311911E+05  0.890811E+03  0.711746E+03  0.000000E+00  0.556227E+05  0.556227E+05  0.556227E+05 -0.254767E+00  0.550752E+05  0.461692E+05  0.763981E+03
  0.296542E-01  0.601555E+05  0.309004E+05  0.903055E+03  0.685428E+03  0.000000E+00  0.553880E+05  0.553880E+05  0.553880E+05 -0.253687E+00  0.548458E+05  0.459316E+05  0.761159E+03
  0.297917E-01  0.599316E+05  0.306114E+05  0.913837E+03  0.659826E+03  0.000000E+00  0.551535E+05  0.551535E+05  0.551535E+05 -0.252607E+00  0.546166E+05  0.456948E+05  0.758288E+03
  0.299300E-01  0.597077E+05  0.303241E+05  0.923070E+03  0.635045E+03  0.000000E+00  0.549192E+05  0.549192E+05  0.549192E+05 -0.251529E+00  0.543875E+05  0.454589E+05  0.755368E+03
  0.300689E-01  0.594836E+05  0.300383E+05  0.930666E+03  0.611188E+03  0.000000E+00  0.546851E+05  0.546851E+05  0.546851E+05 -0.250452E+00  0.541586E+05  0.452237E+05  0.752401E+03
  0.302085E-01  0.592596E+05  0.297545E+05  0.936549E+03  0.588353E+03  0.000000E+00  0.544513E+05  0.544513E+05  0.544513E+05 -0.249376E+00  0.539299E+05  0.449896E+05  0.749383E+03
  0.303489E-01  0.590354E+05  0.294723E+05  0.940652E+03  0.566630E+03  0.000000E+00  0.542177E+05  0.542177E+05  0.542177E+05 -0.248301E+00  0.537014E+05  0.447563E+05  0.746316E+03
  0.304899E-01  0.588112E+05  0.291920E+05  0.942930E+03  0.546099E+03  0.000000E+00  0.539844E+05  0.539844E+05  0.539844E+05 -0.247227E+00  0.534731E+05  0.445239E+05  0.743200E+03
  0.306317E-01  0.585870E+05  0.289135E+05  0.943335E+03  0.526834E+03  0.000000E+00  0.537513E+05  0.537513E+05  0.537513E+05 -0.246155E+00  0.532449E+05  0.442924E+05  0.740035E+03
  0.307741E-01  0.583627E+05  0.286369E+05  0.941837E+03  0.508900E+03  0.000000E+00  0.535185E+05  0.535185E+05  0.535185E+05 -0.245084E+00  0.530170E+05  0.440619E+05  0.736821E+03
  0.309173E-01  0.581384E+05  0.283622E+05  0.938414E+03  0.492352E+03  0.000000E+00  0.532860E+05  0.532860E+05  0.532860E+05 -0.244014E+00  0.527893E+05  0.438324E+05  0.733557E+03
  0.310612E-01  0.579141E+05  0.280894E+05  0.933057E+03  0.477236E+03  0.000000E+00  0.530538E+05  0.530538E+05  0.530538E+05 -0.242946E+00  0.525618E+05  0.436038E+05  0.730245E+03
  0.312059E-01  0.576897E+05  0.278187E+05  0.925777E+03  0.463583E+03  0.000000E+00  0.528218E+05  0.528218E+05  0.528218E+05 -0.241879E+00  0.523346E+05  0.433763E+05  0.726883E+03
  0.313513E-01  0.574653E+05  0.275499E+05  0.916585E+03  0.451418E+03  0.000000E+00  0.525902E+05  0.525902E+05  0.525902E+05 -0.240814E+00  0.521076E+05  0.431498E+05  0.723472E+03
  0.314975E-01  0.572409E+05  0.272833E+05  0.905499E+03  0.440759E+03  0.000000E+00  0.523589E+05  0.523589E+05  0.523589E+05 -0.239750E+00  0.518808E+05  0.429243E+05  0.720009E+03
  0.316444E-01  0.570165E+05  0.270187E+05  0.892574E+03  0.431599E+03  0.000000E+00  0.521279E+05  0.521279E+05  0.521279E+05 -0.238688E+00  0.516543E+05  0.426999E+05  0.716498E+03
  0.317921E-01  0.567920E+05  0.267563E+05  0.877849E+03  0.423934E+03  0.000000E+00  0.518973E+05  0.518973E+05  0.518973E+05 -0.237627E+00  0.514280E+05  0.424766E+05  0.712937E+03
  0.319406E-01  0.565676E+05  0.264961E+05  0.861394E+03  0.417736E+03  0.000000E+00  0.516670E+05  0.516670E+05  0.516670E+05 -0.236568E+00  0.512021E+05  0.422544E+05  0.709327E+03
  0.320899E-01  0.563431E+05  0.262380E+05  0.843282E+03  0.412975E+03  0.000000E+00  0.514371E+05  0.514371E+05  0.514371E+05 -0.235511E+00  0.509764E+05  0.420332E+05  0.705668E+03
  0.322399E-01  0.561187E+05  0.259822E+05  0.823595E+03  0.409604E+03  0.000000E+00  0.512075E+05  0.512075E+05  0.512075E+05 -0.234455E+00  0.507509E+05  0.418132E+05  0.701958E+03
  0.323908E-01  0.558942E+05  0.257287E+05  0.802430E+03  0.407569E+03  0.000000E+00  0.509783E+05  0.509783E+05  0.509783E+05 -0.233401E+00  0.505258E+05  0.415943E+05  0.698199E+03
  0.325425E-01  0.556698E+05  0.254775E+05  0.779886E+03  0.406804E+03  0.000000E+00  0.507495E+05  0.507495E+05  0.507495E+05 -0.232349E+00  0.503010E+05  0.413766E+05  0.694390E+03
  0.326950E-01  0.554453E+05  0.252287E+05  0.756080E+03  0.407232E+03  0.000000E+00  0.505211E+05  0.505211E+05  0.505211E+05 -0.231298E+00  0.500765E+05  0.411601E+05  0.690530E+03
  0.328484E-01  0.552209E+05  0.249823E+05  0.731140E+03  0.408763E+03  0.000000E+00  0.502931E+05  0.502931E+05  0.502931E+05 -0.230250E+00  0.498523E+05  0.409448E+05  0.686620E+03
  0.330026E-01  0.549965E+05  0.247382E+05  0.705194E+03  0.411303E+03  0.000000E+00  0.500655E+05  0.500655E+05  0.500655E+05 -0.229203E+00  0.496284E+05  0.407307E+05  0.682663E+03
  0.331577E-01  0.547721E+05  0.244967E+05  0.678375E+03  0.414751E+03  0.000000E+00  0.498383E+05  0.498383E+05  0.498383E+05 -0.228158E+00  0.494048E+05  0.405178E+05  0.678656E+03
  0.333136E-01  0.545477E+05  0.242576E+05  0.650839E+03  0.418989E+03  0.000000E+00  0.496116E+05  0.496116E+05  0.496116E+05 -0.227115E+00  0.491815E+05  0.403061E+05  0.674598E+03
  0.334704E-01  0.543234E+05  0.240211E+05  0.622724E+03  0.423906E+03  0.000000E+00  0.493852E+05  0.493852E+05  0.493852E+05 -0.226074E+00  0.489586E+05  0.400957E+05  0.670489E+03
  0.336281E-01  0.540991E+05  0.237872E+05  0.594193E+03  0.429374E+03  0.000000E+00  0.491593E+05  0.491593E+05  0.491593E+05 -0.225035E+00  0.487361E+05  0.398866E+05  0.666331E+03
  0.337868E-01  0.538747E+05  0.235559E+05  0.565401E+03  0.435267E+03  0.000000E+00  0.489339E+05  0.489339E+05  0.489339E+05 -0.223998E+00  0.485138E+05  0.396788E+05  0.662126E+03
  0.339463E-01  0.536505E+05  0.233273E+05  0.536509E+03  0.441453E+03  0.000000E+00  0.487089E+05  0.487089E+05  0.487089E+05 -0.222963E+00  0.482920E+05  0.394723E+05  0.657867E+03
  0.341068E-01  0.534262E+05  0.231013E+05  0.507681E+03  0.447798E+03  0.000000E+00  0.484844E+05  0.484844E+05  0.484844E+05 -0.221931E+00  0.480705E+05  0.392671E+05  0.653560E+03
  0.342682E-01  0.532020E+05  0.228780E+05  0.479080E+03  0.454169E+03  0.000000E+00  0.482603E+05  0.482603E+05  0.482603E+05 -0.220900E+00  0.478493E+05  0.390632E+05  0.649203E+03
  0.344306E-01  0.529778E+05  0.226576E+05  0.450867E+03  0.460431E+03  0.000000E+00  0.480368E+05  0.480368E+05  0.480368E+05 -0.219872E+00  0.476285E+05  0.388607E+05  0.644797E+03
  0.345939E-01  0.527537E+05  0.224399E+05  0.423205E+03  0.466452E+03  0.000000E+00  0.478137E+05  0.478137E+05  0.478137E+05 -0.218846E+00  0.474081E+05  0.386596E+05  0.640340E+03
  0.347583E-01  0.525296E+05  0.222250E+05  0.396247E+03  0.472103E+03  0.000000E+00  0.475910E+05  0.475910E+05  0.475910E+05 -0.217822E+00  0.471880E+05  0.384598E+05  0.635838E+03
  0.349237E-01  0.523055E+05  0.220130E+05  0.370153E+03  0.477258E+03  0.000000E+00  0.473689E+05  0.473689E+05  0.473689E+05 -0.216800E+00  0.469684E+05  0.382614E+05  0.631282E+03
  0.350900E-01  0.520814E+05  0.218039E+05  0.345064E+03  0.481801E+03  0.000000E+00  0.471473E+05  0.471473E+05  0.471473E+05 -0.215781E+00  0.467491E+05  0.380645E+05  0.626678E+03
  0.352575E-01  0.518574E+05  0.215978E+05  0.321127E+03  0.485618E+03  0.000000E+00  0.469262E+05  0.469262E+05  0.469262E+05 -0.214764E+00  0.465302E+05  0.378690E+05  0.622023E+03
  0.354260E-01  0.516334E+05  0.213946E+05  0.298471E+03  0.488606E+03  0.000000E+00  0.467056E+05  0.467056E+05  0.467056E+05 -0.213749E+00  0.463117E+05  0.376748E+05  0.617322E+03
  0.355955E-01  0.514095E+05  0.211945E+05  0.277222E+03  0.490672E+03  0.000000E+00  0.464855E+05  0.464855E+05  0.464855E+05 -0.212737E+00  0.460936E+05  0.374822E+05  0.612569E+03
  0.357662E-01  0.511856E+05  0.209974E+05  0.257497E+03  0.491732E+03  0.000000E+00  0.462660E+05  0.462660E+05  0.462660E+05 -0.211727E+00  0.458759E+05  0.372910E+05  0.607767E+03
  0.359379E-01  0.509617E+05  0.208034E+05  0.239395E+03  0.491714E+03  0.000000E+00  0.460470E+05  0.460470E+05  0.460470E+05 -0.210720E+00  0.456585E+05  0.371013E+05  0.602918E+03
  0.361108E-01  0.507378E+05  0.206126E+05  0.223012E+03  0.490561E+03  0.000000E+00  0.458285E+05  0.458285E+05  0.458285E+05 -0.209715E+00  0.454416E+05  0.369131E+05  0.598017E+03
  0.362849E-01  0.505140E+05  0.204249E+05  0.208424E+03  0.488226E+03  0.000000E+00  0.456105E+05  0.456105E+05  0.456105E+05 -0.208712E+00  0.452251E+05  0.367264E+05  0.593070E+03
  0.364601E-01  0.502901E+05  0.202403E+05  0.195699E+03  0.484678E+03  0.000000E+00  0.453931E+05  0.453931E+05  0.453931E+05 -0.207712E+00  0.450090E+05  0.365412E+05  0.588075E+03
  0.366366E-01  0.500664E+05  0.200591E+05  0.184883E+03  0.479905E+03  0.000000E+00  0.451763E+05  0.451763E+05  0.451763E+05 -0.206715E+00  0.447933E+05  0.363575E+05  0.583026E+03
  0.368142E-01  0.498426E+05  0.198812E+05  0.176017E+03  0.473903E+03  0.000000E+00  0.449600E+05  0.449600E+05  0.449600E+05 -0.205721E+00  0.445781E+05  0.361754E+05  0.577931E+03
  0.369931E-01  0.496188E+05  0.197064E+05  0.169113E+03  0.466689E+03  0.000000E+00  0.447442E+05  0.447442E+05  0.447442E+05 -0.204728E+00  0.443632E+05  0.359948E+05  0.572790E+03
  0.371733E-01  0.493951E+05  0.195351E+05  0.164173E+03  0.458298E+03  0.000000E+00  0.445290E+05  0.445290E+05  0.445290E+05 -0.203739E+00  0.441487E+05  0.358158E+05  0.567599E+03
  0.373548E-01  0.491714E+05  0.193672E+05  0.161185E+03  0.448773E+03  0.000000E+00  0.443144E+05  0.443144E+05  0.443144E+05 -0.202752E+00  0.439347E+05  0.356384E+05  0.562360E+03
  0.375376E-01  0.489476E+05  0.192027E+05  0.160127E+03  0.438177E+03  0.000000E+00  0.441003E+05  0.441003E+05  0.441003E+05 -0.201768E+00  0.437210E+05  0.354626E+05  0.557071E+03
  0.377217E-01  0.487239E+05  0.190417E+05  0.160938E+03  0.426590E+03  0.000000E+00  0.438868E+05  0.438868E+05  0.438868E+05 -0.200786E+00  0.435078E+05  0.352883E+05  0.551736E+03
  0.379072E-01  0.485002E+05  0.188841E+05  0.163557E+03  0.414103E+03  0.000000E+00  0.436739E+05  0.436739E+05  0.436739E+05 -0.199807E+00  0.432950E+05  0.351157E+05  0.546354E+03
  0.380941E-01  0.482765E+05  0.187301E+05  0.167902E+03  0.400823E+03  0.000000E+00  0.434615E+05  0.434615E+05  0.434615E+05 -0.198831E+00  0.430827E+05  0.349447E+05  0.540923E+03
  0.382825E-01  0.480528E+05  0.185797E+05  0.173877E+03  0.386867E+03  0.000000E+00  0.432497E+05  0.432497E+05  0.432497E+05 -0.197858E+00  0.428707E+05  0.347753E+05  0.535445E+03
  0.384723E-01  0.478290E+05  0.184328E+05  0.181361E+03  0.372366E+03  0.000000E+00  0.430385E+05  0.430385E+05  0.430385E+05 -0.196887E+00  0.426591E+05  0.346076E+05  0.529921E+03
  0.386636E-01  0.476052E+05  0.182896E+05  0.190226E+03  0.357460E+03  0.000000E+00  0.428279E+05  0.428279E+05  0.428279E+05 -0.195919E+00  0.424480E+05  0.344415E+05  0.524349E+03
  0.388564E-01  0.473814E+05  0.181502E+05  0.200334E+03  0.342293E+03  0.000000E+00  0.426178E+05  0.426178E+05  0.426178E+05 -0.194954E+00  0.422373E+05  0.342771E+05  0.518730E+03
  0.390509E-01  0.471576E+05  0.180145E+05  0.211518E+03  0.327021E+03  0.000000E+00  0.424083E+05  0.424083E+05  0.424083E+05 -0.193991E+00  0.420270E+05  0.341143E+05  0.513065E+03
  0.392469E-01  0.469337E+05  0.178825E+05  0.223616E+03  0.311801E+03  0.000000E+00  0.421995E+05  0.421995E+05  0.421995E+05 -0.193032E+00  0.418171E+05  0.339532E+05  0.507353E+03
  0.394445E-01  0.467098E+05  0.177543E+05  0.236442E+03  0.296792E+03  0.000000E+00  0.419911E+05  0.419911E+05  0.419911E+05 -0.192075E+00  0.416076E+05  0.337938E+05  0.501596E+03
  0.396439E-01  0.464858E+05  0.176299E+05  0.249807E+03  0.282154E+03  0.000000E+00  0.417834E+05  0.417834E+05  0.417834E+05 -0.191121E+00  0.413986E+05  0.336361E+05  0.495794E+03
  0.398449E-01  0.462618E+05  0.175096E+05  0.263517E+03  0.268042E+03  0.000000E+00  0.415762E+05  0.415762E+05  0.415762E+05 -0.190169E+00  0.411899E+05  0.334802E+05  0.489942E+03
  0.400478E-01  0.460377E+05  0.173930E+05  0.277364E+03  0.254607E+03  0.000000E+00  0.413696E+05  0.413696E+05  0.413696E+05 -0.189221E+00  0.409817E+05  0.333259E+05  0.484050E+03
  0.402524E-01  0.458135E+05  0.172804E+05  0.291145E+03  0.241993E+03  0.000000E+00  0.411636E+05  0.411636E+05  0.411636E+05 -0.188275E+00  0.407738E+05  0.331733E+05  0.478111E+03
  0.404589E-01  0.455892E+05  0.171718E+05  0.304649E+03  0.230333E+03  0.000000E+00  0.409582E+05  0.409582E+05  0.409582E+05 -0.187332E+00  0.405663E+05  0.330225E+05  0.472126E+03
  0.406672E-01  0.453648E+05  0.170672E+05  0.317671E+03  0.219745E+03  0.000000E+00  0.407533E+05  0.407533E+05  0.407533E+05 -0.186392E+00  0.403593E+05  0.328733E+05  0.466101E+03
  0.408775E-01  0.451403E+05  0.169667E+05  0.330007E+03  0.210334E+03  0.000000E+00  0.405490E+05  0.405490E+05  0.405490E+05 -0.185454E+00  0.401526E+05  0.327260E+05  0.460030E+03
  0.410898E-01  0.449156E+05  0.168703E+05  0.341455E+03  0.202192E+03  0.000000E+00  0.403453E+05  0.403453E+05  0.403453E+05 -0.184519E+00  0.399463E+05  0.325803E+05  0.453915E+03
  0.413042E-01  0.446909E+05  0.167781E+05  0.351829E+03  0.195379E+03  0.000000E+00  0.401422E+05  0.401422E+05  0.401422E+05 -0.183587E+00  0.397404E+05  0.324365E+05  0.447757E+03
  0.415206E-01  0.444660E+05  0.166901E+05  0.360947E+03  0.189945E+03  0.000000E+00  0.399396E+05  0.399396E+05  0.399396E+05 -0.182657E+00  0.395349E+05  0.322943E+05  0.441558E+03
  0.417393E-01  0.442410E+05  0.166063E+05  0.368645E+03  0.185912E+03  0.000000E+00  0.397375E+05  0.397375E+05  0.397375E+05 -0.181731E+00  0.393298E+05  0.321539E+05  0.435316E+03
  0.419601E-01  0.440157E+05  0.165267E+05  0.374772E+03  0.183277E+03  0.000000E+00  0.395360E+05  0.395360E+05  0.395360E+05 -0.180806E+00  0.391250E+05  0.320153E+05  0.429032E+03
  0.421832E-01  0.437903E+05  0.164514E+05  0.379199E+03  0.182010E+03  0.000000E+00  0.393351E+05  0.393351E+05  0.393351E+05 -0.179885E+00  0.389205E+05  0.318784E+05  0.422709E+03
  0.424086E-01  0.435647E+05  0.163805E+05  0.381809E+03  0.182063E+03  0.000000E+00  0.391347E+05  0.391347E+05  0.391347E+05 -0.178966E+00  0.387165E+05  0.317433E+05  0.416343E+03
  0.426365E-01  0.433389E+05  0.163139E+05  0.382522E+03  0.183351E+03  0.000000E+00  0.389348E+05  0.389348E+05  0.389348E+05 -0.178049E+00  0.385128E+05  0.316100E+05  0.409938E+03
  0.428668E-01  0.431129E+05  0.162518E+05  0.381276E+03  0.185767E+03  0.000000E+00  0.387355E+05  0.387355E+05  0.387355E+05 -0.177135E+00  0.383094E+05  0.314784E+05  0.403494E+03
  0.430996E-01  0.428866E+05  0.161941E+05  0.378034E+03  0.189183E+03  0.000000E+00  0.385367E+05  0.385367E+05  0.385367E+05 -0.176224E+00  0.381063E+05  0.313486E+05  0.397011E+03
  0.433351E-01  0.426600E+05  0.161408E+05  0.372792E+03  0.193444E+03  0.000000E+00  0.383384E+05  0.383384E+05  0.383384E+05 -0.175314E+00  0.379036E+05  0.312205E+05  0.390493E+03
  0.435733E-01  0.424332E+05  0.160920E+05  0.365574E+03  0.198374E+03  0.000000E+00  0.381406E+05  0.381406E+05  0.381406E+05 -0.174407E+00  0.377012E+05  0.310942E+05  0.383936E+03
  0.438142E-01  0.422061E+05  0.160477E+05  0.356434E+03  0.203782E+03  0.000000E+00  0.379433E+05  0.379433E+05  0.379433E+05 -0.173503E+00  0.374990E+05  0.309696E+05  0.377344E+03
  0.440580E-01  0.419787E+05  0.160081E+05  0.345464E+03  0.209457E+03  0.000000E+00  0.377464E+05  0.377464E+05  0.377464E+05 -0.172600E+00  0.372972E+05  0.308468E+05  0.370716E+03
  0.443048E-01  0.417509E+05  0.159730E+05  0.332778E+03  0.215181E+03  0.000000E+00  0.375501E+05  0.375501E+05  0.375501E+05 -0.171700E+00  0.370957E+05  0.307257E+05  0.364055E+03
  0.445546E-01  0.415228E+05  0.159426E+05  0.318529E+03  0.220729E+03  0.000000E+00  0.373542E+05  0.373542E+05  0.373542E+05 -0.170802E+00  0.368944E+05  0.306063E+05  0.357359E+03
  0.448075E-01  0.412943E+05  0.159168E+05  0.302896E+03  0.225874E+03  0.000000E+00  0.371587E+05  0.371587E+05  0.371587E+05 -0.169906E+00  0.366934E+05  0.304886E+05  0.350631E+03
  0.450636E-01  0.410655E+05  0.158956E+05  0.286082E+03  0.230392E+03  0.000000E+00  0.369637E+05  0.369637E+05  0.369637E+05 -0.169011E+00  0.364926E+05  0.303726E+05  0.343874E+03
  0.453231E-01  0.408361E+05  0.158791E+05  0.268331E+03  0.234075E+03  0.000000E+00  0.367691E+05  0.367691E+05  0.367691E+05 -0.168119E+00  0.362920E+05  0.302582E+05  0.337090E+03
  0.455860E-01  0.406064E+05  0.158674E+05  0.249888E+03  0.236721E+03  0.000000E+00  0.365749E+05  0.365749E+05  0.365749E+05 -0.167228E+00  0.360916E+05  0.301456E+05  0.330271E+03
  0.458525E-01  0.403762E+05  0.158603E+05  0.231032E+03  0.238162E+03  0.000000E+00  0.363810E+05  0.363810E+05  0.363810E+05 -0.166339E+00  0.358915E+05  0.300346E+05  0.323430E+03
  0.461227E-01  0.401455E+05  0.158580E+05  0.212050E+03  0.238250E+03  0.000000E+00  0.361875E+05  0.361875E+05  0.361875E+05 -0.165451E+00  0.356915E+05  0.299252E+05  0.316563E+03
  0.463967E-01  0.399142E+05  0.158603E+05  0.193238E+03  0.236877E+03  0.000000E+00  0.359943E+05  0.359943E+05  0.359943E+05 -0.164565E+00  0.354916E+05  0.298173E+05  0.309673E+03
  0.466745E-01  0.396824E+05  0.158674E+05  0.174898E+03  0.233970E+03  0.000000E+00  0.358015E+05  0.358015E+05  0.358015E+05 -0.163680E+00  0.352919E+05  0.297110E+05  0.302762E+03
  0.469565E-01  0.394500E+05  0.158793E+05  0.157321E+03  0.229505E+03  0.000000E+00  0.356089E+05  0.356089E+05  0.356089E+05 -0.162796E+00  0.350922E+05  0.296061E+05  0.295830E+03
  0.472427E-01  0.392170E+05  0.158958E+05  0.140795E+03  0.223502E+03  0.000000E+00  0.354165E+05  0.354165E+05  0.354165E+05 -0.161913E+00  0.348926E+05  0.295028E+05  0.288881E+03
  0.475332E-01  0.389834E+05  0.159171E+05  0.125581E+03  0.216040E+03  0.000000E+00  0.352244E+05  0.352244E+05  0.352244E+05 -0.161031E+00  0.346931E+05  0.294009E+05  0.281917E+03
  0.478282E-01  0.387490E+05  0.159430E+05  0.111921E+03  0.207249E+03  0.000000E+00  0.350325E+05  0.350325E+05  0.350325E+05 -0.160150E+00  0.344936E+05  0.293003E+05  0.274940E+03
  0.481279E-01  0.385139E+05  0.159736E+05  0.100008E+03  0.197324E+03  0.000000E+00  0.348407E+05  0.348407E+05  0.348407E+05 -0.159269E+00  0.342941E+05  0.292010E+05  0.267952E+03
  0.484325E-01  0.382781E+05  0.160088E+05  0.900119E+02  0.186495E+03  0.000000E+00  0.346490E+05  0.346490E+05  0.346490E+05 -0.158389E+00  0.340945E+05  0.291030E+05  0.260957E+03
  0.487421E-01  0.380414E+05  0.160485E+05  0.820367E+02  0.175047E+03  0.000000E+00  0.344574E+05  0.344574E+05  0.344574E+05 -0.157509E+00  0.338948E+05  0.290062E+05  0.253957E+03
  0.490569E-01  0.378039E+05  0.160927E+05  0.761271E+02  0.163300E+03  0.000000E+00  0.342658E+05  0.342658E+05  0.342658E+05 -0.156629E+00  0.336950E+05  0.289104E+05  0.246956E+03
  0.493772E-01  0.375655E+05  0.161414E+05  0.722684E+02  0.151600E+03  0.000000E+00  0.340742E+05  0.340742E+05  0.340742E+05 -0.155749E+00  0.334949E+05  0.288156E+05  0.239957E+03
  0.497030E-01  0.373262E+05  0.161944E+05  0.703744E+02  0.140310E+03  0.000000E+00  0.338825E+05  0.338825E+05  0.338825E+05 -0.154868E+00  0.332947E+05  0.287218E+05  0.232964E+03
  0.500348E-01  0.370858E+05  0.162516E+05  0.702775E+02  0.129795E+03  0.000000E+00  0.336906E+05  0.336906E+05  0.336906E+05 -0.153986E+00  0.330941E+05  0.286287E+05  0.225980E+03
  0.503726E-01  0.368444E+05  0.163129E+05  0.717481E+02  0.120406E+03  0.000000E+00  0.334985E+05  0.334985E+05  0.334985E+05 -0.153104E+00  0.328933E+05  0.285363E+05  0.219011E+03
  0.507168E-01  0.366018E+05  0.163783E+05  0.744697E+02  0.112460E+03  0.000000E+00  0.333062E+05  0.333062E+05  0.333062E+05 -0.152220E+00  0.326920E+05  0.284445E+05  0.212060E+03
  0.510676E-01  0.363581E+05  0.164474E+05  0.780632E+02  0.106226E+03  0.000000E+00  0.331134E+05  0.331134E+05  0.331134E+05 -0.151335E+00  0.324902E+05  0.283530E+05  0.205133E+03
  0.514253E-01  0.361131E+05  0.165203E+05  0.820819E+02  0.101906E+03  0.000000E+00  0.329202E+05  0.329202E+05  0.329202E+05 -0.150447E+00  0.322879E+05  0.282619E+05  0.198233E+03
  0.517901E-01  0.358669E+05  0.165966E+05  0.860343E+02  0.996174E+02  0.000000E+00  0.327265E+05  0.327265E+05  0.327265E+05 -0.149557E+00  0.320850E+05  0.281708E+05  0.191368E+03
  0.521625E-01  0.356192E+05  0.166761E+05  0.893817E+02  0.993715E+02  0.000000E+00  0.325322E+05  0.325322E+05  0.325322E+05 -0.148664E+00  0.318813E+05  0.280796E+05  0.184544E+03
  0.525427E-01  0.353700E+05  0.167586E+05  0.915757E+02  0.101074E+03  0.000000E+00  0.323371E+05  0.323371E+05  0.323371E+05 -0.147768E+00  0.316769E+05  0.279881E+05  0.177766E+03
  0.529310E-01  0.351193E+05  0.168439E+05  0.920640E+02  0.104514E+03  0.000000E+00  0.321411E+05  0.321411E+05  0.321411E+05 -0.146868E+00  0.314715E+05  0.278961E+05  0.171042E+03
  0.533279E-01  0.348670E+05  0.169314E+05  0.903495E+02  0.109357E+03  0.000000E+00  0.319441E+05  0.319441E+05  0.319441E+05 -0.145964E+00  0.312652E+05  0.278032E+05  0.164380E+03
  0.537336E-01  0.346129E+05  0.170210E+05  0.859794E+02  0.115162E+03  0.000000E+00  0.317460E+05  0.317460E+05  0.317460E+05 -0.145055E+00  0.310577E+05  0.277093E+05  0.157786E+03
  0.541488E-01  0.343569E+05  0.171122E+05  0.786038E+02  0.121397E+03  0.000000E+00  0.315467E+05  0.315467E+05  0.315467E+05 -0.144139E+00  0.308490E+05  0.276141E+05  0.151269E+03
  0.545737E-01  0.340990E+05  0.172045E+05  0.680013E+02  0.127463E+03  0.000000E+00  0.313458E+05  0.313458E+05  0.313458E+05 -0.143218E+00  0.306389E+05  0.275172E+05  0.144840E+03
  0.550089E-01  0.338389E+05  0.172974E+05  0.541234E+02  0.132731E+03  0.000000E+00  0.311433E+05  0.311433E+05  0.311433E+05 -0.142288E+00  0.304272E+05  0.274182E+05  0.138506E+03
  0.554549E-01  0.335767E+05  0.173903E+05  0.371156E+02  0.136588E+03  0.000000E+00  0.309389E+05  0.309389E+05  0.309389E+05 -0.141351E+00  0.302139E+05  0.273168E+05  0.132280E+03
  0.559122E-01  0.333121E+05  0.174827E+05  0.173668E+02  0.138481E+03  0.000000E+00  0.307325E+05  0.307325E+05  0.307325E+05 -0.140403E+00  0.299986E+05  0.272126E+05  0.126171E+03
  0.563814E-01  0.330449E+05  0.175738E+05 -0.456773E+01  0.137998E+03  0.000000E+00  0.305237E+05  0.305237E+05  0.305237E+05 -0.139446E+00  0.297813E+05  0.271050E+05  0.120192E+03
  0.568631E-01  0.327751E+05  0.176628E+05 -0.278103E+02  0.134891E+03  0.000000E+00  0.303123E+05  0.303123E+05  0.303123E+05 -0.138477E+00  0.295617E+05  0.269936E+05  0.114356E+03
  0.573580E-01  0.325024E+05  0.177489E+05 -0.512780E+02  0.129141E+03  0.000000E+00  0.300981E+05  0.300981E+05  0.300981E+05 -0.137494E+00  0.293396E+05  0.268778E+05  0.108675E+03
  0.578667E-01  0.322266E+05  0.178311E+05 -0.736803E+02  0.120991E+03  0.000000E+00  0.298806E+05  0.298806E+05  0.298806E+05 -0.136498E+00  0.291146E+05  0.267570E+05  0.103163E+03
  0.583901E-01  0.319476E+05  0.179082E+05 -0.935692E+02  0.110959E+03  0.000000E+00  0.296597E+05  0.296597E+05  0.296597E+05 -0.135485E+00  0.288867E+05  0.266305E+05  0.978374E+02
  0.589290E-01  0.316650E+05  0.179792E+05 -0.109441E+03  0.998138E+02  0.000000E+00  0.294347E+05  0.294347E+05  0.294347E+05 -0.134455E+00  0.286553E+05  0.264976E+05  0.927122E+02
  0.594842E-01  0.313787E+05  0.180428E+05 -0.119882E+03  0.885537E+02  0.000000E+00  0.292054E+05  0.292054E+05  0.292054E+05 -0.133405E+00  0.284201E+05  0.263574E+05  0.878047E+02
  0.600566E-01  0.310883E+05  0.180975E+05 -0.123370E+03  0.782239E+02  0.000000E+00  0.289713E+05  0.289713E+05  0.289713E+05 -0.132334E+00  0.281809E+05  0.262092E+05  0.831315E+02
  0.606474E-01  0.307936E+05  0.181417E+05 -0.118933E+03  0.699084E+02  0.000000E+00  0.287318E+05  0.287318E+05  0.287318E+05 -0.131239E+00  0.279372E+05  0.260519E+05  0.787129E+02
  0.612576E-01  0.304943E+05  0.181737E+05 -0.105944E+03  0.645011E+02  0.000000E+00  0.284865E+05  0.284865E+05  0.284865E+05 -0.130118E+00  0.276884E+05  0.258845E+05  0.745676E+02
  0.618883E-01  0.301900E+05  0.181916E+05 -0.843500E+02  0.625480E+02  0.000000E+00  0.282347E+05  0.282347E+05  0.282347E+05 -0.128969E+00  0.274343E+05  0.257059E+05  0.707145E+02
  0.625410E-01  0.298803E+05  0.181935E+05 -0.547752E+02  0.640987E+02  0.000000E+00  0.279758E+05  0.279758E+05  0.279758E+05 -0.127788E+00  0.271741E+05  0.255149E+05  0.671754E+02
  0.632169E-01  0.295648E+05  0.181771E+05 -0.183108E+02  0.685362E+02  0.000000E+00  0.277090E+05  0.277090E+05  0.277090E+05 -0.126573E+00  0.269073E+05  0.253102E+05  0.639690E+02
  0.639176E-01  0.292431E+05  0.181399E+05  0.223050E+02  0.748395E+02  0.000000E+00  0.274337E+05  0.274337E+05  0.274337E+05 -0.125319E+00  0.266333E+05  0.250905E+05  0.611203E+02
  0.646447E-01  0.289147E+05  0.180794E+05  0.646157E+02  0.813010E+02  0.000000E+00  0.271490E+05  0.271490E+05  0.271490E+05 -0.124023E+00  0.263514E+05  0.248542E+05  0.586460E+02
  0.654001E-01  0.285791E+05  0.179928E+05  0.105400E+03  0.860334E+02  0.000000E+00  0.268539E+05  0.268539E+05  0.268539E+05 -0.122681E+00  0.260609E+05  0.245998E+05  0.565709E+02
  0.661857E-01  0.282357E+05  0.178773E+05  0.141287E+03  0.873167E+02  0.000000E+00  0.265476E+05  0.265476E+05  0.265476E+05 -0.121287E+00  0.257610E+05  0.243257E+05  0.549117E+02
  0.670035E-01  0.278838E+05  0.177296E+05  0.168002E+03  0.842861E+02  0.000000E+00  0.262291E+05  0.262291E+05  0.262291E+05 -0.119837E+00  0.254507E+05  0.240301E+05  0.536869E+02
  0.678559E-01  0.275229E+05  0.175467E+05  0.185608E+03  0.765061E+02  0.000000E+00  0.258972E+05  0.258972E+05  0.258972E+05 -0.118326E+00  0.251293E+05  0.237114E+05  0.529112E+02
  0.687454E-01  0.271523E+05  0.173252E+05  0.191342E+03  0.654681E+02  0.000000E+00  0.255509E+05  0.255509E+05  0.255509E+05 -0.116746E+00  0.247957E+05  0.233677E+05  0.525986E+02
  0.696748E-01  0.267712E+05  0.170620E+05  0.185070E+03  0.537282E+02  0.000000E+00  0.251890E+05  0.251890E+05  0.251890E+05 -0.115094E+00  0.244490E+05  0.229974E+05  0.527535E+02
  0.706471E-01  0.263789E+05  0.167537E+05  0.167996E+03  0.444403E+02  0.000000E+00  0.248104E+05  0.248104E+05  0.248104E+05 -0.113363E+00  0.240881E+05  0.225988E+05  0.533786E+02
  0.716655E-01  0.259748E+05  0.163977E+05  0.523849E+02  0.537404E+02  0.000000E+00  0.244141E+05  0.244141E+05  0.244141E+05 -0.111544E+00  0.237118E+05  0.221702E+05  0.544677E+02
  0.727336E-01  0.255578E+05  0.159909E+05  0.497660E+02  0.513588E+02  0.000000E+00  0.239987E+05  0.239987E+05  0.239987E+05 -0.109647E+00  0.233193E+05  0.217106E+05  0.560019E+02
  0.738554E-01  0.251270E+05  0.155313E+05  0.473783E+02  0.489918E+02  0.000000E+00  0.235633E+05  0.235633E+05  0.235633E+05 -0.107658E+00  0.229095E+05  0.212191E+05  0.579540E+02
  0.750351E-01  0.246819E+05  0.150181E+05  0.452002E+02  0.465795E+02  0.000000E+00  0.231070E+05  0.231070E+05  0.231070E+05 -0.105576E+00  0.224817E+05  0.206955E+05  0.602782E+02
  0.762774E-01  0.242218E+05  0.144511E+05  0.446711E+02  0.439269E+02  0.000000E+00  0.226295E+05  0.226295E+05  0.226295E+05 -0.103395E+00  0.220352E+05  0.201399E+05  0.629161E+02
  0.775873E-01  0.237460E+05  0.138320E+05  0.422097E+02  0.414005E+02  0.000000E+00  0.221304E+05  0.221304E+05  0.221304E+05 -0.101117E+00  0.215697E+05  0.195539E+05  0.657853E+02
  0.789703E-01  0.232543E+05  0.131645E+05  0.396898E+02  0.388962E+02  0.000000E+00  0.216100E+05  0.216100E+05  0.216100E+05 -0.987411E-01  0.210849E+05  0.189397E+05  0.687845E+02
  0.804324E-01  0.227464E+05  0.124547E+05  0.365887E+02  0.364797E+02  0.000000E+00  0.210692E+05  0.210692E+05  0.210692E+05 -0.962719E-01  0.205814E+05  0.183012E+05  0.717831E+02
  0.819798E-01  0.222225E+05  0.117120E+05  0.341549E+02  0.340954E+02  0.000000E+00  0.205097E+05  0.205097E+05  0.205097E+05 -0.937168E-01  0.200601E+05  0.176440E+05  0.746250E+02
  0.836196E-01  0.216833E+05  0.109493E+05  0.317985E+02  0.317685E+02  0.000000E+00  0.199340E+05  0.199340E+05  0.199340E+05 -0.910875E-01  0.195229E+05  0.169757E+05  0.771317E+02
  0.853587E-01  0.211298E+05  0.101833E+05  0.296835E+02  0.294974E+02  0.000000E+00  0.193459E+05  0.193459E+05  0.193459E+05 -0.884007E-01  0.189722E+05  0.163058E+05  0.790975E+02
  0.872050E-01  0.205637E+05  0.943515E+04  0.274910E+02  0.273092E+02  0.000000E+00  0.187501E+05  0.187501E+05  0.187501E+05 -0.856784E-01  0.184118E+05  0.156462E+05  0.803032E+02
  0.891661E-01  0.199874E+05  0.872969E+04  0.253919E+02  0.252178E+02  0.000000E+00  0.181528E+05  0.181528E+05  0.181528E+05 -0.829481E-01  0.178463E+05  0.150105E+05  0.805270E+02
  0.912503E-01  0.194041E+05  0.809486E+04  0.233670E+02  0.232416E+02  0.000000E+00  0.175611E+05  0.175611E+05  0.175611E+05 -0.802422E-01  0.172811E+05  0.144140E+05  0.795591E+02
  0.934655E-01  0.188174E+05  0.755978E+04  0.215025E+02  0.213897E+02  0.000000E+00  0.169828E+05  0.169828E+05  0.169828E+05 -0.775968E-01  0.167228E+05  0.138719E+05  0.772327E+02
  0.958197E-01  0.182315E+05  0.715219E+04  0.197741E+02  0.196718E+02  0.000000E+00  0.164260E+05  0.164260E+05  0.164260E+05 -0.750486E-01  0.161780E+05  0.133985E+05  0.734481E+02
  0.983206E-01  0.176510E+05  0.689457E+04  0.181922E+02  0.180917E+02  0.000000E+00  0.158981E+05  0.158981E+05  0.158981E+05 -0.726313E-01  0.156531E+05  0.130046E+05  0.682060E+02
  0.100975E+00  0.170798E+05  0.679916E+04  0.167436E+02  0.166502E+02  0.000000E+00  0.154045E+05  0.154045E+05  0.154045E+05 -0.703702E-01  0.151533E+05  0.126951E+05  0.616422E+02
  0.103790E+00  0.165215E+05  0.686328E+04  0.154261E+02  0.153399E+02  0.000000E+00  0.149476E+05  0.149476E+05  0.149476E+05 -0.682765E-01  0.146817E+05  0.124665E+05  0.540429E+02
  0.106769E+00  0.159780E+05  0.706464E+04  0.142271E+02  0.141467E+02  0.000000E+00  0.145255E+05  0.145255E+05  0.145255E+05 -0.663417E-01  0.142382E+05  0.123047E+05  0.458543E+02
  0.109918E+00  0.154492E+05  0.735919E+04  0.131261E+02  0.130511E+02  0.000000E+00  0.141308E+05  0.141308E+05  0.141308E+05 -0.645337E-01  0.138186E+05  0.121841E+05  0.376531E+02
  0.113239E+00  0.149329E+05  0.768270E+04  0.121000E+02  0.120300E+02  0.000000E+00  0.137514E+05  0.137514E+05  0.137514E+05 -0.627965E-01  0.134146E+05  0.120689E+05  0.300889E+02
  0.116733E+00  0.144248E+05  0.795700E+04  0.111252E+02  0.110601E+02  0.000000E+00  0.133708E+05  0.133708E+05  0.133708E+05 -0.610555E-01  0.130143E+05  0.119173E+05  0.237932E+02
  0.120401E+00  0.139190E+05  0.810178E+04  0.101820E+02  0.101220E+02  0.000000E+00  0.129710E+05  0.129710E+05  0.129710E+05 -0.592286E-01  0.126042E+05  0.116879E+05  0.192685E+02
  0.124243E+00  0.134099E+05  0.805030E+04  0.925829E+01  0.920358E+01  0.000000E+00  0.125364E+05  0.125364E+05  0.125364E+05 -0.572436E-01  0.121718E+05  0.113486E+05  0.167773E+02
  0.128258E+00  0.128929E+05  0.776597E+04  0.835220E+01  0.830296E+01  0.000000E+00  0.120574E+05  0.120574E+05  0.120574E+05 -0.550563E-01  0.117089E+05  0.108851E+05  0.162630E+02
  0.132444E+00  0.123671E+05  0.725554E+04  0.747246E+01  0.742873E+01  0.000000E+00  0.115341E+05  0.115341E+05  0.115341E+05 -0.526678E-01  0.112145E+05  0.103078E+05  0.173349E+02
  0.136801E+00  0.118354E+05  0.657352E+04  0.663573E+01  0.659735E+01  0.000000E+00  0.109779E+05  0.109779E+05  0.109779E+05 -0.501297E-01  0.106961E+05  0.965252E+04  0.193164E+02
  0.141327E+00  0.113053E+05  0.581563E+04  0.586287E+01  0.582942E+01  0.000000E+00  0.104107E+05  0.104107E+05  0.104107E+05 -0.475413E-01  0.101695E+05  0.897588E+04  0.213857E+02
  0.146022E+00  0.107871E+05  0.509924E+04  0.517288E+01  0.514376E+01  0.000000E+00  0.986017E+04  0.986017E+04  0.986017E+04 -0.450290E-01  0.965562E+04  0.834353E+04  0.227523E+02
  0.150887E+00  0.102922E+05  0.453537E+04  0.457810E+01  0.455255E+01  0.000000E+00  0.935408E+04  0.935408E+04  0.935408E+04 -0.427191E-01  0.917604E+04  0.781432E+04  0.228514E+02
  0.155923E+00  0.982999E+04  0.419856E+04  0.408016E+01  0.405743E+01  0.000000E+00  0.891228E+04  0.891228E+04  0.891228E+04 -0.407020E-01  0.874702E+04  0.742421E+04  0.214816E+02
  0.161132E+00  0.940481E+04  0.410355E+04  0.366919E+01  0.364862E+01  0.000000E+00  0.854090E+04  0.854090E+04  0.854090E+04 -0.390057E-01  0.837474E+04  0.717466E+04  0.188585E+02
  0.166519E+00  0.901469E+04  0.419807E+04  0.332608E+01  0.330721E+01  0.000000E+00  0.822975E+04  0.822975E+04  0.822975E+04 -0.375834E-01  0.805274E+04  0.703041E+04  0.155455E+02
  0.172087E+00  0.865170E+04  0.437644E+04  0.302764E+01  0.301023E+01  0.000000E+00  0.795499E+04  0.795499E+04  0.795499E+04 -0.363271E-01  0.776382E+04  0.692924E+04  0.122800E+02
  0.177841E+00  0.830514E+04  0.451358E+04  0.275320E+01  0.273719E+01  0.000000E+00  0.768726E+04  0.768726E+04  0.768726E+04 -0.351065E-01  0.748652E+04  0.680288E+04  0.973361E+01
  0.183789E+00  0.796190E+04  0.450174E+04  0.248702E+01  0.247249E+01  0.000000E+00  0.739802E+04  0.739802E+04  0.739802E+04 -0.337858E-01  0.719698E+04  0.659330E+04  0.831690E+01
  0.189935E+00  0.761440E+04  0.429549E+04  0.222461E+01  0.221166E+01  0.000000E+00  0.707354E+04  0.707354E+04  0.707354E+04 -0.323010E-01  0.688303E+04  0.628094E+04  0.802673E+01
  0.196286E+00  0.726324E+04  0.392861E+04  0.197159E+01  0.196021E+01  0.000000E+00  0.671982E+04  0.671982E+04  0.671982E+04 -0.306828E-01  0.654857E+04  0.589151E+04  0.847600E+01
  0.202850E+00  0.691612E+04  0.349939E+04  0.173867E+01  0.172876E+01  0.000000E+00  0.635932E+04  0.635932E+04  0.635932E+04 -0.290374E-01  0.621059E+04  0.548425E+04  0.906657E+01
  0.209632E+00  0.658329E+04  0.312746E+04  0.153527E+01  0.152659E+01  0.000000E+00  0.602012E+04  0.602012E+04  0.602012E+04 -0.274910E-01  0.588998E+04  0.512459E+04  0.924493E+01
  0.216637E+00  0.627339E+04  0.290037E+04  0.136517E+01  0.135747E+01  0.000000E+00  0.572372E+04  0.572372E+04  0.572372E+04 -0.261376E-01  0.560297E+04  0.485577E+04  0.873337E+01
  0.223869E+00  0.599052E+04  0.283424E+04  0.122548E+01  0.121853E+01  0.000000E+00  0.547616E+04  0.547616E+04  0.547616E+04 -0.250056E-01  0.535559E+04  0.468129E+04  0.762668E+01
  0.231331E+00  0.573125E+04  0.286728E+04  0.110774E+01  0.110139E+01  0.000000E+00  0.526453E+04  0.526453E+04  0.526453E+04 -0.240388E-01  0.513952E+04  0.456262E+04  0.631455E+01
  0.239022E+00  0.548577E+04  0.289480E+04  0.100158E+01  0.995799E+00  0.000000E+00  0.506354E+04  0.506354E+04  0.506354E+04 -0.231209E-01  0.493539E+04  0.444016E+04  0.524624E+01
  0.246938E+00  0.524461E+04  0.283087E+04  0.900207E+00  0.894997E+00  0.000000E+00  0.485126E+04  0.485126E+04  0.485126E+04 -0.221518E-01  0.472582E+04  0.426892E+04  0.468506E+01
  0.255073E+00  0.500380E+04  0.265689E+04  0.802539E+00  0.797914E+00  0.000000E+00  0.462134E+04  0.462134E+04  0.462134E+04 -0.211026E-01  0.450498E+04  0.404328E+04  0.458320E+01
  0.263413E+00  0.476632E+04  0.242649E+04  0.711828E+00  0.707757E+00  0.000000E+00  0.438501E+04  0.438501E+04  0.438501E+04 -0.200226E-01  0.428022E+04  0.379608E+04  0.465383E+01
  0.271945E+00  0.454042E+04  0.222451E+04  0.632501E+00  0.628904E+00  0.000000E+00  0.416301E+04  0.416301E+04  0.416301E+04 -0.190082E-01  0.406771E+04  0.357522E+04  0.458553E+01
  0.280645E+00  0.433287E+04  0.210614E+04  0.566292E+00  0.563071E+00  0.000000E+00  0.397000E+04  0.397000E+04  0.397000E+04 -0.181278E-01  0.387958E+04  0.340904E+04  0.424533E+01
  0.289491E+00  0.414381E+04  0.206316E+04  0.511015E+00  0.508094E+00  0.000000E+00  0.380474E+04  0.380474E+04  0.380474E+04 -0.173733E-01  0.371505E+04  0.328875E+04  0.372868E+01
  0.298452E+00  0.396878E+04  0.204174E+04  0.462871E+00  0.460212E+00  0.000000E+00  0.365475E+04  0.365475E+04  0.365475E+04 -0.166882E-01  0.356499E+04  0.318286E+04  0.324206E+01
  0.307496E+00  0.380206E+04  0.198896E+04  0.418780E+00  0.416370E+00  0.000000E+00  0.350659E+04  0.350659E+04  0.350659E+04 -0.160115E-01  0.341893E+04  0.306287E+04  0.293202E+01
  0.316591E+00  0.364079E+04  0.189031E+04  0.377760E+00  0.375590E+00  0.000000E+00  0.335553E+04  0.335553E+04  0.335553E+04 -0.153211E-01  0.327253E+04  0.292275E+04  0.279759E+01
  0.325702E+00  0.348671E+04  0.177153E+04  0.340626E+00  0.338677E+00  0.000000E+00  0.320720E+04  0.320720E+04  0.320720E+04 -0.146440E-01  0.313003E+04  0.277870E+04  0.273131E+01
  0.334797E+00  0.334283E+04  0.166899E+04  0.308262E+00  0.306503E+00  0.000000E+00  0.307005E+04  0.307005E+04  0.307005E+04 -0.140180E-01  0.299764E+04  0.265051E+04  0.262539E+01
  0.343844E+00  0.321106E+04  0.160106E+04  0.280729E+00  0.279126E+00  0.000000E+00  0.294869E+04  0.294869E+04  0.294869E+04 -0.134641E-01  0.287908E+04  0.254692E+04  0.244603E+01
  0.352816E+00  0.309083E+04  0.156005E+04  0.257180E+00  0.255708E+00  0.000000E+00  0.284137E+04  0.284137E+04  0.284137E+04 -0.129744E-01  0.277321E+04  0.246225E+04  0.223169E+01
  0.361688E+00  0.297948E+04  0.152496E+04  0.236408E+00  0.235052E+00  0.000000E+00  0.274244E+04  0.274244E+04  0.274244E+04 -0.125221E-01  0.267543E+04  0.238386E+04  0.204117E+01
  0.370441E+00  0.287500E+04  0.148037E+04  0.217646E+00  0.216397E+00  0.000000E+00  0.264772E+04  0.264772E+04  0.264772E+04 -0.120891E-01  0.258253E+04  0.230366E+04  0.190616E+01
  0.379060E+00  0.277645E+04  0.142434E+04  0.200607E+00  0.199457E+00  0.000000E+00  0.255611E+04  0.255611E+04  0.255611E+04 -0.116709E-01  0.249354E+04  0.222116E+04  0.181943E+01
  0.387531E+00  0.268379E+04  0.136483E+04  0.185273E+00  0.184212E+00  0.000000E+00  0.246885E+04  0.246885E+04  0.246885E+04 -0.112727E-01  0.240910E+04  0.214080E+04  0.175305E+01
  0.395847E+00  0.259749E+04  0.131146E+04  0.171683E+00  0.170701E+00  0.000000E+00  0.238791E+04  0.238791E+04  0.238791E+04 -0.109036E-01  0.233067E+04  0.206763E+04  0.168251E+01
  0.404003E+00  0.251750E+04  0.126880E+04  0.159714E+00  0.158800E+00  0.000000E+00  0.231401E+04  0.231401E+04  0.231401E+04 -0.105662E-01  0.225860E+04  0.200343E+04  0.159928E+01
  0.411995E+00  0.244339E+04  0.123553E+04  0.149132E+00  0.148279E+00  0.000000E+00  0.224655E+04  0.224655E+04  0.224655E+04 -0.102577E-01  0.219239E+04  0.194685E+04  0.150906E+01
  0.419824E+00  0.237455E+04  0.120722E+04  0.139694E+00  0.138894E+00  0.000000E+00  0.218432E+04  0.218432E+04  0.218432E+04 -0.997333E-02  0.213125E+04  0.189532E+04  0.142293E+01
  0.427490E+00  0.231015E+04  0.117938E+04  0.131162E+00  0.130410E+00  0.000000E+00  0.212588E+04  0.212588E+04  0.212588E+04 -0.970659E-02  0.207399E+04  0.184621E+04  0.134916E+01
  0.434997E+00  0.224947E+04  0.114973E+04  0.123368E+00  0.122661E+00  0.000000E+00  0.207025E+04  0.207025E+04  0.207025E+04 -0.945270E-02  0.201969E+04  0.179811E+04  0.128981E+01
  0.442347E+00  0.219216E+04  0.111859E+04  0.116234E+00  0.115568E+00  0.000000E+00  0.201721E+04  0.201721E+04  0.201721E+04 -0.921069E-02  0.196809E+04  0.175117E+04  0.124167E+01
  0.449547E+00  0.213801E+04  0.108764E+04  0.109709E+00  0.109081E+00  0.000000E+00  0.196684E+04  0.196684E+04  0.196684E+04 -0.898078E-02  0.191913E+04  0.170619E+04  0.119941E+01
  0.456599E+00  0.208687E+04  0.105870E+04  0.103756E+00  0.103162E+00  0.000000E+00  0.191931E+04  0.191931E+04  0.191931E+04 -0.876358E-02  0.187287E+04  0.166395E+04  0.115853E+01
  0.463510E+00  0.203871E+04  0.103292E+04  0.983415E-01  0.977786E-01  0.000000E+00  0.187480E+04  0.187480E+04  0.187480E+04 -0.856018E-02  0.182945E+04  0.162501E+04  0.111686E+01
  0.470284E+00  0.199341E+04  0.101035E+04  0.934149E-01  0.928802E-01  0.000000E+00  0.183321E+04  0.183321E+04  0.183321E+04 -0.837031E-02  0.178883E+04  0.158926E+04  0.107453E+01
  0.476929E+00  0.195065E+04  0.990190E+03  0.889060E-01  0.883969E-01  0.000000E+00  0.179413E+04  0.179413E+04  0.179413E+04 -0.819194E-02  0.175061E+04  0.155603E+04  0.103305E+01
  0.483448E+00  0.191013E+04  0.971395E+03  0.847525E-01  0.842671E-01  0.000000E+00  0.175715E+04  0.175715E+04  0.175715E+04 -0.802310E-02  0.171443E+04  0.152462E+04  0.994143E+00
  0.489847E+00  0.187165E+04  0.953148E+03  0.809078E-01  0.804443E-01  0.000000E+00  0.172197E+04  0.172197E+04  0.172197E+04 -0.786249E-02  0.168004E+04  0.149453E+04  0.958919E+00
  0.496133E+00  0.183498E+04  0.934991E+03  0.773325E-01  0.768895E-01  0.000000E+00  0.168831E+04  0.168831E+04  0.168831E+04 -0.770887E-02  0.164718E+04  0.146543E+04  0.927582E+00
  0.502309E+00  0.179993E+04  0.916859E+03  0.739969E-01  0.735730E-01  0.000000E+00  0.165602E+04  0.165602E+04  0.165602E+04 -0.756135E-02  0.161568E+04  0.143722E+04  0.899587E+00
  0.508381E+00  0.176643E+04  0.899026E+03  0.708843E-01  0.704783E-01  0.000000E+00  0.162507E+04  0.162507E+04  0.162507E+04 -0.741994E-02  0.158551E+04  0.141003E+04  0.874006E+00
  0.514354E+00  0.173442E+04  0.881860E+03  0.679828E-01  0.675935E-01  0.000000E+00  0.159548E+04  0.159548E+04  0.159548E+04 -0.728486E-02  0.155669E+04  0.138404E+04  0.849917E+00
  0.520233E+00  0.170382E+04  0.865619E+03  0.652762E-01  0.649024E-01  0.000000E+00  0.156722E+04  0.156722E+04  0.156722E+04 -0.715592E-02  0.152916E+04  0.135932E+04  0.826652E+00
  0.526021E+00  0.167452E+04  0.850397E+03  0.627466E-01  0.623873E-01  0.000000E+00  0.154022E+04  0.154022E+04  0.154022E+04 -0.703263E-02  0.150282E+04  0.133582E+04  0.803893E+00
  0.531723E+00  0.164646E+04  0.836174E+03  0.603793E-01  0.600335E-01  0.000000E+00  0.151441E+04  0.151441E+04  0.151441E+04 -0.691473E-02  0.147762E+04  0.131348E+04  0.781625E+00
  0.537343E+00  0.161956E+04  0.822832E+03  0.581610E-01  0.578279E-01  0.000000E+00  0.148972E+04  0.148972E+04  0.148972E+04 -0.680198E-02  0.145351E+04  0.129222E+04  0.760025E+00
  0.542885E+00  0.159373E+04  0.810171E+03  0.560769E-01  0.557557E-01  0.000000E+00  0.146604E+04  0.146604E+04  0.146604E+04 -0.669391E-02  0.143038E+04  0.127187E+04  0.739329E+00
  0.548353E+00  0.156889E+04  0.797977E+03  0.541121E-01  0.538022E-01  0.000000E+00  0.144326E+04  0.144326E+04  0.144326E+04 -0.658986E-02  0.140812E+04  0.125225E+04  0.719730E+00
  0.553750E+00  0.154494E+04  0.786105E+03  0.522554E-01  0.519561E-01  0.000000E+00  0.142128E+04  0.142128E+04  0.142128E+04 -0.648946E-02  0.138665E+04  0.123328E+04  0.701323E+00
  0.559080E+00  0.152185E+04  0.774493E+03  0.504992E-01  0.502099E-01  0.000000E+00  0.140006E+04  0.140006E+04  0.140006E+04 -0.639257E-02  0.136594E+04  0.121489E+04  0.684090E+00
  0.564345E+00  0.149957E+04  0.763123E+03  0.488359E-01  0.485562E-01  0.000000E+00  0.137956E+04  0.137956E+04  0.137956E+04 -0.629900E-02  0.134594E+04  0.119708E+04  0.667918E+00
  0.569548E+00  0.147803E+04  0.752004E+03  0.472578E-01  0.469871E-01  0.000000E+00  0.135972E+04  0.135972E+04  0.135972E+04 -0.620844E-02  0.132660E+04  0.117980E+04  0.652639E+00
  0.574694E+00  0.145719E+04  0.741173E+03  0.457584E-01  0.454964E-01  0.000000E+00  0.134050E+04  0.134050E+04  0.134050E+04 -0.612069E-02  0.130786E+04  0.116304E+04  0.638075E+00
  0.579783E+00  0.143701E+04  0.730692E+03  0.443339E-01  0.440800E-01  0.000000E+00  0.132191E+04  0.132191E+04  0.132191E+04 -0.603574E-02  0.128972E+04  0.114682E+04  0.624068E+00
  0.584820E+00  0.141750E+04  0.720610E+03  0.429805E-01  0.427343E-01  0.000000E+00  0.130393E+04  0.130393E+04  0.130393E+04 -0.595364E-02  0.127218E+04  0.113118E+04  0.610507E+00
  0.589805E+00  0.139860E+04  0.710932E+03  0.416934E-01  0.414547E-01  0.000000E+00  0.128653E+04  0.128653E+04  0.128653E+04 -0.587425E-02  0.125522E+04  0.111608E+04  0.597329E+00
  0.594743E+00  0.138028E+04  0.701632E+03  0.404673E-01  0.402356E-01  0.000000E+00  0.126968E+04  0.126968E+04  0.126968E+04 -0.579731E-02  0.123877E+04  0.110148E+04  0.584521E+00
  0.599634E+00  0.136249E+04  0.692668E+03  0.392976E-01  0.390726E-01  0.000000E+00  0.125334E+04  0.125334E+04  0.125334E+04 -0.572266E-02  0.122281E+04  0.108733E+04  0.572096E+00
  0.604482E+00  0.134523E+04  0.684006E+03  0.381808E-01  0.379622E-01  0.000000E+00  0.123747E+04  0.123747E+04  0.123747E+04 -0.565020E-02  0.120732E+04  0.107362E+04  0.560084E+00
  0.609288E+00  0.132846E+04  0.675608E+03  0.371139E-01  0.369013E-01  0.000000E+00  0.122207E+04  0.122207E+04  0.122207E+04 -0.557989E-02  0.119229E+04  0.106030E+04  0.548513E+00
  0.614054E+00  0.131217E+04  0.667430E+03  0.360930E-01  0.358863E-01  0.000000E+00  0.120710E+04  0.120710E+04  0.120710E+04 -0.551155E-02  0.117768E+04  0.104735E+04  0.537397E+00
  0.618782E+00  0.129630E+04  0.659431E+03  0.351146E-01  0.349135E-01  0.000000E+00  0.119251E+04  0.119251E+04  0.119251E+04 -0.544497E-02  0.116345E+04  0.103472E+04  0.526734E+00
  0.623474E+00  0.128084E+04  0.651592E+03  0.341756E-01  0.339798E-01  0.000000E+00  0.117829E+04  0.117829E+04  0.117829E+04 -0.538002E-02  0.114957E+04  0.102239E+04  0.516503E+00
  0.628132E+00  0.126577E+04  0.643914E+03  0.332743E-01  0.330838E-01  0.000000E+00  0.116443E+04  0.116443E+04  0.116443E+04 -0.531670E-02  0.113604E+04  0.101035E+04  0.506672E+00
  0.632757E+00  0.125109E+04  0.636407E+03  0.324092E-01  0.322236E-01  0.000000E+00  0.115092E+04  0.115092E+04  0.115092E+04 -0.525501E-02  0.112286E+04  0.998608E+03  0.497202E+00
  0.637351E+00  0.123678E+04  0.629076E+03  0.315781E-01  0.313973E-01  0.000000E+00  0.113775E+04  0.113775E+04  0.113775E+04 -0.519488E-02  0.111001E+04  0.987162E+03  0.488051E+00
  0.641915E+00  0.122281E+04  0.621916E+03  0.307788E-01  0.306025E-01  0.000000E+00  0.112489E+04  0.112489E+04  0.112489E+04 -0.513617E-02  0.109747E+04  0.975987E+03  0.479182E+00
  0.646451E+00  0.120916E+04  0.614927E+03  0.300092E-01  0.298374E-01  0.000000E+00  0.111232E+04  0.111232E+04  0.111232E+04 -0.507880E-02  0.108521E+04  0.965070E+03  0.470564E+00
  0.650961E+00  0.119583E+04  0.608117E+03  0.292683E-01  0.291007E-01  0.000000E+00  0.110005E+04  0.110005E+04  0.110005E+04 -0.502275E-02  0.107323E+04  0.954413E+03  0.462176E+00
  0.655445E+00  0.118281E+04  0.601488E+03  0.285548E-01  0.283913E-01  0.000000E+00  0.108808E+04  0.108808E+04  0.108808E+04 -0.496805E-02  0.106154E+04  0.944021E+03  0.454005E+00
  0.659905E+00  0.117009E+04  0.595033E+03  0.278675E-01  0.277080E-01  0.000000E+00  0.107638E+04  0.107638E+04  0.107638E+04 -0.491465E-02  0.105013E+04  0.933882E+03  0.446045E+00
  0.664343E+00  0.115764E+04  0.588734E+03  0.272046E-01  0.270488E-01  0.000000E+00  0.106493E+04  0.106493E+04  0.106493E+04 -0.486243E-02  0.103897E+04  0.923972E+03  0.438295E+00
  0.668758E+00  0.114546E+04  0.582573E+03  0.265643E-01  0.264122E-01  0.000000E+00  0.105373E+04  0.105373E+04  0.105373E+04 -0.481129E-02  0.102804E+04  0.914268E+03  0.430754E+00
  0.673154E+00  0.113354E+04  0.576539E+03  0.259456E-01  0.257971E-01  0.000000E+00  0.104277E+04  0.104277E+04  0.104277E+04 -0.476119E-02  0.101733E+04  0.904762E+03  0.423424E+00
  0.677530E+00  0.112186E+04  0.570627E+03  0.253478E-01  0.252027E-01  0.000000E+00  0.103203E+04  0.103203E+04  0.103203E+04 -0.471213E-02  0.100685E+04  0.895452E+03  0.416303E+00
  0.681888E+00  0.111042E+04  0.564832E+03  0.247700E-01  0.246282E-01  0.000000E+00  0.102151E+04  0.102151E+04  0.102151E+04 -0.466411E-02  0.996582E+03  0.886334E+03  0.409387E+00
  0.686229E+00  0.109920E+04  0.559144E+03  0.242110E-01  0.240723E-01  0.000000E+00  0.101119E+04  0.101119E+04  0.101119E+04 -0.461705E-02  0.986524E+03  0.877395E+03  0.402669E+00
  0.690553E+00  0.108821E+04  0.553552E+03  0.236696E-01  0.235340E-01  0.000000E+00  0.100108E+04  0.100108E+04  0.100108E+04 -0.457087E-02  0.976654E+03  0.868618E+03  0.396139E+00
  0.694863E+00  0.107741E+04  0.548053E+03  0.231449E-01  0.230124E-01  0.000000E+00  0.991148E+03  0.991148E+03  0.991148E+03 -0.452551E-02  0.966962E+03  0.859996E+03  0.389786E+00
  0.699158E+00  0.106682E+04  0.542652E+03  0.226365E-01  0.225069E-01  0.000000E+00  0.981401E+03  0.981401E+03  0.981401E+03 -0.448099E-02  0.957450E+03  0.851531E+03  0.383596E+00
  0.703440E+00  0.105643E+04  0.537352E+03  0.221439E-01  0.220171E-01  0.000000E+00  0.971838E+03  0.971838E+03  0.971838E+03 -0.443732E-02  0.948119E+03  0.843229E+03  0.377560E+00
  0.707710E+00  0.104623E+04  0.532154E+03  0.216664E-01  0.215423E-01  0.000000E+00  0.962453E+03  0.962453E+03  0.962453E+03 -0.439449E-02  0.938966E+03  0.835086E+03  0.371667E+00
  0.711968E+00  0.103621E+04  0.527051E+03  0.212031E-01  0.210817E-01  0.000000E+00  0.953236E+03  0.953236E+03  0.953236E+03 -0.435242E-02  0.929975E+03  0.827089E+03  0.365909E+00
  0.716215E+00  0.102636E+04  0.522038E+03  0.207532E-01  0.206344E-01  0.000000E+00  0.944176E+03  0.944176E+03  0.944176E+03 -0.431105E-02  0.921135E+03  0.819228E+03  0.360278E+00
  0.720453E+00  0.101668E+04  0.517113E+03  0.203163E-01  0.201999E-01  0.000000E+00  0.935269E+03  0.935269E+03  0.935269E+03 -0.427036E-02  0.912441E+03  0.811498E+03  0.354771E+00
  0.724681E+00  0.100716E+04  0.512276E+03  0.198919E-01  0.197780E-01  0.000000E+00  0.926514E+03  0.926514E+03  0.926514E+03 -0.423038E-02  0.903897E+03  0.803903E+03  0.349384E+00
  0.728901E+00  0.997808E+03  0.507528E+03  0.194798E-01  0.193682E-01  0.000000E+00  0.917910E+03  0.917910E+03  0.917910E+03 -0.419110E-02  0.895502E+03  0.796444E+03  0.344114E+00
  0.733114E+00  0.988608E+03  0.502861E+03  0.190792E-01  0.189700E-01  0.000000E+00  0.909450E+03  0.909450E+03  0.909450E+03 -0.415248E-02  0.887250E+03  0.789111E+03  0.338959E+00
  0.737319E+00  0.979555E+03  0.498268E+03  0.186896E-01  0.185826E-01  0.000000E+00  0.901123E+03  0.901123E+03  0.901123E+03 -0.411447E-02  0.879126E+03  0.781892E+03  0.333918E+00
  0.741519E+00  0.970641E+03  0.493742E+03  0.183104E-01  0.182056E-01  0.000000E+00  0.892924E+03  0.892924E+03  0.892924E+03 -0.407703E-02  0.871124E+03  0.774780E+03  0.328989E+00
  0.745713E+00  0.961863E+03  0.489282E+03  0.179413E-01  0.178385E-01  0.000000E+00  0.884850E+03  0.884850E+03  0.884850E+03 -0.404014E-02  0.863243E+03  0.767774E+03  0.324167E+00
  0.749902E+00  0.953222E+03  0.484890E+03  0.175820E-01  0.174813E-01  0.000000E+00  0.876901E+03  0.876901E+03  0.876901E+03 -0.400384E-02  0.855486E+03  0.760878E+03  0.319450E+00
  0.754087E+00  0.944712E+03  0.480564E+03  0.172323E-01  0.171336E-01  0.000000E+00  0.869073E+03  0.869073E+03  0.869073E+03 -0.396811E-02  0.847850E+03  0.754089E+03  0.314833E+00
  0.758269E+00  0.936331E+03  0.476303E+03  0.168917E-01  0.167949E-01  0.000000E+00  0.861363E+03  0.861363E+03  0.861363E+03 -0.393292E-02  0.840330E+03  0.747402E+03  0.310314E+00
  0.762448E+00  0.928072E+03  0.472100E+03  0.165597E-01  0.164649E-01  0.000000E+00  0.853765E+03  0.853765E+03  0.853765E+03 -0.389824E-02  0.832918E+03  0.740810E+03  0.305889E+00
  0.766624E+00  0.919924E+03  0.467952E+03  0.162359E-01  0.161430E-01  0.000000E+00  0.846270E+03  0.846270E+03  0.846270E+03 -0.386400E-02  0.825603E+03  0.734304E+03  0.301551E+00
  0.770799E+00  0.911891E+03  0.463862E+03  0.159202E-01  0.158291E-01  0.000000E+00  0.838879E+03  0.838879E+03  0.838879E+03 -0.383024E-02  0.818390E+03  0.727888E+03  0.297298E+00
  0.774972E+00  0.903973E+03  0.459833E+03  0.156125E-01  0.155231E-01  0.000000E+00  0.831595E+03  0.831595E+03  0.831595E+03 -0.379698E-02  0.811282E+03  0.721567E+03  0.293127E+00
  0.779145E+00  0.896163E+03  0.455860E+03  0.153123E-01  0.152246E-01  0.000000E+00  0.824410E+03  0.824410E+03  0.824410E+03 -0.376418E-02  0.804273E+03  0.715336E+03  0.289032E+00
  0.783319E+00  0.888466E+03  0.451948E+03  0.150196E-01  0.149336E-01  0.000000E+00  0.817329E+03  0.817329E+03  0.817329E+03 -0.373187E-02  0.797367E+03  0.709195E+03  0.285016E+00
  0.787492E+00  0.880863E+03  0.448083E+03  0.147337E-01  0.146493E-01  0.000000E+00  0.810336E+03  0.810336E+03  0.810336E+03 -0.369994E-02  0.790544E+03  0.703129E+03  0.281072E+00
  0.791667E+00  0.873360E+03  0.444268E+03  0.144545E-01  0.143717E-01  0.000000E+00  0.803434E+03  0.803434E+03  0.803434E+03 -0.366841E-02  0.783807E+03  0.697139E+03  0.277200E+00
  0.795843E+00  0.865955E+03  0.440503E+03  0.141819E-01  0.141007E-01  0.000000E+00  0.796622E+03  0.796622E+03  0.796622E+03 -0.363729E-02  0.777158E+03  0.691228E+03  0.273399E+00
  0.800021E+00  0.858647E+03  0.436791E+03  0.139158E-01  0.138361E-01  0.000000E+00  0.789900E+03  0.789900E+03  0.789900E+03 -0.360660E-02  0.770600E+03  0.685398E+03  0.269666E+00
  0.804202E+00  0.851434E+03  0.433127E+03  0.136559E-01  0.135777E-01  0.000000E+00  0.783266E+03  0.783266E+03  0.783266E+03 -0.357633E-02  0.764129E+03  0.679646E+03  0.266001E+00
  0.808386E+00  0.844310E+03  0.429508E+03  0.134019E-01  0.133252E-01  0.000000E+00  0.776713E+03  0.776713E+03  0.776713E+03 -0.354641E-02  0.757737E+03  0.673963E+03  0.262402E+00
  0.812574E+00  0.837270E+03  0.425929E+03  0.131536E-01  0.130783E-01  0.000000E+00  0.770237E+03  0.770237E+03  0.770237E+03 -0.351684E-02  0.751418E+03  0.668345E+03  0.258867E+00
  0.816765E+00  0.830314E+03  0.422390E+03  0.129107E-01  0.128368E-01  0.000000E+00  0.763838E+03  0.763838E+03  0.763838E+03 -0.348761E-02  0.745172E+03  0.662791E+03  0.255394E+00
  0.820961E+00  0.823443E+03  0.418895E+03  0.126733E-01  0.126008E-01  0.000000E+00  0.757516E+03  0.757516E+03  0.757516E+03 -0.345874E-02  0.739003E+03  0.657305E+03  0.251981E+00
  0.825162E+00  0.816655E+03  0.415443E+03  0.124413E-01  0.123700E-01  0.000000E+00  0.751272E+03  0.751272E+03  0.751272E+03 -0.343024E-02  0.732912E+03  0.651888E+03  0.248628E+00
  0.829368E+00  0.809947E+03  0.412033E+03  0.122143E-01  0.121444E-01  0.000000E+00  0.745102E+03  0.745102E+03  0.745102E+03 -0.340207E-02  0.726894E+03  0.646537E+03  0.245330E+00
  0.833580E+00  0.803316E+03  0.408660E+03  0.119923E-01  0.119236E-01  0.000000E+00  0.739001E+03  0.739001E+03  0.739001E+03 -0.337423E-02  0.720943E+03  0.641245E+03  0.242088E+00
  0.837798E+00  0.796760E+03  0.405325E+03  0.117749E-01  0.117075E-01  0.000000E+00  0.732970E+03  0.732970E+03  0.732970E+03 -0.334668E-02  0.715057E+03  0.636012E+03  0.238901E+00
  0.842022E+00  0.790272E+03  0.402024E+03  0.115621E-01  0.114959E-01  0.000000E+00  0.727002E+03  0.727002E+03  0.727002E+03 -0.331942E-02  0.709232E+03  0.630831E+03  0.235763E+00
  0.846254E+00  0.783858E+03  0.398762E+03  0.113539E-01  0.112889E-01  0.000000E+00  0.721102E+03  0.721102E+03  0.721102E+03 -0.329248E-02  0.703475E+03  0.625711E+03  0.232676E+00
  0.850493E+00  0.777522E+03  0.395541E+03  0.111502E-01  0.110863E-01  0.000000E+00  0.715273E+03  0.715273E+03  0.715273E+03 -0.326587E-02  0.697789E+03  0.620656E+03  0.229639E+00
  0.854739E+00  0.771249E+03  0.392353E+03  0.109507E-01  0.108880E-01  0.000000E+00  0.709503E+03  0.709503E+03  0.709503E+03 -0.323953E-02  0.692161E+03  0.615652E+03  0.226649E+00
  0.858994E+00  0.765045E+03  0.389199E+03  0.107553E-01  0.106937E-01  0.000000E+00  0.703796E+03  0.703796E+03  0.703796E+03 -0.321348E-02  0.686593E+03  0.610702E+03  0.223707E+00
  0.863258E+00  0.758904E+03  0.386076E+03  0.105638E-01  0.105033E-01  0.000000E+00  0.698147E+03  0.698147E+03  0.698147E+03 -0.318767E-02  0.681079E+03  0.605799E+03  0.220811E+00
  0.867530E+00  0.752828E+03  0.382986E+03  0.103763E-01  0.103168E-01  0.000000E+00  0.692558E+03  0.692558E+03  0.692558E+03 -0.316215E-02  0.675625E+03  0.600948E+03  0.217960E+00
  0.871811E+00  0.746818E+03  0.379931E+03  0.101926E-01  0.101342E-01  0.000000E+00  0.687029E+03  0.687029E+03  0.687029E+03 -0.313690E-02  0.670231E+03  0.596152E+03  0.215153E+00
  0.876103E+00  0.740872E+03  0.376909E+03  0.100127E-01  0.995536E-02  0.000000E+00  0.681560E+03  0.681560E+03  0.681560E+03 -0.311194E-02  0.664896E+03  0.591409E+03  0.212389E+00
  0.880404E+00  0.734986E+03  0.373917E+03  0.983640E-02  0.978007E-02  0.000000E+00  0.676145E+03  0.676145E+03  0.676145E+03 -0.308723E-02  0.659615E+03  0.586713E+03  0.209668E+00
  0.884715E+00  0.729156E+03  0.370952E+03  0.966349E-02  0.960816E-02  0.000000E+00  0.670782E+03  0.670782E+03  0.670782E+03 -0.306273E-02  0.654381E+03  0.582059E+03  0.206988E+00
  0.889037E+00  0.723386E+03  0.368016E+03  0.949401E-02  0.943964E-02  0.000000E+00  0.665474E+03  0.665474E+03  0.665474E+03 -0.303849E-02  0.649201E+03  0.577452E+03  0.204348E+00
  0.893370E+00  0.717672E+03  0.365110E+03  0.932786E-02  0.927445E-02  0.000000E+00  0.660217E+03  0.660217E+03  0.660217E+03 -0.301448E-02  0.644071E+03  0.572890E+03  0.201748E+00
  0.897715E+00  0.712016E+03  0.362234E+03  0.916504E-02  0.911255E-02  0.000000E+00  0.655014E+03  0.655014E+03  0.655014E+03 -0.299073E-02  0.638996E+03  0.568378E+03  0.199185E+00
  0.902071E+00  0.706416E+03  0.359387E+03  0.900542E-02  0.895385E-02  0.000000E+00  0.649864E+03  0.649864E+03  0.649864E+03 -0.296722E-02  0.633972E+03  0.563911E+03  0.196661E+00
  0.906439E+00  0.700869E+03  0.356567E+03  0.884883E-02  0.879815E-02  0.000000E+00  0.644760E+03  0.644760E+03  0.644760E+03 -0.294392E-02  0.628994E+03  0.559484E+03  0.194172E+00
  0.910819E+00  0.695372E+03  0.353770E+03  0.869516E-02  0.864537E-02  0.000000E+00  0.639703E+03  0.639703E+03  0.639703E+03 -0.292083E-02  0.624058E+03  0.555095E+03  0.191720E+00
  0.915212E+00  0.689923E+03  0.350998E+03  0.854440E-02  0.849547E-02  0.000000E+00  0.634691E+03  0.634691E+03  0.634691E+03 -0.289793E-02  0.619167E+03  0.550744E+03  0.189302E+00
  0.919618E+00  0.684531E+03  0.348256E+03  0.839660E-02  0.834852E-02  0.000000E+00  0.629731E+03  0.629731E+03  0.629731E+03 -0.287528E-02  0.614327E+03  0.546441E+03  0.186919E+00
  0.924037E+00  0.679191E+03  0.345542E+03  0.825167E-02  0.820441E-02  0.000000E+00  0.624819E+03  0.624819E+03  0.624819E+03 -0.285286E-02  0.609537E+03  0.542181E+03  0.184570E+00
  0.928469E+00  0.673899E+03  0.342851E+03  0.810942E-02  0.806298E-02  0.000000E+00  0.619950E+03  0.619950E+03  0.619950E+03 -0.283064E-02  0.604787E+03  0.537958E+03  0.182253E+00
  0.932916E+00  0.668654E+03  0.340184E+03  0.796979E-02  0.792415E-02  0.000000E+00  0.615125E+03  0.615125E+03  0.615125E+03 -0.280861E-02  0.600079E+03  0.533771E+03  0.179970E+00
  0.937376E+00  0.663456E+03  0.337540E+03  0.783275E-02  0.778789E-02  0.000000E+00  0.610344E+03  0.610344E+03  0.610344E+03 -0.278677E-02  0.595413E+03  0.529621E+03  0.177718E+00
  0.941850E+00  0.658305E+03  0.334920E+03  0.769827E-02  0.765419E-02  0.000000E+00  0.605606E+03  0.605606E+03  0.605606E+03 -0.276513E-02  0.590789E+03  0.525510E+03  0.175498E+00
  0.946340E+00  0.653203E+03  0.332326E+03  0.756634E-02  0.752301E-02  0.000000E+00  0.600912E+03  0.600912E+03  0.600912E+03 -0.274370E-02  0.586211E+03  0.521439E+03  0.173308E+00
  0.950844E+00  0.648150E+03  0.329757E+03  0.743690E-02  0.739432E-02  0.000000E+00  0.596264E+03  0.596264E+03  0.596264E+03 -0.272249E-02  0.581678E+03  0.517408E+03  0.171150E+00
  0.955363E+00  0.643134E+03  0.327206E+03  0.730972E-02  0.726786E-02  0.000000E+00  0.591650E+03  0.591650E+03  0.591650E+03 -0.270142E-02  0.577176E+03  0.513405E+03  0.169019E+00
  0.959898E+00  0.638162E+03  0.324677E+03  0.718482E-02  0.714368E-02  0.000000E+00  0.587076E+03  0.587076E+03  0.587076E+03 -0.268053E-02  0.572712E+03  0.509435E+03  0.166918E+00
  0.964448E+00  0.633234E+03  0.322169E+03  0.706221E-02  0.702177E-02  0.000000E+00  0.582542E+03  0.582542E+03  0.582542E+03 -0.265982E-02  0.568288E+03  0.505500E+03  0.164845E+00
  0.969014E+00  0.628350E+03  0.319686E+03  0.694188E-02  0.690213E-02  0.000000E+00  0.578049E+03  0.578049E+03  0.578049E+03 -0.263931E-02  0.563905E+03  0.501602E+03  0.162800E+00
  0.973597E+00  0.623510E+03  0.317225E+03  0.682376E-02  0.678468E-02  0.000000E+00  0.573597E+03  0.573597E+03  0.573597E+03 -0.261899E-02  0.559562E+03  0.497741E+03  0.160782E+00
  0.978196E+00  0.618708E+03  0.314784E+03  0.670772E-02  0.666931E-02  0.000000E+00  0.569180E+03  0.569180E+03  0.569180E+03 -0.259883E-02  0.555254E+03  0.493909E+03  0.158791E+00
  0.982811E+00  0.613946E+03  0.312361E+03  0.659371E-02  0.655595E-02  0.000000E+00  0.564799E+03  0.564799E+03  0.564799E+03 -0.257882E-02  0.550978E+03  0.490107E+03  0.156827E+00
  0.987444E+00  0.609220E+03  0.309956E+03  0.648168E-02  0.644457E-02  0.000000E+00  0.560451E+03  0.560451E+03  0.560451E+03 -0.255896E-02  0.546735E+03  0.486333E+03  0.154887E+00
  0.992093E+00  0.604539E+03  0.307575E+03  0.637175E-02  0.633526E-02  0.000000E+00  0.556145E+03  0.556145E+03  0.556145E+03 -0.253929E-02  0.542534E+03  0.482597E+03  0.152974E+00
  0.996760E+00  0.599899E+03  0.305216E+03  0.626381E-02  0.622794E-02  0.000000E+00  0.551876E+03  0.551876E+03  0.551876E+03 -0.251981E-02  0.538371E+03  0.478895E+03  0.151086E+00
  0.100144E+01  0.595298E+03  0.302877E+03  0.615778E-02  0.612252E-02  0.000000E+00  0.547644E+03  0.547644E+03  0.547644E+03 -0.250049E-02  0.534242E+03  0.475224E+03  0.149223E+00
  0.100615E+01  0.590731E+03  0.300554E+03  0.605355E-02  0.601889E-02  0.000000E+00  0.543443E+03  0.543443E+03  0.543443E+03 -0.248131E-02  0.530143E+03  0.471578E+03  0.147384E+00
  0.101087E+01  0.586201E+03  0.298249E+03  0.595115E-02  0.591707E-02  0.000000E+00  0.539276E+03  0.539276E+03  0.539276E+03 -0.246227E-02  0.526076E+03  0.467961E+03  0.145569E+00
  0.101561E+01  0.581710E+03  0.295965E+03  0.585058E-02  0.581708E-02  0.000000E+00  0.535144E+03  0.535144E+03  0.535144E+03 -0.244341E-02  0.522045E+03  0.464377E+03  0.143778E+00
  0.102036E+01  0.577257E+03  0.293701E+03  0.575182E-02  0.571889E-02  0.000000E+00  0.531048E+03  0.531048E+03  0.531048E+03 -0.242471E-02  0.518050E+03  0.460824E+03  0.142009E+00
  0.102514E+01  0.572840E+03  0.291455E+03  0.565477E-02  0.562239E-02  0.000000E+00  0.526984E+03  0.526984E+03  0.526984E+03 -0.240616E-02  0.514086E+03  0.457299E+03  0.140263E+00
  0.102994E+01  0.568456E+03  0.289224E+03  0.555936E-02  0.552752E-02  0.000000E+00  0.522951E+03  0.522951E+03  0.522951E+03 -0.238774E-02  0.510151E+03  0.453799E+03  0.138540E+00
  0.103475E+01  0.564106E+03  0.287011E+03  0.546559E-02  0.543429E-02  0.000000E+00  0.518950E+03  0.518950E+03  0.518950E+03 -0.236947E-02  0.506246E+03  0.450326E+03  0.136838E+00
  0.103958E+01  0.559794E+03  0.284819E+03  0.537351E-02  0.534274E-02  0.000000E+00  0.514984E+03  0.514984E+03  0.514984E+03 -0.235136E-02  0.502376E+03  0.446885E+03  0.135159E+00
  0.104444E+01  0.555516E+03  0.282643E+03  0.528304E-02  0.525278E-02  0.000000E+00  0.511048E+03  0.511048E+03  0.511048E+03 -0.233340E-02  0.498538E+03  0.443471E+03  0.133500E+00
  0.104931E+01  0.551273E+03  0.280486E+03  0.519412E-02  0.516438E-02  0.000000E+00  0.507144E+03  0.507144E+03  0.507144E+03 -0.231557E-02  0.494730E+03  0.440085E+03  0.131863E+00
  0.105420E+01  0.547057E+03  0.278341E+03  0.510666E-02  0.507742E-02  0.000000E+00  0.503266E+03  0.503266E+03  0.503266E+03 -0.229786E-02  0.490945E+03  0.436719E+03  0.130245E+00
  0.105911E+01  0.542881E+03  0.276216E+03  0.502075E-02  0.499200E-02  0.000000E+00  0.499424E+03  0.499424E+03  0.499424E+03 -0.228031E-02  0.487196E+03  0.433384E+03  0.128650E+00
  0.106405E+01  0.538737E+03  0.274109E+03  0.493636E-02  0.490809E-02  0.000000E+00  0.495613E+03  0.495613E+03  0.495613E+03 -0.226291E-02  0.483478E+03  0.430078E+03  0.127074E+00
  0.106900E+01  0.534625E+03  0.272018E+03  0.485341E-02  0.482562E-02  0.000000E+00  0.491830E+03  0.491830E+03  0.491830E+03 -0.224565E-02  0.479788E+03  0.426797E+03  0.125517E+00
  0.107398E+01  0.530544E+03  0.269943E+03  0.477186E-02  0.474454E-02  0.000000E+00  0.488076E+03  0.488076E+03  0.488076E+03 -0.222851E-02  0.476126E+03  0.423540E+03  0.123980E+00
  0.107897E+01  0.526495E+03  0.267883E+03  0.469169E-02  0.466482E-02  0.000000E+00  0.484351E+03  0.484351E+03  0.484351E+03 -0.221150E-02  0.472491E+03  0.420307E+03  0.122463E+00
  0.108399E+01  0.522478E+03  0.265839E+03  0.461289E-02  0.458647E-02  0.000000E+00  0.480655E+03  0.480655E+03  0.480655E+03 -0.219462E-02  0.468885E+03  0.417099E+03  0.120965E+00
  0.108903E+01  0.518493E+03  0.263813E+03  0.453547E-02  0.450949E-02  0.000000E+00  0.476990E+03  0.476990E+03  0.476990E+03 -0.217788E-02  0.465309E+03  0.413919E+03  0.119485E+00
  0.109409E+01  0.514540E+03  0.261803E+03  0.445938E-02  0.443384E-02  0.000000E+00  0.473353E+03  0.473353E+03  0.473353E+03 -0.216128E-02  0.461762E+03  0.410765E+03  0.118023E+00
  0.109917E+01  0.510615E+03  0.259806E+03  0.438455E-02  0.435944E-02  0.000000E+00  0.469742E+03  0.469742E+03  0.469742E+03 -0.214480E-02  0.458239E+03  0.407632E+03  0.116580E+00
  0.110427E+01  0.506720E+03  0.257824E+03  0.431098E-02  0.428629E-02  0.000000E+00  0.466159E+03  0.466159E+03  0.466159E+03 -0.212843E-02  0.454742E+03  0.404522E+03  0.115154E+00
  0.110940E+01  0.502855E+03  0.255859E+03  0.423866E-02  0.421439E-02  0.000000E+00  0.462604E+03  0.462604E+03  0.462604E+03 -0.211220E-02  0.451274E+03  0.401437E+03  0.113747E+00
  0.111454E+01  0.499022E+03  0.253909E+03  0.416761E-02  0.414374E-02  0.000000E+00  0.459078E+03  0.459078E+03  0.459078E+03 -0.209610E-02  0.447834E+03  0.398378E+03  0.112357E+00
  0.111971E+01  0.495218E+03  0.251975E+03  0.409776E-02  0.407430E-02  0.000000E+00  0.455578E+03  0.455578E+03  0.455578E+03 -0.208013E-02  0.444421E+03  0.395343E+03  0.110983E+00
  0.112490E+01  0.491442E+03  0.250054E+03  0.402906E-02  0.400599E-02  0.000000E+00  0.452104E+03  0.452104E+03  0.452104E+03 -0.206426E-02  0.441031E+03  0.392328E+03  0.109627E+00
  0.113012E+01  0.487696E+03  0.248148E+03  0.396153E-02  0.393885E-02  0.000000E+00  0.448658E+03  0.448658E+03  0.448658E+03 -0.204852E-02  0.437669E+03  0.389337E+03  0.108288E+00
  0.113536E+01  0.483977E+03  0.246257E+03  0.389515E-02  0.387284E-02  0.000000E+00  0.445238E+03  0.445238E+03  0.445238E+03 -0.203290E-02  0.434331E+03  0.386369E+03  0.106966E+00
  0.114062E+01  0.480288E+03  0.244381E+03  0.382991E-02  0.380798E-02  0.000000E+00  0.441844E+03  0.441844E+03  0.441844E+03 -0.201742E-02  0.431022E+03  0.383426E+03  0.105659E+00
  0.114590E+01  0.476626E+03  0.242519E+03  0.376575E-02  0.374419E-02  0.000000E+00  0.438476E+03  0.438476E+03  0.438476E+03 -0.200204E-02  0.427736E+03  0.380504E+03  0.104368E+00
  0.115121E+01  0.472991E+03  0.240669E+03  0.370264E-02  0.368144E-02  0.000000E+00  0.435131E+03  0.435131E+03  0.435131E+03 -0.198676E-02  0.424472E+03  0.377600E+03  0.103093E+00
  0.115654E+01  0.469382E+03  0.238833E+03  0.364060E-02  0.361975E-02  0.000000E+00  0.431811E+03  0.431811E+03  0.431811E+03 -0.197160E-02  0.421232E+03  0.374719E+03  0.101834E+00
  0.116189E+01  0.465802E+03  0.237012E+03  0.357963E-02  0.355913E-02  0.000000E+00  0.428518E+03  0.428518E+03  0.428518E+03 -0.195656E-02  0.418020E+03  0.371862E+03  0.100590E+00
  0.116727E+01  0.462250E+03  0.235206E+03  0.351969E-02  0.349954E-02  0.000000E+00  0.425250E+03  0.425250E+03  0.425250E+03 -0.194165E-02  0.414833E+03  0.369028E+03  0.993615E-01
  0.117267E+01  0.458723E+03  0.233412E+03  0.346073E-02  0.344092E-02  0.000000E+00  0.422006E+03  0.422006E+03  0.422006E+03 -0.192684E-02  0.411668E+03  0.366213E+03  0.981480E-01
  0.117810E+01  0.455224E+03  0.231632E+03  0.340276E-02  0.338328E-02  0.000000E+00  0.418786E+03  0.418786E+03  0.418786E+03 -0.191213E-02  0.408526E+03  0.363418E+03  0.969495E-01
  0.118355E+01  0.451750E+03  0.229865E+03  0.334578E-02  0.332662E-02  0.000000E+00  0.415591E+03  0.415591E+03  0.415591E+03 -0.189754E-02  0.405409E+03  0.360646E+03  0.957654E-01
  0.118902E+01  0.448304E+03  0.228112E+03  0.328976E-02  0.327092E-02  0.000000E+00  0.412421E+03  0.412421E+03  0.412421E+03 -0.188307E-02  0.402316E+03  0.357896E+03  0.945956E-01
  0.119452E+01  0.444882E+03  0.226372E+03  0.323467E-02  0.321615E-02  0.000000E+00  0.409273E+03  0.409273E+03  0.409273E+03 -0.186870E-02  0.399246E+03  0.355165E+03  0.934401E-01
  0.120005E+01  0.441486E+03  0.224644E+03  0.318049E-02  0.316228E-02  0.000000E+00  0.406149E+03  0.406149E+03  0.406149E+03 -0.185443E-02  0.396197E+03  0.352453E+03  0.922990E-01
  0.120559E+01  0.438116E+03  0.222929E+03  0.312722E-02  0.310931E-02  0.000000E+00  0.403048E+03  0.403048E+03  0.403048E+03 -0.184027E-02  0.393172E+03  0.349762E+03  0.911716E-01
  0.121117E+01  0.434771E+03  0.221228E+03  0.307486E-02  0.305726E-02  0.000000E+00  0.399971E+03  0.399971E+03  0.399971E+03 -0.182623E-02  0.390171E+03  0.347093E+03  0.900578E-01
  0.121677E+01  0.431451E+03  0.219540E+03  0.302338E-02  0.300607E-02  0.000000E+00  0.396917E+03  0.396917E+03  0.396917E+03 -0.181229E-02  0.387192E+03  0.344444E+03  0.889575E-01
  0.122239E+01  0.428153E+03  0.217862E+03  0.297272E-02  0.295570E-02  0.000000E+00  0.393884E+03  0.393884E+03  0.393884E+03 -0.179843E-02  0.384231E+03  0.341811E+03  0.878704E-01
  0.122804E+01  0.424882E+03  0.216197E+03  0.292292E-02  0.290618E-02  0.000000E+00  0.390874E+03  0.390874E+03  0.390874E+03 -0.178468E-02  0.381294E+03  0.339199E+03  0.867968E-01
  0.123372E+01  0.421635E+03  0.214545E+03  0.287397E-02  0.285751E-02  0.000000E+00  0.387887E+03  0.387887E+03  0.387887E+03 -0.177105E-02  0.378381E+03  0.336608E+03  0.857360E-01
  0.123942E+01  0.418415E+03  0.212908E+03  0.282586E-02  0.280968E-02  0.000000E+00  0.384925E+03  0.384925E+03  0.384925E+03 -0.175753E-02  0.375492E+03  0.334038E+03  0.846886E-01
  0.124515E+01  0.415216E+03  0.211281E+03  0.277852E-02  0.276261E-02  0.000000E+00  0.381982E+03  0.381982E+03  0.381982E+03 -0.174409E-02  0.372621E+03  0.331484E+03  0.836536E-01
  0.125090E+01  0.412041E+03  0.209665E+03  0.273196E-02  0.271631E-02  0.000000E+00  0.379061E+03  0.379061E+03  0.379061E+03 -0.173075E-02  0.369770E+03  0.328949E+03  0.826311E-01
  0.125668E+01  0.408890E+03  0.208062E+03  0.268620E-02  0.267082E-02  0.000000E+00  0.376163E+03  0.376163E+03  0.376163E+03 -0.171752E-02  0.366943E+03  0.326434E+03  0.816211E-01
  0.126248E+01  0.405765E+03  0.206473E+03  0.264123E-02  0.262610E-02  0.000000E+00  0.373288E+03  0.373288E+03  0.373288E+03 -0.170440E-02  0.364140E+03  0.323941E+03  0.806236E-01
  0.126832E+01  0.402662E+03  0.204894E+03  0.259698E-02  0.258210E-02  0.000000E+00  0.370433E+03  0.370433E+03  0.370433E+03 -0.169136E-02  0.361354E+03  0.321463E+03  0.796380E-01
  0.127417E+01  0.399580E+03  0.203326E+03  0.255345E-02  0.253883E-02  0.000000E+00  0.367598E+03  0.367598E+03  0.367598E+03 -0.167841E-02  0.358587E+03  0.319002E+03  0.786642E-01
  0.128006E+01  0.396522E+03  0.201771E+03  0.251067E-02  0.249629E-02  0.000000E+00  0.364785E+03  0.364785E+03  0.364785E+03 -0.166557E-02  0.355843E+03  0.316562E+03  0.777024E-01
  0.128597E+01  0.393488E+03  0.200228E+03  0.246861E-02  0.245448E-02  0.000000E+00  0.361994E+03  0.361994E+03  0.361994E+03 -0.165283E-02  0.353121E+03  0.314141E+03  0.767522E-01
  0.129191E+01  0.390475E+03  0.198695E+03  0.242724E-02  0.241334E-02  0.000000E+00  0.359222E+03  0.359222E+03  0.359222E+03 -0.164017E-02  0.350417E+03  0.311735E+03  0.758132E-01
  0.129788E+01  0.387483E+03  0.197172E+03  0.238654E-02  0.237287E-02  0.000000E+00  0.356469E+03  0.356469E+03  0.356469E+03 -0.162760E-02  0.347730E+03  0.309346E+03  0.748857E-01
  0.130387E+01  0.384517E+03  0.195664E+03  0.234656E-02  0.233312E-02  0.000000E+00  0.353741E+03  0.353741E+03  0.353741E+03 -0.161514E-02  0.345069E+03  0.306979E+03  0.739700E-01
  0.130989E+01  0.381572E+03  0.194166E+03  0.230724E-02  0.229403E-02  0.000000E+00  0.351032E+03  0.351032E+03  0.351032E+03 -0.160278E-02  0.342427E+03  0.304629E+03  0.730650E-01
  0.131594E+01  0.378649E+03  0.192679E+03  0.226856E-02  0.225557E-02  0.000000E+00  0.348343E+03  0.348343E+03  0.348343E+03 -0.159050E-02  0.339803E+03  0.302295E+03  0.721710E-01
  0.132202E+01  0.375745E+03  0.191202E+03  0.223052E-02  0.221774E-02  0.000000E+00  0.345671E+03  0.345671E+03  0.345671E+03 -0.157830E-02  0.337197E+03  0.299977E+03  0.712877E-01
  0.132812E+01  0.372865E+03  0.189737E+03  0.219312E-02  0.218056E-02  0.000000E+00  0.343022E+03  0.343022E+03  0.343022E+03 -0.156620E-02  0.334612E+03  0.297678E+03  0.704152E-01
  0.133426E+01  0.370008E+03  0.188284E+03  0.215637E-02  0.214402E-02  0.000000E+00  0.340394E+03  0.340394E+03  0.340394E+03 -0.155420E-02  0.332049E+03  0.295398E+03  0.695535E-01
  0.134042E+01  0.367170E+03  0.186840E+03  0.212021E-02  0.210807E-02  0.000000E+00  0.337783E+03  0.337783E+03  0.337783E+03 -0.154228E-02  0.329502E+03  0.293133E+03  0.687020E-01
  0.134660E+01  0.364353E+03  0.185407E+03  0.208464E-02  0.207271E-02  0.000000E+00  0.335192E+03  0.335192E+03  0.335192E+03 -0.153044E-02  0.326973E+03  0.290883E+03  0.678609E-01
  0.135282E+01  0.361559E+03  0.183985E+03  0.204969E-02  0.203795E-02  0.000000E+00  0.332621E+03  0.332621E+03  0.332621E+03 -0.151871E-02  0.324465E+03  0.288653E+03  0.670300E-01
  0.135907E+01  0.358785E+03  0.182574E+03  0.201532E-02  0.200378E-02  0.000000E+00  0.330069E+03  0.330069E+03  0.330069E+03 -0.150706E-02  0.321976E+03  0.286439E+03  0.662091E-01
  0.136534E+01  0.356031E+03  0.181173E+03  0.198151E-02  0.197017E-02  0.000000E+00  0.327536E+03  0.327536E+03  0.327536E+03 -0.149549E-02  0.319504E+03  0.284241E+03  0.653983E-01
  0.137165E+01  0.353297E+03  0.179782E+03  0.194826E-02  0.193711E-02  0.000000E+00  0.325020E+03  0.325020E+03  0.325020E+03 -0.148400E-02  0.317050E+03  0.282057E+03  0.645972E-01
  0.137798E+01  0.350585E+03  0.178402E+03  0.191558E-02  0.190462E-02  0.000000E+00  0.322525E+03  0.322525E+03  0.322525E+03 -0.147261E-02  0.314617E+03  0.279893E+03  0.638058E-01
  0.138434E+01  0.347893E+03  0.177034E+03  0.188346E-02  0.187267E-02  0.000000E+00  0.320049E+03  0.320049E+03  0.320049E+03 -0.146131E-02  0.312202E+03  0.277745E+03  0.630241E-01
  0.139073E+01  0.345220E+03  0.175673E+03  0.185184E-02  0.184124E-02  0.000000E+00  0.317590E+03  0.317590E+03  0.317590E+03 -0.145008E-02  0.309802E+03  0.275610E+03  0.622518E-01
  0.139715E+01  0.342567E+03  0.174323E+03  0.182076E-02  0.181034E-02  0.000000E+00  0.315150E+03  0.315150E+03  0.315150E+03 -0.143894E-02  0.307421E+03  0.273492E+03  0.614890E-01
  0.140360E+01  0.339934E+03  0.172984E+03  0.179021E-02  0.177996E-02  0.000000E+00  0.312728E+03  0.312728E+03  0.312728E+03 -0.142788E-02  0.305058E+03  0.271391E+03  0.607351E-01
  0.141008E+01  0.337322E+03  0.171655E+03  0.176017E-02  0.175009E-02  0.000000E+00  0.310324E+03  0.310324E+03  0.310324E+03 -0.141691E-02  0.302714E+03  0.269306E+03  0.599906E-01
  0.141659E+01  0.334727E+03  0.170335E+03  0.173061E-02  0.172070E-02  0.000000E+00  0.307937E+03  0.307937E+03  0.307937E+03 -0.140600E-02  0.300385E+03  0.267234E+03  0.592551E-01
  0.142313E+01  0.332153E+03  0.169025E+03  0.170156E-02  0.169181E-02  0.000000E+00  0.305569E+03  0.305569E+03  0.305569E+03 -0.139519E-02  0.298074E+03  0.265179E+03  0.585285E-01
  0.142970E+01  0.329598E+03  0.167726E+03  0.167300E-02  0.166342E-02  0.000000E+00  0.303219E+03  0.303219E+03  0.303219E+03 -0.138447E-02  0.295783E+03  0.263141E+03  0.578107E-01
  0.143630E+01  0.327062E+03  0.166436E+03  0.164490E-02  0.163548E-02  0.000000E+00  0.300886E+03  0.300886E+03  0.300886E+03 -0.137381E-02  0.293506E+03  0.261116E+03  0.571016E-01
  0.144293E+01  0.324544E+03  0.165154E+03  0.161727E-02  0.160801E-02  0.000000E+00  0.298569E+03  0.298569E+03  0.298569E+03 -0.136323E-02  0.291246E+03  0.259105E+03  0.564010E-01
  0.144959E+01  0.322046E+03  0.163883E+03  0.159011E-02  0.158100E-02  0.000000E+00  0.296271E+03  0.296271E+03  0.296271E+03 -0.135274E-02  0.289004E+03  0.257111E+03  0.557090E-01
  0.145628E+01  0.319567E+03  0.162622E+03  0.156341E-02  0.155446E-02  0.000000E+00  0.293990E+03  0.293990E+03  0.293990E+03 -0.134233E-02  0.286780E+03  0.255133E+03  0.550255E-01
  0.146300E+01  0.317104E+03  0.161369E+03  0.153714E-02  0.152833E-02  0.000000E+00  0.291725E+03  0.291725E+03  0.291725E+03 -0.133198E-02  0.284569E+03  0.253167E+03  0.543501E-01
  0.146976E+01  0.314661E+03  0.160126E+03  0.151131E-02  0.150265E-02  0.000000E+00  0.289478E+03  0.289478E+03  0.289478E+03 -0.132172E-02  0.282376E+03  0.251216E+03  0.536830E-01
  0.147654E+01  0.312237E+03  0.158893E+03  0.148592E-02  0.147742E-02  0.000000E+00  0.287248E+03  0.287248E+03  0.287248E+03 -0.131154E-02  0.280202E+03  0.249282E+03  0.530239E-01
  0.148336E+01  0.309830E+03  0.157669E+03  0.146095E-02  0.145259E-02  0.000000E+00  0.285033E+03  0.285033E+03  0.285033E+03 -0.130143E-02  0.278041E+03  0.247360E+03  0.523728E-01
  0.149020E+01  0.307441E+03  0.156453E+03  0.143640E-02  0.142817E-02  0.000000E+00  0.282836E+03  0.282836E+03  0.282836E+03 -0.129139E-02  0.275897E+03  0.245453E+03  0.517298E-01
  0.149708E+01  0.305069E+03  0.155246E+03  0.141225E-02  0.140416E-02  0.000000E+00  0.280653E+03  0.280653E+03  0.280653E+03 -0.128143E-02  0.273768E+03  0.243559E+03  0.510941E-01
  0.150399E+01  0.302719E+03  0.154051E+03  0.138852E-02  0.138057E-02  0.000000E+00  0.278491E+03  0.278491E+03  0.278491E+03 -0.127156E-02  0.271659E+03  0.241683E+03  0.504669E-01
  0.151094E+01  0.300383E+03  0.152862E+03  0.136518E-02  0.135736E-02  0.000000E+00  0.276342E+03  0.276342E+03  0.276342E+03 -0.126175E-02  0.269563E+03  0.239818E+03  0.498469E-01
  0.151791E+01  0.298065E+03  0.151683E+03  0.134222E-02  0.133453E-02  0.000000E+00  0.274210E+03  0.274210E+03  0.274210E+03 -0.125201E-02  0.267482E+03  0.237967E+03  0.492344E-01
  0.152492E+01  0.295765E+03  0.150513E+03  0.131966E-02  0.131210E-02  0.000000E+00  0.272094E+03  0.272094E+03  0.272094E+03 -0.124235E-02  0.265419E+03  0.236132E+03  0.486294E-01
  0.153196E+01  0.293481E+03  0.149351E+03  0.129747E-02  0.129004E-02  0.000000E+00  0.269993E+03  0.269993E+03  0.269993E+03 -0.123276E-02  0.263369E+03  0.234309E+03  0.480317E-01
  0.153903E+01  0.291215E+03  0.148198E+03  0.127564E-02  0.126834E-02  0.000000E+00  0.267908E+03  0.267908E+03  0.267908E+03 -0.122324E-02  0.261335E+03  0.232499E+03  0.474414E-01
  0.154613E+01  0.288966E+03  0.147054E+03  0.125419E-02  0.124701E-02  0.000000E+00  0.265840E+03  0.265840E+03  0.265840E+03 -0.121379E-02  0.259317E+03  0.230704E+03  0.468582E-01
  0.155327E+01  0.286734E+03  0.145919E+03  0.123310E-02  0.122604E-02  0.000000E+00  0.263786E+03  0.263786E+03  0.263786E+03 -0.120442E-02  0.257314E+03  0.228923E+03  0.462820E-01
  0.156044E+01  0.284518E+03  0.144791E+03  0.121235E-02  0.120540E-02  0.000000E+00  0.261748E+03  0.261748E+03  0.261748E+03 -0.119511E-02  0.255325E+03  0.227153E+03  0.457129E-01
  0.156764E+01  0.282319E+03  0.143672E+03  0.119195E-02  0.118512E-02  0.000000E+00  0.259725E+03  0.259725E+03  0.259725E+03 -0.118587E-02  0.253351E+03  0.225398E+03  0.451507E-01
  0.157488E+01  0.280137E+03  0.142562E+03  0.117190E-02  0.116519E-02  0.000000E+00  0.257718E+03  0.257718E+03  0.257718E+03 -0.117671E-02  0.251394E+03  0.223657E+03  0.445954E-01
  0.158215E+01  0.277971E+03  0.141460E+03  0.115217E-02  0.114558E-02  0.000000E+00  0.255725E+03  0.255725E+03  0.255725E+03 -0.116761E-02  0.249449E+03  0.221927E+03  0.440468E-01
  0.158945E+01  0.275821E+03  0.140366E+03  0.113278E-02  0.112629E-02  0.000000E+00  0.253747E+03  0.253747E+03  0.253747E+03 -0.115858E-02  0.247520E+03  0.220211E+03  0.435049E-01
  0.159679E+01  0.273688E+03  0.139281E+03  0.111372E-02  0.110734E-02  0.000000E+00  0.251784E+03  0.251784E+03  0.251784E+03 -0.114962E-02  0.245606E+03  0.218508E+03  0.429695E-01
  0.160416E+01  0.271570E+03  0.138204E+03  0.109497E-02  0.108870E-02  0.000000E+00  0.249836E+03  0.249836E+03  0.249836E+03 -0.114072E-02  0.243705E+03  0.216818E+03  0.424407E-01
  0.161156E+01  0.269468E+03  0.137134E+03  0.107653E-02  0.107037E-02  0.000000E+00  0.247903E+03  0.247903E+03  0.247903E+03 -0.113189E-02  0.241818E+03  0.215139E+03  0.419184E-01
  0.161900E+01  0.267383E+03  0.136073E+03  0.105841E-02  0.105235E-02  0.000000E+00  0.245984E+03  0.245984E+03  0.245984E+03 -0.112313E-02  0.239947E+03  0.213475E+03  0.414023E-01
  0.162647E+01  0.265313E+03  0.135020E+03  0.104059E-02  0.103464E-02  0.000000E+00  0.244080E+03  0.244080E+03  0.244080E+03 -0.111444E-02  0.238090E+03  0.211823E+03  0.408926E-01
  0.163398E+01  0.263258E+03  0.133974E+03  0.102306E-02  0.101721E-02  0.000000E+00  0.242189E+03  0.242189E+03  0.242189E+03 -0.110581E-02  0.236245E+03  0.210181E+03  0.403891E-01
  0.164152E+01  0.261219E+03  0.132937E+03  0.100584E-02  0.100008E-02  0.000000E+00  0.240314E+03  0.240314E+03  0.240314E+03 -0.109724E-02  0.234416E+03  0.208554E+03  0.398917E-01
  0.164910E+01  0.259196E+03  0.131908E+03  0.988900E-03  0.983237E-03  0.000000E+00  0.238452E+03  0.238452E+03  0.238452E+03 -0.108875E-02  0.232600E+03  0.206939E+03  0.394004E-01
  0.165671E+01  0.257186E+03  0.130885E+03  0.972236E-03  0.966669E-03  0.000000E+00  0.236604E+03  0.236604E+03  0.236604E+03 -0.108030E-02  0.230796E+03  0.205335E+03  0.389150E-01
  0.166436E+01  0.255193E+03  0.129871E+03  0.955859E-03  0.950386E-03  0.000000E+00  0.234770E+03  0.234770E+03  0.234770E+03 -0.107193E-02  0.229008E+03  0.203744E+03  0.384356E-01
  0.167204E+01  0.253215E+03  0.128865E+03  0.939759E-03  0.934378E-03  0.000000E+00  0.232951E+03  0.232951E+03  0.232951E+03 -0.106363E-02  0.227233E+03  0.202165E+03  0.379621E-01
  0.167976E+01  0.251251E+03  0.127865E+03  0.923920E-03  0.918629E-03  0.000000E+00  0.231144E+03  0.231144E+03  0.231144E+03 -0.105538E-02  0.225470E+03  0.200597E+03  0.374943E-01
  0.168751E+01  0.249302E+03  0.126874E+03  0.908348E-03  0.903146E-03  0.000000E+00  0.229351E+03  0.229351E+03  0.229351E+03 -0.104719E-02  0.223721E+03  0.199041E+03  0.370321E-01
  0.169530E+01  0.247368E+03  0.125890E+03  0.893043E-03  0.887929E-03  0.000000E+00  0.227572E+03  0.227572E+03  0.227572E+03 -0.103907E-02  0.221986E+03  0.197498E+03  0.365755E-01
  0.170313E+01  0.245449E+03  0.124913E+03  0.877987E-03  0.872960E-03  0.000000E+00  0.225806E+03  0.225806E+03  0.225806E+03 -0.103100E-02  0.220263E+03  0.195965E+03  0.361246E-01
  0.171099E+01  0.243544E+03  0.123944E+03  0.863188E-03  0.858245E-03  0.000000E+00  0.224054E+03  0.224054E+03  0.224054E+03 -0.102300E-02  0.218553E+03  0.194444E+03  0.356793E-01
  0.171888E+01  0.241654E+03  0.122982E+03  0.848640E-03  0.843781E-03  0.000000E+00  0.222315E+03  0.222315E+03  0.222315E+03 -0.101506E-02  0.216858E+03  0.192936E+03  0.352393E-01
  0.172682E+01  0.239777E+03  0.122027E+03  0.834328E-03  0.829550E-03  0.000000E+00  0.220588E+03  0.220588E+03  0.220588E+03 -0.100718E-02  0.215173E+03  0.191437E+03  0.348046E-01
  0.173479E+01  0.237915E+03  0.121080E+03  0.820258E-03  0.815561E-03  0.000000E+00  0.218875E+03  0.218875E+03  0.218875E+03 -0.999356E-03  0.213501E+03  0.189950E+03  0.343753E-01
  0.174280E+01  0.236067E+03  0.120140E+03  0.806430E-03  0.801813E-03  0.000000E+00  0.217175E+03  0.217175E+03  0.217175E+03 -0.991598E-03  0.211844E+03  0.188476E+03  0.339513E-01
  0.175084E+01  0.234231E+03  0.119206E+03  0.792822E-03  0.788282E-03  0.000000E+00  0.215486E+03  0.215486E+03  0.215486E+03 -0.983885E-03  0.210196E+03  0.187010E+03  0.335322E-01
  0.175892E+01  0.232411E+03  0.118279E+03  0.779447E-03  0.774984E-03  0.000000E+00  0.213811E+03  0.213811E+03  0.213811E+03 -0.976236E-03  0.208562E+03  0.185556E+03  0.331183E-01
  0.176704E+01  0.230605E+03  0.117360E+03  0.766303E-03  0.761915E-03  0.000000E+00  0.212150E+03  0.212150E+03  0.212150E+03 -0.968652E-03  0.206941E+03  0.184115E+03  0.327096E-01
  0.177520E+01  0.228811E+03  0.116448E+03  0.753372E-03  0.749058E-03  0.000000E+00  0.210500E+03  0.210500E+03  0.210500E+03 -0.961117E-03  0.205332E+03  0.182682E+03  0.323058E-01
  0.178339E+01  0.227032E+03  0.115542E+03  0.740660E-03  0.736419E-03  0.000000E+00  0.208863E+03  0.208863E+03  0.208863E+03 -0.953643E-03  0.203735E+03  0.181262E+03  0.319070E-01
  0.179162E+01  0.225266E+03  0.114644E+03  0.728166E-03  0.723997E-03  0.000000E+00  0.207239E+03  0.207239E+03  0.207239E+03 -0.946229E-03  0.202151E+03  0.179853E+03  0.315131E-01
  0.179989E+01  0.223513E+03  0.113752E+03  0.715875E-03  0.711776E-03  0.000000E+00  0.205626E+03  0.205626E+03  0.205626E+03 -0.938864E-03  0.200577E+03  0.178453E+03  0.311240E-01
  0.180820E+01  0.221774E+03  0.112867E+03  0.703794E-03  0.699764E-03  0.000000E+00  0.204026E+03  0.204026E+03  0.204026E+03 -0.931560E-03  0.199017E+03  0.177065E+03  0.307396E-01
  0.181655E+01  0.220049E+03  0.111990E+03  0.691918E-03  0.687956E-03  0.000000E+00  0.202439E+03  0.202439E+03  0.202439E+03 -0.924313E-03  0.197468E+03  0.175688E+03  0.303600E-01
  0.182493E+01  0.218334E+03  0.111117E+03  0.680231E-03  0.676336E-03  0.000000E+00  0.200862E+03  0.200862E+03  0.200862E+03 -0.917109E-03  0.195929E+03  0.174318E+03  0.299848E-01
  0.183336E+01  0.216634E+03  0.110252E+03  0.668749E-03  0.664920E-03  0.000000E+00  0.199298E+03  0.199298E+03  0.199298E+03 -0.909970E-03  0.194404E+03  0.172962E+03  0.296143E-01
  0.184182E+01  0.214950E+03  0.109395E+03  0.657467E-03  0.653703E-03  0.000000E+00  0.197748E+03  0.197748E+03  0.197748E+03 -0.902895E-03  0.192892E+03  0.171617E+03  0.292487E-01
  0.185032E+01  0.213273E+03  0.108542E+03  0.646358E-03  0.642657E-03  0.000000E+00  0.196206E+03  0.196206E+03  0.196206E+03 -0.895851E-03  0.191387E+03  0.170278E+03  0.288871E-01
  0.185886E+01  0.211612E+03  0.107697E+03  0.635446E-03  0.631807E-03  0.000000E+00  0.194678E+03  0.194678E+03  0.194678E+03 -0.888875E-03  0.189897E+03  0.168952E+03  0.285301E-01
  0.186744E+01  0.209963E+03  0.106858E+03  0.624715E-03  0.621138E-03  0.000000E+00  0.193161E+03  0.193161E+03  0.193161E+03 -0.881949E-03  0.188417E+03  0.167636E+03  0.281774E-01
  0.187606E+01  0.208326E+03  0.106025E+03  0.614161E-03  0.610644E-03  0.000000E+00  0.191655E+03  0.191655E+03  0.191655E+03 -0.875071E-03  0.186948E+03  0.166329E+03  0.278291E-01
  0.188472E+01  0.206702E+03  0.105199E+03  0.603790E-03  0.600333E-03  0.000000E+00  0.190161E+03  0.190161E+03  0.190161E+03 -0.868253E-03  0.185491E+03  0.165033E+03  0.274850E-01
  0.189342E+01  0.205090E+03  0.104378E+03  0.593588E-03  0.590189E-03  0.000000E+00  0.188678E+03  0.188678E+03  0.188678E+03 -0.861481E-03  0.184044E+03  0.163746E+03  0.271451E-01
  0.190216E+01  0.203491E+03  0.103564E+03  0.583559E-03  0.580217E-03  0.000000E+00  0.187206E+03  0.187206E+03  0.187206E+03 -0.854761E-03  0.182608E+03  0.162469E+03  0.268094E-01
  0.191094E+01  0.201904E+03  0.102757E+03  0.573701E-03  0.570416E-03  0.000000E+00  0.185746E+03  0.185746E+03  0.185746E+03 -0.848096E-03  0.181184E+03  0.161202E+03  0.264778E-01
  0.191976E+01  0.200328E+03  0.101955E+03  0.564005E-03  0.560775E-03  0.000000E+00  0.184297E+03  0.184297E+03  0.184297E+03 -0.841476E-03  0.179770E+03  0.159944E+03  0.261503E-01
  0.192862E+01  0.198765E+03  0.101159E+03  0.554474E-03  0.551299E-03  0.000000E+00  0.182859E+03  0.182859E+03  0.182859E+03 -0.834910E-03  0.178367E+03  0.158696E+03  0.258268E-01
  0.193752E+01  0.197213E+03  0.100370E+03  0.545104E-03  0.541982E-03  0.000000E+00  0.181431E+03  0.181431E+03  0.181431E+03 -0.828394E-03  0.176975E+03  0.157457E+03  0.255072E-01
  0.194647E+01  0.195673E+03  0.995861E+02  0.535887E-03  0.532818E-03  0.000000E+00  0.180014E+03  0.180014E+03  0.180014E+03 -0.821923E-03  0.175593E+03  0.156227E+03  0.251915E-01
  0.195545E+01  0.194145E+03  0.988089E+02  0.526830E-03  0.523813E-03  0.000000E+00  0.178609E+03  0.178609E+03  0.178609E+03 -0.815507E-03  0.174222E+03  0.155008E+03  0.248797E-01
  0.196448E+01  0.192628E+03  0.980371E+02  0.517922E-03  0.514957E-03  0.000000E+00  0.177213E+03  0.177213E+03  0.177213E+03 -0.809135E-03  0.172861E+03  0.153797E+03  0.245717E-01
  0.197354E+01  0.191123E+03  0.972712E+02  0.509164E-03  0.506249E-03  0.000000E+00  0.175829E+03  0.175829E+03  0.175829E+03 -0.802813E-03  0.171510E+03  0.152595E+03  0.242675E-01
  0.198265E+01  0.189630E+03  0.965116E+02  0.500557E-03  0.497691E-03  0.000000E+00  0.174455E+03  0.174455E+03  0.174455E+03 -0.796542E-03  0.170170E+03  0.151404E+03  0.239670E-01
  0.199180E+01  0.188148E+03  0.957571E+02  0.492090E-03  0.489272E-03  0.000000E+00  0.173091E+03  0.173091E+03  0.173091E+03 -0.790314E-03  0.168839E+03  0.150220E+03  0.236702E-01
  0.200100E+01  0.186677E+03  0.950089E+02  0.483768E-03  0.480998E-03  0.000000E+00  0.171739E+03  0.171739E+03  0.171739E+03 -0.784137E-03  0.167520E+03  0.149046E+03  0.233771E-01
  0.201023E+01  0.185218E+03  0.942664E+02  0.475587E-03  0.472864E-03  0.000000E+00  0.170396E+03  0.170396E+03  0.170396E+03 -0.778009E-03  0.166210E+03  0.147881E+03  0.230876E-01
  0.201951E+01  0.183769E+03  0.935290E+02  0.467540E-03  0.464863E-03  0.000000E+00  0.169063E+03  0.169063E+03  0.169063E+03 -0.771921E-03  0.164910E+03  0.146724E+03  0.228016E-01
  0.202884E+01  0.182332E+03  0.927979E+02  0.459632E-03  0.457000E-03  0.000000E+00  0.167741E+03  0.167741E+03  0.167741E+03 -0.765886E-03  0.163620E+03  0.145577E+03  0.225191E-01
  0.203820E+01  0.180905E+03  0.920718E+02  0.451855E-03  0.449267E-03  0.000000E+00  0.166428E+03  0.166428E+03  0.166428E+03 -0.759892E-03  0.162340E+03  0.144438E+03  0.222400E-01
  0.204761E+01  0.179489E+03  0.913514E+02  0.444209E-03  0.441665E-03  0.000000E+00  0.165126E+03  0.165126E+03  0.165126E+03 -0.753945E-03  0.161069E+03  0.143307E+03  0.219644E-01
  0.205706E+01  0.178085E+03  0.906368E+02  0.436693E-03  0.434193E-03  0.000000E+00  0.163834E+03  0.163834E+03  0.163834E+03 -0.748047E-03  0.159809E+03  0.142186E+03  0.216922E-01
  0.206655E+01  0.176690E+03  0.899271E+02  0.429301E-03  0.426843E-03  0.000000E+00  0.162551E+03  0.162551E+03  0.162551E+03 -0.742188E-03  0.158557E+03  0.141073E+03  0.214233E-01
  0.207609E+01  0.175307E+03  0.892235E+02  0.422037E-03  0.419621E-03  0.000000E+00  0.161279E+03  0.161279E+03  0.161279E+03 -0.736380E-03  0.157316E+03  0.139969E+03  0.211578E-01
  0.208568E+01  0.173934E+03  0.885246E+02  0.414892E-03  0.412517E-03  0.000000E+00  0.160016E+03  0.160016E+03  0.160016E+03 -0.730611E-03  0.156084E+03  0.138872E+03  0.208954E-01
  0.209530E+01  0.172572E+03  0.878313E+02  0.407869E-03  0.405533E-03  0.000000E+00  0.158762E+03  0.158762E+03  0.158762E+03 -0.724888E-03  0.154861E+03  0.137785E+03  0.206363E-01
  0.210497E+01  0.171220E+03  0.871435E+02  0.400965E-03  0.398669E-03  0.000000E+00  0.157519E+03  0.157519E+03  0.157519E+03 -0.719211E-03  0.153648E+03  0.136706E+03  0.203804E-01
  0.211469E+01  0.169878E+03  0.864605E+02  0.394174E-03  0.391917E-03  0.000000E+00  0.156284E+03  0.156284E+03  0.156284E+03 -0.713572E-03  0.152444E+03  0.135634E+03  0.201276E-01
  0.212445E+01  0.168547E+03  0.857832E+02  0.387501E-03  0.385283E-03  0.000000E+00  0.155059E+03  0.155059E+03  0.155059E+03 -0.707982E-03  0.151249E+03  0.134572E+03  0.198780E-01
  0.213426E+01  0.167225E+03  0.851106E+02  0.380938E-03  0.378757E-03  0.000000E+00  0.153844E+03  0.153844E+03  0.153844E+03 -0.702430E-03  0.150063E+03  0.133516E+03  0.196313E-01
  0.214411E+01  0.165914E+03  0.844434E+02  0.374487E-03  0.372342E-03  0.000000E+00  0.152637E+03  0.152637E+03  0.152637E+03 -0.696923E-03  0.148887E+03  0.132470E+03  0.193878E-01
  0.215401E+01  0.164613E+03  0.837815E+02  0.368145E-03  0.366037E-03  0.000000E+00  0.151441E+03  0.151441E+03  0.151441E+03 -0.691459E-03  0.147719E+03  0.131431E+03  0.191472E-01
  0.216395E+01  0.163321E+03  0.831241E+02  0.361907E-03  0.359835E-03  0.000000E+00  0.150252E+03  0.150252E+03  0.150252E+03 -0.686033E-03  0.146560E+03  0.130400E+03  0.189095E-01
  0.217394E+01  0.162041E+03  0.824725E+02  0.355778E-03  0.353741E-03  0.000000E+00  0.149074E+03  0.149074E+03  0.149074E+03 -0.680654E-03  0.145411E+03  0.129377E+03  0.186749E-01
  0.218397E+01  0.160769E+03  0.818252E+02  0.349749E-03  0.347747E-03  0.000000E+00  0.147904E+03  0.147904E+03  0.147904E+03 -0.675311E-03  0.144269E+03  0.128362E+03  0.184430E-01
  0.219405E+01  0.159507E+03  0.811833E+02  0.343824E-03  0.341855E-03  0.000000E+00  0.146743E+03  0.146743E+03  0.146743E+03 -0.670012E-03  0.143137E+03  0.127355E+03  0.182141E-01
  0.220418E+01  0.158255E+03  0.805461E+02  0.337998E-03  0.336062E-03  0.000000E+00  0.145591E+03  0.145591E+03  0.145591E+03 -0.664752E-03  0.142013E+03  0.126355E+03  0.179879E-01
  0.221435E+01  0.157012E+03  0.799136E+02  0.332269E-03  0.330366E-03  0.000000E+00  0.144448E+03  0.144448E+03  0.144448E+03 -0.659531E-03  0.140898E+03  0.125363E+03  0.177645E-01
  0.222457E+01  0.155781E+03  0.792875E+02  0.326643E-03  0.324773E-03  0.000000E+00  0.143316E+03  0.143316E+03  0.143316E+03 -0.654363E-03  0.139794E+03  0.124380E+03  0.175441E-01
  0.223484E+01  0.154557E+03  0.786645E+02  0.321105E-03  0.319267E-03  0.000000E+00  0.142190E+03  0.142190E+03  0.142190E+03 -0.649220E-03  0.138695E+03  0.123403E+03  0.173262E-01
  0.224516E+01  0.153343E+03  0.780466E+02  0.315662E-03  0.313855E-03  0.000000E+00  0.141072E+03  0.141072E+03  0.141072E+03 -0.644120E-03  0.137605E+03  0.122433E+03  0.171109E-01
  0.225552E+01  0.152137E+03  0.774328E+02  0.310308E-03  0.308532E-03  0.000000E+00  0.139963E+03  0.139963E+03  0.139963E+03 -0.639053E-03  0.136523E+03  0.121471E+03  0.168982E-01
  0.226593E+01  0.150941E+03  0.768245E+02  0.305048E-03  0.303301E-03  0.000000E+00  0.138863E+03  0.138863E+03  0.138863E+03 -0.634032E-03  0.135450E+03  0.120516E+03  0.166883E-01
  0.227639E+01  0.149755E+03  0.762207E+02  0.299875E-03  0.298158E-03  0.000000E+00  0.137772E+03  0.137772E+03  0.137772E+03 -0.629048E-03  0.134385E+03  0.119569E+03  0.164809E-01
  0.228690E+01  0.148577E+03  0.756214E+02  0.294790E-03  0.293102E-03  0.000000E+00  0.136688E+03  0.136688E+03  0.136688E+03 -0.624101E-03  0.133329E+03  0.118629E+03  0.162760E-01
  0.229745E+01  0.147409E+03  0.750270E+02  0.289792E-03  0.288132E-03  0.000000E+00  0.135614E+03  0.135614E+03  0.135614E+03 -0.619195E-03  0.132280E+03  0.117696E+03  0.160737E-01
  0.230806E+01  0.146250E+03  0.744369E+02  0.284876E-03  0.283245E-03  0.000000E+00  0.134547E+03  0.134547E+03  0.134547E+03 -0.614324E-03  0.131240E+03  0.116770E+03  0.158739E-01
  0.231871E+01  0.145099E+03  0.738516E+02  0.280045E-03  0.278441E-03  0.000000E+00  0.133489E+03  0.133489E+03  0.133489E+03 -0.609493E-03  0.130208E+03  0.115852E+03  0.156766E-01
  0.232941E+01  0.143958E+03  0.732705E+02  0.275294E-03  0.273718E-03  0.000000E+00  0.132438E+03  0.132438E+03  0.132438E+03 -0.604696E-03  0.129183E+03  0.114940E+03  0.154817E-01
  0.234017E+01  0.142826E+03  0.726945E+02  0.270626E-03  0.269076E-03  0.000000E+00  0.131397E+03  0.131397E+03  0.131397E+03 -0.599942E-03  0.128167E+03  0.114037E+03  0.152892E-01
  0.235097E+01  0.141701E+03  0.721222E+02  0.266033E-03  0.264510E-03  0.000000E+00  0.130362E+03  0.130362E+03  0.130362E+03 -0.595218E-03  0.127158E+03  0.113139E+03  0.150991E-01
  0.236182E+01  0.140586E+03  0.715546E+02  0.261520E-03  0.260022E-03  0.000000E+00  0.129336E+03  0.129336E+03  0.129336E+03 -0.590533E-03  0.126157E+03  0.112248E+03  0.149112E-01
  0.237272E+01  0.139479E+03  0.709914E+02  0.257082E-03  0.255610E-03  0.000000E+00  0.128318E+03  0.128318E+03  0.128318E+03 -0.585884E-03  0.125164E+03  0.111365E+03  0.147258E-01
  0.238367E+01  0.138379E+03  0.704318E+02  0.252718E-03  0.251271E-03  0.000000E+00  0.127306E+03  0.127306E+03  0.127306E+03 -0.581265E-03  0.124177E+03  0.110487E+03  0.145425E-01
  0.239468E+01  0.137290E+03  0.698773E+02  0.248429E-03  0.247007E-03  0.000000E+00  0.126304E+03  0.126304E+03  0.126304E+03 -0.576688E-03  0.123199E+03  0.109617E+03  0.143615E-01
  0.240573E+01  0.136208E+03  0.693268E+02  0.244212E-03  0.242814E-03  0.000000E+00  0.125309E+03  0.125309E+03  0.125309E+03 -0.572144E-03  0.122228E+03  0.108753E+03  0.141828E-01
  0.241683E+01  0.135135E+03  0.687807E+02  0.240067E-03  0.238693E-03  0.000000E+00  0.124321E+03  0.124321E+03  0.124321E+03 -0.567636E-03  0.121265E+03  0.107896E+03  0.140063E-01
  0.242799E+01  0.134069E+03  0.682385E+02  0.235991E-03  0.234640E-03  0.000000E+00  0.123341E+03  0.123341E+03  0.123341E+03 -0.563161E-03  0.120309E+03  0.107046E+03  0.138320E-01
  0.243920E+01  0.133013E+03  0.677009E+02  0.231985E-03  0.230657E-03  0.000000E+00  0.122369E+03  0.122369E+03  0.122369E+03 -0.558723E-03  0.119361E+03  0.106202E+03  0.136598E-01
  0.245046E+01  0.131964E+03  0.671669E+02  0.228045E-03  0.226740E-03  0.000000E+00  0.121404E+03  0.121404E+03  0.121404E+03 -0.554316E-03  0.118420E+03  0.105365E+03  0.134897E-01
  0.246177E+01  0.130923E+03  0.666376E+02  0.224174E-03  0.222890E-03  0.000000E+00  0.120447E+03  0.120447E+03  0.120447E+03 -0.549947E-03  0.117486E+03  0.104534E+03  0.133217E-01
  0.247313E+01  0.129892E+03  0.661125E+02  0.220368E-03  0.219106E-03  0.000000E+00  0.119498E+03  0.119498E+03  0.119498E+03 -0.545613E-03  0.116560E+03  0.103710E+03  0.131560E-01
  0.248454E+01  0.128867E+03  0.655912E+02  0.216626E-03  0.215386E-03  0.000000E+00  0.118555E+03  0.118555E+03  0.118555E+03 -0.541310E-03  0.115641E+03  0.102893E+03  0.129921E-01
  0.249601E+01  0.127850E+03  0.650736E+02  0.212946E-03  0.211727E-03  0.000000E+00  0.117620E+03  0.117620E+03  0.117620E+03 -0.537037E-03  0.114728E+03  0.102080E+03  0.128303E-01
  0.250753E+01  0.126841E+03  0.645603E+02  0.209329E-03  0.208131E-03  0.000000E+00  0.116692E+03  0.116692E+03  0.116692E+03 -0.532801E-03  0.113823E+03  0.101275E+03  0.126705E-01
  0.251911E+01  0.125840E+03  0.640507E+02  0.205773E-03  0.204595E-03  0.000000E+00  0.115771E+03  0.115771E+03  0.115771E+03 -0.528594E-03  0.112924E+03  0.100476E+03  0.125126E-01
  0.253074E+01  0.124847E+03  0.635452E+02  0.202278E-03  0.201119E-03  0.000000E+00  0.114857E+03  0.114857E+03  0.114857E+03 -0.524422E-03  0.112033E+03  0.996827E+02  0.123567E-01
  0.254242E+01  0.123861E+03  0.630435E+02  0.198840E-03  0.197702E-03  0.000000E+00  0.113950E+03  0.113950E+03  0.113950E+03 -0.520281E-03  0.111148E+03  0.988955E+02  0.122027E-01
  0.255415E+01  0.122883E+03  0.625457E+02  0.195462E-03  0.194343E-03  0.000000E+00  0.113050E+03  0.113050E+03  0.113050E+03 -0.516172E-03  0.110270E+03  0.981147E+02  0.120506E-01
  0.256594E+01  0.121912E+03  0.620517E+02  0.192140E-03  0.191040E-03  0.000000E+00  0.112157E+03  0.112157E+03  0.112157E+03 -0.512095E-03  0.109399E+03  0.973396E+02  0.119004E-01
  0.257779E+01  0.120949E+03  0.615617E+02  0.188875E-03  0.187794E-03  0.000000E+00  0.111271E+03  0.111271E+03  0.111271E+03 -0.508050E-03  0.108535E+03  0.965708E+02  0.117521E-01
  0.258968E+01  0.119993E+03  0.610752E+02  0.185664E-03  0.184601E-03  0.000000E+00  0.110392E+03  0.110392E+03  0.110392E+03 -0.504035E-03  0.107677E+03  0.958076E+02  0.116056E-01
  0.260164E+01  0.119045E+03  0.605927E+02  0.182509E-03  0.181464E-03  0.000000E+00  0.109519E+03  0.109519E+03  0.109519E+03 -0.500052E-03  0.106826E+03  0.950506E+02  0.114609E-01
  0.261365E+01  0.118104E+03  0.601138E+02  0.179406E-03  0.178379E-03  0.000000E+00  0.108654E+03  0.108654E+03  0.108654E+03 -0.496099E-03  0.105982E+03  0.942993E+02  0.113180E-01
  0.262571E+01  0.117170E+03  0.596386E+02  0.176357E-03  0.175347E-03  0.000000E+00  0.107795E+03  0.107795E+03  0.107795E+03 -0.492178E-03  0.105144E+03  0.935540E+02  0.111768E-01
  0.263783E+01  0.116244E+03  0.591671E+02  0.173358E-03  0.172365E-03  0.000000E+00  0.106942E+03  0.106942E+03  0.106942E+03 -0.488286E-03  0.104313E+03  0.928142E+02  0.110374E-01
  0.265001E+01  0.115325E+03  0.586993E+02  0.170411E-03  0.169435E-03  0.000000E+00  0.106097E+03  0.106097E+03  0.106097E+03 -0.484425E-03  0.103488E+03  0.920803E+02  0.108998E-01
  0.266224E+01  0.114412E+03  0.582350E+02  0.167512E-03  0.166553E-03  0.000000E+00  0.105257E+03  0.105257E+03  0.105257E+03 -0.480592E-03  0.102669E+03  0.913518E+02  0.107638E-01
  0.267453E+01  0.113507E+03  0.577744E+02  0.164664E-03  0.163721E-03  0.000000E+00  0.104425E+03  0.104425E+03  0.104425E+03 -0.476791E-03  0.101857E+03  0.906293E+02  0.106295E-01
  0.268687E+01  0.112609E+03  0.573172E+02  0.161863E-03  0.160936E-03  0.000000E+00  0.103598E+03  0.103598E+03  0.103598E+03 -0.473017E-03  0.101051E+03  0.899120E+02  0.104969E-01
  0.269927E+01  0.111718E+03  0.568638E+02  0.159110E-03  0.158199E-03  0.000000E+00  0.102779E+03  0.102779E+03  0.102779E+03 -0.469274E-03  0.100251E+03  0.892007E+02  0.103659E-01
  0.271173E+01  0.110833E+03  0.564136E+02  0.156403E-03  0.155508E-03  0.000000E+00  0.101965E+03  0.101965E+03  0.101965E+03 -0.465559E-03  0.994572E+02  0.884944E+02  0.102365E-01
  0.272425E+01  0.109956E+03  0.559672E+02  0.153743E-03  0.152863E-03  0.000000E+00  0.101158E+03  0.101158E+03  0.101158E+03 -0.461874E-03  0.986701E+02  0.877941E+02  0.101087E-01
  0.273682E+01  0.109085E+03  0.555240E+02  0.151127E-03  0.150262E-03  0.000000E+00  0.100357E+03  0.100357E+03  0.100357E+03 -0.458216E-03  0.978885E+02  0.870987E+02  0.998256E-02
  0.274946E+01  0.108222E+03  0.550845E+02  0.148557E-03  0.147706E-03  0.000000E+00  0.995621E+02  0.995621E+02  0.995621E+02 -0.454589E-03  0.971136E+02  0.864093E+02  0.985795E-02
  0.276215E+01  0.107364E+03  0.546480E+02  0.146028E-03  0.145192E-03  0.000000E+00  0.987732E+02  0.987732E+02  0.987732E+02 -0.450986E-03  0.963439E+02  0.857245E+02  0.973485E-02
  0.277490E+01  0.106514E+03  0.542153E+02  0.143544E-03  0.142722E-03  0.000000E+00  0.979908E+02  0.979908E+02  0.979908E+02 -0.447414E-03  0.955808E+02  0.850456E+02  0.961329E-02
  0.278770E+01  0.105669E+03  0.537856E+02  0.141100E-03  0.140292E-03  0.000000E+00  0.972143E+02  0.972143E+02  0.972143E+02 -0.443868E-03  0.948232E+02  0.843716E+02  0.949324E-02
  0.280057E+01  0.104832E+03  0.533596E+02  0.138699E-03  0.137905E-03  0.000000E+00  0.964440E+02  0.964440E+02  0.964440E+02 -0.440351E-03  0.940719E+02  0.837032E+02  0.937467E-02
  0.281350E+01  0.104001E+03  0.529365E+02  0.136338E-03  0.135557E-03  0.000000E+00  0.956793E+02  0.956793E+02  0.956793E+02 -0.436860E-03  0.933260E+02  0.830395E+02  0.925757E-02
  0.282649E+01  0.103176E+03  0.525165E+02  0.134016E-03  0.133249E-03  0.000000E+00  0.949201E+02  0.949201E+02  0.949201E+02 -0.433393E-03  0.925854E+02  0.823806E+02  0.914184E-02
  0.283953E+01  0.102358E+03  0.521002E+02  0.131735E-03  0.130980E-03  0.000000E+00  0.941675E+02  0.941675E+02  0.941675E+02 -0.429957E-03  0.918512E+02  0.817274E+02  0.902763E-02
  0.285264E+01  0.101546E+03  0.516870E+02  0.129492E-03  0.128751E-03  0.000000E+00  0.934206E+02  0.934206E+02  0.934206E+02 -0.426547E-03  0.911227E+02  0.810793E+02  0.891483E-02
  0.286581E+01  0.100740E+03  0.512771E+02  0.127287E-03  0.126558E-03  0.000000E+00  0.926797E+02  0.926797E+02  0.926797E+02 -0.423164E-03  0.903999E+02  0.804362E+02  0.880342E-02
  0.287903E+01  0.999410E+02  0.508703E+02  0.125120E-03  0.124403E-03  0.000000E+00  0.919443E+02  0.919443E+02  0.919443E+02 -0.419806E-03  0.896826E+02  0.797980E+02  0.869340E-02
  0.289232E+01  0.991481E+02  0.504668E+02  0.122989E-03  0.122285E-03  0.000000E+00  0.912149E+02  0.912149E+02  0.912149E+02 -0.416476E-03  0.889711E+02  0.791650E+02  0.858474E-02
  0.290567E+01  0.983605E+02  0.500659E+02  0.120893E-03  0.120201E-03  0.000000E+00  0.904903E+02  0.904903E+02  0.904903E+02 -0.413167E-03  0.882642E+02  0.785361E+02  0.847738E-02
  0.291909E+01  0.975799E+02  0.496687E+02  0.118835E-03  0.118154E-03  0.000000E+00  0.897721E+02  0.897721E+02  0.897721E+02 -0.409888E-03  0.875638E+02  0.779129E+02  0.837139E-02
  0.293256E+01  0.968053E+02  0.492744E+02  0.116811E-03  0.116142E-03  0.000000E+00  0.890595E+02  0.890595E+02  0.890595E+02 -0.406634E-03  0.868686E+02  0.772944E+02  0.826674E-02
  0.294610E+01  0.960367E+02  0.488833E+02  0.114821E-03  0.114163E-03  0.000000E+00  0.883525E+02  0.883525E+02  0.883525E+02 -0.403406E-03  0.861790E+02  0.766808E+02  0.816337E-02
  0.295969E+01  0.952743E+02  0.484953E+02  0.112865E-03  0.112219E-03  0.000000E+00  0.876510E+02  0.876510E+02  0.876510E+02 -0.400203E-03  0.854948E+02  0.760721E+02  0.806131E-02
  0.297335E+01  0.945174E+02  0.481101E+02  0.110942E-03  0.110307E-03  0.000000E+00  0.869548E+02  0.869548E+02  0.869548E+02 -0.397024E-03  0.848156E+02  0.754678E+02  0.796048E-02
  0.298708E+01  0.937661E+02  0.477277E+02  0.109051E-03  0.108427E-03  0.000000E+00  0.862636E+02  0.862636E+02  0.862636E+02 -0.393869E-03  0.841414E+02  0.748680E+02  0.786087E-02
  0.300087E+01  0.930210E+02  0.473484E+02  0.107193E-03  0.106579E-03  0.000000E+00  0.855780E+02  0.855780E+02  0.855780E+02 -0.390738E-03  0.834726E+02  0.742729E+02  0.776253E-02
  0.301472E+01  0.922818E+02  0.469723E+02  0.105366E-03  0.104763E-03  0.000000E+00  0.848980E+02  0.848980E+02  0.848980E+02 -0.387634E-03  0.828093E+02  0.736828E+02  0.766541E-02
  0.302863E+01  0.915485E+02  0.465991E+02  0.103571E-03  0.102978E-03  0.000000E+00  0.842234E+02  0.842234E+02  0.842234E+02 -0.384553E-03  0.821513E+02  0.730973E+02  0.756953E-02
  0.304261E+01  0.908209E+02  0.462288E+02  0.101806E-03  0.101223E-03  0.000000E+00  0.835540E+02  0.835540E+02  0.835540E+02 -0.381497E-03  0.814984E+02  0.725164E+02  0.747482E-02
  0.305666E+01  0.900987E+02  0.458612E+02  0.100070E-03  0.994973E-04  0.000000E+00  0.828896E+02  0.828896E+02  0.828896E+02 -0.378463E-03  0.808503E+02  0.719398E+02  0.738126E-02
  0.307077E+01  0.893824E+02  0.454967E+02  0.983647E-04  0.978015E-04  0.000000E+00  0.822307E+02  0.822307E+02  0.822307E+02 -0.375455E-03  0.802075E+02  0.713679E+02  0.728891E-02
  0.308494E+01  0.886716E+02  0.451350E+02  0.966880E-04  0.961344E-04  0.000000E+00  0.815767E+02  0.815767E+02  0.815767E+02 -0.372469E-03  0.795697E+02  0.708005E+02  0.719767E-02
  0.309918E+01  0.879661E+02  0.447759E+02  0.950393E-04  0.944951E-04  0.000000E+00  0.809277E+02  0.809277E+02  0.809277E+02 -0.369505E-03  0.789365E+02  0.702371E+02  0.710757E-02
  0.311348E+01  0.872663E+02  0.444197E+02  0.934190E-04  0.928841E-04  0.000000E+00  0.802839E+02  0.802839E+02  0.802839E+02 -0.366566E-03  0.783086E+02  0.696784E+02  0.701858E-02
  0.312786E+01  0.865718E+02  0.440663E+02  0.918260E-04  0.913002E-04  0.000000E+00  0.796450E+02  0.796450E+02  0.796450E+02 -0.363649E-03  0.776854E+02  0.691239E+02  0.693070E-02
  0.314229E+01  0.858829E+02  0.437156E+02  0.902601E-04  0.897433E-04  0.000000E+00  0.790112E+02  0.790112E+02  0.790112E+02 -0.360755E-03  0.770671E+02  0.685738E+02  0.684392E-02
  0.315680E+01  0.851993E+02  0.433678E+02  0.887210E-04  0.882130E-04  0.000000E+00  0.783823E+02  0.783823E+02  0.783823E+02 -0.357884E-03  0.764537E+02  0.680281E+02  0.675821E-02
  0.317137E+01  0.845209E+02  0.430224E+02  0.872074E-04  0.867081E-04  0.000000E+00  0.777581E+02  0.777581E+02  0.777581E+02 -0.355034E-03  0.758448E+02  0.674863E+02  0.667356E-02
  0.318601E+01  0.838476E+02  0.426798E+02  0.857198E-04  0.852289E-04  0.000000E+00  0.771388E+02  0.771388E+02  0.771388E+02 -0.352206E-03  0.752407E+02  0.669488E+02  0.658994E-02
  0.320071E+01  0.831802E+02  0.423401E+02  0.842579E-04  0.837755E-04  0.000000E+00  0.765248E+02  0.765248E+02  0.765248E+02 -0.349402E-03  0.746418E+02  0.664160E+02  0.650741E-02
  0.321549E+01  0.825172E+02  0.420027E+02  0.828200E-04  0.823458E-04  0.000000E+00  0.759148E+02  0.759148E+02  0.759148E+02 -0.346617E-03  0.740468E+02  0.658866E+02  0.642585E-02
  0.323033E+01  0.818596E+02  0.416680E+02  0.814069E-04  0.809408E-04  0.000000E+00  0.753099E+02  0.753099E+02  0.753099E+02 -0.343855E-03  0.734567E+02  0.653616E+02  0.634531E-02
  0.324524E+01  0.812076E+02  0.413361E+02  0.800181E-04  0.795599E-04  0.000000E+00  0.747100E+02  0.747100E+02  0.747100E+02 -0.341116E-03  0.728715E+02  0.648410E+02  0.626582E-02
  0.326022E+01  0.805603E+02  0.410067E+02  0.786526E-04  0.782022E-04  0.000000E+00  0.741145E+02  0.741145E+02  0.741145E+02 -0.338397E-03  0.722907E+02  0.643241E+02  0.618729E-02
  0.327527E+01  0.799182E+02  0.406799E+02  0.773105E-04  0.768678E-04  0.000000E+00  0.735238E+02  0.735238E+02  0.735238E+02 -0.335700E-03  0.717145E+02  0.638115E+02  0.610973E-02
  0.329039E+01  0.792809E+02  0.403555E+02  0.759908E-04  0.755557E-04  0.000000E+00  0.729375E+02  0.729375E+02  0.729375E+02 -0.333023E-03  0.711426E+02  0.633026E+02  0.603314E-02
  0.330557E+01  0.786489E+02  0.400339E+02  0.746940E-04  0.742664E-04  0.000000E+00  0.723561E+02  0.723561E+02  0.723561E+02 -0.330369E-03  0.705755E+02  0.627981E+02  0.595751E-02
  0.332083E+01  0.780221E+02  0.397149E+02  0.734195E-04  0.729991E-04  0.000000E+00  0.717794E+02  0.717794E+02  0.717794E+02 -0.327736E-03  0.700130E+02  0.622976E+02  0.588285E-02
  0.333616E+01  0.773997E+02  0.393981E+02  0.721661E-04  0.717529E-04  0.000000E+00  0.712069E+02  0.712069E+02  0.712069E+02 -0.325121E-03  0.694545E+02  0.618007E+02  0.580909E-02
  0.335156E+01  0.767824E+02  0.390840E+02  0.709343E-04  0.705282E-04  0.000000E+00  0.706389E+02  0.706389E+02  0.706389E+02 -0.322529E-03  0.689006E+02  0.613078E+02  0.573624E-02
  0.336703E+01  0.761697E+02  0.387721E+02  0.697232E-04  0.693239E-04  0.000000E+00  0.700753E+02  0.700753E+02  0.700753E+02 -0.319955E-03  0.683507E+02  0.608186E+02  0.566430E-02
  0.338257E+01  0.755618E+02  0.384627E+02  0.685326E-04  0.681402E-04  0.000000E+00  0.695161E+02  0.695161E+02  0.695161E+02 -0.317401E-03  0.678052E+02  0.603333E+02  0.559325E-02
  0.339818E+01  0.749587E+02  0.381558E+02  0.673625E-04  0.669768E-04  0.000000E+00  0.689612E+02  0.689612E+02  0.689612E+02 -0.314868E-03  0.672640E+02  0.598518E+02  0.552308E-02
  0.341387E+01  0.743603E+02  0.378512E+02  0.662121E-04  0.658330E-04  0.000000E+00  0.684107E+02  0.684107E+02  0.684107E+02 -0.312354E-03  0.667270E+02  0.593740E+02  0.545380E-02
  0.342963E+01  0.737666E+02  0.375490E+02  0.650812E-04  0.647086E-04  0.000000E+00  0.678645E+02  0.678645E+02  0.678645E+02 -0.309860E-03  0.661942E+02  0.588999E+02  0.538537E-02
  0.344546E+01  0.731776E+02  0.372493E+02  0.639698E-04  0.636036E-04  0.000000E+00  0.673226E+02  0.673226E+02  0.673226E+02 -0.307387E-03  0.656657E+02  0.584297E+02  0.531779E-02
  0.346136E+01  0.725932E+02  0.369518E+02  0.628771E-04  0.625171E-04  0.000000E+00  0.667849E+02  0.667849E+02  0.667849E+02 -0.304931E-03  0.651412E+02  0.579630E+02  0.525106E-02
  0.347734E+01  0.720133E+02  0.366566E+02  0.618030E-04  0.614491E-04  0.000000E+00  0.662515E+02  0.662515E+02  0.662515E+02 -0.302495E-03  0.646208E+02  0.575000E+02  0.518515E-02
  0.349339E+01  0.714381E+02  0.363639E+02  0.607474E-04  0.603996E-04  0.000000E+00  0.657223E+02  0.657223E+02  0.657223E+02 -0.300080E-03  0.641047E+02  0.570408E+02  0.512008E-02
  0.350951E+01  0.708672E+02  0.360733E+02  0.597095E-04  0.593676E-04  0.000000E+00  0.651971E+02  0.651971E+02  0.651971E+02 -0.297682E-03  0.635924E+02  0.565849E+02  0.505581E-02
  0.352571E+01  0.703009E+02  0.357851E+02  0.586893E-04  0.583533E-04  0.000000E+00  0.646761E+02  0.646761E+02  0.646761E+02 -0.295303E-03  0.630842E+02  0.561327E+02  0.499234E-02
  0.354199E+01  0.697391E+02  0.354992E+02  0.576866E-04  0.573563E-04  0.000000E+00  0.641593E+02  0.641593E+02  0.641593E+02 -0.292943E-03  0.625800E+02  0.556842E+02  0.492966E-02
  0.355833E+01  0.691816E+02  0.352154E+02  0.567009E-04  0.563762E-04  0.000000E+00  0.636464E+02  0.636464E+02  0.636464E+02 -0.290601E-03  0.620798E+02  0.552391E+02  0.486777E-02
  0.357476E+01  0.686285E+02  0.349339E+02  0.557318E-04  0.554127E-04  0.000000E+00  0.631375E+02  0.631375E+02  0.631375E+02 -0.288278E-03  0.615834E+02  0.547974E+02  0.480664E-02
  0.359126E+01  0.680798E+02  0.346547E+02  0.547795E-04  0.544659E-04  0.000000E+00  0.626327E+02  0.626327E+02  0.626327E+02 -0.285973E-03  0.610910E+02  0.543594E+02  0.474628E-02
  0.360784E+01  0.675353E+02  0.343775E+02  0.538432E-04  0.535349E-04  0.000000E+00  0.621318E+02  0.621318E+02  0.621318E+02 -0.283686E-03  0.606024E+02  0.539246E+02  0.468666E-02
  0.362449E+01  0.669950E+02  0.341025E+02  0.529228E-04  0.526198E-04  0.000000E+00  0.616348E+02  0.616348E+02  0.616348E+02 -0.281416E-03  0.601176E+02  0.534932E+02  0.462779E-02
  0.364122E+01  0.664591E+02  0.338298E+02  0.520182E-04  0.517204E-04  0.000000E+00  0.611417E+02  0.611417E+02  0.611417E+02 -0.279165E-03  0.596367E+02  0.530653E+02  0.456966E-02
  0.365803E+01  0.659274E+02  0.335591E+02  0.511290E-04  0.508362E-04  0.000000E+00  0.606525E+02  0.606525E+02  0.606525E+02 -0.276932E-03  0.591595E+02  0.526408E+02  0.451225E-02
  0.367491E+01  0.653997E+02  0.332906E+02  0.502547E-04  0.499670E-04  0.000000E+00  0.601671E+02  0.601671E+02  0.601671E+02 -0.274715E-03  0.586860E+02  0.522195E+02  0.445555E-02
  0.369187E+01  0.648763E+02  0.330241E+02  0.493955E-04  0.491127E-04  0.000000E+00  0.596856E+02  0.596856E+02  0.596856E+02 -0.272516E-03  0.582163E+02  0.518015E+02  0.439956E-02
  0.370891E+01  0.643571E+02  0.327599E+02  0.485510E-04  0.482730E-04  0.000000E+00  0.592079E+02  0.592079E+02  0.592079E+02 -0.270336E-03  0.577504E+02  0.513870E+02  0.434428E-02
  0.372603E+01  0.638417E+02  0.324976E+02  0.477207E-04  0.474475E-04  0.000000E+00  0.587338E+02  0.587338E+02  0.587338E+02 -0.268171E-03  0.572879E+02  0.509755E+02  0.428967E-02
  0.374323E+01  0.633305E+02  0.322374E+02  0.469046E-04  0.466360E-04  0.000000E+00  0.582635E+02  0.582635E+02  0.582635E+02 -0.266023E-03  0.568291E+02  0.505673E+02  0.423576E-02
  0.376051E+01  0.628234E+02  0.319793E+02  0.461025E-04  0.458385E-04  0.000000E+00  0.577969E+02  0.577969E+02  0.577969E+02 -0.263893E-03  0.563741E+02  0.501624E+02  0.418251E-02
  0.377787E+01  0.623202E+02  0.317232E+02  0.453140E-04  0.450546E-04  0.000000E+00  0.573340E+02  0.573340E+02  0.573340E+02 -0.261780E-03  0.559225E+02  0.497607E+02  0.412993E-02
  0.379531E+01  0.618209E+02  0.314690E+02  0.445388E-04  0.442838E-04  0.000000E+00  0.568747E+02  0.568747E+02  0.568747E+02 -0.259682E-03  0.554744E+02  0.493620E+02  0.407801E-02
  0.381282E+01  0.613256E+02  0.312169E+02  0.437769E-04  0.435263E-04  0.000000E+00  0.564190E+02  0.564190E+02  0.564190E+02 -0.257602E-03  0.550299E+02  0.489665E+02  0.402673E-02
  0.383042E+01  0.608342E+02  0.309669E+02  0.430281E-04  0.427818E-04  0.000000E+00  0.559670E+02  0.559670E+02  0.559670E+02 -0.255538E-03  0.545891E+02  0.485742E+02  0.397610E-02
  0.384810E+01  0.603466E+02  0.307187E+02  0.422920E-04  0.420498E-04  0.000000E+00  0.555184E+02  0.555184E+02  0.555184E+02 -0.253490E-03  0.541515E+02  0.481849E+02  0.392609E-02
  0.386587E+01  0.598629E+02  0.304724E+02  0.415683E-04  0.413303E-04  0.000000E+00  0.550733E+02  0.550733E+02  0.550733E+02 -0.251457E-03  0.537174E+02  0.477986E+02  0.387671E-02
  0.388371E+01  0.593830E+02  0.302282E+02  0.408571E-04  0.406231E-04  0.000000E+00  0.546318E+02  0.546318E+02  0.546318E+02 -0.249442E-03  0.532867E+02  0.474154E+02  0.382795E-02
  0.390164E+01  0.589069E+02  0.299859E+02  0.401580E-04  0.399281E-04  0.000000E+00  0.541938E+02  0.541938E+02  0.541938E+02 -0.247442E-03  0.528595E+02  0.470353E+02  0.377979E-02
  0.391965E+01  0.584345E+02  0.297454E+02  0.394707E-04  0.392447E-04  0.000000E+00  0.537592E+02  0.537592E+02  0.537592E+02 -0.245458E-03  0.524356E+02  0.466581E+02  0.373224E-02
  0.393774E+01  0.579658E+02  0.295068E+02  0.387952E-04  0.385730E-04  0.000000E+00  0.533280E+02  0.533280E+02  0.533280E+02 -0.243489E-03  0.520150E+02  0.462838E+02  0.368528E-02
  0.395591E+01  0.575008E+02  0.292702E+02  0.381312E-04  0.379129E-04  0.000000E+00  0.529002E+02  0.529002E+02  0.529002E+02 -0.241535E-03  0.515977E+02  0.459126E+02  0.363891E-02
  0.397417E+01  0.570395E+02  0.290354E+02  0.374785E-04  0.372639E-04  0.000000E+00  0.524758E+02  0.524758E+02  0.524758E+02 -0.239598E-03  0.511838E+02  0.455443E+02  0.359311E-02
  0.399252E+01  0.565817E+02  0.288024E+02  0.368370E-04  0.366261E-04  0.000000E+00  0.520547E+02  0.520547E+02  0.520547E+02 -0.237675E-03  0.507730E+02  0.451788E+02  0.354789E-02
  0.401095E+01  0.561277E+02  0.285713E+02  0.362063E-04  0.359990E-04  0.000000E+00  0.516370E+02  0.516370E+02  0.516370E+02 -0.235768E-03  0.503655E+02  0.448162E+02  0.350324E-02
  0.402946E+01  0.556772E+02  0.283420E+02  0.355865E-04  0.353827E-04  0.000000E+00  0.512226E+02  0.512226E+02  0.512226E+02 -0.233875E-03  0.499613E+02  0.444565E+02  0.345914E-02
  0.404806E+01  0.552303E+02  0.281145E+02  0.349773E-04  0.347770E-04  0.000000E+00  0.508114E+02  0.508114E+02  0.508114E+02 -0.231998E-03  0.495603E+02  0.440997E+02  0.341560E-02
  0.406674E+01  0.547867E+02  0.278888E+02  0.343783E-04  0.341814E-04  0.000000E+00  0.504033E+02  0.504033E+02  0.504033E+02 -0.230135E-03  0.491622E+02  0.437456E+02  0.337259E-02
  0.408551E+01  0.543468E+02  0.276648E+02  0.337896E-04  0.335961E-04  0.000000E+00  0.499986E+02  0.499986E+02  0.499986E+02 -0.228287E-03  0.487675E+02  0.433943E+02  0.333012E-02
  0.410437E+01  0.539098E+02  0.274424E+02  0.332106E-04  0.330204E-04  0.000000E+00  0.495966E+02  0.495966E+02  0.495966E+02 -0.226451E-03  0.483753E+02  0.430454E+02  0.328816E-02
  0.412332E+01  0.534768E+02  0.272220E+02  0.326419E-04  0.324550E-04  0.000000E+00  0.491983E+02  0.491983E+02  0.491983E+02 -0.224633E-03  0.479867E+02  0.426996E+02  0.324675E-02
  0.414235E+01  0.530472E+02  0.270034E+02  0.320828E-04  0.318991E-04  0.000000E+00  0.488030E+02  0.488030E+02  0.488030E+02 -0.222828E-03  0.476012E+02  0.423566E+02  0.320586E-02
  0.416147E+01  0.526211E+02  0.267865E+02  0.315333E-04  0.313528E-04  0.000000E+00  0.484110E+02  0.484110E+02  0.484110E+02 -0.221038E-03  0.472188E+02  0.420164E+02  0.316548E-02
  0.418068E+01  0.521981E+02  0.265712E+02  0.309931E-04  0.308156E-04  0.000000E+00  0.480219E+02  0.480219E+02  0.480219E+02 -0.219261E-03  0.468393E+02  0.416786E+02  0.312560E-02
  0.419998E+01  0.517786E+02  0.263576E+02  0.304622E-04  0.302877E-04  0.000000E+00  0.476359E+02  0.476359E+02  0.476359E+02 -0.217499E-03  0.464628E+02  0.413437E+02  0.308623E-02
  0.421936E+01  0.513624E+02  0.261458E+02  0.299403E-04  0.297688E-04  0.000000E+00  0.472530E+02  0.472530E+02  0.472530E+02 -0.215751E-03  0.460893E+02  0.410113E+02  0.304734E-02
  0.423884E+01  0.509494E+02  0.259356E+02  0.294273E-04  0.292588E-04  0.000000E+00  0.468731E+02  0.468731E+02  0.468731E+02 -0.214016E-03  0.457188E+02  0.406816E+02  0.300894E-02
  0.425840E+01  0.505398E+02  0.257271E+02  0.289231E-04  0.287575E-04  0.000000E+00  0.464963E+02  0.464963E+02  0.464963E+02 -0.212296E-03  0.453512E+02  0.403546E+02  0.297103E-02
  0.427806E+01  0.501334E+02  0.255202E+02  0.284275E-04  0.282647E-04  0.000000E+00  0.461223E+02  0.461223E+02  0.461223E+02 -0.210588E-03  0.449865E+02  0.400300E+02  0.293359E-02
  0.429781E+01  0.497301E+02  0.253150E+02  0.279403E-04  0.277804E-04  0.000000E+00  0.457514E+02  0.457514E+02  0.457514E+02 -0.208895E-03  0.446246E+02  0.397081E+02  0.289661E-02
  0.431764E+01  0.493301E+02  0.251113E+02  0.274615E-04  0.273042E-04  0.000000E+00  0.453833E+02  0.453833E+02  0.453833E+02 -0.207214E-03  0.442656E+02  0.393886E+02  0.286010E-02
  0.433757E+01  0.489332E+02  0.249094E+02  0.269909E-04  0.268363E-04  0.000000E+00  0.450182E+02  0.450182E+02  0.450182E+02 -0.205547E-03  0.439095E+02  0.390718E+02  0.282405E-02
  0.435759E+01  0.485395E+02  0.247090E+02  0.265282E-04  0.263764E-04  0.000000E+00  0.446560E+02  0.446560E+02  0.446560E+02 -0.203893E-03  0.435562E+02  0.387574E+02  0.278844E-02
  0.437771E+01  0.481489E+02  0.245101E+02  0.260735E-04  0.259242E-04  0.000000E+00  0.442966E+02  0.442966E+02  0.442966E+02 -0.202253E-03  0.432057E+02  0.384455E+02  0.275329E-02
  0.439791E+01  0.477613E+02  0.243128E+02  0.256265E-04  0.254798E-04  0.000000E+00  0.439401E+02  0.439401E+02  0.439401E+02 -0.200625E-03  0.428579E+02  0.381360E+02  0.271857E-02
  0.441821E+01  0.473768E+02  0.241171E+02  0.251872E-04  0.250430E-04  0.000000E+00  0.435863E+02  0.435863E+02  0.435863E+02 -0.199009E-03  0.425128E+02  0.378290E+02  0.268429E-02
  0.443861E+01  0.469954E+02  0.239230E+02  0.247554E-04  0.246136E-04  0.000000E+00  0.432354E+02  0.432354E+02  0.432354E+02 -0.197407E-03  0.421706E+02  0.375245E+02  0.265044E-02
  0.445910E+01  0.466170E+02  0.237304E+02  0.243309E-04  0.241916E-04  0.000000E+00  0.428873E+02  0.428873E+02  0.428873E+02 -0.195818E-03  0.418310E+02  0.372223E+02  0.261701E-02
  0.447968E+01  0.462415E+02  0.235393E+02  0.239137E-04  0.237768E-04  0.000000E+00  0.425419E+02  0.425419E+02  0.425419E+02 -0.194240E-03  0.414940E+02  0.369225E+02  0.258399E-02
  0.450035E+01  0.458691E+02  0.233497E+02  0.235036E-04  0.233691E-04  0.000000E+00  0.421992E+02  0.421992E+02  0.421992E+02 -0.192676E-03  0.411598E+02  0.366252E+02  0.255140E-02
  0.452113E+01  0.454999E+02  0.231618E+02  0.231007E-04  0.229685E-04  0.000000E+00  0.418596E+02  0.418596E+02  0.418596E+02 -0.191125E-03  0.408286E+02  0.363304E+02  0.251923E-02
  0.454200E+01  0.451332E+02  0.229752E+02  0.227045E-04  0.225745E-04  0.000000E+00  0.415223E+02  0.415223E+02  0.415223E+02 -0.189585E-03  0.404996E+02  0.360376E+02  0.248744E-02
  0.456296E+01  0.447696E+02  0.227901E+02  0.223151E-04  0.221874E-04  0.000000E+00  0.411877E+02  0.411877E+02  0.411877E+02 -0.188058E-03  0.401732E+02  0.357473E+02  0.245606E-02
  0.458402E+01  0.444088E+02  0.226064E+02  0.219323E-04  0.218068E-04  0.000000E+00  0.408558E+02  0.408558E+02  0.408558E+02 -0.186542E-03  0.398494E+02  0.354592E+02  0.242506E-02
  0.460518E+01  0.440508E+02  0.224242E+02  0.215561E-04  0.214327E-04  0.000000E+00  0.405265E+02  0.405265E+02  0.405265E+02 -0.185039E-03  0.395282E+02  0.351734E+02  0.239446E-02
  0.462644E+01  0.436957E+02  0.222434E+02  0.211863E-04  0.210650E-04  0.000000E+00  0.401998E+02  0.401998E+02  0.401998E+02 -0.183547E-03  0.392096E+02  0.348898E+02  0.236424E-02
  0.464779E+01  0.433433E+02  0.220641E+02  0.208228E-04  0.207036E-04  0.000000E+00  0.398756E+02  0.398756E+02  0.398756E+02 -0.182066E-03  0.388933E+02  0.346084E+02  0.233439E-02
  0.466925E+01  0.429938E+02  0.218862E+02  0.204656E-04  0.203484E-04  0.000000E+00  0.395541E+02  0.395541E+02  0.395541E+02 -0.180599E-03  0.385798E+02  0.343294E+02  0.230492E-02
  0.469080E+01  0.426471E+02  0.217097E+02  0.201144E-04  0.199993E-04  0.000000E+00  0.392351E+02  0.392351E+02  0.392351E+02 -0.179142E-03  0.382686E+02  0.340525E+02  0.227582E-02
  0.471245E+01  0.423036E+02  0.215349E+02  0.197695E-04  0.196563E-04  0.000000E+00  0.389191E+02  0.389191E+02  0.389191E+02 -0.177700E-03  0.379604E+02  0.337783E+02  0.224712E-02
  0.473420E+01  0.419623E+02  0.213612E+02  0.194303E-04  0.193190E-04  0.000000E+00  0.386051E+02  0.386051E+02  0.386051E+02 -0.176266E-03  0.376542E+02  0.335058E+02  0.221874E-02
  0.475605E+01  0.416238E+02  0.211888E+02  0.190968E-04  0.189875E-04  0.000000E+00  0.382936E+02  0.382936E+02  0.382936E+02 -0.174844E-03  0.373503E+02  0.332355E+02  0.219073E-02
  0.477801E+01  0.412880E+02  0.210179E+02  0.187691E-04  0.186616E-04  0.000000E+00  0.379847E+02  0.379847E+02  0.379847E+02 -0.173433E-03  0.370491E+02  0.329674E+02  0.216307E-02
  0.480006E+01  0.409548E+02  0.208483E+02  0.184469E-04  0.183413E-04  0.000000E+00  0.376782E+02  0.376782E+02  0.376782E+02 -0.172034E-03  0.367500E+02  0.327013E+02  0.213575E-02
  0.482222E+01  0.406232E+02  0.206795E+02  0.181298E-04  0.180260E-04  0.000000E+00  0.373731E+02  0.373731E+02  0.373731E+02 -0.170640E-03  0.364524E+02  0.324365E+02  0.210871E-02
  0.484448E+01  0.402954E+02  0.205126E+02  0.178187E-04  0.177166E-04  0.000000E+00  0.370715E+02  0.370715E+02  0.370715E+02 -0.169264E-03  0.361583E+02  0.321747E+02  0.208208E-02
  0.486684E+01  0.399701E+02  0.203470E+02  0.175128E-04  0.174125E-04  0.000000E+00  0.367723E+02  0.367723E+02  0.367723E+02 -0.167897E-03  0.358663E+02  0.319150E+02  0.205578E-02
  0.488930E+01  0.396472E+02  0.201827E+02  0.172121E-04  0.171135E-04  0.000000E+00  0.364752E+02  0.364752E+02  0.364752E+02 -0.166541E-03  0.355766E+02  0.316572E+02  0.202980E-02
  0.491187E+01  0.393272E+02  0.200198E+02  0.169166E-04  0.168198E-04  0.000000E+00  0.361808E+02  0.361808E+02  0.361808E+02 -0.165197E-03  0.352894E+02  0.314016E+02  0.200416E-02
  0.493454E+01  0.390088E+02  0.198577E+02  0.166258E-04  0.165306E-04  0.000000E+00  0.358879E+02  0.358879E+02  0.358879E+02 -0.163859E-03  0.350037E+02  0.311474E+02  0.197880E-02
  0.495732E+01  0.386936E+02  0.196973E+02  0.163403E-04  0.162468E-04  0.000000E+00  0.355979E+02  0.355979E+02  0.355979E+02 -0.162535E-03  0.347209E+02  0.308958E+02  0.195379E-02
  0.498020E+01  0.383821E+02  0.195388E+02  0.160602E-04  0.159682E-04  0.000000E+00  0.353113E+02  0.353113E+02  0.353113E+02 -0.161227E-03  0.344414E+02  0.306470E+02  0.192915E-02
  0.500319E+01  0.380720E+02  0.193809E+02  0.157844E-04  0.156940E-04  0.000000E+00  0.350260E+02  0.350260E+02  0.350260E+02 -0.159924E-03  0.341631E+02  0.303994E+02  0.190477E-02
  0.502628E+01  0.377643E+02  0.192243E+02  0.155133E-04  0.154245E-04  0.000000E+00  0.347430E+02  0.347430E+02  0.347430E+02 -0.158632E-03  0.338870E+02  0.301538E+02  0.188070E-02
  0.504948E+01  0.374590E+02  0.190689E+02  0.152468E-04  0.151595E-04  0.000000E+00  0.344621E+02  0.344621E+02  0.344621E+02 -0.157349E-03  0.336131E+02  0.299100E+02  0.185692E-02
  0.507279E+01  0.371562E+02  0.189147E+02  0.149849E-04  0.148991E-04  0.000000E+00  0.341835E+02  0.341835E+02  0.341835E+02 -0.156077E-03  0.333413E+02  0.296682E+02  0.183344E-02
  0.509620E+01  0.368560E+02  0.187620E+02  0.147276E-04  0.146433E-04  0.000000E+00  0.339074E+02  0.339074E+02  0.339074E+02 -0.154817E-03  0.330720E+02  0.294285E+02  0.181027E-02
  0.511973E+01  0.365580E+02  0.186103E+02  0.144746E-04  0.143917E-04  0.000000E+00  0.336332E+02  0.336332E+02  0.336332E+02 -0.153565E-03  0.328045E+02  0.291906E+02  0.178738E-02
  0.514336E+01  0.362623E+02  0.184598E+02  0.142259E-04  0.141444E-04  0.000000E+00  0.333612E+02  0.333612E+02  0.333612E+02 -0.152323E-03  0.325392E+02  0.289545E+02  0.176478E-02
  0.516710E+01  0.359691E+02  0.183105E+02  0.139815E-04  0.139014E-04  0.000000E+00  0.330914E+02  0.330914E+02  0.330914E+02 -0.151091E-03  0.322761E+02  0.287203E+02  0.174246E-02
  0.519095E+01  0.356781E+02  0.181624E+02  0.137413E-04  0.136626E-04  0.000000E+00  0.328237E+02  0.328237E+02  0.328237E+02 -0.149869E-03  0.320150E+02  0.284880E+02  0.172042E-02
  0.521491E+01  0.353893E+02  0.180154E+02  0.135051E-04  0.134277E-04  0.000000E+00  0.325580E+02  0.325580E+02  0.325580E+02 -0.148655E-03  0.317558E+02  0.282574E+02  0.169865E-02
  0.523898E+01  0.351030E+02  0.178696E+02  0.132730E-04  0.131970E-04  0.000000E+00  0.322946E+02  0.322946E+02  0.322946E+02 -0.147453E-03  0.314988E+02  0.280287E+02  0.167716E-02
  0.526316E+01  0.348189E+02  0.177250E+02  0.130449E-04  0.129702E-04  0.000000E+00  0.320332E+02  0.320332E+02  0.320332E+02 -0.146259E-03  0.312439E+02  0.278019E+02  0.165595E-02
  0.528746E+01  0.345372E+02  0.175816E+02  0.128207E-04  0.127473E-04  0.000000E+00  0.317741E+02  0.317741E+02  0.317741E+02 -0.145076E-03  0.309912E+02  0.275770E+02  0.163500E-02
  0.531186E+01  0.342576E+02  0.174393E+02  0.126004E-04  0.125282E-04  0.000000E+00  0.315169E+02  0.315169E+02  0.315169E+02 -0.143902E-03  0.307403E+02  0.273537E+02  0.161431E-02
  0.533638E+01  0.339803E+02  0.172981E+02  0.123838E-04  0.123129E-04  0.000000E+00  0.312617E+02  0.312617E+02  0.312617E+02 -0.142737E-03  0.304914E+02  0.271323E+02  0.159389E-02
  0.536101E+01  0.337052E+02  0.171581E+02  0.121709E-04  0.121012E-04  0.000000E+00  0.310086E+02  0.310086E+02  0.310086E+02 -0.141581E-03  0.302446E+02  0.269126E+02  0.157372E-02
  0.538576E+01  0.334326E+02  0.170193E+02  0.119618E-04  0.118933E-04  0.000000E+00  0.307578E+02  0.307578E+02  0.307578E+02 -0.140436E-03  0.299999E+02  0.266950E+02  0.155382E-02
  0.541062E+01  0.331616E+02  0.168814E+02  0.117561E-04  0.116888E-04  0.000000E+00  0.305085E+02  0.305085E+02  0.305085E+02 -0.139298E-03  0.297568E+02  0.264786E+02  0.153414E-02
  0.543559E+01  0.328935E+02  0.167449E+02  0.115541E-04  0.114880E-04  0.000000E+00  0.302619E+02  0.302619E+02  0.302619E+02 -0.138172E-03  0.295162E+02  0.262645E+02  0.151475E-02
  0.546068E+01  0.326266E+02  0.166091E+02  0.113553E-04  0.112903E-04  0.000000E+00  0.300164E+02  0.300164E+02  0.300164E+02 -0.137051E-03  0.292767E+02  0.260514E+02  0.149555E-02
  0.548589E+01  0.323622E+02  0.164745E+02  0.111600E-04  0.110961E-04  0.000000E+00  0.297731E+02  0.297731E+02  0.297731E+02 -0.135940E-03  0.290394E+02  0.258403E+02  0.147661E-02
  0.551121E+01  0.321002E+02  0.163411E+02  0.109682E-04  0.109054E-04  0.000000E+00  0.295321E+02  0.295321E+02  0.295321E+02 -0.134840E-03  0.288044E+02  0.256311E+02  0.145793E-02
  0.553665E+01  0.318400E+02  0.162086E+02  0.107795E-04  0.107178E-04  0.000000E+00  0.292926E+02  0.292926E+02  0.292926E+02 -0.133746E-03  0.285708E+02  0.254233E+02  0.143946E-02
  0.556220E+01  0.315819E+02  0.160773E+02  0.105942E-04  0.105335E-04  0.000000E+00  0.290552E+02  0.290552E+02  0.290552E+02 -0.132662E-03  0.283392E+02  0.252172E+02  0.142124E-02
  0.558788E+01  0.313259E+02  0.159470E+02  0.104119E-04  0.103523E-04  0.000000E+00  0.288197E+02  0.288197E+02  0.288197E+02 -0.131587E-03  0.281095E+02  0.250128E+02  0.140324E-02
  0.561367E+01  0.310720E+02  0.158177E+02  0.102329E-04  0.101743E-04  0.000000E+00  0.285861E+02  0.285861E+02  0.285861E+02 -0.130520E-03  0.278816E+02  0.248100E+02  0.138547E-02
  0.563958E+01  0.308200E+02  0.156895E+02  0.100568E-04  0.999927E-05  0.000000E+00  0.283543E+02  0.283543E+02  0.283543E+02 -0.129462E-03  0.276556E+02  0.246089E+02  0.136792E-02
  0.566561E+01  0.305702E+02  0.155623E+02  0.988390E-05  0.982731E-05  0.000000E+00  0.281245E+02  0.281245E+02  0.281245E+02 -0.128413E-03  0.274314E+02  0.244094E+02  0.135060E-02
  0.569176E+01  0.303224E+02  0.154361E+02  0.971388E-05  0.965826E-05  0.000000E+00  0.278965E+02  0.278965E+02  0.278965E+02 -0.127372E-03  0.272090E+02  0.242115E+02  0.133349E-02
  0.571803E+01  0.300763E+02  0.153109E+02  0.954670E-05  0.949205E-05  0.000000E+00  0.276700E+02  0.276700E+02  0.276700E+02 -0.126338E-03  0.269882E+02  0.240150E+02  0.131659E-02
  0.574443E+01  0.298323E+02  0.151867E+02  0.938247E-05  0.932875E-05  0.000000E+00  0.274456E+02  0.274456E+02  0.274456E+02 -0.125313E-03  0.267693E+02  0.238202E+02  0.129992E-02
  0.577094E+01  0.295904E+02  0.150635E+02  0.922106E-05  0.916827E-05  0.000000E+00  0.272230E+02  0.272230E+02  0.272230E+02 -0.124297E-03  0.265522E+02  0.236270E+02  0.128345E-02
  0.579758E+01  0.293503E+02  0.149413E+02  0.906239E-05  0.901050E-05  0.000000E+00  0.270021E+02  0.270021E+02  0.270021E+02 -0.123288E-03  0.263367E+02  0.234353E+02  0.126719E-02
  0.582434E+01  0.291120E+02  0.148200E+02  0.890640E-05  0.885541E-05  0.000000E+00  0.267829E+02  0.267829E+02  0.267829E+02 -0.122287E-03  0.261228E+02  0.232450E+02  0.125112E-02
  0.585122E+01  0.288757E+02  0.146997E+02  0.875312E-05  0.870300E-05  0.000000E+00  0.265655E+02  0.265655E+02  0.265655E+02 -0.121295E-03  0.259108E+02  0.230563E+02  0.123527E-02
  0.587823E+01  0.286413E+02  0.145804E+02  0.860247E-05  0.855322E-05  0.000000E+00  0.263499E+02  0.263499E+02  0.263499E+02 -0.120310E-03  0.257005E+02  0.228691E+02  0.121961E-02
  0.590537E+01  0.284087E+02  0.144620E+02  0.845441E-05  0.840601E-05  0.000000E+00  0.261359E+02  0.261359E+02  0.261359E+02 -0.119333E-03  0.254918E+02  0.226835E+02  0.120415E-02
  0.593262E+01  0.281779E+02  0.143445E+02  0.830883E-05  0.826126E-05  0.000000E+00  0.259236E+02  0.259236E+02  0.259236E+02 -0.118363E-03  0.252846E+02  0.224991E+02  0.118888E-02
  0.596001E+01  0.279491E+02  0.142280E+02  0.816581E-05  0.811906E-05  0.000000E+00  0.257131E+02  0.257131E+02  0.257131E+02 -0.117402E-03  0.250793E+02  0.223164E+02  0.117381E-02
  0.598752E+01  0.277222E+02  0.141126E+02  0.802528E-05  0.797933E-05  0.000000E+00  0.255044E+02  0.255044E+02  0.255044E+02 -0.116449E-03  0.248758E+02  0.221353E+02  0.115893E-02
  0.601515E+01  0.274971E+02  0.139980E+02  0.788714E-05  0.784198E-05  0.000000E+00  0.252973E+02  0.252973E+02  0.252973E+02 -0.115504E-03  0.246738E+02  0.219555E+02  0.114424E-02
  0.604292E+01  0.272740E+02  0.138844E+02  0.775141E-05  0.770703E-05  0.000000E+00  0.250919E+02  0.250919E+02  0.250919E+02 -0.114567E-03  0.244735E+02  0.217774E+02  0.112974E-02
  0.607081E+01  0.270522E+02  0.137715E+02  0.761791E-05  0.757430E-05  0.000000E+00  0.248880E+02  0.248880E+02  0.248880E+02 -0.113635E-03  0.242746E+02  0.216003E+02  0.111541E-02
  0.609883E+01  0.268323E+02  0.136595E+02  0.748669E-05  0.744383E-05  0.000000E+00  0.246856E+02  0.246856E+02  0.246856E+02 -0.112711E-03  0.240772E+02  0.214246E+02  0.110125E-02
  0.612698E+01  0.266140E+02  0.135484E+02  0.735773E-05  0.731561E-05  0.000000E+00  0.244848E+02  0.244848E+02  0.244848E+02 -0.111794E-03  0.238813E+02  0.212504E+02  0.108728E-02
  0.615527E+01  0.263977E+02  0.134383E+02  0.723102E-05  0.718962E-05  0.000000E+00  0.242858E+02  0.242858E+02  0.242858E+02 -0.110886E-03  0.236872E+02  0.210777E+02  0.107349E-02
  0.618368E+01  0.261831E+02  0.133291E+02  0.710649E-05  0.706580E-05  0.000000E+00  0.240884E+02  0.240884E+02  0.240884E+02 -0.109984E-03  0.234947E+02  0.209063E+02  0.105987E-02
  0.621222E+01  0.259702E+02  0.132207E+02  0.698408E-05  0.694410E-05  0.000000E+00  0.238925E+02  0.238925E+02  0.238925E+02 -0.109090E-03  0.233036E+02  0.207363E+02  0.104642E-02
  0.624089E+01  0.257592E+02  0.131133E+02  0.686382E-05  0.682453E-05  0.000000E+00  0.236984E+02  0.236984E+02  0.236984E+02 -0.108204E-03  0.231142E+02  0.205678E+02  0.103315E-02
  0.626970E+01  0.255497E+02  0.130066E+02  0.674558E-05  0.670696E-05  0.000000E+00  0.235056E+02  0.235056E+02  0.235056E+02 -0.107323E-03  0.229262E+02  0.204005E+02  0.102004E-02
  0.629864E+01  0.253421E+02  0.129009E+02  0.662943E-05  0.659148E-05  0.000000E+00  0.233146E+02  0.233146E+02  0.233146E+02 -0.106451E-03  0.227399E+02  0.202347E+02  0.100711E-02
  0.632771E+01  0.251361E+02  0.127961E+02  0.651528E-05  0.647798E-05  0.000000E+00  0.231251E+02  0.231251E+02  0.231251E+02 -0.105586E-03  0.225551E+02  0.200703E+02  0.994335E-03
  0.635692E+01  0.249317E+02  0.126920E+02  0.640304E-05  0.636638E-05  0.000000E+00  0.229371E+02  0.229371E+02  0.229371E+02 -0.104728E-03  0.223717E+02  0.199070E+02  0.981717E-03
  0.638626E+01  0.247288E+02  0.125888E+02  0.629273E-05  0.625670E-05  0.000000E+00  0.227505E+02  0.227505E+02  0.227505E+02 -0.103876E-03  0.221897E+02  0.197451E+02  0.969258E-03
  0.641574E+01  0.245276E+02  0.124864E+02  0.618431E-05  0.614890E-05  0.000000E+00  0.225653E+02  0.225653E+02  0.225653E+02 -0.103030E-03  0.220091E+02  0.195844E+02  0.956955E-03
  0.644535E+01  0.243281E+02  0.123848E+02  0.607776E-05  0.604296E-05  0.000000E+00  0.223817E+02  0.223817E+02  0.223817E+02 -0.102192E-03  0.218300E+02  0.194251E+02  0.944810E-03
  0.647510E+01  0.241301E+02  0.122840E+02  0.597303E-05  0.593883E-05  0.000000E+00  0.221996E+02  0.221996E+02  0.221996E+02 -0.101360E-03  0.216524E+02  0.192670E+02  0.932817E-03
  0.650499E+01  0.239337E+02  0.121840E+02  0.587011E-05  0.583650E-05  0.000000E+00  0.220189E+02  0.220189E+02  0.220189E+02 -0.100536E-03  0.214762E+02  0.191102E+02  0.920976E-03
  0.653502E+01  0.237388E+02  0.120848E+02  0.576894E-05  0.573591E-05  0.000000E+00  0.218397E+02  0.218397E+02  0.218397E+02 -0.997170E-04  0.213013E+02  0.189546E+02  0.909282E-03
  0.656518E+01  0.235453E+02  0.119863E+02  0.566944E-05  0.563698E-05  0.000000E+00  0.216616E+02  0.216616E+02  0.216616E+02 -0.989039E-04  0.211276E+02  0.188000E+02  0.897726E-03
  0.659549E+01  0.233536E+02  0.118887E+02  0.557174E-05  0.553984E-05  0.000000E+00  0.214853E+02  0.214853E+02  0.214853E+02 -0.980988E-04  0.209556E+02  0.186469E+02  0.886330E-03
  0.662593E+01  0.231634E+02  0.117919E+02  0.547570E-05  0.544435E-05  0.000000E+00  0.213103E+02  0.213103E+02  0.213103E+02 -0.972998E-04  0.207849E+02  0.184951E+02  0.875073E-03
  0.665651E+01  0.229748E+02  0.116959E+02  0.538133E-05  0.535052E-05  0.000000E+00  0.211368E+02  0.211368E+02  0.211368E+02 -0.965076E-04  0.206157E+02  0.183445E+02  0.863962E-03
  0.668724E+01  0.227877E+02  0.116006E+02  0.528855E-05  0.525828E-05  0.000000E+00  0.209646E+02  0.209646E+02  0.209646E+02 -0.957214E-04  0.204478E+02  0.181950E+02  0.852989E-03
  0.671810E+01  0.226020E+02  0.115061E+02  0.519738E-05  0.516763E-05  0.000000E+00  0.207938E+02  0.207938E+02  0.207938E+02 -0.949416E-04  0.202812E+02  0.180468E+02  0.842155E-03
  0.674911E+01  0.224178E+02  0.114123E+02  0.510777E-05  0.507853E-05  0.000000E+00  0.206243E+02  0.206243E+02  0.206243E+02 -0.941680E-04  0.201159E+02  0.178997E+02  0.831456E-03
  0.678027E+01  0.222352E+02  0.113194E+02  0.501971E-05  0.499097E-05  0.000000E+00  0.204563E+02  0.204563E+02  0.204563E+02 -0.934007E-04  0.199520E+02  0.177539E+02  0.820894E-03
  0.681156E+01  0.220539E+02  0.112271E+02  0.493314E-05  0.490489E-05  0.000000E+00  0.202895E+02  0.202895E+02  0.202895E+02 -0.926392E-04  0.197893E+02  0.176091E+02  0.810463E-03
  0.684300E+01  0.218742E+02  0.111356E+02  0.484808E-05  0.482033E-05  0.000000E+00  0.201242E+02  0.201242E+02  0.201242E+02 -0.918843E-04  0.196281E+02  0.174656E+02  0.800167E-03
  0.687459E+01  0.216959E+02  0.110448E+02  0.476449E-05  0.473721E-05  0.000000E+00  0.199602E+02  0.199602E+02  0.199602E+02 -0.911354E-04  0.194681E+02  0.173232E+02  0.790001E-03
  0.690632E+01  0.215188E+02  0.109547E+02  0.468227E-05  0.465546E-05  0.000000E+00  0.197972E+02  0.197972E+02  0.197972E+02 -0.903914E-04  0.193091E+02  0.171818E+02  0.779954E-03
  0.693820E+01  0.213434E+02  0.108654E+02  0.460153E-05  0.457518E-05  0.000000E+00  0.196359E+02  0.196359E+02  0.196359E+02 -0.896546E-04  0.191518E+02  0.170417E+02  0.770044E-03
  0.697022E+01  0.211693E+02  0.107768E+02  0.452216E-05  0.449627E-05  0.000000E+00  0.194757E+02  0.194757E+02  0.194757E+02 -0.889235E-04  0.189956E+02  0.169028E+02  0.760257E-03
  0.700240E+01  0.209967E+02  0.106889E+02  0.444415E-05  0.441871E-05  0.000000E+00  0.193169E+02  0.193169E+02  0.193169E+02 -0.881981E-04  0.188406E+02  0.167649E+02  0.750594E-03
  0.703472E+01  0.208254E+02  0.106017E+02  0.436750E-05  0.434250E-05  0.000000E+00  0.191593E+02  0.191593E+02  0.191593E+02 -0.874789E-04  0.186870E+02  0.166282E+02  0.741054E-03
  0.706719E+01  0.206556E+02  0.105153E+02  0.429218E-05  0.426761E-05  0.000000E+00  0.190031E+02  0.190031E+02  0.190031E+02 -0.867656E-04  0.185346E+02  0.164926E+02  0.731637E-03
  0.709981E+01  0.204871E+02  0.104295E+02  0.421814E-05  0.419399E-05  0.000000E+00  0.188481E+02  0.188481E+02  0.188481E+02 -0.860579E-04  0.183834E+02  0.163580E+02  0.722338E-03
  0.713258E+01  0.203198E+02  0.103443E+02  0.414534E-05  0.412161E-05  0.000000E+00  0.186942E+02  0.186942E+02  0.186942E+02 -0.853551E-04  0.182333E+02  0.162244E+02  0.713149E-03
  0.716550E+01  0.201543E+02  0.102601E+02  0.407388E-05  0.405055E-05  0.000000E+00  0.185419E+02  0.185419E+02  0.185419E+02 -0.846598E-04  0.180848E+02  0.160923E+02  0.704092E-03
  0.719858E+01  0.199898E+02  0.101763E+02  0.400359E-05  0.398067E-05  0.000000E+00  0.183906E+02  0.183906E+02  0.183906E+02 -0.839689E-04  0.179372E+02  0.159609E+02  0.695140E-03
  0.723181E+01  0.198273E+02  0.100936E+02  0.393464E-05  0.391211E-05  0.000000E+00  0.182411E+02  0.182411E+02  0.182411E+02 -0.832864E-04  0.177914E+02  0.158312E+02  0.686324E-03
  0.726519E+01  0.196654E+02  0.100112E+02  0.386673E-05  0.384460E-05  0.000000E+00  0.180921E+02  0.180921E+02  0.180921E+02 -0.826063E-04  0.176461E+02  0.157019E+02  0.677595E-03
  0.729872E+01  0.195049E+02  0.992948E+01  0.380001E-05  0.377826E-05  0.000000E+00  0.179444E+02  0.179444E+02  0.179444E+02 -0.819320E-04  0.175020E+02  0.155737E+02  0.668978E-03
  0.733241E+01  0.193456E+02  0.984843E+01  0.373444E-05  0.371306E-05  0.000000E+00  0.177979E+02  0.177979E+02  0.177979E+02 -0.812631E-04  0.173591E+02  0.154466E+02  0.660471E-03
  0.736626E+01  0.191873E+02  0.976781E+01  0.366991E-05  0.364890E-05  0.000000E+00  0.176523E+02  0.176523E+02  0.176523E+02 -0.805979E-04  0.172170E+02  0.153201E+02  0.652057E-03
  0.740026E+01  0.190306E+02  0.968803E+01  0.360657E-05  0.358592E-05  0.000000E+00  0.175081E+02  0.175081E+02  0.175081E+02 -0.799397E-04  0.170764E+02  0.151950E+02  0.643763E-03
  0.743441E+01  0.188751E+02  0.960890E+01  0.354431E-05  0.352402E-05  0.000000E+00  0.173651E+02  0.173651E+02  0.173651E+02 -0.792866E-04  0.169369E+02  0.150708E+02  0.635573E-03
  0.746873E+01  0.187210E+02  0.953043E+01  0.348315E-05  0.346320E-05  0.000000E+00  0.172233E+02  0.172233E+02  0.172233E+02 -0.786392E-04  0.167986E+02  0.149478E+02  0.627489E-03
  0.750320E+01  0.185680E+02  0.945256E+01  0.342301E-05  0.340342E-05  0.000000E+00  0.170826E+02  0.170826E+02  0.170826E+02 -0.779966E-04  0.166614E+02  0.148256E+02  0.619505E-03
  0.753784E+01  0.184164E+02  0.937534E+01  0.336393E-05  0.334467E-05  0.000000E+00  0.169430E+02  0.169430E+02  0.169430E+02 -0.773595E-04  0.165252E+02  0.147045E+02  0.611624E-03
  0.757263E+01  0.182656E+02  0.929858E+01  0.330580E-05  0.328687E-05  0.000000E+00  0.168043E+02  0.168043E+02  0.168043E+02 -0.767261E-04  0.163899E+02  0.145841E+02  0.603832E-03
  0.760758E+01  0.181163E+02  0.922259E+01  0.324872E-05  0.323012E-05  0.000000E+00  0.166670E+02  0.166670E+02  0.166670E+02 -0.760990E-04  0.162560E+02  0.144649E+02  0.596148E-03
  0.764270E+01  0.179682E+02  0.914720E+01  0.319262E-05  0.317435E-05  0.000000E+00  0.165307E+02  0.165307E+02  0.165307E+02 -0.754770E-04  0.161231E+02  0.143466E+02  0.588561E-03
  0.767798E+01  0.178213E+02  0.907242E+01  0.313750E-05  0.311953E-05  0.000000E+00  0.163956E+02  0.163956E+02  0.163956E+02 -0.748600E-04  0.159913E+02  0.142293E+02  0.581070E-03
  0.771342E+01  0.176757E+02  0.899827E+01  0.308332E-05  0.306567E-05  0.000000E+00  0.162616E+02  0.162616E+02  0.162616E+02 -0.742481E-04  0.158606E+02  0.141130E+02  0.573675E-03
  0.774902E+01  0.175311E+02  0.892468E+01  0.303007E-05  0.301272E-05  0.000000E+00  0.161286E+02  0.161286E+02  0.161286E+02 -0.736408E-04  0.157309E+02  0.139976E+02  0.566372E-03
  0.778479E+01  0.173878E+02  0.885171E+01  0.297775E-05  0.296070E-05  0.000000E+00  0.159967E+02  0.159967E+02  0.159967E+02 -0.730388E-04  0.156023E+02  0.138831E+02  0.559163E-03
  0.782072E+01  0.172456E+02  0.877930E+01  0.292631E-05  0.290956E-05  0.000000E+00  0.158659E+02  0.158659E+02  0.158659E+02 -0.724413E-04  0.154746E+02  0.137695E+02  0.552044E-03
  0.785682E+01  0.171045E+02  0.870751E+01  0.287577E-05  0.285931E-05  0.000000E+00  0.157361E+02  0.157361E+02  0.157361E+02 -0.718489E-04  0.153481E+02  0.136569E+02  0.545017E-03
  0.789308E+01  0.169646E+02  0.863628E+01  0.282610E-05  0.280992E-05  0.000000E+00  0.156074E+02  0.156074E+02  0.156074E+02 -0.712612E-04  0.152225E+02  0.135452E+02  0.538078E-03
  0.792952E+01  0.168259E+02  0.856566E+01  0.277729E-05  0.276140E-05  0.000000E+00  0.154798E+02  0.154798E+02  0.154798E+02 -0.706785E-04  0.150980E+02  0.134344E+02  0.531229E-03
  0.796612E+01  0.166882E+02  0.849558E+01  0.272932E-05  0.271369E-05  0.000000E+00  0.153531E+02  0.153531E+02  0.153531E+02 -0.701002E-04  0.149745E+02  0.133245E+02  0.524464E-03
  0.800289E+01  0.165517E+02  0.842608E+01  0.268217E-05  0.266682E-05  0.000000E+00  0.152275E+02  0.152275E+02  0.152275E+02 -0.695267E-04  0.148520E+02  0.132155E+02  0.517787E-03
  0.803983E+01  0.164163E+02  0.835713E+01  0.263584E-05  0.262075E-05  0.000000E+00  0.151029E+02  0.151029E+02  0.151029E+02 -0.689578E-04  0.147305E+02  0.131073E+02  0.511193E-03
  0.807694E+01  0.162819E+02  0.828873E+01  0.259030E-05  0.257547E-05  0.000000E+00  0.149793E+02  0.149793E+02  0.149793E+02 -0.683934E-04  0.146099E+02  0.130000E+02  0.504682E-03
  0.811422E+01  0.161486E+02  0.822087E+01  0.254554E-05  0.253097E-05  0.000000E+00  0.148567E+02  0.148567E+02  0.148567E+02 -0.678335E-04  0.144903E+02  0.128936E+02  0.498254E-03
  0.815167E+01  0.160164E+02  0.815356E+01  0.250155E-05  0.248723E-05  0.000000E+00  0.147350E+02  0.147350E+02  0.147350E+02 -0.672781E-04  0.143717E+02  0.127880E+02  0.491907E-03
  0.818930E+01  0.158853E+02  0.808681E+01  0.245833E-05  0.244425E-05  0.000000E+00  0.146144E+02  0.146144E+02  0.146144E+02 -0.667273E-04  0.142540E+02  0.126833E+02  0.485641E-03
  0.822710E+01  0.157552E+02  0.802061E+01  0.241585E-05  0.240202E-05  0.000000E+00  0.144948E+02  0.144948E+02  0.144948E+02 -0.661810E-04  0.141373E+02  0.125795E+02  0.479455E-03
  0.826507E+01  0.156262E+02  0.795495E+01  0.237410E-05  0.236051E-05  0.000000E+00  0.143761E+02  0.143761E+02  0.143761E+02 -0.656393E-04  0.140216E+02  0.124765E+02  0.473348E-03
  0.830322E+01  0.154983E+02  0.788979E+01  0.233307E-05  0.231972E-05  0.000000E+00  0.142584E+02  0.142584E+02  0.142584E+02 -0.651017E-04  0.139067E+02  0.123743E+02  0.467318E-03
  0.834155E+01  0.153713E+02  0.782518E+01  0.229275E-05  0.227963E-05  0.000000E+00  0.141416E+02  0.141416E+02  0.141416E+02 -0.645685E-04  0.137928E+02  0.122729E+02  0.461364E-03
  0.838005E+01  0.152454E+02  0.776109E+01  0.225313E-05  0.224023E-05  0.000000E+00  0.140258E+02  0.140258E+02  0.140258E+02 -0.640397E-04  0.136799E+02  0.121724E+02  0.455486E-03
  0.841873E+01  0.151205E+02  0.769748E+01  0.221418E-05  0.220150E-05  0.000000E+00  0.139108E+02  0.139108E+02  0.139108E+02 -0.635148E-04  0.135677E+02  0.120726E+02  0.449681E-03
  0.845759E+01  0.149966E+02  0.763444E+01  0.217591E-05  0.216345E-05  0.000000E+00  0.137969E+02  0.137969E+02  0.137969E+02 -0.629946E-04  0.134566E+02  0.119737E+02  0.443951E-03
  0.849663E+01  0.148738E+02  0.757188E+01  0.213829E-05  0.212605E-05  0.000000E+00  0.136838E+02  0.136838E+02  0.136838E+02 -0.624784E-04  0.133463E+02  0.118756E+02  0.438293E-03
  0.853585E+01  0.147518E+02  0.750980E+01  0.210132E-05  0.208929E-05  0.000000E+00  0.135716E+02  0.135716E+02  0.135716E+02 -0.619662E-04  0.132369E+02  0.117782E+02  0.432706E-03
  0.857525E+01  0.146310E+02  0.744828E+01  0.206500E-05  0.205318E-05  0.000000E+00  0.134605E+02  0.134605E+02  0.134605E+02 -0.614586E-04  0.131285E+02  0.116817E+02  0.427192E-03
  0.861483E+01  0.145110E+02  0.738721E+01  0.202929E-05  0.201768E-05  0.000000E+00  0.133501E+02  0.133501E+02  0.133501E+02 -0.609547E-04  0.130208E+02  0.115860E+02  0.421746E-03
  0.865460E+01  0.143921E+02  0.732665E+01  0.199421E-05  0.198279E-05  0.000000E+00  0.132407E+02  0.132407E+02  0.132407E+02 -0.604550E-04  0.129141E+02  0.114910E+02  0.416371E-03
  0.869454E+01  0.142740E+02  0.726657E+01  0.195972E-05  0.194850E-05  0.000000E+00  0.131321E+02  0.131321E+02  0.131321E+02 -0.599593E-04  0.128082E+02  0.113967E+02  0.411061E-03
  0.873468E+01  0.141570E+02  0.720700E+01  0.192584E-05  0.191481E-05  0.000000E+00  0.130244E+02  0.130244E+02  0.130244E+02 -0.594677E-04  0.127032E+02  0.113033E+02  0.405822E-03
  0.877499E+01  0.140409E+02  0.714790E+01  0.189254E-05  0.188170E-05  0.000000E+00  0.129176E+02  0.129176E+02  0.129176E+02 -0.589801E-04  0.125990E+02  0.112106E+02  0.400648E-03
  0.881550E+01  0.139258E+02  0.708928E+01  0.185981E-05  0.184916E-05  0.000000E+00  0.128117E+02  0.128117E+02  0.128117E+02 -0.584964E-04  0.124957E+02  0.111186E+02  0.395539E-03
  0.885619E+01  0.138116E+02  0.703113E+01  0.182764E-05  0.181718E-05  0.000000E+00  0.127066E+02  0.127066E+02  0.127066E+02 -0.580166E-04  0.123932E+02  0.110274E+02  0.390496E-03
  0.889706E+01  0.136983E+02  0.697347E+01  0.179604E-05  0.178575E-05  0.000000E+00  0.126024E+02  0.126024E+02  0.126024E+02 -0.575408E-04  0.122916E+02  0.109370E+02  0.385517E-03
  0.893813E+01  0.135859E+02  0.691622E+01  0.176496E-05  0.175486E-05  0.000000E+00  0.124990E+02  0.124990E+02  0.124990E+02 -0.570685E-04  0.121907E+02  0.108472E+02  0.380599E-03
  0.897939E+01  0.134744E+02  0.685947E+01  0.173443E-05  0.172450E-05  0.000000E+00  0.123964E+02  0.123964E+02  0.123964E+02 -0.566003E-04  0.120907E+02  0.107582E+02  0.375745E-03
  0.902084E+01  0.133638E+02  0.680318E+01  0.170443E-05  0.169467E-05  0.000000E+00  0.122947E+02  0.122947E+02  0.122947E+02 -0.561358E-04  0.119914E+02  0.106699E+02  0.370953E-03
  0.906247E+01  0.132541E+02  0.674734E+01  0.167494E-05  0.166535E-05  0.000000E+00  0.121938E+02  0.121938E+02  0.121938E+02 -0.556750E-04  0.118930E+02  0.105823E+02  0.366221E-03
  0.910430E+01  0.131453E+02  0.669195E+01  0.164596E-05  0.163654E-05  0.000000E+00  0.120937E+02  0.120937E+02  0.120937E+02 -0.552180E-04  0.117954E+02  0.104954E+02  0.361549E-03
  0.914633E+01  0.130374E+02  0.663703E+01  0.161749E-05  0.160823E-05  0.000000E+00  0.119944E+02  0.119944E+02  0.119944E+02 -0.547648E-04  0.116986E+02  0.104092E+02  0.356937E-03
  0.918855E+01  0.129305E+02  0.658257E+01  0.158951E-05  0.158041E-05  0.000000E+00  0.118960E+02  0.118960E+02  0.118960E+02 -0.543155E-04  0.116026E+02  0.103238E+02  0.352385E-03
  0.923096E+01  0.128243E+02  0.652849E+01  0.156200E-05  0.155306E-05  0.000000E+00  0.117983E+02  0.117983E+02  0.117983E+02 -0.538693E-04  0.115073E+02  0.102390E+02  0.347888E-03
  0.927357E+01  0.127190E+02  0.647489E+01  0.153497E-05  0.152619E-05  0.000000E+00  0.117014E+02  0.117014E+02  0.117014E+02 -0.534270E-04  0.114128E+02  0.101549E+02  0.343450E-03
  0.931637E+01  0.126145E+02  0.642172E+01  0.150841E-05  0.149978E-05  0.000000E+00  0.116053E+02  0.116053E+02  0.116053E+02 -0.529883E-04  0.113191E+02  0.100715E+02  0.339067E-03
  0.935937E+01  0.125109E+02  0.636899E+01  0.148231E-05  0.147383E-05  0.000000E+00  0.115100E+02  0.115100E+02  0.115100E+02 -0.525532E-04  0.112261E+02  0.998882E+01  0.334741E-03
  0.940257E+01  0.124082E+02  0.631666E+01  0.145665E-05  0.144832E-05  0.000000E+00  0.114155E+02  0.114155E+02  0.114155E+02 -0.521214E-04  0.111339E+02  0.990673E+01  0.330469E-03
  0.944597E+01  0.123062E+02  0.626475E+01  0.143144E-05  0.142325E-05  0.000000E+00  0.113217E+02  0.113217E+02  0.113217E+02 -0.516931E-04  0.110424E+02  0.982532E+01  0.326251E-03
  0.948957E+01  0.122051E+02  0.621327E+01  0.140666E-05  0.139861E-05  0.000000E+00  0.112286E+02  0.112286E+02  0.112286E+02 -0.512684E-04  0.109517E+02  0.974457E+01  0.322087E-03
  0.953338E+01  0.121048E+02  0.616223E+01  0.138232E-05  0.137441E-05  0.000000E+00  0.111364E+02  0.111364E+02  0.111364E+02 -0.508472E-04  0.108617E+02  0.966451E+01  0.317976E-03
  0.957738E+01  0.120054E+02  0.611163E+01  0.135840E-05  0.135062E-05  0.000000E+00  0.110449E+02  0.110449E+02  0.110449E+02 -0.504297E-04  0.107725E+02  0.958513E+01  0.313919E-03
  0.962159E+01  0.119067E+02  0.606135E+01  0.133487E-05  0.132723E-05  0.000000E+00  0.109541E+02  0.109541E+02  0.109541E+02 -0.500148E-04  0.106839E+02  0.950626E+01  0.309910E-03
  0.966600E+01  0.118088E+02  0.601154E+01  0.131177E-05  0.130426E-05  0.000000E+00  0.108641E+02  0.108641E+02  0.108641E+02 -0.496039E-04  0.105961E+02  0.942814E+01  0.305954E-03
  0.971062E+01  0.117118E+02  0.596213E+01  0.128906E-05  0.128168E-05  0.000000E+00  0.107748E+02  0.107748E+02  0.107748E+02 -0.491961E-04  0.105090E+02  0.935064E+01  0.302049E-03
  0.975544E+01  0.116155E+02  0.591310E+01  0.126674E-05  0.125949E-05  0.000000E+00  0.106862E+02  0.106862E+02  0.106862E+02 -0.487916E-04  0.104226E+02  0.927374E+01  0.298192E-03
  0.980047E+01  0.115200E+02  0.586448E+01  0.124481E-05  0.123768E-05  0.000000E+00  0.105983E+02  0.105983E+02  0.105983E+02 -0.483904E-04  0.103369E+02  0.919747E+01  0.294384E-03
  0.984570E+01  0.114253E+02  0.581626E+01  0.122325E-05  0.121625E-05  0.000000E+00  0.105112E+02  0.105112E+02  0.105112E+02 -0.479926E-04  0.102519E+02  0.912184E+01  0.290626E-03
  0.989115E+01  0.113313E+02  0.576842E+01  0.120207E-05  0.119519E-05  0.000000E+00  0.104247E+02  0.104247E+02  0.104247E+02 -0.475979E-04  0.101676E+02  0.904680E+01  0.286914E-03
  0.993680E+01  0.112381E+02  0.572100E+01  0.118126E-05  0.117450E-05  0.000000E+00  0.103390E+02  0.103390E+02  0.103390E+02 -0.472066E-04  0.100840E+02  0.897241E+01  0.283251E-03
  0.998267E+01  0.111457E+02  0.567393E+01  0.116080E-05  0.115415E-05  0.000000E+00  0.102540E+02  0.102540E+02  0.102540E+02 -0.468182E-04  0.100010E+02  0.889858E+01  0.279634E-03
  0.100287E+02  0.110540E+02  0.562726E+01  0.114070E-05  0.113417E-05  0.000000E+00  0.101696E+02  0.101696E+02  0.101696E+02 -0.464331E-04  0.991877E+01  0.882538E+01  0.276063E-03
  0.100750E+02  0.109630E+02  0.558095E+01  0.112094E-05  0.111452E-05  0.000000E+00  0.100860E+02  0.100860E+02  0.100860E+02 -0.460510E-04  0.983715E+01  0.875274E+01  0.272536E-03
  0.101215E+02  0.108728E+02  0.553502E+01  0.110152E-05  0.109522E-05  0.000000E+00  0.100030E+02  0.100030E+02  0.100030E+02 -0.456721E-04  0.975621E+01  0.868071E+01  0.269055E-03
  0.101683E+02  0.107834E+02  0.548948E+01  0.108245E-05  0.107625E-05  0.000000E+00  0.992067E+01  0.992067E+01  0.992067E+01 -0.452964E-04  0.967594E+01  0.860927E+01  0.265619E-03
  0.102152E+02  0.106947E+02  0.544431E+01  0.106370E-05  0.105761E-05  0.000000E+00  0.983904E+01  0.983904E+01  0.983904E+01 -0.449236E-04  0.959632E+01  0.853842E+01  0.262226E-03
  0.102623E+02  0.106066E+02  0.539950E+01  0.104527E-05  0.103929E-05  0.000000E+00  0.975806E+01  0.975806E+01  0.975806E+01 -0.445539E-04  0.951733E+01  0.846813E+01  0.258876E-03
  0.103097E+02  0.105193E+02  0.535504E+01  0.102716E-05  0.102128E-05  0.000000E+00  0.967772E+01  0.967772E+01  0.967772E+01 -0.441870E-04  0.943897E+01  0.839839E+01  0.255568E-03
  0.103573E+02  0.104327E+02  0.531095E+01  0.100937E-05  0.100359E-05  0.000000E+00  0.959805E+01  0.959805E+01  0.959805E+01 -0.438233E-04  0.936127E+01  0.832924E+01  0.252303E-03
  0.104051E+02  0.103468E+02  0.526722E+01  0.991877E-06  0.986199E-06  0.000000E+00  0.951903E+01  0.951903E+01  0.951903E+01 -0.434625E-04  0.928419E+01  0.826065E+01  0.249079E-03
  0.104531E+02  0.102616E+02  0.522385E+01  0.974692E-06  0.969113E-06  0.000000E+00  0.944066E+01  0.944066E+01  0.944066E+01 -0.431047E-04  0.920775E+01  0.819262E+01  0.245897E-03
  0.105014E+02  0.101771E+02  0.518084E+01  0.957804E-06  0.952322E-06  0.000000E+00  0.936292E+01  0.936292E+01  0.936292E+01 -0.427497E-04  0.913193E+01  0.812515E+01  0.242755E-03
  0.105499E+02  0.100933E+02  0.513817E+01  0.941209E-06  0.935821E-06  0.000000E+00  0.928583E+01  0.928583E+01  0.928583E+01 -0.423977E-04  0.905674E+01  0.805823E+01  0.239653E-03
  0.105986E+02  0.100102E+02  0.509586E+01  0.924900E-06  0.919606E-06  0.000000E+00  0.920936E+01  0.920936E+01  0.920936E+01 -0.420486E-04  0.898215E+01  0.799185E+01  0.236590E-03
  0.106475E+02  0.992780E+01  0.505390E+01  0.908876E-06  0.903673E-06  0.000000E+00  0.913353E+01  0.913353E+01  0.913353E+01 -0.417024E-04  0.890820E+01  0.792604E+01  0.233568E-03
  0.106966E+02  0.984599E+01  0.501225E+01  0.893123E-06  0.888010E-06  0.000000E+00  0.905827E+01  0.905827E+01  0.905827E+01 -0.413587E-04  0.883480E+01  0.786072E+01  0.230582E-03
  0.107460E+02  0.976488E+01  0.497096E+01  0.877645E-06  0.872621E-06  0.000000E+00  0.898365E+01  0.898365E+01  0.898365E+01 -0.410180E-04  0.876201E+01  0.779594E+01  0.227635E-03
  0.107956E+02  0.968440E+01  0.492998E+01  0.862432E-06  0.857495E-06  0.000000E+00  0.890961E+01  0.890961E+01  0.890961E+01 -0.406800E-04  0.868980E+01  0.773168E+01  0.224725E-03
  0.108454E+02  0.960464E+01  0.488938E+01  0.847487E-06  0.842636E-06  0.000000E+00  0.883623E+01  0.883623E+01  0.883623E+01 -0.403449E-04  0.861823E+01  0.766798E+01  0.221853E-03
  0.108955E+02  0.952549E+01  0.484908E+01  0.832797E-06  0.828030E-06  0.000000E+00  0.876341E+01  0.876341E+01  0.876341E+01 -0.400124E-04  0.854720E+01  0.760478E+01  0.219017E-03
  0.109458E+02  0.944697E+01  0.480911E+01  0.818361E-06  0.813677E-06  0.000000E+00  0.869117E+01  0.869117E+01  0.869117E+01 -0.396826E-04  0.847675E+01  0.754208E+01  0.216217E-03
  0.109963E+02  0.936910E+01  0.476946E+01  0.804174E-06  0.799571E-06  0.000000E+00  0.861953E+01  0.861953E+01  0.861953E+01 -0.393555E-04  0.840687E+01  0.747989E+01  0.213453E-03
  0.110471E+02  0.929187E+01  0.473014E+01  0.790233E-06  0.785710E-06  0.000000E+00  0.854848E+01  0.854848E+01  0.854848E+01 -0.390311E-04  0.833757E+01  0.741822E+01  0.210724E-03
  0.110981E+02  0.921525E+01  0.469113E+01  0.776532E-06  0.772087E-06  0.000000E+00  0.847799E+01  0.847799E+01  0.847799E+01 -0.387092E-04  0.826882E+01  0.735703E+01  0.208029E-03
  0.111493E+02  0.913930E+01  0.465246E+01  0.763072E-06  0.758704E-06  0.000000E+00  0.840811E+01  0.840811E+01  0.840811E+01 -0.383902E-04  0.820067E+01  0.729638E+01  0.205370E-03
  0.112007E+02  0.906412E+01  0.461419E+01  0.749857E-06  0.745565E-06  0.000000E+00  0.833895E+01  0.833895E+01  0.833895E+01 -0.380744E-04  0.813322E+01  0.723635E+01  0.202748E-03
  0.112524E+02  0.898937E+01  0.457614E+01  0.736856E-06  0.732638E-06  0.000000E+00  0.827018E+01  0.827018E+01  0.827018E+01 -0.377605E-04  0.806615E+01  0.717667E+01  0.200155E-03
  0.113044E+02  0.891521E+01  0.453838E+01  0.724077E-06  0.719932E-06  0.000000E+00  0.820195E+01  0.820195E+01  0.820195E+01 -0.374489E-04  0.799960E+01  0.711744E+01  0.197595E-03
  0.113566E+02  0.884170E+01  0.450096E+01  0.711523E-06  0.707450E-06  0.000000E+00  0.813432E+01  0.813432E+01  0.813432E+01 -0.371402E-04  0.793364E+01  0.705874E+01  0.195069E-03
  0.114090E+02  0.876875E+01  0.446382E+01  0.699183E-06  0.695181E-06  0.000000E+00  0.806721E+01  0.806721E+01  0.806721E+01 -0.368337E-04  0.786818E+01  0.700048E+01  0.192574E-03
  0.114616E+02  0.869642E+01  0.442699E+01  0.687059E-06  0.683126E-06  0.000000E+00  0.800066E+01  0.800066E+01  0.800066E+01 -0.365299E-04  0.780327E+01  0.694272E+01  0.190111E-03
  0.115145E+02  0.862468E+01  0.439047E+01  0.675144E-06  0.671279E-06  0.000000E+00  0.793466E+01  0.793466E+01  0.793466E+01 -0.362285E-04  0.773890E+01  0.688544E+01  0.187679E-03
  0.115677E+02  0.855352E+01  0.435424E+01  0.663435E-06  0.659637E-06  0.000000E+00  0.786919E+01  0.786919E+01  0.786919E+01 -0.359296E-04  0.767505E+01  0.682861E+01  0.185279E-03
  0.116211E+02  0.848294E+01  0.431830E+01  0.651928E-06  0.648196E-06  0.000000E+00  0.780426E+01  0.780426E+01  0.780426E+01 -0.356331E-04  0.761171E+01  0.677224E+01  0.182909E-03
  0.116747E+02  0.841292E+01  0.428266E+01  0.640620E-06  0.636953E-06  0.000000E+00  0.773984E+01  0.773984E+01  0.773984E+01 -0.353390E-04  0.754888E+01  0.671633E+01  0.180569E-03
  0.117286E+02  0.834350E+01  0.424731E+01  0.629508E-06  0.625905E-06  0.000000E+00  0.767597E+01  0.767597E+01  0.767597E+01 -0.350474E-04  0.748659E+01  0.666089E+01  0.178259E-03
  0.117828E+02  0.827463E+01  0.421225E+01  0.618589E-06  0.615048E-06  0.000000E+00  0.761261E+01  0.761261E+01  0.761261E+01 -0.347581E-04  0.742479E+01  0.660589E+01  0.175978E-03
  0.118371E+02  0.820633E+01  0.417748E+01  0.607859E-06  0.604379E-06  0.000000E+00  0.754978E+01  0.754978E+01  0.754978E+01 -0.344712E-04  0.736351E+01  0.655136E+01  0.173727E-03
  0.118918E+02  0.813859E+01  0.414299E+01  0.597314E-06  0.593895E-06  0.000000E+00  0.748745E+01  0.748745E+01  0.748745E+01 -0.341866E-04  0.730272E+01  0.649726E+01  0.171505E-03
  0.119467E+02  0.807138E+01  0.410877E+01  0.586950E-06  0.583590E-06  0.000000E+00  0.742562E+01  0.742562E+01  0.742562E+01 -0.339043E-04  0.724241E+01  0.644359E+01  0.169310E-03
  0.120018E+02  0.800470E+01  0.407482E+01  0.576765E-06  0.573463E-06  0.000000E+00  0.736428E+01  0.736428E+01  0.736428E+01 -0.336242E-04  0.718258E+01  0.639034E+01  0.167143E-03
  0.120572E+02  0.793862E+01  0.404118E+01  0.566759E-06  0.563515E-06  0.000000E+00  0.730348E+01  0.730348E+01  0.730348E+01 -0.333466E-04  0.712328E+01  0.633757E+01  0.165005E-03
  0.121129E+02  0.787304E+01  0.400780E+01  0.556925E-06  0.553737E-06  0.000000E+00  0.724315E+01  0.724315E+01  0.724315E+01 -0.330712E-04  0.706444E+01  0.628520E+01  0.162893E-03
  0.121688E+02  0.780801E+01  0.397468E+01  0.547260E-06  0.544128E-06  0.000000E+00  0.718332E+01  0.718332E+01  0.718332E+01 -0.327980E-04  0.700608E+01  0.623327E+01  0.160808E-03
  0.122249E+02  0.774350E+01  0.394184E+01  0.537763E-06  0.534685E-06  0.000000E+00  0.712397E+01  0.712397E+01  0.712397E+01 -0.325270E-04  0.694820E+01  0.618175E+01  0.158750E-03
  0.122814E+02  0.767953E+01  0.390927E+01  0.528431E-06  0.525406E-06  0.000000E+00  0.706512E+01  0.706512E+01  0.706512E+01 -0.322583E-04  0.689080E+01  0.613067E+01  0.156718E-03
  0.123381E+02  0.761610E+01  0.387698E+01  0.519262E-06  0.516289E-06  0.000000E+00  0.700676E+01  0.700676E+01  0.700676E+01 -0.319919E-04  0.683388E+01  0.608001E+01  0.154713E-03
  0.123950E+02  0.755315E+01  0.384493E+01  0.510248E-06  0.507328E-06  0.000000E+00  0.694884E+01  0.694884E+01  0.694884E+01 -0.317274E-04  0.677739E+01  0.602974E+01  0.152732E-03
  0.124522E+02  0.749075E+01  0.381316E+01  0.501394E-06  0.498524E-06  0.000000E+00  0.689144E+01  0.689144E+01  0.689144E+01 -0.314653E-04  0.672141E+01  0.597992E+01  0.150777E-03
  0.125097E+02  0.742884E+01  0.378164E+01  0.492691E-06  0.489871E-06  0.000000E+00  0.683448E+01  0.683448E+01  0.683448E+01 -0.312052E-04  0.666585E+01  0.593047E+01  0.148847E-03
  0.125674E+02  0.736742E+01  0.375037E+01  0.484138E-06  0.481367E-06  0.000000E+00  0.677797E+01  0.677797E+01  0.677797E+01 -0.309472E-04  0.661074E+01  0.588142E+01  0.146941E-03
  0.126254E+02  0.730651E+01  0.371936E+01  0.475733E-06  0.473010E-06  0.000000E+00  0.672194E+01  0.672194E+01  0.672194E+01 -0.306914E-04  0.655608E+01  0.583278E+01  0.145060E-03
  0.126837E+02  0.724611E+01  0.368860E+01  0.467475E-06  0.464799E-06  0.000000E+00  0.666637E+01  0.666637E+01  0.666637E+01 -0.304377E-04  0.650188E+01  0.578455E+01  0.143203E-03
  0.127423E+02  0.718622E+01  0.365812E+01  0.459361E-06  0.456732E-06  0.000000E+00  0.661127E+01  0.661127E+01  0.661127E+01 -0.301861E-04  0.644815E+01  0.573673E+01  0.141370E-03
  0.128011E+02  0.712680E+01  0.362786E+01  0.451386E-06  0.448803E-06  0.000000E+00  0.655661E+01  0.655661E+01  0.655661E+01 -0.299365E-04  0.639483E+01  0.568927E+01  0.139560E-03
  0.128602E+02  0.706786E+01  0.359786E+01  0.443549E-06  0.441011E-06  0.000000E+00  0.650238E+01  0.650238E+01  0.650238E+01 -0.296889E-04  0.634194E+01  0.564221E+01  0.137773E-03
  0.129195E+02  0.700941E+01  0.356809E+01  0.435848E-06  0.433353E-06  0.000000E+00  0.644860E+01  0.644860E+01  0.644860E+01 -0.294434E-04  0.628949E+01  0.559553E+01  0.136009E-03
  0.129792E+02  0.695142E+01  0.353857E+01  0.428279E-06  0.425828E-06  0.000000E+00  0.639525E+01  0.639525E+01  0.639525E+01 -0.291998E-04  0.623745E+01  0.554922E+01  0.134267E-03
  0.130391E+02  0.689392E+01  0.350929E+01  0.420843E-06  0.418434E-06  0.000000E+00  0.634235E+01  0.634235E+01  0.634235E+01 -0.289582E-04  0.618586E+01  0.550330E+01  0.132547E-03
  0.130993E+02  0.683687E+01  0.348025E+01  0.413534E-06  0.411167E-06  0.000000E+00  0.628987E+01  0.628987E+01  0.628987E+01 -0.287186E-04  0.613467E+01  0.545774E+01  0.130850E-03
  0.131597E+02  0.678031E+01  0.345145E+01  0.406352E-06  0.404027E-06  0.000000E+00  0.623783E+01  0.623783E+01  0.623783E+01 -0.284810E-04  0.608391E+01  0.541257E+01  0.129174E-03
  0.132205E+02  0.672421E+01  0.342289E+01  0.399296E-06  0.397010E-06  0.000000E+00  0.618621E+01  0.618621E+01  0.618621E+01 -0.282453E-04  0.603357E+01  0.536777E+01  0.127519E-03
  0.132815E+02  0.666856E+01  0.339456E+01  0.392361E-06  0.390115E-06  0.000000E+00  0.613502E+01  0.613502E+01  0.613502E+01 -0.280116E-04  0.598364E+01  0.532333E+01  0.125886E-03
  0.133428E+02  0.661338E+01  0.336646E+01  0.385547E-06  0.383340E-06  0.000000E+00  0.608425E+01  0.608425E+01  0.608425E+01 -0.277798E-04  0.593413E+01  0.527927E+01  0.124274E-03
  0.134044E+02  0.655864E+01  0.333859E+01  0.378850E-06  0.376682E-06  0.000000E+00  0.603390E+01  0.603390E+01  0.603390E+01 -0.275499E-04  0.588501E+01  0.523555E+01  0.122682E-03
  0.134663E+02  0.650435E+01  0.331095E+01  0.372269E-06  0.370139E-06  0.000000E+00  0.598394E+01  0.598394E+01  0.598394E+01 -0.273218E-04  0.583629E+01  0.519219E+01  0.121110E-03
  0.135284E+02  0.645055E+01  0.328356E+01  0.365805E-06  0.363712E-06  0.000000E+00  0.593445E+01  0.593445E+01  0.593445E+01 -0.270958E-04  0.578801E+01  0.514923E+01  0.119560E-03
  0.135909E+02  0.639715E+01  0.325637E+01  0.359451E-06  0.357394E-06  0.000000E+00  0.588532E+01  0.588532E+01  0.588532E+01 -0.268715E-04  0.574010E+01  0.510659E+01  0.118028E-03
  0.136536E+02  0.634416E+01  0.322939E+01  0.353205E-06  0.351184E-06  0.000000E+00  0.583657E+01  0.583657E+01  0.583657E+01 -0.266489E-04  0.569255E+01  0.506427E+01  0.116516E-03
  0.137166E+02  0.629163E+01  0.320265E+01  0.347069E-06  0.345083E-06  0.000000E+00  0.578824E+01  0.578824E+01  0.578824E+01 -0.264282E-04  0.564541E+01  0.502232E+01  0.115023E-03
  0.137799E+02  0.623953E+01  0.317612E+01  0.341040E-06  0.339088E-06  0.000000E+00  0.574030E+01  0.574030E+01  0.574030E+01 -0.262094E-04  0.559866E+01  0.498071E+01  0.113549E-03
  0.138435E+02  0.618785E+01  0.314981E+01  0.335115E-06  0.333197E-06  0.000000E+00  0.569277E+01  0.569277E+01  0.569277E+01 -0.259923E-04  0.555229E+01  0.493945E+01  0.112094E-03
  0.139074E+02  0.613660E+01  0.312372E+01  0.329292E-06  0.327407E-06  0.000000E+00  0.564562E+01  0.564562E+01  0.564562E+01 -0.257770E-04  0.550631E+01  0.489852E+01  0.110658E-03
  0.139716E+02  0.608578E+01  0.309784E+01  0.323571E-06  0.321719E-06  0.000000E+00  0.559886E+01  0.559886E+01  0.559886E+01 -0.255636E-04  0.546070E+01  0.485793E+01  0.109240E-03
  0.140361E+02  0.603534E+01  0.307216E+01  0.317947E-06  0.316127E-06  0.000000E+00  0.555245E+01  0.555245E+01  0.555245E+01 -0.253517E-04  0.541544E+01  0.481765E+01  0.107840E-03
  0.141009E+02  0.598537E+01  0.304672E+01  0.312423E-06  0.310635E-06  0.000000E+00  0.550647E+01  0.550647E+01  0.550647E+01 -0.251418E-04  0.537060E+01  0.477774E+01  0.106459E-03
  0.141660E+02  0.593577E+01  0.302147E+01  0.306994E-06  0.305237E-06  0.000000E+00  0.546085E+01  0.546085E+01  0.546085E+01 -0.249334E-04  0.532610E+01  0.473814E+01  0.105094E-03
  0.142314E+02  0.588659E+01  0.299643E+01  0.301659E-06  0.299933E-06  0.000000E+00  0.541560E+01  0.541560E+01  0.541560E+01 -0.247268E-04  0.528196E+01  0.469886E+01  0.103748E-03
  0.142971E+02  0.583781E+01  0.297159E+01  0.296417E-06  0.294720E-06  0.000000E+00  0.537072E+01  0.537072E+01  0.537072E+01 -0.245219E-04  0.523820E+01  0.465991E+01  0.102418E-03
  0.143631E+02  0.578943E+01  0.294696E+01  0.291265E-06  0.289598E-06  0.000000E+00  0.532621E+01  0.532621E+01  0.532621E+01 -0.243187E-04  0.519478E+01  0.462127E+01  0.101106E-03
  0.144293E+02  0.574143E+01  0.292252E+01  0.286202E-06  0.284564E-06  0.000000E+00  0.528206E+01  0.528206E+01  0.528206E+01 -0.241171E-04  0.515172E+01  0.458294E+01  0.998095E-04
  0.144960E+02  0.569385E+01  0.289830E+01  0.281228E-06  0.279619E-06  0.000000E+00  0.523828E+01  0.523828E+01  0.523828E+01 -0.239172E-04  0.510902E+01  0.454494E+01  0.985304E-04
  0.145629E+02  0.564666E+01  0.287427E+01  0.276340E-06  0.274759E-06  0.000000E+00  0.519486E+01  0.519486E+01  0.519486E+01 -0.237190E-04  0.506667E+01  0.450725E+01  0.972677E-04
  0.146301E+02  0.559984E+01  0.285043E+01  0.271537E-06  0.269983E-06  0.000000E+00  0.515179E+01  0.515179E+01  0.515179E+01 -0.235223E-04  0.502467E+01  0.446987E+01  0.960209E-04
  0.146976E+02  0.555341E+01  0.282679E+01  0.266816E-06  0.265289E-06  0.000000E+00  0.510907E+01  0.510907E+01  0.510907E+01 -0.233273E-04  0.498300E+01  0.443279E+01  0.947901E-04
  0.147655E+02  0.550737E+01  0.280335E+01  0.262178E-06  0.260678E-06  0.000000E+00  0.506671E+01  0.506671E+01  0.506671E+01 -0.231339E-04  0.494169E+01  0.439602E+01  0.935751E-04
  0.148336E+02  0.546163E+01  0.278006E+01  0.257617E-06  0.256142E-06  0.000000E+00  0.502463E+01  0.502463E+01  0.502463E+01 -0.229417E-04  0.490064E+01  0.435949E+01  0.923743E-04
  0.149021E+02  0.541633E+01  0.275700E+01  0.253138E-06  0.251689E-06  0.000000E+00  0.498296E+01  0.498296E+01  0.498296E+01 -0.227514E-04  0.485999E+01  0.432331E+01  0.911901E-04
  0.149709E+02  0.537141E+01  0.273413E+01  0.248737E-06  0.247313E-06  0.000000E+00  0.494163E+01  0.494163E+01  0.494163E+01 -0.225627E-04  0.481969E+01  0.428744E+01  0.900211E-04
  0.150400E+02  0.532685E+01  0.271144E+01  0.244412E-06  0.243013E-06  0.000000E+00  0.490063E+01  0.490063E+01  0.490063E+01 -0.223756E-04  0.477970E+01  0.425185E+01  0.888670E-04
  0.151094E+02  0.528266E+01  0.268894E+01  0.240162E-06  0.238787E-06  0.000000E+00  0.485998E+01  0.485998E+01  0.485998E+01 -0.221899E-04  0.474005E+01  0.421656E+01  0.877276E-04
  0.151791E+02  0.523883E+01  0.266662E+01  0.235986E-06  0.234635E-06  0.000000E+00  0.481966E+01  0.481966E+01  0.481966E+01 -0.220058E-04  0.470072E+01  0.418156E+01  0.866029E-04
  0.152492E+02  0.519536E+01  0.264449E+01  0.231882E-06  0.230555E-06  0.000000E+00  0.477966E+01  0.477966E+01  0.477966E+01 -0.218232E-04  0.466171E+01  0.414684E+01  0.854924E-04
  0.153196E+02  0.515226E+01  0.262254E+01  0.227850E-06  0.226546E-06  0.000000E+00  0.474001E+01  0.474001E+01  0.474001E+01 -0.216421E-04  0.462304E+01  0.411242E+01  0.843963E-04
  0.153903E+02  0.510950E+01  0.260077E+01  0.223887E-06  0.222606E-06  0.000000E+00  0.470067E+01  0.470067E+01  0.470067E+01 -0.214625E-04  0.458467E+01  0.407828E+01  0.833142E-04
  0.154613E+02  0.506711E+01  0.257919E+01  0.219994E-06  0.218735E-06  0.000000E+00  0.466167E+01  0.466167E+01  0.466167E+01 -0.212845E-04  0.454663E+01  0.404442E+01  0.822461E-04
  0.155327E+02  0.502505E+01  0.255777E+01  0.216168E-06  0.214931E-06  0.000000E+00  0.462297E+01  0.462297E+01  0.462297E+01 -0.211078E-04  0.450889E+01  0.401083E+01  0.811914E-04
  0.156044E+02  0.498333E+01  0.253653E+01  0.212408E-06  0.211192E-06  0.000000E+00  0.458459E+01  0.458459E+01  0.458459E+01 -0.209325E-04  0.447146E+01  0.397752E+01  0.801502E-04
  0.156764E+02  0.494196E+01  0.251547E+01  0.208713E-06  0.207519E-06  0.000000E+00  0.454653E+01  0.454653E+01  0.454653E+01 -0.207588E-04  0.443434E+01  0.394448E+01  0.791224E-04
  0.157488E+02  0.490097E+01  0.249460E+01  0.205084E-06  0.203911E-06  0.000000E+00  0.450882E+01  0.450882E+01  0.450882E+01 -0.205866E-04  0.439756E+01  0.391175E+01  0.781084E-04
  0.158215E+02  0.486027E+01  0.247388E+01  0.201517E-06  0.200364E-06  0.000000E+00  0.447138E+01  0.447138E+01  0.447138E+01 -0.204156E-04  0.436104E+01  0.387925E+01  0.771066E-04
  0.158945E+02  0.481991E+01  0.245333E+01  0.198011E-06  0.196878E-06  0.000000E+00  0.443425E+01  0.443425E+01  0.443425E+01 -0.202461E-04  0.432483E+01  0.384702E+01  0.761177E-04
  0.159679E+02  0.477988E+01  0.243295E+01  0.194566E-06  0.193453E-06  0.000000E+00  0.439742E+01  0.439742E+01  0.439742E+01 -0.200780E-04  0.428891E+01  0.381505E+01  0.751414E-04
  0.160416E+02  0.474018E+01  0.241274E+01  0.191181E-06  0.190087E-06  0.000000E+00  0.436090E+01  0.436090E+01  0.436090E+01 -0.199112E-04  0.425328E+01  0.378334E+01  0.741776E-04
  0.161156E+02  0.470081E+01  0.239269E+01  0.187855E-06  0.186780E-06  0.000000E+00  0.432467E+01  0.432467E+01  0.432467E+01 -0.197458E-04  0.421796E+01  0.375190E+01  0.732262E-04
  0.161900E+02  0.466177E+01  0.237281E+01  0.184587E-06  0.183530E-06  0.000000E+00  0.428875E+01  0.428875E+01  0.428875E+01 -0.195818E-04  0.418292E+01  0.372072E+01  0.722870E-04
  0.162647E+02  0.462304E+01  0.235309E+01  0.181375E-06  0.180337E-06  0.000000E+00  0.425312E+01  0.425312E+01  0.425312E+01 -0.194191E-04  0.414817E+01  0.368979E+01  0.713598E-04
  0.163398E+02  0.458463E+01  0.233353E+01  0.178219E-06  0.177199E-06  0.000000E+00  0.421778E+01  0.421778E+01  0.421778E+01 -0.192578E-04  0.411370E+01  0.365911E+01  0.704444E-04
  0.164152E+02  0.454653E+01  0.231414E+01  0.175118E-06  0.174115E-06  0.000000E+00  0.418273E+01  0.418273E+01  0.418273E+01 -0.190977E-04  0.407952E+01  0.362869E+01  0.695408E-04
  0.164910E+02  0.450875E+01  0.229490E+01  0.172070E-06  0.171085E-06  0.000000E+00  0.414797E+01  0.414797E+01  0.414797E+01 -0.189390E-04  0.404561E+01  0.359852E+01  0.686487E-04
  0.165671E+02  0.447128E+01  0.227582E+01  0.169076E-06  0.168108E-06  0.000000E+00  0.411350E+01  0.411350E+01  0.411350E+01 -0.187816E-04  0.401199E+01  0.356860E+01  0.677681E-04
  0.166436E+02  0.443413E+01  0.225691E+01  0.166134E-06  0.165183E-06  0.000000E+00  0.407932E+01  0.407932E+01  0.407932E+01 -0.186256E-04  0.397866E+01  0.353893E+01  0.668989E-04
  0.167204E+02  0.439727E+01  0.223814E+01  0.163242E-06  0.162308E-06  0.000000E+00  0.404541E+01  0.404541E+01  0.404541E+01 -0.184707E-04  0.394559E+01  0.350949E+01  0.660406E-04
  0.167976E+02  0.436072E+01  0.221953E+01  0.160401E-06  0.159483E-06  0.000000E+00  0.401179E+01  0.401179E+01  0.401179E+01 -0.183172E-04  0.391279E+01  0.348030E+01  0.651934E-04
  0.168751E+02  0.432447E+01  0.220108E+01  0.157609E-06  0.156707E-06  0.000000E+00  0.397844E+01  0.397844E+01  0.397844E+01 -0.181649E-04  0.388026E+01  0.345135E+01  0.643571E-04
  0.169530E+02  0.428852E+01  0.218277E+01  0.154866E-06  0.153980E-06  0.000000E+00  0.394536E+01  0.394536E+01  0.394536E+01 -0.180139E-04  0.384800E+01  0.342264E+01  0.635314E-04
  0.170313E+02  0.425286E+01  0.216462E+01  0.152170E-06  0.151300E-06  0.000000E+00  0.391256E+01  0.391256E+01  0.391256E+01 -0.178641E-04  0.381601E+01  0.339417E+01  0.627163E-04
  0.171099E+02  0.421750E+01  0.214661E+01  0.149521E-06  0.148666E-06  0.000000E+00  0.388002E+01  0.388002E+01  0.388002E+01 -0.177156E-04  0.378427E+01  0.336592E+01  0.619116E-04
  0.171888E+02  0.418242E+01  0.212875E+01  0.146918E-06  0.146077E-06  0.000000E+00  0.384774E+01  0.384774E+01  0.384774E+01 -0.175682E-04  0.375279E+01  0.333791E+01  0.611171E-04
  0.172682E+02  0.414764E+01  0.211104E+01  0.144361E-06  0.143535E-06  0.000000E+00  0.381575E+01  0.381575E+01  0.381575E+01 -0.174221E-04  0.372159E+01  0.331013E+01  0.603330E-04
  0.173479E+02  0.411315E+01  0.209348E+01  0.141847E-06  0.141036E-06  0.000000E+00  0.378402E+01  0.378402E+01  0.378402E+01 -0.172772E-04  0.369064E+01  0.328259E+01  0.595590E-04
  0.174280E+02  0.407894E+01  0.207606E+01  0.139378E-06  0.138581E-06  0.000000E+00  0.375254E+01  0.375254E+01  0.375254E+01 -0.171335E-04  0.365994E+01  0.325527E+01  0.587948E-04
  0.175084E+02  0.404500E+01  0.205878E+01  0.136951E-06  0.136168E-06  0.000000E+00  0.372132E+01  0.372132E+01  0.372132E+01 -0.169910E-04  0.362949E+01  0.322817E+01  0.580404E-04
  0.175892E+02  0.401135E+01  0.204165E+01  0.134567E-06  0.133797E-06  0.000000E+00  0.369036E+01  0.369036E+01  0.369036E+01 -0.168496E-04  0.359930E+01  0.320129E+01  0.572956E-04
  0.176704E+02  0.397798E+01  0.202465E+01  0.132224E-06  0.131467E-06  0.000000E+00  0.365966E+01  0.365966E+01  0.365966E+01 -0.167094E-04  0.356935E+01  0.317464E+01  0.565604E-04
  0.177520E+02  0.394488E+01  0.200780E+01  0.129921E-06  0.129178E-06  0.000000E+00  0.362920E+01  0.362920E+01  0.362920E+01 -0.165704E-04  0.353965E+01  0.314820E+01  0.558346E-04
  0.178339E+02  0.391206E+01  0.199109E+01  0.127659E-06  0.126928E-06  0.000000E+00  0.359901E+01  0.359901E+01  0.359901E+01 -0.164325E-04  0.351020E+01  0.312199E+01  0.551182E-04
  0.179162E+02  0.387950E+01  0.197451E+01  0.125436E-06  0.124718E-06  0.000000E+00  0.356905E+01  0.356905E+01  0.356905E+01 -0.162958E-04  0.348098E+01  0.309599E+01  0.544108E-04
  0.179989E+02  0.384721E+01  0.195807E+01  0.123251E-06  0.122546E-06  0.000000E+00  0.353935E+01  0.353935E+01  0.353935E+01 -0.161601E-04  0.345201E+01  0.307020E+01  0.537126E-04
  0.180820E+02  0.381519E+01  0.194177E+01  0.121105E-06  0.120412E-06  0.000000E+00  0.350989E+01  0.350989E+01  0.350989E+01 -0.160256E-04  0.342328E+01  0.304463E+01  0.530233E-04
  0.181655E+02  0.378342E+01  0.192559E+01  0.118995E-06  0.118315E-06  0.000000E+00  0.348067E+01  0.348067E+01  0.348067E+01 -0.158922E-04  0.339478E+01  0.301926E+01  0.523428E-04
  0.182493E+02  0.375193E+01  0.190956E+01  0.116923E-06  0.116254E-06  0.000000E+00  0.345169E+01  0.345169E+01  0.345169E+01 -0.157599E-04  0.336652E+01  0.299411E+01  0.516711E-04
  0.183336E+02  0.372069E+01  0.189365E+01  0.114886E-06  0.114229E-06  0.000000E+00  0.342295E+01  0.342295E+01  0.342295E+01 -0.156287E-04  0.333849E+01  0.296916E+01  0.510079E-04
  0.184182E+02  0.368971E+01  0.187788E+01  0.112885E-06  0.112239E-06  0.000000E+00  0.339445E+01  0.339445E+01  0.339445E+01 -0.154985E-04  0.331069E+01  0.294442E+01  0.503533E-04
  0.185032E+02  0.365899E+01  0.186224E+01  0.110919E-06  0.110284E-06  0.000000E+00  0.336618E+01  0.336618E+01  0.336618E+01 -0.153695E-04  0.328312E+01  0.291989E+01  0.497070E-04
  0.185886E+02  0.362852E+01  0.184672E+01  0.108987E-06  0.108363E-06  0.000000E+00  0.333815E+01  0.333815E+01  0.333815E+01 -0.152415E-04  0.325578E+01  0.289555E+01  0.490691E-04
  0.186744E+02  0.359854E+01  0.183146E+01  0.107096E-06  0.106483E-06  0.000000E+00  0.331057E+01  0.331057E+01  0.331057E+01 -0.151156E-04  0.322889E+01  0.287162E+01  0.484427E-04
  0.187606E+02  0.356857E+01  0.181621E+01  0.105230E-06  0.104628E-06  0.000000E+00  0.328300E+01  0.328300E+01  0.328300E+01 -0.149897E-04  0.320201E+01  0.284769E+01  0.478211E-04
  0.188472E+02  0.353884E+01  0.180107E+01  0.103396E-06  0.102805E-06  0.000000E+00  0.325564E+01  0.325564E+01  0.325564E+01 -0.148648E-04  0.317532E+01  0.282394E+01  0.472071E-04
  0.189342E+02  0.350935E+01  0.178605E+01  0.101595E-06  0.101014E-06  0.000000E+00  0.322852E+01  0.322852E+01  0.322852E+01 -0.147410E-04  0.314887E+01  0.280040E+01  0.466012E-04
  0.190216E+02  0.348012E+01  0.177117E+01  0.998249E-07  0.992538E-07  0.000000E+00  0.320163E+01  0.320163E+01  0.320163E+01 -0.146182E-04  0.312264E+01  0.277705E+01  0.460031E-04
  0.191094E+02  0.345113E+01  0.175641E+01  0.980857E-07  0.975245E-07  0.000000E+00  0.317495E+01  0.317495E+01  0.317495E+01 -0.144964E-04  0.309662E+01  0.275390E+01  0.454127E-04
  0.191976E+02  0.342237E+01  0.174176E+01  0.963764E-07  0.958250E-07  0.000000E+00  0.314849E+01  0.314849E+01  0.314849E+01 -0.143756E-04  0.307082E+01  0.273093E+01  0.448297E-04
  0.192862E+02  0.339386E+01  0.172725E+01  0.946972E-07  0.941554E-07  0.000000E+00  0.312226E+01  0.312226E+01  0.312226E+01 -0.142558E-04  0.304523E+01  0.270816E+01  0.442544E-04
  0.193752E+02  0.336559E+01  0.171285E+01  0.930475E-07  0.925152E-07  0.000000E+00  0.309625E+01  0.309625E+01  0.309625E+01 -0.141371E-04  0.301987E+01  0.268558E+01  0.436866E-04
  0.194647E+02  0.333754E+01  0.169857E+01  0.914261E-07  0.909030E-07  0.000000E+00  0.307045E+01  0.307045E+01  0.307045E+01 -0.140193E-04  0.299470E+01  0.266318E+01  0.431258E-04
  0.195545E+02  0.330973E+01  0.168441E+01  0.898329E-07  0.893189E-07  0.000000E+00  0.304486E+01  0.304486E+01  0.304486E+01 -0.139024E-04  0.296974E+01  0.264097E+01  0.425723E-04
  0.196448E+02  0.328213E+01  0.167036E+01  0.882671E-07  0.877621E-07  0.000000E+00  0.301947E+01  0.301947E+01  0.301947E+01 -0.137865E-04  0.294498E+01  0.261893E+01  0.420257E-04
  0.197354E+02  0.325477E+01  0.165643E+01  0.867287E-07  0.862325E-07  0.000000E+00  0.299430E+01  0.299430E+01  0.299430E+01 -0.136716E-04  0.292043E+01  0.259708E+01  0.414863E-04
  0.198265E+02  0.322770E+01  0.164265E+01  0.852190E-07  0.847314E-07  0.000000E+00  0.296940E+01  0.296940E+01  0.296940E+01 -0.135579E-04  0.289615E+01  0.257546E+01  0.409547E-04
  0.199180E+02  0.320079E+01  0.162895E+01  0.837337E-07  0.832546E-07  0.000000E+00  0.294464E+01  0.294464E+01  0.294464E+01 -0.134448E-04  0.287200E+01  0.255397E+01  0.404290E-04
  0.200100E+02  0.317410E+01  0.161536E+01  0.822741E-07  0.818034E-07  0.000000E+00  0.292009E+01  0.292009E+01  0.292009E+01 -0.133327E-04  0.284805E+01  0.253266E+01  0.399100E-04
  0.201023E+02  0.314761E+01  0.160186E+01  0.808392E-07  0.803767E-07  0.000000E+00  0.289571E+01  0.289571E+01  0.289571E+01 -0.132214E-04  0.282427E+01  0.251149E+01  0.393973E-04
  0.201951E+02  0.312136E+01  0.158850E+01  0.794300E-07  0.789756E-07  0.000000E+00  0.287156E+01  0.287156E+01  0.287156E+01 -0.131112E-04  0.280072E+01  0.249053E+01  0.388916E-04
  0.202884E+02  0.309532E+01  0.157524E+01  0.780453E-07  0.775988E-07  0.000000E+00  0.284761E+01  0.284761E+01  0.284761E+01 -0.130018E-04  0.277736E+01  0.246974E+01  0.383923E-04
  0.203820E+02  0.306951E+01  0.156210E+01  0.766847E-07  0.762460E-07  0.000000E+00  0.282385E+01  0.282385E+01  0.282385E+01 -0.128933E-04  0.275419E+01  0.244912E+01  0.378995E-04
  0.204761E+02  0.304390E+01  0.154906E+01  0.753478E-07  0.749167E-07  0.000000E+00  0.280030E+01  0.280030E+01  0.280030E+01 -0.127858E-04  0.273122E+01  0.242867E+01  0.374129E-04
  0.205706E+02  0.301851E+01  0.153613E+01  0.740342E-07  0.736107E-07  0.000000E+00  0.277694E+01  0.277694E+01  0.277694E+01 -0.126791E-04  0.270843E+01  0.240839E+01  0.369327E-04
  0.206655E+02  0.299333E+01  0.152331E+01  0.727435E-07  0.723273E-07  0.000000E+00  0.275377E+01  0.275377E+01  0.275377E+01 -0.125734E-04  0.268584E+01  0.238828E+01  0.364586E-04
  0.207609E+02  0.296836E+01  0.151059E+01  0.714752E-07  0.710663E-07  0.000000E+00  0.273080E+01  0.273080E+01  0.273080E+01 -0.124685E-04  0.266343E+01  0.236834E+01  0.359907E-04
  0.208568E+02  0.294360E+01  0.149799E+01  0.702293E-07  0.698275E-07  0.000000E+00  0.270802E+01  0.270802E+01  0.270802E+01 -0.123645E-04  0.264122E+01  0.234857E+01  0.355288E-04
  0.209530E+02  0.291904E+01  0.148548E+01  0.690047E-07  0.686099E-07  0.000000E+00  0.268542E+01  0.268542E+01  0.268542E+01 -0.122613E-04  0.261918E+01  0.232895E+01  0.350727E-04
  0.210497E+02  0.289468E+01  0.147308E+01  0.678014E-07  0.674135E-07  0.000000E+00  0.266301E+01  0.266301E+01  0.266301E+01 -0.121590E-04  0.259732E+01  0.230950E+01  0.346225E-04
  0.211469E+02  0.287051E+01  0.146077E+01  0.666188E-07  0.662377E-07  0.000000E+00  0.264077E+01  0.264077E+01  0.264077E+01 -0.120574E-04  0.257563E+01  0.229019E+01  0.341779E-04
  0.212445E+02  0.284654E+01  0.144857E+01  0.654569E-07  0.650824E-07  0.000000E+00  0.261873E+01  0.261873E+01  0.261873E+01 -0.119568E-04  0.255413E+01  0.227105E+01  0.337391E-04
  0.213426E+02  0.282279E+01  0.143647E+01  0.643154E-07  0.639475E-07  0.000000E+00  0.259687E+01  0.259687E+01  0.259687E+01 -0.118570E-04  0.253281E+01  0.225208E+01  0.333060E-04
  0.214411E+02  0.279922E+01  0.142447E+01  0.631937E-07  0.628322E-07  0.000000E+00  0.257519E+01  0.257519E+01  0.257519E+01 -0.117580E-04  0.251167E+01  0.223326E+01  0.328785E-04
  0.215401E+02  0.277585E+01  0.141257E+01  0.620916E-07  0.617364E-07  0.000000E+00  0.255369E+01  0.255369E+01  0.255369E+01 -0.116598E-04  0.249070E+01  0.221460E+01  0.324564E-04
  0.216395E+02  0.275267E+01  0.140077E+01  0.610085E-07  0.606595E-07  0.000000E+00  0.253236E+01  0.253236E+01  0.253236E+01 -0.115624E-04  0.246990E+01  0.219608E+01  0.320397E-04
  0.217394E+02  0.272969E+01  0.138907E+01  0.599445E-07  0.596016E-07  0.000000E+00  0.251122E+01  0.251122E+01  0.251122E+01 -0.114659E-04  0.244928E+01  0.217773E+01  0.316285E-04
  0.218397E+02  0.270690E+01  0.137746E+01  0.588989E-07  0.585620E-07  0.000000E+00  0.249025E+01  0.249025E+01  0.249025E+01 -0.113702E-04  0.242882E+01  0.215952E+01  0.312224E-04
  0.219405E+02  0.268429E+01  0.136595E+01  0.578713E-07  0.575403E-07  0.000000E+00  0.246945E+01  0.246945E+01  0.246945E+01 -0.112752E-04  0.240853E+01  0.214147E+01  0.308216E-04
  0.220418E+02  0.266187E+01  0.135453E+01  0.568618E-07  0.565365E-07  0.000000E+00  0.244882E+01  0.244882E+01  0.244882E+01 -0.111810E-04  0.238842E+01  0.212356E+01  0.304259E-04
  0.221435E+02  0.263963E+01  0.134321E+01  0.558698E-07  0.555502E-07  0.000000E+00  0.242836E+01  0.242836E+01  0.242836E+01 -0.110876E-04  0.236846E+01  0.210580E+01  0.300353E-04
  0.222457E+02  0.261758E+01  0.133198E+01  0.548951E-07  0.545811E-07  0.000000E+00  0.240808E+01  0.240808E+01  0.240808E+01 -0.109950E-04  0.234868E+01  0.208819E+01  0.296497E-04
  0.223484E+02  0.259572E+01  0.132085E+01  0.539374E-07  0.536289E-07  0.000000E+00  0.238796E+01  0.238796E+01  0.238796E+01 -0.109031E-04  0.232906E+01  0.207073E+01  0.292691E-04
  0.224516E+02  0.257401E+01  0.130980E+01  0.529960E-07  0.526929E-07  0.000000E+00  0.236799E+01  0.236799E+01  0.236799E+01 -0.108119E-04  0.230959E+01  0.205339E+01  0.288932E-04
  0.225552E+02  0.255251E+01  0.129885E+01  0.520713E-07  0.517735E-07  0.000000E+00  0.234821E+01  0.234821E+01  0.234821E+01 -0.107216E-04  0.229029E+01  0.203622E+01  0.285223E-04
  0.226593E+02  0.253119E+01  0.128799E+01  0.511631E-07  0.508704E-07  0.000000E+00  0.232860E+01  0.232860E+01  0.232860E+01 -0.106321E-04  0.227116E+01  0.201919E+01  0.281563E-04
  0.227639E+02  0.251004E+01  0.127722E+01  0.502702E-07  0.499827E-07  0.000000E+00  0.230913E+01  0.230913E+01  0.230913E+01 -0.105432E-04  0.225218E+01  0.200230E+01  0.277948E-04
  0.228690E+02  0.248905E+01  0.126653E+01  0.493928E-07  0.491102E-07  0.000000E+00  0.228982E+01  0.228982E+01  0.228982E+01 -0.104550E-04  0.223334E+01  0.198553E+01  0.274379E-04
  0.229745E+02  0.246824E+01  0.125594E+01  0.485308E-07  0.482532E-07  0.000000E+00  0.227068E+01  0.227068E+01  0.227068E+01 -0.103676E-04  0.221467E+01  0.196892E+01  0.270856E-04
  0.230806E+02  0.244760E+01  0.124543E+01  0.476837E-07  0.474109E-07  0.000000E+00  0.225169E+01  0.225169E+01  0.225169E+01 -0.102809E-04  0.219615E+01  0.195243E+01  0.267378E-04
  0.231871E+02  0.242714E+01  0.123501E+01  0.468515E-07  0.465835E-07  0.000000E+00  0.223287E+01  0.223287E+01  0.223287E+01 -0.101950E-04  0.217780E+01  0.193609E+01  0.263946E-04
  0.232941E+02  0.240685E+01  0.122468E+01  0.460338E-07  0.457705E-07  0.000000E+00  0.221420E+01  0.221420E+01  0.221420E+01 -0.101097E-04  0.215959E+01  0.191988E+01  0.260558E-04
  0.234017E+02  0.238672E+01  0.121443E+01  0.452302E-07  0.449715E-07  0.000000E+00  0.219568E+01  0.219568E+01  0.219568E+01 -0.100252E-04  0.214152E+01  0.190381E+01  0.257212E-04
  0.235097E+02  0.236676E+01  0.120427E+01  0.444408E-07  0.441866E-07  0.000000E+00  0.217732E+01  0.217732E+01  0.217732E+01 -0.994133E-05  0.212362E+01  0.188787E+01  0.253911E-04
  0.236182E+02  0.234697E+01  0.119419E+01  0.436650E-07  0.434153E-07  0.000000E+00  0.215911E+01  0.215911E+01  0.215911E+01 -0.985819E-05  0.210586E+01  0.187206E+01  0.250651E-04
  0.237272E+02  0.232734E+01  0.118419E+01  0.429028E-07  0.426575E-07  0.000000E+00  0.214105E+01  0.214105E+01  0.214105E+01 -0.977574E-05  0.208824E+01  0.185638E+01  0.247434E-04
  0.238367E+02  0.230788E+01  0.117428E+01  0.421539E-07  0.419128E-07  0.000000E+00  0.212314E+01  0.212314E+01  0.212314E+01 -0.969398E-05  0.207078E+01  0.184084E+01  0.244257E-04
  0.239468E+02  0.228858E+01  0.116445E+01  0.414181E-07  0.411812E-07  0.000000E+00  0.210538E+01  0.210538E+01  0.210538E+01 -0.961289E-05  0.205346E+01  0.182542E+01  0.241122E-04
  0.240573E+02  0.226943E+01  0.115470E+01  0.406950E-07  0.404623E-07  0.000000E+00  0.208777E+01  0.208777E+01  0.208777E+01 -0.953248E-05  0.203628E+01  0.181013E+01  0.238027E-04
  0.241683E+02  0.225044E+01  0.114504E+01  0.399845E-07  0.397558E-07  0.000000E+00  0.207030E+01  0.207030E+01  0.207030E+01 -0.945272E-05  0.201924E+01  0.179497E+01  0.234972E-04
  0.242799E+02  0.223162E+01  0.113545E+01  0.392865E-07  0.390618E-07  0.000000E+00  0.205299E+01  0.205299E+01  0.205299E+01 -0.937365E-05  0.200235E+01  0.177993E+01  0.231956E-04
  0.243920E+02  0.221295E+01  0.112595E+01  0.386007E-07  0.383799E-07  0.000000E+00  0.203581E+01  0.203581E+01  0.203581E+01 -0.929524E-05  0.198560E+01  0.176502E+01  0.228979E-04
  0.245046E+02  0.219444E+01  0.111652E+01  0.379268E-07  0.377099E-07  0.000000E+00  0.201878E+01  0.201878E+01  0.201878E+01 -0.921746E-05  0.196899E+01  0.175024E+01  0.226041E-04
  0.246177E+02  0.217608E+01  0.110717E+01  0.372646E-07  0.370514E-07  0.000000E+00  0.200189E+01  0.200189E+01  0.200189E+01 -0.914033E-05  0.195252E+01  0.173557E+01  0.223139E-04
  0.247313E+02  0.215787E+01  0.109790E+01  0.366139E-07  0.364045E-07  0.000000E+00  0.198513E+01  0.198513E+01  0.198513E+01 -0.906384E-05  0.193618E+01  0.172103E+01  0.220276E-04
  0.248454E+02  0.213981E+01  0.108870E+01  0.359746E-07  0.357689E-07  0.000000E+00  0.196852E+01  0.196852E+01  0.196852E+01 -0.898799E-05  0.191997E+01  0.170661E+01  0.217449E-04
  0.249601E+02  0.212190E+01  0.107958E+01  0.353464E-07  0.351443E-07  0.000000E+00  0.195204E+01  0.195204E+01  0.195204E+01 -0.891276E-05  0.190391E+01  0.169230E+01  0.214658E-04
  0.250753E+02  0.210414E+01  0.107054E+01  0.347291E-07  0.345305E-07  0.000000E+00  0.193570E+01  0.193570E+01  0.193570E+01 -0.883814E-05  0.188797E+01  0.167812E+01  0.211903E-04
  0.251911E+02  0.208653E+01  0.106157E+01  0.341227E-07  0.339276E-07  0.000000E+00  0.191950E+01  0.191950E+01  0.191950E+01 -0.876418E-05  0.187217E+01  0.166405E+01  0.209184E-04
  0.253074E+02  0.206906E+01  0.105268E+01  0.335268E-07  0.333350E-07  0.000000E+00  0.190343E+01  0.190343E+01  0.190343E+01 -0.869080E-05  0.185649E+01  0.165010E+01  0.206499E-04
  0.254242E+02  0.205174E+01  0.104386E+01  0.329412E-07  0.327529E-07  0.000000E+00  0.188749E+01  0.188749E+01  0.188749E+01 -0.861803E-05  0.184095E+01  0.163627E+01  0.203849E-04
  0.255415E+02  0.203456E+01  0.103511E+01  0.323659E-07  0.321808E-07  0.000000E+00  0.187169E+01  0.187169E+01  0.187169E+01 -0.854587E-05  0.182553E+01  0.162255E+01  0.201234E-04
  0.256594E+02  0.201753E+01  0.102643E+01  0.318007E-07  0.316188E-07  0.000000E+00  0.185602E+01  0.185602E+01  0.185602E+01 -0.847432E-05  0.181025E+01  0.160894E+01  0.198652E-04
  0.257779E+02  0.200063E+01  0.101783E+01  0.312452E-07  0.310665E-07  0.000000E+00  0.184047E+01  0.184047E+01  0.184047E+01 -0.840335E-05  0.179509E+01  0.159545E+01  0.196102E-04
  0.258968E+02  0.198388E+01  0.100930E+01  0.306994E-07  0.305239E-07  0.000000E+00  0.182506E+01  0.182506E+01  0.182506E+01 -0.833297E-05  0.178006E+01  0.158207E+01  0.193586E-04
  0.260164E+02  0.196727E+01  0.100084E+01  0.301632E-07  0.299907E-07  0.000000E+00  0.180977E+01  0.180977E+01  0.180977E+01 -0.826318E-05  0.176515E+01  0.156880E+01  0.191102E-04
  0.261365E+02  0.195079E+01  0.992449E+00  0.296363E-07  0.294668E-07  0.000000E+00  0.179461E+01  0.179461E+01  0.179461E+01 -0.819396E-05  0.175036E+01  0.155564E+01  0.188650E-04
  0.262571E+02  0.193445E+01  0.984130E+00  0.291186E-07  0.289521E-07  0.000000E+00  0.177958E+01  0.177958E+01  0.177958E+01 -0.812533E-05  0.173570E+01  0.154259E+01  0.186230E-04
  0.263783E+02  0.191825E+01  0.975881E+00  0.286100E-07  0.284464E-07  0.000000E+00  0.176468E+01  0.176468E+01  0.176468E+01 -0.805729E-05  0.172117E+01  0.152965E+01  0.183841E-04
  0.265001E+02  0.190218E+01  0.967697E+00  0.281101E-07  0.279494E-07  0.000000E+00  0.174989E+01  0.174989E+01  0.174989E+01 -0.798977E-05  0.170675E+01  0.151681E+01  0.181482E-04
  0.266224E+02  0.188625E+01  0.959583E+00  0.276191E-07  0.274611E-07  0.000000E+00  0.173523E+01  0.173523E+01  0.173523E+01 -0.792284E-05  0.169245E+01  0.150409E+01  0.179154E-04
  0.267453E+02  0.187044E+01  0.951534E+00  0.271365E-07  0.269813E-07  0.000000E+00  0.172069E+01  0.172069E+01  0.172069E+01 -0.785644E-05  0.167827E+01  0.149146E+01  0.176855E-04
  0.268687E+02  0.185477E+01  0.943553E+00  0.266623E-07  0.265099E-07  0.000000E+00  0.170627E+01  0.170627E+01  0.170627E+01 -0.779060E-05  0.166420E+01  0.147894E+01  0.174587E-04
  0.269927E+02  0.183922E+01  0.935639E+00  0.261965E-07  0.260467E-07  0.000000E+00  0.169197E+01  0.169197E+01  0.169197E+01 -0.772531E-05  0.165026E+01  0.146653E+01  0.172347E-04
  0.271173E+02  0.182381E+01  0.927790E+00  0.257388E-07  0.255916E-07  0.000000E+00  0.167779E+01  0.167779E+01  0.167779E+01 -0.766057E-05  0.163643E+01  0.145422E+01  0.170136E-04
  0.272425E+02  0.180852E+01  0.920004E+00  0.252889E-07  0.251443E-07  0.000000E+00  0.166373E+01  0.166373E+01  0.166373E+01 -0.759634E-05  0.162271E+01  0.144201E+01  0.167953E-04
  0.273682E+02  0.179337E+01  0.912288E+00  0.248471E-07  0.247050E-07  0.000000E+00  0.164978E+01  0.164978E+01  0.164978E+01 -0.753269E-05  0.160911E+01  0.142991E+01  0.165799E-04
  0.274946E+02  0.177834E+01  0.904633E+00  0.244129E-07  0.242733E-07  0.000000E+00  0.163595E+01  0.163595E+01  0.163595E+01 -0.746954E-05  0.159562E+01  0.141790E+01  0.163673E-04
  0.276215E+02  0.176343E+01  0.897042E+00  0.239862E-07  0.238491E-07  0.000000E+00  0.162224E+01  0.162224E+01  0.162224E+01 -0.740692E-05  0.158225E+01  0.140599E+01  0.161573E-04
  0.277490E+02  0.174864E+01  0.889514E+00  0.235670E-07  0.234323E-07  0.000000E+00  0.160864E+01  0.160864E+01  0.160864E+01 -0.734481E-05  0.156898E+01  0.139418E+01  0.159501E-04
  0.278770E+02  0.173398E+01  0.882047E+00  0.231551E-07  0.230228E-07  0.000000E+00  0.159515E+01  0.159515E+01  0.159515E+01 -0.728322E-05  0.155582E+01  0.138247E+01  0.157455E-04
  0.280057E+02  0.171944E+01  0.874643E+00  0.227504E-07  0.226204E-07  0.000000E+00  0.158177E+01  0.158177E+01  0.158177E+01 -0.722215E-05  0.154278E+01  0.137086E+01  0.155436E-04
  0.281350E+02  0.170502E+01  0.867302E+00  0.223528E-07  0.222250E-07  0.000000E+00  0.156851E+01  0.156851E+01  0.156851E+01 -0.716158E-05  0.152984E+01  0.135934E+01  0.153442E-04
  0.282649E+02  0.169073E+01  0.860022E+00  0.219621E-07  0.218366E-07  0.000000E+00  0.155535E+01  0.155535E+01  0.155535E+01 -0.710153E-05  0.151701E+01  0.134793E+01  0.151475E-04
  0.283953E+02  0.167655E+01  0.852803E+00  0.215783E-07  0.214549E-07  0.000000E+00  0.154231E+01  0.154231E+01  0.154231E+01 -0.704198E-05  0.150429E+01  0.133660E+01  0.149533E-04
  0.285264E+02  0.166249E+01  0.845645E+00  0.212012E-07  0.210800E-07  0.000000E+00  0.152938E+01  0.152938E+01  0.152938E+01 -0.698293E-05  0.149168E+01  0.132538E+01  0.147616E-04
  0.286581E+02  0.164855E+01  0.838546E+00  0.208306E-07  0.207115E-07  0.000000E+00  0.151655E+01  0.151655E+01  0.151655E+01 -0.692437E-05  0.147917E+01  0.131424E+01  0.145723E-04
  0.287903E+02  0.163472E+01  0.831499E+00  0.204663E-07  0.203493E-07  0.000000E+00  0.150382E+01  0.150382E+01  0.150382E+01 -0.686624E-05  0.146675E+01  0.130319E+01  0.143854E-04
  0.289232E+02  0.162101E+01  0.824521E+00  0.201087E-07  0.199937E-07  0.000000E+00  0.149121E+01  0.149121E+01  0.149121E+01 -0.680868E-05  0.145446E+01  0.129224E+01  0.142011E-04
  0.290567E+02  0.160741E+01  0.817597E+00  0.197571E-07  0.196442E-07  0.000000E+00  0.147870E+01  0.147870E+01  0.147870E+01 -0.675156E-05  0.144226E+01  0.128138E+01  0.140190E-04
  0.291909E+02  0.159393E+01  0.810729E+00  0.194117E-07  0.193007E-07  0.000000E+00  0.146630E+01  0.146630E+01  0.146630E+01 -0.669491E-05  0.143016E+01  0.127061E+01  0.138393E-04
  0.293256E+02  0.158055E+01  0.803918E+00  0.190723E-07  0.189633E-07  0.000000E+00  0.145399E+01  0.145399E+01  0.145399E+01 -0.663872E-05  0.141815E+01  0.125993E+01  0.136619E-04
  0.294610E+02  0.156729E+01  0.797164E+00  0.187388E-07  0.186317E-07  0.000000E+00  0.144179E+01  0.144179E+01  0.144179E+01 -0.658301E-05  0.140625E+01  0.124933E+01  0.134867E-04
  0.295969E+02  0.155414E+01  0.790467E+00  0.184112E-07  0.183059E-07  0.000000E+00  0.142969E+01  0.142969E+01  0.142969E+01 -0.652776E-05  0.139445E+01  0.123883E+01  0.133139E-04
  0.297335E+02  0.154110E+01  0.783825E+00  0.180893E-07  0.179859E-07  0.000000E+00  0.141769E+01  0.141769E+01  0.141769E+01 -0.647297E-05  0.138275E+01  0.122841E+01  0.131432E-04
  0.298708E+02  0.152816E+01  0.777240E+00  0.177730E-07  0.176714E-07  0.000000E+00  0.140579E+01  0.140579E+01  0.140579E+01 -0.641865E-05  0.137114E+01  0.121808E+01  0.129748E-04
  0.300087E+02  0.151533E+01  0.770707E+00  0.174622E-07  0.173623E-07  0.000000E+00  0.139399E+01  0.139399E+01  0.139399E+01 -0.636476E-05  0.135963E+01  0.120784E+01  0.128085E-04
  0.301472E+02  0.150261E+01  0.764226E+00  0.171567E-07  0.170586E-07  0.000000E+00  0.138228E+01  0.138228E+01  0.138228E+01 -0.631129E-05  0.134821E+01  0.119767E+01  0.126443E-04
  0.302863E+02  0.149000E+01  0.757806E+00  0.168568E-07  0.167604E-07  0.000000E+00  0.137068E+01  0.137068E+01  0.137068E+01 -0.625834E-05  0.133690E+01  0.118760E+01  0.124823E-04
  0.304261E+02  0.147749E+01  0.751433E+00  0.165619E-07  0.164672E-07  0.000000E+00  0.135917E+01  0.135917E+01  0.135917E+01 -0.620577E-05  0.132567E+01  0.117761E+01  0.123223E-04
  0.305666E+02  0.146508E+01  0.745116E+00  0.162722E-07  0.161792E-07  0.000000E+00  0.134775E+01  0.134775E+01  0.134775E+01 -0.615366E-05  0.131454E+01  0.116770E+01  0.121644E-04
  0.307077E+02  0.145278E+01  0.738851E+00  0.159876E-07  0.158963E-07  0.000000E+00  0.133644E+01  0.133644E+01  0.133644E+01 -0.610198E-05  0.130350E+01  0.115787E+01  0.120085E-04
  0.308494E+02  0.144059E+01  0.732645E+00  0.157081E-07  0.156184E-07  0.000000E+00  0.132522E+01  0.132522E+01  0.132522E+01 -0.605079E-05  0.129257E+01  0.114814E+01  0.118548E-04
  0.309918E+02  0.142849E+01  0.726484E+00  0.154334E-07  0.153452E-07  0.000000E+00  0.131409E+01  0.131409E+01  0.131409E+01 -0.599996E-05  0.128171E+01  0.113847E+01  0.117029E-04
  0.311348E+02  0.141649E+01  0.720374E+00  0.151634E-07  0.150767E-07  0.000000E+00  0.130305E+01  0.130305E+01  0.130305E+01 -0.594956E-05  0.127094E+01  0.112889E+01  0.115529E-04
  0.312786E+02  0.140460E+01  0.714315E+00  0.148981E-07  0.148130E-07  0.000000E+00  0.129211E+01  0.129211E+01  0.129211E+01 -0.589958E-05  0.126027E+01  0.111938E+01  0.114049E-04
  0.314229E+02  0.139280E+01  0.708306E+00  0.146375E-07  0.145539E-07  0.000000E+00  0.128125E+01  0.128125E+01  0.128125E+01 -0.585001E-05  0.124968E+01  0.110996E+01  0.112588E-04
  0.315680E+02  0.138110E+01  0.702349E+00  0.143815E-07  0.142993E-07  0.000000E+00  0.127049E+01  0.127049E+01  0.127049E+01 -0.580087E-05  0.123918E+01  0.110062E+01  0.111146E-04
  0.317137E+02  0.136949E+01  0.696439E+00  0.141298E-07  0.140491E-07  0.000000E+00  0.125981E+01  0.125981E+01  0.125981E+01 -0.575212E-05  0.122877E+01  0.109135E+01  0.109722E-04
  0.318601E+02  0.135800E+01  0.690584E+00  0.138827E-07  0.138034E-07  0.000000E+00  0.124923E+01  0.124923E+01  0.124923E+01 -0.570383E-05  0.121845E+01  0.108216E+01  0.108318E-04
  0.320071E+02  0.134659E+01  0.684775E+00  0.136399E-07  0.135619E-07  0.000000E+00  0.123874E+01  0.123874E+01  0.123874E+01 -0.565590E-05  0.120822E+01  0.107305E+01  0.106931E-04
  0.321549E+02  0.133527E+01  0.679010E+00  0.134012E-07  0.133246E-07  0.000000E+00  0.122832E+01  0.122832E+01  0.122832E+01 -0.560835E-05  0.119806E+01  0.106401E+01  0.105561E-04
  0.323033E+02  0.132403E+01  0.673287E+00  0.131665E-07  0.130913E-07  0.000000E+00  0.121798E+01  0.121798E+01  0.121798E+01 -0.556114E-05  0.118798E+01  0.105503E+01  0.104208E-04
  0.324524E+02  0.131290E+01  0.667619E+00  0.129361E-07  0.128622E-07  0.000000E+00  0.120774E+01  0.120774E+01  0.120774E+01 -0.551439E-05  0.117799E+01  0.104614E+01  0.102874E-04
  0.326022E+02  0.130184E+01  0.661987E+00  0.127095E-07  0.126369E-07  0.000000E+00  0.119757E+01  0.119757E+01  0.119757E+01 -0.546793E-05  0.116807E+01  0.103731E+01  0.101554E-04
  0.327527E+02  0.129090E+01  0.656415E+00  0.124871E-07  0.124157E-07  0.000000E+00  0.118750E+01  0.118750E+01  0.118750E+01 -0.542197E-05  0.115825E+01  0.102857E+01  0.100254E-04
  0.329039E+02  0.128005E+01  0.650890E+00  0.122686E-07  0.121985E-07  0.000000E+00  0.117752E+01  0.117752E+01  0.117752E+01 -0.537639E-05  0.114851E+01  0.101990E+01  0.989711E-05
  0.330557E+02  0.126929E+01  0.645411E+00  0.120539E-07  0.119850E-07  0.000000E+00  0.116762E+01  0.116762E+01  0.116762E+01 -0.533120E-05  0.113886E+01  0.101131E+01  0.977044E-05
  0.332083E+02  0.125863E+01  0.639979E+00  0.118430E-07  0.117753E-07  0.000000E+00  0.115781E+01  0.115781E+01  0.115781E+01 -0.528639E-05  0.112929E+01  0.100279E+01  0.964541E-05
  0.333616E+02  0.124805E+01  0.634591E+00  0.116358E-07  0.115693E-07  0.000000E+00  0.114808E+01  0.114808E+01  0.114808E+01 -0.524195E-05  0.111980E+01  0.994338E+00  0.952198E-05
  0.335156E+02  0.123756E+01  0.629249E+00  0.114321E-07  0.113668E-07  0.000000E+00  0.113842E+01  0.113842E+01  0.113842E+01 -0.519788E-05  0.111038E+01  0.985958E+00  0.940014E-05
  0.336703E+02  0.122715E+01  0.623950E+00  0.112320E-07  0.111679E-07  0.000000E+00  0.112885E+01  0.112885E+01  0.112885E+01 -0.515416E-05  0.110104E+01  0.977646E+00  0.927985E-05
  0.338257E+02  0.121683E+01  0.618696E+00  0.110355E-07  0.109724E-07  0.000000E+00  0.111936E+01  0.111936E+01  0.111936E+01 -0.511083E-05  0.109179E+01  0.969405E+00  0.916112E-05
  0.339818E+02  0.120660E+01  0.613485E+00  0.108423E-07  0.107804E-07  0.000000E+00  0.110994E+01  0.110994E+01  0.110994E+01 -0.506785E-05  0.108261E+01  0.961232E+00  0.904392E-05
  0.341387E+02  0.119645E+01  0.608318E+00  0.106526E-07  0.105917E-07  0.000000E+00  0.110061E+01  0.110061E+01  0.110061E+01 -0.502522E-05  0.107350E+01  0.953127E+00  0.892822E-05
  0.342963E+02  0.118639E+01  0.603194E+00  0.104661E-07  0.104063E-07  0.000000E+00  0.109135E+01  0.109135E+01  0.109135E+01 -0.498296E-05  0.106447E+01  0.945090E+00  0.881402E-05
  0.344546E+02  0.117641E+01  0.598111E+00  0.102829E-07  0.102241E-07  0.000000E+00  0.108217E+01  0.108217E+01  0.108217E+01 -0.494103E-05  0.105552E+01  0.937118E+00  0.870126E-05
  0.346136E+02  0.116652E+01  0.593072E+00  0.101029E-07  0.100452E-07  0.000000E+00  0.107307E+01  0.107307E+01  0.107307E+01 -0.489947E-05  0.104664E+01  0.929215E+00  0.858997E-05
  0.347734E+02  0.115670E+01  0.588075E+00  0.992601E-08  0.986931E-08  0.000000E+00  0.106404E+01  0.106404E+01  0.106404E+01 -0.485825E-05  0.103783E+01  0.921376E+00  0.848012E-05
  0.349339E+02  0.114697E+01  0.583119E+00  0.975224E-08  0.969653E-08  0.000000E+00  0.105509E+01  0.105509E+01  0.105509E+01 -0.481737E-05  0.102910E+01  0.913603E+00  0.837167E-05
  0.350951E+02  0.113732E+01  0.578205E+00  0.958151E-08  0.952677E-08  0.000000E+00  0.104621E+01  0.104621E+01  0.104621E+01 -0.477683E-05  0.102044E+01  0.905895E+00  0.826462E-05
  0.352571E+02  0.112775E+01  0.573331E+00  0.941374E-08  0.935997E-08  0.000000E+00  0.103740E+01  0.103740E+01  0.103740E+01 -0.473663E-05  0.101186E+01  0.898250E+00  0.815894E-05
  0.354199E+02  0.111826E+01  0.568499E+00  0.924892E-08  0.919609E-08  0.000000E+00  0.102867E+01  0.102867E+01  0.102867E+01 -0.469677E-05  0.100334E+01  0.890671E+00  0.805463E-05
  0.355833E+02  0.110885E+01  0.563707E+00  0.908698E-08  0.903508E-08  0.000000E+00  0.102001E+01  0.102001E+01  0.102001E+01 -0.465724E-05  0.994899E+00  0.883154E+00  0.795167E-05
  0.357476E+02  0.109952E+01  0.558953E+00  0.892786E-08  0.887686E-08  0.000000E+00  0.101143E+01  0.101143E+01  0.101143E+01 -0.461803E-05  0.986524E+00  0.875698E+00  0.785001E-05
  0.359126E+02  0.109027E+01  0.554241E+00  0.877154E-08  0.872144E-08  0.000000E+00  0.100291E+01  0.100291E+01  0.100291E+01 -0.457916E-05  0.978221E+00  0.868307E+00  0.774968E-05
  0.360784E+02  0.108109E+01  0.549568E+00  0.861794E-08  0.856872E-08  0.000000E+00  0.994473E+00  0.994473E+00  0.994473E+00 -0.454062E-05  0.969988E+00  0.860977E+00  0.765064E-05
  0.362449E+02  0.107199E+01  0.544933E+00  0.846702E-08  0.841866E-08  0.000000E+00  0.986100E+00  0.986100E+00  0.986100E+00 -0.450239E-05  0.961822E+00  0.853708E+00  0.755287E-05
  0.364122E+02  0.106297E+01  0.540338E+00  0.831874E-08  0.827123E-08  0.000000E+00  0.977797E+00  0.977797E+00  0.977797E+00 -0.446448E-05  0.953724E+00  0.846499E+00  0.745636E-05
  0.365803E+02  0.105401E+01  0.535778E+00  0.817301E-08  0.812634E-08  0.000000E+00  0.969559E+00  0.969559E+00  0.969559E+00 -0.442686E-05  0.945690E+00  0.839347E+00  0.736105E-05
  0.367491E+02  0.104514E+01  0.531258E+00  0.802986E-08  0.798400E-08  0.000000E+00  0.961393E+00  0.961393E+00  0.961393E+00 -0.438958E-05  0.937726E+00  0.832257E+00  0.726700E-05
  0.369187E+02  0.103634E+01  0.526777E+00  0.788924E-08  0.784419E-08  0.000000E+00  0.953299E+00  0.953299E+00  0.953299E+00 -0.435262E-05  0.929831E+00  0.825229E+00  0.717418E-05
  0.370891E+02  0.102761E+01  0.522334E+00  0.775108E-08  0.770682E-08  0.000000E+00  0.945272E+00  0.945272E+00  0.945272E+00 -0.431597E-05  0.922003E+00  0.818260E+00  0.708256E-05
  0.372603E+02  0.101896E+01  0.517928E+00  0.761533E-08  0.757184E-08  0.000000E+00  0.937312E+00  0.937312E+00  0.937312E+00 -0.427963E-05  0.914240E+00  0.811349E+00  0.699211E-05
  0.374323E+02  0.101038E+01  0.513559E+00  0.748196E-08  0.743923E-08  0.000000E+00  0.929420E+00  0.929420E+00  0.929420E+00 -0.424359E-05  0.906542E+00  0.804496E+00  0.690284E-05
  0.376051E+02  0.100188E+01  0.509228E+00  0.735094E-08  0.730896E-08  0.000000E+00  0.921595E+00  0.921595E+00  0.921595E+00 -0.420787E-05  0.898911E+00  0.797702E+00  0.681473E-05
  0.377787E+02  0.993440E+00  0.504930E+00  0.722217E-08  0.718093E-08  0.000000E+00  0.913831E+00  0.913831E+00  0.913831E+00 -0.417242E-05  0.891339E+00  0.790961E+00  0.672772E-05
  0.379531E+02  0.985072E+00  0.500669E+00  0.709565E-08  0.705514E-08  0.000000E+00  0.906133E+00  0.906133E+00  0.906133E+00 -0.413727E-05  0.883831E+00  0.784277E+00  0.664183E-05
  0.381282E+02  0.976769E+00  0.496440E+00  0.697131E-08  0.693150E-08  0.000000E+00  0.898493E+00  0.898493E+00  0.898493E+00 -0.410238E-05  0.876380E+00  0.777644E+00  0.655701E-05
  0.383042E+02  0.968539E+00  0.492248E+00  0.684917E-08  0.681006E-08  0.000000E+00  0.890921E+00  0.890921E+00  0.890921E+00 -0.406781E-05  0.868995E+00  0.771069E+00  0.647330E-05
  0.384810E+02  0.960402E+00  0.488105E+00  0.672935E-08  0.669093E-08  0.000000E+00  0.883436E+00  0.883436E+00  0.883436E+00 -0.403364E-05  0.861696E+00  0.764571E+00  0.639086E-05
  0.386587E+02  0.952312E+00  0.483985E+00  0.661146E-08  0.657371E-08  0.000000E+00  0.875992E+00  0.875992E+00  0.875992E+00 -0.399965E-05  0.854436E+00  0.758108E+00  0.630931E-05
  0.388371E+02  0.944297E+00  0.479903E+00  0.649569E-08  0.645860E-08  0.000000E+00  0.868618E+00  0.868618E+00  0.868618E+00 -0.396599E-05  0.847245E+00  0.751706E+00  0.622887E-05
  0.390164E+02  0.936339E+00  0.475851E+00  0.638187E-08  0.634544E-08  0.000000E+00  0.861297E+00  0.861297E+00  0.861297E+00 -0.393256E-05  0.840104E+00  0.745349E+00  0.614941E-05
  0.391965E+02  0.928449E+00  0.471832E+00  0.627005E-08  0.623426E-08  0.000000E+00  0.854037E+00  0.854037E+00  0.854037E+00 -0.389941E-05  0.833024E+00  0.739046E+00  0.607096E-05
  0.393774E+02  0.920620E+00  0.467845E+00  0.616016E-08  0.612499E-08  0.000000E+00  0.846835E+00  0.846835E+00  0.846835E+00 -0.386653E-05  0.826000E+00  0.732792E+00  0.599350E-05
  0.395591E+02  0.912861E+00  0.463894E+00  0.605222E-08  0.601767E-08  0.000000E+00  0.839696E+00  0.839696E+00  0.839696E+00 -0.383393E-05  0.819038E+00  0.726594E+00  0.591707E-05
  0.397417E+02  0.905164E+00  0.459974E+00  0.594614E-08  0.591220E-08  0.000000E+00  0.832615E+00  0.832615E+00  0.832615E+00 -0.380160E-05  0.812131E+00  0.720446E+00  0.584160E-05
  0.399252E+02  0.897535E+00  0.456088E+00  0.584194E-08  0.580859E-08  0.000000E+00  0.825596E+00  0.825596E+00  0.825596E+00 -0.376955E-05  0.805285E+00  0.714351E+00  0.576712E-05
  0.401095E+02  0.889970E+00  0.452235E+00  0.573957E-08  0.570681E-08  0.000000E+00  0.818635E+00  0.818635E+00  0.818635E+00 -0.373777E-05  0.798497E+00  0.708307E+00  0.569360E-05
  0.402946E+02  0.882470E+00  0.448416E+00  0.563900E-08  0.560681E-08  0.000000E+00  0.811735E+00  0.811735E+00  0.811735E+00 -0.370627E-05  0.791768E+00  0.702317E+00  0.562105E-05
  0.404806E+02  0.875032E+00  0.444628E+00  0.554019E-08  0.550856E-08  0.000000E+00  0.804892E+00  0.804892E+00  0.804892E+00 -0.367502E-05  0.785094E+00  0.696375E+00  0.554942E-05
  0.406674E+02  0.867654E+00  0.440870E+00  0.544309E-08  0.541202E-08  0.000000E+00  0.798104E+00  0.798104E+00  0.798104E+00 -0.364403E-05  0.778473E+00  0.690481E+00  0.547870E-05
  0.408551E+02  0.860338E+00  0.437144E+00  0.534768E-08  0.531716E-08  0.000000E+00  0.791373E+00  0.791373E+00  0.791373E+00 -0.361329E-05  0.771908E+00  0.684636E+00  0.540888E-05
  0.410437E+02  0.853084E+00  0.433450E+00  0.525396E-08  0.522397E-08  0.000000E+00  0.784699E+00  0.784699E+00  0.784699E+00 -0.358282E-05  0.765400E+00  0.678842E+00  0.533998E-05
  0.412332E+02  0.845890E+00  0.429786E+00  0.516187E-08  0.513241E-08  0.000000E+00  0.778081E+00  0.778081E+00  0.778081E+00 -0.355260E-05  0.758945E+00  0.673095E+00  0.527196E-05
  0.414235E+02  0.838758E+00  0.426154E+00  0.507140E-08  0.504245E-08  0.000000E+00  0.771519E+00  0.771519E+00  0.771519E+00 -0.352264E-05  0.752545E+00  0.667397E+00  0.520482E-05
  0.416147E+02  0.831686E+00  0.422552E+00  0.498251E-08  0.495408E-08  0.000000E+00  0.765012E+00  0.765012E+00  0.765012E+00 -0.349294E-05  0.746200E+00  0.661748E+00  0.513855E-05
  0.418068E+02  0.824669E+00  0.418978E+00  0.489516E-08  0.486722E-08  0.000000E+00  0.758557E+00  0.758557E+00  0.758557E+00 -0.346346E-05  0.739904E+00  0.656142E+00  0.507311E-05
  0.419998E+02  0.817713E+00  0.415435E+00  0.480934E-08  0.478190E-08  0.000000E+00  0.752156E+00  0.752156E+00  0.752156E+00 -0.343424E-05  0.733661E+00  0.650585E+00  0.500852E-05
  0.421936E+02  0.810818E+00  0.411924E+00  0.472505E-08  0.469808E-08  0.000000E+00  0.745813E+00  0.745813E+00  0.745813E+00 -0.340527E-05  0.727475E+00  0.645077E+00  0.494478E-05
  0.423884E+02  0.803982E+00  0.408443E+00  0.464224E-08  0.461575E-08  0.000000E+00  0.739524E+00  0.739524E+00  0.739524E+00 -0.337656E-05  0.721342E+00  0.639617E+00  0.488188E-05
  0.425840E+02  0.797192E+00  0.404984E+00  0.456081E-08  0.453478E-08  0.000000E+00  0.733277E+00  0.733277E+00  0.733277E+00 -0.334803E-05  0.715248E+00  0.634192E+00  0.481971E-05
  0.427806E+02  0.790464E+00  0.401558E+00  0.448083E-08  0.445527E-08  0.000000E+00  0.727087E+00  0.727087E+00  0.727087E+00 -0.331977E-05  0.709211E+00  0.628817E+00  0.475837E-05
  0.429781E+02  0.783797E+00  0.398162E+00  0.440229E-08  0.437717E-08  0.000000E+00  0.720953E+00  0.720953E+00  0.720953E+00 -0.329177E-05  0.703229E+00  0.623491E+00  0.469785E-05
  0.431764E+02  0.777187E+00  0.394796E+00  0.432512E-08  0.430044E-08  0.000000E+00  0.714871E+00  0.714871E+00  0.714871E+00 -0.326400E-05  0.697298E+00  0.618210E+00  0.463812E-05
  0.433757E+02  0.770624E+00  0.391453E+00  0.424926E-08  0.422501E-08  0.000000E+00  0.708834E+00  0.708834E+00  0.708834E+00 -0.323643E-05  0.691410E+00  0.612967E+00  0.457910E-05
  0.435759E+02  0.764122E+00  0.388142E+00  0.417475E-08  0.415094E-08  0.000000E+00  0.702851E+00  0.702851E+00  0.702851E+00 -0.320912E-05  0.685575E+00  0.607773E+00  0.452088E-05
  0.437771E+02  0.757669E+00  0.384855E+00  0.410153E-08  0.407813E-08  0.000000E+00  0.696915E+00  0.696915E+00  0.696915E+00 -0.318201E-05  0.679785E+00  0.602618E+00  0.446338E-05
  0.439791E+02  0.751264E+00  0.381592E+00  0.402954E-08  0.400655E-08  0.000000E+00  0.691021E+00  0.691021E+00  0.691021E+00 -0.315510E-05  0.674037E+00  0.597500E+00  0.440657E-05
  0.441821E+02  0.744936E+00  0.378370E+00  0.395895E-08  0.393637E-08  0.000000E+00  0.685200E+00  0.685200E+00  0.685200E+00 -0.312852E-05  0.668360E+00  0.592446E+00  0.435065E-05
  0.443861E+02  0.738658E+00  0.375173E+00  0.388958E-08  0.386739E-08  0.000000E+00  0.679424E+00  0.679424E+00  0.679424E+00 -0.310215E-05  0.662727E+00  0.587431E+00  0.429542E-05
  0.445910E+02  0.732415E+00  0.371993E+00  0.382133E-08  0.379953E-08  0.000000E+00  0.673680E+00  0.673680E+00  0.673680E+00 -0.307592E-05  0.657125E+00  0.582442E+00  0.424080E-05
  0.447968E+02  0.726237E+00  0.368846E+00  0.375434E-08  0.373292E-08  0.000000E+00  0.667995E+00  0.667995E+00  0.667995E+00 -0.304997E-05  0.651581E+00  0.577507E+00  0.418696E-05
  0.450035E+02  0.720106E+00  0.365724E+00  0.368849E-08  0.366745E-08  0.000000E+00  0.662355E+00  0.662355E+00  0.662355E+00 -0.302421E-05  0.646080E+00  0.572609E+00  0.413378E-05
  0.452113E+02  0.714021E+00  0.362624E+00  0.362377E-08  0.360310E-08  0.000000E+00  0.656756E+00  0.656756E+00  0.656756E+00 -0.299865E-05  0.640620E+00  0.567747E+00  0.408125E-05
  0.454200E+02  0.707992E+00  0.359554E+00  0.356021E-08  0.353991E-08  0.000000E+00  0.651209E+00  0.651209E+00  0.651209E+00 -0.297333E-05  0.635210E+00  0.562931E+00  0.402943E-05
  0.456296E+02  0.702011E+00  0.356507E+00  0.349775E-08  0.347780E-08  0.000000E+00  0.645707E+00  0.645707E+00  0.645707E+00 -0.294820E-05  0.629843E+00  0.558152E+00  0.397826E-05
  0.458402E+02  0.696087E+00  0.353490E+00  0.343642E-08  0.341682E-08  0.000000E+00  0.640257E+00  0.640257E+00  0.640257E+00 -0.292332E-05  0.624528E+00  0.553420E+00  0.392780E-05
  0.460518E+02  0.690200E+00  0.350492E+00  0.337610E-08  0.335684E-08  0.000000E+00  0.634840E+00  0.634840E+00  0.634840E+00 -0.289858E-05  0.619245E+00  0.548716E+00  0.387790E-05
  0.462644E+02  0.684375E+00  0.347525E+00  0.331690E-08  0.329798E-08  0.000000E+00  0.629481E+00  0.629481E+00  0.629481E+00 -0.287412E-05  0.614019E+00  0.544063E+00  0.382872E-05
  0.464779E+02  0.678597E+00  0.344582E+00  0.325872E-08  0.324014E-08  0.000000E+00  0.624165E+00  0.624165E+00  0.624165E+00 -0.284984E-05  0.608834E+00  0.539447E+00  0.378016E-05
  0.466925E+02  0.672868E+00  0.341665E+00  0.320157E-08  0.318331E-08  0.000000E+00  0.618894E+00  0.618894E+00  0.618894E+00 -0.282578E-05  0.603694E+00  0.534871E+00  0.373224E-05
  0.469080E+02  0.667179E+00  0.338767E+00  0.314538E-08  0.312744E-08  0.000000E+00  0.613660E+00  0.613660E+00  0.613660E+00 -0.280188E-05  0.598589E+00  0.530325E+00  0.368488E-05
  0.471245E+02  0.661548E+00  0.335899E+00  0.309022E-08  0.307260E-08  0.000000E+00  0.608480E+00  0.608480E+00  0.608480E+00 -0.277823E-05  0.593537E+00  0.525827E+00  0.363819E-05
  0.473420E+02  0.655952E+00  0.333049E+00  0.303597E-08  0.301866E-08  0.000000E+00  0.603331E+00  0.603331E+00  0.603331E+00 -0.275472E-05  0.588515E+00  0.521355E+00  0.359203E-05
  0.475605E+02  0.650416E+00  0.330229E+00  0.298273E-08  0.296572E-08  0.000000E+00  0.598237E+00  0.598237E+00  0.598237E+00 -0.273146E-05  0.583548E+00  0.516933E+00  0.354654E-05
  0.477801E+02  0.644919E+00  0.327429E+00  0.293039E-08  0.291368E-08  0.000000E+00  0.593180E+00  0.593180E+00  0.593180E+00 -0.270837E-05  0.578616E+00  0.512541E+00  0.350159E-05
  0.480006E+02  0.639462E+00  0.324649E+00  0.287893E-08  0.286252E-08  0.000000E+00  0.588159E+00  0.588159E+00  0.588159E+00 -0.268544E-05  0.573718E+00  0.508180E+00  0.345718E-05
  0.482222E+02  0.634058E+00  0.321897E+00  0.282841E-08  0.281229E-08  0.000000E+00  0.583187E+00  0.583187E+00  0.583187E+00 -0.266274E-05  0.568870E+00  0.503863E+00  0.341339E-05
  0.484448E+02  0.628699E+00  0.319168E+00  0.277878E-08  0.276294E-08  0.000000E+00  0.578257E+00  0.578257E+00  0.578257E+00 -0.264023E-05  0.564061E+00  0.499582E+00  0.337016E-05
  0.486684E+02  0.623396E+00  0.316467E+00  0.273007E-08  0.271450E-08  0.000000E+00  0.573378E+00  0.573378E+00  0.573378E+00 -0.261796E-05  0.559303E+00  0.495346E+00  0.332755E-05
  0.488930E+02  0.618120E+00  0.313779E+00  0.268212E-08  0.266683E-08  0.000000E+00  0.568524E+00  0.568524E+00  0.568524E+00 -0.259579E-05  0.554569E+00  0.491130E+00  0.328539E-05
  0.491187E+02  0.612898E+00  0.311120E+00  0.263507E-08  0.262005E-08  0.000000E+00  0.563720E+00  0.563720E+00  0.563720E+00 -0.257386E-05  0.549884E+00  0.486958E+00  0.324382E-05
  0.493454E+02  0.607716E+00  0.308480E+00  0.258881E-08  0.257406E-08  0.000000E+00  0.558951E+00  0.558951E+00  0.558951E+00 -0.255209E-05  0.545233E+00  0.482817E+00  0.320276E-05
  0.495732E+02  0.602586E+00  0.305868E+00  0.254342E-08  0.252892E-08  0.000000E+00  0.554232E+00  0.554232E+00  0.554232E+00 -0.253054E-05  0.540631E+00  0.478720E+00  0.316229E-05
  0.498020E+02  0.597489E+00  0.303271E+00  0.249876E-08  0.248452E-08  0.000000E+00  0.549542E+00  0.549542E+00  0.549542E+00 -0.250913E-05  0.536057E+00  0.474647E+00  0.312227E-05
  0.500319E+02  0.592442E+00  0.300701E+00  0.245493E-08  0.244094E-08  0.000000E+00  0.544899E+00  0.544899E+00  0.544899E+00 -0.248793E-05  0.531529E+00  0.470615E+00  0.308282E-05
  0.502628E+02  0.587429E+00  0.298147E+00  0.241182E-08  0.239807E-08  0.000000E+00  0.540287E+00  0.540287E+00  0.540287E+00 -0.246687E-05  0.527030E+00  0.466609E+00  0.304382E-05
  0.504948E+02  0.582459E+00  0.295616E+00  0.236947E-08  0.235597E-08  0.000000E+00  0.535714E+00  0.535714E+00  0.535714E+00 -0.244599E-05  0.522570E+00  0.462638E+00  0.300533E-05
  0.507279E+02  0.577542E+00  0.293112E+00  0.232791E-08  0.231465E-08  0.000000E+00  0.531190E+00  0.531190E+00  0.531190E+00 -0.242534E-05  0.518159E+00  0.458710E+00  0.296740E-05
  0.509620E+02  0.572654E+00  0.290622E+00  0.228703E-08  0.227400E-08  0.000000E+00  0.526693E+00  0.526693E+00  0.526693E+00 -0.240480E-05  0.513773E+00  0.454804E+00  0.292988E-05
  0.511973E+02  0.567810E+00  0.288154E+00  0.224688E-08  0.223408E-08  0.000000E+00  0.522236E+00  0.522236E+00  0.522236E+00 -0.238445E-05  0.509426E+00  0.450934E+00  0.289286E-05
  0.514336E+02  0.563017E+00  0.285714E+00  0.220748E-08  0.219490E-08  0.000000E+00  0.517827E+00  0.517827E+00  0.517827E+00 -0.236432E-05  0.505127E+00  0.447106E+00  0.285638E-05
  0.516710E+02  0.558236E+00  0.283277E+00  0.216864E-08  0.215629E-08  0.000000E+00  0.513428E+00  0.513428E+00  0.513428E+00 -0.234423E-05  0.500835E+00  0.443284E+00  0.282021E-05
  0.519095E+02  0.553516E+00  0.280873E+00  0.213058E-08  0.211844E-08  0.000000E+00  0.509085E+00  0.509085E+00  0.509085E+00 -0.232440E-05  0.496600E+00  0.439513E+00  0.278462E-05
  0.521491E+02  0.548835E+00  0.278489E+00  0.209318E-08  0.208125E-08  0.000000E+00  0.504779E+00  0.504779E+00  0.504779E+00 -0.230474E-05  0.492400E+00  0.435774E+00  0.274949E-05
  0.523898E+02  0.544188E+00  0.276122E+00  0.205641E-08  0.204470E-08  0.000000E+00  0.500503E+00  0.500503E+00  0.500503E+00 -0.228522E-05  0.488230E+00  0.432060E+00  0.271478E-05
  0.526316E+02  0.539591E+00  0.273781E+00  0.202033E-08  0.200882E-08  0.000000E+00  0.496273E+00  0.496273E+00  0.496273E+00 -0.226591E-05  0.484105E+00  0.428387E+00  0.268057E-05
  0.528746E+02  0.535032E+00  0.271459E+00  0.198488E-08  0.197358E-08  0.000000E+00  0.492079E+00  0.492079E+00  0.492079E+00 -0.224676E-05  0.480015E+00  0.424745E+00  0.264680E-05
  0.531186E+02  0.530502E+00  0.269151E+00  0.195002E-08  0.193891E-08  0.000000E+00  0.487912E+00  0.487912E+00  0.487912E+00 -0.222773E-05  0.475950E+00  0.421126E+00  0.261341E-05
  0.533638E+02  0.526007E+00  0.266861E+00  0.191575E-08  0.190484E-08  0.000000E+00  0.483776E+00  0.483776E+00  0.483776E+00 -0.220885E-05  0.471916E+00  0.417533E+00  0.258044E-05
  0.536101E+02  0.521565E+00  0.264599E+00  0.188215E-08  0.187143E-08  0.000000E+00  0.479689E+00  0.479689E+00  0.479689E+00 -0.219019E-05  0.467932E+00  0.413985E+00  0.254797E-05
  0.538576E+02  0.517134E+00  0.262342E+00  0.184903E-08  0.183850E-08  0.000000E+00  0.475613E+00  0.475613E+00  0.475613E+00 -0.217157E-05  0.463955E+00  0.410444E+00  0.251578E-05
  0.541062E+02  0.512758E+00  0.260113E+00  0.181656E-08  0.180621E-08  0.000000E+00  0.471586E+00  0.471586E+00  0.471586E+00 -0.215319E-05  0.460028E+00  0.406947E+00  0.248409E-05
  0.543559E+02  0.508423E+00  0.257905E+00  0.178467E-08  0.177451E-08  0.000000E+00  0.467597E+00  0.467597E+00  0.467597E+00 -0.213498E-05  0.456138E+00  0.403483E+00  0.245284E-05
  0.546068E+02  0.504119E+00  0.255712E+00  0.175333E-08  0.174334E-08  0.000000E+00  0.463637E+00  0.463637E+00  0.463637E+00 -0.211690E-05  0.452276E+00  0.400044E+00  0.242196E-05
  0.548589E+02  0.499862E+00  0.253545E+00  0.172257E-08  0.171277E-08  0.000000E+00  0.459722E+00  0.459722E+00  0.459722E+00 -0.209902E-05  0.448458E+00  0.396644E+00  0.239153E-05
  0.551121E+02  0.495633E+00  0.251390E+00  0.169233E-08  0.168269E-08  0.000000E+00  0.455830E+00  0.455830E+00  0.455830E+00 -0.208125E-05  0.444663E+00  0.393264E+00  0.236145E-05
  0.553665E+02  0.491437E+00  0.249253E+00  0.166260E-08  0.165314E-08  0.000000E+00  0.451970E+00  0.451970E+00  0.451970E+00 -0.206363E-05  0.440898E+00  0.389912E+00  0.233175E-05
  0.556220E+02  0.487277E+00  0.247134E+00  0.163340E-08  0.162410E-08  0.000000E+00  0.448142E+00  0.448142E+00  0.448142E+00 -0.204615E-05  0.437165E+00  0.386588E+00  0.230242E-05
  0.558788E+02  0.483151E+00  0.245032E+00  0.160471E-08  0.159557E-08  0.000000E+00  0.444346E+00  0.444346E+00  0.444346E+00 -0.202882E-05  0.433463E+00  0.383291E+00  0.227348E-05
  0.561367E+02  0.479061E+00  0.242949E+00  0.157652E-08  0.156755E-08  0.000000E+00  0.440584E+00  0.440584E+00  0.440584E+00 -0.201164E-05  0.429793E+00  0.380023E+00  0.224491E-05
  0.563958E+02  0.475003E+00  0.240882E+00  0.154882E-08  0.154001E-08  0.000000E+00  0.436850E+00  0.436850E+00  0.436850E+00 -0.199459E-05  0.426152E+00  0.376781E+00  0.221669E-05
  0.566561E+02  0.470986E+00  0.238836E+00  0.152163E-08  0.151297E-08  0.000000E+00  0.433154E+00  0.433154E+00  0.433154E+00 -0.197772E-05  0.422547E+00  0.373571E+00  0.218887E-05
  0.569176E+02  0.466993E+00  0.236801E+00  0.149489E-08  0.148638E-08  0.000000E+00  0.429480E+00  0.429480E+00  0.429480E+00 -0.196094E-05  0.418964E+00  0.370380E+00  0.216136E-05
  0.571803E+02  0.463038E+00  0.234787E+00  0.146862E-08  0.146027E-08  0.000000E+00  0.425842E+00  0.425842E+00  0.425842E+00 -0.194433E-05  0.415416E+00  0.367220E+00  0.213423E-05
  0.574443E+02  0.459116E+00  0.232789E+00  0.144282E-08  0.143461E-08  0.000000E+00  0.422234E+00  0.422234E+00  0.422234E+00 -0.192785E-05  0.411897E+00  0.364086E+00  0.210745E-05
  0.577094E+02  0.455228E+00  0.230809E+00  0.141748E-08  0.140941E-08  0.000000E+00  0.418656E+00  0.418656E+00  0.418656E+00 -0.191152E-05  0.408408E+00  0.360979E+00  0.208101E-05
  0.579758E+02  0.451372E+00  0.228845E+00  0.139257E-08  0.138465E-08  0.000000E+00  0.415108E+00  0.415108E+00  0.415108E+00 -0.189532E-05  0.404948E+00  0.357898E+00  0.205490E-05
  0.582434E+02  0.447553E+00  0.226899E+00  0.136812E-08  0.136033E-08  0.000000E+00  0.411595E+00  0.411595E+00  0.411595E+00 -0.187928E-05  0.401522E+00  0.354847E+00  0.202916E-05
  0.585122E+02  0.443762E+00  0.224968E+00  0.134408E-08  0.133643E-08  0.000000E+00  0.408107E+00  0.408107E+00  0.408107E+00 -0.186336E-05  0.398120E+00  0.351817E+00  0.200372E-05
  0.587823E+02  0.440003E+00  0.223053E+00  0.132046E-08  0.131295E-08  0.000000E+00  0.404648E+00  0.404648E+00  0.404648E+00 -0.184756E-05  0.394747E+00  0.348813E+00  0.197861E-05
  0.590537E+02  0.436275E+00  0.221154E+00  0.129726E-08  0.128988E-08  0.000000E+00  0.401219E+00  0.401219E+00  0.401219E+00 -0.183190E-05  0.391402E+00  0.345835E+00  0.195383E-05
  0.593262E+02  0.432579E+00  0.219271E+00  0.127446E-08  0.126721E-08  0.000000E+00  0.397817E+00  0.397817E+00  0.397817E+00 -0.181638E-05  0.388085E+00  0.342881E+00  0.192936E-05
  0.596001E+02  0.428913E+00  0.217404E+00  0.125207E-08  0.124494E-08  0.000000E+00  0.394445E+00  0.394445E+00  0.394445E+00 -0.180098E-05  0.384796E+00  0.339951E+00  0.190520E-05
  0.598752E+02  0.425277E+00  0.215552E+00  0.123006E-08  0.122306E-08  0.000000E+00  0.391100E+00  0.391100E+00  0.391100E+00 -0.178570E-05  0.381534E+00  0.337046E+00  0.188135E-05
  0.601515E+02  0.421673E+00  0.213716E+00  0.120844E-08  0.120157E-08  0.000000E+00  0.387784E+00  0.387784E+00  0.387784E+00 -0.177056E-05  0.378300E+00  0.334166E+00  0.185781E-05
  0.604292E+02  0.418100E+00  0.211896E+00  0.118720E-08  0.118045E-08  0.000000E+00  0.384496E+00  0.384496E+00  0.384496E+00 -0.175555E-05  0.375094E+00  0.331311E+00  0.183457E-05
  0.607081E+02  0.414556E+00  0.210091E+00  0.116634E-08  0.115971E-08  0.000000E+00  0.381236E+00  0.381236E+00  0.381236E+00 -0.174067E-05  0.371914E+00  0.328479E+00  0.181163E-05
  0.609883E+02  0.411042E+00  0.208300E+00  0.114584E-08  0.113932E-08  0.000000E+00  0.378003E+00  0.378003E+00  0.378003E+00 -0.172590E-05  0.368761E+00  0.325671E+00  0.178898E-05
  0.612698E+02  0.407558E+00  0.206526E+00  0.112570E-08  0.111930E-08  0.000000E+00  0.374797E+00  0.374797E+00  0.374797E+00 -0.171127E-05  0.365635E+00  0.322887E+00  0.176663E-05
  0.615527E+02  0.404106E+00  0.204767E+00  0.110592E-08  0.109963E-08  0.000000E+00  0.371622E+00  0.371622E+00  0.371622E+00 -0.169677E-05  0.362538E+00  0.320129E+00  0.174457E-05
  0.618368E+02  0.400681E+00  0.203022E+00  0.108648E-08  0.108030E-08  0.000000E+00  0.368470E+00  0.368470E+00  0.368470E+00 -0.168238E-05  0.359464E+00  0.317391E+00  0.172279E-05
  0.621222E+02  0.397287E+00  0.201294E+00  0.106739E-08  0.106132E-08  0.000000E+00  0.365347E+00  0.365347E+00  0.365347E+00 -0.166812E-05  0.356419E+00  0.314679E+00  0.170130E-05
  0.624089E+02  0.393919E+00  0.199578E+00  0.104863E-08  0.104267E-08  0.000000E+00  0.362248E+00  0.362248E+00  0.362248E+00 -0.165397E-05  0.353396E+00  0.311987E+00  0.168007E-05
  0.626970E+02  0.390579E+00  0.197876E+00  0.103019E-08  0.102434E-08  0.000000E+00  0.359176E+00  0.359176E+00  0.359176E+00 -0.163994E-05  0.350400E+00  0.309319E+00  0.165911E-05
  0.629864E+02  0.387266E+00  0.196188E+00  0.101208E-08  0.100633E-08  0.000000E+00  0.356127E+00  0.356127E+00  0.356127E+00 -0.162602E-05  0.347427E+00  0.306670E+00  0.163841E-05
  0.632771E+02  0.383978E+00  0.194514E+00  0.994275E-09  0.988625E-09  0.000000E+00  0.353102E+00  0.353102E+00  0.353102E+00 -0.161221E-05  0.344477E+00  0.304043E+00  0.161797E-05
  0.635692E+02  0.380718E+00  0.192853E+00  0.976783E-09  0.971232E-09  0.000000E+00  0.350103E+00  0.350103E+00  0.350103E+00 -0.159851E-05  0.341551E+00  0.301437E+00  0.159779E-05
  0.638626E+02  0.377489E+00  0.191208E+00  0.959610E-09  0.954157E-09  0.000000E+00  0.347132E+00  0.347132E+00  0.347132E+00 -0.158495E-05  0.338654E+00  0.298857E+00  0.157789E-05
  0.641574E+02  0.374288E+00  0.189577E+00  0.942739E-09  0.937382E-09  0.000000E+00  0.344187E+00  0.344187E+00  0.344187E+00 -0.157150E-05  0.335782E+00  0.296299E+00  0.155824E-05
  0.644535E+02  0.371109E+00  0.187958E+00  0.926152E-09  0.920890E-09  0.000000E+00  0.341262E+00  0.341262E+00  0.341262E+00 -0.155815E-05  0.332929E+00  0.293759E+00  0.153883E-05
  0.647510E+02  0.367969E+00  0.186358E+00  0.909886E-09  0.904717E-09  0.000000E+00  0.338373E+00  0.338373E+00  0.338373E+00 -0.154496E-05  0.330112E+00  0.291249E+00  0.151971E-05
  0.650499E+02  0.364847E+00  0.184768E+00  0.893885E-09  0.888807E-09  0.000000E+00  0.335501E+00  0.335501E+00  0.335501E+00 -0.153185E-05  0.327310E+00  0.288754E+00  0.150080E-05
  0.653502E+02  0.361755E+00  0.183192E+00  0.878173E-09  0.873184E-09  0.000000E+00  0.332656E+00  0.332656E+00  0.332656E+00 -0.151885E-05  0.324536E+00  0.286283E+00  0.148215E-05
  0.656518E+02  0.358689E+00  0.181631E+00  0.862739E-09  0.857838E-09  0.000000E+00  0.329835E+00  0.329835E+00  0.329835E+00 -0.150598E-05  0.321785E+00  0.283833E+00  0.146375E-05
  0.659549E+02  0.355636E+00  0.180075E+00  0.847541E-09  0.842727E-09  0.000000E+00  0.327026E+00  0.327026E+00  0.327026E+00 -0.149315E-05  0.319045E+00  0.281393E+00  0.144552E-05
  0.662593E+02  0.352615E+00  0.178536E+00  0.832628E-09  0.827899E-09  0.000000E+00  0.324247E+00  0.324247E+00  0.324247E+00 -0.148046E-05  0.316335E+00  0.278979E+00  0.142755E-05
  0.665651E+02  0.349623E+00  0.177012E+00  0.817984E-09  0.813339E-09  0.000000E+00  0.321494E+00  0.321494E+00  0.321494E+00 -0.146789E-05  0.313650E+00  0.276587E+00  0.140983E-05
  0.668724E+02  0.346657E+00  0.175500E+00  0.803598E-09  0.799035E-09  0.000000E+00  0.318765E+00  0.318765E+00  0.318765E+00 -0.145543E-05  0.310988E+00  0.274216E+00  0.139233E-05
  0.671810E+02  0.343715E+00  0.174002E+00  0.789463E-09  0.784980E-09  0.000000E+00  0.316058E+00  0.316058E+00  0.316058E+00 -0.144307E-05  0.308348E+00  0.271865E+00  0.137506E-05
  0.674911E+02  0.340798E+00  0.172516E+00  0.775578E-09  0.771174E-09  0.000000E+00  0.313374E+00  0.313374E+00  0.313374E+00 -0.143082E-05  0.305731E+00  0.269534E+00  0.135801E-05
  0.678027E+02  0.337905E+00  0.171042E+00  0.761935E-09  0.757609E-09  0.000000E+00  0.310713E+00  0.310713E+00  0.310713E+00 -0.141866E-05  0.303135E+00  0.267222E+00  0.134117E-05
  0.681156E+02  0.335033E+00  0.169578E+00  0.748522E-09  0.744273E-09  0.000000E+00  0.308070E+00  0.308070E+00  0.308070E+00 -0.140660E-05  0.300558E+00  0.264926E+00  0.132454E-05
  0.684300E+02  0.332189E+00  0.168130E+00  0.735355E-09  0.731181E-09  0.000000E+00  0.305454E+00  0.305454E+00  0.305454E+00 -0.139465E-05  0.298006E+00  0.262653E+00  0.130813E-05
  0.687459E+02  0.329369E+00  0.166693E+00  0.722419E-09  0.718319E-09  0.000000E+00  0.302859E+00  0.302859E+00  0.302859E+00 -0.138280E-05  0.295476E+00  0.260400E+00  0.129194E-05
  0.690632E+02  0.326574E+00  0.165269E+00  0.709711E-09  0.705683E-09  0.000000E+00  0.300287E+00  0.300287E+00  0.300287E+00 -0.137106E-05  0.292968E+00  0.258166E+00  0.127595E-05
  0.693820E+02  0.323802E+00  0.163857E+00  0.697226E-09  0.693269E-09  0.000000E+00  0.297737E+00  0.297737E+00  0.297737E+00 -0.135942E-05  0.290480E+00  0.255950E+00  0.126017E-05
  0.697022E+02  0.321053E+00  0.162456E+00  0.684960E-09  0.681073E-09  0.000000E+00  0.295208E+00  0.295208E+00  0.295208E+00 -0.134787E-05  0.288014E+00  0.253753E+00  0.124459E-05
  0.700240E+02  0.318339E+00  0.161074E+00  0.672937E-09  0.669118E-09  0.000000E+00  0.292711E+00  0.292711E+00  0.292711E+00 -0.133647E-05  0.285579E+00  0.251585E+00  0.122926E-05
  0.703472E+02  0.315634E+00  0.159695E+00  0.661091E-09  0.657340E-09  0.000000E+00  0.290221E+00  0.290221E+00  0.290221E+00 -0.132511E-05  0.283152E+00  0.249422E+00  0.121406E-05
  0.706719E+02  0.312954E+00  0.158330E+00  0.649459E-09  0.645775E-09  0.000000E+00  0.287756E+00  0.287756E+00  0.287756E+00 -0.131385E-05  0.280747E+00  0.247280E+00  0.119907E-05
  0.709981E+02  0.310296E+00  0.156976E+00  0.638032E-09  0.634413E-09  0.000000E+00  0.285311E+00  0.285311E+00  0.285311E+00 -0.130268E-05  0.278362E+00  0.245156E+00  0.118427E-05
  0.713258E+02  0.307662E+00  0.155634E+00  0.626808E-09  0.623253E-09  0.000000E+00  0.282887E+00  0.282887E+00  0.282887E+00 -0.129162E-05  0.275999E+00  0.243051E+00  0.116967E-05
  0.716550E+02  0.305050E+00  0.154303E+00  0.615779E-09  0.612287E-09  0.000000E+00  0.280484E+00  0.280484E+00  0.280484E+00 -0.128064E-05  0.273655E+00  0.240963E+00  0.115524E-05
  0.719858E+02  0.302459E+00  0.152983E+00  0.604942E-09  0.601511E-09  0.000000E+00  0.278100E+00  0.278100E+00  0.278100E+00 -0.126976E-05  0.271330E+00  0.238892E+00  0.114100E-05
  0.723181E+02  0.299890E+00  0.151674E+00  0.594297E-09  0.590927E-09  0.000000E+00  0.275736E+00  0.275736E+00  0.275736E+00 -0.125897E-05  0.269025E+00  0.236839E+00  0.112694E-05
  0.726519E+02  0.297342E+00  0.150376E+00  0.583837E-09  0.580527E-09  0.000000E+00  0.273392E+00  0.273392E+00  0.273392E+00 -0.124826E-05  0.266739E+00  0.234802E+00  0.111306E-05
  0.729872E+02  0.294816E+00  0.149089E+00  0.573562E-09  0.570310E-09  0.000000E+00  0.271068E+00  0.271068E+00  0.271068E+00 -0.123765E-05  0.264472E+00  0.232783E+00  0.109936E-05
  0.733241E+02  0.292310E+00  0.147812E+00  0.563464E-09  0.560270E-09  0.000000E+00  0.268762E+00  0.268762E+00  0.268762E+00 -0.122713E-05  0.262224E+00  0.230780E+00  0.108583E-05
  0.736626E+02  0.289827E+00  0.146547E+00  0.553548E-09  0.550410E-09  0.000000E+00  0.266478E+00  0.266478E+00  0.266478E+00 -0.121669E-05  0.259996E+00  0.228795E+00  0.107248E-05
  0.740026E+02  0.287366E+00  0.145293E+00  0.543807E-09  0.540725E-09  0.000000E+00  0.264214E+00  0.264214E+00  0.264214E+00 -0.120636E-05  0.257787E+00  0.226828E+00  0.105930E-05
  0.743441E+02  0.284926E+00  0.144051E+00  0.534239E-09  0.531212E-09  0.000000E+00  0.261969E+00  0.261969E+00  0.261969E+00 -0.119611E-05  0.255598E+00  0.224878E+00  0.104630E-05
  0.746873E+02  0.282503E+00  0.142816E+00  0.524831E-09  0.521857E-09  0.000000E+00  0.259739E+00  0.259739E+00  0.259739E+00 -0.118593E-05  0.253424E+00  0.222941E+00  0.103344E-05
  0.750320E+02  0.280103E+00  0.141593E+00  0.515593E-09  0.512672E-09  0.000000E+00  0.257531E+00  0.257531E+00  0.257531E+00 -0.117584E-05  0.251270E+00  0.221023E+00  0.102076E-05
  0.753784E+02  0.277723E+00  0.140380E+00  0.506518E-09  0.503648E-09  0.000000E+00  0.255341E+00  0.255341E+00  0.255341E+00 -0.116585E-05  0.249135E+00  0.219120E+00  0.100823E-05
  0.757263E+02  0.275363E+00  0.139178E+00  0.497602E-09  0.494783E-09  0.000000E+00  0.253170E+00  0.253170E+00  0.253170E+00 -0.115593E-05  0.247017E+00  0.217234E+00  0.995873E-06
  0.760758E+02  0.273026E+00  0.137987E+00  0.488847E-09  0.486078E-09  0.000000E+00  0.251019E+00  0.251019E+00  0.251019E+00 -0.114611E-05  0.244920E+00  0.215366E+00  0.983679E-06
  0.764270E+02  0.270705E+00  0.136805E+00  0.480241E-09  0.477521E-09  0.000000E+00  0.248885E+00  0.248885E+00  0.248885E+00 -0.113637E-05  0.242838E+00  0.213511E+00  0.971631E-06
  0.767798E+02  0.268401E+00  0.135630E+00  0.471779E-09  0.469107E-09  0.000000E+00  0.246764E+00  0.246764E+00  0.246764E+00 -0.112668E-05  0.240770E+00  0.211668E+00  0.959721E-06
  0.771342E+02  0.266120E+00  0.134468E+00  0.463473E-09  0.460849E-09  0.000000E+00  0.244665E+00  0.244665E+00  0.244665E+00 -0.111710E-05  0.238723E+00  0.209845E+00  0.947979E-06
  0.774902E+02  0.263862E+00  0.133318E+00  0.455321E-09  0.452742E-09  0.000000E+00  0.242588E+00  0.242588E+00  0.242588E+00 -0.110762E-05  0.236697E+00  0.208040E+00  0.936401E-06
  0.778479E+02  0.261619E+00  0.132175E+00  0.447304E-09  0.444772E-09  0.000000E+00  0.240524E+00  0.240524E+00  0.240524E+00 -0.109820E-05  0.234685E+00  0.206247E+00  0.924956E-06
  0.782072E+02  0.259395E+00  0.131042E+00  0.439429E-09  0.436941E-09  0.000000E+00  0.238478E+00  0.238478E+00  0.238478E+00 -0.108885E-05  0.232689E+00  0.204470E+00  0.913657E-06
  0.785682E+02  0.257188E+00  0.129917E+00  0.431687E-09  0.429244E-09  0.000000E+00  0.236447E+00  0.236447E+00  0.236447E+00 -0.107958E-05  0.230709E+00  0.202705E+00  0.902493E-06
  0.789308E+02  0.255001E+00  0.128803E+00  0.424086E-09  0.421685E-09  0.000000E+00  0.234435E+00  0.234435E+00  0.234435E+00 -0.107039E-05  0.228747E+00  0.200957E+00  0.891479E-06
  0.792952E+02  0.252831E+00  0.127697E+00  0.416615E-09  0.414257E-09  0.000000E+00  0.232439E+00  0.232439E+00  0.232439E+00 -0.106128E-05  0.226799E+00  0.199222E+00  0.880599E-06
  0.796612E+02  0.250687E+00  0.126605E+00  0.409287E-09  0.406971E-09  0.000000E+00  0.230466E+00  0.230466E+00  0.230466E+00 -0.105227E-05  0.224875E+00  0.197508E+00  0.869883E-06
  0.800289E+02  0.248555E+00  0.125518E+00  0.402079E-09  0.399804E-09  0.000000E+00  0.228504E+00  0.228504E+00  0.228504E+00 -0.104331E-05  0.222963E+00  0.195804E+00  0.859285E-06
  0.803983E+02  0.246441E+00  0.124441E+00  0.394998E-09  0.392763E-09  0.000000E+00  0.226559E+00  0.226559E+00  0.226559E+00 -0.103443E-05  0.221066E+00  0.194114E+00  0.848821E-06
  0.807694E+02  0.244345E+00  0.123374E+00  0.388041E-09  0.385846E-09  0.000000E+00  0.224631E+00  0.224631E+00  0.224631E+00 -0.102563E-05  0.219185E+00  0.192439E+00  0.838491E-06
  0.811422E+02  0.242267E+00  0.122315E+00  0.381207E-09  0.379051E-09  0.000000E+00  0.222719E+00  0.222719E+00  0.222719E+00 -0.101690E-05  0.217321E+00  0.190778E+00  0.828293E-06
  0.815167E+02  0.240207E+00  0.121265E+00  0.374493E-09  0.372375E-09  0.000000E+00  0.220823E+00  0.220823E+00  0.220823E+00 -0.100824E-05  0.215472E+00  0.189130E+00  0.818224E-06
  0.818930E+02  0.238164E+00  0.120224E+00  0.367897E-09  0.365817E-09  0.000000E+00  0.218944E+00  0.218944E+00  0.218944E+00 -0.999664E-06  0.213639E+00  0.187497E+00  0.808285E-06
  0.822710E+02  0.236137E+00  0.119191E+00  0.361416E-09  0.359372E-09  0.000000E+00  0.217080E+00  0.217080E+00  0.217080E+00 -0.991150E-06  0.211821E+00  0.185877E+00  0.798468E-06
  0.826507E+02  0.234129E+00  0.118168E+00  0.355049E-09  0.353042E-09  0.000000E+00  0.215231E+00  0.215231E+00  0.215231E+00 -0.982711E-06  0.210018E+00  0.184271E+00  0.788779E-06
  0.830322E+02  0.232137E+00  0.117153E+00  0.348795E-09  0.346823E-09  0.000000E+00  0.213399E+00  0.213399E+00  0.213399E+00 -0.974345E-06  0.208231E+00  0.182679E+00  0.779213E-06
  0.834155E+02  0.230162E+00  0.116147E+00  0.342651E-09  0.340714E-09  0.000000E+00  0.211582E+00  0.211582E+00  0.211582E+00 -0.966049E-06  0.206459E+00  0.181101E+00  0.769769E-06
  0.838005E+02  0.228205E+00  0.115149E+00  0.336616E-09  0.334713E-09  0.000000E+00  0.209781E+00  0.209781E+00  0.209781E+00 -0.957826E-06  0.204703E+00  0.179535E+00  0.760447E-06
  0.841873E+02  0.226264E+00  0.114160E+00  0.330686E-09  0.328818E-09  0.000000E+00  0.207995E+00  0.207995E+00  0.207995E+00 -0.949672E-06  0.202961E+00  0.177984E+00  0.751243E-06
  0.845759E+02  0.224339E+00  0.113179E+00  0.324861E-09  0.323025E-09  0.000000E+00  0.206224E+00  0.206224E+00  0.206224E+00 -0.941586E-06  0.201234E+00  0.176445E+00  0.742155E-06
  0.849663E+02  0.222430E+00  0.112206E+00  0.319137E-09  0.317334E-09  0.000000E+00  0.204468E+00  0.204468E+00  0.204468E+00 -0.933567E-06  0.199521E+00  0.174919E+00  0.733182E-06
  0.853585E+02  0.220537E+00  0.111242E+00  0.313514E-09  0.311743E-09  0.000000E+00  0.202726E+00  0.202726E+00  0.202726E+00 -0.925615E-06  0.197823E+00  0.173405E+00  0.724323E-06
  0.857525E+02  0.218661E+00  0.110286E+00  0.307991E-09  0.306251E-09  0.000000E+00  0.201000E+00  0.201000E+00  0.201000E+00 -0.917732E-06  0.196139E+00  0.171905E+00  0.715576E-06
  0.861483E+02  0.216800E+00  0.109337E+00  0.302564E-09  0.300855E-09  0.000000E+00  0.199288E+00  0.199288E+00  0.199288E+00 -0.909915E-06  0.194469E+00  0.170417E+00  0.706941E-06
  0.865460E+02  0.214955E+00  0.108397E+00  0.297232E-09  0.295554E-09  0.000000E+00  0.197590E+00  0.197590E+00  0.197590E+00 -0.902164E-06  0.192814E+00  0.168942E+00  0.698415E-06
  0.869454E+02  0.213126E+00  0.107465E+00  0.291995E-09  0.290347E-09  0.000000E+00  0.195907E+00  0.195907E+00  0.195907E+00 -0.894480E-06  0.191173E+00  0.167480E+00  0.689999E-06
  0.873468E+02  0.211314E+00  0.106542E+00  0.286853E-09  0.285233E-09  0.000000E+00  0.194240E+00  0.194240E+00  0.194240E+00 -0.886869E-06  0.189547E+00  0.166031E+00  0.681695E-06
  0.877499E+02  0.209515E+00  0.105625E+00  0.281797E-09  0.280207E-09  0.000000E+00  0.192585E+00  0.192585E+00  0.192585E+00 -0.879311E-06  0.187933E+00  0.164593E+00  0.673488E-06
  0.881550E+02  0.207732E+00  0.104716E+00  0.276832E-09  0.275269E-09  0.000000E+00  0.190944E+00  0.190944E+00  0.190944E+00 -0.871820E-06  0.186333E+00  0.163167E+00  0.665388E-06
  0.885619E+02  0.205963E+00  0.103815E+00  0.271952E-09  0.270418E-09  0.000000E+00  0.189317E+00  0.189317E+00  0.189317E+00 -0.864391E-06  0.184746E+00  0.161753E+00  0.657389E-06
  0.889706E+02  0.204210E+00  0.102922E+00  0.267159E-09  0.265652E-09  0.000000E+00  0.187704E+00  0.187704E+00  0.187704E+00 -0.857025E-06  0.183173E+00  0.160351E+00  0.649491E-06
  0.893813E+02  0.202468E+00  0.102034E+00  0.262446E-09  0.260965E-09  0.000000E+00  0.186101E+00  0.186101E+00  0.186101E+00 -0.849704E-06  0.181609E+00  0.158958E+00  0.641681E-06
  0.897939E+02  0.200737E+00  0.101152E+00  0.257811E-09  0.256357E-09  0.000000E+00  0.184508E+00  0.184508E+00  0.184508E+00 -0.842434E-06  0.180056E+00  0.157574E+00  0.633962E-06
  0.902084E+02  0.199026E+00  0.100279E+00  0.253263E-09  0.251835E-09  0.000000E+00  0.182934E+00  0.182934E+00  0.182934E+00 -0.835242E-06  0.178520E+00  0.156205E+00  0.626353E-06
  0.906247E+02  0.197331E+00  0.994156E-01  0.248799E-09  0.247396E-09  0.000000E+00  0.181374E+00  0.181374E+00  0.181374E+00 -0.828123E-06  0.176999E+00  0.154850E+00  0.618849E-06
  0.910430E+02  0.195651E+00  0.985593E-01  0.244413E-09  0.243035E-09  0.000000E+00  0.179828E+00  0.179828E+00  0.179828E+00 -0.821064E-06  0.175492E+00  0.153507E+00  0.611440E-06
  0.914633E+02  0.193984E+00  0.977102E-01  0.240105E-09  0.238751E-09  0.000000E+00  0.178295E+00  0.178295E+00  0.178295E+00 -0.814064E-06  0.173997E+00  0.152175E+00  0.604125E-06
  0.918855E+02  0.192332E+00  0.968683E-01  0.235872E-09  0.234542E-09  0.000000E+00  0.176775E+00  0.176775E+00  0.176775E+00 -0.807125E-06  0.172514E+00  0.150854E+00  0.596902E-06
  0.923096E+02  0.190695E+00  0.960337E-01  0.231714E-09  0.230408E-09  0.000000E+00  0.175269E+00  0.175269E+00  0.175269E+00 -0.800245E-06  0.171045E+00  0.149544E+00  0.589772E-06
  0.927357E+02  0.189070E+00  0.952057E-01  0.227628E-09  0.226345E-09  0.000000E+00  0.173774E+00  0.173774E+00  0.173774E+00 -0.793420E-06  0.169587E+00  0.148245E+00  0.582730E-06
  0.931637E+02  0.187460E+00  0.943850E-01  0.223615E-09  0.222355E-09  0.000000E+00  0.172292E+00  0.172292E+00  0.172292E+00 -0.786655E-06  0.168142E+00  0.146957E+00  0.575778E-06
  0.935937E+02  0.185870E+00  0.935748E-01  0.219681E-09  0.218443E-09  0.000000E+00  0.170829E+00  0.170829E+00  0.170829E+00 -0.779976E-06  0.166716E+00  0.145686E+00  0.568935E-06
  0.940257E+02  0.184286E+00  0.927679E-01  0.215807E-09  0.214592E-09  0.000000E+00  0.169372E+00  0.169372E+00  0.169372E+00 -0.773325E-06  0.165295E+00  0.144420E+00  0.562158E-06
  0.944597E+02  0.182717E+00  0.919682E-01  0.212003E-09  0.210809E-09  0.000000E+00  0.167928E+00  0.167928E+00  0.167928E+00 -0.766733E-06  0.163887E+00  0.143165E+00  0.555469E-06
  0.948957E+02  0.181160E+00  0.911748E-01  0.208264E-09  0.207092E-09  0.000000E+00  0.166496E+00  0.166496E+00  0.166496E+00 -0.760193E-06  0.162490E+00  0.141920E+00  0.548862E-06
  0.953338E+02  0.179617E+00  0.903882E-01  0.204592E-09  0.203440E-09  0.000000E+00  0.165076E+00  0.165076E+00  0.165076E+00 -0.753709E-06  0.161105E+00  0.140686E+00  0.542337E-06
  0.957738E+02  0.178086E+00  0.896078E-01  0.200983E-09  0.199852E-09  0.000000E+00  0.163667E+00  0.163667E+00  0.163667E+00 -0.747277E-06  0.159731E+00  0.139462E+00  0.535894E-06
  0.962159E+02  0.176568E+00  0.888344E-01  0.197438E-09  0.196327E-09  0.000000E+00  0.162271E+00  0.162271E+00  0.162271E+00 -0.740901E-06  0.158370E+00  0.138248E+00  0.529533E-06
  0.966600E+02  0.175065E+00  0.880684E-01  0.193958E-09  0.192867E-09  0.000000E+00  0.160888E+00  0.160888E+00  0.160888E+00 -0.734588E-06  0.157021E+00  0.137046E+00  0.523259E-06
  0.971062E+02  0.173573E+00  0.873075E-01  0.190536E-09  0.189464E-09  0.000000E+00  0.159515E+00  0.159515E+00  0.159515E+00 -0.728316E-06  0.155682E+00  0.135852E+00  0.517055E-06
  0.975544E+02  0.172094E+00  0.865540E-01  0.187176E-09  0.186123E-09  0.000000E+00  0.158154E+00  0.158154E+00  0.158154E+00 -0.722105E-06  0.154355E+00  0.134670E+00  0.510935E-06
  0.980047E+02  0.170627E+00  0.858065E-01  0.183875E-09  0.182841E-09  0.000000E+00  0.156805E+00  0.156805E+00  0.156805E+00 -0.715944E-06  0.153039E+00  0.133497E+00  0.504890E-06
  0.984570E+02  0.169173E+00  0.850653E-01  0.180632E-09  0.179616E-09  0.000000E+00  0.155467E+00  0.155467E+00  0.155467E+00 -0.709835E-06  0.151734E+00  0.132334E+00  0.498921E-06
  0.989115E+02  0.167732E+00  0.843306E-01  0.177446E-09  0.176448E-09  0.000000E+00  0.154140E+00  0.154140E+00  0.154140E+00 -0.703779E-06  0.150441E+00  0.131182E+00  0.493029E-06
  0.993680E+02  0.166302E+00  0.836021E-01  0.174316E-09  0.173336E-09  0.000000E+00  0.152825E+00  0.152825E+00  0.152825E+00 -0.697774E-06  0.149158E+00  0.130038E+00  0.487210E-06
  0.998267E+02  0.164885E+00  0.828796E-01  0.171241E-09  0.170278E-09  0.000000E+00  0.151521E+00  0.151521E+00  0.151521E+00 -0.691819E-06  0.147886E+00  0.128905E+00  0.481465E-06
  0.100287E+03  0.163479E+00  0.821632E-01  0.168220E-09  0.167275E-09  0.000000E+00  0.150228E+00  0.150228E+00  0.150228E+00 -0.685915E-06  0.146625E+00  0.127781E+00  0.475792E-06
  0.100750E+03  0.162085E+00  0.814523E-01  0.165251E-09  0.164323E-09  0.000000E+00  0.148945E+00  0.148945E+00  0.148945E+00 -0.680055E-06  0.145374E+00  0.126665E+00  0.470186E-06
  0.101215E+03  0.160703E+00  0.807480E-01  0.162336E-09  0.161424E-09  0.000000E+00  0.147673E+00  0.147673E+00  0.147673E+00 -0.674250E-06  0.144134E+00  0.125560E+00  0.464654E-06
  0.101683E+03  0.159332E+00  0.800491E-01  0.159470E-09  0.158575E-09  0.000000E+00  0.146412E+00  0.146412E+00  0.146412E+00 -0.668490E-06  0.142903E+00  0.124463E+00  0.459189E-06
  0.102152E+03  0.157974E+00  0.793569E-01  0.156657E-09  0.155777E-09  0.000000E+00  0.145162E+00  0.145162E+00  0.145162E+00 -0.662784E-06  0.141685E+00  0.123377E+00  0.453797E-06
  0.102623E+03  0.156627E+00  0.786703E-01  0.153893E-09  0.153029E-09  0.000000E+00  0.143923E+00  0.143923E+00  0.143923E+00 -0.657126E-06  0.140476E+00  0.122300E+00  0.448472E-06
  0.103097E+03  0.155291E+00  0.779897E-01  0.151178E-09  0.150329E-09  0.000000E+00  0.142694E+00  0.142694E+00  0.142694E+00 -0.651516E-06  0.139278E+00  0.121232E+00  0.443214E-06
  0.103573E+03  0.153962E+00  0.773121E-01  0.148505E-09  0.147671E-09  0.000000E+00  0.141471E+00  0.141471E+00  0.141471E+00 -0.645931E-06  0.138085E+00  0.120169E+00  0.438008E-06
  0.104051E+03  0.152649E+00  0.766429E-01  0.145884E-09  0.145066E-09  0.000000E+00  0.140263E+00  0.140263E+00  0.140263E+00 -0.640415E-06  0.136907E+00  0.119119E+00  0.432881E-06
  0.104531E+03  0.151349E+00  0.759802E-01  0.143312E-09  0.142507E-09  0.000000E+00  0.139067E+00  0.139067E+00  0.139067E+00 -0.634954E-06  0.135741E+00  0.118079E+00  0.427823E-06
  0.105014E+03  0.150058E+00  0.753222E-01  0.140782E-09  0.139993E-09  0.000000E+00  0.137879E+00  0.137879E+00  0.137879E+00 -0.629531E-06  0.134582E+00  0.117046E+00  0.422824E-06
  0.105499E+03  0.148778E+00  0.746695E-01  0.138297E-09  0.137521E-09  0.000000E+00  0.136701E+00  0.136701E+00  0.136701E+00 -0.624151E-06  0.133433E+00  0.116022E+00  0.417886E-06
  0.105986E+03  0.147508E+00  0.740221E-01  0.135855E-09  0.135093E-09  0.000000E+00  0.135532E+00  0.135532E+00  0.135532E+00 -0.618816E-06  0.132294E+00  0.115006E+00  0.413009E-06
  0.106475E+03  0.146249E+00  0.733807E-01  0.133457E-09  0.132709E-09  0.000000E+00  0.134375E+00  0.134375E+00  0.134375E+00 -0.613530E-06  0.131165E+00  0.114000E+00  0.408196E-06
  0.106966E+03  0.145007E+00  0.727475E-01  0.131106E-09  0.130371E-09  0.000000E+00  0.133231E+00  0.133231E+00  0.133231E+00 -0.608311E-06  0.130050E+00  0.113006E+00  0.403458E-06
  0.107460E+03  0.143770E+00  0.721168E-01  0.128792E-09  0.128070E-09  0.000000E+00  0.132093E+00  0.132093E+00  0.132093E+00 -0.603114E-06  0.128940E+00  0.112017E+00  0.398764E-06
  0.107956E+03  0.142543E+00  0.714916E-01  0.126519E-09  0.125810E-09  0.000000E+00  0.130965E+00  0.130965E+00  0.130965E+00 -0.597961E-06  0.127840E+00  0.111036E+00  0.394130E-06
  0.108454E+03  0.141327E+00  0.708718E-01  0.124285E-09  0.123589E-09  0.000000E+00  0.129846E+00  0.129846E+00  0.129846E+00 -0.592853E-06  0.126748E+00  0.110063E+00  0.389554E-06
  0.108955E+03  0.140122E+00  0.702571E-01  0.122091E-09  0.121407E-09  0.000000E+00  0.128736E+00  0.128736E+00  0.128736E+00 -0.587787E-06  0.125666E+00  0.109098E+00  0.385035E-06
  0.109458E+03  0.138926E+00  0.696475E-01  0.119935E-09  0.119264E-09  0.000000E+00  0.127636E+00  0.127636E+00  0.127636E+00 -0.582763E-06  0.124593E+00  0.108142E+00  0.380572E-06
  0.109963E+03  0.137740E+00  0.690432E-01  0.117818E-09  0.117158E-09  0.000000E+00  0.126545E+00  0.126545E+00  0.126545E+00 -0.577783E-06  0.123530E+00  0.107194E+00  0.376165E-06
  0.110471E+03  0.136567E+00  0.684451E-01  0.115740E-09  0.115092E-09  0.000000E+00  0.125466E+00  0.125466E+00  0.125466E+00 -0.572854E-06  0.122477E+00  0.106255E+00  0.371820E-06
  0.110981E+03  0.135401E+00  0.678509E-01  0.113696E-09  0.113060E-09  0.000000E+00  0.124393E+00  0.124393E+00  0.124393E+00 -0.567958E-06  0.121431E+00  0.105323E+00  0.367522E-06
  0.111493E+03  0.134246E+00  0.672618E-01  0.111688E-09  0.111063E-09  0.000000E+00  0.123330E+00  0.123330E+00  0.123330E+00 -0.563103E-06  0.120394E+00  0.104398E+00  0.363279E-06
  0.112007E+03  0.133100E+00  0.666776E-01  0.109716E-09  0.109102E-09  0.000000E+00  0.122275E+00  0.122275E+00  0.122275E+00 -0.558289E-06  0.119366E+00  0.103482E+00  0.359088E-06
  0.112524E+03  0.131964E+00  0.660985E-01  0.107778E-09  0.107176E-09  0.000000E+00  0.121230E+00  0.121230E+00  0.121230E+00 -0.553516E-06  0.118347E+00  0.102573E+00  0.354950E-06
  0.113044E+03  0.130837E+00  0.655243E-01  0.105875E-09  0.105283E-09  0.000000E+00  0.120194E+00  0.120194E+00  0.120194E+00 -0.548784E-06  0.117336E+00  0.101672E+00  0.350864E-06
  0.113566E+03  0.129720E+00  0.649549E-01  0.104005E-09  0.103424E-09  0.000000E+00  0.119166E+00  0.119166E+00  0.119166E+00 -0.544092E-06  0.116334E+00  0.100778E+00  0.346828E-06
  0.114090E+03  0.128613E+00  0.643905E-01  0.102169E-09  0.101597E-09  0.000000E+00  0.118147E+00  0.118147E+00  0.118147E+00 -0.539441E-06  0.115340E+00  0.998925E-01  0.342844E-06
  0.114616E+03  0.127516E+00  0.638311E-01  0.100365E-09  0.998038E-10  0.000000E+00  0.117138E+00  0.117138E+00  0.117138E+00 -0.534831E-06  0.114356E+00  0.990147E-01  0.338910E-06
  0.115145E+03  0.126427E+00  0.632761E-01  0.985919E-10  0.980410E-10  0.000000E+00  0.116136E+00  0.116136E+00  0.116136E+00 -0.530257E-06  0.113379E+00  0.981438E-01  0.335024E-06
  0.115677E+03  0.125348E+00  0.627256E-01  0.968501E-10  0.963091E-10  0.000000E+00  0.115143E+00  0.115143E+00  0.115143E+00 -0.525721E-06  0.112410E+00  0.972799E-01  0.331185E-06
  0.116211E+03  0.124278E+00  0.621801E-01  0.951395E-10  0.946082E-10  0.000000E+00  0.114158E+00  0.114158E+00  0.114158E+00 -0.521226E-06  0.111450E+00  0.964239E-01  0.327396E-06
  0.116747E+03  0.123217E+00  0.616391E-01  0.934589E-10  0.929371E-10  0.000000E+00  0.113182E+00  0.113182E+00  0.113182E+00 -0.516768E-06  0.110498E+00  0.955750E-01  0.323653E-06
  0.117286E+03  0.122163E+00  0.611021E-01  0.918070E-10  0.912946E-10  0.000000E+00  0.112213E+00  0.112213E+00  0.112213E+00 -0.512343E-06  0.109553E+00  0.947324E-01  0.319954E-06
  0.117828E+03  0.121122E+00  0.605712E-01  0.901866E-10  0.896833E-10  0.000000E+00  0.111254E+00  0.111254E+00  0.111254E+00 -0.507969E-06  0.108618E+00  0.938993E-01  0.316309E-06
  0.118371E+03  0.120086E+00  0.600429E-01  0.885917E-10  0.880974E-10  0.000000E+00  0.110301E+00  0.110301E+00  0.110301E+00 -0.503615E-06  0.107688E+00  0.930701E-01  0.312699E-06
  0.118918E+03  0.119060E+00  0.595201E-01  0.870266E-10  0.865412E-10  0.000000E+00  0.109357E+00  0.109357E+00  0.109357E+00 -0.499307E-06  0.106768E+00  0.922497E-01  0.309139E-06
  0.119467E+03  0.118052E+00  0.590061E-01  0.854955E-10  0.850187E-10  0.000000E+00  0.108430E+00  0.108430E+00  0.108430E+00 -0.495073E-06  0.105864E+00  0.914432E-01  0.305647E-06
  0.120018E+03  0.117044E+00  0.584921E-01  0.839849E-10  0.835167E-10  0.000000E+00  0.107502E+00  0.107502E+00  0.107502E+00 -0.490837E-06  0.104959E+00  0.906365E-01  0.302175E-06
  0.120572E+03  0.116044E+00  0.579823E-01  0.825008E-10  0.820409E-10  0.000000E+00  0.106582E+00  0.106582E+00  0.106582E+00 -0.486636E-06  0.104062E+00  0.898365E-01  0.298746E-06
  0.121129E+03  0.115053E+00  0.574770E-01  0.810430E-10  0.805914E-10  0.000000E+00  0.105670E+00  0.105670E+00  0.105670E+00 -0.482473E-06  0.103173E+00  0.890436E-01  0.295359E-06
  0.121688E+03  0.114070E+00  0.569759E-01  0.796108E-10  0.791673E-10  0.000000E+00  0.104766E+00  0.104766E+00  0.104766E+00 -0.478344E-06  0.102291E+00  0.882572E-01  0.292015E-06
  0.122249E+03  0.113095E+00  0.564788E-01  0.782035E-10  0.777679E-10  0.000000E+00  0.103869E+00  0.103869E+00  0.103869E+00 -0.474247E-06  0.101416E+00  0.874770E-01  0.288710E-06
  0.122814E+03  0.112129E+00  0.559861E-01  0.768213E-10  0.763935E-10  0.000000E+00  0.102979E+00  0.102979E+00  0.102979E+00 -0.470188E-06  0.100549E+00  0.867039E-01  0.285448E-06
  0.123381E+03  0.111171E+00  0.554976E-01  0.754635E-10  0.750435E-10  0.000000E+00  0.102098E+00  0.102098E+00  0.102098E+00 -0.466163E-06  0.996894E-01  0.859374E-01  0.282226E-06
  0.123950E+03  0.110221E+00  0.550133E-01  0.741297E-10  0.737171E-10  0.000000E+00  0.101224E+00  0.101224E+00  0.101224E+00 -0.462173E-06  0.988370E-01  0.851773E-01  0.279044E-06
  0.124522E+03  0.109279E+00  0.545332E-01  0.728195E-10  0.724143E-10  0.000000E+00  0.100358E+00  0.100358E+00  0.100358E+00 -0.458216E-06  0.979921E-01  0.844238E-01  0.275902E-06
  0.125097E+03  0.108345E+00  0.540569E-01  0.715321E-10  0.711342E-10  0.000000E+00  0.994981E-01  0.994981E-01  0.994981E-01 -0.454292E-06  0.971540E-01  0.836764E-01  0.272798E-06
  0.125674E+03  0.107419E+00  0.535848E-01  0.702676E-10  0.698768E-10  0.000000E+00  0.986462E-01  0.986462E-01  0.986462E-01 -0.450403E-06  0.963232E-01  0.829356E-01  0.269733E-06
  0.126254E+03  0.106501E+00  0.531169E-01  0.690255E-10  0.686418E-10  0.000000E+00  0.978018E-01  0.978018E-01  0.978018E-01 -0.446547E-06  0.954997E-01  0.822012E-01  0.266706E-06
  0.126837E+03  0.105591E+00  0.526528E-01  0.678053E-10  0.674284E-10  0.000000E+00  0.969644E-01  0.969644E-01  0.969644E-01 -0.442724E-06  0.946831E-01  0.814730E-01  0.263717E-06
  0.127423E+03  0.104689E+00  0.521927E-01  0.666066E-10  0.662365E-10  0.000000E+00  0.961341E-01  0.961341E-01  0.961341E-01 -0.438933E-06  0.938735E-01  0.807510E-01  0.260764E-06
  0.128011E+03  0.103794E+00  0.517365E-01  0.654290E-10  0.650655E-10  0.000000E+00  0.953109E-01  0.953109E-01  0.953109E-01 -0.435174E-06  0.930707E-01  0.800350E-01  0.257848E-06
  0.128602E+03  0.102907E+00  0.512841E-01  0.642721E-10  0.639152E-10  0.000000E+00  0.944946E-01  0.944946E-01  0.944946E-01 -0.431447E-06  0.922746E-01  0.793251E-01  0.254968E-06
  0.129195E+03  0.102028E+00  0.508356E-01  0.631357E-10  0.627852E-10  0.000000E+00  0.936853E-01  0.936853E-01  0.936853E-01 -0.427752E-06  0.914854E-01  0.786212E-01  0.252123E-06
  0.129792E+03  0.101150E+00  0.503879E-01  0.620156E-10  0.616714E-10  0.000000E+00  0.928776E-01  0.928776E-01  0.928776E-01 -0.424063E-06  0.906974E-01  0.779187E-01  0.249298E-06
  0.130391E+03  0.100285E+00  0.499469E-01  0.609188E-10  0.605808E-10  0.000000E+00  0.920818E-01  0.920818E-01  0.920818E-01 -0.420429E-06  0.899214E-01  0.772266E-01  0.246523E-06
  0.130993E+03  0.994278E-01  0.495097E-01  0.598415E-10  0.595096E-10  0.000000E+00  0.912930E-01  0.912930E-01  0.912930E-01 -0.416828E-06  0.891522E-01  0.765406E-01  0.243782E-06
  0.131597E+03  0.985778E-01  0.490763E-01  0.587832E-10  0.584573E-10  0.000000E+00  0.905109E-01  0.905109E-01  0.905109E-01 -0.413257E-06  0.883895E-01  0.758603E-01  0.241075E-06
  0.132205E+03  0.977349E-01  0.486465E-01  0.577435E-10  0.574234E-10  0.000000E+00  0.897353E-01  0.897353E-01  0.897353E-01 -0.409716E-06  0.876332E-01  0.751858E-01  0.238401E-06
  0.132815E+03  0.968994E-01  0.482204E-01  0.567223E-10  0.564079E-10  0.000000E+00  0.889665E-01  0.889665E-01  0.889665E-01 -0.406205E-06  0.868834E-01  0.745171E-01  0.235760E-06
  0.133428E+03  0.960709E-01  0.477979E-01  0.557190E-10  0.554103E-10  0.000000E+00  0.882042E-01  0.882042E-01  0.882042E-01 -0.402725E-06  0.861401E-01  0.738541E-01  0.233152E-06
  0.134044E+03  0.952495E-01  0.473790E-01  0.547334E-10  0.544303E-10  0.000000E+00  0.874484E-01  0.874484E-01  0.874484E-01 -0.399274E-06  0.854030E-01  0.731967E-01  0.230576E-06
  0.134663E+03  0.944350E-01  0.469636E-01  0.537652E-10  0.534675E-10  0.000000E+00  0.866989E-01  0.866989E-01  0.866989E-01 -0.395852E-06  0.846721E-01  0.725449E-01  0.228031E-06
  0.135284E+03  0.936274E-01  0.465518E-01  0.528141E-10  0.525217E-10  0.000000E+00  0.859558E-01  0.859558E-01  0.859558E-01 -0.392459E-06  0.839474E-01  0.718985E-01  0.225517E-06
  0.135909E+03  0.928268E-01  0.461435E-01  0.518798E-10  0.515927E-10  0.000000E+00  0.852191E-01  0.852191E-01  0.852191E-01 -0.389095E-06  0.832291E-01  0.712578E-01  0.223035E-06
  0.136536E+03  0.920329E-01  0.457386E-01  0.509621E-10  0.506802E-10  0.000000E+00  0.844887E-01  0.844887E-01  0.844887E-01 -0.385760E-06  0.825168E-01  0.706224E-01  0.220583E-06
  0.137166E+03  0.912459E-01  0.453373E-01  0.500604E-10  0.497836E-10  0.000000E+00  0.837645E-01  0.837645E-01  0.837645E-01 -0.382454E-06  0.818105E-01  0.699925E-01  0.218161E-06
  0.137799E+03  0.904655E-01  0.449393E-01  0.491747E-10  0.489029E-10  0.000000E+00  0.830464E-01  0.830464E-01  0.830464E-01 -0.379175E-06  0.811103E-01  0.693679E-01  0.215769E-06
  0.138435E+03  0.896916E-01  0.445446E-01  0.483045E-10  0.480376E-10  0.000000E+00  0.823343E-01  0.823343E-01  0.823343E-01 -0.375924E-06  0.804159E-01  0.687485E-01  0.213405E-06
  0.139074E+03  0.889244E-01  0.441533E-01  0.474498E-10  0.471876E-10  0.000000E+00  0.816283E-01  0.816283E-01  0.816283E-01 -0.372701E-06  0.797275E-01  0.681344E-01  0.211071E-06
  0.139716E+03  0.881634E-01  0.437652E-01  0.466099E-10  0.463525E-10  0.000000E+00  0.809281E-01  0.809281E-01  0.809281E-01 -0.369503E-06  0.790446E-01  0.675253E-01  0.208764E-06
  0.140361E+03  0.874091E-01  0.433805E-01  0.457850E-10  0.455323E-10  0.000000E+00  0.802341E-01  0.802341E-01  0.802341E-01 -0.366334E-06  0.783678E-01  0.669216E-01  0.206486E-06
  0.141009E+03  0.866613E-01  0.429991E-01  0.449747E-10  0.447265E-10  0.000000E+00  0.795460E-01  0.795460E-01  0.795460E-01 -0.363193E-06  0.776967E-01  0.663230E-01  0.204236E-06
  0.141660E+03  0.859200E-01  0.426210E-01  0.441788E-10  0.439351E-10  0.000000E+00  0.788639E-01  0.788639E-01  0.788639E-01 -0.360078E-06  0.770316E-01  0.657297E-01  0.202014E-06
  0.142314E+03  0.851849E-01  0.422461E-01  0.433968E-10  0.431575E-10  0.000000E+00  0.781875E-01  0.781875E-01  0.781875E-01 -0.356990E-06  0.763720E-01  0.651413E-01  0.199819E-06
  0.142971E+03  0.844559E-01  0.418743E-01  0.426287E-10  0.423936E-10  0.000000E+00  0.775167E-01  0.775167E-01  0.775167E-01 -0.353927E-06  0.757179E-01  0.645579E-01  0.197650E-06
  0.143631E+03  0.837333E-01  0.415058E-01  0.418741E-10  0.416433E-10  0.000000E+00  0.768518E-01  0.768518E-01  0.768518E-01 -0.350891E-06  0.750695E-01  0.639794E-01  0.195508E-06
  0.144293E+03  0.830170E-01  0.411404E-01  0.411329E-10  0.409063E-10  0.000000E+00  0.761927E-01  0.761927E-01  0.761927E-01 -0.347882E-06  0.744268E-01  0.634061E-01  0.193392E-06
  0.144960E+03  0.823067E-01  0.407781E-01  0.404048E-10  0.401822E-10  0.000000E+00  0.755391E-01  0.755391E-01  0.755391E-01 -0.344898E-06  0.737894E-01  0.628375E-01  0.191302E-06
  0.145629E+03  0.816024E-01  0.404189E-01  0.396895E-10  0.394710E-10  0.000000E+00  0.748910E-01  0.748910E-01  0.748910E-01 -0.341939E-06  0.731574E-01  0.622738E-01  0.189237E-06
  0.146301E+03  0.809050E-01  0.400632E-01  0.389873E-10  0.387727E-10  0.000000E+00  0.742493E-01  0.742493E-01  0.742493E-01 -0.339009E-06  0.725317E-01  0.617155E-01  0.187199E-06
  0.146976E+03  0.802110E-01  0.397092E-01  0.382962E-10  0.380855E-10  0.000000E+00  0.736107E-01  0.736107E-01  0.736107E-01 -0.336093E-06  0.719089E-01  0.611600E-01  0.185180E-06
  0.147655E+03  0.795245E-01  0.393591E-01  0.376181E-10  0.374112E-10  0.000000E+00  0.729790E-01  0.729790E-01  0.729790E-01 -0.333209E-06  0.712929E-01  0.606104E-01  0.183189E-06
  0.148336E+03  0.788438E-01  0.390119E-01  0.369520E-10  0.367488E-10  0.000000E+00  0.723527E-01  0.723527E-01  0.723527E-01 -0.330349E-06  0.706821E-01  0.600656E-01  0.181223E-06
  0.149021E+03  0.781690E-01  0.386677E-01  0.362976E-10  0.360982E-10  0.000000E+00  0.717318E-01  0.717318E-01  0.717318E-01 -0.327514E-06  0.700766E-01  0.595254E-01  0.179280E-06
  0.149709E+03  0.774999E-01  0.383264E-01  0.356548E-10  0.354590E-10  0.000000E+00  0.711160E-01  0.711160E-01  0.711160E-01 -0.324703E-06  0.694762E-01  0.589897E-01  0.177361E-06
  0.150400E+03  0.768371E-01  0.379883E-01  0.350237E-10  0.348314E-10  0.000000E+00  0.705062E-01  0.705062E-01  0.705062E-01 -0.321918E-06  0.688815E-01  0.584592E-01  0.175467E-06
  0.151094E+03  0.761788E-01  0.376525E-01  0.344031E-10  0.342143E-10  0.000000E+00  0.699004E-01  0.699004E-01  0.699004E-01 -0.319153E-06  0.682908E-01  0.579322E-01  0.173592E-06
  0.151791E+03  0.755266E-01  0.373198E-01  0.337938E-10  0.336083E-10  0.000000E+00  0.693003E-01  0.693003E-01  0.693003E-01 -0.316413E-06  0.677056E-01  0.574101E-01  0.171742E-06
  0.152492E+03  0.748800E-01  0.369900E-01  0.331952E-10  0.330131E-10  0.000000E+00  0.687053E-01  0.687053E-01  0.687053E-01 -0.313696E-06  0.671254E-01  0.568925E-01  0.169914E-06
  0.153196E+03  0.742390E-01  0.366630E-01  0.326072E-10  0.324284E-10  0.000000E+00  0.681155E-01  0.681155E-01  0.681155E-01 -0.311003E-06  0.665502E-01  0.563793E-01  0.168108E-06
  0.153903E+03  0.736034E-01  0.363388E-01  0.320296E-10  0.318541E-10  0.000000E+00  0.675306E-01  0.675306E-01  0.675306E-01 -0.308333E-06  0.659798E-01  0.558705E-01  0.166324E-06
  0.154613E+03  0.729730E-01  0.360173E-01  0.314621E-10  0.312898E-10  0.000000E+00  0.669506E-01  0.669506E-01  0.669506E-01 -0.305684E-06  0.654142E-01  0.553659E-01  0.164561E-06
  0.155327E+03  0.723477E-01  0.356982E-01  0.309045E-10  0.307352E-10  0.000000E+00  0.663752E-01  0.663752E-01  0.663752E-01 -0.303057E-06  0.648530E-01  0.548652E-01  0.162818E-06
  0.156044E+03  0.717280E-01  0.353821E-01  0.303568E-10  0.301907E-10  0.000000E+00  0.658050E-01  0.658050E-01  0.658050E-01 -0.300453E-06  0.642970E-01  0.543691E-01  0.161097E-06
  0.156764E+03  0.711133E-01  0.350685E-01  0.298188E-10  0.296556E-10  0.000000E+00  0.652393E-01  0.652393E-01  0.652393E-01 -0.297871E-06  0.637454E-01  0.538770E-01  0.159396E-06
  0.157488E+03  0.705047E-01  0.347581E-01  0.292906E-10  0.291304E-10  0.000000E+00  0.646793E-01  0.646793E-01  0.646793E-01 -0.295314E-06  0.631994E-01  0.533898E-01  0.157718E-06
  0.158215E+03  0.699012E-01  0.344502E-01  0.287717E-10  0.286144E-10  0.000000E+00  0.641240E-01  0.641240E-01  0.641240E-01 -0.292778E-06  0.626578E-01  0.529066E-01  0.156060E-06
  0.158945E+03  0.693025E-01  0.341448E-01  0.282618E-10  0.281074E-10  0.000000E+00  0.635731E-01  0.635731E-01  0.635731E-01 -0.290263E-06  0.621206E-01  0.524273E-01  0.154420E-06
  0.159679E+03  0.687088E-01  0.338419E-01  0.277609E-10  0.276092E-10  0.000000E+00  0.630268E-01  0.630268E-01  0.630268E-01 -0.287769E-06  0.615879E-01  0.519520E-01  0.152800E-06
  0.160416E+03  0.681200E-01  0.335416E-01  0.272687E-10  0.271199E-10  0.000000E+00  0.624850E-01  0.624850E-01  0.624850E-01 -0.285295E-06  0.610596E-01  0.514806E-01  0.151199E-06
  0.161156E+03  0.675364E-01  0.332439E-01  0.267854E-10  0.266392E-10  0.000000E+00  0.619480E-01  0.619480E-01  0.619480E-01 -0.282843E-06  0.605359E-01  0.510134E-01  0.149618E-06
  0.161900E+03  0.669578E-01  0.329487E-01  0.263106E-10  0.261671E-10  0.000000E+00  0.614156E-01  0.614156E-01  0.614156E-01 -0.280412E-06  0.600167E-01  0.505501E-01  0.148056E-06
  0.162647E+03  0.663840E-01  0.326559E-01  0.258441E-10  0.257032E-10  0.000000E+00  0.608876E-01  0.608876E-01  0.608876E-01 -0.278001E-06  0.595018E-01  0.500907E-01  0.146512E-06
  0.163398E+03  0.658153E-01  0.323658E-01  0.253859E-10  0.252476E-10  0.000000E+00  0.603642E-01  0.603642E-01  0.603642E-01 -0.275612E-06  0.589915E-01  0.496353E-01  0.144986E-06
  0.164152E+03  0.652518E-01  0.320783E-01  0.249361E-10  0.248002E-10  0.000000E+00  0.598458E-01  0.598458E-01  0.598458E-01 -0.273245E-06  0.584859E-01  0.491842E-01  0.143481E-06
  0.164910E+03  0.646918E-01  0.317926E-01  0.244936E-10  0.243602E-10  0.000000E+00  0.593304E-01  0.593304E-01  0.593304E-01 -0.270892E-06  0.579833E-01  0.487358E-01  0.141989E-06
  0.165671E+03  0.641352E-01  0.315086E-01  0.240583E-10  0.239274E-10  0.000000E+00  0.588182E-01  0.588182E-01  0.588182E-01 -0.268552E-06  0.574838E-01  0.482902E-01  0.140513E-06
  0.166436E+03  0.635856E-01  0.312282E-01  0.236317E-10  0.235032E-10  0.000000E+00  0.583126E-01  0.583126E-01  0.583126E-01 -0.266244E-06  0.569906E-01  0.478502E-01  0.139059E-06
  0.167204E+03  0.630407E-01  0.309502E-01  0.232127E-10  0.230865E-10  0.000000E+00  0.578111E-01  0.578111E-01  0.578111E-01 -0.263954E-06  0.565017E-01  0.474139E-01  0.137622E-06
  0.167976E+03  0.625004E-01  0.306746E-01  0.228010E-10  0.226771E-10  0.000000E+00  0.573140E-01  0.573140E-01  0.573140E-01 -0.261684E-06  0.560169E-01  0.469813E-01  0.136203E-06
  0.168751E+03  0.619658E-01  0.304018E-01  0.223970E-10  0.222754E-10  0.000000E+00  0.568221E-01  0.568221E-01  0.568221E-01 -0.259438E-06  0.555373E-01  0.465533E-01  0.134803E-06
  0.169530E+03  0.614363E-01  0.301316E-01  0.220003E-10  0.218809E-10  0.000000E+00  0.563348E-01  0.563348E-01  0.563348E-01 -0.257214E-06  0.550621E-01  0.461293E-01  0.133420E-06
  0.170313E+03  0.609056E-01  0.298609E-01  0.216086E-10  0.214913E-10  0.000000E+00  0.558465E-01  0.558465E-01  0.558465E-01 -0.254984E-06  0.545858E-01  0.457044E-01  0.132042E-06
  0.171099E+03  0.603836E-01  0.295945E-01  0.212253E-10  0.211102E-10  0.000000E+00  0.553661E-01  0.553661E-01  0.553661E-01 -0.252790E-06  0.541173E-01  0.452864E-01  0.130688E-06
  0.171888E+03  0.598659E-01  0.293304E-01  0.208487E-10  0.207357E-10  0.000000E+00  0.548898E-01  0.548898E-01  0.548898E-01 -0.250615E-06  0.536528E-01  0.448719E-01  0.129351E-06
  0.172682E+03  0.593527E-01  0.290685E-01  0.204788E-10  0.203679E-10  0.000000E+00  0.544175E-01  0.544175E-01  0.544175E-01 -0.248459E-06  0.531923E-01  0.444610E-01  0.128030E-06
  0.173479E+03  0.588438E-01  0.288089E-01  0.201155E-10  0.200065E-10  0.000000E+00  0.539492E-01  0.539492E-01  0.539492E-01 -0.246321E-06  0.527356E-01  0.440535E-01  0.126723E-06
  0.174280E+03  0.583392E-01  0.285514E-01  0.197585E-10  0.196516E-10  0.000000E+00  0.534849E-01  0.534849E-01  0.534849E-01 -0.244201E-06  0.522829E-01  0.436495E-01  0.125433E-06
  0.175084E+03  0.578390E-01  0.282962E-01  0.194079E-10  0.193029E-10  0.000000E+00  0.530246E-01  0.530246E-01  0.530246E-01 -0.242099E-06  0.518341E-01  0.432490E-01  0.124158E-06
  0.175892E+03  0.573431E-01  0.280432E-01  0.190635E-10  0.189605E-10  0.000000E+00  0.525683E-01  0.525683E-01  0.525683E-01 -0.240016E-06  0.513891E-01  0.428520E-01  0.122898E-06
  0.176704E+03  0.568515E-01  0.277923E-01  0.187252E-10  0.186240E-10  0.000000E+00  0.521159E-01  0.521159E-01  0.521159E-01 -0.237950E-06  0.509479E-01  0.424583E-01  0.121652E-06
  0.177520E+03  0.563640E-01  0.275436E-01  0.183929E-10  0.182936E-10  0.000000E+00  0.516673E-01  0.516673E-01  0.516673E-01 -0.235902E-06  0.505105E-01  0.420680E-01  0.120422E-06
  0.178339E+03  0.558807E-01  0.272970E-01  0.180665E-10  0.179689E-10  0.000000E+00  0.512226E-01  0.512226E-01  0.512226E-01 -0.233872E-06  0.500768E-01  0.416810E-01  0.119205E-06
  0.179162E+03  0.554060E-01  0.270548E-01  0.177473E-10  0.176516E-10  0.000000E+00  0.507858E-01  0.507858E-01  0.507858E-01 -0.231878E-06  0.496511E-01  0.413008E-01  0.118013E-06
  0.179989E+03  0.549295E-01  0.268117E-01  0.174318E-10  0.173378E-10  0.000000E+00  0.503473E-01  0.503473E-01  0.503473E-01 -0.229876E-06  0.492235E-01  0.409193E-01  0.116823E-06
  0.180820E+03  0.544585E-01  0.265713E-01  0.171224E-10  0.170301E-10  0.000000E+00  0.499139E-01  0.499139E-01  0.499139E-01 -0.227897E-06  0.488009E-01  0.405422E-01  0.115649E-06
  0.181655E+03  0.539923E-01  0.263335E-01  0.168187E-10  0.167281E-10  0.000000E+00  0.494850E-01  0.494850E-01  0.494850E-01 -0.225939E-06  0.483826E-01  0.401689E-01  0.114490E-06
  0.182493E+03  0.535261E-01  0.260955E-01  0.165191E-10  0.164302E-10  0.000000E+00  0.490559E-01  0.490559E-01  0.490559E-01 -0.223979E-06  0.479641E-01  0.397956E-01  0.113337E-06
  0.183336E+03  0.530668E-01  0.258612E-01  0.162257E-10  0.161384E-10  0.000000E+00  0.486333E-01  0.486333E-01  0.486333E-01 -0.222049E-06  0.475520E-01  0.394279E-01  0.112203E-06
  0.184182E+03  0.526123E-01  0.256293E-01  0.159378E-10  0.158522E-10  0.000000E+00  0.482151E-01  0.482151E-01  0.482151E-01 -0.220140E-06  0.471442E-01  0.390640E-01  0.111084E-06
  0.185032E+03  0.521605E-01  0.253987E-01  0.156547E-10  0.155706E-10  0.000000E+00  0.477994E-01  0.477994E-01  0.477994E-01 -0.218242E-06  0.467388E-01  0.387022E-01  0.109976E-06
  0.185886E+03  0.517114E-01  0.251695E-01  0.153761E-10  0.152936E-10  0.000000E+00  0.473861E-01  0.473861E-01  0.473861E-01 -0.216355E-06  0.463357E-01  0.383427E-01  0.108878E-06
  0.186744E+03  0.512677E-01  0.249431E-01  0.151030E-10  0.150220E-10  0.000000E+00  0.469778E-01  0.469778E-01  0.469778E-01 -0.214491E-06  0.459376E-01  0.379874E-01  0.107797E-06
  0.187606E+03  0.508280E-01  0.247187E-01  0.148348E-10  0.147552E-10  0.000000E+00  0.465732E-01  0.465732E-01  0.465732E-01 -0.212643E-06  0.455430E-01  0.376353E-01  0.106728E-06
  0.188472E+03  0.503919E-01  0.244962E-01  0.145713E-10  0.144932E-10  0.000000E+00  0.461719E-01  0.461719E-01  0.461719E-01 -0.210811E-06  0.451517E-01  0.372861E-01  0.105672E-06
  0.189342E+03  0.499666E-01  0.242792E-01  0.143146E-10  0.142379E-10  0.000000E+00  0.457805E-01  0.457805E-01  0.457805E-01 -0.209025E-06  0.447704E-01  0.369455E-01  0.104643E-06
  0.190216E+03  0.495378E-01  0.240604E-01  0.140603E-10  0.139850E-10  0.000000E+00  0.453859E-01  0.453859E-01  0.453859E-01 -0.207224E-06  0.443857E-01  0.366022E-01  0.103611E-06
  0.191094E+03  0.491056E-01  0.238398E-01  0.138084E-10  0.137345E-10  0.000000E+00  0.449882E-01  0.449882E-01  0.449882E-01 -0.205406E-06  0.439974E-01  0.362562E-01  0.102575E-06
  0.191976E+03  0.486842E-01  0.236247E-01  0.135630E-10  0.134905E-10  0.000000E+00  0.446004E-01  0.446004E-01  0.446004E-01 -0.203636E-06  0.436193E-01  0.359188E-01  0.101566E-06
  0.192862E+03  0.482663E-01  0.234114E-01  0.133220E-10  0.132508E-10  0.000000E+00  0.442158E-01  0.442158E-01  0.442158E-01 -0.201880E-06  0.432443E-01  0.355842E-01  0.100569E-06
  0.193752E+03  0.478519E-01  0.232000E-01  0.130852E-10  0.130153E-10  0.000000E+00  0.438346E-01  0.438346E-01  0.438346E-01 -0.200139E-06  0.428725E-01  0.352524E-01  0.995840E-07
  0.194647E+03  0.474411E-01  0.229903E-01  0.128526E-10  0.127840E-10  0.000000E+00  0.434565E-01  0.434565E-01  0.434565E-01 -0.198413E-06  0.425038E-01  0.349235E-01  0.986098E-07
  0.195545E+03  0.470338E-01  0.227825E-01  0.126242E-10  0.125568E-10  0.000000E+00  0.430818E-01  0.430818E-01  0.430818E-01 -0.196702E-06  0.421384E-01  0.345974E-01  0.976470E-07
  0.196448E+03  0.466300E-01  0.225764E-01  0.123998E-10  0.123337E-10  0.000000E+00  0.427102E-01  0.427102E-01  0.427102E-01 -0.195005E-06  0.417760E-01  0.342741E-01  0.966951E-07
  0.197354E+03  0.462297E-01  0.223722E-01  0.121793E-10  0.121145E-10  0.000000E+00  0.423418E-01  0.423418E-01  0.423418E-01 -0.193323E-06  0.414169E-01  0.339536E-01  0.957544E-07
  0.198265E+03  0.458329E-01  0.221697E-01  0.119628E-10  0.118992E-10  0.000000E+00  0.419767E-01  0.419767E-01  0.419767E-01 -0.191656E-06  0.410608E-01  0.336359E-01  0.948246E-07
  0.199180E+03  0.454395E-01  0.219689E-01  0.117502E-10  0.116877E-10  0.000000E+00  0.416147E-01  0.416147E-01  0.416147E-01 -0.190003E-06  0.407078E-01  0.333209E-01  0.939054E-07
  0.200100E+03  0.450494E-01  0.217698E-01  0.115413E-10  0.114799E-10  0.000000E+00  0.412557E-01  0.412557E-01  0.412557E-01 -0.188364E-06  0.403577E-01  0.330086E-01  0.929966E-07
  0.201023E+03  0.446624E-01  0.215723E-01  0.113360E-10  0.112758E-10  0.000000E+00  0.408996E-01  0.408996E-01  0.408996E-01 -0.186738E-06  0.400105E-01  0.326988E-01  0.920978E-07
  0.201951E+03  0.442794E-01  0.213768E-01  0.111345E-10  0.110754E-10  0.000000E+00  0.405471E-01  0.405471E-01  0.405471E-01 -0.185129E-06  0.396668E-01  0.323921E-01  0.912106E-07
  0.202884E+03  0.438992E-01  0.211828E-01  0.109365E-10  0.108785E-10  0.000000E+00  0.401973E-01  0.401973E-01  0.401973E-01 -0.183532E-06  0.393257E-01  0.320877E-01  0.903326E-07
  0.203820E+03  0.435223E-01  0.209905E-01  0.107420E-10  0.106851E-10  0.000000E+00  0.398504E-01  0.398504E-01  0.398504E-01 -0.181948E-06  0.389874E-01  0.317860E-01  0.894647E-07
  0.204761E+03  0.431484E-01  0.207996E-01  0.105509E-10  0.104950E-10  0.000000E+00  0.395064E-01  0.395064E-01  0.395064E-01 -0.180377E-06  0.386519E-01  0.314866E-01  0.886062E-07
  0.205706E+03  0.427781E-01  0.206106E-01  0.103633E-10  0.103084E-10  0.000000E+00  0.391656E-01  0.391656E-01  0.391656E-01 -0.178821E-06  0.383196E-01  0.311902E-01  0.877582E-07
  0.206655E+03  0.424106E-01  0.204231E-01  0.101789E-10  0.101251E-10  0.000000E+00  0.388275E-01  0.388275E-01  0.388275E-01 -0.177278E-06  0.379900E-01  0.308960E-01  0.869194E-07
  0.207609E+03  0.420463E-01  0.202372E-01  0.999782E-11  0.994498E-11  0.000000E+00  0.384922E-01  0.384922E-01  0.384922E-01 -0.175747E-06  0.376630E-01  0.306044E-01  0.860899E-07
  0.208568E+03  0.416852E-01  0.200529E-01  0.981994E-11  0.976808E-11  0.000000E+00  0.381599E-01  0.381599E-01  0.381599E-01 -0.174230E-06  0.373390E-01  0.303153E-01  0.852700E-07
  0.209530E+03  0.413272E-01  0.198702E-01  0.964521E-11  0.959432E-11  0.000000E+00  0.378305E-01  0.378305E-01  0.378305E-01 -0.172725E-06  0.370177E-01  0.300287E-01  0.844594E-07
  0.210497E+03  0.409721E-01  0.196890E-01  0.947357E-11  0.942362E-11  0.000000E+00  0.375038E-01  0.375038E-01  0.375038E-01 -0.171234E-06  0.366992E-01  0.297445E-01  0.836578E-07
  0.211469E+03  0.406204E-01  0.195095E-01  0.930502E-11  0.925599E-11  0.000000E+00  0.371801E-01  0.371801E-01  0.371801E-01 -0.169756E-06  0.363835E-01  0.294629E-01  0.828657E-07
  0.212445E+03  0.402715E-01  0.193314E-01  0.913943E-11  0.909131E-11  0.000000E+00  0.368590E-01  0.368590E-01  0.368590E-01 -0.168290E-06  0.360705E-01  0.291836E-01  0.820823E-07
  0.213426E+03  0.399255E-01  0.191548E-01  0.897676E-11  0.892953E-11  0.000000E+00  0.365407E-01  0.365407E-01  0.365407E-01 -0.166836E-06  0.357600E-01  0.289067E-01  0.813076E-07
  0.214411E+03  0.395844E-01  0.189807E-01  0.881741E-11  0.877106E-11  0.000000E+00  0.362268E-01  0.362268E-01  0.362268E-01 -0.165404E-06  0.354540E-01  0.286336E-01  0.805456E-07
  0.215401E+03  0.392443E-01  0.188072E-01  0.866045E-11  0.861496E-11  0.000000E+00  0.359138E-01  0.359138E-01  0.359138E-01 -0.163975E-06  0.351488E-01  0.283614E-01  0.797881E-07
  0.216395E+03  0.389070E-01  0.186350E-01  0.850625E-11  0.846160E-11  0.000000E+00  0.356035E-01  0.356035E-01  0.356035E-01 -0.162558E-06  0.348462E-01  0.280914E-01  0.790390E-07
  0.217394E+03  0.385727E-01  0.184644E-01  0.835479E-11  0.831098E-11  0.000000E+00  0.352958E-01  0.352958E-01  0.352958E-01 -0.161153E-06  0.345462E-01  0.278239E-01  0.782983E-07
  0.218397E+03  0.382412E-01  0.182952E-01  0.820601E-11  0.816301E-11  0.000000E+00  0.349908E-01  0.349908E-01  0.349908E-01 -0.159760E-06  0.342488E-01  0.275585E-01  0.775658E-07
  0.219405E+03  0.379123E-01  0.181274E-01  0.805982E-11  0.801762E-11  0.000000E+00  0.346881E-01  0.346881E-01  0.346881E-01 -0.158378E-06  0.339536E-01  0.272953E-01  0.768410E-07
  0.220418E+03  0.375865E-01  0.179611E-01  0.791628E-11  0.787487E-11  0.000000E+00  0.343883E-01  0.343883E-01  0.343883E-01 -0.157010E-06  0.336613E-01  0.270346E-01  0.761249E-07
  0.221435E+03  0.372635E-01  0.177963E-01  0.777529E-11  0.773465E-11  0.000000E+00  0.340911E-01  0.340911E-01  0.340911E-01 -0.155652E-06  0.333714E-01  0.267761E-01  0.754168E-07
  0.222457E+03  0.369432E-01  0.176328E-01  0.763679E-11  0.759691E-11  0.000000E+00  0.337964E-01  0.337964E-01  0.337964E-01 -0.154307E-06  0.330840E-01  0.265198E-01  0.747165E-07
  0.223484E+03  0.366259E-01  0.174708E-01  0.750078E-11  0.746164E-11  0.000000E+00  0.335043E-01  0.335043E-01  0.335043E-01 -0.152973E-06  0.327993E-01  0.262658E-01  0.740242E-07
  0.224516E+03  0.363111E-01  0.173102E-01  0.736716E-11  0.732876E-11  0.000000E+00  0.332147E-01  0.332147E-01  0.332147E-01 -0.151651E-06  0.325168E-01  0.260139E-01  0.733395E-07
  0.225552E+03  0.359991E-01  0.171509E-01  0.723591E-11  0.719823E-11  0.000000E+00  0.329275E-01  0.329275E-01  0.329275E-01 -0.150340E-06  0.322368E-01  0.257642E-01  0.726623E-07
  0.226593E+03  0.356895E-01  0.169929E-01  0.710695E-11  0.706997E-11  0.000000E+00  0.326426E-01  0.326426E-01  0.326426E-01 -0.149039E-06  0.319590E-01  0.255165E-01  0.719921E-07
  0.227639E+03  0.353827E-01  0.168364E-01  0.698030E-11  0.694401E-11  0.000000E+00  0.323603E-01  0.323603E-01  0.323603E-01 -0.147750E-06  0.316837E-01  0.252710E-01  0.713297E-07
  0.228690E+03  0.350785E-01  0.166811E-01  0.685590E-11  0.682029E-11  0.000000E+00  0.320804E-01  0.320804E-01  0.320804E-01 -0.146472E-06  0.314107E-01  0.250276E-01  0.706746E-07
  0.229745E+03  0.347766E-01  0.165271E-01  0.673364E-11  0.669870E-11  0.000000E+00  0.318026E-01  0.318026E-01  0.318026E-01 -0.145204E-06  0.311398E-01  0.247861E-01  0.700259E-07
  0.230806E+03  0.344776E-01  0.163745E-01  0.661362E-11  0.657933E-11  0.000000E+00  0.315275E-01  0.315275E-01  0.315275E-01 -0.143947E-06  0.308715E-01  0.245469E-01  0.693851E-07
  0.231871E+03  0.341811E-01  0.162232E-01  0.649571E-11  0.646206E-11  0.000000E+00  0.312546E-01  0.312546E-01  0.312546E-01 -0.142702E-06  0.306055E-01  0.243097E-01  0.687512E-07
  0.232941E+03  0.338872E-01  0.160732E-01  0.637990E-11  0.634689E-11  0.000000E+00  0.309842E-01  0.309842E-01  0.309842E-01 -0.141467E-06  0.303418E-01  0.240746E-01  0.681243E-07
  0.234017E+03  0.335958E-01  0.159245E-01  0.626615E-11  0.623376E-11  0.000000E+00  0.307160E-01  0.307160E-01  0.307160E-01 -0.140243E-06  0.300803E-01  0.238415E-01  0.675043E-07
  0.235097E+03  0.333070E-01  0.157771E-01  0.615443E-11  0.612264E-11  0.000000E+00  0.304503E-01  0.304503E-01  0.304503E-01 -0.139029E-06  0.298211E-01  0.236105E-01  0.668912E-07
  0.236182E+03  0.330206E-01  0.156310E-01  0.604470E-11  0.601351E-11  0.000000E+00  0.301868E-01  0.301868E-01  0.301868E-01 -0.137826E-06  0.295642E-01  0.233814E-01  0.662848E-07
  0.237272E+03  0.327367E-01  0.154861E-01  0.593691E-11  0.590630E-11  0.000000E+00  0.299255E-01  0.299255E-01  0.299255E-01 -0.136633E-06  0.293094E-01  0.231543E-01  0.656849E-07
  0.238367E+03  0.324547E-01  0.153422E-01  0.583093E-11  0.580090E-11  0.000000E+00  0.296660E-01  0.296660E-01  0.296660E-01 -0.135448E-06  0.290564E-01  0.229288E-01  0.650905E-07
  0.239468E+03  0.321756E-01  0.151997E-01  0.572693E-11  0.569746E-11  0.000000E+00  0.294092E-01  0.294092E-01  0.294092E-01 -0.134276E-06  0.288059E-01  0.227056E-01  0.645035E-07
  0.240573E+03  0.318988E-01  0.150585E-01  0.562475E-11  0.559584E-11  0.000000E+00  0.291545E-01  0.291545E-01  0.291545E-01 -0.133113E-06  0.285575E-01  0.224842E-01  0.639227E-07
  0.241683E+03  0.316244E-01  0.149184E-01  0.552438E-11  0.549602E-11  0.000000E+00  0.289019E-01  0.289019E-01  0.289019E-01 -0.131959E-06  0.283113E-01  0.222648E-01  0.633482E-07
  0.242799E+03  0.313523E-01  0.147796E-01  0.542581E-11  0.539798E-11  0.000000E+00  0.286516E-01  0.286516E-01  0.286516E-01 -0.130817E-06  0.280672E-01  0.220473E-01  0.627800E-07
  0.243920E+03  0.310825E-01  0.146419E-01  0.532897E-11  0.530166E-11  0.000000E+00  0.284033E-01  0.284033E-01  0.284033E-01 -0.129683E-06  0.278250E-01  0.218315E-01  0.622176E-07
  0.245046E+03  0.308151E-01  0.145055E-01  0.523386E-11  0.520707E-11  0.000000E+00  0.281572E-01  0.281572E-01  0.281572E-01 -0.128559E-06  0.275850E-01  0.216177E-01  0.616614E-07
  0.246177E+03  0.305500E-01  0.143702E-01  0.514044E-11  0.511416E-11  0.000000E+00  0.279132E-01  0.279132E-01  0.279132E-01 -0.127445E-06  0.273472E-01  0.214057E-01  0.611114E-07
  0.247313E+03  0.302886E-01  0.142368E-01  0.504895E-11  0.502316E-11  0.000000E+00  0.276727E-01  0.276727E-01  0.276727E-01 -0.126348E-06  0.271127E-01  0.211967E-01  0.605703E-07
  0.248454E+03  0.300281E-01  0.141039E-01  0.495883E-11  0.493353E-11  0.000000E+00  0.274330E-01  0.274330E-01  0.274330E-01 -0.125253E-06  0.268790E-01  0.209885E-01  0.600321E-07
  0.249601E+03  0.297698E-01  0.139721E-01  0.487031E-11  0.484549E-11  0.000000E+00  0.271953E-01  0.271953E-01  0.271953E-01 -0.124168E-06  0.266472E-01  0.207820E-01  0.594996E-07
  0.250753E+03  0.295136E-01  0.138414E-01  0.478335E-11  0.475900E-11  0.000000E+00  0.269596E-01  0.269596E-01  0.269596E-01 -0.123092E-06  0.264173E-01  0.205772E-01  0.589726E-07
  0.251911E+03  0.292597E-01  0.137118E-01  0.469795E-11  0.467406E-11  0.000000E+00  0.267260E-01  0.267260E-01  0.267260E-01 -0.122025E-06  0.261895E-01  0.203743E-01  0.584514E-07
  0.253074E+03  0.290080E-01  0.135834E-01  0.461406E-11  0.459062E-11  0.000000E+00  0.264944E-01  0.264944E-01  0.264944E-01 -0.120967E-06  0.259636E-01  0.201731E-01  0.579357E-07
  0.254242E+03  0.287583E-01  0.134560E-01  0.453165E-11  0.450866E-11  0.000000E+00  0.262646E-01  0.262646E-01  0.262646E-01 -0.119918E-06  0.257396E-01  0.199736E-01  0.574253E-07
  0.255415E+03  0.285109E-01  0.133298E-01  0.445071E-11  0.442815E-11  0.000000E+00  0.260369E-01  0.260369E-01  0.260369E-01 -0.118879E-06  0.255175E-01  0.197759E-01  0.569204E-07
  0.256594E+03  0.282655E-01  0.132046E-01  0.437120E-11  0.434907E-11  0.000000E+00  0.258111E-01  0.258111E-01  0.258111E-01 -0.117848E-06  0.252973E-01  0.195798E-01  0.564208E-07
  0.257779E+03  0.280222E-01  0.130804E-01  0.429310E-11  0.427140E-11  0.000000E+00  0.255872E-01  0.255872E-01  0.255872E-01 -0.116826E-06  0.250790E-01  0.193854E-01  0.559264E-07
  0.258968E+03  0.277810E-01  0.129574E-01  0.421640E-11  0.419510E-11  0.000000E+00  0.253653E-01  0.253653E-01  0.253653E-01 -0.115812E-06  0.248626E-01  0.191927E-01  0.554372E-07
  0.260164E+03  0.275418E-01  0.128354E-01  0.414105E-11  0.412016E-11  0.000000E+00  0.251452E-01  0.251452E-01  0.251452E-01 -0.114807E-06  0.246480E-01  0.190017E-01  0.549532E-07
  0.261365E+03  0.273048E-01  0.127144E-01  0.406705E-11  0.404655E-11  0.000000E+00  0.249271E-01  0.249271E-01  0.249271E-01 -0.113811E-06  0.244353E-01  0.188124E-01  0.544743E-07
  0.262571E+03  0.270697E-01  0.125945E-01  0.399436E-11  0.397425E-11  0.000000E+00  0.247108E-01  0.247108E-01  0.247108E-01 -0.112824E-06  0.242244E-01  0.186247E-01  0.540004E-07
  0.263783E+03  0.268367E-01  0.124757E-01  0.392296E-11  0.390324E-11  0.000000E+00  0.244964E-01  0.244964E-01  0.244964E-01 -0.111845E-06  0.240153E-01  0.184386E-01  0.535315E-07
  0.265001E+03  0.266057E-01  0.123578E-01  0.385283E-11  0.383349E-11  0.000000E+00  0.242838E-01  0.242838E-01  0.242838E-01 -0.110874E-06  0.238080E-01  0.182541E-01  0.530675E-07
  0.266224E+03  0.263755E-01  0.122404E-01  0.378378E-11  0.376481E-11  0.000000E+00  0.240720E-01  0.240720E-01  0.240720E-01 -0.109907E-06  0.236014E-01  0.180704E-01  0.526059E-07
  0.267453E+03  0.261484E-01  0.121246E-01  0.371611E-11  0.369750E-11  0.000000E+00  0.238630E-01  0.238630E-01  0.238630E-01 -0.108953E-06  0.233976E-01  0.178890E-01  0.521513E-07
  0.268687E+03  0.259231E-01  0.120097E-01  0.364965E-11  0.363139E-11  0.000000E+00  0.236557E-01  0.236557E-01  0.236557E-01 -0.108006E-06  0.231954E-01  0.177092E-01  0.517014E-07
  0.269927E+03  0.256998E-01  0.118958E-01  0.358437E-11  0.356646E-11  0.000000E+00  0.234503E-01  0.234503E-01  0.234503E-01 -0.107068E-06  0.229951E-01  0.175310E-01  0.512562E-07
  0.271173E+03  0.254785E-01  0.117829E-01  0.352025E-11  0.350269E-11  0.000000E+00  0.232466E-01  0.232466E-01  0.232466E-01 -0.106139E-06  0.227965E-01  0.173544E-01  0.508157E-07
  0.272425E+03  0.252591E-01  0.116710E-01  0.345727E-11  0.344005E-11  0.000000E+00  0.230447E-01  0.230447E-01  0.230447E-01 -0.105217E-06  0.225996E-01  0.171793E-01  0.503796E-07
  0.273682E+03  0.250415E-01  0.115600E-01  0.339542E-11  0.337852E-11  0.000000E+00  0.228445E-01  0.228445E-01  0.228445E-01 -0.104303E-06  0.224044E-01  0.170057E-01  0.499481E-07
  0.274946E+03  0.248259E-01  0.114501E-01  0.333468E-11  0.331810E-11  0.000000E+00  0.226462E-01  0.226462E-01  0.226462E-01 -0.103397E-06  0.222109E-01  0.168337E-01  0.495213E-07
  0.276215E+03  0.246122E-01  0.113411E-01  0.327501E-11  0.325876E-11  0.000000E+00  0.224495E-01  0.224495E-01  0.224495E-01 -0.102499E-06  0.220191E-01  0.166631E-01  0.490987E-07
  0.277490E+03  0.244002E-01  0.112330E-01  0.321641E-11  0.320047E-11  0.000000E+00  0.222545E-01  0.222545E-01  0.222545E-01 -0.101608E-06  0.218289E-01  0.164941E-01  0.486805E-07
  0.278770E+03  0.241902E-01  0.111259E-01  0.315886E-11  0.314323E-11  0.000000E+00  0.220612E-01  0.220612E-01  0.220612E-01 -0.100726E-06  0.216405E-01  0.163266E-01  0.482668E-07
  0.280057E+03  0.239818E-01  0.110197E-01  0.310231E-11  0.308698E-11  0.000000E+00  0.218695E-01  0.218695E-01  0.218695E-01 -0.998508E-07  0.214535E-01  0.161604E-01  0.478569E-07
  0.281350E+03  0.237752E-01  0.109143E-01  0.304677E-11  0.303173E-11  0.000000E+00  0.216794E-01  0.216794E-01  0.216794E-01 -0.989828E-07  0.212681E-01  0.159956E-01  0.474512E-07
  0.282649E+03  0.235704E-01  0.108099E-01  0.299222E-11  0.297747E-11  0.000000E+00  0.214909E-01  0.214909E-01  0.214909E-01 -0.981223E-07  0.210844E-01  0.158323E-01  0.470496E-07
  0.283953E+03  0.233673E-01  0.107063E-01  0.293863E-11  0.292417E-11  0.000000E+00  0.213041E-01  0.213041E-01  0.213041E-01 -0.972691E-07  0.209021E-01  0.156704E-01  0.466520E-07
  0.285264E+03  0.231660E-01  0.106037E-01  0.288601E-11  0.287182E-11  0.000000E+00  0.211188E-01  0.211188E-01  0.211188E-01 -0.964234E-07  0.207215E-01  0.155100E-01  0.462585E-07
  0.286581E+03  0.229664E-01  0.105019E-01  0.283431E-11  0.282040E-11  0.000000E+00  0.209352E-01  0.209352E-01  0.209352E-01 -0.955848E-07  0.205424E-01  0.153509E-01  0.458690E-07
  0.287903E+03  0.227685E-01  0.104011E-01  0.278354E-11  0.276990E-11  0.000000E+00  0.207531E-01  0.207531E-01  0.207531E-01 -0.947536E-07  0.203648E-01  0.151933E-01  0.454834E-07
  0.289232E+03  0.225724E-01  0.103011E-01  0.273368E-11  0.272031E-11  0.000000E+00  0.205726E-01  0.205726E-01  0.205726E-01 -0.939295E-07  0.201888E-01  0.150370E-01  0.451017E-07
  0.290567E+03  0.223779E-01  0.102020E-01  0.268470E-11  0.267159E-11  0.000000E+00  0.203937E-01  0.203937E-01  0.203937E-01 -0.931125E-07  0.200143E-01  0.148821E-01  0.447239E-07
  0.291909E+03  0.221851E-01  0.101037E-01  0.263659E-11  0.262373E-11  0.000000E+00  0.202162E-01  0.202162E-01  0.202162E-01 -0.923024E-07  0.198413E-01  0.147285E-01  0.443497E-07
  0.293256E+03  0.219939E-01  0.100062E-01  0.258934E-11  0.257673E-11  0.000000E+00  0.200403E-01  0.200403E-01  0.200403E-01 -0.914991E-07  0.196697E-01  0.145762E-01  0.439792E-07
  0.294610E+03  0.218042E-01  0.990953E-02  0.254291E-11  0.253054E-11  0.000000E+00  0.198658E-01  0.198658E-01  0.198658E-01 -0.907022E-07  0.194995E-01  0.144252E-01  0.436122E-07
  0.295969E+03  0.216162E-01  0.981374E-02  0.249732E-11  0.248519E-11  0.000000E+00  0.196928E-01  0.196928E-01  0.196928E-01 -0.899125E-07  0.193308E-01  0.142755E-01  0.432489E-07
  0.297335E+03  0.214299E-01  0.971879E-02  0.245254E-11  0.244065E-11  0.000000E+00  0.195214E-01  0.195214E-01  0.195214E-01 -0.891298E-07  0.191636E-01  0.141272E-01  0.428894E-07
  0.298708E+03  0.212451E-01  0.962463E-02  0.240856E-11  0.239690E-11  0.000000E+00  0.193514E-01  0.193514E-01  0.193514E-01 -0.883535E-07  0.189978E-01  0.139802E-01  0.425333E-07
  0.300087E+03  0.210619E-01  0.953129E-02  0.236536E-11  0.235393E-11  0.000000E+00  0.191828E-01  0.191828E-01  0.191828E-01 -0.875839E-07  0.188334E-01  0.138344E-01  0.421807E-07
  0.301472E+03  0.208803E-01  0.943878E-02  0.232294E-11  0.231173E-11  0.000000E+00  0.190158E-01  0.190158E-01  0.190158E-01 -0.868212E-07  0.186705E-01  0.136900E-01  0.418317E-07
  0.302863E+03  0.207003E-01  0.934708E-02  0.228127E-11  0.227028E-11  0.000000E+00  0.188502E-01  0.188502E-01  0.188502E-01 -0.860651E-07  0.185090E-01  0.135468E-01  0.414862E-07
  0.304261E+03  0.205219E-01  0.925620E-02  0.224035E-11  0.222958E-11  0.000000E+00  0.186860E-01  0.186860E-01  0.186860E-01 -0.853157E-07  0.183489E-01  0.134050E-01  0.411441E-07
  0.305666E+03  0.203451E-01  0.916611E-02  0.220016E-11  0.218960E-11  0.000000E+00  0.185233E-01  0.185233E-01  0.185233E-01 -0.845728E-07  0.181903E-01  0.132643E-01  0.408054E-07
  0.307077E+03  0.201697E-01  0.907676E-02  0.216068E-11  0.215033E-11  0.000000E+00  0.183620E-01  0.183620E-01  0.183620E-01 -0.838360E-07  0.180329E-01  0.131249E-01  0.404699E-07
  0.308494E+03  0.199955E-01  0.898804E-02  0.212187E-11  0.211172E-11  0.000000E+00  0.182017E-01  0.182017E-01  0.182017E-01 -0.831041E-07  0.178765E-01  0.129865E-01  0.401369E-07
  0.309918E+03  0.198230E-01  0.890022E-02  0.208378E-11  0.207383E-11  0.000000E+00  0.180430E-01  0.180430E-01  0.180430E-01 -0.823798E-07  0.177218E-01  0.128495E-01  0.398079E-07
  0.311348E+03  0.196521E-01  0.881316E-02  0.204637E-11  0.203661E-11  0.000000E+00  0.178857E-01  0.178857E-01  0.178857E-01 -0.816616E-07  0.175684E-01  0.127137E-01  0.394819E-07
  0.312786E+03  0.194825E-01  0.872683E-02  0.200963E-11  0.200006E-11  0.000000E+00  0.177298E-01  0.177298E-01  0.177298E-01 -0.809494E-07  0.174163E-01  0.125790E-01  0.391591E-07
  0.314229E+03  0.193144E-01  0.864123E-02  0.197353E-11  0.196415E-11  0.000000E+00  0.175751E-01  0.175751E-01  0.175751E-01 -0.802432E-07  0.172654E-01  0.124455E-01  0.388392E-07
  0.315680E+03  0.191478E-01  0.855641E-02  0.193809E-11  0.192889E-11  0.000000E+00  0.174218E-01  0.174218E-01  0.174218E-01 -0.795434E-07  0.171159E-01  0.123133E-01  0.385226E-07
  0.317137E+03  0.189827E-01  0.847235E-02  0.190328E-11  0.189426E-11  0.000000E+00  0.172699E-01  0.172699E-01  0.172699E-01 -0.788498E-07  0.169678E-01  0.121822E-01  0.382091E-07
  0.318601E+03  0.188190E-01  0.838903E-02  0.186909E-11  0.186026E-11  0.000000E+00  0.171193E-01  0.171193E-01  0.171193E-01 -0.781624E-07  0.168209E-01  0.120523E-01  0.378987E-07
  0.320071E+03  0.186567E-01  0.830641E-02  0.183552E-11  0.182685E-11  0.000000E+00  0.169700E-01  0.169700E-01  0.169700E-01 -0.774806E-07  0.166753E-01  0.119235E-01  0.375911E-07
  0.321549E+03  0.184957E-01  0.822448E-02  0.180253E-11  0.179404E-11  0.000000E+00  0.168219E-01  0.168219E-01  0.168219E-01 -0.768044E-07  0.165309E-01  0.117959E-01  0.372864E-07
  0.323033E+03  0.183362E-01  0.814329E-02  0.177014E-11  0.176182E-11  0.000000E+00  0.166751E-01  0.166751E-01  0.166751E-01 -0.761343E-07  0.163877E-01  0.116694E-01  0.369846E-07
  0.324524E+03  0.181780E-01  0.806277E-02  0.173832E-11  0.173016E-11  0.000000E+00  0.165296E-01  0.165296E-01  0.165296E-01 -0.754696E-07  0.162457E-01  0.115439E-01  0.366856E-07
  0.326022E+03  0.180211E-01  0.798295E-02  0.170706E-11  0.169907E-11  0.000000E+00  0.163853E-01  0.163853E-01  0.163853E-01 -0.748107E-07  0.161050E-01  0.114196E-01  0.363894E-07
  0.327527E+03  0.178656E-01  0.790383E-02  0.167637E-11  0.166853E-11  0.000000E+00  0.162422E-01  0.162422E-01  0.162422E-01 -0.741575E-07  0.159654E-01  0.112964E-01  0.360960E-07
  0.329039E+03  0.177114E-01  0.782539E-02  0.164622E-11  0.163854E-11  0.000000E+00  0.161003E-01  0.161003E-01  0.161003E-01 -0.735098E-07  0.158271E-01  0.111743E-01  0.358053E-07
  0.330557E+03  0.175585E-01  0.774764E-02  0.161661E-11  0.160909E-11  0.000000E+00  0.159597E-01  0.159597E-01  0.159597E-01 -0.728678E-07  0.156899E-01  0.110532E-01  0.355174E-07
  0.332083E+03  0.174070E-01  0.767058E-02  0.158754E-11  0.158016E-11  0.000000E+00  0.158204E-01  0.158204E-01  0.158204E-01 -0.722314E-07  0.155540E-01  0.109333E-01  0.352322E-07
  0.333616E+03  0.172569E-01  0.759422E-02  0.155899E-11  0.155176E-11  0.000000E+00  0.156822E-01  0.156822E-01  0.156822E-01 -0.716009E-07  0.154193E-01  0.108144E-01  0.349499E-07
  0.335156E+03  0.171080E-01  0.751852E-02  0.153094E-11  0.152386E-11  0.000000E+00  0.155453E-01  0.155453E-01  0.155453E-01 -0.709756E-07  0.152857E-01  0.106966E-01  0.346701E-07
  0.336703E+03  0.169604E-01  0.744346E-02  0.150340E-11  0.149645E-11  0.000000E+00  0.154095E-01  0.154095E-01  0.154095E-01 -0.703556E-07  0.151533E-01  0.105799E-01  0.343928E-07
  0.338257E+03  0.168140E-01  0.736902E-02  0.147634E-11  0.146953E-11  0.000000E+00  0.152748E-01  0.152748E-01  0.152748E-01 -0.697406E-07  0.150219E-01  0.104641E-01  0.341180E-07
  0.339818E+03  0.166688E-01  0.729523E-02  0.144976E-11  0.144309E-11  0.000000E+00  0.151413E-01  0.151413E-01  0.151413E-01 -0.691309E-07  0.148916E-01  0.103494E-01  0.338456E-07
  0.341387E+03  0.165249E-01  0.722209E-02  0.142366E-11  0.141712E-11  0.000000E+00  0.150089E-01  0.150089E-01  0.150089E-01 -0.685266E-07  0.147625E-01  0.102357E-01  0.335759E-07
  0.342963E+03  0.163823E-01  0.714959E-02  0.139803E-11  0.139162E-11  0.000000E+00  0.148777E-01  0.148777E-01  0.148777E-01 -0.679274E-07  0.146345E-01  0.101230E-01  0.333086E-07
  0.344546E+03  0.162408E-01  0.707772E-02  0.137285E-11  0.136657E-11  0.000000E+00  0.147476E-01  0.147476E-01  0.147476E-01 -0.673334E-07  0.145076E-01  0.100113E-01  0.330437E-07
  0.346136E+03  0.161006E-01  0.700649E-02  0.134812E-11  0.134197E-11  0.000000E+00  0.146186E-01  0.146186E-01  0.146186E-01 -0.667446E-07  0.143818E-01  0.990059E-02  0.327814E-07
  0.347734E+03  0.159617E-01  0.693589E-02  0.132384E-11  0.131782E-11  0.000000E+00  0.144908E-01  0.144908E-01  0.144908E-01 -0.661610E-07  0.142571E-01  0.979092E-02  0.325214E-07
  0.349339E+03  0.158248E-01  0.686633E-02  0.130008E-11  0.129417E-11  0.000000E+00  0.143649E-01  0.143649E-01  0.143649E-01 -0.655865E-07  0.141344E-01  0.968284E-02  0.322658E-07
  0.350951E+03  0.156882E-01  0.679695E-02  0.127665E-11  0.127087E-11  0.000000E+00  0.142393E-01  0.142393E-01  0.142393E-01 -0.650127E-07  0.140118E-01  0.957510E-02  0.320105E-07
  0.352571E+03  0.155528E-01  0.672820E-02  0.125365E-11  0.124799E-11  0.000000E+00  0.141147E-01  0.141147E-01  0.141147E-01 -0.644443E-07  0.138904E-01  0.946838E-02  0.317576E-07
  0.354199E+03  0.154185E-01  0.666001E-02  0.123106E-11  0.122550E-11  0.000000E+00  0.139912E-01  0.139912E-01  0.139912E-01 -0.638802E-07  0.137699E-01  0.936254E-02  0.315068E-07
  0.355833E+03  0.152853E-01  0.659240E-02  0.120886E-11  0.120342E-11  0.000000E+00  0.138687E-01  0.138687E-01  0.138687E-01 -0.633209E-07  0.136504E-01  0.925765E-02  0.312582E-07
  0.357476E+03  0.151533E-01  0.652537E-02  0.118706E-11  0.118173E-11  0.000000E+00  0.137472E-01  0.137472E-01  0.137472E-01 -0.627663E-07  0.135319E-01  0.915367E-02  0.310117E-07
  0.359126E+03  0.150224E-01  0.645895E-02  0.116566E-11  0.116043E-11  0.000000E+00  0.136269E-01  0.136269E-01  0.136269E-01 -0.622167E-07  0.134144E-01  0.905066E-02  0.307675E-07
  0.360784E+03  0.148925E-01  0.639306E-02  0.114462E-11  0.113951E-11  0.000000E+00  0.135074E-01  0.135074E-01  0.135074E-01 -0.616713E-07  0.132979E-01  0.894851E-02  0.305253E-07
  0.362449E+03  0.147639E-01  0.632780E-02  0.112398E-11  0.111896E-11  0.000000E+00  0.133891E-01  0.133891E-01  0.133891E-01 -0.611313E-07  0.131825E-01  0.884736E-02  0.302855E-07
  0.364122E+03  0.146364E-01  0.626313E-02  0.110370E-11  0.109879E-11  0.000000E+00  0.132719E-01  0.132719E-01  0.132719E-01 -0.605959E-07  0.130681E-01  0.874714E-02  0.300479E-07
  0.365803E+03  0.145101E-01  0.619905E-02  0.108379E-11  0.107898E-11  0.000000E+00  0.131557E-01  0.131557E-01  0.131557E-01 -0.600654E-07  0.129548E-01  0.864785E-02  0.298124E-07
  0.367491E+03  0.143848E-01  0.613550E-02  0.106424E-11  0.105953E-11  0.000000E+00  0.130404E-01  0.130404E-01  0.130404E-01 -0.595392E-07  0.128423E-01  0.854944E-02  0.295789E-07
  0.369187E+03  0.142605E-01  0.607252E-02  0.104503E-11  0.104041E-11  0.000000E+00  0.129262E-01  0.129262E-01  0.129262E-01 -0.590176E-07  0.127309E-01  0.845191E-02  0.293475E-07
  0.370891E+03  0.141374E-01  0.601009E-02  0.102617E-11  0.102165E-11  0.000000E+00  0.128129E-01  0.128129E-01  0.128129E-01 -0.585005E-07  0.126204E-01  0.835527E-02  0.291181E-07
  0.372603E+03  0.140152E-01  0.594817E-02  0.100764E-11  0.100321E-11  0.000000E+00  0.127006E-01  0.127006E-01  0.127006E-01 -0.579875E-07  0.125108E-01  0.825945E-02  0.288905E-07
  0.374323E+03  0.138941E-01  0.588680E-02  0.989437E-12  0.985101E-12  0.000000E+00  0.125892E-01  0.125892E-01  0.125892E-01 -0.574789E-07  0.124021E-01  0.816451E-02  0.286649E-07
  0.376051E+03  0.137740E-01  0.582595E-02  0.971562E-12  0.967315E-12  0.000000E+00  0.124787E-01  0.124787E-01  0.124787E-01 -0.569746E-07  0.122944E-01  0.807041E-02  0.284412E-07
  0.377787E+03  0.136550E-01  0.576569E-02  0.954014E-12  0.949855E-12  0.000000E+00  0.123693E-01  0.123693E-01  0.123693E-01 -0.564751E-07  0.121876E-01  0.797723E-02  0.282196E-07
  0.379531E+03  0.135370E-01  0.570594E-02  0.936778E-12  0.932705E-12  0.000000E+00  0.122608E-01  0.122608E-01  0.122608E-01 -0.559797E-07  0.120818E-01  0.788488E-02  0.279999E-07
  0.381282E+03  0.134201E-01  0.564672E-02  0.919851E-12  0.915862E-12  0.000000E+00  0.121533E-01  0.121533E-01  0.121533E-01 -0.554887E-07  0.119768E-01  0.779338E-02  0.277821E-07
  0.383042E+03  0.133041E-01  0.558801E-02  0.903227E-12  0.899320E-12  0.000000E+00  0.120467E-01  0.120467E-01  0.120467E-01 -0.550018E-07  0.118728E-01  0.770270E-02  0.275661E-07
  0.384810E+03  0.131891E-01  0.552983E-02  0.886902E-12  0.883076E-12  0.000000E+00  0.119410E-01  0.119410E-01  0.119410E-01 -0.545192E-07  0.117697E-01  0.761286E-02  0.273520E-07
  0.386587E+03  0.130752E-01  0.547216E-02  0.870867E-12  0.867121E-12  0.000000E+00  0.118361E-01  0.118361E-01  0.118361E-01 -0.540407E-07  0.116674E-01  0.752383E-02  0.271396E-07
  0.388371E+03  0.129621E-01  0.541496E-02  0.855115E-12  0.851447E-12  0.000000E+00  0.117322E-01  0.117322E-01  0.117322E-01 -0.535660E-07  0.115659E-01  0.743558E-02  0.269289E-07
  0.390164E+03  0.128501E-01  0.535830E-02  0.839650E-12  0.836058E-12  0.000000E+00  0.116292E-01  0.116292E-01  0.116292E-01 -0.530957E-07  0.114654E-01  0.734817E-02  0.267202E-07
  0.391965E+03  0.127390E-01  0.530214E-02  0.824462E-12  0.820945E-12  0.000000E+00  0.115271E-01  0.115271E-01  0.115271E-01 -0.526294E-07  0.113658E-01  0.726157E-02  0.265132E-07
  0.393774E+03  0.126288E-01  0.524646E-02  0.809544E-12  0.806100E-12  0.000000E+00  0.114258E-01  0.114258E-01  0.114258E-01 -0.521670E-07  0.112670E-01  0.717574E-02  0.263078E-07
  0.395591E+03  0.125197E-01  0.519128E-02  0.794895E-12  0.791524E-12  0.000000E+00  0.113254E-01  0.113254E-01  0.113254E-01 -0.517087E-07  0.111690E-01  0.709072E-02  0.261042E-07
  0.397417E+03  0.124115E-01  0.513664E-02  0.780516E-12  0.777214E-12  0.000000E+00  0.112260E-01  0.112260E-01  0.112260E-01 -0.512548E-07  0.110720E-01  0.700654E-02  0.259026E-07
  0.399252E+03  0.123042E-01  0.508242E-02  0.766385E-12  0.763153E-12  0.000000E+00  0.111273E-01  0.111273E-01  0.111273E-01 -0.508042E-07  0.109757E-01  0.692306E-02  0.257023E-07
  0.401095E+03  0.121978E-01  0.502869E-02  0.752510E-12  0.749346E-12  0.000000E+00  0.110295E-01  0.110295E-01  0.110295E-01 -0.503577E-07  0.108803E-01  0.684037E-02  0.255037E-07
  0.402946E+03  0.120923E-01  0.497544E-02  0.738883E-12  0.735786E-12  0.000000E+00  0.109326E-01  0.109326E-01  0.109326E-01 -0.499150E-07  0.107857E-01  0.675844E-02  0.253068E-07
  0.404806E+03  0.119877E-01  0.492265E-02  0.725499E-12  0.722466E-12  0.000000E+00  0.108364E-01  0.108364E-01  0.108364E-01 -0.494760E-07  0.106918E-01  0.667725E-02  0.251114E-07
  0.406674E+03  0.118840E-01  0.487032E-02  0.712354E-12  0.709385E-12  0.000000E+00  0.107411E-01  0.107411E-01  0.107411E-01 -0.490407E-07  0.105988E-01  0.659681E-02  0.249176E-07
  0.408551E+03  0.117813E-01  0.481847E-02  0.699447E-12  0.696541E-12  0.000000E+00  0.106466E-01  0.106466E-01  0.106466E-01 -0.486093E-07  0.105066E-01  0.651713E-02  0.247254E-07
  0.410437E+03  0.116795E-01  0.476715E-02  0.686781E-12  0.683937E-12  0.000000E+00  0.105531E-01  0.105531E-01  0.105531E-01 -0.481823E-07  0.104153E-01  0.643829E-02  0.245352E-07
  0.412332E+03  0.115785E-01  0.471623E-02  0.674336E-12  0.671552E-12  0.000000E+00  0.104602E-01  0.104602E-01  0.104602E-01 -0.477585E-07  0.103247E-01  0.636012E-02  0.243463E-07
  0.414235E+03  0.114785E-01  0.466579E-02  0.662116E-12  0.659391E-12  0.000000E+00  0.103682E-01  0.103682E-01  0.103682E-01 -0.473386E-07  0.102350E-01  0.628270E-02  0.241589E-07
  0.416147E+03  0.113792E-01  0.461577E-02  0.650112E-12  0.647445E-12  0.000000E+00  0.102770E-01  0.102770E-01  0.102770E-01 -0.469219E-07  0.101459E-01  0.620596E-02  0.239730E-07
  0.418068E+03  0.112808E-01  0.456619E-02  0.638323E-12  0.635713E-12  0.000000E+00  0.101865E-01  0.101865E-01  0.101865E-01 -0.465089E-07  0.100576E-01  0.612994E-02  0.237885E-07
  0.419998E+03  0.111832E-01  0.451705E-02  0.626745E-12  0.624191E-12  0.000000E+00  0.100968E-01  0.100968E-01  0.100968E-01 -0.460994E-07  0.997008E-02  0.605463E-02  0.236055E-07
  0.421936E+03  0.110864E-01  0.446835E-02  0.615375E-12  0.612876E-12  0.000000E+00  0.100079E-01  0.100079E-01  0.100079E-01 -0.456935E-07  0.988330E-02  0.598002E-02  0.234239E-07
  0.423884E+03  0.109903E-01  0.441999E-02  0.604197E-12  0.601751E-12  0.000000E+00  0.991958E-02  0.991958E-02  0.991958E-02 -0.452900E-07  0.979705E-02  0.590599E-02  0.232433E-07
  0.425840E+03  0.108951E-01  0.437211E-02  0.593226E-12  0.590832E-12  0.000000E+00  0.983210E-02  0.983210E-02  0.983210E-02 -0.448906E-07  0.971165E-02  0.583273E-02  0.230644E-07
  0.427806E+03  0.108008E-01  0.432469E-02  0.582457E-12  0.580115E-12  0.000000E+00  0.974546E-02  0.974546E-02  0.974546E-02 -0.444950E-07  0.962708E-02  0.576021E-02  0.228871E-07
  0.429781E+03  0.107074E-01  0.427773E-02  0.571885E-12  0.569594E-12  0.000000E+00  0.965962E-02  0.965962E-02  0.965962E-02 -0.441031E-07  0.954329E-02  0.568840E-02  0.227113E-07
  0.431764E+03  0.106148E-01  0.423117E-02  0.561501E-12  0.559258E-12  0.000000E+00  0.957447E-02  0.957447E-02  0.957447E-02 -0.437143E-07  0.946017E-02  0.561725E-02  0.225368E-07
  0.433757E+03  0.105229E-01  0.418503E-02  0.551303E-12  0.549110E-12  0.000000E+00  0.949007E-02  0.949007E-02  0.949007E-02 -0.433290E-07  0.937779E-02  0.554678E-02  0.223637E-07
  0.435759E+03  0.104318E-01  0.413930E-02  0.541289E-12  0.539142E-12  0.000000E+00  0.940640E-02  0.940640E-02  0.940640E-02 -0.429469E-07  0.929610E-02  0.547697E-02  0.221919E-07
  0.437771E+03  0.103416E-01  0.409397E-02  0.531454E-12  0.529354E-12  0.000000E+00  0.932344E-02  0.932344E-02  0.932344E-02 -0.425681E-07  0.921511E-02  0.540782E-02  0.220215E-07
  0.439791E+03  0.102520E-01  0.404904E-02  0.521793E-12  0.519739E-12  0.000000E+00  0.924114E-02  0.924114E-02  0.924114E-02 -0.421924E-07  0.913477E-02  0.533931E-02  0.218522E-07
  0.441821E+03  0.101632E-01  0.400452E-02  0.512308E-12  0.510299E-12  0.000000E+00  0.915960E-02  0.915960E-02  0.915960E-02 -0.418200E-07  0.905515E-02  0.527147E-02  0.216843E-07
  0.443861E+03  0.100752E-01  0.396039E-02  0.502992E-12  0.501026E-12  0.000000E+00  0.907873E-02  0.907873E-02  0.907873E-02 -0.414508E-07  0.897620E-02  0.520426E-02  0.215177E-07
  0.445910E+03  0.998800E-02  0.391668E-02  0.493846E-12  0.491923E-12  0.000000E+00  0.899860E-02  0.899860E-02  0.899860E-02 -0.410850E-07  0.889797E-02  0.513772E-02  0.213524E-07
  0.447968E+03  0.990159E-02  0.387338E-02  0.484868E-12  0.482987E-12  0.000000E+00  0.891922E-02  0.891922E-02  0.891922E-02 -0.407225E-07  0.882047E-02  0.507185E-02  0.211885E-07
  0.450035E+03  0.981595E-02  0.383049E-02  0.476052E-12  0.474213E-12  0.000000E+00  0.884054E-02  0.884054E-02  0.884054E-02 -0.403633E-07  0.874365E-02  0.500663E-02  0.210260E-07
  0.452113E+03  0.973099E-02  0.378796E-02  0.467392E-12  0.465593E-12  0.000000E+00  0.876250E-02  0.876250E-02  0.876250E-02 -0.400070E-07  0.866745E-02  0.494201E-02  0.208645E-07
  0.454200E+03  0.964675E-02  0.374581E-02  0.458888E-12  0.457128E-12  0.000000E+00  0.868512E-02  0.868512E-02  0.868512E-02 -0.396537E-07  0.859189E-02  0.487801E-02  0.207042E-07
  0.456296E+03  0.956319E-02  0.370403E-02  0.450534E-12  0.448813E-12  0.000000E+00  0.860836E-02  0.860836E-02  0.860836E-02 -0.393032E-07  0.851694E-02  0.481459E-02  0.205451E-07
  0.458402E+03  0.948036E-02  0.366263E-02  0.442332E-12  0.440649E-12  0.000000E+00  0.853229E-02  0.853229E-02  0.853229E-02 -0.389559E-07  0.844266E-02  0.475181E-02  0.203871E-07
  0.460518E+03  0.939687E-02  0.362104E-02  0.434209E-12  0.432564E-12  0.000000E+00  0.845563E-02  0.845563E-02  0.845563E-02 -0.386056E-07  0.836770E-02  0.468891E-02  0.202272E-07
  0.462644E+03  0.931550E-02  0.358040E-02  0.426302E-12  0.424693E-12  0.000000E+00  0.838089E-02  0.838089E-02  0.838089E-02 -0.382643E-07  0.829472E-02  0.462736E-02  0.200717E-07
  0.464779E+03  0.923485E-02  0.354014E-02  0.418538E-12  0.416965E-12  0.000000E+00  0.830683E-02  0.830683E-02  0.830683E-02 -0.379262E-07  0.822239E-02  0.456642E-02  0.199174E-07
  0.466925E+03  0.915488E-02  0.350024E-02  0.410913E-12  0.409375E-12  0.000000E+00  0.823338E-02  0.823338E-02  0.823338E-02 -0.375909E-07  0.815067E-02  0.450608E-02  0.197642E-07
  0.469080E+03  0.907561E-02  0.346071E-02  0.403425E-12  0.401921E-12  0.000000E+00  0.816059E-02  0.816059E-02  0.816059E-02 -0.372585E-07  0.807957E-02  0.444632E-02  0.196122E-07
  0.471245E+03  0.899702E-02  0.342154E-02  0.396073E-12  0.394603E-12  0.000000E+00  0.808842E-02  0.808842E-02  0.808842E-02 -0.369290E-07  0.800909E-02  0.438715E-02  0.194613E-07
  0.473420E+03  0.891905E-02  0.338270E-02  0.388851E-12  0.387414E-12  0.000000E+00  0.801683E-02  0.801683E-02  0.801683E-02 -0.366021E-07  0.793917E-02  0.432855E-02  0.193113E-07
  0.475605E+03  0.884170E-02  0.334420E-02  0.381757E-12  0.380352E-12  0.000000E+00  0.794581E-02  0.794581E-02  0.794581E-02 -0.362778E-07  0.786979E-02  0.427049E-02  0.191624E-07
  0.477801E+03  0.876481E-02  0.330597E-02  0.374781E-12  0.373408E-12  0.000000E+00  0.787522E-02  0.787522E-02  0.787522E-02 -0.359555E-07  0.780082E-02  0.421290E-02  0.190140E-07
  0.480006E+03  0.868884E-02  0.326819E-02  0.367943E-12  0.366601E-12  0.000000E+00  0.780548E-02  0.780548E-02  0.780548E-02 -0.356370E-07  0.773269E-02  0.415602E-02  0.188673E-07
  0.482222E+03  0.861357E-02  0.323077E-02  0.361231E-12  0.359919E-12  0.000000E+00  0.773637E-02  0.773637E-02  0.773637E-02 -0.353215E-07  0.766519E-02  0.409972E-02  0.187218E-07
  0.484448E+03  0.853903E-02  0.319373E-02  0.354643E-12  0.353361E-12  0.000000E+00  0.766794E-02  0.766794E-02  0.766794E-02 -0.350091E-07  0.759835E-02  0.404403E-02  0.185775E-07
  0.486684E+03  0.846509E-02  0.315702E-02  0.348172E-12  0.346919E-12  0.000000E+00  0.760007E-02  0.760007E-02  0.760007E-02 -0.346993E-07  0.753205E-02  0.398888E-02  0.184341E-07
  0.488930E+03  0.839176E-02  0.312063E-02  0.341817E-12  0.340592E-12  0.000000E+00  0.753276E-02  0.753276E-02  0.753276E-02 -0.343919E-07  0.746629E-02  0.393426E-02  0.182917E-07
  0.491187E+03  0.831903E-02  0.308457E-02  0.335575E-12  0.334378E-12  0.000000E+00  0.746601E-02  0.746601E-02  0.746601E-02 -0.340871E-07  0.740107E-02  0.388017E-02  0.181503E-07
  0.493454E+03  0.824692E-02  0.304884E-02  0.329446E-12  0.328276E-12  0.000000E+00  0.739983E-02  0.739983E-02  0.739983E-02 -0.337850E-07  0.733641E-02  0.382663E-02  0.180099E-07
  0.495732E+03  0.817544E-02  0.301343E-02  0.323426E-12  0.322283E-12  0.000000E+00  0.733422E-02  0.733422E-02  0.733422E-02 -0.334854E-07  0.727230E-02  0.377362E-02  0.178704E-07
  0.498020E+03  0.810456E-02  0.297835E-02  0.317516E-12  0.316400E-12  0.000000E+00  0.726918E-02  0.726918E-02  0.726918E-02 -0.331884E-07  0.720875E-02  0.372116E-02  0.177319E-07
  0.500319E+03  0.803431E-02  0.294360E-02  0.311713E-12  0.310622E-12  0.000000E+00  0.720471E-02  0.720471E-02  0.720471E-02 -0.328941E-07  0.714575E-02  0.366923E-02  0.175945E-07
  0.502628E+03  0.796473E-02  0.290921E-02  0.306018E-12  0.304952E-12  0.000000E+00  0.714087E-02  0.714087E-02  0.714087E-02 -0.326026E-07  0.708337E-02  0.361786E-02  0.174581E-07
  0.504948E+03  0.789569E-02  0.287510E-02  0.300423E-12  0.299382E-12  0.000000E+00  0.707752E-02  0.707752E-02  0.707752E-02 -0.323134E-07  0.702146E-02  0.356699E-02  0.173226E-07
  0.507279E+03  0.782723E-02  0.284131E-02  0.294929E-12  0.293912E-12  0.000000E+00  0.701471E-02  0.701471E-02  0.701471E-02 -0.320266E-07  0.696007E-02  0.351663E-02  0.171880E-07
  0.509620E+03  0.775935E-02  0.280783E-02  0.289534E-12  0.288540E-12  0.000000E+00  0.695243E-02  0.695243E-02  0.695243E-02 -0.317423E-07  0.689921E-02  0.346678E-02  0.170542E-07
  0.511973E+03  0.769196E-02  0.277462E-02  0.284232E-12  0.283262E-12  0.000000E+00  0.689061E-02  0.689061E-02  0.689061E-02 -0.314600E-07  0.683878E-02  0.341740E-02  0.169212E-07
  0.514336E+03  0.762523E-02  0.274176E-02  0.279030E-12  0.278083E-12  0.000000E+00  0.682941E-02  0.682941E-02  0.682941E-02 -0.311805E-07  0.677895E-02  0.336857E-02  0.167893E-07
  0.516710E+03  0.755906E-02  0.270921E-02  0.273923E-12  0.272997E-12  0.000000E+00  0.676871E-02  0.676871E-02  0.676871E-02 -0.309034E-07  0.671962E-02  0.332020E-02  0.166585E-07
  0.519095E+03  0.749351E-02  0.267697E-02  0.268908E-12  0.268004E-12  0.000000E+00  0.670859E-02  0.670859E-02  0.670859E-02 -0.306289E-07  0.666085E-02  0.327240E-02  0.165284E-07
  0.521491E+03  0.742857E-02  0.264505E-02  0.263986E-12  0.263104E-12  0.000000E+00  0.664903E-02  0.664903E-02  0.664903E-02 -0.303570E-07  0.660263E-02  0.322511E-02  0.163994E-07
  0.523898E+03  0.736425E-02  0.261346E-02  0.259155E-12  0.258294E-12  0.000000E+00  0.659004E-02  0.659004E-02  0.659004E-02 -0.300877E-07  0.654497E-02  0.317835E-02  0.162714E-07
  0.526316E+03  0.730040E-02  0.258213E-02  0.254409E-12  0.253568E-12  0.000000E+00  0.653150E-02  0.653150E-02  0.653150E-02 -0.298204E-07  0.648773E-02  0.313204E-02  0.161441E-07
  0.528746E+03  0.723710E-02  0.255109E-02  0.249749E-12  0.248928E-12  0.000000E+00  0.647346E-02  0.647346E-02  0.647346E-02 -0.295554E-07  0.643099E-02  0.308621E-02  0.160176E-07
  0.531186E+03  0.717431E-02  0.252034E-02  0.245172E-12  0.244370E-12  0.000000E+00  0.641589E-02  0.641589E-02  0.641589E-02 -0.292926E-07  0.637470E-02  0.304085E-02  0.158919E-07
  0.533638E+03  0.711208E-02  0.248988E-02  0.240678E-12  0.239895E-12  0.000000E+00  0.635883E-02  0.635883E-02  0.635883E-02 -0.290321E-07  0.631891E-02  0.299598E-02  0.157671E-07
  0.536101E+03  0.705037E-02  0.245970E-02  0.236265E-12  0.235501E-12  0.000000E+00  0.630226E-02  0.630226E-02  0.630226E-02 -0.287738E-07  0.626358E-02  0.295158E-02  0.156431E-07
  0.538576E+03  0.698929E-02  0.242985E-02  0.231936E-12  0.231190E-12  0.000000E+00  0.624627E-02  0.624627E-02  0.624627E-02 -0.285182E-07  0.620884E-02  0.290770E-02  0.155201E-07
  0.541062E+03  0.692863E-02  0.240024E-02  0.227681E-12  0.226953E-12  0.000000E+00  0.619067E-02  0.619067E-02  0.619067E-02 -0.282643E-07  0.615445E-02  0.286423E-02  0.153977E-07
  0.543559E+03  0.686851E-02  0.237092E-02  0.223504E-12  0.222793E-12  0.000000E+00  0.613557E-02  0.613557E-02  0.613557E-02 -0.280127E-07  0.610057E-02  0.282125E-02  0.152762E-07
  0.546068E+03  0.680891E-02  0.234188E-02  0.219403E-12  0.218709E-12  0.000000E+00  0.608095E-02  0.608095E-02  0.608095E-02 -0.277633E-07  0.604714E-02  0.277872E-02  0.151554E-07
  0.548589E+03  0.674980E-02  0.231311E-02  0.215376E-12  0.214699E-12  0.000000E+00  0.602679E-02  0.602679E-02  0.602679E-02 -0.275160E-07  0.599416E-02  0.273665E-02  0.150355E-07
  0.551121E+03  0.669122E-02  0.228462E-02  0.211422E-12  0.210761E-12  0.000000E+00  0.597311E-02  0.597311E-02  0.597311E-02 -0.272710E-07  0.594165E-02  0.269504E-02  0.149163E-07
  0.553665E+03  0.663312E-02  0.225639E-02  0.207539E-12  0.206895E-12  0.000000E+00  0.591988E-02  0.591988E-02  0.591988E-02 -0.270279E-07  0.588957E-02  0.265387E-02  0.147979E-07
  0.556220E+03  0.657552E-02  0.222844E-02  0.203726E-12  0.203098E-12  0.000000E+00  0.586710E-02  0.586710E-02  0.586710E-02 -0.267870E-07  0.583794E-02  0.261315E-02  0.146802E-07
  0.558788E+03  0.651846E-02  0.220077E-02  0.199985E-12  0.199372E-12  0.000000E+00  0.581483E-02  0.581483E-02  0.581483E-02 -0.265483E-07  0.578680E-02  0.257289E-02  0.145634E-07
  0.561367E+03  0.646192E-02  0.217337E-02  0.196312E-12  0.195714E-12  0.000000E+00  0.576304E-02  0.576304E-02  0.576304E-02 -0.263119E-07  0.573613E-02  0.253310E-02  0.144475E-07
  0.563958E+03  0.640583E-02  0.214623E-02  0.192705E-12  0.192121E-12  0.000000E+00  0.571167E-02  0.571167E-02  0.571167E-02 -0.260773E-07  0.568586E-02  0.249372E-02  0.143322E-07
  0.566561E+03  0.635025E-02  0.211936E-02  0.189164E-12  0.188594E-12  0.000000E+00  0.566077E-02  0.566077E-02  0.566077E-02 -0.258449E-07  0.563605E-02  0.245479E-02  0.142177E-07
  0.569176E+03  0.629506E-02  0.209272E-02  0.185684E-12  0.185129E-12  0.000000E+00  0.561024E-02  0.561024E-02  0.561024E-02 -0.256142E-07  0.558659E-02  0.241626E-02  0.141038E-07
  0.571803E+03  0.624044E-02  0.206637E-02  0.182271E-12  0.181730E-12  0.000000E+00  0.556022E-02  0.556022E-02  0.556022E-02 -0.253858E-07  0.553764E-02  0.237820E-02  0.139907E-07
  0.574443E+03  0.618619E-02  0.204024E-02  0.178917E-12  0.178389E-12  0.000000E+00  0.551055E-02  0.551055E-02  0.551055E-02 -0.251590E-07  0.548902E-02  0.234052E-02  0.138782E-07
  0.577094E+03  0.613260E-02  0.201444E-02  0.175629E-12  0.175115E-12  0.000000E+00  0.546150E-02  0.546150E-02  0.546150E-02 -0.249351E-07  0.544101E-02  0.230335E-02  0.137669E-07
  0.579758E+03  0.607945E-02  0.198888E-02  0.172401E-12  0.171899E-12  0.000000E+00  0.541284E-02  0.541284E-02  0.541284E-02 -0.247130E-07  0.539338E-02  0.226659E-02  0.136562E-07
  0.582434E+03  0.602664E-02  0.196352E-02  0.169228E-12  0.168738E-12  0.000000E+00  0.536450E-02  0.536450E-02  0.536450E-02 -0.244923E-07  0.534606E-02  0.223019E-02  0.135459E-07
  0.585122E+03  0.597435E-02  0.193844E-02  0.166114E-12  0.165637E-12  0.000000E+00  0.531664E-02  0.531664E-02  0.531664E-02 -0.242738E-07  0.529921E-02  0.219424E-02  0.134365E-07
  0.587823E+03  0.592248E-02  0.191360E-02  0.163056E-12  0.162591E-12  0.000000E+00  0.526918E-02  0.526918E-02  0.526918E-02 -0.240571E-07  0.525273E-02  0.215869E-02  0.133278E-07
  0.590537E+03  0.587102E-02  0.188898E-02  0.160053E-12  0.159600E-12  0.000000E+00  0.522209E-02  0.522209E-02  0.522209E-02 -0.238421E-07  0.520662E-02  0.212353E-02  0.132196E-07
  0.593262E+03  0.582000E-02  0.186461E-02  0.157104E-12  0.156663E-12  0.000000E+00  0.517542E-02  0.517542E-02  0.517542E-02 -0.236290E-07  0.516091E-02  0.208877E-02  0.131121E-07
  0.596001E+03  0.576940E-02  0.184047E-02  0.154209E-12  0.153779E-12  0.000000E+00  0.512913E-02  0.512913E-02  0.512913E-02 -0.234176E-07  0.511557E-02  0.205442E-02  0.130052E-07
  0.598752E+03  0.571929E-02  0.181660E-02  0.151368E-12  0.150948E-12  0.000000E+00  0.508330E-02  0.508330E-02  0.508330E-02 -0.232084E-07  0.507068E-02  0.202048E-02  0.128991E-07
  0.601515E+03  0.566961E-02  0.179295E-02  0.148578E-12  0.148170E-12  0.000000E+00  0.503786E-02  0.503786E-02  0.503786E-02 -0.230009E-07  0.502618E-02  0.198694E-02  0.127937E-07
  0.604292E+03  0.562038E-02  0.176955E-02  0.145840E-12  0.145442E-12  0.000000E+00  0.499284E-02  0.499284E-02  0.499284E-02 -0.227954E-07  0.498207E-02  0.195380E-02  0.126889E-07
  0.607081E+03  0.557155E-02  0.174638E-02  0.143151E-12  0.142764E-12  0.000000E+00  0.494819E-02  0.494819E-02  0.494819E-02 -0.225915E-07  0.493833E-02  0.192105E-02  0.125848E-07
  0.609883E+03  0.552309E-02  0.172342E-02  0.140510E-12  0.140132E-12  0.000000E+00  0.490389E-02  0.490389E-02  0.490389E-02 -0.223892E-07  0.489492E-02  0.188867E-02  0.124812E-07
  0.612698E+03  0.547510E-02  0.170071E-02  0.137919E-12  0.137551E-12  0.000000E+00  0.486001E-02  0.486001E-02  0.486001E-02 -0.221889E-07  0.485193E-02  0.185668E-02  0.123783E-07
  0.615527E+03  0.542749E-02  0.167821E-02  0.135374E-12  0.135015E-12  0.000000E+00  0.481650E-02  0.481650E-02  0.481650E-02 -0.219902E-07  0.480929E-02  0.182508E-02  0.122761E-07
  0.618368E+03  0.538034E-02  0.165596E-02  0.132876E-12  0.132527E-12  0.000000E+00  0.477340E-02  0.477340E-02  0.477340E-02 -0.217935E-07  0.476705E-02  0.179386E-02  0.121745E-07
  0.621222E+03  0.533365E-02  0.163395E-02  0.130426E-12  0.130086E-12  0.000000E+00  0.473074E-02  0.473074E-02  0.473074E-02 -0.215987E-07  0.472524E-02  0.176305E-02  0.120738E-07
  0.624089E+03  0.528731E-02  0.161215E-02  0.128018E-12  0.127687E-12  0.000000E+00  0.468839E-02  0.468839E-02  0.468839E-02 -0.214054E-07  0.468373E-02  0.173259E-02  0.119735E-07
  0.626970E+03  0.524136E-02  0.159057E-02  0.125655E-12  0.125333E-12  0.000000E+00  0.464642E-02  0.464642E-02  0.464642E-02 -0.212137E-07  0.464258E-02  0.170250E-02  0.118738E-07
  0.629864E+03  0.519581E-02  0.156920E-02  0.123335E-12  0.123021E-12  0.000000E+00  0.460481E-02  0.460481E-02  0.460481E-02 -0.210237E-07  0.460178E-02  0.167278E-02  0.117747E-07
  0.632771E+03  0.515060E-02  0.154804E-02  0.121056E-12  0.120750E-12  0.000000E+00  0.456351E-02  0.456351E-02  0.456351E-02 -0.208352E-07  0.456129E-02  0.164341E-02  0.116761E-07
  0.635692E+03  0.510577E-02  0.152709E-02  0.118818E-12  0.118521E-12  0.000000E+00  0.452258E-02  0.452258E-02  0.452258E-02 -0.206483E-07  0.452115E-02  0.161440E-02  0.115781E-07
  0.638626E+03  0.506137E-02  0.150637E-02  0.116622E-12  0.116333E-12  0.000000E+00  0.448204E-02  0.448204E-02  0.448204E-02 -0.204632E-07  0.448139E-02  0.158577E-02  0.114808E-07
  0.641574E+03  0.501739E-02  0.148588E-02  0.114468E-12  0.114186E-12  0.000000E+00  0.444188E-02  0.444188E-02  0.444188E-02 -0.202798E-07  0.444200E-02  0.155751E-02  0.113841E-07
  0.644535E+03  0.497376E-02  0.146559E-02  0.112352E-12  0.112078E-12  0.000000E+00  0.440206E-02  0.440206E-02  0.440206E-02 -0.200980E-07  0.440294E-02  0.152959E-02  0.112880E-07
  0.647510E+03  0.493052E-02  0.144551E-02  0.110275E-12  0.110008E-12  0.000000E+00  0.436259E-02  0.436259E-02  0.436259E-02 -0.199178E-07  0.436422E-02  0.150204E-02  0.111925E-07
  0.650499E+03  0.488763E-02  0.142564E-02  0.108235E-12  0.107976E-12  0.000000E+00  0.432345E-02  0.432345E-02  0.432345E-02 -0.197391E-07  0.432582E-02  0.147482E-02  0.110976E-07
  0.653502E+03  0.484512E-02  0.140597E-02  0.106233E-12  0.105981E-12  0.000000E+00  0.428466E-02  0.428466E-02  0.428466E-02 -0.195620E-07  0.428776E-02  0.144796E-02  0.110032E-07
  0.656518E+03  0.480297E-02  0.138651E-02  0.104268E-12  0.104023E-12  0.000000E+00  0.424621E-02  0.424621E-02  0.424621E-02 -0.193865E-07  0.425003E-02  0.142144E-02  0.109094E-07
  0.659549E+03  0.476182E-02  0.136744E-02  0.102353E-12  0.102115E-12  0.000000E+00  0.420866E-02  0.420866E-02  0.420866E-02 -0.192152E-07  0.421322E-02  0.139547E-02  0.108176E-07
  0.662593E+03  0.472048E-02  0.134841E-02  0.100461E-12  0.100229E-12  0.000000E+00  0.417096E-02  0.417096E-02  0.417096E-02 -0.190430E-07  0.417621E-02  0.136966E-02  0.107251E-07
  0.665651E+03  0.467944E-02  0.132956E-02  0.986021E-13  0.983763E-13  0.000000E+00  0.413353E-02  0.413353E-02  0.413353E-02 -0.188722E-07  0.413947E-02  0.134417E-02  0.106331E-07
  0.668724E+03  0.463874E-02  0.131091E-02  0.967769E-13  0.965574E-13  0.000000E+00  0.409642E-02  0.409642E-02  0.409642E-02 -0.187027E-07  0.410304E-02  0.131902E-02  0.105415E-07
  0.671810E+03  0.459848E-02  0.129248E-02  0.949874E-13  0.947740E-13  0.000000E+00  0.405973E-02  0.405973E-02  0.405973E-02 -0.185352E-07  0.406702E-02  0.129422E-02  0.104508E-07
  0.674911E+03  0.455849E-02  0.127423E-02  0.932287E-13  0.930212E-13  0.000000E+00  0.402327E-02  0.402327E-02  0.402327E-02 -0.183688E-07  0.403122E-02  0.126973E-02  0.103603E-07
  0.678027E+03  0.451879E-02  0.125615E-02  0.915013E-13  0.912997E-13  0.000000E+00  0.398710E-02  0.398710E-02  0.398710E-02 -0.182036E-07  0.399569E-02  0.124556E-02  0.102703E-07
  0.681156E+03  0.447943E-02  0.123826E-02  0.898053E-13  0.896094E-13  0.000000E+00  0.395124E-02  0.395124E-02  0.395124E-02 -0.180399E-07  0.396046E-02  0.122171E-02  0.101808E-07
  0.684300E+03  0.444048E-02  0.122059E-02  0.881421E-13  0.879517E-13  0.000000E+00  0.391576E-02  0.391576E-02  0.391576E-02 -0.178779E-07  0.392560E-02  0.119820E-02  0.100920E-07
  0.687459E+03  0.440183E-02  0.120310E-02  0.865087E-13  0.863237E-13  0.000000E+00  0.388056E-02  0.388056E-02  0.388056E-02 -0.177172E-07  0.389102E-02  0.117501E-02  0.100037E-07
  0.690632E+03  0.436352E-02  0.118580E-02  0.849053E-13  0.847256E-13  0.000000E+00  0.384567E-02  0.384567E-02  0.384567E-02 -0.175579E-07  0.385674E-02  0.115214E-02  0.991593E-08
  0.693820E+03  0.432551E-02  0.116868E-02  0.833307E-13  0.831561E-13  0.000000E+00  0.381106E-02  0.381106E-02  0.381106E-02 -0.173999E-07  0.382272E-02  0.112957E-02  0.982859E-08
  0.697022E+03  0.428783E-02  0.115175E-02  0.817853E-13  0.816157E-13  0.000000E+00  0.377677E-02  0.377677E-02  0.377677E-02 -0.172433E-07  0.378901E-02  0.110732E-02  0.974179E-08
  0.700240E+03  0.425050E-02  0.113500E-02  0.802687E-13  0.801039E-13  0.000000E+00  0.374279E-02  0.374279E-02  0.374279E-02 -0.170881E-07  0.375561E-02  0.108539E-02  0.965556E-08
  0.703472E+03  0.421360E-02  0.111847E-02  0.787820E-13  0.786220E-13  0.000000E+00  0.370921E-02  0.370921E-02  0.370921E-02 -0.169348E-07  0.372260E-02  0.106380E-02  0.957010E-08
  0.706719E+03  0.417686E-02  0.110208E-02  0.773197E-13  0.771644E-13  0.000000E+00  0.367579E-02  0.367579E-02  0.367579E-02 -0.167822E-07  0.368974E-02  0.104248E-02  0.948478E-08
  0.709981E+03  0.414053E-02  0.108590E-02  0.758859E-13  0.757352E-13  0.000000E+00  0.364274E-02  0.364274E-02  0.364274E-02 -0.166313E-07  0.365724E-02  0.102148E-02  0.940019E-08
  0.713258E+03  0.410448E-02  0.106988E-02  0.744781E-13  0.743317E-13  0.000000E+00  0.360996E-02  0.360996E-02  0.360996E-02 -0.164817E-07  0.362500E-02  0.100078E-02  0.931604E-08
  0.716550E+03  0.406875E-02  0.105405E-02  0.730962E-13  0.729541E-13  0.000000E+00  0.357747E-02  0.357747E-02  0.357747E-02 -0.163333E-07  0.359304E-02  0.980373E-03  0.923239E-08
  0.719858E+03  0.403338E-02  0.103840E-02  0.717407E-13  0.716028E-13  0.000000E+00  0.354531E-02  0.354531E-02  0.354531E-02 -0.161865E-07  0.356140E-02  0.960282E-03  0.914936E-08
  0.723181E+03  0.399823E-02  0.102291E-02  0.704086E-13  0.702748E-13  0.000000E+00  0.351336E-02  0.351336E-02  0.351336E-02 -0.160407E-07  0.352997E-02  0.940467E-03  0.906664E-08
  0.726519E+03  0.396344E-02  0.100761E-02  0.691020E-13  0.689722E-13  0.000000E+00  0.348175E-02  0.348175E-02  0.348175E-02 -0.158963E-07  0.349885E-02  0.920958E-03  0.898454E-08
  0.729872E+03  0.392892E-02  0.992469E-03  0.678190E-13  0.676930E-13  0.000000E+00  0.345038E-02  0.345038E-02  0.345038E-02 -0.157531E-07  0.346798E-02  0.901732E-03  0.890286E-08
  0.733241E+03  0.389470E-02  0.977505E-03  0.665598E-13  0.664376E-13  0.000000E+00  0.341931E-02  0.341931E-02  0.341931E-02 -0.156112E-07  0.343739E-02  0.882798E-03  0.882169E-08
  0.736626E+03  0.386077E-02  0.962708E-03  0.653236E-13  0.652051E-13  0.000000E+00  0.338850E-02  0.338850E-02  0.338850E-02 -0.154705E-07  0.340705E-02  0.864149E-03  0.874099E-08
  0.740026E+03  0.382705E-02  0.948057E-03  0.641087E-13  0.639938E-13  0.000000E+00  0.335788E-02  0.335788E-02  0.335788E-02 -0.153307E-07  0.337690E-02  0.845763E-03  0.866056E-08
  0.743441E+03  0.379370E-02  0.933594E-03  0.629176E-13  0.628061E-13  0.000000E+00  0.332760E-02  0.332760E-02  0.332760E-02 -0.151925E-07  0.334708E-02  0.827679E-03  0.858080E-08
  0.746873E+03  0.376063E-02  0.919298E-03  0.617484E-13  0.616404E-13  0.000000E+00  0.329760E-02  0.329760E-02  0.329760E-02 -0.150555E-07  0.331752E-02  0.809875E-03  0.850152E-08
  0.750320E+03  0.372793E-02  0.905187E-03  0.606022E-13  0.604975E-13  0.000000E+00  0.326793E-02  0.326793E-02  0.326793E-02 -0.149200E-07  0.328829E-02  0.792367E-03  0.842291E-08
  0.753784E+03  0.369546E-02  0.891227E-03  0.594764E-13  0.593748E-13  0.000000E+00  0.323847E-02  0.323847E-02  0.323847E-02 -0.147856E-07  0.325927E-02  0.775122E-03  0.834465E-08
  0.757263E+03  0.366329E-02  0.877434E-03  0.583715E-13  0.582731E-13  0.000000E+00  0.320930E-02  0.320930E-02  0.320930E-02 -0.146524E-07  0.323052E-02  0.758155E-03  0.826691E-08
  0.760758E+03  0.363152E-02  0.863832E-03  0.572891E-13  0.571938E-13  0.000000E+00  0.318049E-02  0.318049E-02  0.318049E-02 -0.145209E-07  0.320213E-02  0.741484E-03  0.818992E-08
  0.764270E+03  0.359988E-02  0.850356E-03  0.562245E-13  0.561321E-13  0.000000E+00  0.315181E-02  0.315181E-02  0.315181E-02 -0.143899E-07  0.317386E-02  0.725053E-03  0.811307E-08
  0.767798E+03  0.356851E-02  0.837035E-03  0.551793E-13  0.550898E-13  0.000000E+00  0.312338E-02  0.312338E-02  0.312338E-02 -0.142601E-07  0.314583E-02  0.708885E-03  0.803666E-08
  0.771342E+03  0.353743E-02  0.823878E-03  0.541537E-13  0.540671E-13  0.000000E+00  0.309522E-02  0.309522E-02  0.309522E-02 -0.141315E-07  0.311805E-02  0.692986E-03  0.796076E-08
  0.774902E+03  0.350664E-02  0.810883E-03  0.531476E-13  0.530636E-13  0.000000E+00  0.306733E-02  0.306733E-02  0.306733E-02 -0.140042E-07  0.309055E-02  0.677355E-03  0.788539E-08
  0.778479E+03  0.347608E-02  0.798033E-03  0.521594E-13  0.520781E-13  0.000000E+00  0.303965E-02  0.303965E-02  0.303965E-02 -0.138779E-07  0.306324E-02  0.661975E-03  0.781036E-08
  0.782072E+03  0.344578E-02  0.785339E-03  0.511896E-13  0.511109E-13  0.000000E+00  0.301223E-02  0.301223E-02  0.301223E-02 -0.137527E-07  0.303619E-02  0.646855E-03  0.773583E-08
  0.785682E+03  0.341568E-02  0.772779E-03  0.502365E-13  0.501603E-13  0.000000E+00  0.298498E-02  0.298498E-02  0.298498E-02 -0.136282E-07  0.300929E-02  0.631975E-03  0.766155E-08
  0.789308E+03  0.338588E-02  0.760383E-03  0.493019E-13  0.492281E-13  0.000000E+00  0.295802E-02  0.295802E-02  0.295802E-02 -0.135051E-07  0.298267E-02  0.617359E-03  0.758786E-08
  0.792952E+03  0.335635E-02  0.748142E-03  0.483848E-13  0.483134E-13  0.000000E+00  0.293131E-02  0.293131E-02  0.293131E-02 -0.133832E-07  0.295630E-02  0.602997E-03  0.751465E-08
  0.796612E+03  0.332711E-02  0.736057E-03  0.474851E-13  0.474160E-13  0.000000E+00  0.290487E-02  0.290487E-02  0.290487E-02 -0.132624E-07  0.293019E-02  0.588890E-03  0.744196E-08
  0.800289E+03  0.329810E-02  0.724115E-03  0.466018E-13  0.465350E-13  0.000000E+00  0.287864E-02  0.287864E-02  0.287864E-02 -0.131427E-07  0.290428E-02  0.575026E-03  0.736967E-08
  0.803983E+03  0.326937E-02  0.712327E-03  0.457353E-13  0.456706E-13  0.000000E+00  0.285267E-02  0.285267E-02  0.285267E-02 -0.130241E-07  0.287863E-02  0.561413E-03  0.729789E-08
  0.807694E+03  0.324085E-02  0.700677E-03  0.448843E-13  0.448218E-13  0.000000E+00  0.282690E-02  0.282690E-02  0.282690E-02 -0.129065E-07  0.285317E-02  0.548035E-03  0.722648E-08
  0.811422E+03  0.321258E-02  0.689172E-03  0.440491E-13  0.439887E-13  0.000000E+00  0.280136E-02  0.280136E-02  0.280136E-02 -0.127899E-07  0.282793E-02  0.534899E-03  0.715551E-08
  0.815167E+03  0.318457E-02  0.677814E-03  0.432296E-13  0.431711E-13  0.000000E+00  0.277606E-02  0.277606E-02  0.277606E-02 -0.126743E-07  0.280292E-02  0.522001E-03  0.708501E-08
  0.818930E+03  0.315682E-02  0.666603E-03  0.424256E-13  0.423691E-13  0.000000E+00  0.275100E-02  0.275100E-02  0.275100E-02 -0.125599E-07  0.277815E-02  0.509345E-03  0.701501E-08
  0.822710E+03  0.312927E-02  0.655524E-03  0.416360E-13  0.415813E-13  0.000000E+00  0.272614E-02  0.272614E-02  0.272614E-02 -0.124464E-07  0.275356E-02  0.496916E-03  0.694534E-08
  0.826507E+03  0.310197E-02  0.644590E-03  0.408612E-13  0.408084E-13  0.000000E+00  0.270151E-02  0.270151E-02  0.270151E-02 -0.123339E-07  0.272920E-02  0.484722E-03  0.687615E-08
  0.830322E+03  0.307490E-02  0.633794E-03  0.401008E-13  0.400497E-13  0.000000E+00  0.267709E-02  0.267709E-02  0.267709E-02 -0.122225E-07  0.270505E-02  0.472758E-03  0.680740E-08
  0.834155E+03  0.304807E-02  0.623136E-03  0.393544E-13  0.393051E-13  0.000000E+00  0.265289E-02  0.265289E-02  0.265289E-02 -0.121120E-07  0.268110E-02  0.461020E-03  0.673906E-08
  0.838005E+03  0.302146E-02  0.612614E-03  0.386219E-13  0.385743E-13  0.000000E+00  0.262891E-02  0.262891E-02  0.262891E-02 -0.120025E-07  0.265736E-02  0.449508E-03  0.667116E-08
  0.841873E+03  0.299509E-02  0.602230E-03  0.379031E-13  0.378571E-13  0.000000E+00  0.260514E-02  0.260514E-02  0.260514E-02 -0.118940E-07  0.263383E-02  0.438220E-03  0.660369E-08
  0.845759E+03  0.296897E-02  0.591986E-03  0.371979E-13  0.371535E-13  0.000000E+00  0.258161E-02  0.258161E-02  0.258161E-02 -0.117865E-07  0.261053E-02  0.427157E-03  0.653671E-08
  0.849663E+03  0.294308E-02  0.581878E-03  0.365060E-13  0.364631E-13  0.000000E+00  0.255829E-02  0.255829E-02  0.255829E-02 -0.116801E-07  0.258745E-02  0.416315E-03  0.647019E-08
  0.853585E+03  0.291741E-02  0.571900E-03  0.358268E-13  0.357854E-13  0.000000E+00  0.253518E-02  0.253518E-02  0.253518E-02 -0.115745E-07  0.256455E-02  0.405688E-03  0.640407E-08
  0.857525E+03  0.289194E-02  0.562049E-03  0.351600E-13  0.351200E-13  0.000000E+00  0.251225E-02  0.251225E-02  0.251225E-02 -0.114699E-07  0.254184E-02  0.395272E-03  0.633832E-08
  0.861483E+03  0.286670E-02  0.552333E-03  0.345057E-13  0.344671E-13  0.000000E+00  0.248954E-02  0.248954E-02  0.248954E-02 -0.113662E-07  0.251933E-02  0.385072E-03  0.627303E-08
  0.865460E+03  0.284169E-02  0.542748E-03  0.338638E-13  0.338265E-13  0.000000E+00  0.246705E-02  0.246705E-02  0.246705E-02 -0.112635E-07  0.249703E-02  0.375084E-03  0.620820E-08
  0.869454E+03  0.281694E-02  0.533301E-03  0.332343E-13  0.331984E-13  0.000000E+00  0.244479E-02  0.244479E-02  0.244479E-02 -0.111619E-07  0.247497E-02  0.365310E-03  0.614388E-08
  0.873468E+03  0.279236E-02  0.523971E-03  0.326160E-13  0.325814E-13  0.000000E+00  0.242269E-02  0.242269E-02  0.242269E-02 -0.110610E-07  0.245305E-02  0.355735E-03  0.607988E-08
  0.877499E+03  0.276799E-02  0.514770E-03  0.320093E-13  0.319758E-13  0.000000E+00  0.240080E-02  0.240080E-02  0.240080E-02 -0.109610E-07  0.243134E-02  0.346366E-03  0.601631E-08
  0.881550E+03  0.274380E-02  0.505686E-03  0.314134E-13  0.313812E-13  0.000000E+00  0.237907E-02  0.237907E-02  0.237907E-02 -0.108618E-07  0.240977E-02  0.337194E-03  0.595309E-08
  0.885619E+03  0.271984E-02  0.496732E-03  0.308290E-13  0.307978E-13  0.000000E+00  0.235755E-02  0.235755E-02  0.235755E-02 -0.107636E-07  0.238842E-02  0.328225E-03  0.589033E-08
  0.889706E+03  0.269609E-02  0.487902E-03  0.302554E-13  0.302254E-13  0.000000E+00  0.233624E-02  0.233624E-02  0.233624E-02 -0.106662E-07  0.236726E-02  0.319454E-03  0.582800E-08
  0.893813E+03  0.267256E-02  0.479197E-03  0.296927E-13  0.296638E-13  0.000000E+00  0.231512E-02  0.231512E-02  0.231512E-02 -0.105698E-07  0.234629E-02  0.310880E-03  0.576612E-08
  0.897939E+03  0.264923E-02  0.470614E-03  0.291405E-13  0.291126E-13  0.000000E+00  0.229420E-02  0.229420E-02  0.229420E-02 -0.104743E-07  0.232551E-02  0.302500E-03  0.570465E-08
  0.902084E+03  0.262613E-02  0.462155E-03  0.285989E-13  0.285720E-13  0.000000E+00  0.227348E-02  0.227348E-02  0.227348E-02 -0.103797E-07  0.230494E-02  0.294327E-03  0.564362E-08
  0.906247E+03  0.260313E-02  0.453799E-03  0.280663E-13  0.280403E-13  0.000000E+00  0.225287E-02  0.225287E-02  0.225287E-02 -0.102856E-07  0.228445E-02  0.286319E-03  0.558284E-08
  0.910430E+03  0.258041E-02  0.445574E-03  0.275444E-13  0.275194E-13  0.000000E+00  0.223251E-02  0.223251E-02  0.223251E-02 -0.101926E-07  0.226421E-02  0.278507E-03  0.552262E-08
  0.914633E+03  0.255793E-02  0.437477E-03  0.270329E-13  0.270088E-13  0.000000E+00  0.221237E-02  0.221237E-02  0.221237E-02 -0.101007E-07  0.224420E-02  0.270885E-03  0.546295E-08
  0.918855E+03  0.253552E-02  0.429473E-03  0.265296E-13  0.265063E-13  0.000000E+00  0.219231E-02  0.219231E-02  0.219231E-02 -0.100091E-07  0.222424E-02  0.263432E-03  0.540339E-08
  0.923096E+03  0.251337E-02  0.421598E-03  0.260364E-13  0.260140E-13  0.000000E+00  0.217249E-02  0.217249E-02  0.217249E-02 -0.991860E-08  0.220453E-02  0.256167E-03  0.534442E-08
  0.927357E+03  0.249120E-02  0.413797E-03  0.255500E-13  0.255284E-13  0.000000E+00  0.215266E-02  0.215266E-02  0.215266E-02 -0.982799E-08  0.218478E-02  0.249057E-03  0.528535E-08
  0.931637E+03  0.246944E-02  0.406151E-03  0.250751E-13  0.250544E-13  0.000000E+00  0.213320E-02  0.213320E-02  0.213320E-02 -0.973914E-08  0.216541E-02  0.242148E-03  0.522721E-08
  0.935937E+03  0.244787E-02  0.398618E-03  0.246092E-13  0.245892E-13  0.000000E+00  0.211392E-02  0.211392E-02  0.211392E-02 -0.965111E-08  0.214622E-02  0.235413E-03  0.516948E-08
  0.940257E+03  0.242649E-02  0.391196E-03  0.241519E-13  0.241327E-13  0.000000E+00  0.209481E-02  0.209481E-02  0.209481E-02 -0.956387E-08  0.212719E-02  0.228850E-03  0.511217E-08
  0.944597E+03  0.240529E-02  0.383885E-03  0.237033E-13  0.236847E-13  0.000000E+00  0.207587E-02  0.207587E-02  0.207587E-02 -0.947742E-08  0.210833E-02  0.222456E-03  0.505526E-08
  0.948957E+03  0.238428E-02  0.376685E-03  0.232630E-13  0.232452E-13  0.000000E+00  0.205712E-02  0.205712E-02  0.205712E-02 -0.939179E-08  0.208965E-02  0.216231E-03  0.499879E-08
  0.953338E+03  0.236346E-02  0.369594E-03  0.228310E-13  0.228138E-13  0.000000E+00  0.203853E-02  0.203853E-02  0.203853E-02 -0.930692E-08  0.207112E-02  0.210171E-03  0.494271E-08
  0.957738E+03  0.234281E-02  0.362609E-03  0.224071E-13  0.223905E-13  0.000000E+00  0.202011E-02  0.202011E-02  0.202011E-02 -0.922281E-08  0.205276E-02  0.204274E-03  0.488704E-08
  0.962159E+03  0.232233E-02  0.355730E-03  0.219910E-13  0.219750E-13  0.000000E+00  0.200184E-02  0.200184E-02  0.200184E-02 -0.913942E-08  0.203454E-02  0.198537E-03  0.483176E-08
  0.966600E+03  0.230204E-02  0.348958E-03  0.215828E-13  0.215674E-13  0.000000E+00  0.198376E-02  0.198376E-02  0.198376E-02 -0.905684E-08  0.201650E-02  0.192960E-03  0.477691E-08
  0.971062E+03  0.228194E-02  0.342294E-03  0.211823E-13  0.211675E-13  0.000000E+00  0.196585E-02  0.196585E-02  0.196585E-02 -0.897507E-08  0.199863E-02  0.187541E-03  0.472249E-08
  0.975544E+03  0.226199E-02  0.335731E-03  0.207893E-13  0.207750E-13  0.000000E+00  0.194809E-02  0.194809E-02  0.194809E-02 -0.889398E-08  0.198091E-02  0.182275E-03  0.466846E-08
  0.980047E+03  0.224223E-02  0.329272E-03  0.204036E-13  0.203899E-13  0.000000E+00  0.193049E-02  0.193049E-02  0.193049E-02 -0.881366E-08  0.196335E-02  0.177162E-03  0.461484E-08
  0.984570E+03  0.222268E-02  0.322922E-03  0.200256E-13  0.200124E-13  0.000000E+00  0.191309E-02  0.191309E-02  0.191309E-02 -0.873422E-08  0.194597E-02  0.172203E-03  0.456172E-08
  0.989115E+03  0.220325E-02  0.316664E-03  0.196542E-13  0.196414E-13  0.000000E+00  0.189581E-02  0.189581E-02  0.189581E-02 -0.865531E-08  0.192871E-02  0.167387E-03  0.450889E-08
  0.993680E+03  0.218400E-02  0.310508E-03  0.192898E-13  0.192775E-13  0.000000E+00  0.187869E-02  0.187869E-02  0.187869E-02 -0.857714E-08  0.191160E-02  0.162717E-03  0.445648E-08
  0.998267E+03  0.216491E-02  0.304450E-03  0.189322E-13  0.189204E-13  0.000000E+00  0.186172E-02  0.186172E-02  0.186172E-02 -0.849968E-08  0.189465E-02  0.158190E-03  0.440448E-08
  0.100287E+04  0.214599E-02  0.298492E-03  0.185813E-13  0.185699E-13  0.000000E+00  0.184491E-02  0.184491E-02  0.184491E-02 -0.842294E-08  0.187784E-02  0.153806E-03  0.435288E-08
  0.100750E+04  0.212723E-02  0.292630E-03  0.182370E-13  0.182261E-13  0.000000E+00  0.182825E-02  0.182825E-02  0.182825E-02 -0.834688E-08  0.186118E-02  0.149560E-03  0.430169E-08
  0.101215E+04  0.210873E-02  0.286879E-03  0.179001E-13  0.178895E-13  0.000000E+00  0.181184E-02  0.181184E-02  0.181184E-02 -0.827195E-08  0.184477E-02  0.145458E-03  0.425111E-08
  0.101683E+04  0.209030E-02  0.281209E-03  0.175686E-13  0.175584E-13  0.000000E+00  0.179548E-02  0.179548E-02  0.179548E-02 -0.819728E-08  0.182840E-02  0.141484E-03  0.420072E-08
  0.102152E+04  0.207204E-02  0.275636E-03  0.172435E-13  0.172337E-13  0.000000E+00  0.177930E-02  0.177930E-02  0.177930E-02 -0.812338E-08  0.181220E-02  0.137643E-03  0.415079E-08
  0.102623E+04  0.205394E-02  0.270155E-03  0.169244E-13  0.169149E-13  0.000000E+00  0.176325E-02  0.176325E-02  0.176325E-02 -0.805011E-08  0.179613E-02  0.133932E-03  0.410122E-08
  0.103097E+04  0.203596E-02  0.264763E-03  0.166110E-13  0.166019E-13  0.000000E+00  0.174732E-02  0.174732E-02  0.174732E-02 -0.797740E-08  0.178018E-02  0.130348E-03  0.405200E-08
  0.103573E+04  0.201816E-02  0.259465E-03  0.163037E-13  0.162949E-13  0.000000E+00  0.173155E-02  0.173155E-02  0.173155E-02 -0.790541E-08  0.176438E-02  0.126890E-03  0.400322E-08
  0.104051E+04  0.200051E-02  0.254258E-03  0.160021E-13  0.159936E-13  0.000000E+00  0.171593E-02  0.171593E-02  0.171593E-02 -0.783409E-08  0.174872E-02  0.123556E-03  0.395484E-08
  0.104531E+04  0.198301E-02  0.249140E-03  0.157061E-13  0.156979E-13  0.000000E+00  0.170045E-02  0.170045E-02  0.170045E-02 -0.776340E-08  0.173320E-02  0.120343E-03  0.390685E-08
  0.105014E+04  0.196568E-02  0.244113E-03  0.154159E-13  0.154080E-13  0.000000E+00  0.168513E-02  0.168513E-02  0.168513E-02 -0.769343E-08  0.171783E-02  0.117250E-03  0.385930E-08
  0.105499E+04  0.194849E-02  0.239173E-03  0.151310E-13  0.151234E-13  0.000000E+00  0.166993E-02  0.166993E-02  0.166993E-02 -0.762406E-08  0.170259E-02  0.114274E-03  0.381213E-08
  0.105986E+04  0.193147E-02  0.234322E-03  0.148517E-13  0.148443E-13  0.000000E+00  0.165490E-02  0.165490E-02  0.165490E-02 -0.755541E-08  0.168750E-02  0.111414E-03  0.376540E-08
  0.106475E+04  0.191446E-02  0.229541E-03  0.145765E-13  0.145693E-13  0.000000E+00  0.163988E-02  0.163988E-02  0.163988E-02 -0.748685E-08  0.167243E-02  0.108659E-03  0.371880E-08
  0.106966E+04  0.189777E-02  0.224866E-03  0.143077E-13  0.143008E-13  0.000000E+00  0.162515E-02  0.162515E-02  0.162515E-02 -0.741958E-08  0.165763E-02  0.106024E-03  0.367293E-08
  0.107460E+04  0.188116E-02  0.220267E-03  0.140436E-13  0.140369E-13  0.000000E+00  0.161050E-02  0.161050E-02  0.161050E-02 -0.735270E-08  0.164292E-02  0.103493E-03  0.362735E-08
  0.107956E+04  0.186471E-02  0.215753E-03  0.137845E-13  0.137780E-13  0.000000E+00  0.159599E-02  0.159599E-02  0.159599E-02 -0.728645E-08  0.162834E-02  0.101069E-03  0.358217E-08
  0.108454E+04  0.184840E-02  0.211321E-03  0.135302E-13  0.135240E-13  0.000000E+00  0.158162E-02  0.158162E-02  0.158162E-02 -0.722082E-08  0.161389E-02  0.987488E-04  0.353740E-08
  0.108955E+04  0.183224E-02  0.206972E-03  0.132808E-13  0.132748E-13  0.000000E+00  0.156738E-02  0.156738E-02  0.156738E-02 -0.715583E-08  0.159958E-02  0.965306E-04  0.349304E-08
  0.109458E+04  0.181621E-02  0.202703E-03  0.130360E-13  0.130302E-13  0.000000E+00  0.155327E-02  0.155327E-02  0.155327E-02 -0.709140E-08  0.158539E-02  0.944113E-04  0.344906E-08
  0.109963E+04  0.180035E-02  0.198516E-03  0.127960E-13  0.127904E-13  0.000000E+00  0.153931E-02  0.153931E-02  0.153931E-02 -0.702768E-08  0.157134E-02  0.923905E-04  0.340553E-08
  0.110471E+04  0.178463E-02  0.194409E-03  0.125606E-13  0.125551E-13  0.000000E+00  0.152548E-02  0.152548E-02  0.152548E-02 -0.696456E-08  0.155743E-02  0.904650E-04  0.336241E-08
  0.110981E+04  0.176901E-02  0.190375E-03  0.123293E-13  0.123239E-13  0.000000E+00  0.151175E-02  0.151175E-02  0.151175E-02 -0.690186E-08  0.154361E-02  0.886300E-04  0.331960E-08
  0.111493E+04  0.175352E-02  0.186417E-03  0.121022E-13  0.120970E-13  0.000000E+00  0.149814E-02  0.149814E-02  0.149814E-02 -0.683972E-08  0.152990E-02  0.868854E-04  0.327718E-08
  0.112007E+04  0.173810E-02  0.182528E-03  0.118790E-13  0.118740E-13  0.000000E+00  0.148460E-02  0.148460E-02  0.148460E-02 -0.677789E-08  0.151625E-02  0.852257E-04  0.323503E-08
  0.112524E+04  0.172289E-02  0.178722E-03  0.116605E-13  0.116556E-13  0.000000E+00  0.147124E-02  0.147124E-02  0.147124E-02 -0.671689E-08  0.150279E-02  0.836558E-04  0.319341E-08
  0.113044E+04  0.170769E-02  0.174978E-03  0.114453E-13  0.114405E-13  0.000000E+00  0.145792E-02  0.145792E-02  0.145792E-02 -0.665602E-08  0.148935E-02  0.821644E-04  0.315197E-08
  0.113566E+04  0.169276E-02  0.171322E-03  0.112350E-13  0.112304E-13  0.000000E+00  0.144483E-02  0.144483E-02  0.144483E-02 -0.659625E-08  0.147615E-02  0.807631E-04  0.311118E-08
  0.114090E+04  0.167796E-02  0.167738E-03  0.110287E-13  0.110241E-13  0.000000E+00  0.143185E-02  0.143185E-02  0.143185E-02 -0.653699E-08  0.146305E-02  0.794393E-04  0.307076E-08
  0.114616E+04  0.166326E-02  0.164223E-03  0.108261E-13  0.108216E-13  0.000000E+00  0.141897E-02  0.141897E-02  0.141897E-02 -0.647822E-08  0.145007E-02  0.781922E-04  0.303071E-08
  0.115145E+04  0.164871E-02  0.160780E-03  0.106273E-13  0.106230E-13  0.000000E+00  0.140623E-02  0.140623E-02  0.140623E-02 -0.642003E-08  0.143720E-02  0.770208E-04  0.299107E-08
  0.115677E+04  0.163427E-02  0.157406E-03  0.104323E-13  0.104281E-13  0.000000E+00  0.139360E-02  0.139360E-02  0.139360E-02 -0.636237E-08  0.142445E-02  0.759221E-04  0.295182E-08
  0.116211E+04  0.161997E-02  0.154102E-03  0.102410E-13  0.102368E-13  0.000000E+00  0.138109E-02  0.138109E-02  0.138109E-02 -0.630524E-08  0.141181E-02  0.748948E-04  0.291296E-08
  0.116747E+04  0.160578E-02  0.150864E-03  0.100531E-13  0.100491E-13  0.000000E+00  0.136868E-02  0.136868E-02  0.136868E-02 -0.624860E-08  0.139927E-02  0.739359E-04  0.287447E-08
  0.117286E+04  0.159172E-02  0.147694E-03  0.986890E-14  0.986495E-14  0.000000E+00  0.135640E-02  0.135640E-02  0.135640E-02 -0.619253E-08  0.138686E-02  0.730443E-04  0.283639E-08
  0.117828E+04  0.157775E-02  0.144587E-03  0.968785E-14  0.968398E-14  0.000000E+00  0.134420E-02  0.134420E-02  0.134420E-02 -0.613681E-08  0.137452E-02  0.722152E-04  0.279862E-08
  0.118371E+04  0.156394E-02  0.141548E-03  0.951045E-14  0.950666E-14  0.000000E+00  0.133214E-02  0.133214E-02  0.133214E-02 -0.608176E-08  0.136233E-02  0.714505E-04  0.276131E-08
  0.118918E+04  0.155025E-02  0.138574E-03  0.933639E-14  0.933267E-14  0.000000E+00  0.132020E-02  0.132020E-02  0.132020E-02 -0.602723E-08  0.135024E-02  0.707462E-04  0.272440E-08
  0.119467E+04  0.153676E-02  0.135671E-03  0.916612E-14  0.916247E-14  0.000000E+00  0.130844E-02  0.130844E-02  0.130844E-02 -0.597356E-08  0.133835E-02  0.701043E-04  0.268802E-08
  0.120018E+04  0.152328E-02  0.132820E-03  0.899834E-14  0.899475E-14  0.000000E+00  0.129669E-02  0.129669E-02  0.129669E-02 -0.591992E-08  0.132645E-02  0.695131E-04  0.265183E-08
  0.120572E+04  0.150995E-02  0.130034E-03  0.883390E-14  0.883037E-14  0.000000E+00  0.128508E-02  0.128508E-02  0.128508E-02 -0.586691E-08  0.131469E-02  0.689772E-04  0.261607E-08
  0.121129E+04  0.149675E-02  0.127309E-03  0.867258E-14  0.866911E-14  0.000000E+00  0.127358E-02  0.127358E-02  0.127358E-02 -0.581442E-08  0.130305E-02  0.684940E-04  0.258072E-08
  0.121688E+04  0.148365E-02  0.124642E-03  0.851421E-14  0.851079E-14  0.000000E+00  0.126218E-02  0.126218E-02  0.126218E-02 -0.576236E-08  0.129149E-02  0.680602E-04  0.254572E-08
  0.122249E+04  0.147065E-02  0.122035E-03  0.835876E-14  0.835540E-14  0.000000E+00  0.125088E-02  0.125088E-02  0.125088E-02 -0.571076E-08  0.128004E-02  0.676740E-04  0.251110E-08
  0.122814E+04  0.145779E-02  0.119486E-03  0.820635E-14  0.820303E-14  0.000000E+00  0.123970E-02  0.123970E-02  0.123970E-02 -0.565973E-08  0.126870E-02  0.673346E-04  0.247689E-08
  0.123381E+04  0.144503E-02  0.116994E-03  0.805668E-14  0.805341E-14  0.000000E+00  0.122861E-02  0.122861E-02  0.122861E-02 -0.560910E-08  0.125745E-02  0.670384E-04  0.244303E-08
  0.123950E+04  0.143238E-02  0.114558E-03  0.790982E-14  0.790658E-14  0.000000E+00  0.121762E-02  0.121762E-02  0.121762E-02 -0.555893E-08  0.124631E-02  0.667840E-04  0.240955E-08
  0.124522E+04  0.141984E-02  0.112177E-03  0.776570E-14  0.776250E-14  0.000000E+00  0.120674E-02  0.120674E-02  0.120674E-02 -0.550923E-08  0.123526E-02  0.665696E-04  0.237645E-08
  0.125097E+04  0.140740E-02  0.109851E-03  0.762426E-14  0.762111E-14  0.000000E+00  0.119595E-02  0.119595E-02  0.119595E-02 -0.545999E-08  0.122431E-02  0.663930E-04  0.234373E-08
  0.125674E+04  0.139513E-02  0.107582E-03  0.748572E-14  0.748260E-14  0.000000E+00  0.118530E-02  0.118530E-02  0.118530E-02 -0.541139E-08  0.121350E-02  0.662546E-04  0.231145E-08
  0.126254E+04  0.138291E-02  0.105363E-03  0.734953E-14  0.734644E-14  0.000000E+00  0.117472E-02  0.117472E-02  0.117472E-02 -0.536306E-08  0.120274E-02  0.661481E-04  0.227948E-08
  0.126837E+04  0.137080E-02  0.103194E-03  0.721585E-14  0.721279E-14  0.000000E+00  0.116423E-02  0.116423E-02  0.116423E-02 -0.531516E-08  0.119208E-02  0.660736E-04  0.224787E-08
  0.127423E+04  0.135880E-02  0.101078E-03  0.708468E-14  0.708165E-14  0.000000E+00  0.115384E-02  0.115384E-02  0.115384E-02 -0.526772E-08  0.118152E-02  0.660294E-04  0.221664E-08
  0.128011E+04  0.134688E-02  0.990095E-04  0.695586E-14  0.695286E-14  0.000000E+00  0.114353E-02  0.114353E-02  0.114353E-02 -0.522064E-08  0.117103E-02  0.660126E-04  0.218575E-08
  0.128602E+04  0.133494E-02  0.969808E-04  0.682873E-14  0.682576E-14  0.000000E+00  0.113320E-02  0.113320E-02  0.113320E-02 -0.517346E-08  0.116052E-02  0.660155E-04  0.215500E-08
  0.129195E+04  0.132322E-02  0.950098E-04  0.670461E-14  0.670167E-14  0.000000E+00  0.112307E-02  0.112307E-02  0.112307E-02 -0.512721E-08  0.115021E-02  0.660492E-04  0.212483E-08
  0.129792E+04  0.131167E-02  0.930914E-04  0.658315E-14  0.658023E-14  0.000000E+00  0.111309E-02  0.111309E-02  0.111309E-02 -0.508164E-08  0.114006E-02  0.661091E-04  0.209514E-08
  0.130391E+04  0.130017E-02  0.912155E-04  0.646366E-14  0.646076E-14  0.000000E+00  0.110315E-02  0.110315E-02  0.110315E-02 -0.503628E-08  0.112994E-02  0.661872E-04  0.206572E-08
  0.130993E+04  0.128875E-02  0.893847E-04  0.634633E-14  0.634345E-14  0.000000E+00  0.109330E-02  0.109330E-02  0.109330E-02 -0.499128E-08  0.111990E-02  0.662838E-04  0.203664E-08
  0.131597E+04  0.127747E-02  0.876013E-04  0.623135E-14  0.622849E-14  0.000000E+00  0.108356E-02  0.108356E-02  0.108356E-02 -0.494684E-08  0.110999E-02  0.663998E-04  0.200798E-08
  0.132205E+04  0.126628E-02  0.858617E-04  0.611848E-14  0.611564E-14  0.000000E+00  0.107391E-02  0.107391E-02  0.107391E-02 -0.490278E-08  0.110016E-02  0.665312E-04  0.197967E-08
  0.132815E+04  0.125519E-02  0.841654E-04  0.600769E-14  0.600488E-14  0.000000E+00  0.106435E-02  0.106435E-02  0.106435E-02 -0.485913E-08  0.109041E-02  0.666767E-04  0.195172E-08
  0.133428E+04  0.124417E-02  0.825104E-04  0.589889E-14  0.589609E-14  0.000000E+00  0.105487E-02  0.105487E-02  0.105487E-02 -0.481581E-08  0.108074E-02  0.668335E-04  0.192410E-08
  0.134044E+04  0.123328E-02  0.808984E-04  0.579218E-14  0.578941E-14  0.000000E+00  0.104548E-02  0.104548E-02  0.104548E-02 -0.477296E-08  0.107117E-02  0.670022E-04  0.189686E-08
  0.134663E+04  0.122248E-02  0.793273E-04  0.568747E-14  0.568471E-14  0.000000E+00  0.103618E-02  0.103618E-02  0.103618E-02 -0.473052E-08  0.106169E-02  0.671800E-04  0.186998E-08
  0.135284E+04  0.121182E-02  0.777998E-04  0.558494E-14  0.558220E-14  0.000000E+00  0.102702E-02  0.102702E-02  0.102702E-02 -0.468867E-08  0.105233E-02  0.673685E-04  0.184354E-08
  0.135909E+04  0.120121E-02  0.763077E-04  0.548405E-14  0.548133E-14  0.000000E+00  0.101789E-02  0.101789E-02  0.101789E-02 -0.464700E-08  0.104302E-02  0.675598E-04  0.181735E-08
  0.136536E+04  0.119068E-02  0.748537E-04  0.538501E-14  0.538230E-14  0.000000E+00  0.100884E-02  0.100884E-02  0.100884E-02 -0.460568E-08  0.103378E-02  0.677552E-04  0.179151E-08
  0.137166E+04  0.118025E-02  0.734375E-04  0.528782E-14  0.528513E-14  0.000000E+00  0.999879E-03  0.999879E-03  0.999879E-03 -0.456477E-08  0.102463E-02  0.679538E-04  0.176602E-08
  0.137799E+04  0.116996E-02  0.720611E-04  0.519264E-14  0.518997E-14  0.000000E+00  0.991039E-03  0.991039E-03  0.991039E-03 -0.452442E-08  0.101561E-02  0.681567E-04  0.174095E-08
  0.138435E+04  0.115973E-02  0.707191E-04  0.509911E-14  0.509646E-14  0.000000E+00  0.982262E-03  0.982262E-03  0.982262E-03 -0.448436E-08  0.100664E-02  0.683584E-04  0.171619E-08
  0.139074E+04  0.114957E-02  0.694106E-04  0.500719E-14  0.500455E-14  0.000000E+00  0.973544E-03  0.973544E-03  0.973544E-03 -0.444455E-08  0.997734E-03  0.685569E-04  0.169172E-08
  0.139716E+04  0.113950E-02  0.681369E-04  0.491698E-14  0.491436E-14  0.000000E+00  0.964910E-03  0.964910E-03  0.964910E-03 -0.440513E-08  0.988910E-03  0.687531E-04  0.166760E-08
  0.140361E+04  0.112952E-02  0.668961E-04  0.482841E-14  0.482581E-14  0.000000E+00  0.956350E-03  0.956350E-03  0.956350E-03 -0.436605E-08  0.980159E-03  0.689445E-04  0.164381E-08
  0.141009E+04  0.111962E-02  0.656883E-04  0.474146E-14  0.473887E-14  0.000000E+00  0.947867E-03  0.947867E-03  0.947867E-03 -0.432732E-08  0.971486E-03  0.691306E-04  0.162035E-08
  0.141660E+04  0.110977E-02  0.645100E-04  0.465596E-14  0.465339E-14  0.000000E+00  0.939434E-03  0.939434E-03  0.939434E-03 -0.428881E-08  0.962859E-03  0.693076E-04  0.159717E-08
  0.142314E+04  0.110006E-02  0.633661E-04  0.457224E-14  0.456968E-14  0.000000E+00  0.931116E-03  0.931116E-03  0.931116E-03 -0.425083E-08  0.954350E-03  0.694797E-04  0.157438E-08
  0.142971E+04  0.109042E-02  0.622520E-04  0.449002E-14  0.448748E-14  0.000000E+00  0.922868E-03  0.922868E-03  0.922868E-03 -0.421317E-08  0.945912E-03  0.696422E-04  0.155192E-08
  0.143631E+04  0.108087E-02  0.611680E-04  0.440930E-14  0.440679E-14  0.000000E+00  0.914695E-03  0.914695E-03  0.914695E-03 -0.417586E-08  0.937548E-03  0.697943E-04  0.152977E-08
  0.144293E+04  0.107141E-02  0.601131E-04  0.433010E-14  0.432761E-14  0.000000E+00  0.906603E-03  0.906603E-03  0.906603E-03 -0.413892E-08  0.929267E-03  0.699351E-04  0.150797E-08
  0.144960E+04  0.106202E-02  0.590856E-04  0.425232E-14  0.424984E-14  0.000000E+00  0.898578E-03  0.898578E-03  0.898578E-03 -0.410228E-08  0.921052E-03  0.700633E-04  0.148646E-08
  0.145629E+04  0.105271E-02  0.580859E-04  0.417596E-14  0.417350E-14  0.000000E+00  0.890627E-03  0.890627E-03  0.890627E-03 -0.406598E-08  0.912910E-03  0.701777E-04  0.146528E-08
  0.146301E+04  0.104349E-02  0.571131E-04  0.410101E-14  0.409857E-14  0.000000E+00  0.882750E-03  0.882750E-03  0.882750E-03 -0.403002E-08  0.904844E-03  0.702775E-04  0.144441E-08
  0.146976E+04  0.103433E-02  0.561647E-04  0.402731E-14  0.402489E-14  0.000000E+00  0.874922E-03  0.874922E-03  0.874922E-03 -0.399427E-08  0.896824E-03  0.703598E-04  0.142382E-08
  0.147655E+04  0.102521E-02  0.552402E-04  0.395487E-14  0.395246E-14  0.000000E+00  0.867145E-03  0.867145E-03  0.867145E-03 -0.395875E-08  0.888855E-03  0.704237E-04  0.140350E-08
  0.148336E+04  0.101622E-02  0.543429E-04  0.388391E-14  0.388152E-14  0.000000E+00  0.859472E-03  0.859472E-03  0.859472E-03 -0.392372E-08  0.880993E-03  0.704726E-04  0.138355E-08
  0.149021E+04  0.100732E-02  0.534696E-04  0.381428E-14  0.381192E-14  0.000000E+00  0.851878E-03  0.851878E-03  0.851878E-03 -0.388904E-08  0.873211E-03  0.705048E-04  0.136391E-08
  0.149709E+04  0.998495E-03  0.526196E-04  0.374592E-14  0.374358E-14  0.000000E+00  0.844352E-03  0.844352E-03  0.844352E-03 -0.385469E-08  0.865498E-03  0.705173E-04  0.134458E-08
  0.150400E+04  0.989770E-03  0.517934E-04  0.367890E-14  0.367658E-14  0.000000E+00  0.836914E-03  0.836914E-03  0.836914E-03 -0.382073E-08  0.857875E-03  0.705119E-04  0.132558E-08
  0.151094E+04  0.981099E-03  0.509878E-04  0.361301E-14  0.361071E-14  0.000000E+00  0.829525E-03  0.829525E-03  0.829525E-03 -0.378700E-08  0.850300E-03  0.704841E-04  0.130684E-08
  0.151791E+04  0.972403E-03  0.501978E-04  0.354793E-14  0.354565E-14  0.000000E+00  0.822118E-03  0.822118E-03  0.822118E-03 -0.375316E-08  0.842700E-03  0.704272E-04  0.128825E-08
  0.152492E+04  0.963883E-03  0.494338E-04  0.348441E-14  0.348216E-14  0.000000E+00  0.814862E-03  0.814862E-03  0.814862E-03 -0.372003E-08  0.835260E-03  0.703559E-04  0.127010E-08
  0.153196E+04  0.955442E-03  0.486898E-04  0.342206E-14  0.341984E-14  0.000000E+00  0.807675E-03  0.807675E-03  0.807675E-03 -0.368722E-08  0.827890E-03  0.702647E-04  0.125223E-08
  0.153903E+04  0.947094E-03  0.479661E-04  0.336092E-14  0.335872E-14  0.000000E+00  0.800569E-03  0.800569E-03  0.800569E-03 -0.365478E-08  0.820603E-03  0.701498E-04  0.123468E-08
  0.154613E+04  0.938799E-03  0.472597E-04  0.330081E-14  0.329863E-14  0.000000E+00  0.793511E-03  0.793511E-03  0.793511E-03 -0.362256E-08  0.813363E-03  0.700094E-04  0.121738E-08
  0.155327E+04  0.930576E-03  0.465713E-04  0.324178E-14  0.323963E-14  0.000000E+00  0.786516E-03  0.786516E-03  0.786516E-03 -0.359062E-08  0.806188E-03  0.698450E-04  0.120036E-08
  0.156044E+04  0.922423E-03  0.459001E-04  0.318382E-14  0.318169E-14  0.000000E+00  0.779583E-03  0.779583E-03  0.779583E-03 -0.355897E-08  0.799075E-03  0.696558E-04  0.118361E-08
  0.156764E+04  0.914348E-03  0.452458E-04  0.312692E-14  0.312482E-14  0.000000E+00  0.772717E-03  0.772717E-03  0.772717E-03 -0.352762E-08  0.792031E-03  0.694423E-04  0.116714E-08
  0.157488E+04  0.906337E-03  0.446073E-04  0.307103E-14  0.306895E-14  0.000000E+00  0.765907E-03  0.765907E-03  0.765907E-03 -0.349653E-08  0.785043E-03  0.692030E-04  0.115092E-08
  0.158215E+04  0.898393E-03  0.439841E-04  0.301614E-14  0.301409E-14  0.000000E+00  0.759156E-03  0.759156E-03  0.759156E-03 -0.346571E-08  0.778116E-03  0.689379E-04  0.113497E-08
  0.158945E+04  0.890494E-03  0.433746E-04  0.296214E-14  0.296012E-14  0.000000E+00  0.752445E-03  0.752445E-03  0.752445E-03 -0.343506E-08  0.771227E-03  0.686450E-04  0.111925E-08
  0.159679E+04  0.882695E-03  0.427810E-04  0.290924E-14  0.290724E-14  0.000000E+00  0.745820E-03  0.745820E-03  0.745820E-03 -0.340482E-08  0.764429E-03  0.683288E-04  0.110383E-08
  0.160416E+04  0.874962E-03  0.422010E-04  0.285727E-14  0.285530E-14  0.000000E+00  0.739253E-03  0.739253E-03  0.739253E-03 -0.337483E-08  0.757689E-03  0.679864E-04  0.108866E-08
  0.161156E+04  0.867301E-03  0.416345E-04  0.280625E-14  0.280432E-14  0.000000E+00  0.732748E-03  0.732748E-03  0.732748E-03 -0.334514E-08  0.751013E-03  0.676180E-04  0.107375E-08
  0.161900E+04  0.859702E-03  0.410805E-04  0.275614E-14  0.275423E-14  0.000000E+00  0.726297E-03  0.726297E-03  0.726297E-03 -0.331569E-08  0.744392E-03  0.672229E-04  0.105908E-08
  0.162647E+04  0.852171E-03  0.405388E-04  0.270692E-14  0.270504E-14  0.000000E+00  0.719905E-03  0.719905E-03  0.719905E-03 -0.328650E-08  0.737831E-03  0.668016E-04  0.104465E-08
  0.163398E+04  0.844708E-03  0.400088E-04  0.265860E-14  0.265675E-14  0.000000E+00  0.713572E-03  0.713572E-03  0.713572E-03 -0.325759E-08  0.731331E-03  0.663542E-04  0.103047E-08
  0.164152E+04  0.837307E-03  0.394898E-04  0.261113E-14  0.260932E-14  0.000000E+00  0.707293E-03  0.707293E-03  0.707293E-03 -0.322892E-08  0.724886E-03  0.658802E-04  0.101653E-08
  0.164910E+04  0.829990E-03  0.389824E-04  0.256458E-14  0.256279E-14  0.000000E+00  0.701085E-03  0.701085E-03  0.701085E-03 -0.320058E-08  0.718516E-03  0.653819E-04  0.100284E-08
  0.165671E+04  0.822714E-03  0.384840E-04  0.251878E-14  0.251703E-14  0.000000E+00  0.694914E-03  0.694914E-03  0.694914E-03 -0.317241E-08  0.712180E-03  0.648556E-04  0.989357E-09
  0.166436E+04  0.815492E-03  0.379949E-04  0.247378E-14  0.247205E-14  0.000000E+00  0.688789E-03  0.688789E-03  0.688789E-03 -0.314444E-08  0.705893E-03  0.643028E-04  0.976087E-09
  0.167204E+04  0.808348E-03  0.375157E-04  0.242962E-14  0.242792E-14  0.000000E+00  0.682731E-03  0.682731E-03  0.682731E-03 -0.311678E-08  0.699675E-03  0.637258E-04  0.963059E-09
  0.167976E+04  0.801266E-03  0.370454E-04  0.238625E-14  0.238459E-14  0.000000E+00  0.676726E-03  0.676726E-03  0.676726E-03 -0.308937E-08  0.693512E-03  0.631235E-04  0.950252E-09
  0.168751E+04  0.794246E-03  0.365834E-04  0.234365E-14  0.234202E-14  0.000000E+00  0.670775E-03  0.670775E-03  0.670775E-03 -0.306220E-08  0.687404E-03  0.624964E-04  0.937662E-09
  0.169530E+04  0.787289E-03  0.361297E-04  0.230182E-14  0.230022E-14  0.000000E+00  0.664878E-03  0.664878E-03  0.664878E-03 -0.303527E-08  0.681351E-03  0.618422E-04  0.925291E-09
  0.170313E+04  0.780385E-03  0.356829E-04  0.226071E-14  0.225915E-14  0.000000E+00  0.659026E-03  0.659026E-03  0.659026E-03 -0.300856E-08  0.675346E-03  0.611670E-04  0.913115E-09
  0.171099E+04  0.773548E-03  0.352433E-04  0.222036E-14  0.221882E-14  0.000000E+00  0.653232E-03  0.653232E-03  0.653232E-03 -0.298210E-08  0.669400E-03  0.604697E-04  0.901152E-09
  0.171888E+04  0.766774E-03  0.348109E-04  0.218073E-14  0.217922E-14  0.000000E+00  0.647491E-03  0.647491E-03  0.647491E-03 -0.295589E-08  0.663508E-03  0.597475E-04  0.889397E-09
  0.172682E+04  0.760057E-03  0.343847E-04  0.214180E-14  0.214033E-14  0.000000E+00  0.641800E-03  0.641800E-03  0.641800E-03 -0.292991E-08  0.657668E-03  0.590027E-04  0.877839E-09
  0.173479E+04  0.753400E-03  0.339647E-04  0.210356E-14  0.210213E-14  0.000000E+00  0.636159E-03  0.636159E-03  0.636159E-03 -0.290416E-08  0.651881E-03  0.582359E-04  0.866478E-09
  0.174280E+04  0.746802E-03  0.335504E-04  0.206601E-14  0.206460E-14  0.000000E+00  0.630569E-03  0.630569E-03  0.630569E-03 -0.287863E-08  0.646146E-03  0.574478E-04  0.855309E-09
  0.175084E+04  0.740375E-03  0.331467E-04  0.202945E-14  0.202808E-14  0.000000E+00  0.625123E-03  0.625123E-03  0.625123E-03 -0.285380E-08  0.640565E-03  0.566482E-04  0.844465E-09
  0.175892E+04  0.733890E-03  0.327426E-04  0.199321E-14  0.199187E-14  0.000000E+00  0.619629E-03  0.619629E-03  0.619629E-03 -0.282871E-08  0.634929E-03  0.558190E-04  0.833665E-09
  0.176704E+04  0.727460E-03  0.323431E-04  0.195761E-14  0.195630E-14  0.000000E+00  0.614181E-03  0.614181E-03  0.614181E-03 -0.280384E-08  0.629341E-03  0.549703E-04  0.823044E-09
  0.177520E+04  0.721090E-03  0.319481E-04  0.192265E-14  0.192137E-14  0.000000E+00  0.608785E-03  0.608785E-03  0.608785E-03 -0.277921E-08  0.623806E-03  0.541034E-04  0.812604E-09
  0.178339E+04  0.714772E-03  0.315572E-04  0.188830E-14  0.188705E-14  0.000000E+00  0.603433E-03  0.603433E-03  0.603433E-03 -0.275477E-08  0.618317E-03  0.532184E-04  0.802334E-09
  0.179162E+04  0.708510E-03  0.311701E-04  0.185456E-14  0.185335E-14  0.000000E+00  0.598129E-03  0.598129E-03  0.598129E-03 -0.273056E-08  0.612879E-03  0.523164E-04  0.792236E-09
  0.179989E+04  0.702307E-03  0.307868E-04  0.182142E-14  0.182024E-14  0.000000E+00  0.592874E-03  0.592874E-03  0.592874E-03 -0.270656E-08  0.607490E-03  0.513985E-04  0.782307E-09
  0.180820E+04  0.696180E-03  0.304078E-04  0.178894E-14  0.178779E-14  0.000000E+00  0.587684E-03  0.587684E-03  0.587684E-03 -0.268288E-08  0.602170E-03  0.504671E-04  0.772567E-09
  0.181655E+04  0.690086E-03  0.300309E-04  0.175697E-14  0.175586E-14  0.000000E+00  0.582522E-03  0.582522E-03  0.582522E-03 -0.265931E-08  0.596879E-03  0.495195E-04  0.762963E-09
  0.182493E+04  0.684043E-03  0.296568E-04  0.172556E-14  0.172448E-14  0.000000E+00  0.577402E-03  0.577402E-03  0.577402E-03 -0.263594E-08  0.591631E-03  0.485583E-04  0.753510E-09
  0.183336E+04  0.678052E-03  0.292854E-04  0.169471E-14  0.169366E-14  0.000000E+00  0.572327E-03  0.572327E-03  0.572327E-03 -0.261276E-08  0.586430E-03  0.475844E-04  0.744209E-09
  0.184182E+04  0.672114E-03  0.289164E-04  0.166440E-14  0.166338E-14  0.000000E+00  0.567297E-03  0.567297E-03  0.567297E-03 -0.258980E-08  0.581275E-03  0.465991E-04  0.735058E-09
  0.185032E+04  0.666228E-03  0.285497E-04  0.163463E-14  0.163364E-14  0.000000E+00  0.562310E-03  0.562310E-03  0.562310E-03 -0.256703E-08  0.576165E-03  0.456032E-04  0.726051E-09
  0.185886E+04  0.660391E-03  0.281850E-04  0.160538E-14  0.160442E-14  0.000000E+00  0.557365E-03  0.557365E-03  0.557365E-03 -0.254446E-08  0.571099E-03  0.445976E-04  0.717184E-09
  0.186744E+04  0.654608E-03  0.278224E-04  0.157665E-14  0.157572E-14  0.000000E+00  0.552465E-03  0.552465E-03  0.552465E-03 -0.252208E-08  0.566080E-03  0.435834E-04  0.708458E-09
  0.187606E+04  0.648877E-03  0.274617E-04  0.154843E-14  0.154753E-14  0.000000E+00  0.547609E-03  0.547609E-03  0.547609E-03 -0.249992E-08  0.561106E-03  0.425620E-04  0.699869E-09
  0.188472E+04  0.643194E-03  0.271025E-04  0.152071E-14  0.151984E-14  0.000000E+00  0.542794E-03  0.542794E-03  0.542794E-03 -0.247793E-08  0.556175E-03  0.415341E-04  0.691409E-09
  0.189342E+04  0.637561E-03  0.267448E-04  0.149348E-14  0.149263E-14  0.000000E+00  0.538021E-03  0.538021E-03  0.538021E-03 -0.245614E-08  0.551287E-03  0.405008E-04  0.683077E-09
  0.190216E+04  0.631978E-03  0.263887E-04  0.146673E-14  0.146591E-14  0.000000E+00  0.533289E-03  0.533289E-03  0.533289E-03 -0.243454E-08  0.546443E-03  0.394633E-04  0.674872E-09
  0.191094E+04  0.626445E-03  0.260338E-04  0.144045E-14  0.143967E-14  0.000000E+00  0.528600E-03  0.528600E-03  0.528600E-03 -0.241313E-08  0.541643E-03  0.384227E-04  0.666789E-09
  0.191976E+04  0.620977E-03  0.256810E-04  0.141468E-14  0.141392E-14  0.000000E+00  0.523966E-03  0.523966E-03  0.523966E-03 -0.239198E-08  0.536900E-03  0.373810E-04  0.658844E-09
  0.192862E+04  0.615537E-03  0.253285E-04  0.138932E-14  0.138859E-14  0.000000E+00  0.519355E-03  0.519355E-03  0.519355E-03 -0.237093E-08  0.532182E-03  0.363373E-04  0.650993E-09
  0.193752E+04  0.610148E-03  0.249771E-04  0.136441E-14  0.136371E-14  0.000000E+00  0.514787E-03  0.514787E-03  0.514787E-03 -0.235007E-08  0.527507E-03  0.352934E-04  0.643256E-09
  0.194647E+04  0.604802E-03  0.246266E-04  0.133993E-14  0.133926E-14  0.000000E+00  0.510255E-03  0.510255E-03  0.510255E-03 -0.232938E-08  0.522871E-03  0.342509E-04  0.635626E-09
  0.195545E+04  0.599505E-03  0.242772E-04  0.131589E-14  0.131525E-14  0.000000E+00  0.505764E-03  0.505764E-03  0.505764E-03 -0.230888E-08  0.518276E-03  0.332108E-04  0.628103E-09
  0.196448E+04  0.594255E-03  0.239287E-04  0.129228E-14  0.129166E-14  0.000000E+00  0.501313E-03  0.501313E-03  0.501313E-03 -0.228855E-08  0.513723E-03  0.321743E-04  0.620684E-09
  0.197354E+04  0.589050E-03  0.235812E-04  0.126908E-14  0.126849E-14  0.000000E+00  0.496900E-03  0.496900E-03  0.496900E-03 -0.226841E-08  0.509210E-03  0.311422E-04  0.613366E-09
  0.198265E+04  0.583894E-03  0.232346E-04  0.124630E-14  0.124573E-14  0.000000E+00  0.492527E-03  0.492527E-03  0.492527E-03 -0.224844E-08  0.504738E-03  0.301156E-04  0.606149E-09
  0.199180E+04  0.578774E-03  0.228885E-04  0.122391E-14  0.122336E-14  0.000000E+00  0.488185E-03  0.488185E-03  0.488185E-03 -0.222862E-08  0.500298E-03  0.290961E-04  0.599015E-09
  0.200100E+04  0.573704E-03  0.225436E-04  0.120192E-14  0.120140E-14  0.000000E+00  0.483885E-03  0.483885E-03  0.483885E-03 -0.220899E-08  0.495902E-03  0.280842E-04  0.591981E-09
  0.201023E+04  0.568681E-03  0.221997E-04  0.118033E-14  0.117983E-14  0.000000E+00  0.479625E-03  0.479625E-03  0.479625E-03 -0.218954E-08  0.491548E-03  0.270817E-04  0.585039E-09
  0.201951E+04  0.563703E-03  0.218568E-04  0.115912E-14  0.115864E-14  0.000000E+00  0.475402E-03  0.475402E-03  0.475402E-03 -0.217026E-08  0.487232E-03  0.260891E-04  0.578184E-09
  0.202884E+04  0.558768E-03  0.215147E-04  0.113828E-14  0.113783E-14  0.000000E+00  0.471215E-03  0.471215E-03  0.471215E-03 -0.215114E-08  0.482953E-03  0.251074E-04  0.571413E-09
  0.203820E+04  0.553869E-03  0.211734E-04  0.111780E-14  0.111737E-14  0.000000E+00  0.467059E-03  0.467059E-03  0.467059E-03 -0.213217E-08  0.478707E-03  0.241375E-04  0.564717E-09
  0.204761E+04  0.549013E-03  0.208332E-04  0.109769E-14  0.109727E-14  0.000000E+00  0.462940E-03  0.462940E-03  0.462940E-03 -0.211336E-08  0.474497E-03  0.231808E-04  0.558100E-09
  0.205706E+04  0.544207E-03  0.204943E-04  0.107794E-14  0.107755E-14  0.000000E+00  0.458861E-03  0.458861E-03  0.458861E-03 -0.209474E-08  0.470331E-03  0.222385E-04  0.551567E-09
  0.206655E+04  0.539444E-03  0.201566E-04  0.105855E-14  0.105818E-14  0.000000E+00  0.454820E-03  0.454820E-03  0.454820E-03 -0.207629E-08  0.466203E-03  0.213109E-04  0.545111E-09
  0.207609E+04  0.534720E-03  0.198199E-04  0.103950E-14  0.103914E-14  0.000000E+00  0.450810E-03  0.450810E-03  0.450810E-03 -0.205798E-08  0.462108E-03  0.203993E-04  0.538724E-09
  0.208568E+04  0.530041E-03  0.194847E-04  0.102079E-14  0.102046E-14  0.000000E+00  0.446839E-03  0.446839E-03  0.446839E-03 -0.203985E-08  0.458053E-03  0.195050E-04  0.532412E-09
  0.209530E+04  0.525374E-03  0.191497E-04  0.100235E-14  0.100204E-14  0.000000E+00  0.442878E-03  0.442878E-03  0.442878E-03 -0.202176E-08  0.454006E-03  0.186268E-04  0.526137E-09
  0.210497E+04  0.520769E-03  0.188171E-04  0.984293E-15  0.983995E-15  0.000000E+00  0.438970E-03  0.438970E-03  0.438970E-03 -0.200392E-08  0.450015E-03  0.177682E-04  0.519951E-09
  0.211469E+04  0.516207E-03  0.184861E-04  0.966557E-15  0.966275E-15  0.000000E+00  0.435097E-03  0.435097E-03  0.435097E-03 -0.198624E-08  0.446061E-03  0.169291E-04  0.513832E-09
  0.212445E+04  0.511689E-03  0.181569E-04  0.949147E-15  0.948882E-15  0.000000E+00  0.431262E-03  0.431262E-03  0.431262E-03 -0.196873E-08  0.442146E-03  0.161102E-04  0.507781E-09
  0.213426E+04  0.507208E-03  0.178294E-04  0.932041E-15  0.931791E-15  0.000000E+00  0.427457E-03  0.427457E-03  0.427457E-03 -0.195136E-08  0.438262E-03  0.153121E-04  0.501788E-09
  0.214411E+04  0.502767E-03  0.175037E-04  0.915242E-15  0.915007E-15  0.000000E+00  0.423687E-03  0.423687E-03  0.423687E-03 -0.193415E-08  0.434414E-03  0.145358E-04  0.495854E-09
  0.215401E+04  0.498364E-03  0.171799E-04  0.898740E-15  0.898519E-15  0.000000E+00  0.419948E-03  0.419948E-03  0.419948E-03 -0.191708E-08  0.430598E-03  0.137818E-04  0.489977E-09
  0.216395E+04  0.493983E-03  0.168576E-04  0.882503E-15  0.882295E-15  0.000000E+00  0.416229E-03  0.416229E-03  0.416229E-03 -0.190009E-08  0.426801E-03  0.130499E-04  0.484139E-09
  0.217394E+04  0.489657E-03  0.165381E-04  0.866589E-15  0.866394E-15  0.000000E+00  0.412556E-03  0.412556E-03  0.412556E-03 -0.188333E-08  0.423053E-03  0.123419E-04  0.478373E-09
  0.218397E+04  0.485369E-03  0.162209E-04  0.850958E-15  0.850776E-15  0.000000E+00  0.408916E-03  0.408916E-03  0.408916E-03 -0.186670E-08  0.419337E-03  0.116579E-04  0.472661E-09
  0.219405E+04  0.481118E-03  0.159061E-04  0.835606E-15  0.835436E-15  0.000000E+00  0.405306E-03  0.405306E-03  0.405306E-03 -0.185022E-08  0.415653E-03  0.109984E-04  0.466999E-09
  0.220418E+04  0.476909E-03  0.155940E-04  0.820538E-15  0.820380E-15  0.000000E+00  0.401732E-03  0.401732E-03  0.401732E-03 -0.183391E-08  0.412007E-03  0.103639E-04  0.461393E-09
  0.221435E+04  0.472734E-03  0.152842E-04  0.805735E-15  0.805587E-15  0.000000E+00  0.398187E-03  0.398187E-03  0.398187E-03 -0.181772E-08  0.408389E-03  0.975425E-05  0.455833E-09
  0.222457E+04  0.468594E-03  0.149775E-04  0.791195E-15  0.791057E-15  0.000000E+00  0.394671E-03  0.394671E-03  0.394671E-03 -0.180167E-08  0.404802E-03  0.917096E-05  0.450320E-09
  0.223484E+04  0.464490E-03  0.146736E-04  0.776916E-15  0.776788E-15  0.000000E+00  0.391187E-03  0.391187E-03  0.391187E-03 -0.178576E-08  0.401246E-03  0.861315E-05  0.444854E-09
  0.224516E+04  0.460434E-03  0.143731E-04  0.762916E-15  0.762797E-15  0.000000E+00  0.387743E-03  0.387743E-03  0.387743E-03 -0.177005E-08  0.397733E-03  0.808198E-05  0.439447E-09
  0.225552E+04  0.456403E-03  0.140754E-04  0.749147E-15  0.749036E-15  0.000000E+00  0.384320E-03  0.384320E-03  0.384320E-03 -0.175442E-08  0.394240E-03  0.757698E-05  0.434074E-09
  0.226593E+04  0.452397E-03  0.137806E-04  0.735609E-15  0.735506E-15  0.000000E+00  0.380918E-03  0.380918E-03  0.380918E-03 -0.173889E-08  0.390769E-03  0.709832E-05  0.428735E-09
  0.227639E+04  0.448432E-03  0.134894E-04  0.722326E-15  0.722231E-15  0.000000E+00  0.377552E-03  0.377552E-03  0.377552E-03 -0.172352E-08  0.387333E-03  0.664643E-05  0.423447E-09
  0.228690E+04  0.444505E-03  0.132019E-04  0.709289E-15  0.709200E-15  0.000000E+00  0.374219E-03  0.374219E-03  0.374219E-03 -0.170830E-08  0.383932E-03  0.622128E-05  0.418206E-09
  0.229745E+04  0.440615E-03  0.129180E-04  0.696489E-15  0.696407E-15  0.000000E+00  0.370916E-03  0.370916E-03  0.370916E-03 -0.169322E-08  0.380561E-03  0.582276E-05  0.413009E-09
  0.230806E+04  0.436732E-03  0.126372E-04  0.683877E-15  0.683801E-15  0.000000E+00  0.367620E-03  0.367620E-03  0.367620E-03 -0.167817E-08  0.377196E-03  0.545070E-05  0.407827E-09
  0.231871E+04  0.432906E-03  0.123609E-04  0.671531E-15  0.671461E-15  0.000000E+00  0.364373E-03  0.364373E-03  0.364373E-03 -0.166334E-08  0.373882E-03  0.510537E-05  0.402711E-09
  0.232941E+04  0.429112E-03  0.120885E-04  0.659405E-15  0.659340E-15  0.000000E+00  0.361152E-03  0.361152E-03  0.361152E-03 -0.164864E-08  0.370594E-03  0.478615E-05  0.397635E-09
  0.234017E+04  0.425354E-03  0.118203E-04  0.647505E-15  0.647444E-15  0.000000E+00  0.357963E-03  0.357963E-03  0.357963E-03 -0.163408E-08  0.367339E-03  0.449324E-05  0.392603E-09
  0.235097E+04  0.421629E-03  0.115564E-04  0.635819E-15  0.635763E-15  0.000000E+00  0.354802E-03  0.354802E-03  0.354802E-03 -0.161965E-08  0.364112E-03  0.422616E-05  0.387611E-09
  0.236182E+04  0.417935E-03  0.112967E-04  0.624344E-15  0.624291E-15  0.000000E+00  0.351668E-03  0.351668E-03  0.351668E-03 -0.160534E-08  0.360913E-03  0.398437E-05  0.382659E-09
  0.237272E+04  0.414276E-03  0.110414E-04  0.613080E-15  0.613030E-15  0.000000E+00  0.348564E-03  0.348564E-03  0.348564E-03 -0.159117E-08  0.357743E-03  0.376786E-05  0.377749E-09
  0.238367E+04  0.410681E-03  0.107915E-04  0.602071E-15  0.602024E-15  0.000000E+00  0.345514E-03  0.345514E-03  0.345514E-03 -0.157725E-08  0.354630E-03  0.357640E-05  0.372911E-09
  0.239468E+04  0.407083E-03  0.105452E-04  0.591208E-15  0.591164E-15  0.000000E+00  0.342462E-03  0.342462E-03  0.342462E-03 -0.156332E-08  0.351514E-03  0.340886E-05  0.368079E-09
  0.240573E+04  0.403518E-03  0.103036E-04  0.580545E-15  0.580503E-15  0.000000E+00  0.339439E-03  0.339439E-03  0.339439E-03 -0.154952E-08  0.348426E-03  0.326515E-05  0.363289E-09
  0.241683E+04  0.400015E-03  0.100675E-04  0.570121E-15  0.570081E-15  0.000000E+00  0.336468E-03  0.336468E-03  0.336468E-03 -0.153596E-08  0.345393E-03  0.314481E-05  0.358568E-09
  0.242799E+04  0.396510E-03  0.983543E-05  0.559840E-15  0.559801E-15  0.000000E+00  0.333497E-03  0.333497E-03  0.333497E-03 -0.152240E-08  0.342358E-03  0.304643E-05  0.353858E-09
  0.243920E+04  0.393040E-03  0.960823E-05  0.549750E-15  0.549713E-15  0.000000E+00  0.330555E-03  0.330555E-03  0.330555E-03 -0.150897E-08  0.339352E-03  0.297039E-05  0.349191E-09
  0.245046E+04  0.389597E-03  0.938593E-05  0.539841E-15  0.539805E-15  0.000000E+00  0.327637E-03  0.327637E-03  0.327637E-03 -0.149564E-08  0.336370E-03  0.291517E-05  0.344563E-09
  0.246177E+04  0.386185E-03  0.916855E-05  0.530113E-15  0.530078E-15  0.000000E+00  0.324746E-03  0.324746E-03  0.324746E-03 -0.148245E-08  0.333416E-03  0.288067E-05  0.339976E-09
  0.247313E+04  0.382802E-03  0.895619E-05  0.520560E-15  0.520526E-15  0.000000E+00  0.321879E-03  0.321879E-03  0.321879E-03 -0.146936E-08  0.330485E-03  0.286569E-05  0.335429E-09
  0.248454E+04  0.379449E-03  0.874892E-05  0.511183E-15  0.511148E-15  0.000000E+00  0.319038E-03  0.319038E-03  0.319038E-03 -0.145639E-08  0.327581E-03  0.286935E-05  0.330924E-09
  0.249601E+04  0.376126E-03  0.854670E-05  0.501978E-15  0.501943E-15  0.000000E+00  0.316224E-03  0.316224E-03  0.316224E-03 -0.144354E-08  0.324704E-03  0.289127E-05  0.326463E-09
  0.250753E+04  0.372832E-03  0.834958E-05  0.492940E-15  0.492905E-15  0.000000E+00  0.313435E-03  0.313435E-03  0.313435E-03 -0.143081E-08  0.321851E-03  0.293022E-05  0.322043E-09
  0.251911E+04  0.369565E-03  0.815754E-05  0.484065E-15  0.484030E-15  0.000000E+00  0.310669E-03  0.310669E-03  0.310669E-03 -0.141818E-08  0.319022E-03  0.298537E-05  0.317664E-09
  0.253074E+04  0.366328E-03  0.797066E-05  0.475355E-15  0.475319E-15  0.000000E+00  0.307929E-03  0.307929E-03  0.307929E-03 -0.140567E-08  0.316220E-03  0.305597E-05  0.313330E-09
  0.254242E+04  0.363120E-03  0.778890E-05  0.466803E-15  0.466767E-15  0.000000E+00  0.305214E-03  0.305214E-03  0.305214E-03 -0.139328E-08  0.313442E-03  0.314067E-05  0.309039E-09
  0.255415E+04  0.359939E-03  0.761224E-05  0.458406E-15  0.458369E-15  0.000000E+00  0.302522E-03  0.302522E-03  0.302522E-03 -0.138099E-08  0.310687E-03  0.323865E-05  0.304791E-09
  0.256594E+04  0.356783E-03  0.744064E-05  0.450160E-15  0.450122E-15  0.000000E+00  0.299853E-03  0.299853E-03  0.299853E-03 -0.136880E-08  0.307954E-03  0.334888E-05  0.300585E-09
  0.257779E+04  0.353658E-03  0.727421E-05  0.442069E-15  0.442030E-15  0.000000E+00  0.297211E-03  0.297211E-03  0.297211E-03 -0.135674E-08  0.305249E-03  0.347016E-05  0.296428E-09
  0.258968E+04  0.350561E-03  0.711281E-05  0.434125E-15  0.434085E-15  0.000000E+00  0.294591E-03  0.294591E-03  0.294591E-03 -0.134478E-08  0.302567E-03  0.360184E-05  0.292315E-09
  0.260164E+04  0.347488E-03  0.695637E-05  0.426324E-15  0.426282E-15  0.000000E+00  0.291994E-03  0.291994E-03  0.291994E-03 -0.133292E-08  0.299907E-03  0.374289E-05  0.288246E-09
  0.261365E+04  0.344447E-03  0.680502E-05  0.418671E-15  0.418628E-15  0.000000E+00  0.289424E-03  0.289424E-03  0.289424E-03 -0.132119E-08  0.297275E-03  0.389195E-05  0.284227E-09
  0.262571E+04  0.341431E-03  0.665852E-05  0.411155E-15  0.411111E-15  0.000000E+00  0.286875E-03  0.286875E-03  0.286875E-03 -0.130955E-08  0.294664E-03  0.404785E-05  0.280253E-09
  0.263783E+04  0.338440E-03  0.651687E-05  0.403775E-15  0.403730E-15  0.000000E+00  0.284349E-03  0.284349E-03  0.284349E-03 -0.129802E-08  0.292075E-03  0.420973E-05  0.276325E-09
  0.265001E+04  0.335475E-03  0.638002E-05  0.396530E-15  0.396484E-15  0.000000E+00  0.281845E-03  0.281845E-03  0.281845E-03 -0.128659E-08  0.289509E-03  0.437645E-05  0.272444E-09
  0.266224E+04  0.332537E-03  0.624789E-05  0.389418E-15  0.389370E-15  0.000000E+00  0.279364E-03  0.279364E-03  0.279364E-03 -0.127526E-08  0.286966E-03  0.454689E-05  0.268611E-09
  0.267453E+04  0.329624E-03  0.612037E-05  0.382435E-15  0.382386E-15  0.000000E+00  0.276905E-03  0.276905E-03  0.276905E-03 -0.126403E-08  0.284444E-03  0.472053E-05  0.264826E-09
  0.268687E+04  0.326735E-03  0.599741E-05  0.375578E-15  0.375528E-15  0.000000E+00  0.274467E-03  0.274467E-03  0.274467E-03 -0.125290E-08  0.281945E-03  0.489528E-05  0.261089E-09
  0.269927E+04  0.323873E-03  0.587892E-05  0.368848E-15  0.368796E-15  0.000000E+00  0.272052E-03  0.272052E-03  0.272052E-03 -0.124188E-08  0.279468E-03  0.507103E-05  0.257401E-09
  0.271173E+04  0.321037E-03  0.576480E-05  0.362240E-15  0.362187E-15  0.000000E+00  0.269659E-03  0.269659E-03  0.269659E-03 -0.123095E-08  0.277013E-03  0.524642E-05  0.253762E-09
  0.272425E+04  0.318223E-03  0.565491E-05  0.355750E-15  0.355696E-15  0.000000E+00  0.267286E-03  0.267286E-03  0.267286E-03 -0.122012E-08  0.274578E-03  0.542068E-05  0.250171E-09
  0.273682E+04  0.315433E-03  0.554917E-05  0.349379E-15  0.349323E-15  0.000000E+00  0.264934E-03  0.264934E-03  0.264934E-03 -0.120938E-08  0.272165E-03  0.559219E-05  0.246630E-09
  0.274946E+04  0.312671E-03  0.544750E-05  0.343126E-15  0.343069E-15  0.000000E+00  0.262605E-03  0.262605E-03  0.262605E-03 -0.119875E-08  0.269775E-03  0.576084E-05  0.243141E-09
  0.276215E+04  0.309938E-03  0.534984E-05  0.336993E-15  0.336935E-15  0.000000E+00  0.260302E-03  0.260302E-03  0.260302E-03 -0.118824E-08  0.267411E-03  0.592514E-05  0.239706E-09
  0.277490E+04  0.307234E-03  0.525603E-05  0.330976E-15  0.330917E-15  0.000000E+00  0.258022E-03  0.258022E-03  0.258022E-03 -0.117783E-08  0.265072E-03  0.608426E-05  0.236325E-09
  0.278770E+04  0.304542E-03  0.516569E-05  0.325056E-15  0.324996E-15  0.000000E+00  0.255755E-03  0.255755E-03  0.255755E-03 -0.116748E-08  0.262743E-03  0.623746E-05  0.232985E-09
  0.280057E+04  0.301875E-03  0.507890E-05  0.319244E-15  0.319184E-15  0.000000E+00  0.253508E-03  0.253508E-03  0.253508E-03 -0.115722E-08  0.260436E-03  0.638392E-05  0.229696E-09
  0.281350E+04  0.299229E-03  0.499548E-05  0.313535E-15  0.313474E-15  0.000000E+00  0.251280E-03  0.251280E-03  0.251280E-03 -0.114705E-08  0.258148E-03  0.652283E-05  0.226456E-09
  0.282649E+04  0.296606E-03  0.491528E-05  0.307930E-15  0.307869E-15  0.000000E+00  0.249072E-03  0.249072E-03  0.249072E-03 -0.113697E-08  0.255879E-03  0.665335E-05  0.223267E-09
  0.283953E+04  0.294012E-03  0.483831E-05  0.302433E-15  0.302370E-15  0.000000E+00  0.246888E-03  0.246888E-03  0.246888E-03 -0.112700E-08  0.253636E-03  0.677516E-05  0.220132E-09
  0.285264E+04  0.291436E-03  0.476424E-05  0.297029E-15  0.296966E-15  0.000000E+00  0.244719E-03  0.244719E-03  0.244719E-03 -0.111710E-08  0.251408E-03  0.688746E-05  0.217043E-09
  0.286581E+04  0.288882E-03  0.469295E-05  0.291722E-15  0.291659E-15  0.000000E+00  0.242569E-03  0.242569E-03  0.242569E-03 -0.110729E-08  0.249199E-03  0.698937E-05  0.214004E-09
  0.287903E+04  0.286384E-03  0.462492E-05  0.286547E-15  0.286484E-15  0.000000E+00  0.240467E-03  0.240467E-03  0.240467E-03 -0.109770E-08  0.247041E-03  0.708139E-05  0.211042E-09
  0.289232E+04  0.283875E-03  0.455884E-05  0.281431E-15  0.281367E-15  0.000000E+00  0.238357E-03  0.238357E-03  0.238357E-03 -0.108806E-08  0.244872E-03  0.716144E-05  0.208103E-09
  0.290567E+04  0.281386E-03  0.449508E-05  0.276405E-15  0.276341E-15  0.000000E+00  0.236263E-03  0.236263E-03  0.236263E-03 -0.107850E-08  0.242720E-03  0.722960E-05  0.205212E-09
  0.291909E+04  0.278928E-03  0.443378E-05  0.271478E-15  0.271415E-15  0.000000E+00  0.234196E-03  0.234196E-03  0.234196E-03 -0.106907E-08  0.240595E-03  0.728633E-05  0.202378E-09
  0.293256E+04  0.276486E-03  0.437438E-05  0.266634E-15  0.266571E-15  0.000000E+00  0.232142E-03  0.232142E-03  0.232142E-03 -0.105969E-08  0.238485E-03  0.733029E-05  0.199587E-09
  0.294610E+04  0.274063E-03  0.431693E-05  0.261874E-15  0.261811E-15  0.000000E+00  0.230104E-03  0.230104E-03  0.230104E-03 -0.105039E-08  0.236389E-03  0.736184E-05  0.196842E-09
  0.295969E+04  0.271564E-03  0.425965E-05  0.257103E-15  0.257041E-15  0.000000E+00  0.228004E-03  0.228004E-03  0.228004E-03 -0.104078E-08  0.234225E-03  0.737762E-05  0.194073E-09
  0.297335E+04  0.269178E-03  0.420551E-05  0.252508E-15  0.252446E-15  0.000000E+00  0.225998E-03  0.225998E-03  0.225998E-03 -0.103162E-08  0.232162E-03  0.738318E-05  0.191420E-09
  0.298708E+04  0.266820E-03  0.415300E-05  0.248002E-15  0.247941E-15  0.000000E+00  0.224015E-03  0.224015E-03  0.224015E-03 -0.102256E-08  0.230124E-03  0.737588E-05  0.188818E-09
  0.300087E+04  0.264480E-03  0.410184E-05  0.243576E-15  0.243515E-15  0.000000E+00  0.222048E-03  0.222048E-03  0.222048E-03 -0.101359E-08  0.228102E-03  0.735547E-05  0.186262E-09
  0.301472E+04  0.262139E-03  0.405154E-05  0.239207E-15  0.239147E-15  0.000000E+00  0.220081E-03  0.220081E-03  0.220081E-03 -0.100460E-08  0.226078E-03  0.732144E-05  0.183735E-09
  0.302863E+04  0.259812E-03  0.400221E-05  0.234909E-15  0.234850E-15  0.000000E+00  0.218124E-03  0.218124E-03  0.218124E-03 -0.995659E-09  0.224065E-03  0.727430E-05  0.181247E-09
  0.304261E+04  0.257533E-03  0.395436E-05  0.230715E-15  0.230658E-15  0.000000E+00  0.216209E-03  0.216209E-03  0.216209E-03 -0.986917E-09  0.222096E-03  0.721508E-05  0.178825E-09
  0.305666E+04  0.255277E-03  0.390734E-05  0.226598E-15  0.226542E-15  0.000000E+00  0.214313E-03  0.214313E-03  0.214313E-03 -0.978258E-09  0.220146E-03  0.714358E-05  0.176447E-09
  0.307077E+04  0.253040E-03  0.386102E-05  0.222555E-15  0.222499E-15  0.000000E+00  0.212433E-03  0.212433E-03  0.212433E-03 -0.969676E-09  0.218213E-03  0.705998E-05  0.174112E-09
  0.308494E+04  0.250823E-03  0.381533E-05  0.218583E-15  0.218529E-15  0.000000E+00  0.210569E-03  0.210569E-03  0.210569E-03 -0.961170E-09  0.216298E-03  0.696432E-05  0.171818E-09
  0.309918E+04  0.248624E-03  0.377012E-05  0.214681E-15  0.214628E-15  0.000000E+00  0.208722E-03  0.208722E-03  0.208722E-03 -0.952734E-09  0.214398E-03  0.685707E-05  0.169565E-09
  0.311348E+04  0.246445E-03  0.372534E-05  0.210849E-15  0.210798E-15  0.000000E+00  0.206891E-03  0.206891E-03  0.206891E-03 -0.944377E-09  0.212517E-03  0.673864E-05  0.167351E-09
  0.312786E+04  0.244284E-03  0.368076E-05  0.207084E-15  0.207034E-15  0.000000E+00  0.205075E-03  0.205075E-03  0.205075E-03 -0.936086E-09  0.210650E-03  0.660970E-05  0.165176E-09
  0.314229E+04  0.242142E-03  0.363641E-05  0.203385E-15  0.203337E-15  0.000000E+00  0.203274E-03  0.203274E-03  0.203274E-03 -0.927865E-09  0.208799E-03  0.647056E-05  0.163038E-09
  0.315680E+04  0.240019E-03  0.359222E-05  0.199754E-15  0.199706E-15  0.000000E+00  0.201491E-03  0.201491E-03  0.201491E-03 -0.919723E-09  0.206966E-03  0.632195E-05  0.160937E-09
  0.317137E+04  0.237915E-03  0.354806E-05  0.196186E-15  0.196140E-15  0.000000E+00  0.199722E-03  0.199722E-03  0.199722E-03 -0.911650E-09  0.205149E-03  0.616404E-05  0.158873E-09
  0.318601E+04  0.235829E-03  0.350379E-05  0.192680E-15  0.192636E-15  0.000000E+00  0.197968E-03  0.197968E-03  0.197968E-03 -0.903643E-09  0.203346E-03  0.599836E-05  0.156842E-09
  0.320071E+04  0.233761E-03  0.345945E-05  0.189237E-15  0.189195E-15  0.000000E+00  0.196230E-03  0.196230E-03  0.196230E-03 -0.895707E-09  0.201560E-03  0.582481E-05  0.154846E-09
  0.321549E+04  0.231711E-03  0.341496E-05  0.185855E-15  0.185814E-15  0.000000E+00  0.194507E-03  0.194507E-03  0.194507E-03 -0.887842E-09  0.199790E-03  0.564437E-05  0.152883E-09
  0.323033E+04  0.229678E-03  0.337023E-05  0.182532E-15  0.182493E-15  0.000000E+00  0.192798E-03  0.192798E-03  0.192798E-03 -0.880041E-09  0.198035E-03  0.545774E-05  0.150951E-09
  0.324524E+04  0.227665E-03  0.332527E-05  0.179270E-15  0.179232E-15  0.000000E+00  0.191106E-03  0.191106E-03  0.191106E-03 -0.872317E-09  0.196297E-03  0.526543E-05  0.149051E-09
  0.326022E+04  0.225670E-03  0.328000E-05  0.176064E-15  0.176029E-15  0.000000E+00  0.189428E-03  0.189428E-03  0.189428E-03 -0.864657E-09  0.194574E-03  0.506925E-05  0.147180E-09
  0.327527E+04  0.223690E-03  0.323438E-05  0.172914E-15  0.172881E-15  0.000000E+00  0.187764E-03  0.187764E-03  0.187764E-03 -0.857057E-09  0.192864E-03  0.486884E-05  0.145337E-09
  0.329039E+04  0.221729E-03  0.318844E-05  0.169822E-15  0.169790E-15  0.000000E+00  0.186115E-03  0.186115E-03  0.186115E-03 -0.849529E-09  0.191171E-03  0.466507E-05  0.143523E-09
  0.330557E+04  0.219785E-03  0.314212E-05  0.166784E-15  0.166753E-15  0.000000E+00  0.184480E-03  0.184480E-03  0.184480E-03 -0.842067E-09  0.189492E-03  0.445962E-05  0.141736E-09
  0.332083E+04  0.217857E-03  0.309538E-05  0.163798E-15  0.163769E-15  0.000000E+00  0.182859E-03  0.182859E-03  0.182859E-03 -0.834664E-09  0.187827E-03  0.425296E-05  0.139973E-09
  0.333616E+04  0.215946E-03  0.304827E-05  0.160865E-15  0.160838E-15  0.000000E+00  0.181251E-03  0.181251E-03  0.181251E-03 -0.827326E-09  0.186177E-03  0.404590E-05  0.138234E-09
  0.335156E+04  0.214053E-03  0.300083E-05  0.157986E-15  0.157961E-15  0.000000E+00  0.179659E-03  0.179659E-03  0.179659E-03 -0.820059E-09  0.184543E-03  0.383894E-05  0.136521E-09
  0.336703E+04  0.212176E-03  0.295299E-05  0.155157E-15  0.155133E-15  0.000000E+00  0.178080E-03  0.178080E-03  0.178080E-03 -0.812850E-09  0.182923E-03  0.363314E-05  0.134830E-09
  0.338257E+04  0.210315E-03  0.290480E-05  0.152378E-15  0.152356E-15  0.000000E+00  0.176515E-03  0.176515E-03  0.176515E-03 -0.805705E-09  0.181317E-03  0.342932E-05  0.133160E-09
  0.339818E+04  0.208472E-03  0.285627E-05  0.149649E-15  0.149628E-15  0.000000E+00  0.174964E-03  0.174964E-03  0.174964E-03 -0.798625E-09  0.179725E-03  0.322802E-05  0.131513E-09
  0.341387E+04  0.206630E-03  0.280728E-05  0.146958E-15  0.146938E-15  0.000000E+00  0.173415E-03  0.173415E-03  0.173415E-03 -0.791548E-09  0.178135E-03  0.303054E-05  0.129875E-09
  0.342963E+04  0.204815E-03  0.275814E-05  0.144322E-15  0.144304E-15  0.000000E+00  0.171887E-03  0.171887E-03  0.171887E-03 -0.784574E-09  0.176567E-03  0.283720E-05  0.128264E-09
  0.344546E+04  0.203023E-03  0.270887E-05  0.141738E-15  0.141721E-15  0.000000E+00  0.170379E-03  0.170379E-03  0.170379E-03 -0.777691E-09  0.175021E-03  0.264860E-05  0.126677E-09
  0.346136E+04  0.201240E-03  0.265934E-05  0.139195E-15  0.139180E-15  0.000000E+00  0.168879E-03  0.168879E-03  0.168879E-03 -0.770840E-09  0.173481E-03  0.246590E-05  0.125102E-09
  0.347734E+04  0.199475E-03  0.260970E-05  0.136699E-15  0.136685E-15  0.000000E+00  0.167393E-03  0.167393E-03  0.167393E-03 -0.764057E-09  0.171957E-03  0.228981E-05  0.123546E-09
  0.349339E+04  0.197726E-03  0.255999E-05  0.134248E-15  0.134235E-15  0.000000E+00  0.165921E-03  0.165921E-03  0.165921E-03 -0.757339E-09  0.170448E-03  0.212028E-05  0.122007E-09
  0.350951E+04  0.195989E-03  0.251017E-05  0.131839E-15  0.131827E-15  0.000000E+00  0.164459E-03  0.164459E-03  0.164459E-03 -0.750665E-09  0.168949E-03  0.195796E-05  0.120482E-09
  0.352571E+04  0.194269E-03  0.246042E-05  0.129473E-15  0.129462E-15  0.000000E+00  0.163012E-03  0.163012E-03  0.163012E-03 -0.744056E-09  0.167464E-03  0.180374E-05  0.118973E-09
  0.354199E+04  0.192577E-03  0.241092E-05  0.127158E-15  0.127148E-15  0.000000E+00  0.161587E-03  0.161587E-03  0.161587E-03 -0.737554E-09  0.166004E-03  0.165829E-05  0.117486E-09
  0.355833E+04  0.190888E-03  0.236142E-05  0.124877E-15  0.124868E-15  0.000000E+00  0.160165E-03  0.160165E-03  0.160165E-03 -0.731064E-09  0.164546E-03  0.152145E-05  0.116007E-09
  0.357476E+04  0.189213E-03  0.231211E-05  0.122636E-15  0.122628E-15  0.000000E+00  0.158755E-03  0.158755E-03  0.158755E-03 -0.724625E-09  0.163100E-03  0.139348E-05  0.114540E-09
  0.359126E+04  0.187554E-03  0.226314E-05  0.120436E-15  0.120429E-15  0.000000E+00  0.157359E-03  0.157359E-03  0.157359E-03 -0.718252E-09  0.161668E-03  0.127574E-05  0.113087E-09
  0.360784E+04  0.185909E-03  0.221442E-05  0.118274E-15  0.118268E-15  0.000000E+00  0.155973E-03  0.155973E-03  0.155973E-03 -0.711927E-09  0.160248E-03  0.116696E-05  0.111647E-09
  0.362449E+04  0.184277E-03  0.216615E-05  0.116151E-15  0.116145E-15  0.000000E+00  0.154600E-03  0.154600E-03  0.154600E-03 -0.705657E-09  0.158839E-03  0.106827E-05  0.110219E-09
  0.364122E+04  0.182662E-03  0.211842E-05  0.114067E-15  0.114062E-15  0.000000E+00  0.153240E-03  0.153240E-03  0.153240E-03 -0.699449E-09  0.157445E-03  0.980205E-06  0.108805E-09
  0.365803E+04  0.181059E-03  0.207118E-05  0.112020E-15  0.112015E-15  0.000000E+00  0.151891E-03  0.151891E-03  0.151891E-03 -0.693290E-09  0.156062E-03  0.901895E-06  0.107401E-09
  0.367491E+04  0.179470E-03  0.202455E-05  0.110009E-15  0.110004E-15  0.000000E+00  0.150553E-03  0.150553E-03  0.150553E-03 -0.687181E-09  0.154690E-03  0.833698E-06  0.106010E-09
  0.369187E+04  0.177897E-03  0.197862E-05  0.108036E-15  0.108032E-15  0.000000E+00  0.149229E-03  0.149229E-03  0.149229E-03 -0.681139E-09  0.153333E-03  0.775599E-06  0.104632E-09
  0.370891E+04  0.176336E-03  0.193340E-05  0.106097E-15  0.106093E-15  0.000000E+00  0.147915E-03  0.147915E-03  0.147915E-03 -0.675141E-09  0.151986E-03  0.727401E-06  0.103264E-09
  0.372603E+04  0.174789E-03  0.188897E-05  0.104193E-15  0.104189E-15  0.000000E+00  0.146612E-03  0.146612E-03  0.146612E-03 -0.669193E-09  0.150650E-03  0.689115E-06  0.101908E-09
  0.374323E+04  0.173258E-03  0.184543E-05  0.102325E-15  0.102321E-15  0.000000E+00  0.145324E-03  0.145324E-03  0.145324E-03 -0.663312E-09  0.149328E-03  0.660228E-06  0.100565E-09
  0.376051E+04  0.171737E-03  0.180274E-05  0.100488E-15  0.100485E-15  0.000000E+00  0.144044E-03  0.144044E-03  0.144044E-03 -0.657469E-09  0.148016E-03  0.640849E-06  0.992326E-10
  0.377787E+04  0.170229E-03  0.176101E-05  0.986850E-16  0.986817E-16  0.000000E+00  0.142775E-03  0.142775E-03  0.142775E-03 -0.651677E-09  0.146714E-03  0.630402E-06  0.979115E-10
  0.379531E+04  0.168737E-03  0.172029E-05  0.969155E-16  0.969122E-16  0.000000E+00  0.141519E-03  0.141519E-03  0.141519E-03 -0.645944E-09  0.145426E-03  0.628496E-06  0.966036E-10
  0.381282E+04  0.167256E-03  0.168061E-05  0.951768E-16  0.951736E-16  0.000000E+00  0.140273E-03  0.140273E-03  0.140273E-03 -0.640255E-09  0.144148E-03  0.634621E-06  0.953067E-10
  0.383042E+04  0.165788E-03  0.164197E-05  0.934696E-16  0.934663E-16  0.000000E+00  0.139038E-03  0.139038E-03  0.139038E-03 -0.634616E-09  0.142881E-03  0.648462E-06  0.940221E-10
  0.384810E+04  0.164333E-03  0.160446E-05  0.917933E-16  0.917899E-16  0.000000E+00  0.137814E-03  0.137814E-03  0.137814E-03 -0.629028E-09  0.141625E-03  0.669744E-06  0.927498E-10
  0.386587E+04  0.162890E-03  0.156808E-05  0.901472E-16  0.901437E-16  0.000000E+00  0.136601E-03  0.136601E-03  0.136601E-03 -0.623489E-09  0.140380E-03  0.697446E-06  0.914900E-10
  0.388371E+04  0.161460E-03  0.153286E-05  0.885307E-16  0.885271E-16  0.000000E+00  0.135398E-03  0.135398E-03  0.135398E-03 -0.617998E-09  0.139146E-03  0.731021E-06  0.902430E-10
  0.390164E+04  0.160044E-03  0.149882E-05  0.869446E-16  0.869408E-16  0.000000E+00  0.134207E-03  0.134207E-03  0.134207E-03 -0.612563E-09  0.137924E-03  0.770180E-06  0.890100E-10
  0.391965E+04  0.158639E-03  0.146593E-05  0.853861E-16  0.853822E-16  0.000000E+00  0.133026E-03  0.133026E-03  0.133026E-03 -0.607168E-09  0.136711E-03  0.814287E-06  0.877892E-10
  0.393774E+04  0.157247E-03  0.143428E-05  0.838562E-16  0.838521E-16  0.000000E+00  0.131855E-03  0.131855E-03  0.131855E-03 -0.601825E-09  0.135510E-03  0.862071E-06  0.865825E-10
  0.395591E+04  0.155867E-03  0.140380E-05  0.823541E-16  0.823498E-16  0.000000E+00  0.130695E-03  0.130695E-03  0.130695E-03 -0.596530E-09  0.134319E-03  0.913571E-06  0.853895E-10
  0.397417E+04  0.154498E-03  0.137450E-05  0.808786E-16  0.808741E-16  0.000000E+00  0.129544E-03  0.129544E-03  0.129544E-03 -0.591277E-09  0.133138E-03  0.967802E-06  0.842100E-10
  0.399252E+04  0.153142E-03  0.134639E-05  0.794304E-16  0.794257E-16  0.000000E+00  0.128405E-03  0.128405E-03  0.128405E-03 -0.586076E-09  0.131968E-03  0.102412E-05  0.830455E-10
  0.401095E+04  0.151799E-03  0.131944E-05  0.780088E-16  0.780038E-16  0.000000E+00  0.127276E-03  0.127276E-03  0.127276E-03 -0.580923E-09  0.130809E-03  0.108183E-05  0.818958E-10
  0.402946E+04  0.150467E-03  0.129364E-05  0.766128E-16  0.766076E-16  0.000000E+00  0.126158E-03  0.126158E-03  0.126158E-03 -0.575816E-09  0.129660E-03  0.114022E-05  0.807608E-10
  0.404806E+04  0.149118E-03  0.126869E-05  0.752264E-16  0.752210E-16  0.000000E+00  0.125024E-03  0.125024E-03  0.125024E-03 -0.570637E-09  0.128495E-03  0.119846E-05  0.796243E-10
  0.406674E+04  0.147809E-03  0.124509E-05  0.738802E-16  0.738745E-16  0.000000E+00  0.123925E-03  0.123925E-03  0.123925E-03 -0.565617E-09  0.127365E-03  0.125626E-05  0.785192E-10
  0.408551E+04  0.146511E-03  0.122253E-05  0.725577E-16  0.725519E-16  0.000000E+00  0.122834E-03  0.122834E-03  0.122834E-03 -0.560638E-09  0.126244E-03  0.131274E-05  0.774289E-10
  0.410437E+04  0.145226E-03  0.120102E-05  0.712602E-16  0.712542E-16  0.000000E+00  0.121755E-03  0.121755E-03  0.121755E-03 -0.555711E-09  0.125136E-03  0.136737E-05  0.763554E-10
  0.412332E+04  0.143959E-03  0.118054E-05  0.699897E-16  0.699835E-16  0.000000E+00  0.120691E-03  0.120691E-03  0.120691E-03 -0.550856E-09  0.124043E-03  0.141966E-05  0.753014E-10
  0.414235E+04  0.142694E-03  0.116091E-05  0.687378E-16  0.687315E-16  0.000000E+00  0.119630E-03  0.119630E-03  0.119630E-03 -0.546011E-09  0.122952E-03  0.146883E-05  0.742587E-10
  0.416147E+04  0.141443E-03  0.114218E-05  0.675093E-16  0.675028E-16  0.000000E+00  0.118579E-03  0.118579E-03  0.118579E-03 -0.541215E-09  0.121872E-03  0.151446E-05  0.732328E-10
  0.418068E+04  0.140200E-03  0.112427E-05  0.663018E-16  0.662952E-16  0.000000E+00  0.117536E-03  0.117536E-03  0.117536E-03 -0.536454E-09  0.120800E-03  0.155631E-05  0.722216E-10
  0.419998E+04  0.138969E-03  0.110714E-05  0.651164E-16  0.651097E-16  0.000000E+00  0.116503E-03  0.116503E-03  0.116503E-03 -0.531737E-09  0.119738E-03  0.159333E-05  0.712272E-10
  0.421936E+04  0.137750E-03  0.109074E-05  0.639527E-16  0.639459E-16  0.000000E+00  0.115479E-03  0.115479E-03  0.115479E-03 -0.527065E-09  0.118686E-03  0.162579E-05  0.702491E-10
  0.423884E+04  0.136551E-03  0.107509E-05  0.628149E-16  0.628081E-16  0.000000E+00  0.114473E-03  0.114473E-03  0.114473E-03 -0.522476E-09  0.117653E-03  0.165318E-05  0.692927E-10
  0.425840E+04  0.135323E-03  0.105972E-05  0.616782E-16  0.616713E-16  0.000000E+00  0.113443E-03  0.113443E-03  0.113443E-03 -0.517765E-09  0.116592E-03  0.167479E-05  0.683307E-10
  0.427806E+04  0.134136E-03  0.104515E-05  0.605762E-16  0.605694E-16  0.000000E+00  0.112447E-03  0.112447E-03  0.112447E-03 -0.513218E-09  0.115568E-03  0.169111E-05  0.674009E-10
  0.429781E+04  0.132957E-03  0.103105E-05  0.594931E-16  0.594863E-16  0.000000E+00  0.111458E-03  0.111458E-03  0.111458E-03 -0.508702E-09  0.114551E-03  0.170154E-05  0.664859E-10
  0.431764E+04  0.131790E-03  0.101740E-05  0.584300E-16  0.584232E-16  0.000000E+00  0.110479E-03  0.110479E-03  0.110479E-03 -0.504232E-09  0.113544E-03  0.170612E-05  0.655874E-10
  0.433757E+04  0.130633E-03  0.100413E-05  0.573860E-16  0.573792E-16  0.000000E+00  0.109508E-03  0.109508E-03  0.109508E-03 -0.499802E-09  0.112546E-03  0.170481E-05  0.647043E-10
  0.435759E+04  0.129485E-03  0.991165E-06  0.563600E-16  0.563534E-16  0.000000E+00  0.108545E-03  0.108545E-03  0.108545E-03 -0.495405E-09  0.111556E-03  0.169750E-05  0.638359E-10
  0.437771E+04  0.128349E-03  0.978486E-06  0.553533E-16  0.553468E-16  0.000000E+00  0.107592E-03  0.107592E-03  0.107592E-03 -0.491056E-09  0.110576E-03  0.168434E-05  0.629835E-10
  0.439791E+04  0.127222E-03  0.966014E-06  0.543641E-16  0.543577E-16  0.000000E+00  0.106647E-03  0.106647E-03  0.106647E-03 -0.486741E-09  0.109605E-03  0.166542E-05  0.621455E-10
  0.441821E+04  0.126104E-03  0.953710E-06  0.533923E-16  0.533861E-16  0.000000E+00  0.105709E-03  0.105709E-03  0.105709E-03 -0.482461E-09  0.108641E-03  0.164096E-05  0.613215E-10
  0.443861E+04  0.124998E-03  0.941510E-06  0.524384E-16  0.524323E-16  0.000000E+00  0.104781E-03  0.104781E-03  0.104781E-03 -0.478224E-09  0.107686E-03  0.161097E-05  0.605125E-10
  0.445910E+04  0.123901E-03  0.929401E-06  0.515015E-16  0.514957E-16  0.000000E+00  0.103861E-03  0.103861E-03  0.103861E-03 -0.474025E-09  0.106741E-03  0.157595E-05  0.597174E-10
  0.447968E+04  0.122813E-03  0.917308E-06  0.505809E-16  0.505752E-16  0.000000E+00  0.102949E-03  0.102949E-03  0.102949E-03 -0.469859E-09  0.105802E-03  0.153615E-05  0.589352E-10
  0.450035E+04  0.121759E-03  0.905409E-06  0.496872E-16  0.496817E-16  0.000000E+00  0.102064E-03  0.102064E-03  0.102064E-03 -0.465828E-09  0.104895E-03  0.149231E-05  0.581784E-10
  0.452113E+04  0.120664E-03  0.893061E-06  0.487878E-16  0.487826E-16  0.000000E+00  0.101146E-03  0.101146E-03  0.101146E-03 -0.461629E-09  0.103949E-03  0.144379E-05  0.574087E-10
  0.454200E+04  0.119605E-03  0.880860E-06  0.479157E-16  0.479107E-16  0.000000E+00  0.100257E-03  0.100257E-03  0.100257E-03 -0.457574E-09  0.103036E-03  0.139187E-05  0.566648E-10
  0.456296E+04  0.118554E-03  0.868550E-06  0.470586E-16  0.470538E-16  0.000000E+00  0.993757E-04  0.993757E-04  0.993757E-04 -0.453549E-09  0.102130E-03  0.133683E-05  0.559321E-10
  0.458402E+04  0.117512E-03  0.856125E-06  0.462166E-16  0.462121E-16  0.000000E+00  0.985016E-04  0.985016E-04  0.985016E-04 -0.449559E-09  0.101231E-03  0.127917E-05  0.552107E-10
  0.460518E+04  0.116481E-03  0.843572E-06  0.453902E-16  0.453859E-16  0.000000E+00  0.976364E-04  0.976364E-04  0.976364E-04 -0.445609E-09  0.100342E-03  0.121953E-05  0.545010E-10
  0.462644E+04  0.115457E-03  0.830878E-06  0.445777E-16  0.445737E-16  0.000000E+00  0.967771E-04  0.967771E-04  0.967771E-04 -0.441687E-09  0.994593E-04  0.115793E-05  0.538010E-10
  0.464779E+04  0.114443E-03  0.818032E-06  0.437800E-16  0.437763E-16  0.000000E+00  0.959262E-04  0.959262E-04  0.959262E-04 -0.437803E-09  0.985849E-04  0.109536E-05  0.531115E-10
  0.466925E+04  0.113438E-03  0.805033E-06  0.429967E-16  0.429932E-16  0.000000E+00  0.950830E-04  0.950830E-04  0.950830E-04 -0.433953E-09  0.977185E-04  0.103232E-05  0.524318E-10
  0.469080E+04  0.112441E-03  0.791866E-06  0.422267E-16  0.422234E-16  0.000000E+00  0.942460E-04  0.942460E-04  0.942460E-04 -0.430132E-09  0.968585E-04  0.969122E-06  0.517608E-10
  0.471245E+04  0.111453E-03  0.778575E-06  0.414710E-16  0.414679E-16  0.000000E+00  0.934175E-04  0.934175E-04  0.934175E-04 -0.426351E-09  0.960074E-04  0.906435E-06  0.510993E-10
  0.473420E+04  0.110471E-03  0.765100E-06  0.407272E-16  0.407244E-16  0.000000E+00  0.925930E-04  0.925930E-04  0.925930E-04 -0.422586E-09  0.951602E-04  0.844670E-06  0.504445E-10
  0.475605E+04  0.109501E-03  0.751535E-06  0.399980E-16  0.399954E-16  0.000000E+00  0.917786E-04  0.917786E-04  0.917786E-04 -0.418868E-09  0.943236E-04  0.784378E-06  0.497994E-10
  0.477801E+04  0.108539E-03  0.737859E-06  0.392819E-16  0.392796E-16  0.000000E+00  0.909717E-04  0.909717E-04  0.909717E-04 -0.415185E-09  0.934948E-04  0.726060E-06  0.491623E-10
  0.480006E+04  0.107594E-03  0.724151E-06  0.385817E-16  0.385795E-16  0.000000E+00  0.901785E-04  0.901785E-04  0.901785E-04 -0.411567E-09  0.926806E-04  0.670104E-06  0.485364E-10
  0.482222E+04  0.106649E-03  0.710312E-06  0.378906E-16  0.378887E-16  0.000000E+00  0.893851E-04  0.893851E-04  0.893851E-04 -0.407945E-09  0.918657E-04  0.616697E-06  0.479136E-10
  0.484448E+04  0.105707E-03  0.696393E-06  0.372100E-16  0.372082E-16  0.000000E+00  0.885944E-04  0.885944E-04  0.885944E-04 -0.404334E-09  0.910533E-04  0.566588E-06  0.472950E-10
  0.486684E+04  0.104778E-03  0.682490E-06  0.365433E-16  0.365417E-16  0.000000E+00  0.878145E-04  0.878145E-04  0.878145E-04 -0.400774E-09  0.902524E-04  0.519972E-06  0.466853E-10
  0.488930E+04  0.103858E-03  0.668602E-06  0.358887E-16  0.358872E-16  0.000000E+00  0.870420E-04  0.870420E-04  0.870420E-04 -0.397248E-09  0.894591E-04  0.477109E-06  0.460821E-10
  0.491187E+04  0.102945E-03  0.654755E-06  0.352455E-16  0.352442E-16  0.000000E+00  0.862754E-04  0.862754E-04  0.862754E-04 -0.393749E-09  0.886718E-04  0.438250E-06  0.454846E-10
  0.493454E+04  0.102040E-03  0.640968E-06  0.346137E-16  0.346125E-16  0.000000E+00  0.855155E-04  0.855155E-04  0.855155E-04 -0.390280E-09  0.878915E-04  0.403494E-06  0.448930E-10
  0.495732E+04  0.101145E-03  0.627304E-06  0.339940E-16  0.339929E-16  0.000000E+00  0.847639E-04  0.847639E-04  0.847639E-04 -0.386849E-09  0.871197E-04  0.373080E-06  0.443081E-10
  0.498020E+04  0.100255E-03  0.613759E-06  0.333846E-16  0.333836E-16  0.000000E+00  0.840172E-04  0.840172E-04  0.840172E-04 -0.383440E-09  0.863528E-04  0.347082E-06  0.437279E-10
  0.500319E+04  0.993748E-04  0.600388E-06  0.327866E-16  0.327857E-16  0.000000E+00  0.832782E-04  0.832782E-04  0.832782E-04 -0.380067E-09  0.855940E-04  0.325482E-06  0.431538E-10
  0.502628E+04  0.985010E-04  0.587208E-06  0.321990E-16  0.321981E-16  0.000000E+00  0.825447E-04  0.825447E-04  0.825447E-04 -0.376719E-09  0.848407E-04  0.308338E-06  0.425847E-10
  0.504948E+04  0.976348E-04  0.574252E-06  0.316218E-16  0.316210E-16  0.000000E+00  0.818175E-04  0.818175E-04  0.818175E-04 -0.373399E-09  0.840939E-04  0.295572E-06  0.420210E-10
  0.507279E+04  0.967699E-04  0.561515E-06  0.310529E-16  0.310521E-16  0.000000E+00  0.810915E-04  0.810915E-04  0.810915E-04 -0.370083E-09  0.833480E-04  0.287022E-06  0.414598E-10
  0.509620E+04  0.959265E-04  0.549134E-06  0.304989E-16  0.304981E-16  0.000000E+00  0.803835E-04  0.803835E-04  0.803835E-04 -0.366853E-09  0.826212E-04  0.282542E-06  0.409105E-10
  0.511973E+04  0.950839E-04  0.537026E-06  0.299526E-16  0.299518E-16  0.000000E+00  0.796762E-04  0.796762E-04  0.796762E-04 -0.363625E-09  0.818949E-04  0.281939E-06  0.403636E-10
  0.514336E+04  0.942636E-04  0.525322E-06  0.294212E-16  0.294204E-16  0.000000E+00  0.789877E-04  0.789877E-04  0.789877E-04 -0.360486E-09  0.811886E-04  0.284991E-06  0.398289E-10
  0.516710E+04  0.934346E-04  0.513863E-06  0.288940E-16  0.288932E-16  0.000000E+00  0.782919E-04  0.782919E-04  0.782919E-04 -0.357309E-09  0.804739E-04  0.291347E-06  0.392926E-10
  0.519095E+04  0.926140E-04  0.502780E-06  0.283766E-16  0.283758E-16  0.000000E+00  0.776033E-04  0.776033E-04  0.776033E-04 -0.354166E-09  0.797665E-04  0.300673E-06  0.387625E-10
  0.521491E+04  0.917992E-04  0.492055E-06  0.278682E-16  0.278673E-16  0.000000E+00  0.769195E-04  0.769195E-04  0.769195E-04 -0.351045E-09  0.790641E-04  0.312773E-06  0.382374E-10
  0.523898E+04  0.909930E-04  0.481729E-06  0.273693E-16  0.273684E-16  0.000000E+00  0.762430E-04  0.762430E-04  0.762430E-04 -0.347957E-09  0.783692E-04  0.327055E-06  0.377189E-10
  0.526316E+04  0.901931E-04  0.471779E-06  0.268792E-16  0.268783E-16  0.000000E+00  0.755719E-04  0.755719E-04  0.755719E-04 -0.344893E-09  0.776796E-04  0.343360E-06  0.372061E-10
  0.528746E+04  0.894011E-04  0.462229E-06  0.263982E-16  0.263973E-16  0.000000E+00  0.749074E-04  0.749074E-04  0.749074E-04 -0.341860E-09  0.769969E-04  0.361059E-06  0.366997E-10
  0.531186E+04  0.886161E-04  0.453064E-06  0.259259E-16  0.259249E-16  0.000000E+00  0.742488E-04  0.742488E-04  0.742488E-04 -0.338854E-09  0.763203E-04  0.380039E-06  0.361995E-10
  0.533638E+04  0.878356E-04  0.444285E-06  0.254613E-16  0.254603E-16  0.000000E+00  0.735940E-04  0.735940E-04  0.735940E-04 -0.335864E-09  0.756474E-04  0.399551E-06  0.357046E-10
  0.536101E+04  0.870638E-04  0.435894E-06  0.250057E-16  0.250046E-16  0.000000E+00  0.729466E-04  0.729466E-04  0.729466E-04 -0.332910E-09  0.749822E-04  0.419318E-06  0.352171E-10
  0.538576E+04  0.863010E-04  0.427888E-06  0.245589E-16  0.245578E-16  0.000000E+00  0.723068E-04  0.723068E-04  0.723068E-04 -0.329990E-09  0.743248E-04  0.439004E-06  0.347369E-10
  0.541062E+04  0.855421E-04  0.420227E-06  0.241194E-16  0.241182E-16  0.000000E+00  0.716704E-04  0.716704E-04  0.716704E-04 -0.327084E-09  0.736706E-04  0.458065E-06  0.342623E-10
  0.543559E+04  0.847902E-04  0.412913E-06  0.236879E-16  0.236867E-16  0.000000E+00  0.710399E-04  0.710399E-04  0.710399E-04 -0.324206E-09  0.730226E-04  0.476388E-06  0.337944E-10
  0.546068E+04  0.840439E-04  0.405922E-06  0.232637E-16  0.232625E-16  0.000000E+00  0.704140E-04  0.704140E-04  0.704140E-04 -0.321349E-09  0.723792E-04  0.493369E-06  0.333330E-10
  0.548589E+04  0.833058E-04  0.399248E-06  0.228478E-16  0.228465E-16  0.000000E+00  0.697951E-04  0.697951E-04  0.697951E-04 -0.318524E-09  0.717431E-04  0.508787E-06  0.328791E-10
  0.551121E+04  0.825730E-04  0.392851E-06  0.224389E-16  0.224376E-16  0.000000E+00  0.691807E-04  0.691807E-04  0.691807E-04 -0.315719E-09  0.711114E-04  0.522375E-06  0.324316E-10
  0.553665E+04  0.818467E-04  0.386720E-06  0.220374E-16  0.220362E-16  0.000000E+00  0.685718E-04  0.685718E-04  0.685718E-04 -0.312940E-09  0.704855E-04  0.533818E-06  0.319911E-10
  0.556220E+04  0.811271E-04  0.380830E-06  0.216432E-16  0.216419E-16  0.000000E+00  0.679684E-04  0.679684E-04  0.679684E-04 -0.310186E-09  0.698652E-04  0.542971E-06  0.315575E-10
  0.558788E+04  0.804057E-04  0.375113E-06  0.212538E-16  0.212525E-16  0.000000E+00  0.673636E-04  0.673636E-04  0.673636E-04 -0.307423E-09  0.692430E-04  0.549572E-06  0.311276E-10
  0.561367E+04  0.796987E-04  0.369626E-06  0.208736E-16  0.208723E-16  0.000000E+00  0.667710E-04  0.667710E-04  0.667710E-04 -0.304718E-09  0.686338E-04  0.553645E-06  0.307080E-10
  0.563958E+04  0.789985E-04  0.364302E-06  0.205004E-16  0.204991E-16  0.000000E+00  0.661840E-04  0.661840E-04  0.661840E-04 -0.302039E-09  0.680303E-04  0.555046E-06  0.302953E-10
  0.566561E+04  0.783039E-04  0.359114E-06  0.201337E-16  0.201325E-16  0.000000E+00  0.656018E-04  0.656018E-04  0.656018E-04 -0.299381E-09  0.674317E-04  0.553709E-06  0.298892E-10
  0.569176E+04  0.776150E-04  0.354039E-06  0.197735E-16  0.197722E-16  0.000000E+00  0.650243E-04  0.650243E-04  0.650243E-04 -0.296745E-09  0.668379E-04  0.549659E-06  0.294895E-10
  0.571803E+04  0.769317E-04  0.349045E-06  0.194196E-16  0.194184E-16  0.000000E+00  0.644515E-04  0.644515E-04  0.644515E-04 -0.294130E-09  0.662490E-04  0.542921E-06  0.290962E-10
  0.574443E+04  0.762570E-04  0.344131E-06  0.190727E-16  0.190715E-16  0.000000E+00  0.638860E-04  0.638860E-04  0.638860E-04 -0.291549E-09  0.656677E-04  0.533635E-06  0.287104E-10
  0.577094E+04  0.755861E-04  0.339254E-06  0.187314E-16  0.187303E-16  0.000000E+00  0.633237E-04  0.633237E-04  0.633237E-04 -0.288982E-09  0.650896E-04  0.521963E-06  0.283299E-10
  0.579758E+04  0.749216E-04  0.334401E-06  0.183964E-16  0.183952E-16  0.000000E+00  0.627667E-04  0.627667E-04  0.627667E-04 -0.286440E-09  0.645169E-04  0.507959E-06  0.279558E-10
  0.582434E+04  0.742622E-04  0.329550E-06  0.180671E-16  0.180660E-16  0.000000E+00  0.622139E-04  0.622139E-04  0.622139E-04 -0.283917E-09  0.639486E-04  0.491912E-06  0.275872E-10
  0.585122E+04  0.736089E-04  0.324697E-06  0.177438E-16  0.177427E-16  0.000000E+00  0.616663E-04  0.616663E-04  0.616663E-04 -0.281417E-09  0.633857E-04  0.474072E-06  0.272246E-10
  0.587823E+04  0.729618E-04  0.319823E-06  0.174263E-16  0.174253E-16  0.000000E+00  0.611238E-04  0.611238E-04  0.611238E-04 -0.278941E-09  0.628280E-04  0.454692E-06  0.268676E-10
  0.590537E+04  0.723195E-04  0.314910E-06  0.171143E-16  0.171134E-16  0.000000E+00  0.605854E-04  0.605854E-04  0.605854E-04 -0.276483E-09  0.622745E-04  0.434021E-06  0.265157E-10
  0.593262E+04  0.716842E-04  0.309969E-06  0.168082E-16  0.168073E-16  0.000000E+00  0.600528E-04  0.600528E-04  0.600528E-04 -0.274052E-09  0.617271E-04  0.412374E-06  0.261695E-10
  0.596001E+04  0.710527E-04  0.304977E-06  0.165071E-16  0.165063E-16  0.000000E+00  0.595234E-04  0.595234E-04  0.595234E-04 -0.271636E-09  0.611829E-04  0.390050E-06  0.258275E-10
  0.598752E+04  0.704282E-04  0.299941E-06  0.162117E-16  0.162110E-16  0.000000E+00  0.589999E-04  0.589999E-04  0.589999E-04 -0.269246E-09  0.606448E-04  0.367399E-06  0.254909E-10
  0.601515E+04  0.698079E-04  0.294856E-06  0.159213E-16  0.159206E-16  0.000000E+00  0.584799E-04  0.584799E-04  0.584799E-04 -0.266872E-09  0.601103E-04  0.344648E-06  0.251584E-10
  0.604292E+04  0.691937E-04  0.289729E-06  0.156363E-16  0.156356E-16  0.000000E+00  0.579649E-04  0.579649E-04  0.579649E-04 -0.264522E-09  0.595811E-04  0.322195E-06  0.248304E-10
  0.607081E+04  0.685854E-04  0.284564E-06  0.153564E-16  0.153558E-16  0.000000E+00  0.574549E-04  0.574549E-04  0.574549E-04 -0.262194E-09  0.590569E-04  0.300262E-06  0.245069E-10
  0.609883E+04  0.679813E-04  0.279361E-06  0.150812E-16  0.150806E-16  0.000000E+00  0.569484E-04  0.569484E-04  0.569484E-04 -0.259881E-09  0.585363E-04  0.279238E-06  0.241868E-10
  0.612698E+04  0.673836E-04  0.274139E-06  0.148112E-16  0.148107E-16  0.000000E+00  0.564472E-04  0.564472E-04  0.564472E-04 -0.257594E-09  0.580213E-04  0.259244E-06  0.238711E-10
  0.615527E+04  0.667885E-04  0.268893E-06  0.145455E-16  0.145450E-16  0.000000E+00  0.559483E-04  0.559483E-04  0.559483E-04 -0.255316E-09  0.575085E-04  0.240562E-06  0.235582E-10
  0.618368E+04  0.662070E-04  0.263679E-06  0.142864E-16  0.142859E-16  0.000000E+00  0.554607E-04  0.554607E-04  0.554607E-04 -0.253092E-09  0.570078E-04  0.223435E-06  0.232519E-10
  0.621222E+04  0.656238E-04  0.258447E-06  0.140303E-16  0.140299E-16  0.000000E+00  0.549717E-04  0.549717E-04  0.549717E-04 -0.250860E-09  0.565052E-04  0.207947E-06  0.229466E-10
  0.624089E+04  0.650464E-04  0.253244E-06  0.137790E-16  0.137786E-16  0.000000E+00  0.544875E-04  0.544875E-04  0.544875E-04 -0.248649E-09  0.560077E-04  0.194341E-06  0.226448E-10
  0.626970E+04  0.644691E-04  0.248057E-06  0.135311E-16  0.135308E-16  0.000000E+00  0.540035E-04  0.540035E-04  0.540035E-04 -0.246439E-09  0.555100E-04  0.182549E-06  0.223445E-10
  0.629864E+04  0.638997E-04  0.242937E-06  0.132883E-16  0.132879E-16  0.000000E+00  0.535260E-04  0.535260E-04  0.535260E-04 -0.244259E-09  0.550193E-04  0.172840E-06  0.220485E-10
  0.632771E+04  0.633381E-04  0.237896E-06  0.130504E-16  0.130501E-16  0.000000E+00  0.530551E-04  0.530551E-04  0.530551E-04 -0.242110E-09  0.545354E-04  0.165114E-06  0.217567E-10
  0.635692E+04  0.627804E-04  0.232931E-06  0.128166E-16  0.128163E-16  0.000000E+00  0.525875E-04  0.525875E-04  0.525875E-04 -0.239975E-09  0.540549E-04  0.159354E-06  0.214676E-10
  0.638626E+04  0.622281E-04  0.228065E-06  0.125870E-16  0.125868E-16  0.000000E+00  0.521244E-04  0.521244E-04  0.521244E-04 -0.237862E-09  0.535791E-04  0.155569E-06  0.211818E-10
  0.641574E+04  0.616796E-04  0.223302E-06  0.123614E-16  0.123611E-16  0.000000E+00  0.516645E-04  0.516645E-04  0.516645E-04 -0.235762E-09  0.531064E-04  0.153615E-06  0.208987E-10
  0.644535E+04  0.611392E-04  0.218668E-06  0.121405E-16  0.121402E-16  0.000000E+00  0.512114E-04  0.512114E-04  0.512114E-04 -0.233695E-09  0.526410E-04  0.153402E-06  0.206199E-10
  0.647510E+04  0.606010E-04  0.214153E-06  0.119230E-16  0.119228E-16  0.000000E+00  0.507602E-04  0.507602E-04  0.507602E-04 -0.231635E-09  0.521773E-04  0.154781E-06  0.203433E-10
  0.650499E+04  0.600677E-04  0.209776E-06  0.117095E-16  0.117092E-16  0.000000E+00  0.503131E-04  0.503131E-04  0.503131E-04 -0.229594E-09  0.517178E-04  0.157551E-06  0.200699E-10
  0.653502E+04  0.595385E-04  0.205539E-06  0.114997E-16  0.114994E-16  0.000000E+00  0.498694E-04  0.498694E-04  0.498694E-04 -0.227569E-09  0.512618E-04  0.161545E-06  0.197995E-10
  0.656518E+04  0.590134E-04  0.201448E-06  0.112936E-16  0.112933E-16  0.000000E+00  0.494292E-04  0.494292E-04  0.494292E-04 -0.225559E-09  0.508093E-04  0.166514E-06  0.195321E-10
  0.659549E+04  0.584944E-04  0.197513E-06  0.110914E-16  0.110911E-16  0.000000E+00  0.489942E-04  0.489942E-04  0.489942E-04 -0.223574E-09  0.503622E-04  0.172273E-06  0.192685E-10
  0.662593E+04  0.579792E-04  0.193725E-06  0.108928E-16  0.108925E-16  0.000000E+00  0.485623E-04  0.485623E-04  0.485623E-04 -0.221603E-09  0.499183E-04  0.178566E-06  0.190079E-10
  0.665651E+04  0.574688E-04  0.190089E-06  0.106977E-16  0.106974E-16  0.000000E+00  0.481345E-04  0.481345E-04  0.481345E-04 -0.219650E-09  0.494786E-04  0.185151E-06  0.187508E-10
  0.668724E+04  0.569622E-04  0.186598E-06  0.105060E-16  0.105057E-16  0.000000E+00  0.477099E-04  0.477099E-04  0.477099E-04 -0.217711E-09  0.490420E-04  0.191784E-06  0.184968E-10
  0.671810E+04  0.564613E-04  0.183255E-06  0.103180E-16  0.103177E-16  0.000000E+00  0.472900E-04  0.472900E-04  0.472900E-04 -0.215795E-09  0.486105E-04  0.198262E-06  0.182468E-10
  0.674911E+04  0.559637E-04  0.180043E-06  0.101332E-16  0.101329E-16  0.000000E+00  0.468730E-04  0.468730E-04  0.468730E-04 -0.213892E-09  0.481818E-04  0.204392E-06  0.179998E-10
  0.678027E+04  0.554628E-04  0.176935E-06  0.995026E-17  0.994993E-17  0.000000E+00  0.464533E-04  0.464533E-04  0.464533E-04 -0.211974E-09  0.477499E-04  0.209884E-06  0.177537E-10
  0.681156E+04  0.549741E-04  0.173973E-06  0.977205E-17  0.977171E-17  0.000000E+00  0.460437E-04  0.460437E-04  0.460437E-04 -0.210104E-09  0.473288E-04  0.214661E-06  0.175139E-10
  0.684300E+04  0.544897E-04  0.171122E-06  0.959705E-17  0.959670E-17  0.000000E+00  0.456378E-04  0.456378E-04  0.456378E-04 -0.208251E-09  0.469115E-04  0.218508E-06  0.172775E-10
  0.687459E+04  0.540101E-04  0.168372E-06  0.942528E-17  0.942493E-17  0.000000E+00  0.452359E-04  0.452359E-04  0.452359E-04 -0.206417E-09  0.464983E-04  0.221363E-06  0.170449E-10
  0.690632E+04  0.535340E-04  0.165707E-06  0.925647E-17  0.925613E-17  0.000000E+00  0.448370E-04  0.448370E-04  0.448370E-04 -0.204596E-09  0.460882E-04  0.223053E-06  0.168156E-10
  0.693820E+04  0.530631E-04  0.163123E-06  0.909085E-17  0.909051E-17  0.000000E+00  0.444423E-04  0.444423E-04  0.444423E-04 -0.202795E-09  0.456825E-04  0.223568E-06  0.165901E-10
  0.697022E+04  0.525948E-04  0.160599E-06  0.892794E-17  0.892760E-17  0.000000E+00  0.440500E-04  0.440500E-04  0.440500E-04 -0.201004E-09  0.452791E-04  0.222830E-06  0.163676E-10
  0.700240E+04  0.521319E-04  0.158130E-06  0.876814E-17  0.876781E-17  0.000000E+00  0.436621E-04  0.436621E-04  0.436621E-04 -0.199233E-09  0.448803E-04  0.220861E-06  0.161489E-10
  0.703472E+04  0.516720E-04  0.155701E-06  0.861105E-17  0.861072E-17  0.000000E+00  0.432768E-04  0.432768E-04  0.432768E-04 -0.197475E-09  0.444841E-04  0.217667E-06  0.159333E-10
  0.706719E+04  0.512176E-04  0.153310E-06  0.845699E-17  0.845668E-17  0.000000E+00  0.428960E-04  0.428960E-04  0.428960E-04 -0.195737E-09  0.440927E-04  0.213346E-06  0.157214E-10
  0.709981E+04  0.507661E-04  0.150936E-06  0.830550E-17  0.830520E-17  0.000000E+00  0.425177E-04  0.425177E-04  0.425177E-04 -0.194010E-09  0.437037E-04  0.207932E-06  0.155123E-10
  0.713258E+04  0.503191E-04  0.148579E-06  0.815683E-17  0.815654E-17  0.000000E+00  0.421432E-04  0.421432E-04  0.421432E-04 -0.192300E-09  0.433187E-04  0.201568E-06  0.153067E-10
  0.716550E+04  0.498754E-04  0.146227E-06  0.801070E-17  0.801042E-17  0.000000E+00  0.417714E-04  0.417714E-04  0.417714E-04 -0.190604E-09  0.429365E-04  0.194364E-06  0.151038E-10
  0.719858E+04  0.494363E-04  0.143877E-06  0.786729E-17  0.786702E-17  0.000000E+00  0.414035E-04  0.414035E-04  0.414035E-04 -0.188924E-09  0.425582E-04  0.186477E-06  0.149041E-10
  0.723181E+04  0.490007E-04  0.141523E-06  0.772638E-17  0.772613E-17  0.000000E+00  0.410385E-04  0.410385E-04  0.410385E-04 -0.187258E-09  0.421830E-04  0.178063E-06  0.147072E-10
  0.726519E+04  0.485691E-04  0.139162E-06  0.758802E-17  0.758779E-17  0.000000E+00  0.406768E-04  0.406768E-04  0.406768E-04 -0.185608E-09  0.418113E-04  0.169298E-06  0.145132E-10
  0.729872E+04  0.481408E-04  0.136792E-06  0.745205E-17  0.745183E-17  0.000000E+00  0.403180E-04  0.403180E-04  0.403180E-04 -0.183970E-09  0.414423E-04  0.160336E-06  0.143216E-10
  0.733241E+04  0.477162E-04  0.134413E-06  0.731850E-17  0.731829E-17  0.000000E+00  0.399622E-04  0.399622E-04  0.399622E-04 -0.182345E-09  0.410765E-04  0.151368E-06  0.141326E-10
  0.736626E+04  0.472962E-04  0.132028E-06  0.718746E-17  0.718727E-17  0.000000E+00  0.396102E-04  0.396102E-04  0.396102E-04 -0.180739E-09  0.407147E-04  0.142586E-06  0.139463E-10
  0.740026E+04  0.468794E-04  0.129638E-06  0.705871E-17  0.705853E-17  0.000000E+00  0.392609E-04  0.392609E-04  0.392609E-04 -0.179145E-09  0.403557E-04  0.134089E-06  0.137623E-10
  0.743441E+04  0.464664E-04  0.127245E-06  0.693226E-17  0.693209E-17  0.000000E+00  0.389148E-04  0.389148E-04  0.389148E-04 -0.177565E-09  0.399999E-04  0.126078E-06  0.135806E-10
  0.746873E+04  0.460709E-04  0.124896E-06  0.681026E-17  0.681011E-17  0.000000E+00  0.385834E-04  0.385834E-04  0.385834E-04 -0.176056E-09  0.396601E-04  0.118685E-06  0.134055E-10
  0.750320E+04  0.456659E-04  0.122517E-06  0.668841E-17  0.668827E-17  0.000000E+00  0.382440E-04  0.382440E-04  0.382440E-04 -0.174507E-09  0.393113E-04  0.111984E-06  0.132285E-10
  0.753784E+04  0.452635E-04  0.120149E-06  0.656859E-17  0.656845E-17  0.000000E+00  0.379068E-04  0.379068E-04  0.379068E-04 -0.172968E-09  0.389647E-04  0.106067E-06  0.130532E-10
  0.757263E+04  0.448648E-04  0.117802E-06  0.645093E-17  0.645080E-17  0.000000E+00  0.375727E-04  0.375727E-04  0.375727E-04 -0.171443E-09  0.386213E-04  0.101012E-06  0.128801E-10
  0.760758E+04  0.444688E-04  0.115480E-06  0.633525E-17  0.633513E-17  0.000000E+00  0.372409E-04  0.372409E-04  0.372409E-04 -0.169928E-09  0.382801E-04  0.968681E-07  0.127088E-10
  0.764270E+04  0.440768E-04  0.113192E-06  0.622174E-17  0.622162E-17  0.000000E+00  0.369124E-04  0.369124E-04  0.369124E-04 -0.168429E-09  0.379425E-04  0.936144E-07  0.125396E-10
  0.767798E+04  0.436882E-04  0.110945E-06  0.611024E-17  0.611013E-17  0.000000E+00  0.365867E-04  0.365867E-04  0.365867E-04 -0.166942E-09  0.376077E-04  0.912876E-07  0.123723E-10
  0.771342E+04  0.433035E-04  0.108744E-06  0.600082E-17  0.600071E-17  0.000000E+00  0.362644E-04  0.362644E-04  0.362644E-04 -0.165471E-09  0.372764E-04  0.898175E-07  0.122072E-10
  0.774902E+04  0.429210E-04  0.106590E-06  0.589318E-17  0.589307E-17  0.000000E+00  0.359438E-04  0.359438E-04  0.359438E-04 -0.164008E-09  0.369469E-04  0.891619E-07  0.120437E-10
  0.778479E+04  0.425428E-04  0.104496E-06  0.578762E-17  0.578751E-17  0.000000E+00  0.356269E-04  0.356269E-04  0.356269E-04 -0.162562E-09  0.366211E-04  0.892161E-07  0.118824E-10
  0.782072E+04  0.421677E-04  0.102459E-06  0.568391E-17  0.568381E-17  0.000000E+00  0.353127E-04  0.353127E-04  0.353127E-04 -0.161127E-09  0.362981E-04  0.899166E-07  0.117230E-10
  0.785682E+04  0.417964E-04  0.100486E-06  0.558214E-17  0.558203E-17  0.000000E+00  0.350015E-04  0.350015E-04  0.350015E-04 -0.159707E-09  0.359783E-04  0.911531E-07  0.115656E-10
  0.789308E+04  0.414275E-04  0.985745E-07  0.548207E-17  0.548196E-17  0.000000E+00  0.346924E-04  0.346924E-04  0.346924E-04 -0.158296E-09  0.356605E-04  0.927783E-07  0.114100E-10
  0.792952E+04  0.410625E-04  0.967291E-07  0.538388E-17  0.538377E-17  0.000000E+00  0.343866E-04  0.343866E-04  0.343866E-04 -0.156900E-09  0.353461E-04  0.947083E-07  0.112566E-10
  0.796612E+04  0.407004E-04  0.949479E-07  0.528742E-17  0.528730E-17  0.000000E+00  0.340832E-04  0.340832E-04  0.340832E-04 -0.155515E-09  0.350342E-04  0.967546E-07  0.111051E-10
  0.800289E+04  0.403421E-04  0.932310E-07  0.519277E-17  0.519266E-17  0.000000E+00  0.337830E-04  0.337830E-04  0.337830E-04 -0.154146E-09  0.347257E-04  0.988401E-07  0.109558E-10
  0.803983E+04  0.399863E-04  0.915737E-07  0.509973E-17  0.509961E-17  0.000000E+00  0.334849E-04  0.334849E-04  0.334849E-04 -0.152785E-09  0.344192E-04  0.100792E-06  0.108083E-10
  0.807694E+04  0.396339E-04  0.899743E-07  0.500839E-17  0.500828E-17  0.000000E+00  0.331897E-04  0.331897E-04  0.331897E-04 -0.151437E-09  0.341157E-04  0.102551E-06  0.106629E-10
  0.811422E+04  0.392841E-04  0.884282E-07  0.491864E-17  0.491852E-17  0.000000E+00  0.328967E-04  0.328967E-04  0.328967E-04 -0.150100E-09  0.338145E-04  0.103992E-06  0.105195E-10
  0.815167E+04  0.389368E-04  0.869302E-07  0.483040E-17  0.483028E-17  0.000000E+00  0.326057E-04  0.326057E-04  0.326057E-04 -0.148772E-09  0.335152E-04  0.105020E-06  0.103779E-10
  0.818930E+04  0.385934E-04  0.854790E-07  0.474387E-17  0.474375E-17  0.000000E+00  0.323181E-04  0.323181E-04  0.323181E-04 -0.147459E-09  0.332195E-04  0.105578E-06  0.102386E-10
  0.822710E+04  0.382539E-04  0.840685E-07  0.465898E-17  0.465887E-17  0.000000E+00  0.320336E-04  0.320336E-04  0.320336E-04 -0.146161E-09  0.329271E-04  0.105602E-06  0.101016E-10
  0.826507E+04  0.379166E-04  0.826909E-07  0.457553E-17  0.457541E-17  0.000000E+00  0.317511E-04  0.317511E-04  0.317511E-04 -0.144871E-09  0.326366E-04  0.105089E-06  0.996632E-11
  0.830322E+04  0.375827E-04  0.813424E-07  0.449362E-17  0.449351E-17  0.000000E+00  0.314713E-04  0.314713E-04  0.314713E-04 -0.143594E-09  0.323490E-04  0.104006E-06  0.983317E-11
  0.834155E+04  0.372513E-04  0.800173E-07  0.441312E-17  0.441301E-17  0.000000E+00  0.311937E-04  0.311937E-04  0.311937E-04 -0.142327E-09  0.320636E-04  0.102376E-06  0.970185E-11
  0.838005E+04  0.369229E-04  0.787106E-07  0.433408E-17  0.433397E-17  0.000000E+00  0.309186E-04  0.309186E-04  0.309186E-04 -0.141072E-09  0.317808E-04  0.100229E-06  0.957247E-11
  0.841873E+04  0.365967E-04  0.774167E-07  0.425637E-17  0.425627E-17  0.000000E+00  0.306454E-04  0.306454E-04  0.306454E-04 -0.139825E-09  0.314999E-04  0.976059E-07  0.944479E-11
  0.845759E+04  0.362744E-04  0.761362E-07  0.418016E-17  0.418006E-17  0.000000E+00  0.303754E-04  0.303754E-04  0.303754E-04 -0.138592E-09  0.312223E-04  0.945725E-07  0.931919E-11
  0.849663E+04  0.359545E-04  0.748620E-07  0.410527E-17  0.410518E-17  0.000000E+00  0.301075E-04  0.301075E-04  0.301075E-04 -0.137370E-09  0.309468E-04  0.912075E-07  0.919528E-11
  0.853585E+04  0.356374E-04  0.735934E-07  0.403172E-17  0.403163E-17  0.000000E+00  0.298418E-04  0.298418E-04  0.298418E-04 -0.136157E-09  0.306737E-04  0.875877E-07  0.907309E-11
  0.857525E+04  0.353223E-04  0.723268E-07  0.395939E-17  0.395931E-17  0.000000E+00  0.295779E-04  0.295779E-04  0.295779E-04 -0.134952E-09  0.304023E-04  0.838110E-07  0.895239E-11
  0.861483E+04  0.350113E-04  0.710656E-07  0.388850E-17  0.388843E-17  0.000000E+00  0.293173E-04  0.293173E-04  0.293173E-04 -0.133763E-09  0.301345E-04  0.799825E-07  0.883366E-11
  0.865460E+04  0.347024E-04  0.698064E-07  0.381882E-17  0.381875E-17  0.000000E+00  0.290586E-04  0.290586E-04  0.290586E-04 -0.132582E-09  0.298685E-04  0.761732E-07  0.871636E-11
  0.869454E+04  0.343966E-04  0.685514E-07  0.375042E-17  0.375035E-17  0.000000E+00  0.288024E-04  0.288024E-04  0.288024E-04 -0.131413E-09  0.296051E-04  0.724940E-07  0.860068E-11
  0.873468E+04  0.340924E-04  0.672992E-07  0.368313E-17  0.368306E-17  0.000000E+00  0.285476E-04  0.285476E-04  0.285476E-04 -0.130250E-09  0.293432E-04  0.690088E-07  0.848624E-11
  0.877499E+04  0.337916E-04  0.660554E-07  0.361711E-17  0.361705E-17  0.000000E+00  0.282956E-04  0.282956E-04  0.282956E-04 -0.129100E-09  0.290841E-04  0.657882E-07  0.837341E-11
  0.881550E+04  0.334929E-04  0.648194E-07  0.355222E-17  0.355217E-17  0.000000E+00  0.280453E-04  0.280453E-04  0.280453E-04 -0.127957E-09  0.288268E-04  0.628987E-07  0.826187E-11
  0.885619E+04  0.331977E-04  0.635975E-07  0.348860E-17  0.348854E-17  0.000000E+00  0.277981E-04  0.277981E-04  0.277981E-04 -0.126829E-09  0.285727E-04  0.603979E-07  0.815196E-11
  0.889706E+04  0.329044E-04  0.623887E-07  0.342603E-17  0.342598E-17  0.000000E+00  0.275524E-04  0.275524E-04  0.275524E-04 -0.125708E-09  0.283201E-04  0.582967E-07  0.804322E-11
  0.893813E+04  0.326007E-04  0.611718E-07  0.336316E-17  0.336311E-17  0.000000E+00  0.272979E-04  0.272979E-04  0.272979E-04 -0.124543E-09  0.280578E-04  0.565919E-07  0.793244E-11
  0.897939E+04  0.323128E-04  0.600021E-07  0.330286E-17  0.330281E-17  0.000000E+00  0.270568E-04  0.270568E-04  0.270568E-04 -0.123442E-09  0.278099E-04  0.553257E-07  0.782645E-11
  0.902084E+04  0.320275E-04  0.588558E-07  0.324364E-17  0.324360E-17  0.000000E+00  0.268178E-04  0.268178E-04  0.268178E-04 -0.122352E-09  0.275642E-04  0.544638E-07  0.772176E-11
  0.906247E+04  0.317447E-04  0.577344E-07  0.318549E-17  0.318544E-17  0.000000E+00  0.265809E-04  0.265809E-04  0.265809E-04 -0.121270E-09  0.273206E-04  0.539695E-07  0.761838E-11
  0.910430E+04  0.314641E-04  0.566402E-07  0.312834E-17  0.312830E-17  0.000000E+00  0.263458E-04  0.263458E-04  0.263458E-04 -0.120197E-09  0.270789E-04  0.537928E-07  0.751621E-11
  0.914633E+04  0.311864E-04  0.555764E-07  0.307227E-17  0.307223E-17  0.000000E+00  0.261132E-04  0.261132E-04  0.261132E-04 -0.119136E-09  0.268398E-04  0.538889E-07  0.741545E-11
  0.918855E+04  0.309111E-04  0.545422E-07  0.301721E-17  0.301716E-17  0.000000E+00  0.258826E-04  0.258826E-04  0.258826E-04 -0.118083E-09  0.266028E-04  0.541811E-07  0.731598E-11
  0.923096E+04  0.306382E-04  0.535382E-07  0.296312E-17  0.296307E-17  0.000000E+00  0.256540E-04  0.256540E-04  0.256540E-04 -0.117040E-09  0.263678E-04  0.546217E-07  0.721778E-11
  0.927357E+04  0.303675E-04  0.525640E-07  0.290998E-17  0.290994E-17  0.000000E+00  0.254273E-04  0.254273E-04  0.254273E-04 -0.116005E-09  0.261346E-04  0.551337E-07  0.712082E-11
  0.931637E+04  0.300996E-04  0.516204E-07  0.285784E-17  0.285780E-17  0.000000E+00  0.252029E-04  0.252029E-04  0.252029E-04 -0.114981E-09  0.259040E-04  0.556376E-07  0.702528E-11
  0.935937E+04  0.298337E-04  0.507047E-07  0.280660E-17  0.280656E-17  0.000000E+00  0.249802E-04  0.249802E-04  0.249802E-04 -0.113965E-09  0.256750E-04  0.560931E-07  0.693094E-11
  0.940257E+04  0.295704E-04  0.498162E-07  0.275630E-17  0.275626E-17  0.000000E+00  0.247597E-04  0.247597E-04  0.247597E-04 -0.112958E-09  0.254483E-04  0.564156E-07  0.683795E-11
  0.944597E+04  0.293085E-04  0.489514E-07  0.270682E-17  0.270677E-17  0.000000E+00  0.245403E-04  0.245403E-04  0.245403E-04 -0.111957E-09  0.252227E-04  0.565613E-07  0.674603E-11
  0.948957E+04  0.290503E-04  0.481113E-07  0.265835E-17  0.265830E-17  0.000000E+00  0.243240E-04  0.243240E-04  0.243240E-04 -0.110970E-09  0.250004E-04  0.565088E-07  0.665571E-11
  0.953338E+04  0.287936E-04  0.472905E-07  0.261068E-17  0.261064E-17  0.000000E+00  0.241090E-04  0.241090E-04  0.241090E-04 -0.109989E-09  0.247794E-04  0.562236E-07  0.656650E-11
  0.957738E+04  0.285394E-04  0.464874E-07  0.256389E-17  0.256385E-17  0.000000E+00  0.238961E-04  0.238961E-04  0.238961E-04 -0.109017E-09  0.245605E-04  0.556743E-07  0.647861E-11
  0.962159E+04  0.282868E-04  0.456989E-07  0.251788E-17  0.251783E-17  0.000000E+00  0.236846E-04  0.236846E-04  0.236846E-04 -0.108051E-09  0.243430E-04  0.548815E-07  0.639181E-11
  0.966600E+04  0.280373E-04  0.449246E-07  0.247276E-17  0.247272E-17  0.000000E+00  0.234756E-04  0.234756E-04  0.234756E-04 -0.107098E-09  0.241281E-04  0.538410E-07  0.630643E-11
  0.971062E+04  0.277897E-04  0.441606E-07  0.242844E-17  0.242840E-17  0.000000E+00  0.232682E-04  0.232682E-04  0.232682E-04 -0.106151E-09  0.239149E-04  0.525832E-07  0.622219E-11
  0.975544E+04  0.275438E-04  0.434050E-07  0.238486E-17  0.238482E-17  0.000000E+00  0.230622E-04  0.230622E-04  0.230622E-04 -0.105211E-09  0.237031E-04  0.511343E-07  0.613901E-11
  0.980047E+04  0.273006E-04  0.426575E-07  0.234211E-17  0.234208E-17  0.000000E+00  0.228586E-04  0.228586E-04  0.228586E-04 -0.104282E-09  0.234938E-04  0.495347E-07  0.605714E-11
  0.984570E+04  0.270594E-04  0.419161E-07  0.230012E-17  0.230008E-17  0.000000E+00  0.226566E-04  0.226566E-04  0.226566E-04 -0.103360E-09  0.232861E-04  0.478235E-07  0.597633E-11
  0.989115E+04  0.268206E-04  0.411806E-07  0.225889E-17  0.225886E-17  0.000000E+00  0.224565E-04  0.224565E-04  0.224565E-04 -0.102447E-09  0.230804E-04  0.460600E-07  0.589667E-11
  0.993680E+04  0.265831E-04  0.404495E-07  0.221834E-17  0.221830E-17  0.000000E+00  0.222576E-04  0.222576E-04  0.222576E-04 -0.101539E-09  0.228759E-04  0.442867E-07  0.581792E-11
  0.998267E+04  0.263486E-04  0.397251E-07  0.217859E-17  0.217856E-17  0.000000E+00  0.220612E-04  0.220612E-04  0.220612E-04 -0.100643E-09  0.226741E-04  0.425580E-07  0.574043E-11
  0.100287E+05  0.261155E-04  0.390054E-07  0.213950E-17  0.213947E-17  0.000000E+00  0.218660E-04  0.218660E-04  0.218660E-04 -0.997519E-10  0.224734E-04  0.409091E-07  0.566379E-11
  0.100750E+05  0.258851E-04  0.382934E-07  0.210116E-17  0.210113E-17  0.000000E+00  0.216730E-04  0.216730E-04  0.216730E-04 -0.988711E-10  0.222749E-04  0.393777E-07  0.558829E-11
  0.101215E+05  0.256563E-04  0.375882E-07  0.206347E-17  0.206345E-17  0.000000E+00  0.214814E-04  0.214814E-04  0.214814E-04 -0.979964E-10  0.220779E-04  0.380187E-07  0.551366E-11
  0.101683E+05  0.254293E-04  0.368915E-07  0.202644E-17  0.202642E-17  0.000000E+00  0.212912E-04  0.212912E-04  0.212912E-04 -0.971287E-10  0.218825E-04  0.368310E-07  0.543995E-11
  0.102152E+05  0.252047E-04  0.362056E-07  0.199011E-17  0.199009E-17  0.000000E+00  0.211031E-04  0.211031E-04  0.211031E-04 -0.962702E-10  0.216891E-04  0.358336E-07  0.536727E-11
  0.102623E+05  0.249819E-04  0.355308E-07  0.195442E-17  0.195440E-17  0.000000E+00  0.209166E-04  0.209166E-04  0.209166E-04 -0.954188E-10  0.214973E-04  0.350383E-07  0.529548E-11
  0.103097E+05  0.247613E-04  0.348688E-07  0.191938E-17  0.191936E-17  0.000000E+00  0.207318E-04  0.207318E-04  0.207318E-04 -0.945754E-10  0.213073E-04  0.344279E-07  0.522464E-11
  0.103573E+05  0.245420E-04  0.342196E-07  0.188492E-17  0.188490E-17  0.000000E+00  0.205481E-04  0.205481E-04  0.205481E-04 -0.937371E-10  0.211185E-04  0.339912E-07  0.515458E-11
  0.104051E+05  0.243256E-04  0.335864E-07  0.185115E-17  0.185113E-17  0.000000E+00  0.203669E-04  0.203669E-04  0.203669E-04 -0.929101E-10  0.209322E-04  0.337127E-07  0.508563E-11
  0.104531E+05  0.241106E-04  0.329676E-07  0.181796E-17  0.181793E-17  0.000000E+00  0.201868E-04  0.201868E-04  0.201868E-04 -0.920885E-10  0.207471E-04  0.335570E-07  0.501747E-11
  0.105014E+05  0.238974E-04  0.323644E-07  0.178535E-17  0.178533E-17  0.000000E+00  0.200083E-04  0.200083E-04  0.200083E-04 -0.912737E-10  0.205635E-04  0.334915E-07  0.495018E-11
  0.105499E+05  0.236862E-04  0.317770E-07  0.175333E-17  0.175331E-17  0.000000E+00  0.198314E-04  0.198314E-04  0.198314E-04 -0.904666E-10  0.203817E-04  0.334828E-07  0.488380E-11
  0.105986E+05  0.234773E-04  0.312057E-07  0.172192E-17  0.172190E-17  0.000000E+00  0.196565E-04  0.196565E-04  0.196565E-04 -0.896682E-10  0.202019E-04  0.334949E-07  0.481839E-11
  0.106475E+05  0.232699E-04  0.306490E-07  0.169105E-17  0.169103E-17  0.000000E+00  0.194828E-04  0.194828E-04  0.194828E-04 -0.888755E-10  0.200233E-04  0.334867E-07  0.475378E-11
  0.106966E+05  0.230635E-04  0.301053E-07  0.166066E-17  0.166064E-17  0.000000E+00  0.193099E-04  0.193099E-04  0.193099E-04 -0.880865E-10  0.198455E-04  0.334316E-07  0.468988E-11
  0.107460E+05  0.228601E-04  0.295769E-07  0.163091E-17  0.163089E-17  0.000000E+00  0.191395E-04  0.191395E-04  0.191395E-04 -0.873091E-10  0.196704E-04  0.333045E-07  0.462709E-11
  0.107956E+05  0.226633E-04  0.290672E-07  0.160206E-17  0.160204E-17  0.000000E+00  0.189747E-04  0.189747E-04  0.189747E-04 -0.865581E-10  0.195013E-04  0.330872E-07  0.456621E-11
  0.108454E+05  0.224625E-04  0.285608E-07  0.157329E-17  0.157327E-17  0.000000E+00  0.188066E-04  0.188066E-04  0.188066E-04 -0.857906E-10  0.193283E-04  0.327521E-07  0.450494E-11
  0.108955E+05  0.222611E-04  0.280614E-07  0.154487E-17  0.154485E-17  0.000000E+00  0.186380E-04  0.186380E-04  0.186380E-04 -0.850206E-10  0.191549E-04  0.323031E-07  0.444403E-11
  0.109458E+05  0.220644E-04  0.275747E-07  0.151717E-17  0.151715E-17  0.000000E+00  0.184732E-04  0.184732E-04  0.184732E-04 -0.842686E-10  0.189855E-04  0.317428E-07  0.438456E-11
  0.109963E+05  0.218694E-04  0.270957E-07  0.148996E-17  0.148995E-17  0.000000E+00  0.183099E-04  0.183099E-04  0.183099E-04 -0.835235E-10  0.188176E-04  0.310791E-07  0.432591E-11
  0.110471E+05  0.216755E-04  0.266226E-07  0.146320E-17  0.146318E-17  0.000000E+00  0.181476E-04  0.181476E-04  0.181476E-04 -0.827825E-10  0.186507E-04  0.303246E-07  0.426794E-11
  0.110981E+05  0.214841E-04  0.261568E-07  0.143697E-17  0.143695E-17  0.000000E+00  0.179872E-04  0.179872E-04  0.179872E-04 -0.820509E-10  0.184859E-04  0.295001E-07  0.421092E-11
  0.111493E+05  0.212942E-04  0.256958E-07  0.141120E-17  0.141118E-17  0.000000E+00  0.178282E-04  0.178282E-04  0.178282E-04 -0.813250E-10  0.183223E-04  0.286272E-07  0.415463E-11
  0.112007E+05  0.211051E-04  0.252391E-07  0.138583E-17  0.138581E-17  0.000000E+00  0.176698E-04  0.176698E-04  0.176698E-04 -0.806022E-10  0.181595E-04  0.277342E-07  0.409893E-11
  0.112524E+05  0.209080E-04  0.247751E-07  0.136025E-17  0.136023E-17  0.000000E+00  0.175048E-04  0.175048E-04  0.175048E-04 -0.798465E-10  0.179893E-04  0.268303E-07  0.404200E-11
  0.113044E+05  0.207227E-04  0.243290E-07  0.133582E-17  0.133580E-17  0.000000E+00  0.173496E-04  0.173496E-04  0.173496E-04 -0.791384E-10  0.178298E-04  0.259725E-07  0.398789E-11
  0.113566E+05  0.205397E-04  0.238891E-07  0.131188E-17  0.131186E-17  0.000000E+00  0.171964E-04  0.171964E-04  0.171964E-04 -0.784392E-10  0.176723E-04  0.251676E-07  0.393463E-11
  0.114090E+05  0.203581E-04  0.234543E-07  0.128834E-17  0.128833E-17  0.000000E+00  0.170443E-04  0.170443E-04  0.170443E-04 -0.777451E-10  0.175159E-04  0.244271E-07  0.388201E-11
  0.114616E+05  0.201779E-04  0.230255E-07  0.126522E-17  0.126520E-17  0.000000E+00  0.168934E-04  0.168934E-04  0.168934E-04 -0.770563E-10  0.173607E-04  0.237777E-07  0.383003E-11
  0.115145E+05  0.199994E-04  0.226035E-07  0.124252E-17  0.124251E-17  0.000000E+00  0.167439E-04  0.167439E-04  0.167439E-04 -0.763743E-10  0.172071E-04  0.232168E-07  0.377878E-11
  0.115677E+05  0.198224E-04  0.221887E-07  0.122022E-17  0.122021E-17  0.000000E+00  0.165957E-04  0.165957E-04  0.165957E-04 -0.756981E-10  0.170547E-04  0.227490E-07  0.372817E-11
  0.116211E+05  0.196470E-04  0.217816E-07  0.119833E-17  0.119832E-17  0.000000E+00  0.164488E-04  0.164488E-04  0.164488E-04 -0.750277E-10  0.169037E-04  0.223717E-07  0.367822E-11
  0.116747E+05  0.194727E-04  0.213822E-07  0.117679E-17  0.117678E-17  0.000000E+00  0.163029E-04  0.163029E-04  0.163029E-04 -0.743615E-10  0.167536E-04  0.220720E-07  0.362883E-11
  0.117286E+05  0.193008E-04  0.209923E-07  0.115570E-17  0.115569E-17  0.000000E+00  0.161589E-04  0.161589E-04  0.161589E-04 -0.737046E-10  0.166056E-04  0.218423E-07  0.358026E-11
  0.117828E+05  0.191298E-04  0.206106E-07  0.113495E-17  0.113494E-17  0.000000E+00  0.160157E-04  0.160157E-04  0.160157E-04 -0.730510E-10  0.164584E-04  0.216616E-07  0.353221E-11
  0.118371E+05  0.189602E-04  0.202375E-07  0.111457E-17  0.111455E-17  0.000000E+00  0.158737E-04  0.158737E-04  0.158737E-04 -0.724029E-10  0.163124E-04  0.215155E-07  0.348478E-11
  0.118918E+05  0.187928E-04  0.198741E-07  0.109459E-17  0.109458E-17  0.000000E+00  0.157335E-04  0.157335E-04  0.157335E-04 -0.717633E-10  0.161683E-04  0.213839E-07  0.343812E-11
  0.119467E+05  0.186282E-04  0.195206E-07  0.107505E-17  0.107504E-17  0.000000E+00  0.155957E-04  0.155957E-04  0.155957E-04 -0.711349E-10  0.160268E-04  0.212462E-07  0.339235E-11
  0.120018E+05  0.184633E-04  0.191732E-07  0.105576E-17  0.105575E-17  0.000000E+00  0.154576E-04  0.154576E-04  0.154576E-04 -0.705046E-10  0.158847E-04  0.210871E-07  0.334683E-11
  0.120572E+05  0.182999E-04  0.188337E-07  0.103681E-17  0.103680E-17  0.000000E+00  0.153208E-04  0.153208E-04  0.153208E-04 -0.698803E-10  0.157441E-04  0.208955E-07  0.330196E-11
  0.121129E+05  0.181379E-04  0.185012E-07  0.101821E-17  0.101820E-17  0.000000E+00  0.151851E-04  0.151851E-04  0.151851E-04 -0.692614E-10  0.156047E-04  0.206532E-07  0.325769E-11
  0.121688E+05  0.179775E-04  0.181753E-07  0.999939E-18  0.999929E-18  0.000000E+00  0.150508E-04  0.150508E-04  0.150508E-04 -0.686482E-10  0.154665E-04  0.203634E-07  0.321404E-11
  0.122249E+05  0.178176E-04  0.178547E-07  0.981953E-18  0.981944E-18  0.000000E+00  0.149169E-04  0.149169E-04  0.149169E-04 -0.680373E-10  0.153289E-04  0.200246E-07  0.317084E-11
  0.122814E+05  0.176614E-04  0.175417E-07  0.964415E-18  0.964406E-18  0.000000E+00  0.147861E-04  0.147861E-04  0.147861E-04 -0.674405E-10  0.151945E-04  0.196377E-07  0.312863E-11
  0.123381E+05  0.175052E-04  0.172323E-07  0.947117E-18  0.947108E-18  0.000000E+00  0.146553E-04  0.146553E-04  0.146553E-04 -0.668439E-10  0.150600E-04  0.192051E-07  0.308676E-11
  0.123950E+05  0.173596E-04  0.169370E-07  0.930654E-18  0.930646E-18  0.000000E+00  0.145334E-04  0.145334E-04  0.145334E-04 -0.662899E-10  0.149352E-04  0.187543E-07  0.304717E-11
  0.124522E+05  0.172060E-04  0.166361E-07  0.913955E-18  0.913947E-18  0.000000E+00  0.144048E-04  0.144048E-04  0.144048E-04 -0.657029E-10  0.148030E-04  0.182733E-07  0.300638E-11
  0.125097E+05  0.170538E-04  0.163393E-07  0.897557E-18  0.897549E-18  0.000000E+00  0.142773E-04  0.142773E-04  0.142773E-04 -0.651212E-10  0.146720E-04  0.177860E-07  0.296614E-11
  0.125674E+05  0.169028E-04  0.160464E-07  0.881447E-18  0.881440E-18  0.000000E+00  0.141509E-04  0.141509E-04  0.141509E-04 -0.645443E-10  0.145420E-04  0.173058E-07  0.292642E-11
  0.126254E+05  0.167531E-04  0.157576E-07  0.865625E-18  0.865618E-18  0.000000E+00  0.140256E-04  0.140256E-04  0.140256E-04 -0.639724E-10  0.144131E-04  0.168454E-07  0.288723E-11
  0.126837E+05  0.166044E-04  0.154724E-07  0.850066E-18  0.850059E-18  0.000000E+00  0.139010E-04  0.139010E-04  0.139010E-04 -0.634039E-10  0.142851E-04  0.164146E-07  0.284848E-11
  0.127423E+05  0.164576E-04  0.151922E-07  0.834823E-18  0.834816E-18  0.000000E+00  0.137781E-04  0.137781E-04  0.137781E-04 -0.628432E-10  0.141588E-04  0.160234E-07  0.281038E-11
  0.128011E+05  0.163118E-04  0.149163E-07  0.819833E-18  0.819827E-18  0.000000E+00  0.136560E-04  0.136560E-04  0.136560E-04 -0.622860E-10  0.140332E-04  0.156734E-07  0.277270E-11
  0.128602E+05  0.161672E-04  0.146449E-07  0.805107E-18  0.805100E-18  0.000000E+00  0.135349E-04  0.135349E-04  0.135349E-04 -0.617333E-10  0.139087E-04  0.153684E-07  0.273550E-11
  0.129195E+05  0.160242E-04  0.143791E-07  0.790668E-18  0.790662E-18  0.000000E+00  0.134152E-04  0.134152E-04  0.134152E-04 -0.611872E-10  0.137857E-04  0.151101E-07  0.269888E-11
  0.129792E+05  0.158821E-04  0.141179E-07  0.776464E-18  0.776458E-18  0.000000E+00  0.132962E-04  0.132962E-04  0.132962E-04 -0.606442E-10  0.136633E-04  0.148863E-07  0.266265E-11
  0.130391E+05  0.157408E-04  0.138617E-07  0.762493E-18  0.762487E-18  0.000000E+00  0.131779E-04  0.131779E-04  0.131779E-04 -0.601041E-10  0.135417E-04  0.146933E-07  0.262683E-11
  0.130993E+05  0.156017E-04  0.136117E-07  0.748820E-18  0.748815E-18  0.000000E+00  0.130614E-04  0.130614E-04  0.130614E-04 -0.595726E-10  0.134219E-04  0.145243E-07  0.259165E-11
  0.131597E+05  0.154635E-04  0.133668E-07  0.735376E-18  0.735370E-18  0.000000E+00  0.129457E-04  0.129457E-04  0.129457E-04 -0.590444E-10  0.133030E-04  0.143666E-07  0.255687E-11
  0.132205E+05  0.153264E-04  0.131269E-07  0.722169E-18  0.722164E-18  0.000000E+00  0.128309E-04  0.128309E-04  0.128309E-04 -0.585207E-10  0.131850E-04  0.142129E-07  0.252256E-11
  0.132815E+05  0.151907E-04  0.128923E-07  0.709208E-18  0.709202E-18  0.000000E+00  0.127173E-04  0.127173E-04  0.127173E-04 -0.580022E-10  0.130682E-04  0.140515E-07  0.248873E-11
  0.133428E+05  0.150559E-04  0.126623E-07  0.696462E-18  0.696457E-18  0.000000E+00  0.126044E-04  0.126044E-04  0.126044E-04 -0.574870E-10  0.129521E-04  0.138783E-07  0.245530E-11
  0.134044E+05  0.149223E-04  0.124369E-07  0.683949E-18  0.683944E-18  0.000000E+00  0.124926E-04  0.124926E-04  0.124926E-04 -0.569766E-10  0.128371E-04  0.136849E-07  0.242233E-11
  0.134663E+05  0.147900E-04  0.122159E-07  0.671666E-18  0.671661E-18  0.000000E+00  0.123818E-04  0.123818E-04  0.123818E-04 -0.564712E-10  0.127232E-04  0.134728E-07  0.238983E-11
  0.135284E+05  0.146590E-04  0.119990E-07  0.659605E-18  0.659600E-18  0.000000E+00  0.122720E-04  0.122720E-04  0.122720E-04 -0.559703E-10  0.126104E-04  0.132371E-07  0.235778E-11
  0.135909E+05  0.145292E-04  0.117858E-07  0.647767E-18  0.647762E-18  0.000000E+00  0.121634E-04  0.121634E-04  0.121634E-04 -0.554745E-10  0.124987E-04  0.129809E-07  0.232618E-11
  0.136536E+05  0.144002E-04  0.115759E-07  0.636127E-18  0.636122E-18  0.000000E+00  0.120554E-04  0.120554E-04  0.120554E-04 -0.549818E-10  0.123877E-04  0.127062E-07  0.229496E-11
  0.137166E+05  0.142726E-04  0.113693E-07  0.624702E-18  0.624697E-18  0.000000E+00  0.119485E-04  0.119485E-04  0.119485E-04 -0.544940E-10  0.122778E-04  0.124231E-07  0.226418E-11
  0.137799E+05  0.141463E-04  0.111664E-07  0.613496E-18  0.613492E-18  0.000000E+00  0.118428E-04  0.118428E-04  0.118428E-04 -0.540118E-10  0.121691E-04  0.121362E-07  0.223387E-11
  0.138435E+05  0.140209E-04  0.109661E-07  0.602476E-18  0.602472E-18  0.000000E+00  0.117378E-04  0.117378E-04  0.117378E-04 -0.535325E-10  0.120612E-04  0.118516E-07  0.220391E-11
  0.139074E+05  0.138965E-04  0.107689E-07  0.591652E-18  0.591648E-18  0.000000E+00  0.116337E-04  0.116337E-04  0.116337E-04 -0.530572E-10  0.119541E-04  0.115744E-07  0.217434E-11
  0.139716E+05  0.137734E-04  0.105749E-07  0.581032E-18  0.581028E-18  0.000000E+00  0.115306E-04  0.115306E-04  0.115306E-04 -0.525871E-10  0.118482E-04  0.113154E-07  0.214520E-11
  0.140361E+05  0.136513E-04  0.103840E-07  0.570597E-18  0.570593E-18  0.000000E+00  0.114284E-04  0.114284E-04  0.114284E-04 -0.521206E-10  0.117431E-04  0.110718E-07  0.211642E-11
  0.141009E+05  0.135302E-04  0.101962E-07  0.560344E-18  0.560340E-18  0.000000E+00  0.113269E-04  0.113269E-04  0.113269E-04 -0.516577E-10  0.116388E-04  0.108526E-07  0.208801E-11
  0.141660E+05  0.134105E-04  0.100121E-07  0.550290E-18  0.550286E-18  0.000000E+00  0.112267E-04  0.112267E-04  0.112267E-04 -0.512003E-10  0.115357E-04  0.106538E-07  0.206004E-11
  0.142314E+05  0.132915E-04  0.983111E-08  0.540405E-18  0.540401E-18  0.000000E+00  0.111271E-04  0.111271E-04  0.111271E-04 -0.507459E-10  0.114334E-04  0.104732E-07  0.203239E-11
  0.142971E+05  0.131735E-04  0.965350E-08  0.530691E-18  0.530688E-18  0.000000E+00  0.110283E-04  0.110283E-04  0.110283E-04 -0.502949E-10  0.113318E-04  0.103113E-07  0.200509E-11
  0.143631E+05  0.130569E-04  0.947958E-08  0.521165E-18  0.521162E-18  0.000000E+00  0.109306E-04  0.109306E-04  0.109306E-04 -0.498493E-10  0.112314E-04  0.101616E-07  0.197820E-11
  0.144293E+05  0.129411E-04  0.930911E-08  0.511804E-18  0.511801E-18  0.000000E+00  0.108337E-04  0.108337E-04  0.108337E-04 -0.494069E-10  0.111317E-04  0.100217E-07  0.195165E-11
  0.144960E+05  0.128262E-04  0.914182E-08  0.502606E-18  0.502603E-18  0.000000E+00  0.107375E-04  0.107375E-04  0.107375E-04 -0.489679E-10  0.110328E-04  0.988417E-08  0.192543E-11
  0.145629E+05  0.127128E-04  0.897838E-08  0.493592E-18  0.493589E-18  0.000000E+00  0.106425E-04  0.106425E-04  0.106425E-04 -0.485348E-10  0.109352E-04  0.974497E-08  0.189964E-11
  0.146301E+05  0.126001E-04  0.881772E-08  0.484727E-18  0.484724E-18  0.000000E+00  0.105482E-04  0.105482E-04  0.105482E-04 -0.481042E-10  0.108382E-04  0.960429E-08  0.187414E-11
  0.146976E+05  0.124879E-04  0.865990E-08  0.476004E-18  0.476001E-18  0.000000E+00  0.104543E-04  0.104543E-04  0.104543E-04 -0.476757E-10  0.107417E-04  0.945221E-08  0.184893E-11
  0.147655E+05  0.123773E-04  0.850541E-08  0.467460E-18  0.467457E-18  0.000000E+00  0.103617E-04  0.103617E-04  0.103617E-04 -0.472532E-10  0.106465E-04  0.929438E-08  0.182414E-11
  0.148336E+05  0.122676E-04  0.835355E-08  0.459064E-18  0.459062E-18  0.000000E+00  0.102698E-04  0.102698E-04  0.102698E-04 -0.468340E-10  0.105520E-04  0.912502E-08  0.179966E-11
  0.149021E+05  0.121589E-04  0.820441E-08  0.450823E-18  0.450821E-18  0.000000E+00  0.101788E-04  0.101788E-04  0.101788E-04 -0.464188E-10  0.104585E-04  0.895123E-08  0.177553E-11
  0.149709E+05  0.120510E-04  0.805756E-08  0.442721E-18  0.442719E-18  0.000000E+00  0.100884E-04  0.100884E-04  0.100884E-04 -0.460064E-10  0.103656E-04  0.876731E-08  0.175169E-11
  0.150400E+05  0.119441E-04  0.791332E-08  0.434769E-18  0.434767E-18  0.000000E+00  0.999897E-05  0.999897E-05  0.999897E-05 -0.455982E-10  0.102736E-04  0.858574E-08  0.172819E-11
  0.151094E+05  0.118381E-04  0.777121E-08  0.426955E-18  0.426952E-18  0.000000E+00  0.991017E-05  0.991017E-05  0.991017E-05 -0.451930E-10  0.101823E-04  0.840457E-08  0.170498E-11
  0.151791E+05  0.117331E-04  0.763159E-08  0.419285E-18  0.419283E-18  0.000000E+00  0.982226E-05  0.982226E-05  0.982226E-05 -0.447919E-10  0.100920E-04  0.822843E-08  0.168210E-11
  0.152492E+05  0.116290E-04  0.749432E-08  0.411753E-18  0.411751E-18  0.000000E+00  0.973513E-05  0.973513E-05  0.973513E-05 -0.443943E-10  0.100024E-04  0.805844E-08  0.165953E-11
  0.153196E+05  0.115259E-04  0.735937E-08  0.404356E-18  0.404354E-18  0.000000E+00  0.964876E-05  0.964876E-05  0.964876E-05 -0.440003E-10  0.991362E-05  0.789728E-08  0.163726E-11
  0.153903E+05  0.114236E-04  0.722674E-08  0.397092E-18  0.397090E-18  0.000000E+00  0.956316E-05  0.956316E-05  0.956316E-05 -0.436097E-10  0.982562E-05  0.774792E-08  0.161528E-11
  0.154613E+05  0.113223E-04  0.709653E-08  0.389960E-18  0.389958E-18  0.000000E+00  0.947835E-05  0.947835E-05  0.947835E-05 -0.432227E-10  0.973844E-05  0.761054E-08  0.159360E-11
  0.155327E+05  0.112218E-04  0.696865E-08  0.382953E-18  0.382951E-18  0.000000E+00  0.939423E-05  0.939423E-05  0.939423E-05 -0.428389E-10  0.965196E-05  0.747976E-08  0.157221E-11
  0.156044E+05  0.111223E-04  0.684326E-08  0.376075E-18  0.376073E-18  0.000000E+00  0.931092E-05  0.931092E-05  0.931092E-05 -0.424588E-10  0.956633E-05  0.735878E-08  0.155111E-11
  0.156764E+05  0.110237E-04  0.672018E-08  0.369319E-18  0.369318E-18  0.000000E+00  0.922833E-05  0.922833E-05  0.922833E-05 -0.420820E-10  0.948143E-05  0.724223E-08  0.153029E-11
  0.157488E+05  0.109207E-04  0.659616E-08  0.362500E-18  0.362498E-18  0.000000E+00  0.914207E-05  0.914207E-05  0.914207E-05 -0.416872E-10  0.939248E-05  0.712627E-08  0.150897E-11
  0.158215E+05  0.108236E-04  0.647771E-08  0.355982E-18  0.355981E-18  0.000000E+00  0.906084E-05  0.906084E-05  0.906084E-05 -0.413165E-10  0.930898E-05  0.701422E-08  0.148869E-11
  0.158945E+05  0.107276E-04  0.636155E-08  0.349586E-18  0.349584E-18  0.000000E+00  0.898042E-05  0.898042E-05  0.898042E-05 -0.409496E-10  0.922631E-05  0.690161E-08  0.146870E-11
  0.159679E+05  0.106323E-04  0.624754E-08  0.343302E-18  0.343301E-18  0.000000E+00  0.890066E-05  0.890066E-05  0.890066E-05 -0.405857E-10  0.914432E-05  0.678705E-08  0.144897E-11
  0.160416E+05  0.105377E-04  0.613552E-08  0.337126E-18  0.337124E-18  0.000000E+00  0.882148E-05  0.882148E-05  0.882148E-05 -0.402244E-10  0.906291E-05  0.666762E-08  0.142948E-11
  0.161156E+05  0.104442E-04  0.602559E-08  0.331066E-18  0.331065E-18  0.000000E+00  0.874313E-05  0.874313E-05  0.874313E-05 -0.398669E-10  0.898237E-05  0.654727E-08  0.141028E-11
  0.161900E+05  0.103515E-04  0.591765E-08  0.325118E-18  0.325116E-18  0.000000E+00  0.866554E-05  0.866554E-05  0.866554E-05 -0.395129E-10  0.890262E-05  0.642533E-08  0.139134E-11
  0.162647E+05  0.102622E-04  0.581311E-08  0.319361E-18  0.319360E-18  0.000000E+00  0.859078E-05  0.859078E-05  0.859078E-05 -0.391724E-10  0.882590E-05  0.630170E-08  0.137303E-11
  0.163398E+05  0.101710E-04  0.570870E-08  0.313619E-18  0.313618E-18  0.000000E+00  0.851444E-05  0.851444E-05  0.851444E-05 -0.388241E-10  0.874743E-05  0.617773E-08  0.135458E-11
  0.164152E+05  0.100805E-04  0.560607E-08  0.307977E-18  0.307976E-18  0.000000E+00  0.843870E-05  0.843870E-05  0.843870E-05 -0.384785E-10  0.866956E-05  0.605595E-08  0.133636E-11
  0.164910E+05  0.999087E-05  0.550519E-08  0.302437E-18  0.302435E-18  0.000000E+00  0.836362E-05  0.836362E-05  0.836362E-05 -0.381359E-10  0.859238E-05  0.593831E-08  0.131839E-11
  0.165671E+05  0.990207E-05  0.540609E-08  0.296998E-18  0.296997E-18  0.000000E+00  0.828928E-05  0.828928E-05  0.828928E-05 -0.377967E-10  0.851596E-05  0.582595E-08  0.130067E-11
  0.166436E+05  0.981427E-05  0.530888E-08  0.291664E-18  0.291663E-18  0.000000E+00  0.821577E-05  0.821577E-05  0.821577E-05 -0.374613E-10  0.844040E-05  0.571551E-08  0.128322E-11
  0.167204E+05  0.972704E-05  0.521329E-08  0.286419E-18  0.286418E-18  0.000000E+00  0.814274E-05  0.814274E-05  0.814274E-05 -0.371281E-10  0.836533E-05  0.561185E-08  0.126597E-11
  0.167976E+05  0.964052E-05  0.511940E-08  0.281266E-18  0.281265E-18  0.000000E+00  0.807030E-05  0.807030E-05  0.807030E-05 -0.367976E-10  0.829086E-05  0.551487E-08  0.124894E-11
  0.168751E+05  0.955483E-05  0.502730E-08  0.276208E-18  0.276207E-18  0.000000E+00  0.799857E-05  0.799857E-05  0.799857E-05 -0.364703E-10  0.821712E-05  0.542194E-08  0.123215E-11
  0.169530E+05  0.946994E-05  0.493687E-08  0.271243E-18  0.271241E-18  0.000000E+00  0.792749E-05  0.792749E-05  0.792749E-05 -0.361460E-10  0.814406E-05  0.533096E-08  0.121559E-11
  0.170313E+05  0.938570E-05  0.484810E-08  0.266363E-18  0.266362E-18  0.000000E+00  0.785697E-05  0.785697E-05  0.785697E-05 -0.358242E-10  0.807156E-05  0.524133E-08  0.119924E-11
  0.171099E+05  0.930243E-05  0.476109E-08  0.261578E-18  0.261577E-18  0.000000E+00  0.778726E-05  0.778726E-05  0.778726E-05 -0.355062E-10  0.799991E-05  0.515399E-08  0.118314E-11
  0.171888E+05  0.921981E-05  0.467563E-08  0.256876E-18  0.256875E-18  0.000000E+00  0.771809E-05  0.771809E-05  0.771809E-05 -0.351906E-10  0.792881E-05  0.506636E-08  0.116724E-11
  0.172682E+05  0.913744E-05  0.459146E-08  0.252244E-18  0.252243E-18  0.000000E+00  0.764912E-05  0.764912E-05  0.764912E-05 -0.348758E-10  0.785789E-05  0.497689E-08  0.115149E-11
  0.173479E+05  0.905632E-05  0.450911E-08  0.247711E-18  0.247710E-18  0.000000E+00  0.758121E-05  0.758121E-05  0.758121E-05 -0.345660E-10  0.778809E-05  0.488743E-08  0.113603E-11
  0.174280E+05  0.897553E-05  0.442803E-08  0.243248E-18  0.243247E-18  0.000000E+00  0.751358E-05  0.751358E-05  0.751358E-05 -0.342574E-10  0.771855E-05  0.479796E-08  0.112072E-11
  0.175084E+05  0.889590E-05  0.434859E-08  0.238878E-18  0.238877E-18  0.000000E+00  0.744691E-05  0.744691E-05  0.744691E-05 -0.339532E-10  0.765003E-05  0.470786E-08  0.110567E-11
  0.175892E+05  0.881688E-05  0.427050E-08  0.234584E-18  0.234583E-18  0.000000E+00  0.738075E-05  0.738075E-05  0.738075E-05 -0.336514E-10  0.758203E-05  0.462128E-08  0.109082E-11
  0.176704E+05  0.873825E-05  0.419360E-08  0.230358E-18  0.230357E-18  0.000000E+00  0.731492E-05  0.731492E-05  0.731492E-05 -0.333510E-10  0.751435E-05  0.453249E-08  0.107612E-11
  0.177520E+05  0.866060E-05  0.411820E-08  0.226216E-18  0.226215E-18  0.000000E+00  0.724991E-05  0.724991E-05  0.724991E-05 -0.330544E-10  0.744753E-05  0.444612E-08  0.106165E-11
  0.178339E+05  0.858368E-05  0.404414E-08  0.222150E-18  0.222149E-18  0.000000E+00  0.718552E-05  0.718552E-05  0.718552E-05 -0.327607E-10  0.738134E-05  0.436282E-08  0.104739E-11
  0.179162E+05  0.850723E-05  0.397131E-08  0.218151E-18  0.218150E-18  0.000000E+00  0.712151E-05  0.712151E-05  0.712151E-05 -0.324686E-10  0.731554E-05  0.428524E-08  0.103329E-11
  0.179989E+05  0.843160E-05  0.389984E-08  0.214227E-18  0.214227E-18  0.000000E+00  0.705820E-05  0.705820E-05  0.705820E-05 -0.321797E-10  0.725045E-05  0.420744E-08  0.101940E-11
  0.180820E+05  0.835675E-05  0.382976E-08  0.210377E-18  0.210377E-18  0.000000E+00  0.699553E-05  0.699553E-05  0.699553E-05 -0.318939E-10  0.718605E-05  0.413441E-08  0.100571E-11
  0.181655E+05  0.828237E-05  0.376084E-08  0.206592E-18  0.206591E-18  0.000000E+00  0.693326E-05  0.693326E-05  0.693326E-05 -0.316098E-10  0.712204E-05  0.406206E-08  0.992173E-12
  0.182493E+05  0.820865E-05  0.369314E-08  0.202874E-18  0.202873E-18  0.000000E+00  0.687154E-05  0.687154E-05  0.687154E-05 -0.313282E-10  0.705860E-05  0.399210E-08  0.978821E-12
  0.183336E+05  0.813571E-05  0.362679E-08  0.199226E-18  0.199226E-18  0.000000E+00  0.681048E-05  0.681048E-05  0.681048E-05 -0.310496E-10  0.699583E-05  0.392204E-08  0.965665E-12
  0.184182E+05  0.806331E-05  0.356159E-08  0.195642E-18  0.195641E-18  0.000000E+00  0.674987E-05  0.674987E-05  0.674987E-05 -0.307731E-10  0.693353E-05  0.385503E-08  0.952672E-12
  0.185032E+05  0.799167E-05  0.349762E-08  0.192124E-18  0.192124E-18  0.000000E+00  0.668990E-05  0.668990E-05  0.668990E-05 -0.304995E-10  0.687189E-05  0.378642E-08  0.939869E-12
  0.185886E+05  0.792097E-05  0.343496E-08  0.188678E-18  0.188677E-18  0.000000E+00  0.663071E-05  0.663071E-05  0.663071E-05 -0.302296E-10  0.681107E-05  0.371914E-08  0.927275E-12
  0.186744E+05  0.785044E-05  0.337316E-08  0.185282E-18  0.185282E-18  0.000000E+00  0.657166E-05  0.657166E-05  0.657166E-05 -0.299600E-10  0.675032E-05  0.365398E-08  0.914786E-12
  0.187606E+05  0.778062E-05  0.331259E-08  0.181949E-18  0.181948E-18  0.000000E+00  0.651321E-05  0.651321E-05  0.651321E-05 -0.296935E-10  0.669029E-05  0.358512E-08  0.902491E-12
  0.188472E+05  0.771139E-05  0.325304E-08  0.178675E-18  0.178675E-18  0.000000E+00  0.645525E-05  0.645525E-05  0.645525E-05 -0.294291E-10  0.663072E-05  0.351895E-08  0.890350E-12
  0.189342E+05  0.764262E-05  0.319447E-08  0.175457E-18  0.175456E-18  0.000000E+00  0.639768E-05  0.639768E-05  0.639768E-05 -0.291664E-10  0.657153E-05  0.345445E-08  0.878353E-12
  0.190216E+05  0.757470E-05  0.313705E-08  0.172302E-18  0.172301E-18  0.000000E+00  0.634082E-05  0.634082E-05  0.634082E-05 -0.289070E-10  0.651309E-05  0.338933E-08  0.866546E-12
  0.191094E+05  0.750725E-05  0.308058E-08  0.169201E-18  0.169200E-18  0.000000E+00  0.628435E-05  0.628435E-05  0.628435E-05 -0.286493E-10  0.645504E-05  0.332658E-08  0.854881E-12
  0.191976E+05  0.744035E-05  0.302510E-08  0.166154E-18  0.166153E-18  0.000000E+00  0.622834E-05  0.622834E-05  0.622834E-05 -0.283938E-10  0.639747E-05  0.326595E-08  0.843368E-12
  0.192862E+05  0.737419E-05  0.297068E-08  0.163166E-18  0.163165E-18  0.000000E+00  0.617295E-05  0.617295E-05  0.617295E-05 -0.281411E-10  0.634052E-05  0.320708E-08  0.832024E-12
  0.193752E+05  0.730845E-05  0.291717E-08  0.160227E-18  0.160226E-18  0.000000E+00  0.611791E-05  0.611791E-05  0.611791E-05 -0.278900E-10  0.628397E-05  0.314970E-08  0.820818E-12
  0.194647E+05  0.724344E-05  0.286469E-08  0.157344E-18  0.157344E-18  0.000000E+00  0.606349E-05  0.606349E-05  0.606349E-05 -0.276418E-10  0.622803E-05  0.309493E-08  0.809777E-12
  0.195545E+05  0.717904E-05  0.281318E-08  0.154515E-18  0.154514E-18  0.000000E+00  0.600958E-05  0.600958E-05  0.600958E-05 -0.273958E-10  0.617262E-05  0.304065E-08  0.798889E-12
  0.196448E+05  0.711515E-05  0.276260E-08  0.151735E-18  0.151734E-18  0.000000E+00  0.595610E-05  0.595610E-05  0.595610E-05 -0.271518E-10  0.611765E-05  0.298805E-08  0.788139E-12
  0.197354E+05  0.705178E-05  0.271289E-08  0.149003E-18  0.149003E-18  0.000000E+00  0.590305E-05  0.590305E-05  0.590305E-05 -0.269098E-10  0.606312E-05  0.293515E-08  0.777529E-12
  0.198265E+05  0.698909E-05  0.266412E-08  0.146324E-18  0.146323E-18  0.000000E+00  0.585056E-05  0.585056E-05  0.585056E-05 -0.266704E-10  0.600916E-05  0.288251E-08  0.767072E-12
  0.199180E+05  0.692680E-05  0.261621E-08  0.143689E-18  0.143688E-18  0.000000E+00  0.579842E-05  0.579842E-05  0.579842E-05 -0.264325E-10  0.595558E-05  0.283188E-08  0.756742E-12
  0.200100E+05  0.686520E-05  0.256918E-08  0.141104E-18  0.141104E-18  0.000000E+00  0.574685E-05  0.574685E-05  0.574685E-05 -0.261973E-10  0.590258E-05  0.278081E-08  0.746565E-12
  0.201023E+05  0.680407E-05  0.252299E-08  0.138565E-18  0.138564E-18  0.000000E+00  0.569567E-05  0.569567E-05  0.569567E-05 -0.259638E-10  0.584997E-05  0.272959E-08  0.736515E-12
  0.201951E+05  0.674336E-05  0.247756E-08  0.136068E-18  0.136068E-18  0.000000E+00  0.564485E-05  0.564485E-05  0.564485E-05 -0.257319E-10  0.579773E-05  0.267956E-08  0.726587E-12
  0.202884E+05  0.668367E-05  0.243311E-08  0.133626E-18  0.133626E-18  0.000000E+00  0.559487E-05  0.559487E-05  0.559487E-05 -0.255040E-10  0.574639E-05  0.263086E-08  0.716847E-12
  0.203820E+05  0.662418E-05  0.238934E-08  0.131222E-18  0.131221E-18  0.000000E+00  0.554507E-05  0.554507E-05  0.554507E-05 -0.252768E-10  0.569520E-05  0.258181E-08  0.707200E-12
  0.204761E+05  0.656494E-05  0.234625E-08  0.128855E-18  0.128854E-18  0.000000E+00  0.549548E-05  0.549548E-05  0.549548E-05 -0.250506E-10  0.564421E-05  0.253470E-08  0.697652E-12
  0.205706E+05  0.650647E-05  0.230403E-08  0.126535E-18  0.126535E-18  0.000000E+00  0.544653E-05  0.544653E-05  0.544653E-05 -0.248273E-10  0.559390E-05  0.248912E-08  0.688260E-12
  0.206655E+05  0.644816E-05  0.226240E-08  0.124250E-18  0.124250E-18  0.000000E+00  0.539772E-05  0.539772E-05  0.539772E-05 -0.246045E-10  0.554371E-05  0.244414E-08  0.678953E-12
  0.207609E+05  0.639072E-05  0.222167E-08  0.122013E-18  0.122013E-18  0.000000E+00  0.534963E-05  0.534963E-05  0.534963E-05 -0.243851E-10  0.549429E-05  0.239995E-08  0.669811E-12
  0.208568E+05  0.633387E-05  0.218172E-08  0.119818E-18  0.119818E-18  0.000000E+00  0.530204E-05  0.530204E-05  0.530204E-05 -0.241680E-10  0.544537E-05  0.235742E-08  0.660800E-12
  0.209530E+05  0.627729E-05  0.214238E-08  0.117658E-18  0.117658E-18  0.000000E+00  0.525467E-05  0.525467E-05  0.525467E-05 -0.239519E-10  0.539669E-05  0.231646E-08  0.651886E-12
  0.210497E+05  0.622137E-05  0.210382E-08  0.115540E-18  0.115540E-18  0.000000E+00  0.520786E-05  0.520786E-05  0.520786E-05 -0.237384E-10  0.534856E-05  0.227487E-08  0.643107E-12
  0.211469E+05  0.616599E-05  0.206599E-08  0.113461E-18  0.113460E-18  0.000000E+00  0.516150E-05  0.516150E-05  0.516150E-05 -0.235269E-10  0.530091E-05  0.223386E-08  0.634451E-12
  0.212445E+05  0.611105E-05  0.202881E-08  0.111418E-18  0.111418E-18  0.000000E+00  0.511550E-05  0.511550E-05  0.511550E-05 -0.233171E-10  0.525365E-05  0.219525E-08  0.625908E-12
  0.213426E+05  0.605664E-05  0.199234E-08  0.109413E-18  0.109412E-18  0.000000E+00  0.506995E-05  0.506995E-05  0.506995E-05 -0.231093E-10  0.520684E-05  0.215633E-08  0.617483E-12
  0.214411E+05  0.600263E-05  0.195646E-08  0.107442E-18  0.107441E-18  0.000000E+00  0.502474E-05  0.502474E-05  0.502474E-05 -0.229031E-10  0.516037E-05  0.211664E-08  0.609163E-12
  0.215401E+05  0.594902E-05  0.192122E-08  0.105505E-18  0.105505E-18  0.000000E+00  0.497986E-05  0.497986E-05  0.497986E-05 -0.226983E-10  0.511424E-05  0.207795E-08  0.600946E-12
  0.216395E+05  0.589610E-05  0.188665E-08  0.103608E-18  0.103607E-18  0.000000E+00  0.493556E-05  0.493556E-05  0.493556E-05 -0.224962E-10  0.506868E-05  0.204111E-08  0.592858E-12
  0.217394E+05  0.584344E-05  0.185267E-08  0.101740E-18  0.101739E-18  0.000000E+00  0.489148E-05  0.489148E-05  0.489148E-05 -0.222951E-10  0.502338E-05  0.200347E-08  0.584862E-12
  0.218397E+05  0.579134E-05  0.181931E-08  0.999071E-19  0.999069E-19  0.000000E+00  0.484787E-05  0.484787E-05  0.484787E-05 -0.220962E-10  0.497857E-05  0.196709E-08  0.576984E-12
  0.219405E+05  0.573933E-05  0.178643E-08  0.981007E-19  0.981005E-19  0.000000E+00  0.480432E-05  0.480432E-05  0.480432E-05 -0.218975E-10  0.493381E-05  0.193066E-08  0.569171E-12
  0.220418E+05  0.568817E-05  0.175425E-08  0.963342E-19  0.963341E-19  0.000000E+00  0.476149E-05  0.476149E-05  0.476149E-05 -0.217020E-10  0.488976E-05  0.189559E-08  0.561500E-12
  0.221435E+05  0.563728E-05  0.172261E-08  0.945960E-19  0.945958E-19  0.000000E+00  0.471890E-05  0.471890E-05  0.471890E-05 -0.215078E-10  0.484600E-05  0.186154E-08  0.553920E-12
  0.222457E+05  0.558658E-05  0.169145E-08  0.928845E-19  0.928844E-19  0.000000E+00  0.467645E-05  0.467645E-05  0.467645E-05 -0.213141E-10  0.480235E-05  0.182785E-08  0.546411E-12
  0.223484E+05  0.553683E-05  0.166101E-08  0.912126E-19  0.912125E-19  0.000000E+00  0.463481E-05  0.463481E-05  0.463481E-05 -0.211241E-10  0.475955E-05  0.179520E-08  0.539055E-12
  0.224516E+05  0.548746E-05  0.163109E-08  0.895697E-19  0.895696E-19  0.000000E+00  0.459347E-05  0.459347E-05  0.459347E-05 -0.209356E-10  0.471708E-05  0.176316E-08  0.531791E-12
  0.225552E+05  0.543850E-05  0.160173E-08  0.879559E-19  0.879558E-19  0.000000E+00  0.455249E-05  0.455249E-05  0.455249E-05 -0.207486E-10  0.467495E-05  0.173136E-08  0.524622E-12
  0.226593E+05  0.539002E-05  0.157288E-08  0.863720E-19  0.863719E-19  0.000000E+00  0.451190E-05  0.451190E-05  0.451190E-05 -0.205635E-10  0.463325E-05  0.170138E-08  0.517555E-12
  0.227639E+05  0.534207E-05  0.154459E-08  0.848186E-19  0.848185E-19  0.000000E+00  0.447176E-05  0.447176E-05  0.447176E-05 -0.203804E-10  0.459198E-05  0.167045E-08  0.510590E-12
  0.228690E+05  0.529436E-05  0.151678E-08  0.832894E-19  0.832892E-19  0.000000E+00  0.443182E-05  0.443182E-05  0.443182E-05 -0.201982E-10  0.455095E-05  0.164077E-08  0.503704E-12
  0.229745E+05  0.524722E-05  0.148949E-08  0.817905E-19  0.817904E-19  0.000000E+00  0.439236E-05  0.439236E-05  0.439236E-05 -0.200182E-10  0.451039E-05  0.161136E-08  0.496923E-12
  0.230806E+05  0.520035E-05  0.146265E-08  0.803159E-19  0.803158E-19  0.000000E+00  0.435312E-05  0.435312E-05  0.435312E-05 -0.198392E-10  0.447006E-05  0.158194E-08  0.490219E-12
  0.231871E+05  0.515399E-05  0.143631E-08  0.788694E-19  0.788693E-19  0.000000E+00  0.431432E-05  0.431432E-05  0.431432E-05 -0.196622E-10  0.443018E-05  0.155352E-08  0.483615E-12
  0.232941E+05  0.510593E-05  0.140983E-08  0.774149E-19  0.774148E-19  0.000000E+00  0.427408E-05  0.427408E-05  0.427408E-05 -0.194782E-10  0.438871E-05  0.152447E-08  0.476889E-12
  0.234017E+05  0.506026E-05  0.138439E-08  0.760187E-19  0.760186E-19  0.000000E+00  0.423585E-05  0.423585E-05  0.423585E-05 -0.193038E-10  0.434940E-05  0.149731E-08  0.470446E-12
  0.235097E+05  0.501510E-05  0.135945E-08  0.746482E-19  0.746481E-19  0.000000E+00  0.419805E-05  0.419805E-05  0.419805E-05 -0.191313E-10  0.431057E-05  0.146983E-08  0.464106E-12
  0.236182E+05  0.497025E-05  0.133495E-08  0.733020E-19  0.733019E-19  0.000000E+00  0.416050E-05  0.416050E-05  0.416050E-05 -0.189601E-10  0.427198E-05  0.144291E-08  0.457840E-12
  0.237272E+05  0.492590E-05  0.131090E-08  0.719814E-19  0.719813E-19  0.000000E+00  0.412338E-05  0.412338E-05  0.412338E-05 -0.187908E-10  0.423383E-05  0.141688E-08  0.451667E-12
  0.238367E+05  0.488188E-05  0.128727E-08  0.706832E-19  0.706831E-19  0.000000E+00  0.408652E-05  0.408652E-05  0.408652E-05 -0.186227E-10  0.419596E-05  0.139159E-08  0.445572E-12
  0.239468E+05  0.483790E-05  0.126396E-08  0.694034E-19  0.694033E-19  0.000000E+00  0.404971E-05  0.404971E-05  0.404971E-05 -0.184547E-10  0.415810E-05  0.136631E-08  0.439524E-12
  0.240573E+05  0.479464E-05  0.124115E-08  0.681515E-19  0.681514E-19  0.000000E+00  0.401349E-05  0.401349E-05  0.401349E-05 -0.182895E-10  0.412088E-05  0.134199E-08  0.433590E-12
  0.241683E+05  0.475165E-05  0.121875E-08  0.669201E-19  0.669201E-19  0.000000E+00  0.397750E-05  0.397750E-05  0.397750E-05 -0.181253E-10  0.408389E-05  0.131746E-08  0.427725E-12
  0.242799E+05  0.470963E-05  0.119690E-08  0.657200E-19  0.657199E-19  0.000000E+00  0.394233E-05  0.394233E-05  0.394233E-05 -0.179649E-10  0.404775E-05  0.129419E-08  0.421994E-12
  0.243920E+05  0.466750E-05  0.117530E-08  0.645344E-19  0.645343E-19  0.000000E+00  0.390706E-05  0.390706E-05  0.390706E-05 -0.178041E-10  0.401152E-05  0.127111E-08  0.416296E-12
  0.245046E+05  0.462570E-05  0.115410E-08  0.633695E-19  0.633695E-19  0.000000E+00  0.387207E-05  0.387207E-05  0.387207E-05 -0.176445E-10  0.397556E-05  0.124841E-08  0.410670E-12
  0.246177E+05  0.458255E-05  0.113282E-08  0.622004E-19  0.622003E-19  0.000000E+00  0.383595E-05  0.383595E-05  0.383595E-05 -0.174792E-10  0.393833E-05  0.122471E-08  0.404956E-12
  0.247313E+05  0.454145E-05  0.111236E-08  0.610768E-19  0.610768E-19  0.000000E+00  0.380154E-05  0.380154E-05  0.380154E-05 -0.173223E-10  0.390298E-05  0.120284E-08  0.399478E-12
  0.248454E+05  0.450098E-05  0.109235E-08  0.599778E-19  0.599777E-19  0.000000E+00  0.376767E-05  0.376767E-05  0.376767E-05 -0.171677E-10  0.386813E-05  0.118176E-08  0.394093E-12
  0.249601E+05  0.446065E-05  0.107261E-08  0.588941E-19  0.588941E-19  0.000000E+00  0.373390E-05  0.373390E-05  0.373390E-05 -0.170138E-10  0.383347E-05  0.116002E-08  0.388768E-12
  0.250753E+05  0.442078E-05  0.105327E-08  0.578321E-19  0.578320E-19  0.000000E+00  0.370053E-05  0.370053E-05  0.370053E-05 -0.168616E-10  0.379916E-05  0.113879E-08  0.383521E-12
  0.251911E+05  0.438117E-05  0.103426E-08  0.567874E-19  0.567874E-19  0.000000E+00  0.366737E-05  0.366737E-05  0.366737E-05 -0.167103E-10  0.376509E-05  0.111822E-08  0.378335E-12
  0.253074E+05  0.434203E-05  0.101562E-08  0.557636E-19  0.557636E-19  0.000000E+00  0.363461E-05  0.363461E-05  0.363461E-05 -0.165609E-10  0.373142E-05  0.109811E-08  0.373231E-12
  0.254242E+05  0.430327E-05  0.997321E-09  0.547589E-19  0.547588E-19  0.000000E+00  0.360216E-05  0.360216E-05  0.360216E-05 -0.164129E-10  0.369808E-05  0.107852E-08  0.368197E-12
  0.255415E+05  0.426480E-05  0.979338E-09  0.537711E-19  0.537711E-19  0.000000E+00  0.356996E-05  0.356996E-05  0.356996E-05 -0.162660E-10  0.366499E-05  0.105892E-08  0.363227E-12
  0.256594E+05  0.422665E-05  0.961673E-09  0.528009E-19  0.528009E-19  0.000000E+00  0.353802E-05  0.353802E-05  0.353802E-05 -0.161204E-10  0.363217E-05  0.103981E-08  0.358321E-12
  0.257779E+05  0.418856E-05  0.944261E-09  0.518452E-19  0.518452E-19  0.000000E+00  0.350614E-05  0.350614E-05  0.350614E-05 -0.159749E-10  0.359940E-05  0.102079E-08  0.353457E-12
  0.258968E+05  0.415109E-05  0.927228E-09  0.509096E-19  0.509095E-19  0.000000E+00  0.347476E-05  0.347476E-05  0.347476E-05 -0.158318E-10  0.356716E-05  0.100275E-08  0.348683E-12
  0.260164E+05  0.411412E-05  0.910543E-09  0.499929E-19  0.499928E-19  0.000000E+00  0.344382E-05  0.344382E-05  0.344382E-05 -0.156907E-10  0.353536E-05  0.984576E-09  0.343988E-12
  0.261365E+05  0.407734E-05  0.894125E-09  0.490916E-19  0.490915E-19  0.000000E+00  0.341303E-05  0.341303E-05  0.341303E-05 -0.155503E-10  0.350373E-05  0.966750E-09  0.339345E-12
  0.262571E+05  0.404084E-05  0.877994E-09  0.482056E-19  0.482055E-19  0.000000E+00  0.338248E-05  0.338248E-05  0.338248E-05 -0.154110E-10  0.347234E-05  0.949285E-09  0.334760E-12
  0.263783E+05  0.400466E-05  0.862150E-09  0.473354E-19  0.473354E-19  0.000000E+00  0.335219E-05  0.335219E-05  0.335219E-05 -0.152728E-10  0.344120E-05  0.931983E-09  0.330235E-12
  0.265001E+05  0.396882E-05  0.846592E-09  0.464812E-19  0.464811E-19  0.000000E+00  0.332218E-05  0.332218E-05  0.332218E-05 -0.151360E-10  0.341037E-05  0.915627E-09  0.325774E-12
  0.266224E+05  0.393328E-05  0.831313E-09  0.456419E-19  0.456419E-19  0.000000E+00  0.329244E-05  0.329244E-05  0.329244E-05 -0.150003E-10  0.337980E-05  0.899022E-09  0.321371E-12
  0.267453E+05  0.389809E-05  0.816318E-09  0.448188E-19  0.448188E-19  0.000000E+00  0.326298E-05  0.326298E-05  0.326298E-05 -0.148660E-10  0.334954E-05  0.882715E-09  0.317031E-12
  0.268687E+05  0.386295E-05  0.801538E-09  0.440069E-19  0.440069E-19  0.000000E+00  0.323356E-05  0.323356E-05  0.323356E-05 -0.147317E-10  0.331929E-05  0.866730E-09  0.312725E-12
  0.269927E+05  0.382845E-05  0.787089E-09  0.432139E-19  0.432139E-19  0.000000E+00  0.320468E-05  0.320468E-05  0.320468E-05 -0.146001E-10  0.328963E-05  0.851400E-09  0.308507E-12
  0.271173E+05  0.379415E-05  0.772878E-09  0.424331E-19  0.424330E-19  0.000000E+00  0.317597E-05  0.317597E-05  0.317597E-05 -0.144690E-10  0.326011E-05  0.835734E-09  0.304335E-12
  0.272425E+05  0.375996E-05  0.758888E-09  0.416649E-19  0.416649E-19  0.000000E+00  0.314735E-05  0.314735E-05  0.314735E-05 -0.143385E-10  0.323070E-05  0.820556E-09  0.300204E-12
  0.273682E+05  0.372652E-05  0.745243E-09  0.409156E-19  0.409155E-19  0.000000E+00  0.311936E-05  0.311936E-05  0.311936E-05 -0.142109E-10  0.320195E-05  0.805945E-09  0.296167E-12
  0.274946E+05  0.369337E-05  0.731839E-09  0.401795E-19  0.401795E-19  0.000000E+00  0.309160E-05  0.309160E-05  0.309160E-05 -0.140844E-10  0.317344E-05  0.791304E-09  0.292182E-12
  0.276215E+05  0.366010E-05  0.718589E-09  0.394520E-19  0.394520E-19  0.000000E+00  0.306375E-05  0.306375E-05  0.306375E-05 -0.139574E-10  0.314482E-05  0.777065E-09  0.288217E-12
  0.277490E+05  0.362733E-05  0.705625E-09  0.387401E-19  0.387401E-19  0.000000E+00  0.303632E-05  0.303632E-05  0.303632E-05 -0.138323E-10  0.311662E-05  0.763091E-09  0.284321E-12
  0.278770E+05  0.359477E-05  0.692871E-09  0.380397E-19  0.380397E-19  0.000000E+00  0.300907E-05  0.300907E-05  0.300907E-05 -0.137079E-10  0.308862E-05  0.749203E-09  0.280472E-12
  0.280057E+05  0.356256E-05  0.680356E-09  0.373533E-19  0.373533E-19  0.000000E+00  0.298210E-05  0.298210E-05  0.298210E-05 -0.135850E-10  0.306090E-05  0.735437E-09  0.276678E-12
  0.281350E+05  0.353060E-05  0.668069E-09  0.366784E-19  0.366784E-19  0.000000E+00  0.295535E-05  0.295535E-05  0.295535E-05 -0.134630E-10  0.303341E-05  0.721997E-09  0.272934E-12
  0.282649E+05  0.349881E-05  0.655981E-09  0.360140E-19  0.360140E-19  0.000000E+00  0.292874E-05  0.292874E-05  0.292874E-05 -0.133416E-10  0.300607E-05  0.709256E-09  0.269233E-12
  0.283953E+05  0.346749E-05  0.644148E-09  0.353642E-19  0.353642E-19  0.000000E+00  0.290252E-05  0.290252E-05  0.290252E-05 -0.132220E-10  0.297913E-05  0.696371E-09  0.265594E-12
  0.285264E+05  0.343645E-05  0.632514E-09  0.347264E-19  0.347264E-19  0.000000E+00  0.287654E-05  0.287654E-05  0.287654E-05 -0.131035E-10  0.295241E-05  0.685044E-09  0.262003E-12
  0.286581E+05  0.340560E-05  0.621100E-09  0.340985E-19  0.340985E-19  0.000000E+00  0.285071E-05  0.285071E-05  0.285071E-05 -0.129857E-10  0.292588E-05  0.671766E-09  0.258457E-12
  0.287903E+05  0.337495E-05  0.609861E-09  0.334815E-19  0.334815E-19  0.000000E+00  0.282506E-05  0.282506E-05  0.282506E-05 -0.128687E-10  0.289953E-05  0.659410E-09  0.254952E-12
  0.289232E+05  0.334505E-05  0.598909E-09  0.328801E-19  0.328801E-19  0.000000E+00  0.280003E-05  0.280003E-05  0.280003E-05 -0.127547E-10  0.287384E-05  0.647659E-09  0.251533E-12
  0.290567E+05  0.331487E-05  0.588059E-09  0.322845E-19  0.322845E-19  0.000000E+00  0.277477E-05  0.277477E-05  0.277477E-05 -0.126394E-10  0.284786E-05  0.635831E-09  0.248115E-12
  0.291909E+05  0.328496E-05  0.577402E-09  0.316993E-19  0.316993E-19  0.000000E+00  0.274973E-05  0.274973E-05  0.274973E-05 -0.125252E-10  0.282213E-05  0.624315E-09  0.244744E-12
  0.293256E+05  0.325548E-05  0.566970E-09  0.311264E-19  0.311264E-19  0.000000E+00  0.272505E-05  0.272505E-05  0.272505E-05 -0.124127E-10  0.279677E-05  0.613057E-09  0.241431E-12
  0.294610E+05  0.322634E-05  0.556742E-09  0.305648E-19  0.305648E-19  0.000000E+00  0.270066E-05  0.270066E-05  0.270066E-05 -0.123015E-10  0.277172E-05  0.602119E-09  0.238169E-12
  0.295969E+05  0.319753E-05  0.546708E-09  0.300138E-19  0.300138E-19  0.000000E+00  0.267654E-05  0.267654E-05  0.267654E-05 -0.121915E-10  0.274695E-05  0.591282E-09  0.234957E-12
  0.297335E+05  0.316890E-05  0.536833E-09  0.294724E-19  0.294724E-19  0.000000E+00  0.265257E-05  0.265257E-05  0.265257E-05 -0.120822E-10  0.272229E-05  0.579963E-09  0.231778E-12
  0.298708E+05  0.314035E-05  0.527120E-09  0.289383E-19  0.289383E-19  0.000000E+00  0.262867E-05  0.262867E-05  0.262867E-05 -0.119732E-10  0.269776E-05  0.570073E-09  0.228634E-12
  0.300087E+05  0.311180E-05  0.517531E-09  0.284120E-19  0.284120E-19  0.000000E+00  0.260477E-05  0.260477E-05  0.260477E-05 -0.118641E-10  0.267318E-05  0.559919E-09  0.225511E-12
  0.301472E+05  0.308387E-05  0.508183E-09  0.278985E-19  0.278985E-19  0.000000E+00  0.258140E-05  0.258140E-05  0.258140E-05 -0.117575E-10  0.264917E-05  0.549769E-09  0.222459E-12
  0.302863E+05  0.305624E-05  0.499007E-09  0.273950E-19  0.273950E-19  0.000000E+00  0.255827E-05  0.255827E-05  0.255827E-05 -0.116520E-10  0.262538E-05  0.539995E-09  0.219449E-12
  0.304261E+05  0.302891E-05  0.490006E-09  0.269006E-19  0.269006E-19  0.000000E+00  0.253539E-05  0.253539E-05  0.253539E-05 -0.115477E-10  0.260189E-05  0.529858E-09  0.216486E-12
  0.305666E+05  0.300159E-05  0.481133E-09  0.264132E-19  0.264132E-19  0.000000E+00  0.251252E-05  0.251252E-05  0.251252E-05 -0.114435E-10  0.257840E-05  0.520380E-09  0.213547E-12
  0.307077E+05  0.297470E-05  0.472448E-09  0.259364E-19  0.259364E-19  0.000000E+00  0.249001E-05  0.249001E-05  0.249001E-05 -0.113408E-10  0.255527E-05  0.510949E-09  0.210659E-12
  0.308494E+05  0.294801E-05  0.463913E-09  0.254678E-19  0.254678E-19  0.000000E+00  0.246767E-05  0.246767E-05  0.246767E-05 -0.112389E-10  0.253231E-05  0.501739E-09  0.207807E-12
  0.309918E+05  0.292145E-05  0.455512E-09  0.250067E-19  0.250067E-19  0.000000E+00  0.244543E-05  0.244543E-05  0.244543E-05 -0.111375E-10  0.250945E-05  0.492209E-09  0.204986E-12
  0.311348E+05  0.289521E-05  0.447273E-09  0.245546E-19  0.245546E-19  0.000000E+00  0.242347E-05  0.242347E-05  0.242347E-05 -0.110374E-10  0.248689E-05  0.483561E-09  0.202210E-12
  0.312786E+05  0.286905E-05  0.439168E-09  0.241090E-19  0.241090E-19  0.000000E+00  0.240157E-05  0.240157E-05  0.240157E-05 -0.109375E-10  0.246440E-05  0.474920E-09  0.199461E-12
  0.314229E+05  0.284334E-05  0.431237E-09  0.236737E-19  0.236737E-19  0.000000E+00  0.238005E-05  0.238005E-05  0.238005E-05 -0.108394E-10  0.244229E-05  0.466274E-09  0.196764E-12
  0.315680E+05  0.281793E-05  0.423462E-09  0.232469E-19  0.232469E-19  0.000000E+00  0.235878E-05  0.235878E-05  0.235878E-05 -0.107424E-10  0.242044E-05  0.458132E-09  0.194108E-12
  0.317137E+05  0.279261E-05  0.415799E-09  0.228268E-19  0.228268E-19  0.000000E+00  0.233759E-05  0.233759E-05  0.233759E-05 -0.106457E-10  0.239865E-05  0.449398E-09  0.191476E-12
  0.318601E+05  0.276749E-05  0.408287E-09  0.224135E-19  0.224136E-19  0.000000E+00  0.231656E-05  0.231656E-05  0.231656E-05 -0.105499E-10  0.237707E-05  0.441657E-09  0.188882E-12
  0.320071E+05  0.274263E-05  0.400904E-09  0.220082E-19  0.220082E-19  0.000000E+00  0.229575E-05  0.229575E-05  0.229575E-05 -0.104550E-10  0.235568E-05  0.433556E-09  0.186323E-12
  0.321549E+05  0.271801E-05  0.393659E-09  0.216106E-19  0.216106E-19  0.000000E+00  0.227514E-05  0.227514E-05  0.227514E-05 -0.103610E-10  0.233450E-05  0.425972E-09  0.183800E-12
  0.323033E+05  0.269360E-05  0.386545E-09  0.212199E-19  0.212199E-19  0.000000E+00  0.225471E-05  0.225471E-05  0.225471E-05 -0.102679E-10  0.231352E-05  0.417941E-09  0.181311E-12
  0.324524E+05  0.266939E-05  0.379553E-09  0.208360E-19  0.208360E-19  0.000000E+00  0.223444E-05  0.223444E-05  0.223444E-05 -0.101754E-10  0.229270E-05  0.410481E-09  0.178854E-12
  0.326022E+05  0.264539E-05  0.372690E-09  0.204592E-19  0.204592E-19  0.000000E+00  0.221435E-05  0.221435E-05  0.221435E-05 -0.100839E-10  0.227206E-05  0.402989E-09  0.176431E-12
  0.327527E+05  0.262165E-05  0.365959E-09  0.200895E-19  0.200896E-19  0.000000E+00  0.219447E-05  0.219447E-05  0.219447E-05 -0.999323E-11  0.225164E-05  0.395860E-09  0.174041E-12
  0.329039E+05  0.259805E-05  0.359333E-09  0.197259E-19  0.197259E-19  0.000000E+00  0.217472E-05  0.217472E-05  0.217472E-05 -0.990317E-11  0.223135E-05  0.388586E-09  0.171681E-12
  0.330557E+05  0.257471E-05  0.352837E-09  0.193692E-19  0.193692E-19  0.000000E+00  0.215519E-05  0.215519E-05  0.215519E-05 -0.981410E-11  0.221128E-05  0.381644E-09  0.169356E-12
  0.332083E+05  0.255155E-05  0.346456E-09  0.190188E-19  0.190188E-19  0.000000E+00  0.213580E-05  0.213580E-05  0.213580E-05 -0.972571E-11  0.219136E-05  0.374705E-09  0.167059E-12
  0.333616E+05  0.252858E-05  0.340184E-09  0.186745E-19  0.186745E-19  0.000000E+00  0.211657E-05  0.211657E-05  0.211657E-05 -0.963802E-11  0.217161E-05  0.367811E-09  0.164793E-12
  0.335156E+05  0.250571E-05  0.334014E-09  0.183357E-19  0.183358E-19  0.000000E+00  0.209742E-05  0.209742E-05  0.209742E-05 -0.955067E-11  0.215192E-05  0.361259E-09  0.162549E-12
  0.336703E+05  0.248309E-05  0.327959E-09  0.180033E-19  0.180033E-19  0.000000E+00  0.207850E-05  0.207850E-05  0.207850E-05 -0.946437E-11  0.213248E-05  0.354648E-09  0.160341E-12
  0.338257E+05  0.246079E-05  0.322030E-09  0.176777E-19  0.176778E-19  0.000000E+00  0.205982E-05  0.205982E-05  0.205982E-05 -0.937923E-11  0.211330E-05  0.348260E-09  0.158169E-12
  0.339818E+05  0.243881E-05  0.316226E-09  0.173591E-19  0.173592E-19  0.000000E+00  0.204142E-05  0.204142E-05  0.204142E-05 -0.929539E-11  0.209441E-05  0.342133E-09  0.156035E-12
  0.341387E+05  0.241685E-05  0.310504E-09  0.170449E-19  0.170450E-19  0.000000E+00  0.202304E-05  0.202304E-05  0.202304E-05 -0.921160E-11  0.207553E-05  0.335711E-09  0.153918E-12
  0.342963E+05  0.239520E-05  0.304898E-09  0.167372E-19  0.167372E-19  0.000000E+00  0.200492E-05  0.200492E-05  0.200492E-05 -0.912899E-11  0.205692E-05  0.329686E-09  0.151837E-12
  0.344546E+05  0.237340E-05  0.299347E-09  0.164325E-19  0.164325E-19  0.000000E+00  0.198667E-05  0.198667E-05  0.198667E-05 -0.904572E-11  0.203816E-05  0.323741E-09  0.149761E-12
  0.346136E+05  0.235208E-05  0.293937E-09  0.161356E-19  0.161356E-19  0.000000E+00  0.196883E-05  0.196883E-05  0.196883E-05 -0.896434E-11  0.201981E-05  0.317719E-09  0.147731E-12
  0.347734E+05  0.233088E-05  0.288613E-09  0.158433E-19  0.158433E-19  0.000000E+00  0.195108E-05  0.195108E-05  0.195108E-05 -0.888341E-11  0.200158E-05  0.311869E-09  0.145725E-12
  0.349339E+05  0.230990E-05  0.283391E-09  0.155564E-19  0.155564E-19  0.000000E+00  0.193352E-05  0.193352E-05  0.193352E-05 -0.880340E-11  0.198356E-05  0.306497E-09  0.143750E-12
  0.350951E+05  0.228908E-05  0.278259E-09  0.152747E-19  0.152748E-19  0.000000E+00  0.191609E-05  0.191609E-05  0.191609E-05 -0.872393E-11  0.196565E-05  0.300966E-09  0.141798E-12
  0.352571E+05  0.226837E-05  0.273209E-09  0.149975E-19  0.149975E-19  0.000000E+00  0.189876E-05  0.189876E-05  0.189876E-05 -0.864487E-11  0.194784E-05  0.295439E-09  0.139868E-12
  0.354199E+05  0.224792E-05  0.268262E-09  0.147259E-19  0.147259E-19  0.000000E+00  0.188163E-05  0.188163E-05  0.188163E-05 -0.856678E-11  0.193023E-05  0.290161E-09  0.137967E-12
  0.355833E+05  0.222771E-05  0.263408E-09  0.144596E-19  0.144596E-19  0.000000E+00  0.186472E-05  0.186472E-05  0.186472E-05 -0.848969E-11  0.191287E-05  0.284872E-09  0.136098E-12
  0.357476E+05  0.220751E-05  0.258624E-09  0.141968E-19  0.141968E-19  0.000000E+00  0.184781E-05  0.184781E-05  0.184781E-05 -0.841258E-11  0.189550E-05  0.279720E-09  0.134242E-12
  0.359126E+05  0.218762E-05  0.253941E-09  0.139397E-19  0.139397E-19  0.000000E+00  0.183116E-05  0.183116E-05  0.183116E-05 -0.833667E-11  0.187839E-05  0.274690E-09  0.132420E-12
  0.360784E+05  0.216808E-05  0.249366E-09  0.136885E-19  0.136885E-19  0.000000E+00  0.181481E-05  0.181481E-05  0.181481E-05 -0.826214E-11  0.186160E-05  0.269680E-09  0.130633E-12
  0.362449E+05  0.214835E-05  0.244826E-09  0.134393E-19  0.134393E-19  0.000000E+00  0.179829E-05  0.179829E-05  0.179829E-05 -0.818680E-11  0.184462E-05  0.264631E-09  0.128847E-12
  0.364122E+05  0.212899E-05  0.240390E-09  0.131959E-19  0.131959E-19  0.000000E+00  0.178208E-05  0.178208E-05  0.178208E-05 -0.811292E-11  0.182797E-05  0.259962E-09  0.127098E-12
  0.365803E+05  0.210980E-05  0.236037E-09  0.129569E-19  0.129569E-19  0.000000E+00  0.176602E-05  0.176602E-05  0.176602E-05 -0.803966E-11  0.181147E-05  0.255075E-09  0.125372E-12
  0.367491E+05  0.209078E-05  0.231764E-09  0.127222E-19  0.127222E-19  0.000000E+00  0.175010E-05  0.175010E-05  0.175010E-05 -0.796711E-11  0.179512E-05  0.250668E-09  0.123670E-12
  0.369187E+05  0.207193E-05  0.227564E-09  0.124918E-19  0.124918E-19  0.000000E+00  0.173432E-05  0.173432E-05  0.173432E-05 -0.789516E-11  0.177891E-05  0.246006E-09  0.121990E-12
  0.370891E+05  0.205323E-05  0.223442E-09  0.122654E-19  0.122654E-19  0.000000E+00  0.171867E-05  0.171867E-05  0.171867E-05 -0.782381E-11  0.176284E-05  0.241800E-09  0.120333E-12
  0.372603E+05  0.203475E-05  0.219399E-09  0.120434E-19  0.120434E-19  0.000000E+00  0.170320E-05  0.170320E-05  0.170320E-05 -0.775329E-11  0.174694E-05  0.237224E-09  0.118700E-12
  0.374323E+05  0.201638E-05  0.215423E-09  0.118251E-19  0.118251E-19  0.000000E+00  0.168782E-05  0.168782E-05  0.168782E-05 -0.768320E-11  0.173115E-05  0.233146E-09  0.117087E-12
  0.376051E+05  0.199821E-05  0.211521E-09  0.116109E-19  0.116110E-19  0.000000E+00  0.167261E-05  0.167261E-05  0.167261E-05 -0.761384E-11  0.171552E-05  0.228920E-09  0.115497E-12
  0.377787E+05  0.198016E-05  0.207688E-09  0.114003E-19  0.114003E-19  0.000000E+00  0.165750E-05  0.165750E-05  0.165750E-05 -0.754495E-11  0.170000E-05  0.224436E-09  0.113926E-12
  0.379531E+05  0.196231E-05  0.203921E-09  0.111939E-19  0.111939E-19  0.000000E+00  0.164256E-05  0.164256E-05  0.164256E-05 -0.747682E-11  0.168465E-05  0.220351E-09  0.112379E-12
  0.381282E+05  0.194456E-05  0.200224E-09  0.109907E-19  0.109907E-19  0.000000E+00  0.162770E-05  0.162770E-05  0.162770E-05 -0.740912E-11  0.166940E-05  0.216374E-09  0.110850E-12
  0.383042E+05  0.192705E-05  0.196602E-09  0.107918E-19  0.107918E-19  0.000000E+00  0.161304E-05  0.161304E-05  0.161304E-05 -0.734231E-11  0.165435E-05  0.212484E-09  0.109346E-12
  0.384810E+05  0.190968E-05  0.193040E-09  0.105963E-19  0.105963E-19  0.000000E+00  0.159850E-05  0.159850E-05  0.159850E-05 -0.727601E-11  0.163941E-05  0.208826E-09  0.107861E-12
  0.386587E+05  0.189244E-05  0.189541E-09  0.104042E-19  0.104042E-19  0.000000E+00  0.158408E-05  0.158408E-05  0.158408E-05 -0.721025E-11  0.162459E-05  0.205018E-09  0.106395E-12
  0.388371E+05  0.187537E-05  0.186106E-09  0.102157E-19  0.102157E-19  0.000000E+00  0.156978E-05  0.156978E-05  0.156978E-05 -0.714512E-11  0.160992E-05  0.201405E-09  0.104949E-12
  0.390164E+05  0.185846E-05  0.182736E-09  0.100307E-19  0.100307E-19  0.000000E+00  0.155563E-05  0.155563E-05  0.155563E-05 -0.708059E-11  0.159538E-05  0.197767E-09  0.103524E-12
  0.391965E+05  0.184169E-05  0.179424E-09  0.984891E-20  0.984892E-20  0.000000E+00  0.154159E-05  0.154159E-05  0.154159E-05 -0.701661E-11  0.158096E-05  0.194093E-09  0.102117E-12
  0.393774E+05  0.182504E-05  0.176170E-09  0.967023E-20  0.967025E-20  0.000000E+00  0.152766E-05  0.152766E-05  0.152766E-05 -0.695309E-11  0.156665E-05  0.190648E-09  0.100728E-12
  0.395591E+05  0.180861E-05  0.172980E-09  0.949528E-20  0.949529E-20  0.000000E+00  0.151390E-05  0.151390E-05  0.151390E-05 -0.689034E-11  0.155250E-05  0.187287E-09  0.993598E-13
  0.397417E+05  0.179227E-05  0.169845E-09  0.932301E-20  0.932302E-20  0.000000E+00  0.150022E-05  0.150022E-05  0.150022E-05 -0.682801E-11  0.153846E-05  0.183626E-09  0.980091E-13
  0.399252E+05  0.177608E-05  0.166764E-09  0.915398E-20  0.915399E-20  0.000000E+00  0.148667E-05  0.148667E-05  0.148667E-05 -0.676624E-11  0.152455E-05  0.180328E-09  0.966762E-13
  0.401095E+05  0.176004E-05  0.163743E-09  0.898800E-20  0.898801E-20  0.000000E+00  0.147324E-05  0.147324E-05  0.147324E-05 -0.670503E-11  0.151076E-05  0.177098E-09  0.953617E-13
  0.402946E+05  0.174415E-05  0.160773E-09  0.882510E-20  0.882511E-20  0.000000E+00  0.145994E-05  0.145994E-05  0.145994E-05 -0.664442E-11  0.149710E-05  0.173748E-09  0.940655E-13
  0.404806E+05  0.172839E-05  0.157859E-09  0.866500E-20  0.866502E-20  0.000000E+00  0.144675E-05  0.144675E-05  0.144675E-05 -0.658428E-11  0.148355E-05  0.170604E-09  0.927861E-13
  0.406674E+05  0.171267E-05  0.154986E-09  0.850737E-20  0.850738E-20  0.000000E+00  0.143360E-05  0.143360E-05  0.143360E-05 -0.652429E-11  0.147003E-05  0.167539E-09  0.915182E-13
  0.408551E+05  0.169722E-05  0.152178E-09  0.835319E-20  0.835320E-20  0.000000E+00  0.142066E-05  0.142066E-05  0.142066E-05 -0.646534E-11  0.145675E-05  0.164437E-09  0.902748E-13
  0.410437E+05  0.168190E-05  0.149419E-09  0.820177E-20  0.820178E-20  0.000000E+00  0.140784E-05  0.140784E-05  0.140784E-05 -0.640689E-11  0.144358E-05  0.161673E-09  0.890478E-13
  0.412332E+05  0.166672E-05  0.146712E-09  0.805317E-20  0.805318E-20  0.000000E+00  0.139513E-05  0.139513E-05  0.139513E-05 -0.634898E-11  0.143053E-05  0.158567E-09  0.878373E-13
  0.414235E+05  0.165165E-05  0.144050E-09  0.790702E-20  0.790703E-20  0.000000E+00  0.138252E-05  0.138252E-05  0.138252E-05 -0.629148E-11  0.141758E-05  0.155720E-09  0.866423E-13
  0.416147E+05  0.163668E-05  0.141434E-09  0.776339E-20  0.776340E-20  0.000000E+00  0.136998E-05  0.136998E-05  0.136998E-05 -0.623436E-11  0.140471E-05  0.153039E-09  0.854614E-13
  0.418068E+05  0.162258E-05  0.138933E-09  0.762601E-20  0.762603E-20  0.000000E+00  0.135819E-05  0.135819E-05  0.135819E-05 -0.618075E-11  0.139263E-05  0.150261E-09  0.843374E-13
  0.419998E+05  0.160768E-05  0.136393E-09  0.748664E-20  0.748665E-20  0.000000E+00  0.134571E-05  0.134571E-05  0.134571E-05 -0.612382E-11  0.137980E-05  0.147568E-09  0.831762E-13
  0.421936E+05  0.159330E-05  0.133932E-09  0.735158E-20  0.735159E-20  0.000000E+00  0.133367E-05  0.133367E-05  0.133367E-05 -0.606900E-11  0.136744E-05  0.144799E-09  0.820530E-13
  0.423884E+05  0.157889E-05  0.131501E-09  0.721818E-20  0.721819E-20  0.000000E+00  0.132161E-05  0.132161E-05  0.132161E-05 -0.601401E-11  0.135506E-05  0.142070E-09  0.809361E-13
  0.425840E+05  0.156454E-05  0.129110E-09  0.708684E-20  0.708685E-20  0.000000E+00  0.130960E-05  0.130960E-05  0.130960E-05 -0.595927E-11  0.134272E-05  0.139507E-09  0.798311E-13
  0.427806E+05  0.155041E-05  0.126769E-09  0.695841E-20  0.695842E-20  0.000000E+00  0.129777E-05  0.129777E-05  0.129777E-05 -0.590534E-11  0.133057E-05  0.137207E-09  0.787450E-13
  0.429781E+05  0.153637E-05  0.124467E-09  0.683206E-20  0.683207E-20  0.000000E+00  0.128602E-05  0.128602E-05  0.128602E-05 -0.585180E-11  0.131851E-05  0.134690E-09  0.776728E-13
  0.431764E+05  0.152248E-05  0.122210E-09  0.670814E-20  0.670815E-20  0.000000E+00  0.127439E-05  0.127439E-05  0.127439E-05 -0.579882E-11  0.130657E-05  0.132234E-09  0.766159E-13
  0.433757E+05  0.150872E-05  0.119995E-09  0.658641E-20  0.658642E-20  0.000000E+00  0.126287E-05  0.126287E-05  0.126287E-05 -0.574630E-11  0.129474E-05  0.129861E-09  0.755735E-13
  0.435759E+05  0.149509E-05  0.117819E-09  0.646697E-20  0.646698E-20  0.000000E+00  0.125146E-05  0.125146E-05  0.125146E-05 -0.569432E-11  0.128303E-05  0.127329E-09  0.745460E-13
  0.437771E+05  0.148153E-05  0.115679E-09  0.634949E-20  0.634950E-20  0.000000E+00  0.124012E-05  0.124012E-05  0.124012E-05 -0.564261E-11  0.127138E-05  0.125060E-09  0.735296E-13
  0.439791E+05  0.146811E-05  0.113578E-09  0.623420E-20  0.623421E-20  0.000000E+00  0.122888E-05  0.122888E-05  0.122888E-05 -0.559139E-11  0.125983E-05  0.122922E-09  0.725273E-13
  0.441821E+05  0.145466E-05  0.111503E-09  0.612034E-20  0.612035E-20  0.000000E+00  0.121762E-05  0.121762E-05  0.121762E-05 -0.554001E-11  0.124825E-05  0.120528E-09  0.715306E-13
  0.443861E+05  0.144145E-05  0.109474E-09  0.600898E-20  0.600899E-20  0.000000E+00  0.120656E-05  0.120656E-05  0.120656E-05 -0.548962E-11  0.123691E-05  0.118356E-09  0.705547E-13
  0.445910E+05  0.142837E-05  0.107485E-09  0.589976E-20  0.589977E-20  0.000000E+00  0.119561E-05  0.119561E-05  0.119561E-05 -0.543972E-11  0.122566E-05  0.116418E-09  0.695922E-13
  0.447968E+05  0.141523E-05  0.105518E-09  0.579178E-20  0.579179E-20  0.000000E+00  0.118462E-05  0.118462E-05  0.118462E-05 -0.538956E-11  0.121436E-05  0.114265E-09  0.686338E-13
  0.450035E+05  0.140257E-05  0.103616E-09  0.568727E-20  0.568729E-20  0.000000E+00  0.117402E-05  0.117402E-05  0.117402E-05 -0.534130E-11  0.120349E-05  0.112128E-09  0.677068E-13
  0.452113E+05  0.138987E-05  0.101733E-09  0.558404E-20  0.558405E-20  0.000000E+00  0.116339E-05  0.116339E-05  0.116339E-05 -0.529284E-11  0.119257E-05  0.110122E-09  0.667842E-13
  0.454200E+05  0.137729E-05  0.998879E-10  0.548268E-20  0.548270E-20  0.000000E+00  0.115286E-05  0.115286E-05  0.115286E-05 -0.524487E-11  0.118176E-05  0.107999E-09  0.658749E-13
  0.456296E+05  0.136482E-05  0.980734E-10  0.538311E-20  0.538312E-20  0.000000E+00  0.114242E-05  0.114242E-05  0.114242E-05 -0.519728E-11  0.117104E-05  0.105918E-09  0.649775E-13
  0.458402E+05  0.135213E-05  0.962685E-10  0.528404E-20  0.528406E-20  0.000000E+00  0.113180E-05  0.113180E-05  0.113180E-05 -0.514880E-11  0.116011E-05  0.104150E-09  0.640754E-13
  0.460518E+05  0.134014E-05  0.945391E-10  0.518916E-20  0.518917E-20  0.000000E+00  0.112177E-05  0.112177E-05  0.112177E-05 -0.510315E-11  0.114983E-05  0.102139E-09  0.632157E-13
  0.462644E+05  0.132795E-05  0.928189E-10  0.509471E-20  0.509472E-20  0.000000E+00  0.111156E-05  0.111156E-05  0.111156E-05 -0.505661E-11  0.113934E-05  0.100258E-09  0.623514E-13
  0.464779E+05  0.131592E-05  0.911340E-10  0.500222E-20  0.500223E-20  0.000000E+00  0.110149E-05  0.110149E-05  0.110149E-05 -0.501075E-11  0.112901E-05  0.984692E-10  0.615019E-13
  0.466925E+05  0.130405E-05  0.894828E-10  0.491153E-20  0.491154E-20  0.000000E+00  0.109155E-05  0.109155E-05  0.109155E-05 -0.496547E-11  0.111881E-05  0.969157E-10  0.606665E-13
  0.469080E+05  0.129220E-05  0.878560E-10  0.482221E-20  0.482222E-20  0.000000E+00  0.108163E-05  0.108163E-05  0.108163E-05 -0.492027E-11  0.110862E-05  0.950949E-10  0.598381E-13
  0.471245E+05  0.128050E-05  0.862599E-10  0.473471E-20  0.473472E-20  0.000000E+00  0.107184E-05  0.107184E-05  0.107184E-05 -0.487564E-11  0.109856E-05  0.932193E-10  0.590227E-13
  0.473420E+05  0.126884E-05  0.846909E-10  0.464846E-20  0.464847E-20  0.000000E+00  0.106208E-05  0.106208E-05  0.106208E-05 -0.483117E-11  0.108855E-05  0.916223E-10  0.582158E-13
  0.475605E+05  0.125736E-05  0.831517E-10  0.456413E-20  0.456414E-20  0.000000E+00  0.105247E-05  0.105247E-05  0.105247E-05 -0.478734E-11  0.107867E-05  0.899487E-10  0.574225E-13
  0.477801E+05  0.124592E-05  0.816403E-10  0.448104E-20  0.448105E-20  0.000000E+00  0.104290E-05  0.104290E-05  0.104290E-05 -0.474374E-11  0.106885E-05  0.883148E-10  0.566383E-13
  0.480006E+05  0.123465E-05  0.801569E-10  0.439972E-20  0.439973E-20  0.000000E+00  0.103346E-05  0.103346E-05  0.103346E-05 -0.470071E-11  0.105915E-05  0.866578E-10  0.558665E-13
  0.482222E+05  0.122338E-05  0.786970E-10  0.431953E-20  0.431954E-20  0.000000E+00  0.102403E-05  0.102403E-05  0.102403E-05 -0.465776E-11  0.104947E-05  0.849764E-10  0.551019E-13
  0.484448E+05  0.121202E-05  0.772484E-10  0.424005E-20  0.424006E-20  0.000000E+00  0.101452E-05  0.101452E-05  0.101452E-05 -0.461435E-11  0.103969E-05  0.834450E-10  0.543376E-13
  0.486684E+05  0.120100E-05  0.758430E-10  0.416290E-20  0.416291E-20  0.000000E+00  0.100530E-05  0.100530E-05  0.100530E-05 -0.457232E-11  0.103022E-05  0.820090E-10  0.535954E-13
  0.488930E+05  0.119008E-05  0.744627E-10  0.408714E-20  0.408715E-20  0.000000E+00  0.996153E-06  0.996153E-06  0.996153E-06 -0.453065E-11  0.102083E-05  0.805975E-10  0.528630E-13
  0.491187E+05  0.117928E-05  0.731094E-10  0.401286E-20  0.401287E-20  0.000000E+00  0.987114E-06  0.987114E-06  0.987114E-06 -0.448946E-11  0.101155E-05  0.790786E-10  0.521416E-13
  0.493454E+05  0.116856E-05  0.717794E-10  0.393985E-20  0.393986E-20  0.000000E+00  0.978139E-06  0.978139E-06  0.978139E-06 -0.444856E-11  0.100234E-05  0.776869E-10  0.514292E-13
  0.495732E+05  0.115790E-05  0.704709E-10  0.386803E-20  0.386804E-20  0.000000E+00  0.969215E-06  0.969215E-06  0.969215E-06 -0.440789E-11  0.993173E-06  0.762076E-10  0.507250E-13
  0.498020E+05  0.114751E-05  0.691989E-10  0.379815E-20  0.379816E-20  0.000000E+00  0.960518E-06  0.960518E-06  0.960518E-06 -0.436830E-11  0.984253E-06  0.749167E-10  0.500385E-13
  0.500319E+05  0.113706E-05  0.679391E-10  0.372897E-20  0.372898E-20  0.000000E+00  0.951769E-06  0.951769E-06  0.951769E-06 -0.432843E-11  0.975270E-06  0.735122E-10  0.493540E-13
  0.502628E+05  0.112668E-05  0.666992E-10  0.366098E-20  0.366099E-20  0.000000E+00  0.943083E-06  0.943083E-06  0.943083E-06 -0.428885E-11  0.966353E-06  0.721183E-10  0.486781E-13
  0.504948E+05  0.111647E-05  0.654879E-10  0.359451E-20  0.359452E-20  0.000000E+00  0.934536E-06  0.934536E-06  0.934536E-06 -0.424989E-11  0.957570E-06  0.708095E-10  0.480141E-13
  0.507279E+05  0.110632E-05  0.642965E-10  0.352910E-20  0.352911E-20  0.000000E+00  0.926040E-06  0.926040E-06  0.926040E-06 -0.421118E-11  0.948849E-06  0.695500E-10  0.473583E-13
  0.509620E+05  0.109627E-05  0.631278E-10  0.346493E-20  0.346493E-20  0.000000E+00  0.917628E-06  0.917628E-06  0.917628E-06 -0.417286E-11  0.940216E-06  0.683397E-10  0.467118E-13
  0.511973E+05  0.108631E-05  0.619799E-10  0.340192E-20  0.340192E-20  0.000000E+00  0.909289E-06  0.909289E-06  0.909289E-06 -0.413486E-11  0.931653E-06  0.670770E-10  0.460737E-13
  0.514336E+05  0.107641E-05  0.608500E-10  0.333992E-20  0.333993E-20  0.000000E+00  0.901001E-06  0.901001E-06  0.901001E-06 -0.409710E-11  0.923148E-06  0.658286E-10  0.454434E-13
  0.516710E+05  0.106669E-05  0.597481E-10  0.327939E-20  0.327940E-20  0.000000E+00  0.892872E-06  0.892872E-06  0.892872E-06 -0.406009E-11  0.914809E-06  0.647018E-10  0.448260E-13
  0.519095E+05  0.105699E-05  0.586602E-10  0.321973E-20  0.321973E-20  0.000000E+00  0.884753E-06  0.884753E-06  0.884753E-06 -0.402310E-11  0.906473E-06  0.634403E-10  0.442135E-13
  0.521491E+05  0.104737E-05  0.575932E-10  0.316111E-20  0.316112E-20  0.000000E+00  0.876701E-06  0.876701E-06  0.876701E-06 -0.398639E-11  0.898202E-06  0.622972E-10  0.436088E-13
  0.523898E+05  0.103785E-05  0.565454E-10  0.310361E-20  0.310362E-20  0.000000E+00  0.868730E-06  0.868730E-06  0.868730E-06 -0.395009E-11  0.890022E-06  0.612093E-10  0.430132E-13
  0.526316E+05  0.102838E-05  0.555146E-10  0.304701E-20  0.304702E-20  0.000000E+00  0.860800E-06  0.860800E-06  0.860800E-06 -0.391397E-11  0.881887E-06  0.599827E-10  0.424242E-13
  0.528746E+05  0.101901E-05  0.545029E-10  0.299151E-20  0.299152E-20  0.000000E+00  0.852958E-06  0.852958E-06  0.852958E-06 -0.387824E-11  0.873836E-06  0.589181E-10  0.418438E-13
  0.531186E+05  0.100974E-05  0.535109E-10  0.293706E-20  0.293707E-20  0.000000E+00  0.845195E-06  0.845195E-06  0.845195E-06 -0.384286E-11  0.865864E-06  0.578069E-10  0.412716E-13
  0.533638E+05  0.100052E-05  0.525357E-10  0.288351E-20  0.288352E-20  0.000000E+00  0.837483E-06  0.837483E-06  0.837483E-06 -0.380773E-11  0.857950E-06  0.568893E-10  0.407065E-13
  0.536101E+05  0.991296E-06  0.515728E-10  0.283066E-20  0.283066E-20  0.000000E+00  0.829760E-06  0.829760E-06  0.829760E-06 -0.377252E-11  0.850015E-06  0.558471E-10  0.401447E-13
  0.538576E+05  0.982313E-06  0.506361E-10  0.277927E-20  0.277928E-20  0.000000E+00  0.822240E-06  0.822240E-06  0.822240E-06 -0.373826E-11  0.842293E-06  0.548445E-10  0.395973E-13
  0.541062E+05  0.973353E-06  0.497129E-10  0.272861E-20  0.272862E-20  0.000000E+00  0.814741E-06  0.814741E-06  0.814741E-06 -0.370408E-11  0.834591E-06  0.537255E-10  0.390550E-13
  0.543559E+05  0.964488E-06  0.488080E-10  0.267891E-20  0.267892E-20  0.000000E+00  0.807320E-06  0.807320E-06  0.807320E-06 -0.367028E-11  0.826978E-06  0.528776E-10  0.385209E-13
  0.546068E+05  0.955686E-06  0.479179E-10  0.263006E-20  0.263007E-20  0.000000E+00  0.799953E-06  0.799953E-06  0.799953E-06 -0.363673E-11  0.819421E-06  0.518322E-10  0.379936E-13
  0.548589E+05  0.946977E-06  0.470459E-10  0.258217E-20  0.258217E-20  0.000000E+00  0.792662E-06  0.792662E-06  0.792662E-06 -0.360351E-11  0.811932E-06  0.508548E-10  0.374734E-13
  0.551121E+05  0.938429E-06  0.461927E-10  0.253536E-20  0.253537E-20  0.000000E+00  0.785507E-06  0.785507E-06  0.785507E-06 -0.357094E-11  0.804596E-06  0.499249E-10  0.369642E-13
  0.553665E+05  0.929862E-06  0.453506E-10  0.248913E-20  0.248914E-20  0.000000E+00  0.778336E-06  0.778336E-06  0.778336E-06 -0.353826E-11  0.797233E-06  0.491124E-10  0.364577E-13
  0.556220E+05  0.921372E-06  0.445237E-10  0.244374E-20  0.244374E-20  0.000000E+00  0.771230E-06  0.771230E-06  0.771230E-06 -0.350589E-11  0.789940E-06  0.482169E-10  0.359582E-13
  0.558788E+05  0.912964E-06  0.437127E-10  0.239919E-20  0.239920E-20  0.000000E+00  0.764192E-06  0.764192E-06  0.764192E-06 -0.347383E-11  0.782716E-06  0.472908E-10  0.354657E-13
  0.561367E+05  0.904635E-06  0.429155E-10  0.235546E-20  0.235547E-20  0.000000E+00  0.757220E-06  0.757220E-06  0.757220E-06 -0.344207E-11  0.775559E-06  0.463475E-10  0.349800E-13
  0.563958E+05  0.896389E-06  0.421333E-10  0.231255E-20  0.231255E-20  0.000000E+00  0.750318E-06  0.750318E-06  0.750318E-06 -0.341063E-11  0.768477E-06  0.455512E-10  0.345013E-13
  0.566561E+05  0.888234E-06  0.413670E-10  0.227047E-20  0.227048E-20  0.000000E+00  0.743491E-06  0.743491E-06  0.743491E-06 -0.337952E-11  0.761462E-06  0.447520E-10  0.340293E-13
  0.569176E+05  0.880125E-06  0.406121E-10  0.222907E-20  0.222908E-20  0.000000E+00  0.736704E-06  0.736704E-06  0.736704E-06 -0.334861E-11  0.754498E-06  0.439107E-10  0.335632E-13
  0.571803E+05  0.872106E-06  0.398728E-10  0.218847E-20  0.218848E-20  0.000000E+00  0.729992E-06  0.729992E-06  0.729992E-06 -0.331804E-11  0.747611E-06  0.430885E-10  0.331041E-13
  0.574443E+05  0.864129E-06  0.391449E-10  0.214852E-20  0.214853E-20  0.000000E+00  0.723314E-06  0.723314E-06  0.723314E-06 -0.328762E-11  0.740757E-06  0.423141E-10  0.326499E-13
  0.577094E+05  0.856230E-06  0.384311E-10  0.210932E-20  0.210933E-20  0.000000E+00  0.716703E-06  0.716703E-06  0.716703E-06 -0.325750E-11  0.733970E-06  0.415209E-10  0.322021E-13
  0.579758E+05  0.848421E-06  0.377303E-10  0.207089E-20  0.207090E-20  0.000000E+00  0.710166E-06  0.710166E-06  0.710166E-06 -0.322771E-11  0.727255E-06  0.408565E-10  0.317609E-13
  0.582434E+05  0.840653E-06  0.370414E-10  0.203306E-20  0.203307E-20  0.000000E+00  0.703664E-06  0.703664E-06  0.703664E-06 -0.319811E-11  0.720589E-06  0.401085E-10  0.313252E-13
  0.585122E+05  0.832970E-06  0.363656E-10  0.199596E-20  0.199597E-20  0.000000E+00  0.697233E-06  0.697233E-06  0.697233E-06 -0.316881E-11  0.713990E-06  0.393042E-10  0.308958E-13
  0.587823E+05  0.825354E-06  0.357022E-10  0.195956E-20  0.195957E-20  0.000000E+00  0.690858E-06  0.690858E-06  0.690858E-06 -0.313977E-11  0.707442E-06  0.386590E-10  0.304718E-13
  0.590537E+05  0.817786E-06  0.350495E-10  0.192373E-20  0.192374E-20  0.000000E+00  0.684523E-06  0.684523E-06  0.684523E-06 -0.311091E-11  0.700944E-06  0.379065E-10  0.300532E-13
  0.593262E+05  0.810352E-06  0.344121E-10  0.188873E-20  0.188874E-20  0.000000E+00  0.678300E-06  0.678300E-06  0.678300E-06 -0.308258E-11  0.694560E-06  0.372588E-10  0.296427E-13
  0.596001E+05  0.800007E-06  0.336528E-10  0.184704E-20  0.184704E-20  0.000000E+00  0.669641E-06  0.669641E-06  0.669641E-06 -0.304241E-11  0.685508E-06  0.364197E-10  0.291219E-13
  0.598752E+05  0.792678E-06  0.330376E-10  0.181330E-20  0.181330E-20  0.000000E+00  0.663506E-06  0.663506E-06  0.663506E-06 -0.301448E-11  0.679215E-06  0.356908E-10  0.287220E-13
  0.601515E+05  0.785455E-06  0.324360E-10  0.178028E-20  0.178028E-20  0.000000E+00  0.657460E-06  0.657460E-06  0.657460E-06 -0.298693E-11  0.673006E-06  0.350615E-10  0.283287E-13
  0.604292E+05  0.778237E-06  0.318424E-10  0.174769E-20  0.174770E-20  0.000000E+00  0.651419E-06  0.651419E-06  0.651419E-06 -0.295943E-11  0.666811E-06  0.344684E-10  0.279390E-13
  0.607081E+05  0.771185E-06  0.312641E-10  0.171595E-20  0.171595E-20  0.000000E+00  0.645515E-06  0.645515E-06  0.645515E-06 -0.293257E-11  0.660761E-06  0.338201E-10  0.275583E-13
  0.609883E+05  0.764129E-06  0.306934E-10  0.168462E-20  0.168463E-20  0.000000E+00  0.639609E-06  0.639609E-06  0.639609E-06 -0.290567E-11  0.654700E-06  0.332344E-10  0.271801E-13
  0.612698E+05  0.757130E-06  0.301328E-10  0.165385E-20  0.165386E-20  0.000000E+00  0.633751E-06  0.633751E-06  0.633751E-06 -0.287899E-11  0.648688E-06  0.326379E-10  0.268068E-13
  0.615527E+05  0.753947E-06  0.297406E-10  0.163231E-20  0.163231E-20  0.000000E+00  0.631086E-06  0.631086E-06  0.631086E-06 -0.286778E-11  0.646163E-06  0.321192E-10  0.265798E-13
  0.618368E+05  0.747044E-06  0.291976E-10  0.160250E-20  0.160250E-20  0.000000E+00  0.625308E-06  0.625308E-06  0.625308E-06 -0.284147E-11  0.640233E-06  0.315994E-10  0.262148E-13
  0.621222E+05  0.740176E-06  0.286627E-10  0.157318E-20  0.157318E-20  0.000000E+00  0.619559E-06  0.619559E-06  0.619559E-06 -0.281526E-11  0.634327E-06  0.310231E-10  0.258537E-13
  0.624089E+05  0.733385E-06  0.281389E-10  0.154441E-20  0.154442E-20  0.000000E+00  0.613875E-06  0.613875E-06  0.613875E-06 -0.278938E-11  0.628496E-06  0.304059E-10  0.254984E-13
  0.626970E+05  0.726664E-06  0.276251E-10  0.151619E-20  0.151620E-20  0.000000E+00  0.608249E-06  0.608249E-06  0.608249E-06 -0.276375E-11  0.622723E-06  0.298993E-10  0.251481E-13
  0.629864E+05  0.719992E-06  0.271200E-10  0.148846E-20  0.148847E-20  0.000000E+00  0.602664E-06  0.602664E-06  0.602664E-06 -0.273831E-11  0.616991E-06  0.293427E-10  0.248021E-13
  0.632771E+05  0.713389E-06  0.266240E-10  0.146126E-20  0.146127E-20  0.000000E+00  0.597137E-06  0.597137E-06  0.597137E-06 -0.271313E-11  0.611316E-06  0.287677E-10  0.244611E-13
  0.635692E+05  0.706848E-06  0.261374E-10  0.143455E-20  0.143456E-20  0.000000E+00  0.591662E-06  0.591662E-06  0.591662E-06 -0.268820E-11  0.605701E-06  0.282316E-10  0.241251E-13
  0.638626E+05  0.700382E-06  0.256604E-10  0.140837E-20  0.140838E-20  0.000000E+00  0.586250E-06  0.586250E-06  0.586250E-06 -0.266354E-11  0.600141E-06  0.277765E-10  0.237938E-13
  0.641574E+05  0.693979E-06  0.251922E-10  0.138268E-20  0.138268E-20  0.000000E+00  0.580890E-06  0.580890E-06  0.580890E-06 -0.263914E-11  0.594643E-06  0.272242E-10  0.234675E-13
  0.644535E+05  0.687493E-06  0.247269E-10  0.135715E-20  0.135715E-20  0.000000E+00  0.575461E-06  0.575461E-06  0.575461E-06 -0.261438E-11  0.589065E-06  0.267283E-10  0.231406E-13
  0.647510E+05  0.681362E-06  0.242816E-10  0.133270E-20  0.133271E-20  0.000000E+00  0.570329E-06  0.570329E-06  0.570329E-06 -0.259106E-11  0.583812E-06  0.262499E-10  0.228289E-13
  0.650499E+05  0.675109E-06  0.238375E-10  0.130834E-20  0.130834E-20  0.000000E+00  0.565095E-06  0.565095E-06  0.565095E-06 -0.256720E-11  0.578434E-06  0.257967E-10  0.225147E-13
  0.653502E+05  0.668942E-06  0.234027E-10  0.128448E-20  0.128449E-20  0.000000E+00  0.559933E-06  0.559933E-06  0.559933E-06 -0.254369E-11  0.573136E-06  0.253223E-10  0.222059E-13
  0.656518E+05  0.662772E-06  0.229739E-10  0.126092E-20  0.126093E-20  0.000000E+00  0.554768E-06  0.554768E-06  0.554768E-06 -0.252019E-11  0.567842E-06  0.248715E-10  0.218998E-13
  0.659549E+05  0.656686E-06  0.225539E-10  0.123786E-20  0.123787E-20  0.000000E+00  0.549675E-06  0.549675E-06  0.549675E-06 -0.249698E-11  0.562613E-06  0.243838E-10  0.215984E-13
  0.662593E+05  0.650647E-06  0.221409E-10  0.121520E-20  0.121521E-20  0.000000E+00  0.544619E-06  0.544619E-06  0.544619E-06 -0.247396E-11  0.557426E-06  0.239295E-10  0.213010E-13
  0.665651E+05  0.644697E-06  0.217369E-10  0.119303E-20  0.119303E-20  0.000000E+00  0.539639E-06  0.539639E-06  0.539639E-06 -0.245128E-11  0.552316E-06  0.235439E-10  0.210087E-13
  0.668724E+05  0.638777E-06  0.213396E-10  0.117121E-20  0.117121E-20  0.000000E+00  0.534683E-06  0.534683E-06  0.534683E-06 -0.242872E-11  0.547233E-06  0.230819E-10  0.207197E-13
  0.671810E+05  0.632905E-06  0.209488E-10  0.114977E-20  0.114977E-20  0.000000E+00  0.529768E-06  0.529768E-06  0.529768E-06 -0.240633E-11  0.542190E-06  0.226651E-10  0.204345E-13
  0.674911E+05  0.627147E-06  0.205676E-10  0.112884E-20  0.112885E-20  0.000000E+00  0.524949E-06  0.524949E-06  0.524949E-06 -0.238440E-11  0.537249E-06  0.222053E-10  0.201552E-13
  0.678027E+05  0.621420E-06  0.201926E-10  0.110827E-20  0.110827E-20  0.000000E+00  0.520155E-06  0.520155E-06  0.520155E-06 -0.236257E-11  0.532327E-06  0.218075E-10  0.198789E-13
  0.681156E+05  0.615700E-06  0.198227E-10  0.108796E-20  0.108797E-20  0.000000E+00  0.515367E-06  0.515367E-06  0.515367E-06 -0.234077E-11  0.527416E-06  0.214052E-10  0.196050E-13
  0.684300E+05  0.610044E-06  0.194600E-10  0.106806E-20  0.106807E-20  0.000000E+00  0.510632E-06  0.510632E-06  0.510632E-06 -0.231921E-11  0.522559E-06  0.210580E-10  0.193352E-13
  0.687459E+05  0.604458E-06  0.191047E-10  0.104856E-20  0.104857E-20  0.000000E+00  0.505957E-06  0.505957E-06  0.505957E-06 -0.229791E-11  0.517759E-06  0.206364E-10  0.190696E-13
  0.690632E+05  0.598885E-06  0.187549E-10  0.102933E-20  0.102934E-20  0.000000E+00  0.501292E-06  0.501292E-06  0.501292E-06 -0.227668E-11  0.512977E-06  0.202966E-10  0.188067E-13
  0.693820E+05  0.593376E-06  0.184115E-10  0.101049E-20  0.101049E-20  0.000000E+00  0.496681E-06  0.496681E-06  0.496681E-06 -0.225568E-11  0.508246E-06  0.198892E-10  0.185476E-13
  0.697022E+05  0.587937E-06  0.180749E-10  0.992028E-21  0.992032E-21  0.000000E+00  0.492128E-06  0.492128E-06  0.492128E-06 -0.223495E-11  0.503574E-06  0.195689E-10  0.182927E-13
  0.700240E+05  0.582503E-06  0.177431E-10  0.973823E-21  0.973827E-21  0.000000E+00  0.487580E-06  0.487580E-06  0.487580E-06 -0.221423E-11  0.498904E-06  0.191630E-10  0.180398E-13
  0.703472E+05  0.577148E-06  0.174183E-10  0.956003E-21  0.956007E-21  0.000000E+00  0.483097E-06  0.483097E-06  0.483097E-06 -0.219382E-11  0.494305E-06  0.188483E-10  0.177913E-13
  0.706719E+05  0.571834E-06  0.170994E-10  0.938489E-21  0.938493E-21  0.000000E+00  0.478649E-06  0.478649E-06  0.478649E-06 -0.217356E-11  0.489742E-06  0.185093E-10  0.175461E-13
  0.709981E+05  0.566575E-06  0.167863E-10  0.921314E-21  0.921318E-21  0.000000E+00  0.474247E-06  0.474247E-06  0.474247E-06 -0.215352E-11  0.485225E-06  0.181617E-10  0.173044E-13
  0.713258E+05  0.561175E-06  0.164733E-10  0.904123E-21  0.904126E-21  0.000000E+00  0.469727E-06  0.469727E-06  0.469727E-06 -0.213290E-11  0.480579E-06  0.178461E-10  0.170600E-13
  0.716550E+05  0.555974E-06  0.161705E-10  0.887500E-21  0.887503E-21  0.000000E+00  0.465374E-06  0.465374E-06  0.465374E-06 -0.211307E-11  0.476114E-06  0.174643E-10  0.168239E-13
  0.719858E+05  0.550870E-06  0.158749E-10  0.871273E-21  0.871277E-21  0.000000E+00  0.461102E-06  0.461102E-06  0.461102E-06 -0.209362E-11  0.471731E-06  0.171669E-10  0.165924E-13
  0.723181E+05  0.545808E-06  0.155845E-10  0.855328E-21  0.855331E-21  0.000000E+00  0.456864E-06  0.456864E-06  0.456864E-06 -0.207434E-11  0.467386E-06  0.168716E-10  0.163641E-13
  0.726519E+05  0.540812E-06  0.153000E-10  0.839709E-21  0.839713E-21  0.000000E+00  0.452682E-06  0.452682E-06  0.452682E-06 -0.205530E-11  0.463098E-06  0.165317E-10  0.161394E-13
  0.729872E+05  0.535836E-06  0.150198E-10  0.824342E-21  0.824345E-21  0.000000E+00  0.448517E-06  0.448517E-06  0.448517E-06 -0.203634E-11  0.458822E-06  0.162254E-10  0.159169E-13
  0.733241E+05  0.530893E-06  0.147442E-10  0.809226E-21  0.809229E-21  0.000000E+00  0.444380E-06  0.444380E-06  0.444380E-06 -0.201750E-11  0.454577E-06  0.159234E-10  0.156972E-13
  0.736626E+05  0.526010E-06  0.144743E-10  0.794418E-21  0.794421E-21  0.000000E+00  0.440292E-06  0.440292E-06  0.440292E-06 -0.199888E-11  0.450381E-06  0.156375E-10  0.154809E-13
  0.740026E+05  0.521150E-06  0.142089E-10  0.779834E-21  0.779838E-21  0.000000E+00  0.436224E-06  0.436224E-06  0.436224E-06 -0.198037E-11  0.446212E-06  0.153654E-10  0.152671E-13
  0.743441E+05  0.516359E-06  0.139487E-10  0.765565E-21  0.765568E-21  0.000000E+00  0.432213E-06  0.432213E-06  0.432213E-06 -0.196211E-11  0.442096E-06  0.150981E-10  0.150568E-13
  0.746873E+05  0.511596E-06  0.136929E-10  0.751523E-21  0.751526E-21  0.000000E+00  0.428227E-06  0.428227E-06  0.428227E-06 -0.194397E-11  0.438012E-06  0.148070E-10  0.148492E-13
  0.750320E+05  0.506883E-06  0.134422E-10  0.737758E-21  0.737761E-21  0.000000E+00  0.424282E-06  0.424282E-06  0.424282E-06 -0.192600E-11  0.433963E-06  0.145560E-10  0.146443E-13
  0.753784E+05  0.502197E-06  0.131954E-10  0.724213E-21  0.724216E-21  0.000000E+00  0.420360E-06  0.420360E-06  0.420360E-06 -0.190815E-11  0.429941E-06  0.142913E-10  0.144419E-13
  0.757263E+05  0.497570E-06  0.129536E-10  0.710946E-21  0.710950E-21  0.000000E+00  0.416486E-06  0.416486E-06  0.416486E-06 -0.189052E-11  0.425967E-06  0.140305E-10  0.142427E-13
  0.760758E+05  0.492974E-06  0.127159E-10  0.697901E-21  0.697904E-21  0.000000E+00  0.412639E-06  0.412639E-06  0.412639E-06 -0.187300E-11  0.422020E-06  0.137591E-10  0.140459E-13
  0.764270E+05  0.488396E-06  0.124821E-10  0.685058E-21  0.685061E-21  0.000000E+00  0.408808E-06  0.408808E-06  0.408808E-06 -0.185556E-11  0.418091E-06  0.134760E-10  0.138512E-13
  0.767798E+05  0.483893E-06  0.122532E-10  0.672500E-21  0.672503E-21  0.000000E+00  0.405038E-06  0.405038E-06  0.405038E-06 -0.183840E-11  0.414225E-06  0.132304E-10  0.136601E-13
  0.771342E+05  0.479425E-06  0.120285E-10  0.660168E-21  0.660171E-21  0.000000E+00  0.401298E-06  0.401298E-06  0.401298E-06 -0.182137E-11  0.410386E-06  0.130295E-10  0.134713E-13
  0.774902E+05  0.475019E-06  0.118085E-10  0.648085E-21  0.648088E-21  0.000000E+00  0.397610E-06  0.397610E-06  0.397610E-06 -0.180459E-11  0.406608E-06  0.127934E-10  0.132860E-13
  0.778479E+05  0.470608E-06  0.115911E-10  0.636160E-21  0.636163E-21  0.000000E+00  0.393918E-06  0.393918E-06  0.393918E-06 -0.178778E-11  0.402820E-06  0.125592E-10  0.131017E-13
  0.782072E+05  0.466125E-06  0.113750E-10  0.624295E-21  0.624298E-21  0.000000E+00  0.390166E-06  0.390166E-06  0.390166E-06 -0.177066E-11  0.398963E-06  0.122965E-10  0.129166E-13
  0.785682E+05  0.461809E-06  0.111660E-10  0.612827E-21  0.612829E-21  0.000000E+00  0.386553E-06  0.386553E-06  0.386553E-06 -0.175422E-11  0.395257E-06  0.120980E-10  0.127379E-13
  0.789308E+05  0.457545E-06  0.109611E-10  0.601589E-21  0.601592E-21  0.000000E+00  0.382984E-06  0.382984E-06  0.382984E-06 -0.173796E-11  0.391593E-06  0.118692E-10  0.125618E-13
  0.792952E+05  0.453168E-06  0.107562E-10  0.590338E-21  0.590341E-21  0.000000E+00  0.379320E-06  0.379320E-06  0.379320E-06 -0.172126E-11  0.387829E-06  0.116511E-10  0.123839E-13
  0.796612E+05  0.448970E-06  0.105586E-10  0.579492E-21  0.579494E-21  0.000000E+00  0.375807E-06  0.375807E-06  0.375807E-06 -0.170526E-11  0.384226E-06  0.114058E-10  0.122125E-13
  0.800289E+05  0.444841E-06  0.103654E-10  0.568883E-21  0.568886E-21  0.000000E+00  0.372350E-06  0.372350E-06  0.372350E-06 -0.168954E-11  0.380683E-06  0.111965E-10  0.120443E-13
  0.803983E+05  0.440723E-06  0.101749E-10  0.558437E-21  0.558439E-21  0.000000E+00  0.368903E-06  0.368903E-06  0.368903E-06 -0.167384E-11  0.377146E-06  0.110156E-10  0.118776E-13
  0.807694E+05  0.436615E-06  0.998725E-11  0.548137E-21  0.548139E-21  0.000000E+00  0.365464E-06  0.365464E-06  0.365464E-06 -0.165819E-11  0.373621E-06  0.108040E-10  0.117125E-13
  0.811422E+05  0.432574E-06  0.980381E-11  0.538071E-21  0.538074E-21  0.000000E+00  0.362082E-06  0.362082E-06  0.362082E-06 -0.164280E-11  0.370151E-06  0.105974E-10  0.115504E-13
  0.815167E+05  0.428549E-06  0.962341E-11  0.528157E-21  0.528160E-21  0.000000E+00  0.358713E-06  0.358713E-06  0.358713E-06 -0.162746E-11  0.366697E-06  0.104207E-10  0.113901E-13
  0.818930E+05  0.424566E-06  0.944621E-11  0.518438E-21  0.518441E-21  0.000000E+00  0.355379E-06  0.355379E-06  0.355379E-06 -0.161228E-11  0.363276E-06  0.102299E-10  0.112320E-13
  0.822710E+05  0.420622E-06  0.927239E-11  0.508895E-21  0.508898E-21  0.000000E+00  0.352078E-06  0.352078E-06  0.352078E-06 -0.159726E-11  0.359891E-06  0.100372E-10  0.110762E-13
  0.826507E+05  0.416729E-06  0.910200E-11  0.499548E-21  0.499550E-21  0.000000E+00  0.348819E-06  0.348819E-06  0.348819E-06 -0.158243E-11  0.356550E-06  0.982584E-11  0.109229E-13
  0.830322E+05  0.412862E-06  0.893454E-11  0.490364E-21  0.490366E-21  0.000000E+00  0.345582E-06  0.345582E-06  0.345582E-06 -0.156768E-11  0.353226E-06  0.967102E-11  0.107714E-13
  0.834155E+05  0.409026E-06  0.877019E-11  0.481336E-21  0.481338E-21  0.000000E+00  0.342372E-06  0.342372E-06  0.342372E-06 -0.155308E-11  0.349938E-06  0.946728E-11  0.106221E-13
  0.838005E+05  0.405234E-06  0.860892E-11  0.472489E-21  0.472492E-21  0.000000E+00  0.339198E-06  0.339198E-06  0.339198E-06 -0.153863E-11  0.346681E-06  0.931010E-11  0.104749E-13
  0.841873E+05  0.401453E-06  0.845013E-11  0.463772E-21  0.463775E-21  0.000000E+00  0.336033E-06  0.336033E-06  0.336033E-06 -0.152423E-11  0.343436E-06  0.912971E-11  0.103292E-13
  0.845759E+05  0.397725E-06  0.829469E-11  0.455238E-21  0.455240E-21  0.000000E+00  0.332912E-06  0.332912E-06  0.332912E-06 -0.151003E-11  0.340238E-06  0.898824E-11  0.101860E-13
  0.849663E+05  0.394034E-06  0.814214E-11  0.446866E-21  0.446868E-21  0.000000E+00  0.329823E-06  0.329823E-06  0.329823E-06 -0.149597E-11  0.337068E-06  0.879283E-11  0.100447E-13
  0.853585E+05  0.390369E-06  0.799214E-11  0.438635E-21  0.438637E-21  0.000000E+00  0.326755E-06  0.326755E-06  0.326755E-06 -0.148201E-11  0.333925E-06  0.863409E-11  0.990530E-14
  0.857525E+05  0.386742E-06  0.784506E-11  0.430563E-21  0.430565E-21  0.000000E+00  0.323719E-06  0.323719E-06  0.323719E-06 -0.146819E-11  0.330809E-06  0.849746E-11  0.976779E-14
  0.861483E+05  0.383163E-06  0.770099E-11  0.422657E-21  0.422659E-21  0.000000E+00  0.320723E-06  0.320723E-06  0.320723E-06 -0.145455E-11  0.327736E-06  0.832397E-11  0.963259E-14
  0.865460E+05  0.379588E-06  0.755891E-11  0.414859E-21  0.414861E-21  0.000000E+00  0.317730E-06  0.317730E-06  0.317730E-06 -0.144094E-11  0.324669E-06  0.817309E-11  0.949862E-14
  0.869454E+05  0.376053E-06  0.741961E-11  0.407214E-21  0.407216E-21  0.000000E+00  0.314771E-06  0.314771E-06  0.314771E-06 -0.142747E-11  0.321634E-06  0.801853E-11  0.936660E-14
  0.873468E+05  0.372558E-06  0.728310E-11  0.399720E-21  0.399722E-21  0.000000E+00  0.311846E-06  0.311846E-06  0.311846E-06 -0.141416E-11  0.318634E-06  0.788394E-11  0.923660E-14
  0.877499E+05  0.369085E-06  0.714879E-11  0.392350E-21  0.392352E-21  0.000000E+00  0.308939E-06  0.308939E-06  0.308939E-06 -0.140092E-11  0.315652E-06  0.772652E-11  0.910812E-14
  0.881550E+05  0.365645E-06  0.701704E-11  0.385116E-21  0.385118E-21  0.000000E+00  0.306060E-06  0.306060E-06  0.306060E-06 -0.138783E-11  0.312702E-06  0.759931E-11  0.898154E-14
  0.885619E+05  0.362232E-06  0.688756E-11  0.378007E-21  0.378009E-21  0.000000E+00  0.303202E-06  0.303202E-06  0.303202E-06 -0.137483E-11  0.309775E-06  0.746824E-11  0.885658E-14
  0.889706E+05  0.358858E-06  0.676071E-11  0.371040E-21  0.371042E-21  0.000000E+00  0.300378E-06  0.300378E-06  0.300378E-06 -0.136198E-11  0.306879E-06  0.731850E-11  0.873348E-14
  0.893813E+05  0.355535E-06  0.663647E-11  0.364227E-21  0.364229E-21  0.000000E+00  0.297597E-06  0.297597E-06  0.297597E-06 -0.134932E-11  0.304027E-06  0.717522E-11  0.861255E-14
  0.897939E+05  0.352218E-06  0.651398E-11  0.357506E-21  0.357508E-21  0.000000E+00  0.294820E-06  0.294820E-06  0.294820E-06 -0.133669E-11  0.301182E-06  0.703004E-11  0.849276E-14
  0.902084E+05  0.348940E-06  0.639406E-11  0.350922E-21  0.350924E-21  0.000000E+00  0.292077E-06  0.292077E-06  0.292077E-06 -0.132421E-11  0.298367E-06  0.691205E-11  0.837475E-14
  0.906247E+05  0.345682E-06  0.627602E-11  0.344446E-21  0.344448E-21  0.000000E+00  0.289350E-06  0.289350E-06  0.289350E-06 -0.131180E-11  0.295572E-06  0.679908E-11  0.825817E-14
  0.910430E+05  0.342452E-06  0.616023E-11  0.338086E-21  0.338088E-21  0.000000E+00  0.286646E-06  0.286646E-06  0.286646E-06 -0.129950E-11  0.292801E-06  0.665594E-11  0.814316E-14
  0.914633E+05  0.339263E-06  0.604663E-11  0.331857E-21  0.331858E-21  0.000000E+00  0.283977E-06  0.283977E-06  0.283977E-06 -0.128735E-11  0.290063E-06  0.655115E-11  0.802996E-14
  0.918855E+05  0.336075E-06  0.593474E-11  0.325712E-21  0.325714E-21  0.000000E+00  0.281309E-06  0.281309E-06  0.281309E-06 -0.127521E-11  0.287327E-06  0.642049E-11  0.791767E-14
  0.923096E+05  0.332960E-06  0.582558E-11  0.319728E-21  0.319730E-21  0.000000E+00  0.278701E-06  0.278701E-06  0.278701E-06 -0.126334E-11  0.284651E-06  0.629159E-11  0.780789E-14
  0.927357E+05  0.329853E-06  0.571815E-11  0.313828E-21  0.313830E-21  0.000000E+00  0.276100E-06  0.276100E-06  0.276100E-06 -0.125151E-11  0.281987E-06  0.618104E-11  0.769929E-14
  0.931637E+05  0.326768E-06  0.561248E-11  0.308031E-21  0.308032E-21  0.000000E+00  0.273518E-06  0.273518E-06  0.273518E-06 -0.123977E-11  0.279342E-06  0.606801E-11  0.759201E-14
  0.935937E+05  0.323716E-06  0.550891E-11  0.302344E-21  0.302346E-21  0.000000E+00  0.270963E-06  0.270963E-06  0.270963E-06 -0.122814E-11  0.276723E-06  0.596924E-11  0.748628E-14
  0.940257E+05  0.320692E-06  0.540722E-11  0.296764E-21  0.296766E-21  0.000000E+00  0.268432E-06  0.268432E-06  0.268432E-06 -0.121663E-11  0.274129E-06  0.584776E-11  0.738203E-14
  0.944597E+05  0.317701E-06  0.530754E-11  0.291291E-21  0.291293E-21  0.000000E+00  0.265929E-06  0.265929E-06  0.265929E-06 -0.120524E-11  0.271563E-06  0.575389E-11  0.727933E-14
  0.948957E+05  0.314727E-06  0.520944E-11  0.285907E-21  0.285909E-21  0.000000E+00  0.263439E-06  0.263439E-06  0.263439E-06 -0.119391E-11  0.269011E-06  0.562554E-11  0.717780E-14
  0.953338E+05  0.311782E-06  0.511324E-11  0.280627E-21  0.280628E-21  0.000000E+00  0.260974E-06  0.260974E-06  0.260974E-06 -0.118270E-11  0.266483E-06  0.553818E-11  0.707769E-14
  0.957738E+05  0.308864E-06  0.501878E-11  0.275441E-21  0.275443E-21  0.000000E+00  0.258532E-06  0.258532E-06  0.258532E-06 -0.117159E-11  0.263980E-06  0.542074E-11  0.697900E-14
  0.962159E+05  0.305977E-06  0.492604E-11  0.270354E-21  0.270356E-21  0.000000E+00  0.256114E-06  0.256114E-06  0.256114E-06 -0.116059E-11  0.261503E-06  0.531898E-11  0.688173E-14
  0.966600E+05  0.303106E-06  0.483497E-11  0.265352E-21  0.265353E-21  0.000000E+00  0.253712E-06  0.253712E-06  0.253712E-06 -0.114967E-11  0.259041E-06  0.521783E-11  0.678564E-14
  0.971062E+05  0.300272E-06  0.474560E-11  0.260453E-21  0.260454E-21  0.000000E+00  0.251340E-06  0.251340E-06  0.251340E-06 -0.113887E-11  0.256608E-06  0.513800E-11  0.669102E-14
  0.975544E+05  0.297465E-06  0.465797E-11  0.255642E-21  0.255644E-21  0.000000E+00  0.248990E-06  0.248990E-06  0.248990E-06 -0.112819E-11  0.254202E-06  0.503172E-11  0.659782E-14
  0.980047E+05  0.294687E-06  0.457200E-11  0.250926E-21  0.250927E-21  0.000000E+00  0.246665E-06  0.246665E-06  0.246665E-06 -0.111760E-11  0.251816E-06  0.495277E-11  0.650587E-14
  0.984570E+05  0.291921E-06  0.448749E-11  0.246280E-21  0.246282E-21  0.000000E+00  0.244349E-06  0.244349E-06  0.244349E-06 -0.110708E-11  0.249446E-06  0.485439E-11  0.641502E-14
  0.989115E+05  0.289171E-06  0.440424E-11  0.241714E-21  0.241716E-21  0.000000E+00  0.242048E-06  0.242048E-06  0.242048E-06 -0.109661E-11  0.247086E-06  0.475057E-11  0.632514E-14
  0.993680E+05  0.286460E-06  0.432275E-11  0.237243E-21  0.237245E-21  0.000000E+00  0.239778E-06  0.239778E-06  0.239778E-06 -0.108628E-11  0.244760E-06  0.468087E-11  0.623681E-14
  0.998267E+05  0.283775E-06  0.424280E-11  0.232857E-21  0.232858E-21  0.000000E+00  0.237531E-06  0.237531E-06  0.237531E-06 -0.107606E-11  0.242455E-06  0.459141E-11  0.614970E-14
  0.100287E+06  0.281114E-06  0.416433E-11  0.228550E-21  0.228552E-21  0.000000E+00  0.235303E-06  0.235303E-06  0.235303E-06 -0.106593E-11  0.240172E-06  0.451143E-11  0.606381E-14
  0.100750E+06  0.278628E-06  0.408968E-11  0.224451E-21  0.224452E-21  0.000000E+00  0.233222E-06  0.233222E-06  0.233222E-06 -0.105650E-11  0.238050E-06  0.443578E-11  0.598261E-14
  0.101215E+06  0.276021E-06  0.401412E-11  0.220305E-21  0.220306E-21  0.000000E+00  0.231041E-06  0.231041E-06  0.231041E-06 -0.104658E-11  0.235814E-06  0.434654E-11  0.589919E-14
  0.101683E+06  0.273432E-06  0.393991E-11  0.216229E-21  0.216231E-21  0.000000E+00  0.228873E-06  0.228873E-06  0.228873E-06 -0.103672E-11  0.233593E-06  0.425823E-11  0.581677E-14
  0.102152E+06  0.270860E-06  0.386691E-11  0.212223E-21  0.212224E-21  0.000000E+00  0.226720E-06  0.226720E-06  0.226720E-06 -0.102693E-11  0.231387E-06  0.419235E-11  0.573537E-14
  0.102623E+06  0.268319E-06  0.379534E-11  0.208297E-21  0.208298E-21  0.000000E+00  0.224594E-06  0.224594E-06  0.224594E-06 -0.101726E-11  0.229208E-06  0.411575E-11  0.565525E-14
  0.103097E+06  0.265802E-06  0.372516E-11  0.204444E-21  0.204445E-21  0.000000E+00  0.222486E-06  0.222486E-06  0.222486E-06 -0.100767E-11  0.227047E-06  0.402709E-11  0.557621E-14
  0.103573E+06  0.263306E-06  0.365619E-11  0.200660E-21  0.200662E-21  0.000000E+00  0.220397E-06  0.220397E-06  0.220397E-06 -0.998176E-12  0.224907E-06  0.395486E-11  0.549827E-14
  0.104051E+06  0.260834E-06  0.358853E-11  0.196946E-21  0.196947E-21  0.000000E+00  0.218328E-06  0.218328E-06  0.218328E-06 -0.988763E-12  0.222786E-06  0.388551E-11  0.542140E-14
  0.104531E+06  0.258381E-06  0.352204E-11  0.193299E-21  0.193300E-21  0.000000E+00  0.216275E-06  0.216275E-06  0.216275E-06 -0.979426E-12  0.220682E-06  0.380679E-11  0.534551E-14
  0.105014E+06  0.255941E-06  0.345668E-11  0.189707E-21  0.189708E-21  0.000000E+00  0.214233E-06  0.214233E-06  0.214233E-06 -0.970139E-12  0.218591E-06  0.374005E-11  0.527054E-14
  0.105499E+06  0.253539E-06  0.339268E-11  0.186198E-21  0.186200E-21  0.000000E+00  0.212222E-06  0.212222E-06  0.212222E-06 -0.960993E-12  0.216529E-06  0.366411E-11  0.519684E-14
  0.105986E+06  0.251180E-06  0.333020E-11  0.182768E-21  0.182769E-21  0.000000E+00  0.210248E-06  0.210248E-06  0.210248E-06 -0.952027E-12  0.214510E-06  0.359333E-11  0.512472E-14
  0.106475E+06  0.248819E-06  0.326852E-11  0.179383E-21  0.179384E-21  0.000000E+00  0.208271E-06  0.208271E-06  0.208271E-06 -0.943037E-12  0.212484E-06  0.352865E-11  0.505299E-14
  0.106966E+06  0.246472E-06  0.320785E-11  0.176054E-21  0.176055E-21  0.000000E+00  0.206307E-06  0.206307E-06  0.206307E-06 -0.934104E-12  0.210471E-06  0.347683E-11  0.498214E-14
  0.107460E+06  0.244150E-06  0.314839E-11  0.172789E-21  0.172791E-21  0.000000E+00  0.204363E-06  0.204363E-06  0.204363E-06 -0.925266E-12  0.208480E-06  0.341485E-11  0.491233E-14
  0.107956E+06  0.241849E-06  0.309000E-11  0.169584E-21  0.169585E-21  0.000000E+00  0.202437E-06  0.202437E-06  0.202437E-06 -0.916507E-12  0.206506E-06  0.333213E-11  0.484348E-14
  0.108454E+06  0.239582E-06  0.303287E-11  0.166449E-21  0.166450E-21  0.000000E+00  0.200539E-06  0.200539E-06  0.200539E-06 -0.907880E-12  0.204562E-06  0.327802E-11  0.477583E-14
  0.108955E+06  0.237330E-06  0.297672E-11  0.163365E-21  0.163367E-21  0.000000E+00  0.198654E-06  0.198654E-06  0.198654E-06 -0.899312E-12  0.202632E-06  0.321802E-11  0.470904E-14
  0.109458E+06  0.235090E-06  0.292142E-11  0.160333E-21  0.160334E-21  0.000000E+00  0.196780E-06  0.196780E-06  0.196780E-06 -0.890788E-12  0.200711E-06  0.315418E-11  0.464297E-14
  0.109963E+06  0.232871E-06  0.286719E-11  0.157358E-21  0.157359E-21  0.000000E+00  0.194922E-06  0.194922E-06  0.194922E-06 -0.882343E-12  0.198809E-06  0.310646E-11  0.457782E-14
  0.110471E+06  0.230674E-06  0.281398E-11  0.154437E-21  0.154438E-21  0.000000E+00  0.193083E-06  0.193083E-06  0.193083E-06 -0.873980E-12  0.196924E-06  0.305100E-11  0.451360E-14
  0.110981E+06  0.228492E-06  0.276169E-11  0.151567E-21  0.151568E-21  0.000000E+00  0.191257E-06  0.191257E-06  0.191257E-06 -0.865676E-12  0.195053E-06  0.298230E-11  0.445018E-14
  0.111493E+06  0.226333E-06  0.271042E-11  0.148752E-21  0.148753E-21  0.000000E+00  0.189450E-06  0.189450E-06  0.189450E-06 -0.857459E-12  0.193202E-06  0.294008E-11  0.438768E-14
  0.112007E+06  0.224188E-06  0.266000E-11  0.145985E-21  0.145986E-21  0.000000E+00  0.187654E-06  0.187654E-06  0.187654E-06 -0.849294E-12  0.191362E-06  0.286826E-11  0.432594E-14
  0.112524E+06  0.222064E-06  0.261050E-11  0.143270E-21  0.143271E-21  0.000000E+00  0.185876E-06  0.185876E-06  0.185876E-06 -0.841210E-12  0.189541E-06  0.281719E-11  0.426507E-14
  0.113044E+06  0.219965E-06  0.256202E-11  0.140608E-21  0.140609E-21  0.000000E+00  0.184119E-06  0.184119E-06  0.184119E-06 -0.833221E-12  0.187740E-06  0.277948E-11  0.420516E-14
  0.113566E+06  0.217894E-06  0.251453E-11  0.138001E-21  0.138002E-21  0.000000E+00  0.182386E-06  0.182386E-06  0.182386E-06 -0.825343E-12  0.185965E-06  0.271176E-11  0.414626E-14
  0.114090E+06  0.215842E-06  0.246793E-11  0.135443E-21  0.135444E-21  0.000000E+00  0.180668E-06  0.180668E-06  0.180668E-06 -0.817535E-12  0.184206E-06  0.267449E-11  0.408816E-14
  0.114616E+06  0.213801E-06  0.242203E-11  0.132927E-21  0.132928E-21  0.000000E+00  0.178959E-06  0.178959E-06  0.178959E-06 -0.809767E-12  0.182455E-06  0.261786E-11  0.403071E-14
  0.115145E+06  0.211812E-06  0.237743E-11  0.130478E-21  0.130479E-21  0.000000E+00  0.177295E-06  0.177295E-06  0.177295E-06 -0.802213E-12  0.180754E-06  0.257385E-11  0.397477E-14
  0.115677E+06  0.209807E-06  0.233324E-11  0.128052E-21  0.128053E-21  0.000000E+00  0.175616E-06  0.175616E-06  0.175616E-06 -0.794581E-12  0.179034E-06  0.253127E-11  0.391887E-14
  0.116211E+06  0.207821E-06  0.228990E-11  0.125672E-21  0.125673E-21  0.000000E+00  0.173954E-06  0.173954E-06  0.173954E-06 -0.787026E-12  0.177332E-06  0.247827E-11  0.386377E-14
  0.116747E+06  0.205853E-06  0.224728E-11  0.123335E-21  0.123336E-21  0.000000E+00  0.172307E-06  0.172307E-06  0.172307E-06 -0.779537E-12  0.175644E-06  0.242643E-11  0.380942E-14
  0.117286E+06  0.203912E-06  0.220561E-11  0.121048E-21  0.121049E-21  0.000000E+00  0.170683E-06  0.170683E-06  0.170683E-06 -0.772152E-12  0.173980E-06  0.238508E-11  0.375598E-14
  0.117828E+06  0.201969E-06  0.216448E-11  0.118789E-21  0.118789E-21  0.000000E+00  0.169056E-06  0.169056E-06  0.169056E-06 -0.764761E-12  0.172315E-06  0.234238E-11  0.370295E-14
  0.118371E+06  0.200057E-06  0.212421E-11  0.116581E-21  0.116582E-21  0.000000E+00  0.167456E-06  0.167456E-06  0.167456E-06 -0.757482E-12  0.170674E-06  0.229400E-11  0.365084E-14
  0.118918E+06  0.198159E-06  0.208465E-11  0.114410E-21  0.114411E-21  0.000000E+00  0.165866E-06  0.165866E-06  0.165866E-06 -0.750262E-12  0.169048E-06  0.225123E-11  0.359944E-14
  0.119467E+06  0.196276E-06  0.204584E-11  0.112279E-21  0.112280E-21  0.000000E+00  0.164291E-06  0.164291E-06  0.164291E-06 -0.743099E-12  0.167434E-06  0.221606E-11  0.354869E-14
  0.120018E+06  0.194413E-06  0.200773E-11  0.110189E-21  0.110190E-21  0.000000E+00  0.162731E-06  0.162731E-06  0.162731E-06 -0.736007E-12  0.165836E-06  0.217048E-11  0.349867E-14
  0.120572E+06  0.192565E-06  0.197032E-11  0.108136E-21  0.108136E-21  0.000000E+00  0.161184E-06  0.161184E-06  0.161184E-06 -0.728979E-12  0.164252E-06  0.213345E-11  0.344934E-14
  0.121129E+06  0.190736E-06  0.193362E-11  0.106122E-21  0.106123E-21  0.000000E+00  0.159654E-06  0.159654E-06  0.159654E-06 -0.722020E-12  0.162684E-06  0.209026E-11  0.340071E-14
  0.121688E+06  0.188921E-06  0.189759E-11  0.104143E-21  0.104143E-21  0.000000E+00  0.158134E-06  0.158134E-06  0.158134E-06 -0.715118E-12  0.161130E-06  0.205903E-11  0.335274E-14
  0.122249E+06  0.187131E-06  0.186228E-11  0.102206E-21  0.102207E-21  0.000000E+00  0.156636E-06  0.156636E-06  0.156636E-06 -0.708307E-12  0.159594E-06  0.201936E-11  0.330554E-14
  0.122814E+06  0.185346E-06  0.182750E-11  0.100297E-21  0.100298E-21  0.000000E+00  0.155141E-06  0.155141E-06  0.155141E-06 -0.701517E-12  0.158065E-06  0.197944E-11  0.325883E-14
  0.123381E+06  0.183579E-06  0.179341E-11  0.984255E-22  0.984262E-22  0.000000E+00  0.153663E-06  0.153663E-06  0.153663E-06 -0.694797E-12  0.156551E-06  0.193586E-11  0.321278E-14
  0.123950E+06  0.181830E-06  0.175996E-11  0.965888E-22  0.965895E-22  0.000000E+00  0.152199E-06  0.152199E-06  0.152199E-06 -0.688142E-12  0.155052E-06  0.190935E-11  0.316739E-14
  0.124522E+06  0.180099E-06  0.172715E-11  0.947874E-22  0.947881E-22  0.000000E+00  0.150750E-06  0.150750E-06  0.150750E-06 -0.681557E-12  0.153568E-06  0.187162E-11  0.312267E-14
  0.125097E+06  0.178388E-06  0.169497E-11  0.930225E-22  0.930232E-22  0.000000E+00  0.149318E-06  0.149318E-06  0.149318E-06 -0.675048E-12  0.152101E-06  0.183113E-11  0.307863E-14
  0.125674E+06  0.176684E-06  0.166328E-11  0.912844E-22  0.912851E-22  0.000000E+00  0.147891E-06  0.147891E-06  0.147891E-06 -0.668566E-12  0.150640E-06  0.180139E-11  0.303506E-14
  0.126254E+06  0.174997E-06  0.163225E-11  0.895790E-22  0.895797E-22  0.000000E+00  0.146479E-06  0.146479E-06  0.146479E-06 -0.662152E-12  0.149196E-06  0.176958E-11  0.299214E-14
  0.126837E+06  0.173341E-06  0.160190E-11  0.879140E-22  0.879147E-22  0.000000E+00  0.145093E-06  0.145093E-06  0.145093E-06 -0.655853E-12  0.147776E-06  0.173487E-11  0.295005E-14
