    0.98614E-05    0.47123E-02
    0.99069E-05    0.46900E-02
    0.99526E-05    0.46679E-02
    0.99986E-05    0.46461E-02
    0.10045E-04    0.46246E-02
    0.10091E-04    0.46034E-02
    0.10138E-04    0.45824E-02
    0.10184E-04    0.45126E-02
    0.10231E-04    0.44228E-02
    0.10279E-04    0.43368E-02
    0.10326E-04    0.42547E-02
    0.10374E-04    0.41762E-02
    0.10422E-04    0.41011E-02
    0.10470E-04    0.40294E-02
    0.10518E-04    0.39609E-02
    0.10567E-04    0.38954E-02
    0.10615E-04    0.38329E-02
    0.10664E-04    0.37731E-02
    0.10714E-04    0.37161E-02
    0.10763E-04    0.36831E-02
    0.10813E-04    0.36308E-02
    0.10863E-04    0.35809E-02
    0.10913E-04    0.35332E-02
    0.10963E-04    0.34877E-02
    0.11014E-04    0.34445E-02
    0.11065E-04    0.34031E-02
    0.11116E-04    0.33636E-02
    0.11167E-04    0.31795E-02
    0.11219E-04    0.29365E-02
    0.11270E-04    0.23219E-02
    0.11322E-04    0.22184E-02
    0.11375E-04    0.21215E-02
    0.11427E-04    0.20293E-02
    0.11480E-04    0.19414E-02
    0.11533E-04    0.18577E-02
    0.11586E-04    0.17779E-02
    0.11640E-04    0.16976E-02
    0.11693E-04    0.16254E-02
    0.11747E-04    0.15566E-02
    0.11802E-04    0.14910E-02
    0.11856E-04    0.14293E-02
    0.11911E-04    0.13697E-02
    0.11966E-04    0.13128E-02
    0.12021E-04    0.21776E-02
    0.12076E-04    0.21613E-02
    0.12132E-04    0.21438E-02
    0.12188E-04    0.21253E-02
    0.12244E-04    0.21057E-02
    0.12301E-04    0.20852E-02
    0.12358E-04    0.20638E-02
    0.12415E-04    0.20414E-02
    0.12472E-04    0.20182E-02
    0.12530E-04    0.19942E-02
    0.12587E-04    0.19695E-02
    0.12646E-04    0.19440E-02
    0.12704E-04    0.19179E-02
    0.12763E-04    0.18911E-02
    0.12821E-04    0.18637E-02
    0.12881E-04    0.18358E-02
    0.12940E-04    0.18074E-02
    0.13000E-04    0.17699E-02
    0.13060E-04    0.17162E-02
    0.13120E-04    0.16632E-02
    0.13181E-04    0.16109E-02
    0.13242E-04    0.15593E-02
    0.13303E-04    0.15085E-02
    0.13364E-04    0.14584E-02
    0.13426E-04    0.14091E-02
    0.13488E-04    0.14283E-02
    0.13550E-04    0.13934E-02
    0.13613E-04    0.13588E-02
    0.13675E-04    0.13244E-02
    0.13738E-04    0.12847E-02
    0.13802E-04    0.12456E-02
    0.13866E-04    0.12073E-02
    0.13930E-04    0.11696E-02
    0.13994E-04    0.11327E-02
    0.14058E-04    0.10963E-02
    0.14123E-04    0.10606E-02
    0.14189E-04    0.10255E-02
    0.14254E-04    0.99105E-03
    0.14320E-04    0.95714E-03
    0.14386E-04    0.92385E-03
    0.14452E-04    0.89117E-03
    0.14519E-04    0.85935E-03
    0.14586E-04    0.82842E-03
    0.14653E-04    0.79807E-03
    0.14721E-04    0.76829E-03
    0.14789E-04    0.73909E-03
    0.14857E-04    0.71261E-03
    0.14926E-04    0.68657E-03
    0.14995E-04    0.66093E-03
    0.15064E-04    0.63567E-03
    0.15133E-04    0.61591E-03
    0.15203E-04    0.59689E-03
    0.15273E-04    0.57723E-03
    0.15344E-04    0.47242E-03
    0.15415E-04    0.45861E-03
    0.15486E-04    0.44474E-03
    0.15557E-04    0.43105E-03
    0.15629E-04    0.41731E-03
    0.15701E-04    0.40354E-03
    0.15774E-04    0.38975E-03
    0.15847E-04    0.37598E-03
    0.15920E-04    0.36226E-03
    0.15993E-04    0.34864E-03
    0.16067E-04    0.33512E-03
    0.16141E-04    0.32168E-03
    0.16216E-04    0.30834E-03
    0.16291E-04    0.29513E-03
    0.16366E-04    0.28205E-03
    0.16441E-04    0.26914E-03
    0.16517E-04    0.25641E-03
    0.16594E-04    0.24368E-03
    0.16670E-04    0.34310E-03
    0.16747E-04    0.32524E-03
    0.16824E-04    0.30775E-03
    0.16902E-04    0.29063E-03
    0.16980E-04    0.27390E-03
    0.17058E-04    0.25774E-03
    0.17137E-04    0.24226E-03
    0.17216E-04    0.22723E-03
    0.17296E-04    0.17275E-03
    0.17376E-04    0.16032E-03
    0.17456E-04    0.14837E-03
    0.17536E-04    0.13690E-03
    0.17617E-04    0.12592E-03
    0.17699E-04    0.11544E-03
    0.17780E-04    0.10544E-03
    0.17862E-04    0.48047E-04
    0.17945E-04    0.42818E-04
    0.18028E-04    0.37835E-04
    0.18111E-04    0.40582E-04
    0.18194E-04    0.36945E-04
    0.18278E-04    0.33438E-04
    0.18363E-04    0.30067E-04
    0.18448E-04    0.52632E-05
    0.18533E-04    0.64328E-05
    0.18618E-04    0.77375E-05
    0.18704E-04    0.91811E-05
    0.18790E-04    0.10767E-04
    0.18877E-04    0.16509E-03
    0.18964E-04    0.16594E-03
    0.19052E-04    0.16702E-03
    0.19140E-04    0.16832E-03
    0.19228E-04    0.16983E-03
    0.19317E-04    0.17155E-03
    0.19406E-04    0.17347E-03
    0.19496E-04    0.17559E-03
    0.19586E-04    0.17789E-03
    0.19676E-04    0.18039E-03
    0.19767E-04    0.18306E-03
    0.19858E-04    0.18589E-03
    0.19950E-04    0.18888E-03
    0.20042E-04    0.11184E-03
    0.20134E-04    0.11590E-03
    0.20227E-04    0.12009E-03
    0.20321E-04    0.12441E-03
    0.20414E-04    0.12886E-03
    0.20509E-04    0.56590E-03
    0.20603E-04    0.56488E-03
    0.20698E-04    0.56180E-03
    0.20794E-04    0.56139E-03
    0.20890E-04    0.56131E-03
    0.20986E-04    0.56151E-03
    0.21083E-04    0.56233E-03
    0.21181E-04    0.55541E-03
    0.21278E-04    0.55629E-03
    0.21377E-04    0.55743E-03
    0.21475E-04    0.55883E-03
    0.21574E-04    0.33026E-03
    0.21674E-04    0.33607E-03
    0.21774E-04    0.37001E-03
    0.21874E-04    0.80804E-03
    0.21975E-04    0.80635E-03
    0.22077E-04    0.80503E-03
    0.22179E-04    0.80406E-03
    0.22281E-04    0.80342E-03
    0.22384E-04    0.80311E-03
    0.22487E-04    0.80311E-03
    0.22591E-04    0.80386E-03
    0.22695E-04    0.80523E-03
    0.22800E-04    0.80618E-03
    0.22905E-04    0.80750E-03
    0.23011E-04    0.80907E-03
    0.23117E-04    0.81093E-03
    0.23224E-04    0.81305E-03
    0.23331E-04    0.81542E-03
    0.23439E-04    0.81802E-03
    0.23547E-04    0.82084E-03
    0.23656E-04    0.82391E-03
    0.23765E-04    0.82750E-03
    0.23875E-04    0.83130E-03
    0.23985E-04    0.83522E-03
    0.24096E-04    0.83924E-03
    0.24207E-04    0.84339E-03
    0.24319E-04    0.84791E-03
    0.24431E-04    0.85269E-03
    0.24544E-04    0.85755E-03
    0.24657E-04    0.86250E-03
    0.24771E-04    0.86754E-03
    0.24885E-04    0.81553E-03
    0.25000E-04    0.86546E-03
    0.25115E-04    0.87067E-03
    0.25231E-04    0.87618E-03
    0.25348E-04    0.88197E-03
    0.25465E-04    0.88804E-03
    0.25582E-04    0.89440E-03
    0.25700E-04    0.83143E-03
    0.25819E-04    0.83855E-03
    0.25938E-04    0.84596E-03
    0.26058E-04    0.90309E-03
    0.26178E-04    0.90792E-03
    0.26299E-04    0.91313E-03
    0.26420E-04    0.91874E-03
    0.26542E-04    0.92472E-03
    0.26665E-04    0.93109E-03
    0.26788E-04    0.93783E-03
    0.26912E-04    0.94494E-03
    0.27036E-04    0.95241E-03
    0.27161E-04    0.96023E-03
    0.27286E-04    0.96841E-03
    0.27412E-04    0.97693E-03
    0.27538E-04    0.98580E-03
    0.27665E-04    0.99499E-03
    0.27793E-04    0.10045E-02
    0.27921E-04    0.10144E-02
    0.28050E-04    0.10245E-02
    0.28180E-04    0.10350E-02
    0.28310E-04    0.10458E-02
    0.28441E-04    0.10568E-02
    0.28572E-04    0.10682E-02
    0.28704E-04    0.10798E-02
    0.28836E-04    0.10917E-02
    0.28969E-04    0.11039E-02
    0.29103E-04    0.11163E-02
    0.29237E-04    0.11290E-02
    0.29372E-04    0.11420E-02
    0.29508E-04    0.11552E-02
    0.29644E-04    0.11686E-02
    0.29781E-04    0.11822E-02
    0.29918E-04    0.11993E-02
    0.30056E-04    0.12173E-02
    0.30195E-04    0.12353E-02
    0.30335E-04    0.12536E-02
    0.30475E-04    0.12719E-02
    0.30615E-04    0.12903E-02
    0.30757E-04    0.13087E-02
    0.30899E-04    0.13271E-02
    0.31041E-04    0.13454E-02
    0.31184E-04    0.13636E-02
    0.31328E-04    0.13817E-02
    0.31473E-04    0.13996E-02
    0.31618E-04    0.14172E-02
    0.31764E-04    0.14346E-02
    0.31911E-04    0.14579E-02
    0.32058E-04    0.14781E-02
    0.32206E-04    0.14988E-02
    0.32355E-04    0.15200E-02
    0.32504E-04    0.15416E-02
    0.32654E-04    0.15637E-02
    0.32805E-04    0.15862E-02
    0.32956E-04    0.16092E-02
    0.33108E-04    0.16326E-02
    0.33261E-04    0.16565E-02
    0.33415E-04    0.16808E-02
    0.33569E-04    0.17056E-02
    0.33724E-04    0.17307E-02
    0.33880E-04    0.17563E-02
    0.34036E-04    0.17823E-02
    0.34193E-04    0.18087E-02
    0.34351E-04    0.18354E-02
    0.34509E-04    0.18626E-02
    0.34669E-04    0.18901E-02
    0.34829E-04    0.19179E-02
    0.34990E-04    0.19461E-02
    0.35151E-04    0.19745E-02
    0.35313E-04    0.20033E-02
    0.35476E-04    0.20323E-02
    0.35640E-04    0.20615E-02
    0.35805E-04    0.20910E-02
    0.35970E-04    0.21206E-02
    0.36136E-04    0.21504E-02
    0.36303E-04    0.21624E-02
    0.36470E-04    0.21871E-02
    0.36639E-04    0.22121E-02
    0.36808E-04    0.22374E-02
    0.36978E-04    0.22631E-02
    0.37148E-04    0.22890E-02
    0.37320E-04    0.23152E-02
    0.37492E-04    0.23416E-02
    0.37665E-04    0.23577E-02
    0.37839E-04    0.23849E-02
    0.38014E-04    0.24124E-02
    0.38189E-04    0.25308E-02
    0.38365E-04    0.25590E-02
    0.38542E-04    0.25874E-02
    0.38720E-04    0.24397E-02
    0.38899E-04    0.24703E-02
    0.39079E-04    0.25015E-02
    0.39259E-04    0.26435E-02
    0.39440E-04    0.25343E-02
    0.39622E-04    0.25657E-02
    0.39805E-04    0.25974E-02
    0.39989E-04    0.26294E-02
    0.40173E-04    0.26764E-02
    0.40359E-04    0.30296E-02
    0.40545E-04    0.30367E-02
    0.40732E-04    0.43686E-02
    0.40920E-04    0.43531E-02
    0.41109E-04    0.43380E-02
    0.41299E-04    0.42683E-02
    0.41489E-04    0.42568E-02
    0.41681E-04    0.42471E-02
    0.41873E-04    0.42391E-02
    0.42067E-04    0.42329E-02
    0.42261E-04    0.42283E-02
    0.42456E-04    0.42253E-02
    0.42652E-04    0.42242E-02
    0.42849E-04    0.42255E-02
    0.43047E-04    0.42292E-02
    0.43245E-04    0.42341E-02
    0.43445E-04    0.41886E-02
    0.43645E-04    0.41948E-02
    0.43847E-04    0.42022E-02
    0.44049E-04    0.42107E-02
    0.44253E-04    0.42204E-02
    0.44457E-04    0.42311E-02
    0.44662E-04    0.36676E-02
    0.44868E-04    0.36986E-02
    0.45075E-04    0.37298E-02
    0.45283E-04    0.37613E-02
    0.45492E-04    0.37930E-02
    0.45702E-04    0.38250E-02
    0.45913E-04    0.38380E-02
    0.46125E-04    0.38688E-02
    0.46338E-04    0.38990E-02
    0.46552E-04    0.39299E-02
    0.46767E-04    0.39608E-02
    0.46983E-04    0.39919E-02
    0.47200E-04    0.40228E-02
    0.47417E-04    0.40416E-02
    0.47636E-04    0.40958E-02
    0.47856E-04    0.41259E-02
    0.48077E-04    0.41559E-02
    0.48299E-04    0.41858E-02
    0.48522E-04    0.42157E-02
    0.48746E-04    0.42456E-02
    0.48971E-04    0.42751E-02
    0.49197E-04    0.43014E-02
    0.49424E-04    0.43310E-02
    0.49652E-04    0.43608E-02
    0.49881E-04    0.43894E-02
    0.50112E-04    0.44217E-02
    0.50343E-04    0.44514E-02
    0.50575E-04    0.44812E-02
    0.50809E-04    0.45111E-02
    0.51043E-04    0.45409E-02
    0.51279E-04    0.44410E-02
    0.51516E-04    0.44722E-02
    0.51753E-04    0.45036E-02
    0.51992E-04    0.45351E-02
    0.52232E-04    0.45671E-02
    0.52473E-04    0.45913E-02
    0.52715E-04    0.46321E-02
    0.52959E-04    0.46696E-02
    0.53203E-04    0.48602E-02
    0.53449E-04    0.48914E-02
    0.53696E-04    0.47976E-02
    0.53943E-04    0.48325E-02
    0.54192E-04    0.48778E-02
    0.54442E-04    0.49051E-02
    0.54694E-04    0.49474E-02
    0.54946E-04    0.49790E-02
    0.55200E-04    0.50166E-02
    0.55455E-04    0.50528E-02
    0.55711E-04    0.50887E-02
    0.55968E-04    0.50955E-02
    0.56226E-04    0.51490E-02
    0.56486E-04    0.51837E-02
    0.56746E-04    0.52203E-02
    0.57008E-04    0.52738E-02
    0.57271E-04    0.54654E-02
    0.57536E-04    0.55011E-02
    0.57801E-04    0.55446E-02
    0.58068E-04    0.54536E-02
    0.58336E-04    0.56578E-02
    0.58605E-04    0.57012E-02
    0.58876E-04    0.55651E-02
    0.59148E-04    0.57735E-02
    0.59421E-04    0.58196E-02
    0.59695E-04    0.58660E-02
    0.59971E-04    0.59176E-02
    0.60247E-04    0.58594E-02
    0.60525E-04    0.59051E-02
    0.60805E-04    0.59496E-02
    0.61085E-04    0.59943E-02
    0.61367E-04    0.60396E-02
    0.61651E-04    0.60707E-02
    0.61935E-04    0.62513E-02
    0.62221E-04    0.63035E-02
    0.62508E-04    0.63424E-02
    0.62797E-04    0.63817E-02
    0.63087E-04    0.65483E-02
    0.63378E-04    0.65825E-02
    0.63670E-04    0.66186E-02
    0.63964E-04    0.66552E-02
    0.64260E-04    0.66922E-02
    0.64556E-04    0.67297E-02
    0.64854E-04    0.68812E-02
    0.65154E-04    0.69197E-02
    0.65454E-04    0.69586E-02
    0.65756E-04    0.69979E-02
    0.66060E-04    0.70377E-02
    0.66365E-04    0.70943E-02
    0.66671E-04    0.71255E-02
    0.66979E-04    0.71561E-02
    0.67288E-04    0.70673E-02
    0.67599E-04    0.71173E-02
    0.67911E-04    0.72536E-02
    0.68224E-04    0.71470E-02
    0.68539E-04    0.71910E-02
    0.68855E-04    0.72282E-02
    0.69173E-04    0.72840E-02
    0.69493E-04    0.74040E-02
    0.69813E-04    0.74459E-02
    0.70136E-04    0.74887E-02
    0.70459E-04    0.75325E-02
    0.70784E-04    0.75775E-02
    0.71111E-04    0.76235E-02
    0.71439E-04    0.76709E-02
    0.71769E-04    0.77102E-02
    0.72100E-04    0.82838E-02
    0.72433E-04    0.83421E-02
    0.72768E-04    0.83937E-02
    0.73103E-04    0.84461E-02
    0.73441E-04    0.80999E-02
    0.73780E-04    0.81436E-02
    0.74120E-04    0.81832E-02
    0.74463E-04    0.82235E-02
    0.74806E-04    0.85378E-02
    0.75152E-04    0.85725E-02
    0.75498E-04    0.86040E-02
    0.75847E-04    0.86365E-02
    0.76197E-04    0.86699E-02
    0.76549E-04    0.87041E-02
    0.76902E-04    0.87391E-02
    0.77257E-04    0.87750E-02
    0.77614E-04    0.88109E-02
    0.77972E-04    0.88476E-02
    0.78332E-04    0.88819E-02
    0.78693E-04    0.89168E-02
    0.79057E-04    0.89488E-02
    0.79421E-04    0.89849E-02
    0.79788E-04    0.90218E-02
    0.80156E-04    0.90592E-02
    0.80526E-04    0.98347E-02
    0.80898E-04    0.98760E-02
    0.81271E-04    0.99175E-02
    0.81647E-04    0.99590E-02
    0.82023E-04    0.99910E-02
    0.82402E-04    0.10034E-01
    0.82782E-04    0.10085E-01
    0.83165E-04    0.10127E-01
    0.83548E-04    0.10169E-01
    0.83934E-04    0.10211E-01
    0.84321E-04    0.10253E-01
    0.84711E-04    0.10298E-01
    0.85102E-04    0.10340E-01
    0.85494E-04    0.10383E-01
    0.85889E-04    0.10426E-01
    0.86286E-04    0.10469E-01
    0.86684E-04    0.10512E-01
    0.87084E-04    0.10555E-01
    0.87486E-04    0.10599E-01
    0.87890E-04    0.10643E-01
    0.88295E-04    0.10686E-01
    0.88703E-04    0.10731E-01
    0.89112E-04    0.10775E-01
    0.89524E-04    0.10819E-01
    0.89937E-04    0.10864E-01
    0.90352E-04    0.10909E-01
    0.90769E-04    0.10940E-01
    0.91188E-04    0.10985E-01
    0.91609E-04    0.10949E-01
    0.92032E-04    0.10989E-01
    0.92457E-04    0.11029E-01
    0.92883E-04    0.11070E-01
    0.93312E-04    0.11111E-01
    0.93743E-04    0.11152E-01
    0.94176E-04    0.11194E-01
    0.94610E-04    0.11250E-01
    0.95047E-04    0.11292E-01
    0.95486E-04    0.11334E-01
    0.95926E-04    0.11377E-01
    0.96369E-04    0.11420E-01
    0.96814E-04    0.11463E-01
    0.97261E-04    0.11507E-01
    0.97710E-04    0.11551E-01
    0.98161E-04    0.11595E-01
    0.98614E-04    0.11639E-01
    0.99069E-04    0.11684E-01
    0.99526E-04    0.11728E-01
    0.99986E-04    0.11773E-01
    0.10045E-03    0.11819E-01
    0.10091E-03    0.11864E-01
    0.10138E-03    0.11910E-01
    0.10184E-03    0.11957E-01
    0.10231E-03    0.12003E-01
    0.10279E-03    0.12050E-01
    0.10326E-03    0.12097E-01
    0.10374E-03    0.12144E-01
    0.10422E-03    0.12191E-01
    0.10470E-03    0.12239E-01
    0.10518E-03    0.12287E-01
    0.10567E-03    0.12332E-01
    0.10615E-03    0.12380E-01
    0.10664E-03    0.12430E-01
    0.10714E-03    0.12479E-01
    0.10763E-03    0.12529E-01
    0.10813E-03    0.12580E-01
    0.10863E-03    0.12631E-01
    0.10913E-03    0.12648E-01
    0.10963E-03    0.12656E-01
    0.11014E-03    0.12710E-01
    0.11065E-03    0.12765E-01
    0.11116E-03    0.12821E-01
    0.11167E-03    0.12877E-01
    0.11219E-03    0.12838E-01
    0.11270E-03    0.12897E-01
    0.11322E-03    0.12957E-01
    0.11375E-03    0.13032E-01
    0.11427E-03    0.13093E-01
    0.11480E-03    0.13144E-01
    0.11533E-03    0.13206E-01
    0.11586E-03    0.13270E-01
    0.11640E-03    0.13334E-01
    0.11693E-03    0.13400E-01
    0.11747E-03    0.13466E-01
    0.11802E-03    0.13532E-01
    0.11856E-03    0.13599E-01
    0.11911E-03    0.13667E-01
    0.11966E-03    0.13736E-01
    0.12021E-03    0.13807E-01
    0.12076E-03    0.13871E-01
    0.12132E-03    0.13943E-01
    0.12188E-03    0.13959E-01
    0.12244E-03    0.14017E-01
    0.12301E-03    0.14075E-01
    0.12358E-03    0.14042E-01
    0.12415E-03    0.14111E-01
    0.12472E-03    0.14167E-01
    0.12530E-03    0.14223E-01
    0.12587E-03    0.14280E-01
    0.12646E-03    0.14337E-01
    0.12704E-03    0.14395E-01
    0.12763E-03    0.14453E-01
    0.12821E-03    0.14511E-01
    0.12881E-03    0.14570E-01
    0.12940E-03    0.14630E-01
    0.13000E-03    0.14690E-01
    0.13060E-03    0.14750E-01
    0.13120E-03    0.14811E-01
    0.13181E-03    0.14873E-01
    0.13242E-03    0.14935E-01
    0.13303E-03    0.14995E-01
    0.13364E-03    0.15058E-01
    0.13426E-03    0.15121E-01
    0.13488E-03    0.15186E-01
    0.13550E-03    0.15250E-01
    0.13613E-03    0.15316E-01
    0.13675E-03    0.15382E-01
    0.13738E-03    0.15448E-01
    0.13802E-03    0.15515E-01
    0.13866E-03    0.15584E-01
    0.13930E-03    0.15652E-01
    0.13994E-03    0.15722E-01
    0.14058E-03    0.15791E-01
    0.14123E-03    0.15861E-01
    0.14189E-03    0.15863E-01
    0.14254E-03    0.15934E-01
    0.14320E-03    0.16086E-01
    0.14386E-03    0.16072E-01
    0.14452E-03    0.16140E-01
    0.14519E-03    0.16208E-01
    0.14586E-03    0.16277E-01
    0.14653E-03    0.16346E-01
    0.14721E-03    0.16415E-01
    0.14789E-03    0.16485E-01
    0.14857E-03    0.16555E-01
    0.14926E-03    0.16626E-01
    0.14995E-03    0.16696E-01
    0.15064E-03    0.16765E-01
    0.15133E-03    0.16889E-01
    0.15203E-03    0.16961E-01
    0.15273E-03    0.17034E-01
    0.15344E-03    0.17106E-01
    0.15415E-03    0.17179E-01
    0.15486E-03    0.17251E-01
    0.15557E-03    0.17371E-01
    0.15629E-03    0.17429E-01
    0.15701E-03    0.17512E-01
    0.15774E-03    0.17516E-01
    0.15847E-03    0.17617E-01
    0.15920E-03    0.17695E-01
    0.15993E-03    0.17776E-01
    0.16067E-03    0.17854E-01
    0.16141E-03    0.18033E-01
    0.16216E-03    0.18003E-01
    0.16291E-03    0.18083E-01
    0.16366E-03    0.18163E-01
    0.16441E-03    0.18320E-01
    0.16517E-03    0.18364E-01
    0.16594E-03    0.18445E-01
    0.16670E-03    0.18527E-01
    0.16747E-03    0.18613E-01
    0.16824E-03    0.18732E-01
    0.16902E-03    0.18813E-01
    0.16980E-03    0.18920E-01
    0.17058E-03    0.19002E-01
    0.17137E-03    0.19025E-01
    0.17216E-03    0.19138E-01
    0.17296E-03    0.19199E-01
    0.17376E-03    0.19350E-01
    0.17456E-03    0.19324E-01
    0.17536E-03    0.19447E-01
    0.17617E-03    0.19471E-01
    0.17699E-03    0.19560E-01
    0.17780E-03    0.19703E-01
    0.17862E-03    0.19858E-01
    0.17945E-03    0.19931E-01
    0.18028E-03    0.20019E-01
    0.18111E-03    0.20068E-01
    0.18194E-03    0.20152E-01
    0.18278E-03    0.20236E-01
    0.18363E-03    0.20315E-01
    0.18448E-03    0.20362E-01
    0.18533E-03    0.20449E-01
    0.18618E-03    0.20572E-01
    0.18704E-03    0.20653E-01
    0.18790E-03    0.20693E-01
    0.18877E-03    0.20771E-01
    0.18964E-03    0.20863E-01
    0.19052E-03    0.20956E-01
    0.19140E-03    0.21047E-01
    0.19228E-03    0.21140E-01
    0.19317E-03    0.21233E-01
    0.19406E-03    0.21327E-01
    0.19496E-03    0.21422E-01
    0.19586E-03    0.21518E-01
    0.19676E-03    0.21538E-01
    0.19767E-03    0.21632E-01
    0.19858E-03    0.21727E-01
    0.19950E-03    0.21823E-01
    0.20042E-03    0.21920E-01
    0.20134E-03    0.22019E-01
    0.20227E-03    0.22118E-01
    0.20321E-03    0.22218E-01
    0.20414E-03    0.22319E-01
    0.20509E-03    0.22421E-01
    0.20603E-03    0.22523E-01
    0.20698E-03    0.22626E-01
    0.20794E-03    0.22730E-01
    0.20890E-03    0.22781E-01
    0.20986E-03    0.22961E-01
    0.21083E-03    0.22987E-01
    0.21181E-03    0.23116E-01
    0.21278E-03    0.23216E-01
    0.21377E-03    0.23313E-01
    0.21475E-03    0.23424E-01
    0.21574E-03    0.23528E-01
    0.21674E-03    0.23588E-01
    0.21774E-03    0.23756E-01
    0.21874E-03    0.23864E-01
    0.21975E-03    0.23956E-01
    0.22077E-03    0.24062E-01
    0.22179E-03    0.24170E-01
    0.22281E-03    0.24278E-01
    0.22384E-03    0.24422E-01
    0.22487E-03    0.24530E-01
    0.22591E-03    0.24638E-01
    0.22695E-03    0.24748E-01
    0.22800E-03    0.24857E-01
    0.22905E-03    0.24968E-01
    0.23011E-03    0.25080E-01
    0.23117E-03    0.25192E-01
    0.23224E-03    0.25269E-01
    0.23331E-03    0.25380E-01
    0.23439E-03    0.25491E-01
    0.23547E-03    0.25603E-01
    0.23656E-03    0.25716E-01
    0.23765E-03    0.25831E-01
    0.23875E-03    0.25946E-01
    0.23985E-03    0.26062E-01
    0.24096E-03    0.26246E-01
    0.24207E-03    0.26365E-01
    0.24319E-03    0.26485E-01
    0.24431E-03    0.26537E-01
    0.24544E-03    0.26624E-01
    0.24657E-03    0.26742E-01
    0.24771E-03    0.26862E-01
    0.24885E-03    0.26984E-01
    0.25000E-03    0.27107E-01
    0.25115E-03    0.27297E-01
    0.25231E-03    0.27423E-01
    0.25348E-03    0.27551E-01
    0.25465E-03    0.27679E-01
    0.25582E-03    0.27807E-01
    0.25700E-03    0.27905E-01
    0.25819E-03    0.28030E-01
    0.25938E-03    0.28154E-01
    0.26058E-03    0.28280E-01
    0.26178E-03    0.28405E-01
    0.26299E-03    0.28532E-01
    0.26420E-03    0.28659E-01
    0.26542E-03    0.28786E-01
    0.26665E-03    0.28915E-01
    0.26788E-03    0.29044E-01
    0.26912E-03    0.29175E-01
    0.27036E-03    0.29306E-01
    0.27161E-03    0.29438E-01
    0.27286E-03    0.29551E-01
    0.27412E-03    0.29681E-01
    0.27538E-03    0.29813E-01
    0.27665E-03    0.29944E-01
    0.27793E-03    0.30077E-01
    0.27921E-03    0.30210E-01
    0.28050E-03    0.30343E-01
    0.28180E-03    0.30477E-01
    0.28310E-03    0.30612E-01
    0.28441E-03    0.30748E-01
    0.28572E-03    0.30885E-01
    0.28704E-03    0.31022E-01
    0.28836E-03    0.31160E-01
    0.28969E-03    0.31299E-01
    0.29103E-03    0.31438E-01
    0.29237E-03    0.31579E-01
    0.29372E-03    0.31720E-01
    0.29508E-03    0.31837E-01
    0.29644E-03    0.31979E-01
    0.29781E-03    0.32123E-01
    0.29918E-03    0.32262E-01
    0.30056E-03    0.32400E-01
    0.30195E-03    0.32551E-01
    0.30335E-03    0.32707E-01
    0.30475E-03    0.32849E-01
    0.30615E-03    0.32997E-01
    0.30757E-03    0.33126E-01
    0.30899E-03    0.33294E-01
    0.31041E-03    0.33438E-01
    0.31184E-03    0.33587E-01
    0.31328E-03    0.33737E-01
    0.31473E-03    0.33868E-01
    0.31618E-03    0.34023E-01
    0.31764E-03    0.34183E-01
    0.31911E-03    0.34327E-01
    0.32058E-03    0.34478E-01
    0.32206E-03    0.34632E-01
    0.32355E-03    0.34793E-01
    0.32504E-03    0.34947E-01
    0.32654E-03    0.35101E-01
    0.32805E-03    0.35259E-01
    0.32956E-03    0.35417E-01
    0.33108E-03    0.35574E-01
    0.33261E-03    0.35732E-01
    0.33415E-03    0.35890E-01
    0.33569E-03    0.36048E-01
    0.33724E-03    0.36208E-01
    0.33880E-03    0.36368E-01
    0.34036E-03    0.36513E-01
    0.34193E-03    0.36674E-01
    0.34351E-03    0.36836E-01
    0.34509E-03    0.36998E-01
    0.34669E-03    0.37162E-01
    0.34829E-03    0.37327E-01
    0.34990E-03    0.37492E-01
    0.35151E-03    0.37659E-01
    0.35313E-03    0.37826E-01
    0.35476E-03    0.37980E-01
    0.35640E-03    0.38149E-01
    0.35805E-03    0.38319E-01
    0.35970E-03    0.38490E-01
    0.36136E-03    0.38661E-01
    0.36303E-03    0.38834E-01
    0.36470E-03    0.39007E-01
    0.36639E-03    0.39181E-01
    0.36808E-03    0.39356E-01
    0.36978E-03    0.39533E-01
    0.37148E-03    0.39709E-01
    0.37320E-03    0.39885E-01
    0.37492E-03    0.40063E-01
    0.37665E-03    0.40268E-01
    0.37839E-03    0.40442E-01
    0.38014E-03    0.40621E-01
    0.38189E-03    0.40802E-01
    0.38365E-03    0.40960E-01
    0.38542E-03    0.41142E-01
    0.38720E-03    0.41325E-01
    0.38899E-03    0.41509E-01
    0.39079E-03    0.41693E-01
    0.39259E-03    0.41880E-01
    0.39440E-03    0.42066E-01
    0.39622E-03    0.42253E-01
    0.39805E-03    0.42440E-01
    0.39989E-03    0.42628E-01
    0.40173E-03    0.42818E-01
    0.40359E-03    0.43008E-01
    0.40545E-03    0.43199E-01
    0.40732E-03    0.43391E-01
    0.40920E-03    0.43584E-01
    0.41109E-03    0.43778E-01
    0.41299E-03    0.43972E-01
    0.41489E-03    0.44157E-01
    0.41681E-03    0.44353E-01
    0.41873E-03    0.44562E-01
    0.42067E-03    0.44760E-01
    0.42261E-03    0.44975E-01
    0.42456E-03    0.45174E-01
    0.42652E-03    0.45374E-01
    0.42849E-03    0.45563E-01
    0.43047E-03    0.45776E-01
    0.43245E-03    0.45975E-01
    0.43445E-03    0.46173E-01
    0.43645E-03    0.46371E-01
    0.43847E-03    0.46576E-01
    0.44049E-03    0.46783E-01
    0.44253E-03    0.46978E-01
    0.44457E-03    0.47185E-01
    0.44662E-03    0.47400E-01
    0.44868E-03    0.47605E-01
    0.45075E-03    0.47836E-01
    0.45283E-03    0.48037E-01
    0.45492E-03    0.48240E-01
    0.45702E-03    0.48477E-01
    0.45913E-03    0.48683E-01
    0.46125E-03    0.48910E-01
    0.46338E-03    0.49131E-01
    0.46552E-03    0.49362E-01
    0.46767E-03    0.49567E-01
    0.46983E-03    0.49789E-01
    0.47200E-03    0.50038E-01
    0.47417E-03    0.50249E-01
    0.47636E-03    0.50460E-01
    0.47856E-03    0.50684E-01
    0.48077E-03    0.50900E-01
    0.48299E-03    0.51149E-01
    0.48522E-03    0.51375E-01
    0.48746E-03    0.51611E-01
    0.48971E-03    0.51824E-01
    0.49197E-03    0.52038E-01
    0.49424E-03    0.52282E-01
    0.49652E-03    0.52514E-01
    0.49881E-03    0.52746E-01
    0.50112E-03    0.52951E-01
    0.50343E-03    0.53219E-01
    0.50575E-03    0.53461E-01
    0.50809E-03    0.53690E-01
    0.51043E-03    0.53911E-01
    0.51279E-03    0.54157E-01
    0.51516E-03    0.54388E-01
    0.51753E-03    0.54630E-01
    0.51992E-03    0.54889E-01
    0.52232E-03    0.55119E-01
    0.52473E-03    0.55372E-01
    0.52715E-03    0.55614E-01
    0.52959E-03    0.55858E-01
    0.53203E-03    0.56105E-01
    0.53449E-03    0.56356E-01
    0.53696E-03    0.56604E-01
    0.53943E-03    0.56856E-01
    0.54192E-03    0.57110E-01
    0.54442E-03    0.57365E-01
    0.54694E-03    0.57620E-01
    0.54946E-03    0.57877E-01
    0.55200E-03    0.58123E-01
    0.55455E-03    0.58389E-01
    0.55711E-03    0.58650E-01
    0.55968E-03    0.58926E-01
    0.56226E-03    0.59167E-01
    0.56486E-03    0.59431E-01
    0.56746E-03    0.59694E-01
    0.57008E-03    0.59961E-01
    0.57271E-03    0.60224E-01
    0.57536E-03    0.60499E-01
    0.57801E-03    0.60773E-01
    0.58068E-03    0.61043E-01
    0.58336E-03    0.61316E-01
    0.58605E-03    0.61587E-01
    0.58876E-03    0.61860E-01
    0.59148E-03    0.62135E-01
    0.59421E-03    0.62411E-01
    0.59695E-03    0.62686E-01
    0.59971E-03    0.62965E-01
    0.60247E-03    0.63239E-01
    0.60525E-03    0.63513E-01
    0.60805E-03    0.63797E-01
    0.61085E-03    0.64081E-01
    0.61367E-03    0.64367E-01
    0.61651E-03    0.64666E-01
    0.61935E-03    0.64952E-01
    0.62221E-03    0.65241E-01
    0.62508E-03    0.65531E-01
    0.62797E-03    0.65822E-01
    0.63087E-03    0.66115E-01
    0.63378E-03    0.66409E-01
    0.63670E-03    0.66705E-01
    0.63964E-03    0.66999E-01
    0.64260E-03    0.67296E-01
    0.64556E-03    0.67594E-01
    0.64854E-03    0.67908E-01
    0.65154E-03    0.68195E-01
    0.65454E-03    0.68498E-01
    0.65756E-03    0.68802E-01
    0.66060E-03    0.69107E-01
    0.66365E-03    0.69413E-01
    0.66671E-03    0.69720E-01
    0.66979E-03    0.70030E-01
    0.67288E-03    0.70341E-01
    0.67599E-03    0.70655E-01
    0.67911E-03    0.70975E-01
    0.68224E-03    0.71291E-01
    0.68539E-03    0.71593E-01
    0.68855E-03    0.71921E-01
    0.69173E-03    0.72241E-01
    0.69493E-03    0.72561E-01
    0.69813E-03    0.72896E-01
    0.70136E-03    0.73217E-01
    0.70459E-03    0.73541E-01
    0.70784E-03    0.73866E-01
    0.71111E-03    0.74192E-01
    0.71439E-03    0.74520E-01
    0.71769E-03    0.74850E-01
    0.72100E-03    0.75181E-01
    0.72433E-03    0.75514E-01
    0.72768E-03    0.75841E-01
    0.73103E-03    0.76167E-01
    0.73441E-03    0.76516E-01
    0.73780E-03    0.76856E-01
    0.74120E-03    0.77188E-01
    0.74463E-03    0.77531E-01
    0.74806E-03    0.77876E-01
    0.75152E-03    0.78223E-01
    0.75498E-03    0.78570E-01
    0.75847E-03    0.78920E-01
    0.76197E-03    0.79271E-01
    0.76549E-03    0.79623E-01
    0.76902E-03    0.79975E-01
    0.77257E-03    0.80330E-01
    0.77614E-03    0.80686E-01
    0.77972E-03    0.81045E-01
    0.78332E-03    0.81405E-01
    0.78693E-03    0.81767E-01
    0.79057E-03    0.82130E-01
    0.79421E-03    0.82495E-01
    0.79788E-03    0.82861E-01
    0.80156E-03    0.83229E-01
    0.80526E-03    0.83596E-01
    0.80898E-03    0.83967E-01
    0.81271E-03    0.84340E-01
    0.81647E-03    0.84715E-01
    0.82023E-03    0.85090E-01
    0.82402E-03    0.85475E-01
    0.82782E-03    0.85853E-01
    0.83165E-03    0.86234E-01
    0.83548E-03    0.86616E-01
    0.83934E-03    0.87003E-01
    0.84321E-03    0.87387E-01
    0.84711E-03    0.87772E-01
    0.85102E-03    0.88159E-01
    0.85494E-03    0.88548E-01
    0.85889E-03    0.88947E-01
    0.86286E-03    0.89332E-01
    0.86684E-03    0.89734E-01
    0.87084E-03    0.90126E-01
    0.87486E-03    0.90526E-01
    0.87890E-03    0.90927E-01
    0.88295E-03    0.91337E-01
    0.88703E-03    0.91736E-01
    0.89112E-03    0.92137E-01
    0.89524E-03    0.92546E-01
    0.89937E-03    0.92956E-01
    0.90352E-03    0.93368E-01
    0.90769E-03    0.93782E-01
    0.91188E-03    0.94198E-01
    0.91609E-03    0.94617E-01
    0.92032E-03    0.95036E-01
    0.92457E-03    0.95458E-01
    0.92883E-03    0.95881E-01
    0.93312E-03    0.96306E-01
    0.93743E-03    0.96733E-01
    0.94176E-03    0.97161E-01
    0.94610E-03    0.97592E-01
    0.95047E-03    0.98024E-01
    0.95486E-03    0.98458E-01
    0.95926E-03    0.98894E-01
    0.96369E-03    0.99332E-01
    0.96814E-03    0.99772E-01
    0.97261E-03    0.10021E+00
    0.97710E-03    0.10066E+00
    0.98161E-03    0.10110E+00
    0.98614E-03    0.10155E+00
    0.99069E-03    0.10200E+00
    0.99526E-03    0.10245E+00
    0.99986E-03    0.10290E+00
    0.10045E-02    0.10336E+00
    0.10091E-02    0.10382E+00
    0.10138E-02    0.10428E+00
    0.10184E-02    0.10474E+00
    0.10231E-02    0.10519E+00
    0.10279E-02    0.10566E+00
    0.10326E-02    0.10613E+00
    0.10374E-02    0.10660E+00
    0.10422E-02    0.10707E+00
    0.10470E-02    0.10754E+00
    0.10518E-02    0.10802E+00
    0.10567E-02    0.10850E+00
    0.10615E-02    0.10898E+00
    0.10664E-02    0.10946E+00
    0.10714E-02    0.10994E+00
    0.10763E-02    0.11043E+00
    0.10813E-02    0.11092E+00
    0.10863E-02    0.11141E+00
    0.10913E-02    0.11190E+00
    0.10963E-02    0.11240E+00
    0.11014E-02    0.11289E+00
    0.11065E-02    0.11339E+00
    0.11116E-02    0.11390E+00
    0.11167E-02    0.11440E+00
    0.11219E-02    0.11491E+00
    0.11270E-02    0.11541E+00
    0.11322E-02    0.11592E+00
    0.11375E-02    0.11644E+00
    0.11427E-02    0.11695E+00
    0.11480E-02    0.11747E+00
    0.11533E-02    0.11799E+00
    0.11586E-02    0.11851E+00
    0.11640E-02    0.11903E+00
    0.11693E-02    0.11956E+00
    0.11747E-02    0.12009E+00
    0.11802E-02    0.12062E+00
    0.11856E-02    0.12115E+00
    0.11911E-02    0.12168E+00
    0.11966E-02    0.12222E+00
    0.12021E-02    0.12276E+00
    0.12076E-02    0.12330E+00
    0.12132E-02    0.12384E+00
    0.12188E-02    0.12439E+00
    0.12244E-02    0.12494E+00
    0.12301E-02    0.12549E+00
    0.12358E-02    0.12605E+00
    0.12415E-02    0.12661E+00
    0.12472E-02    0.12717E+00
    0.12530E-02    0.12773E+00
    0.12587E-02    0.12829E+00
    0.12646E-02    0.12886E+00
    0.12704E-02    0.12942E+00
    0.12763E-02    0.12999E+00
    0.12821E-02    0.13056E+00
    0.12881E-02    0.13114E+00
    0.12940E-02    0.13172E+00
    0.13000E-02    0.13230E+00
    0.13060E-02    0.13289E+00
    0.13120E-02    0.13347E+00
    0.13181E-02    0.13406E+00
    0.13242E-02    0.13466E+00
    0.13303E-02    0.13525E+00
    0.13364E-02    0.13584E+00
    0.13426E-02    0.13644E+00
    0.13488E-02    0.13704E+00
    0.13550E-02    0.13764E+00
    0.13613E-02    0.13824E+00
    0.13675E-02    0.13885E+00
    0.13738E-02    0.13947E+00
    0.13802E-02    0.14008E+00
    0.13866E-02    0.14069E+00
    0.13930E-02    0.14131E+00
    0.13994E-02    0.14194E+00
    0.14058E-02    0.14256E+00
    0.14123E-02    0.14319E+00
    0.14189E-02    0.14382E+00
    0.14254E-02    0.14446E+00
    0.14320E-02    0.14509E+00
    0.14386E-02    0.14573E+00
    0.14452E-02    0.14636E+00
    0.14519E-02    0.14701E+00
    0.14586E-02    0.14766E+00
    0.14653E-02    0.14831E+00
    0.14721E-02    0.14896E+00
    0.14789E-02    0.14961E+00
    0.14857E-02    0.15027E+00
    0.14926E-02    0.15093E+00
    0.14995E-02    0.15159E+00
    0.15064E-02    0.15226E+00
    0.15133E-02    0.15293E+00
    0.15203E-02    0.15360E+00
    0.15273E-02    0.15427E+00
    0.15344E-02    0.15495E+00
    0.15415E-02    0.15563E+00
    0.15486E-02    0.15631E+00
    0.15557E-02    0.15700E+00
    0.15629E-02    0.15769E+00
    0.15701E-02    0.15838E+00
    0.15774E-02    0.15907E+00
    0.15847E-02    0.15977E+00
    0.15920E-02    0.16047E+00
    0.15993E-02    0.16118E+00
    0.16067E-02    0.16188E+00
    0.16141E-02    0.16259E+00
    0.16216E-02    0.16331E+00
    0.16291E-02    0.16402E+00
    0.16366E-02    0.16474E+00
    0.16441E-02    0.16546E+00
    0.16517E-02    0.16619E+00
    0.16594E-02    0.16692E+00
    0.16670E-02    0.16765E+00
    0.16747E-02    0.16838E+00
    0.16824E-02    0.16912E+00
    0.16902E-02    0.16986E+00
    0.16980E-02    0.17060E+00
    0.17058E-02    0.17134E+00
    0.17137E-02    0.17209E+00
    0.17216E-02    0.17285E+00
    0.17296E-02    0.17360E+00
    0.17376E-02    0.17436E+00
    0.17456E-02    0.17512E+00
    0.17536E-02    0.17589E+00
    0.17617E-02    0.17666E+00
    0.17699E-02    0.17743E+00
    0.17780E-02    0.17821E+00
    0.17862E-02    0.17898E+00
    0.17945E-02    0.17977E+00
    0.18028E-02    0.18055E+00
    0.18111E-02    0.18134E+00
    0.18194E-02    0.18213E+00
    0.18278E-02    0.18292E+00
    0.18363E-02    0.18372E+00
    0.18448E-02    0.18452E+00
    0.18533E-02    0.18533E+00
    0.18618E-02    0.18613E+00
    0.18704E-02    0.18695E+00
    0.18790E-02    0.18776E+00
    0.18877E-02    0.18858E+00
    0.18964E-02    0.18940E+00
    0.19052E-02    0.19023E+00
    0.19140E-02    0.19106E+00
    0.19228E-02    0.19189E+00
    0.19317E-02    0.19273E+00
    0.19406E-02    0.19356E+00
    0.19496E-02    0.19441E+00
    0.19586E-02    0.19525E+00
    0.19676E-02    0.19610E+00
    0.19767E-02    0.19695E+00
    0.19858E-02    0.19781E+00
    0.19950E-02    0.19867E+00
    0.20042E-02    0.19953E+00
    0.20134E-02    0.20040E+00
    0.20227E-02    0.20127E+00
    0.20321E-02    0.20214E+00
    0.20414E-02    0.20302E+00
    0.20509E-02    0.20390E+00
    0.20603E-02    0.20478E+00
    0.20698E-02    0.20567E+00
    0.20794E-02    0.20657E+00
    0.20890E-02    0.20746E+00
    0.20986E-02    0.20836E+00
    0.21083E-02    0.20926E+00
    0.21181E-02    0.21017E+00
    0.21278E-02    0.21108E+00
    0.21377E-02    0.21199E+00
    0.21475E-02    0.21291E+00
    0.21574E-02    0.21383E+00
    0.21674E-02    0.21476E+00
    0.21774E-02    0.21569E+00
    0.21874E-02    0.21662E+00
    0.21975E-02    0.21756E+00
    0.22077E-02    0.21850E+00
    0.22179E-02    0.21944E+00
    0.22281E-02    0.22039E+00
    0.22384E-02    0.22134E+00
    0.22487E-02    0.22230E+00
    0.22591E-02    0.22326E+00
    0.22695E-02    0.22422E+00
    0.22800E-02    0.22519E+00
    0.22905E-02    0.22616E+00
    0.23011E-02    0.22713E+00
    0.23117E-02    0.22811E+00
    0.23224E-02    0.22909E+00
    0.23331E-02    0.23008E+00
    0.23439E-02    0.23107E+00
    0.23547E-02    0.23207E+00
    0.23656E-02    0.23307E+00
    0.23765E-02    0.23407E+00
    0.23875E-02    0.23508E+00
    0.23985E-02    0.23609E+00
    0.24096E-02    0.23710E+00
    0.24207E-02    0.23812E+00
    0.24319E-02    0.23914E+00
    0.24431E-02    0.24017E+00
    0.24544E-02    0.24120E+00
    0.24657E-02    0.24224E+00
    0.24771E-02    0.24327E+00
    0.24885E-02    0.24432E+00
    0.25000E-02    0.24536E+00
    0.25115E-02    0.24642E+00
    0.25231E-02    0.24747E+00
    0.25348E-02    0.24853E+00
    0.25465E-02    0.24959E+00
    0.25582E-02    0.25066E+00
    0.25700E-02    0.25173E+00
    0.25819E-02    0.25281E+00
    0.25938E-02    0.25389E+00
    0.26058E-02    0.25498E+00
    0.26178E-02    0.25606E+00
    0.26299E-02    0.25716E+00
    0.26420E-02    0.25825E+00
    0.26542E-02    0.25936E+00
    0.26665E-02    0.26046E+00
    0.26788E-02    0.26157E+00
    0.26912E-02    0.26268E+00
    0.27036E-02    0.26380E+00
    0.27161E-02    0.26493E+00
    0.27286E-02    0.26605E+00
    0.27412E-02    0.26719E+00
    0.27538E-02    0.26832E+00
    0.27665E-02    0.26946E+00
    0.27793E-02    0.27061E+00
    0.27921E-02    0.27175E+00
    0.28050E-02    0.27291E+00
    0.28180E-02    0.27407E+00
    0.28310E-02    0.27523E+00
    0.28441E-02    0.27639E+00
    0.28572E-02    0.27756E+00
    0.28704E-02    0.27874E+00
    0.28836E-02    0.27992E+00
    0.28969E-02    0.28110E+00
    0.29103E-02    0.28229E+00
    0.29237E-02    0.28348E+00
    0.29372E-02    0.28468E+00
    0.29508E-02    0.28588E+00
    0.29644E-02    0.28709E+00
    0.29781E-02    0.28830E+00
    0.29918E-02    0.28951E+00
    0.30056E-02    0.29073E+00
    0.30195E-02    0.29196E+00
    0.30335E-02    0.29319E+00
    0.30475E-02    0.29442E+00
    0.30615E-02    0.29566E+00
    0.30757E-02    0.29690E+00
    0.30899E-02    0.29815E+00
    0.31041E-02    0.29940E+00
    0.31184E-02    0.30065E+00
    0.31328E-02    0.30191E+00
    0.31473E-02    0.30318E+00
    0.31618E-02    0.30445E+00
    0.31764E-02    0.30572E+00
    0.31911E-02    0.30700E+00
    0.32058E-02    0.30829E+00
    0.32206E-02    0.30957E+00
    0.32355E-02    0.31087E+00
    0.32504E-02    0.31216E+00
    0.32654E-02    0.31346E+00
    0.32805E-02    0.31477E+00
    0.32956E-02    0.31608E+00
    0.33108E-02    0.31740E+00
    0.33261E-02    0.31872E+00
    0.33415E-02    0.32004E+00
    0.33569E-02    0.32137E+00
    0.33724E-02    0.32271E+00
    0.33880E-02    0.32405E+00
    0.34036E-02    0.32539E+00
    0.34193E-02    0.32674E+00
    0.34351E-02    0.32809E+00
    0.34509E-02    0.32945E+00
    0.34669E-02    0.33081E+00
    0.34829E-02    0.33218E+00
    0.34990E-02    0.33355E+00
    0.35151E-02    0.33493E+00
    0.35313E-02    0.33631E+00
    0.35476E-02    0.33769E+00
    0.35640E-02    0.33908E+00
    0.35805E-02    0.34048E+00
    0.35970E-02    0.34188E+00
    0.36136E-02    0.34328E+00
    0.36303E-02    0.34469E+00
    0.36470E-02    0.34611E+00
    0.36639E-02    0.34753E+00
    0.36808E-02    0.34895E+00
    0.36978E-02    0.35038E+00
    0.37148E-02    0.35181E+00
    0.37320E-02    0.35325E+00
    0.37492E-02    0.35469E+00
    0.37665E-02    0.35614E+00
    0.37839E-02    0.35759E+00
    0.38014E-02    0.35904E+00
    0.38189E-02    0.36051E+00
    0.38365E-02    0.36197E+00
    0.38542E-02    0.36344E+00
    0.38720E-02    0.36492E+00
    0.38899E-02    0.36640E+00
    0.39079E-02    0.36788E+00
    0.39259E-02    0.36937E+00
    0.39440E-02    0.37087E+00
    0.39622E-02    0.37236E+00
    0.39805E-02    0.37387E+00
    0.39989E-02    0.37538E+00
    0.40173E-02    0.37689E+00
    0.40359E-02    0.37841E+00
    0.40545E-02    0.37993E+00
    0.40732E-02    0.38145E+00
    0.40920E-02    0.38299E+00
    0.41109E-02    0.38452E+00
    0.41299E-02    0.38606E+00
    0.41489E-02    0.38761E+00
    0.41681E-02    0.38916E+00
    0.41873E-02    0.39071E+00
    0.42067E-02    0.39227E+00
    0.42261E-02    0.39384E+00
    0.42456E-02    0.39540E+00
    0.42652E-02    0.39698E+00
    0.42849E-02    0.39855E+00
    0.43047E-02    0.40014E+00
    0.43245E-02    0.40172E+00
    0.43445E-02    0.40331E+00
    0.43645E-02    0.40491E+00
    0.43847E-02    0.40651E+00
    0.44049E-02    0.40812E+00
    0.44253E-02    0.40972E+00
    0.44457E-02    0.41134E+00
    0.44662E-02    0.41296E+00
    0.44868E-02    0.41458E+00
    0.45075E-02    0.41621E+00
    0.45283E-02    0.41784E+00
    0.45492E-02    0.41947E+00
    0.45702E-02    0.42111E+00
    0.45913E-02    0.42276E+00
    0.46125E-02    0.42441E+00
    0.46338E-02    0.42606E+00
    0.46552E-02    0.42772E+00
    0.46767E-02    0.42938E+00
    0.46983E-02    0.43105E+00
    0.47200E-02    0.43272E+00
    0.47417E-02    0.43440E+00
    0.47636E-02    0.43608E+00
    0.47856E-02    0.43776E+00
    0.48077E-02    0.43945E+00
    0.48299E-02    0.44114E+00
    0.48522E-02    0.44284E+00
    0.48746E-02    0.44454E+00
    0.48971E-02    0.44624E+00
    0.49197E-02    0.44795E+00
    0.49424E-02    0.44966E+00
    0.49652E-02    0.45138E+00
    0.49881E-02    0.45310E+00
    0.50112E-02    0.45483E+00
    0.50343E-02    0.45656E+00
    0.50575E-02    0.45829E+00
    0.50809E-02    0.46003E+00
    0.51043E-02    0.46177E+00
    0.51279E-02    0.46351E+00
    0.51516E-02    0.46526E+00
    0.51753E-02    0.46701E+00
    0.51992E-02    0.46877E+00
    0.52232E-02    0.47053E+00
    0.52473E-02    0.47229E+00
    0.52715E-02    0.47406E+00
    0.52959E-02    0.47583E+00
    0.53203E-02    0.47761E+00
    0.53449E-02    0.47939E+00
    0.53696E-02    0.48117E+00
    0.53943E-02    0.48295E+00
    0.54192E-02    0.48474E+00
    0.54442E-02    0.48653E+00
    0.54694E-02    0.48833E+00
    0.54946E-02    0.49013E+00
    0.55200E-02    0.49193E+00
    0.55455E-02    0.49374E+00
    0.55711E-02    0.49555E+00
    0.55968E-02    0.49736E+00
    0.56226E-02    0.49918E+00
    0.56486E-02    0.50100E+00
    0.56746E-02    0.50282E+00
    0.57008E-02    0.50464E+00
    0.57271E-02    0.50647E+00
    0.57536E-02    0.50830E+00
    0.57801E-02    0.51014E+00
    0.58068E-02    0.51198E+00
    0.58336E-02    0.51382E+00
    0.58605E-02    0.51566E+00
    0.58876E-02    0.51751E+00
    0.59148E-02    0.51935E+00
    0.59421E-02    0.52121E+00
    0.59695E-02    0.52306E+00
    0.59971E-02    0.52492E+00
    0.60247E-02    0.52678E+00
    0.60525E-02    0.52864E+00
    0.60805E-02    0.53050E+00
    0.61085E-02    0.53237E+00
    0.61367E-02    0.53424E+00
    0.61651E-02    0.53611E+00
    0.61935E-02    0.53798E+00
    0.62221E-02    0.53986E+00
    0.62508E-02    0.54173E+00
    0.62797E-02    0.54361E+00
    0.63087E-02    0.54549E+00
    0.63378E-02    0.54738E+00
    0.63670E-02    0.54926E+00
    0.63964E-02    0.55115E+00
    0.64260E-02    0.55304E+00
    0.64556E-02    0.55493E+00
    0.64854E-02    0.55682E+00
    0.65154E-02    0.55871E+00
    0.65454E-02    0.56061E+00
    0.65756E-02    0.56251E+00
    0.66060E-02    0.56440E+00
    0.66365E-02    0.56630E+00
    0.66671E-02    0.56820E+00
    0.66979E-02    0.57011E+00
    0.67288E-02    0.57201E+00
    0.67599E-02    0.57391E+00
    0.67911E-02    0.57582E+00
    0.68224E-02    0.57772E+00
    0.68539E-02    0.57963E+00
    0.68855E-02    0.58154E+00
    0.69173E-02    0.58344E+00
    0.69493E-02    0.58535E+00
    0.69813E-02    0.58726E+00
    0.70136E-02    0.58917E+00
    0.70459E-02    0.59108E+00
    0.70784E-02    0.59299E+00
    0.71111E-02    0.59490E+00
    0.71439E-02    0.59681E+00
    0.71769E-02    0.59872E+00
    0.72100E-02    0.60063E+00
    0.72433E-02    0.60254E+00
    0.72768E-02    0.60445E+00
    0.73103E-02    0.60636E+00
    0.73441E-02    0.60827E+00
    0.73780E-02    0.61018E+00
    0.74120E-02    0.61209E+00
    0.74463E-02    0.61399E+00
    0.74806E-02    0.61590E+00
    0.75152E-02    0.61780E+00
    0.75498E-02    0.61971E+00
    0.75847E-02    0.62161E+00
    0.76197E-02    0.62351E+00
    0.76549E-02    0.62542E+00
    0.76902E-02    0.62732E+00
    0.77257E-02    0.62921E+00
    0.77614E-02    0.63111E+00
    0.77972E-02    0.63301E+00
    0.78332E-02    0.63490E+00
    0.78693E-02    0.63679E+00
    0.79057E-02    0.63868E+00
    0.79421E-02    0.64057E+00
    0.79788E-02    0.64245E+00
    0.80156E-02    0.64434E+00
    0.80526E-02    0.64622E+00
    0.80898E-02    0.64810E+00
    0.81271E-02    0.64997E+00
    0.81647E-02    0.65185E+00
    0.82023E-02    0.65372E+00
    0.82402E-02    0.65558E+00
    0.82782E-02    0.65745E+00
    0.83165E-02    0.65931E+00
    0.83548E-02    0.66117E+00
    0.83934E-02    0.66302E+00
    0.84321E-02    0.66488E+00
    0.84711E-02    0.66672E+00
    0.85102E-02    0.66857E+00
    0.85494E-02    0.67041E+00
    0.85889E-02    0.67224E+00
    0.86286E-02    0.67408E+00
    0.86684E-02    0.67591E+00
    0.87084E-02    0.67773E+00
    0.87486E-02    0.67955E+00
    0.87890E-02    0.68137E+00
    0.88295E-02    0.68318E+00
    0.88703E-02    0.68498E+00
    0.89112E-02    0.68678E+00
    0.89524E-02    0.68858E+00
    0.89937E-02    0.69037E+00
    0.90352E-02    0.69216E+00
    0.90769E-02    0.69394E+00
    0.91188E-02    0.69571E+00
    0.91609E-02    0.69748E+00
    0.92032E-02    0.69924E+00
    0.92457E-02    0.70100E+00
    0.92883E-02    0.70275E+00
    0.93312E-02    0.70450E+00
    0.93743E-02    0.70624E+00
    0.94176E-02    0.70797E+00
    0.94610E-02    0.70969E+00
    0.95047E-02    0.71141E+00
    0.95486E-02    0.71313E+00
    0.95926E-02    0.71483E+00
    0.96369E-02    0.71653E+00
    0.96814E-02    0.71822E+00
    0.97261E-02    0.71991E+00
    0.97710E-02    0.72158E+00
    0.98161E-02    0.72325E+00
    0.98614E-02    0.72491E+00
    0.99069E-02    0.72657E+00
    0.99526E-02    0.72821E+00
    0.99986E-02    0.72985E+00
    0.10045E-01    0.73148E+00
    0.10091E-01    0.73310E+00
    0.10138E-01    0.73471E+00
    0.10184E-01    0.73631E+00
    0.10231E-01    0.73790E+00
    0.10279E-01    0.73949E+00
    0.10326E-01    0.74106E+00
    0.10374E-01    0.74263E+00
    0.10422E-01    0.74419E+00
    0.10470E-01    0.74574E+00
    0.10518E-01    0.74727E+00
    0.10567E-01    0.74880E+00
    0.10615E-01    0.75032E+00
    0.10664E-01    0.75183E+00
    0.10714E-01    0.75332E+00
    0.10763E-01    0.75481E+00
    0.10813E-01    0.75629E+00
    0.10863E-01    0.75775E+00
    0.10913E-01    0.75921E+00
    0.10963E-01    0.76065E+00
    0.11014E-01    0.76208E+00
    0.11065E-01    0.76350E+00
    0.11116E-01    0.76491E+00
    0.11167E-01    0.76631E+00
    0.11219E-01    0.76770E+00
    0.11270E-01    0.76907E+00
    0.11322E-01    0.77043E+00
    0.11375E-01    0.77178E+00
    0.11427E-01    0.77312E+00
    0.11480E-01    0.77444E+00
    0.11533E-01    0.77576E+00
    0.11586E-01    0.77706E+00
    0.11640E-01    0.77834E+00
    0.11693E-01    0.77962E+00
    0.11747E-01    0.78088E+00
    0.11802E-01    0.78212E+00
    0.11856E-01    0.78336E+00
    0.11911E-01    0.78458E+00
    0.11966E-01    0.78578E+00
    0.12021E-01    0.78697E+00
    0.12076E-01    0.78815E+00
    0.12132E-01    0.78932E+00
    0.12188E-01    0.79047E+00
    0.12244E-01    0.79160E+00
    0.12301E-01    0.79272E+00
    0.12358E-01    0.79383E+00
    0.12415E-01    0.79492E+00
    0.12472E-01    0.79599E+00
    0.12530E-01    0.79705E+00
    0.12587E-01    0.79810E+00
    0.12646E-01    0.79913E+00
    0.12704E-01    0.80014E+00
    0.12763E-01    0.80114E+00
    0.12821E-01    0.80212E+00
    0.12881E-01    0.80309E+00
    0.12940E-01    0.80404E+00
    0.13000E-01    0.80497E+00
    0.13060E-01    0.80589E+00
    0.13120E-01    0.80679E+00
    0.13181E-01    0.80767E+00
    0.13242E-01    0.80854E+00
    0.13303E-01    0.80939E+00
    0.13364E-01    0.81022E+00
    0.13426E-01    0.81104E+00
    0.13488E-01    0.81184E+00
    0.13550E-01    0.81262E+00
    0.13613E-01    0.81338E+00
    0.13675E-01    0.81413E+00
    0.13738E-01    0.81486E+00
    0.13802E-01    0.81557E+00
    0.13866E-01    0.81626E+00
    0.13930E-01    0.81693E+00
    0.13994E-01    0.81759E+00
    0.14058E-01    0.81823E+00
    0.14123E-01    0.81884E+00
    0.14189E-01    0.81944E+00
    0.14254E-01    0.82002E+00
    0.14320E-01    0.82059E+00
    0.14386E-01    0.82113E+00
    0.14452E-01    0.82165E+00
    0.14519E-01    0.82216E+00
    0.14586E-01    0.82264E+00
    0.14653E-01    0.82311E+00
    0.14721E-01    0.82355E+00
    0.14789E-01    0.82398E+00
    0.14857E-01    0.82439E+00
    0.14926E-01    0.82477E+00
    0.14995E-01    0.82514E+00
    0.15064E-01    0.82549E+00
    0.15133E-01    0.82581E+00
    0.15203E-01    0.82612E+00
    0.15273E-01    0.82641E+00
    0.15344E-01    0.82667E+00
    0.15415E-01    0.82692E+00
    0.15486E-01    0.82714E+00
    0.15557E-01    0.82734E+00
    0.15629E-01    0.82753E+00
    0.15701E-01    0.82769E+00
    0.15774E-01    0.82783E+00
    0.15847E-01    0.82795E+00
    0.15920E-01    0.82805E+00
    0.15993E-01    0.82812E+00
    0.16067E-01    0.82818E+00
    0.16141E-01    0.82821E+00
    0.16216E-01    0.82822E+00
    0.16291E-01    0.82822E+00
    0.16366E-01    0.82819E+00
    0.16441E-01    0.82813E+00
    0.16517E-01    0.82806E+00
    0.16594E-01    0.82796E+00
    0.16670E-01    0.82785E+00
    0.16747E-01    0.82771E+00
    0.16824E-01    0.82754E+00
    0.16902E-01    0.82736E+00
    0.16980E-01    0.82715E+00
    0.17058E-01    0.82692E+00
    0.17137E-01    0.82667E+00
    0.17216E-01    0.82640E+00
    0.17296E-01    0.82611E+00
    0.17376E-01    0.82579E+00
    0.17456E-01    0.82545E+00
    0.17536E-01    0.82508E+00
    0.17617E-01    0.82470E+00
    0.17699E-01    0.82429E+00
    0.17780E-01    0.82386E+00
    0.17862E-01    0.82340E+00
    0.17945E-01    0.82293E+00
    0.18028E-01    0.82243E+00
    0.18111E-01    0.82191E+00
    0.18194E-01    0.82136E+00
    0.18278E-01    0.82079E+00
    0.18363E-01    0.82020E+00
    0.18448E-01    0.81959E+00
    0.18533E-01    0.81895E+00
    0.18618E-01    0.81829E+00
    0.18704E-01    0.81761E+00
    0.18790E-01    0.81691E+00
    0.18877E-01    0.81618E+00
    0.18964E-01    0.81543E+00
    0.19052E-01    0.81465E+00
    0.19140E-01    0.81385E+00
    0.19228E-01    0.81303E+00
    0.19317E-01    0.81219E+00
    0.19406E-01    0.81132E+00
    0.19496E-01    0.81043E+00
    0.19586E-01    0.80952E+00
    0.19676E-01    0.80858E+00
    0.19767E-01    0.80762E+00
    0.19858E-01    0.80664E+00
    0.19950E-01    0.80564E+00
    0.20042E-01    0.80461E+00
    0.20134E-01    0.80356E+00
    0.20227E-01    0.80249E+00
    0.20321E-01    0.80139E+00
    0.20414E-01    0.80027E+00
    0.20509E-01    0.79913E+00
    0.20603E-01    0.79796E+00
    0.20698E-01    0.79677E+00
    0.20794E-01    0.79556E+00
    0.20890E-01    0.79433E+00
    0.20986E-01    0.79308E+00
    0.21083E-01    0.79180E+00
    0.21181E-01    0.79050E+00
    0.21278E-01    0.78917E+00
    0.21377E-01    0.78783E+00
    0.21475E-01    0.78646E+00
    0.21574E-01    0.78507E+00
    0.21674E-01    0.78366E+00
    0.21774E-01    0.78223E+00
    0.21875E-01    0.78077E+00
    0.21975E-01    0.77929E+00
    0.22077E-01    0.77779E+00
    0.22179E-01    0.77627E+00
    0.22281E-01    0.77473E+00
    0.22384E-01    0.77316E+00
    0.22487E-01    0.77158E+00
    0.22591E-01    0.76997E+00
    0.22695E-01    0.76834E+00
    0.22800E-01    0.76669E+00
    0.22905E-01    0.76502E+00
    0.23011E-01    0.76333E+00
    0.23117E-01    0.76162E+00
    0.23224E-01    0.75988E+00
    0.23331E-01    0.75813E+00
    0.23439E-01    0.75636E+00
    0.23547E-01    0.75456E+00
    0.23656E-01    0.75275E+00
    0.23765E-01    0.75092E+00
    0.23875E-01    0.74906E+00
    0.23985E-01    0.74719E+00
    0.24096E-01    0.74530E+00
    0.24207E-01    0.74339E+00
    0.24319E-01    0.74145E+00
    0.24431E-01    0.73950E+00
    0.24544E-01    0.73754E+00
    0.24657E-01    0.73555E+00
    0.24771E-01    0.73354E+00
    0.24886E-01    0.73152E+00
    0.25000E-01    0.72948E+00
    0.25116E-01    0.72742E+00
    0.25232E-01    0.72534E+00
    0.25348E-01    0.72325E+00
    0.25465E-01    0.72114E+00
    0.25583E-01    0.71901E+00
    0.25701E-01    0.71686E+00
    0.25820E-01    0.71470E+00
    0.25939E-01    0.71252E+00
    0.26059E-01    0.71033E+00
    0.26179E-01    0.70812E+00
    0.26300E-01    0.70590E+00
    0.26422E-01    0.70366E+00
    0.26544E-01    0.70140E+00
    0.26667E-01    0.69913E+00
    0.26790E-01    0.69685E+00
    0.26914E-01    0.69455E+00
    0.27038E-01    0.69223E+00
    0.27163E-01    0.68991E+00
    0.27288E-01    0.68757E+00
    0.27415E-01    0.68521E+00
    0.27541E-01    0.68284E+00
    0.27669E-01    0.68047E+00
    0.27797E-01    0.67807E+00
    0.27925E-01    0.67567E+00
    0.28054E-01    0.67325E+00
    0.28184E-01    0.67083E+00
    0.28315E-01    0.66839E+00
    0.28446E-01    0.66594E+00
    0.28577E-01    0.66348E+00
    0.28710E-01    0.66101E+00
    0.28843E-01    0.65853E+00
    0.28976E-01    0.65604E+00
    0.29111E-01    0.65354E+00
    0.29245E-01    0.65103E+00
    0.29381E-01    0.64851E+00
    0.29517E-01    0.64599E+00
    0.29654E-01    0.64345E+00
    0.29792E-01    0.64091E+00
    0.29930E-01    0.63836E+00
    0.30069E-01    0.63580E+00
    0.30209E-01    0.63324E+00
    0.30349E-01    0.63067E+00
    0.30490E-01    0.62809E+00
    0.30632E-01    0.62551E+00
    0.30774E-01    0.62292E+00
    0.30917E-01    0.62033E+00
    0.31061E-01    0.61773E+00
    0.31206E-01    0.61513E+00
    0.31351E-01    0.61252E+00
    0.31497E-01    0.60991E+00
    0.31644E-01    0.60729E+00
    0.31792E-01    0.60468E+00
    0.31941E-01    0.60205E+00
    0.32090E-01    0.59943E+00
    0.32240E-01    0.59680E+00
    0.32391E-01    0.59418E+00
    0.32542E-01    0.59155E+00
    0.32695E-01    0.58891E+00
    0.32848E-01    0.58628E+00
    0.33003E-01    0.58365E+00
    0.33158E-01    0.58101E+00
    0.33314E-01    0.57838E+00
    0.33470E-01    0.57574E+00
    0.33628E-01    0.57311E+00
    0.33787E-01    0.57048E+00
    0.33946E-01    0.56785E+00
    0.34107E-01    0.56522E+00
    0.34268E-01    0.56259E+00
    0.34431E-01    0.55996E+00
    0.34594E-01    0.55734E+00
    0.34758E-01    0.55472E+00
    0.34924E-01    0.55210E+00
    0.35090E-01    0.54948E+00
    0.35257E-01    0.54687E+00
    0.35426E-01    0.54426E+00
    0.35596E-01    0.54166E+00
    0.35766E-01    0.53906E+00
    0.35938E-01    0.53646E+00
    0.36111E-01    0.53387E+00
    0.36285E-01    0.53128E+00
    0.36460E-01    0.52870E+00
    0.36637E-01    0.52613E+00
    0.36814E-01    0.52356E+00
    0.36993E-01    0.52100E+00
    0.37173E-01    0.51844E+00
    0.37355E-01    0.51590E+00
    0.37538E-01    0.51335E+00
    0.37722E-01    0.51082E+00
    0.37907E-01    0.50829E+00
    0.38094E-01    0.50577E+00
    0.38282E-01    0.50326E+00
    0.38472E-01    0.50076E+00
    0.38664E-01    0.49826E+00
    0.38856E-01    0.49578E+00
    0.39051E-01    0.49330E+00
    0.39247E-01    0.49083E+00
    0.39445E-01    0.48838E+00
    0.39644E-01    0.48593E+00
    0.39845E-01    0.48349E+00
    0.40048E-01    0.48106E+00
    0.40252E-01    0.47864E+00
    0.40459E-01    0.47623E+00
    0.40667E-01    0.47383E+00
    0.40878E-01    0.47145E+00
    0.41090E-01    0.46907E+00
    0.41304E-01    0.46671E+00
    0.41521E-01    0.46435E+00
    0.41739E-01    0.46201E+00
    0.41960E-01    0.45968E+00
    0.42183E-01    0.45736E+00
    0.42409E-01    0.45506E+00
    0.42636E-01    0.45277E+00
    0.42867E-01    0.45048E+00
    0.43100E-01    0.44822E+00
    0.43335E-01    0.44596E+00
    0.43573E-01    0.44371E+00
    0.43814E-01    0.44148E+00
    0.44058E-01    0.43926E+00
    0.44305E-01    0.43706E+00
    0.44555E-01    0.43487E+00
    0.44807E-01    0.43269E+00
    0.45064E-01    0.43052E+00
    0.45323E-01    0.42837E+00
    0.45586E-01    0.42623E+00
    0.45853E-01    0.42410E+00
    0.46123E-01    0.42199E+00
    0.46397E-01    0.41989E+00
    0.46675E-01    0.41780E+00
    0.46957E-01    0.41573E+00
    0.47243E-01    0.41367E+00
    0.47533E-01    0.41162E+00
    0.47828E-01    0.40958E+00
    0.48128E-01    0.40755E+00
    0.48432E-01    0.40554E+00
    0.48742E-01    0.40354E+00
    0.49057E-01    0.40155E+00
    0.49377E-01    0.39956E+00
    0.49703E-01    0.39759E+00
    0.50035E-01    0.39563E+00
    0.50373E-01    0.39367E+00
    0.50717E-01    0.39172E+00
    0.51068E-01    0.38978E+00
    0.51425E-01    0.38785E+00
    0.51790E-01    0.38591E+00
    0.52162E-01    0.38398E+00
    0.52543E-01    0.38205E+00
    0.52931E-01    0.38012E+00
    0.53328E-01    0.37818E+00
    0.53734E-01    0.37624E+00
    0.54149E-01    0.37430E+00
    0.54574E-01    0.37234E+00
    0.55009E-01    0.37036E+00
    0.55455E-01    0.36837E+00
    0.55912E-01    0.36636E+00
    0.56381E-01    0.36432E+00
    0.56863E-01    0.36224E+00
    0.57358E-01    0.36014E+00
    0.57867E-01    0.35798E+00
    0.58390E-01    0.35578E+00
    0.58929E-01    0.35352E+00
    0.59484E-01    0.35120E+00
    0.60057E-01    0.34879E+00
    0.60647E-01    0.34631E+00
    0.61258E-01    0.34372E+00
    0.61888E-01    0.34103E+00
    0.62541E-01    0.33821E+00
    0.63217E-01    0.33526E+00
    0.63918E-01    0.33215E+00
    0.64645E-01    0.32887E+00
    0.65400E-01    0.32540E+00
    0.66186E-01    0.32172E+00
    0.67003E-01    0.31780E+00
    0.67856E-01    0.31363E+00
    0.68745E-01    0.30918E+00
    0.69675E-01    0.30442E+00
    0.70647E-01    0.29934E+00
    0.71665E-01    0.29391E+00
    0.72734E-01    0.28811E+00
    0.73855E-01    0.28192E+00
    0.75035E-01    0.27532E+00
    0.76277E-01    0.26832E+00
    0.77587E-01    0.26091E+00
    0.78970E-01    0.25310E+00
    0.80432E-01    0.24494E+00
    0.81980E-01    0.23646E+00
    0.83620E-01    0.22773E+00
    0.85359E-01    0.21884E+00
    0.87205E-01    0.20989E+00
    0.89166E-01    0.20103E+00
    0.91250E-01    0.19241E+00
    0.93465E-01    0.18417E+00
    0.95820E-01    0.17648E+00
    0.98321E-01    0.16947E+00
    0.10098E+00    0.16323E+00
    0.10379E+00    0.15779E+00
    0.10677E+00    0.15309E+00
    0.10992E+00    0.14896E+00
    0.11324E+00    0.14513E+00
    0.11673E+00    0.14126E+00
    0.12040E+00    0.13695E+00
    0.12424E+00    0.13187E+00
    0.12826E+00    0.12580E+00
    0.13244E+00    0.11878E+00
    0.13680E+00    0.11106E+00
    0.14133E+00    0.10310E+00
    0.14602E+00    0.95485E-01
    0.15089E+00    0.88713E-01
    0.15592E+00    0.83122E-01
    0.16113E+00    0.78782E-01
    0.16652E+00    0.75478E-01
    0.17209E+00    0.72770E-01
    0.17784E+00    0.70125E-01
    0.18379E+00    0.67037E-01
    0.18993E+00    0.63274E-01
    0.19629E+00    0.58967E-01
    0.20285E+00    0.54532E-01
    0.20963E+00    0.50456E-01
    0.21664E+00    0.47080E-01
    0.22387E+00    0.44476E-01
    0.23133E+00    0.42414E-01
    0.23902E+00    0.40487E-01
    0.24694E+00    0.38350E-01
    0.25507E+00    0.35912E-01
    0.26341E+00    0.33361E-01
    0.27194E+00    0.31013E-01
    0.28065E+00    0.29073E-01
    0.28949E+00    0.27511E-01
    0.29845E+00    0.26138E-01
    0.30750E+00    0.24765E-01
    0.31659E+00    0.23326E-01
    0.32570E+00    0.21904E-01
    0.33480E+00    0.20612E-01
    0.34384E+00    0.19510E-01
    0.35282E+00    0.18570E-01
    0.36169E+00    0.17718E-01
    0.37044E+00    0.16901E-01
    0.37906E+00    0.16106E-01
    0.38753E+00    0.15350E-01
    0.39585E+00    0.14657E-01
    0.40400E+00    0.14037E-01
    0.41200E+00    0.13483E-01
    0.41982E+00    0.12980E-01
    0.42749E+00    0.12511E-01
    0.43500E+00    0.12066E-01
    0.44235E+00    0.11643E-01
    0.44955E+00    0.11242E-01
    0.45660E+00    0.10868E-01
    0.46351E+00    0.10521E-01
    0.47028E+00    0.10201E-01
    0.47693E+00    0.99041E-02
    0.48345E+00    0.96253E-02
    0.48985E+00    0.93617E-02
    0.49613E+00    0.91107E-02
    0.50231E+00    0.88709E-02
    0.50838E+00    0.86421E-02
    0.51435E+00    0.84247E-02
    0.52023E+00    0.82186E-02
    0.52602E+00    0.80231E-02
    0.53172E+00    0.78376E-02
    0.53734E+00    0.76614E-02
    0.54289E+00    0.74936E-02
    0.54835E+00    0.73331E-02
    0.55375E+00    0.71790E-02
    0.55908E+00    0.70309E-02
    0.56434E+00    0.68885E-02
    0.56955E+00    0.67513E-02
    0.57469E+00    0.66191E-02
    0.57978E+00    0.64918E-02
    0.58482E+00    0.63693E-02
    0.58981E+00    0.62515E-02
    0.59474E+00    0.61380E-02
    0.59963E+00    0.60284E-02
    0.60448E+00    0.59227E-02
    0.60929E+00    0.58205E-02
    0.61405E+00    0.57215E-02
    0.61878E+00    0.56256E-02
    0.62347E+00    0.55325E-02
    0.62813E+00    0.54420E-02
    0.63276E+00    0.53542E-02
    0.63735E+00    0.52690E-02
    0.64192E+00    0.51861E-02
    0.64645E+00    0.51055E-02
    0.65096E+00    0.50272E-02
    0.65545E+00    0.49510E-02
    0.65991E+00    0.48769E-02
    0.66434E+00    0.48047E-02
    0.66876E+00    0.47343E-02
    0.67315E+00    0.46657E-02
    0.67753E+00    0.45988E-02
    0.68189E+00    0.45335E-02
    0.68623E+00    0.44697E-02
    0.69055E+00    0.44073E-02
    0.69486E+00    0.43464E-02
    0.69916E+00    0.42867E-02
    0.70344E+00    0.42284E-02
    0.70771E+00    0.41714E-02
    0.71197E+00    0.41157E-02
    0.71622E+00    0.40611E-02
    0.72045E+00    0.40076E-02
    0.72468E+00    0.39552E-02
    0.72890E+00    0.39039E-02
    0.73311E+00    0.38536E-02
    0.73732E+00    0.38043E-02
    0.74152E+00    0.37559E-02
    0.74571E+00    0.37084E-02
    0.74990E+00    0.36618E-02
    0.75409E+00    0.36161E-02
    0.75827E+00    0.35713E-02
    0.76245E+00    0.35272E-02
    0.76662E+00    0.34838E-02
    0.77080E+00    0.34413E-02
    0.77497E+00    0.33994E-02
    0.77915E+00    0.33583E-02
    0.78332E+00    0.33179E-02
    0.78749E+00    0.32781E-02
    0.79167E+00    0.32390E-02
    0.79584E+00    0.32005E-02
    0.80002E+00    0.31627E-02
    0.80420E+00    0.31255E-02
    0.80839E+00    0.30888E-02
    0.81257E+00    0.30527E-02
    0.81677E+00    0.30172E-02
    0.82096E+00    0.29821E-02
    0.82516E+00    0.29477E-02
    0.82937E+00    0.29137E-02
    0.83358E+00    0.28802E-02
    0.83780E+00    0.28472E-02
    0.84202E+00    0.28147E-02
    0.84625E+00    0.27826E-02
    0.85049E+00    0.27511E-02
    0.85474E+00    0.27199E-02
    0.85899E+00    0.26892E-02
    0.86326E+00    0.26588E-02
    0.86753E+00    0.26289E-02
    0.87181E+00    0.25995E-02
    0.87610E+00    0.25704E-02
    0.88040E+00    0.25417E-02
    0.88472E+00    0.25133E-02
    0.88904E+00    0.24854E-02
    0.89337E+00    0.24578E-02
    0.89771E+00    0.24306E-02
    0.90207E+00    0.24037E-02
    0.90644E+00    0.23771E-02
    0.91082E+00    0.23509E-02
    0.91521E+00    0.23250E-02
    0.91962E+00    0.22994E-02
    0.92404E+00    0.22742E-02
    0.92847E+00    0.22492E-02
    0.93292E+00    0.22246E-02
    0.93738E+00    0.22003E-02
    0.94185E+00    0.21762E-02
    0.94634E+00    0.21525E-02
    0.95084E+00    0.21290E-02
    0.95536E+00    0.21058E-02
    0.95990E+00    0.20829E-02
    0.96445E+00    0.20602E-02
    0.96901E+00    0.20378E-02
    0.97360E+00    0.20157E-02
    0.97820E+00    0.19938E-02
    0.98281E+00    0.19722E-02
    0.98744E+00    0.19508E-02
    0.99209E+00    0.19296E-02
    0.99676E+00    0.19088E-02
    0.10014E+01    0.18881E-02
    0.10061E+01    0.18677E-02
    0.10109E+01    0.18475E-02
    0.10156E+01    0.18275E-02
    0.10204E+01    0.18078E-02
    0.10251E+01    0.17883E-02
    0.10299E+01    0.17689E-02
    0.10347E+01    0.17498E-02
    0.10396E+01    0.17310E-02
    0.10444E+01    0.17123E-02
    0.10493E+01    0.16938E-02
    0.10542E+01    0.16755E-02
    0.10591E+01    0.16574E-02
    0.10640E+01    0.16396E-02
    0.10690E+01    0.16219E-02
    0.10740E+01    0.16044E-02
    0.10790E+01    0.15871E-02
    0.10840E+01    0.15700E-02
    0.10890E+01    0.15531E-02
    0.10941E+01    0.15363E-02
    0.10992E+01    0.15198E-02
    0.11043E+01    0.15034E-02
    0.11094E+01    0.14872E-02
    0.11145E+01    0.14711E-02
    0.11197E+01    0.14553E-02
    0.11249E+01    0.14396E-02
    0.11301E+01    0.14241E-02
    0.11354E+01    0.14087E-02
    0.11406E+01    0.13935E-02
    0.11459E+01    0.13785E-02
    0.11512E+01    0.13636E-02
    0.11565E+01    0.13489E-02
    0.11619E+01    0.13343E-02
    0.11673E+01    0.13199E-02
    0.11727E+01    0.13056E-02
    0.11781E+01    0.12915E-02
    0.11835E+01    0.12776E-02
    0.11890E+01    0.12638E-02
    0.11945E+01    0.12501E-02
    0.12000E+01    0.12366E-02
    0.12056E+01    0.12232E-02
    0.12112E+01    0.12100E-02
    0.12168E+01    0.11969E-02
    0.12224E+01    0.11839E-02
    0.12280E+01    0.11711E-02
    0.12337E+01    0.11584E-02
    0.12394E+01    0.11459E-02
    0.12451E+01    0.11335E-02
    0.12509E+01    0.11212E-02
    0.12567E+01    0.11090E-02
    0.12625E+01    0.10970E-02
    0.12683E+01    0.10851E-02
    0.12742E+01    0.10733E-02
    0.12801E+01    0.10617E-02
    0.12860E+01    0.10501E-02
    0.12919E+01    0.10387E-02
    0.12979E+01    0.10274E-02
    0.13039E+01    0.10163E-02
    0.13099E+01    0.10052E-02
    0.13159E+01    0.99429E-03
    0.13220E+01    0.98346E-03
    0.13281E+01    0.97276E-03
    0.13343E+01    0.96218E-03
    0.13404E+01    0.95169E-03
    0.13466E+01    0.94132E-03
    0.13528E+01    0.93107E-03
    0.13591E+01    0.92092E-03
    0.13653E+01    0.91088E-03
    0.13716E+01    0.90094E-03
    0.13780E+01    0.89111E-03
    0.13843E+01    0.88139E-03
    0.13907E+01    0.87177E-03
    0.13972E+01    0.86224E-03
    0.14036E+01    0.85282E-03
    0.14101E+01    0.84351E-03
    0.14166E+01    0.83428E-03
    0.14231E+01    0.82516E-03
    0.14297E+01    0.81613E-03
    0.14363E+01    0.80720E-03
    0.14429E+01    0.79836E-03
    0.14496E+01    0.78962E-03
    0.14563E+01    0.78097E-03
    0.14630E+01    0.77241E-03
    0.14698E+01    0.76394E-03
    0.14765E+01    0.75557E-03
    0.14834E+01    0.74728E-03
    0.14902E+01    0.73908E-03
    0.14971E+01    0.73096E-03
    0.15040E+01    0.72294E-03
    0.15109E+01    0.71500E-03
    0.15179E+01    0.70714E-03
    0.15249E+01    0.69937E-03
    0.15320E+01    0.69168E-03
    0.15390E+01    0.68407E-03
    0.15461E+01    0.67655E-03
    0.15533E+01    0.66911E-03
    0.15604E+01    0.66174E-03
    0.15676E+01    0.65445E-03
    0.15749E+01    0.64725E-03
    0.15821E+01    0.64011E-03
    0.15894E+01    0.63306E-03
    0.15968E+01    0.62608E-03
    0.16042E+01    0.61918E-03
    0.16116E+01    0.61234E-03
    0.16190E+01    0.60559E-03
    0.16265E+01    0.59890E-03
    0.16340E+01    0.59229E-03
    0.16415E+01    0.58575E-03
    0.16491E+01    0.57928E-03
    0.16567E+01    0.57287E-03
    0.16644E+01    0.56654E-03
    0.16720E+01    0.56028E-03
    0.16798E+01    0.55408E-03
    0.16875E+01    0.54794E-03
    0.16953E+01    0.54188E-03
    0.17031E+01    0.53588E-03
    0.17110E+01    0.52994E-03
    0.17189E+01    0.52407E-03
    0.17268E+01    0.51826E-03
    0.17348E+01    0.51251E-03
    0.17428E+01    0.50683E-03
    0.17508E+01    0.50120E-03
    0.17589E+01    0.49564E-03
    0.17670E+01    0.49014E-03
    0.17752E+01    0.48469E-03
    0.17834E+01    0.47931E-03
    0.17916E+01    0.47399E-03
    0.17999E+01    0.46872E-03
    0.18082E+01    0.46351E-03
    0.18165E+01    0.45836E-03
    0.18249E+01    0.45325E-03
    0.18334E+01    0.44821E-03
    0.18418E+01    0.44323E-03
    0.18503E+01    0.43829E-03
    0.18589E+01    0.43341E-03
    0.18674E+01    0.42858E-03
    0.18761E+01    0.42380E-03
    0.18847E+01    0.41908E-03
    0.18934E+01    0.41441E-03
    0.19022E+01    0.40979E-03
    0.19109E+01    0.40522E-03
    0.19198E+01    0.40069E-03
    0.19286E+01    0.39622E-03
    0.19375E+01    0.39180E-03
    0.19465E+01    0.38742E-03
    0.19555E+01    0.38309E-03
    0.19645E+01    0.37881E-03
    0.19735E+01    0.37457E-03
    0.19827E+01    0.37039E-03
    0.19918E+01    0.36624E-03
    0.20010E+01    0.36214E-03
    0.20102E+01    0.35809E-03
    0.20195E+01    0.35408E-03
    0.20288E+01    0.35012E-03
    0.20382E+01    0.34620E-03
    0.20476E+01    0.34232E-03
    0.20571E+01    0.33848E-03
    0.20666E+01    0.33469E-03
    0.20761E+01    0.33093E-03
    0.20857E+01    0.32722E-03
    0.20953E+01    0.32355E-03
    0.21050E+01    0.31992E-03
    0.21147E+01    0.31633E-03
    0.21245E+01    0.31278E-03
    0.21343E+01    0.30926E-03
    0.21441E+01    0.30579E-03
    0.21540E+01    0.30235E-03
    0.21639E+01    0.29895E-03
    0.21739E+01    0.29559E-03
    0.21840E+01    0.29227E-03
    0.21941E+01    0.28898E-03
    0.22042E+01    0.28573E-03
    0.22144E+01    0.28251E-03
    0.22246E+01    0.27933E-03
    0.22348E+01    0.27619E-03
    0.22452E+01    0.27308E-03
    0.22555E+01    0.26999E-03
    0.22659E+01    0.26695E-03
    0.22764E+01    0.26394E-03
    0.22869E+01    0.26096E-03
    0.22975E+01    0.25802E-03
    0.23081E+01    0.25511E-03
    0.23187E+01    0.25223E-03
    0.23294E+01    0.24938E-03
    0.23402E+01    0.24657E-03
    0.23510E+01    0.24378E-03
    0.23618E+01    0.24103E-03
    0.23727E+01    0.23831E-03
    0.23837E+01    0.23561E-03
    0.23947E+01    0.23294E-03
    0.24057E+01    0.23031E-03
    0.24168E+01    0.22770E-03
    0.24280E+01    0.22513E-03
    0.24392E+01    0.22258E-03
    0.24505E+01    0.22006E-03
    0.24618E+01    0.21757E-03
    0.24731E+01    0.21511E-03
    0.24845E+01    0.21267E-03
    0.24960E+01    0.21026E-03
    0.25075E+01    0.20787E-03
    0.25191E+01    0.20552E-03
    0.25307E+01    0.20319E-03
    0.25424E+01    0.20088E-03
    0.25542E+01    0.19860E-03
    0.25659E+01    0.19635E-03
    0.25778E+01    0.19412E-03
    0.25897E+01    0.19191E-03
    0.26016E+01    0.18973E-03
    0.26136E+01    0.18758E-03
    0.26257E+01    0.18545E-03
    0.26378E+01    0.18334E-03
    0.26500E+01    0.18125E-03
    0.26622E+01    0.17919E-03
    0.26745E+01    0.17715E-03
    0.26869E+01    0.17514E-03
    0.26993E+01    0.17314E-03
    0.27117E+01    0.17117E-03
    0.27242E+01    0.16922E-03
    0.27368E+01    0.16730E-03
    0.27495E+01    0.16539E-03
    0.27621E+01    0.16350E-03
    0.27749E+01    0.16164E-03
    0.27877E+01    0.15980E-03
    0.28006E+01    0.15798E-03
    0.28135E+01    0.15617E-03
    0.28265E+01    0.15439E-03
    0.28395E+01    0.15263E-03
    0.28526E+01    0.15089E-03
    0.28658E+01    0.14916E-03
    0.28790E+01    0.14746E-03
    0.28923E+01    0.14578E-03
    0.29057E+01    0.14411E-03
    0.29191E+01    0.14246E-03
    0.29326E+01    0.14083E-03
    0.29461E+01    0.13922E-03
    0.29597E+01    0.13763E-03
    0.29734E+01    0.13606E-03
    0.29871E+01    0.13450E-03
    0.30009E+01    0.13296E-03
    0.30147E+01    0.13144E-03
    0.30286E+01    0.12993E-03
    0.30426E+01    0.12845E-03
    0.30567E+01    0.12697E-03
    0.30708E+01    0.12552E-03
    0.30849E+01    0.12408E-03
    0.30992E+01    0.12266E-03
    0.31135E+01    0.12125E-03
    0.31279E+01    0.11986E-03
    0.31423E+01    0.11849E-03
    0.31568E+01    0.11713E-03
    0.31714E+01    0.11578E-03
    0.31860E+01    0.11445E-03
    0.32007E+01    0.11314E-03
    0.32155E+01    0.11184E-03
    0.32303E+01    0.11055E-03
    0.32452E+01    0.10929E-03
    0.32602E+01    0.10803E-03
    0.32753E+01    0.10679E-03
    0.32904E+01    0.10556E-03
    0.33056E+01    0.10435E-03
    0.33208E+01    0.10315E-03
    0.33362E+01    0.10196E-03
    0.33516E+01    0.10079E-03
    0.33670E+01    0.99626E-04
    0.33826E+01    0.98479E-04
    0.33982E+01    0.97345E-04
    0.34139E+01    0.96224E-04
    0.34296E+01    0.95115E-04
    0.34455E+01    0.94019E-04
    0.34614E+01    0.92936E-04
    0.34773E+01    0.91864E-04
    0.34934E+01    0.90805E-04
    0.35095E+01    0.89758E-04
    0.35257E+01    0.88722E-04
    0.35420E+01    0.87699E-04
    0.35583E+01    0.86687E-04
    0.35748E+01    0.85686E-04
    0.35913E+01    0.84697E-04
    0.36078E+01    0.83719E-04
    0.36245E+01    0.82752E-04
    0.36412E+01    0.81796E-04
    0.36580E+01    0.80851E-04
    0.36749E+01    0.79916E-04
    0.36919E+01    0.78992E-04
    0.37089E+01    0.78079E-04
    0.37260E+01    0.77176E-04
    0.37432E+01    0.76283E-04
    0.37605E+01    0.75401E-04
    0.37779E+01    0.74528E-04
    0.37953E+01    0.73665E-04
    0.38128E+01    0.72813E-04
    0.38304E+01    0.71970E-04
    0.38481E+01    0.71136E-04
    0.38659E+01    0.70312E-04
    0.38837E+01    0.69497E-04
    0.39016E+01    0.68692E-04
    0.39196E+01    0.67896E-04
    0.39377E+01    0.67108E-04
    0.39559E+01    0.66330E-04
    0.39742E+01    0.65561E-04
    0.39925E+01    0.64800E-04
    0.40109E+01    0.64048E-04
    0.40295E+01    0.63305E-04
    0.40481E+01    0.62570E-04
    0.40667E+01    0.61844E-04
    0.40855E+01    0.61126E-04
    0.41044E+01    0.60415E-04
    0.41233E+01    0.59713E-04
    0.41423E+01    0.59019E-04
    0.41615E+01    0.58333E-04
    0.41807E+01    0.57655E-04
    0.42000E+01    0.56985E-04
    0.42194E+01    0.56322E-04
    0.42388E+01    0.55667E-04
    0.42584E+01    0.55019E-04
    0.42781E+01    0.54379E-04
    0.42978E+01    0.53746E-04
    0.43176E+01    0.53120E-04
    0.43376E+01    0.52502E-04
    0.43576E+01    0.51890E-04
    0.43777E+01    0.51286E-04
    0.43979E+01    0.50689E-04
    0.44182E+01    0.50098E-04
    0.44386E+01    0.49514E-04
    0.44591E+01    0.48937E-04
    0.44797E+01    0.48366E-04
    0.45004E+01    0.47802E-04
    0.45211E+01    0.47245E-04
    0.45420E+01    0.46694E-04
    0.45630E+01    0.46149E-04
    0.45840E+01    0.45611E-04
    0.46052E+01    0.45078E-04
    0.46264E+01    0.44552E-04
    0.46478E+01    0.44031E-04
    0.46692E+01    0.43517E-04
    0.46908E+01    0.43009E-04
    0.47125E+01    0.42507E-04
    0.47342E+01    0.42011E-04
    0.47561E+01    0.41519E-04
    0.47780E+01    0.41034E-04
    0.48001E+01    0.40554E-04
    0.48222E+01    0.40078E-04
    0.48445E+01    0.39610E-04
    0.48668E+01    0.39146E-04
    0.48893E+01    0.38688E-04
    0.49119E+01    0.38235E-04
    0.49345E+01    0.37786E-04
    0.49573E+01    0.37344E-04
    0.49802E+01    0.36909E-04
    0.50032E+01    0.36476E-04
    0.50263E+01    0.36049E-04
    0.50495E+01    0.35627E-04
    0.50728E+01    0.35209E-04
    0.50962E+01    0.34797E-04
    0.51197E+01    0.34389E-04
    0.51434E+01    0.33985E-04
    0.51671E+01    0.33587E-04
    0.51909E+01    0.33193E-04
    0.52149E+01    0.32803E-04
    0.52390E+01    0.32418E-04
    0.52632E+01    0.32038E-04
    0.52875E+01    0.31662E-04
    0.53119E+01    0.31290E-04
    0.53364E+01    0.30923E-04
    0.53610E+01    0.30559E-04
    0.53858E+01    0.30201E-04
    0.54106E+01    0.29846E-04
    0.54356E+01    0.29496E-04
    0.54607E+01    0.29149E-04
    0.54859E+01    0.28806E-04
    0.55112E+01    0.28467E-04
    0.55366E+01    0.28132E-04
    0.55622E+01    0.27802E-04
    0.55879E+01    0.27475E-04
    0.56137E+01    0.27151E-04
    0.56396E+01    0.26832E-04
    0.56656E+01    0.26516E-04
    0.56918E+01    0.26204E-04
    0.57180E+01    0.25895E-04
    0.57444E+01    0.25590E-04
    0.57709E+01    0.25289E-04
    0.57976E+01    0.24991E-04
    0.58243E+01    0.24697E-04
    0.58512E+01    0.24405E-04
    0.58782E+01    0.24118E-04
    0.59054E+01    0.23834E-04
    0.59326E+01    0.23552E-04
    0.59600E+01    0.23274E-04
    0.59875E+01    0.23000E-04
    0.60152E+01    0.22729E-04
    0.60429E+01    0.22461E-04
    0.60708E+01    0.22196E-04
    0.60988E+01    0.21934E-04
    0.61270E+01    0.21674E-04
    0.61553E+01    0.21418E-04
    0.61837E+01    0.21165E-04
    0.62122E+01    0.20915E-04
    0.62409E+01    0.20669E-04
    0.62697E+01    0.20424E-04
    0.62986E+01    0.20183E-04
    0.63277E+01    0.19945E-04
    0.63569E+01    0.19709E-04
    0.63863E+01    0.19476E-04
    0.64157E+01    0.19246E-04
    0.64454E+01    0.19018E-04
    0.64751E+01    0.18793E-04
    0.65050E+01    0.18571E-04
    0.65350E+01    0.18351E-04
    0.65652E+01    0.18134E-04
    0.65955E+01    0.17919E-04
    0.66259E+01    0.17707E-04
    0.66565E+01    0.17497E-04
    0.66872E+01    0.17290E-04
    0.67181E+01    0.17085E-04
    0.67491E+01    0.16883E-04
    0.67803E+01    0.16683E-04
    0.68116E+01    0.16485E-04
    0.68430E+01    0.16290E-04
    0.68746E+01    0.16097E-04
    0.69063E+01    0.15905E-04
    0.69382E+01    0.15717E-04
    0.69702E+01    0.15530E-04
    0.70024E+01    0.15346E-04
    0.70347E+01    0.15164E-04
    0.70672E+01    0.14984E-04
    0.70998E+01    0.14806E-04
    0.71326E+01    0.14630E-04
    0.71655E+01    0.14457E-04
    0.71986E+01    0.14285E-04
    0.72318E+01    0.14117E-04
    0.72652E+01    0.13949E-04
    0.72987E+01    0.13783E-04
    0.73324E+01    0.13620E-04
    0.73663E+01    0.13457E-04
    0.74003E+01    0.13297E-04
    0.74344E+01    0.13139E-04
    0.74687E+01    0.12983E-04
    0.75032E+01    0.12829E-04
    0.75378E+01    0.12676E-04
    0.75726E+01    0.12525E-04
    0.76076E+01    0.12376E-04
    0.76427E+01    0.12229E-04
    0.76780E+01    0.12083E-04
    0.77134E+01    0.11939E-04
    0.77490E+01    0.11797E-04
    0.77848E+01    0.11657E-04
    0.78207E+01    0.11518E-04
    0.78568E+01    0.11381E-04
    0.78931E+01    0.11245E-04
    0.79295E+01    0.11111E-04
    0.79661E+01    0.10979E-04
    0.80029E+01    0.10848E-04
    0.80398E+01    0.10719E-04
    0.80769E+01    0.10591E-04
    0.81142E+01    0.10465E-04
    0.81517E+01    0.10340E-04
    0.81893E+01    0.10217E-04
    0.82271E+01    0.10095E-04
    0.82651E+01    0.99744E-05
    0.83032E+01    0.98554E-05
    0.83416E+01    0.97378E-05
    0.83801E+01    0.96216E-05
    0.84187E+01    0.95067E-05
    0.84576E+01    0.93933E-05
    0.84966E+01    0.92811E-05
    0.85358E+01    0.91702E-05
    0.85752E+01    0.90608E-05
    0.86148E+01    0.89525E-05
    0.86546E+01    0.88456E-05
    0.86945E+01    0.87398E-05
    0.87347E+01    0.86354E-05
    0.87750E+01    0.85322E-05
    0.88155E+01    0.84302E-05
    0.88562E+01    0.83294E-05
    0.88971E+01    0.82299E-05
    0.89381E+01    0.81314E-05
    0.89794E+01    0.80341E-05
    0.90208E+01    0.79380E-05
    0.90625E+01    0.78430E-05
    0.91043E+01    0.77491E-05
    0.91463E+01    0.76564E-05
    0.91885E+01    0.75648E-05
    0.92310E+01    0.74742E-05
    0.92736E+01    0.73847E-05
    0.93164E+01    0.72963E-05
    0.93594E+01    0.72089E-05
    0.94026E+01    0.71225E-05
    0.94460E+01    0.70372E-05
    0.94896E+01    0.69528E-05
    0.95334E+01    0.68695E-05
    0.95774E+01    0.67873E-05
    0.96216E+01    0.67058E-05
    0.96660E+01    0.66254E-05
    0.97106E+01    0.65460E-05
    0.97554E+01    0.64675E-05
    0.98005E+01    0.63899E-05
    0.98457E+01    0.63132E-05
    0.98911E+01    0.62375E-05
    0.99368E+01    0.61627E-05
    0.99827E+01    0.60887E-05
    0.10029E+02    0.60156E-05
    0.10075E+02    0.59434E-05
    0.10122E+02    0.58720E-05
    0.10168E+02    0.58015E-05
    0.10215E+02    0.57318E-05
    0.10262E+02    0.56630E-05
    0.10310E+02    0.55949E-05
    0.10357E+02    0.55277E-05
    0.10405E+02    0.54613E-05
    0.10453E+02    0.53957E-05
    0.10501E+02    0.53308E-05
    0.10550E+02    0.52667E-05
    0.10599E+02    0.52034E-05
    0.10647E+02    0.51409E-05
    0.10697E+02    0.50790E-05
    0.10746E+02    0.50179E-05
    0.10796E+02    0.49576E-05
    0.10845E+02    0.48979E-05
    0.10895E+02    0.48390E-05
    0.10946E+02    0.47808E-05
    0.10996E+02    0.47232E-05
    0.11047E+02    0.46664E-05
    0.11098E+02    0.46102E-05
    0.11149E+02    0.45547E-05
    0.11201E+02    0.45000E-05
    0.11252E+02    0.44458E-05
    0.11304E+02    0.43922E-05
    0.11357E+02    0.43393E-05
    0.11409E+02    0.42870E-05
    0.11462E+02    0.42354E-05
    0.11515E+02    0.41843E-05
    0.11568E+02    0.41339E-05
    0.11621E+02    0.40841E-05
    0.11675E+02    0.40348E-05
    0.11729E+02    0.39862E-05
    0.11783E+02    0.39381E-05
    0.11837E+02    0.38906E-05
    0.11892E+02    0.38437E-05
    0.11947E+02    0.37973E-05
    0.12002E+02    0.37515E-05
    0.12057E+02    0.37062E-05
    0.12113E+02    0.36615E-05
    0.12169E+02    0.36173E-05
    0.12225E+02    0.35736E-05
    0.12281E+02    0.35305E-05
    0.12338E+02    0.34878E-05
    0.12395E+02    0.34457E-05
    0.12452E+02    0.34041E-05
    0.12510E+02    0.33630E-05
    0.12567E+02    0.33223E-05
    0.12625E+02    0.32822E-05
    0.12684E+02    0.32425E-05
    0.12742E+02    0.32033E-05
    0.12801E+02    0.31646E-05
    0.12860E+02    0.31264E-05
    0.12920E+02    0.30885E-05
    0.12979E+02    0.30512E-05
    0.13039E+02    0.30143E-05
    0.13099E+02    0.29778E-05
    0.13160E+02    0.29418E-05
    0.13220E+02    0.29062E-05
    0.13281E+02    0.28710E-05
    0.13343E+02    0.28363E-05
    0.13404E+02    0.28019E-05
    0.13466E+02    0.27680E-05
    0.13528E+02    0.27345E-05
    0.13591E+02    0.27014E-05
    0.13654E+02    0.26687E-05
    0.13717E+02    0.26364E-05
    0.13780E+02    0.26044E-05
    0.13844E+02    0.25729E-05
    0.13907E+02    0.25417E-05
    0.13972E+02    0.25109E-05
    0.14036E+02    0.24805E-05
    0.14101E+02    0.24504E-05
    0.14166E+02    0.24207E-05
    0.14231E+02    0.23914E-05
    0.14297E+02    0.23624E-05
    0.14363E+02    0.23337E-05
    0.14429E+02    0.23054E-05
    0.14496E+02    0.22775E-05
    0.14563E+02    0.22499E-05
    0.14630E+02    0.22226E-05
    0.14698E+02    0.21956E-05
    0.14765E+02    0.21689E-05
    0.14834E+02    0.21426E-05
    0.14902E+02    0.21166E-05
    0.14971E+02    0.20909E-05
    0.15040E+02    0.20655E-05
    0.15109E+02    0.20404E-05
    0.15179E+02    0.20156E-05
    0.15249E+02    0.19911E-05
    0.15320E+02    0.19670E-05
    0.15390E+02    0.19431E-05
    0.15461E+02    0.19195E-05
    0.15533E+02    0.18961E-05
    0.15604E+02    0.18731E-05
    0.15676E+02    0.18503E-05
    0.15749E+02    0.18279E-05
    0.15821E+02    0.18056E-05
    0.15894E+02    0.17837E-05
    0.15968E+02    0.17620E-05
    0.16042E+02    0.17406E-05
    0.16116E+02    0.17194E-05
    0.16190E+02    0.16985E-05
    0.16265E+02    0.16778E-05
    0.16340E+02    0.16574E-05
    0.16415E+02    0.16372E-05
    0.16491E+02    0.16173E-05
    0.16567E+02    0.15976E-05
    0.16644E+02    0.15782E-05
    0.16720E+02    0.15590E-05
    0.16798E+02    0.15400E-05
    0.16875E+02    0.15212E-05
    0.16953E+02    0.15027E-05
    0.17031E+02    0.14844E-05
    0.17110E+02    0.14663E-05
    0.17189E+02    0.14484E-05
    0.17268E+02    0.14308E-05
    0.17348E+02    0.14134E-05
    0.17428E+02    0.13961E-05
    0.17508E+02    0.13791E-05
    0.17589E+02    0.13623E-05
    0.17670E+02    0.13457E-05
    0.17752E+02    0.13293E-05
    0.17834E+02    0.13131E-05
    0.17916E+02    0.12971E-05
    0.17999E+02    0.12813E-05
    0.18082E+02    0.12656E-05
    0.18165E+02    0.12502E-05
    0.18249E+02    0.12349E-05
    0.18334E+02    0.12199E-05
    0.18418E+02    0.12050E-05
    0.18503E+02    0.11903E-05
    0.18589E+02    0.11757E-05
    0.18674E+02    0.11615E-05
    0.18761E+02    0.11474E-05
    0.18847E+02    0.11334E-05
    0.18934E+02    0.11195E-05
    0.19022E+02    0.11058E-05
    0.19109E+02    0.10923E-05
    0.19198E+02    0.10790E-05
    0.19286E+02    0.10658E-05
    0.19375E+02    0.10528E-05
    0.19465E+02    0.10399E-05
    0.19555E+02    0.10272E-05
    0.19645E+02    0.10147E-05
    0.19735E+02    0.10023E-05
    0.19827E+02    0.99006E-06
    0.19918E+02    0.97795E-06
    0.20010E+02    0.96600E-06
    0.20102E+02    0.95416E-06
    0.20195E+02    0.94250E-06
    0.20288E+02    0.93097E-06
    0.20382E+02    0.91958E-06
    0.20476E+02    0.90833E-06
    0.20571E+02    0.89722E-06
    0.20666E+02    0.88624E-06
    0.20761E+02    0.87540E-06
    0.20857E+02    0.86469E-06
    0.20953E+02    0.85410E-06
    0.21050E+02    0.84365E-06
    0.21147E+02    0.83331E-06
    0.21245E+02    0.82311E-06
    0.21343E+02    0.81303E-06
    0.21441E+02    0.80307E-06
    0.21540E+02    0.79324E-06
    0.21639E+02    0.78352E-06
    0.21739E+02    0.77392E-06
    0.21840E+02    0.76444E-06
    0.21941E+02    0.75507E-06
    0.22042E+02    0.74582E-06
    0.22144E+02    0.73667E-06
    0.22246E+02    0.72764E-06
    0.22348E+02    0.71872E-06
    0.22452E+02    0.70990E-06
    0.22555E+02    0.70120E-06
    0.22659E+02    0.69261E-06
    0.22764E+02    0.68411E-06
    0.22869E+02    0.67571E-06
    0.22975E+02    0.66742E-06
    0.23081E+02    0.65923E-06
    0.23187E+02    0.65114E-06
    0.23294E+02    0.64315E-06
    0.23402E+02    0.63526E-06
    0.23510E+02    0.62746E-06
    0.23618E+02    0.61976E-06
    0.23727E+02    0.61215E-06
    0.23837E+02    0.60463E-06
    0.23947E+02    0.59721E-06
    0.24057E+02    0.58987E-06
    0.24168E+02    0.58263E-06
    0.24280E+02    0.57547E-06
    0.24392E+02    0.56841E-06
    0.24505E+02    0.56142E-06
    0.24618E+02    0.55453E-06
    0.24731E+02    0.54771E-06
    0.24845E+02    0.54098E-06
    0.24960E+02    0.53433E-06
    0.25075E+02    0.52777E-06
    0.25191E+02    0.52128E-06
    0.25307E+02    0.51487E-06
    0.25424E+02    0.50854E-06
    0.25542E+02    0.50229E-06
    0.25659E+02    0.49611E-06
    0.25778E+02    0.49001E-06
    0.25897E+02    0.48398E-06
    0.26016E+02    0.47803E-06
    0.26136E+02    0.47215E-06
    0.26257E+02    0.46634E-06
    0.26378E+02    0.46061E-06
    0.26500E+02    0.45494E-06
    0.26622E+02    0.44934E-06
    0.26745E+02    0.44381E-06
    0.26869E+02    0.43834E-06
    0.26993E+02    0.43295E-06
    0.27117E+02    0.42762E-06
    0.27242E+02    0.42235E-06
    0.27368E+02    0.41715E-06
    0.27495E+02    0.41201E-06
    0.27621E+02    0.40694E-06
    0.27749E+02    0.40193E-06
    0.27877E+02    0.39697E-06
    0.28006E+02    0.39208E-06
    0.28135E+02    0.38725E-06
    0.28265E+02    0.38248E-06
    0.28395E+02    0.37777E-06
    0.28526E+02    0.37311E-06
    0.28658E+02    0.36852E-06
    0.28790E+02    0.36397E-06
    0.28923E+02    0.35949E-06
    0.29057E+02    0.35505E-06
    0.29191E+02    0.35068E-06
    0.29326E+02    0.34635E-06
    0.29461E+02    0.34208E-06
    0.29597E+02    0.33786E-06
    0.29734E+02    0.33369E-06
    0.29871E+02    0.32958E-06
    0.30009E+02    0.32551E-06
    0.30147E+02    0.32149E-06
    0.30286E+02    0.31753E-06
    0.30426E+02    0.31360E-06
    0.30567E+02    0.30973E-06
    0.30708E+02    0.30591E-06
    0.30849E+02    0.30214E-06
    0.30992E+02    0.29841E-06
    0.31135E+02    0.29472E-06
    0.31279E+02    0.29108E-06
    0.31423E+02    0.28749E-06
    0.31568E+02    0.28394E-06
    0.31714E+02    0.28043E-06
    0.31860E+02    0.27697E-06
    0.32007E+02    0.27355E-06
    0.32155E+02    0.27016E-06
    0.32303E+02    0.26682E-06
    0.32452E+02    0.26352E-06
    0.32602E+02    0.26025E-06
    0.32753E+02    0.25704E-06
    0.32904E+02    0.25386E-06
    0.33056E+02    0.25072E-06
    0.33208E+02    0.24762E-06
    0.33362E+02    0.24456E-06
    0.33516E+02    0.24154E-06
    0.33670E+02    0.23855E-06
    0.33826E+02    0.23560E-06
    0.33982E+02    0.23269E-06
    0.34139E+02    0.22981E-06
    0.34296E+02    0.22696E-06
    0.34455E+02    0.22416E-06
    0.34614E+02    0.22138E-06
    0.34773E+02    0.21864E-06
    0.34934E+02    0.21594E-06
    0.35095E+02    0.21326E-06
    0.35257E+02    0.21062E-06
    0.35420E+02    0.20802E-06
    0.35583E+02    0.20544E-06
    0.35748E+02    0.20290E-06
    0.35913E+02    0.20038E-06
    0.36078E+02    0.19790E-06
    0.36245E+02    0.19545E-06
    0.36412E+02    0.19303E-06
    0.36580E+02    0.19064E-06
    0.36749E+02    0.18827E-06
    0.36919E+02    0.18594E-06
    0.37089E+02    0.18364E-06
    0.37260E+02    0.18136E-06
    0.37432E+02    0.17911E-06
    0.37605E+02    0.17690E-06
    0.37779E+02    0.17470E-06
    0.37953E+02    0.17254E-06
    0.38128E+02    0.17040E-06
    0.38304E+02    0.16828E-06
    0.38481E+02    0.16620E-06
    0.38659E+02    0.16414E-06
    0.38837E+02    0.16211E-06
    0.39016E+02    0.16010E-06
    0.39196E+02    0.15811E-06
    0.39377E+02    0.15615E-06
    0.39559E+02    0.15421E-06
    0.39742E+02    0.15230E-06
    0.39925E+02    0.15041E-06
    0.40109E+02    0.14854E-06
    0.40295E+02    0.14670E-06
    0.40481E+02    0.14488E-06
    0.40667E+02    0.14308E-06
    0.40855E+02    0.14130E-06
    0.41044E+02    0.13955E-06
    0.41233E+02    0.13782E-06
    0.41423E+02    0.13610E-06
    0.41615E+02    0.13441E-06
    0.41807E+02    0.13274E-06
    0.42000E+02    0.13110E-06
    0.42194E+02    0.12947E-06
    0.42388E+02    0.12786E-06
    0.42584E+02    0.12627E-06
    0.42781E+02    0.12470E-06
    0.42978E+02    0.12315E-06
    0.43176E+02    0.12162E-06
    0.43376E+02    0.12011E-06
    0.43576E+02    0.11862E-06
    0.43777E+02    0.11714E-06
    0.43979E+02    0.11568E-06
    0.44182E+02    0.11425E-06
    0.44386E+02    0.11283E-06
    0.44591E+02    0.11142E-06
    0.44797E+02    0.11004E-06
    0.45004E+02    0.10867E-06
    0.45211E+02    0.10732E-06
    0.45420E+02    0.10598E-06
    0.45630E+02    0.10466E-06
    0.45840E+02    0.10336E-06
    0.46052E+02    0.10207E-06
    0.46264E+02    0.10080E-06
    0.46478E+02    0.99551E-07
    0.46692E+02    0.98313E-07
    0.46908E+02    0.97088E-07
    0.47125E+02    0.95881E-07
    0.47342E+02    0.94685E-07
    0.47561E+02    0.93508E-07
    0.47780E+02    0.92343E-07
    0.48001E+02    0.91191E-07
    0.48222E+02    0.90055E-07
    0.48445E+02    0.88934E-07
    0.48668E+02    0.87829E-07
    0.48893E+02    0.86733E-07
    0.49119E+02    0.85653E-07
    0.49345E+02    0.84585E-07
    0.49573E+02    0.83534E-07
    0.49802E+02    0.82492E-07
    0.50032E+02    0.81465E-07
    0.50263E+02    0.80449E-07
    0.50495E+02    0.79445E-07
    0.50728E+02    0.78457E-07
    0.50962E+02    0.77478E-07
    0.51197E+02    0.76512E-07
    0.51434E+02    0.75561E-07
    0.51671E+02    0.74613E-07
    0.51909E+02    0.73683E-07
    0.52149E+02    0.72765E-07
    0.52390E+02    0.71856E-07
    0.52632E+02    0.70962E-07
    0.52875E+02    0.70078E-07
    0.53119E+02    0.69203E-07
    0.53364E+02    0.68338E-07
    0.53610E+02    0.67488E-07
    0.53858E+02    0.66641E-07
    0.54106E+02    0.65810E-07
    0.54356E+02    0.64989E-07
    0.54607E+02    0.64178E-07
    0.54859E+02    0.63380E-07
    0.55112E+02    0.62589E-07
    0.55366E+02    0.61808E-07
    0.55622E+02    0.61036E-07
    0.55879E+02    0.60274E-07
    0.56137E+02    0.59521E-07
    0.56396E+02    0.58778E-07
    0.56656E+02    0.58045E-07
    0.56918E+02    0.57319E-07
    0.57180E+02    0.56603E-07
    0.57444E+02    0.55896E-07
    0.57709E+02    0.55197E-07
    0.57976E+02    0.54508E-07
    0.58243E+02    0.53828E-07
    0.58512E+02    0.53155E-07
    0.58782E+02    0.52491E-07
    0.59054E+02    0.51835E-07
    0.59326E+02    0.51187E-07
    0.59600E+02    0.50547E-07
    0.59875E+02    0.49915E-07
    0.60152E+02    0.49291E-07
    0.60429E+02    0.48674E-07
    0.60708E+02    0.48066E-07
    0.60988E+02    0.47464E-07
    0.61270E+02    0.46871E-07
    0.61553E+02    0.46285E-07
    0.61837E+02    0.45706E-07
    0.62122E+02    0.45135E-07
    0.62409E+02    0.44570E-07
    0.62697E+02    0.44013E-07
    0.62986E+02    0.43462E-07
    0.63277E+02    0.42917E-07
    0.63569E+02    0.42379E-07
    0.63863E+02    0.41849E-07
    0.64157E+02    0.41325E-07
    0.64454E+02    0.40807E-07
    0.64751E+02    0.40298E-07
    0.65050E+02    0.39793E-07
    0.65350E+02    0.39295E-07
    0.65652E+02    0.38804E-07
    0.65955E+02    0.38316E-07
    0.66259E+02    0.37835E-07
    0.66565E+02    0.37361E-07
    0.66872E+02    0.36893E-07
    0.67181E+02    0.36431E-07
    0.67491E+02    0.35975E-07
    0.67803E+02    0.35524E-07
    0.68116E+02    0.35078E-07
    0.68430E+02    0.34638E-07
    0.68746E+02    0.34204E-07
    0.69063E+02    0.33776E-07
    0.69382E+02    0.33352E-07
    0.69702E+02    0.32934E-07
    0.70024E+02    0.32524E-07
    0.70347E+02    0.32116E-07
    0.70672E+02    0.31713E-07
    0.70998E+02    0.31315E-07
    0.71326E+02    0.30923E-07
    0.71655E+02    0.30535E-07
    0.71986E+02    0.30152E-07
    0.72318E+02    0.29774E-07
    0.72652E+02    0.29400E-07
    0.72987E+02    0.29031E-07
    0.73324E+02    0.28667E-07
    0.73663E+02    0.28307E-07
    0.74003E+02    0.27952E-07
    0.74344E+02    0.27602E-07
    0.74687E+02    0.27255E-07
    0.75032E+02    0.26913E-07
    0.75378E+02    0.26575E-07
    0.75726E+02    0.26242E-07
    0.76076E+02    0.25913E-07
    0.76427E+02    0.25587E-07
    0.76780E+02    0.25265E-07
    0.77134E+02    0.24948E-07
    0.77490E+02    0.24636E-07
    0.77848E+02    0.24326E-07
    0.78207E+02    0.24021E-07
    0.78568E+02    0.23719E-07
    0.78931E+02    0.23421E-07
    0.79295E+02    0.23126E-07
    0.79661E+02    0.22837E-07
    0.80029E+02    0.22550E-07
    0.80398E+02    0.22266E-07
    0.80769E+02    0.21987E-07
    0.81142E+02    0.21710E-07
    0.81517E+02    0.21437E-07
    0.81893E+02    0.21168E-07
    0.82271E+02    0.20902E-07
    0.82651E+02    0.20639E-07
    0.83032E+02    0.20380E-07
    0.83416E+02    0.20123E-07
    0.83801E+02    0.19870E-07
    0.84187E+02    0.19621E-07
    0.84576E+02    0.19374E-07
    0.84966E+02    0.19130E-07
    0.85358E+02    0.18890E-07
    0.85752E+02    0.18652E-07
    0.86148E+02    0.18418E-07
    0.86546E+02    0.18186E-07
    0.86945E+02    0.17957E-07
    0.87347E+02    0.17732E-07
    0.87750E+02    0.17508E-07
    0.88155E+02    0.17288E-07
    0.88562E+02    0.17070E-07
    0.88971E+02    0.16856E-07
    0.89381E+02    0.16643E-07
    0.89794E+02    0.16432E-07
    0.90208E+02    0.16225E-07
    0.90625E+02    0.16021E-07
    0.91043E+02    0.15819E-07
    0.91463E+02    0.15620E-07
    0.91885E+02    0.15423E-07
    0.92310E+02    0.15229E-07
    0.92736E+02    0.15037E-07
    0.93164E+02    0.14848E-07
    0.93594E+02    0.14662E-07
    0.94026E+02    0.14477E-07
    0.94460E+02    0.14295E-07
    0.94896E+02    0.14115E-07
    0.95334E+02    0.13937E-07
    0.95774E+02    0.13761E-07
    0.96216E+02    0.13588E-07
    0.96660E+02    0.13417E-07
    0.97106E+02    0.13247E-07
    0.97554E+02    0.13080E-07
    0.98005E+02    0.12916E-07
    0.98457E+02    0.12753E-07
    0.98911E+02    0.12592E-07
    0.99368E+02    0.12433E-07
    0.99827E+02    0.12276E-07
    0.10029E+03    0.12122E-07
    0.10075E+03    0.11969E-07
    0.10122E+03    0.11818E-07
    0.10168E+03    0.11668E-07
    0.10215E+03    0.11521E-07
    0.10262E+03    0.11376E-07
    0.10310E+03    0.11232E-07
    0.10357E+03    0.11090E-07
    0.10405E+03    0.10950E-07
    0.10453E+03    0.10812E-07
    0.10501E+03    0.10676E-07
    0.10550E+03    0.10541E-07
    0.10599E+03    0.10408E-07
    0.10647E+03    0.10276E-07
    0.10697E+03    0.10147E-07
    0.10746E+03    0.10019E-07
    0.10796E+03    0.98926E-08
    0.10845E+03    0.97677E-08
    0.10895E+03    0.96444E-08
    0.10946E+03    0.95225E-08
    0.10996E+03    0.94022E-08
    0.11047E+03    0.92837E-08
    0.11098E+03    0.91664E-08
    0.11149E+03    0.90506E-08
    0.11201E+03    0.89363E-08
    0.11252E+03    0.88233E-08
    0.11304E+03    0.87118E-08
    0.11357E+03    0.86017E-08
    0.11409E+03    0.84930E-08
    0.11462E+03    0.83858E-08
    0.11515E+03    0.82798E-08
    0.11568E+03    0.81750E-08
    0.11621E+03    0.80717E-08
    0.11675E+03    0.79697E-08
    0.11729E+03    0.78688E-08
    0.11783E+03    0.77695E-08
    0.11837E+03    0.76710E-08
    0.11892E+03    0.75740E-08
    0.11947E+03    0.74792E-08
    0.12002E+03    0.73846E-08
    0.12057E+03    0.72912E-08
    0.12113E+03    0.71990E-08
    0.12169E+03    0.71079E-08
    0.12225E+03    0.70179E-08
    0.12281E+03    0.69291E-08
    0.12338E+03    0.68414E-08
    0.12395E+03    0.67548E-08
    0.12452E+03    0.66693E-08
    0.12510E+03    0.65848E-08
    0.12567E+03    0.65015E-08
    0.12625E+03    0.64192E-08
    0.12684E+03    0.63379E-08
    0.12742E+03    0.62577E-08
    0.12801E+03    0.61784E-08
    0.12860E+03    0.61002E-08
    0.12920E+03    0.60229E-08
    0.12979E+03    0.59460E-08
    0.13039E+03    0.58706E-08
    0.13099E+03    0.57963E-08
    0.13160E+03    0.57228E-08
    0.13220E+03    0.56503E-08
    0.13281E+03    0.55787E-08
    0.13343E+03    0.55080E-08
    0.13404E+03    0.54382E-08
    0.13466E+03    0.53693E-08
    0.13528E+03    0.53012E-08
    0.13591E+03    0.52340E-08
    0.13654E+03    0.51677E-08
    0.13717E+03    0.51022E-08
    0.13780E+03    0.50375E-08
    0.13844E+03    0.49736E-08
    0.13907E+03    0.49105E-08
    0.13972E+03    0.48482E-08
    0.14036E+03    0.47867E-08
    0.14101E+03    0.47260E-08
    0.14166E+03    0.46660E-08
    0.14231E+03    0.46068E-08
    0.14297E+03    0.45484E-08
    0.14363E+03    0.44907E-08
    0.14429E+03    0.44337E-08
    0.14496E+03    0.43774E-08
    0.14563E+03    0.43219E-08
    0.14630E+03    0.42671E-08
    0.14698E+03    0.42128E-08
    0.14765E+03    0.41593E-08
    0.14834E+03    0.41065E-08
    0.14902E+03    0.40544E-08
    0.14971E+03    0.40029E-08
    0.15040E+03    0.39521E-08
    0.15109E+03    0.39019E-08
    0.15179E+03    0.38523E-08
    0.15249E+03    0.38034E-08
    0.15320E+03    0.37551E-08
    0.15390E+03    0.37074E-08
    0.15461E+03    0.36603E-08
    0.15533E+03    0.36137E-08
    0.15604E+03    0.35678E-08
    0.15676E+03    0.35224E-08
    0.15749E+03    0.34777E-08
    0.15821E+03    0.34335E-08
    0.15894E+03    0.33899E-08
    0.15968E+03    0.33468E-08
    0.16042E+03    0.33042E-08
    0.16116E+03    0.32622E-08
    0.16190E+03    0.32207E-08
    0.16265E+03    0.31797E-08
    0.16340E+03    0.31393E-08
    0.16415E+03    0.30994E-08
    0.16491E+03    0.30599E-08
    0.16567E+03    0.30207E-08
    0.16644E+03    0.29823E-08
    0.16720E+03    0.29443E-08
    0.16798E+03    0.29069E-08
    0.16875E+03    0.28700E-08
    0.16953E+03    0.28336E-08
    0.17031E+03    0.27972E-08
    0.17110E+03    0.27616E-08
    0.17189E+03    0.27264E-08
    0.17268E+03    0.26917E-08
    0.17348E+03    0.26574E-08
    0.17428E+03    0.26235E-08
    0.17508E+03    0.25901E-08
    0.17589E+03    0.25571E-08
    0.17670E+03    0.25246E-08
    0.17752E+03    0.24924E-08
    0.17834E+03    0.24607E-08
    0.17916E+03    0.24297E-08
    0.17999E+03    0.23986E-08
    0.18082E+03    0.23681E-08
    0.18165E+03    0.23380E-08
    0.18249E+03    0.23079E-08
    0.18334E+03    0.22785E-08
    0.18418E+03    0.22495E-08
    0.18503E+03    0.22208E-08
    0.18589E+03    0.21923E-08
    0.18674E+03    0.21643E-08
    0.18761E+03    0.21368E-08
    0.18847E+03    0.21095E-08
    0.18934E+03    0.20832E-08
    0.19022E+03    0.20566E-08
    0.19109E+03    0.20298E-08
    0.19198E+03    0.20039E-08
    0.19286E+03    0.19783E-08
    0.19375E+03    0.19530E-08
    0.19465E+03    0.19281E-08
    0.19555E+03    0.19035E-08
    0.19645E+03    0.18792E-08
    0.19735E+03    0.18552E-08
    0.19827E+03    0.18315E-08
    0.19918E+03    0.18081E-08
    0.20010E+03    0.17850E-08
    0.20102E+03    0.17622E-08
    0.20195E+03    0.17398E-08
    0.20288E+03    0.17175E-08
    0.20382E+03    0.16956E-08
    0.20476E+03    0.16739E-08
    0.20571E+03    0.16525E-08
    0.20666E+03    0.16314E-08
    0.20761E+03    0.16106E-08
    0.20857E+03    0.15900E-08
    0.20953E+03    0.15697E-08
    0.21050E+03    0.15496E-08
    0.21147E+03    0.15298E-08
    0.21245E+03    0.15102E-08
    0.21343E+03    0.14909E-08
    0.21441E+03    0.14720E-08
    0.21540E+03    0.14532E-08
    0.21639E+03    0.14346E-08
    0.21739E+03    0.14162E-08
    0.21840E+03    0.13981E-08
    0.21941E+03    0.13802E-08
    0.22042E+03    0.13625E-08
    0.22144E+03    0.13451E-08
    0.22246E+03    0.13279E-08
    0.22348E+03    0.13109E-08
    0.22452E+03    0.12941E-08
    0.22555E+03    0.12775E-08
    0.22659E+03    0.12612E-08
    0.22764E+03    0.12450E-08
    0.22869E+03    0.12291E-08
    0.22975E+03    0.12133E-08
    0.23081E+03    0.11977E-08
    0.23187E+03    0.11824E-08
    0.23294E+03    0.11672E-08
    0.23402E+03    0.11523E-08
    0.23510E+03    0.11375E-08
    0.23618E+03    0.11229E-08
    0.23727E+03    0.11086E-08
    0.23837E+03    0.10943E-08
    0.23947E+03    0.10803E-08
    0.24057E+03    0.10664E-08
    0.24168E+03    0.10527E-08
    0.24280E+03    0.10392E-08
    0.24392E+03    0.10259E-08
    0.24505E+03    0.10127E-08
    0.24618E+03    0.99974E-09
    0.24731E+03    0.98700E-09
    0.24845E+03    0.97434E-09
    0.24960E+03    0.96184E-09
    0.25075E+03    0.94949E-09
    0.25191E+03    0.93731E-09
    0.25307E+03    0.92528E-09
    0.25424E+03    0.91340E-09
    0.25542E+03    0.90167E-09
    0.25659E+03    0.89008E-09
    0.25778E+03    0.87865E-09
    0.25897E+03    0.86736E-09
    0.26016E+03    0.85622E-09
    0.26136E+03    0.84521E-09
    0.26257E+03    0.83435E-09
    0.26378E+03    0.82363E-09
    0.26500E+03    0.81304E-09
    0.26622E+03    0.80252E-09
    0.26745E+03    0.79220E-09
    0.26869E+03    0.78201E-09
    0.26993E+03    0.77195E-09
    0.27117E+03    0.76202E-09
    0.27242E+03    0.75221E-09
    0.27368E+03    0.74254E-09
    0.27495E+03    0.73299E-09
    0.27621E+03    0.72356E-09
    0.27749E+03    0.71425E-09
    0.27877E+03    0.70506E-09
    0.28006E+03    0.69599E-09
    0.28135E+03    0.68702E-09
    0.28265E+03    0.67818E-09
    0.28395E+03    0.66944E-09
    0.28526E+03    0.66082E-09
    0.28658E+03    0.65231E-09
    0.28790E+03    0.64390E-09
    0.28923E+03    0.63561E-09
    0.29057E+03    0.62742E-09
    0.29191E+03    0.61933E-09
    0.29326E+03    0.61135E-09
    0.29461E+03    0.60346E-09
    0.29597E+03    0.59568E-09
    0.29734E+03    0.58799E-09
    0.29871E+03    0.58041E-09
    0.30009E+03    0.57292E-09
    0.30147E+03    0.56553E-09
    0.30286E+03    0.55823E-09
    0.30426E+03    0.55103E-09
    0.30567E+03    0.54392E-09
    0.30708E+03    0.53690E-09
    0.30849E+03    0.52996E-09
    0.30992E+03    0.52311E-09
    0.31135E+03    0.51636E-09
    0.31279E+03    0.50968E-09
    0.31423E+03    0.50310E-09
    0.31568E+03    0.49660E-09
    0.31714E+03    0.49018E-09
    0.31860E+03    0.48385E-09
    0.32007E+03    0.47760E-09
    0.32155E+03    0.47142E-09
    0.32303E+03    0.46533E-09
    0.32452E+03    0.45931E-09
    0.32602E+03    0.45337E-09
    0.32753E+03    0.44750E-09
    0.32904E+03    0.44171E-09
    0.33056E+03    0.43600E-09
    0.33208E+03    0.43035E-09
    0.33362E+03    0.42479E-09
    0.33516E+03    0.41929E-09
    0.33670E+03    0.41387E-09
    0.33826E+03    0.40851E-09
    0.33982E+03    0.40321E-09
    0.34139E+03    0.39799E-09
    0.34296E+03    0.39284E-09
    0.34455E+03    0.38775E-09
    0.34614E+03    0.38272E-09
    0.34773E+03    0.37776E-09
    0.34934E+03    0.37291E-09
    0.35095E+03    0.36808E-09
    0.35257E+03    0.36331E-09
    0.35420E+03    0.35860E-09
    0.35583E+03    0.35395E-09
    0.35748E+03    0.34935E-09
    0.35913E+03    0.34482E-09
    0.36078E+03    0.34034E-09
    0.36245E+03    0.33592E-09
    0.36412E+03    0.33157E-09
    0.36580E+03    0.32726E-09
    0.36749E+03    0.32302E-09
    0.36919E+03    0.31882E-09
    0.37089E+03    0.31468E-09
    0.37260E+03    0.31060E-09
    0.37432E+03    0.30656E-09
    0.37605E+03    0.30257E-09
    0.37779E+03    0.29864E-09
    0.37953E+03    0.29476E-09
    0.38128E+03    0.29093E-09
    0.38304E+03    0.28715E-09
    0.38481E+03    0.28341E-09
    0.38659E+03    0.27973E-09
    0.38837E+03    0.27609E-09
    0.39016E+03    0.27249E-09
    0.39196E+03    0.26895E-09
    0.39377E+03    0.26545E-09
    0.39559E+03    0.26199E-09
    0.39742E+03    0.25858E-09
    0.39925E+03    0.25521E-09
    0.40109E+03    0.25189E-09
    0.40295E+03    0.24861E-09
    0.40481E+03    0.24537E-09
    0.40667E+03    0.24217E-09
    0.40855E+03    0.23901E-09
    0.41044E+03    0.23590E-09
    0.41233E+03    0.23283E-09
    0.41423E+03    0.22979E-09
    0.41615E+03    0.22680E-09
    0.41807E+03    0.22384E-09
    0.42000E+03    0.22092E-09
    0.42194E+03    0.21803E-09
    0.42388E+03    0.21518E-09
    0.42584E+03    0.21236E-09
    0.42781E+03    0.20959E-09
    0.42978E+03    0.20685E-09
    0.43176E+03    0.20415E-09
    0.43376E+03    0.20148E-09
    0.43576E+03    0.19885E-09
    0.43777E+03    0.19625E-09
    0.43979E+03    0.19368E-09
    0.44182E+03    0.19115E-09
    0.44386E+03    0.18865E-09
    0.44591E+03    0.18618E-09
    0.44797E+03    0.18375E-09
    0.45004E+03    0.18134E-09
    0.45211E+03    0.17897E-09
    0.45420E+03    0.17663E-09
    0.45630E+03    0.17432E-09
    0.45840E+03    0.17203E-09
    0.46052E+03    0.16973E-09
    0.46264E+03    0.16750E-09
    0.46478E+03    0.16531E-09
    0.46692E+03    0.16314E-09
    0.46908E+03    0.16101E-09
    0.47125E+03    0.15890E-09
    0.47342E+03    0.15681E-09
    0.47561E+03    0.15475E-09
    0.47780E+03    0.15271E-09
    0.48001E+03    0.15070E-09
    0.48222E+03    0.14873E-09
    0.48445E+03    0.14678E-09
    0.48668E+03    0.14485E-09
    0.48893E+03    0.14295E-09
    0.49119E+03    0.14107E-09
    0.49345E+03    0.13922E-09
    0.49573E+03    0.13739E-09
    0.49802E+03    0.13558E-09
    0.50032E+03    0.13380E-09
    0.50263E+03    0.13204E-09
    0.50495E+03    0.13030E-09
    0.50728E+03    0.12859E-09
    0.50962E+03    0.12690E-09
    0.51197E+03    0.12522E-09
    0.51434E+03    0.12357E-09
    0.51671E+03    0.12194E-09
    0.51909E+03    0.12034E-09
    0.52149E+03    0.11875E-09
    0.52390E+03    0.11719E-09
    0.52632E+03    0.11565E-09
    0.52875E+03    0.11412E-09
    0.53119E+03    0.11262E-09
    0.53364E+03    0.11113E-09
    0.53610E+03    0.10967E-09
    0.53858E+03    0.10822E-09
    0.54106E+03    0.10679E-09
    0.54356E+03    0.10538E-09
    0.54607E+03    0.10399E-09
    0.54859E+03    0.10262E-09
    0.55112E+03    0.10126E-09
    0.55366E+03    0.99923E-10
    0.55622E+03    0.98601E-10
    0.55879E+03    0.97298E-10
    0.56137E+03    0.96013E-10
    0.56396E+03    0.94744E-10
    0.56656E+03    0.93491E-10
    0.56918E+03    0.92253E-10
    0.57180E+03    0.91032E-10
    0.57444E+03    0.89826E-10
    0.57709E+03    0.88640E-10
    0.57976E+03    0.87469E-10
    0.58243E+03    0.86310E-10
    0.58512E+03    0.85168E-10
    0.58782E+03    0.84040E-10
    0.59054E+03    0.82925E-10
    0.59326E+03    0.81825E-10
    0.59600E+03    0.80739E-10
    0.59875E+03    0.79668E-10
    0.60152E+03    0.78611E-10
    0.60429E+03    0.77569E-10
    0.60708E+03    0.76539E-10
    0.60988E+03    0.75522E-10
    0.61270E+03    0.74519E-10
    0.61553E+03    0.73528E-10
    0.61837E+03    0.72552E-10
    0.62122E+03    0.71590E-10
    0.62409E+03    0.70638E-10
    0.62697E+03    0.69699E-10
    0.62986E+03    0.68773E-10
    0.63277E+03    0.67857E-10
    0.63569E+03    0.66953E-10
    0.63863E+03    0.66062E-10
    0.64157E+03    0.65183E-10
    0.64454E+03    0.64315E-10
    0.64751E+03    0.63459E-10
    0.65050E+03    0.62613E-10
    0.65350E+03    0.61779E-10
    0.65652E+03    0.60956E-10
    0.65955E+03    0.60159E-10
    0.66259E+03    0.59359E-10
    0.66565E+03    0.58568E-10
    0.66872E+03    0.57786E-10
    0.67181E+03    0.57018E-10
    0.67491E+03    0.56258E-10
    0.67803E+03    0.55506E-10
    0.68116E+03    0.54764E-10
    0.68430E+03    0.54033E-10
    0.68746E+03    0.53311E-10
    0.69063E+03    0.52599E-10
    0.69382E+03    0.51895E-10
    0.69702E+03    0.51201E-10
    0.70024E+03    0.50517E-10
    0.70347E+03    0.49843E-10
    0.70672E+03    0.49175E-10
    0.70998E+03    0.48518E-10
    0.71326E+03    0.47869E-10
    0.71655E+03    0.47229E-10
    0.71986E+03    0.46598E-10
    0.72318E+03    0.45973E-10
    0.72652E+03    0.45358E-10
    0.72987E+03    0.44751E-10
    0.73324E+03    0.44151E-10
    0.73663E+03    0.43560E-10
    0.74003E+03    0.42974E-10
    0.74344E+03    0.42397E-10
    0.74687E+03    0.41828E-10
    0.75032E+03    0.41269E-10
    0.75378E+03    0.40715E-10
    0.75726E+03    0.40170E-10
    0.76076E+03    0.39634E-10
    0.76427E+03    0.39102E-10
    0.76780E+03    0.38577E-10
    0.77134E+03    0.38060E-10
    0.77490E+03    0.37549E-10
    0.77848E+03    0.37045E-10
    0.78207E+03    0.36547E-10
    0.78568E+03    0.36055E-10
    0.78931E+03    0.35570E-10
    0.79295E+03    0.35091E-10
    0.79661E+03    0.34620E-10
    0.80029E+03    0.34154E-10
    0.80398E+03    0.33696E-10
    0.80769E+03    0.33242E-10
    0.81142E+03    0.32795E-10
    0.81517E+03    0.32353E-10
    0.81893E+03    0.31918E-10
    0.82271E+03    0.31488E-10
    0.82651E+03    0.31064E-10
    0.83032E+03    0.30646E-10
    0.83416E+03    0.30233E-10
    0.83801E+03    0.29825E-10
    0.84187E+03    0.29423E-10
    0.84576E+03    0.29027E-10
    0.84966E+03    0.28636E-10
    0.85358E+03    0.28250E-10
    0.85752E+03    0.27869E-10
    0.86148E+03    0.27494E-10
    0.86546E+03    0.27123E-10
    0.86945E+03    0.26758E-10
    0.87347E+03    0.26397E-10
    0.87750E+03    0.26041E-10
    0.88155E+03    0.25689E-10
    0.88562E+03    0.25343E-10
    0.88971E+03    0.25001E-10
    0.89381E+03    0.24663E-10
    0.89794E+03    0.24330E-10
    0.90208E+03    0.24003E-10
    0.90625E+03    0.23677E-10
    0.91043E+03    0.23358E-10
    0.91463E+03    0.23043E-10
    0.91885E+03    0.22731E-10
    0.92310E+03    0.22424E-10
    0.92736E+03    0.22117E-10
    0.93164E+03    0.21818E-10
    0.93594E+03    0.21523E-10
    0.94026E+03    0.21233E-10
    0.94460E+03    0.20946E-10
    0.94896E+03    0.20663E-10
    0.95334E+03    0.20384E-10
    0.95774E+03    0.20108E-10
    0.96216E+03    0.19836E-10
    0.96660E+03    0.19568E-10
    0.97106E+03    0.19304E-10
    0.97554E+03    0.19043E-10
    0.98005E+03    0.18786E-10
    0.98457E+03    0.18532E-10
    0.98911E+03    0.18282E-10
    0.99368E+03    0.18035E-10
    0.99827E+03    0.17791E-10
    0.10029E+04    0.17550E-10
    0.10075E+04    0.17313E-10
    0.10122E+04    0.17081E-10
    0.10168E+04    0.16850E-10
    0.10215E+04    0.16622E-10
    0.10262E+04    0.16398E-10
    0.10310E+04    0.16176E-10
    0.10357E+04    0.15957E-10
    0.10405E+04    0.15741E-10
    0.10453E+04    0.15528E-10
    0.10501E+04    0.15318E-10
    0.10550E+04    0.15111E-10
    0.10599E+04    0.14907E-10
    0.10647E+04    0.14704E-10
    0.10697E+04    0.14506E-10
    0.10746E+04    0.14310E-10
    0.10796E+04    0.14117E-10
    0.10845E+04    0.13926E-10
    0.10895E+04    0.13738E-10
    0.10946E+04    0.13552E-10
    0.10996E+04    0.13369E-10
    0.11047E+04    0.13189E-10
    0.11098E+04    0.13011E-10
    0.11149E+04    0.12835E-10
    0.11201E+04    0.12661E-10
    0.11252E+04    0.12489E-10
    0.11304E+04    0.12319E-10
    0.11357E+04    0.12153E-10
    0.11409E+04    0.11989E-10
    0.11462E+04    0.11827E-10
    0.11515E+04    0.11667E-10
    0.11568E+04    0.11510E-10
    0.11621E+04    0.11355E-10
    0.11675E+04    0.11201E-10
    0.11729E+04    0.11050E-10
    0.11783E+04    0.10901E-10
    0.11837E+04    0.10754E-10
    0.11892E+04    0.10609E-10
    0.11947E+04    0.10467E-10
    0.12002E+04    0.10325E-10
    0.12057E+04    0.10186E-10
    0.12113E+04    0.10049E-10
    0.12169E+04    0.99139E-11
    0.12225E+04    0.97803E-11
    0.12281E+04    0.96488E-11
    0.12338E+04    0.95189E-11
    0.12395E+04    0.93908E-11
    0.12452E+04    0.92645E-11
    0.12510E+04    0.91399E-11
    0.12567E+04    0.90175E-11
    0.12625E+04    0.88963E-11
    0.12684E+04    0.87767E-11
    0.12742E+04    0.86588E-11
    0.12801E+04    0.85422E-11
    0.12860E+04    0.84257E-11
    0.12920E+04    0.83122E-11
    0.12979E+04    0.82011E-11
    0.13039E+04    0.80908E-11
    0.13099E+04    0.79819E-11
    0.13160E+04    0.78749E-11
    0.13220E+04    0.77693E-11
    0.13281E+04    0.76651E-11
    0.13343E+04    0.75621E-11
    0.13404E+04    0.74608E-11
    0.13466E+04    0.73609E-11
    0.13528E+04    0.72630E-11
    0.13591E+04    0.71658E-11
    0.13654E+04    0.70698E-11
    0.13717E+04    0.69752E-11
    0.13780E+04    0.68825E-11
    0.13844E+04    0.67908E-11
    0.13907E+04    0.67000E-11
    0.13972E+04    0.66105E-11
    0.14036E+04    0.65222E-11
    0.14101E+04    0.64351E-11
    0.14166E+04    0.63488E-11
    0.14231E+04    0.62642E-11
    0.14297E+04    0.61807E-11
    0.14363E+04    0.60982E-11
    0.14429E+04    0.60171E-11
    0.14496E+04    0.59369E-11
    0.14563E+04    0.58578E-11
    0.14630E+04    0.57799E-11
    0.14698E+04    0.57027E-11
    0.14765E+04    0.56263E-11
    0.14834E+04    0.55513E-11
    0.14902E+04    0.54775E-11
    0.14971E+04    0.54048E-11
    0.15040E+04    0.53332E-11
    0.15109E+04    0.52624E-11
    0.15179E+04    0.51915E-11
    0.15249E+04    0.51226E-11
    0.15320E+04    0.50547E-11
    0.15390E+04    0.49879E-11
    0.15461E+04    0.49218E-11
    0.15533E+04    0.48566E-11
    0.15604E+04    0.47923E-11
    0.15676E+04    0.47289E-11
    0.15749E+04    0.46663E-11
    0.15821E+04    0.46045E-11
    0.15894E+04    0.45434E-11
    0.15968E+04    0.44833E-11
    0.16042E+04    0.44241E-11
    0.16116E+04    0.43657E-11
    0.16190E+04    0.43080E-11
    0.16265E+04    0.42511E-11
    0.16340E+04    0.41950E-11
    0.16415E+04    0.41397E-11
    0.16491E+04    0.40853E-11
    0.16567E+04    0.40313E-11
    0.16644E+04    0.39781E-11
    0.16720E+04    0.39256E-11
    0.16798E+04    0.38739E-11
    0.16875E+04    0.38229E-11
    0.16953E+04    0.37726E-11
    0.17031E+04    0.37229E-11
    0.17110E+04    0.36739E-11
    0.17189E+04    0.36256E-11
    0.17268E+04    0.35779E-11
    0.17348E+04    0.35309E-11
    0.17428E+04    0.34845E-11
    0.17508E+04    0.34398E-11
    0.17589E+04    0.33946E-11
    0.17670E+04    0.33500E-11
    0.17752E+04    0.33060E-11
    0.17834E+04    0.32626E-11
    0.17916E+04    0.32198E-11
    0.17999E+04    0.31776E-11
    0.18082E+04    0.31361E-11
    0.18165E+04    0.30950E-11
    0.18249E+04    0.30545E-11
    0.18334E+04    0.30144E-11
    0.18418E+04    0.29749E-11
    0.18503E+04    0.29359E-11
    0.18589E+04    0.28975E-11
    0.18674E+04    0.28595E-11
    0.18761E+04    0.28221E-11
    0.18847E+04    0.27851E-11
    0.18934E+04    0.27486E-11
    0.19022E+04    0.27127E-11
    0.19109E+04    0.26772E-11
    0.19198E+04    0.26423E-11
    0.19286E+04    0.26077E-11
    0.19375E+04    0.25736E-11
    0.19465E+04    0.25399E-11
    0.19555E+04    0.25066E-11
    0.19645E+04    0.24738E-11
    0.19735E+04    0.24414E-11
    0.19827E+04    0.24095E-11
    0.19918E+04    0.23779E-11
    0.20010E+04    0.23468E-11
    0.20102E+04    0.23161E-11
    0.20195E+04    0.22858E-11
    0.20288E+04    0.22559E-11
    0.20382E+04    0.22264E-11
    0.20476E+04    0.21972E-11
    0.20571E+04    0.21685E-11
    0.20666E+04    0.21401E-11
    0.20761E+04    0.21121E-11
    0.20857E+04    0.20845E-11
    0.20953E+04    0.20570E-11
    0.21050E+04    0.20301E-11
    0.21147E+04    0.20035E-11
    0.21245E+04    0.19773E-11
    0.21343E+04    0.19514E-11
    0.21441E+04    0.19258E-11
    0.21540E+04    0.19006E-11
    0.21639E+04    0.18756E-11
    0.21739E+04    0.18510E-11
    0.21840E+04    0.18268E-11
    0.21941E+04    0.18028E-11
    0.22042E+04    0.17792E-11
    0.22144E+04    0.17559E-11
    0.22246E+04    0.17329E-11
    0.22348E+04    0.17102E-11
    0.22452E+04    0.16879E-11
    0.22555E+04    0.16657E-11
    0.22659E+04    0.16438E-11
    0.22764E+04    0.16222E-11
    0.22869E+04    0.16010E-11
    0.22975E+04    0.15800E-11
    0.23081E+04    0.15591E-11
    0.23187E+04    0.15386E-11
    0.23294E+04    0.15184E-11
    0.23402E+04    0.14984E-11
    0.23510E+04    0.14788E-11
    0.23618E+04    0.14593E-11
    0.23727E+04    0.14402E-11
    0.23837E+04    0.14215E-11
    0.23947E+04    0.14028E-11
    0.24057E+04    0.13843E-11
    0.24168E+04    0.13663E-11
    0.24280E+04    0.13484E-11
    0.24392E+04    0.13307E-11
    0.24505E+04    0.13132E-11
    0.24618E+04    0.12959E-11
    0.24731E+04    0.12788E-11
    0.24845E+04    0.12620E-11
    0.24960E+04    0.12454E-11
    0.25075E+04    0.12290E-11
    0.25191E+04    0.12128E-11
    0.25307E+04    0.11969E-11
    0.25424E+04    0.11811E-11
    0.25542E+04    0.11656E-11
    0.25659E+04    0.11502E-11
    0.25778E+04    0.11350E-11
    0.25897E+04    0.11201E-11
    0.26016E+04    0.11053E-11
    0.26136E+04    0.10908E-11
    0.26257E+04    0.10764E-11
    0.26378E+04    0.10623E-11
    0.26500E+04    0.10483E-11
    0.26622E+04    0.10345E-11
    0.26745E+04    0.10208E-11
    0.26869E+04    0.10074E-11
    0.26993E+04    0.99410E-12
    0.27117E+04    0.98101E-12
    0.27242E+04    0.96808E-12
    0.27368E+04    0.95532E-12
    0.27495E+04    0.94274E-12
    0.27621E+04    0.93036E-12
    0.27749E+04    0.91817E-12
    0.27877E+04    0.90607E-12
    0.28006E+04    0.89415E-12
    0.28135E+04    0.88236E-12
    0.28265E+04    0.87074E-12
    0.28395E+04    0.85930E-12
    0.28526E+04    0.84799E-12
    0.28658E+04    0.83682E-12
    0.28790E+04    0.82600E-12
    0.28923E+04    0.81513E-12
    0.29057E+04    0.80439E-12
    0.29191E+04    0.79385E-12
    0.29326E+04    0.78342E-12
    0.29461E+04    0.77311E-12
    0.29597E+04    0.76241E-12
    0.29734E+04    0.75235E-12
    0.29871E+04    0.74246E-12
    0.30009E+04    0.73269E-12
    0.30147E+04    0.72294E-12
    0.30286E+04    0.71327E-12
    0.30426E+04    0.70389E-12
    0.30567E+04    0.69465E-12
    0.30708E+04    0.68552E-12
    0.30849E+04    0.67653E-12
    0.30992E+04    0.66764E-12
    0.31135E+04    0.65888E-12
    0.31279E+04    0.65023E-12
    0.31423E+04    0.64169E-12
    0.31568E+04    0.63327E-12
    0.31714E+04    0.62496E-12
    0.31860E+04    0.61675E-12
    0.32007E+04    0.60866E-12
    0.32155E+04    0.60068E-12
    0.32303E+04    0.59280E-12
    0.32452E+04    0.58503E-12
    0.32602E+04    0.57736E-12
    0.32753E+04    0.56979E-12
    0.32904E+04    0.56232E-12
    0.33056E+04    0.55495E-12
    0.33208E+04    0.54768E-12
    0.33362E+04    0.54050E-12
    0.33516E+04    0.53342E-12
    0.33670E+04    0.52643E-12
    0.33826E+04    0.51954E-12
    0.33982E+04    0.51274E-12
    0.34139E+04    0.50596E-12
    0.34296E+04    0.49932E-12
    0.34455E+04    0.49280E-12
    0.34614E+04    0.48633E-12
    0.34773E+04    0.47996E-12
    0.34934E+04    0.47368E-12
    0.35095E+04    0.46747E-12
    0.35257E+04    0.46134E-12
    0.35420E+04    0.45535E-12
    0.35583E+04    0.44939E-12
    0.35748E+04    0.44350E-12
    0.35913E+04    0.43770E-12
    0.36078E+04    0.43196E-12
    0.36245E+04    0.42630E-12
    0.36412E+04    0.42072E-12
    0.36580E+04    0.41521E-12
    0.36749E+04    0.40977E-12
    0.36919E+04    0.40440E-12
    0.37089E+04    0.39910E-12
    0.37260E+04    0.39387E-12
    0.37432E+04    0.38872E-12
    0.37605E+04    0.38362E-12
    0.37779E+04    0.37859E-12
    0.37953E+04    0.37363E-12
    0.38128E+04    0.36873E-12
    0.38304E+04    0.36389E-12
    0.38481E+04    0.35911E-12
    0.38659E+04    0.35440E-12
    0.38837E+04    0.34974E-12
    0.39016E+04    0.34516E-12
    0.39196E+04    0.34063E-12
    0.39377E+04    0.33615E-12
    0.39559E+04    0.33174E-12
    0.39742E+04    0.32738E-12
    0.39925E+04    0.32308E-12
    0.40109E+04    0.31884E-12
    0.40295E+04    0.31466E-12
    0.40481E+04    0.31041E-12
    0.40667E+04    0.30633E-12
    0.40855E+04    0.30230E-12
    0.41044E+04    0.29833E-12
    0.41233E+04    0.29444E-12
    0.41423E+04    0.29057E-12
    0.41615E+04    0.28675E-12
    0.41807E+04    0.28298E-12
    0.42000E+04    0.27926E-12
    0.42194E+04    0.27559E-12
    0.42388E+04    0.27201E-12
    0.42584E+04    0.26832E-12
    0.42781E+04    0.26479E-12
    0.42978E+04    0.26131E-12
    0.43176E+04    0.25787E-12
    0.43376E+04    0.25448E-12
    0.43576E+04    0.25113E-12
    0.43777E+04    0.24783E-12
    0.43979E+04    0.24458E-12
    0.44182E+04    0.24136E-12
    0.44386E+04    0.23819E-12
    0.44591E+04    0.23506E-12
    0.44797E+04    0.23197E-12
    0.45004E+04    0.22902E-12
    0.45211E+04    0.22591E-12
    0.45420E+04    0.22294E-12
    0.45630E+04    0.22001E-12
    0.45840E+04    0.21712E-12
    0.46052E+04    0.21427E-12
    0.46264E+04    0.21145E-12
    0.46478E+04    0.20868E-12
    0.46692E+04    0.20594E-12
    0.46908E+04    0.20323E-12
    0.47125E+04    0.20056E-12
    0.47342E+04    0.19791E-12
    0.47561E+04    0.19532E-12
    0.47780E+04    0.19275E-12
    0.48001E+04    0.19025E-12
    0.48222E+04    0.18775E-12
    0.48445E+04    0.18527E-12
    0.48668E+04    0.18284E-12
    0.48893E+04    0.18044E-12
    0.49119E+04    0.17807E-12
    0.49345E+04    0.17573E-12
    0.49573E+04    0.17343E-12
    0.49802E+04    0.17115E-12
    0.50032E+04    0.16890E-12
    0.50263E+04    0.16668E-12
    0.50495E+04    0.16449E-12
    0.50728E+04    0.16231E-12
    0.50962E+04    0.16020E-12
    0.51197E+04    0.15810E-12
    0.51434E+04    0.15608E-12
    0.51671E+04    0.15403E-12
    0.51909E+04    0.15200E-12
    0.52149E+04    0.15001E-12
    0.52390E+04    0.14804E-12
    0.52632E+04    0.14609E-12
    0.52875E+04    0.14418E-12
    0.53119E+04    0.14228E-12
    0.53364E+04    0.14041E-12
    0.53610E+04    0.13857E-12
    0.53858E+04    0.13675E-12
    0.54106E+04    0.13496E-12
    0.54356E+04    0.13318E-12
    0.54607E+04    0.13143E-12
    0.54859E+04    0.12970E-12
    0.55112E+04    0.12800E-12
    0.55366E+04    0.12631E-12
    0.55622E+04    0.12465E-12
    0.55879E+04    0.12299E-12
    0.56137E+04    0.12137E-12
    0.56396E+04    0.11978E-12
    0.56656E+04    0.11820E-12
    0.56918E+04    0.11665E-12
    0.57180E+04    0.11511E-12
    0.57444E+04    0.11360E-12
    0.57709E+04    0.11211E-12
    0.57976E+04    0.11063E-12
    0.58243E+04    0.10918E-12
    0.58512E+04    0.10774E-12
    0.58782E+04    0.10632E-12
    0.59054E+04    0.10492E-12
    0.59326E+04    0.10354E-12
    0.59600E+04    0.10218E-12
    0.59875E+04    0.10084E-12
    0.60152E+04    0.99507E-13
    0.60429E+04    0.98198E-13
    0.60708E+04    0.96907E-13
    0.60988E+04    0.95630E-13
    0.61270E+04    0.94373E-13
    0.61553E+04    0.93125E-13
    0.61837E+04    0.91917E-13
    0.62122E+04    0.90706E-13
    0.62409E+04    0.89513E-13
    0.62697E+04    0.88322E-13
    0.62986E+04    0.87155E-13
    0.63277E+04    0.86010E-13
    0.63569E+04    0.84878E-13
    0.63863E+04    0.83762E-13
    0.64157E+04    0.82658E-13
    0.64454E+04    0.81577E-13
    0.64751E+04    0.80504E-13
    0.65050E+04    0.79445E-13
    0.65350E+04    0.78398E-13
    0.65652E+04    0.77364E-13
    0.65955E+04    0.76348E-13
    0.66259E+04    0.75342E-13
    0.66565E+04    0.74351E-13
    0.66872E+04    0.73371E-13
    0.67181E+04    0.72407E-13
    0.67491E+04    0.71452E-13
    0.67803E+04    0.70492E-13
    0.68116E+04    0.69563E-13
    0.68430E+04    0.68646E-13
    0.68746E+04    0.67743E-13
    0.69063E+04    0.66850E-13
    0.69382E+04    0.65971E-13
    0.69702E+04    0.65100E-13
    0.70024E+04    0.64243E-13
    0.70347E+04    0.63395E-13
    0.70672E+04    0.62562E-13
    0.70998E+04    0.61737E-13
    0.71326E+04    0.60924E-13
    0.71655E+04    0.60120E-13
    0.71986E+04    0.59329E-13
    0.72318E+04    0.58547E-13
    0.72652E+04    0.57776E-13
    0.72987E+04    0.57014E-13
    0.73324E+04    0.56261E-13
    0.73663E+04    0.55521E-13
    0.74003E+04    0.54789E-13
    0.74344E+04    0.54067E-13
    0.74687E+04    0.53386E-13
    0.75032E+04    0.52685E-13
    0.75378E+04    0.51991E-13
    0.75726E+04    0.51306E-13
    0.76076E+04    0.50628E-13
    0.76427E+04    0.49961E-13
    0.76780E+04    0.49302E-13
    0.77134E+04    0.48653E-13
    0.77490E+04    0.48010E-13
    0.77848E+04    0.47377E-13
    0.78207E+04    0.46753E-13
    0.78568E+04    0.46137E-13
    0.78931E+04    0.45528E-13
    0.79295E+04    0.44928E-13
    0.79661E+04    0.44336E-13
    0.80029E+04    0.43752E-13
    0.80398E+04    0.43175E-13
    0.80769E+04    0.42606E-13
    0.81142E+04    0.42044E-13
    0.81517E+04    0.41488E-13
    0.81893E+04    0.40941E-13
    0.82271E+04    0.40402E-13
    0.82651E+04    0.39870E-13
    0.83032E+04    0.39345E-13
    0.83416E+04    0.38826E-13
    0.83801E+04    0.38314E-13
    0.84187E+04    0.37808E-13
    0.84576E+04    0.37310E-13
    0.84966E+04    0.36818E-13
    0.85358E+04    0.36332E-13
    0.85752E+04    0.35851E-13
    0.86148E+04    0.35379E-13
    0.86546E+04    0.34912E-13
    0.86945E+04    0.34452E-13
    0.87347E+04    0.33996E-13
    0.87750E+04    0.33547E-13
    0.88155E+04    0.33104E-13
    0.88562E+04    0.32667E-13
    0.88971E+04    0.32235E-13
    0.89381E+04    0.31784E-13
    0.89794E+04    0.31364E-13
    0.90208E+04    0.30950E-13
    0.90625E+04    0.30541E-13
    0.91043E+04    0.30137E-13
    0.91463E+04    0.29739E-13
    0.91885E+04    0.29346E-13
    0.92310E+04    0.28959E-13
    0.92736E+04    0.28576E-13
    0.93164E+04    0.28199E-13
    0.93594E+04    0.27826E-13
    0.94026E+04    0.27459E-13
    0.94460E+04    0.27095E-13
    0.94896E+04    0.26738E-13
    0.95334E+04    0.26384E-13
    0.95774E+04    0.26036E-13
    0.96216E+04    0.25691E-13
    0.96660E+04    0.25352E-13
    0.97106E+04    0.25017E-13
    0.97554E+04    0.24686E-13
    0.98005E+04    0.24360E-13
    0.98457E+04    0.24038E-13
    0.98911E+04    0.23720E-13
    0.99368E+04    0.23406E-13
    0.99827E+04    0.23097E-13
    0.10029E+05    0.22791E-13
    0.10075E+05    0.22490E-13
    0.10122E+05    0.22193E-13
    0.10168E+05    0.21899E-13
    0.10215E+05    0.21610E-13
    0.10262E+05    0.21324E-13
    0.10310E+05    0.21042E-13
    0.10357E+05    0.20763E-13
    0.10405E+05    0.20489E-13
    0.10453E+05    0.20218E-13
    0.10501E+05    0.19951E-13
    0.10550E+05    0.19687E-13
    0.10599E+05    0.19427E-13
    0.10647E+05    0.19170E-13
    0.10697E+05    0.18916E-13
    0.10746E+05    0.18666E-13
    0.10796E+05    0.18428E-13
    0.10845E+05    0.18183E-13
    0.10895E+05    0.17938E-13
    0.10946E+05    0.17701E-13
    0.10996E+05    0.17467E-13
    0.11047E+05    0.17235E-13
    0.11098E+05    0.17007E-13
    0.11149E+05    0.16782E-13
    0.11201E+05    0.16559E-13
    0.11252E+05    0.16324E-13
    0.11304E+05    0.16107E-13
    0.11357E+05    0.15894E-13
    0.11409E+05    0.15684E-13
    0.11462E+05    0.15476E-13
    0.11515E+05    0.15271E-13
    0.11568E+05    0.15069E-13
    0.11621E+05    0.14869E-13
    0.11675E+05    0.14672E-13
    0.11729E+05    0.14478E-13
    0.11783E+05    0.14286E-13
    0.11837E+05    0.14096E-13
    0.11892E+05    0.13910E-13
    0.11947E+05    0.13728E-13
    0.12002E+05    0.13546E-13
    0.12057E+05    0.13367E-13
    0.12113E+05    0.13190E-13
    0.12169E+05    0.13015E-13
    0.12225E+05    0.12842E-13
    0.12281E+05    0.12674E-13
    0.12338E+05    0.12506E-13
    0.12395E+05    0.12353E-13
    0.12452E+05    0.12190E-13
    0.12510E+05    0.12028E-13
    0.12567E+05    0.11869E-13
    0.12625E+05    0.11712E-13
    0.12684E+05    0.11556E-13
    0.12742E+05    0.11403E-13
    0.12801E+05    0.11252E-13
    0.12860E+05    0.11102E-13
    0.12920E+05    0.10955E-13
    0.12979E+05    0.10810E-13
    0.13039E+05    0.10666E-13
    0.13099E+05    0.10525E-13
    0.13160E+05    0.10385E-13
    0.13220E+05    0.10247E-13
    0.13281E+05    0.10111E-13
    0.13343E+05    0.99768E-14
    0.13404E+05    0.98442E-14
    0.13466E+05    0.97135E-14
    0.13528E+05    0.95846E-14
    0.13591E+05    0.94576E-14
    0.13654E+05    0.93319E-14
    0.13717E+05    0.92080E-14
    0.13780E+05    0.90861E-14
    0.13844E+05    0.89654E-14
    0.13907E+05    0.88463E-14
    0.13972E+05    0.87290E-14
    0.14036E+05    0.86131E-14
    0.14101E+05    0.84986E-14
    0.14166E+05    0.83860E-14
    0.14231E+05    0.82746E-14
    0.14297E+05    0.81645E-14
    0.14363E+05    0.80563E-14
    0.14429E+05    0.79493E-14
    0.14496E+05    0.78435E-14
    0.14563E+05    0.77398E-14
    0.14630E+05    0.76370E-14
    0.14698E+05    0.75351E-14
    0.14765E+05    0.74352E-14
    0.14834E+05    0.73365E-14
    0.14902E+05    0.72391E-14
    0.14971E+05    0.71429E-14
    0.15040E+05    0.70480E-14
    0.15109E+05    0.69542E-14
    0.15179E+05    0.68618E-14
    0.15249E+05    0.67707E-14
    0.15320E+05    0.66807E-14
    0.15390E+05    0.65920E-14
    0.15461E+05    0.65044E-14
    0.15533E+05    0.64179E-14
    0.15604E+05    0.63327E-14
    0.15676E+05    0.62486E-14
    0.15749E+05    0.61597E-14
    0.15821E+05    0.60777E-14
    0.15894E+05    0.59969E-14
    0.15968E+05    0.59171E-14
    0.16042E+05    0.58382E-14
    0.16116E+05    0.57605E-14
    0.16190E+05    0.56839E-14
    0.16265E+05    0.56111E-14
    0.16340E+05    0.55364E-14
    0.16415E+05    0.54626E-14
    0.16491E+05    0.53898E-14
    0.16567E+05    0.53180E-14
    0.16644E+05    0.52473E-14
    0.16720E+05    0.51774E-14
    0.16798E+05    0.51084E-14
    0.16875E+05    0.50404E-14
    0.16953E+05    0.49732E-14
    0.17031E+05    0.49069E-14
    0.17110E+05    0.48417E-14
    0.17189E+05    0.47773E-14
    0.17268E+05    0.47132E-14
    0.17348E+05    0.46505E-14
    0.17428E+05    0.45883E-14
    0.17508E+05    0.45273E-14
    0.17589E+05    0.44670E-14
    0.17670E+05    0.44073E-14
    0.17752E+05    0.43486E-14
    0.17834E+05    0.42907E-14
    0.17916E+05    0.42334E-14
    0.17999E+05    0.41770E-14
    0.18082E+05    0.41214E-14
    0.18165E+05    0.40664E-14
    0.18249E+05    0.40121E-14
    0.18334E+05    0.39587E-14
    0.18418E+05    0.39059E-14
    0.18503E+05    0.38539E-14
    0.18589E+05    0.38029E-14
    0.18674E+05    0.37521E-14
    0.18761E+05    0.37021E-14
    0.18847E+05    0.36527E-14
    0.18934E+05    0.36038E-14
    0.19022E+05    0.35558E-14
    0.19109E+05    0.35083E-14
    0.19198E+05    0.34614E-14
    0.19286E+05    0.34153E-14
    0.19375E+05    0.33696E-14
    0.19465E+05    0.33247E-14
    0.19555E+05    0.32804E-14
    0.19645E+05    0.32366E-14
    0.19735E+05    0.31934E-14
    0.19827E+05    0.31508E-14
    0.19918E+05    0.31087E-14
    0.20010E+05    0.30673E-14
    0.20102E+05    0.30263E-14
    0.20195E+05    0.29858E-14
    0.20288E+05    0.29462E-14
    0.20382E+05    0.29069E-14
    0.20476E+05    0.28679E-14
    0.20571E+05    0.28296E-14
    0.20666E+05    0.27915E-14
    0.20761E+05    0.27542E-14
    0.20857E+05    0.27175E-14
    0.20953E+05    0.26810E-14
    0.21050E+05    0.26452E-14
    0.21147E+05    0.26099E-14
    0.21245E+05    0.25750E-14
    0.21343E+05    0.25406E-14
    0.21441E+05    0.25066E-14
    0.21540E+05    0.24730E-14
    0.21639E+05    0.24401E-14
    0.21739E+05    0.24073E-14
    0.21840E+05    0.23751E-14
    0.21941E+05    0.23431E-14
    0.22042E+05    0.23117E-14
    0.22144E+05    0.22807E-14
    0.22246E+05    0.22498E-14
    0.22348E+05    0.22198E-14
    0.22452E+05    0.21901E-14
    0.22555E+05    0.21608E-14
    0.22659E+05    0.21319E-14
    0.22764E+05    0.21034E-14
    0.22869E+05    0.20752E-14
    0.22975E+05    0.20475E-14
    0.23081E+05    0.20201E-14
    0.23187E+05    0.19931E-14
    0.23294E+05    0.19648E-14
    0.23402E+05    0.19384E-14
    0.23510E+05    0.19125E-14
    0.23618E+05    0.18868E-14
    0.23727E+05    0.18615E-14
    0.23837E+05    0.18365E-14
    0.23947E+05    0.18116E-14
    0.24057E+05    0.17873E-14
    0.24168E+05    0.17632E-14
    0.24280E+05    0.17399E-14
    0.24392E+05    0.17165E-14
    0.24505E+05    0.16934E-14
    0.24618E+05    0.16694E-14
    0.24731E+05    0.16469E-14
    0.24845E+05    0.16249E-14
    0.24960E+05    0.16030E-14
    0.25075E+05    0.15815E-14
    0.25191E+05    0.15602E-14
    0.25307E+05    0.15393E-14
    0.25424E+05    0.15187E-14
    0.25542E+05    0.14983E-14
    0.25659E+05    0.14782E-14
    0.25778E+05    0.14581E-14
    0.25897E+05    0.14385E-14
    0.26016E+05    0.14193E-14
    0.26136E+05    0.14003E-14
    0.26257E+05    0.13814E-14
    0.26378E+05    0.13629E-14
    0.26500E+05    0.13445E-14
    0.26622E+05    0.13265E-14
    0.26745E+05    0.13086E-14
    0.26869E+05    0.12909E-14
    0.26993E+05    0.12736E-14
    0.27117E+05    0.12564E-14
    0.27242E+05    0.12394E-14
    0.27368E+05    0.12229E-14
    0.27495E+05    0.12066E-14
    0.27621E+05    0.11902E-14
    0.27749E+05    0.11742E-14
    0.27877E+05    0.11584E-14
    0.28006E+05    0.11428E-14
    0.28135E+05    0.11274E-14
    0.28265E+05    0.11121E-14
    0.28395E+05    0.10971E-14
    0.28526E+05    0.10824E-14
    0.28658E+05    0.10678E-14
    0.28790E+05    0.10533E-14
    0.28923E+05    0.10393E-14
    0.29057E+05    0.10252E-14
    0.29191E+05    0.10113E-14
    0.29326E+05    0.99765E-15
    0.29461E+05    0.98424E-15
    0.29597E+05    0.97105E-15
    0.29734E+05    0.95799E-15
    0.29871E+05    0.94499E-15
    0.30009E+05    0.93203E-15
    0.30147E+05    0.91945E-15
    0.30286E+05    0.90708E-15
    0.30426E+05    0.89490E-15
    0.30567E+05    0.88275E-15
    0.30708E+05    0.87086E-15
    0.30849E+05    0.85912E-15
    0.30992E+05    0.84747E-15
    0.31135E+05    0.83603E-15
    0.31279E+05    0.82465E-15
    0.31423E+05    0.81355E-15
    0.31568E+05    0.80263E-15
    0.31714E+05    0.79178E-15
    0.31860E+05    0.78107E-15
    0.32007E+05    0.77052E-15
    0.32155E+05    0.76012E-15
    0.32303E+05    0.74986E-15
    0.32452E+05    0.73972E-15
    0.32602E+05    0.72972E-15
    0.32753E+05    0.71988E-15
    0.32904E+05    0.71013E-15
    0.33056E+05    0.70054E-15
    0.33208E+05    0.69106E-15
    0.33362E+05    0.68170E-15
    0.33516E+05    0.67241E-15
    0.33670E+05    0.66327E-15
    0.33826E+05    0.65431E-15
    0.33982E+05    0.64554E-15
    0.34139E+05    0.63679E-15
    0.34296E+05    0.62822E-15
    0.34455E+05    0.61959E-15
    0.34614E+05    0.61122E-15
    0.34773E+05    0.60293E-15
    0.34934E+05    0.59477E-15
    0.35095E+05    0.58670E-15
    0.35257E+05    0.57870E-15
    0.35420E+05    0.57084E-15
    0.35583E+05    0.56313E-15
    0.35748E+05    0.55543E-15
    0.35913E+05    0.54789E-15
    0.36078E+05    0.54055E-15
    0.36245E+05    0.53312E-15
    0.36412E+05    0.52589E-15
    0.36580E+05    0.51876E-15
    0.36749E+05    0.51172E-15
    0.36919E+05    0.50477E-15
    0.37089E+05    0.49791E-15
    0.37260E+05    0.49117E-15
    0.37432E+05    0.48450E-15
    0.37605E+05    0.47792E-15
    0.37779E+05    0.47142E-15
    0.37953E+05    0.46502E-15
    0.38128E+05    0.45868E-15
    0.38304E+05    0.45247E-15
    0.38481E+05    0.44633E-15
    0.38659E+05    0.44027E-15
    0.38837E+05    0.43429E-15
    0.39016E+05    0.42839E-15
    0.39196E+05    0.42257E-15
    0.39377E+05    0.41682E-15
    0.39559E+05    0.41117E-15
    0.39742E+05    0.40557E-15
    0.39925E+05    0.40006E-15
    0.40109E+05    0.39461E-15
    0.40295E+05    0.38925E-15
    0.40481E+05    0.38395E-15
    0.40667E+05    0.37868E-15
    0.40855E+05    0.37354E-15
    0.41044E+05    0.36846E-15
    0.41233E+05    0.36345E-15
    0.41423E+05    0.35850E-15
    0.41615E+05    0.35360E-15
    0.41807E+05    0.34908E-15
    0.42000E+05    0.34423E-15
    0.42194E+05    0.33961E-15
    0.42388E+05    0.33498E-15
    0.42584E+05    0.33038E-15
    0.42781E+05    0.32589E-15
    0.42978E+05    0.32144E-15
    0.43176E+05    0.31707E-15
    0.43376E+05    0.31274E-15
    0.43576E+05    0.30849E-15
    0.43777E+05    0.30427E-15
    0.43979E+05    0.30012E-15
    0.44182E+05    0.29596E-15
    0.44386E+05    0.29190E-15
    0.44591E+05    0.28791E-15
    0.44797E+05    0.28390E-15
    0.45004E+05    0.28008E-15
    0.45211E+05    0.27626E-15
    0.45420E+05    0.27249E-15
    0.45630E+05    0.26877E-15
    0.45840E+05    0.26498E-15
    0.46052E+05    0.26146E-15
    0.46264E+05    0.25787E-15
    0.46478E+05    0.25435E-15
    0.46692E+05    0.25089E-15
    0.46908E+05    0.24745E-15
    0.47125E+05    0.24408E-15
    0.47342E+05    0.24072E-15
    0.47561E+05    0.23744E-15
    0.47780E+05    0.23418E-15
    0.48001E+05    0.23098E-15
    0.48222E+05    0.22780E-15
    0.48445E+05    0.22459E-15
    0.48668E+05    0.22151E-15
    0.48893E+05    0.21847E-15
    0.49119E+05    0.21548E-15
    0.49345E+05    0.21252E-15
    0.49573E+05    0.20959E-15
    0.49802E+05    0.20677E-15
    0.50032E+05    0.20392E-15
    0.50263E+05    0.20111E-15
    0.50495E+05    0.19836E-15
    0.50728E+05    0.19564E-15
    0.50962E+05    0.19296E-15
    0.51197E+05    0.19031E-15
    0.51434E+05    0.18769E-15
    0.51671E+05    0.18514E-15
    0.51909E+05    0.18260E-15
    0.52149E+05    0.18010E-15
    0.52390E+05    0.17762E-15
    0.52632E+05    0.17517E-15
    0.52875E+05    0.17276E-15
    0.53119E+05    0.17039E-15
    0.53364E+05    0.16804E-15
    0.53610E+05    0.16569E-15
    0.53858E+05    0.16343E-15
    0.54106E+05    0.16118E-15
    0.54356E+05    0.15896E-15
    0.54607E+05    0.15677E-15
    0.54859E+05    0.15461E-15
    0.55112E+05    0.15251E-15
    0.55366E+05    0.15041E-15
    0.55622E+05    0.14833E-15
    0.55879E+05    0.14629E-15
    0.56137E+05    0.14427E-15
    0.56396E+05    0.14228E-15
    0.56656E+05    0.14033E-15
    0.56918E+05    0.13840E-15
    0.57180E+05    0.13649E-15
    0.57444E+05    0.13460E-15
    0.57709E+05    0.13274E-15
    0.57976E+05    0.13092E-15
    0.58243E+05    0.12910E-15
    0.58512E+05    0.12732E-15
    0.58782E+05    0.12556E-15
    0.59054E+05    0.12382E-15
    0.59326E+05    0.12212E-15
    0.59600E+05    0.11956E-15
    0.59875E+05    0.11791E-15
    0.60152E+05    0.11629E-15
    0.60429E+05    0.11467E-15
    0.60708E+05    0.11310E-15
    0.60988E+05    0.11154E-15
    0.61270E+05    0.10999E-15
    0.61553E+05    0.10954E-15
    0.61837E+05    0.10802E-15
    0.62122E+05    0.10652E-15
    0.62409E+05    0.10504E-15
    0.62697E+05    0.10358E-15
    0.62986E+05    0.10214E-15
    0.63277E+05    0.10073E-15
    0.63569E+05    0.99330E-16
    0.63863E+05    0.97957E-16
    0.64157E+05    0.96603E-16
    0.64454E+05    0.95229E-16
    0.64751E+05    0.93955E-16
    0.65050E+05    0.92650E-16
    0.65350E+05    0.91372E-16
    0.65652E+05    0.90093E-16
    0.65955E+05    0.88842E-16
    0.66259E+05    0.87604E-16
    0.66565E+05    0.86394E-16
    0.66872E+05    0.85193E-16
    0.67181E+05    0.84007E-16
    0.67491E+05    0.82853E-16
    0.67803E+05    0.81710E-16
    0.68116E+05    0.80571E-16
    0.68430E+05    0.79450E-16
    0.68746E+05    0.78350E-16
    0.69063E+05    0.77255E-16
    0.69382E+05    0.76179E-16
    0.69702E+05    0.75123E-16
    0.70024E+05    0.74070E-16
    0.70347E+05    0.73039E-16
    0.70672E+05    0.72020E-16
    0.70998E+05    0.71017E-16
    0.71326E+05    0.69982E-16
    0.71655E+05    0.68997E-16
    0.71986E+05    0.68039E-16
    0.72318E+05    0.67092E-16
    0.72652E+05    0.66163E-16
    0.72987E+05    0.65242E-16
    0.73324E+05    0.64329E-16
    0.73663E+05    0.63433E-16
    0.74003E+05    0.62545E-16
    0.74344E+05    0.61674E-16
    0.74687E+05    0.60812E-16
    0.75032E+05    0.59963E-16
    0.75378E+05    0.59122E-16
    0.75726E+05    0.58297E-16
    0.76076E+05    0.57480E-16
    0.76427E+05    0.56670E-16
    0.76780E+05    0.55878E-16
    0.77134E+05    0.55096E-16
    0.77490E+05    0.54329E-16
    0.77848E+05    0.53563E-16
    0.78207E+05    0.52782E-16
    0.78568E+05    0.52041E-16
    0.78931E+05    0.51313E-16
    0.79295E+05    0.50561E-16
    0.79661E+05    0.49850E-16
    0.80029E+05    0.49156E-16
    0.80398E+05    0.48466E-16
    0.80769E+05    0.47778E-16
    0.81142E+05    0.47108E-16
    0.81517E+05    0.46442E-16
    0.81893E+05    0.45786E-16
    0.82271E+05    0.45140E-16
    0.82651E+05    0.44506E-16
    0.83032E+05    0.43879E-16
    0.83416E+05    0.43260E-16
    0.83801E+05    0.42651E-16
    0.84187E+05    0.42046E-16
    0.84576E+05    0.41453E-16
    0.84966E+05    0.40869E-16
    0.85358E+05    0.40291E-16
    0.85752E+05    0.39723E-16
    0.86148E+05    0.39165E-16
    0.86546E+05    0.38609E-16
    0.86945E+05    0.38063E-16
    0.87347E+05    0.37526E-16
    0.87750E+05    0.36994E-16
    0.88155E+05    0.36470E-16
    0.88562E+05    0.35952E-16
    0.88971E+05    0.35443E-16
    0.89381E+05    0.34945E-16
    0.89794E+05    0.34449E-16
    0.90208E+05    0.33962E-16
    0.90625E+05    0.33480E-16
    0.91043E+05    0.33004E-16
    0.91463E+05    0.32537E-16
    0.91885E+05    0.32071E-16
    0.92310E+05    0.31620E-16
    0.92736E+05    0.31171E-16
    0.93164E+05    0.30727E-16
    0.93594E+05    0.30291E-16
    0.94026E+05    0.29860E-16
    0.94460E+05    0.29437E-16
    0.94896E+05    0.29017E-16
    0.95334E+05    0.28604E-16
    0.95774E+05    0.28197E-16
    0.96216E+05    0.27796E-16
    0.96660E+05    0.27398E-16
    0.97106E+05    0.27009E-16
    0.97554E+05    0.26625E-16
    0.98005E+05    0.26246E-16
    0.98457E+05    0.25871E-16
    0.98911E+05    0.25499E-16
    0.99368E+05    0.25135E-16
    0.99827E+05    0.24777E-16
    0.10029E+06    0.24423E-16
    0.10075E+06    0.24100E-16
    0.10122E+06    0.23756E-16
    0.10168E+06    0.23417E-16
    0.10215E+06    0.23081E-16
    0.10262E+06    0.22752E-16
    0.10310E+06    0.22426E-16
    0.10357E+06    0.22106E-16
    0.10405E+06    0.21789E-16
    0.10453E+06    0.21477E-16
    0.10501E+06    0.21168E-16
    0.10550E+06    0.20865E-16
    0.10599E+06    0.20570E-16
    0.10647E+06    0.20275E-16
    0.10697E+06    0.19984E-16
    0.10746E+06    0.19697E-16
    0.10796E+06    0.19413E-16
    0.10845E+06    0.19136E-16
    0.10895E+06    0.18862E-16
    0.10946E+06    0.18591E-16
    0.10996E+06    0.18323E-16
    0.11047E+06    0.18059E-16
    0.11098E+06    0.17798E-16
    0.11149E+06    0.17542E-16
    0.11201E+06    0.17288E-16
    0.11252E+06    0.17038E-16
    0.11304E+06    0.16792E-16
    0.11357E+06    0.16551E-16
    0.11409E+06    0.16313E-16
    0.11462E+06    0.16078E-16
    0.11515E+06    0.15850E-16
    0.11568E+06    0.15621E-16
    0.11621E+06    0.15396E-16
    0.11675E+06    0.15173E-16
    0.11729E+06    0.14955E-16
    0.11783E+06    0.14737E-16
    0.11837E+06    0.14524E-16
    0.11892E+06    0.14313E-16
    0.11947E+06    0.14105E-16
    0.12002E+06    0.13901E-16
    0.12057E+06    0.13699E-16
    0.12113E+06    0.13500E-16
    0.12169E+06    0.13303E-16
    0.12225E+06    0.13111E-16
    0.12281E+06    0.12919E-16
    0.12338E+06    0.12731E-16
    0.12395E+06    0.12545E-16
    0.12452E+06    0.12363E-16
    0.12510E+06    0.12183E-16
    0.12567E+06    0.12005E-16
    0.12625E+06    0.11830E-16
    0.12684E+06    0.11659E-16
