  0.986139E-05  0.677560E+05  0.677560E+05  0.903413E+05  0.903413E+05  0.000000E+00  0.677560E+05  0.677560E+05  0.677560E+05 -0.616317E+00  0.206433E+05  0.206433E+05  0.228315E+02
  0.990691E-05  0.673148E+05  0.673148E+05  0.897531E+05  0.897530E+05  0.000000E+00  0.673148E+05  0.673148E+05  0.673148E+05 -0.616317E+00  0.206433E+05  0.206433E+05  0.227478E+02
  0.995263E-05  0.668777E+05  0.668776E+05  0.891702E+05  0.891702E+05  0.000000E+00  0.668777E+05  0.668777E+05  0.668777E+05 -0.616317E+00  0.206433E+05  0.206433E+05  0.226646E+02
  0.999857E-05  0.664445E+05  0.664445E+05  0.885927E+05  0.885926E+05  0.000000E+00  0.664445E+05  0.664445E+05  0.664445E+05 -0.616317E+00  0.206433E+05  0.206433E+05  0.225818E+02
  0.100447E-04  0.660153E+05  0.660153E+05  0.880204E+05  0.880204E+05  0.000000E+00  0.660153E+05  0.660153E+05  0.660153E+05 -0.616317E+00  0.206433E+05  0.206433E+05  0.224995E+02
  0.100911E-04  0.655901E+05  0.655901E+05  0.874534E+05  0.874534E+05  0.000000E+00  0.655901E+05  0.655901E+05  0.655901E+05 -0.616317E+00  0.206433E+05  0.206433E+05  0.224177E+02
  0.101377E-04  0.651688E+05  0.651687E+05  0.868916E+05  0.868916E+05  0.000000E+00  0.651687E+05  0.651687E+05  0.651687E+05 -0.616317E+00  0.206433E+05  0.206433E+05  0.223363E+02
  0.101845E-04  0.640489E+05  0.640489E+05  0.853985E+05  0.853985E+05  0.000000E+00  0.640489E+05  0.640489E+05  0.640489E+05 -0.616317E+00  0.206433E+05  0.206433E+05  0.221136E+02
  0.102315E-04  0.626356E+05  0.626356E+05  0.835141E+05  0.835141E+05  0.000000E+00  0.626356E+05  0.626356E+05  0.626356E+05 -0.616317E+00  0.206433E+05  0.206433E+05  0.218285E+02
  0.102787E-04  0.612722E+05  0.612721E+05  0.816962E+05  0.816962E+05  0.000000E+00  0.612722E+05  0.612722E+05  0.612722E+05 -0.616317E+00  0.206433E+05  0.206433E+05  0.215501E+02
  0.103261E-04  0.599572E+05  0.599572E+05  0.799429E+05  0.799429E+05  0.000000E+00  0.599572E+05  0.599572E+05  0.599572E+05 -0.616317E+00  0.206433E+05  0.206433E+05  0.212782E+02
  0.103738E-04  0.586892E+05  0.586892E+05  0.782523E+05  0.782523E+05  0.000000E+00  0.586892E+05  0.586892E+05  0.586892E+05 -0.616317E+00  0.206433E+05  0.206433E+05  0.210127E+02
  0.104217E-04  0.574670E+05  0.574670E+05  0.766226E+05  0.766226E+05  0.000000E+00  0.574670E+05  0.574670E+05  0.574670E+05 -0.616317E+00  0.206433E+05  0.206433E+05  0.207534E+02
  0.104698E-04  0.562890E+05  0.562890E+05  0.750520E+05  0.750520E+05  0.000000E+00  0.562890E+05  0.562890E+05  0.562890E+05 -0.616317E+00  0.206433E+05  0.206433E+05  0.205003E+02
  0.105181E-04  0.551541E+05  0.551541E+05  0.735388E+05  0.735387E+05  0.000000E+00  0.551541E+05  0.551541E+05  0.551541E+05 -0.616317E+00  0.206433E+05  0.206433E+05  0.202532E+02
  0.105667E-04  0.540608E+05  0.540608E+05  0.720811E+05  0.720811E+05  0.000000E+00  0.540608E+05  0.540608E+05  0.540608E+05 -0.616317E+00  0.206433E+05  0.206433E+05  0.200120E+02
  0.106154E-04  0.530079E+05  0.530079E+05  0.706772E+05  0.706772E+05  0.000000E+00  0.530079E+05  0.530079E+05  0.530079E+05 -0.616317E+00  0.206433E+05  0.206433E+05  0.197766E+02
  0.106644E-04  0.519941E+05  0.519940E+05  0.693254E+05  0.693254E+05  0.000000E+00  0.519941E+05  0.519941E+05  0.519941E+05 -0.616317E+00  0.206433E+05  0.206433E+05  0.195467E+02
  0.107137E-04  0.510181E+05  0.510181E+05  0.680241E+05  0.680241E+05  0.000000E+00  0.510181E+05  0.510181E+05  0.510181E+05 -0.616317E+00  0.206433E+05  0.206433E+05  0.193224E+02
  0.107631E-04  0.500788E+05  0.500787E+05  0.667716E+05  0.667716E+05  0.000000E+00  0.500788E+05  0.500788E+05  0.500788E+05 -0.616317E+00  0.206433E+05  0.206433E+05  0.191035E+02
  0.108128E-04  0.491749E+05  0.491749E+05  0.655665E+05  0.655664E+05  0.000000E+00  0.491749E+05  0.491749E+05  0.491749E+05 -0.616317E+00  0.206433E+05  0.206433E+05  0.188898E+02
  0.108627E-04  0.483052E+05  0.483052E+05  0.644069E+05  0.644069E+05  0.000000E+00  0.483052E+05  0.483052E+05  0.483052E+05 -0.616317E+00  0.206433E+05  0.206433E+05  0.186813E+02
  0.109128E-04  0.474686E+05  0.474686E+05  0.632915E+05  0.632914E+05  0.000000E+00  0.474686E+05  0.474686E+05  0.474686E+05 -0.616317E+00  0.206433E+05  0.206433E+05  0.184778E+02
  0.109632E-04  0.466639E+05  0.466639E+05  0.622185E+05  0.622185E+05  0.000000E+00  0.466639E+05  0.466639E+05  0.466639E+05 -0.616317E+00  0.206433E+05  0.206433E+05  0.182791E+02
  0.110138E-04  0.458900E+05  0.458900E+05  0.611866E+05  0.611866E+05  0.000000E+00  0.458900E+05  0.458900E+05  0.458900E+05 -0.616317E+00  0.206433E+05  0.206433E+05  0.180853E+02
  0.110647E-04  0.451458E+05  0.451458E+05  0.601943E+05  0.601943E+05  0.000000E+00  0.451458E+05  0.451458E+05  0.451458E+05 -0.616317E+00  0.206433E+05  0.206433E+05  0.178961E+02
  0.111157E-04  0.444301E+05  0.444301E+05  0.592402E+05  0.592401E+05  0.000000E+00  0.444301E+05  0.444301E+05  0.444301E+05 -0.616317E+00  0.206433E+05  0.206433E+05  0.177115E+02
  0.111670E-04  0.412518E+05  0.412518E+05  0.550024E+05  0.550024E+05  0.000000E+00  0.412518E+05  0.412518E+05  0.412518E+05 -0.616317E+00  0.206433E+05  0.206433E+05  0.172265E+02
  0.112186E-04  0.372722E+05  0.372722E+05  0.496962E+05  0.496962E+05  0.000000E+00  0.372722E+05  0.372722E+05  0.372722E+05 -0.616317E+00  0.206433E+05  0.206433E+05  0.160596E+02
  0.112704E-04  0.263212E+05  0.263212E+05  0.350949E+05  0.350949E+05  0.000000E+00  0.263212E+05  0.263212E+05  0.263212E+05 -0.616317E+00  0.206433E+05  0.206433E+05  0.133783E+02
  0.113224E-04  0.242734E+05  0.242734E+05  0.323645E+05  0.323645E+05  0.000000E+00  0.242734E+05  0.242734E+05  0.242734E+05 -0.616317E+00  0.206433E+05  0.206433E+05  0.129448E+02
  0.113747E-04  0.222860E+05  0.222860E+05  0.297146E+05  0.297146E+05  0.000000E+00  0.222860E+05  0.222860E+05  0.222860E+05 -0.616317E+00  0.206433E+05  0.206433E+05  0.125181E+02
  0.114272E-04  0.203570E+05  0.203570E+05  0.271426E+05  0.271426E+05  0.000000E+00  0.203570E+05  0.203570E+05  0.203570E+05 -0.616317E+00  0.206433E+05  0.206433E+05  0.120982E+02
  0.114799E-04  0.184846E+05  0.184846E+05  0.246461E+05  0.246461E+05  0.000000E+00  0.184846E+05  0.184846E+05  0.184846E+05 -0.616317E+00  0.206433E+05  0.206433E+05  0.116849E+02
  0.115329E-04  0.166672E+05  0.166672E+05  0.222229E+05  0.222229E+05  0.000000E+00  0.166672E+05  0.166672E+05  0.166672E+05 -0.616317E+00  0.206433E+05  0.206433E+05  0.112780E+02
  0.115861E-04  0.149033E+05  0.149032E+05  0.198710E+05  0.198710E+05  0.000000E+00  0.149033E+05  0.149033E+05  0.149033E+05 -0.616317E+00  0.206433E+05  0.206433E+05  0.108776E+02
  0.116396E-04  0.131913E+05  0.131913E+05  0.175884E+05  0.175884E+05  0.000000E+00  0.131913E+05  0.131913E+05  0.131913E+05 -0.616317E+00  0.206433E+05  0.206433E+05  0.104835E+02
  0.116933E-04  0.115299E+05  0.115298E+05  0.153731E+05  0.153731E+05  0.000000E+00  0.115299E+05  0.115299E+05  0.115299E+05 -0.616317E+00  0.206433E+05  0.206433E+05  0.100957E+02
  0.117473E-04  0.991756E+04  0.991755E+04  0.132234E+05  0.132234E+05  0.000000E+00  0.991756E+04  0.991756E+04  0.991756E+04 -0.616317E+00  0.206433E+05  0.206433E+05  0.971396E+01
  0.118015E-04  0.835294E+04  0.835292E+04  0.111372E+05  0.111372E+05  0.000000E+00  0.835294E+04  0.835294E+04  0.835294E+04 -0.616317E+00  0.206433E+05  0.206433E+05  0.933828E+01
  0.118560E-04  0.683473E+04  0.683472E+04  0.911296E+04  0.911295E+04  0.000000E+00  0.683473E+04  0.683473E+04  0.683473E+04 -0.616317E+00  0.206434E+05  0.206433E+05  0.896856E+01
  0.119107E-04  0.536155E+04  0.536154E+04  0.714872E+04  0.714871E+04  0.000000E+00  0.536155E+04  0.536155E+04  0.536155E+04 -0.616318E+00  0.206434E+05  0.206433E+05  0.860472E+01
  0.119657E-04  0.393206E+04  0.393204E+04  0.524272E+04  0.524271E+04  0.000000E+00  0.393205E+04  0.393205E+04  0.393205E+04 -0.616318E+00  0.206434E+05  0.206433E+05  0.824665E+01
  0.120209E-04 -0.144915E+06 -0.144915E+06 -0.193220E+06 -0.193220E+06  0.000000E+00 -0.144915E+06 -0.144915E+06 -0.144915E+06 -0.616320E+00  0.206434E+05  0.206435E+05 -0.248437E+02
  0.120764E-04 -0.144289E+06 -0.144289E+06 -0.192385E+06 -0.192385E+06  0.000000E+00 -0.144289E+06 -0.144289E+06 -0.144289E+06 -0.616320E+00  0.206434E+05  0.206435E+05 -0.249207E+02
  0.121322E-04 -0.143642E+06 -0.143642E+06 -0.191523E+06 -0.191523E+06  0.000000E+00 -0.143642E+06 -0.143642E+06 -0.143642E+06 -0.616320E+00  0.206434E+05  0.206435E+05 -0.249931E+02
  0.121882E-04 -0.142977E+06 -0.142977E+06 -0.190636E+06 -0.190636E+06  0.000000E+00 -0.142977E+06 -0.142977E+06 -0.142977E+06 -0.616320E+00  0.206434E+05  0.206435E+05 -0.250608E+02
  0.122444E-04 -0.142292E+06 -0.142292E+06 -0.189723E+06 -0.189723E+06  0.000000E+00 -0.142292E+06 -0.142292E+06 -0.142292E+06 -0.616320E+00  0.206434E+05  0.206435E+05 -0.251241E+02
  0.123009E-04 -0.141590E+06 -0.141590E+06 -0.188787E+06 -0.188787E+06  0.000000E+00 -0.141590E+06 -0.141590E+06 -0.141590E+06 -0.616320E+00  0.206434E+05  0.206435E+05 -0.251830E+02
  0.123577E-04 -0.140871E+06 -0.140871E+06 -0.187828E+06 -0.187828E+06  0.000000E+00 -0.140871E+06 -0.140871E+06 -0.140871E+06 -0.616320E+00  0.206434E+05  0.206435E+05 -0.252376E+02
  0.124148E-04 -0.140136E+06 -0.140136E+06 -0.186848E+06 -0.186848E+06  0.000000E+00 -0.140136E+06 -0.140136E+06 -0.140136E+06 -0.616320E+00  0.206434E+05  0.206435E+05 -0.252880E+02
  0.124721E-04 -0.139384E+06 -0.139384E+06 -0.185846E+06 -0.185846E+06  0.000000E+00 -0.139384E+06 -0.139384E+06 -0.139384E+06 -0.616320E+00  0.206434E+05  0.206435E+05 -0.253342E+02
  0.125296E-04 -0.138618E+06 -0.138618E+06 -0.184824E+06 -0.184824E+06  0.000000E+00 -0.138618E+06 -0.138618E+06 -0.138618E+06 -0.616320E+00  0.206434E+05  0.206435E+05 -0.253764E+02
  0.125875E-04 -0.137837E+06 -0.137837E+06 -0.183783E+06 -0.183783E+06  0.000000E+00 -0.137837E+06 -0.137837E+06 -0.137837E+06 -0.616320E+00  0.206434E+05  0.206435E+05 -0.254147E+02
  0.126456E-04 -0.137042E+06 -0.137042E+06 -0.182723E+06 -0.182723E+06  0.000000E+00 -0.137042E+06 -0.137042E+06 -0.137042E+06 -0.616320E+00  0.206434E+05  0.206435E+05 -0.254490E+02
  0.127039E-04 -0.136234E+06 -0.136234E+06 -0.181645E+06 -0.181645E+06  0.000000E+00 -0.136234E+06 -0.136234E+06 -0.136234E+06 -0.616320E+00  0.206434E+05  0.206435E+05 -0.254795E+02
  0.127626E-04 -0.135413E+06 -0.135413E+06 -0.180551E+06 -0.180551E+06  0.000000E+00 -0.135413E+06 -0.135413E+06 -0.135413E+06 -0.616320E+00  0.206434E+05  0.206435E+05 -0.255063E+02
  0.128215E-04 -0.134581E+06 -0.134580E+06 -0.179441E+06 -0.179441E+06  0.000000E+00 -0.134580E+06 -0.134580E+06 -0.134580E+06 -0.616320E+00  0.206434E+05  0.206435E+05 -0.255295E+02
  0.128807E-04 -0.133736E+06 -0.133736E+06 -0.178315E+06 -0.178315E+06  0.000000E+00 -0.133736E+06 -0.133736E+06 -0.133736E+06 -0.616320E+00  0.206434E+05  0.206435E+05 -0.255491E+02
  0.129401E-04 -0.132881E+06 -0.132881E+06 -0.177174E+06 -0.177174E+06  0.000000E+00 -0.132881E+06 -0.132881E+06 -0.132881E+06 -0.616320E+00  0.206434E+05  0.206435E+05 -0.255651E+02
  0.129998E-04 -0.131839E+06 -0.131839E+06 -0.175785E+06 -0.175785E+06  0.000000E+00 -0.131839E+06 -0.131839E+06 -0.131839E+06 -0.616320E+00  0.206434E+05  0.206435E+05 -0.255342E+02
  0.130598E-04 -0.130459E+06 -0.130459E+06 -0.173946E+06 -0.173946E+06  0.000000E+00 -0.130459E+06 -0.130459E+06 -0.130459E+06 -0.616320E+00  0.206434E+05  0.206435E+05 -0.254188E+02
  0.131201E-04 -0.129082E+06 -0.129082E+06 -0.172109E+06 -0.172109E+06  0.000000E+00 -0.129082E+06 -0.129082E+06 -0.129082E+06 -0.616320E+00  0.206434E+05  0.206435E+05 -0.253029E+02
  0.131807E-04 -0.127707E+06 -0.127707E+06 -0.170277E+06 -0.170277E+06  0.000000E+00 -0.127707E+06 -0.127707E+06 -0.127707E+06 -0.616320E+00  0.206434E+05  0.206435E+05 -0.251865E+02
  0.132415E-04 -0.126336E+06 -0.126336E+06 -0.168448E+06 -0.168448E+06  0.000000E+00 -0.126336E+06 -0.126336E+06 -0.126336E+06 -0.616320E+00  0.206434E+05  0.206435E+05 -0.250698E+02
  0.133026E-04 -0.124967E+06 -0.124967E+06 -0.166623E+06 -0.166623E+06  0.000000E+00 -0.124967E+06 -0.124967E+06 -0.124967E+06 -0.616320E+00  0.206434E+05  0.206435E+05 -0.249526E+02
  0.133640E-04 -0.123602E+06 -0.123602E+06 -0.164803E+06 -0.164803E+06  0.000000E+00 -0.123602E+06 -0.123602E+06 -0.123602E+06 -0.616320E+00  0.206434E+05  0.206435E+05 -0.248351E+02
  0.134257E-04 -0.122241E+06 -0.122241E+06 -0.162988E+06 -0.162988E+06  0.000000E+00 -0.122241E+06 -0.122241E+06 -0.122241E+06 -0.616320E+00  0.206434E+05  0.206435E+05 -0.247172E+02
  0.134877E-04 -0.122554E+06 -0.122554E+06 -0.163405E+06 -0.163405E+06  0.000000E+00 -0.122554E+06 -0.122554E+06 -0.122554E+06 -0.616320E+00  0.206434E+05  0.206435E+05 -0.247469E+02
  0.135500E-04 -0.121542E+06 -0.121542E+06 -0.162057E+06 -0.162057E+06  0.000000E+00 -0.121542E+06 -0.121542E+06 -0.121542E+06 -0.616320E+00  0.206434E+05  0.206435E+05 -0.246595E+02
  0.136125E-04 -0.120534E+06 -0.120534E+06 -0.160713E+06 -0.160713E+06  0.000000E+00 -0.120534E+06 -0.120534E+06 -0.120534E+06 -0.616320E+00  0.206434E+05  0.206435E+05 -0.245721E+02
  0.136753E-04 -0.119530E+06 -0.119530E+06 -0.159373E+06 -0.159373E+06  0.000000E+00 -0.119530E+06 -0.119530E+06 -0.119530E+06 -0.616320E+00  0.206434E+05  0.206435E+05 -0.244845E+02
  0.137385E-04 -0.118529E+06 -0.118529E+06 -0.158038E+06 -0.158038E+06  0.000000E+00 -0.118529E+06 -0.118529E+06 -0.118529E+06 -0.616320E+00  0.206434E+05  0.206435E+05 -0.243968E+02
  0.138019E-04 -0.117531E+06 -0.117531E+06 -0.156707E+06 -0.156707E+06  0.000000E+00 -0.117531E+06 -0.117531E+06 -0.117531E+06 -0.616320E+00  0.206434E+05  0.206435E+05 -0.243089E+02
  0.138656E-04 -0.116536E+06 -0.116536E+06 -0.155381E+06 -0.155381E+06  0.000000E+00 -0.116536E+06 -0.116536E+06 -0.116536E+06 -0.616320E+00  0.206434E+05  0.206435E+05 -0.242208E+02
  0.139296E-04 -0.115544E+06 -0.115544E+06 -0.154059E+06 -0.154059E+06  0.000000E+00 -0.115544E+06 -0.115544E+06 -0.115544E+06 -0.616320E+00  0.206434E+05  0.206435E+05 -0.241326E+02
  0.139939E-04 -0.114555E+06 -0.114555E+06 -0.152740E+06 -0.152740E+06  0.000000E+00 -0.114555E+06 -0.114555E+06 -0.114555E+06 -0.616320E+00  0.206434E+05  0.206435E+05 -0.240441E+02
  0.140585E-04 -0.113569E+06 -0.113569E+06 -0.151426E+06 -0.151426E+06  0.000000E+00 -0.113569E+06 -0.113569E+06 -0.113569E+06 -0.616320E+00  0.206434E+05  0.206435E+05 -0.239553E+02
  0.141234E-04 -0.112587E+06 -0.112587E+06 -0.150116E+06 -0.150116E+06  0.000000E+00 -0.112587E+06 -0.112587E+06 -0.112587E+06 -0.616320E+00  0.206434E+05  0.206435E+05 -0.238663E+02
  0.141886E-04 -0.111607E+06 -0.111607E+06 -0.148809E+06 -0.148809E+06  0.000000E+00 -0.111607E+06 -0.111607E+06 -0.111607E+06 -0.616320E+00  0.206434E+05  0.206435E+05 -0.237770E+02
  0.142540E-04 -0.110630E+06 -0.110630E+06 -0.147506E+06 -0.147506E+06  0.000000E+00 -0.110630E+06 -0.110630E+06 -0.110630E+06 -0.616320E+00  0.206434E+05  0.206435E+05 -0.236875E+02
  0.143198E-04 -0.109656E+06 -0.109656E+06 -0.146208E+06 -0.146208E+06  0.000000E+00 -0.109656E+06 -0.109656E+06 -0.109656E+06 -0.616320E+00  0.206434E+05  0.206435E+05 -0.235976E+02
  0.143859E-04 -0.108685E+06 -0.108685E+06 -0.144913E+06 -0.144913E+06  0.000000E+00 -0.108685E+06 -0.108685E+06 -0.108685E+06 -0.616320E+00  0.206434E+05  0.206435E+05 -0.235074E+02
  0.144523E-04 -0.107716E+06 -0.107716E+06 -0.143622E+06 -0.143622E+06  0.000000E+00 -0.107716E+06 -0.107716E+06 -0.107716E+06 -0.616320E+00  0.206434E+05  0.206435E+05 -0.234169E+02
  0.145190E-04 -0.106751E+06 -0.106751E+06 -0.142335E+06 -0.142335E+06  0.000000E+00 -0.106751E+06 -0.106751E+06 -0.106751E+06 -0.616320E+00  0.206434E+05  0.206435E+05 -0.233261E+02
  0.145861E-04 -0.105789E+06 -0.105789E+06 -0.141052E+06 -0.141052E+06  0.000000E+00 -0.105789E+06 -0.105789E+06 -0.105789E+06 -0.616320E+00  0.206434E+05  0.206435E+05 -0.232350E+02
  0.146534E-04 -0.104830E+06 -0.104830E+06 -0.139773E+06 -0.139773E+06  0.000000E+00 -0.104830E+06 -0.104830E+06 -0.104830E+06 -0.616320E+00  0.206434E+05  0.206435E+05 -0.231435E+02
  0.147210E-04 -0.103873E+06 -0.103873E+06 -0.138498E+06 -0.138498E+06  0.000000E+00 -0.103873E+06 -0.103873E+06 -0.103873E+06 -0.616320E+00  0.206434E+05  0.206435E+05 -0.230517E+02
  0.147890E-04 -0.102920E+06 -0.102920E+06 -0.137226E+06 -0.137226E+06  0.000000E+00 -0.102920E+06 -0.102920E+06 -0.102920E+06 -0.616320E+00  0.206434E+05  0.206435E+05 -0.229595E+02
  0.148572E-04 -0.102035E+06 -0.102034E+06 -0.136046E+06 -0.136046E+06  0.000000E+00 -0.102035E+06 -0.102035E+06 -0.102035E+06 -0.616320E+00  0.206434E+05  0.206435E+05 -0.228842E+02
  0.149258E-04 -0.101150E+06 -0.101150E+06 -0.134867E+06 -0.134867E+06  0.000000E+00 -0.101150E+06 -0.101150E+06 -0.101150E+06 -0.616320E+00  0.206434E+05  0.206435E+05 -0.228087E+02
  0.149947E-04 -0.100265E+06 -0.100265E+06 -0.133686E+06 -0.133686E+06  0.000000E+00 -0.100265E+06 -0.100265E+06 -0.100265E+06 -0.616320E+00  0.206434E+05  0.206435E+05 -0.227327E+02
  0.150639E-04 -0.993789E+05 -0.993789E+05 -0.132505E+06 -0.132505E+06  0.000000E+00 -0.993789E+05 -0.993789E+05 -0.993789E+05 -0.616320E+00  0.206434E+05  0.206435E+05 -0.226560E+02
  0.151335E-04 -0.986550E+05 -0.986550E+05 -0.131540E+06 -0.131540E+06  0.000000E+00 -0.986550E+05 -0.986550E+05 -0.986550E+05 -0.616320E+00  0.206434E+05  0.206435E+05 -0.226289E+02
  0.152033E-04 -0.979471E+05 -0.979471E+05 -0.130596E+06 -0.130596E+06  0.000000E+00 -0.979471E+05 -0.979471E+05 -0.979471E+05 -0.616320E+00  0.206434E+05  0.206435E+05 -0.226071E+02
  0.152735E-04 -0.972299E+05 -0.972299E+05 -0.129640E+06 -0.129640E+06  0.000000E+00 -0.972299E+05 -0.972299E+05 -0.972299E+05 -0.616320E+00  0.206434E+05  0.206435E+05 -0.225829E+02
  0.153440E-04 -0.936505E+05 -0.936505E+05 -0.124867E+06 -0.124867E+06  0.000000E+00 -0.936505E+05 -0.936505E+05 -0.936505E+05 -0.616320E+00  0.206434E+05  0.206435E+05 -0.214576E+02
  0.154148E-04 -0.930630E+05 -0.930629E+05 -0.124084E+06 -0.124084E+06  0.000000E+00 -0.930630E+05 -0.930630E+05 -0.930630E+05 -0.616320E+00  0.206434E+05  0.206435E+05 -0.214502E+02
  0.154860E-04 -0.924651E+05 -0.924651E+05 -0.123287E+06 -0.123287E+06  0.000000E+00 -0.924651E+05 -0.924651E+05 -0.924651E+05 -0.616320E+00  0.206434E+05  0.206435E+05 -0.214404E+02
  0.155574E-04 -0.918571E+05 -0.918571E+05 -0.122476E+06 -0.122476E+06  0.000000E+00 -0.918571E+05 -0.918571E+05 -0.918571E+05 -0.616320E+00  0.206434E+05  0.206435E+05 -0.214282E+02
  0.156292E-04 -0.912392E+05 -0.912392E+05 -0.121652E+06 -0.121652E+06  0.000000E+00 -0.912392E+05 -0.912392E+05 -0.912392E+05 -0.616320E+00  0.206434E+05  0.206435E+05 -0.214135E+02
  0.157014E-04 -0.906118E+05 -0.906118E+05 -0.120816E+06 -0.120816E+06  0.000000E+00 -0.906118E+05 -0.906118E+05 -0.906118E+05 -0.616320E+00  0.206434E+05  0.206435E+05 -0.213964E+02
  0.157739E-04 -0.899751E+05 -0.899751E+05 -0.119967E+06 -0.119967E+06  0.000000E+00 -0.899751E+05 -0.899751E+05 -0.899751E+05 -0.616320E+00  0.206434E+05  0.206435E+05 -0.213770E+02
  0.158467E-04 -0.893295E+05 -0.893294E+05 -0.119106E+06 -0.119106E+06  0.000000E+00 -0.893294E+05 -0.893294E+05 -0.893294E+05 -0.616320E+00  0.206434E+05  0.206435E+05 -0.213551E+02
  0.159198E-04 -0.886752E+05 -0.886752E+05 -0.118234E+06 -0.118234E+06  0.000000E+00 -0.886752E+05 -0.886752E+05 -0.886752E+05 -0.616320E+00  0.206434E+05  0.206435E+05 -0.213309E+02
  0.159933E-04 -0.880128E+05 -0.880128E+05 -0.117350E+06 -0.117350E+06  0.000000E+00 -0.880128E+05 -0.880128E+05 -0.880128E+05 -0.616320E+00  0.206434E+05  0.206435E+05 -0.213044E+02
  0.160671E-04 -0.873426E+05 -0.873426E+05 -0.116457E+06 -0.116457E+06  0.000000E+00 -0.873426E+05 -0.873426E+05 -0.873426E+05 -0.616320E+00  0.206434E+05  0.206435E+05 -0.212757E+02
  0.161413E-04 -0.866650E+05 -0.866650E+05 -0.115553E+06 -0.115553E+06  0.000000E+00 -0.866650E+05 -0.866650E+05 -0.866650E+05 -0.616320E+00  0.206434E+05  0.206435E+05 -0.212447E+02
  0.162158E-04 -0.859803E+05 -0.859803E+05 -0.114640E+06 -0.114640E+06  0.000000E+00 -0.859803E+05 -0.859803E+05 -0.859803E+05 -0.616320E+00  0.206434E+05  0.206435E+05 -0.212114E+02
  0.162906E-04 -0.852890E+05 -0.852889E+05 -0.113719E+06 -0.113719E+06  0.000000E+00 -0.852890E+05 -0.852890E+05 -0.852890E+05 -0.616320E+00  0.206434E+05  0.206435E+05 -0.211760E+02
  0.163658E-04 -0.845914E+05 -0.845914E+05 -0.112788E+06 -0.112788E+06  0.000000E+00 -0.845914E+05 -0.845914E+05 -0.845914E+05 -0.616320E+00  0.206434E+05  0.206435E+05 -0.211384E+02
  0.164414E-04 -0.838880E+05 -0.838880E+05 -0.111851E+06 -0.111851E+06  0.000000E+00 -0.838880E+05 -0.838880E+05 -0.838880E+05 -0.616320E+00  0.206434E+05  0.206435E+05 -0.210988E+02
  0.165173E-04 -0.831793E+05 -0.831792E+05 -0.110906E+06 -0.110906E+06  0.000000E+00 -0.831792E+05 -0.831792E+05 -0.831792E+05 -0.616320E+00  0.206434E+05  0.206435E+05 -0.210570E+02
  0.165935E-04 -0.824657E+05 -0.824656E+05 -0.109954E+06 -0.109954E+06  0.000000E+00 -0.824657E+05 -0.824657E+05 -0.824657E+05 -0.616320E+00  0.206434E+05  0.206435E+05 -0.210133E+02
  0.166701E-04 -0.817495E+05 -0.817495E+05 -0.108999E+06 -0.108999E+06  0.000000E+00 -0.817495E+05 -0.817495E+05 -0.817495E+05 -0.616320E+00  0.206434E+05  0.206435E+05 -0.209760E+02
  0.167470E-04 -0.810281E+05 -0.810280E+05 -0.108037E+06 -0.108037E+06  0.000000E+00 -0.810281E+05 -0.810281E+05 -0.810281E+05 -0.616320E+00  0.206434E+05  0.206435E+05 -0.209285E+02
  0.168243E-04 -0.803032E+05 -0.803032E+05 -0.107071E+06 -0.107071E+06  0.000000E+00 -0.803032E+05 -0.803032E+05 -0.803032E+05 -0.616320E+00  0.206434E+05  0.206435E+05 -0.208791E+02
  0.169020E-04 -0.795753E+05 -0.795753E+05 -0.106100E+06 -0.106100E+06  0.000000E+00 -0.795753E+05 -0.795753E+05 -0.795753E+05 -0.616320E+00  0.206434E+05  0.206435E+05 -0.208279E+02
  0.169800E-04 -0.788449E+05 -0.788448E+05 -0.105126E+06 -0.105126E+06  0.000000E+00 -0.788448E+05 -0.788448E+05 -0.788448E+05 -0.616320E+00  0.206434E+05  0.206435E+05 -0.207750E+02
  0.170584E-04 -0.781123E+05 -0.781122E+05 -0.104150E+06 -0.104150E+06  0.000000E+00 -0.781123E+05 -0.781123E+05 -0.781123E+05 -0.616320E+00  0.206434E+05  0.206435E+05 -0.207204E+02
  0.171371E-04 -0.773780E+05 -0.773780E+05 -0.103171E+06 -0.103171E+06  0.000000E+00 -0.773780E+05 -0.773780E+05 -0.773780E+05 -0.616320E+00  0.206434E+05  0.206435E+05 -0.206643E+02
  0.172162E-04 -0.766427E+05 -0.766426E+05 -0.102190E+06 -0.102190E+06  0.000000E+00 -0.766427E+05 -0.766427E+05 -0.766427E+05 -0.616320E+00  0.206434E+05  0.206435E+05 -0.206066E+02
  0.172957E-04 -0.759066E+05 -0.759066E+05 -0.101209E+06 -0.101209E+06  0.000000E+00 -0.759066E+05 -0.759066E+05 -0.759066E+05 -0.616320E+00  0.206434E+05  0.206435E+05 -0.205475E+02
  0.173755E-04 -0.751704E+05 -0.751704E+05 -0.100227E+06 -0.100227E+06  0.000000E+00 -0.751704E+05 -0.751704E+05 -0.751704E+05 -0.616320E+00  0.206434E+05  0.206435E+05 -0.204871E+02
  0.174557E-04 -0.744347E+05 -0.744346E+05 -0.992462E+05 -0.992462E+05  0.000000E+00 -0.744347E+05 -0.744347E+05 -0.744347E+05 -0.616320E+00  0.206434E+05  0.206435E+05 -0.204253E+02
  0.175363E-04 -0.736998E+05 -0.736998E+05 -0.982664E+05 -0.982664E+05  0.000000E+00 -0.736998E+05 -0.736998E+05 -0.736998E+05 -0.616320E+00  0.206434E+05  0.206435E+05 -0.203624E+02
  0.176172E-04 -0.729665E+05 -0.729664E+05 -0.972886E+05 -0.972886E+05  0.000000E+00 -0.729665E+05 -0.729665E+05 -0.729665E+05 -0.616320E+00  0.206434E+05  0.206435E+05 -0.202984E+02
  0.176986E-04 -0.722351E+05 -0.722351E+05 -0.963134E+05 -0.963134E+05  0.000000E+00 -0.722351E+05 -0.722351E+05 -0.722351E+05 -0.616320E+00  0.206434E+05  0.206435E+05 -0.202334E+02
  0.177803E-04 -0.715063E+05 -0.715063E+05 -0.953417E+05 -0.953417E+05  0.000000E+00 -0.715063E+05 -0.715063E+05 -0.715063E+05 -0.616320E+00  0.206434E+05  0.206435E+05 -0.201676E+02
  0.178623E-04 -0.707807E+05 -0.707807E+05 -0.943743E+05 -0.943743E+05  0.000000E+00 -0.707807E+05 -0.707807E+05 -0.707807E+05 -0.616320E+00  0.206434E+05  0.206435E+05 -0.201002E+02
  0.179448E-04 -0.700588E+05 -0.700588E+05 -0.934117E+05 -0.934117E+05  0.000000E+00 -0.700588E+05 -0.700588E+05 -0.700588E+05 -0.616320E+00  0.206434E+05  0.206435E+05 -0.200329E+02
  0.180276E-04 -0.693412E+05 -0.693412E+05 -0.924549E+05 -0.924549E+05  0.000000E+00 -0.693412E+05 -0.693412E+05 -0.693412E+05 -0.616320E+00  0.206434E+05  0.206435E+05 -0.199651E+02
  0.181108E-04 -0.695942E+05 -0.695942E+05 -0.927922E+05 -0.927922E+05  0.000000E+00 -0.695942E+05 -0.695942E+05 -0.695942E+05 -0.616320E+00  0.206434E+05  0.206435E+05 -0.200268E+02
  0.181944E-04 -0.690400E+05 -0.690400E+05 -0.920533E+05 -0.920533E+05  0.000000E+00 -0.690400E+05 -0.690400E+05 -0.690400E+05 -0.616320E+00  0.206434E+05  0.206435E+05 -0.199794E+02
  0.182784E-04 -0.684832E+05 -0.684832E+05 -0.913109E+05 -0.913109E+05  0.000000E+00 -0.684832E+05 -0.684832E+05 -0.684832E+05 -0.616320E+00  0.206434E+05  0.206435E+05 -0.199306E+02
  0.183628E-04 -0.679238E+05 -0.679237E+05 -0.905650E+05 -0.905650E+05  0.000000E+00 -0.679238E+05 -0.679238E+05 -0.679238E+05 -0.616320E+00  0.206434E+05  0.206435E+05 -0.198805E+02
  0.184475E-04 -0.563892E+05 -0.563892E+05 -0.751856E+05 -0.751855E+05  0.000000E+00 -0.563892E+05 -0.563892E+05 -0.563892E+05 -0.616320E+00  0.206434E+05  0.206435E+05 -0.162982E+02
  0.185327E-04 -0.559426E+05 -0.559426E+05 -0.745901E+05 -0.745901E+05  0.000000E+00 -0.559426E+05 -0.559426E+05 -0.559426E+05 -0.616320E+00  0.206434E+05  0.206435E+05 -0.162689E+02
  0.186182E-04 -0.554936E+05 -0.554936E+05 -0.739915E+05 -0.739915E+05  0.000000E+00 -0.554936E+05 -0.554936E+05 -0.554936E+05 -0.616320E+00  0.206434E+05  0.206435E+05 -0.162384E+02
  0.187042E-04 -0.550425E+05 -0.550425E+05 -0.733900E+05 -0.733900E+05  0.000000E+00 -0.550425E+05 -0.550425E+05 -0.550425E+05 -0.616320E+00  0.206434E+05  0.206435E+05 -0.162066E+02
  0.187905E-04 -0.545896E+05 -0.545895E+05 -0.727861E+05 -0.727861E+05  0.000000E+00 -0.545896E+05 -0.545896E+05 -0.545896E+05 -0.616320E+00  0.206434E+05  0.206435E+05 -0.161735E+02
  0.188772E-04 -0.401601E+05 -0.401600E+05 -0.535467E+05 -0.535467E+05  0.000000E+00 -0.401600E+05 -0.401600E+05 -0.401600E+05 -0.616319E+00  0.206434E+05  0.206435E+05 -0.127116E+02
  0.189644E-04 -0.400663E+05 -0.400663E+05 -0.534218E+05 -0.534218E+05  0.000000E+00 -0.400663E+05 -0.400663E+05 -0.400663E+05 -0.616319E+00  0.206434E+05  0.206435E+05 -0.127482E+02
  0.190519E-04 -0.399608E+05 -0.399607E+05 -0.532810E+05 -0.532810E+05  0.000000E+00 -0.399608E+05 -0.399608E+05 -0.399608E+05 -0.616319E+00  0.206434E+05  0.206435E+05 -0.127819E+02
  0.191398E-04 -0.398439E+05 -0.398439E+05 -0.531252E+05 -0.531252E+05  0.000000E+00 -0.398439E+05 -0.398439E+05 -0.398439E+05 -0.616319E+00  0.206434E+05  0.206435E+05 -0.128128E+02
  0.192282E-04 -0.397164E+05 -0.397163E+05 -0.529551E+05 -0.529551E+05  0.000000E+00 -0.397164E+05 -0.397164E+05 -0.397164E+05 -0.616320E+00  0.206434E+05  0.206435E+05 -0.128410E+02
  0.193169E-04 -0.395786E+05 -0.395785E+05 -0.527714E+05 -0.527714E+05  0.000000E+00 -0.395786E+05 -0.395786E+05 -0.395786E+05 -0.616320E+00  0.206434E+05  0.206435E+05 -0.128666E+02
  0.194061E-04 -0.394311E+05 -0.394311E+05 -0.525748E+05 -0.525747E+05  0.000000E+00 -0.394311E+05 -0.394311E+05 -0.394311E+05 -0.616320E+00  0.206434E+05  0.206435E+05 -0.128897E+02
  0.194957E-04 -0.392744E+05 -0.392744E+05 -0.523659E+05 -0.523659E+05  0.000000E+00 -0.392744E+05 -0.392744E+05 -0.392744E+05 -0.616320E+00  0.206434E+05  0.206435E+05 -0.129103E+02
  0.195857E-04 -0.391093E+05 -0.391092E+05 -0.521456E+05 -0.521456E+05  0.000000E+00 -0.391093E+05 -0.391093E+05 -0.391093E+05 -0.616320E+00  0.206434E+05  0.206435E+05 -0.129286E+02
  0.196761E-04 -0.389361E+05 -0.389360E+05 -0.519147E+05 -0.519147E+05  0.000000E+00 -0.389361E+05 -0.389361E+05 -0.389361E+05 -0.616320E+00  0.206434E+05  0.206435E+05 -0.129446E+02
  0.197669E-04 -0.387553E+05 -0.387553E+05 -0.516737E+05 -0.516737E+05  0.000000E+00 -0.387553E+05 -0.387553E+05 -0.387553E+05 -0.616320E+00  0.206434E+05  0.206435E+05 -0.129585E+02
  0.198581E-04 -0.385675E+05 -0.385675E+05 -0.514233E+05 -0.514233E+05  0.000000E+00 -0.385675E+05 -0.385675E+05 -0.385675E+05 -0.616320E+00  0.206434E+05  0.206435E+05 -0.129702E+02
  0.199498E-04 -0.383728E+05 -0.383728E+05 -0.511638E+05 -0.511637E+05  0.000000E+00 -0.383728E+05 -0.383728E+05 -0.383728E+05 -0.616320E+00  0.206434E+05  0.206435E+05 -0.129798E+02
  0.200419E-04 -0.381727E+05 -0.381727E+05 -0.508969E+05 -0.508969E+05  0.000000E+00 -0.381727E+05 -0.381727E+05 -0.381727E+05 -0.616320E+00  0.206434E+05  0.206435E+05 -0.129874E+02
  0.201344E-04 -0.379660E+05 -0.379660E+05 -0.506213E+05 -0.506213E+05  0.000000E+00 -0.379660E+05 -0.379660E+05 -0.379660E+05 -0.616320E+00  0.206434E+05  0.206435E+05 -0.129932E+02
  0.202273E-04 -0.377539E+05 -0.377539E+05 -0.503385E+05 -0.503385E+05  0.000000E+00 -0.377539E+05 -0.377539E+05 -0.377539E+05 -0.616320E+00  0.206434E+05  0.206435E+05 -0.129971E+02
  0.203207E-04 -0.375369E+05 -0.375368E+05 -0.500491E+05 -0.500491E+05  0.000000E+00 -0.375369E+05 -0.375369E+05 -0.375369E+05 -0.616320E+00  0.206434E+05  0.206435E+05 -0.129993E+02
  0.204145E-04 -0.373152E+05 -0.373152E+05 -0.497536E+05 -0.497536E+05  0.000000E+00 -0.373152E+05 -0.373152E+05 -0.373152E+05 -0.616320E+00  0.206434E+05  0.206435E+05 -0.129997E+02
  0.205087E-04 -0.224656E+05 -0.224656E+05 -0.299541E+05 -0.299541E+05  0.000000E+00 -0.224656E+05 -0.224656E+05 -0.224656E+05 -0.616319E+00  0.206434E+05  0.206434E+05 -0.927095E+01
  0.206034E-04 -0.225529E+05 -0.225529E+05 -0.300705E+05 -0.300705E+05  0.000000E+00 -0.225529E+05 -0.225529E+05 -0.225529E+05 -0.616319E+00  0.206434E+05  0.206434E+05 -0.933009E+01
  0.206985E-04 -0.226298E+05 -0.226298E+05 -0.301731E+05 -0.301731E+05  0.000000E+00 -0.226298E+05 -0.226298E+05 -0.226298E+05 -0.616319E+00  0.206434E+05  0.206434E+05 -0.938936E+01
  0.207940E-04 -0.226963E+05 -0.226963E+05 -0.302617E+05 -0.302617E+05  0.000000E+00 -0.226963E+05 -0.226963E+05 -0.226963E+05 -0.616319E+00  0.206434E+05  0.206434E+05 -0.944343E+01
  0.208900E-04 -0.227530E+05 -0.227530E+05 -0.303373E+05 -0.303373E+05  0.000000E+00 -0.227530E+05 -0.227530E+05 -0.227530E+05 -0.616319E+00  0.206434E+05  0.206434E+05 -0.949503E+01
  0.209864E-04 -0.228002E+05 -0.228001E+05 -0.304002E+05 -0.304002E+05  0.000000E+00 -0.228002E+05 -0.228002E+05 -0.228002E+05 -0.616319E+00  0.206434E+05  0.206434E+05 -0.954424E+01
  0.210833E-04 -0.228383E+05 -0.228383E+05 -0.304510E+05 -0.304510E+05  0.000000E+00 -0.228383E+05 -0.228383E+05 -0.228383E+05 -0.616319E+00  0.206434E+05  0.206434E+05 -0.959109E+01
  0.211806E-04 -0.228918E+05 -0.228918E+05 -0.305223E+05 -0.305223E+05  0.000000E+00 -0.228918E+05 -0.228918E+05 -0.228918E+05 -0.616319E+00  0.206434E+05  0.206434E+05 -0.963922E+01
  0.212784E-04 -0.229127E+05 -0.229127E+05 -0.305502E+05 -0.305502E+05  0.000000E+00 -0.229127E+05 -0.229127E+05 -0.229127E+05 -0.616319E+00  0.206434E+05  0.206434E+05 -0.968201E+01
  0.213766E-04 -0.229256E+05 -0.229256E+05 -0.305674E+05 -0.305674E+05  0.000000E+00 -0.229256E+05 -0.229256E+05 -0.229256E+05 -0.616319E+00  0.206434E+05  0.206434E+05 -0.972263E+01
  0.214752E-04 -0.229308E+05 -0.229308E+05 -0.305744E+05 -0.305744E+05  0.000000E+00 -0.229308E+05 -0.229308E+05 -0.229308E+05 -0.616319E+00  0.206434E+05  0.206434E+05 -0.976109E+01
  0.215744E-04 -0.309131E+05 -0.309131E+05 -0.412174E+05 -0.412174E+05  0.000000E+00 -0.309131E+05 -0.309131E+05 -0.309131E+05 -0.616320E+00  0.206434E+05  0.206434E+05 -0.113020E+02
  0.216739E-04 -0.307155E+05 -0.307155E+05 -0.409540E+05 -0.409540E+05  0.000000E+00 -0.307155E+05 -0.307155E+05 -0.307155E+05 -0.616320E+00  0.206434E+05  0.206434E+05 -0.113004E+02
  0.217740E-04 -0.305152E+05 -0.305152E+05 -0.406870E+05 -0.406870E+05  0.000000E+00 -0.305152E+05 -0.305152E+05 -0.305152E+05 -0.616320E+00  0.206434E+05  0.206434E+05 -0.112975E+02
  0.218745E-04 -0.176244E+05 -0.176244E+05 -0.234992E+05 -0.234992E+05  0.000000E+00 -0.176244E+05 -0.176244E+05 -0.176244E+05 -0.616319E+00  0.206434E+05  0.206434E+05 -0.783674E+01
  0.219755E-04 -0.176954E+05 -0.176954E+05 -0.235938E+05 -0.235938E+05  0.000000E+00 -0.176954E+05 -0.176954E+05 -0.176954E+05 -0.616319E+00  0.206434E+05  0.206434E+05 -0.788969E+01
  0.220769E-04 -0.177575E+05 -0.177574E+05 -0.236766E+05 -0.236766E+05  0.000000E+00 -0.177575E+05 -0.177575E+05 -0.177575E+05 -0.616319E+00  0.206434E+05  0.206434E+05 -0.794024E+01
  0.221788E-04 -0.178111E+05 -0.178111E+05 -0.237481E+05 -0.237481E+05  0.000000E+00 -0.178111E+05 -0.178111E+05 -0.178111E+05 -0.616319E+00  0.206434E+05  0.206434E+05 -0.798846E+01
  0.222812E-04 -0.178566E+05 -0.178565E+05 -0.238087E+05 -0.238087E+05  0.000000E+00 -0.178566E+05 -0.178566E+05 -0.178566E+05 -0.616319E+00  0.206434E+05  0.206434E+05 -0.803438E+01
  0.223840E-04 -0.178943E+05 -0.178942E+05 -0.238590E+05 -0.238590E+05  0.000000E+00 -0.178943E+05 -0.178943E+05 -0.178943E+05 -0.616319E+00  0.206434E+05  0.206434E+05 -0.807805E+01
  0.224873E-04 -0.179245E+05 -0.179245E+05 -0.238994E+05 -0.238994E+05  0.000000E+00 -0.179245E+05 -0.179245E+05 -0.179245E+05 -0.616319E+00  0.206434E+05  0.206434E+05 -0.811953E+01
  0.225911E-04 -0.179477E+05 -0.179477E+05 -0.239302E+05 -0.239302E+05  0.000000E+00 -0.179477E+05 -0.179477E+05 -0.179477E+05 -0.616319E+00  0.206434E+05  0.206434E+05 -0.815888E+01
  0.226954E-04 -0.179640E+05 -0.179640E+05 -0.239520E+05 -0.239520E+05  0.000000E+00 -0.179640E+05 -0.179640E+05 -0.179640E+05 -0.616319E+00  0.206434E+05  0.206434E+05 -0.819614E+01
  0.228002E-04 -0.179835E+05 -0.179835E+05 -0.239780E+05 -0.239780E+05  0.000000E+00 -0.179835E+05 -0.179835E+05 -0.179835E+05 -0.616319E+00  0.206434E+05  0.206434E+05 -0.823124E+01
  0.229054E-04 -0.179872E+05 -0.179872E+05 -0.239829E+05 -0.239829E+05  0.000000E+00 -0.179872E+05 -0.179872E+05 -0.179872E+05 -0.616319E+00  0.206434E+05  0.206434E+05 -0.826448E+01
  0.230111E-04 -0.179849E+05 -0.179849E+05 -0.239798E+05 -0.239798E+05  0.000000E+00 -0.179849E+05 -0.179849E+05 -0.179849E+05 -0.616319E+00  0.206434E+05  0.206434E+05 -0.829573E+01
  0.231173E-04 -0.179761E+05 -0.179761E+05 -0.239681E+05 -0.239681E+05  0.000000E+00 -0.179761E+05 -0.179761E+05 -0.179761E+05 -0.616319E+00  0.206434E+05  0.206434E+05 -0.832473E+01
  0.232241E-04 -0.179613E+05 -0.179613E+05 -0.239484E+05 -0.239484E+05  0.000000E+00 -0.179613E+05 -0.179613E+05 -0.179613E+05 -0.616319E+00  0.206434E+05  0.206434E+05 -0.835162E+01
  0.233313E-04 -0.179412E+05 -0.179411E+05 -0.239215E+05 -0.239215E+05  0.000000E+00 -0.179412E+05 -0.179412E+05 -0.179412E+05 -0.616320E+00  0.206434E+05  0.206434E+05 -0.837655E+01
  0.234389E-04 -0.179161E+05 -0.179161E+05 -0.238881E+05 -0.238881E+05  0.000000E+00 -0.179161E+05 -0.179161E+05 -0.179161E+05 -0.616320E+00  0.206434E+05  0.206434E+05 -0.839964E+01
  0.235471E-04 -0.178866E+05 -0.178866E+05 -0.238488E+05 -0.238488E+05  0.000000E+00 -0.178866E+05 -0.178866E+05 -0.178866E+05 -0.616320E+00  0.206434E+05  0.206434E+05 -0.842102E+01
  0.236558E-04 -0.178530E+05 -0.178530E+05 -0.238040E+05 -0.238040E+05  0.000000E+00 -0.178530E+05 -0.178530E+05 -0.178530E+05 -0.616320E+00  0.206434E+05  0.206434E+05 -0.844080E+01
  0.237650E-04 -0.178158E+05 -0.178158E+05 -0.237544E+05 -0.237544E+05  0.000000E+00 -0.178158E+05 -0.178158E+05 -0.178158E+05 -0.616320E+00  0.206434E+05  0.206434E+05 -0.845905E+01
  0.238747E-04 -0.177753E+05 -0.177752E+05 -0.237003E+05 -0.237003E+05  0.000000E+00 -0.177753E+05 -0.177753E+05 -0.177753E+05 -0.616320E+00  0.206434E+05  0.206434E+05 -0.847587E+01
  0.239849E-04 -0.177317E+05 -0.177317E+05 -0.236422E+05 -0.236422E+05  0.000000E+00 -0.177317E+05 -0.177317E+05 -0.177317E+05 -0.616320E+00  0.206434E+05  0.206434E+05 -0.849133E+01
  0.240956E-04 -0.176854E+05 -0.176854E+05 -0.235805E+05 -0.235805E+05  0.000000E+00 -0.176854E+05 -0.176854E+05 -0.176854E+05 -0.616320E+00  0.206434E+05  0.206434E+05 -0.850551E+01
  0.242068E-04 -0.176367E+05 -0.176366E+05 -0.235155E+05 -0.235155E+05  0.000000E+00 -0.176367E+05 -0.176367E+05 -0.176367E+05 -0.616320E+00  0.206434E+05  0.206434E+05 -0.851847E+01
  0.243186E-04 -0.175857E+05 -0.175857E+05 -0.234476E+05 -0.234476E+05  0.000000E+00 -0.175857E+05 -0.175857E+05 -0.175857E+05 -0.616320E+00  0.206434E+05  0.206434E+05 -0.853027E+01
  0.244308E-04 -0.175329E+05 -0.175329E+05 -0.233772E+05 -0.233772E+05  0.000000E+00 -0.175329E+05 -0.175329E+05 -0.175329E+05 -0.616320E+00  0.206434E+05  0.206434E+05 -0.854098E+01
  0.245436E-04 -0.174784E+05 -0.174783E+05 -0.233044E+05 -0.233044E+05  0.000000E+00 -0.174784E+05 -0.174784E+05 -0.174784E+05 -0.616320E+00  0.206434E+05  0.206434E+05 -0.855065E+01
  0.246569E-04 -0.174223E+05 -0.174223E+05 -0.232297E+05 -0.232297E+05  0.000000E+00 -0.174223E+05 -0.174223E+05 -0.174223E+05 -0.616320E+00  0.206434E+05  0.206434E+05 -0.855934E+01
  0.247707E-04 -0.173650E+05 -0.173650E+05 -0.231533E+05 -0.231533E+05  0.000000E+00 -0.173650E+05 -0.173650E+05 -0.173650E+05 -0.616320E+00  0.206434E+05  0.206434E+05 -0.856709E+01
  0.248850E-04 -0.186464E+05 -0.186464E+05 -0.248619E+05 -0.248619E+05  0.000000E+00 -0.186464E+05 -0.186464E+05 -0.186464E+05 -0.616320E+00  0.206434E+05  0.206434E+05 -0.875764E+01
  0.249999E-04 -0.175198E+05 -0.175198E+05 -0.233598E+05 -0.233598E+05  0.000000E+00 -0.175198E+05 -0.175198E+05 -0.175198E+05 -0.616320E+00  0.206434E+05  0.206434E+05 -0.865263E+01
  0.251153E-04 -0.174578E+05 -0.174578E+05 -0.232770E+05 -0.232770E+05  0.000000E+00 -0.174578E+05 -0.174578E+05 -0.174578E+05 -0.616320E+00  0.206434E+05  0.206434E+05 -0.865877E+01
  0.252312E-04 -0.173898E+05 -0.173898E+05 -0.231863E+05 -0.231863E+05  0.000000E+00 -0.173898E+05 -0.173898E+05 -0.173898E+05 -0.616320E+00  0.206434E+05  0.206434E+05 -0.866293E+01
  0.253477E-04 -0.173160E+05 -0.173159E+05 -0.230879E+05 -0.230879E+05  0.000000E+00 -0.173160E+05 -0.173160E+05 -0.173160E+05 -0.616320E+00  0.206434E+05  0.206434E+05 -0.866510E+01
  0.254647E-04 -0.172365E+05 -0.172365E+05 -0.229820E+05 -0.229820E+05  0.000000E+00 -0.172365E+05 -0.172365E+05 -0.172365E+05 -0.616320E+00  0.206434E+05  0.206434E+05 -0.866533E+01
  0.255822E-04 -0.171517E+05 -0.171516E+05 -0.228688E+05 -0.228688E+05  0.000000E+00 -0.171517E+05 -0.171517E+05 -0.171517E+05 -0.616320E+00  0.206434E+05  0.206434E+05 -0.866363E+01
  0.257003E-04 -0.170364E+05 -0.170364E+05 -0.227152E+05 -0.227152E+05  0.000000E+00 -0.170364E+05 -0.170364E+05 -0.170364E+05 -0.616320E+00  0.206434E+05  0.206434E+05 -0.865264E+01
  0.258189E-04 -0.169414E+05 -0.169414E+05 -0.225885E+05 -0.225885E+05  0.000000E+00 -0.169414E+05 -0.169414E+05 -0.169414E+05 -0.616320E+00  0.206434E+05  0.206434E+05 -0.864700E+01
  0.259381E-04 -0.168414E+05 -0.168414E+05 -0.224552E+05 -0.224552E+05  0.000000E+00 -0.168414E+05 -0.168414E+05 -0.168414E+05 -0.616320E+00  0.206434E+05  0.206434E+05 -0.863966E+01
  0.260578E-04 -0.167715E+05 -0.167715E+05 -0.223620E+05 -0.223620E+05  0.000000E+00 -0.167715E+05 -0.167715E+05 -0.167715E+05 -0.616320E+00  0.206434E+05  0.206434E+05 -0.863789E+01
  0.261781E-04 -0.167177E+05 -0.167177E+05 -0.222902E+05 -0.222902E+05  0.000000E+00 -0.167177E+05 -0.167177E+05 -0.167177E+05 -0.616320E+00  0.206434E+05  0.206434E+05 -0.863869E+01
  0.262989E-04 -0.166564E+05 -0.166563E+05 -0.222085E+05 -0.222085E+05  0.000000E+00 -0.166564E+05 -0.166564E+05 -0.166564E+05 -0.616320E+00  0.206434E+05  0.206434E+05 -0.863708E+01
  0.264203E-04 -0.165878E+05 -0.165878E+05 -0.221171E+05 -0.221171E+05  0.000000E+00 -0.165878E+05 -0.165878E+05 -0.165878E+05 -0.616320E+00  0.206434E+05  0.206434E+05 -0.863309E+01
  0.265423E-04 -0.165123E+05 -0.165122E+05 -0.220163E+05 -0.220163E+05  0.000000E+00 -0.165123E+05 -0.165123E+05 -0.165123E+05 -0.616320E+00  0.206434E+05  0.206434E+05 -0.862675E+01
  0.266648E-04 -0.164299E+05 -0.164298E+05 -0.219065E+05 -0.219065E+05  0.000000E+00 -0.164299E+05 -0.164299E+05 -0.164299E+05 -0.616320E+00  0.206434E+05  0.206434E+05 -0.861807E+01
  0.267879E-04 -0.163409E+05 -0.163409E+05 -0.217878E+05 -0.217878E+05  0.000000E+00 -0.163409E+05 -0.163409E+05 -0.163409E+05 -0.616320E+00  0.206434E+05  0.206434E+05 -0.860713E+01
  0.269115E-04 -0.162456E+05 -0.162456E+05 -0.216607E+05 -0.216607E+05  0.000000E+00 -0.162456E+05 -0.162456E+05 -0.162456E+05 -0.616320E+00  0.206434E+05  0.206434E+05 -0.859394E+01
  0.270357E-04 -0.161442E+05 -0.161441E+05 -0.215255E+05 -0.215255E+05  0.000000E+00 -0.161442E+05 -0.161442E+05 -0.161442E+05 -0.616320E+00  0.206434E+05  0.206434E+05 -0.857857E+01
  0.271605E-04 -0.160369E+05 -0.160369E+05 -0.213825E+05 -0.213825E+05  0.000000E+00 -0.160369E+05 -0.160369E+05 -0.160369E+05 -0.616320E+00  0.206434E+05  0.206434E+05 -0.856106E+01
  0.272859E-04 -0.159240E+05 -0.159239E+05 -0.212319E+05 -0.212319E+05  0.000000E+00 -0.159240E+05 -0.159240E+05 -0.159240E+05 -0.616320E+00  0.206434E+05  0.206434E+05 -0.854145E+01
  0.274118E-04 -0.158057E+05 -0.158056E+05 -0.210742E+05 -0.210742E+05  0.000000E+00 -0.158057E+05 -0.158057E+05 -0.158057E+05 -0.616320E+00  0.206434E+05  0.206434E+05 -0.851979E+01
  0.275384E-04 -0.156822E+05 -0.156822E+05 -0.209096E+05 -0.209096E+05  0.000000E+00 -0.156822E+05 -0.156822E+05 -0.156822E+05 -0.616320E+00  0.206434E+05  0.206434E+05 -0.849613E+01
  0.276655E-04 -0.155538E+05 -0.155538E+05 -0.207384E+05 -0.207384E+05  0.000000E+00 -0.155538E+05 -0.155538E+05 -0.155538E+05 -0.616320E+00  0.206434E+05  0.206434E+05 -0.847052E+01
  0.277932E-04 -0.154208E+05 -0.154207E+05 -0.205610E+05 -0.205610E+05  0.000000E+00 -0.154208E+05 -0.154208E+05 -0.154208E+05 -0.616320E+00  0.206434E+05  0.206434E+05 -0.844300E+01
  0.279215E-04 -0.152832E+05 -0.152832E+05 -0.203776E+05 -0.203776E+05  0.000000E+00 -0.152832E+05 -0.152832E+05 -0.152832E+05 -0.616320E+00  0.206434E+05  0.206434E+05 -0.841364E+01
  0.280503E-04 -0.151415E+05 -0.151415E+05 -0.201887E+05 -0.201887E+05  0.000000E+00 -0.151415E+05 -0.151415E+05 -0.151415E+05 -0.616320E+00  0.206434E+05  0.206434E+05 -0.838248E+01
  0.281798E-04 -0.149958E+05 -0.149958E+05 -0.199944E+05 -0.199944E+05  0.000000E+00 -0.149958E+05 -0.149958E+05 -0.149958E+05 -0.616320E+00  0.206434E+05  0.206434E+05 -0.834957E+01
  0.283099E-04 -0.148464E+05 -0.148464E+05 -0.197952E+05 -0.197952E+05  0.000000E+00 -0.148464E+05 -0.148464E+05 -0.148464E+05 -0.616320E+00  0.206434E+05  0.206434E+05 -0.831496E+01
  0.284406E-04 -0.146935E+05 -0.146934E+05 -0.195912E+05 -0.195912E+05  0.000000E+00 -0.146934E+05 -0.146934E+05 -0.146934E+05 -0.616320E+00  0.206434E+05  0.206434E+05 -0.827871E+01
  0.285718E-04 -0.145372E+05 -0.145372E+05 -0.193829E+05 -0.193829E+05  0.000000E+00 -0.145372E+05 -0.145372E+05 -0.145372E+05 -0.616320E+00  0.206434E+05  0.206434E+05 -0.824086E+01
  0.287037E-04 -0.143779E+05 -0.143779E+05 -0.191705E+05 -0.191705E+05  0.000000E+00 -0.143779E+05 -0.143779E+05 -0.143779E+05 -0.616320E+00  0.206434E+05  0.206434E+05 -0.820146E+01
  0.288362E-04 -0.142157E+05 -0.142157E+05 -0.189542E+05 -0.189543E+05  0.000000E+00 -0.142157E+05 -0.142157E+05 -0.142157E+05 -0.616320E+00  0.206434E+05  0.206434E+05 -0.816057E+01
  0.289693E-04 -0.140509E+05 -0.140509E+05 -0.187345E+05 -0.187345E+05  0.000000E+00 -0.140509E+05 -0.140509E+05 -0.140509E+05 -0.616320E+00  0.206434E+05  0.206434E+05 -0.811823E+01
  0.291030E-04 -0.138836E+05 -0.138836E+05 -0.185115E+05 -0.185115E+05  0.000000E+00 -0.138836E+05 -0.138836E+05 -0.138836E+05 -0.616320E+00  0.206434E+05  0.206434E+05 -0.807447E+01
  0.292374E-04 -0.137140E+05 -0.137140E+05 -0.182853E+05 -0.182853E+05  0.000000E+00 -0.137140E+05 -0.137140E+05 -0.137140E+05 -0.616320E+00  0.206434E+05  0.206434E+05 -0.802930E+01
  0.293723E-04 -0.135424E+05 -0.135423E+05 -0.180564E+05 -0.180565E+05  0.000000E+00 -0.135424E+05 -0.135424E+05 -0.135424E+05 -0.616320E+00  0.206434E+05  0.206434E+05 -0.798280E+01
  0.295079E-04 -0.133689E+05 -0.133689E+05 -0.178251E+05 -0.178251E+05  0.000000E+00 -0.133689E+05 -0.133689E+05 -0.133689E+05 -0.616320E+00  0.206434E+05  0.206434E+05 -0.793502E+01
  0.296441E-04 -0.131938E+05 -0.131938E+05 -0.175917E+05 -0.175917E+05  0.000000E+00 -0.131938E+05 -0.131938E+05 -0.131938E+05 -0.616320E+00  0.206434E+05  0.206434E+05 -0.788604E+01
  0.297809E-04 -0.130174E+05 -0.130174E+05 -0.173565E+05 -0.173565E+05  0.000000E+00 -0.130174E+05 -0.130174E+05 -0.130174E+05 -0.616320E+00  0.206434E+05  0.206434E+05 -0.783591E+01
  0.299184E-04 -0.127815E+05 -0.127815E+05 -0.170420E+05 -0.170420E+05  0.000000E+00 -0.127815E+05 -0.127815E+05 -0.127815E+05 -0.616320E+00  0.206434E+05  0.206434E+05 -0.776616E+01
  0.300565E-04 -0.125352E+05 -0.125352E+05 -0.167136E+05 -0.167136E+05  0.000000E+00 -0.125352E+05 -0.125352E+05 -0.125352E+05 -0.616320E+00  0.206434E+05  0.206434E+05 -0.769210E+01
  0.301952E-04 -0.122901E+05 -0.122901E+05 -0.163867E+05 -0.163868E+05  0.000000E+00 -0.122901E+05 -0.122901E+05 -0.122901E+05 -0.616320E+00  0.206434E+05  0.206434E+05 -0.761732E+01
  0.303346E-04 -0.120465E+05 -0.120465E+05 -0.160620E+05 -0.160620E+05  0.000000E+00 -0.120465E+05 -0.120465E+05 -0.120465E+05 -0.616320E+00  0.206434E+05  0.206434E+05 -0.754197E+01
  0.304746E-04 -0.118052E+05 -0.118052E+05 -0.157402E+05 -0.157402E+05  0.000000E+00 -0.118052E+05 -0.118052E+05 -0.118052E+05 -0.616320E+00  0.206434E+05  0.206434E+05 -0.746622E+01
  0.306153E-04 -0.115666E+05 -0.115666E+05 -0.154221E+05 -0.154221E+05  0.000000E+00 -0.115666E+05 -0.115666E+05 -0.115666E+05 -0.616320E+00  0.206434E+05  0.206434E+05 -0.739026E+01
  0.307566E-04 -0.113314E+05 -0.113314E+05 -0.151085E+05 -0.151085E+05  0.000000E+00 -0.113314E+05 -0.113314E+05 -0.113314E+05 -0.616320E+00  0.206434E+05  0.206434E+05 -0.731426E+01
  0.308985E-04 -0.111001E+05 -0.111001E+05 -0.148001E+05 -0.148001E+05  0.000000E+00 -0.111001E+05 -0.111001E+05 -0.111001E+05 -0.616320E+00  0.206434E+05  0.206434E+05 -0.723843E+01
  0.310412E-04 -0.108733E+05 -0.108733E+05 -0.144978E+05 -0.144978E+05  0.000000E+00 -0.108733E+05 -0.108733E+05 -0.108733E+05 -0.616320E+00  0.206434E+05  0.206434E+05 -0.716298E+01
  0.311844E-04 -0.106520E+05 -0.106520E+05 -0.142027E+05 -0.142027E+05  0.000000E+00 -0.106520E+05 -0.106520E+05 -0.106520E+05 -0.616321E+00  0.206434E+05  0.206434E+05 -0.708814E+01
  0.313284E-04 -0.104366E+05 -0.104366E+05 -0.139155E+05 -0.139155E+05  0.000000E+00 -0.104366E+05 -0.104366E+05 -0.104366E+05 -0.616321E+00  0.206434E+05  0.206434E+05 -0.701414E+01
  0.314730E-04 -0.102277E+05 -0.102277E+05 -0.136369E+05 -0.136369E+05  0.000000E+00 -0.102277E+05 -0.102277E+05 -0.102277E+05 -0.616321E+00  0.206434E+05  0.206434E+05 -0.694120E+01
  0.316183E-04 -0.100259E+05 -0.100259E+05 -0.133678E+05 -0.133678E+05  0.000000E+00 -0.100259E+05 -0.100259E+05 -0.100259E+05 -0.616321E+00  0.206434E+05  0.206434E+05 -0.686955E+01
  0.317642E-04 -0.983183E+04 -0.983181E+04 -0.131091E+05 -0.131091E+05  0.000000E+00 -0.983182E+04 -0.983182E+04 -0.983182E+04 -0.616321E+00  0.206434E+05  0.206434E+05 -0.679945E+01
  0.319108E-04 -0.954680E+04 -0.954679E+04 -0.127290E+05 -0.127291E+05  0.000000E+00 -0.954680E+04 -0.954680E+04 -0.954680E+04 -0.616320E+00  0.206434E+05  0.206434E+05 -0.668807E+01
  0.320581E-04 -0.931396E+04 -0.931394E+04 -0.124186E+05 -0.124186E+05  0.000000E+00 -0.931395E+04 -0.931395E+04 -0.931395E+04 -0.616320E+00  0.206434E+05  0.206434E+05 -0.660160E+01
  0.322061E-04 -0.907758E+04 -0.907757E+04 -0.121034E+05 -0.121034E+05  0.000000E+00 -0.907758E+04 -0.907758E+04 -0.907758E+04 -0.616320E+00  0.206434E+05  0.206434E+05 -0.651361E+01
  0.323547E-04 -0.883781E+04 -0.883780E+04 -0.117837E+05 -0.117837E+05  0.000000E+00 -0.883781E+04 -0.883781E+04 -0.883781E+04 -0.616320E+00  0.206434E+05  0.206434E+05 -0.642413E+01
  0.325041E-04 -0.859478E+04 -0.859476E+04 -0.114597E+05 -0.114597E+05  0.000000E+00 -0.859477E+04 -0.859477E+04 -0.859477E+04 -0.616320E+00  0.206434E+05  0.206434E+05 -0.633319E+01
  0.326541E-04 -0.834862E+04 -0.834860E+04 -0.111315E+05 -0.111315E+05  0.000000E+00 -0.834861E+04 -0.834861E+04 -0.834861E+04 -0.616320E+00  0.206434E+05  0.206434E+05 -0.624081E+01
  0.328048E-04 -0.809948E+04 -0.809947E+04 -0.107993E+05 -0.107993E+05  0.000000E+00 -0.809948E+04 -0.809948E+04 -0.809948E+04 -0.616320E+00  0.206434E+05  0.206434E+05 -0.614704E+01
  0.329563E-04 -0.784754E+04 -0.784752E+04 -0.104634E+05 -0.104634E+05  0.000000E+00 -0.784753E+04 -0.784753E+04 -0.784753E+04 -0.616320E+00  0.206434E+05  0.206434E+05 -0.605192E+01
  0.331084E-04 -0.759295E+04 -0.759293E+04 -0.101239E+05 -0.101239E+05  0.000000E+00 -0.759295E+04 -0.759295E+04 -0.759295E+04 -0.616320E+00  0.206434E+05  0.206434E+05 -0.595548E+01
  0.332612E-04 -0.733587E+04 -0.733585E+04 -0.978114E+04 -0.978115E+04  0.000000E+00 -0.733587E+04 -0.733587E+04 -0.733587E+04 -0.616320E+00  0.206434E+05  0.206434E+05 -0.585777E+01
  0.334147E-04 -0.707648E+04 -0.707646E+04 -0.943528E+04 -0.943530E+04  0.000000E+00 -0.707647E+04 -0.707647E+04 -0.707647E+04 -0.616320E+00  0.206434E+05  0.206434E+05 -0.575883E+01
  0.335690E-04 -0.681495E+04 -0.681493E+04 -0.908657E+04 -0.908659E+04  0.000000E+00 -0.681494E+04 -0.681494E+04 -0.681494E+04 -0.616320E+00  0.206434E+05  0.206434E+05 -0.565871E+01
  0.337239E-04 -0.655148E+04 -0.655147E+04 -0.873529E+04 -0.873531E+04  0.000000E+00 -0.655148E+04 -0.655148E+04 -0.655148E+04 -0.616320E+00  0.206434E+05  0.206434E+05 -0.555747E+01
  0.338796E-04 -0.628629E+04 -0.628628E+04 -0.838170E+04 -0.838172E+04  0.000000E+00 -0.628629E+04 -0.628629E+04 -0.628629E+04 -0.616320E+00  0.206434E+05  0.206434E+05 -0.545516E+01
  0.340360E-04 -0.601958E+04 -0.601957E+04 -0.802609E+04 -0.802610E+04  0.000000E+00 -0.601958E+04 -0.601958E+04 -0.601958E+04 -0.616320E+00  0.206434E+05  0.206434E+05 -0.535185E+01
  0.341931E-04 -0.575157E+04 -0.575156E+04 -0.766874E+04 -0.766876E+04  0.000000E+00 -0.575157E+04 -0.575157E+04 -0.575157E+04 -0.616320E+00  0.206434E+05  0.206434E+05 -0.524761E+01
  0.343509E-04 -0.548250E+04 -0.548248E+04 -0.730998E+04 -0.731000E+04  0.000000E+00 -0.548250E+04 -0.548250E+04 -0.548250E+04 -0.616320E+00  0.206434E+05  0.206434E+05 -0.514251E+01
  0.345095E-04 -0.521260E+04 -0.521258E+04 -0.695011E+04 -0.695013E+04  0.000000E+00 -0.521260E+04 -0.521260E+04 -0.521260E+04 -0.616320E+00  0.206434E+05  0.206434E+05 -0.503664E+01
  0.346687E-04 -0.494213E+04 -0.494211E+04 -0.658948E+04 -0.658951E+04  0.000000E+00 -0.494213E+04 -0.494213E+04 -0.494213E+04 -0.616320E+00  0.206434E+05  0.206434E+05 -0.493007E+01
  0.348288E-04 -0.467135E+04 -0.467133E+04 -0.622844E+04 -0.622846E+04  0.000000E+00 -0.467134E+04 -0.467134E+04 -0.467134E+04 -0.616320E+00  0.206434E+05  0.206434E+05 -0.482289E+01
  0.349895E-04 -0.440052E+04 -0.440051E+04 -0.586735E+04 -0.586737E+04  0.000000E+00 -0.440052E+04 -0.440052E+04 -0.440052E+04 -0.616320E+00  0.206434E+05  0.206434E+05 -0.471521E+01
  0.351510E-04 -0.412994E+04 -0.412993E+04 -0.550657E+04 -0.550659E+04  0.000000E+00 -0.412994E+04 -0.412994E+04 -0.412994E+04 -0.616320E+00  0.206434E+05  0.206434E+05 -0.460711E+01
  0.353133E-04 -0.385989E+04 -0.385988E+04 -0.514650E+04 -0.514652E+04  0.000000E+00 -0.385989E+04 -0.385989E+04 -0.385989E+04 -0.616320E+00  0.206434E+05  0.206434E+05 -0.449872E+01
  0.354763E-04 -0.359068E+04 -0.359067E+04 -0.478756E+04 -0.478758E+04  0.000000E+00 -0.359068E+04 -0.359068E+04 -0.359068E+04 -0.616320E+00  0.206434E+05  0.206434E+05 -0.439014E+01
  0.356400E-04 -0.332260E+04 -0.332258E+04 -0.443011E+04 -0.443013E+04  0.000000E+00 -0.332259E+04 -0.332259E+04 -0.332259E+04 -0.616320E+00  0.206434E+05  0.206434E+05 -0.428148E+01
  0.358045E-04 -0.305590E+04 -0.305589E+04 -0.407452E+04 -0.407454E+04  0.000000E+00 -0.305590E+04 -0.305590E+04 -0.305590E+04 -0.616320E+00  0.206434E+05  0.206434E+05 -0.417284E+01
  0.359698E-04 -0.279097E+04 -0.279095E+04 -0.372127E+04 -0.372130E+04  0.000000E+00 -0.279096E+04 -0.279096E+04 -0.279096E+04 -0.616320E+00  0.206434E+05  0.206434E+05 -0.406437E+01
  0.361358E-04 -0.252818E+04 -0.252817E+04 -0.337090E+04 -0.337092E+04  0.000000E+00 -0.252818E+04 -0.252818E+04 -0.252818E+04 -0.616320E+00  0.206434E+05  0.206434E+05 -0.395623E+01
  0.363026E-04 -0.248846E+04 -0.248845E+04 -0.331793E+04 -0.331795E+04  0.000000E+00 -0.248846E+04 -0.248846E+04 -0.248846E+04 -0.616320E+00  0.206434E+05  0.206434E+05 -0.388770E+01
  0.364702E-04 -0.229235E+04 -0.229234E+04 -0.305645E+04 -0.305647E+04  0.000000E+00 -0.229235E+04 -0.229235E+04 -0.229235E+04 -0.616320E+00  0.206434E+05  0.206434E+05 -0.379090E+01
  0.366385E-04 -0.209563E+04 -0.209561E+04 -0.279415E+04 -0.279418E+04  0.000000E+00 -0.209562E+04 -0.209562E+04 -0.209562E+04 -0.616320E+00  0.206434E+05  0.206434E+05 -0.369381E+01
  0.368076E-04 -0.189823E+04 -0.189822E+04 -0.253096E+04 -0.253099E+04  0.000000E+00 -0.189823E+04 -0.189823E+04 -0.189823E+04 -0.616320E+00  0.206434E+05  0.206434E+05 -0.359642E+01
  0.369775E-04 -0.170015E+04 -0.170014E+04 -0.226685E+04 -0.226688E+04  0.000000E+00 -0.170015E+04 -0.170015E+04 -0.170015E+04 -0.616320E+00  0.206434E+05  0.206434E+05 -0.349874E+01
  0.371482E-04 -0.150139E+04 -0.150138E+04 -0.200184E+04 -0.200187E+04  0.000000E+00 -0.150139E+04 -0.150139E+04 -0.150139E+04 -0.616320E+00  0.206434E+05  0.206434E+05 -0.340079E+01
  0.373197E-04 -0.130183E+04 -0.130182E+04 -0.173576E+04 -0.173579E+04  0.000000E+00 -0.130183E+04 -0.130183E+04 -0.130183E+04 -0.616320E+00  0.206434E+05  0.206434E+05 -0.330254E+01
  0.374920E-04 -0.110137E+04 -0.110136E+04 -0.146848E+04 -0.146851E+04  0.000000E+00 -0.110137E+04 -0.110137E+04 -0.110137E+04 -0.616320E+00  0.206434E+05  0.206434E+05 -0.320396E+01
  0.376650E-04 -0.899999E+03 -0.899989E+03 -0.119999E+04 -0.120001E+04  0.000000E+00 -0.899998E+03 -0.899998E+03 -0.899998E+03 -0.616320E+00  0.206434E+05  0.206434E+05 -0.310137E+01
  0.378389E-04 -0.697558E+03 -0.697548E+03 -0.930063E+03 -0.930092E+03  0.000000E+00 -0.697556E+03 -0.697556E+03 -0.697556E+03 -0.616320E+00  0.206434E+05  0.206434E+05 -0.300232E+01
  0.380135E-04 -0.494061E+03 -0.494052E+03 -0.658735E+03 -0.658765E+03  0.000000E+00 -0.494060E+03 -0.494060E+03 -0.494060E+03 -0.616320E+00  0.206434E+05  0.206434E+05 -0.290287E+01
  0.381890E-04 -0.288561E+03 -0.288551E+03 -0.384735E+03 -0.384765E+03  0.000000E+00 -0.288559E+03 -0.288559E+03 -0.288559E+03 -0.616320E+00  0.206434E+05  0.206434E+05 -0.282484E+01
  0.383653E-04 -0.828820E+02 -0.828728E+02 -0.110497E+03 -0.110527E+03  0.000000E+00 -0.828805E+02 -0.828805E+02 -0.828805E+02 -0.616320E+00  0.206434E+05  0.206434E+05 -0.272403E+01
  0.385423E-04  0.123909E+03  0.123918E+03  0.165224E+03  0.165193E+03  0.000000E+00  0.123910E+03  0.123910E+03  0.123910E+03 -0.616320E+00  0.206434E+05  0.206434E+05 -0.262291E+01
  0.387202E-04  0.331786E+03  0.331794E+03  0.442393E+03  0.442361E+03  0.000000E+00  0.331787E+03  0.331787E+03  0.331787E+03 -0.616320E+00  0.206434E+05  0.206434E+05 -0.272770E+01
  0.388990E-04  0.541111E+03  0.541120E+03  0.721493E+03  0.721461E+03  0.000000E+00  0.541113E+03  0.541113E+03  0.541113E+03 -0.616320E+00  0.206434E+05  0.206434E+05 -0.262268E+01
  0.390785E-04  0.754934E+03  0.754942E+03  0.100659E+04  0.100656E+04  0.000000E+00  0.754935E+03  0.754935E+03  0.754935E+03 -0.616320E+00  0.206434E+05  0.206434E+05 -0.251375E+01
  0.392589E-04  0.968699E+03  0.968707E+03  0.129161E+04  0.129158E+04  0.000000E+00  0.968700E+03  0.968700E+03  0.968700E+03 -0.616320E+00  0.206434E+05  0.206434E+05 -0.209463E+01
  0.394401E-04  0.301558E+02  0.301653E+02  0.402206E+02  0.401889E+02  0.000000E+00  0.301574E+02  0.301574E+02  0.301574E+02 -0.616320E+00  0.206434E+05  0.206434E+05 -0.275474E+01
  0.396222E-04  0.256329E+03  0.256338E+03  0.341784E+03  0.341752E+03  0.000000E+00  0.256330E+03  0.256330E+03  0.256330E+03 -0.616320E+00  0.206434E+05  0.206434E+05 -0.264369E+01
  0.398050E-04  0.482399E+03  0.482408E+03  0.643211E+03  0.643178E+03  0.000000E+00  0.482401E+03  0.482401E+03  0.482401E+03 -0.616320E+00  0.206434E+05  0.206434E+05 -0.253231E+01
  0.399888E-04  0.708341E+03  0.708350E+03  0.944467E+03  0.944433E+03  0.000000E+00  0.708343E+03  0.708343E+03  0.708343E+03 -0.616320E+00  0.206434E+05  0.206434E+05 -0.242060E+01
  0.401733E-04  0.934041E+03  0.934049E+03  0.124540E+04  0.124536E+04  0.000000E+00  0.934042E+03  0.934042E+03  0.934042E+03 -0.616320E+00  0.206434E+05  0.206434E+05 -0.230744E+01
  0.403588E-04  0.426579E+04  0.426579E+04  0.568772E+04  0.568769E+04  0.000000E+00  0.426579E+04  0.426579E+04  0.426579E+04 -0.616319E+00  0.206434E+05  0.206434E+05 -0.575008E+00
  0.405451E-04  0.421433E+04  0.421433E+04  0.561911E+04  0.561907E+04  0.000000E+00  0.421433E+04  0.421433E+04  0.421433E+04 -0.616319E+00  0.206434E+05  0.206434E+05 -0.561930E+00
  0.407322E-04  0.154953E+05  0.154953E+05  0.206604E+05  0.206603E+05  0.000000E+00  0.154953E+05  0.154953E+05  0.154953E+05 -0.616317E+00  0.206434E+05  0.206433E+05  0.496996E+01
  0.409202E-04  0.152202E+05  0.152202E+05  0.202936E+05  0.202936E+05  0.000000E+00  0.152202E+05  0.152202E+05  0.152202E+05 -0.616317E+00  0.206434E+05  0.206433E+05  0.489041E+01
  0.411091E-04  0.149607E+05  0.149607E+05  0.199476E+05  0.199475E+05  0.000000E+00  0.149607E+05  0.149607E+05  0.149607E+05 -0.616317E+00  0.206434E+05  0.206433E+05  0.481592E+01
  0.412989E-04  0.142782E+05  0.142782E+05  0.190375E+05  0.190375E+05  0.000000E+00  0.142782E+05  0.142782E+05  0.142782E+05 -0.616317E+00  0.206434E+05  0.206433E+05  0.448677E+01
  0.414895E-04  0.140487E+05  0.140487E+05  0.187316E+05  0.187316E+05  0.000000E+00  0.140487E+05  0.140487E+05  0.140487E+05 -0.616317E+00  0.206434E+05  0.206434E+05  0.442151E+01
  0.416810E-04  0.138340E+05  0.138340E+05  0.184453E+05  0.184452E+05  0.000000E+00  0.138340E+05  0.138340E+05  0.138340E+05 -0.616317E+00  0.206434E+05  0.206434E+05  0.436168E+01
  0.418734E-04  0.136335E+05  0.136335E+05  0.181780E+05  0.181780E+05  0.000000E+00  0.136335E+05  0.136335E+05  0.136335E+05 -0.616317E+00  0.206434E+05  0.206434E+05  0.430724E+01
  0.420667E-04  0.134470E+05  0.134470E+05  0.179293E+05  0.179293E+05  0.000000E+00  0.134470E+05  0.134470E+05  0.134470E+05 -0.616317E+00  0.206434E+05  0.206434E+05  0.425812E+01
  0.422608E-04  0.132740E+05  0.132740E+05  0.176986E+05  0.176986E+05  0.000000E+00  0.132740E+05  0.132740E+05  0.132740E+05 -0.616317E+00  0.206434E+05  0.206434E+05  0.421423E+01
  0.424559E-04  0.131141E+05  0.131141E+05  0.174855E+05  0.174854E+05  0.000000E+00  0.131141E+05  0.131141E+05  0.131141E+05 -0.616317E+00  0.206434E+05  0.206434E+05  0.417550E+01
  0.426519E-04  0.129669E+05  0.129669E+05  0.172892E+05  0.172892E+05  0.000000E+00  0.129669E+05  0.129669E+05  0.129669E+05 -0.616317E+00  0.206434E+05  0.206434E+05  0.414189E+01
  0.428487E-04  0.128320E+05  0.128320E+05  0.171093E+05  0.171093E+05  0.000000E+00  0.128320E+05  0.128320E+05  0.128320E+05 -0.616317E+00  0.206434E+05  0.206434E+05  0.411322E+01
  0.430465E-04  0.127088E+05  0.127088E+05  0.169451E+05  0.169450E+05  0.000000E+00  0.127088E+05  0.127088E+05  0.127088E+05 -0.616317E+00  0.206434E+05  0.206434E+05  0.408932E+01
  0.432452E-04  0.125967E+05  0.125967E+05  0.167956E+05  0.167956E+05  0.000000E+00  0.125967E+05  0.125967E+05  0.125967E+05 -0.616317E+00  0.206434E+05  0.206434E+05  0.406996E+01
  0.434448E-04  0.124951E+05  0.124951E+05  0.166602E+05  0.166601E+05  0.000000E+00  0.124951E+05  0.124951E+05  0.124951E+05 -0.616317E+00  0.206434E+05  0.206434E+05  0.405497E+01
  0.436454E-04  0.124039E+05  0.124039E+05  0.165385E+05  0.165384E+05  0.000000E+00  0.124039E+05  0.124039E+05  0.124039E+05 -0.616317E+00  0.206434E+05  0.206434E+05  0.404436E+01
  0.438468E-04  0.123224E+05  0.123224E+05  0.164298E+05  0.164298E+05  0.000000E+00  0.123224E+05  0.123224E+05  0.123224E+05 -0.616317E+00  0.206434E+05  0.206434E+05  0.403792E+01
  0.440492E-04  0.122502E+05  0.122502E+05  0.163336E+05  0.163335E+05  0.000000E+00  0.122502E+05  0.122502E+05  0.122502E+05 -0.616317E+00  0.206434E+05  0.206434E+05  0.403550E+01
  0.442525E-04  0.121868E+05  0.121868E+05  0.162490E+05  0.162490E+05  0.000000E+00  0.121868E+05  0.121868E+05  0.121868E+05 -0.616317E+00  0.206434E+05  0.206434E+05  0.403690E+01
  0.444568E-04  0.121317E+05  0.121317E+05  0.161755E+05  0.161755E+05  0.000000E+00  0.121317E+05  0.121317E+05  0.121317E+05 -0.616317E+00  0.206434E+05  0.206434E+05  0.404192E+01
  0.446620E-04  0.721279E+04  0.721279E+04  0.961705E+04  0.961700E+04  0.000000E+00  0.721279E+04  0.721279E+04  0.721279E+04 -0.616319E+00  0.206434E+05  0.206434E+05  0.154143E+01
  0.448681E-04  0.734818E+04  0.734818E+04  0.979757E+04  0.979752E+04  0.000000E+00  0.734818E+04  0.734818E+04  0.734818E+04 -0.616319E+00  0.206434E+05  0.206434E+05  0.163519E+01
  0.450752E-04  0.748332E+04  0.748331E+04  0.997775E+04  0.997770E+04  0.000000E+00  0.748332E+04  0.748332E+04  0.748332E+04 -0.616319E+00  0.206434E+05  0.206434E+05  0.172944E+01
  0.452833E-04  0.761819E+04  0.761819E+04  0.101576E+05  0.101575E+05  0.000000E+00  0.761819E+04  0.761819E+04  0.761819E+04 -0.616319E+00  0.206434E+05  0.206434E+05  0.182420E+01
  0.454923E-04  0.775280E+04  0.775280E+04  0.103371E+05  0.103370E+05  0.000000E+00  0.775280E+04  0.775280E+04  0.775280E+04 -0.616319E+00  0.206434E+05  0.206434E+05  0.191946E+01
  0.457023E-04  0.788716E+04  0.788715E+04  0.105162E+05  0.105161E+05  0.000000E+00  0.788715E+04  0.788715E+04  0.788715E+04 -0.616318E+00  0.206434E+05  0.206434E+05  0.201523E+01
  0.459133E-04  0.796735E+04  0.796734E+04  0.106231E+05  0.106231E+05  0.000000E+00  0.796735E+04  0.796735E+04  0.796735E+04 -0.616318E+00  0.206434E+05  0.206434E+05  0.207748E+01
  0.461252E-04  0.808415E+04  0.808415E+04  0.107789E+05  0.107788E+05  0.000000E+00  0.808415E+04  0.808415E+04  0.808415E+04 -0.616318E+00  0.206434E+05  0.206434E+05  0.216466E+01
  0.463381E-04  0.819860E+04  0.819860E+04  0.109315E+05  0.109314E+05  0.000000E+00  0.819860E+04  0.819860E+04  0.819860E+04 -0.616318E+00  0.206434E+05  0.206434E+05  0.225257E+01
  0.465520E-04  0.831074E+04  0.831073E+04  0.110810E+05  0.110809E+05  0.000000E+00  0.831074E+04  0.831074E+04  0.831074E+04 -0.616318E+00  0.206434E+05  0.206434E+05  0.233869E+01
  0.467668E-04  0.842063E+04  0.842062E+04  0.112275E+05  0.112274E+05  0.000000E+00  0.842063E+04  0.842063E+04  0.842063E+04 -0.616318E+00  0.206434E+05  0.206434E+05  0.242431E+01
  0.469827E-04  0.852836E+04  0.852836E+04  0.113711E+05  0.113711E+05  0.000000E+00  0.852836E+04  0.852836E+04  0.852836E+04 -0.616318E+00  0.206434E+05  0.206434E+05  0.250950E+01
  0.471996E-04  0.863397E+04  0.863397E+04  0.115120E+05  0.115119E+05  0.000000E+00  0.863397E+04  0.863397E+04  0.863397E+04 -0.616318E+00  0.206434E+05  0.206434E+05  0.259426E+01
  0.474174E-04  0.873759E+04  0.873758E+04  0.116501E+05  0.116500E+05  0.000000E+00  0.873759E+04  0.873759E+04  0.873759E+04 -0.616318E+00  0.206434E+05  0.206434E+05  0.267985E+01
  0.476363E-04  0.883934E+04  0.883933E+04  0.117858E+05  0.117857E+05  0.000000E+00  0.883934E+04  0.883934E+04  0.883934E+04 -0.616318E+00  0.206434E+05  0.206434E+05  0.276449E+01
  0.478562E-04  0.893898E+04  0.893897E+04  0.119186E+05  0.119186E+05  0.000000E+00  0.893898E+04  0.893898E+04  0.893898E+04 -0.616318E+00  0.206434E+05  0.206434E+05  0.284801E+01
  0.480771E-04  0.903675E+04  0.903674E+04  0.120490E+05  0.120489E+05  0.000000E+00  0.903675E+04  0.903675E+04  0.903675E+04 -0.616318E+00  0.206434E+05  0.206434E+05  0.293118E+01
  0.482990E-04  0.913272E+04  0.913271E+04  0.121769E+05  0.121769E+05  0.000000E+00  0.913272E+04  0.913272E+04  0.913272E+04 -0.616318E+00  0.206434E+05  0.206434E+05  0.301402E+01
  0.485219E-04  0.922696E+04  0.922695E+04  0.123026E+05  0.123025E+05  0.000000E+00  0.922696E+04  0.922696E+04  0.922696E+04 -0.616318E+00  0.206434E+05  0.206434E+05  0.309657E+01
  0.487459E-04  0.931954E+04  0.931953E+04  0.124260E+05  0.124260E+05  0.000000E+00  0.931953E+04  0.931953E+04  0.931953E+04 -0.616318E+00  0.206434E+05  0.206434E+05  0.317885E+01
  0.489709E-04  0.941054E+04  0.941053E+04  0.125474E+05  0.125473E+05  0.000000E+00  0.941054E+04  0.941054E+04  0.941054E+04 -0.616318E+00  0.206434E+05  0.206434E+05  0.326090E+01
  0.491969E-04  0.950005E+04  0.950004E+04  0.126667E+05  0.126666E+05  0.000000E+00  0.950005E+04  0.950005E+04  0.950005E+04 -0.616318E+00  0.206434E+05  0.206434E+05  0.334278E+01
  0.494240E-04  0.958806E+04  0.958805E+04  0.127841E+05  0.127840E+05  0.000000E+00  0.958806E+04  0.958806E+04  0.958806E+04 -0.616318E+00  0.206434E+05  0.206434E+05  0.342442E+01
  0.496521E-04  0.967469E+04  0.967468E+04  0.128996E+05  0.128995E+05  0.000000E+00  0.967469E+04  0.967469E+04  0.967469E+04 -0.616318E+00  0.206434E+05  0.206434E+05  0.350592E+01
  0.498813E-04  0.976004E+04  0.976003E+04  0.130134E+05  0.130133E+05  0.000000E+00  0.976004E+04  0.976004E+04  0.976004E+04 -0.616318E+00  0.206434E+05  0.206434E+05  0.358730E+01
  0.501116E-04  0.984406E+04  0.984405E+04  0.131254E+05  0.131253E+05  0.000000E+00  0.984406E+04  0.984406E+04  0.984406E+04 -0.616318E+00  0.206434E+05  0.206434E+05  0.366858E+01
  0.503429E-04  0.992700E+04  0.992699E+04  0.132360E+05  0.132359E+05  0.000000E+00  0.992700E+04  0.992700E+04  0.992700E+04 -0.616318E+00  0.206434E+05  0.206434E+05  0.374982E+01
  0.505753E-04  0.100088E+05  0.100088E+05  0.133451E+05  0.133450E+05  0.000000E+00  0.100088E+05  0.100088E+05  0.100088E+05 -0.616318E+00  0.206434E+05  0.206434E+05  0.383104E+01
  0.508087E-04  0.100896E+05  0.100896E+05  0.134528E+05  0.134527E+05  0.000000E+00  0.100896E+05  0.100896E+05  0.100896E+05 -0.616318E+00  0.206434E+05  0.206434E+05  0.391226E+01
  0.510432E-04  0.101694E+05  0.101694E+05  0.135592E+05  0.135591E+05  0.000000E+00  0.101694E+05  0.101694E+05  0.101694E+05 -0.616318E+00  0.206434E+05  0.206434E+05  0.399354E+01
  0.512788E-04  0.935694E+04  0.935693E+04  0.124759E+05  0.124758E+05  0.000000E+00  0.935694E+04  0.935694E+04  0.935694E+04 -0.616319E+00  0.206434E+05  0.206434E+05  0.354749E+01
  0.515155E-04  0.944568E+04  0.944567E+04  0.125942E+05  0.125941E+05  0.000000E+00  0.944568E+04  0.944568E+04  0.944568E+04 -0.616319E+00  0.206434E+05  0.206434E+05  0.363252E+01
  0.517533E-04  0.953423E+04  0.953422E+04  0.127123E+05  0.127122E+05  0.000000E+00  0.953423E+04  0.953423E+04  0.953423E+04 -0.616318E+00  0.206434E+05  0.206434E+05  0.371814E+01
  0.519922E-04  0.962259E+04  0.962258E+04  0.128301E+05  0.128300E+05  0.000000E+00  0.962259E+04  0.962259E+04  0.962259E+04 -0.616318E+00  0.206434E+05  0.206434E+05  0.380429E+01
  0.522322E-04  0.971077E+04  0.971076E+04  0.129477E+05  0.129476E+05  0.000000E+00  0.971077E+04  0.971077E+04  0.971077E+04 -0.616318E+00  0.206434E+05  0.206434E+05  0.389106E+01
  0.524733E-04  0.979839E+04  0.979837E+04  0.130645E+05  0.130644E+05  0.000000E+00  0.979839E+04  0.979839E+04  0.979839E+04 -0.616318E+00  0.206434E+05  0.206434E+05  0.397160E+01
  0.527155E-04  0.988619E+04  0.988617E+04  0.131816E+05  0.131815E+05  0.000000E+00  0.988618E+04  0.988618E+04  0.988618E+04 -0.616318E+00  0.206434E+05  0.206434E+05  0.406311E+01
  0.529588E-04  0.997407E+04  0.997406E+04  0.132987E+05  0.132987E+05  0.000000E+00  0.997407E+04  0.997407E+04  0.997407E+04 -0.616318E+00  0.206434E+05  0.206434E+05  0.415603E+01
  0.532032E-04  0.111046E+05  0.111045E+05  0.148060E+05  0.148060E+05  0.000000E+00  0.111046E+05  0.111046E+05  0.111046E+05 -0.616318E+00  0.206434E+05  0.206434E+05  0.493808E+01
  0.534488E-04  0.111757E+05  0.111757E+05  0.149009E+05  0.149008E+05  0.000000E+00  0.111757E+05  0.111757E+05  0.111757E+05 -0.616318E+00  0.206434E+05  0.206434E+05  0.502067E+01
  0.536955E-04  0.105134E+05  0.105134E+05  0.140179E+05  0.140178E+05  0.000000E+00  0.105134E+05  0.105134E+05  0.105134E+05 -0.616318E+00  0.206434E+05  0.206434E+05  0.464134E+01
  0.539434E-04  0.105999E+05  0.105998E+05  0.141331E+05  0.141330E+05  0.000000E+00  0.105999E+05  0.105999E+05  0.105999E+05 -0.616318E+00  0.206434E+05  0.206434E+05  0.473291E+01
  0.541924E-04  0.106862E+05  0.106862E+05  0.142482E+05  0.142482E+05  0.000000E+00  0.106862E+05  0.106862E+05  0.106862E+05 -0.616318E+00  0.206434E+05  0.206434E+05  0.483583E+01
  0.544425E-04  0.107721E+05  0.107721E+05  0.143628E+05  0.143627E+05  0.000000E+00  0.107721E+05  0.107721E+05  0.107721E+05 -0.616318E+00  0.206434E+05  0.206434E+05  0.492683E+01
  0.546938E-04  0.108573E+05  0.108573E+05  0.144764E+05  0.144763E+05  0.000000E+00  0.108573E+05  0.108573E+05  0.108573E+05 -0.616318E+00  0.206434E+05  0.206434E+05  0.503418E+01
  0.549462E-04  0.109424E+05  0.109424E+05  0.145899E+05  0.145898E+05  0.000000E+00  0.109424E+05  0.109424E+05  0.109424E+05 -0.616318E+00  0.206434E+05  0.206434E+05  0.513447E+01
  0.551999E-04  0.110272E+05  0.110272E+05  0.147030E+05  0.147029E+05  0.000000E+00  0.110272E+05  0.110272E+05  0.110272E+05 -0.616318E+00  0.206434E+05  0.206434E+05  0.521283E+01
  0.554547E-04  0.111116E+05  0.111116E+05  0.148154E+05  0.148154E+05  0.000000E+00  0.111116E+05  0.111116E+05  0.111116E+05 -0.616318E+00  0.206434E+05  0.206434E+05  0.530883E+01
  0.557106E-04  0.111955E+05  0.111955E+05  0.149273E+05  0.149272E+05  0.000000E+00  0.111955E+05  0.111955E+05  0.111955E+05 -0.616318E+00  0.206434E+05  0.206434E+05  0.540464E+01
  0.559678E-04  0.112789E+05  0.112788E+05  0.150384E+05  0.150383E+05  0.000000E+00  0.112789E+05  0.112789E+05  0.112789E+05 -0.616318E+00  0.206434E+05  0.206434E+05  0.550089E+01
  0.562261E-04  0.113616E+05  0.113616E+05  0.151488E+05  0.151487E+05  0.000000E+00  0.113616E+05  0.113616E+05  0.113616E+05 -0.616318E+00  0.206434E+05  0.206434E+05  0.558902E+01
  0.564856E-04  0.114438E+05  0.114438E+05  0.152584E+05  0.152583E+05  0.000000E+00  0.114438E+05  0.114438E+05  0.114438E+05 -0.616318E+00  0.206434E+05  0.206434E+05  0.568481E+01
  0.567464E-04  0.115699E+05  0.115699E+05  0.154265E+05  0.154264E+05  0.000000E+00  0.115699E+05  0.115699E+05  0.115699E+05 -0.616318E+00  0.206434E+05  0.206434E+05  0.582306E+01
  0.570083E-04  0.117439E+05  0.117439E+05  0.156586E+05  0.156585E+05  0.000000E+00  0.117439E+05  0.117439E+05  0.117439E+05 -0.616318E+00  0.206434E+05  0.206434E+05  0.599242E+01
  0.572714E-04  0.127453E+05  0.127453E+05  0.169937E+05  0.169936E+05  0.000000E+00  0.127453E+05  0.127453E+05  0.127453E+05 -0.616318E+00  0.206434E+05  0.206433E+05  0.688526E+01
  0.575358E-04  0.128632E+05  0.128632E+05  0.171509E+05  0.171508E+05  0.000000E+00  0.128632E+05  0.128632E+05  0.128632E+05 -0.616318E+00  0.206434E+05  0.206433E+05  0.702709E+01
  0.578014E-04  0.129810E+05  0.129809E+05  0.173079E+05  0.173078E+05  0.000000E+00  0.129809E+05  0.129809E+05  0.129809E+05 -0.616318E+00  0.206434E+05  0.206433E+05  0.716954E+01
  0.580682E-04  0.130989E+05  0.130989E+05  0.174651E+05  0.174650E+05  0.000000E+00  0.130989E+05  0.130989E+05  0.130989E+05 -0.616318E+00  0.206434E+05  0.206433E+05  0.750362E+01
  0.583362E-04  0.132166E+05  0.132166E+05  0.176221E+05  0.176220E+05  0.000000E+00  0.132166E+05  0.132166E+05  0.132166E+05 -0.616317E+00  0.206434E+05  0.206433E+05  0.744654E+01
  0.586055E-04  0.133345E+05  0.133345E+05  0.177793E+05  0.177792E+05  0.000000E+00  0.133345E+05  0.133345E+05  0.133345E+05 -0.616317E+00  0.206434E+05  0.206433E+05  0.759115E+01
  0.588760E-04  0.134524E+05  0.134523E+05  0.179364E+05  0.179363E+05  0.000000E+00  0.134524E+05  0.134524E+05  0.134524E+05 -0.616317E+00  0.206434E+05  0.206433E+05  0.789283E+01
  0.591477E-04  0.135706E+05  0.135706E+05  0.180941E+05  0.180940E+05  0.000000E+00  0.135706E+05  0.135706E+05  0.135706E+05 -0.616317E+00  0.206434E+05  0.206433E+05  0.789338E+01
  0.594207E-04  0.136893E+05  0.136893E+05  0.182524E+05  0.182523E+05  0.000000E+00  0.136893E+05  0.136893E+05  0.136893E+05 -0.616317E+00  0.206434E+05  0.206433E+05  0.804080E+01
  0.596950E-04  0.138083E+05  0.138083E+05  0.184110E+05  0.184109E+05  0.000000E+00  0.138083E+05  0.138083E+05  0.138083E+05 -0.616317E+00  0.206434E+05  0.206433E+05  0.818921E+01
  0.599706E-04  0.139275E+05  0.139275E+05  0.185699E+05  0.185698E+05  0.000000E+00  0.139275E+05  0.139275E+05  0.139275E+05 -0.616317E+00  0.206434E+05  0.206433E+05  0.833857E+01
  0.602474E-04  0.135018E+05  0.135018E+05  0.180024E+05  0.180022E+05  0.000000E+00  0.135018E+05  0.135018E+05  0.135018E+05 -0.616317E+00  0.206434E+05  0.206433E+05  0.819189E+01
  0.605255E-04  0.136007E+05  0.136006E+05  0.181341E+05  0.181340E+05  0.000000E+00  0.136006E+05  0.136006E+05  0.136006E+05 -0.616317E+00  0.206434E+05  0.206433E+05  0.832337E+01
  0.608048E-04  0.136991E+05  0.136990E+05  0.182654E+05  0.182653E+05  0.000000E+00  0.136991E+05  0.136991E+05  0.136991E+05 -0.616317E+00  0.206434E+05  0.206433E+05  0.845648E+01
  0.610855E-04  0.137971E+05  0.137970E+05  0.183960E+05  0.183959E+05  0.000000E+00  0.137971E+05  0.137971E+05  0.137971E+05 -0.616317E+00  0.206434E+05  0.206433E+05  0.859001E+01
  0.613674E-04  0.138947E+05  0.138946E+05  0.185262E+05  0.185260E+05  0.000000E+00  0.138947E+05  0.138947E+05  0.138947E+05 -0.616317E+00  0.206434E+05  0.206433E+05  0.872385E+01
  0.616507E-04  0.139912E+05  0.139912E+05  0.186549E+05  0.186548E+05  0.000000E+00  0.139912E+05  0.139912E+05  0.139912E+05 -0.616317E+00  0.206434E+05  0.206433E+05  0.885678E+01
  0.619353E-04  0.147972E+05  0.147972E+05  0.197295E+05  0.197294E+05  0.000000E+00  0.147972E+05  0.147972E+05  0.147972E+05 -0.616317E+00  0.206434E+05  0.206433E+05  0.974956E+01
  0.622212E-04  0.148637E+05  0.148636E+05  0.198181E+05  0.198180E+05  0.000000E+00  0.148637E+05  0.148637E+05  0.148637E+05 -0.616317E+00  0.206434E+05  0.206433E+05  0.985924E+01
  0.625084E-04  0.149303E+05  0.149303E+05  0.199070E+05  0.199069E+05  0.000000E+00  0.149303E+05  0.149303E+05  0.149303E+05 -0.616317E+00  0.206434E+05  0.206433E+05  0.997043E+01
  0.627969E-04  0.149971E+05  0.149970E+05  0.199960E+05  0.199959E+05  0.000000E+00  0.149971E+05  0.149971E+05  0.149971E+05 -0.616317E+00  0.206434E+05  0.206433E+05  0.100826E+02
  0.630867E-04  0.157113E+05  0.157112E+05  0.209483E+05  0.209481E+05  0.000000E+00  0.157113E+05  0.157113E+05  0.157113E+05 -0.616316E+00  0.206434E+05  0.206433E+05  0.108460E+02
  0.633779E-04  0.157538E+05  0.157538E+05  0.210050E+05  0.210049E+05  0.000000E+00  0.157538E+05  0.157538E+05  0.157538E+05 -0.616316E+00  0.206434E+05  0.206433E+05  0.109382E+02
  0.636705E-04  0.157971E+05  0.157971E+05  0.210628E+05  0.210626E+05  0.000000E+00  0.157971E+05  0.157971E+05  0.157971E+05 -0.616316E+00  0.206434E+05  0.206433E+05  0.110318E+02
  0.639644E-04  0.158414E+05  0.158413E+05  0.211218E+05  0.211216E+05  0.000000E+00  0.158414E+05  0.158414E+05  0.158414E+05 -0.616316E+00  0.206434E+05  0.206433E+05  0.111272E+02
  0.642596E-04  0.158866E+05  0.158866E+05  0.211821E+05  0.211819E+05  0.000000E+00  0.158866E+05  0.158866E+05  0.158866E+05 -0.616316E+00  0.206434E+05  0.206433E+05  0.112243E+02
  0.645562E-04  0.159329E+05  0.159329E+05  0.212438E+05  0.212437E+05  0.000000E+00  0.159329E+05  0.159329E+05  0.159329E+05 -0.616316E+00  0.206434E+05  0.206432E+05  0.113235E+02
  0.648542E-04  0.165564E+05  0.165564E+05  0.220752E+05  0.220750E+05  0.000000E+00  0.165564E+05  0.165564E+05  0.165564E+05 -0.616316E+00  0.206434E+05  0.206432E+05  0.118415E+02
  0.651535E-04  0.166030E+05  0.166030E+05  0.221373E+05  0.221371E+05  0.000000E+00  0.166030E+05  0.166030E+05  0.166030E+05 -0.616316E+00  0.206434E+05  0.206432E+05  0.119452E+02
  0.654543E-04  0.166503E+05  0.166503E+05  0.222003E+05  0.222002E+05  0.000000E+00  0.166503E+05  0.166503E+05  0.166503E+05 -0.616316E+00  0.206434E+05  0.206432E+05  0.120507E+02
  0.657564E-04  0.166985E+05  0.166984E+05  0.222645E+05  0.222644E+05  0.000000E+00  0.166985E+05  0.166985E+05  0.166985E+05 -0.616316E+00  0.206434E+05  0.206432E+05  0.121583E+02
  0.660599E-04  0.167476E+05  0.167476E+05  0.223301E+05  0.223299E+05  0.000000E+00  0.167476E+05  0.167476E+05  0.167476E+05 -0.616316E+00  0.206434E+05  0.206432E+05  0.122682E+02
  0.663648E-04  0.167982E+05  0.167981E+05  0.223975E+05  0.223973E+05  0.000000E+00  0.167982E+05  0.167982E+05  0.167982E+05 -0.616316E+00  0.206434E+05  0.206432E+05  0.122421E+02
  0.666712E-04  0.168288E+05  0.168287E+05  0.224383E+05  0.224381E+05  0.000000E+00  0.168288E+05  0.168288E+05  0.168288E+05 -0.616316E+00  0.206434E+05  0.206432E+05  0.123252E+02
  0.669789E-04  0.168494E+05  0.168493E+05  0.224657E+05  0.224656E+05  0.000000E+00  0.168493E+05  0.168493E+05  0.168493E+05 -0.616316E+00  0.206434E+05  0.206432E+05  0.123998E+02
  0.672881E-04  0.168673E+05  0.168672E+05  0.224896E+05  0.224895E+05  0.000000E+00  0.168673E+05  0.168673E+05  0.168673E+05 -0.616316E+00  0.206434E+05  0.206432E+05  0.123250E+02
  0.675987E-04  0.168832E+05  0.168831E+05  0.225108E+05  0.225106E+05  0.000000E+00  0.168832E+05  0.168832E+05  0.168832E+05 -0.616316E+00  0.206434E+05  0.206432E+05  0.124279E+02
  0.679107E-04  0.168975E+05  0.168975E+05  0.225300E+05  0.225298E+05  0.000000E+00  0.168975E+05  0.168975E+05  0.168975E+05 -0.616316E+00  0.206434E+05  0.206432E+05  0.127987E+02
  0.682241E-04  0.163617E+05  0.163616E+05  0.218155E+05  0.218153E+05  0.000000E+00  0.163617E+05  0.163617E+05  0.163617E+05 -0.616316E+00  0.206434E+05  0.206432E+05  0.124301E+02
  0.685390E-04  0.163895E+05  0.163894E+05  0.218525E+05  0.218523E+05  0.000000E+00  0.163894E+05  0.163894E+05  0.163894E+05 -0.616316E+00  0.206434E+05  0.206432E+05  0.124884E+02
  0.688554E-04  0.164217E+05  0.164216E+05  0.218954E+05  0.218953E+05  0.000000E+00  0.164216E+05  0.164216E+05  0.164216E+05 -0.616316E+00  0.206434E+05  0.206432E+05  0.125726E+02
  0.691732E-04  0.164582E+05  0.164581E+05  0.219442E+05  0.219440E+05  0.000000E+00  0.164582E+05  0.164582E+05  0.164582E+05 -0.616316E+00  0.206434E+05  0.206432E+05  0.126608E+02
  0.694925E-04  0.168690E+05  0.168690E+05  0.224920E+05  0.224918E+05  0.000000E+00  0.168690E+05  0.168690E+05  0.168690E+05 -0.616316E+00  0.206434E+05  0.206432E+05  0.131070E+02
  0.698133E-04  0.169156E+05  0.169155E+05  0.225540E+05  0.225539E+05  0.000000E+00  0.169156E+05  0.169156E+05  0.169156E+05 -0.616316E+00  0.206434E+05  0.206432E+05  0.132060E+02
  0.701355E-04  0.169659E+05  0.169659E+05  0.226211E+05  0.226210E+05  0.000000E+00  0.169659E+05  0.169659E+05  0.169659E+05 -0.616316E+00  0.206434E+05  0.206432E+05  0.133080E+02
  0.704593E-04  0.170200E+05  0.170199E+05  0.226932E+05  0.226930E+05  0.000000E+00  0.170200E+05  0.170200E+05  0.170200E+05 -0.616316E+00  0.206434E+05  0.206432E+05  0.134131E+02
  0.707845E-04  0.170778E+05  0.170777E+05  0.227702E+05  0.227700E+05  0.000000E+00  0.170777E+05  0.170777E+05  0.170777E+05 -0.616316E+00  0.206434E+05  0.206432E+05  0.135211E+02
  0.711112E-04  0.171393E+05  0.171392E+05  0.228523E+05  0.228521E+05  0.000000E+00  0.171393E+05  0.171393E+05  0.171393E+05 -0.616315E+00  0.206434E+05  0.206432E+05  0.136319E+02
  0.714394E-04  0.172047E+05  0.172046E+05  0.229395E+05  0.229393E+05  0.000000E+00  0.172047E+05  0.172047E+05  0.172047E+05 -0.616315E+00  0.206434E+05  0.206432E+05  0.137458E+02
  0.717692E-04  0.172740E+05  0.172739E+05  0.230319E+05  0.230317E+05  0.000000E+00  0.172740E+05  0.172740E+05  0.172740E+05 -0.616315E+00  0.206434E+05  0.206432E+05  0.138633E+02
  0.721005E-04  0.196215E+05  0.196214E+05  0.261619E+05  0.261617E+05  0.000000E+00  0.196215E+05  0.196215E+05  0.196215E+05 -0.616314E+00  0.206433E+05  0.206431E+05  0.163400E+02
  0.724333E-04  0.196867E+05  0.196866E+05  0.262487E+05  0.262485E+05  0.000000E+00  0.196866E+05  0.196866E+05  0.196866E+05 -0.616314E+00  0.206433E+05  0.206431E+05  0.164583E+02
  0.727676E-04  0.197545E+05  0.197544E+05  0.263392E+05  0.263390E+05  0.000000E+00  0.197545E+05  0.197545E+05  0.197545E+05 -0.616313E+00  0.206433E+05  0.206431E+05  0.165796E+02
  0.731035E-04  0.198249E+05  0.198248E+05  0.264331E+05  0.264329E+05  0.000000E+00  0.198249E+05  0.198249E+05  0.198249E+05 -0.616313E+00  0.206433E+05  0.206431E+05  0.167032E+02
  0.734409E-04  0.181515E+05  0.181514E+05  0.242018E+05  0.242016E+05  0.000000E+00  0.181514E+05  0.181514E+05  0.181514E+05 -0.616315E+00  0.206433E+05  0.206432E+05  0.155498E+02
  0.737799E-04  0.181692E+05  0.181691E+05  0.242254E+05  0.242252E+05  0.000000E+00  0.181691E+05  0.181691E+05  0.181691E+05 -0.616315E+00  0.206433E+05  0.206432E+05  0.156474E+02
  0.741204E-04  0.181889E+05  0.181888E+05  0.242517E+05  0.242515E+05  0.000000E+00  0.181888E+05  0.181888E+05  0.181888E+05 -0.616315E+00  0.206433E+05  0.206431E+05  0.157456E+02
  0.744626E-04  0.182105E+05  0.182104E+05  0.242806E+05  0.242804E+05  0.000000E+00  0.182105E+05  0.182105E+05  0.182105E+05 -0.616315E+00  0.206433E+05  0.206431E+05  0.158455E+02
  0.748063E-04  0.194047E+05  0.194046E+05  0.258728E+05  0.258726E+05  0.000000E+00  0.194047E+05  0.194047E+05  0.194047E+05 -0.616314E+00  0.206433E+05  0.206431E+05  0.168640E+02
  0.751516E-04  0.193960E+05  0.193959E+05  0.258612E+05  0.258610E+05  0.000000E+00  0.193960E+05  0.193960E+05  0.193960E+05 -0.616314E+00  0.206433E+05  0.206431E+05  0.169407E+02
  0.754985E-04  0.193739E+05  0.193738E+05  0.258317E+05  0.258315E+05  0.000000E+00  0.193739E+05  0.193739E+05  0.193739E+05 -0.616314E+00  0.206433E+05  0.206431E+05  0.170018E+02
  0.758469E-04  0.193554E+05  0.193553E+05  0.258070E+05  0.258068E+05  0.000000E+00  0.193553E+05  0.193553E+05  0.193553E+05 -0.616314E+00  0.206433E+05  0.206431E+05  0.170659E+02
  0.761970E-04  0.193401E+05  0.193400E+05  0.257866E+05  0.257864E+05  0.000000E+00  0.193401E+05  0.193401E+05  0.193401E+05 -0.616314E+00  0.206433E+05  0.206431E+05  0.171327E+02
  0.765487E-04  0.193277E+05  0.193276E+05  0.257701E+05  0.257699E+05  0.000000E+00  0.193277E+05  0.193277E+05  0.193277E+05 -0.616314E+00  0.206433E+05  0.206431E+05  0.172021E+02
  0.769021E-04  0.193180E+05  0.193179E+05  0.257572E+05  0.257570E+05  0.000000E+00  0.193180E+05  0.193180E+05  0.193180E+05 -0.616314E+00  0.206433E+05  0.206431E+05  0.172738E+02
  0.772570E-04  0.193107E+05  0.193106E+05  0.257475E+05  0.257472E+05  0.000000E+00  0.193107E+05  0.193107E+05  0.193107E+05 -0.616314E+00  0.206433E+05  0.206431E+05  0.173477E+02
  0.776136E-04  0.193057E+05  0.193056E+05  0.257408E+05  0.257406E+05  0.000000E+00  0.193057E+05  0.193057E+05  0.193057E+05 -0.616314E+00  0.206433E+05  0.206431E+05  0.174236E+02
  0.779719E-04  0.192968E+05  0.192967E+05  0.257289E+05  0.257287E+05  0.000000E+00  0.192968E+05  0.192968E+05  0.192968E+05 -0.616314E+00  0.206433E+05  0.206431E+05  0.174973E+02
  0.783318E-04  0.192813E+05  0.192812E+05  0.257082E+05  0.257080E+05  0.000000E+00  0.192812E+05  0.192812E+05  0.192812E+05 -0.616314E+00  0.206433E+05  0.206431E+05  0.175671E+02
  0.786934E-04  0.192677E+05  0.192676E+05  0.256901E+05  0.256899E+05  0.000000E+00  0.192677E+05  0.192677E+05  0.192677E+05 -0.616314E+00  0.206433E+05  0.206431E+05  0.176388E+02
  0.790566E-04  0.192561E+05  0.192559E+05  0.256746E+05  0.256743E+05  0.000000E+00  0.192560E+05  0.192560E+05  0.192560E+05 -0.616314E+00  0.206433E+05  0.206431E+05  0.177125E+02
  0.794215E-04  0.192465E+05  0.192464E+05  0.256618E+05  0.256616E+05  0.000000E+00  0.192465E+05  0.192465E+05  0.192465E+05 -0.616314E+00  0.206433E+05  0.206431E+05  0.177878E+02
  0.797881E-04  0.192389E+05  0.192388E+05  0.256517E+05  0.256514E+05  0.000000E+00  0.192389E+05  0.192389E+05  0.192389E+05 -0.616314E+00  0.206433E+05  0.206431E+05  0.178649E+02
  0.801564E-04  0.192332E+05  0.192331E+05  0.256441E+05  0.256438E+05  0.000000E+00  0.192332E+05  0.192332E+05  0.192332E+05 -0.616314E+00  0.206433E+05  0.206431E+05  0.179439E+02
  0.805264E-04  0.220063E+05  0.220061E+05  0.293415E+05  0.293412E+05  0.000000E+00  0.220062E+05  0.220062E+05  0.220062E+05 -0.616311E+00  0.206433E+05  0.206430E+05  0.214508E+02
  0.808980E-04  0.220017E+05  0.220015E+05  0.293354E+05  0.293351E+05  0.000000E+00  0.220017E+05  0.220017E+05  0.220017E+05 -0.616311E+00  0.206433E+05  0.206430E+05  0.215359E+02
  0.812715E-04  0.219968E+05  0.219967E+05  0.293289E+05  0.293286E+05  0.000000E+00  0.219968E+05  0.219968E+05  0.219968E+05 -0.616311E+00  0.206433E+05  0.206430E+05  0.216212E+02
  0.816466E-04  0.219917E+05  0.219916E+05  0.293221E+05  0.293218E+05  0.000000E+00  0.219917E+05  0.219917E+05  0.219917E+05 -0.616311E+00  0.206433E+05  0.206430E+05  0.217066E+02
  0.820235E-04  0.219863E+05  0.219862E+05  0.293149E+05  0.293146E+05  0.000000E+00  0.219863E+05  0.219863E+05  0.219863E+05 -0.616311E+00  0.206433E+05  0.206430E+05  0.217921E+02
  0.824021E-04  0.219807E+05  0.219806E+05  0.293074E+05  0.293071E+05  0.000000E+00  0.219807E+05  0.219807E+05  0.219807E+05 -0.616311E+00  0.206433E+05  0.206430E+05  0.218779E+02
  0.827824E-04  0.219749E+05  0.219747E+05  0.292996E+05  0.292993E+05  0.000000E+00  0.219748E+05  0.219748E+05  0.219748E+05 -0.616311E+00  0.206433E+05  0.206430E+05  0.219627E+02
  0.831645E-04  0.219689E+05  0.219687E+05  0.292916E+05  0.292913E+05  0.000000E+00  0.219688E+05  0.219688E+05  0.219688E+05 -0.616311E+00  0.206433E+05  0.206430E+05  0.220488E+02
  0.835484E-04  0.219627E+05  0.219625E+05  0.292834E+05  0.292831E+05  0.000000E+00  0.219627E+05  0.219627E+05  0.219627E+05 -0.616311E+00  0.206433E+05  0.206430E+05  0.221352E+02
  0.839340E-04  0.219564E+05  0.219562E+05  0.292749E+05  0.292747E+05  0.000000E+00  0.219563E+05  0.219563E+05  0.219563E+05 -0.616311E+00  0.206433E+05  0.206430E+05  0.222219E+02
  0.843214E-04  0.219499E+05  0.219497E+05  0.292663E+05  0.292660E+05  0.000000E+00  0.219499E+05  0.219499E+05  0.219499E+05 -0.616311E+00  0.206433E+05  0.206430E+05  0.223088E+02
  0.847107E-04  0.219434E+05  0.219432E+05  0.292576E+05  0.292573E+05  0.000000E+00  0.219433E+05  0.219433E+05  0.219433E+05 -0.616311E+00  0.206433E+05  0.206430E+05  0.223912E+02
  0.851017E-04  0.219366E+05  0.219365E+05  0.292486E+05  0.292483E+05  0.000000E+00  0.219366E+05  0.219366E+05  0.219366E+05 -0.616310E+00  0.206433E+05  0.206430E+05  0.224787E+02
  0.854945E-04  0.219298E+05  0.219296E+05  0.292395E+05  0.292392E+05  0.000000E+00  0.219298E+05  0.219298E+05  0.219298E+05 -0.616310E+00  0.206433E+05  0.206430E+05  0.225665E+02
  0.858891E-04  0.219229E+05  0.219227E+05  0.292302E+05  0.292299E+05  0.000000E+00  0.219228E+05  0.219228E+05  0.219228E+05 -0.616310E+00  0.206433E+05  0.206429E+05  0.226546E+02
  0.862855E-04  0.219158E+05  0.219157E+05  0.292208E+05  0.292206E+05  0.000000E+00  0.219158E+05  0.219158E+05  0.219158E+05 -0.616310E+00  0.206433E+05  0.206429E+05  0.227431E+02
  0.866838E-04  0.219087E+05  0.219085E+05  0.292114E+05  0.292111E+05  0.000000E+00  0.219087E+05  0.219087E+05  0.219087E+05 -0.616310E+00  0.206433E+05  0.206429E+05  0.228319E+02
  0.870839E-04  0.219015E+05  0.219013E+05  0.292018E+05  0.292015E+05  0.000000E+00  0.219015E+05  0.219015E+05  0.219015E+05 -0.616310E+00  0.206433E+05  0.206429E+05  0.229212E+02
  0.874859E-04  0.218942E+05  0.218941E+05  0.291921E+05  0.291918E+05  0.000000E+00  0.218942E+05  0.218942E+05  0.218942E+05 -0.616310E+00  0.206433E+05  0.206429E+05  0.230108E+02
  0.878897E-04  0.218869E+05  0.218867E+05  0.291823E+05  0.291820E+05  0.000000E+00  0.218869E+05  0.218869E+05  0.218869E+05 -0.616310E+00  0.206433E+05  0.206429E+05  0.231008E+02
  0.882954E-04  0.218795E+05  0.218793E+05  0.291724E+05  0.291721E+05  0.000000E+00  0.218795E+05  0.218795E+05  0.218795E+05 -0.616310E+00  0.206433E+05  0.206429E+05  0.231912E+02
  0.887029E-04  0.218721E+05  0.218719E+05  0.291625E+05  0.291622E+05  0.000000E+00  0.218720E+05  0.218720E+05  0.218720E+05 -0.616310E+00  0.206433E+05  0.206429E+05  0.232820E+02
  0.891124E-04  0.218646E+05  0.218644E+05  0.291525E+05  0.291522E+05  0.000000E+00  0.218646E+05  0.218646E+05  0.218646E+05 -0.616310E+00  0.206433E+05  0.206429E+05  0.233732E+02
  0.895237E-04  0.218571E+05  0.218569E+05  0.291425E+05  0.291422E+05  0.000000E+00  0.218570E+05  0.218570E+05  0.218570E+05 -0.616310E+00  0.206433E+05  0.206429E+05  0.234648E+02
  0.899369E-04  0.218495E+05  0.218493E+05  0.291324E+05  0.291321E+05  0.000000E+00  0.218495E+05  0.218495E+05  0.218495E+05 -0.616310E+00  0.206433E+05  0.206429E+05  0.235569E+02
  0.903521E-04  0.218419E+05  0.218417E+05  0.291223E+05  0.291219E+05  0.000000E+00  0.218419E+05  0.218419E+05  0.218419E+05 -0.616310E+00  0.206433E+05  0.206429E+05  0.236494E+02
  0.907691E-04  0.218343E+05  0.218341E+05  0.291121E+05  0.291118E+05  0.000000E+00  0.218342E+05  0.218342E+05  0.218342E+05 -0.616310E+00  0.206433E+05  0.206429E+05  0.237277E+02
  0.911881E-04  0.218266E+05  0.218264E+05  0.291019E+05  0.291016E+05  0.000000E+00  0.218266E+05  0.218266E+05  0.218266E+05 -0.616310E+00  0.206433E+05  0.206429E+05  0.238212E+02
  0.916090E-04  0.215367E+05  0.215365E+05  0.287153E+05  0.287149E+05  0.000000E+00  0.215366E+05  0.215366E+05  0.215366E+05 -0.616310E+00  0.206433E+05  0.206429E+05  0.236927E+02
  0.920318E-04  0.215119E+05  0.215117E+05  0.286823E+05  0.286819E+05  0.000000E+00  0.215119E+05  0.215119E+05  0.215119E+05 -0.616310E+00  0.206433E+05  0.206429E+05  0.237723E+02
  0.924566E-04  0.214875E+05  0.214874E+05  0.286498E+05  0.286495E+05  0.000000E+00  0.214875E+05  0.214875E+05  0.214875E+05 -0.616310E+00  0.206433E+05  0.206429E+05  0.238525E+02
  0.928834E-04  0.214636E+05  0.214634E+05  0.286178E+05  0.286175E+05  0.000000E+00  0.214636E+05  0.214636E+05  0.214636E+05 -0.616310E+00  0.206433E+05  0.206429E+05  0.239334E+02
  0.933121E-04  0.214400E+05  0.214398E+05  0.285864E+05  0.285861E+05  0.000000E+00  0.214400E+05  0.214400E+05  0.214400E+05 -0.616310E+00  0.206433E+05  0.206429E+05  0.240149E+02
  0.937428E-04  0.214168E+05  0.214167E+05  0.285555E+05  0.285552E+05  0.000000E+00  0.214168E+05  0.214168E+05  0.214168E+05 -0.616310E+00  0.206433E+05  0.206429E+05  0.240972E+02
  0.941755E-04  0.213941E+05  0.213939E+05  0.285251E+05  0.285248E+05  0.000000E+00  0.213940E+05  0.213940E+05  0.213940E+05 -0.616310E+00  0.206433E+05  0.206429E+05  0.241806E+02
  0.946102E-04  0.213716E+05  0.213714E+05  0.284952E+05  0.284949E+05  0.000000E+00  0.213716E+05  0.213716E+05  0.213716E+05 -0.616310E+00  0.206433E+05  0.206429E+05  0.242792E+02
  0.950469E-04  0.213496E+05  0.213494E+05  0.284658E+05  0.284655E+05  0.000000E+00  0.213496E+05  0.213496E+05  0.213496E+05 -0.616310E+00  0.206433E+05  0.206429E+05  0.243636E+02
  0.954856E-04  0.213279E+05  0.213277E+05  0.284369E+05  0.284366E+05  0.000000E+00  0.213279E+05  0.213279E+05  0.213279E+05 -0.616310E+00  0.206433E+05  0.206429E+05  0.244486E+02
  0.959264E-04  0.213066E+05  0.213064E+05  0.284085E+05  0.284081E+05  0.000000E+00  0.213066E+05  0.213066E+05  0.213066E+05 -0.616310E+00  0.206433E+05  0.206429E+05  0.245343E+02
  0.963692E-04  0.212856E+05  0.212854E+05  0.283805E+05  0.283801E+05  0.000000E+00  0.212856E+05  0.212856E+05  0.212856E+05 -0.616310E+00  0.206433E+05  0.206429E+05  0.246207E+02
  0.968140E-04  0.212649E+05  0.212647E+05  0.283529E+05  0.283526E+05  0.000000E+00  0.212649E+05  0.212649E+05  0.212649E+05 -0.616310E+00  0.206433E+05  0.206429E+05  0.247077E+02
  0.972608E-04  0.212445E+05  0.212443E+05  0.283258E+05  0.283254E+05  0.000000E+00  0.212445E+05  0.212445E+05  0.212445E+05 -0.616309E+00  0.206433E+05  0.206428E+05  0.247953E+02
  0.977098E-04  0.212245E+05  0.212243E+05  0.282990E+05  0.282986E+05  0.000000E+00  0.212244E+05  0.212244E+05  0.212244E+05 -0.616309E+00  0.206433E+05  0.206428E+05  0.248835E+02
  0.981608E-04  0.212047E+05  0.212045E+05  0.282726E+05  0.282723E+05  0.000000E+00  0.212047E+05  0.212047E+05  0.212047E+05 -0.616309E+00  0.206433E+05  0.206428E+05  0.249724E+02
  0.986139E-04  0.211852E+05  0.211850E+05  0.282466E+05  0.282463E+05  0.000000E+00  0.211852E+05  0.211852E+05  0.211852E+05 -0.616309E+00  0.206433E+05  0.206428E+05  0.250619E+02
  0.990691E-04  0.211660E+05  0.211658E+05  0.282210E+05  0.282206E+05  0.000000E+00  0.211660E+05  0.211660E+05  0.211660E+05 -0.616309E+00  0.206433E+05  0.206428E+05  0.251521E+02
  0.995263E-04  0.211471E+05  0.211469E+05  0.281958E+05  0.281954E+05  0.000000E+00  0.211470E+05  0.211470E+05  0.211470E+05 -0.616309E+00  0.206433E+05  0.206428E+05  0.252436E+02
  0.999857E-04  0.211284E+05  0.211282E+05  0.281709E+05  0.281705E+05  0.000000E+00  0.211284E+05  0.211284E+05  0.211284E+05 -0.616309E+00  0.206433E+05  0.206428E+05  0.253350E+02
  0.100447E-03  0.211100E+05  0.211098E+05  0.281464E+05  0.281460E+05  0.000000E+00  0.211100E+05  0.211100E+05  0.211100E+05 -0.616309E+00  0.206432E+05  0.206428E+05  0.254271E+02
  0.100911E-03  0.210918E+05  0.210916E+05  0.281221E+05  0.281217E+05  0.000000E+00  0.210918E+05  0.210918E+05  0.210918E+05 -0.616309E+00  0.206432E+05  0.206428E+05  0.255197E+02
  0.101377E-03  0.210739E+05  0.210737E+05  0.280982E+05  0.280979E+05  0.000000E+00  0.210739E+05  0.210739E+05  0.210739E+05 -0.616309E+00  0.206432E+05  0.206428E+05  0.256131E+02
  0.101845E-03  0.210563E+05  0.210560E+05  0.280747E+05  0.280743E+05  0.000000E+00  0.210562E+05  0.210562E+05  0.210562E+05 -0.616309E+00  0.206432E+05  0.206428E+05  0.257070E+02
  0.102315E-03  0.210388E+05  0.210386E+05  0.280514E+05  0.280510E+05  0.000000E+00  0.210388E+05  0.210388E+05  0.210388E+05 -0.616309E+00  0.206432E+05  0.206428E+05  0.258015E+02
  0.102787E-03  0.210216E+05  0.210214E+05  0.280285E+05  0.280281E+05  0.000000E+00  0.210216E+05  0.210216E+05  0.210216E+05 -0.616309E+00  0.206432E+05  0.206428E+05  0.258967E+02
  0.103261E-03  0.210047E+05  0.210044E+05  0.280059E+05  0.280055E+05  0.000000E+00  0.210046E+05  0.210046E+05  0.210046E+05 -0.616309E+00  0.206432E+05  0.206428E+05  0.259925E+02
  0.103738E-03  0.209879E+05  0.209877E+05  0.279836E+05  0.279832E+05  0.000000E+00  0.209879E+05  0.209879E+05  0.209879E+05 -0.616309E+00  0.206432E+05  0.206428E+05  0.260889E+02
  0.104217E-03  0.209714E+05  0.209712E+05  0.279615E+05  0.279611E+05  0.000000E+00  0.209714E+05  0.209714E+05  0.209714E+05 -0.616309E+00  0.206432E+05  0.206428E+05  0.261860E+02
  0.104698E-03  0.209551E+05  0.209549E+05  0.279398E+05  0.279394E+05  0.000000E+00  0.209551E+05  0.209551E+05  0.209551E+05 -0.616309E+00  0.206432E+05  0.206428E+05  0.262837E+02
  0.105181E-03  0.209390E+05  0.209388E+05  0.279183E+05  0.279179E+05  0.000000E+00  0.209390E+05  0.209390E+05  0.209390E+05 -0.616309E+00  0.206432E+05  0.206428E+05  0.263820E+02
  0.105667E-03  0.209231E+05  0.209229E+05  0.278972E+05  0.278967E+05  0.000000E+00  0.209231E+05  0.209231E+05  0.209231E+05 -0.616309E+00  0.206432E+05  0.206428E+05  0.265694E+02
  0.106154E-03  0.209075E+05  0.209072E+05  0.278763E+05  0.278758E+05  0.000000E+00  0.209074E+05  0.209074E+05  0.209074E+05 -0.616309E+00  0.206432E+05  0.206428E+05  0.266686E+02
  0.106644E-03  0.208923E+05  0.208920E+05  0.278560E+05  0.278556E+05  0.000000E+00  0.208922E+05  0.208922E+05  0.208922E+05 -0.616309E+00  0.206432E+05  0.206428E+05  0.267786E+02
  0.107137E-03  0.208777E+05  0.208775E+05  0.278366E+05  0.278362E+05  0.000000E+00  0.208777E+05  0.208777E+05  0.208777E+05 -0.616309E+00  0.206432E+05  0.206427E+05  0.268888E+02
  0.107631E-03  0.208639E+05  0.208637E+05  0.278182E+05  0.278177E+05  0.000000E+00  0.208639E+05  0.208639E+05  0.208639E+05 -0.616309E+00  0.206432E+05  0.206427E+05  0.269994E+02
  0.108128E-03  0.208508E+05  0.208506E+05  0.278007E+05  0.278003E+05  0.000000E+00  0.208508E+05  0.208508E+05  0.208508E+05 -0.616308E+00  0.206432E+05  0.206427E+05  0.271106E+02
  0.108627E-03  0.208385E+05  0.208383E+05  0.277844E+05  0.277839E+05  0.000000E+00  0.208385E+05  0.208385E+05  0.208385E+05 -0.616308E+00  0.206432E+05  0.206427E+05  0.272226E+02
  0.109128E-03  0.208272E+05  0.208269E+05  0.277692E+05  0.277687E+05  0.000000E+00  0.208271E+05  0.208271E+05  0.208271E+05 -0.616308E+00  0.206432E+05  0.206427E+05  0.270622E+02
  0.109632E-03  0.206897E+05  0.206894E+05  0.275859E+05  0.275854E+05  0.000000E+00  0.206896E+05  0.206896E+05  0.206896E+05 -0.616309E+00  0.206432E+05  0.206427E+05  0.269199E+02
  0.110138E-03  0.206798E+05  0.206796E+05  0.275728E+05  0.275723E+05  0.000000E+00  0.206798E+05  0.206798E+05  0.206798E+05 -0.616308E+00  0.206432E+05  0.206427E+05  0.270440E+02
  0.110647E-03  0.206721E+05  0.206718E+05  0.275624E+05  0.275619E+05  0.000000E+00  0.206720E+05  0.206720E+05  0.206720E+05 -0.616308E+00  0.206432E+05  0.206427E+05  0.271704E+02
  0.111157E-03  0.206664E+05  0.206661E+05  0.275548E+05  0.275543E+05  0.000000E+00  0.206663E+05  0.206663E+05  0.206663E+05 -0.616308E+00  0.206432E+05  0.206427E+05  0.272988E+02
  0.111670E-03  0.206627E+05  0.206625E+05  0.275499E+05  0.275494E+05  0.000000E+00  0.206627E+05  0.206627E+05  0.206627E+05 -0.616308E+00  0.206432E+05  0.206427E+05  0.274295E+02
  0.112186E-03  0.203823E+05  0.203820E+05  0.271760E+05  0.271755E+05  0.000000E+00  0.203822E+05  0.203822E+05  0.203822E+05 -0.616309E+00  0.206432E+05  0.206427E+05  0.271710E+02
  0.112704E-03  0.203877E+05  0.203875E+05  0.271832E+05  0.271827E+05  0.000000E+00  0.203877E+05  0.203877E+05  0.203877E+05 -0.616309E+00  0.206432E+05  0.206427E+05  0.273125E+02
  0.113224E-03  0.203942E+05  0.203940E+05  0.271919E+05  0.271914E+05  0.000000E+00  0.203942E+05  0.203942E+05  0.203942E+05 -0.616308E+00  0.206432E+05  0.206427E+05  0.274551E+02
  0.113747E-03  0.204007E+05  0.204004E+05  0.272005E+05  0.272000E+05  0.000000E+00  0.204006E+05  0.204006E+05  0.204006E+05 -0.616308E+00  0.206432E+05  0.206427E+05  0.275990E+02
  0.114272E-03  0.204088E+05  0.204085E+05  0.272113E+05  0.272108E+05  0.000000E+00  0.204087E+05  0.204087E+05  0.204087E+05 -0.616308E+00  0.206432E+05  0.206427E+05  0.277442E+02
  0.114799E-03  0.204185E+05  0.204183E+05  0.272243E+05  0.272238E+05  0.000000E+00  0.204185E+05  0.204185E+05  0.204185E+05 -0.616308E+00  0.206432E+05  0.206427E+05  0.277925E+02
  0.115329E-03  0.204299E+05  0.204296E+05  0.272395E+05  0.272390E+05  0.000000E+00  0.204299E+05  0.204299E+05  0.204299E+05 -0.616308E+00  0.206432E+05  0.206427E+05  0.279385E+02
  0.115861E-03  0.204429E+05  0.204426E+05  0.272567E+05  0.272562E+05  0.000000E+00  0.204428E+05  0.204428E+05  0.204428E+05 -0.616308E+00  0.206432E+05  0.206427E+05  0.280863E+02
  0.116396E-03  0.204574E+05  0.204571E+05  0.272761E+05  0.272756E+05  0.000000E+00  0.204573E+05  0.204573E+05  0.204573E+05 -0.616308E+00  0.206432E+05  0.206427E+05  0.282360E+02
  0.116933E-03  0.204734E+05  0.204731E+05  0.272975E+05  0.272970E+05  0.000000E+00  0.204734E+05  0.204734E+05  0.204734E+05 -0.616308E+00  0.206432E+05  0.206427E+05  0.283875E+02
  0.117473E-03  0.204910E+05  0.204907E+05  0.273209E+05  0.273204E+05  0.000000E+00  0.204909E+05  0.204909E+05  0.204909E+05 -0.616308E+00  0.206432E+05  0.206426E+05  0.285409E+02
  0.118015E-03  0.205100E+05  0.205097E+05  0.273462E+05  0.273457E+05  0.000000E+00  0.205099E+05  0.205099E+05  0.205099E+05 -0.616308E+00  0.206432E+05  0.206426E+05  0.286956E+02
  0.118560E-03  0.205303E+05  0.205300E+05  0.273733E+05  0.273728E+05  0.000000E+00  0.205303E+05  0.205303E+05  0.205303E+05 -0.616307E+00  0.206432E+05  0.206426E+05  0.288516E+02
  0.119107E-03  0.205516E+05  0.205513E+05  0.274017E+05  0.274012E+05  0.000000E+00  0.205515E+05  0.205515E+05  0.205515E+05 -0.616307E+00  0.206432E+05  0.206426E+05  0.290108E+02
  0.119657E-03  0.205742E+05  0.205739E+05  0.274318E+05  0.274313E+05  0.000000E+00  0.205742E+05  0.205742E+05  0.205742E+05 -0.616307E+00  0.206432E+05  0.206426E+05  0.291761E+02
  0.120209E-03  0.205982E+05  0.205980E+05  0.274639E+05  0.274633E+05  0.000000E+00  0.205982E+05  0.205982E+05  0.205982E+05 -0.616307E+00  0.206432E+05  0.206426E+05  0.293443E+02
  0.120764E-03  0.206237E+05  0.206234E+05  0.274978E+05  0.274973E+05  0.000000E+00  0.206236E+05  0.206236E+05  0.206236E+05 -0.616307E+00  0.206432E+05  0.206426E+05  0.295548E+02
  0.121322E-03  0.206505E+05  0.206502E+05  0.275335E+05  0.275329E+05  0.000000E+00  0.206504E+05  0.206504E+05  0.206504E+05 -0.616307E+00  0.206432E+05  0.206426E+05  0.297217E+02
  0.121882E-03  0.205231E+05  0.205228E+05  0.273637E+05  0.273632E+05  0.000000E+00  0.205231E+05  0.205231E+05  0.205231E+05 -0.616307E+00  0.206432E+05  0.206426E+05  0.297635E+02
  0.122444E-03  0.205125E+05  0.205122E+05  0.273495E+05  0.273489E+05  0.000000E+00  0.205124E+05  0.205124E+05  0.205124E+05 -0.616307E+00  0.206432E+05  0.206426E+05  0.298997E+02
  0.123009E-03  0.205020E+05  0.205016E+05  0.273355E+05  0.273349E+05  0.000000E+00  0.205019E+05  0.205019E+05  0.205019E+05 -0.616307E+00  0.206432E+05  0.206426E+05  0.300363E+02
  0.123577E-03  0.202590E+05  0.202586E+05  0.270115E+05  0.270109E+05  0.000000E+00  0.202589E+05  0.202589E+05  0.202589E+05 -0.616307E+00  0.206432E+05  0.206426E+05  0.298000E+02
  0.124148E-03  0.202491E+05  0.202488E+05  0.269984E+05  0.269978E+05  0.000000E+00  0.202491E+05  0.202491E+05  0.202491E+05 -0.616307E+00  0.206432E+05  0.206426E+05  0.299686E+02
  0.124721E-03  0.202326E+05  0.202323E+05  0.269764E+05  0.269758E+05  0.000000E+00  0.202326E+05  0.202326E+05  0.202326E+05 -0.616307E+00  0.206432E+05  0.206426E+05  0.301032E+02
  0.125296E-03  0.202167E+05  0.202164E+05  0.269551E+05  0.269545E+05  0.000000E+00  0.202166E+05  0.202166E+05  0.202166E+05 -0.616307E+00  0.206432E+05  0.206426E+05  0.302353E+02
  0.125875E-03  0.202013E+05  0.202009E+05  0.269345E+05  0.269339E+05  0.000000E+00  0.202012E+05  0.202012E+05  0.202012E+05 -0.616307E+00  0.206432E+05  0.206425E+05  0.303651E+02
  0.126456E-03  0.201864E+05  0.201861E+05  0.269148E+05  0.269142E+05  0.000000E+00  0.201864E+05  0.201864E+05  0.201864E+05 -0.616307E+00  0.206432E+05  0.206425E+05  0.304957E+02
  0.127039E-03  0.201722E+05  0.201719E+05  0.268958E+05  0.268952E+05  0.000000E+00  0.201722E+05  0.201722E+05  0.201722E+05 -0.616307E+00  0.206432E+05  0.206425E+05  0.306268E+02
  0.127626E-03  0.201586E+05  0.201583E+05  0.268777E+05  0.268771E+05  0.000000E+00  0.201586E+05  0.201586E+05  0.201586E+05 -0.616307E+00  0.206432E+05  0.206425E+05  0.307596E+02
  0.128215E-03  0.201457E+05  0.201453E+05  0.268604E+05  0.268598E+05  0.000000E+00  0.201456E+05  0.201456E+05  0.201456E+05 -0.616307E+00  0.206432E+05  0.206425E+05  0.308930E+02
  0.128807E-03  0.201333E+05  0.201330E+05  0.268439E+05  0.268433E+05  0.000000E+00  0.201333E+05  0.201333E+05  0.201333E+05 -0.616307E+00  0.206432E+05  0.206425E+05  0.310271E+02
  0.129401E-03  0.201216E+05  0.201213E+05  0.268283E+05  0.268277E+05  0.000000E+00  0.201216E+05  0.201216E+05  0.201216E+05 -0.616307E+00  0.206432E+05  0.206425E+05  0.311618E+02
  0.129998E-03  0.201106E+05  0.201103E+05  0.268136E+05  0.268130E+05  0.000000E+00  0.201105E+05  0.201105E+05  0.201105E+05 -0.616307E+00  0.206432E+05  0.206425E+05  0.312973E+02
  0.130598E-03  0.201002E+05  0.200999E+05  0.267998E+05  0.267991E+05  0.000000E+00  0.201002E+05  0.201002E+05  0.201002E+05 -0.616306E+00  0.206432E+05  0.206425E+05  0.314337E+02
  0.131201E-03  0.200905E+05  0.200902E+05  0.267868E+05  0.267862E+05  0.000000E+00  0.200905E+05  0.200905E+05  0.200905E+05 -0.616306E+00  0.206432E+05  0.206425E+05  0.315709E+02
  0.131807E-03  0.200815E+05  0.200811E+05  0.267748E+05  0.267741E+05  0.000000E+00  0.200814E+05  0.200814E+05  0.200814E+05 -0.616306E+00  0.206432E+05  0.206425E+05  0.317090E+02
  0.132415E-03  0.200731E+05  0.200727E+05  0.267636E+05  0.267629E+05  0.000000E+00  0.200730E+05  0.200730E+05  0.200730E+05 -0.616306E+00  0.206432E+05  0.206425E+05  0.318481E+02
  0.133026E-03  0.200654E+05  0.200650E+05  0.267533E+05  0.267527E+05  0.000000E+00  0.200653E+05  0.200653E+05  0.200653E+05 -0.616306E+00  0.206432E+05  0.206425E+05  0.319990E+02
  0.133640E-03  0.200584E+05  0.200580E+05  0.267439E+05  0.267433E+05  0.000000E+00  0.200583E+05  0.200583E+05  0.200583E+05 -0.616306E+00  0.206432E+05  0.206424E+05  0.321394E+02
  0.134257E-03  0.200520E+05  0.200516E+05  0.267354E+05  0.267348E+05  0.000000E+00  0.200519E+05  0.200519E+05  0.200519E+05 -0.616306E+00  0.206432E+05  0.206424E+05  0.322808E+02
  0.134877E-03  0.200463E+05  0.200459E+05  0.267278E+05  0.267271E+05  0.000000E+00  0.200462E+05  0.200462E+05  0.200462E+05 -0.616306E+00  0.206432E+05  0.206424E+05  0.324233E+02
  0.135500E-03  0.200413E+05  0.200409E+05  0.267211E+05  0.267204E+05  0.000000E+00  0.200412E+05  0.200412E+05  0.200412E+05 -0.616306E+00  0.206432E+05  0.206424E+05  0.325669E+02
  0.136125E-03  0.200369E+05  0.200365E+05  0.267153E+05  0.267146E+05  0.000000E+00  0.200368E+05  0.200368E+05  0.200368E+05 -0.616306E+00  0.206432E+05  0.206424E+05  0.327117E+02
  0.136753E-03  0.200332E+05  0.200328E+05  0.267103E+05  0.267096E+05  0.000000E+00  0.200331E+05  0.200331E+05  0.200331E+05 -0.616306E+00  0.206432E+05  0.206424E+05  0.328577E+02
  0.137385E-03  0.200301E+05  0.200297E+05  0.267062E+05  0.267055E+05  0.000000E+00  0.200301E+05  0.200301E+05  0.200301E+05 -0.616306E+00  0.206432E+05  0.206424E+05  0.330048E+02
  0.138019E-03  0.200277E+05  0.200273E+05  0.267030E+05  0.267023E+05  0.000000E+00  0.200277E+05  0.200277E+05  0.200277E+05 -0.616305E+00  0.206432E+05  0.206424E+05  0.331532E+02
  0.138656E-03  0.200260E+05  0.200256E+05  0.267007E+05  0.267000E+05  0.000000E+00  0.200259E+05  0.200259E+05  0.200259E+05 -0.616305E+00  0.206432E+05  0.206424E+05  0.333170E+02
  0.139296E-03  0.200249E+05  0.200245E+05  0.266993E+05  0.266986E+05  0.000000E+00  0.200248E+05  0.200248E+05  0.200248E+05 -0.616305E+00  0.206432E+05  0.206424E+05  0.334673E+02
  0.139939E-03  0.200245E+05  0.200241E+05  0.266988E+05  0.266980E+05  0.000000E+00  0.200245E+05  0.200245E+05  0.200245E+05 -0.616305E+00  0.206432E+05  0.206424E+05  0.335905E+02
  0.140585E-03  0.200248E+05  0.200244E+05  0.266991E+05  0.266983E+05  0.000000E+00  0.200247E+05  0.200247E+05  0.200247E+05 -0.616305E+00  0.206432E+05  0.206424E+05  0.337441E+02
  0.141234E-03  0.200257E+05  0.200253E+05  0.267003E+05  0.266995E+05  0.000000E+00  0.200256E+05  0.200256E+05  0.200256E+05 -0.616305E+00  0.206432E+05  0.206423E+05  0.338990E+02
  0.141886E-03  0.198778E+05  0.198774E+05  0.265031E+05  0.265024E+05  0.000000E+00  0.198777E+05  0.198777E+05  0.198777E+05 -0.616305E+00  0.206432E+05  0.206424E+05  0.336828E+02
  0.142540E-03  0.198814E+05  0.198810E+05  0.265079E+05  0.265072E+05  0.000000E+00  0.198813E+05  0.198813E+05  0.198813E+05 -0.616305E+00  0.206432E+05  0.206423E+05  0.338505E+02
  0.143198E-03  0.200624E+05  0.200620E+05  0.267493E+05  0.267485E+05  0.000000E+00  0.200624E+05  0.200624E+05  0.200624E+05 -0.616304E+00  0.206432E+05  0.206423E+05  0.343516E+02
  0.143859E-03  0.198746E+05  0.198742E+05  0.264988E+05  0.264980E+05  0.000000E+00  0.198745E+05  0.198745E+05  0.198745E+05 -0.616305E+00  0.206432E+05  0.206423E+05  0.341608E+02
  0.144523E-03  0.198675E+05  0.198671E+05  0.264894E+05  0.264886E+05  0.000000E+00  0.198674E+05  0.198674E+05  0.198674E+05 -0.616305E+00  0.206432E+05  0.206423E+05  0.343097E+02
  0.145190E-03  0.198606E+05  0.198602E+05  0.264802E+05  0.264794E+05  0.000000E+00  0.198606E+05  0.198606E+05  0.198606E+05 -0.616305E+00  0.206432E+05  0.206423E+05  0.344596E+02
  0.145861E-03  0.198541E+05  0.198536E+05  0.264714E+05  0.264706E+05  0.000000E+00  0.198540E+05  0.198540E+05  0.198540E+05 -0.616304E+00  0.206432E+05  0.206423E+05  0.346103E+02
  0.146534E-03  0.198477E+05  0.198473E+05  0.264630E+05  0.264622E+05  0.000000E+00  0.198477E+05  0.198477E+05  0.198477E+05 -0.616304E+00  0.206432E+05  0.206423E+05  0.347620E+02
  0.147210E-03  0.198417E+05  0.198413E+05  0.264550E+05  0.264542E+05  0.000000E+00  0.198416E+05  0.198416E+05  0.198416E+05 -0.616304E+00  0.206431E+05  0.206423E+05  0.349146E+02
  0.147890E-03  0.198360E+05  0.198355E+05  0.264473E+05  0.264465E+05  0.000000E+00  0.198359E+05  0.198359E+05  0.198359E+05 -0.616304E+00  0.206431E+05  0.206423E+05  0.350680E+02
  0.148572E-03  0.198306E+05  0.198301E+05  0.264401E+05  0.264393E+05  0.000000E+00  0.198305E+05  0.198305E+05  0.198305E+05 -0.616304E+00  0.206431E+05  0.206423E+05  0.352225E+02
  0.149258E-03  0.198255E+05  0.198250E+05  0.264333E+05  0.264325E+05  0.000000E+00  0.198254E+05  0.198254E+05  0.198254E+05 -0.616304E+00  0.206431E+05  0.206422E+05  0.353780E+02
  0.149947E-03  0.198178E+05  0.198173E+05  0.264231E+05  0.264222E+05  0.000000E+00  0.198177E+05  0.198177E+05  0.198177E+05 -0.616304E+00  0.206431E+05  0.206422E+05  0.355278E+02
  0.150639E-03  0.198089E+05  0.198085E+05  0.264112E+05  0.264104E+05  0.000000E+00  0.198089E+05  0.198089E+05  0.198089E+05 -0.616304E+00  0.206431E+05  0.206422E+05  0.356729E+02
  0.151335E-03  0.199092E+05  0.199087E+05  0.265449E+05  0.265440E+05  0.000000E+00  0.199091E+05  0.199091E+05  0.199091E+05 -0.616304E+00  0.206431E+05  0.206422E+05  0.361430E+02
  0.152033E-03  0.199039E+05  0.199034E+05  0.265378E+05  0.265369E+05  0.000000E+00  0.199038E+05  0.199038E+05  0.199038E+05 -0.616303E+00  0.206431E+05  0.206422E+05  0.362998E+02
  0.152735E-03  0.198988E+05  0.198984E+05  0.265311E+05  0.265302E+05  0.000000E+00  0.198988E+05  0.198988E+05  0.198988E+05 -0.616303E+00  0.206431E+05  0.206422E+05  0.364577E+02
  0.153440E-03  0.198942E+05  0.198937E+05  0.265248E+05  0.265239E+05  0.000000E+00  0.198941E+05  0.198941E+05  0.198941E+05 -0.616303E+00  0.206431E+05  0.206422E+05  0.366168E+02
  0.154148E-03  0.198898E+05  0.198893E+05  0.265190E+05  0.265181E+05  0.000000E+00  0.198897E+05  0.198897E+05  0.198897E+05 -0.616303E+00  0.206431E+05  0.206422E+05  0.367752E+02
  0.154860E-03  0.198858E+05  0.198853E+05  0.265137E+05  0.265128E+05  0.000000E+00  0.198857E+05  0.198857E+05  0.198857E+05 -0.616303E+00  0.206431E+05  0.206421E+05  0.369386E+02
  0.155574E-03  0.198822E+05  0.198817E+05  0.265088E+05  0.265079E+05  0.000000E+00  0.198821E+05  0.198821E+05  0.198821E+05 -0.616303E+00  0.206431E+05  0.206421E+05  0.371043E+02
  0.156292E-03  0.198789E+05  0.198784E+05  0.265044E+05  0.265035E+05  0.000000E+00  0.198788E+05  0.198788E+05  0.198788E+05 -0.616303E+00  0.206431E+05  0.206421E+05  0.372667E+02
  0.157014E-03  0.198759E+05  0.198754E+05  0.265005E+05  0.264996E+05  0.000000E+00  0.198759E+05  0.198759E+05  0.198759E+05 -0.616303E+00  0.206431E+05  0.206421E+05  0.374307E+02
  0.157739E-03  0.198734E+05  0.198729E+05  0.264971E+05  0.264962E+05  0.000000E+00  0.198733E+05  0.198733E+05  0.198733E+05 -0.616302E+00  0.206431E+05  0.206421E+05  0.375932E+02
  0.158467E-03  0.198712E+05  0.198707E+05  0.264942E+05  0.264933E+05  0.000000E+00  0.198711E+05  0.198711E+05  0.198711E+05 -0.616302E+00  0.206431E+05  0.206421E+05  0.377587E+02
  0.159198E-03  0.198694E+05  0.198689E+05  0.264918E+05  0.264909E+05  0.000000E+00  0.198694E+05  0.198694E+05  0.198694E+05 -0.616302E+00  0.206431E+05  0.206421E+05  0.379274E+02
  0.159933E-03  0.198681E+05  0.198676E+05  0.264900E+05  0.264890E+05  0.000000E+00  0.198680E+05  0.198680E+05  0.198680E+05 -0.616302E+00  0.206431E+05  0.206421E+05  0.380975E+02
  0.160671E-03  0.198671E+05  0.198666E+05  0.264887E+05  0.264877E+05  0.000000E+00  0.198670E+05  0.198670E+05  0.198670E+05 -0.616302E+00  0.206431E+05  0.206421E+05  0.382688E+02
  0.161413E-03  0.200528E+05  0.200522E+05  0.267362E+05  0.267353E+05  0.000000E+00  0.200527E+05  0.200527E+05  0.200527E+05 -0.616301E+00  0.206431E+05  0.206420E+05  0.388447E+02
  0.162158E-03  0.199283E+05  0.199277E+05  0.265702E+05  0.265692E+05  0.000000E+00  0.199282E+05  0.199282E+05  0.199282E+05 -0.616301E+00  0.206431E+05  0.206420E+05  0.387945E+02
  0.162906E-03  0.199228E+05  0.199223E+05  0.265630E+05  0.265619E+05  0.000000E+00  0.199227E+05  0.199227E+05  0.199227E+05 -0.616301E+00  0.206431E+05  0.206420E+05  0.389617E+02
  0.163658E-03  0.199175E+05  0.199169E+05  0.265558E+05  0.265548E+05  0.000000E+00  0.199174E+05  0.199174E+05  0.199174E+05 -0.616301E+00  0.206431E+05  0.206420E+05  0.391299E+02
  0.164414E-03  0.199123E+05  0.199117E+05  0.265489E+05  0.265479E+05  0.000000E+00  0.199122E+05  0.199122E+05  0.199122E+05 -0.616301E+00  0.206431E+05  0.206420E+05  0.392865E+02
  0.165173E-03  0.199102E+05  0.199097E+05  0.265461E+05  0.265451E+05  0.000000E+00  0.199101E+05  0.199101E+05  0.199101E+05 -0.616301E+00  0.206431E+05  0.206420E+05  0.394831E+02
  0.165935E-03  0.199100E+05  0.199095E+05  0.265459E+05  0.265448E+05  0.000000E+00  0.199099E+05  0.199099E+05  0.199099E+05 -0.616301E+00  0.206431E+05  0.206420E+05  0.396628E+02
  0.166701E-03  0.199098E+05  0.199092E+05  0.265456E+05  0.265445E+05  0.000000E+00  0.199097E+05  0.199097E+05  0.199097E+05 -0.616301E+00  0.206431E+05  0.206419E+05  0.398433E+02
  0.167470E-03  0.199095E+05  0.199090E+05  0.265452E+05  0.265441E+05  0.000000E+00  0.199095E+05  0.199095E+05  0.199095E+05 -0.616300E+00  0.206431E+05  0.206419E+05  0.399799E+02
  0.168243E-03  0.199783E+05  0.199777E+05  0.266368E+05  0.266358E+05  0.000000E+00  0.199782E+05  0.199782E+05  0.199782E+05 -0.616300E+00  0.206431E+05  0.206419E+05  0.402930E+02
  0.169020E-03  0.199756E+05  0.199750E+05  0.266333E+05  0.266322E+05  0.000000E+00  0.199755E+05  0.199755E+05  0.199755E+05 -0.616300E+00  0.206431E+05  0.206419E+05  0.404732E+02
  0.169800E-03  0.200369E+05  0.200363E+05  0.267150E+05  0.267139E+05  0.000000E+00  0.200368E+05  0.200368E+05  0.200368E+05 -0.616300E+00  0.206431E+05  0.206419E+05  0.408001E+02
  0.170584E-03  0.200324E+05  0.200318E+05  0.267089E+05  0.267078E+05  0.000000E+00  0.200323E+05  0.200323E+05  0.200323E+05 -0.616299E+00  0.206431E+05  0.206419E+05  0.409787E+02
  0.171371E-03  0.200282E+05  0.200276E+05  0.267034E+05  0.267023E+05  0.000000E+00  0.200281E+05  0.200281E+05  0.200281E+05 -0.616299E+00  0.206431E+05  0.206419E+05  0.411645E+02
  0.172162E-03  0.200244E+05  0.200238E+05  0.266983E+05  0.266972E+05  0.000000E+00  0.200243E+05  0.200243E+05  0.200243E+05 -0.616299E+00  0.206431E+05  0.206418E+05  0.413481E+02
  0.172957E-03  0.200209E+05  0.200203E+05  0.266936E+05  0.266925E+05  0.000000E+00  0.200208E+05  0.200208E+05  0.200208E+05 -0.616299E+00  0.206431E+05  0.206418E+05  0.415162E+02
  0.173755E-03  0.200177E+05  0.200171E+05  0.266894E+05  0.266882E+05  0.000000E+00  0.200176E+05  0.200176E+05  0.200176E+05 -0.616299E+00  0.206430E+05  0.206418E+05  0.417379E+02
  0.174557E-03  0.199323E+05  0.199317E+05  0.265755E+05  0.265743E+05  0.000000E+00  0.199322E+05  0.199322E+05  0.199322E+05 -0.616299E+00  0.206430E+05  0.206418E+05  0.417093E+02
  0.175363E-03  0.198964E+05  0.198958E+05  0.265276E+05  0.265265E+05  0.000000E+00  0.198963E+05  0.198963E+05  0.198963E+05 -0.616299E+00  0.206430E+05  0.206418E+05  0.418315E+02
  0.176172E-03  0.198897E+05  0.198891E+05  0.265186E+05  0.265175E+05  0.000000E+00  0.198896E+05  0.198896E+05  0.198896E+05 -0.616299E+00  0.206430E+05  0.206418E+05  0.420209E+02
  0.176986E-03  0.198831E+05  0.198825E+05  0.265099E+05  0.265087E+05  0.000000E+00  0.198830E+05  0.198830E+05  0.198830E+05 -0.616299E+00  0.206430E+05  0.206418E+05  0.421900E+02
  0.177803E-03  0.198767E+05  0.198761E+05  0.265014E+05  0.265002E+05  0.000000E+00  0.198766E+05  0.198766E+05  0.198766E+05 -0.616298E+00  0.206430E+05  0.206418E+05  0.424007E+02
  0.178623E-03  0.199583E+05  0.199576E+05  0.266101E+05  0.266089E+05  0.000000E+00  0.199582E+05  0.199582E+05  0.199582E+05 -0.616298E+00  0.206430E+05  0.206417E+05  0.425403E+02
  0.179448E-03  0.199491E+05  0.199485E+05  0.265978E+05  0.265966E+05  0.000000E+00  0.199490E+05  0.199490E+05  0.199490E+05 -0.616298E+00  0.206430E+05  0.206417E+05  0.427233E+02
  0.180276E-03  0.199401E+05  0.199395E+05  0.265858E+05  0.265846E+05  0.000000E+00  0.199400E+05  0.199400E+05  0.199400E+05 -0.616298E+00  0.206430E+05  0.206417E+05  0.428935E+02
  0.181108E-03  0.199312E+05  0.199306E+05  0.265740E+05  0.265728E+05  0.000000E+00  0.199311E+05  0.199311E+05  0.199311E+05 -0.616297E+00  0.206430E+05  0.206417E+05  0.431402E+02
  0.181944E-03  0.199226E+05  0.199220E+05  0.265625E+05  0.265613E+05  0.000000E+00  0.199225E+05  0.199225E+05  0.199225E+05 -0.616297E+00  0.206430E+05  0.206417E+05  0.433171E+02
  0.182784E-03  0.199144E+05  0.199138E+05  0.265516E+05  0.265503E+05  0.000000E+00  0.199143E+05  0.199143E+05  0.199143E+05 -0.616297E+00  0.206430E+05  0.206417E+05  0.434950E+02
  0.183628E-03  0.199067E+05  0.199060E+05  0.265412E+05  0.265400E+05  0.000000E+00  0.199066E+05  0.199066E+05  0.199066E+05 -0.616297E+00  0.206430E+05  0.206417E+05  0.436088E+02
  0.184475E-03  0.198296E+05  0.198289E+05  0.264384E+05  0.264371E+05  0.000000E+00  0.198294E+05  0.198294E+05  0.198294E+05 -0.616297E+00  0.206430E+05  0.206417E+05  0.436245E+02
  0.185327E-03  0.198248E+05  0.198241E+05  0.264320E+05  0.264307E+05  0.000000E+00  0.198247E+05  0.198247E+05  0.198247E+05 -0.616297E+00  0.206430E+05  0.206416E+05  0.438153E+02
  0.186182E-03  0.198206E+05  0.198199E+05  0.264264E+05  0.264251E+05  0.000000E+00  0.198204E+05  0.198204E+05  0.198204E+05 -0.616297E+00  0.206430E+05  0.206416E+05  0.439973E+02
  0.187042E-03  0.198170E+05  0.198163E+05  0.264216E+05  0.264202E+05  0.000000E+00  0.198168E+05  0.198168E+05  0.198168E+05 -0.616297E+00  0.206430E+05  0.206416E+05  0.442005E+02
  0.187905E-03  0.197448E+05  0.197441E+05  0.263254E+05  0.263240E+05  0.000000E+00  0.197447E+05  0.197447E+05  0.197447E+05 -0.616297E+00  0.206430E+05  0.206416E+05  0.442354E+02
  0.188772E-03  0.197440E+05  0.197433E+05  0.263243E+05  0.263229E+05  0.000000E+00  0.197439E+05  0.197439E+05  0.197439E+05 -0.616297E+00  0.206430E+05  0.206416E+05  0.444594E+02
  0.189644E-03  0.197437E+05  0.197430E+05  0.263239E+05  0.263225E+05  0.000000E+00  0.197436E+05  0.197436E+05  0.197436E+05 -0.616296E+00  0.206430E+05  0.206416E+05  0.446616E+02
  0.190519E-03  0.197431E+05  0.197423E+05  0.263230E+05  0.263216E+05  0.000000E+00  0.197429E+05  0.197429E+05  0.197429E+05 -0.616296E+00  0.206430E+05  0.206416E+05  0.448629E+02
  0.191398E-03  0.197419E+05  0.197412E+05  0.263214E+05  0.263201E+05  0.000000E+00  0.197418E+05  0.197418E+05  0.197418E+05 -0.616296E+00  0.206430E+05  0.206415E+05  0.450643E+02
  0.192282E-03  0.197411E+05  0.197404E+05  0.263204E+05  0.263190E+05  0.000000E+00  0.197410E+05  0.197410E+05  0.197410E+05 -0.616296E+00  0.206430E+05  0.206415E+05  0.452675E+02
  0.193169E-03  0.197407E+05  0.197400E+05  0.263199E+05  0.263184E+05  0.000000E+00  0.197406E+05  0.197406E+05  0.197406E+05 -0.616296E+00  0.206430E+05  0.206415E+05  0.454723E+02
  0.194061E-03  0.197407E+05  0.197400E+05  0.263199E+05  0.263184E+05  0.000000E+00  0.197406E+05  0.197406E+05  0.197406E+05 -0.616295E+00  0.206430E+05  0.206415E+05  0.456789E+02
  0.194957E-03  0.197412E+05  0.197404E+05  0.263204E+05  0.263190E+05  0.000000E+00  0.197410E+05  0.197410E+05  0.197410E+05 -0.616295E+00  0.206430E+05  0.206415E+05  0.458876E+02
  0.195857E-03  0.197420E+05  0.197412E+05  0.263215E+05  0.263201E+05  0.000000E+00  0.197419E+05  0.197419E+05  0.197419E+05 -0.616295E+00  0.206430E+05  0.206415E+05  0.460977E+02
  0.196761E-03  0.196160E+05  0.196153E+05  0.261535E+05  0.261521E+05  0.000000E+00  0.196159E+05  0.196159E+05  0.196159E+05 -0.616295E+00  0.206430E+05  0.206415E+05  0.460339E+02
  0.197669E-03  0.196138E+05  0.196130E+05  0.261505E+05  0.261491E+05  0.000000E+00  0.196136E+05  0.196136E+05  0.196136E+05 -0.616295E+00  0.206430E+05  0.206414E+05  0.462412E+02
  0.198581E-03  0.196124E+05  0.196116E+05  0.261487E+05  0.261472E+05  0.000000E+00  0.196122E+05  0.196122E+05  0.196122E+05 -0.616295E+00  0.206430E+05  0.206414E+05  0.464515E+02
  0.199498E-03  0.196119E+05  0.196111E+05  0.261480E+05  0.261465E+05  0.000000E+00  0.196117E+05  0.196117E+05  0.196117E+05 -0.616295E+00  0.206430E+05  0.206414E+05  0.466648E+02
  0.200419E-03  0.196123E+05  0.196115E+05  0.261486E+05  0.261470E+05  0.000000E+00  0.196122E+05  0.196122E+05  0.196122E+05 -0.616295E+00  0.206430E+05  0.206414E+05  0.468815E+02
  0.201344E-03  0.196139E+05  0.196131E+05  0.261506E+05  0.261491E+05  0.000000E+00  0.196138E+05  0.196138E+05  0.196138E+05 -0.616294E+00  0.206430E+05  0.206414E+05  0.471018E+02
  0.202273E-03  0.196164E+05  0.196156E+05  0.261540E+05  0.261524E+05  0.000000E+00  0.196163E+05  0.196163E+05  0.196163E+05 -0.616294E+00  0.206430E+05  0.206413E+05  0.473253E+02
  0.203207E-03  0.196197E+05  0.196189E+05  0.261583E+05  0.261568E+05  0.000000E+00  0.196195E+05  0.196195E+05  0.196195E+05 -0.616294E+00  0.206430E+05  0.206413E+05  0.475517E+02
  0.204145E-03  0.196236E+05  0.196228E+05  0.261636E+05  0.261620E+05  0.000000E+00  0.196235E+05  0.196235E+05  0.196235E+05 -0.616294E+00  0.206430E+05  0.206413E+05  0.477806E+02
  0.205087E-03  0.196281E+05  0.196273E+05  0.261696E+05  0.261680E+05  0.000000E+00  0.196280E+05  0.196280E+05  0.196280E+05 -0.616294E+00  0.206430E+05  0.206413E+05  0.480119E+02
  0.206034E-03  0.196332E+05  0.196323E+05  0.261763E+05  0.261747E+05  0.000000E+00  0.196330E+05  0.196330E+05  0.196330E+05 -0.616293E+00  0.206430E+05  0.206413E+05  0.482474E+02
  0.206985E-03  0.196387E+05  0.196378E+05  0.261837E+05  0.261820E+05  0.000000E+00  0.196386E+05  0.196386E+05  0.196386E+05 -0.616293E+00  0.206430E+05  0.206412E+05  0.484840E+02
  0.207940E-03  0.196447E+05  0.196438E+05  0.261916E+05  0.261900E+05  0.000000E+00  0.196445E+05  0.196445E+05  0.196445E+05 -0.616293E+00  0.206429E+05  0.206412E+05  0.487214E+02
  0.208900E-03  0.196511E+05  0.196502E+05  0.262001E+05  0.261985E+05  0.000000E+00  0.196509E+05  0.196509E+05  0.196509E+05 -0.616293E+00  0.206429E+05  0.206412E+05  0.489387E+02
  0.209864E-03  0.196579E+05  0.196570E+05  0.262092E+05  0.262075E+05  0.000000E+00  0.196577E+05  0.196577E+05  0.196577E+05 -0.616292E+00  0.206429E+05  0.206412E+05  0.491841E+02
  0.210833E-03  0.196650E+05  0.196641E+05  0.262187E+05  0.262170E+05  0.000000E+00  0.196648E+05  0.196648E+05  0.196648E+05 -0.616292E+00  0.206429E+05  0.206412E+05  0.494389E+02
  0.211806E-03  0.196724E+05  0.196715E+05  0.262286E+05  0.262269E+05  0.000000E+00  0.196723E+05  0.196723E+05  0.196723E+05 -0.616292E+00  0.206429E+05  0.206411E+05  0.496839E+02
  0.212784E-03  0.196802E+05  0.196793E+05  0.262389E+05  0.262372E+05  0.000000E+00  0.196800E+05  0.196800E+05  0.196800E+05 -0.616291E+00  0.206429E+05  0.206411E+05  0.499290E+02
  0.213766E-03  0.196882E+05  0.196873E+05  0.262496E+05  0.262479E+05  0.000000E+00  0.196881E+05  0.196881E+05  0.196881E+05 -0.616291E+00  0.206429E+05  0.206411E+05  0.501754E+02
  0.214752E-03  0.196283E+05  0.196274E+05  0.261697E+05  0.261679E+05  0.000000E+00  0.196281E+05  0.196281E+05  0.196281E+05 -0.616291E+00  0.206429E+05  0.206411E+05  0.502649E+02
  0.215744E-03  0.196319E+05  0.196310E+05  0.261745E+05  0.261727E+05  0.000000E+00  0.196317E+05  0.196317E+05  0.196317E+05 -0.616291E+00  0.206429E+05  0.206411E+05  0.505079E+02
  0.216739E-03  0.196356E+05  0.196346E+05  0.261794E+05  0.261776E+05  0.000000E+00  0.196354E+05  0.196354E+05  0.196354E+05 -0.616291E+00  0.206429E+05  0.206410E+05  0.507402E+02
  0.217740E-03  0.196393E+05  0.196384E+05  0.261844E+05  0.261826E+05  0.000000E+00  0.196392E+05  0.196392E+05  0.196392E+05 -0.616291E+00  0.206429E+05  0.206410E+05  0.509905E+02
  0.218745E-03  0.196433E+05  0.196424E+05  0.261897E+05  0.261879E+05  0.000000E+00  0.196432E+05  0.196432E+05  0.196432E+05 -0.616290E+00  0.206429E+05  0.206410E+05  0.512351E+02
  0.219755E-03  0.196236E+05  0.196227E+05  0.261634E+05  0.261616E+05  0.000000E+00  0.196235E+05  0.196235E+05  0.196235E+05 -0.616290E+00  0.206429E+05  0.206410E+05  0.514000E+02
  0.220769E-03  0.196237E+05  0.196227E+05  0.261635E+05  0.261617E+05  0.000000E+00  0.196236E+05  0.196236E+05  0.196236E+05 -0.616290E+00  0.206429E+05  0.206410E+05  0.516367E+02
  0.221788E-03  0.196245E+05  0.196235E+05  0.261645E+05  0.261627E+05  0.000000E+00  0.196243E+05  0.196243E+05  0.196243E+05 -0.616290E+00  0.206429E+05  0.206409E+05  0.518766E+02
  0.222812E-03  0.196267E+05  0.196257E+05  0.261674E+05  0.261656E+05  0.000000E+00  0.196265E+05  0.196265E+05  0.196265E+05 -0.616289E+00  0.206429E+05  0.206409E+05  0.521217E+02
  0.223840E-03  0.196804E+05  0.196794E+05  0.262391E+05  0.262372E+05  0.000000E+00  0.196802E+05  0.196802E+05  0.196802E+05 -0.616289E+00  0.206429E+05  0.206409E+05  0.524984E+02
  0.224873E-03  0.196794E+05  0.196784E+05  0.262377E+05  0.262358E+05  0.000000E+00  0.196792E+05  0.196792E+05  0.196792E+05 -0.616289E+00  0.206429E+05  0.206409E+05  0.527371E+02
  0.225911E-03  0.196787E+05  0.196777E+05  0.262367E+05  0.262348E+05  0.000000E+00  0.196785E+05  0.196785E+05  0.196785E+05 -0.616288E+00  0.206429E+05  0.206408E+05  0.529774E+02
  0.226954E-03  0.196784E+05  0.196774E+05  0.262363E+05  0.262344E+05  0.000000E+00  0.196782E+05  0.196782E+05  0.196782E+05 -0.616288E+00  0.206429E+05  0.206408E+05  0.532195E+02
  0.228002E-03  0.196785E+05  0.196775E+05  0.262365E+05  0.262345E+05  0.000000E+00  0.196783E+05  0.196783E+05  0.196783E+05 -0.616288E+00  0.206429E+05  0.206408E+05  0.534636E+02
  0.229054E-03  0.196792E+05  0.196781E+05  0.262373E+05  0.262354E+05  0.000000E+00  0.196790E+05  0.196790E+05  0.196790E+05 -0.616287E+00  0.206429E+05  0.206408E+05  0.537098E+02
  0.230111E-03  0.196804E+05  0.196794E+05  0.262390E+05  0.262370E+05  0.000000E+00  0.196803E+05  0.196803E+05  0.196803E+05 -0.616287E+00  0.206428E+05  0.206407E+05  0.539582E+02
  0.231173E-03  0.196823E+05  0.196813E+05  0.262415E+05  0.262395E+05  0.000000E+00  0.196822E+05  0.196822E+05  0.196822E+05 -0.616287E+00  0.206428E+05  0.206407E+05  0.542092E+02
  0.232241E-03  0.196323E+05  0.196313E+05  0.261748E+05  0.261728E+05  0.000000E+00  0.196321E+05  0.196321E+05  0.196321E+05 -0.616287E+00  0.206428E+05  0.206407E+05  0.543277E+02
  0.233313E-03  0.196297E+05  0.196287E+05  0.261714E+05  0.261693E+05  0.000000E+00  0.196296E+05  0.196296E+05  0.196296E+05 -0.616287E+00  0.206428E+05  0.206407E+05  0.545712E+02
  0.234389E-03  0.196278E+05  0.196267E+05  0.261688E+05  0.261667E+05  0.000000E+00  0.196276E+05  0.196276E+05  0.196276E+05 -0.616286E+00  0.206428E+05  0.206406E+05  0.548177E+02
  0.235471E-03  0.196265E+05  0.196255E+05  0.261671E+05  0.261650E+05  0.000000E+00  0.196264E+05  0.196264E+05  0.196264E+05 -0.616286E+00  0.206428E+05  0.206406E+05  0.550673E+02
  0.236558E-03  0.196260E+05  0.196249E+05  0.261663E+05  0.261642E+05  0.000000E+00  0.196258E+05  0.196258E+05  0.196258E+05 -0.616286E+00  0.206428E+05  0.206406E+05  0.553199E+02
  0.237650E-03  0.196262E+05  0.196251E+05  0.261665E+05  0.261644E+05  0.000000E+00  0.196260E+05  0.196260E+05  0.196260E+05 -0.616286E+00  0.206428E+05  0.206406E+05  0.555758E+02
  0.238747E-03  0.196271E+05  0.196259E+05  0.261677E+05  0.261656E+05  0.000000E+00  0.196269E+05  0.196269E+05  0.196269E+05 -0.616285E+00  0.206428E+05  0.206405E+05  0.558349E+02
  0.239849E-03  0.196286E+05  0.196275E+05  0.261698E+05  0.261677E+05  0.000000E+00  0.196285E+05  0.196285E+05  0.196285E+05 -0.616285E+00  0.206428E+05  0.206405E+05  0.560972E+02
  0.240956E-03  0.197213E+05  0.197201E+05  0.262933E+05  0.262911E+05  0.000000E+00  0.197211E+05  0.197211E+05  0.197211E+05 -0.616284E+00  0.206428E+05  0.206405E+05  0.566673E+02
  0.242068E-03  0.197245E+05  0.197233E+05  0.262976E+05  0.262953E+05  0.000000E+00  0.197243E+05  0.197243E+05  0.197243E+05 -0.616284E+00  0.206428E+05  0.206404E+05  0.569384E+02
  0.243186E-03  0.197279E+05  0.197267E+05  0.263021E+05  0.262998E+05  0.000000E+00  0.197277E+05  0.197277E+05  0.197277E+05 -0.616283E+00  0.206428E+05  0.206404E+05  0.572110E+02
  0.244308E-03  0.196437E+05  0.196425E+05  0.261898E+05  0.261876E+05  0.000000E+00  0.196435E+05  0.196435E+05  0.196435E+05 -0.616284E+00  0.206428E+05  0.206404E+05  0.570999E+02
  0.245436E-03  0.196006E+05  0.195995E+05  0.261324E+05  0.261302E+05  0.000000E+00  0.196005E+05  0.196005E+05  0.196005E+05 -0.616284E+00  0.206428E+05  0.206404E+05  0.572512E+02
  0.246569E-03  0.196008E+05  0.195996E+05  0.261326E+05  0.261304E+05  0.000000E+00  0.196006E+05  0.196006E+05  0.196006E+05 -0.616283E+00  0.206428E+05  0.206404E+05  0.575225E+02
  0.247707E-03  0.196025E+05  0.196013E+05  0.261348E+05  0.261325E+05  0.000000E+00  0.196023E+05  0.196023E+05  0.196023E+05 -0.616283E+00  0.206428E+05  0.206403E+05  0.577989E+02
  0.248850E-03  0.196056E+05  0.196044E+05  0.261390E+05  0.261367E+05  0.000000E+00  0.196054E+05  0.196054E+05  0.196054E+05 -0.616283E+00  0.206428E+05  0.206403E+05  0.580805E+02
  0.249999E-03  0.196102E+05  0.196090E+05  0.261451E+05  0.261428E+05  0.000000E+00  0.196100E+05  0.196100E+05  0.196100E+05 -0.616282E+00  0.206428E+05  0.206403E+05  0.583671E+02
  0.251153E-03  0.197007E+05  0.196994E+05  0.262657E+05  0.262633E+05  0.000000E+00  0.197005E+05  0.197005E+05  0.197005E+05 -0.616281E+00  0.206427E+05  0.206402E+05  0.589595E+02
  0.252312E-03  0.197078E+05  0.197066E+05  0.262752E+05  0.262728E+05  0.000000E+00  0.197076E+05  0.197076E+05  0.197076E+05 -0.616281E+00  0.206427E+05  0.206402E+05  0.592577E+02
  0.253477E-03  0.197151E+05  0.197138E+05  0.262848E+05  0.262824E+05  0.000000E+00  0.197149E+05  0.197149E+05  0.197149E+05 -0.616281E+00  0.206427E+05  0.206402E+05  0.595566E+02
  0.254647E-03  0.197224E+05  0.197211E+05  0.262946E+05  0.262921E+05  0.000000E+00  0.197222E+05  0.197222E+05  0.197222E+05 -0.616280E+00  0.206427E+05  0.206401E+05  0.598563E+02
  0.255822E-03  0.197298E+05  0.197285E+05  0.263044E+05  0.263020E+05  0.000000E+00  0.197296E+05  0.197296E+05  0.197296E+05 -0.616280E+00  0.206427E+05  0.206401E+05  0.601566E+02
  0.257003E-03  0.196963E+05  0.196950E+05  0.262598E+05  0.262573E+05  0.000000E+00  0.196961E+05  0.196961E+05  0.196961E+05 -0.616280E+00  0.206427E+05  0.206401E+05  0.603428E+02
  0.258189E-03  0.196971E+05  0.196958E+05  0.262609E+05  0.262584E+05  0.000000E+00  0.196969E+05  0.196969E+05  0.196969E+05 -0.616279E+00  0.206427E+05  0.206400E+05  0.606254E+02
  0.259381E-03  0.196976E+05  0.196963E+05  0.262615E+05  0.262590E+05  0.000000E+00  0.196974E+05  0.196974E+05  0.196974E+05 -0.616279E+00  0.206427E+05  0.206400E+05  0.609078E+02
  0.260578E-03  0.196979E+05  0.196966E+05  0.262618E+05  0.262593E+05  0.000000E+00  0.196977E+05  0.196977E+05  0.196977E+05 -0.616279E+00  0.206427E+05  0.206400E+05  0.611905E+02
  0.261781E-03  0.196981E+05  0.196967E+05  0.262621E+05  0.262595E+05  0.000000E+00  0.196979E+05  0.196979E+05  0.196979E+05 -0.616278E+00  0.206427E+05  0.206400E+05  0.614740E+02
  0.262989E-03  0.196983E+05  0.196970E+05  0.262624E+05  0.262598E+05  0.000000E+00  0.196981E+05  0.196981E+05  0.196981E+05 -0.616278E+00  0.206427E+05  0.206399E+05  0.617585E+02
  0.264203E-03  0.196987E+05  0.196973E+05  0.262628E+05  0.262602E+05  0.000000E+00  0.196985E+05  0.196985E+05  0.196985E+05 -0.616278E+00  0.206427E+05  0.206399E+05  0.620444E+02
  0.265423E-03  0.196992E+05  0.196979E+05  0.262636E+05  0.262609E+05  0.000000E+00  0.196990E+05  0.196990E+05  0.196990E+05 -0.616277E+00  0.206427E+05  0.206399E+05  0.623320E+02
  0.266648E-03  0.197001E+05  0.196987E+05  0.262647E+05  0.262620E+05  0.000000E+00  0.196998E+05  0.196998E+05  0.196998E+05 -0.616277E+00  0.206427E+05  0.206398E+05  0.626215E+02
  0.267879E-03  0.197013E+05  0.196999E+05  0.262662E+05  0.262635E+05  0.000000E+00  0.197010E+05  0.197010E+05  0.197010E+05 -0.616276E+00  0.206427E+05  0.206398E+05  0.629133E+02
  0.269115E-03  0.197028E+05  0.197014E+05  0.262683E+05  0.262655E+05  0.000000E+00  0.197026E+05  0.197026E+05  0.197026E+05 -0.616276E+00  0.206427E+05  0.206398E+05  0.632072E+02
  0.270357E-03  0.197047E+05  0.197033E+05  0.262708E+05  0.262680E+05  0.000000E+00  0.197045E+05  0.197045E+05  0.197045E+05 -0.616276E+00  0.206426E+05  0.206397E+05  0.635033E+02
  0.271605E-03  0.197070E+05  0.197055E+05  0.262738E+05  0.262710E+05  0.000000E+00  0.197067E+05  0.197067E+05  0.197067E+05 -0.616275E+00  0.206426E+05  0.206397E+05  0.638015E+02
  0.272859E-03  0.196852E+05  0.196837E+05  0.262447E+05  0.262419E+05  0.000000E+00  0.196850E+05  0.196850E+05  0.196850E+05 -0.616275E+00  0.206426E+05  0.206397E+05  0.640290E+02
  0.274118E-03  0.196846E+05  0.196831E+05  0.262439E+05  0.262410E+05  0.000000E+00  0.196843E+05  0.196843E+05  0.196843E+05 -0.616275E+00  0.206426E+05  0.206396E+05  0.643207E+02
  0.275384E-03  0.196839E+05  0.196824E+05  0.262429E+05  0.262400E+05  0.000000E+00  0.196836E+05  0.196836E+05  0.196836E+05 -0.616274E+00  0.206426E+05  0.206396E+05  0.646134E+02
  0.276655E-03  0.196831E+05  0.196816E+05  0.262418E+05  0.262390E+05  0.000000E+00  0.196828E+05  0.196828E+05  0.196828E+05 -0.616274E+00  0.206426E+05  0.206396E+05  0.649073E+02
  0.277932E-03  0.196823E+05  0.196808E+05  0.262407E+05  0.262378E+05  0.000000E+00  0.196820E+05  0.196820E+05  0.196820E+05 -0.616274E+00  0.206426E+05  0.206395E+05  0.652025E+02
  0.279215E-03  0.196815E+05  0.196800E+05  0.262397E+05  0.262368E+05  0.000000E+00  0.196813E+05  0.196813E+05  0.196813E+05 -0.616273E+00  0.206426E+05  0.206395E+05  0.654991E+02
  0.280503E-03  0.196808E+05  0.196792E+05  0.262387E+05  0.262357E+05  0.000000E+00  0.196805E+05  0.196805E+05  0.196805E+05 -0.616273E+00  0.206426E+05  0.206395E+05  0.657973E+02
  0.281798E-03  0.196802E+05  0.196786E+05  0.262379E+05  0.262349E+05  0.000000E+00  0.196799E+05  0.196799E+05  0.196799E+05 -0.616272E+00  0.206426E+05  0.206394E+05  0.660972E+02
  0.283099E-03  0.196797E+05  0.196781E+05  0.262372E+05  0.262342E+05  0.000000E+00  0.196794E+05  0.196794E+05  0.196794E+05 -0.616272E+00  0.206426E+05  0.206394E+05  0.663989E+02
  0.284406E-03  0.196793E+05  0.196778E+05  0.262367E+05  0.262337E+05  0.000000E+00  0.196791E+05  0.196791E+05  0.196791E+05 -0.616272E+00  0.206426E+05  0.206393E+05  0.667025E+02
  0.285718E-03  0.196792E+05  0.196776E+05  0.262365E+05  0.262334E+05  0.000000E+00  0.196789E+05  0.196789E+05  0.196789E+05 -0.616271E+00  0.206426E+05  0.206393E+05  0.670080E+02
  0.287037E-03  0.196792E+05  0.196776E+05  0.262365E+05  0.262334E+05  0.000000E+00  0.196790E+05  0.196790E+05  0.196790E+05 -0.616271E+00  0.206426E+05  0.206393E+05  0.673156E+02
  0.288362E-03  0.196795E+05  0.196778E+05  0.262368E+05  0.262337E+05  0.000000E+00  0.196792E+05  0.196792E+05  0.196792E+05 -0.616270E+00  0.206426E+05  0.206392E+05  0.676253E+02
  0.289693E-03  0.196799E+05  0.196783E+05  0.262374E+05  0.262343E+05  0.000000E+00  0.196797E+05  0.196797E+05  0.196797E+05 -0.616270E+00  0.206425E+05  0.206392E+05  0.679412E+02
  0.291030E-03  0.196806E+05  0.196790E+05  0.262383E+05  0.262352E+05  0.000000E+00  0.196804E+05  0.196804E+05  0.196804E+05 -0.616269E+00  0.206425E+05  0.206392E+05  0.682549E+02
  0.292374E-03  0.196816E+05  0.196799E+05  0.262396E+05  0.262363E+05  0.000000E+00  0.196813E+05  0.196813E+05  0.196813E+05 -0.616269E+00  0.206425E+05  0.206391E+05  0.685710E+02
  0.293723E-03  0.196827E+05  0.196810E+05  0.262411E+05  0.262378E+05  0.000000E+00  0.196825E+05  0.196825E+05  0.196825E+05 -0.616268E+00  0.206425E+05  0.206391E+05  0.688893E+02
  0.295079E-03  0.196558E+05  0.196541E+05  0.262051E+05  0.262019E+05  0.000000E+00  0.196555E+05  0.196555E+05  0.196555E+05 -0.616268E+00  0.206425E+05  0.206390E+05  0.690896E+02
  0.296441E-03  0.196564E+05  0.196547E+05  0.262060E+05  0.262026E+05  0.000000E+00  0.196561E+05  0.196561E+05  0.196561E+05 -0.616268E+00  0.206425E+05  0.206390E+05  0.694140E+02
  0.297809E-03  0.196591E+05  0.196574E+05  0.262095E+05  0.262062E+05  0.000000E+00  0.196588E+05  0.196588E+05  0.196588E+05 -0.616267E+00  0.206425E+05  0.206390E+05  0.697142E+02
  0.299184E-03  0.196555E+05  0.196537E+05  0.262047E+05  0.262013E+05  0.000000E+00  0.196552E+05  0.196552E+05  0.196552E+05 -0.616267E+00  0.206425E+05  0.206389E+05  0.700245E+02
  0.300565E-03  0.196495E+05  0.196477E+05  0.261966E+05  0.261932E+05  0.000000E+00  0.196492E+05  0.196492E+05  0.196492E+05 -0.616267E+00  0.206425E+05  0.206389E+05  0.703335E+02
  0.301952E-03  0.196568E+05  0.196550E+05  0.262063E+05  0.262029E+05  0.000000E+00  0.196565E+05  0.196565E+05  0.196565E+05 -0.616266E+00  0.206425E+05  0.206388E+05  0.706974E+02
  0.303346E-03  0.196690E+05  0.196672E+05  0.262226E+05  0.262191E+05  0.000000E+00  0.196687E+05  0.196687E+05  0.196687E+05 -0.616265E+00  0.206425E+05  0.206388E+05  0.710696E+02
  0.304746E-03  0.196660E+05  0.196642E+05  0.262186E+05  0.262151E+05  0.000000E+00  0.196657E+05  0.196657E+05  0.196657E+05 -0.616265E+00  0.206425E+05  0.206388E+05  0.713743E+02
  0.306153E-03  0.196688E+05  0.196669E+05  0.262223E+05  0.262187E+05  0.000000E+00  0.196685E+05  0.196685E+05  0.196685E+05 -0.616264E+00  0.206424E+05  0.206387E+05  0.716909E+02
  0.307566E-03  0.196488E+05  0.196470E+05  0.261956E+05  0.261921E+05  0.000000E+00  0.196485E+05  0.196485E+05  0.196485E+05 -0.616264E+00  0.206424E+05  0.206387E+05  0.719606E+02
  0.308985E-03  0.196718E+05  0.196699E+05  0.262262E+05  0.262226E+05  0.000000E+00  0.196715E+05  0.196715E+05  0.196715E+05 -0.616263E+00  0.206424E+05  0.206386E+05  0.723942E+02
  0.310412E-03  0.196675E+05  0.196657E+05  0.262205E+05  0.262169E+05  0.000000E+00  0.196672E+05  0.196672E+05  0.196672E+05 -0.616263E+00  0.206424E+05  0.206386E+05  0.727101E+02
  0.311844E-03  0.196679E+05  0.196660E+05  0.262210E+05  0.262174E+05  0.000000E+00  0.196676E+05  0.196676E+05  0.196676E+05 -0.616262E+00  0.206424E+05  0.206385E+05  0.730456E+02
  0.313284E-03  0.196684E+05  0.196664E+05  0.262216E+05  0.262179E+05  0.000000E+00  0.196681E+05  0.196681E+05  0.196681E+05 -0.616262E+00  0.206424E+05  0.206385E+05  0.733823E+02
  0.314730E-03  0.196485E+05  0.196465E+05  0.261950E+05  0.261913E+05  0.000000E+00  0.196482E+05  0.196482E+05  0.196482E+05 -0.616262E+00  0.206424E+05  0.206385E+05  0.736296E+02
  0.316183E-03  0.196546E+05  0.196526E+05  0.262032E+05  0.261994E+05  0.000000E+00  0.196543E+05  0.196543E+05  0.196543E+05 -0.616261E+00  0.206424E+05  0.206384E+05  0.739689E+02
  0.317642E-03  0.196634E+05  0.196614E+05  0.262149E+05  0.262111E+05  0.000000E+00  0.196631E+05  0.196631E+05  0.196631E+05 -0.616260E+00  0.206424E+05  0.206384E+05  0.743625E+02
  0.319108E-03  0.196549E+05  0.196529E+05  0.262036E+05  0.261997E+05  0.000000E+00  0.196546E+05  0.196546E+05  0.196546E+05 -0.616260E+00  0.206424E+05  0.206383E+05  0.746776E+02
  0.320581E-03  0.196538E+05  0.196518E+05  0.262021E+05  0.261982E+05  0.000000E+00  0.196535E+05  0.196535E+05  0.196535E+05 -0.616260E+00  0.206424E+05  0.206383E+05  0.749901E+02
  0.322061E-03  0.196548E+05  0.196528E+05  0.262033E+05  0.261994E+05  0.000000E+00  0.196545E+05  0.196545E+05  0.196545E+05 -0.616259E+00  0.206424E+05  0.206382E+05  0.753309E+02
  0.323547E-03  0.196605E+05  0.196584E+05  0.262109E+05  0.262069E+05  0.000000E+00  0.196601E+05  0.196601E+05  0.196601E+05 -0.616258E+00  0.206423E+05  0.206382E+05  0.757468E+02
  0.325041E-03  0.196600E+05  0.196580E+05  0.262102E+05  0.262063E+05  0.000000E+00  0.196597E+05  0.196597E+05  0.196597E+05 -0.616258E+00  0.206423E+05  0.206381E+05  0.760936E+02
  0.326541E-03  0.196590E+05  0.196569E+05  0.262088E+05  0.262048E+05  0.000000E+00  0.196586E+05  0.196586E+05  0.196586E+05 -0.616257E+00  0.206423E+05  0.206381E+05  0.764365E+02
  0.328048E-03  0.196611E+05  0.196590E+05  0.262116E+05  0.262075E+05  0.000000E+00  0.196607E+05  0.196607E+05  0.196607E+05 -0.616257E+00  0.206423E+05  0.206380E+05  0.767855E+02
  0.329563E-03  0.196631E+05  0.196610E+05  0.262143E+05  0.262102E+05  0.000000E+00  0.196628E+05  0.196628E+05  0.196628E+05 -0.616256E+00  0.206423E+05  0.206380E+05  0.771393E+02
  0.331084E-03  0.196630E+05  0.196609E+05  0.262141E+05  0.262100E+05  0.000000E+00  0.196627E+05  0.196627E+05  0.196627E+05 -0.616256E+00  0.206423E+05  0.206379E+05  0.774903E+02
  0.332612E-03  0.196625E+05  0.196603E+05  0.262134E+05  0.262092E+05  0.000000E+00  0.196621E+05  0.196621E+05  0.196621E+05 -0.616255E+00  0.206423E+05  0.206379E+05  0.778428E+02
  0.334147E-03  0.196618E+05  0.196596E+05  0.262124E+05  0.262082E+05  0.000000E+00  0.196614E+05  0.196614E+05  0.196614E+05 -0.616254E+00  0.206423E+05  0.206378E+05  0.781966E+02
  0.335690E-03  0.196610E+05  0.196588E+05  0.262113E+05  0.262071E+05  0.000000E+00  0.196606E+05  0.196606E+05  0.196606E+05 -0.616254E+00  0.206423E+05  0.206378E+05  0.785492E+02
  0.337239E-03  0.196606E+05  0.196584E+05  0.262108E+05  0.262065E+05  0.000000E+00  0.196602E+05  0.196602E+05  0.196602E+05 -0.616253E+00  0.206423E+05  0.206377E+05  0.789072E+02
  0.338796E-03  0.196600E+05  0.196578E+05  0.262100E+05  0.262057E+05  0.000000E+00  0.196597E+05  0.196597E+05  0.196597E+05 -0.616253E+00  0.206422E+05  0.206377E+05  0.792665E+02
  0.340360E-03  0.196435E+05  0.196413E+05  0.261880E+05  0.261836E+05  0.000000E+00  0.196432E+05  0.196432E+05  0.196432E+05 -0.616252E+00  0.206422E+05  0.206376E+05  0.795639E+02
  0.341931E-03  0.196420E+05  0.196397E+05  0.261858E+05  0.261814E+05  0.000000E+00  0.196416E+05  0.196416E+05  0.196416E+05 -0.616252E+00  0.206422E+05  0.206376E+05  0.799225E+02
  0.343509E-03  0.196407E+05  0.196384E+05  0.261841E+05  0.261797E+05  0.000000E+00  0.196403E+05  0.196403E+05  0.196403E+05 -0.616251E+00  0.206422E+05  0.206375E+05  0.802843E+02
  0.345095E-03  0.196397E+05  0.196374E+05  0.261828E+05  0.261783E+05  0.000000E+00  0.196394E+05  0.196394E+05  0.196394E+05 -0.616251E+00  0.206422E+05  0.206375E+05  0.806490E+02
  0.346687E-03  0.196390E+05  0.196367E+05  0.261818E+05  0.261773E+05  0.000000E+00  0.196387E+05  0.196387E+05  0.196387E+05 -0.616250E+00  0.206422E+05  0.206374E+05  0.810166E+02
  0.348288E-03  0.196386E+05  0.196362E+05  0.261812E+05  0.261766E+05  0.000000E+00  0.196382E+05  0.196382E+05  0.196382E+05 -0.616249E+00  0.206422E+05  0.206374E+05  0.813870E+02
  0.349895E-03  0.196383E+05  0.196359E+05  0.261808E+05  0.261762E+05  0.000000E+00  0.196379E+05  0.196379E+05  0.196379E+05 -0.616249E+00  0.206422E+05  0.206373E+05  0.817600E+02
  0.351510E-03  0.196382E+05  0.196358E+05  0.261807E+05  0.261760E+05  0.000000E+00  0.196378E+05  0.196378E+05  0.196378E+05 -0.616248E+00  0.206422E+05  0.206373E+05  0.821355E+02
  0.353133E-03  0.196383E+05  0.196358E+05  0.261807E+05  0.261760E+05  0.000000E+00  0.196379E+05  0.196379E+05  0.196379E+05 -0.616248E+00  0.206422E+05  0.206372E+05  0.825133E+02
  0.354763E-03  0.196254E+05  0.196229E+05  0.261634E+05  0.261587E+05  0.000000E+00  0.196250E+05  0.196250E+05  0.196250E+05 -0.616247E+00  0.206421E+05  0.206372E+05  0.828124E+02
  0.356400E-03  0.196258E+05  0.196233E+05  0.261639E+05  0.261592E+05  0.000000E+00  0.196254E+05  0.196254E+05  0.196254E+05 -0.616246E+00  0.206421E+05  0.206371E+05  0.831945E+02
  0.358045E-03  0.196261E+05  0.196236E+05  0.261644E+05  0.261596E+05  0.000000E+00  0.196257E+05  0.196257E+05  0.196257E+05 -0.616246E+00  0.206421E+05  0.206370E+05  0.835784E+02
  0.359698E-03  0.196265E+05  0.196240E+05  0.261649E+05  0.261600E+05  0.000000E+00  0.196261E+05  0.196261E+05  0.196261E+05 -0.616245E+00  0.206421E+05  0.206370E+05  0.839642E+02
  0.361358E-03  0.196270E+05  0.196245E+05  0.261655E+05  0.261606E+05  0.000000E+00  0.196266E+05  0.196266E+05  0.196266E+05 -0.616244E+00  0.206421E+05  0.206369E+05  0.843521E+02
  0.363026E-03  0.196276E+05  0.196250E+05  0.261662E+05  0.261612E+05  0.000000E+00  0.196271E+05  0.196271E+05  0.196271E+05 -0.616244E+00  0.206421E+05  0.206369E+05  0.847423E+02
  0.364702E-03  0.196282E+05  0.196256E+05  0.261670E+05  0.261620E+05  0.000000E+00  0.196278E+05  0.196278E+05  0.196278E+05 -0.616243E+00  0.206421E+05  0.206368E+05  0.851348E+02
  0.366385E-03  0.196290E+05  0.196264E+05  0.261681E+05  0.261630E+05  0.000000E+00  0.196286E+05  0.196286E+05  0.196286E+05 -0.616242E+00  0.206421E+05  0.206367E+05  0.855299E+02
  0.368076E-03  0.196300E+05  0.196274E+05  0.261693E+05  0.261642E+05  0.000000E+00  0.196296E+05  0.196296E+05  0.196296E+05 -0.616242E+00  0.206421E+05  0.206367E+05  0.859275E+02
  0.369775E-03  0.196312E+05  0.196285E+05  0.261708E+05  0.261657E+05  0.000000E+00  0.196307E+05  0.196307E+05  0.196307E+05 -0.616241E+00  0.206420E+05  0.206366E+05  0.863278E+02
  0.371482E-03  0.196313E+05  0.196286E+05  0.261710E+05  0.261658E+05  0.000000E+00  0.196309E+05  0.196309E+05  0.196309E+05 -0.616240E+00  0.206420E+05  0.206365E+05  0.867394E+02
  0.373197E-03  0.196314E+05  0.196286E+05  0.261711E+05  0.261658E+05  0.000000E+00  0.196309E+05  0.196309E+05  0.196309E+05 -0.616240E+00  0.206420E+05  0.206365E+05  0.871382E+02
  0.374920E-03  0.196314E+05  0.196287E+05  0.261711E+05  0.261658E+05  0.000000E+00  0.196310E+05  0.196310E+05  0.196310E+05 -0.616239E+00  0.206420E+05  0.206364E+05  0.875387E+02
  0.376650E-03  0.196314E+05  0.196286E+05  0.261710E+05  0.261657E+05  0.000000E+00  0.196310E+05  0.196310E+05  0.196310E+05 -0.616238E+00  0.206420E+05  0.206364E+05  0.879508E+02
  0.378389E-03  0.196314E+05  0.196286E+05  0.261710E+05  0.261656E+05  0.000000E+00  0.196309E+05  0.196309E+05  0.196309E+05 -0.616237E+00  0.206420E+05  0.206363E+05  0.883532E+02
  0.380135E-03  0.196314E+05  0.196285E+05  0.261709E+05  0.261655E+05  0.000000E+00  0.196309E+05  0.196309E+05  0.196309E+05 -0.616237E+00  0.206420E+05  0.206362E+05  0.887595E+02
  0.381890E-03  0.196313E+05  0.196285E+05  0.261708E+05  0.261653E+05  0.000000E+00  0.196309E+05  0.196309E+05  0.196309E+05 -0.616236E+00  0.206420E+05  0.206362E+05  0.891676E+02
  0.383653E-03  0.196313E+05  0.196284E+05  0.261707E+05  0.261652E+05  0.000000E+00  0.196308E+05  0.196308E+05  0.196308E+05 -0.616235E+00  0.206419E+05  0.206361E+05  0.895712E+02
  0.385423E-03  0.196313E+05  0.196284E+05  0.261707E+05  0.261651E+05  0.000000E+00  0.196308E+05  0.196308E+05  0.196308E+05 -0.616234E+00  0.206419E+05  0.206360E+05  0.899830E+02
  0.387202E-03  0.196313E+05  0.196283E+05  0.261706E+05  0.261650E+05  0.000000E+00  0.196308E+05  0.196308E+05  0.196308E+05 -0.616234E+00  0.206419E+05  0.206360E+05  0.903969E+02
  0.388990E-03  0.196313E+05  0.196283E+05  0.261706E+05  0.261649E+05  0.000000E+00  0.196308E+05  0.196308E+05  0.196308E+05 -0.616233E+00  0.206419E+05  0.206359E+05  0.908127E+02
  0.390785E-03  0.196313E+05  0.196283E+05  0.261706E+05  0.261648E+05  0.000000E+00  0.196308E+05  0.196308E+05  0.196308E+05 -0.616232E+00  0.206419E+05  0.206358E+05  0.912306E+02
  0.392589E-03  0.196314E+05  0.196283E+05  0.261706E+05  0.261648E+05  0.000000E+00  0.196309E+05  0.196309E+05  0.196309E+05 -0.616231E+00  0.206419E+05  0.206357E+05  0.916552E+02
  0.394401E-03  0.196314E+05  0.196284E+05  0.261707E+05  0.261648E+05  0.000000E+00  0.196309E+05  0.196309E+05  0.196309E+05 -0.616231E+00  0.206419E+05  0.206357E+05  0.920772E+02
  0.396222E-03  0.196315E+05  0.196285E+05  0.261708E+05  0.261649E+05  0.000000E+00  0.196310E+05  0.196310E+05  0.196310E+05 -0.616230E+00  0.206418E+05  0.206356E+05  0.925014E+02
  0.398050E-03  0.196303E+05  0.196272E+05  0.261691E+05  0.261631E+05  0.000000E+00  0.196298E+05  0.196298E+05  0.196298E+05 -0.616229E+00  0.206418E+05  0.206355E+05  0.929212E+02
  0.399888E-03  0.196304E+05  0.196273E+05  0.261692E+05  0.261632E+05  0.000000E+00  0.196299E+05  0.196299E+05  0.196299E+05 -0.616228E+00  0.206418E+05  0.206355E+05  0.933491E+02
  0.401733E-03  0.196305E+05  0.196274E+05  0.261693E+05  0.261632E+05  0.000000E+00  0.196300E+05  0.196300E+05  0.196300E+05 -0.616227E+00  0.206418E+05  0.206354E+05  0.937790E+02
  0.403588E-03  0.196306E+05  0.196274E+05  0.261693E+05  0.261632E+05  0.000000E+00  0.196301E+05  0.196301E+05  0.196301E+05 -0.616226E+00  0.206418E+05  0.206353E+05  0.942107E+02
  0.405451E-03  0.196307E+05  0.196274E+05  0.261694E+05  0.261632E+05  0.000000E+00  0.196301E+05  0.196301E+05  0.196301E+05 -0.616226E+00  0.206418E+05  0.206352E+05  0.946439E+02
  0.407322E-03  0.196307E+05  0.196274E+05  0.261694E+05  0.261631E+05  0.000000E+00  0.196302E+05  0.196302E+05  0.196302E+05 -0.616225E+00  0.206418E+05  0.206352E+05  0.950794E+02
  0.409202E-03  0.196307E+05  0.196274E+05  0.261693E+05  0.261630E+05  0.000000E+00  0.196302E+05  0.196302E+05  0.196302E+05 -0.616224E+00  0.206417E+05  0.206351E+05  0.955168E+02
  0.411091E-03  0.196307E+05  0.196274E+05  0.261693E+05  0.261629E+05  0.000000E+00  0.196302E+05  0.196302E+05  0.196302E+05 -0.616223E+00  0.206417E+05  0.206350E+05  0.959562E+02
  0.412989E-03  0.196307E+05  0.196274E+05  0.261692E+05  0.261628E+05  0.000000E+00  0.196301E+05  0.196301E+05  0.196301E+05 -0.616222E+00  0.206417E+05  0.206349E+05  0.963976E+02
  0.414895E-03  0.196307E+05  0.196273E+05  0.261691E+05  0.261627E+05  0.000000E+00  0.196301E+05  0.196301E+05  0.196301E+05 -0.616221E+00  0.206417E+05  0.206349E+05  0.968447E+02
  0.416810E-03  0.196307E+05  0.196273E+05  0.261691E+05  0.261625E+05  0.000000E+00  0.196301E+05  0.196301E+05  0.196301E+05 -0.616220E+00  0.206417E+05  0.206348E+05  0.972900E+02
  0.418734E-03  0.196306E+05  0.196272E+05  0.261690E+05  0.261624E+05  0.000000E+00  0.196301E+05  0.196301E+05  0.196301E+05 -0.616220E+00  0.206417E+05  0.206347E+05  0.977338E+02
  0.420667E-03  0.196306E+05  0.196272E+05  0.261689E+05  0.261623E+05  0.000000E+00  0.196301E+05  0.196301E+05  0.196301E+05 -0.616219E+00  0.206416E+05  0.206346E+05  0.981835E+02
  0.422608E-03  0.196306E+05  0.196271E+05  0.261689E+05  0.261622E+05  0.000000E+00  0.196300E+05  0.196300E+05  0.196300E+05 -0.616218E+00  0.206416E+05  0.206345E+05  0.986314E+02
  0.424559E-03  0.196306E+05  0.196271E+05  0.261689E+05  0.261621E+05  0.000000E+00  0.196301E+05  0.196301E+05  0.196301E+05 -0.616217E+00  0.206416E+05  0.206345E+05  0.990857E+02
  0.426519E-03  0.196308E+05  0.196272E+05  0.261690E+05  0.261621E+05  0.000000E+00  0.196302E+05  0.196302E+05  0.196302E+05 -0.616216E+00  0.206416E+05  0.206344E+05  0.995423E+02
  0.428487E-03  0.196308E+05  0.196272E+05  0.261690E+05  0.261621E+05  0.000000E+00  0.196302E+05  0.196302E+05  0.196302E+05 -0.616215E+00  0.206416E+05  0.206343E+05  0.999988E+02
  0.430465E-03  0.196308E+05  0.196272E+05  0.261689E+05  0.261620E+05  0.000000E+00  0.196302E+05  0.196302E+05  0.196302E+05 -0.616214E+00  0.206416E+05  0.206342E+05  0.100461E+03
  0.432452E-03  0.196308E+05  0.196271E+05  0.261689E+05  0.261618E+05  0.000000E+00  0.196302E+05  0.196302E+05  0.196302E+05 -0.616213E+00  0.206416E+05  0.206341E+05  0.100922E+03
  0.434448E-03  0.196308E+05  0.196271E+05  0.261688E+05  0.261617E+05  0.000000E+00  0.196302E+05  0.196302E+05  0.196302E+05 -0.616212E+00  0.206415E+05  0.206340E+05  0.101385E+03
  0.436454E-03  0.196307E+05  0.196269E+05  0.261686E+05  0.261614E+05  0.000000E+00  0.196301E+05  0.196301E+05  0.196301E+05 -0.616211E+00  0.206415E+05  0.206340E+05  0.101851E+03
  0.438468E-03  0.196306E+05  0.196268E+05  0.261684E+05  0.261612E+05  0.000000E+00  0.196300E+05  0.196300E+05  0.196300E+05 -0.616210E+00  0.206415E+05  0.206339E+05  0.102319E+03
  0.440492E-03  0.196304E+05  0.196266E+05  0.261682E+05  0.261609E+05  0.000000E+00  0.196298E+05  0.196298E+05  0.196298E+05 -0.616209E+00  0.206415E+05  0.206338E+05  0.102789E+03
  0.442525E-03  0.196303E+05  0.196265E+05  0.261680E+05  0.261606E+05  0.000000E+00  0.196297E+05  0.196297E+05  0.196297E+05 -0.616208E+00  0.206415E+05  0.206337E+05  0.103259E+03
  0.444568E-03  0.196302E+05  0.196263E+05  0.261678E+05  0.261603E+05  0.000000E+00  0.196296E+05  0.196296E+05  0.196296E+05 -0.616207E+00  0.206414E+05  0.206336E+05  0.103734E+03
  0.446620E-03  0.196301E+05  0.196262E+05  0.261676E+05  0.261601E+05  0.000000E+00  0.196295E+05  0.196295E+05  0.196295E+05 -0.616206E+00  0.206414E+05  0.206335E+05  0.104210E+03
  0.448681E-03  0.196301E+05  0.196261E+05  0.261675E+05  0.261599E+05  0.000000E+00  0.196294E+05  0.196294E+05  0.196294E+05 -0.616205E+00  0.206414E+05  0.206334E+05  0.104689E+03
  0.450752E-03  0.196300E+05  0.196261E+05  0.261674E+05  0.261597E+05  0.000000E+00  0.196294E+05  0.196294E+05  0.196294E+05 -0.616204E+00  0.206414E+05  0.206333E+05  0.105173E+03
  0.452833E-03  0.196301E+05  0.196260E+05  0.261673E+05  0.261596E+05  0.000000E+00  0.196294E+05  0.196294E+05  0.196294E+05 -0.616203E+00  0.206414E+05  0.206332E+05  0.105656E+03
  0.454923E-03  0.196301E+05  0.196261E+05  0.261674E+05  0.261596E+05  0.000000E+00  0.196295E+05  0.196295E+05  0.196295E+05 -0.616202E+00  0.206414E+05  0.206331E+05  0.106140E+03
  0.457023E-03  0.196305E+05  0.196264E+05  0.261678E+05  0.261599E+05  0.000000E+00  0.196298E+05  0.196298E+05  0.196298E+05 -0.616201E+00  0.206413E+05  0.206330E+05  0.106636E+03
  0.459133E-03  0.196306E+05  0.196265E+05  0.261680E+05  0.261600E+05  0.000000E+00  0.196300E+05  0.196300E+05  0.196300E+05 -0.616200E+00  0.206413E+05  0.206330E+05  0.107127E+03
  0.461252E-03  0.196308E+05  0.196266E+05  0.261681E+05  0.261601E+05  0.000000E+00  0.196301E+05  0.196301E+05  0.196301E+05 -0.616199E+00  0.206413E+05  0.206329E+05  0.107618E+03
  0.463381E-03  0.196309E+05  0.196267E+05  0.261682E+05  0.261602E+05  0.000000E+00  0.196303E+05  0.196303E+05  0.196303E+05 -0.616198E+00  0.206413E+05  0.206328E+05  0.108113E+03
  0.465520E-03  0.196310E+05  0.196268E+05  0.261683E+05  0.261602E+05  0.000000E+00  0.196304E+05  0.196304E+05  0.196304E+05 -0.616197E+00  0.206413E+05  0.206327E+05  0.108601E+03
  0.467668E-03  0.196311E+05  0.196269E+05  0.261684E+05  0.261602E+05  0.000000E+00  0.196304E+05  0.196304E+05  0.196304E+05 -0.616195E+00  0.206412E+05  0.206326E+05  0.109106E+03
  0.469827E-03  0.196312E+05  0.196269E+05  0.261684E+05  0.261601E+05  0.000000E+00  0.196305E+05  0.196305E+05  0.196305E+05 -0.616194E+00  0.206412E+05  0.206325E+05  0.109609E+03
  0.471996E-03  0.196312E+05  0.196269E+05  0.261684E+05  0.261600E+05  0.000000E+00  0.196305E+05  0.196305E+05  0.196305E+05 -0.616193E+00  0.206412E+05  0.206324E+05  0.110113E+03
  0.474174E-03  0.196313E+05  0.196269E+05  0.261684E+05  0.261599E+05  0.000000E+00  0.196305E+05  0.196305E+05  0.196305E+05 -0.616192E+00  0.206412E+05  0.206323E+05  0.110626E+03
  0.476363E-03  0.196313E+05  0.196268E+05  0.261683E+05  0.261598E+05  0.000000E+00  0.196305E+05  0.196305E+05  0.196305E+05 -0.616191E+00  0.206412E+05  0.206322E+05  0.111138E+03
  0.478562E-03  0.196312E+05  0.196267E+05  0.261682E+05  0.261596E+05  0.000000E+00  0.196305E+05  0.196305E+05  0.196305E+05 -0.616190E+00  0.206411E+05  0.206321E+05  0.111650E+03
  0.480771E-03  0.196312E+05  0.196267E+05  0.261681E+05  0.261594E+05  0.000000E+00  0.196305E+05  0.196305E+05  0.196305E+05 -0.616189E+00  0.206411E+05  0.206320E+05  0.112160E+03
  0.482990E-03  0.196311E+05  0.196266E+05  0.261680E+05  0.261592E+05  0.000000E+00  0.196304E+05  0.196304E+05  0.196304E+05 -0.616187E+00  0.206411E+05  0.206318E+05  0.112668E+03
  0.485219E-03  0.196311E+05  0.196265E+05  0.261678E+05  0.261590E+05  0.000000E+00  0.196303E+05  0.196303E+05  0.196303E+05 -0.616186E+00  0.206411E+05  0.206317E+05  0.113187E+03
  0.487459E-03  0.196310E+05  0.196264E+05  0.261677E+05  0.261587E+05  0.000000E+00  0.196302E+05  0.196302E+05  0.196302E+05 -0.616185E+00  0.206411E+05  0.206316E+05  0.113706E+03
  0.489709E-03  0.196288E+05  0.196241E+05  0.261646E+05  0.261556E+05  0.000000E+00  0.196280E+05  0.196280E+05  0.196280E+05 -0.616184E+00  0.206410E+05  0.206315E+05  0.114219E+03
  0.491969E-03  0.196283E+05  0.196236E+05  0.261640E+05  0.261549E+05  0.000000E+00  0.196276E+05  0.196276E+05  0.196276E+05 -0.616183E+00  0.206410E+05  0.206314E+05  0.114754E+03
  0.494240E-03  0.196279E+05  0.196231E+05  0.261634E+05  0.261542E+05  0.000000E+00  0.196271E+05  0.196271E+05  0.196271E+05 -0.616181E+00  0.206410E+05  0.206313E+05  0.115279E+03
  0.496521E-03  0.196275E+05  0.196227E+05  0.261628E+05  0.261535E+05  0.000000E+00  0.196267E+05  0.196267E+05  0.196267E+05 -0.616180E+00  0.206410E+05  0.206312E+05  0.115808E+03
  0.498813E-03  0.196271E+05  0.196223E+05  0.261622E+05  0.261528E+05  0.000000E+00  0.196263E+05  0.196263E+05  0.196263E+05 -0.616179E+00  0.206410E+05  0.206311E+05  0.116340E+03
  0.501116E-03  0.196268E+05  0.196219E+05  0.261616E+05  0.261522E+05  0.000000E+00  0.196260E+05  0.196260E+05  0.196260E+05 -0.616178E+00  0.206409E+05  0.206310E+05  0.116882E+03
  0.503429E-03  0.196265E+05  0.196215E+05  0.261611E+05  0.261516E+05  0.000000E+00  0.196256E+05  0.196256E+05  0.196256E+05 -0.616176E+00  0.206409E+05  0.206309E+05  0.117405E+03
  0.505753E-03  0.196262E+05  0.196212E+05  0.261607E+05  0.261511E+05  0.000000E+00  0.196254E+05  0.196254E+05  0.196254E+05 -0.616175E+00  0.206409E+05  0.206307E+05  0.117942E+03
  0.508087E-03  0.196259E+05  0.196209E+05  0.261603E+05  0.261506E+05  0.000000E+00  0.196251E+05  0.196251E+05  0.196251E+05 -0.616174E+00  0.206409E+05  0.206306E+05  0.118484E+03
  0.510432E-03  0.196257E+05  0.196206E+05  0.261599E+05  0.261501E+05  0.000000E+00  0.196249E+05  0.196249E+05  0.196249E+05 -0.616172E+00  0.206408E+05  0.206305E+05  0.119033E+03
  0.512788E-03  0.196256E+05  0.196204E+05  0.261597E+05  0.261498E+05  0.000000E+00  0.196247E+05  0.196247E+05  0.196247E+05 -0.616171E+00  0.206408E+05  0.206304E+05  0.119579E+03
  0.515155E-03  0.196255E+05  0.196203E+05  0.261594E+05  0.261495E+05  0.000000E+00  0.196246E+05  0.196246E+05  0.196246E+05 -0.616170E+00  0.206408E+05  0.206303E+05  0.120131E+03
  0.517533E-03  0.196254E+05  0.196201E+05  0.261593E+05  0.261492E+05  0.000000E+00  0.196245E+05  0.196245E+05  0.196245E+05 -0.616168E+00  0.206408E+05  0.206301E+05  0.120683E+03
  0.519922E-03  0.196254E+05  0.196201E+05  0.261592E+05  0.261490E+05  0.000000E+00  0.196245E+05  0.196245E+05  0.196245E+05 -0.616167E+00  0.206407E+05  0.206300E+05  0.121238E+03
  0.522322E-03  0.196254E+05  0.196200E+05  0.261591E+05  0.261489E+05  0.000000E+00  0.196245E+05  0.196245E+05  0.196245E+05 -0.616166E+00  0.206407E+05  0.206299E+05  0.121800E+03
  0.524733E-03  0.196255E+05  0.196201E+05  0.261591E+05  0.261488E+05  0.000000E+00  0.196246E+05  0.196246E+05  0.196246E+05 -0.616164E+00  0.206407E+05  0.206298E+05  0.122355E+03
  0.527155E-03  0.196256E+05  0.196201E+05  0.261592E+05  0.261488E+05  0.000000E+00  0.196247E+05  0.196247E+05  0.196247E+05 -0.616163E+00  0.206407E+05  0.206297E+05  0.122923E+03
  0.529588E-03  0.196257E+05  0.196202E+05  0.261593E+05  0.261488E+05  0.000000E+00  0.196248E+05  0.196248E+05  0.196248E+05 -0.616161E+00  0.206406E+05  0.206295E+05  0.123490E+03
  0.532032E-03  0.196245E+05  0.196189E+05  0.261576E+05  0.261470E+05  0.000000E+00  0.196236E+05  0.196236E+05  0.196236E+05 -0.616160E+00  0.206406E+05  0.206294E+05  0.124051E+03
  0.534488E-03  0.196245E+05  0.196189E+05  0.261575E+05  0.261468E+05  0.000000E+00  0.196236E+05  0.196236E+05  0.196236E+05 -0.616158E+00  0.206406E+05  0.206293E+05  0.124622E+03
  0.536955E-03  0.196244E+05  0.196188E+05  0.261574E+05  0.261466E+05  0.000000E+00  0.196235E+05  0.196235E+05  0.196235E+05 -0.616157E+00  0.206406E+05  0.206291E+05  0.125196E+03
  0.539434E-03  0.196244E+05  0.196187E+05  0.261573E+05  0.261464E+05  0.000000E+00  0.196235E+05  0.196235E+05  0.196235E+05 -0.616155E+00  0.206405E+05  0.206290E+05  0.125772E+03
  0.541924E-03  0.196245E+05  0.196187E+05  0.261573E+05  0.261463E+05  0.000000E+00  0.196236E+05  0.196236E+05  0.196236E+05 -0.616154E+00  0.206405E+05  0.206289E+05  0.126354E+03
  0.544425E-03  0.196246E+05  0.196188E+05  0.261574E+05  0.261462E+05  0.000000E+00  0.196236E+05  0.196236E+05  0.196236E+05 -0.616152E+00  0.206405E+05  0.206287E+05  0.126937E+03
  0.546938E-03  0.196247E+05  0.196188E+05  0.261574E+05  0.261462E+05  0.000000E+00  0.196237E+05  0.196237E+05  0.196237E+05 -0.616151E+00  0.206405E+05  0.206286E+05  0.127522E+03
  0.549462E-03  0.196248E+05  0.196189E+05  0.261575E+05  0.261462E+05  0.000000E+00  0.196238E+05  0.196238E+05  0.196238E+05 -0.616149E+00  0.206404E+05  0.206285E+05  0.128109E+03
  0.551999E-03  0.196249E+05  0.196190E+05  0.261576E+05  0.261461E+05  0.000000E+00  0.196240E+05  0.196240E+05  0.196240E+05 -0.616148E+00  0.206404E+05  0.206283E+05  0.128709E+03
  0.554547E-03  0.196251E+05  0.196191E+05  0.261577E+05  0.261461E+05  0.000000E+00  0.196241E+05  0.196241E+05  0.196241E+05 -0.616146E+00  0.206404E+05  0.206282E+05  0.129300E+03
  0.557106E-03  0.196252E+05  0.196192E+05  0.261578E+05  0.261462E+05  0.000000E+00  0.196242E+05  0.196242E+05  0.196242E+05 -0.616145E+00  0.206404E+05  0.206280E+05  0.129896E+03
  0.559678E-03  0.196254E+05  0.196193E+05  0.261580E+05  0.261462E+05  0.000000E+00  0.196244E+05  0.196244E+05  0.196244E+05 -0.616143E+00  0.206403E+05  0.206279E+05  0.130485E+03
  0.562261E-03  0.196256E+05  0.196194E+05  0.261581E+05  0.261463E+05  0.000000E+00  0.196246E+05  0.196246E+05  0.196246E+05 -0.616141E+00  0.206403E+05  0.206278E+05  0.131091E+03
  0.564856E-03  0.196258E+05  0.196196E+05  0.261583E+05  0.261463E+05  0.000000E+00  0.196248E+05  0.196248E+05  0.196248E+05 -0.616140E+00  0.206403E+05  0.206276E+05  0.131696E+03
  0.567464E-03  0.196252E+05  0.196189E+05  0.261574E+05  0.261453E+05  0.000000E+00  0.196241E+05  0.196241E+05  0.196241E+05 -0.616138E+00  0.206402E+05  0.206275E+05  0.132299E+03
  0.570083E-03  0.196252E+05  0.196188E+05  0.261573E+05  0.261451E+05  0.000000E+00  0.196241E+05  0.196241E+05  0.196241E+05 -0.616137E+00  0.206402E+05  0.206273E+05  0.132910E+03
  0.572714E-03  0.196252E+05  0.196188E+05  0.261572E+05  0.261449E+05  0.000000E+00  0.196241E+05  0.196241E+05  0.196241E+05 -0.616135E+00  0.206402E+05  0.206272E+05  0.133522E+03
  0.575358E-03  0.196252E+05  0.196187E+05  0.261571E+05  0.261447E+05  0.000000E+00  0.196241E+05  0.196241E+05  0.196241E+05 -0.616133E+00  0.206402E+05  0.206270E+05  0.134136E+03
  0.578014E-03  0.196251E+05  0.196186E+05  0.261570E+05  0.261444E+05  0.000000E+00  0.196241E+05  0.196241E+05  0.196241E+05 -0.616132E+00  0.206401E+05  0.206269E+05  0.134765E+03
  0.580682E-03  0.196251E+05  0.196185E+05  0.261569E+05  0.261442E+05  0.000000E+00  0.196240E+05  0.196240E+05  0.196240E+05 -0.616130E+00  0.206401E+05  0.206267E+05  0.135380E+03
  0.583362E-03  0.196251E+05  0.196184E+05  0.261567E+05  0.261439E+05  0.000000E+00  0.196240E+05  0.196240E+05  0.196240E+05 -0.616128E+00  0.206401E+05  0.206266E+05  0.136000E+03
  0.586055E-03  0.196250E+05  0.196183E+05  0.261566E+05  0.261436E+05  0.000000E+00  0.196239E+05  0.196239E+05  0.196239E+05 -0.616126E+00  0.206400E+05  0.206264E+05  0.136620E+03
  0.588760E-03  0.196250E+05  0.196182E+05  0.261564E+05  0.261434E+05  0.000000E+00  0.196239E+05  0.196239E+05  0.196239E+05 -0.616125E+00  0.206400E+05  0.206263E+05  0.137246E+03
  0.591477E-03  0.196250E+05  0.196181E+05  0.261563E+05  0.261431E+05  0.000000E+00  0.196238E+05  0.196238E+05  0.196238E+05 -0.616123E+00  0.206400E+05  0.206261E+05  0.137875E+03
  0.594207E-03  0.196250E+05  0.196181E+05  0.261562E+05  0.261429E+05  0.000000E+00  0.196238E+05  0.196238E+05  0.196238E+05 -0.616121E+00  0.206399E+05  0.206259E+05  0.138508E+03
  0.596950E-03  0.196250E+05  0.196180E+05  0.261561E+05  0.261427E+05  0.000000E+00  0.196239E+05  0.196239E+05  0.196239E+05 -0.616119E+00  0.206399E+05  0.206258E+05  0.139143E+03
  0.599706E-03  0.196251E+05  0.196180E+05  0.261561E+05  0.261426E+05  0.000000E+00  0.196239E+05  0.196239E+05  0.196239E+05 -0.616117E+00  0.206399E+05  0.206256E+05  0.139785E+03
  0.602474E-03  0.196248E+05  0.196177E+05  0.261557E+05  0.261420E+05  0.000000E+00  0.196236E+05  0.196236E+05  0.196236E+05 -0.616116E+00  0.206398E+05  0.206255E+05  0.140424E+03
  0.605255E-03  0.196248E+05  0.196176E+05  0.261555E+05  0.261418E+05  0.000000E+00  0.196236E+05  0.196236E+05  0.196236E+05 -0.616114E+00  0.206398E+05  0.206253E+05  0.141063E+03
  0.608048E-03  0.196247E+05  0.196175E+05  0.261554E+05  0.261415E+05  0.000000E+00  0.196236E+05  0.196236E+05  0.196236E+05 -0.616112E+00  0.206398E+05  0.206251E+05  0.141716E+03
  0.610855E-03  0.196247E+05  0.196174E+05  0.261553E+05  0.261412E+05  0.000000E+00  0.196235E+05  0.196235E+05  0.196235E+05 -0.616110E+00  0.206398E+05  0.206250E+05  0.142372E+03
  0.613674E-03  0.196247E+05  0.196173E+05  0.261551E+05  0.261409E+05  0.000000E+00  0.196235E+05  0.196235E+05  0.196235E+05 -0.616108E+00  0.206397E+05  0.206248E+05  0.143031E+03
  0.616507E-03  0.196246E+05  0.196172E+05  0.261549E+05  0.261407E+05  0.000000E+00  0.196234E+05  0.196234E+05  0.196234E+05 -0.616106E+00  0.206397E+05  0.206246E+05  0.143711E+03
  0.619353E-03  0.196246E+05  0.196171E+05  0.261548E+05  0.261404E+05  0.000000E+00  0.196234E+05  0.196234E+05  0.196234E+05 -0.616104E+00  0.206396E+05  0.206244E+05  0.144373E+03
  0.622212E-03  0.196246E+05  0.196170E+05  0.261546E+05  0.261401E+05  0.000000E+00  0.196233E+05  0.196233E+05  0.196233E+05 -0.616102E+00  0.206396E+05  0.206243E+05  0.145039E+03
  0.625084E-03  0.196245E+05  0.196169E+05  0.261545E+05  0.261398E+05  0.000000E+00  0.196233E+05  0.196233E+05  0.196233E+05 -0.616100E+00  0.206396E+05  0.206241E+05  0.145707E+03
  0.627969E-03  0.196245E+05  0.196168E+05  0.261544E+05  0.261396E+05  0.000000E+00  0.196233E+05  0.196233E+05  0.196233E+05 -0.616098E+00  0.206395E+05  0.206239E+05  0.146380E+03
  0.630867E-03  0.196246E+05  0.196168E+05  0.261543E+05  0.261394E+05  0.000000E+00  0.196233E+05  0.196233E+05  0.196233E+05 -0.616096E+00  0.206395E+05  0.206237E+05  0.147056E+03
  0.633779E-03  0.196246E+05  0.196167E+05  0.261543E+05  0.261392E+05  0.000000E+00  0.196233E+05  0.196233E+05  0.196233E+05 -0.616094E+00  0.206395E+05  0.206235E+05  0.147736E+03
  0.636705E-03  0.196246E+05  0.196167E+05  0.261542E+05  0.261390E+05  0.000000E+00  0.196234E+05  0.196234E+05  0.196234E+05 -0.616092E+00  0.206394E+05  0.206234E+05  0.148419E+03
  0.639644E-03  0.196247E+05  0.196167E+05  0.261542E+05  0.261388E+05  0.000000E+00  0.196234E+05  0.196234E+05  0.196234E+05 -0.616090E+00  0.206394E+05  0.206232E+05  0.149101E+03
  0.642596E-03  0.196247E+05  0.196166E+05  0.261541E+05  0.261386E+05  0.000000E+00  0.196234E+05  0.196234E+05  0.196234E+05 -0.616088E+00  0.206394E+05  0.206230E+05  0.149788E+03
  0.645562E-03  0.196247E+05  0.196166E+05  0.261540E+05  0.261384E+05  0.000000E+00  0.196234E+05  0.196234E+05  0.196234E+05 -0.616086E+00  0.206393E+05  0.206228E+05  0.150478E+03
  0.648542E-03  0.196248E+05  0.196165E+05  0.261539E+05  0.261381E+05  0.000000E+00  0.196234E+05  0.196234E+05  0.196234E+05 -0.616084E+00  0.206393E+05  0.206226E+05  0.151189E+03
  0.651535E-03  0.196248E+05  0.196165E+05  0.261538E+05  0.261379E+05  0.000000E+00  0.196234E+05  0.196234E+05  0.196234E+05 -0.616081E+00  0.206393E+05  0.206224E+05  0.151885E+03
  0.654543E-03  0.196248E+05  0.196164E+05  0.261537E+05  0.261376E+05  0.000000E+00  0.196234E+05  0.196234E+05  0.196234E+05 -0.616079E+00  0.206392E+05  0.206222E+05  0.152583E+03
  0.657564E-03  0.196248E+05  0.196163E+05  0.261536E+05  0.261374E+05  0.000000E+00  0.196234E+05  0.196234E+05  0.196234E+05 -0.616077E+00  0.206392E+05  0.206220E+05  0.153283E+03
  0.660599E-03  0.196248E+05  0.196163E+05  0.261535E+05  0.261371E+05  0.000000E+00  0.196234E+05  0.196234E+05  0.196234E+05 -0.616075E+00  0.206391E+05  0.206218E+05  0.153988E+03
  0.663648E-03  0.196248E+05  0.196162E+05  0.261534E+05  0.261369E+05  0.000000E+00  0.196234E+05  0.196234E+05  0.196234E+05 -0.616073E+00  0.206391E+05  0.206216E+05  0.154694E+03
  0.666712E-03  0.196248E+05  0.196161E+05  0.261533E+05  0.261366E+05  0.000000E+00  0.196234E+05  0.196234E+05  0.196234E+05 -0.616070E+00  0.206391E+05  0.206214E+05  0.155404E+03
  0.669789E-03  0.196248E+05  0.196160E+05  0.261532E+05  0.261363E+05  0.000000E+00  0.196234E+05  0.196234E+05  0.196234E+05 -0.616068E+00  0.206390E+05  0.206212E+05  0.156119E+03
  0.672881E-03  0.196249E+05  0.196160E+05  0.261531E+05  0.261361E+05  0.000000E+00  0.196234E+05  0.196234E+05  0.196234E+05 -0.616066E+00  0.206390E+05  0.206210E+05  0.156837E+03
  0.675987E-03  0.196249E+05  0.196159E+05  0.261530E+05  0.261359E+05  0.000000E+00  0.196234E+05  0.196234E+05  0.196234E+05 -0.616063E+00  0.206389E+05  0.206208E+05  0.157550E+03
  0.679107E-03  0.196251E+05  0.196161E+05  0.261533E+05  0.261359E+05  0.000000E+00  0.196237E+05  0.196237E+05  0.196237E+05 -0.616061E+00  0.206389E+05  0.206206E+05  0.158274E+03
  0.682241E-03  0.196252E+05  0.196161E+05  0.261532E+05  0.261357E+05  0.000000E+00  0.196237E+05  0.196237E+05  0.196237E+05 -0.616059E+00  0.206389E+05  0.206204E+05  0.159005E+03
  0.685390E-03  0.196252E+05  0.196160E+05  0.261531E+05  0.261354E+05  0.000000E+00  0.196237E+05  0.196237E+05  0.196237E+05 -0.616056E+00  0.206388E+05  0.206202E+05  0.159730E+03
  0.688554E-03  0.196252E+05  0.196159E+05  0.261530E+05  0.261352E+05  0.000000E+00  0.196237E+05  0.196237E+05  0.196237E+05 -0.616054E+00  0.206388E+05  0.206200E+05  0.160483E+03
  0.691732E-03  0.196252E+05  0.196159E+05  0.261529E+05  0.261349E+05  0.000000E+00  0.196237E+05  0.196237E+05  0.196237E+05 -0.616051E+00  0.206387E+05  0.206198E+05  0.161224E+03
  0.694925E-03  0.196252E+05  0.196158E+05  0.261527E+05  0.261346E+05  0.000000E+00  0.196237E+05  0.196237E+05  0.196237E+05 -0.616049E+00  0.206387E+05  0.206195E+05  0.161968E+03
  0.698133E-03  0.196252E+05  0.196157E+05  0.261526E+05  0.261342E+05  0.000000E+00  0.196236E+05  0.196236E+05  0.196236E+05 -0.616046E+00  0.206386E+05  0.206193E+05  0.162730E+03
  0.701355E-03  0.196252E+05  0.196156E+05  0.261524E+05  0.261339E+05  0.000000E+00  0.196236E+05  0.196236E+05  0.196236E+05 -0.616044E+00  0.206386E+05  0.206191E+05  0.163479E+03
  0.704593E-03  0.196252E+05  0.196154E+05  0.261522E+05  0.261336E+05  0.000000E+00  0.196236E+05  0.196236E+05  0.196236E+05 -0.616041E+00  0.206386E+05  0.206189E+05  0.164232E+03
  0.707845E-03  0.196251E+05  0.196153E+05  0.261520E+05  0.261332E+05  0.000000E+00  0.196235E+05  0.196235E+05  0.196235E+05 -0.616039E+00  0.206385E+05  0.206186E+05  0.164988E+03
  0.711112E-03  0.196251E+05  0.196152E+05  0.261519E+05  0.261329E+05  0.000000E+00  0.196235E+05  0.196235E+05  0.196235E+05 -0.616036E+00  0.206385E+05  0.206184E+05  0.165747E+03
  0.714394E-03  0.196251E+05  0.196151E+05  0.261517E+05  0.261325E+05  0.000000E+00  0.196234E+05  0.196234E+05  0.196234E+05 -0.616034E+00  0.206384E+05  0.206182E+05  0.166509E+03
  0.717692E-03  0.196250E+05  0.196150E+05  0.261515E+05  0.261322E+05  0.000000E+00  0.196234E+05  0.196234E+05  0.196234E+05 -0.616031E+00  0.206384E+05  0.206180E+05  0.167276E+03
  0.721005E-03  0.196250E+05  0.196149E+05  0.261514E+05  0.261318E+05  0.000000E+00  0.196234E+05  0.196234E+05  0.196234E+05 -0.616028E+00  0.206383E+05  0.206177E+05  0.168046E+03
  0.724333E-03  0.196251E+05  0.196149E+05  0.261514E+05  0.261317E+05  0.000000E+00  0.196235E+05  0.196235E+05  0.196235E+05 -0.616026E+00  0.206383E+05  0.206175E+05  0.168819E+03
  0.727676E-03  0.196252E+05  0.196148E+05  0.261513E+05  0.261314E+05  0.000000E+00  0.196235E+05  0.196235E+05  0.196235E+05 -0.616023E+00  0.206382E+05  0.206172E+05  0.169595E+03
  0.731035E-03  0.196252E+05  0.196148E+05  0.261512E+05  0.261311E+05  0.000000E+00  0.196235E+05  0.196235E+05  0.196235E+05 -0.616020E+00  0.206382E+05  0.206170E+05  0.170374E+03
  0.734409E-03  0.196253E+05  0.196147E+05  0.261511E+05  0.261308E+05  0.000000E+00  0.196235E+05  0.196235E+05  0.196235E+05 -0.616018E+00  0.206381E+05  0.206168E+05  0.171155E+03
  0.737799E-03  0.196253E+05  0.196146E+05  0.261510E+05  0.261305E+05  0.000000E+00  0.196235E+05  0.196235E+05  0.196235E+05 -0.616015E+00  0.206381E+05  0.206165E+05  0.171943E+03
  0.741204E-03  0.196253E+05  0.196146E+05  0.261509E+05  0.261302E+05  0.000000E+00  0.196236E+05  0.196236E+05  0.196236E+05 -0.616012E+00  0.206380E+05  0.206163E+05  0.172742E+03
  0.744626E-03  0.196253E+05  0.196145E+05  0.261508E+05  0.261299E+05  0.000000E+00  0.196236E+05  0.196236E+05  0.196236E+05 -0.616009E+00  0.206380E+05  0.206160E+05  0.173536E+03
  0.748063E-03  0.196253E+05  0.196144E+05  0.261506E+05  0.261296E+05  0.000000E+00  0.196236E+05  0.196236E+05  0.196236E+05 -0.616006E+00  0.206379E+05  0.206158E+05  0.174334E+03
  0.751516E-03  0.196253E+05  0.196143E+05  0.261505E+05  0.261293E+05  0.000000E+00  0.196235E+05  0.196235E+05  0.196235E+05 -0.616003E+00  0.206379E+05  0.206155E+05  0.175136E+03
  0.754985E-03  0.196253E+05  0.196142E+05  0.261503E+05  0.261289E+05  0.000000E+00  0.196235E+05  0.196235E+05  0.196235E+05 -0.616001E+00  0.206378E+05  0.206152E+05  0.175942E+03
  0.758469E-03  0.196253E+05  0.196141E+05  0.261502E+05  0.261285E+05  0.000000E+00  0.196235E+05  0.196235E+05  0.196235E+05 -0.615998E+00  0.206378E+05  0.206150E+05  0.176751E+03
  0.761970E-03  0.196253E+05  0.196140E+05  0.261500E+05  0.261282E+05  0.000000E+00  0.196235E+05  0.196235E+05  0.196235E+05 -0.615995E+00  0.206377E+05  0.206147E+05  0.177562E+03
  0.765487E-03  0.196253E+05  0.196138E+05  0.261498E+05  0.261278E+05  0.000000E+00  0.196234E+05  0.196234E+05  0.196234E+05 -0.615992E+00  0.206377E+05  0.206145E+05  0.178379E+03
  0.769021E-03  0.196255E+05  0.196139E+05  0.261499E+05  0.261277E+05  0.000000E+00  0.196236E+05  0.196236E+05  0.196236E+05 -0.615989E+00  0.206376E+05  0.206142E+05  0.179204E+03
  0.772570E-03  0.196255E+05  0.196138E+05  0.261497E+05  0.261273E+05  0.000000E+00  0.196236E+05  0.196236E+05  0.196236E+05 -0.615986E+00  0.206376E+05  0.206139E+05  0.180030E+03
  0.776136E-03  0.196254E+05  0.196137E+05  0.261495E+05  0.261269E+05  0.000000E+00  0.196235E+05  0.196235E+05  0.196235E+05 -0.615983E+00  0.206375E+05  0.206136E+05  0.180858E+03
  0.779719E-03  0.196254E+05  0.196135E+05  0.261493E+05  0.261264E+05  0.000000E+00  0.196235E+05  0.196235E+05  0.196235E+05 -0.615979E+00  0.206375E+05  0.206134E+05  0.181691E+03
  0.783318E-03  0.196253E+05  0.196133E+05  0.261490E+05  0.261260E+05  0.000000E+00  0.196234E+05  0.196234E+05  0.196234E+05 -0.615976E+00  0.206374E+05  0.206131E+05  0.182527E+03
  0.786934E-03  0.196253E+05  0.196131E+05  0.261488E+05  0.261255E+05  0.000000E+00  0.196233E+05  0.196233E+05  0.196233E+05 -0.615973E+00  0.206374E+05  0.206128E+05  0.183367E+03
  0.790566E-03  0.196252E+05  0.196130E+05  0.261485E+05  0.261250E+05  0.000000E+00  0.196232E+05  0.196232E+05  0.196232E+05 -0.615970E+00  0.206373E+05  0.206125E+05  0.184211E+03
  0.794215E-03  0.196251E+05  0.196128E+05  0.261482E+05  0.261245E+05  0.000000E+00  0.196231E+05  0.196231E+05  0.196231E+05 -0.615967E+00  0.206372E+05  0.206123E+05  0.185060E+03
  0.797881E-03  0.196250E+05  0.196126E+05  0.261479E+05  0.261240E+05  0.000000E+00  0.196230E+05  0.196230E+05  0.196230E+05 -0.615964E+00  0.206372E+05  0.206120E+05  0.185912E+03
  0.801564E-03  0.196249E+05  0.196124E+05  0.261477E+05  0.261235E+05  0.000000E+00  0.196229E+05  0.196229E+05  0.196229E+05 -0.615960E+00  0.206371E+05  0.206117E+05  0.186768E+03
  0.805264E-03  0.196249E+05  0.196122E+05  0.261474E+05  0.261230E+05  0.000000E+00  0.196228E+05  0.196228E+05  0.196228E+05 -0.615957E+00  0.206371E+05  0.206114E+05  0.187626E+03
  0.808980E-03  0.196248E+05  0.196120E+05  0.261471E+05  0.261225E+05  0.000000E+00  0.196227E+05  0.196227E+05  0.196227E+05 -0.615954E+00  0.206370E+05  0.206111E+05  0.188491E+03
  0.812715E-03  0.196247E+05  0.196118E+05  0.261468E+05  0.261220E+05  0.000000E+00  0.196226E+05  0.196226E+05  0.196226E+05 -0.615950E+00  0.206370E+05  0.206108E+05  0.189360E+03
  0.816466E-03  0.196246E+05  0.196116E+05  0.261465E+05  0.261215E+05  0.000000E+00  0.196225E+05  0.196225E+05  0.196225E+05 -0.615947E+00  0.206369E+05  0.206105E+05  0.190233E+03
  0.820235E-03  0.196247E+05  0.196116E+05  0.261464E+05  0.261212E+05  0.000000E+00  0.196226E+05  0.196226E+05  0.196226E+05 -0.615943E+00  0.206368E+05  0.206102E+05  0.191110E+03
  0.824021E-03  0.196246E+05  0.196113E+05  0.261461E+05  0.261206E+05  0.000000E+00  0.196225E+05  0.196225E+05  0.196225E+05 -0.615940E+00  0.206368E+05  0.206099E+05  0.191991E+03
  0.827824E-03  0.196245E+05  0.196111E+05  0.261458E+05  0.261201E+05  0.000000E+00  0.196224E+05  0.196224E+05  0.196224E+05 -0.615937E+00  0.206367E+05  0.206096E+05  0.192876E+03
  0.831645E-03  0.196244E+05  0.196109E+05  0.261455E+05  0.261196E+05  0.000000E+00  0.196222E+05  0.196222E+05  0.196222E+05 -0.615933E+00  0.206367E+05  0.206093E+05  0.193765E+03
  0.835484E-03  0.196244E+05  0.196107E+05  0.261452E+05  0.261190E+05  0.000000E+00  0.196221E+05  0.196221E+05  0.196221E+05 -0.615929E+00  0.206366E+05  0.206089E+05  0.194659E+03
  0.839340E-03  0.196243E+05  0.196105E+05  0.261449E+05  0.261184E+05  0.000000E+00  0.196220E+05  0.196220E+05  0.196220E+05 -0.615926E+00  0.206365E+05  0.206086E+05  0.195556E+03
  0.843214E-03  0.196242E+05  0.196103E+05  0.261446E+05  0.261179E+05  0.000000E+00  0.196219E+05  0.196219E+05  0.196219E+05 -0.615922E+00  0.206365E+05  0.206083E+05  0.196458E+03
  0.847107E-03  0.196241E+05  0.196100E+05  0.261443E+05  0.261173E+05  0.000000E+00  0.196218E+05  0.196218E+05  0.196218E+05 -0.615919E+00  0.206364E+05  0.206080E+05  0.197365E+03
  0.851017E-03  0.196240E+05  0.196098E+05  0.261439E+05  0.261167E+05  0.000000E+00  0.196216E+05  0.196216E+05  0.196216E+05 -0.615915E+00  0.206363E+05  0.206076E+05  0.198275E+03
  0.854945E-03  0.196239E+05  0.196096E+05  0.261436E+05  0.261161E+05  0.000000E+00  0.196215E+05  0.196215E+05  0.196215E+05 -0.615911E+00  0.206363E+05  0.206073E+05  0.199189E+03
  0.858891E-03  0.196238E+05  0.196093E+05  0.261433E+05  0.261156E+05  0.000000E+00  0.196214E+05  0.196214E+05  0.196214E+05 -0.615908E+00  0.206362E+05  0.206070E+05  0.200106E+03
  0.862855E-03  0.196231E+05  0.196085E+05  0.261422E+05  0.261142E+05  0.000000E+00  0.196207E+05  0.196207E+05  0.196207E+05 -0.615904E+00  0.206361E+05  0.206066E+05  0.201019E+03
  0.866838E-03  0.196230E+05  0.196083E+05  0.261419E+05  0.261137E+05  0.000000E+00  0.196206E+05  0.196206E+05  0.196206E+05 -0.615900E+00  0.206361E+05  0.206063E+05  0.201943E+03
  0.870839E-03  0.196230E+05  0.196081E+05  0.261416E+05  0.261131E+05  0.000000E+00  0.196205E+05  0.196205E+05  0.196205E+05 -0.615896E+00  0.206360E+05  0.206060E+05  0.202869E+03
  0.874859E-03  0.196230E+05  0.196080E+05  0.261414E+05  0.261127E+05  0.000000E+00  0.196206E+05  0.196206E+05  0.196206E+05 -0.615892E+00  0.206359E+05  0.206056E+05  0.203805E+03
  0.878897E-03  0.196230E+05  0.196079E+05  0.261413E+05  0.261122E+05  0.000000E+00  0.196206E+05  0.196206E+05  0.196206E+05 -0.615888E+00  0.206359E+05  0.206053E+05  0.204745E+03
  0.882954E-03  0.196230E+05  0.196078E+05  0.261411E+05  0.261118E+05  0.000000E+00  0.196205E+05  0.196205E+05  0.196205E+05 -0.615884E+00  0.206358E+05  0.206049E+05  0.205697E+03
  0.887029E-03  0.196230E+05  0.196077E+05  0.261409E+05  0.261113E+05  0.000000E+00  0.196205E+05  0.196205E+05  0.196205E+05 -0.615880E+00  0.206357E+05  0.206046E+05  0.206645E+03
  0.891124E-03  0.196231E+05  0.196075E+05  0.261407E+05  0.261108E+05  0.000000E+00  0.196205E+05  0.196205E+05  0.196205E+05 -0.615876E+00  0.206357E+05  0.206042E+05  0.207581E+03
  0.895237E-03  0.196231E+05  0.196074E+05  0.261405E+05  0.261104E+05  0.000000E+00  0.196205E+05  0.196205E+05  0.196205E+05 -0.615872E+00  0.206356E+05  0.206038E+05  0.208538E+03
  0.899369E-03  0.196231E+05  0.196073E+05  0.261403E+05  0.261099E+05  0.000000E+00  0.196205E+05  0.196205E+05  0.196205E+05 -0.615868E+00  0.206355E+05  0.206035E+05  0.209500E+03
  0.903521E-03  0.196231E+05  0.196071E+05  0.261401E+05  0.261094E+05  0.000000E+00  0.196205E+05  0.196205E+05  0.196205E+05 -0.615864E+00  0.206355E+05  0.206031E+05  0.210466E+03
  0.907691E-03  0.196231E+05  0.196070E+05  0.261399E+05  0.261089E+05  0.000000E+00  0.196205E+05  0.196205E+05  0.196205E+05 -0.615860E+00  0.206354E+05  0.206027E+05  0.211436E+03
  0.911881E-03  0.196231E+05  0.196068E+05  0.261396E+05  0.261084E+05  0.000000E+00  0.196205E+05  0.196205E+05  0.196205E+05 -0.615855E+00  0.206353E+05  0.206024E+05  0.212411E+03
  0.916090E-03  0.196233E+05  0.196069E+05  0.261396E+05  0.261081E+05  0.000000E+00  0.196206E+05  0.196206E+05  0.196206E+05 -0.615851E+00  0.206352E+05  0.206020E+05  0.213392E+03
  0.920318E-03  0.196233E+05  0.196067E+05  0.261394E+05  0.261076E+05  0.000000E+00  0.196206E+05  0.196206E+05  0.196206E+05 -0.615847E+00  0.206352E+05  0.206016E+05  0.214376E+03
  0.924566E-03  0.196232E+05  0.196065E+05  0.261391E+05  0.261070E+05  0.000000E+00  0.196205E+05  0.196205E+05  0.196205E+05 -0.615842E+00  0.206351E+05  0.206012E+05  0.215364E+03
  0.928834E-03  0.196231E+05  0.196063E+05  0.261388E+05  0.261064E+05  0.000000E+00  0.196204E+05  0.196204E+05  0.196204E+05 -0.615838E+00  0.206350E+05  0.206008E+05  0.216357E+03
  0.933121E-03  0.196231E+05  0.196060E+05  0.261384E+05  0.261057E+05  0.000000E+00  0.196203E+05  0.196203E+05  0.196203E+05 -0.615834E+00  0.206349E+05  0.206004E+05  0.217355E+03
  0.937428E-03  0.196230E+05  0.196058E+05  0.261381E+05  0.261051E+05  0.000000E+00  0.196202E+05  0.196202E+05  0.196202E+05 -0.615829E+00  0.206348E+05  0.206000E+05  0.218356E+03
  0.941755E-03  0.196229E+05  0.196055E+05  0.261377E+05  0.261044E+05  0.000000E+00  0.196200E+05  0.196200E+05  0.196200E+05 -0.615825E+00  0.206348E+05  0.205996E+05  0.219362E+03
  0.946102E-03  0.196228E+05  0.196053E+05  0.261373E+05  0.261037E+05  0.000000E+00  0.196199E+05  0.196199E+05  0.196199E+05 -0.615820E+00  0.206347E+05  0.205992E+05  0.220373E+03
  0.950469E-03  0.196227E+05  0.196050E+05  0.261369E+05  0.261030E+05  0.000000E+00  0.196198E+05  0.196198E+05  0.196198E+05 -0.615816E+00  0.206346E+05  0.205988E+05  0.221388E+03
  0.954856E-03  0.196226E+05  0.196047E+05  0.261365E+05  0.261023E+05  0.000000E+00  0.196197E+05  0.196197E+05  0.196197E+05 -0.615811E+00  0.206345E+05  0.205984E+05  0.222408E+03
  0.959264E-03  0.196226E+05  0.196046E+05  0.261363E+05  0.261017E+05  0.000000E+00  0.196196E+05  0.196196E+05  0.196196E+05 -0.615806E+00  0.206344E+05  0.205980E+05  0.223434E+03
  0.963692E-03  0.196225E+05  0.196043E+05  0.261359E+05  0.261010E+05  0.000000E+00  0.196195E+05  0.196195E+05  0.196195E+05 -0.615802E+00  0.206344E+05  0.205976E+05  0.224464E+03
  0.968140E-03  0.196224E+05  0.196040E+05  0.261355E+05  0.261003E+05  0.000000E+00  0.196194E+05  0.196194E+05  0.196194E+05 -0.615797E+00  0.206343E+05  0.205971E+05  0.225498E+03
  0.972608E-03  0.196223E+05  0.196038E+05  0.261351E+05  0.260996E+05  0.000000E+00  0.196192E+05  0.196192E+05  0.196192E+05 -0.615792E+00  0.206342E+05  0.205967E+05  0.226541E+03
  0.977098E-03  0.196222E+05  0.196035E+05  0.261347E+05  0.260989E+05  0.000000E+00  0.196191E+05  0.196191E+05  0.196191E+05 -0.615787E+00  0.206341E+05  0.205963E+05  0.227583E+03
  0.981608E-03  0.196221E+05  0.196032E+05  0.261343E+05  0.260982E+05  0.000000E+00  0.196190E+05  0.196190E+05  0.196190E+05 -0.615782E+00  0.206340E+05  0.205959E+05  0.228631E+03
  0.986139E-03  0.196220E+05  0.196030E+05  0.261340E+05  0.260975E+05  0.000000E+00  0.196189E+05  0.196189E+05  0.196189E+05 -0.615777E+00  0.206339E+05  0.205954E+05  0.229684E+03
  0.990691E-03  0.196219E+05  0.196027E+05  0.261336E+05  0.260967E+05  0.000000E+00  0.196187E+05  0.196187E+05  0.196187E+05 -0.615772E+00  0.206339E+05  0.205950E+05  0.230742E+03
  0.995263E-03  0.196218E+05  0.196024E+05  0.261332E+05  0.260960E+05  0.000000E+00  0.196186E+05  0.196186E+05  0.196186E+05 -0.615767E+00  0.206338E+05  0.205945E+05  0.231804E+03
  0.999857E-03  0.196217E+05  0.196022E+05  0.261328E+05  0.260953E+05  0.000000E+00  0.196185E+05  0.196185E+05  0.196185E+05 -0.615762E+00  0.206337E+05  0.205941E+05  0.232871E+03
  0.100447E-02  0.196216E+05  0.196019E+05  0.261324E+05  0.260945E+05  0.000000E+00  0.196184E+05  0.196184E+05  0.196184E+05 -0.615757E+00  0.206336E+05  0.205936E+05  0.233944E+03
  0.100911E-02  0.196217E+05  0.196018E+05  0.261323E+05  0.260941E+05  0.000000E+00  0.196185E+05  0.196185E+05  0.196185E+05 -0.615752E+00  0.206335E+05  0.205932E+05  0.235023E+03
  0.101377E-02  0.196217E+05  0.196016E+05  0.261320E+05  0.260934E+05  0.000000E+00  0.196184E+05  0.196184E+05  0.196184E+05 -0.615747E+00  0.206334E+05  0.205927E+05  0.236106E+03
  0.101845E-02  0.196216E+05  0.196014E+05  0.261316E+05  0.260927E+05  0.000000E+00  0.196183E+05  0.196183E+05  0.196183E+05 -0.615741E+00  0.206333E+05  0.205922E+05  0.237193E+03
  0.102315E-02  0.196216E+05  0.196011E+05  0.261313E+05  0.260920E+05  0.000000E+00  0.196183E+05  0.196183E+05  0.196183E+05 -0.615736E+00  0.206332E+05  0.205918E+05  0.238272E+03
  0.102787E-02  0.196216E+05  0.196009E+05  0.261309E+05  0.260913E+05  0.000000E+00  0.196182E+05  0.196182E+05  0.196182E+05 -0.615731E+00  0.206331E+05  0.205913E+05  0.239371E+03
  0.103261E-02  0.196215E+05  0.196007E+05  0.261306E+05  0.260906E+05  0.000000E+00  0.196181E+05  0.196181E+05  0.196181E+05 -0.615725E+00  0.206330E+05  0.205908E+05  0.240475E+03
  0.103738E-02  0.196215E+05  0.196004E+05  0.261302E+05  0.260898E+05  0.000000E+00  0.196180E+05  0.196180E+05  0.196180E+05 -0.615720E+00  0.206329E+05  0.205903E+05  0.241583E+03
  0.104217E-02  0.196214E+05  0.196002E+05  0.261299E+05  0.260891E+05  0.000000E+00  0.196180E+05  0.196180E+05  0.196180E+05 -0.615714E+00  0.206328E+05  0.205898E+05  0.242697E+03
  0.104698E-02  0.196214E+05  0.195999E+05  0.261295E+05  0.260884E+05  0.000000E+00  0.196179E+05  0.196179E+05  0.196179E+05 -0.615709E+00  0.206327E+05  0.205893E+05  0.243816E+03
  0.105181E-02  0.196213E+05  0.195997E+05  0.261291E+05  0.260876E+05  0.000000E+00  0.196178E+05  0.196178E+05  0.196178E+05 -0.615703E+00  0.206326E+05  0.205888E+05  0.244940E+03
  0.105667E-02  0.196212E+05  0.195994E+05  0.261287E+05  0.260868E+05  0.000000E+00  0.196177E+05  0.196177E+05  0.196177E+05 -0.615697E+00  0.206325E+05  0.205883E+05  0.246065E+03
  0.106154E-02  0.196212E+05  0.195991E+05  0.261284E+05  0.260861E+05  0.000000E+00  0.196176E+05  0.196176E+05  0.196176E+05 -0.615692E+00  0.206324E+05  0.205878E+05  0.247199E+03
  0.106644E-02  0.196213E+05  0.195990E+05  0.261282E+05  0.260855E+05  0.000000E+00  0.196177E+05  0.196177E+05  0.196177E+05 -0.615686E+00  0.206323E+05  0.205873E+05  0.248340E+03
  0.107137E-02  0.196212E+05  0.195988E+05  0.261278E+05  0.260847E+05  0.000000E+00  0.196176E+05  0.196176E+05  0.196176E+05 -0.615680E+00  0.206322E+05  0.205868E+05  0.249484E+03
  0.107631E-02  0.196212E+05  0.195985E+05  0.261275E+05  0.260840E+05  0.000000E+00  0.196175E+05  0.196175E+05  0.196175E+05 -0.615674E+00  0.206321E+05  0.205863E+05  0.250634E+03
  0.108128E-02  0.196212E+05  0.195983E+05  0.261271E+05  0.260832E+05  0.000000E+00  0.196174E+05  0.196174E+05  0.196174E+05 -0.615668E+00  0.206320E+05  0.205857E+05  0.251789E+03
  0.108627E-02  0.196211E+05  0.195980E+05  0.261267E+05  0.260824E+05  0.000000E+00  0.196173E+05  0.196173E+05  0.196173E+05 -0.615662E+00  0.206319E+05  0.205852E+05  0.252950E+03
  0.109128E-02  0.196210E+05  0.195978E+05  0.261263E+05  0.260816E+05  0.000000E+00  0.196172E+05  0.196172E+05  0.196172E+05 -0.615656E+00  0.206318E+05  0.205847E+05  0.254116E+03
  0.109632E-02  0.196210E+05  0.195975E+05  0.261259E+05  0.260808E+05  0.000000E+00  0.196172E+05  0.196172E+05  0.196172E+05 -0.615650E+00  0.206317E+05  0.205841E+05  0.255287E+03
  0.110138E-02  0.196209E+05  0.195972E+05  0.261255E+05  0.260799E+05  0.000000E+00  0.196170E+05  0.196170E+05  0.196170E+05 -0.615644E+00  0.206316E+05  0.205836E+05  0.256463E+03
  0.110647E-02  0.196208E+05  0.195969E+05  0.261250E+05  0.260791E+05  0.000000E+00  0.196169E+05  0.196169E+05  0.196169E+05 -0.615638E+00  0.206315E+05  0.205830E+05  0.257645E+03
  0.111157E-02  0.196208E+05  0.195966E+05  0.261246E+05  0.260782E+05  0.000000E+00  0.196168E+05  0.196168E+05  0.196168E+05 -0.615631E+00  0.206314E+05  0.205824E+05  0.258832E+03
  0.111670E-02  0.196207E+05  0.195963E+05  0.261242E+05  0.260774E+05  0.000000E+00  0.196167E+05  0.196167E+05  0.196167E+05 -0.615625E+00  0.206313E+05  0.205819E+05  0.260025E+03
  0.112186E-02  0.196207E+05  0.195961E+05  0.261239E+05  0.260767E+05  0.000000E+00  0.196167E+05  0.196167E+05  0.196167E+05 -0.615618E+00  0.206312E+05  0.205813E+05  0.261224E+03
  0.112704E-02  0.196207E+05  0.195958E+05  0.261235E+05  0.260758E+05  0.000000E+00  0.196166E+05  0.196166E+05  0.196166E+05 -0.615612E+00  0.206311E+05  0.205807E+05  0.262428E+03
  0.113224E-02  0.196206E+05  0.195956E+05  0.261230E+05  0.260749E+05  0.000000E+00  0.196165E+05  0.196165E+05  0.196165E+05 -0.615605E+00  0.206309E+05  0.205802E+05  0.263637E+03
  0.113747E-02  0.196205E+05  0.195953E+05  0.261226E+05  0.260741E+05  0.000000E+00  0.196164E+05  0.196164E+05  0.196164E+05 -0.615599E+00  0.206308E+05  0.205796E+05  0.264857E+03
  0.114272E-02  0.196205E+05  0.195950E+05  0.261222E+05  0.260732E+05  0.000000E+00  0.196163E+05  0.196163E+05  0.196163E+05 -0.615592E+00  0.206307E+05  0.205790E+05  0.266077E+03
  0.114799E-02  0.196204E+05  0.195946E+05  0.261217E+05  0.260723E+05  0.000000E+00  0.196162E+05  0.196162E+05  0.196162E+05 -0.615586E+00  0.206306E+05  0.205784E+05  0.267303E+03
  0.115329E-02  0.196203E+05  0.195943E+05  0.261212E+05  0.260713E+05  0.000000E+00  0.196161E+05  0.196161E+05  0.196161E+05 -0.615579E+00  0.206305E+05  0.205778E+05  0.268534E+03
  0.115861E-02  0.196202E+05  0.195940E+05  0.261208E+05  0.260704E+05  0.000000E+00  0.196160E+05  0.196160E+05  0.196160E+05 -0.615572E+00  0.206304E+05  0.205772E+05  0.269768E+03
  0.116396E-02  0.196201E+05  0.195937E+05  0.261203E+05  0.260694E+05  0.000000E+00  0.196158E+05  0.196158E+05  0.196158E+05 -0.615565E+00  0.206302E+05  0.205766E+05  0.271010E+03
  0.116933E-02  0.196200E+05  0.195933E+05  0.261198E+05  0.260685E+05  0.000000E+00  0.196157E+05  0.196157E+05  0.196157E+05 -0.615558E+00  0.206301E+05  0.205760E+05  0.272258E+03
  0.117473E-02  0.196200E+05  0.195931E+05  0.261194E+05  0.260676E+05  0.000000E+00  0.196157E+05  0.196157E+05  0.196157E+05 -0.615551E+00  0.206300E+05  0.205753E+05  0.273513E+03
  0.118015E-02  0.196200E+05  0.195927E+05  0.261189E+05  0.260667E+05  0.000000E+00  0.196155E+05  0.196155E+05  0.196155E+05 -0.615544E+00  0.206299E+05  0.205747E+05  0.274772E+03
  0.118560E-02  0.196199E+05  0.195924E+05  0.261184E+05  0.260657E+05  0.000000E+00  0.196154E+05  0.196154E+05  0.196154E+05 -0.615537E+00  0.206297E+05  0.205741E+05  0.276037E+03
  0.119107E-02  0.196198E+05  0.195921E+05  0.261179E+05  0.260647E+05  0.000000E+00  0.196153E+05  0.196153E+05  0.196153E+05 -0.615530E+00  0.206296E+05  0.205734E+05  0.277308E+03
  0.119657E-02  0.196197E+05  0.195917E+05  0.261174E+05  0.260637E+05  0.000000E+00  0.196151E+05  0.196151E+05  0.196151E+05 -0.615522E+00  0.206295E+05  0.205728E+05  0.278585E+03
  0.120209E-02  0.196196E+05  0.195914E+05  0.261169E+05  0.260627E+05  0.000000E+00  0.196150E+05  0.196150E+05  0.196150E+05 -0.615515E+00  0.206294E+05  0.205721E+05  0.279870E+03
  0.120764E-02  0.196195E+05  0.195910E+05  0.261164E+05  0.260617E+05  0.000000E+00  0.196149E+05  0.196149E+05  0.196149E+05 -0.615508E+00  0.206292E+05  0.205715E+05  0.281156E+03
  0.121322E-02  0.196194E+05  0.195907E+05  0.261159E+05  0.260607E+05  0.000000E+00  0.196147E+05  0.196147E+05  0.196147E+05 -0.615500E+00  0.206291E+05  0.205708E+05  0.282451E+03
  0.121882E-02  0.196193E+05  0.195903E+05  0.261153E+05  0.260596E+05  0.000000E+00  0.196146E+05  0.196146E+05  0.196146E+05 -0.615493E+00  0.206290E+05  0.205701E+05  0.283751E+03
  0.122444E-02  0.196192E+05  0.195899E+05  0.261148E+05  0.260586E+05  0.000000E+00  0.196144E+05  0.196144E+05  0.196144E+05 -0.615485E+00  0.206288E+05  0.205695E+05  0.285059E+03
  0.123009E-02  0.196191E+05  0.195895E+05  0.261142E+05  0.260575E+05  0.000000E+00  0.196143E+05  0.196143E+05  0.196143E+05 -0.615477E+00  0.206287E+05  0.205688E+05  0.286371E+03
  0.123577E-02  0.196190E+05  0.195892E+05  0.261137E+05  0.260564E+05  0.000000E+00  0.196142E+05  0.196142E+05  0.196142E+05 -0.615470E+00  0.206286E+05  0.205681E+05  0.287690E+03
  0.124148E-02  0.196190E+05  0.195888E+05  0.261132E+05  0.260554E+05  0.000000E+00  0.196140E+05  0.196140E+05  0.196140E+05 -0.615462E+00  0.206284E+05  0.205674E+05  0.289019E+03
  0.124721E-02  0.196189E+05  0.195885E+05  0.261127E+05  0.260543E+05  0.000000E+00  0.196139E+05  0.196139E+05  0.196139E+05 -0.615454E+00  0.206283E+05  0.205667E+05  0.290350E+03
  0.125296E-02  0.196188E+05  0.195881E+05  0.261121E+05  0.260533E+05  0.000000E+00  0.196138E+05  0.196138E+05  0.196138E+05 -0.615446E+00  0.206281E+05  0.205660E+05  0.291686E+03
  0.125875E-02  0.196187E+05  0.195878E+05  0.261116E+05  0.260522E+05  0.000000E+00  0.196137E+05  0.196137E+05  0.196137E+05 -0.615438E+00  0.206280E+05  0.205653E+05  0.293028E+03
  0.126456E-02  0.196187E+05  0.195874E+05  0.261111E+05  0.260512E+05  0.000000E+00  0.196136E+05  0.196136E+05  0.196136E+05 -0.615432E+00  0.206277E+05  0.205644E+05  0.294386E+03
  0.127039E-02  0.196187E+05  0.195871E+05  0.261107E+05  0.260502E+05  0.000000E+00  0.196136E+05  0.196136E+05  0.196136E+05 -0.615429E+00  0.206274E+05  0.205635E+05  0.295756E+03
  0.127626E-02  0.196188E+05  0.195870E+05  0.261104E+05  0.260493E+05  0.000000E+00  0.196136E+05  0.196136E+05  0.196136E+05 -0.615425E+00  0.206271E+05  0.205626E+05  0.297133E+03
  0.128215E-02  0.196188E+05  0.195867E+05  0.261100E+05  0.260483E+05  0.000000E+00  0.196136E+05  0.196136E+05  0.196136E+05 -0.615420E+00  0.206267E+05  0.205616E+05  0.298509E+03
  0.128807E-02  0.196189E+05  0.195864E+05  0.261095E+05  0.260473E+05  0.000000E+00  0.196136E+05  0.196136E+05  0.196136E+05 -0.615416E+00  0.206264E+05  0.205607E+05  0.299897E+03
  0.129401E-02  0.196188E+05  0.195861E+05  0.261091E+05  0.260463E+05  0.000000E+00  0.196135E+05  0.196135E+05  0.196135E+05 -0.615411E+00  0.206261E+05  0.205598E+05  0.301291E+03
  0.129998E-02  0.196188E+05  0.195857E+05  0.261085E+05  0.260452E+05  0.000000E+00  0.196134E+05  0.196134E+05  0.196134E+05 -0.615406E+00  0.206258E+05  0.205588E+05  0.302692E+03
  0.130598E-02  0.196188E+05  0.195854E+05  0.261081E+05  0.260441E+05  0.000000E+00  0.196134E+05  0.196134E+05  0.196134E+05 -0.615401E+00  0.206255E+05  0.205579E+05  0.304097E+03
  0.131201E-02  0.196188E+05  0.195850E+05  0.261075E+05  0.260430E+05  0.000000E+00  0.196133E+05  0.196133E+05  0.196133E+05 -0.615396E+00  0.206252E+05  0.205570E+05  0.305510E+03
  0.131807E-02  0.196187E+05  0.195846E+05  0.261069E+05  0.260418E+05  0.000000E+00  0.196131E+05  0.196131E+05  0.196131E+05 -0.615391E+00  0.206249E+05  0.205560E+05  0.306928E+03
  0.132415E-02  0.196186E+05  0.195842E+05  0.261063E+05  0.260406E+05  0.000000E+00  0.196130E+05  0.196130E+05  0.196130E+05 -0.615385E+00  0.206246E+05  0.205551E+05  0.308351E+03
  0.133026E-02  0.196185E+05  0.195838E+05  0.261057E+05  0.260393E+05  0.000000E+00  0.196128E+05  0.196128E+05  0.196128E+05 -0.615380E+00  0.206243E+05  0.205542E+05  0.309782E+03
  0.133640E-02  0.196184E+05  0.195834E+05  0.261052E+05  0.260382E+05  0.000000E+00  0.196127E+05  0.196127E+05  0.196127E+05 -0.615374E+00  0.206240E+05  0.205532E+05  0.311220E+03
  0.134257E-02  0.196183E+05  0.195830E+05  0.261045E+05  0.260369E+05  0.000000E+00  0.196126E+05  0.196126E+05  0.196126E+05 -0.615367E+00  0.206237E+05  0.205523E+05  0.312664E+03
  0.134877E-02  0.196183E+05  0.195826E+05  0.261039E+05  0.260357E+05  0.000000E+00  0.196124E+05  0.196124E+05  0.196124E+05 -0.615361E+00  0.206234E+05  0.205513E+05  0.314116E+03
  0.135500E-02  0.196182E+05  0.195821E+05  0.261033E+05  0.260344E+05  0.000000E+00  0.196123E+05  0.196123E+05  0.196123E+05 -0.615355E+00  0.206231E+05  0.205504E+05  0.315573E+03
  0.136125E-02  0.196181E+05  0.195817E+05  0.261026E+05  0.260332E+05  0.000000E+00  0.196121E+05  0.196121E+05  0.196121E+05 -0.615348E+00  0.206228E+05  0.205494E+05  0.317035E+03
  0.136753E-02  0.196181E+05  0.195814E+05  0.261021E+05  0.260320E+05  0.000000E+00  0.196121E+05  0.196121E+05  0.196121E+05 -0.615341E+00  0.206225E+05  0.205484E+05  0.318506E+03
  0.137385E-02  0.196180E+05  0.195810E+05  0.261015E+05  0.260308E+05  0.000000E+00  0.196120E+05  0.196120E+05  0.196120E+05 -0.615334E+00  0.206222E+05  0.205475E+05  0.319981E+03
  0.138019E-02  0.196179E+05  0.195806E+05  0.261009E+05  0.260295E+05  0.000000E+00  0.196119E+05  0.196119E+05  0.196119E+05 -0.615327E+00  0.206220E+05  0.205465E+05  0.321463E+03
  0.138656E-02  0.196179E+05  0.195801E+05  0.261003E+05  0.260282E+05  0.000000E+00  0.196117E+05  0.196117E+05  0.196117E+05 -0.615320E+00  0.206217E+05  0.205455E+05  0.322954E+03
  0.139296E-02  0.196179E+05  0.195798E+05  0.260997E+05  0.260270E+05  0.000000E+00  0.196116E+05  0.196116E+05  0.196116E+05 -0.615312E+00  0.206214E+05  0.205446E+05  0.324452E+03
  0.139939E-02  0.196178E+05  0.195793E+05  0.260991E+05  0.260257E+05  0.000000E+00  0.196115E+05  0.196115E+05  0.196115E+05 -0.615305E+00  0.206212E+05  0.205436E+05  0.325954E+03
  0.140585E-02  0.196177E+05  0.195789E+05  0.260985E+05  0.260244E+05  0.000000E+00  0.196114E+05  0.196114E+05  0.196114E+05 -0.615297E+00  0.206209E+05  0.205426E+05  0.327462E+03
  0.141234E-02  0.196176E+05  0.195784E+05  0.260978E+05  0.260230E+05  0.000000E+00  0.196112E+05  0.196112E+05  0.196112E+05 -0.615289E+00  0.206206E+05  0.205416E+05  0.328977E+03
  0.141886E-02  0.196175E+05  0.195780E+05  0.260971E+05  0.260216E+05  0.000000E+00  0.196111E+05  0.196111E+05  0.196111E+05 -0.615281E+00  0.206203E+05  0.205406E+05  0.330498E+03
  0.142540E-02  0.196175E+05  0.195776E+05  0.260965E+05  0.260203E+05  0.000000E+00  0.196110E+05  0.196110E+05  0.196110E+05 -0.615272E+00  0.206201E+05  0.205396E+05  0.332026E+03
  0.143198E-02  0.196174E+05  0.195771E+05  0.260958E+05  0.260189E+05  0.000000E+00  0.196108E+05  0.196108E+05  0.196108E+05 -0.615264E+00  0.206198E+05  0.205386E+05  0.333563E+03
  0.143859E-02  0.196173E+05  0.195766E+05  0.260951E+05  0.260175E+05  0.000000E+00  0.196107E+05  0.196107E+05  0.196107E+05 -0.615255E+00  0.206196E+05  0.205376E+05  0.335106E+03
  0.144523E-02  0.196172E+05  0.195761E+05  0.260944E+05  0.260160E+05  0.000000E+00  0.196105E+05  0.196105E+05  0.196105E+05 -0.615246E+00  0.206193E+05  0.205365E+05  0.336657E+03
  0.145190E-02  0.196170E+05  0.195756E+05  0.260936E+05  0.260145E+05  0.000000E+00  0.196103E+05  0.196103E+05  0.196103E+05 -0.615237E+00  0.206190E+05  0.205355E+05  0.338212E+03
  0.145861E-02  0.196169E+05  0.195750E+05  0.260928E+05  0.260131E+05  0.000000E+00  0.196101E+05  0.196101E+05  0.196101E+05 -0.615228E+00  0.206188E+05  0.205345E+05  0.339775E+03
  0.146534E-02  0.196168E+05  0.195745E+05  0.260920E+05  0.260116E+05  0.000000E+00  0.196099E+05  0.196099E+05  0.196099E+05 -0.615219E+00  0.206185E+05  0.205334E+05  0.341345E+03
  0.147210E-02  0.196166E+05  0.195740E+05  0.260913E+05  0.260101E+05  0.000000E+00  0.196097E+05  0.196097E+05  0.196097E+05 -0.615210E+00  0.206183E+05  0.205324E+05  0.342922E+03
  0.147890E-02  0.196165E+05  0.195735E+05  0.260906E+05  0.260086E+05  0.000000E+00  0.196095E+05  0.196095E+05  0.196095E+05 -0.615200E+00  0.206180E+05  0.205313E+05  0.344507E+03
  0.148572E-02  0.196164E+05  0.195730E+05  0.260898E+05  0.260071E+05  0.000000E+00  0.196093E+05  0.196093E+05  0.196093E+05 -0.615190E+00  0.206177E+05  0.205303E+05  0.346099E+03
  0.149258E-02  0.196164E+05  0.195726E+05  0.260892E+05  0.260057E+05  0.000000E+00  0.196093E+05  0.196093E+05  0.196093E+05 -0.615180E+00  0.206175E+05  0.205292E+05  0.347701E+03
  0.149947E-02  0.196164E+05  0.195721E+05  0.260885E+05  0.260042E+05  0.000000E+00  0.196092E+05  0.196092E+05  0.196092E+05 -0.615170E+00  0.206172E+05  0.205281E+05  0.349308E+03
  0.150639E-02  0.196163E+05  0.195716E+05  0.260878E+05  0.260027E+05  0.000000E+00  0.196090E+05  0.196090E+05  0.196090E+05 -0.615160E+00  0.206170E+05  0.205270E+05  0.350922E+03
  0.151335E-02  0.196162E+05  0.195711E+05  0.260870E+05  0.260012E+05  0.000000E+00  0.196088E+05  0.196088E+05  0.196088E+05 -0.615150E+00  0.206167E+05  0.205260E+05  0.352543E+03
  0.152033E-02  0.196160E+05  0.195705E+05  0.260862E+05  0.259996E+05  0.000000E+00  0.196086E+05  0.196086E+05  0.196086E+05 -0.615139E+00  0.206164E+05  0.205249E+05  0.354171E+03
  0.152735E-02  0.196160E+05  0.195701E+05  0.260855E+05  0.259981E+05  0.000000E+00  0.196085E+05  0.196085E+05  0.196085E+05 -0.615129E+00  0.206162E+05  0.205237E+05  0.355806E+03
  0.153440E-02  0.196158E+05  0.195695E+05  0.260846E+05  0.259964E+05  0.000000E+00  0.196083E+05  0.196083E+05  0.196083E+05 -0.615118E+00  0.206159E+05  0.205226E+05  0.357448E+03
  0.154148E-02  0.196157E+05  0.195689E+05  0.260837E+05  0.259947E+05  0.000000E+00  0.196080E+05  0.196080E+05  0.196080E+05 -0.615107E+00  0.206157E+05  0.205215E+05  0.359097E+03
  0.154860E-02  0.196155E+05  0.195682E+05  0.260828E+05  0.259930E+05  0.000000E+00  0.196078E+05  0.196078E+05  0.196078E+05 -0.615096E+00  0.206154E+05  0.205204E+05  0.360753E+03
  0.155574E-02  0.196153E+05  0.195676E+05  0.260819E+05  0.259912E+05  0.000000E+00  0.196075E+05  0.196075E+05  0.196075E+05 -0.615085E+00  0.206152E+05  0.205192E+05  0.362416E+03
  0.156292E-02  0.196152E+05  0.195671E+05  0.260811E+05  0.259896E+05  0.000000E+00  0.196073E+05  0.196073E+05  0.196073E+05 -0.615073E+00  0.206149E+05  0.205181E+05  0.364089E+03
  0.157014E-02  0.196150E+05  0.195664E+05  0.260802E+05  0.259878E+05  0.000000E+00  0.196071E+05  0.196071E+05  0.196071E+05 -0.615062E+00  0.206146E+05  0.205169E+05  0.365767E+03
  0.157739E-02  0.196148E+05  0.195658E+05  0.260793E+05  0.259861E+05  0.000000E+00  0.196069E+05  0.196069E+05  0.196069E+05 -0.615050E+00  0.206144E+05  0.205158E+05  0.367453E+03
  0.158467E-02  0.196147E+05  0.195652E+05  0.260784E+05  0.259843E+05  0.000000E+00  0.196066E+05  0.196066E+05  0.196066E+05 -0.615038E+00  0.206141E+05  0.205146E+05  0.369147E+03
  0.159198E-02  0.196145E+05  0.195645E+05  0.260774E+05  0.259825E+05  0.000000E+00  0.196063E+05  0.196063E+05  0.196063E+05 -0.615026E+00  0.206138E+05  0.205134E+05  0.370848E+03
  0.159933E-02  0.196144E+05  0.195640E+05  0.260767E+05  0.259809E+05  0.000000E+00  0.196062E+05  0.196062E+05  0.196062E+05 -0.615014E+00  0.206136E+05  0.205122E+05  0.372559E+03
  0.160671E-02  0.196143E+05  0.195634E+05  0.260758E+05  0.259791E+05  0.000000E+00  0.196060E+05  0.196060E+05  0.196060E+05 -0.615002E+00  0.206133E+05  0.205110E+05  0.374277E+03
  0.161413E-02  0.196141E+05  0.195628E+05  0.260748E+05  0.259773E+05  0.000000E+00  0.196058E+05  0.196058E+05  0.196058E+05 -0.614989E+00  0.206131E+05  0.205098E+05  0.376002E+03
  0.162158E-02  0.196140E+05  0.195621E+05  0.260739E+05  0.259754E+05  0.000000E+00  0.196055E+05  0.196055E+05  0.196055E+05 -0.614976E+00  0.206128E+05  0.205086E+05  0.377734E+03
  0.162906E-02  0.196139E+05  0.195616E+05  0.260731E+05  0.259737E+05  0.000000E+00  0.196054E+05  0.196054E+05  0.196054E+05 -0.614964E+00  0.206125E+05  0.205074E+05  0.379476E+03
  0.163658E-02  0.196138E+05  0.195609E+05  0.260721E+05  0.259719E+05  0.000000E+00  0.196051E+05  0.196051E+05  0.196051E+05 -0.614951E+00  0.206123E+05  0.205061E+05  0.381225E+03
  0.164414E-02  0.196136E+05  0.195603E+05  0.260712E+05  0.259700E+05  0.000000E+00  0.196049E+05  0.196049E+05  0.196049E+05 -0.614938E+00  0.206120E+05  0.205049E+05  0.382981E+03
  0.165173E-02  0.196134E+05  0.195596E+05  0.260702E+05  0.259681E+05  0.000000E+00  0.196047E+05  0.196047E+05  0.196047E+05 -0.614924E+00  0.206117E+05  0.205036E+05  0.384746E+03
  0.165935E-02  0.196132E+05  0.195589E+05  0.260692E+05  0.259661E+05  0.000000E+00  0.196044E+05  0.196044E+05  0.196044E+05 -0.614911E+00  0.206115E+05  0.205024E+05  0.386518E+03
  0.166701E-02  0.196132E+05  0.195584E+05  0.260684E+05  0.259643E+05  0.000000E+00  0.196042E+05  0.196042E+05  0.196042E+05 -0.614897E+00  0.206112E+05  0.205011E+05  0.388303E+03
  0.167470E-02  0.196130E+05  0.195577E+05  0.260674E+05  0.259624E+05  0.000000E+00  0.196040E+05  0.196040E+05  0.196040E+05 -0.614884E+00  0.206109E+05  0.204998E+05  0.390092E+03
  0.168243E-02  0.196128E+05  0.195570E+05  0.260663E+05  0.259604E+05  0.000000E+00  0.196037E+05  0.196037E+05  0.196037E+05 -0.614870E+00  0.206106E+05  0.204985E+05  0.391888E+03
  0.169020E-02  0.196126E+05  0.195562E+05  0.260653E+05  0.259583E+05  0.000000E+00  0.196034E+05  0.196034E+05  0.196034E+05 -0.614856E+00  0.206104E+05  0.204972E+05  0.393691E+03
  0.169800E-02  0.196124E+05  0.195555E+05  0.260642E+05  0.259563E+05  0.000000E+00  0.196031E+05  0.196031E+05  0.196031E+05 -0.614842E+00  0.206101E+05  0.204958E+05  0.395502E+03
  0.170584E-02  0.196122E+05  0.195548E+05  0.260631E+05  0.259542E+05  0.000000E+00  0.196028E+05  0.196028E+05  0.196028E+05 -0.614827E+00  0.206098E+05  0.204945E+05  0.397322E+03
  0.171371E-02  0.196120E+05  0.195540E+05  0.260620E+05  0.259521E+05  0.000000E+00  0.196025E+05  0.196025E+05  0.196025E+05 -0.614813E+00  0.206095E+05  0.204932E+05  0.399151E+03
  0.172162E-02  0.196118E+05  0.195533E+05  0.260610E+05  0.259501E+05  0.000000E+00  0.196022E+05  0.196022E+05  0.196022E+05 -0.614798E+00  0.206092E+05  0.204918E+05  0.400988E+03
  0.172957E-02  0.196116E+05  0.195526E+05  0.260599E+05  0.259480E+05  0.000000E+00  0.196020E+05  0.196020E+05  0.196020E+05 -0.614783E+00  0.206090E+05  0.204904E+05  0.402833E+03
  0.173755E-02  0.196114E+05  0.195518E+05  0.260588E+05  0.259459E+05  0.000000E+00  0.196017E+05  0.196017E+05  0.196017E+05 -0.614769E+00  0.206087E+05  0.204891E+05  0.404686E+03
  0.174557E-02  0.196114E+05  0.195512E+05  0.260580E+05  0.259440E+05  0.000000E+00  0.196016E+05  0.196016E+05  0.196016E+05 -0.614753E+00  0.206084E+05  0.204877E+05  0.406551E+03
  0.175363E-02  0.196112E+05  0.195505E+05  0.260569E+05  0.259419E+05  0.000000E+00  0.196013E+05  0.196013E+05  0.196013E+05 -0.614738E+00  0.206081E+05  0.204863E+05  0.408423E+03
  0.176172E-02  0.196111E+05  0.195498E+05  0.260559E+05  0.259398E+05  0.000000E+00  0.196011E+05  0.196011E+05  0.196011E+05 -0.614723E+00  0.206078E+05  0.204848E+05  0.410302E+03
  0.176986E-02  0.196109E+05  0.195491E+05  0.260548E+05  0.259376E+05  0.000000E+00  0.196008E+05  0.196008E+05  0.196008E+05 -0.614707E+00  0.206075E+05  0.204834E+05  0.412190E+03
  0.177803E-02  0.196107E+05  0.195483E+05  0.260536E+05  0.259354E+05  0.000000E+00  0.196005E+05  0.196005E+05  0.196005E+05 -0.614691E+00  0.206072E+05  0.204820E+05  0.414086E+03
  0.178623E-02  0.196105E+05  0.195476E+05  0.260526E+05  0.259332E+05  0.000000E+00  0.196003E+05  0.196003E+05  0.196003E+05 -0.614675E+00  0.206069E+05  0.204805E+05  0.415990E+03
  0.179448E-02  0.196103E+05  0.195467E+05  0.260514E+05  0.259309E+05  0.000000E+00  0.195999E+05  0.195999E+05  0.195999E+05 -0.614659E+00  0.206066E+05  0.204791E+05  0.417903E+03
  0.180276E-02  0.196100E+05  0.195459E+05  0.260501E+05  0.259286E+05  0.000000E+00  0.195996E+05  0.195996E+05  0.195996E+05 -0.614643E+00  0.206063E+05  0.204776E+05  0.419824E+03
  0.181108E-02  0.196098E+05  0.195450E+05  0.260489E+05  0.259262E+05  0.000000E+00  0.195992E+05  0.195992E+05  0.195992E+05 -0.614626E+00  0.206060E+05  0.204761E+05  0.421754E+03
  0.181944E-02  0.196095E+05  0.195441E+05  0.260476E+05  0.259238E+05  0.000000E+00  0.195988E+05  0.195988E+05  0.195988E+05 -0.614610E+00  0.206057E+05  0.204746E+05  0.423691E+03
  0.182784E-02  0.196093E+05  0.195434E+05  0.260465E+05  0.259215E+05  0.000000E+00  0.195986E+05  0.195986E+05  0.195986E+05 -0.614593E+00  0.206054E+05  0.204731E+05  0.425640E+03
  0.183628E-02  0.196091E+05  0.195425E+05  0.260452E+05  0.259191E+05  0.000000E+00  0.195982E+05  0.195982E+05  0.195982E+05 -0.614576E+00  0.206051E+05  0.204715E+05  0.427596E+03
  0.184475E-02  0.196088E+05  0.195416E+05  0.260439E+05  0.259167E+05  0.000000E+00  0.195979E+05  0.195979E+05  0.195979E+05 -0.614559E+00  0.206048E+05  0.204700E+05  0.429561E+03
  0.185327E-02  0.196086E+05  0.195408E+05  0.260427E+05  0.259143E+05  0.000000E+00  0.195975E+05  0.195975E+05  0.195975E+05 -0.614542E+00  0.206045E+05  0.204684E+05  0.431535E+03
  0.186182E-02  0.196083E+05  0.195399E+05  0.260414E+05  0.259118E+05  0.000000E+00  0.195972E+05  0.195972E+05  0.195972E+05 -0.614524E+00  0.206041E+05  0.204668E+05  0.433518E+03
  0.187042E-02  0.196082E+05  0.195391E+05  0.260403E+05  0.259095E+05  0.000000E+00  0.195969E+05  0.195969E+05  0.195969E+05 -0.614506E+00  0.206038E+05  0.204653E+05  0.435512E+03
  0.187905E-02  0.196080E+05  0.195383E+05  0.260390E+05  0.259070E+05  0.000000E+00  0.195966E+05  0.195966E+05  0.195966E+05 -0.614489E+00  0.206035E+05  0.204637E+05  0.437513E+03
  0.188772E-02  0.196078E+05  0.195374E+05  0.260377E+05  0.259046E+05  0.000000E+00  0.195963E+05  0.195963E+05  0.195963E+05 -0.614471E+00  0.206032E+05  0.204620E+05  0.439526E+03
  0.189644E-02  0.196075E+05  0.195365E+05  0.260365E+05  0.259020E+05  0.000000E+00  0.195960E+05  0.195960E+05  0.195960E+05 -0.614452E+00  0.206028E+05  0.204604E+05  0.441545E+03
  0.190519E-02  0.196073E+05  0.195356E+05  0.260351E+05  0.258995E+05  0.000000E+00  0.195956E+05  0.195956E+05  0.195956E+05 -0.614434E+00  0.206025E+05  0.204588E+05  0.443576E+03
  0.191398E-02  0.196071E+05  0.195348E+05  0.260339E+05  0.258971E+05  0.000000E+00  0.195954E+05  0.195954E+05  0.195954E+05 -0.614415E+00  0.206022E+05  0.204571E+05  0.445615E+03
  0.192282E-02  0.196069E+05  0.195339E+05  0.260326E+05  0.258945E+05  0.000000E+00  0.195950E+05  0.195950E+05  0.195950E+05 -0.614397E+00  0.206018E+05  0.204554E+05  0.447662E+03
  0.193169E-02  0.196067E+05  0.195330E+05  0.260313E+05  0.258919E+05  0.000000E+00  0.195947E+05  0.195947E+05  0.195947E+05 -0.614378E+00  0.206015E+05  0.204537E+05  0.449718E+03
  0.194061E-02  0.196064E+05  0.195321E+05  0.260299E+05  0.258893E+05  0.000000E+00  0.195943E+05  0.195943E+05  0.195943E+05 -0.614359E+00  0.206012E+05  0.204520E+05  0.451783E+03
  0.194957E-02  0.196061E+05  0.195311E+05  0.260285E+05  0.258865E+05  0.000000E+00  0.195939E+05  0.195939E+05  0.195939E+05 -0.614339E+00  0.206008E+05  0.204503E+05  0.453856E+03
  0.195857E-02  0.196060E+05  0.195302E+05  0.260273E+05  0.258840E+05  0.000000E+00  0.195936E+05  0.195936E+05  0.195936E+05 -0.614320E+00  0.206005E+05  0.204486E+05  0.455941E+03
  0.196761E-02  0.196057E+05  0.195293E+05  0.260259E+05  0.258813E+05  0.000000E+00  0.195933E+05  0.195933E+05  0.195933E+05 -0.614300E+00  0.206001E+05  0.204468E+05  0.458033E+03
  0.197669E-02  0.196055E+05  0.195283E+05  0.260244E+05  0.258785E+05  0.000000E+00  0.195929E+05  0.195929E+05  0.195929E+05 -0.614280E+00  0.205998E+05  0.204451E+05  0.460134E+03
  0.198581E-02  0.196052E+05  0.195273E+05  0.260230E+05  0.258757E+05  0.000000E+00  0.195925E+05  0.195925E+05  0.195925E+05 -0.614260E+00  0.205994E+05  0.204433E+05  0.462245E+03
  0.199498E-02  0.196049E+05  0.195263E+05  0.260215E+05  0.258729E+05  0.000000E+00  0.195921E+05  0.195921E+05  0.195921E+05 -0.614240E+00  0.205991E+05  0.204415E+05  0.464365E+03
  0.200419E-02  0.196046E+05  0.195253E+05  0.260200E+05  0.258701E+05  0.000000E+00  0.195917E+05  0.195917E+05  0.195917E+05 -0.614220E+00  0.205987E+05  0.204397E+05  0.466496E+03
  0.201344E-02  0.196043E+05  0.195242E+05  0.260186E+05  0.258672E+05  0.000000E+00  0.195913E+05  0.195913E+05  0.195913E+05 -0.614199E+00  0.205983E+05  0.204378E+05  0.468636E+03
  0.202273E-02  0.196041E+05  0.195232E+05  0.260171E+05  0.258644E+05  0.000000E+00  0.195909E+05  0.195909E+05  0.195909E+05 -0.614178E+00  0.205980E+05  0.204360E+05  0.470786E+03
  0.203207E-02  0.196038E+05  0.195222E+05  0.260156E+05  0.258615E+05  0.000000E+00  0.195905E+05  0.195905E+05  0.195905E+05 -0.614157E+00  0.205976E+05  0.204341E+05  0.472946E+03
  0.204145E-02  0.196036E+05  0.195213E+05  0.260143E+05  0.258587E+05  0.000000E+00  0.195902E+05  0.195902E+05  0.195902E+05 -0.614136E+00  0.205972E+05  0.204322E+05  0.475117E+03
  0.205087E-02  0.196034E+05  0.195203E+05  0.260128E+05  0.258559E+05  0.000000E+00  0.195899E+05  0.195899E+05  0.195899E+05 -0.614114E+00  0.205968E+05  0.204303E+05  0.477296E+03
  0.206034E-02  0.196032E+05  0.195193E+05  0.260114E+05  0.258530E+05  0.000000E+00  0.195895E+05  0.195895E+05  0.195895E+05 -0.614093E+00  0.205965E+05  0.204284E+05  0.479485E+03
  0.206985E-02  0.196029E+05  0.195183E+05  0.260099E+05  0.258500E+05  0.000000E+00  0.195892E+05  0.195892E+05  0.195892E+05 -0.614071E+00  0.205961E+05  0.204265E+05  0.481685E+03
  0.207940E-02  0.196028E+05  0.195173E+05  0.260084E+05  0.258471E+05  0.000000E+00  0.195888E+05  0.195888E+05  0.195888E+05 -0.614049E+00  0.205957E+05  0.204245E+05  0.483896E+03
  0.208900E-02  0.196025E+05  0.195163E+05  0.260069E+05  0.258441E+05  0.000000E+00  0.195884E+05  0.195884E+05  0.195884E+05 -0.614026E+00  0.205953E+05  0.204226E+05  0.486115E+03
  0.209864E-02  0.196022E+05  0.195152E+05  0.260053E+05  0.258410E+05  0.000000E+00  0.195880E+05  0.195880E+05  0.195880E+05 -0.614004E+00  0.205949E+05  0.204206E+05  0.488345E+03
  0.210833E-02  0.196019E+05  0.195141E+05  0.260037E+05  0.258379E+05  0.000000E+00  0.195876E+05  0.195876E+05  0.195876E+05 -0.613981E+00  0.205945E+05  0.204186E+05  0.490586E+03
  0.211806E-02  0.196015E+05  0.195129E+05  0.260020E+05  0.258347E+05  0.000000E+00  0.195871E+05  0.195871E+05  0.195871E+05 -0.613958E+00  0.205941E+05  0.204165E+05  0.492834E+03
  0.212784E-02  0.196013E+05  0.195118E+05  0.260004E+05  0.258316E+05  0.000000E+00  0.195867E+05  0.195867E+05  0.195867E+05 -0.613935E+00  0.205937E+05  0.204145E+05  0.495094E+03
  0.213766E-02  0.196010E+05  0.195107E+05  0.259987E+05  0.258283E+05  0.000000E+00  0.195862E+05  0.195862E+05  0.195862E+05 -0.613912E+00  0.205933E+05  0.204124E+05  0.497363E+03
  0.214752E-02  0.196006E+05  0.195095E+05  0.259970E+05  0.258251E+05  0.000000E+00  0.195858E+05  0.195858E+05  0.195858E+05 -0.613888E+00  0.205929E+05  0.204104E+05  0.499643E+03
  0.215744E-02  0.196003E+05  0.195083E+05  0.259953E+05  0.258218E+05  0.000000E+00  0.195853E+05  0.195853E+05  0.195853E+05 -0.613865E+00  0.205925E+05  0.204083E+05  0.501929E+03
  0.216739E-02  0.196000E+05  0.195072E+05  0.259936E+05  0.258185E+05  0.000000E+00  0.195849E+05  0.195849E+05  0.195849E+05 -0.613841E+00  0.205920E+05  0.204061E+05  0.504227E+03
  0.217740E-02  0.195996E+05  0.195060E+05  0.259919E+05  0.258152E+05  0.000000E+00  0.195844E+05  0.195844E+05  0.195844E+05 -0.613816E+00  0.205916E+05  0.204040E+05  0.506537E+03
  0.218745E-02  0.195993E+05  0.195048E+05  0.259902E+05  0.258118E+05  0.000000E+00  0.195839E+05  0.195839E+05  0.195839E+05 -0.613792E+00  0.205912E+05  0.204019E+05  0.508859E+03
  0.219755E-02  0.195990E+05  0.195036E+05  0.259884E+05  0.258084E+05  0.000000E+00  0.195835E+05  0.195835E+05  0.195835E+05 -0.613767E+00  0.205908E+05  0.203997E+05  0.511191E+03
  0.220769E-02  0.195987E+05  0.195024E+05  0.259867E+05  0.258051E+05  0.000000E+00  0.195830E+05  0.195830E+05  0.195830E+05 -0.613742E+00  0.205903E+05  0.203975E+05  0.513534E+03
  0.221788E-02  0.195984E+05  0.195012E+05  0.259849E+05  0.258016E+05  0.000000E+00  0.195826E+05  0.195826E+05  0.195826E+05 -0.613717E+00  0.205899E+05  0.203953E+05  0.515887E+03
  0.222812E-02  0.195981E+05  0.195000E+05  0.259832E+05  0.257982E+05  0.000000E+00  0.195821E+05  0.195821E+05  0.195821E+05 -0.613692E+00  0.205894E+05  0.203930E+05  0.518250E+03
  0.223840E-02  0.195978E+05  0.194988E+05  0.259814E+05  0.257947E+05  0.000000E+00  0.195816E+05  0.195816E+05  0.195816E+05 -0.613666E+00  0.205890E+05  0.203908E+05  0.520624E+03
  0.224873E-02  0.195974E+05  0.194975E+05  0.259795E+05  0.257912E+05  0.000000E+00  0.195811E+05  0.195811E+05  0.195811E+05 -0.613640E+00  0.205885E+05  0.203885E+05  0.523008E+03
  0.225911E-02  0.195971E+05  0.194963E+05  0.259778E+05  0.257877E+05  0.000000E+00  0.195807E+05  0.195807E+05  0.195807E+05 -0.613614E+00  0.205881E+05  0.203862E+05  0.525404E+03
  0.226954E-02  0.195968E+05  0.194951E+05  0.259759E+05  0.257841E+05  0.000000E+00  0.195802E+05  0.195802E+05  0.195802E+05 -0.613588E+00  0.205876E+05  0.203839E+05  0.527810E+03
  0.228002E-02  0.195965E+05  0.194938E+05  0.259741E+05  0.257805E+05  0.000000E+00  0.195797E+05  0.195797E+05  0.195797E+05 -0.613561E+00  0.205872E+05  0.203815E+05  0.530226E+03
  0.229054E-02  0.195961E+05  0.194925E+05  0.259722E+05  0.257768E+05  0.000000E+00  0.195792E+05  0.195792E+05  0.195792E+05 -0.613534E+00  0.205867E+05  0.203792E+05  0.532650E+03
  0.230111E-02  0.195957E+05  0.194911E+05  0.259702E+05  0.257731E+05  0.000000E+00  0.195787E+05  0.195787E+05  0.195787E+05 -0.613507E+00  0.205862E+05  0.203768E+05  0.535087E+03
  0.231173E-02  0.195954E+05  0.194898E+05  0.259683E+05  0.257693E+05  0.000000E+00  0.195782E+05  0.195782E+05  0.195782E+05 -0.613480E+00  0.205857E+05  0.203744E+05  0.537535E+03
  0.232241E-02  0.195950E+05  0.194884E+05  0.259663E+05  0.257655E+05  0.000000E+00  0.195776E+05  0.195776E+05  0.195776E+05 -0.613452E+00  0.205853E+05  0.203719E+05  0.539994E+03
  0.233313E-02  0.195946E+05  0.194871E+05  0.259643E+05  0.257617E+05  0.000000E+00  0.195771E+05  0.195771E+05  0.195771E+05 -0.613424E+00  0.205848E+05  0.203695E+05  0.542464E+03
  0.234389E-02  0.195942E+05  0.194857E+05  0.259623E+05  0.257578E+05  0.000000E+00  0.195765E+05  0.195765E+05  0.195765E+05 -0.613396E+00  0.205843E+05  0.203670E+05  0.544945E+03
  0.235471E-02  0.195939E+05  0.194844E+05  0.259604E+05  0.257541E+05  0.000000E+00  0.195761E+05  0.195761E+05  0.195761E+05 -0.613368E+00  0.205838E+05  0.203645E+05  0.547439E+03
  0.236558E-02  0.195936E+05  0.194831E+05  0.259584E+05  0.257502E+05  0.000000E+00  0.195756E+05  0.195756E+05  0.195756E+05 -0.613339E+00  0.205833E+05  0.203620E+05  0.549944E+03
  0.237650E-02  0.195932E+05  0.194817E+05  0.259564E+05  0.257463E+05  0.000000E+00  0.195751E+05  0.195751E+05  0.195751E+05 -0.613310E+00  0.205828E+05  0.203595E+05  0.552460E+03
  0.238747E-02  0.195929E+05  0.194803E+05  0.259544E+05  0.257424E+05  0.000000E+00  0.195745E+05  0.195745E+05  0.195745E+05 -0.613281E+00  0.205823E+05  0.203569E+05  0.554988E+03
  0.239849E-02  0.195925E+05  0.194789E+05  0.259523E+05  0.257384E+05  0.000000E+00  0.195740E+05  0.195740E+05  0.195740E+05 -0.613252E+00  0.205818E+05  0.203543E+05  0.557526E+03
  0.240956E-02  0.195922E+05  0.194775E+05  0.259504E+05  0.257344E+05  0.000000E+00  0.195735E+05  0.195735E+05  0.195735E+05 -0.613222E+00  0.205813E+05  0.203517E+05  0.560077E+03
  0.242068E-02  0.195918E+05  0.194761E+05  0.259482E+05  0.257303E+05  0.000000E+00  0.195730E+05  0.195730E+05  0.195730E+05 -0.613192E+00  0.205807E+05  0.203491E+05  0.562638E+03
  0.243186E-02  0.195914E+05  0.194746E+05  0.259461E+05  0.257262E+05  0.000000E+00  0.195724E+05  0.195724E+05  0.195724E+05 -0.613161E+00  0.205802E+05  0.203464E+05  0.565211E+03
  0.244308E-02  0.195910E+05  0.194731E+05  0.259439E+05  0.257220E+05  0.000000E+00  0.195718E+05  0.195718E+05  0.195718E+05 -0.613131E+00  0.205797E+05  0.203437E+05  0.567793E+03
  0.245436E-02  0.195906E+05  0.194716E+05  0.259418E+05  0.257178E+05  0.000000E+00  0.195712E+05  0.195712E+05  0.195712E+05 -0.613100E+00  0.205791E+05  0.203410E+05  0.570389E+03
  0.246569E-02  0.195902E+05  0.194701E+05  0.259395E+05  0.257135E+05  0.000000E+00  0.195706E+05  0.195706E+05  0.195706E+05 -0.613069E+00  0.205786E+05  0.203383E+05  0.572995E+03
  0.247707E-02  0.195897E+05  0.194686E+05  0.259373E+05  0.257092E+05  0.000000E+00  0.195700E+05  0.195700E+05  0.195700E+05 -0.613038E+00  0.205781E+05  0.203355E+05  0.575614E+03
  0.248850E-02  0.195893E+05  0.194670E+05  0.259350E+05  0.257049E+05  0.000000E+00  0.195694E+05  0.195694E+05  0.195694E+05 -0.613006E+00  0.205775E+05  0.203327E+05  0.578243E+03
  0.249999E-02  0.195888E+05  0.194654E+05  0.259327E+05  0.257005E+05  0.000000E+00  0.195687E+05  0.195687E+05  0.195687E+05 -0.612974E+00  0.205769E+05  0.203299E+05  0.580884E+03
  0.251153E-02  0.195885E+05  0.194639E+05  0.259305E+05  0.256962E+05  0.000000E+00  0.195682E+05  0.195682E+05  0.195682E+05 -0.612942E+00  0.205764E+05  0.203271E+05  0.583539E+03
  0.252312E-02  0.195880E+05  0.194623E+05  0.259282E+05  0.256917E+05  0.000000E+00  0.195675E+05  0.195675E+05  0.195675E+05 -0.612909E+00  0.205758E+05  0.203242E+05  0.586204E+03
  0.253477E-02  0.195876E+05  0.194607E+05  0.259259E+05  0.256872E+05  0.000000E+00  0.195669E+05  0.195669E+05  0.195669E+05 -0.612876E+00  0.205752E+05  0.203213E+05  0.588881E+03
  0.254647E-02  0.195872E+05  0.194591E+05  0.259235E+05  0.256827E+05  0.000000E+00  0.195663E+05  0.195663E+05  0.195663E+05 -0.612843E+00  0.205747E+05  0.203184E+05  0.591570E+03
  0.255822E-02  0.195868E+05  0.194576E+05  0.259212E+05  0.256782E+05  0.000000E+00  0.195657E+05  0.195657E+05  0.195657E+05 -0.612809E+00  0.205741E+05  0.203155E+05  0.594272E+03
  0.257003E-02  0.195863E+05  0.194559E+05  0.259189E+05  0.256736E+05  0.000000E+00  0.195651E+05  0.195651E+05  0.195651E+05 -0.612776E+00  0.205735E+05  0.203125E+05  0.596986E+03
  0.258189E-02  0.195859E+05  0.194543E+05  0.259165E+05  0.256690E+05  0.000000E+00  0.195645E+05  0.195645E+05  0.195645E+05 -0.612742E+00  0.205729E+05  0.203095E+05  0.599710E+03
  0.259381E-02  0.195855E+05  0.194526E+05  0.259141E+05  0.256643E+05  0.000000E+00  0.195638E+05  0.195638E+05  0.195638E+05 -0.612707E+00  0.205723E+05  0.203065E+05  0.602450E+03
  0.260578E-02  0.195851E+05  0.194510E+05  0.259117E+05  0.256597E+05  0.000000E+00  0.195632E+05  0.195632E+05  0.195632E+05 -0.612672E+00  0.205717E+05  0.203035E+05  0.605203E+03
  0.261781E-02  0.195846E+05  0.194493E+05  0.259092E+05  0.256549E+05  0.000000E+00  0.195626E+05  0.195626E+05  0.195626E+05 -0.612637E+00  0.205711E+05  0.203004E+05  0.607967E+03
  0.262989E-02  0.195842E+05  0.194476E+05  0.259068E+05  0.256501E+05  0.000000E+00  0.195619E+05  0.195619E+05  0.195619E+05 -0.612602E+00  0.205705E+05  0.202973E+05  0.610739E+03
  0.264203E-02  0.195837E+05  0.194459E+05  0.259043E+05  0.256453E+05  0.000000E+00  0.195613E+05  0.195613E+05  0.195613E+05 -0.612566E+00  0.205699E+05  0.202941E+05  0.613526E+03
  0.265423E-02  0.195832E+05  0.194442E+05  0.259017E+05  0.256404E+05  0.000000E+00  0.195606E+05  0.195606E+05  0.195606E+05 -0.612530E+00  0.205692E+05  0.202910E+05  0.616326E+03
  0.266648E-02  0.195827E+05  0.194424E+05  0.258991E+05  0.256354E+05  0.000000E+00  0.195599E+05  0.195599E+05  0.195599E+05 -0.612494E+00  0.205686E+05  0.202878E+05  0.619133E+03
  0.267879E-02  0.195822E+05  0.194406E+05  0.258965E+05  0.256304E+05  0.000000E+00  0.195591E+05  0.195591E+05  0.195591E+05 -0.612457E+00  0.205680E+05  0.202846E+05  0.621955E+03
  0.269115E-02  0.195817E+05  0.194388E+05  0.258938E+05  0.256253E+05  0.000000E+00  0.195584E+05  0.195584E+05  0.195584E+05 -0.612420E+00  0.205673E+05  0.202813E+05  0.624791E+03
  0.270357E-02  0.195812E+05  0.194369E+05  0.258912E+05  0.256202E+05  0.000000E+00  0.195577E+05  0.195577E+05  0.195577E+05 -0.612383E+00  0.205667E+05  0.202780E+05  0.627639E+03
  0.271605E-02  0.195808E+05  0.194352E+05  0.258886E+05  0.256152E+05  0.000000E+00  0.195571E+05  0.195571E+05  0.195571E+05 -0.612345E+00  0.205660E+05  0.202747E+05  0.630502E+03
  0.272859E-02  0.195803E+05  0.194334E+05  0.258860E+05  0.256100E+05  0.000000E+00  0.195564E+05  0.195564E+05  0.195564E+05 -0.612307E+00  0.205653E+05  0.202714E+05  0.633377E+03
  0.274118E-02  0.195798E+05  0.194315E+05  0.258833E+05  0.256048E+05  0.000000E+00  0.195557E+05  0.195557E+05  0.195557E+05 -0.612268E+00  0.205647E+05  0.202680E+05  0.636265E+03
  0.275384E-02  0.195794E+05  0.194297E+05  0.258806E+05  0.255996E+05  0.000000E+00  0.195550E+05  0.195550E+05  0.195550E+05 -0.612230E+00  0.205640E+05  0.202646E+05  0.639168E+03
  0.276655E-02  0.195789E+05  0.194278E+05  0.258779E+05  0.255943E+05  0.000000E+00  0.195542E+05  0.195542E+05  0.195542E+05 -0.612190E+00  0.205633E+05  0.202612E+05  0.642080E+03
  0.277932E-02  0.195784E+05  0.194260E+05  0.258752E+05  0.255891E+05  0.000000E+00  0.195536E+05  0.195536E+05  0.195536E+05 -0.612151E+00  0.205626E+05  0.202577E+05  0.645008E+03
  0.279215E-02  0.195779E+05  0.194241E+05  0.258724E+05  0.255837E+05  0.000000E+00  0.195529E+05  0.195529E+05  0.195529E+05 -0.612111E+00  0.205619E+05  0.202542E+05  0.647948E+03
  0.280503E-02  0.195774E+05  0.194221E+05  0.258696E+05  0.255782E+05  0.000000E+00  0.195521E+05  0.195521E+05  0.195521E+05 -0.612071E+00  0.205612E+05  0.202507E+05  0.650900E+03
  0.281798E-02  0.195769E+05  0.194202E+05  0.258667E+05  0.255727E+05  0.000000E+00  0.195513E+05  0.195513E+05  0.195513E+05 -0.612030E+00  0.205605E+05  0.202471E+05  0.653866E+03
  0.283099E-02  0.195764E+05  0.194182E+05  0.258638E+05  0.255672E+05  0.000000E+00  0.195506E+05  0.195506E+05  0.195506E+05 -0.611989E+00  0.205598E+05  0.202435E+05  0.656842E+03
  0.284406E-02  0.195758E+05  0.194162E+05  0.258609E+05  0.255615E+05  0.000000E+00  0.195498E+05  0.195498E+05  0.195498E+05 -0.611948E+00  0.205591E+05  0.202399E+05  0.659832E+03
  0.285718E-02  0.195752E+05  0.194142E+05  0.258580E+05  0.255558E+05  0.000000E+00  0.195490E+05  0.195490E+05  0.195490E+05 -0.611906E+00  0.205584E+05  0.202362E+05  0.662836E+03
  0.287037E-02  0.195747E+05  0.194121E+05  0.258550E+05  0.255501E+05  0.000000E+00  0.195482E+05  0.195482E+05  0.195482E+05 -0.611864E+00  0.205576E+05  0.202325E+05  0.665853E+03
  0.288362E-02  0.195741E+05  0.194101E+05  0.258520E+05  0.255444E+05  0.000000E+00  0.195474E+05  0.195474E+05  0.195474E+05 -0.611822E+00  0.205569E+05  0.202288E+05  0.668885E+03
  0.289693E-02  0.195736E+05  0.194080E+05  0.258489E+05  0.255385E+05  0.000000E+00  0.195466E+05  0.195466E+05  0.195466E+05 -0.611779E+00  0.205561E+05  0.202251E+05  0.671929E+03
  0.291030E-02  0.195730E+05  0.194059E+05  0.258459E+05  0.255326E+05  0.000000E+00  0.195457E+05  0.195457E+05  0.195457E+05 -0.611736E+00  0.205554E+05  0.202213E+05  0.674986E+03
  0.292374E-02  0.195724E+05  0.194038E+05  0.258428E+05  0.255267E+05  0.000000E+00  0.195449E+05  0.195449E+05  0.195449E+05 -0.611692E+00  0.205546E+05  0.202174E+05  0.678058E+03
  0.293723E-02  0.195718E+05  0.194016E+05  0.258397E+05  0.255207E+05  0.000000E+00  0.195441E+05  0.195441E+05  0.195441E+05 -0.611648E+00  0.205539E+05  0.202136E+05  0.681143E+03
  0.295079E-02  0.195713E+05  0.193995E+05  0.258366E+05  0.255147E+05  0.000000E+00  0.195433E+05  0.195433E+05  0.195433E+05 -0.611603E+00  0.205531E+05  0.202097E+05  0.684243E+03
  0.296441E-02  0.195707E+05  0.193974E+05  0.258335E+05  0.255087E+05  0.000000E+00  0.195424E+05  0.195424E+05  0.195424E+05 -0.611559E+00  0.205523E+05  0.202057E+05  0.687357E+03
  0.297809E-02  0.195701E+05  0.193952E+05  0.258303E+05  0.255026E+05  0.000000E+00  0.195416E+05  0.195416E+05  0.195416E+05 -0.611513E+00  0.205515E+05  0.202017E+05  0.690484E+03
  0.299184E-02  0.195695E+05  0.193930E+05  0.258271E+05  0.254964E+05  0.000000E+00  0.195408E+05  0.195408E+05  0.195408E+05 -0.611468E+00  0.205507E+05  0.201977E+05  0.693624E+03
  0.300565E-02  0.195690E+05  0.193908E+05  0.258239E+05  0.254902E+05  0.000000E+00  0.195399E+05  0.195399E+05  0.195399E+05 -0.611421E+00  0.205499E+05  0.201937E+05  0.696779E+03
  0.301952E-02  0.195684E+05  0.193886E+05  0.258206E+05  0.254839E+05  0.000000E+00  0.195391E+05  0.195391E+05  0.195391E+05 -0.611375E+00  0.205491E+05  0.201896E+05  0.699947E+03
  0.303346E-02  0.195678E+05  0.193863E+05  0.258173E+05  0.254775E+05  0.000000E+00  0.195382E+05  0.195382E+05  0.195382E+05 -0.611328E+00  0.205483E+05  0.201855E+05  0.703128E+03
  0.304746E-02  0.195672E+05  0.193840E+05  0.258140E+05  0.254711E+05  0.000000E+00  0.195373E+05  0.195373E+05  0.195373E+05 -0.611281E+00  0.205475E+05  0.201813E+05  0.706322E+03
  0.306153E-02  0.195665E+05  0.193817E+05  0.258106E+05  0.254646E+05  0.000000E+00  0.195364E+05  0.195364E+05  0.195364E+05 -0.611233E+00  0.205466E+05  0.201771E+05  0.709530E+03
  0.307566E-02  0.195659E+05  0.193793E+05  0.258072E+05  0.254581E+05  0.000000E+00  0.195355E+05  0.195355E+05  0.195355E+05 -0.611185E+00  0.205458E+05  0.201729E+05  0.712753E+03
  0.308985E-02  0.195652E+05  0.193770E+05  0.258037E+05  0.254514E+05  0.000000E+00  0.195345E+05  0.195345E+05  0.195345E+05 -0.611136E+00  0.205449E+05  0.201686E+05  0.715991E+03
  0.310412E-02  0.195646E+05  0.193746E+05  0.258003E+05  0.254448E+05  0.000000E+00  0.195336E+05  0.195336E+05  0.195336E+05 -0.611087E+00  0.205441E+05  0.201643E+05  0.719242E+03
  0.311844E-02  0.195639E+05  0.193722E+05  0.257968E+05  0.254380E+05  0.000000E+00  0.195327E+05  0.195327E+05  0.195327E+05 -0.611037E+00  0.205432E+05  0.201600E+05  0.722508E+03
  0.313284E-02  0.195633E+05  0.193698E+05  0.257933E+05  0.254313E+05  0.000000E+00  0.195317E+05  0.195317E+05  0.195317E+05 -0.610987E+00  0.205423E+05  0.201556E+05  0.725789E+03
  0.314730E-02  0.195626E+05  0.193674E+05  0.257897E+05  0.254245E+05  0.000000E+00  0.195308E+05  0.195308E+05  0.195308E+05 -0.610937E+00  0.205415E+05  0.201512E+05  0.729084E+03
  0.316183E-02  0.195620E+05  0.193649E+05  0.257862E+05  0.254176E+05  0.000000E+00  0.195299E+05  0.195299E+05  0.195299E+05 -0.610886E+00  0.205406E+05  0.201467E+05  0.732394E+03
  0.317642E-02  0.195613E+05  0.193625E+05  0.257826E+05  0.254107E+05  0.000000E+00  0.195289E+05  0.195289E+05  0.195289E+05 -0.610834E+00  0.205397E+05  0.201422E+05  0.735719E+03
  0.319108E-02  0.195607E+05  0.193600E+05  0.257790E+05  0.254037E+05  0.000000E+00  0.195280E+05  0.195280E+05  0.195280E+05 -0.610782E+00  0.205388E+05  0.201376E+05  0.739056E+03
  0.320581E-02  0.195601E+05  0.193575E+05  0.257753E+05  0.253967E+05  0.000000E+00  0.195270E+05  0.195270E+05  0.195270E+05 -0.610730E+00  0.205378E+05  0.201330E+05  0.742409E+03
  0.322061E-02  0.195594E+05  0.193550E+05  0.257717E+05  0.253896E+05  0.000000E+00  0.195261E+05  0.195261E+05  0.195261E+05 -0.610677E+00  0.205369E+05  0.201284E+05  0.745777E+03
  0.323547E-02  0.195587E+05  0.193524E+05  0.257679E+05  0.253824E+05  0.000000E+00  0.195251E+05  0.195251E+05  0.195251E+05 -0.610624E+00  0.205360E+05  0.201237E+05  0.749157E+03
  0.325041E-02  0.195580E+05  0.193498E+05  0.257642E+05  0.253751E+05  0.000000E+00  0.195241E+05  0.195241E+05  0.195241E+05 -0.610570E+00  0.205351E+05  0.201190E+05  0.752553E+03
  0.326541E-02  0.195573E+05  0.193472E+05  0.257603E+05  0.253678E+05  0.000000E+00  0.195231E+05  0.195231E+05  0.195231E+05 -0.610515E+00  0.205341E+05  0.201142E+05  0.755965E+03
  0.328048E-02  0.195566E+05  0.193446E+05  0.257565E+05  0.253604E+05  0.000000E+00  0.195220E+05  0.195220E+05  0.195220E+05 -0.610461E+00  0.205331E+05  0.201094E+05  0.759391E+03
  0.329563E-02  0.195559E+05  0.193419E+05  0.257526E+05  0.253529E+05  0.000000E+00  0.195210E+05  0.195210E+05  0.195210E+05 -0.610405E+00  0.205322E+05  0.201046E+05  0.762833E+03
  0.331084E-02  0.195552E+05  0.193392E+05  0.257487E+05  0.253453E+05  0.000000E+00  0.195200E+05  0.195200E+05  0.195200E+05 -0.610350E+00  0.205312E+05  0.200997E+05  0.766290E+03
  0.332612E-02  0.195544E+05  0.193365E+05  0.257447E+05  0.253377E+05  0.000000E+00  0.195189E+05  0.195189E+05  0.195189E+05 -0.610293E+00  0.205302E+05  0.200947E+05  0.769762E+03
  0.334147E-02  0.195537E+05  0.193337E+05  0.257407E+05  0.253300E+05  0.000000E+00  0.195178E+05  0.195178E+05  0.195178E+05 -0.610236E+00  0.205292E+05  0.200897E+05  0.773249E+03
  0.335690E-02  0.195529E+05  0.193309E+05  0.257366E+05  0.253223E+05  0.000000E+00  0.195167E+05  0.195167E+05  0.195167E+05 -0.610179E+00  0.205282E+05  0.200847E+05  0.776752E+03
  0.337239E-02  0.195521E+05  0.193281E+05  0.257325E+05  0.253144E+05  0.000000E+00  0.195156E+05  0.195156E+05  0.195156E+05 -0.610121E+00  0.205272E+05  0.200796E+05  0.780270E+03
  0.338796E-02  0.195514E+05  0.193253E+05  0.257284E+05  0.253066E+05  0.000000E+00  0.195145E+05  0.195145E+05  0.195145E+05 -0.610063E+00  0.205262E+05  0.200745E+05  0.783803E+03
  0.340360E-02  0.195506E+05  0.193225E+05  0.257243E+05  0.252986E+05  0.000000E+00  0.195134E+05  0.195134E+05  0.195134E+05 -0.610004E+00  0.205252E+05  0.200693E+05  0.787351E+03
  0.341931E-02  0.195499E+05  0.193196E+05  0.257201E+05  0.252906E+05  0.000000E+00  0.195123E+05  0.195123E+05  0.195123E+05 -0.609944E+00  0.205241E+05  0.200641E+05  0.790915E+03
  0.343509E-02  0.195491E+05  0.193167E+05  0.257159E+05  0.252825E+05  0.000000E+00  0.195112E+05  0.195112E+05  0.195112E+05 -0.609884E+00  0.205231E+05  0.200589E+05  0.794495E+03
  0.345095E-02  0.195483E+05  0.193138E+05  0.257116E+05  0.252743E+05  0.000000E+00  0.195101E+05  0.195101E+05  0.195101E+05 -0.609824E+00  0.205220E+05  0.200536E+05  0.798089E+03
  0.346687E-02  0.195475E+05  0.193109E+05  0.257074E+05  0.252661E+05  0.000000E+00  0.195089E+05  0.195089E+05  0.195089E+05 -0.609763E+00  0.205210E+05  0.200482E+05  0.801700E+03
  0.348288E-02  0.195467E+05  0.193079E+05  0.257031E+05  0.252578E+05  0.000000E+00  0.195078E+05  0.195078E+05  0.195078E+05 -0.609701E+00  0.205199E+05  0.200428E+05  0.805327E+03
  0.349895E-02  0.195459E+05  0.193049E+05  0.256987E+05  0.252494E+05  0.000000E+00  0.195066E+05  0.195066E+05  0.195066E+05 -0.609639E+00  0.205188E+05  0.200373E+05  0.808968E+03
  0.351510E-02  0.195451E+05  0.193018E+05  0.256942E+05  0.252409E+05  0.000000E+00  0.195055E+05  0.195055E+05  0.195055E+05 -0.609576E+00  0.205177E+05  0.200318E+05  0.812625E+03
  0.353133E-02  0.195443E+05  0.192988E+05  0.256898E+05  0.252324E+05  0.000000E+00  0.195042E+05  0.195042E+05  0.195042E+05 -0.609513E+00  0.205166E+05  0.200263E+05  0.816298E+03
  0.354763E-02  0.195434E+05  0.192957E+05  0.256852E+05  0.252237E+05  0.000000E+00  0.195030E+05  0.195030E+05  0.195030E+05 -0.609449E+00  0.205155E+05  0.200207E+05  0.819986E+03
  0.356400E-02  0.195426E+05  0.192926E+05  0.256807E+05  0.252151E+05  0.000000E+00  0.195018E+05  0.195018E+05  0.195018E+05 -0.609384E+00  0.205143E+05  0.200150E+05  0.823691E+03
  0.358045E-02  0.195417E+05  0.192894E+05  0.256761E+05  0.252063E+05  0.000000E+00  0.195006E+05  0.195006E+05  0.195006E+05 -0.609319E+00  0.205132E+05  0.200093E+05  0.827411E+03
  0.359698E-02  0.195409E+05  0.192863E+05  0.256715E+05  0.251974E+05  0.000000E+00  0.194994E+05  0.194994E+05  0.194994E+05 -0.609254E+00  0.205120E+05  0.200035E+05  0.831147E+03
  0.361358E-02  0.195400E+05  0.192831E+05  0.256669E+05  0.251885E+05  0.000000E+00  0.194982E+05  0.194982E+05  0.194982E+05 -0.609187E+00  0.205109E+05  0.199977E+05  0.834899E+03
  0.363026E-02  0.195392E+05  0.192799E+05  0.256622E+05  0.251796E+05  0.000000E+00  0.194970E+05  0.194970E+05  0.194970E+05 -0.609120E+00  0.205097E+05  0.199918E+05  0.838670E+03
  0.364702E-02  0.195383E+05  0.192766E+05  0.256575E+05  0.251705E+05  0.000000E+00  0.194957E+05  0.194957E+05  0.194957E+05 -0.609053E+00  0.205085E+05  0.199859E+05  0.842455E+03
  0.366385E-02  0.195375E+05  0.192734E+05  0.256527E+05  0.251613E+05  0.000000E+00  0.194944E+05  0.194944E+05  0.194944E+05 -0.608985E+00  0.205073E+05  0.199799E+05  0.846256E+03
  0.368076E-02  0.195366E+05  0.192700E+05  0.256479E+05  0.251521E+05  0.000000E+00  0.194932E+05  0.194932E+05  0.194932E+05 -0.608916E+00  0.205061E+05  0.199739E+05  0.850074E+03
  0.369775E-02  0.195357E+05  0.192667E+05  0.256430E+05  0.251428E+05  0.000000E+00  0.194919E+05  0.194919E+05  0.194919E+05 -0.608846E+00  0.205049E+05  0.199678E+05  0.853908E+03
  0.371482E-02  0.195348E+05  0.192633E+05  0.256381E+05  0.251334E+05  0.000000E+00  0.194906E+05  0.194906E+05  0.194906E+05 -0.608776E+00  0.205037E+05  0.199617E+05  0.857758E+03
  0.373197E-02  0.195338E+05  0.192599E+05  0.256331E+05  0.251238E+05  0.000000E+00  0.194892E+05  0.194892E+05  0.194892E+05 -0.608706E+00  0.205025E+05  0.199555E+05  0.861624E+03
  0.374920E-02  0.195329E+05  0.192564E+05  0.256281E+05  0.251142E+05  0.000000E+00  0.194878E+05  0.194878E+05  0.194878E+05 -0.608635E+00  0.205012E+05  0.199493E+05  0.865507E+03
  0.376650E-02  0.195320E+05  0.192529E+05  0.256230E+05  0.251045E+05  0.000000E+00  0.194865E+05  0.194865E+05  0.194865E+05 -0.608563E+00  0.204999E+05  0.199430E+05  0.869406E+03
  0.378389E-02  0.195310E+05  0.192494E+05  0.256179E+05  0.250947E+05  0.000000E+00  0.194851E+05  0.194851E+05  0.194851E+05 -0.608490E+00  0.204987E+05  0.199366E+05  0.873322E+03
  0.380135E-02  0.195300E+05  0.192459E+05  0.256127E+05  0.250849E+05  0.000000E+00  0.194837E+05  0.194837E+05  0.194837E+05 -0.608417E+00  0.204974E+05  0.199302E+05  0.877255E+03
  0.381890E-02  0.195291E+05  0.192423E+05  0.256075E+05  0.250749E+05  0.000000E+00  0.194823E+05  0.194823E+05  0.194823E+05 -0.608343E+00  0.204961E+05  0.199237E+05  0.881205E+03
  0.383653E-02  0.195281E+05  0.192387E+05  0.256022E+05  0.250649E+05  0.000000E+00  0.194809E+05  0.194809E+05  0.194809E+05 -0.608268E+00  0.204948E+05  0.199172E+05  0.885173E+03
  0.385423E-02  0.195271E+05  0.192350E+05  0.255969E+05  0.250548E+05  0.000000E+00  0.194795E+05  0.194795E+05  0.194795E+05 -0.608193E+00  0.204935E+05  0.199106E+05  0.889157E+03
  0.387202E-02  0.195261E+05  0.192314E+05  0.255916E+05  0.250445E+05  0.000000E+00  0.194781E+05  0.194781E+05  0.194781E+05 -0.608117E+00  0.204921E+05  0.199039E+05  0.893158E+03
  0.388990E-02  0.195251E+05  0.192277E+05  0.255862E+05  0.250342E+05  0.000000E+00  0.194766E+05  0.194766E+05  0.194766E+05 -0.608041E+00  0.204908E+05  0.198972E+05  0.897177E+03
  0.390785E-02  0.195241E+05  0.192240E+05  0.255808E+05  0.250239E+05  0.000000E+00  0.194752E+05  0.194752E+05  0.194752E+05 -0.607963E+00  0.204894E+05  0.198904E+05  0.901213E+03
  0.392589E-02  0.195231E+05  0.192202E+05  0.255753E+05  0.250134E+05  0.000000E+00  0.194737E+05  0.194737E+05  0.194737E+05 -0.607885E+00  0.204881E+05  0.198836E+05  0.905267E+03
  0.394401E-02  0.195221E+05  0.192164E+05  0.255697E+05  0.250028E+05  0.000000E+00  0.194723E+05  0.194723E+05  0.194723E+05 -0.607807E+00  0.204867E+05  0.198767E+05  0.909337E+03
  0.396222E-02  0.195211E+05  0.192126E+05  0.255642E+05  0.249922E+05  0.000000E+00  0.194708E+05  0.194708E+05  0.194708E+05 -0.607727E+00  0.204853E+05  0.198697E+05  0.913425E+03
  0.398050E-02  0.195200E+05  0.192087E+05  0.255586E+05  0.249815E+05  0.000000E+00  0.194693E+05  0.194693E+05  0.194693E+05 -0.607647E+00  0.204839E+05  0.198627E+05  0.917530E+03
  0.399888E-02  0.195190E+05  0.192048E+05  0.255529E+05  0.249706E+05  0.000000E+00  0.194678E+05  0.194678E+05  0.194678E+05 -0.607566E+00  0.204825E+05  0.198556E+05  0.921652E+03
  0.401733E-02  0.195179E+05  0.192008E+05  0.255471E+05  0.249596E+05  0.000000E+00  0.194662E+05  0.194662E+05  0.194662E+05 -0.607485E+00  0.204810E+05  0.198484E+05  0.925792E+03
  0.403588E-02  0.195168E+05  0.191969E+05  0.255413E+05  0.249486E+05  0.000000E+00  0.194647E+05  0.194647E+05  0.194647E+05 -0.607402E+00  0.204796E+05  0.198412E+05  0.929949E+03
  0.405451E-02  0.195157E+05  0.191928E+05  0.255354E+05  0.249374E+05  0.000000E+00  0.194631E+05  0.194631E+05  0.194631E+05 -0.607319E+00  0.204781E+05  0.198339E+05  0.934123E+03
  0.407322E-02  0.195146E+05  0.191888E+05  0.255295E+05  0.249262E+05  0.000000E+00  0.194615E+05  0.194615E+05  0.194615E+05 -0.607235E+00  0.204767E+05  0.198266E+05  0.938315E+03
  0.409202E-02  0.195135E+05  0.191847E+05  0.255236E+05  0.249148E+05  0.000000E+00  0.194599E+05  0.194599E+05  0.194599E+05 -0.607151E+00  0.204752E+05  0.198192E+05  0.942524E+03
  0.411091E-02  0.195124E+05  0.191806E+05  0.255176E+05  0.249034E+05  0.000000E+00  0.194583E+05  0.194583E+05  0.194583E+05 -0.607065E+00  0.204737E+05  0.198117E+05  0.946751E+03
  0.412989E-02  0.195113E+05  0.191764E+05  0.255115E+05  0.248918E+05  0.000000E+00  0.194567E+05  0.194567E+05  0.194567E+05 -0.606979E+00  0.204722E+05  0.198041E+05  0.950997E+03
  0.414895E-02  0.195102E+05  0.191722E+05  0.255054E+05  0.248802E+05  0.000000E+00  0.194551E+05  0.194551E+05  0.194551E+05 -0.606892E+00  0.204706E+05  0.197965E+05  0.955259E+03
  0.416810E-02  0.195090E+05  0.191680E+05  0.254993E+05  0.248685E+05  0.000000E+00  0.194535E+05  0.194535E+05  0.194535E+05 -0.606805E+00  0.204691E+05  0.197888E+05  0.959540E+03
  0.418734E-02  0.195079E+05  0.191638E+05  0.254931E+05  0.248567E+05  0.000000E+00  0.194518E+05  0.194518E+05  0.194518E+05 -0.606716E+00  0.204675E+05  0.197811E+05  0.963840E+03
  0.420667E-02  0.195068E+05  0.191594E+05  0.254868E+05  0.248447E+05  0.000000E+00  0.194502E+05  0.194502E+05  0.194502E+05 -0.606627E+00  0.204660E+05  0.197732E+05  0.968158E+03
  0.422608E-02  0.195056E+05  0.191551E+05  0.254805E+05  0.248327E+05  0.000000E+00  0.194485E+05  0.194485E+05  0.194485E+05 -0.606537E+00  0.204644E+05  0.197653E+05  0.972495E+03
  0.424559E-02  0.195044E+05  0.191507E+05  0.254741E+05  0.248205E+05  0.000000E+00  0.194468E+05  0.194468E+05  0.194468E+05 -0.606446E+00  0.204628E+05  0.197574E+05  0.976849E+03
  0.426519E-02  0.195032E+05  0.191463E+05  0.254676E+05  0.248082E+05  0.000000E+00  0.194451E+05  0.194451E+05  0.194451E+05 -0.606354E+00  0.204612E+05  0.197493E+05  0.981220E+03
  0.428487E-02  0.195020E+05  0.191418E+05  0.254611E+05  0.247958E+05  0.000000E+00  0.194433E+05  0.194433E+05  0.194433E+05 -0.606261E+00  0.204596E+05  0.197412E+05  0.985610E+03
  0.430465E-02  0.195008E+05  0.191373E+05  0.254545E+05  0.247834E+05  0.000000E+00  0.194416E+05  0.194416E+05  0.194416E+05 -0.606168E+00  0.204579E+05  0.197330E+05  0.990019E+03
  0.432452E-02  0.194996E+05  0.191327E+05  0.254479E+05  0.247708E+05  0.000000E+00  0.194398E+05  0.194398E+05  0.194398E+05 -0.606074E+00  0.204563E+05  0.197248E+05  0.994445E+03
  0.434448E-02  0.194983E+05  0.191281E+05  0.254412E+05  0.247580E+05  0.000000E+00  0.194380E+05  0.194380E+05  0.194380E+05 -0.605979E+00  0.204546E+05  0.197164E+05  0.998890E+03
  0.436454E-02  0.194970E+05  0.191235E+05  0.254344E+05  0.247451E+05  0.000000E+00  0.194362E+05  0.194362E+05  0.194362E+05 -0.605883E+00  0.204529E+05  0.197080E+05  0.100335E+04
  0.438468E-02  0.194958E+05  0.191188E+05  0.254276E+05  0.247322E+05  0.000000E+00  0.194343E+05  0.194343E+05  0.194343E+05 -0.605786E+00  0.204512E+05  0.196995E+05  0.100783E+04
  0.440492E-02  0.194945E+05  0.191140E+05  0.254207E+05  0.247191E+05  0.000000E+00  0.194325E+05  0.194325E+05  0.194325E+05 -0.605688E+00  0.204495E+05  0.196910E+05  0.101234E+04
  0.442525E-02  0.194932E+05  0.191092E+05  0.254137E+05  0.247059E+05  0.000000E+00  0.194306E+05  0.194306E+05  0.194306E+05 -0.605590E+00  0.204477E+05  0.196823E+05  0.101685E+04
  0.444568E-02  0.194919E+05  0.191044E+05  0.254067E+05  0.246926E+05  0.000000E+00  0.194287E+05  0.194287E+05  0.194287E+05 -0.605490E+00  0.204460E+05  0.196736E+05  0.102139E+04
  0.446620E-02  0.194906E+05  0.190996E+05  0.253996E+05  0.246792E+05  0.000000E+00  0.194268E+05  0.194268E+05  0.194268E+05 -0.605390E+00  0.204442E+05  0.196648E+05  0.102595E+04
  0.448681E-02  0.194893E+05  0.190947E+05  0.253925E+05  0.246658E+05  0.000000E+00  0.194250E+05  0.194250E+05  0.194250E+05 -0.605289E+00  0.204424E+05  0.196560E+05  0.103052E+04
  0.450752E-02  0.194879E+05  0.190897E+05  0.253853E+05  0.246521E+05  0.000000E+00  0.194230E+05  0.194230E+05  0.194230E+05 -0.605186E+00  0.204406E+05  0.196470E+05  0.103512E+04
  0.452833E-02  0.194866E+05  0.190847E+05  0.253781E+05  0.246383E+05  0.000000E+00  0.194211E+05  0.194211E+05  0.194211E+05 -0.605083E+00  0.204388E+05  0.196380E+05  0.103973E+04
  0.454923E-02  0.194852E+05  0.190797E+05  0.253707E+05  0.246245E+05  0.000000E+00  0.194191E+05  0.194191E+05  0.194191E+05 -0.604979E+00  0.204370E+05  0.196289E+05  0.104437E+04
  0.457023E-02  0.194838E+05  0.190746E+05  0.253633E+05  0.246104E+05  0.000000E+00  0.194171E+05  0.194171E+05  0.194171E+05 -0.604874E+00  0.204352E+05  0.196197E+05  0.104902E+04
  0.459133E-02  0.194824E+05  0.190695E+05  0.253559E+05  0.245963E+05  0.000000E+00  0.194151E+05  0.194151E+05  0.194151E+05 -0.604768E+00  0.204333E+05  0.196104E+05  0.105369E+04
  0.461252E-02  0.194810E+05  0.190643E+05  0.253483E+05  0.245821E+05  0.000000E+00  0.194131E+05  0.194131E+05  0.194131E+05 -0.604662E+00  0.204314E+05  0.196010E+05  0.105838E+04
  0.463381E-02  0.194796E+05  0.190591E+05  0.253407E+05  0.245677E+05  0.000000E+00  0.194111E+05  0.194111E+05  0.194111E+05 -0.604554E+00  0.204295E+05  0.195916E+05  0.106309E+04
  0.465520E-02  0.194782E+05  0.190539E+05  0.253331E+05  0.245532E+05  0.000000E+00  0.194091E+05  0.194091E+05  0.194091E+05 -0.604445E+00  0.204276E+05  0.195821E+05  0.106782E+04
  0.467668E-02  0.194768E+05  0.190486E+05  0.253254E+05  0.245386E+05  0.000000E+00  0.194070E+05  0.194070E+05  0.194070E+05 -0.604335E+00  0.204257E+05  0.195724E+05  0.107257E+04
  0.469827E-02  0.194754E+05  0.190432E+05  0.253176E+05  0.245239E+05  0.000000E+00  0.194049E+05  0.194049E+05  0.194049E+05 -0.604224E+00  0.204237E+05  0.195627E+05  0.107734E+04
  0.471996E-02  0.194739E+05  0.190378E+05  0.253098E+05  0.245091E+05  0.000000E+00  0.194029E+05  0.194029E+05  0.194029E+05 -0.604113E+00  0.204217E+05  0.195530E+05  0.108212E+04
  0.474174E-02  0.194725E+05  0.190324E+05  0.253018E+05  0.244940E+05  0.000000E+00  0.194007E+05  0.194007E+05  0.194007E+05 -0.604000E+00  0.204197E+05  0.195431E+05  0.108693E+04
  0.476363E-02  0.194710E+05  0.190269E+05  0.252938E+05  0.244789E+05  0.000000E+00  0.193986E+05  0.193986E+05  0.193986E+05 -0.603886E+00  0.204177E+05  0.195331E+05  0.109176E+04
  0.478562E-02  0.194695E+05  0.190213E+05  0.252858E+05  0.244637E+05  0.000000E+00  0.193965E+05  0.193965E+05  0.193965E+05 -0.603771E+00  0.204157E+05  0.195231E+05  0.109660E+04
  0.480771E-02  0.194680E+05  0.190157E+05  0.252776E+05  0.244483E+05  0.000000E+00  0.193943E+05  0.193943E+05  0.193943E+05 -0.603655E+00  0.204137E+05  0.195129E+05  0.110147E+04
  0.482990E-02  0.194664E+05  0.190101E+05  0.252694E+05  0.244327E+05  0.000000E+00  0.193921E+05  0.193921E+05  0.193921E+05 -0.603539E+00  0.204116E+05  0.195027E+05  0.110636E+04
  0.485219E-02  0.194649E+05  0.190043E+05  0.252610E+05  0.244170E+05  0.000000E+00  0.193898E+05  0.193898E+05  0.193898E+05 -0.603421E+00  0.204095E+05  0.194924E+05  0.111126E+04
  0.487459E-02  0.194633E+05  0.189986E+05  0.252527E+05  0.244012E+05  0.000000E+00  0.193876E+05  0.193876E+05  0.193876E+05 -0.603302E+00  0.204074E+05  0.194820E+05  0.111618E+04
  0.489709E-02  0.194617E+05  0.189928E+05  0.252442E+05  0.243853E+05  0.000000E+00  0.193853E+05  0.193853E+05  0.193853E+05 -0.603182E+00  0.204053E+05  0.194714E+05  0.112113E+04
  0.491969E-02  0.194601E+05  0.189869E+05  0.252356E+05  0.243692E+05  0.000000E+00  0.193830E+05  0.193830E+05  0.193830E+05 -0.603061E+00  0.204032E+05  0.194608E+05  0.112610E+04
  0.494240E-02  0.194585E+05  0.189810E+05  0.252270E+05  0.243529E+05  0.000000E+00  0.193807E+05  0.193807E+05  0.193807E+05 -0.602938E+00  0.204010E+05  0.194501E+05  0.113108E+04
  0.496521E-02  0.194569E+05  0.189750E+05  0.252183E+05  0.243366E+05  0.000000E+00  0.193784E+05  0.193784E+05  0.193784E+05 -0.602815E+00  0.203988E+05  0.194394E+05  0.113609E+04
  0.498813E-02  0.194553E+05  0.189689E+05  0.252095E+05  0.243200E+05  0.000000E+00  0.193760E+05  0.193760E+05  0.193760E+05 -0.602691E+00  0.203967E+05  0.194285E+05  0.114112E+04
  0.501116E-02  0.194536E+05  0.189629E+05  0.252007E+05  0.243034E+05  0.000000E+00  0.193736E+05  0.193736E+05  0.193736E+05 -0.602565E+00  0.203944E+05  0.194175E+05  0.114616E+04
  0.503429E-02  0.194520E+05  0.189567E+05  0.251918E+05  0.242866E+05  0.000000E+00  0.193713E+05  0.193713E+05  0.193713E+05 -0.602438E+00  0.203922E+05  0.194064E+05  0.115123E+04
  0.505753E-02  0.194503E+05  0.189506E+05  0.251828E+05  0.242697E+05  0.000000E+00  0.193689E+05  0.193689E+05  0.193689E+05 -0.602311E+00  0.203899E+05  0.193952E+05  0.115632E+04
  0.508087E-02  0.194486E+05  0.189443E+05  0.251737E+05  0.242526E+05  0.000000E+00  0.193664E+05  0.193664E+05  0.193664E+05 -0.602182E+00  0.203877E+05  0.193839E+05  0.116143E+04
  0.510432E-02  0.194469E+05  0.189380E+05  0.251645E+05  0.242354E+05  0.000000E+00  0.193640E+05  0.193640E+05  0.193640E+05 -0.602052E+00  0.203854E+05  0.193726E+05  0.116656E+04
  0.512788E-02  0.194452E+05  0.189317E+05  0.251553E+05  0.242180E+05  0.000000E+00  0.193615E+05  0.193615E+05  0.193615E+05 -0.601920E+00  0.203831E+05  0.193611E+05  0.117171E+04
  0.515155E-02  0.194435E+05  0.189253E+05  0.251460E+05  0.242005E+05  0.000000E+00  0.193590E+05  0.193590E+05  0.193590E+05 -0.601788E+00  0.203807E+05  0.193495E+05  0.117687E+04
  0.517533E-02  0.194417E+05  0.189188E+05  0.251365E+05  0.241828E+05  0.000000E+00  0.193565E+05  0.193565E+05  0.193565E+05 -0.601654E+00  0.203784E+05  0.193378E+05  0.118206E+04
  0.519922E-02  0.194399E+05  0.189122E+05  0.251270E+05  0.241649E+05  0.000000E+00  0.193539E+05  0.193539E+05  0.193539E+05 -0.601520E+00  0.203760E+05  0.193260E+05  0.118728E+04
  0.522322E-02  0.194381E+05  0.189056E+05  0.251174E+05  0.241470E+05  0.000000E+00  0.193514E+05  0.193514E+05  0.193514E+05 -0.601384E+00  0.203736E+05  0.193141E+05  0.119251E+04
  0.524733E-02  0.194363E+05  0.188990E+05  0.251078E+05  0.241288E+05  0.000000E+00  0.193488E+05  0.193488E+05  0.193488E+05 -0.601246E+00  0.203712E+05  0.193021E+05  0.119776E+04
  0.527155E-02  0.194345E+05  0.188923E+05  0.250980E+05  0.241105E+05  0.000000E+00  0.193462E+05  0.193462E+05  0.193462E+05 -0.601108E+00  0.203687E+05  0.192900E+05  0.120303E+04
  0.529588E-02  0.194327E+05  0.188855E+05  0.250882E+05  0.240921E+05  0.000000E+00  0.193435E+05  0.193435E+05  0.193435E+05 -0.600968E+00  0.203662E+05  0.192778E+05  0.120833E+04
  0.532032E-02  0.194308E+05  0.188787E+05  0.250783E+05  0.240735E+05  0.000000E+00  0.193409E+05  0.193409E+05  0.193409E+05 -0.600827E+00  0.203637E+05  0.192655E+05  0.121364E+04
  0.534488E-02  0.194290E+05  0.188718E+05  0.250683E+05  0.240548E+05  0.000000E+00  0.193382E+05  0.193382E+05  0.193382E+05 -0.600685E+00  0.203612E+05  0.192530E+05  0.121897E+04
  0.536955E-02  0.194271E+05  0.188649E+05  0.250582E+05  0.240358E+05  0.000000E+00  0.193355E+05  0.193355E+05  0.193355E+05 -0.600542E+00  0.203587E+05  0.192405E+05  0.122433E+04
  0.539434E-02  0.194252E+05  0.188579E+05  0.250480E+05  0.240168E+05  0.000000E+00  0.193328E+05  0.193328E+05  0.193328E+05 -0.600397E+00  0.203561E+05  0.192278E+05  0.122971E+04
  0.541924E-02  0.194233E+05  0.188508E+05  0.250377E+05  0.239975E+05  0.000000E+00  0.193300E+05  0.193300E+05  0.193300E+05 -0.600251E+00  0.203535E+05  0.192150E+05  0.123511E+04
  0.544425E-02  0.194214E+05  0.188437E+05  0.250273E+05  0.239781E+05  0.000000E+00  0.193272E+05  0.193272E+05  0.193272E+05 -0.600103E+00  0.203509E+05  0.192022E+05  0.124053E+04
  0.546938E-02  0.194194E+05  0.188365E+05  0.250169E+05  0.239585E+05  0.000000E+00  0.193244E+05  0.193244E+05  0.193244E+05 -0.599955E+00  0.203483E+05  0.191892E+05  0.124597E+04
  0.549462E-02  0.194175E+05  0.188292E+05  0.250063E+05  0.239388E+05  0.000000E+00  0.193216E+05  0.193216E+05  0.193216E+05 -0.599805E+00  0.203457E+05  0.191761E+05  0.125143E+04
  0.551999E-02  0.194155E+05  0.188219E+05  0.249956E+05  0.239189E+05  0.000000E+00  0.193188E+05  0.193188E+05  0.193188E+05 -0.599654E+00  0.203430E+05  0.191628E+05  0.125691E+04
  0.554547E-02  0.194135E+05  0.188145E+05  0.249849E+05  0.238988E+05  0.000000E+00  0.193159E+05  0.193159E+05  0.193159E+05 -0.599501E+00  0.203403E+05  0.191495E+05  0.126242E+04
  0.557106E-02  0.194115E+05  0.188070E+05  0.249740E+05  0.238785E+05  0.000000E+00  0.193130E+05  0.193130E+05  0.193130E+05 -0.599347E+00  0.203375E+05  0.191360E+05  0.126794E+04
  0.559678E-02  0.194094E+05  0.187995E+05  0.249631E+05  0.238581E+05  0.000000E+00  0.193100E+05  0.193100E+05  0.193100E+05 -0.599192E+00  0.203348E+05  0.191225E+05  0.127349E+04
  0.562261E-02  0.194074E+05  0.187919E+05  0.249520E+05  0.238375E+05  0.000000E+00  0.193070E+05  0.193070E+05  0.193070E+05 -0.599035E+00  0.203320E+05  0.191088E+05  0.127906E+04
  0.564856E-02  0.194053E+05  0.187842E+05  0.249408E+05  0.238167E+05  0.000000E+00  0.193040E+05  0.193040E+05  0.193040E+05 -0.598877E+00  0.203292E+05  0.190949E+05  0.128465E+04
  0.567464E-02  0.194032E+05  0.187764E+05  0.249296E+05  0.237957E+05  0.000000E+00  0.193010E+05  0.193010E+05  0.193010E+05 -0.598718E+00  0.203264E+05  0.190810E+05  0.129026E+04
  0.570083E-02  0.194010E+05  0.187686E+05  0.249183E+05  0.237746E+05  0.000000E+00  0.192980E+05  0.192980E+05  0.192980E+05 -0.598557E+00  0.203235E+05  0.190669E+05  0.129589E+04
  0.572714E-02  0.193989E+05  0.187608E+05  0.249068E+05  0.237533E+05  0.000000E+00  0.192949E+05  0.192949E+05  0.192949E+05 -0.598394E+00  0.203207E+05  0.190527E+05  0.130155E+04
  0.575358E-02  0.193967E+05  0.187528E+05  0.248953E+05  0.237318E+05  0.000000E+00  0.192918E+05  0.192918E+05  0.192918E+05 -0.598231E+00  0.203177E+05  0.190384E+05  0.130722E+04
  0.578014E-02  0.193946E+05  0.187448E+05  0.248836E+05  0.237101E+05  0.000000E+00  0.192887E+05  0.192887E+05  0.192887E+05 -0.598065E+00  0.203148E+05  0.190240E+05  0.131292E+04
  0.580682E-02  0.193924E+05  0.187367E+05  0.248718E+05  0.236882E+05  0.000000E+00  0.192855E+05  0.192855E+05  0.192855E+05 -0.597899E+00  0.203119E+05  0.190094E+05  0.131863E+04
  0.583362E-02  0.193902E+05  0.187286E+05  0.248600E+05  0.236662E+05  0.000000E+00  0.192824E+05  0.192824E+05  0.192824E+05 -0.597730E+00  0.203089E+05  0.189947E+05  0.132438E+04
  0.586055E-02  0.193879E+05  0.187203E+05  0.248480E+05  0.236440E+05  0.000000E+00  0.192791E+05  0.192791E+05  0.192791E+05 -0.597561E+00  0.203059E+05  0.189799E+05  0.133014E+04
  0.588760E-02  0.193857E+05  0.187120E+05  0.248360E+05  0.236216E+05  0.000000E+00  0.192759E+05  0.192759E+05  0.192759E+05 -0.597390E+00  0.203028E+05  0.189650E+05  0.133593E+04
  0.591477E-02  0.193834E+05  0.187036E+05  0.248238E+05  0.235990E+05  0.000000E+00  0.192726E+05  0.192726E+05  0.192726E+05 -0.597217E+00  0.202998E+05  0.189499E+05  0.134173E+04
  0.594207E-02  0.193811E+05  0.186952E+05  0.248115E+05  0.235762E+05  0.000000E+00  0.192693E+05  0.192693E+05  0.192693E+05 -0.597043E+00  0.202967E+05  0.189347E+05  0.134756E+04
  0.596950E-02  0.193788E+05  0.186867E+05  0.247991E+05  0.235532E+05  0.000000E+00  0.192660E+05  0.192660E+05  0.192660E+05 -0.596867E+00  0.202935E+05  0.189193E+05  0.135341E+04
  0.599706E-02  0.193765E+05  0.186781E+05  0.247866E+05  0.235301E+05  0.000000E+00  0.192627E+05  0.192627E+05  0.192627E+05 -0.596690E+00  0.202904E+05  0.189038E+05  0.135928E+04
  0.602474E-02  0.193741E+05  0.186694E+05  0.247740E+05  0.235067E+05  0.000000E+00  0.192593E+05  0.192593E+05  0.192593E+05 -0.596511E+00  0.202872E+05  0.188882E+05  0.136517E+04
  0.605255E-02  0.193718E+05  0.186607E+05  0.247614E+05  0.234832E+05  0.000000E+00  0.192559E+05  0.192559E+05  0.192559E+05 -0.596330E+00  0.202840E+05  0.188724E+05  0.137109E+04
  0.608048E-02  0.193694E+05  0.186518E+05  0.247485E+05  0.234594E+05  0.000000E+00  0.192525E+05  0.192525E+05  0.192525E+05 -0.596148E+00  0.202808E+05  0.188566E+05  0.137702E+04
  0.610855E-02  0.193669E+05  0.186429E+05  0.247355E+05  0.234355E+05  0.000000E+00  0.192490E+05  0.192490E+05  0.192490E+05 -0.595965E+00  0.202775E+05  0.188405E+05  0.138298E+04
  0.613674E-02  0.193645E+05  0.186339E+05  0.247225E+05  0.234113E+05  0.000000E+00  0.192454E+05  0.192454E+05  0.192454E+05 -0.595780E+00  0.202742E+05  0.188244E+05  0.138897E+04
  0.616507E-02  0.193620E+05  0.186248E+05  0.247093E+05  0.233869E+05  0.000000E+00  0.192419E+05  0.192419E+05  0.192419E+05 -0.595593E+00  0.202709E+05  0.188080E+05  0.139497E+04
  0.619353E-02  0.193595E+05  0.186156E+05  0.246959E+05  0.233623E+05  0.000000E+00  0.192383E+05  0.192383E+05  0.192383E+05 -0.595404E+00  0.202675E+05  0.187916E+05  0.140099E+04
  0.622212E-02  0.193570E+05  0.186064E+05  0.246825E+05  0.233376E+05  0.000000E+00  0.192347E+05  0.192347E+05  0.192347E+05 -0.595214E+00  0.202641E+05  0.187750E+05  0.140704E+04
  0.625084E-02  0.193545E+05  0.185971E+05  0.246690E+05  0.233126E+05  0.000000E+00  0.192310E+05  0.192310E+05  0.192310E+05 -0.595022E+00  0.202607E+05  0.187582E+05  0.141311E+04
  0.627969E-02  0.193519E+05  0.185877E+05  0.246553E+05  0.232874E+05  0.000000E+00  0.192274E+05  0.192274E+05  0.192274E+05 -0.594829E+00  0.202573E+05  0.187414E+05  0.141921E+04
  0.630867E-02  0.193493E+05  0.185782E+05  0.246415E+05  0.232620E+05  0.000000E+00  0.192237E+05  0.192237E+05  0.192237E+05 -0.594634E+00  0.202538E+05  0.187243E+05  0.142532E+04
  0.633779E-02  0.193467E+05  0.185686E+05  0.246276E+05  0.232364E+05  0.000000E+00  0.192199E+05  0.192199E+05  0.192199E+05 -0.594437E+00  0.202503E+05  0.187071E+05  0.143146E+04
  0.636705E-02  0.193441E+05  0.185589E+05  0.246136E+05  0.232106E+05  0.000000E+00  0.192161E+05  0.192161E+05  0.192161E+05 -0.594238E+00  0.202467E+05  0.186898E+05  0.143761E+04
  0.639644E-02  0.193414E+05  0.185492E+05  0.245995E+05  0.231846E+05  0.000000E+00  0.192123E+05  0.192123E+05  0.192123E+05 -0.594038E+00  0.202432E+05  0.186723E+05  0.144380E+04
  0.642596E-02  0.193388E+05  0.185394E+05  0.245852E+05  0.231583E+05  0.000000E+00  0.192085E+05  0.192085E+05  0.192085E+05 -0.593836E+00  0.202395E+05  0.186547E+05  0.145000E+04
  0.645562E-02  0.193361E+05  0.185294E+05  0.245708E+05  0.231319E+05  0.000000E+00  0.192046E+05  0.192046E+05  0.192046E+05 -0.593632E+00  0.202359E+05  0.186369E+05  0.145622E+04
  0.648542E-02  0.193333E+05  0.185195E+05  0.245563E+05  0.231052E+05  0.000000E+00  0.192007E+05  0.192007E+05  0.192007E+05 -0.593426E+00  0.202322E+05  0.186189E+05  0.146247E+04
  0.651535E-02  0.193306E+05  0.185094E+05  0.245416E+05  0.230783E+05  0.000000E+00  0.191968E+05  0.191968E+05  0.191968E+05 -0.593219E+00  0.202285E+05  0.186008E+05  0.146874E+04
  0.654543E-02  0.193278E+05  0.184992E+05  0.245269E+05  0.230512E+05  0.000000E+00  0.191928E+05  0.191928E+05  0.191928E+05 -0.593009E+00  0.202248E+05  0.185826E+05  0.147504E+04
  0.657564E-02  0.193251E+05  0.184889E+05  0.245120E+05  0.230239E+05  0.000000E+00  0.191888E+05  0.191888E+05  0.191888E+05 -0.592798E+00  0.202210E+05  0.185642E+05  0.148135E+04
  0.660599E-02  0.193222E+05  0.184786E+05  0.244969E+05  0.229963E+05  0.000000E+00  0.191848E+05  0.191848E+05  0.191848E+05 -0.592585E+00  0.202172E+05  0.185456E+05  0.148769E+04
  0.663648E-02  0.193194E+05  0.184681E+05  0.244818E+05  0.229685E+05  0.000000E+00  0.191807E+05  0.191807E+05  0.191807E+05 -0.592371E+00  0.202134E+05  0.185269E+05  0.149405E+04
  0.666712E-02  0.193165E+05  0.184575E+05  0.244664E+05  0.229405E+05  0.000000E+00  0.191765E+05  0.191765E+05  0.191765E+05 -0.592154E+00  0.202095E+05  0.185080E+05  0.150043E+04
  0.669789E-02  0.193136E+05  0.184469E+05  0.244510E+05  0.229122E+05  0.000000E+00  0.191723E+05  0.191723E+05  0.191723E+05 -0.591935E+00  0.202056E+05  0.184889E+05  0.150683E+04
  0.672881E-02  0.193107E+05  0.184362E+05  0.244354E+05  0.228838E+05  0.000000E+00  0.191681E+05  0.191681E+05  0.191681E+05 -0.591715E+00  0.202016E+05  0.184697E+05  0.151326E+04
  0.675987E-02  0.193078E+05  0.184254E+05  0.244198E+05  0.228552E+05  0.000000E+00  0.191640E+05  0.191640E+05  0.191640E+05 -0.591492E+00  0.201977E+05  0.184503E+05  0.151972E+04
  0.679107E-02  0.193048E+05  0.184145E+05  0.244040E+05  0.228262E+05  0.000000E+00  0.191597E+05  0.191597E+05  0.191597E+05 -0.591268E+00  0.201936E+05  0.184307E+05  0.152619E+04
  0.682241E-02  0.193017E+05  0.184034E+05  0.243879E+05  0.227970E+05  0.000000E+00  0.191553E+05  0.191553E+05  0.191553E+05 -0.591042E+00  0.201896E+05  0.184110E+05  0.153268E+04
  0.685390E-02  0.192987E+05  0.183923E+05  0.243718E+05  0.227676E+05  0.000000E+00  0.191510E+05  0.191510E+05  0.191510E+05 -0.590814E+00  0.201855E+05  0.183911E+05  0.153920E+04
  0.688554E-02  0.192957E+05  0.183811E+05  0.243555E+05  0.227379E+05  0.000000E+00  0.191466E+05  0.191466E+05  0.191466E+05 -0.590583E+00  0.201814E+05  0.183710E+05  0.154574E+04
  0.691732E-02  0.192926E+05  0.183698E+05  0.243391E+05  0.227080E+05  0.000000E+00  0.191422E+05  0.191422E+05  0.191422E+05 -0.590351E+00  0.201772E+05  0.183508E+05  0.155230E+04
  0.694925E-02  0.192895E+05  0.183584E+05  0.243226E+05  0.226779E+05  0.000000E+00  0.191378E+05  0.191378E+05  0.191378E+05 -0.590117E+00  0.201730E+05  0.183304E+05  0.155888E+04
  0.698133E-02  0.192863E+05  0.183469E+05  0.243059E+05  0.226476E+05  0.000000E+00  0.191333E+05  0.191333E+05  0.191333E+05 -0.589880E+00  0.201688E+05  0.183098E+05  0.156550E+04
  0.701355E-02  0.192832E+05  0.183353E+05  0.242891E+05  0.226170E+05  0.000000E+00  0.191287E+05  0.191287E+05  0.191287E+05 -0.589642E+00  0.201645E+05  0.182890E+05  0.157213E+04
  0.704593E-02  0.192800E+05  0.183236E+05  0.242721E+05  0.225861E+05  0.000000E+00  0.191241E+05  0.191241E+05  0.191241E+05 -0.589402E+00  0.201602E+05  0.182681E+05  0.157878E+04
  0.707845E-02  0.192768E+05  0.183118E+05  0.242550E+05  0.225550E+05  0.000000E+00  0.191195E+05  0.191195E+05  0.191195E+05 -0.589159E+00  0.201558E+05  0.182469E+05  0.158546E+04
  0.711112E-02  0.192735E+05  0.182999E+05  0.242377E+05  0.225236E+05  0.000000E+00  0.191149E+05  0.191149E+05  0.191149E+05 -0.588915E+00  0.201514E+05  0.182256E+05  0.159215E+04
  0.714394E-02  0.192702E+05  0.182878E+05  0.242202E+05  0.224920E+05  0.000000E+00  0.191101E+05  0.191101E+05  0.191101E+05 -0.588668E+00  0.201470E+05  0.182042E+05  0.159888E+04
  0.717692E-02  0.192669E+05  0.182757E+05  0.242026E+05  0.224602E+05  0.000000E+00  0.191054E+05  0.191054E+05  0.191054E+05 -0.588419E+00  0.201425E+05  0.181825E+05  0.160562E+04
  0.721005E-02  0.192635E+05  0.182634E+05  0.241848E+05  0.224280E+05  0.000000E+00  0.191006E+05  0.191006E+05  0.191006E+05 -0.588168E+00  0.201380E+05  0.181606E+05  0.161238E+04
  0.724333E-02  0.192602E+05  0.182511E+05  0.241670E+05  0.223956E+05  0.000000E+00  0.190957E+05  0.190957E+05  0.190957E+05 -0.587915E+00  0.201335E+05  0.181386E+05  0.161917E+04
  0.727676E-02  0.192568E+05  0.182387E+05  0.241489E+05  0.223630E+05  0.000000E+00  0.190909E+05  0.190909E+05  0.190909E+05 -0.587660E+00  0.201289E+05  0.181164E+05  0.162598E+04
  0.731035E-02  0.192534E+05  0.182261E+05  0.241308E+05  0.223301E+05  0.000000E+00  0.190860E+05  0.190860E+05  0.190860E+05 -0.587402E+00  0.201243E+05  0.180940E+05  0.163281E+04
  0.734409E-02  0.192499E+05  0.182134E+05  0.241124E+05  0.222969E+05  0.000000E+00  0.190810E+05  0.190810E+05  0.190810E+05 -0.587143E+00  0.201196E+05  0.180714E+05  0.163966E+04
  0.737799E-02  0.192464E+05  0.182007E+05  0.240938E+05  0.222635E+05  0.000000E+00  0.190760E+05  0.190760E+05  0.190760E+05 -0.586881E+00  0.201149E+05  0.180486E+05  0.164652E+04
  0.741204E-02  0.192429E+05  0.181878E+05  0.240752E+05  0.222299E+05  0.000000E+00  0.190709E+05  0.190709E+05  0.190709E+05 -0.586616E+00  0.201101E+05  0.180256E+05  0.165343E+04
  0.744626E-02  0.192393E+05  0.181748E+05  0.240563E+05  0.221959E+05  0.000000E+00  0.190658E+05  0.190658E+05  0.190658E+05 -0.586350E+00  0.201053E+05  0.180024E+05  0.166035E+04
  0.748063E-02  0.192358E+05  0.181617E+05  0.240373E+05  0.221617E+05  0.000000E+00  0.190607E+05  0.190607E+05  0.190607E+05 -0.586081E+00  0.201005E+05  0.179790E+05  0.166730E+04
  0.751516E-02  0.192321E+05  0.181485E+05  0.240182E+05  0.221272E+05  0.000000E+00  0.190555E+05  0.190555E+05  0.190555E+05 -0.585810E+00  0.200956E+05  0.179554E+05  0.167427E+04
  0.754985E-02  0.192285E+05  0.181351E+05  0.239988E+05  0.220924E+05  0.000000E+00  0.190503E+05  0.190503E+05  0.190503E+05 -0.585537E+00  0.200907E+05  0.179316E+05  0.168127E+04
  0.758469E-02  0.192248E+05  0.181216E+05  0.239793E+05  0.220574E+05  0.000000E+00  0.190450E+05  0.190450E+05  0.190450E+05 -0.585261E+00  0.200857E+05  0.179076E+05  0.168825E+04
  0.761970E-02  0.192211E+05  0.181081E+05  0.239596E+05  0.220221E+05  0.000000E+00  0.190397E+05  0.190397E+05  0.190397E+05 -0.584983E+00  0.200807E+05  0.178834E+05  0.169532E+04
  0.765487E-02  0.192173E+05  0.180944E+05  0.239398E+05  0.219866E+05  0.000000E+00  0.190343E+05  0.190343E+05  0.190343E+05 -0.584702E+00  0.200756E+05  0.178591E+05  0.170235E+04
  0.769021E-02  0.192135E+05  0.180806E+05  0.239198E+05  0.219507E+05  0.000000E+00  0.190289E+05  0.190289E+05  0.190289E+05 -0.584419E+00  0.200705E+05  0.178345E+05  0.170943E+04
  0.772570E-02  0.192097E+05  0.180666E+05  0.238996E+05  0.219146E+05  0.000000E+00  0.190234E+05  0.190234E+05  0.190234E+05 -0.584134E+00  0.200653E+05  0.178096E+05  0.171653E+04
  0.776136E-02  0.192059E+05  0.180526E+05  0.238793E+05  0.218782E+05  0.000000E+00  0.190179E+05  0.190179E+05  0.190179E+05 -0.583846E+00  0.200601E+05  0.177847E+05  0.172364E+04
  0.779719E-02  0.192020E+05  0.180384E+05  0.238588E+05  0.218415E+05  0.000000E+00  0.190124E+05  0.190124E+05  0.190124E+05 -0.583556E+00  0.200549E+05  0.177594E+05  0.173077E+04
  0.783318E-02  0.191981E+05  0.180241E+05  0.238381E+05  0.218045E+05  0.000000E+00  0.190068E+05  0.190068E+05  0.190068E+05 -0.583263E+00  0.200496E+05  0.177340E+05  0.173795E+04
  0.786934E-02  0.191941E+05  0.180097E+05  0.238172E+05  0.217672E+05  0.000000E+00  0.190011E+05  0.190011E+05  0.190011E+05 -0.582968E+00  0.200442E+05  0.177083E+05  0.174518E+04
  0.790566E-02  0.191902E+05  0.179952E+05  0.237961E+05  0.217297E+05  0.000000E+00  0.189954E+05  0.189954E+05  0.189954E+05 -0.582671E+00  0.200389E+05  0.176824E+05  0.175240E+04
  0.794215E-02  0.191861E+05  0.179805E+05  0.237749E+05  0.216918E+05  0.000000E+00  0.189897E+05  0.189897E+05  0.189897E+05 -0.582370E+00  0.200334E+05  0.176563E+05  0.175963E+04
  0.797881E-02  0.191821E+05  0.179657E+05  0.237535E+05  0.216537E+05  0.000000E+00  0.189839E+05  0.189839E+05  0.189839E+05 -0.582068E+00  0.200279E+05  0.176301E+05  0.176685E+04
  0.801564E-02  0.191780E+05  0.179508E+05  0.237319E+05  0.216153E+05  0.000000E+00  0.189780E+05  0.189780E+05  0.189780E+05 -0.581762E+00  0.200224E+05  0.176035E+05  0.177412E+04
  0.805264E-02  0.191739E+05  0.179357E+05  0.237101E+05  0.215766E+05  0.000000E+00  0.189721E+05  0.189721E+05  0.189721E+05 -0.581454E+00  0.200168E+05  0.175768E+05  0.178142E+04
  0.808980E-02  0.191697E+05  0.179206E+05  0.236881E+05  0.215375E+05  0.000000E+00  0.189661E+05  0.189661E+05  0.189661E+05 -0.581144E+00  0.200112E+05  0.175498E+05  0.178874E+04
  0.812715E-02  0.191655E+05  0.179052E+05  0.236659E+05  0.214982E+05  0.000000E+00  0.189601E+05  0.189601E+05  0.189601E+05 -0.580831E+00  0.200055E+05  0.175226E+05  0.179608E+04
  0.816466E-02  0.191612E+05  0.178898E+05  0.236436E+05  0.214586E+05  0.000000E+00  0.189540E+05  0.189540E+05  0.189540E+05 -0.580515E+00  0.199998E+05  0.174953E+05  0.180339E+04
  0.820235E-02  0.191570E+05  0.178742E+05  0.236210E+05  0.214186E+05  0.000000E+00  0.189479E+05  0.189479E+05  0.189479E+05 -0.580197E+00  0.199940E+05  0.174677E+05  0.181073E+04
  0.824021E-02  0.191526E+05  0.178585E+05  0.235983E+05  0.213784E+05  0.000000E+00  0.189417E+05  0.189417E+05  0.189417E+05 -0.579876E+00  0.199882E+05  0.174398E+05  0.181816E+04
  0.827824E-02  0.191483E+05  0.178426E+05  0.235753E+05  0.213379E+05  0.000000E+00  0.189355E+05  0.189355E+05  0.189355E+05 -0.579552E+00  0.199823E+05  0.174117E+05  0.182561E+04
  0.831645E-02  0.191439E+05  0.178266E+05  0.235522E+05  0.212970E+05  0.000000E+00  0.189292E+05  0.189292E+05  0.189292E+05 -0.579225E+00  0.199763E+05  0.173833E+05  0.183308E+04
  0.835484E-02  0.191395E+05  0.178105E+05  0.235289E+05  0.212559E+05  0.000000E+00  0.189229E+05  0.189229E+05  0.189229E+05 -0.578896E+00  0.199704E+05  0.173547E+05  0.184054E+04
  0.839340E-02  0.191350E+05  0.177943E+05  0.235054E+05  0.212144E+05  0.000000E+00  0.189165E+05  0.189165E+05  0.189165E+05 -0.578564E+00  0.199643E+05  0.173259E+05  0.184803E+04
  0.843214E-02  0.191305E+05  0.177779E+05  0.234816E+05  0.211727E+05  0.000000E+00  0.189101E+05  0.189101E+05  0.189101E+05 -0.578229E+00  0.199582E+05  0.172969E+05  0.185551E+04
  0.847107E-02  0.191259E+05  0.177613E+05  0.234577E+05  0.211306E+05  0.000000E+00  0.189036E+05  0.189036E+05  0.189036E+05 -0.577891E+00  0.199521E+05  0.172675E+05  0.186312E+04
  0.851017E-02  0.191214E+05  0.177447E+05  0.234336E+05  0.210882E+05  0.000000E+00  0.188970E+05  0.188970E+05  0.188970E+05 -0.577551E+00  0.199459E+05  0.172379E+05  0.187072E+04
  0.854945E-02  0.191167E+05  0.177279E+05  0.234093E+05  0.210455E+05  0.000000E+00  0.188904E+05  0.188904E+05  0.188904E+05 -0.577207E+00  0.199396E+05  0.172082E+05  0.187828E+04
  0.858891E-02  0.191121E+05  0.177109E+05  0.233848E+05  0.210025E+05  0.000000E+00  0.188837E+05  0.188837E+05  0.188837E+05 -0.576861E+00  0.199333E+05  0.171782E+05  0.188584E+04
  0.862855E-02  0.191074E+05  0.176938E+05  0.233600E+05  0.209591E+05  0.000000E+00  0.188770E+05  0.188770E+05  0.188770E+05 -0.576512E+00  0.199269E+05  0.171480E+05  0.189344E+04
  0.866838E-02  0.191026E+05  0.176765E+05  0.233351E+05  0.209155E+05  0.000000E+00  0.188702E+05  0.188702E+05  0.188702E+05 -0.576160E+00  0.199205E+05  0.171174E+05  0.190110E+04
  0.870839E-02  0.190978E+05  0.176591E+05  0.233099E+05  0.208715E+05  0.000000E+00  0.188634E+05  0.188634E+05  0.188634E+05 -0.575805E+00  0.199140E+05  0.170866E+05  0.190878E+04
  0.874859E-02  0.190930E+05  0.176416E+05  0.232845E+05  0.208272E+05  0.000000E+00  0.188564E+05  0.188564E+05  0.188564E+05 -0.575447E+00  0.199075E+05  0.170556E+05  0.191645E+04
  0.878897E-02  0.190881E+05  0.176239E+05  0.232590E+05  0.207825E+05  0.000000E+00  0.188495E+05  0.188495E+05  0.188495E+05 -0.575086E+00  0.199009E+05  0.170245E+05  0.192408E+04
  0.882954E-02  0.190832E+05  0.176060E+05  0.232332E+05  0.207376E+05  0.000000E+00  0.188425E+05  0.188425E+05  0.188425E+05 -0.574722E+00  0.198942E+05  0.169930E+05  0.193176E+04
  0.887029E-02  0.190782E+05  0.175880E+05  0.232072E+05  0.206923E+05  0.000000E+00  0.188354E+05  0.188354E+05  0.188354E+05 -0.574355E+00  0.198875E+05  0.169612E+05  0.193953E+04
  0.891124E-02  0.190732E+05  0.175699E+05  0.231809E+05  0.206466E+05  0.000000E+00  0.188282E+05  0.188282E+05  0.188282E+05 -0.573985E+00  0.198807E+05  0.169291E+05  0.194728E+04
  0.895237E-02  0.190682E+05  0.175516E+05  0.231545E+05  0.206007E+05  0.000000E+00  0.188210E+05  0.188210E+05  0.188210E+05 -0.573612E+00  0.198739E+05  0.168968E+05  0.195510E+04
  0.899369E-02  0.190631E+05  0.175331E+05  0.231278E+05  0.205544E+05  0.000000E+00  0.188137E+05  0.188137E+05  0.188137E+05 -0.573235E+00  0.198670E+05  0.168643E+05  0.196281E+04
  0.903521E-02  0.190579E+05  0.175145E+05  0.231009E+05  0.205078E+05  0.000000E+00  0.188064E+05  0.188064E+05  0.188064E+05 -0.572856E+00  0.198600E+05  0.168316E+05  0.197060E+04
  0.907691E-02  0.190527E+05  0.174957E+05  0.230738E+05  0.204608E+05  0.000000E+00  0.187990E+05  0.187990E+05  0.187990E+05 -0.572474E+00  0.198530E+05  0.167984E+05  0.197851E+04
  0.911881E-02  0.190475E+05  0.174768E+05  0.230464E+05  0.204135E+05  0.000000E+00  0.187915E+05  0.187915E+05  0.187915E+05 -0.572088E+00  0.198460E+05  0.167650E+05  0.198635E+04
  0.916090E-02  0.190422E+05  0.174577E+05  0.230189E+05  0.203658E+05  0.000000E+00  0.187840E+05  0.187840E+05  0.187840E+05 -0.571699E+00  0.198388E+05  0.167315E+05  0.199418E+04
  0.920318E-02  0.190369E+05  0.174385E+05  0.229911E+05  0.203179E+05  0.000000E+00  0.187764E+05  0.187764E+05  0.187764E+05 -0.571307E+00  0.198316E+05  0.166975E+05  0.200211E+04
  0.924566E-02  0.190315E+05  0.174190E+05  0.229630E+05  0.202695E+05  0.000000E+00  0.187688E+05  0.187688E+05  0.187688E+05 -0.570912E+00  0.198244E+05  0.166632E+05  0.201013E+04
  0.928834E-02  0.190261E+05  0.173995E+05  0.229348E+05  0.202209E+05  0.000000E+00  0.187610E+05  0.187610E+05  0.187610E+05 -0.570513E+00  0.198170E+05  0.166287E+05  0.201806E+04
  0.933121E-02  0.190207E+05  0.173797E+05  0.229063E+05  0.201718E+05  0.000000E+00  0.187533E+05  0.187533E+05  0.187533E+05 -0.570112E+00  0.198096E+05  0.165941E+05  0.202596E+04
  0.937428E-02  0.190152E+05  0.173598E+05  0.228775E+05  0.201225E+05  0.000000E+00  0.187454E+05  0.187454E+05  0.187454E+05 -0.569707E+00  0.198022E+05  0.165590E+05  0.203394E+04
  0.941755E-02  0.190096E+05  0.173397E+05  0.228486E+05  0.200728E+05  0.000000E+00  0.187375E+05  0.187375E+05  0.187375E+05 -0.569298E+00  0.197947E+05  0.165239E+05  0.204181E+04
  0.946102E-02  0.190040E+05  0.173195E+05  0.228194E+05  0.200227E+05  0.000000E+00  0.187295E+05  0.187295E+05  0.187295E+05 -0.568886E+00  0.197871E+05  0.164881E+05  0.204998E+04
  0.950469E-02  0.189984E+05  0.172991E+05  0.227899E+05  0.199723E+05  0.000000E+00  0.187214E+05  0.187214E+05  0.187214E+05 -0.568471E+00  0.197794E+05  0.164525E+05  0.205787E+04
  0.954856E-02  0.189927E+05  0.172785E+05  0.227602E+05  0.199215E+05  0.000000E+00  0.187133E+05  0.187133E+05  0.187133E+05 -0.568053E+00  0.197717E+05  0.164163E+05  0.206595E+04
  0.959264E-02  0.189869E+05  0.172577E+05  0.227303E+05  0.198704E+05  0.000000E+00  0.187051E+05  0.187051E+05  0.187051E+05 -0.567631E+00  0.197639E+05  0.163797E+05  0.207408E+04
  0.963692E-02  0.189811E+05  0.172368E+05  0.227001E+05  0.198189E+05  0.000000E+00  0.186969E+05  0.186969E+05  0.186969E+05 -0.567206E+00  0.197561E+05  0.163431E+05  0.208209E+04
  0.968140E-02  0.189753E+05  0.172157E+05  0.226696E+05  0.197671E+05  0.000000E+00  0.186885E+05  0.186885E+05  0.186885E+05 -0.566777E+00  0.197481E+05  0.163061E+05  0.209020E+04
  0.972608E-02  0.189694E+05  0.171944E+05  0.226389E+05  0.197149E+05  0.000000E+00  0.186801E+05  0.186801E+05  0.186801E+05 -0.566344E+00  0.197401E+05  0.162688E+05  0.209829E+04
  0.977098E-02  0.189634E+05  0.171730E+05  0.226080E+05  0.196623E+05  0.000000E+00  0.186716E+05  0.186716E+05  0.186716E+05 -0.565909E+00  0.197321E+05  0.162311E+05  0.210648E+04
  0.981608E-02  0.189574E+05  0.171514E+05  0.225768E+05  0.196094E+05  0.000000E+00  0.186631E+05  0.186631E+05  0.186631E+05 -0.565469E+00  0.197239E+05  0.161933E+05  0.211459E+04
  0.986139E-02  0.189513E+05  0.171296E+05  0.225453E+05  0.195561E+05  0.000000E+00  0.186545E+05  0.186545E+05  0.186545E+05 -0.565026E+00  0.197157E+05  0.161553E+05  0.212265E+04
  0.990691E-02  0.189452E+05  0.171076E+05  0.225136E+05  0.195025E+05  0.000000E+00  0.186458E+05  0.186458E+05  0.186458E+05 -0.564580E+00  0.197075E+05  0.161168E+05  0.213082E+04
  0.995263E-02  0.189391E+05  0.170854E+05  0.224817E+05  0.194485E+05  0.000000E+00  0.186370E+05  0.186370E+05  0.186370E+05 -0.564130E+00  0.196991E+05  0.160779E+05  0.213911E+04
  0.999857E-02  0.189329E+05  0.170630E+05  0.224494E+05  0.193941E+05  0.000000E+00  0.186282E+05  0.186282E+05  0.186282E+05 -0.563676E+00  0.196907E+05  0.160390E+05  0.214718E+04
  0.100447E-01  0.189266E+05  0.170405E+05  0.224170E+05  0.193393E+05  0.000000E+00  0.186192E+05  0.186192E+05  0.186192E+05 -0.563219E+00  0.196822E+05  0.159995E+05  0.215546E+04
  0.100911E-01  0.189203E+05  0.170178E+05  0.223842E+05  0.192842E+05  0.000000E+00  0.186102E+05  0.186102E+05  0.186102E+05 -0.562758E+00  0.196737E+05  0.159599E+05  0.216366E+04
  0.101377E-01  0.189139E+05  0.169948E+05  0.223512E+05  0.192288E+05  0.000000E+00  0.186012E+05  0.186012E+05  0.186012E+05 -0.562293E+00  0.196650E+05  0.159197E+05  0.217200E+04
  0.101845E-01  0.189075E+05  0.169718E+05  0.223179E+05  0.191729E+05  0.000000E+00  0.185920E+05  0.185920E+05  0.185920E+05 -0.561825E+00  0.196563E+05  0.158795E+05  0.218020E+04
  0.102315E-01  0.189010E+05  0.169484E+05  0.222844E+05  0.191167E+05  0.000000E+00  0.185828E+05  0.185828E+05  0.185828E+05 -0.561352E+00  0.196475E+05  0.158387E+05  0.218861E+04
  0.102787E-01  0.188945E+05  0.169250E+05  0.222505E+05  0.190601E+05  0.000000E+00  0.185735E+05  0.185735E+05  0.185735E+05 -0.560876E+00  0.196386E+05  0.157978E+05  0.219684E+04
  0.103261E-01  0.188879E+05  0.169013E+05  0.222164E+05  0.190031E+05  0.000000E+00  0.185641E+05  0.185641E+05  0.185641E+05 -0.560396E+00  0.196297E+05  0.157565E+05  0.220517E+04
  0.103738E-01  0.188812E+05  0.168774E+05  0.221821E+05  0.189458E+05  0.000000E+00  0.185547E+05  0.185547E+05  0.185547E+05 -0.559913E+00  0.196207E+05  0.157150E+05  0.221344E+04
  0.104217E-01  0.188745E+05  0.168534E+05  0.221474E+05  0.188881E+05  0.000000E+00  0.185451E+05  0.185451E+05  0.185451E+05 -0.559425E+00  0.196116E+05  0.156730E+05  0.222184E+04
  0.104698E-01  0.188677E+05  0.168291E+05  0.221125E+05  0.188300E+05  0.000000E+00  0.185355E+05  0.185355E+05  0.185355E+05 -0.558934E+00  0.196024E+05  0.156309E+05  0.223016E+04
  0.105181E-01  0.188609E+05  0.168046E+05  0.220773E+05  0.187715E+05  0.000000E+00  0.185258E+05  0.185258E+05  0.185258E+05 -0.558439E+00  0.195932E+05  0.155882E+05  0.223858E+04
  0.105667E-01  0.188540E+05  0.167800E+05  0.220418E+05  0.187127E+05  0.000000E+00  0.185160E+05  0.185160E+05  0.185160E+05 -0.557939E+00  0.195838E+05  0.155453E+05  0.224695E+04
  0.106154E-01  0.188471E+05  0.167551E+05  0.220060E+05  0.186534E+05  0.000000E+00  0.185062E+05  0.185062E+05  0.185062E+05 -0.557436E+00  0.195744E+05  0.155021E+05  0.225534E+04
  0.106644E-01  0.188401E+05  0.167300E+05  0.219699E+05  0.185938E+05  0.000000E+00  0.184962E+05  0.184962E+05  0.184962E+05 -0.556929E+00  0.195649E+05  0.154585E+05  0.226378E+04
  0.107137E-01  0.188330E+05  0.167048E+05  0.219336E+05  0.185338E+05  0.000000E+00  0.184862E+05  0.184862E+05  0.184862E+05 -0.556418E+00  0.195554E+05  0.154147E+05  0.227219E+04
  0.107631E-01  0.188259E+05  0.166793E+05  0.218970E+05  0.184734E+05  0.000000E+00  0.184761E+05  0.184761E+05  0.184761E+05 -0.555903E+00  0.195457E+05  0.153706E+05  0.228057E+04
  0.108128E-01  0.188187E+05  0.166536E+05  0.218600E+05  0.184127E+05  0.000000E+00  0.184659E+05  0.184659E+05  0.184659E+05 -0.555384E+00  0.195360E+05  0.153260E+05  0.228904E+04
  0.108627E-01  0.188115E+05  0.166278E+05  0.218228E+05  0.183515E+05  0.000000E+00  0.184556E+05  0.184556E+05  0.184556E+05 -0.554860E+00  0.195261E+05  0.152811E+05  0.229751E+04
  0.109128E-01  0.188042E+05  0.166017E+05  0.217853E+05  0.182900E+05  0.000000E+00  0.184453E+05  0.184453E+05  0.184453E+05 -0.554333E+00  0.195162E+05  0.152359E+05  0.230597E+04
  0.109632E-01  0.187968E+05  0.165754E+05  0.217475E+05  0.182281E+05  0.000000E+00  0.184348E+05  0.184348E+05  0.184348E+05 -0.553801E+00  0.195062E+05  0.151903E+05  0.231444E+04
  0.110138E-01  0.187894E+05  0.165488E+05  0.217093E+05  0.181658E+05  0.000000E+00  0.184243E+05  0.184243E+05  0.184243E+05 -0.553266E+00  0.194962E+05  0.151444E+05  0.232295E+04
  0.110647E-01  0.187819E+05  0.165221E+05  0.216709E+05  0.181031E+05  0.000000E+00  0.184136E+05  0.184136E+05  0.184136E+05 -0.552726E+00  0.194860E+05  0.150981E+05  0.233145E+04
  0.111157E-01  0.187743E+05  0.164952E+05  0.216322E+05  0.180401E+05  0.000000E+00  0.184029E+05  0.184029E+05  0.184029E+05 -0.552182E+00  0.194757E+05  0.150515E+05  0.233997E+04
  0.111670E-01  0.187667E+05  0.164680E+05  0.215932E+05  0.179766E+05  0.000000E+00  0.183921E+05  0.183921E+05  0.183921E+05 -0.551633E+00  0.194654E+05  0.150046E+05  0.234848E+04
  0.112186E-01  0.187590E+05  0.164406E+05  0.215538E+05  0.179128E+05  0.000000E+00  0.183812E+05  0.183812E+05  0.183812E+05 -0.551081E+00  0.194550E+05  0.149573E+05  0.235703E+04
  0.112704E-01  0.187513E+05  0.164130E+05  0.215142E+05  0.178485E+05  0.000000E+00  0.183703E+05  0.183703E+05  0.183703E+05 -0.550524E+00  0.194445E+05  0.149096E+05  0.236557E+04
  0.113224E-01  0.187435E+05  0.163852E+05  0.214742E+05  0.177839E+05  0.000000E+00  0.183592E+05  0.183592E+05  0.183592E+05 -0.549963E+00  0.194339E+05  0.148618E+05  0.237403E+04
  0.113747E-01  0.187356E+05  0.163572E+05  0.214340E+05  0.177189E+05  0.000000E+00  0.183480E+05  0.183480E+05  0.183480E+05 -0.549398E+00  0.194232E+05  0.148134E+05  0.238259E+04
  0.114272E-01  0.187277E+05  0.163289E+05  0.213934E+05  0.176535E+05  0.000000E+00  0.183368E+05  0.183368E+05  0.183368E+05 -0.548828E+00  0.194124E+05  0.147646E+05  0.239123E+04
  0.114799E-01  0.187197E+05  0.163004E+05  0.213525E+05  0.175877E+05  0.000000E+00  0.183254E+05  0.183254E+05  0.183254E+05 -0.548253E+00  0.194015E+05  0.147155E+05  0.239982E+04
  0.115329E-01  0.187116E+05  0.162717E+05  0.213113E+05  0.175216E+05  0.000000E+00  0.183140E+05  0.183140E+05  0.183140E+05 -0.547675E+00  0.193906E+05  0.146660E+05  0.240840E+04
  0.115861E-01  0.187034E+05  0.162428E+05  0.212698E+05  0.174550E+05  0.000000E+00  0.183024E+05  0.183024E+05  0.183024E+05 -0.547092E+00  0.193795E+05  0.146163E+05  0.241699E+04
  0.116396E-01  0.186952E+05  0.162136E+05  0.212279E+05  0.173880E+05  0.000000E+00  0.182908E+05  0.182908E+05  0.182908E+05 -0.546504E+00  0.193683E+05  0.145661E+05  0.242557E+04
  0.116933E-01  0.186869E+05  0.161842E+05  0.211857E+05  0.173207E+05  0.000000E+00  0.182791E+05  0.182791E+05  0.182791E+05 -0.545912E+00  0.193571E+05  0.145154E+05  0.243426E+04
  0.117473E-01  0.186786E+05  0.161546E+05  0.211432E+05  0.172530E+05  0.000000E+00  0.182673E+05  0.182673E+05  0.182673E+05 -0.545316E+00  0.193457E+05  0.144647E+05  0.244278E+04
  0.118015E-01  0.186702E+05  0.161247E+05  0.211004E+05  0.171848E+05  0.000000E+00  0.182554E+05  0.182554E+05  0.182554E+05 -0.544714E+00  0.193343E+05  0.144133E+05  0.245145E+04
  0.118560E-01  0.186617E+05  0.160946E+05  0.210572E+05  0.171163E+05  0.000000E+00  0.182433E+05  0.182433E+05  0.182433E+05 -0.544109E+00  0.193228E+05  0.143618E+05  0.246004E+04
  0.119107E-01  0.186531E+05  0.160643E+05  0.210138E+05  0.170474E+05  0.000000E+00  0.182312E+05  0.182312E+05  0.182312E+05 -0.543499E+00  0.193111E+05  0.143097E+05  0.246869E+04
  0.119657E-01  0.186445E+05  0.160337E+05  0.209699E+05  0.169781E+05  0.000000E+00  0.182190E+05  0.182190E+05  0.182190E+05 -0.542884E+00  0.192994E+05  0.142574E+05  0.247729E+04
  0.120209E-01  0.186358E+05  0.160029E+05  0.209258E+05  0.169085E+05  0.000000E+00  0.182067E+05  0.182067E+05  0.182067E+05 -0.542264E+00  0.192876E+05  0.142046E+05  0.248596E+04
  0.120764E-01  0.186270E+05  0.159719E+05  0.208813E+05  0.168384E+05  0.000000E+00  0.181943E+05  0.181943E+05  0.181943E+05 -0.541640E+00  0.192757E+05  0.141515E+05  0.249456E+04
  0.121322E-01  0.186181E+05  0.159406E+05  0.208364E+05  0.167679E+05  0.000000E+00  0.181818E+05  0.181818E+05  0.181818E+05 -0.541011E+00  0.192636E+05  0.140980E+05  0.250322E+04
  0.121882E-01  0.186092E+05  0.159090E+05  0.207913E+05  0.166971E+05  0.000000E+00  0.181692E+05  0.181692E+05  0.181692E+05 -0.540378E+00  0.192515E+05  0.140441E+05  0.251184E+04
  0.122444E-01  0.186002E+05  0.158773E+05  0.207457E+05  0.166258E+05  0.000000E+00  0.181565E+05  0.181565E+05  0.181565E+05 -0.539739E+00  0.192393E+05  0.139899E+05  0.252045E+04
  0.123009E-01  0.185911E+05  0.158452E+05  0.206999E+05  0.165542E+05  0.000000E+00  0.181437E+05  0.181437E+05  0.181437E+05 -0.539096E+00  0.192269E+05  0.139352E+05  0.252914E+04
  0.123577E-01  0.185820E+05  0.158130E+05  0.206537E+05  0.164822E+05  0.000000E+00  0.181308E+05  0.181308E+05  0.181308E+05 -0.538449E+00  0.192145E+05  0.138801E+05  0.253781E+04
  0.124148E-01  0.185728E+05  0.157804E+05  0.206071E+05  0.164098E+05  0.000000E+00  0.181177E+05  0.181177E+05  0.181177E+05 -0.537796E+00  0.192020E+05  0.138246E+05  0.254648E+04
  0.124721E-01  0.185635E+05  0.157477E+05  0.205602E+05  0.163370E+05  0.000000E+00  0.181046E+05  0.181046E+05  0.181046E+05 -0.537138E+00  0.191893E+05  0.137689E+05  0.255510E+04
  0.125296E-01  0.185541E+05  0.157146E+05  0.205129E+05  0.162639E+05  0.000000E+00  0.180914E+05  0.180914E+05  0.180914E+05 -0.536476E+00  0.191766E+05  0.137126E+05  0.256377E+04
  0.125875E-01  0.185446E+05  0.156814E+05  0.204653E+05  0.161903E+05  0.000000E+00  0.180780E+05  0.180780E+05  0.180780E+05 -0.535809E+00  0.191637E+05  0.136560E+05  0.257244E+04
  0.126456E-01  0.185351E+05  0.156478E+05  0.204174E+05  0.161164E+05  0.000000E+00  0.180646E+05  0.180646E+05  0.180646E+05 -0.535137E+00  0.191508E+05  0.135990E+05  0.258107E+04
  0.127039E-01  0.185255E+05  0.156140E+05  0.203690E+05  0.160421E+05  0.000000E+00  0.180510E+05  0.180510E+05  0.180510E+05 -0.534459E+00  0.191377E+05  0.135417E+05  0.258972E+04
  0.127626E-01  0.185158E+05  0.155800E+05  0.203203E+05  0.159674E+05  0.000000E+00  0.180374E+05  0.180374E+05  0.180374E+05 -0.533777E+00  0.191245E+05  0.134839E+05  0.259837E+04
  0.128215E-01  0.185060E+05  0.155457E+05  0.202713E+05  0.158923E+05  0.000000E+00  0.180236E+05  0.180236E+05  0.180236E+05 -0.533090E+00  0.191112E+05  0.134257E+05  0.260704E+04
  0.128807E-01  0.184962E+05  0.155111E+05  0.202219E+05  0.158169E+05  0.000000E+00  0.180097E+05  0.180097E+05  0.180097E+05 -0.532398E+00  0.190978E+05  0.133672E+05  0.261565E+04
  0.129401E-01  0.184863E+05  0.154763E+05  0.201721E+05  0.157411E+05  0.000000E+00  0.179957E+05  0.179957E+05  0.179957E+05 -0.531701E+00  0.190843E+05  0.133081E+05  0.262431E+04
  0.129998E-01  0.184763E+05  0.154412E+05  0.201220E+05  0.156648E+05  0.000000E+00  0.179817E+05  0.179817E+05  0.179817E+05 -0.530999E+00  0.190707E+05  0.132487E+05  0.263295E+04
  0.130598E-01  0.184662E+05  0.154058E+05  0.200715E+05  0.155883E+05  0.000000E+00  0.179674E+05  0.179674E+05  0.179674E+05 -0.530292E+00  0.190570E+05  0.131890E+05  0.264159E+04
  0.131201E-01  0.184560E+05  0.153702E+05  0.200206E+05  0.155113E+05  0.000000E+00  0.179531E+05  0.179531E+05  0.179531E+05 -0.529579E+00  0.190431E+05  0.131288E+05  0.265020E+04
  0.131807E-01  0.184457E+05  0.153343E+05  0.199693E+05  0.154340E+05  0.000000E+00  0.179387E+05  0.179387E+05  0.179387E+05 -0.528862E+00  0.190292E+05  0.130683E+05  0.265880E+04
  0.132415E-01  0.184354E+05  0.152982E+05  0.199177E+05  0.153563E+05  0.000000E+00  0.179241E+05  0.179241E+05  0.179241E+05 -0.528139E+00  0.190151E+05  0.130072E+05  0.266743E+04
  0.133026E-01  0.184250E+05  0.152617E+05  0.198657E+05  0.152782E+05  0.000000E+00  0.179095E+05  0.179095E+05  0.179095E+05 -0.527411E+00  0.190009E+05  0.129458E+05  0.267604E+04
  0.133640E-01  0.184145E+05  0.152250E+05  0.198133E+05  0.151998E+05  0.000000E+00  0.178947E+05  0.178947E+05  0.178947E+05 -0.526678E+00  0.189866E+05  0.128840E+05  0.268463E+04
  0.134257E-01  0.184039E+05  0.151881E+05  0.197606E+05  0.151210E+05  0.000000E+00  0.178798E+05  0.178798E+05  0.178798E+05 -0.525940E+00  0.189722E+05  0.128218E+05  0.269325E+04
  0.134877E-01  0.183932E+05  0.151508E+05  0.197074E+05  0.150418E+05  0.000000E+00  0.178648E+05  0.178648E+05  0.178648E+05 -0.525196E+00  0.189576E+05  0.127591E+05  0.270185E+04
  0.135500E-01  0.183824E+05  0.151133E+05  0.196539E+05  0.149623E+05  0.000000E+00  0.178497E+05  0.178497E+05  0.178497E+05 -0.524447E+00  0.189430E+05  0.126961E+05  0.271040E+04
  0.136125E-01  0.183716E+05  0.150755E+05  0.196000E+05  0.148824E+05  0.000000E+00  0.178344E+05  0.178344E+05  0.178344E+05 -0.523693E+00  0.189282E+05  0.126327E+05  0.271897E+04
  0.136753E-01  0.183606E+05  0.150374E+05  0.195457E+05  0.148022E+05  0.000000E+00  0.178191E+05  0.178191E+05  0.178191E+05 -0.522934E+00  0.189133E+05  0.125688E+05  0.272752E+04
  0.137385E-01  0.183496E+05  0.149990E+05  0.194910E+05  0.147216E+05  0.000000E+00  0.178036E+05  0.178036E+05  0.178036E+05 -0.522169E+00  0.188983E+05  0.125046E+05  0.273607E+04
  0.138019E-01  0.183385E+05  0.149604E+05  0.194360E+05  0.146407E+05  0.000000E+00  0.177880E+05  0.177880E+05  0.177880E+05 -0.521399E+00  0.188831E+05  0.124399E+05  0.274461E+04
  0.138656E-01  0.183273E+05  0.149215E+05  0.193805E+05  0.145594E+05  0.000000E+00  0.177722E+05  0.177722E+05  0.177722E+05 -0.520623E+00  0.188679E+05  0.123748E+05  0.275313E+04
  0.139296E-01  0.183160E+05  0.148823E+05  0.193247E+05  0.144777E+05  0.000000E+00  0.177564E+05  0.177564E+05  0.177564E+05 -0.519842E+00  0.188525E+05  0.123092E+05  0.276163E+04
  0.139939E-01  0.183046E+05  0.148427E+05  0.192684E+05  0.143958E+05  0.000000E+00  0.177404E+05  0.177404E+05  0.177404E+05 -0.519056E+00  0.188370E+05  0.122433E+05  0.277014E+04
  0.140585E-01  0.182931E+05  0.148030E+05  0.192118E+05  0.143134E+05  0.000000E+00  0.177243E+05  0.177243E+05  0.177243E+05 -0.518264E+00  0.188213E+05  0.121770E+05  0.277861E+04
  0.141234E-01  0.182815E+05  0.147629E+05  0.191548E+05  0.142308E+05  0.000000E+00  0.177081E+05  0.177081E+05  0.177081E+05 -0.517467E+00  0.188056E+05  0.121102E+05  0.278709E+04
  0.141886E-01  0.182699E+05  0.147225E+05  0.190973E+05  0.141478E+05  0.000000E+00  0.176918E+05  0.176918E+05  0.176918E+05 -0.516664E+00  0.187897E+05  0.120429E+05  0.279555E+04
  0.142540E-01  0.182581E+05  0.146819E+05  0.190395E+05  0.140644E+05  0.000000E+00  0.176753E+05  0.176753E+05  0.176753E+05 -0.515855E+00  0.187737E+05  0.119754E+05  0.280397E+04
  0.143198E-01  0.182463E+05  0.146409E+05  0.189813E+05  0.139807E+05  0.000000E+00  0.176587E+05  0.176587E+05  0.176587E+05 -0.515042E+00  0.187575E+05  0.119073E+05  0.281240E+04
  0.143859E-01  0.182343E+05  0.145997E+05  0.189226E+05  0.138967E+05  0.000000E+00  0.176420E+05  0.176420E+05  0.176420E+05 -0.514222E+00  0.187412E+05  0.118389E+05  0.282078E+04
  0.144523E-01  0.182223E+05  0.145582E+05  0.188636E+05  0.138124E+05  0.000000E+00  0.176252E+05  0.176252E+05  0.176252E+05 -0.513397E+00  0.187248E+05  0.117700E+05  0.282917E+04
  0.145190E-01  0.182101E+05  0.145163E+05  0.188041E+05  0.137278E+05  0.000000E+00  0.176082E+05  0.176082E+05  0.176082E+05 -0.512567E+00  0.187083E+05  0.117007E+05  0.283754E+04
  0.145861E-01  0.181979E+05  0.144742E+05  0.187443E+05  0.136428E+05  0.000000E+00  0.175911E+05  0.175911E+05  0.175911E+05 -0.511730E+00  0.186916E+05  0.116310E+05  0.284588E+04
  0.146534E-01  0.181856E+05  0.144318E+05  0.186840E+05  0.135575E+05  0.000000E+00  0.175738E+05  0.175738E+05  0.175738E+05 -0.510889E+00  0.186748E+05  0.115608E+05  0.285421E+04
  0.147210E-01  0.181731E+05  0.143891E+05  0.186233E+05  0.134719E+05  0.000000E+00  0.175565E+05  0.175565E+05  0.175565E+05 -0.510041E+00  0.186579E+05  0.114903E+05  0.286250E+04
  0.147890E-01  0.181606E+05  0.143460E+05  0.185623E+05  0.133860E+05  0.000000E+00  0.175390E+05  0.175390E+05  0.175390E+05 -0.509188E+00  0.186408E+05  0.114193E+05  0.287079E+04
  0.148572E-01  0.181480E+05  0.143027E+05  0.185008E+05  0.132998E+05  0.000000E+00  0.175214E+05  0.175214E+05  0.175214E+05 -0.508329E+00  0.186236E+05  0.113479E+05  0.287905E+04
  0.149258E-01  0.181353E+05  0.142591E+05  0.184389E+05  0.132133E+05  0.000000E+00  0.175036E+05  0.175036E+05  0.175036E+05 -0.507465E+00  0.186063E+05  0.112761E+05  0.288728E+04
  0.149947E-01  0.181225E+05  0.142151E+05  0.183765E+05  0.131265E+05  0.000000E+00  0.174857E+05  0.174857E+05  0.174857E+05 -0.506594E+00  0.185888E+05  0.112038E+05  0.289548E+04
  0.150639E-01  0.181095E+05  0.141709E+05  0.183138E+05  0.130395E+05  0.000000E+00  0.174677E+05  0.174677E+05  0.174677E+05 -0.505718E+00  0.185712E+05  0.111311E+05  0.290367E+04
  0.151335E-01  0.180965E+05  0.141263E+05  0.182506E+05  0.129521E+05  0.000000E+00  0.174495E+05  0.174495E+05  0.174495E+05 -0.504836E+00  0.185534E+05  0.110580E+05  0.291183E+04
  0.152033E-01  0.180834E+05  0.140815E+05  0.181870E+05  0.128644E+05  0.000000E+00  0.174312E+05  0.174312E+05  0.174312E+05 -0.503949E+00  0.185355E+05  0.109845E+05  0.291997E+04
  0.152735E-01  0.180702E+05  0.140363E+05  0.181230E+05  0.127765E+05  0.000000E+00  0.174128E+05  0.174128E+05  0.174128E+05 -0.503055E+00  0.185175E+05  0.109105E+05  0.292807E+04
  0.153440E-01  0.180569E+05  0.139908E+05  0.180586E+05  0.126883E+05  0.000000E+00  0.173942E+05  0.173942E+05  0.173942E+05 -0.502156E+00  0.184993E+05  0.108362E+05  0.293615E+04
  0.154148E-01  0.180434E+05  0.139451E+05  0.179938E+05  0.125998E+05  0.000000E+00  0.173755E+05  0.173755E+05  0.173755E+05 -0.501251E+00  0.184810E+05  0.107614E+05  0.294419E+04
  0.154860E-01  0.180299E+05  0.138990E+05  0.179285E+05  0.125111E+05  0.000000E+00  0.173567E+05  0.173567E+05  0.173567E+05 -0.500340E+00  0.184625E+05  0.106862E+05  0.295221E+04
  0.155574E-01  0.180162E+05  0.138525E+05  0.178628E+05  0.124221E+05  0.000000E+00  0.173377E+05  0.173377E+05  0.173377E+05 -0.499424E+00  0.184439E+05  0.106106E+05  0.296019E+04
  0.156292E-01  0.180025E+05  0.138058E+05  0.177967E+05  0.123328E+05  0.000000E+00  0.173186E+05  0.173186E+05  0.173186E+05 -0.498501E+00  0.184251E+05  0.105345E+05  0.296815E+04
  0.157014E-01  0.179887E+05  0.137588E+05  0.177301E+05  0.122433E+05  0.000000E+00  0.172993E+05  0.172993E+05  0.172993E+05 -0.497573E+00  0.184062E+05  0.104580E+05  0.297607E+04
  0.157739E-01  0.179747E+05  0.137114E+05  0.176632E+05  0.121535E+05  0.000000E+00  0.172799E+05  0.172799E+05  0.172799E+05 -0.496638E+00  0.183872E+05  0.103811E+05  0.298396E+04
  0.158467E-01  0.179606E+05  0.136637E+05  0.175958E+05  0.120635E+05  0.000000E+00  0.172604E+05  0.172604E+05  0.172604E+05 -0.495698E+00  0.183680E+05  0.103038E+05  0.299180E+04
  0.159198E-01  0.179465E+05  0.136157E+05  0.175279E+05  0.119733E+05  0.000000E+00  0.172407E+05  0.172407E+05  0.172407E+05 -0.494752E+00  0.183486E+05  0.102261E+05  0.299961E+04
  0.159933E-01  0.179322E+05  0.135674E+05  0.174597E+05  0.118829E+05  0.000000E+00  0.172209E+05  0.172209E+05  0.172209E+05 -0.493800E+00  0.183291E+05  0.101479E+05  0.300739E+04
  0.160671E-01  0.179178E+05  0.135188E+05  0.173910E+05  0.117922E+05  0.000000E+00  0.172009E+05  0.172009E+05  0.172009E+05 -0.492842E+00  0.183095E+05  0.100694E+05  0.301514E+04
  0.161413E-01  0.179033E+05  0.134698E+05  0.173219E+05  0.117013E+05  0.000000E+00  0.171808E+05  0.171808E+05  0.171808E+05 -0.491878E+00  0.182897E+05  0.999039E+04  0.302284E+04
  0.162158E-01  0.178887E+05  0.134206E+05  0.172523E+05  0.116102E+05  0.000000E+00  0.171605E+05  0.171605E+05  0.171605E+05 -0.490908E+00  0.182697E+05  0.991098E+04  0.303050E+04
  0.162906E-01  0.178740E+05  0.133710E+05  0.171823E+05  0.115189E+05  0.000000E+00  0.171401E+05  0.171401E+05  0.171401E+05 -0.489932E+00  0.182496E+05  0.983117E+04  0.303813E+04
  0.163658E-01  0.178591E+05  0.133210E+05  0.171119E+05  0.114274E+05  0.000000E+00  0.171196E+05  0.171196E+05  0.171196E+05 -0.488950E+00  0.182294E+05  0.975095E+04  0.304571E+04
  0.164414E-01  0.178442E+05  0.132708E+05  0.170410E+05  0.113357E+05  0.000000E+00  0.170989E+05  0.170989E+05  0.170989E+05 -0.487962E+00  0.182090E+05  0.967032E+04  0.305325E+04
  0.165173E-01  0.178291E+05  0.132202E+05  0.169697E+05  0.112438E+05  0.000000E+00  0.170780E+05  0.170780E+05  0.170780E+05 -0.486968E+00  0.181884E+05  0.958928E+04  0.306074E+04
  0.165935E-01  0.178139E+05  0.131693E+05  0.168980E+05  0.111517E+05  0.000000E+00  0.170570E+05  0.170570E+05  0.170570E+05 -0.485968E+00  0.181677E+05  0.950783E+04  0.306820E+04
  0.166701E-01  0.177987E+05  0.131181E+05  0.168259E+05  0.110595E+05  0.000000E+00  0.170359E+05  0.170359E+05  0.170359E+05 -0.484963E+00  0.181468E+05  0.942597E+04  0.307561E+04
  0.167470E-01  0.177833E+05  0.130666E+05  0.167533E+05  0.109670E+05  0.000000E+00  0.170146E+05  0.170146E+05  0.170146E+05 -0.483951E+00  0.181258E+05  0.934374E+04  0.308296E+04
  0.168243E-01  0.177677E+05  0.130147E+05  0.166802E+05  0.108745E+05  0.000000E+00  0.169932E+05  0.169932E+05  0.169932E+05 -0.482933E+00  0.181046E+05  0.926107E+04  0.309027E+04
  0.169020E-01  0.177521E+05  0.129625E+05  0.166068E+05  0.107817E+05  0.000000E+00  0.169716E+05  0.169716E+05  0.169716E+05 -0.481909E+00  0.180832E+05  0.917801E+04  0.309754E+04
  0.169800E-01  0.177364E+05  0.129099E+05  0.165329E+05  0.106889E+05  0.000000E+00  0.169498E+05  0.169498E+05  0.169498E+05 -0.480878E+00  0.180617E+05  0.909455E+04  0.310475E+04
  0.170584E-01  0.177205E+05  0.128571E+05  0.164585E+05  0.105959E+05  0.000000E+00  0.169279E+05  0.169279E+05  0.169279E+05 -0.479842E+00  0.180400E+05  0.901070E+04  0.311191E+04
  0.171371E-01  0.177045E+05  0.128039E+05  0.163837E+05  0.105027E+05  0.000000E+00  0.169059E+05  0.169059E+05  0.169059E+05 -0.478800E+00  0.180182E+05  0.892645E+04  0.311902E+04
  0.172162E-01  0.176884E+05  0.127503E+05  0.163085E+05  0.104095E+05  0.000000E+00  0.168837E+05  0.168837E+05  0.168837E+05 -0.477752E+00  0.179962E+05  0.884181E+04  0.312608E+04
  0.172957E-01  0.176722E+05  0.126965E+05  0.162329E+05  0.103161E+05  0.000000E+00  0.168613E+05  0.168613E+05  0.168613E+05 -0.476697E+00  0.179740E+05  0.875679E+04  0.313308E+04
  0.173755E-01  0.176558E+05  0.126423E+05  0.161568E+05  0.102226E+05  0.000000E+00  0.168388E+05  0.168388E+05  0.168388E+05 -0.475637E+00  0.179517E+05  0.867139E+04  0.314003E+04
  0.174557E-01  0.176394E+05  0.125878E+05  0.160802E+05  0.101290E+05  0.000000E+00  0.168161E+05  0.168161E+05  0.168161E+05 -0.474571E+00  0.179292E+05  0.858556E+04  0.314693E+04
  0.175363E-01  0.176228E+05  0.125329E+05  0.160033E+05  0.100353E+05  0.000000E+00  0.167933E+05  0.167933E+05  0.167933E+05 -0.473498E+00  0.179065E+05  0.849940E+04  0.315376E+04
  0.176172E-01  0.176061E+05  0.124777E+05  0.159259E+05  0.994152E+04  0.000000E+00  0.167704E+05  0.167704E+05  0.167704E+05 -0.472419E+00  0.178837E+05  0.841283E+04  0.316054E+04
  0.176986E-01  0.175893E+05  0.124222E+05  0.158480E+05  0.984767E+04  0.000000E+00  0.167472E+05  0.167472E+05  0.167472E+05 -0.471335E+00  0.178606E+05  0.832590E+04  0.316725E+04
  0.177803E-01  0.175723E+05  0.123664E+05  0.157697E+05  0.975375E+04  0.000000E+00  0.167239E+05  0.167239E+05  0.167239E+05 -0.470244E+00  0.178375E+05  0.823858E+04  0.317391E+04
  0.178623E-01  0.175552E+05  0.123102E+05  0.156910E+05  0.965977E+04  0.000000E+00  0.167005E+05  0.167005E+05  0.167005E+05 -0.469147E+00  0.178141E+05  0.815090E+04  0.318050E+04
  0.179448E-01  0.175380E+05  0.122537E+05  0.156119E+05  0.956574E+04  0.000000E+00  0.166769E+05  0.166769E+05  0.166769E+05 -0.468044E+00  0.177906E+05  0.806288E+04  0.318702E+04
  0.180276E-01  0.175207E+05  0.121968E+05  0.155323E+05  0.947167E+04  0.000000E+00  0.166531E+05  0.166531E+05  0.166531E+05 -0.466935E+00  0.177669E+05  0.797445E+04  0.319349E+04
  0.181108E-01  0.175033E+05  0.121397E+05  0.154523E+05  0.937755E+04  0.000000E+00  0.166292E+05  0.166292E+05  0.166292E+05 -0.465820E+00  0.177431E+05  0.788569E+04  0.319989E+04
  0.181944E-01  0.174857E+05  0.120821E+05  0.153718E+05  0.928342E+04  0.000000E+00  0.166051E+05  0.166051E+05  0.166051E+05 -0.464699E+00  0.177190E+05  0.779656E+04  0.320622E+04
  0.182784E-01  0.174680E+05  0.120243E+05  0.152910E+05  0.918926E+04  0.000000E+00  0.165809E+05  0.165809E+05  0.165809E+05 -0.463572E+00  0.176948E+05  0.770709E+04  0.321248E+04
  0.183628E-01  0.174501E+05  0.119661E+05  0.152096E+05  0.909510E+04  0.000000E+00  0.165564E+05  0.165564E+05  0.165564E+05 -0.462439E+00  0.176705E+05  0.761725E+04  0.321868E+04
  0.184475E-01  0.174322E+05  0.119076E+05  0.151279E+05  0.900094E+04  0.000000E+00  0.165319E+05  0.165319E+05  0.165319E+05 -0.461300E+00  0.176459E+05  0.752709E+04  0.322480E+04
  0.185327E-01  0.174141E+05  0.118487E+05  0.150457E+05  0.890679E+04  0.000000E+00  0.165072E+05  0.165072E+05  0.165072E+05 -0.460155E+00  0.176212E+05  0.743657E+04  0.323085E+04
  0.186182E-01  0.173959E+05  0.117896E+05  0.149631E+05  0.881265E+04  0.000000E+00  0.164823E+05  0.164823E+05  0.164823E+05 -0.459004E+00  0.175963E+05  0.734570E+04  0.323683E+04
  0.187042E-01  0.173775E+05  0.117300E+05  0.148801E+05  0.871855E+04  0.000000E+00  0.164572E+05  0.164572E+05  0.164572E+05 -0.457847E+00  0.175712E+05  0.725454E+04  0.324273E+04
  0.187905E-01  0.173591E+05  0.116702E+05  0.147966E+05  0.862449E+04  0.000000E+00  0.164320E+05  0.164320E+05  0.164320E+05 -0.456683E+00  0.175459E+05  0.716303E+04  0.324856E+04
  0.188772E-01  0.173405E+05  0.116100E+05  0.147127E+05  0.853047E+04  0.000000E+00  0.164066E+05  0.164066E+05  0.164066E+05 -0.455514E+00  0.175205E+05  0.707120E+04  0.325430E+04
  0.189644E-01  0.173217E+05  0.115495E+05  0.146284E+05  0.843651E+04  0.000000E+00  0.163811E+05  0.163811E+05  0.163811E+05 -0.454339E+00  0.174948E+05  0.697905E+04  0.325998E+04
  0.190519E-01  0.173029E+05  0.114887E+05  0.145437E+05  0.834263E+04  0.000000E+00  0.163554E+05  0.163554E+05  0.163554E+05 -0.453158E+00  0.174690E+05  0.688657E+04  0.326557E+04
  0.191398E-01  0.172839E+05  0.114275E+05  0.144585E+05  0.824881E+04  0.000000E+00  0.163295E+05  0.163295E+05  0.163295E+05 -0.451971E+00  0.174430E+05  0.679381E+04  0.327108E+04
  0.192282E-01  0.172647E+05  0.113660E+05  0.143730E+05  0.815509E+04  0.000000E+00  0.163034E+05  0.163034E+05  0.163034E+05 -0.450778E+00  0.174169E+05  0.670073E+04  0.327650E+04
  0.193169E-01  0.172454E+05  0.113042E+05  0.142870E+05  0.806147E+04  0.000000E+00  0.162772E+05  0.162772E+05  0.162772E+05 -0.449579E+00  0.173905E+05  0.660736E+04  0.328184E+04
  0.194061E-01  0.172260E+05  0.112420E+05  0.142005E+05  0.796795E+04  0.000000E+00  0.162509E+05  0.162509E+05  0.162509E+05 -0.448374E+00  0.173640E+05  0.651369E+04  0.328710E+04
  0.194957E-01  0.172065E+05  0.111795E+05  0.141137E+05  0.787455E+04  0.000000E+00  0.162243E+05  0.162243E+05  0.162243E+05 -0.447163E+00  0.173372E+05  0.641976E+04  0.329227E+04
  0.195857E-01  0.171868E+05  0.111167E+05  0.140265E+05  0.778129E+04  0.000000E+00  0.161976E+05  0.161976E+05  0.161976E+05 -0.445946E+00  0.173103E+05  0.632549E+04  0.329736E+04
  0.196761E-01  0.171670E+05  0.110535E+05  0.139388E+05  0.768816E+04  0.000000E+00  0.161708E+05  0.161708E+05  0.161708E+05 -0.444724E+00  0.172832E+05  0.623100E+04  0.330235E+04
  0.197669E-01  0.171471E+05  0.109901E+05  0.138508E+05  0.759519E+04  0.000000E+00  0.161437E+05  0.161437E+05  0.161437E+05 -0.443496E+00  0.172559E+05  0.613622E+04  0.330725E+04
  0.198581E-01  0.171270E+05  0.109263E+05  0.137623E+05  0.750237E+04  0.000000E+00  0.161165E+05  0.161165E+05  0.161165E+05 -0.442262E+00  0.172285E+05  0.604118E+04  0.331206E+04
  0.199498E-01  0.171068E+05  0.108622E+05  0.136734E+05  0.740973E+04  0.000000E+00  0.160891E+05  0.160891E+05  0.160891E+05 -0.441022E+00  0.172008E+05  0.594588E+04  0.331677E+04
  0.200419E-01  0.170864E+05  0.107977E+05  0.135842E+05  0.731727E+04  0.000000E+00  0.160616E+05  0.160616E+05  0.160616E+05 -0.439776E+00  0.171730E+05  0.585033E+04  0.332139E+04
  0.201344E-01  0.170659E+05  0.107330E+05  0.134945E+05  0.722501E+04  0.000000E+00  0.160339E+05  0.160339E+05  0.160339E+05 -0.438524E+00  0.171449E+05  0.575453E+04  0.332592E+04
  0.202273E-01  0.170453E+05  0.106679E+05  0.134044E+05  0.713296E+04  0.000000E+00  0.160060E+05  0.160060E+05  0.160060E+05 -0.437267E+00  0.171167E+05  0.565850E+04  0.333034E+04
  0.203207E-01  0.170245E+05  0.106025E+05  0.133140E+05  0.704112E+04  0.000000E+00  0.159779E+05  0.159779E+05  0.159779E+05 -0.436004E+00  0.170883E+05  0.556223E+04  0.333467E+04
  0.204145E-01  0.170036E+05  0.105367E+05  0.132231E+05  0.694951E+04  0.000000E+00  0.159497E+05  0.159497E+05  0.159497E+05 -0.434736E+00  0.170597E+05  0.546575E+04  0.333890E+04
  0.205087E-01  0.169825E+05  0.104707E+05  0.131319E+05  0.685814E+04  0.000000E+00  0.159213E+05  0.159213E+05  0.159213E+05 -0.433462E+00  0.170309E+05  0.536906E+04  0.334301E+04
  0.206034E-01  0.169613E+05  0.104044E+05  0.130402E+05  0.676702E+04  0.000000E+00  0.158928E+05  0.158928E+05  0.158928E+05 -0.432182E+00  0.170019E+05  0.527214E+04  0.334703E+04
  0.206985E-01  0.169400E+05  0.103377E+05  0.129482E+05  0.667616E+04  0.000000E+00  0.158641E+05  0.158641E+05  0.158641E+05 -0.430897E+00  0.169727E+05  0.517502E+04  0.335095E+04
  0.207940E-01  0.169185E+05  0.102707E+05  0.128558E+05  0.658558E+04  0.000000E+00  0.158352E+05  0.158352E+05  0.158352E+05 -0.429606E+00  0.169433E+05  0.507774E+04  0.335475E+04
  0.208900E-01  0.168969E+05  0.102034E+05  0.127631E+05  0.649528E+04  0.000000E+00  0.158061E+05  0.158061E+05  0.158061E+05 -0.428309E+00  0.169137E+05  0.498026E+04  0.335845E+04
  0.209864E-01  0.168751E+05  0.101358E+05  0.126700E+05  0.640528E+04  0.000000E+00  0.157769E+05  0.157769E+05  0.157769E+05 -0.427007E+00  0.168839E+05  0.488264E+04  0.336202E+04
  0.210833E-01  0.168532E+05  0.100679E+05  0.125764E+05  0.631558E+04  0.000000E+00  0.157474E+05  0.157474E+05  0.157474E+05 -0.425700E+00  0.168540E+05  0.478479E+04  0.336551E+04
  0.211806E-01  0.168311E+05  0.999970E+04  0.124826E+05  0.622621E+04  0.000000E+00  0.157179E+05  0.157179E+05  0.157179E+05 -0.424387E+00  0.168238E+05  0.468676E+04  0.336888E+04
  0.212784E-01  0.168089E+05  0.993120E+04  0.123883E+05  0.613717E+04  0.000000E+00  0.156881E+05  0.156881E+05  0.156881E+05 -0.423069E+00  0.167934E+05  0.458867E+04  0.337211E+04
  0.213766E-01  0.167866E+05  0.986239E+04  0.122937E+05  0.604848E+04  0.000000E+00  0.156582E+05  0.156582E+05  0.156582E+05 -0.421746E+00  0.167629E+05  0.449039E+04  0.337525E+04
  0.214753E-01  0.167641E+05  0.979328E+04  0.121988E+05  0.596014E+04  0.000000E+00  0.156281E+05  0.156281E+05  0.156281E+05 -0.420417E+00  0.167321E+05  0.439199E+04  0.337826E+04
  0.215744E-01  0.167415E+05  0.972387E+04  0.121035E+05  0.587217E+04  0.000000E+00  0.155978E+05  0.155978E+05  0.155978E+05 -0.419083E+00  0.167012E+05  0.429345E+04  0.338115E+04
  0.216740E-01  0.167187E+05  0.965416E+04  0.120079E+05  0.578458E+04  0.000000E+00  0.155674E+05  0.155674E+05  0.155674E+05 -0.417743E+00  0.166700E+05  0.419482E+04  0.338392E+04
  0.217740E-01  0.166957E+05  0.958417E+04  0.119119E+05  0.569738E+04  0.000000E+00  0.155368E+05  0.155368E+05  0.155368E+05 -0.416399E+00  0.166387E+05  0.409603E+04  0.338658E+04
  0.218745E-01  0.166727E+05  0.951388E+04  0.118156E+05  0.561058E+04  0.000000E+00  0.155060E+05  0.155060E+05  0.155060E+05 -0.415049E+00  0.166071E+05  0.399717E+04  0.338911E+04
  0.219755E-01  0.166494E+05  0.944331E+04  0.117189E+05  0.552420E+04  0.000000E+00  0.154751E+05  0.154751E+05  0.154751E+05 -0.413694E+00  0.165754E+05  0.389828E+04  0.339150E+04
  0.220769E-01  0.166261E+05  0.937245E+04  0.116219E+05  0.543825E+04  0.000000E+00  0.154440E+05  0.154440E+05  0.154440E+05 -0.412334E+00  0.165434E+05  0.379929E+04  0.339377E+04
  0.221788E-01  0.166025E+05  0.930131E+04  0.115246E+05  0.535274E+04  0.000000E+00  0.154127E+05  0.154127E+05  0.154127E+05 -0.410969E+00  0.165113E+05  0.370024E+04  0.339591E+04
  0.222812E-01  0.165789E+05  0.922989E+04  0.114270E+05  0.526767E+04  0.000000E+00  0.153812E+05  0.153812E+05  0.153812E+05 -0.409600E+00  0.164789E+05  0.360111E+04  0.339793E+04
  0.223841E-01  0.165550E+05  0.915819E+04  0.113291E+05  0.518307E+04  0.000000E+00  0.153496E+05  0.153496E+05  0.153496E+05 -0.408225E+00  0.164464E+05  0.350188E+04  0.339983E+04
  0.224874E-01  0.165311E+05  0.908623E+04  0.112308E+05  0.509895E+04  0.000000E+00  0.153178E+05  0.153178E+05  0.153178E+05 -0.406845E+00  0.164136E+05  0.340271E+04  0.340157E+04
  0.225912E-01  0.165069E+05  0.901398E+04  0.111323E+05  0.501531E+04  0.000000E+00  0.152859E+05  0.152859E+05  0.152859E+05 -0.405461E+00  0.163807E+05  0.330350E+04  0.340318E+04
  0.226955E-01  0.164827E+05  0.894148E+04  0.110334E+05  0.493218E+04  0.000000E+00  0.152537E+05  0.152537E+05  0.152537E+05 -0.404071E+00  0.163475E+05  0.320429E+04  0.340466E+04
  0.228002E-01  0.164582E+05  0.886871E+04  0.109343E+05  0.484955E+04  0.000000E+00  0.152214E+05  0.152214E+05  0.152214E+05 -0.402677E+00  0.163141E+05  0.310505E+04  0.340600E+04
  0.229055E-01  0.164337E+05  0.879568E+04  0.108349E+05  0.476744E+04  0.000000E+00  0.151889E+05  0.151889E+05  0.151889E+05 -0.401279E+00  0.162806E+05  0.300583E+04  0.340720E+04
  0.230112E-01  0.164089E+05  0.872238E+04  0.107352E+05  0.468587E+04  0.000000E+00  0.151563E+05  0.151563E+05  0.151563E+05 -0.399876E+00  0.162468E+05  0.290666E+04  0.340826E+04
  0.231175E-01  0.163840E+05  0.864884E+04  0.106352E+05  0.460485E+04  0.000000E+00  0.151235E+05  0.151235E+05  0.151235E+05 -0.398468E+00  0.162129E+05  0.280749E+04  0.340918E+04
  0.232242E-01  0.163590E+05  0.857506E+04  0.105350E+05  0.452438E+04  0.000000E+00  0.150905E+05  0.150905E+05  0.150905E+05 -0.397056E+00  0.161787E+05  0.270842E+04  0.340994E+04
  0.233314E-01  0.163338E+05  0.850101E+04  0.104345E+05  0.444448E+04  0.000000E+00  0.150574E+05  0.150574E+05  0.150574E+05 -0.395639E+00  0.161443E+05  0.260939E+04  0.341056E+04
  0.234391E-01  0.163085E+05  0.842673E+04  0.103337E+05  0.436517E+04  0.000000E+00  0.150241E+05  0.150241E+05  0.150241E+05 -0.394218E+00  0.161097E+05  0.251043E+04  0.341104E+04
  0.235473E-01  0.162830E+05  0.835220E+04  0.102327E+05  0.428644E+04  0.000000E+00  0.149906E+05  0.149906E+05  0.149906E+05 -0.392792E+00  0.160749E+05  0.241155E+04  0.341137E+04
  0.236560E-01  0.162574E+05  0.827744E+04  0.101314E+05  0.420832E+04  0.000000E+00  0.149569E+05  0.149569E+05  0.149569E+05 -0.391363E+00  0.160400E+05  0.231278E+04  0.341154E+04
  0.237652E-01  0.162316E+05  0.820245E+04  0.100300E+05  0.413081E+04  0.000000E+00  0.149231E+05  0.149231E+05  0.149231E+05 -0.389929E+00  0.160048E+05  0.221411E+04  0.341157E+04
  0.238749E-01  0.162056E+05  0.812724E+04  0.992824E+04  0.405393E+04  0.000000E+00  0.148891E+05  0.148891E+05  0.148891E+05 -0.388491E+00  0.159694E+05  0.211561E+04  0.341143E+04
  0.239851E-01  0.161795E+05  0.805179E+04  0.982630E+04  0.397769E+04  0.000000E+00  0.148550E+05  0.148550E+05  0.148550E+05 -0.387049E+00  0.159338E+05  0.201722E+04  0.341115E+04
  0.240959E-01  0.161532E+05  0.797613E+04  0.972415E+04  0.390209E+04  0.000000E+00  0.148207E+05  0.148207E+05  0.148207E+05 -0.385603E+00  0.158980E+05  0.191900E+04  0.341070E+04
  0.242071E-01  0.161268E+05  0.790026E+04  0.962179E+04  0.382716E+04  0.000000E+00  0.147862E+05  0.147862E+05  0.147862E+05 -0.384152E+00  0.158620E+05  0.182095E+04  0.341010E+04
  0.243189E-01  0.161002E+05  0.782418E+04  0.951923E+04  0.375289E+04  0.000000E+00  0.147516E+05  0.147516E+05  0.147516E+05 -0.382699E+00  0.158257E+05  0.172308E+04  0.340933E+04
  0.244312E-01  0.160735E+05  0.774789E+04  0.941648E+04  0.367930E+04  0.000000E+00  0.147167E+05  0.147167E+05  0.147167E+05 -0.381241E+00  0.157893E+05  0.162541E+04  0.340840E+04
  0.245440E-01  0.160466E+05  0.767140E+04  0.931354E+04  0.360640E+04  0.000000E+00  0.146818E+05  0.146818E+05  0.146818E+05 -0.379780E+00  0.157527E+05  0.152795E+04  0.340731E+04
  0.246573E-01  0.160196E+05  0.759471E+04  0.921043E+04  0.353421E+04  0.000000E+00  0.146466E+05  0.146466E+05  0.146466E+05 -0.378314E+00  0.157159E+05  0.143073E+04  0.340605E+04
  0.247711E-01  0.159924E+05  0.751784E+04  0.910715E+04  0.346272E+04  0.000000E+00  0.146114E+05  0.146114E+05  0.146114E+05 -0.376846E+00  0.156789E+05  0.133375E+04  0.340462E+04
  0.248855E-01  0.159650E+05  0.744077E+04  0.900370E+04  0.339196E+04  0.000000E+00  0.145759E+05  0.145759E+05  0.145759E+05 -0.375374E+00  0.156416E+05  0.123702E+04  0.340303E+04
  0.250004E-01  0.159375E+05  0.736353E+04  0.890011E+04  0.332193E+04  0.000000E+00  0.145403E+05  0.145403E+05  0.145403E+05 -0.373898E+00  0.156042E+05  0.114056E+04  0.340127E+04
  0.251159E-01  0.159099E+05  0.728611E+04  0.879637E+04  0.325264E+04  0.000000E+00  0.145045E+05  0.145045E+05  0.145045E+05 -0.372419E+00  0.155666E+05  0.104440E+04  0.339933E+04
  0.252318E-01  0.158821E+05  0.720853E+04  0.869250E+04  0.318409E+04  0.000000E+00  0.144686E+05  0.144686E+05  0.144686E+05 -0.370937E+00  0.155287E+05  0.948552E+03  0.339722E+04
  0.253484E-01  0.158541E+05  0.713077E+04  0.858849E+04  0.311631E+04  0.000000E+00  0.144325E+05  0.144325E+05  0.144325E+05 -0.369451E+00  0.154907E+05  0.853013E+03  0.339494E+04
  0.254654E-01  0.158259E+05  0.705286E+04  0.848438E+04  0.304930E+04  0.000000E+00  0.143963E+05  0.143963E+05  0.143963E+05 -0.367963E+00  0.154524E+05  0.757845E+03  0.339248E+04
  0.255830E-01  0.157976E+05  0.697479E+04  0.838014E+04  0.298306E+04  0.000000E+00  0.143598E+05  0.143598E+05  0.143598E+05 -0.366471E+00  0.154140E+05  0.662985E+03  0.338984E+04
  0.257012E-01  0.157692E+05  0.689658E+04  0.827582E+04  0.291761E+04  0.000000E+00  0.143233E+05  0.143233E+05  0.143233E+05 -0.364977E+00  0.153753E+05  0.568535E+03  0.338702E+04
  0.258199E-01  0.157406E+05  0.681823E+04  0.817140E+04  0.285296E+04  0.000000E+00  0.142866E+05  0.142866E+05  0.142866E+05 -0.363479E+00  0.153364E+05  0.474453E+03  0.338403E+04
  0.259391E-01  0.157118E+05  0.673973E+04  0.806690E+04  0.278911E+04  0.000000E+00  0.142497E+05  0.142497E+05  0.142497E+05 -0.361979E+00  0.152974E+05  0.380783E+03  0.338084E+04
  0.260590E-01  0.156829E+05  0.666111E+04  0.796233E+04  0.272607E+04  0.000000E+00  0.142127E+05  0.142127E+05  0.142127E+05 -0.360476E+00  0.152581E+05  0.287527E+03  0.337748E+04
  0.261793E-01  0.156538E+05  0.658237E+04  0.785770E+04  0.266384E+04  0.000000E+00  0.141755E+05  0.141755E+05  0.141755E+05 -0.358970E+00  0.152187E+05  0.194733E+03  0.337393E+04
  0.263003E-01  0.156246E+05  0.650350E+04  0.775301E+04  0.260245E+04  0.000000E+00  0.141382E+05  0.141382E+05  0.141382E+05 -0.357462E+00  0.151790E+05  0.102376E+03  0.337019E+04
  0.264218E-01  0.155952E+05  0.642453E+04  0.764828E+04  0.254189E+04  0.000000E+00  0.141007E+05  0.141007E+05  0.141007E+05 -0.355951E+00  0.151391E+05  0.105126E+02  0.336626E+04
  0.265439E-01  0.155656E+05  0.634545E+04  0.754352E+04  0.248216E+04  0.000000E+00  0.140631E+05  0.140631E+05  0.140631E+05 -0.354438E+00  0.150991E+05 -0.808640E+02  0.336214E+04
  0.266665E-01  0.155359E+05  0.626627E+04  0.743874E+04  0.242329E+04  0.000000E+00  0.140253E+05  0.140253E+05  0.140253E+05 -0.352923E+00  0.150588E+05 -0.171738E+03  0.335784E+04
  0.267898E-01  0.155060E+05  0.618700E+04  0.733395E+04  0.236527E+04  0.000000E+00  0.139874E+05  0.139874E+05  0.139874E+05 -0.351405E+00  0.150183E+05 -0.262061E+03  0.335333E+04
  0.269136E-01  0.154760E+05  0.610765E+04  0.722915E+04  0.230811E+04  0.000000E+00  0.139493E+05  0.139493E+05  0.139493E+05 -0.349886E+00  0.149777E+05 -0.351853E+03  0.334864E+04
  0.270379E-01  0.154458E+05  0.602822E+04  0.712436E+04  0.225182E+04  0.000000E+00  0.139111E+05  0.139111E+05  0.139111E+05 -0.348364E+00  0.149368E+05 -0.441080E+03  0.334375E+04
  0.271629E-01  0.154154E+05  0.594871E+04  0.701960E+04  0.219639E+04  0.000000E+00  0.138727E+05  0.138727E+05  0.138727E+05 -0.346840E+00  0.148957E+05 -0.529711E+03  0.333866E+04
  0.272885E-01  0.153849E+05  0.586915E+04  0.691486E+04  0.214185E+04  0.000000E+00  0.138342E+05  0.138342E+05  0.138342E+05 -0.345315E+00  0.148545E+05 -0.617733E+03  0.333337E+04
  0.274146E-01  0.153543E+05  0.578953E+04  0.681017E+04  0.208818E+04  0.000000E+00  0.137956E+05  0.137956E+05  0.137956E+05 -0.343787E+00  0.148130E+05 -0.705131E+03  0.332789E+04
  0.275414E-01  0.153234E+05  0.570985E+04  0.670553E+04  0.203541E+04  0.000000E+00  0.137568E+05  0.137568E+05  0.137568E+05 -0.342258E+00  0.147714E+05 -0.791893E+03  0.332220E+04
  0.276688E-01  0.152924E+05  0.563014E+04  0.660096E+04  0.198352E+04  0.000000E+00  0.137179E+05  0.137179E+05  0.137179E+05 -0.340728E+00  0.147295E+05 -0.877992E+03  0.331631E+04
  0.277967E-01  0.152613E+05  0.555039E+04  0.649645E+04  0.193253E+04  0.000000E+00  0.136788E+05  0.136788E+05  0.136788E+05 -0.339196E+00  0.146875E+05 -0.963391E+03  0.331021E+04
  0.279253E-01  0.152300E+05  0.547061E+04  0.639204E+04  0.188243E+04  0.000000E+00  0.136396E+05  0.136396E+05  0.136396E+05 -0.337662E+00  0.146452E+05 -0.104810E+04  0.330391E+04
  0.280545E-01  0.151985E+05  0.539082E+04  0.628773E+04  0.183324E+04  0.000000E+00  0.136002E+05  0.136002E+05  0.136002E+05 -0.336128E+00  0.146028E+05 -0.113209E+04  0.329741E+04
  0.281843E-01  0.151669E+05  0.531101E+04  0.618352E+04  0.178495E+04  0.000000E+00  0.135608E+05  0.135608E+05  0.135608E+05 -0.334592E+00  0.145602E+05 -0.121533E+04  0.329069E+04
  0.283147E-01  0.151351E+05  0.523120E+04  0.607944E+04  0.173757E+04  0.000000E+00  0.135211E+05  0.135211E+05  0.135211E+05 -0.333055E+00  0.145174E+05 -0.129783E+04  0.328377E+04
  0.284458E-01  0.151032E+05  0.515139E+04  0.597549E+04  0.169111E+04  0.000000E+00  0.134814E+05  0.134814E+05  0.134814E+05 -0.331517E+00  0.144744E+05 -0.137949E+04  0.327663E+04
  0.285775E-01  0.150711E+05  0.507160E+04  0.587169E+04  0.164555E+04  0.000000E+00  0.134415E+05  0.134415E+05  0.134415E+05 -0.329978E+00  0.144312E+05 -0.146041E+04  0.326929E+04
  0.287098E-01  0.150388E+05  0.499182E+04  0.576804E+04  0.160090E+04  0.000000E+00  0.134015E+05  0.134015E+05  0.134015E+05 -0.328438E+00  0.143878E+05 -0.154048E+04  0.326174E+04
  0.288427E-01  0.150064E+05  0.491207E+04  0.566457E+04  0.155717E+04  0.000000E+00  0.133614E+05  0.133614E+05  0.133614E+05 -0.326897E+00  0.143442E+05 -0.161971E+04  0.325397E+04
  0.289763E-01  0.149738E+05  0.483236E+04  0.556128E+04  0.151435E+04  0.000000E+00  0.133211E+05  0.133211E+05  0.133211E+05 -0.325356E+00  0.143004E+05 -0.169803E+04  0.324598E+04
  0.291106E-01  0.149410E+05  0.475270E+04  0.545818E+04  0.147245E+04  0.000000E+00  0.132807E+05  0.132807E+05  0.132807E+05 -0.323814E+00  0.142564E+05 -0.177550E+04  0.323777E+04
  0.292455E-01  0.149081E+05  0.467310E+04  0.535529E+04  0.143147E+04  0.000000E+00  0.132402E+05  0.132402E+05  0.132402E+05 -0.322272E+00  0.142123E+05 -0.185202E+04  0.322934E+04
  0.293810E-01  0.148751E+05  0.459355E+04  0.525262E+04  0.139140E+04  0.000000E+00  0.131996E+05  0.131996E+05  0.131996E+05 -0.320730E+00  0.141679E+05 -0.192769E+04  0.322071E+04
  0.295173E-01  0.148418E+05  0.451407E+04  0.515019E+04  0.135224E+04  0.000000E+00  0.131588E+05  0.131588E+05  0.131588E+05 -0.319187E+00  0.141234E+05 -0.200234E+04  0.321185E+04
  0.296542E-01  0.148084E+05  0.443468E+04  0.504800E+04  0.131400E+04  0.000000E+00  0.131179E+05  0.131179E+05  0.131179E+05 -0.317644E+00  0.140787E+05 -0.207606E+04  0.320277E+04
  0.297917E-01  0.147749E+05  0.435537E+04  0.494607E+04  0.127666E+04  0.000000E+00  0.130769E+05  0.130769E+05  0.130769E+05 -0.316101E+00  0.140338E+05 -0.214877E+04  0.319347E+04
  0.299300E-01  0.147412E+05  0.427616E+04  0.484442E+04  0.124024E+04  0.000000E+00  0.130358E+05  0.130358E+05  0.130358E+05 -0.314558E+00  0.139887E+05 -0.222045E+04  0.318395E+04
  0.300689E-01  0.147073E+05  0.419705E+04  0.474304E+04  0.120472E+04  0.000000E+00  0.129945E+05  0.129945E+05  0.129945E+05 -0.313015E+00  0.139435E+05 -0.229114E+04  0.317420E+04
  0.302085E-01  0.146733E+05  0.411807E+04  0.464197E+04  0.117011E+04  0.000000E+00  0.129532E+05  0.129532E+05  0.129532E+05 -0.311472E+00  0.138980E+05 -0.236071E+04  0.316423E+04
  0.303489E-01  0.146391E+05  0.403921E+04  0.454121E+04  0.113639E+04  0.000000E+00  0.129117E+05  0.129117E+05  0.129117E+05 -0.309929E+00  0.138524E+05 -0.242922E+04  0.315403E+04
  0.304899E-01  0.146047E+05  0.396049E+04  0.444078E+04  0.110358E+04  0.000000E+00  0.128701E+05  0.128701E+05  0.128701E+05 -0.308387E+00  0.138066E+05 -0.249661E+04  0.314360E+04
  0.306317E-01  0.145702E+05  0.388191E+04  0.434068E+04  0.107165E+04  0.000000E+00  0.128284E+05  0.128284E+05  0.128284E+05 -0.306846E+00  0.137606E+05 -0.256289E+04  0.313295E+04
  0.307741E-01  0.145355E+05  0.380348E+04  0.424094E+04  0.104062E+04  0.000000E+00  0.127866E+05  0.127866E+05  0.127866E+05 -0.305305E+00  0.137144E+05 -0.262802E+04  0.312206E+04
  0.309173E-01  0.145007E+05  0.372522E+04  0.414156E+04  0.101046E+04  0.000000E+00  0.127447E+05  0.127447E+05  0.127447E+05 -0.303765E+00  0.136680E+05 -0.269196E+04  0.311095E+04
  0.310612E-01  0.144656E+05  0.364713E+04  0.404257E+04  0.981187E+03  0.000000E+00  0.127026E+05  0.127026E+05  0.127026E+05 -0.302225E+00  0.136215E+05 -0.275473E+04  0.309961E+04
  0.312059E-01  0.144305E+05  0.356922E+04  0.394396E+04  0.952783E+03  0.000000E+00  0.126605E+05  0.126605E+05  0.126605E+05 -0.300686E+00  0.135748E+05 -0.281627E+04  0.308803E+04
  0.313513E-01  0.143951E+05  0.349150E+04  0.384577E+04  0.925244E+03  0.000000E+00  0.126182E+05  0.126182E+05  0.126182E+05 -0.299149E+00  0.135279E+05 -0.287658E+04  0.307623E+04
  0.314975E-01  0.143596E+05  0.341399E+04  0.374800E+04  0.898564E+03  0.000000E+00  0.125759E+05  0.125759E+05  0.125759E+05 -0.297612E+00  0.134809E+05 -0.293561E+04  0.306418E+04
  0.316444E-01  0.143239E+05  0.333669E+04  0.365067E+04  0.872735E+03  0.000000E+00  0.125334E+05  0.125334E+05  0.125334E+05 -0.296076E+00  0.134336E+05 -0.299335E+04  0.305191E+04
  0.317921E-01  0.142881E+05  0.325962E+04  0.355378E+04  0.847750E+03  0.000000E+00  0.124909E+05  0.124909E+05  0.124909E+05 -0.294542E+00  0.133862E+05 -0.304977E+04  0.303939E+04
  0.319406E-01  0.142521E+05  0.318278E+04  0.345736E+04  0.823600E+03  0.000000E+00  0.124482E+05  0.124482E+05  0.124482E+05 -0.293009E+00  0.133386E+05 -0.310489E+04  0.302665E+04
  0.320899E-01  0.142159E+05  0.310617E+04  0.336143E+04  0.800279E+03  0.000000E+00  0.124055E+05  0.124055E+05  0.124055E+05 -0.291477E+00  0.132908E+05 -0.315868E+04  0.301367E+04
  0.322399E-01  0.141796E+05  0.302982E+04  0.326598E+04  0.777776E+03  0.000000E+00  0.123626E+05  0.123626E+05  0.123626E+05 -0.289947E+00  0.132429E+05 -0.321103E+04  0.300045E+04
  0.323908E-01  0.141431E+05  0.295373E+04  0.317104E+04  0.756082E+03  0.000000E+00  0.123196E+05  0.123196E+05  0.123196E+05 -0.288419E+00  0.131948E+05 -0.326202E+04  0.298700E+04
  0.325425E-01  0.141064E+05  0.287793E+04  0.307663E+04  0.735188E+03  0.000000E+00  0.122766E+05  0.122766E+05  0.122766E+05 -0.286892E+00  0.131465E+05 -0.331155E+04  0.297330E+04
  0.326950E-01  0.140696E+05  0.280241E+04  0.298275E+04  0.715083E+03  0.000000E+00  0.122335E+05  0.122335E+05  0.122335E+05 -0.285366E+00  0.130981E+05 -0.335963E+04  0.295936E+04
  0.328484E-01  0.140326E+05  0.272718E+04  0.288942E+04  0.695757E+03  0.000000E+00  0.121902E+05  0.121902E+05  0.121902E+05 -0.283843E+00  0.130494E+05 -0.340621E+04  0.294518E+04
  0.330026E-01  0.139954E+05  0.265226E+04  0.279668E+04  0.677199E+03  0.000000E+00  0.121469E+05  0.121469E+05  0.121469E+05 -0.282321E+00  0.130006E+05 -0.345139E+04  0.293077E+04
  0.331577E-01  0.139580E+05  0.257765E+04  0.270449E+04  0.659399E+03  0.000000E+00  0.121035E+05  0.121035E+05  0.121035E+05 -0.280802E+00  0.129517E+05 -0.349501E+04  0.291612E+04
  0.333136E-01  0.139205E+05  0.250338E+04  0.261292E+04  0.642342E+03  0.000000E+00  0.120599E+05  0.120599E+05  0.120599E+05 -0.279284E+00  0.129025E+05 -0.353707E+04  0.290122E+04
  0.334704E-01  0.138828E+05  0.242944E+04  0.252196E+04  0.626018E+03  0.000000E+00  0.120163E+05  0.120163E+05  0.120163E+05 -0.277769E+00  0.128532E+05 -0.357755E+04  0.288608E+04
  0.336281E-01  0.138449E+05  0.235586E+04  0.243162E+04  0.610415E+03  0.000000E+00  0.119727E+05  0.119727E+05  0.119727E+05 -0.276256E+00  0.128037E+05 -0.361645E+04  0.287069E+04
  0.337868E-01  0.138069E+05  0.228264E+04  0.234193E+04  0.595518E+03  0.000000E+00  0.119289E+05  0.119289E+05  0.119289E+05 -0.274745E+00  0.127541E+05 -0.365373E+04  0.285506E+04
  0.339463E-01  0.137687E+05  0.220979E+04  0.225290E+04  0.581315E+03  0.000000E+00  0.118850E+05  0.118850E+05  0.118850E+05 -0.273237E+00  0.127043E+05 -0.368937E+04  0.283919E+04
  0.341068E-01  0.137303E+05  0.213734E+04  0.216454E+04  0.567792E+03  0.000000E+00  0.118411E+05  0.118411E+05  0.118411E+05 -0.271731E+00  0.126543E+05 -0.372333E+04  0.282307E+04
  0.342682E-01  0.136917E+05  0.206527E+04  0.207687E+04  0.554935E+03  0.000000E+00  0.117970E+05  0.117970E+05  0.117970E+05 -0.270227E+00  0.126042E+05 -0.375561E+04  0.280671E+04
  0.344306E-01  0.136529E+05  0.199362E+04  0.198990E+04  0.542729E+03  0.000000E+00  0.117529E+05  0.117529E+05  0.117529E+05 -0.268726E+00  0.125538E+05 -0.378619E+04  0.279010E+04
  0.345939E-01  0.136140E+05  0.192239E+04  0.190366E+04  0.531159E+03  0.000000E+00  0.117087E+05  0.117087E+05  0.117087E+05 -0.267228E+00  0.125034E+05 -0.381500E+04  0.277324E+04
  0.347583E-01  0.135749E+05  0.185159E+04  0.181815E+04  0.520210E+03  0.000000E+00  0.116644E+05  0.116644E+05  0.116644E+05 -0.265732E+00  0.124527E+05 -0.384207E+04  0.275614E+04
  0.349237E-01  0.135356E+05  0.178124E+04  0.173341E+04  0.509866E+03  0.000000E+00  0.116200E+05  0.116200E+05  0.116200E+05 -0.264240E+00  0.124019E+05 -0.386734E+04  0.273879E+04
  0.350900E-01  0.134961E+05  0.171134E+04  0.164942E+04  0.500112E+03  0.000000E+00  0.115756E+05  0.115756E+05  0.115756E+05 -0.262750E+00  0.123509E+05 -0.389079E+04  0.272119E+04
  0.352575E-01  0.134564E+05  0.164192E+04  0.156623E+04  0.490931E+03  0.000000E+00  0.115311E+05  0.115311E+05  0.115311E+05 -0.261263E+00  0.122997E+05 -0.391240E+04  0.270334E+04
  0.354260E-01  0.134165E+05  0.157297E+04  0.148383E+04  0.482307E+03  0.000000E+00  0.114865E+05  0.114865E+05  0.114865E+05 -0.259779E+00  0.122484E+05 -0.393217E+04  0.268524E+04
  0.355955E-01  0.133765E+05  0.150452E+04  0.140225E+04  0.474222E+03  0.000000E+00  0.114418E+05  0.114418E+05  0.114418E+05 -0.258298E+00  0.121969E+05 -0.395003E+04  0.266690E+04
  0.357662E-01  0.133362E+05  0.143659E+04  0.132152E+04  0.466658E+03  0.000000E+00  0.113970E+05  0.113970E+05  0.113970E+05 -0.256820E+00  0.121453E+05 -0.396596E+04  0.264830E+04
  0.359379E-01  0.132958E+05  0.136917E+04  0.124163E+04  0.459600E+03  0.000000E+00  0.113522E+05  0.113522E+05  0.113522E+05 -0.255346E+00  0.120935E+05 -0.397997E+04  0.262946E+04
  0.361108E-01  0.132551E+05  0.130230E+04  0.116262E+04  0.453027E+03  0.000000E+00  0.113072E+05  0.113072E+05  0.113072E+05 -0.253874E+00  0.120415E+05 -0.399199E+04  0.261036E+04
  0.362849E-01  0.132143E+05  0.123596E+04  0.108448E+04  0.446923E+03  0.000000E+00  0.112622E+05  0.112622E+05  0.112622E+05 -0.252406E+00  0.119893E+05 -0.400204E+04  0.259102E+04
  0.364601E-01  0.131732E+05  0.117018E+04  0.100725E+04  0.441268E+03  0.000000E+00  0.112172E+05  0.112172E+05  0.112172E+05 -0.250941E+00  0.119370E+05 -0.401007E+04  0.257142E+04
  0.366366E-01  0.131320E+05  0.110499E+04  0.930943E+03  0.436044E+03  0.000000E+00  0.111720E+05  0.111720E+05  0.111720E+05 -0.249480E+00  0.118845E+05 -0.401605E+04  0.255157E+04
  0.368142E-01  0.130905E+05  0.104040E+04  0.855589E+03  0.431232E+03  0.000000E+00  0.111268E+05  0.111268E+05  0.111268E+05 -0.248023E+00  0.118318E+05 -0.401992E+04  0.253146E+04
  0.369931E-01  0.130489E+05  0.976379E+03  0.781161E+03  0.426812E+03  0.000000E+00  0.110815E+05  0.110815E+05  0.110815E+05 -0.246568E+00  0.117790E+05 -0.402178E+04  0.251112E+04
  0.371733E-01  0.130070E+05  0.913004E+03  0.707729E+03  0.422764E+03  0.000000E+00  0.110361E+05  0.110361E+05  0.110361E+05 -0.245118E+00  0.117260E+05 -0.402145E+04  0.249051E+04
  0.373548E-01  0.129649E+05  0.850247E+03  0.635276E+03  0.419069E+03  0.000000E+00  0.109907E+05  0.109907E+05  0.109907E+05 -0.243671E+00  0.116728E+05 -0.401901E+04  0.246966E+04
  0.375376E-01  0.129226E+05  0.788155E+03  0.563850E+03  0.415707E+03  0.000000E+00  0.109452E+05  0.109452E+05  0.109452E+05 -0.242227E+00  0.116194E+05 -0.401434E+04  0.244855E+04
  0.377217E-01  0.128801E+05  0.726723E+03  0.493455E+03  0.412657E+03  0.000000E+00  0.108996E+05  0.108996E+05  0.108996E+05 -0.240788E+00  0.115659E+05 -0.400749E+04  0.242718E+04
  0.379072E-01  0.128374E+05  0.665962E+03  0.424095E+03  0.409899E+03  0.000000E+00  0.108539E+05  0.108539E+05  0.108539E+05 -0.239352E+00  0.115122E+05 -0.399843E+04  0.240557E+04
  0.380941E-01  0.127944E+05  0.605901E+03  0.355810E+03  0.407411E+03  0.000000E+00  0.108081E+05  0.108081E+05  0.108081E+05 -0.237920E+00  0.114583E+05 -0.398709E+04  0.238370E+04
  0.382825E-01  0.127512E+05  0.546542E+03  0.288602E+03  0.405174E+03  0.000000E+00  0.107623E+05  0.107623E+05  0.107623E+05 -0.236492E+00  0.114042E+05 -0.397347E+04  0.236158E+04
  0.384723E-01  0.127078E+05  0.487922E+03  0.222512E+03  0.403166E+03  0.000000E+00  0.107164E+05  0.107164E+05  0.107164E+05 -0.235068E+00  0.113500E+05 -0.395753E+04  0.233921E+04
  0.386636E-01  0.126641E+05  0.430039E+03  0.157546E+03  0.401366E+03  0.000000E+00  0.106704E+05  0.106704E+05  0.106704E+05 -0.233648E+00  0.112956E+05 -0.393928E+04  0.231658E+04
  0.388564E-01  0.126202E+05  0.372934E+03  0.937408E+02  0.399752E+03  0.000000E+00  0.106244E+05  0.106244E+05  0.106244E+05 -0.232232E+00  0.112410E+05 -0.391862E+04  0.229370E+04
  0.390509E-01  0.125761E+05  0.316586E+03  0.310788E+02  0.398303E+03  0.000000E+00  0.105782E+05  0.105782E+05  0.105782E+05 -0.230819E+00  0.111862E+05 -0.389557E+04  0.227056E+04
  0.392469E-01  0.125317E+05  0.261045E+03 -0.303800E+02  0.396998E+03  0.000000E+00  0.105320E+05  0.105320E+05  0.105320E+05 -0.229411E+00  0.111313E+05 -0.387009E+04  0.224717E+04
  0.394445E-01  0.124871E+05  0.206304E+03 -0.906468E+02  0.395814E+03  0.000000E+00  0.104858E+05  0.104858E+05  0.104858E+05 -0.228007E+00  0.110761E+05 -0.384222E+04  0.222354E+04
  0.396439E-01  0.124422E+05  0.152410E+03 -0.149667E+03  0.394731E+03  0.000000E+00  0.104394E+05  0.104394E+05  0.104394E+05 -0.226608E+00  0.110208E+05 -0.381183E+04  0.219965E+04
  0.398449E-01  0.123970E+05  0.993682E+02 -0.207443E+03  0.393726E+03  0.000000E+00  0.103930E+05  0.103930E+05  0.103930E+05 -0.225212E+00  0.109653E+05 -0.377887E+04  0.217549E+04
  0.400478E-01  0.123516E+05  0.471899E+02 -0.263938E+03  0.392779E+03  0.000000E+00  0.103464E+05  0.103464E+05  0.103464E+05 -0.223821E+00  0.109096E+05 -0.374351E+04  0.215110E+04
  0.402524E-01  0.123059E+05 -0.409010E+01 -0.319139E+03  0.391865E+03  0.000000E+00  0.102998E+05  0.102998E+05  0.102998E+05 -0.222434E+00  0.108537E+05 -0.370550E+04  0.212645E+04
  0.404589E-01  0.122600E+05 -0.544787E+02 -0.373038E+03  0.390965E+03  0.000000E+00  0.102532E+05  0.102532E+05  0.102532E+05 -0.221052E+00  0.107976E+05 -0.366489E+04  0.210155E+04
  0.406672E-01  0.122137E+05 -0.103917E+03 -0.425565E+03  0.390057E+03  0.000000E+00  0.102064E+05  0.102064E+05  0.102064E+05 -0.219674E+00  0.107413E+05 -0.362175E+04  0.207641E+04
  0.408775E-01  0.121672E+05 -0.152418E+03 -0.476752E+03  0.389119E+03  0.000000E+00  0.101596E+05  0.101596E+05  0.101596E+05 -0.218300E+00  0.106848E+05 -0.357592E+04  0.205101E+04
  0.410898E-01  0.121204E+05 -0.199943E+03 -0.526546E+03  0.388129E+03  0.000000E+00  0.101126E+05  0.101126E+05  0.101126E+05 -0.216931E+00  0.106281E+05 -0.352740E+04  0.202536E+04
  0.413042E-01  0.120733E+05 -0.246455E+03 -0.574909E+03  0.387067E+03  0.000000E+00  0.100656E+05  0.100656E+05  0.100656E+05 -0.215566E+00  0.105712E+05 -0.347618E+04  0.199946E+04
  0.415206E-01  0.120259E+05 -0.291960E+03 -0.621845E+03  0.385911E+03  0.000000E+00  0.100185E+05  0.100185E+05  0.100185E+05 -0.214206E+00  0.105141E+05 -0.342224E+04  0.197331E+04
  0.417393E-01  0.119781E+05 -0.336419E+03 -0.667310E+03  0.384641E+03  0.000000E+00  0.997132E+04  0.997132E+04  0.997132E+04 -0.212850E+00  0.104568E+05 -0.336556E+04  0.194692E+04
  0.419601E-01  0.119301E+05 -0.379809E+03 -0.711293E+03  0.383235E+03  0.000000E+00  0.992405E+04  0.992405E+04  0.992405E+04 -0.211499E+00  0.103993E+05 -0.330606E+04  0.192028E+04
  0.421832E-01  0.118818E+05 -0.422125E+03 -0.753765E+03  0.381674E+03  0.000000E+00  0.987667E+04  0.987667E+04  0.987667E+04 -0.210152E+00  0.103415E+05 -0.324383E+04  0.189340E+04
  0.424086E-01  0.118331E+05 -0.463306E+03 -0.794687E+03  0.379938E+03  0.000000E+00  0.982921E+04  0.982921E+04  0.982921E+04 -0.208811E+00  0.102836E+05 -0.317868E+04  0.186627E+04
  0.426365E-01  0.117841E+05 -0.503353E+03 -0.834042E+03  0.378007E+03  0.000000E+00  0.978166E+04  0.978166E+04  0.978166E+04 -0.207474E+00  0.102254E+05 -0.311072E+04  0.183890E+04
  0.428668E-01  0.117347E+05 -0.542233E+03 -0.871802E+03  0.375862E+03  0.000000E+00  0.973401E+04  0.973401E+04  0.973401E+04 -0.206141E+00  0.101670E+05 -0.303986E+04  0.181130E+04
  0.430996E-01  0.116850E+05 -0.579892E+03 -0.907913E+03  0.373485E+03  0.000000E+00  0.968626E+04  0.968626E+04  0.968626E+04 -0.204814E+00  0.101084E+05 -0.296608E+04  0.178345E+04
  0.433351E-01  0.116349E+05 -0.616374E+03 -0.942422E+03  0.370857E+03  0.000000E+00  0.963841E+04  0.963841E+04  0.963841E+04 -0.203491E+00  0.100495E+05 -0.288942E+04  0.175537E+04
  0.435733E-01  0.115845E+05 -0.651568E+03 -0.975209E+03  0.367962E+03  0.000000E+00  0.959046E+04  0.959046E+04  0.959046E+04 -0.202173E+00  0.999041E+04 -0.280978E+04  0.172706E+04
  0.438142E-01  0.115337E+05 -0.685503E+03 -0.100631E+04  0.364782E+03  0.000000E+00  0.954240E+04  0.954240E+04  0.954240E+04 -0.200860E+00  0.993108E+04 -0.272719E+04  0.169852E+04
  0.440580E-01  0.114825E+05 -0.718104E+03 -0.103565E+04  0.361301E+03  0.000000E+00  0.949424E+04  0.949424E+04  0.949424E+04 -0.199552E+00  0.987151E+04 -0.264157E+04  0.166975E+04
  0.443048E-01  0.114309E+05 -0.749369E+03 -0.106322E+04  0.357505E+03  0.000000E+00  0.944597E+04  0.944597E+04  0.944597E+04 -0.198249E+00  0.981170E+04 -0.255297E+04  0.164075E+04
  0.445546E-01  0.113789E+05 -0.779255E+03 -0.108899E+04  0.353380E+03  0.000000E+00  0.939758E+04  0.939758E+04  0.939758E+04 -0.196951E+00  0.975163E+04 -0.246131E+04  0.161153E+04
  0.448075E-01  0.113265E+05 -0.807731E+03 -0.111293E+04  0.348911E+03  0.000000E+00  0.934909E+04  0.934909E+04  0.934909E+04 -0.195658E+00  0.969132E+04 -0.236663E+04  0.158210E+04
  0.450636E-01  0.112737E+05 -0.834767E+03 -0.113501E+04  0.344088E+03  0.000000E+00  0.930047E+04  0.930047E+04  0.930047E+04 -0.194370E+00  0.963074E+04 -0.226889E+04  0.155245E+04
  0.453231E-01  0.112204E+05 -0.860328E+03 -0.115519E+04  0.338899E+03  0.000000E+00  0.925173E+04  0.925173E+04  0.925173E+04 -0.193087E+00  0.956990E+04 -0.216808E+04  0.152260E+04
  0.455860E-01  0.111668E+05 -0.884373E+03 -0.117345E+04  0.333335E+03  0.000000E+00  0.920287E+04  0.920287E+04  0.920287E+04 -0.191809E+00  0.950880E+04 -0.206419E+04  0.149253E+04
  0.458525E-01  0.111126E+05 -0.906859E+03 -0.118972E+04  0.327388E+03  0.000000E+00  0.915388E+04  0.915388E+04  0.915388E+04 -0.190537E+00  0.944742E+04 -0.195724E+04  0.146228E+04
  0.461227E-01  0.110580E+05 -0.927745E+03 -0.120399E+04  0.321051E+03  0.000000E+00  0.910476E+04  0.910476E+04  0.910476E+04 -0.189270E+00  0.938577E+04 -0.184719E+04  0.143183E+04
  0.463967E-01  0.110029E+05 -0.947035E+03 -0.121627E+04  0.314318E+03  0.000000E+00  0.905551E+04  0.905551E+04  0.905551E+04 -0.188008E+00  0.932383E+04 -0.173405E+04  0.140119E+04
  0.466745E-01  0.109473E+05 -0.964640E+03 -0.122645E+04  0.307188E+03  0.000000E+00  0.900611E+04  0.900611E+04  0.900611E+04 -0.186751E+00  0.926162E+04 -0.161789E+04  0.137038E+04
  0.469565E-01  0.108912E+05 -0.980539E+03 -0.123456E+04  0.299657E+03  0.000000E+00  0.895658E+04  0.895658E+04  0.895658E+04 -0.185500E+00  0.919910E+04 -0.149857E+04  0.133938E+04
  0.472427E-01  0.108346E+05 -0.994681E+03 -0.124052E+04  0.291728E+03  0.000000E+00  0.890689E+04  0.890689E+04  0.890689E+04 -0.184254E+00  0.913630E+04 -0.137624E+04  0.130823E+04
  0.475332E-01  0.107775E+05 -0.100705E+04 -0.124434E+04  0.283403E+03  0.000000E+00  0.885705E+04  0.885705E+04  0.885705E+04 -0.183013E+00  0.907318E+04 -0.125086E+04  0.127692E+04
  0.478282E-01  0.107198E+05 -0.101754E+04 -0.124593E+04  0.274687E+03  0.000000E+00  0.880706E+04  0.880706E+04  0.880706E+04 -0.181779E+00  0.900977E+04 -0.112247E+04  0.124547E+04
  0.481279E-01  0.106616E+05 -0.102619E+04 -0.124531E+04  0.265588E+03  0.000000E+00  0.875691E+04  0.875691E+04  0.875691E+04 -0.180549E+00  0.894603E+04 -0.991082E+03  0.121387E+04
  0.484325E-01  0.106028E+05 -0.103289E+04 -0.124242E+04  0.256116E+03  0.000000E+00  0.870658E+04  0.870658E+04  0.870658E+04 -0.179325E+00  0.888198E+04 -0.856761E+03  0.118216E+04
  0.487421E-01  0.105434E+05 -0.103762E+04 -0.123723E+04  0.246286E+03  0.000000E+00  0.865608E+04  0.865608E+04  0.865608E+04 -0.178107E+00  0.881760E+04 -0.719538E+03  0.115034E+04
  0.490569E-01  0.104833E+05 -0.104033E+04 -0.122970E+04  0.236112E+03  0.000000E+00  0.860540E+04  0.860540E+04  0.860540E+04 -0.176895E+00  0.875289E+04 -0.579480E+03  0.111841E+04
  0.493772E-01  0.104227E+05 -0.104098E+04 -0.121983E+04  0.225615E+03  0.000000E+00  0.855454E+04  0.855454E+04  0.855454E+04 -0.175688E+00  0.868783E+04 -0.436633E+03  0.108641E+04
  0.497030E-01  0.103614E+05 -0.103950E+04 -0.120756E+04  0.214817E+03  0.000000E+00  0.850348E+04  0.850348E+04  0.850348E+04 -0.174486E+00  0.862244E+04 -0.291087E+03  0.105433E+04
  0.500348E-01  0.102994E+05 -0.103586E+04 -0.119288E+04  0.203744E+03  0.000000E+00  0.845221E+04  0.845221E+04  0.845221E+04 -0.173291E+00  0.855668E+04 -0.142902E+03  0.102220E+04
  0.503726E-01  0.102368E+05 -0.103000E+04 -0.117575E+04  0.192427E+03  0.000000E+00  0.840074E+04  0.840074E+04  0.840074E+04 -0.172101E+00  0.849057E+04  0.779721E+01  0.990043E+03
  0.507168E-01  0.101735E+05 -0.102187E+04 -0.115613E+04  0.180901E+03  0.000000E+00  0.834904E+04  0.834904E+04  0.834904E+04 -0.170917E+00  0.842410E+04  0.160903E+03  0.957871E+03
  0.510676E-01  0.101094E+05 -0.101143E+04 -0.113405E+04  0.169202E+03  0.000000E+00  0.829712E+04  0.829712E+04  0.829712E+04 -0.169738E+00  0.835725E+04  0.316268E+03  0.925709E+03
  0.514253E-01  0.100446E+05 -0.998637E+03 -0.110946E+04  0.157372E+03  0.000000E+00  0.824495E+04  0.824495E+04  0.824495E+04 -0.168566E+00  0.829001E+04  0.473792E+03  0.893574E+03
  0.517901E-01  0.997901E+04 -0.983403E+03 -0.108232E+04  0.145459E+03  0.000000E+00  0.819254E+04  0.819254E+04  0.819254E+04 -0.167399E+00  0.822239E+04  0.633275E+03  0.861499E+03
  0.521625E-01  0.991264E+04 -0.965706E+03 -0.105264E+04  0.133514E+03  0.000000E+00  0.813987E+04  0.813987E+04  0.813987E+04 -0.166237E+00  0.815437E+04  0.794540E+03  0.829507E+03
  0.525427E-01  0.984545E+04 -0.945494E+03 -0.102041E+04  0.121593E+03  0.000000E+00  0.808692E+04  0.808692E+04  0.808692E+04 -0.165082E+00  0.808594E+04  0.957356E+03  0.797632E+03
  0.529310E-01  0.977741E+04 -0.922731E+03 -0.985635E+03  0.109754E+03  0.000000E+00  0.803369E+04  0.803369E+04  0.803369E+04 -0.163932E+00  0.801710E+04  0.112153E+04  0.765899E+03
  0.533279E-01  0.970851E+04 -0.897371E+03 -0.948318E+03  0.980620E+02  0.000000E+00  0.798015E+04  0.798015E+04  0.798015E+04 -0.162787E+00  0.794784E+04  0.128674E+04  0.734349E+03
  0.537336E-01  0.963871E+04 -0.869347E+03 -0.908444E+03  0.865866E+02  0.000000E+00  0.792629E+04  0.792629E+04  0.792629E+04 -0.161648E+00  0.787815E+04  0.145275E+04  0.703015E+03
  0.541488E-01  0.956799E+04 -0.838650E+03 -0.866059E+03  0.754010E+02  0.000000E+00  0.787209E+04  0.787209E+04  0.787209E+04 -0.160513E+00  0.780802E+04  0.161918E+04  0.671941E+03
  0.545737E-01  0.949631E+04 -0.805233E+03 -0.821174E+03  0.645811E+02  0.000000E+00  0.781754E+04  0.781754E+04  0.781754E+04 -0.159384E+00  0.773743E+04  0.178571E+04  0.641166E+03
  0.550089E-01  0.942364E+04 -0.769081E+03 -0.773840E+03  0.542072E+02  0.000000E+00  0.776260E+04  0.776260E+04  0.776260E+04 -0.158260E+00  0.766639E+04  0.195193E+04  0.610735E+03
  0.554549E-01  0.934996E+04 -0.730153E+03 -0.724090E+03  0.443646E+02  0.000000E+00  0.770727E+04  0.770727E+04  0.770727E+04 -0.157140E+00  0.759488E+04  0.211731E+04  0.580709E+03
  0.559122E-01  0.927522E+04 -0.688450E+03 -0.671996E+03  0.351376E+02  0.000000E+00  0.765151E+04  0.765151E+04  0.765151E+04 -0.156023E+00  0.752288E+04  0.228146E+04  0.551129E+03
  0.563814E-01  0.919939E+04 -0.643947E+03 -0.617620E+03  0.266151E+02  0.000000E+00  0.759529E+04  0.759529E+04  0.759529E+04 -0.154911E+00  0.745040E+04  0.244374E+04  0.522064E+03
  0.568631E-01  0.912245E+04 -0.596653E+03 -0.561057E+03  0.188847E+02  0.000000E+00  0.753859E+04  0.753859E+04  0.753859E+04 -0.153802E+00  0.737742E+04  0.260357E+04  0.493570E+03
  0.573580E-01  0.904434E+04 -0.546594E+03 -0.502425E+03  0.120334E+02  0.000000E+00  0.748137E+04  0.748137E+04  0.748137E+04 -0.152695E+00  0.730392E+04  0.276029E+04  0.465714E+03
  0.578667E-01  0.896503E+04 -0.493793E+03 -0.441851E+03  0.614667E+01  0.000000E+00  0.742359E+04  0.742359E+04  0.742359E+04 -0.151590E+00  0.722989E+04  0.291311E+04  0.438573E+03
  0.583901E-01  0.888449E+04 -0.438271E+03 -0.379473E+03  0.130672E+01  0.000000E+00  0.736522E+04  0.736522E+04  0.736522E+04 -0.150486E+00  0.715534E+04  0.306116E+04  0.412229E+03
  0.589290E-01  0.880265E+04 -0.380134E+03 -0.315494E+03 -0.241480E+01  0.000000E+00  0.730620E+04  0.730620E+04  0.730620E+04 -0.149381E+00  0.708022E+04  0.320367E+04  0.386748E+03
  0.594842E-01  0.871950E+04 -0.319449E+03 -0.250113E+03 -0.495050E+01  0.000000E+00  0.724648E+04  0.724648E+04  0.724648E+04 -0.148276E+00  0.700455E+04  0.333955E+04  0.362229E+03
  0.600566E-01  0.863497E+04 -0.256333E+03 -0.183570E+03 -0.624757E+01  0.000000E+00  0.718602E+04  0.718602E+04  0.718602E+04 -0.147168E+00  0.692828E+04  0.346776E+04  0.338760E+03
  0.606474E-01  0.854902E+04 -0.190916E+03 -0.116134E+03 -0.626618E+01  0.000000E+00  0.712474E+04  0.712474E+04  0.712474E+04 -0.146056E+00  0.685143E+04  0.358702E+04  0.316449E+03
  0.612576E-01  0.846161E+04 -0.123390E+03 -0.481295E+02 -0.498789E+01  0.000000E+00  0.706257E+04  0.706257E+04  0.706257E+04 -0.144937E+00  0.677396E+04  0.369611E+04  0.295392E+03
  0.618883E-01  0.837267E+04 -0.539653E+02  0.200922E+02 -0.241619E+01  0.000000E+00  0.699944E+04  0.699944E+04  0.699944E+04 -0.143810E+00  0.669585E+04  0.379362E+04  0.275699E+03
  0.625410E-01  0.828217E+04  0.170892E+02  0.881151E+02  0.141843E+01  0.000000E+00  0.693527E+04  0.693527E+04  0.693527E+04 -0.142673E+00  0.661709E+04  0.387798E+04  0.257488E+03
  0.632169E-01  0.819004E+04  0.894694E+02  0.155493E+03  0.645253E+01  0.000000E+00  0.686995E+04  0.686995E+04  0.686995E+04 -0.141521E+00  0.653765E+04  0.394764E+04  0.240868E+03
  0.639176E-01  0.809623E+04  0.162808E+03  0.221718E+03  0.125877E+02  0.000000E+00  0.680338E+04  0.680338E+04  0.680338E+04 -0.140353E+00  0.645751E+04  0.400068E+04  0.225978E+03
  0.646447E-01  0.800068E+04  0.236654E+03  0.286212E+03  0.196824E+02  0.000000E+00  0.673543E+04  0.673543E+04  0.673543E+04 -0.139164E+00  0.637663E+04  0.403542E+04  0.212921E+03
  0.654001E-01  0.790333E+04  0.310507E+03  0.348348E+03  0.275525E+02  0.000000E+00  0.666598E+04  0.666598E+04  0.666598E+04 -0.137949E+00  0.629500E+04  0.404966E+04  0.201843E+03
  0.661857E-01  0.780412E+04  0.383783E+03  0.407437E+03  0.359648E+02  0.000000E+00  0.659488E+04  0.659488E+04  0.659488E+04 -0.136704E+00  0.621256E+04  0.404145E+04  0.192853E+03
  0.670035E-01  0.770298E+04  0.455784E+03  0.462715E+03  0.446379E+02  0.000000E+00  0.652196E+04  0.652196E+04  0.652196E+04 -0.135423E+00  0.612927E+04  0.400862E+04  0.186073E+03
  0.678559E-01  0.759985E+04  0.525736E+03  0.513366E+03  0.532436E+02  0.000000E+00  0.644704E+04  0.644704E+04  0.644704E+04 -0.134098E+00  0.604509E+04  0.394898E+04  0.181609E+03
  0.687454E-01  0.749468E+04  0.592742E+03  0.558502E+03  0.614111E+02  0.000000E+00  0.636992E+04  0.636992E+04  0.636992E+04 -0.132724E+00  0.595996E+04  0.386026E+04  0.179566E+03
  0.696748E-01  0.738737E+04  0.655808E+03  0.597200E+03  0.687366E+02  0.000000E+00  0.629038E+04  0.629038E+04  0.629038E+04 -0.131292E+00  0.587382E+04  0.374045E+04  0.180012E+03
  0.706471E-01  0.727787E+04  0.713807E+03  0.628488E+03  0.747992E+02  0.000000E+00  0.620817E+04  0.620817E+04  0.620817E+04 -0.129792E+00  0.578658E+04  0.358753E+04  0.183001E+03
  0.716655E-01  0.716612E+04  0.765500E+03  0.651377E+03  0.791820E+02  0.000000E+00  0.612305E+04  0.612305E+04  0.612305E+04 -0.128214E+00  0.569816E+04  0.339980E+04  0.188547E+03
  0.727336E-01  0.705202E+04  0.809526E+03  0.664887E+03  0.815021E+02  0.000000E+00  0.603473E+04  0.603473E+04  0.603473E+04 -0.126548E+00  0.560845E+04  0.317597E+04  0.196619E+03
  0.738554E-01  0.693553E+04  0.844423E+03  0.668079E+03  0.814503E+02  0.000000E+00  0.594290E+04  0.594290E+04  0.594290E+04 -0.124783E+00  0.551733E+04  0.291532E+04  0.207128E+03
  0.750351E-01  0.681656E+04  0.868660E+03  0.660120E+03  0.788356E+02  0.000000E+00  0.584727E+04  0.584727E+04  0.584727E+04 -0.122905E+00  0.542466E+04  0.261798E+04  0.219908E+03
  0.762774E-01  0.669505E+04  0.880656E+03  0.640330E+03  0.736362E+02  0.000000E+00  0.574752E+04  0.574752E+04  0.574752E+04 -0.120903E+00  0.533026E+04  0.228512E+04  0.234705E+03
  0.775873E-01  0.657093E+04  0.878843E+03  0.608270E+03  0.660501E+02  0.000000E+00  0.564333E+04  0.564333E+04  0.564333E+04 -0.118765E+00  0.523396E+04  0.191937E+04  0.251159E+03
  0.789703E-01  0.644413E+04  0.861763E+03  0.563839E+03  0.565364E+02  0.000000E+00  0.553441E+04  0.553441E+04  0.553441E+04 -0.116480E+00  0.513552E+04  0.152511E+04  0.268785E+03
  0.804324E-01  0.631460E+04  0.828166E+03  0.507386E+03  0.458332E+02  0.000000E+00  0.542052E+04  0.542052E+04  0.542052E+04 -0.114039E+00  0.503472E+04  0.110886E+04  0.286955E+03
  0.819798E-01  0.618230E+04  0.777152E+03  0.439829E+03  0.349394E+02  0.000000E+00  0.530146E+04  0.530146E+04  0.530146E+04 -0.111435E+00  0.493128E+04  0.679739E+03  0.304895E+03
  0.836196E-01  0.604717E+04  0.708374E+03  0.362777E+03  0.250353E+02  0.000000E+00  0.517714E+04  0.517714E+04  0.517714E+04 -0.108667E+00  0.482492E+04  0.249769E+03  0.321669E+03
  0.853587E-01  0.590919E+04  0.622244E+03  0.278638E+03  0.173332E+02  0.000000E+00  0.504761E+04  0.504761E+04  0.504761E+04 -0.105740E+00  0.471537E+04 -0.165907E+03  0.336199E+03
  0.872050E-01  0.576837E+04  0.520176E+03  0.190679E+03  0.128492E+02  0.000000E+00  0.491311E+04  0.491311E+04  0.491311E+04 -0.102664E+00  0.460236E+04 -0.549032E+03  0.347292E+03
  0.891661E-01  0.562472E+04  0.404842E+03  0.103012E+03  0.121215E+02  0.000000E+00  0.477407E+04  0.477407E+04  0.477407E+04 -0.994600E-01  0.448567E+04 -0.878655E+03  0.353693E+03
  0.912503E-01  0.547830E+04  0.280388E+03  0.204734E+02  0.149312E+02  0.000000E+00  0.463124E+04  0.463124E+04  0.463124E+04 -0.961584E-01  0.436517E+04 -0.113208E+04  0.354179E+03
  0.934655E-01  0.532924E+04  0.152539E+03 -0.516752E+02  0.201329E+02  0.000000E+00  0.448563E+04  0.448563E+04  0.448563E+04 -0.927993E-01  0.424083E+04 -0.128665E+04  0.347686E+03
  0.958197E-01  0.517769E+04  0.285783E+02 -0.108231E+03  0.257283E+02  0.000000E+00  0.433857E+04  0.433857E+04  0.433857E+04 -0.894318E-01  0.411284E+04 -0.132220E+04  0.333471E+03
  0.983206E-01  0.502389E+04 -0.829832E+02 -0.144726E+03  0.293026E+02  0.000000E+00  0.419166E+04  0.419166E+04  0.419166E+04 -0.861113E-01  0.398158E+04 -0.122459E+04  0.311304E+03
  0.100975E+00  0.486817E+04 -0.173053E+03 -0.158250E+03  0.288278E+02  0.000000E+00  0.404664E+04  0.404664E+04  0.404664E+04 -0.828949E-01  0.384768E+04 -0.989882E+03  0.281659E+03
  0.103790E+00  0.471096E+04 -0.232993E+03 -0.148299E+03  0.236305E+02  0.000000E+00  0.390528E+04  0.390528E+04  0.390528E+04 -0.798350E-01  0.371206E+04 -0.628205E+03  0.245852E+03
  0.106769E+00  0.455277E+04 -0.256026E+03 -0.117414E+03  0.150665E+02  0.000000E+00  0.376911E+04  0.376911E+04  0.376911E+04 -0.769719E-01  0.357585E+04 -0.167239E+03  0.206108E+03
  0.109918E+00  0.439421E+04 -0.238806E+03 -0.713660E+02  0.633651E+01  0.000000E+00  0.363920E+04  0.363920E+04  0.363920E+04 -0.743258E-01  0.344032E+04  0.347034E+03  0.165449E+03
  0.113239E+00  0.423600E+04 -0.182886E+03 -0.186449E+02  0.113407E+01  0.000000E+00  0.351589E+04  0.351589E+04  0.351589E+04 -0.718907E-01  0.330682E+04  0.852935E+03  0.127400E+03
  0.116733E+00  0.407889E+04 -0.956386E+02  0.308842E+02  0.153031E+01  0.000000E+00  0.339860E+04  0.339860E+04  0.339860E+04 -0.696309E-01  0.317653E+04  0.128026E+04  0.955035E+02
  0.120401E+00  0.392365E+04  0.986008E+01  0.679896E+02  0.635101E+01  0.000000E+00  0.328585E+04  0.328585E+04  0.328585E+04 -0.674830E-01  0.305044E+04  0.156186E+04  0.726862E+02
  0.124243E+00  0.377103E+04  0.116257E+03  0.863164E+02  0.115318E+02  0.000000E+00  0.317544E+04  0.317544E+04  0.317544E+04 -0.653652E-01  0.292911E+04  0.164815E+04  0.606141E+02
  0.128258E+00  0.362168E+04  0.204764E+03  0.841636E+02  0.128268E+02  0.000000E+00  0.306485E+04  0.306485E+04  0.306485E+04 -0.631934E-01  0.281267E+04  0.152101E+04  0.592069E+02
  0.132444E+00  0.347613E+04  0.258988E+03  0.650646E+02  0.916226E+01  0.000000E+00  0.295185E+04  0.295185E+04  0.295185E+04 -0.609020E-01  0.270076E+04  0.120327E+04  0.664728E+02
  0.136801E+00  0.333473E+04  0.268892E+03  0.367618E+02  0.371722E+01  0.000000E+00  0.283511E+04  0.283511E+04  0.283511E+04 -0.584632E-01  0.259271E+04  0.759116E+03  0.787999E+02
  0.141327E+00  0.319770E+04  0.233868E+03  0.871116E+01  0.109425E+01  0.000000E+00  0.271470E+04  0.271470E+04  0.271470E+04 -0.558974E-01  0.248766E+04  0.283928E+03  0.916736E+02
  0.146022E+00  0.306509E+04  0.163690E+03 -0.111372E+02  0.275435E+01  0.000000E+00  0.259227E+04  0.259227E+04  0.259227E+04 -0.532710E-01  0.238484E+04 -0.116822E+03  0.100721E+03
  0.150887E+00  0.293685E+04  0.767826E+02 -0.189317E+02  0.554938E+01  0.000000E+00  0.247076E+04  0.247076E+04  0.247076E+04 -0.506784E-01  0.228385E+04 -0.354407E+03  0.102796E+03
  0.155923E+00  0.281289E+04 -0.421882E+01 -0.157167E+02  0.554750E+01  0.000000E+00  0.235380E+04  0.235380E+04  0.235380E+04 -0.482168E-01  0.218474E+04 -0.382396E+03  0.967944E+02
  0.161132E+00  0.269310E+04 -0.586508E+02 -0.632610E+01  0.293007E+01  0.000000E+00  0.224466E+04  0.224466E+04  0.224466E+04 -0.459606E-01  0.208799E+04 -0.212449E+03  0.839344E+02
  0.166519E+00  0.257739E+04 -0.739927E+02  0.346098E+01  0.131967E+01  0.000000E+00  0.214531E+04  0.214531E+04  0.214531E+04 -0.439422E-01  0.199435E+04  0.866045E+02  0.673549E+02
  0.172087E+00  0.246574E+04 -0.500067E+02  0.102475E+02  0.215505E+01  0.000000E+00  0.205577E+04  0.205577E+04  0.205577E+04 -0.421430E-01  0.190456E+04  0.408443E+03  0.511129E+02
  0.177841E+00  0.235814E+04  0.921540E+00  0.125789E+02  0.324219E+01  0.000000E+00  0.197400E+04  0.197400E+04  0.197400E+04 -0.405021E-01  0.181913E+04  0.643491E+03  0.388645E+02
  0.183789E+00  0.225461E+04  0.578496E+02  0.113552E+02  0.244671E+01  0.000000E+00  0.189662E+04  0.189662E+04  0.189662E+04 -0.389335E-01  0.173816E+04  0.716868E+03  0.326694E+02
  0.189935E+00  0.215512E+04  0.988129E+02  0.826797E+01  0.124672E+01  0.000000E+00  0.182002E+04  0.182002E+04  0.182002E+04 -0.373580E-01  0.166131E+04  0.616092E+03  0.323530E+02
  0.196286E+00  0.205962E+04  0.109264E+03  0.462872E+01  0.165520E+01  0.000000E+00  0.174179E+04  0.174179E+04  0.174179E+04 -0.357325E-01  0.158794E+04  0.395989E+03  0.357010E+02
  0.202850E+00  0.196799E+04  0.879335E+02  0.121852E+01  0.223021E+01  0.000000E+00  0.166161E+04  0.166161E+04  0.166161E+04 -0.340629E-01  0.151735E+04  0.155738E+03  0.394630E+02
  0.209632E+00  0.188006E+04  0.472420E+02 -0.119004E+01  0.125246E+01  0.000000E+00  0.158138E+04  0.158138E+04  0.158138E+04 -0.323987E-01  0.144905E+04 -0.431786E+01  0.407595E+02
  0.216637E+00  0.179567E+04  0.738529E+01 -0.168009E+01  0.632327E+00  0.000000E+00  0.150425E+04  0.150425E+04  0.150425E+04 -0.308101E-01  0.138291E+04 -0.284625E+02  0.383019E+02
  0.223869E+00  0.171468E+04 -0.135684E+02  0.468621E-01  0.155191E+01  0.000000E+00  0.143304E+04  0.143304E+04  0.143304E+04 -0.293551E-01  0.131914E+04  0.692426E+02  0.328239E+02
  0.231331E+00  0.163699E+04 -0.876261E+01  0.280809E+01  0.144516E+01  0.000000E+00  0.136879E+04  0.136879E+04  0.136879E+04 -0.280489E-01  0.125811E+04  0.215372E+03  0.265004E+02
  0.239022E+00  0.156259E+04  0.143293E+02  0.439200E+01  0.252233E+00  0.000000E+00  0.131028E+04  0.131028E+04  0.131028E+04 -0.268568E-01  0.120012E+04  0.319969E+03  0.216487E+02
  0.246938E+00  0.149148E+04  0.390075E+02  0.345628E+01  0.820535E+00  0.000000E+00  0.125478E+04  0.125478E+04  0.125478E+04 -0.257185E-01  0.114517E+04  0.328334E+03  0.194472E+02
  0.255073E+00  0.142366E+04  0.499170E+02  0.976244E+00  0.144677E+01  0.000000E+00  0.119979E+04  0.119979E+04  0.119979E+04 -0.245843E-01  0.109300E+04  0.249867E+03  0.194331E+02
  0.263413E+00  0.135912E+04  0.423861E+02 -0.676288E+00  0.237737E+00  0.000000E+00  0.114454E+04  0.114454E+04  0.114454E+04 -0.234437E-01  0.104328E+04  0.145008E+03  0.200485E+02
  0.271945E+00  0.129783E+04  0.242088E+02 -0.260528E+00  0.342769E+00  0.000000E+00  0.109028E+04  0.109028E+04  0.109028E+04 -0.223279E-01  0.995822E+03  0.799025E+02  0.198010E+02
  0.280645E+00  0.123975E+04  0.879836E+01  0.115365E+01  0.119509E+01  0.000000E+00  0.103915E+04  0.103915E+04  0.103915E+04 -0.212826E-01  0.950651E+03  0.821417E+02  0.181940E+02
  0.289491E+00  0.118483E+04  0.513631E+01  0.174195E+01  0.210101E+00  0.000000E+00  0.992579E+03  0.992579E+03  0.992579E+03 -0.203323E-01  0.907962E+03  0.129186E+03  0.158157E+02
  0.298452E+00  0.113302E+04  0.122604E+02  0.109189E+01  0.176392E+00  0.000000E+00  0.950381E+03  0.950381E+03  0.950381E+03 -0.194684E-01  0.867891E+03  0.173872E+03  0.136713E+02
  0.307496E+00  0.108430E+04  0.219146E+02  0.274495E+00  0.941866E+00  0.000000E+00  0.911169E+03  0.911169E+03  0.911169E+03 -0.186630E-01  0.830389E+03  0.182494E+03  0.123873E+02
  0.316591E+00  0.103858E+04  0.260948E+02  0.172981E+00  0.147895E+00  0.000000E+00  0.873584E+03  0.873584E+03  0.873584E+03 -0.178903E-01  0.795272E+03  0.155033E+03  0.118892E+02
  0.325702E+00  0.995784E+03  0.227782E+02  0.536147E+00  0.135667E+00  0.000000E+00  0.837220E+03  0.837220E+03  0.837220E+03 -0.171441E-01  0.762340E+03  0.116492E+03  0.116579E+02
  0.334797E+00  0.955793E+03  0.158401E+02  0.682590E+00  0.732587E+00  0.000000E+00  0.802615E+03  0.802615E+03  0.802615E+03 -0.164358E-01  0.731468E+03  0.927446E+02  0.112161E+02
  0.343844E+00  0.918484E+03  0.106515E+02  0.462241E+00  0.106321E+00  0.000000E+00  0.770541E+03  0.770541E+03  0.770541E+03 -0.157794E-01  0.702628E+03  0.924339E+02  0.104332E+02
  0.352816E+00  0.883721E+03  0.984210E+01  0.235009E+00  0.895256E-01  0.000000E+00  0.741311E+03  0.741311E+03  0.741311E+03 -0.151806E-01  0.675797E+03  0.106086E+03  0.949330E+01
  0.361688E+00  0.851356E+03  0.123034E+02  0.254190E+00  0.577090E+00  0.000000E+00  0.714622E+03  0.714622E+03  0.714622E+03 -0.146336E-01  0.650891E+03  0.117934E+03  0.866302E+01
  0.370441E+00  0.821237E+03  0.151155E+02  0.398291E+00  0.124213E+00  0.000000E+00  0.689869E+03  0.689869E+03  0.689869E+03 -0.141262E-01  0.627772E+03  0.118322E+03  0.808525E+01
  0.379060E+00  0.793204E+03  0.160598E+02  0.430017E+00  0.179403E-01  0.000000E+00  0.666558E+03  0.666558E+03  0.666558E+03 -0.136484E-01  0.606270E+03  0.108037E+03  0.772744E+01
  0.387531E+00  0.767100E+03  0.148096E+02  0.299227E+00  0.452275E+00  0.000000E+00  0.644505E+03  0.644505E+03  0.644505E+03 -0.131964E-01  0.586224E+03  0.944321E+02  0.746080E+01
  0.395847E+00  0.742774E+03  0.124964E+02  0.145661E+00  0.198731E+00  0.000000E+00  0.623766E+03  0.623766E+03  0.623766E+03 -0.127715E-01  0.567512E+03  0.847161E+02  0.717046E+01
  0.404003E+00  0.720083E+03  0.105347E+02  0.105746E+00 -0.547771E-01  0.000000E+00  0.604453E+03  0.604453E+03  0.604453E+03 -0.123758E-01  0.550046E+03  0.816747E+02  0.681580E+01
  0.411995E+00  0.698893E+03  0.970872E+01  0.183382E+00  0.291891E+00  0.000000E+00  0.586581E+03  0.586581E+03  0.586581E+03 -0.120100E-01  0.533743E+03  0.835433E+02  0.642428E+01
  0.419824E+00  0.679080E+03  0.994965E+01  0.281176E+00  0.306154E+00  0.000000E+00  0.570037E+03  0.570037E+03  0.570037E+03 -0.116714E-01  0.518521E+03  0.865347E+02  0.604943E+01
  0.427490E+00  0.660530E+03  0.106641E+02  0.307351E+00 -0.329651E-01  0.000000E+00  0.554626E+03  0.554626E+03  0.554626E+03 -0.113559E-01  0.504292E+03  0.875560E+02  0.573120E+01
  0.434997E+00  0.643134E+03  0.112157E+02  0.244537E+00  0.731742E-01  0.000000E+00  0.540155E+03  0.540155E+03  0.540155E+03 -0.110592E-01  0.490961E+03  0.855512E+02  0.547923E+01
  0.442347E+00  0.626795E+03  0.112530E+02  0.142376E+00  0.320534E+00  0.000000E+00  0.526484E+03  0.526484E+03  0.526484E+03 -0.107789E-01  0.478441E+03  0.813215E+02  0.527799E+01
  0.449547E+00  0.611421E+03  0.107794E+02  0.666497E-01  0.140300E+00  0.000000E+00  0.513539E+03  0.513539E+03  0.513539E+03 -0.105135E-01  0.466655E+03  0.765143E+02  0.510220E+01
  0.456599E+00  0.596932E+03  0.100323E+02  0.538546E-01 -0.525510E-01  0.000000E+00  0.501289E+03  0.501289E+03  0.501289E+03 -0.102626E-01  0.455540E+03  0.725855E+02  0.493087E+01
  0.463510E+00  0.583254E+03  0.930200E+01  0.968735E-01  0.124436E+00  0.000000E+00  0.489721E+03  0.489721E+03  0.489721E+03 -0.100258E-01  0.445044E+03  0.702228E+02  0.475418E+01
  0.470284E+00  0.570320E+03  0.879156E+01  0.159134E+00  0.263474E+00  0.000000E+00  0.478811E+03  0.478811E+03  0.478811E+03 -0.980274E-02  0.435118E+03  0.693035E+02  0.457311E+01
  0.476929E+00  0.558070E+03  0.856170E+01  0.200655E+00  0.931860E-01  0.000000E+00  0.468521E+03  0.468521E+03  0.468521E+03 -0.959221E-02  0.425723E+03  0.691995E+02  0.439487E+01
  0.483448E+00  0.546451E+03  0.855203E+01  0.199442E+00 -0.365271E-01  0.000000E+00  0.458793E+03  0.458793E+03  0.458793E+03 -0.939297E-02  0.416817E+03  0.691772E+02  0.422757E+01
  0.489847E+00  0.535414E+03  0.864139E+01  0.159067E+00  0.939399E-01  0.000000E+00  0.449569E+03  0.449569E+03  0.449569E+03 -0.920387E-02  0.408362E+03  0.687040E+02  0.407654E+01
  0.496133E+00  0.524913E+03  0.871033E+01  0.102050E+00  0.210160E+00  0.000000E+00  0.440791E+03  0.440791E+03  0.440791E+03 -0.902389E-02  0.400321E+03  0.675811E+02  0.394292E+01
  0.502309E+00  0.514909E+03  0.868217E+01  0.554075E-01  0.110977E+00  0.000000E+00  0.432413E+03  0.432413E+03  0.432413E+03 -0.885215E-02  0.392662E+03  0.659131E+02  0.382432E+01
  0.508381E+00  0.505364E+03  0.853658E+01  0.370005E-01 -0.101822E-01  0.000000E+00  0.424400E+03  0.424400E+03  0.424400E+03 -0.868801E-02  0.385355E+03  0.639826E+02  0.371646E+01
  0.514354E+00  0.496246E+03  0.829901E+01  0.489587E-01  0.392484E-01  0.000000E+00  0.416729E+03  0.416729E+03  0.416729E+03 -0.853099E-02  0.378373E+03  0.621017E+02  0.361500E+01
  0.520233E+00  0.487524E+03  0.801955E+01  0.796612E-01  0.145954E+00  0.000000E+00  0.409382E+03  0.409382E+03  0.409382E+03 -0.838071E-02  0.371694E+03  0.605017E+02  0.351675E+01
  0.526021E+00  0.479169E+03  0.774992E+01  0.111473E+00  0.131916E+00  0.000000E+00  0.402345E+03  0.402345E+03  0.402345E+03 -0.823676E-02  0.365296E+03  0.592823E+02  0.342018E+01
  0.531723E+00  0.471158E+03  0.752748E+01  0.129490E+00  0.380680E-01  0.000000E+00  0.395604E+03  0.395604E+03  0.395604E+03 -0.809879E-02  0.359161E+03  0.584158E+02  0.332525E+01
  0.537343E+00  0.463467E+03  0.736820E+01  0.127257E+00  0.144520E-01  0.000000E+00  0.389140E+03  0.389140E+03  0.389140E+03 -0.796641E-02  0.353272E+03  0.577903E+02  0.323288E+01
  0.542885E+00  0.456075E+03  0.726759E+01  0.107740E+00  0.764418E-01  0.000000E+00  0.382936E+03  0.382936E+03  0.382936E+03 -0.783930E-02  0.347613E+03  0.572636E+02  0.314430E+01
  0.548353E+00  0.448964E+03  0.720769E+01  0.802483E-01  0.113639E+00  0.000000E+00  0.376974E+03  0.376974E+03  0.376974E+03 -0.771711E-02  0.342171E+03  0.567114E+02  0.306052E+01
  0.553750E+00  0.442115E+03  0.716505E+01  0.555187E-01  0.758023E-01  0.000000E+00  0.371234E+03  0.371234E+03  0.371234E+03 -0.759950E-02  0.336930E+03  0.560558E+02  0.298201E+01
  0.559080E+00  0.435512E+03  0.711854E+01  0.413455E-01  0.301924E-01  0.000000E+00  0.365700E+03  0.365700E+03  0.365700E+03 -0.748613E-02  0.331879E+03  0.552729E+02  0.290870E+01
  0.564345E+00  0.429141E+03  0.705386E+01  0.402674E-01  0.408763E-01  0.000000E+00  0.360356E+03  0.360356E+03  0.360356E+03 -0.737673E-02  0.327006E+03  0.543845E+02  0.284005E+01
  0.569548E+00  0.422987E+03  0.696558E+01  0.496827E-01  0.789235E-01  0.000000E+00  0.355191E+03  0.355191E+03  0.355191E+03 -0.727102E-02  0.322299E+03  0.534401E+02  0.277527E+01
  0.574694E+00  0.417038E+03  0.685599E+01  0.637598E-01  0.811082E-01  0.000000E+00  0.350194E+03  0.350194E+03  0.350194E+03 -0.716876E-02  0.317750E+03  0.524971E+02  0.271353E+01
  0.579783E+00  0.411283E+03  0.673276E+01  0.760861E-01  0.456565E-01  0.000000E+00  0.345357E+03  0.345357E+03  0.345357E+03 -0.706975E-02  0.313348E+03  0.516057E+02  0.265411E+01
  0.584820E+00  0.405711E+03  0.660569E+01  0.819865E-01  0.263612E-01  0.000000E+00  0.340671E+03  0.340671E+03  0.340671E+03 -0.697385E-02  0.309086E+03  0.507978E+02  0.259653E+01
  0.589805E+00  0.400311E+03  0.648405E+01  0.798050E-01  0.499522E-01  0.000000E+00  0.336132E+03  0.336132E+03  0.336132E+03 -0.688089E-02  0.304956E+03  0.500845E+02  0.254053E+01
  0.594743E+00  0.395074E+03  0.637448E+01  0.709403E-01  0.802431E-01  0.000000E+00  0.331730E+03  0.331730E+03  0.331730E+03 -0.679075E-02  0.300952E+03  0.494584E+02  0.248604E+01
  0.599634E+00  0.389992E+03  0.628013E+01  0.588551E-01  0.716284E-01  0.000000E+00  0.327461E+03  0.327461E+03  0.327461E+03 -0.670330E-02  0.297065E+03  0.488994E+02  0.243314E+01
  0.604482E+00  0.385056E+03  0.620073E+01  0.475770E-01  0.316734E-01  0.000000E+00  0.323317E+03  0.323317E+03  0.323317E+03 -0.661841E-02  0.293291E+03  0.483815E+02  0.238196E+01
  0.609288E+00  0.380260E+03  0.613344E+01  0.402649E-01  0.103215E-01  0.000000E+00  0.319291E+03  0.319291E+03  0.319291E+03 -0.653597E-02  0.289625E+03  0.478791E+02  0.233264E+01
  0.614054E+00  0.375596E+03  0.607398E+01  0.382961E-01  0.349995E-01  0.000000E+00  0.315377E+03  0.315377E+03  0.315377E+03 -0.645584E-02  0.286059E+03  0.473718E+02  0.228525E+01
  0.618782E+00  0.371057E+03  0.601771E+01  0.410812E-01  0.761275E-01  0.000000E+00  0.311569E+03  0.311569E+03  0.311569E+03 -0.637789E-02  0.282590E+03  0.468473E+02  0.223982E+01
  0.623474E+00  0.366638E+03  0.596074E+01  0.465540E-01  0.833358E-01  0.000000E+00  0.307861E+03  0.307861E+03  0.307861E+03 -0.630199E-02  0.279213E+03  0.463019E+02  0.219626E+01
  0.628132E+00  0.362334E+03  0.590048E+01  0.520712E-01  0.452935E-01  0.000000E+00  0.304248E+03  0.304248E+03  0.304248E+03 -0.622804E-02  0.275924E+03  0.457393E+02  0.215445E+01
  0.632757E+00  0.358137E+03  0.583583E+01  0.553691E-01  0.263694E-02  0.000000E+00  0.300725E+03  0.300725E+03  0.300725E+03 -0.615591E-02  0.272717E+03  0.451686E+02  0.211421E+01
  0.637351E+00  0.354045E+03  0.576706E+01  0.552571E-01  0.158939E-02  0.000000E+00  0.297289E+03  0.297289E+03  0.297289E+03 -0.608555E-02  0.269590E+03  0.446013E+02  0.207536E+01
  0.641915E+00  0.350052E+03  0.569554E+01  0.518564E-01  0.430656E-01  0.000000E+00  0.293934E+03  0.293934E+03  0.293934E+03 -0.601687E-02  0.266539E+03  0.440486E+02  0.203772E+01
  0.646451E+00  0.346153E+03  0.562314E+01  0.463702E-01  0.825519E-01  0.000000E+00  0.290659E+03  0.290659E+03  0.290659E+03 -0.594979E-02  0.263560E+03  0.435195E+02  0.200114E+01
  0.650961E+00  0.342344E+03  0.555181E+01  0.405333E-01  0.780276E-01  0.000000E+00  0.287460E+03  0.287460E+03  0.287460E+03 -0.588428E-02  0.260650E+03  0.430193E+02  0.196551E+01
  0.655445E+00  0.338622E+03  0.548331E+01  0.359654E-01  0.332361E-01  0.000000E+00  0.284333E+03  0.284333E+03  0.284333E+03 -0.582026E-02  0.257807E+03  0.425492E+02  0.193078E+01
  0.659905E+00  0.334984E+03  0.541867E+01  0.336594E-01 -0.758211E-02  0.000000E+00  0.281277E+03  0.281277E+03  0.281277E+03 -0.575768E-02  0.255027E+03  0.421064E+02  0.189691E+01
  0.664343E+00  0.331424E+03  0.535836E+01  0.337494E-01 -0.505948E-02  0.000000E+00  0.278287E+03  0.278287E+03  0.278287E+03 -0.569648E-02  0.252308E+03  0.416855E+02  0.186390E+01
  0.668758E+00  0.327941E+03  0.530219E+01  0.355922E-01  0.369406E-01  0.000000E+00  0.275363E+03  0.275363E+03  0.275363E+03 -0.563661E-02  0.249647E+03  0.412794E+02  0.183177E+01
  0.673154E+00  0.324531E+03  0.524945E+01  0.380858E-01  0.768115E-01  0.000000E+00  0.272500E+03  0.272500E+03  0.272500E+03 -0.557800E-02  0.247042E+03  0.408812E+02  0.180054E+01
  0.677530E+00  0.321191E+03  0.519927E+01  0.400853E-01  0.763377E-01  0.000000E+00  0.269696E+03  0.269696E+03  0.269696E+03 -0.552061E-02  0.244491E+03  0.404854E+02  0.177021E+01
  0.681888E+00  0.317918E+03  0.515058E+01  0.407711E-01  0.362780E-01  0.000000E+00  0.266949E+03  0.266949E+03  0.266949E+03 -0.546437E-02  0.241992E+03  0.400883E+02  0.174078E+01
  0.686229E+00  0.314710E+03  0.510249E+01  0.398579E-01 -0.605385E-02  0.000000E+00  0.264256E+03  0.264256E+03  0.264256E+03 -0.540924E-02  0.239543E+03  0.396888E+02  0.171220E+01
  0.690553E+00  0.311565E+03  0.505430E+01  0.376033E-01 -0.126995E-01  0.000000E+00  0.261615E+03  0.261615E+03  0.261615E+03 -0.535517E-02  0.237141E+03  0.392877E+02  0.168445E+01
  0.694863E+00  0.308480E+03  0.500568E+01  0.346462E-01  0.206482E-01  0.000000E+00  0.259025E+03  0.259025E+03  0.259025E+03 -0.530213E-02  0.234785E+03  0.388873E+02  0.165746E+01
  0.699158E+00  0.305453E+03  0.495653E+01  0.317517E-01  0.623885E-01  0.000000E+00  0.256483E+03  0.256483E+03  0.256483E+03 -0.525008E-02  0.232474E+03  0.384909E+02  0.163117E+01
  0.703440E+00  0.302481E+03  0.490702E+01  0.295574E-01  0.747609E-01  0.000000E+00  0.253988E+03  0.253988E+03  0.253988E+03 -0.519899E-02  0.230205E+03  0.381018E+02  0.160553E+01
  0.707710E+00  0.299563E+03  0.485757E+01  0.283998E-01  0.473182E-01  0.000000E+00  0.251537E+03  0.251537E+03  0.251537E+03 -0.514883E-02  0.227977E+03  0.377226E+02  0.158049E+01
  0.711968E+00  0.296697E+03  0.480857E+01  0.282617E-01  0.481276E-02  0.000000E+00  0.249130E+03  0.249130E+03  0.249130E+03 -0.509955E-02  0.225789E+03  0.373549E+02  0.155601E+01
  0.716215E+00  0.293881E+03  0.476044E+01  0.288360E-01 -0.158557E-01  0.000000E+00  0.246765E+03  0.246765E+03  0.246765E+03 -0.505114E-02  0.223640E+03  0.369989E+02  0.153205E+01
  0.720453E+00  0.291113E+03  0.471352E+01  0.296655E-01  0.200280E-02  0.000000E+00  0.244441E+03  0.244441E+03  0.244441E+03 -0.500355E-02  0.221527E+03  0.366540E+02  0.150862E+01
  0.724681E+00  0.288392E+03  0.466800E+01  0.303027E-01  0.413655E-01  0.000000E+00  0.242156E+03  0.242156E+03  0.242156E+03 -0.495677E-02  0.219450E+03  0.363186E+02  0.148568E+01
  0.728901E+00  0.285716E+03  0.462392E+01  0.304373E-01  0.673928E-01  0.000000E+00  0.239909E+03  0.239909E+03  0.239909E+03 -0.491077E-02  0.217407E+03  0.359906E+02  0.146325E+01
  0.733114E+00  0.283084E+03  0.458116E+01  0.299598E-01  0.577765E-01  0.000000E+00  0.237698E+03  0.237698E+03  0.237698E+03 -0.486553E-02  0.215398E+03  0.356684E+02  0.144132E+01
  0.737319E+00  0.280494E+03  0.453963E+01  0.289547E-01  0.213131E-01  0.000000E+00  0.235523E+03  0.235523E+03  0.235523E+03 -0.482100E-02  0.213421E+03  0.353502E+02  0.141987E+01
  0.741519E+00  0.277944E+03  0.449901E+01  0.276403E-01 -0.106068E-01  0.000000E+00  0.233383E+03  0.233383E+03  0.233383E+03 -0.477718E-02  0.211475E+03  0.350350E+02  0.139890E+01
  0.745713E+00  0.275435E+03  0.445911E+01  0.262815E-01 -0.113128E-01  0.000000E+00  0.231276E+03  0.231276E+03  0.231276E+03 -0.473403E-02  0.209560E+03  0.347221E+02  0.137840E+01
  0.749902E+00  0.272963E+03  0.441965E+01  0.251071E-01  0.186376E-01  0.000000E+00  0.229201E+03  0.229201E+03  0.229201E+03 -0.469155E-02  0.207674E+03  0.344115E+02  0.135835E+01
  0.754087E+00  0.270529E+03  0.438054E+01  0.242541E-01  0.526218E-01  0.000000E+00  0.227156E+03  0.227156E+03  0.227156E+03 -0.464970E-02  0.205816E+03  0.341036E+02  0.133873E+01
  0.758269E+00  0.268130E+03  0.434166E+01  0.237489E-01  0.612181E-01  0.000000E+00  0.225142E+03  0.225142E+03  0.225142E+03 -0.460847E-02  0.203986E+03  0.337988E+02  0.131952E+01
  0.762448E+00  0.265767E+03  0.430303E+01  0.235233E-01  0.372700E-01  0.000000E+00  0.223158E+03  0.223158E+03  0.223158E+03 -0.456786E-02  0.202183E+03  0.334982E+02  0.130070E+01
  0.766624E+00  0.263438E+03  0.426466E+01  0.234535E-01  0.158507E-02  0.000000E+00  0.221202E+03  0.221202E+03  0.221202E+03 -0.452781E-02  0.200406E+03  0.332020E+02  0.128226E+01
  0.770799E+00  0.261141E+03  0.422666E+01  0.234064E-01 -0.153641E-01  0.000000E+00  0.219273E+03  0.219273E+03  0.219273E+03 -0.448833E-02  0.198653E+03  0.329106E+02  0.126417E+01
  0.774972E+00  0.258876E+03  0.418911E+01  0.232779E-01  0.234357E-03  0.000000E+00  0.217372E+03  0.217372E+03  0.217372E+03 -0.444939E-02  0.196926E+03  0.326243E+02  0.124642E+01
  0.779145E+00  0.256642E+03  0.415212E+01  0.230130E-01  0.339966E-01  0.000000E+00  0.215495E+03  0.215495E+03  0.215495E+03 -0.441097E-02  0.195220E+03  0.323428E+02  0.122901E+01
  0.783319E+00  0.254439E+03  0.411580E+01  0.226084E-01  0.561191E-01  0.000000E+00  0.213645E+03  0.213645E+03  0.213645E+03 -0.437311E-02  0.193540E+03  0.320664E+02  0.121192E+01
  0.787492E+00  0.252264E+03  0.408011E+01  0.220978E-01  0.473931E-01  0.000000E+00  0.211819E+03  0.211819E+03  0.211819E+03 -0.433573E-02  0.191881E+03  0.317942E+02  0.119514E+01
  0.791667E+00  0.250118E+03  0.404514E+01  0.215333E-01  0.156878E-01  0.000000E+00  0.210018E+03  0.210018E+03  0.210018E+03 -0.429884E-02  0.190244E+03  0.315261E+02  0.117868E+01
  0.795843E+00  0.248000E+03  0.401080E+01  0.209664E-01 -0.112698E-01  0.000000E+00  0.208239E+03  0.208239E+03  0.208239E+03 -0.426243E-02  0.188629E+03  0.312617E+02  0.116251E+01
  0.800021E+00  0.245910E+03  0.397707E+01  0.204350E-01 -0.103690E-01  0.000000E+00  0.206484E+03  0.206484E+03  0.206484E+03 -0.422649E-02  0.187034E+03  0.310005E+02  0.114664E+01
  0.804202E+00  0.243845E+03  0.394381E+01  0.199597E-01  0.166892E-01  0.000000E+00  0.204750E+03  0.204750E+03  0.204750E+03 -0.419101E-02  0.185459E+03  0.307423E+02  0.113106E+01
  0.808386E+00  0.241806E+03  0.391100E+01  0.195448E-01  0.452949E-01  0.000000E+00  0.203038E+03  0.203038E+03  0.203038E+03 -0.415596E-02  0.183904E+03  0.304867E+02  0.111575E+01
  0.812574E+00  0.239793E+03  0.387854E+01  0.191836E-01  0.499637E-01  0.000000E+00  0.201347E+03  0.201347E+03  0.201347E+03 -0.412135E-02  0.182368E+03  0.302339E+02  0.110072E+01
  0.816765E+00  0.237803E+03  0.384638E+01  0.188638E-01  0.269098E-01  0.000000E+00  0.199677E+03  0.199677E+03  0.199677E+03 -0.408715E-02  0.180851E+03  0.299836E+02  0.108595E+01
  0.820961E+00  0.235838E+03  0.381450E+01  0.185724E-01 -0.300674E-02  0.000000E+00  0.198027E+03  0.198027E+03  0.198027E+03 -0.405337E-02  0.179352E+03  0.297361E+02  0.107144E+01
  0.825162E+00  0.233895E+03  0.378287E+01  0.182976E-01 -0.133182E-01  0.000000E+00  0.196396E+03  0.196396E+03  0.196396E+03 -0.401998E-02  0.177871E+03  0.294912E+02  0.105718E+01
  0.829368E+00  0.231975E+03  0.375151E+01  0.180298E-01  0.430311E-02  0.000000E+00  0.194783E+03  0.194783E+03  0.194783E+03 -0.398697E-02  0.176407E+03  0.292490E+02  0.104315E+01
  0.833580E+00  0.230078E+03  0.372046E+01  0.177604E-01  0.329740E-01  0.000000E+00  0.193190E+03  0.193190E+03  0.193190E+03 -0.395435E-02  0.174960E+03  0.290097E+02  0.102936E+01
  0.837798E+00  0.228202E+03  0.368976E+01  0.174816E-01  0.463775E-01  0.000000E+00  0.191615E+03  0.191615E+03  0.191615E+03 -0.392212E-02  0.173530E+03  0.287733E+02  0.101581E+01
  0.842022E+00  0.226347E+03  0.365942E+01  0.171859E-01  0.327976E-01  0.000000E+00  0.190057E+03  0.190057E+03  0.190057E+03 -0.389023E-02  0.172115E+03  0.285396E+02  0.100246E+01
  0.846254E+00  0.224512E+03  0.362945E+01  0.168689E-01  0.527933E-02  0.000000E+00  0.188517E+03  0.188517E+03  0.188517E+03 -0.385869E-02  0.170716E+03  0.283086E+02  0.989335E+00
  0.850493E+00  0.222698E+03  0.359993E+01  0.165314E-01 -0.109711E-01  0.000000E+00  0.186994E+03  0.186994E+03  0.186994E+03 -0.382751E-02  0.169333E+03  0.280806E+02  0.976422E+00
  0.854739E+00  0.220903E+03  0.357078E+01  0.161808E-01 -0.197225E-02  0.000000E+00  0.185486E+03  0.185486E+03  0.185486E+03 -0.379664E-02  0.167964E+03  0.278550E+02  0.963706E+00
  0.858994E+00  0.219128E+03  0.354207E+01  0.158310E-01  0.226263E-01  0.000000E+00  0.183995E+03  0.183995E+03  0.183995E+03 -0.376613E-02  0.166611E+03  0.276321E+02  0.951196E+00
  0.863258E+00  0.217371E+03  0.351372E+01  0.154985E-01  0.393406E-01  0.000000E+00  0.182520E+03  0.182520E+03  0.182520E+03 -0.373593E-02  0.165272E+03  0.274115E+02  0.938879E+00
  0.867530E+00  0.215633E+03  0.348573E+01  0.151976E-01  0.331052E-01  0.000000E+00  0.181061E+03  0.181061E+03  0.181061E+03 -0.370606E-02  0.163947E+03  0.271933E+02  0.926756E+00
  0.871811E+00  0.213914E+03  0.345805E+01  0.149350E-01  0.107980E-01  0.000000E+00  0.179617E+03  0.179617E+03  0.179617E+03 -0.367650E-02  0.162636E+03  0.269773E+02  0.914820E+00
  0.876103E+00  0.212211E+03  0.343064E+01  0.147080E-01 -0.620369E-02  0.000000E+00  0.178188E+03  0.178188E+03  0.178188E+03 -0.364724E-02  0.161338E+03  0.267634E+02  0.903067E+00
  0.880404E+00  0.210527E+03  0.340350E+01  0.145047E-01 -0.277096E-02  0.000000E+00  0.176773E+03  0.176773E+03  0.176773E+03 -0.361829E-02  0.160054E+03  0.265516E+02  0.891494E+00
  0.884715E+00  0.208858E+03  0.337659E+01  0.143078E-01  0.161728E-01  0.000000E+00  0.175373E+03  0.175373E+03  0.175373E+03 -0.358961E-02  0.158783E+03  0.263417E+02  0.880095E+00
  0.889037E+00  0.207208E+03  0.334990E+01  0.141001E-01  0.315212E-01  0.000000E+00  0.173986E+03  0.173986E+03  0.173986E+03 -0.356124E-02  0.157524E+03  0.261339E+02  0.868871E+00
  0.893370E+00  0.205573E+03  0.332342E+01  0.138694E-01  0.289990E-01  0.000000E+00  0.172614E+03  0.172614E+03  0.172614E+03 -0.353314E-02  0.156278E+03  0.259280E+02  0.857812E+00
  0.897715E+00  0.203954E+03  0.329716E+01  0.136122E-01  0.124099E-01  0.000000E+00  0.171254E+03  0.171254E+03  0.171254E+03 -0.350531E-02  0.155045E+03  0.257240E+02  0.846916E+00
  0.902071E+00  0.202351E+03  0.327112E+01  0.133348E-01 -0.137133E-02  0.000000E+00  0.169908E+03  0.169908E+03  0.169908E+03 -0.347776E-02  0.153823E+03  0.255220E+02  0.836180E+00
  0.906439E+00  0.200763E+03  0.324531E+01  0.130514E-01  0.288292E-03  0.000000E+00  0.168575E+03  0.168575E+03  0.168575E+03 -0.345047E-02  0.152613E+03  0.253220E+02  0.825600E+00
  0.910819E+00  0.199191E+03  0.321976E+01  0.127790E-01  0.138791E-01  0.000000E+00  0.167255E+03  0.167255E+03  0.167255E+03 -0.342344E-02  0.151414E+03  0.251240E+02  0.815171E+00
  0.915212E+00  0.197632E+03  0.319444E+01  0.125319E-01  0.246520E-01  0.000000E+00  0.165946E+03  0.165946E+03  0.165946E+03 -0.339664E-02  0.150227E+03  0.249279E+02  0.804888E+00
  0.919618E+00  0.196089E+03  0.316939E+01  0.123169E-01  0.222423E-01  0.000000E+00  0.164650E+03  0.164650E+03  0.164650E+03 -0.337012E-02  0.149050E+03  0.247337E+02  0.794755E+00
  0.924037E+00  0.194560E+03  0.314461E+01  0.121311E-01  0.105752E-01  0.000000E+00  0.163366E+03  0.163366E+03  0.163366E+03 -0.334384E-02  0.147886E+03  0.245415E+02  0.784765E+00
  0.928469E+00  0.193045E+03  0.312006E+01  0.119633E-01  0.241605E-02  0.000000E+00  0.162094E+03  0.162094E+03  0.162094E+03 -0.331780E-02  0.146731E+03  0.243510E+02  0.774914E+00
  0.932916E+00  0.191544E+03  0.309574E+01  0.117987E-01  0.538094E-02  0.000000E+00  0.160834E+03  0.160834E+03  0.160834E+03 -0.329200E-02  0.145587E+03  0.241623E+02  0.765204E+00
  0.937376E+00  0.190057E+03  0.307168E+01  0.116240E-01  0.145763E-01  0.000000E+00  0.159585E+03  0.159585E+03  0.159585E+03 -0.326644E-02  0.144454E+03  0.239752E+02  0.755630E+00
  0.941850E+00  0.188583E+03  0.304782E+01  0.114314E-01  0.191129E-01  0.000000E+00  0.158348E+03  0.158348E+03  0.158348E+03 -0.324111E-02  0.143331E+03  0.237897E+02  0.746188E+00
  0.946340E+00  0.187122E+03  0.302416E+01  0.112210E-01  0.144943E-01  0.000000E+00  0.157121E+03  0.157121E+03  0.157121E+03 -0.321600E-02  0.142218E+03  0.236058E+02  0.736876E+00
  0.950844E+00  0.185675E+03  0.300071E+01  0.110000E-01  0.692424E-02  0.000000E+00  0.155906E+03  0.155906E+03  0.155906E+03 -0.319114E-02  0.141116E+03  0.234237E+02  0.727697E+00
  0.955363E+00  0.184240E+03  0.297742E+01  0.107792E-01  0.538186E-02  0.000000E+00  0.154701E+03  0.154701E+03  0.154701E+03 -0.316646E-02  0.140022E+03  0.232428E+02  0.718637E+00
  0.959898E+00  0.182817E+03  0.295431E+01  0.105697E-01  0.110289E-01  0.000000E+00  0.153506E+03  0.153506E+03  0.153506E+03 -0.314201E-02  0.138939E+03  0.230637E+02  0.709702E+00
  0.964448E+00  0.181407E+03  0.293139E+01  0.103789E-01  0.162638E-01  0.000000E+00  0.152322E+03  0.152322E+03  0.152322E+03 -0.311777E-02  0.137864E+03  0.228860E+02  0.700888E+00
  0.969014E+00  0.180009E+03  0.290864E+01  0.102083E-01  0.141729E-01  0.000000E+00  0.151148E+03  0.151148E+03  0.151148E+03 -0.309374E-02  0.136799E+03  0.227100E+02  0.692191E+00
  0.973597E+00  0.178623E+03  0.288608E+01  0.100535E-01  0.700979E-02  0.000000E+00  0.149985E+03  0.149985E+03  0.149985E+03 -0.306992E-02  0.135743E+03  0.225355E+02  0.683611E+00
  0.978196E+00  0.177249E+03  0.286370E+01  0.990653E-02  0.358129E-02  0.000000E+00  0.148830E+03  0.148830E+03  0.148830E+03 -0.304629E-02  0.134697E+03  0.223624E+02  0.675145E+00
  0.982811E+00  0.175886E+03  0.284151E+01  0.975876E-02  0.847219E-02  0.000000E+00  0.147686E+03  0.147686E+03  0.147686E+03 -0.302287E-02  0.133659E+03  0.221909E+02  0.666791E+00
  0.987444E+00  0.174534E+03  0.281949E+01  0.960411E-02  0.160660E-01  0.000000E+00  0.146551E+03  0.146551E+03  0.146551E+03 -0.299962E-02  0.132628E+03  0.220207E+02  0.658543E+00
  0.992093E+00  0.173194E+03  0.279768E+01  0.944077E-02  0.168363E-01  0.000000E+00  0.145426E+03  0.145426E+03  0.145426E+03 -0.297659E-02  0.131608E+03  0.218519E+02  0.650407E+00
  0.996760E+00  0.171865E+03  0.277607E+01  0.927077E-02  0.887978E-02  0.000000E+00  0.144310E+03  0.144310E+03  0.144310E+03 -0.295375E-02  0.130596E+03  0.216846E+02  0.642380E+00
  0.100144E+01  0.170548E+03  0.275465E+01  0.909887E-02  0.891023E-03  0.000000E+00  0.143204E+03  0.143204E+03  0.143204E+03 -0.293112E-02  0.129592E+03  0.215188E+02  0.634459E+00
  0.100615E+01  0.169241E+03  0.273342E+01  0.893057E-02  0.240447E-02  0.000000E+00  0.142107E+03  0.142107E+03  0.142107E+03 -0.290865E-02  0.128597E+03  0.213542E+02  0.626639E+00
  0.101087E+01  0.167945E+03  0.271238E+01  0.877042E-02  0.123104E-01  0.000000E+00  0.141018E+03  0.141018E+03  0.141018E+03 -0.288637E-02  0.127610E+03  0.211909E+02  0.618921E+00
  0.101561E+01  0.166659E+03  0.269149E+01  0.862061E-02  0.193343E-01  0.000000E+00  0.139939E+03  0.139939E+03  0.139939E+03 -0.286428E-02  0.126631E+03  0.210290E+02  0.611303E+00
  0.102036E+01  0.165384E+03  0.267081E+01  0.848046E-02  0.147930E-01  0.000000E+00  0.138868E+03  0.138868E+03  0.138868E+03 -0.284236E-02  0.125660E+03  0.208684E+02  0.603783E+00
  0.102514E+01  0.164120E+03  0.265030E+01  0.834699E-02  0.308723E-02  0.000000E+00  0.137806E+03  0.137806E+03  0.137806E+03 -0.282062E-02  0.124696E+03  0.207091E+02  0.596359E+00
  0.102994E+01  0.162865E+03  0.262996E+01  0.821630E-02 -0.268551E-02  0.000000E+00  0.136753E+03  0.136753E+03  0.136753E+03 -0.279906E-02  0.123741E+03  0.205511E+02  0.589031E+00
  0.103475E+01  0.161620E+03  0.260980E+01  0.808506E-02  0.434337E-02  0.000000E+00  0.135707E+03  0.135707E+03  0.135707E+03 -0.277766E-02  0.122793E+03  0.203943E+02  0.581796E+00
  0.103958E+01  0.160386E+03  0.258979E+01  0.795167E-02  0.164443E-01  0.000000E+00  0.134671E+03  0.134671E+03  0.134671E+03 -0.275645E-02  0.121853E+03  0.202388E+02  0.574655E+00
  0.104444E+01  0.159161E+03  0.256994E+01  0.781625E-02  0.196435E-01  0.000000E+00  0.133642E+03  0.133642E+03  0.133642E+03 -0.273539E-02  0.120920E+03  0.200845E+02  0.567601E+00
  0.104931E+01  0.157946E+03  0.255026E+01  0.768032E-02  0.979941E-02  0.000000E+00  0.132622E+03  0.132622E+03  0.132622E+03 -0.271451E-02  0.119995E+03  0.199314E+02  0.560639E+00
  0.105420E+01  0.156740E+03  0.253074E+01  0.754577E-02 -0.221375E-02  0.000000E+00  0.131609E+03  0.131609E+03  0.131609E+03 -0.269377E-02  0.119076E+03  0.197794E+02  0.553762E+00
  0.105911E+01  0.155544E+03  0.251139E+01  0.741454E-02 -0.266337E-02  0.000000E+00  0.130605E+03  0.130605E+03  0.130605E+03 -0.267323E-02  0.118166E+03  0.196289E+02  0.546977E+00
  0.106405E+01  0.154358E+03  0.249220E+01  0.728787E-02  0.907459E-02  0.000000E+00  0.129609E+03  0.129609E+03  0.129609E+03 -0.265284E-02  0.117263E+03  0.194794E+02  0.540277E+00
  0.106900E+01  0.153180E+03  0.247317E+01  0.716620E-02  0.194188E-01  0.000000E+00  0.128621E+03  0.128621E+03  0.128621E+03 -0.263260E-02  0.116366E+03  0.193311E+02  0.533657E+00
  0.107398E+01  0.152012E+03  0.245427E+01  0.704900E-02  0.161175E-01  0.000000E+00  0.127640E+03  0.127640E+03  0.127640E+03 -0.261251E-02  0.115477E+03  0.191838E+02  0.527121E+00
  0.107897E+01  0.150853E+03  0.243555E+01  0.693487E-02  0.272212E-02  0.000000E+00  0.126666E+03  0.126666E+03  0.126666E+03 -0.259260E-02  0.114595E+03  0.190378E+02  0.520669E+00
  0.108399E+01  0.149703E+03  0.241698E+01  0.682208E-02 -0.522276E-02  0.000000E+00  0.125701E+03  0.125701E+03  0.125701E+03 -0.257283E-02  0.113719E+03  0.188930E+02  0.514298E+00
  0.108903E+01  0.148562E+03  0.239856E+01  0.670951E-02  0.164378E-02  0.000000E+00  0.124743E+03  0.124743E+03  0.124743E+03 -0.255322E-02  0.112851E+03  0.187492E+02  0.508005E+00
  0.109409E+01  0.147430E+03  0.238028E+01  0.659698E-02  0.151571E-01  0.000000E+00  0.123792E+03  0.123792E+03  0.123792E+03 -0.253376E-02  0.111989E+03  0.186065E+02  0.501791E+00
  0.109917E+01  0.146306E+03  0.236216E+01  0.648518E-02  0.189773E-01  0.000000E+00  0.122849E+03  0.122849E+03  0.122849E+03 -0.251445E-02  0.111133E+03  0.184649E+02  0.495653E+00
  0.110427E+01  0.145191E+03  0.234418E+01  0.637502E-02  0.824642E-02  0.000000E+00  0.121913E+03  0.121913E+03  0.121913E+03 -0.249529E-02  0.110284E+03  0.183245E+02  0.489592E+00
  0.110940E+01  0.144085E+03  0.232633E+01  0.626714E-02 -0.417461E-02  0.000000E+00  0.120984E+03  0.120984E+03  0.120984E+03 -0.247628E-02  0.109442E+03  0.181851E+02  0.483607E+00
  0.111454E+01  0.142987E+03  0.230862E+01  0.616180E-02 -0.308019E-02  0.000000E+00  0.120062E+03  0.120062E+03  0.120062E+03 -0.245741E-02  0.108607E+03  0.180467E+02  0.477695E+00
  0.111971E+01  0.141898E+03  0.229105E+01  0.605906E-02  0.101596E-01  0.000000E+00  0.119147E+03  0.119147E+03  0.119147E+03 -0.243868E-02  0.107778E+03  0.179094E+02  0.471857E+00
  0.112490E+01  0.140817E+03  0.227360E+01  0.595879E-02  0.188504E-01  0.000000E+00  0.118239E+03  0.118239E+03  0.118239E+03 -0.242010E-02  0.106955E+03  0.177732E+02  0.466090E+00
  0.113012E+01  0.139745E+03  0.225630E+01  0.586059E-02  0.117741E-01  0.000000E+00  0.117339E+03  0.117339E+03  0.117339E+03 -0.240168E-02  0.106139E+03  0.176381E+02  0.460398E+00
  0.113536E+01  0.138680E+03  0.223911E+01  0.576376E-02 -0.220663E-02  0.000000E+00  0.116445E+03  0.116445E+03  0.116445E+03 -0.238338E-02  0.105328E+03  0.175039E+02  0.454772E+00
  0.114062E+01  0.137623E+03  0.222204E+01  0.566782E-02 -0.509596E-02  0.000000E+00  0.115558E+03  0.115558E+03  0.115558E+03 -0.236522E-02  0.104524E+03  0.173708E+02  0.449216E+00
  0.114590E+01  0.136575E+03  0.220510E+01  0.557281E-02  0.681424E-02  0.000000E+00  0.114677E+03  0.114677E+03  0.114677E+03 -0.234719E-02  0.103726E+03  0.172386E+02  0.443728E+00
  0.115121E+01  0.135534E+03  0.218827E+01  0.547923E-02  0.176429E-01  0.000000E+00  0.113804E+03  0.113804E+03  0.113804E+03 -0.232931E-02  0.102934E+03  0.171074E+02  0.438308E+00
  0.115654E+01  0.134501E+03  0.217156E+01  0.538759E-02  0.127769E-01  0.000000E+00  0.112936E+03  0.112936E+03  0.112936E+03 -0.231155E-02  0.102148E+03  0.169772E+02  0.432953E+00
  0.116189E+01  0.133476E+03  0.215497E+01  0.529791E-02 -0.128741E-02  0.000000E+00  0.112075E+03  0.112075E+03  0.112075E+03 -0.229393E-02  0.101368E+03  0.168480E+02  0.427664E+00
  0.116727E+01  0.132458E+03  0.213850E+01  0.520987E-02 -0.541943E-02  0.000000E+00  0.111221E+03  0.111221E+03  0.111221E+03 -0.227645E-02  0.100593E+03  0.167198E+02  0.422440E+00
  0.117267E+01  0.131449E+03  0.212215E+01  0.512318E-02  0.588147E-02  0.000000E+00  0.110373E+03  0.110373E+03  0.110373E+03 -0.225909E-02  0.998250E+02  0.165925E+02  0.417280E+00
  0.117810E+01  0.130447E+03  0.210592E+01  0.503781E-02  0.165971E-01  0.000000E+00  0.109532E+03  0.109532E+03  0.109532E+03 -0.224188E-02  0.990627E+02  0.164662E+02  0.412184E+00
  0.118355E+01  0.129452E+03  0.208980E+01  0.495386E-02  0.115679E-01  0.000000E+00  0.108697E+03  0.108697E+03  0.108697E+03 -0.222478E-02  0.983058E+02  0.163408E+02  0.407149E+00
  0.118902E+01  0.128465E+03  0.207379E+01  0.487126E-02 -0.192251E-02  0.000000E+00  0.107868E+03  0.107868E+03  0.107868E+03 -0.220781E-02  0.975545E+02  0.162164E+02  0.402175E+00
  0.119452E+01  0.127485E+03  0.205790E+01  0.478989E-02 -0.452616E-02  0.000000E+00  0.107045E+03  0.107045E+03  0.107045E+03 -0.219097E-02  0.968089E+02  0.160929E+02  0.397262E+00
  0.120005E+01  0.126513E+03  0.204213E+01  0.470983E-02  0.712649E-02  0.000000E+00  0.106229E+03  0.106229E+03  0.106229E+03 -0.217426E-02  0.960693E+02  0.159703E+02  0.392410E+00
  0.120559E+01  0.125548E+03  0.202648E+01  0.463130E-02  0.155746E-01  0.000000E+00  0.105419E+03  0.105419E+03  0.105419E+03 -0.215768E-02  0.953350E+02  0.158487E+02  0.387617E+00
  0.121117E+01  0.124590E+03  0.201093E+01  0.455437E-02  0.843411E-02  0.000000E+00  0.104614E+03  0.104614E+03  0.104614E+03 -0.214121E-02  0.946060E+02  0.157279E+02  0.382880E+00
  0.121677E+01  0.123639E+03  0.199550E+01  0.447881E-02 -0.329368E-02  0.000000E+00  0.103816E+03  0.103816E+03  0.103816E+03 -0.212487E-02  0.938826E+02  0.156080E+02  0.378202E+00
  0.122239E+01  0.122695E+03  0.198018E+01  0.440422E-02 -0.209213E-02  0.000000E+00  0.103023E+03  0.103023E+03  0.103023E+03 -0.210864E-02  0.931642E+02  0.154890E+02  0.373580E+00
  0.122804E+01  0.121759E+03  0.196498E+01  0.433060E-02  0.952284E-02  0.000000E+00  0.102237E+03  0.102237E+03  0.102237E+03 -0.209255E-02  0.924516E+02  0.153709E+02  0.369015E+00
  0.123372E+01  0.120829E+03  0.194990E+01  0.425815E-02  0.133944E-01  0.000000E+00  0.101456E+03  0.101456E+03  0.101456E+03 -0.207656E-02  0.917441E+02  0.152536E+02  0.364505E+00
  0.123942E+01  0.119906E+03  0.193495E+01  0.418708E-02  0.399202E-02  0.000000E+00  0.100681E+03  0.100681E+03  0.100681E+03 -0.206071E-02  0.910424E+02  0.151373E+02  0.360051E+00
  0.124515E+01  0.118991E+03  0.192010E+01  0.411723E-02 -0.359994E-02  0.000000E+00  0.999125E+02  0.999125E+02  0.999125E+02 -0.204497E-02  0.903456E+02  0.150219E+02  0.355650E+00
  0.125090E+01  0.118082E+03  0.190538E+01  0.404851E-02  0.203016E-02  0.000000E+00  0.991492E+02  0.991492E+02  0.991492E+02 -0.202935E-02  0.896540E+02  0.149072E+02  0.351303E+00
  0.125668E+01  0.117179E+03  0.189077E+01  0.398097E-02  0.110548E-01  0.000000E+00  0.983915E+02  0.983915E+02  0.983915E+02 -0.201384E-02  0.889676E+02  0.147935E+02  0.347008E+00
  0.126248E+01  0.116284E+03  0.187629E+01  0.391470E-02  0.907885E-02  0.000000E+00  0.976398E+02  0.976398E+02  0.976398E+02 -0.199845E-02  0.882866E+02  0.146806E+02  0.342767E+00
  0.126832E+01  0.115395E+03  0.186191E+01  0.384957E-02  0.127283E-03  0.000000E+00  0.968935E+02  0.968935E+02  0.968935E+02 -0.198318E-02  0.876105E+02  0.145685E+02  0.338576E+00
  0.127417E+01  0.114513E+03  0.184765E+01  0.378536E-02 -0.115184E-02  0.000000E+00  0.961527E+02  0.961527E+02  0.961527E+02 -0.196801E-02  0.869394E+02  0.144573E+02  0.334436E+00
  0.128006E+01  0.113637E+03  0.183350E+01  0.372206E-02  0.627483E-02  0.000000E+00  0.954174E+02  0.954174E+02  0.954174E+02 -0.195296E-02  0.862733E+02  0.143468E+02  0.330346E+00
  0.128597E+01  0.112768E+03  0.181946E+01  0.365980E-02  0.944835E-02  0.000000E+00  0.946876E+02  0.946876E+02  0.946876E+02 -0.193803E-02  0.856121E+02  0.142372E+02  0.326306E+00
  0.129191E+01  0.111905E+03  0.180554E+01  0.359868E-02  0.379367E-02  0.000000E+00  0.939631E+02  0.939631E+02  0.939631E+02 -0.192319E-02  0.849557E+02  0.141284E+02  0.322314E+00
  0.129788E+01  0.111049E+03  0.179172E+01  0.353861E-02 -0.388974E-03  0.000000E+00  0.932439E+02  0.932439E+02  0.932439E+02 -0.190847E-02  0.843042E+02  0.140204E+02  0.318370E+00
  0.130387E+01  0.110199E+03  0.177803E+01  0.347951E-02  0.333697E-02  0.000000E+00  0.925306E+02  0.925306E+02  0.925306E+02 -0.189387E-02  0.836581E+02  0.139133E+02  0.314477E+00
  0.130989E+01  0.109356E+03  0.176442E+01  0.342139E-02  0.738671E-02  0.000000E+00  0.918223E+02  0.918223E+02  0.918223E+02 -0.187938E-02  0.830165E+02  0.138069E+02  0.310629E+00
  0.131594E+01  0.108518E+03  0.175093E+01  0.336428E-02  0.486561E-02  0.000000E+00  0.911192E+02  0.911192E+02  0.911192E+02 -0.186499E-02  0.823797E+02  0.137013E+02  0.306828E+00
  0.132202E+01  0.107687E+03  0.173754E+01  0.330812E-02  0.123001E-02  0.000000E+00  0.904213E+02  0.904213E+02  0.904213E+02 -0.185070E-02  0.817474E+02  0.135964E+02  0.303072E+00
  0.132812E+01  0.106862E+03  0.172425E+01  0.325284E-02  0.294160E-02  0.000000E+00  0.897286E+02  0.897286E+02  0.897286E+02 -0.183652E-02  0.811200E+02  0.134924E+02  0.299362E+00
  0.133426E+01  0.106044E+03  0.171106E+01  0.319845E-02  0.579946E-02  0.000000E+00  0.890413E+02  0.890413E+02  0.890413E+02 -0.182246E-02  0.804976E+02  0.133892E+02  0.295698E+00
  0.134042E+01  0.105231E+03  0.169796E+01  0.314497E-02  0.409029E-02  0.000000E+00  0.883589E+02  0.883589E+02  0.883589E+02 -0.180849E-02  0.798795E+02  0.132867E+02  0.292078E+00
  0.134660E+01  0.104424E+03  0.168496E+01  0.309240E-02  0.162359E-02  0.000000E+00  0.876817E+02  0.876817E+02  0.876817E+02 -0.179462E-02  0.792661E+02  0.131849E+02  0.288502E+00
  0.135282E+01  0.103624E+03  0.167205E+01  0.304067E-02  0.350701E-02  0.000000E+00  0.870095E+02  0.870095E+02  0.870095E+02 -0.178087E-02  0.786573E+02  0.130840E+02  0.284969E+00
  0.135907E+01  0.102829E+03  0.165924E+01  0.298981E-02  0.569695E-02  0.000000E+00  0.863423E+02  0.863423E+02  0.863423E+02 -0.176721E-02  0.780530E+02  0.129837E+02  0.281479E+00
  0.136534E+01  0.102041E+03  0.164652E+01  0.293984E-02  0.324970E-02  0.000000E+00  0.856801E+02  0.856801E+02  0.856801E+02 -0.175365E-02  0.774533E+02  0.128843E+02  0.278031E+00
  0.137165E+01  0.101258E+03  0.163389E+01  0.289069E-02  0.762330E-03  0.000000E+00  0.850227E+02  0.850227E+02  0.850227E+02 -0.174020E-02  0.768580E+02  0.127855E+02  0.274625E+00
  0.137798E+01  0.100481E+03  0.162134E+01  0.284232E-02  0.353225E-02  0.000000E+00  0.843704E+02  0.843704E+02  0.843704E+02 -0.172685E-02  0.762672E+02  0.126875E+02  0.271261E+00
  0.138434E+01  0.997097E+02  0.160888E+01  0.279475E-02  0.641875E-02  0.000000E+00  0.837229E+02  0.837229E+02  0.837229E+02 -0.171359E-02  0.756808E+02  0.125903E+02  0.267937E+00
  0.139073E+01  0.989442E+02  0.159651E+01  0.274801E-02  0.329411E-02  0.000000E+00  0.830801E+02  0.830801E+02  0.830801E+02 -0.170044E-02  0.750988E+02  0.124937E+02  0.264653E+00
  0.139715E+01  0.981845E+02  0.158423E+01  0.270204E-02 -0.383023E-03  0.000000E+00  0.824422E+02  0.824422E+02  0.824422E+02 -0.168738E-02  0.745211E+02  0.123979E+02  0.261410E+00
  0.140360E+01  0.974302E+02  0.157202E+01  0.265677E-02  0.266271E-02  0.000000E+00  0.818089E+02  0.818089E+02  0.818089E+02 -0.167442E-02  0.739475E+02  0.123027E+02  0.258205E+00
  0.141008E+01  0.966817E+02  0.155990E+01  0.261225E-02  0.701051E-02  0.000000E+00  0.811804E+02  0.811804E+02  0.811804E+02 -0.166155E-02  0.733784E+02  0.122083E+02  0.255039E+00
  0.141659E+01  0.959388E+02  0.154788E+01  0.256854E-02  0.408968E-02  0.000000E+00  0.805566E+02  0.805566E+02  0.805566E+02 -0.164878E-02  0.728136E+02  0.121146E+02  0.251912E+00
  0.142313E+01  0.952015E+02  0.153594E+01  0.252559E-02 -0.109597E-02  0.000000E+00  0.799375E+02  0.799375E+02  0.799375E+02 -0.163611E-02  0.722530E+02  0.120215E+02  0.248823E+00
  0.142970E+01  0.944696E+02  0.152408E+01  0.248328E-02  0.133760E-02  0.000000E+00  0.793229E+02  0.793229E+02  0.793229E+02 -0.162353E-02  0.716965E+02  0.119292E+02  0.245771E+00
  0.143630E+01  0.937432E+02  0.151231E+01  0.244163E-02  0.709256E-02  0.000000E+00  0.787130E+02  0.787130E+02  0.787130E+02 -0.161105E-02  0.711442E+02  0.118376E+02  0.242756E+00
  0.144293E+01  0.930221E+02  0.150062E+01  0.240074E-02  0.506896E-02  0.000000E+00  0.781075E+02  0.781075E+02  0.781075E+02 -0.159866E-02  0.705960E+02  0.117466E+02  0.239777E+00
  0.144959E+01  0.923064E+02  0.148903E+01  0.236058E-02 -0.132848E-02  0.000000E+00  0.775066E+02  0.775066E+02  0.775066E+02 -0.158636E-02  0.700519E+02  0.116563E+02  0.236835E+00
  0.145628E+01  0.915961E+02  0.147752E+01  0.232101E-02  0.111655E-03  0.000000E+00  0.769101E+02  0.769101E+02  0.769101E+02 -0.157415E-02  0.695119E+02  0.115667E+02  0.233929E+00
  0.146300E+01  0.908910E+02  0.146610E+01  0.228205E-02  0.688347E-02  0.000000E+00  0.763181E+02  0.763181E+02  0.763181E+02 -0.156203E-02  0.689758E+02  0.114777E+02  0.231057E+00
  0.146976E+01  0.901913E+02  0.145478E+01  0.224381E-02  0.576281E-02  0.000000E+00  0.757305E+02  0.757305E+02  0.757305E+02 -0.155000E-02  0.684439E+02  0.113894E+02  0.228221E+00
  0.147654E+01  0.894967E+02  0.144354E+01  0.220627E-02 -0.146726E-02  0.000000E+00  0.751473E+02  0.751473E+02  0.751473E+02 -0.153807E-02  0.679159E+02  0.113018E+02  0.225419E+00
  0.148336E+01  0.888072E+02  0.143239E+01  0.216928E-02 -0.646872E-03  0.000000E+00  0.745684E+02  0.745684E+02  0.745684E+02 -0.152622E-02  0.673917E+02  0.112148E+02  0.222650E+00
  0.149020E+01  0.881232E+02  0.142134E+01  0.213284E-02  0.681501E-02  0.000000E+00  0.739940E+02  0.739940E+02  0.739940E+02 -0.151446E-02  0.668718E+02  0.111285E+02  0.219916E+00
  0.149708E+01  0.874437E+02  0.141036E+01  0.209707E-02  0.586711E-02  0.000000E+00  0.734234E+02  0.734234E+02  0.734234E+02 -0.150278E-02  0.663551E+02  0.110427E+02  0.217214E+00
  0.150399E+01  0.867701E+02  0.139949E+01  0.206199E-02 -0.189565E-02  0.000000E+00  0.728579E+02  0.728579E+02  0.728579E+02 -0.149121E-02  0.658432E+02  0.109578E+02  0.214547E+00
  0.151094E+01  0.861011E+02  0.138870E+01  0.202739E-02 -0.649520E-03  0.000000E+00  0.722961E+02  0.722961E+02  0.722961E+02 -0.147971E-02  0.653347E+02  0.108734E+02  0.211911E+00
  0.151791E+01  0.854372E+02  0.137799E+01  0.199333E-02  0.712325E-02  0.000000E+00  0.717386E+02  0.717386E+02  0.717386E+02 -0.146830E-02  0.648300E+02  0.107896E+02  0.209307E+00
  0.152492E+01  0.847781E+02  0.136736E+01  0.195990E-02  0.507621E-02  0.000000E+00  0.711853E+02  0.711853E+02  0.711853E+02 -0.145697E-02  0.643291E+02  0.107064E+02  0.206735E+00
  0.153196E+01  0.841240E+02  0.135682E+01  0.192708E-02 -0.261025E-02  0.000000E+00  0.706360E+02  0.706360E+02  0.706360E+02 -0.144573E-02  0.638319E+02  0.106239E+02  0.204193E+00
  0.153903E+01  0.834749E+02  0.134637E+01  0.189473E-02  0.408973E-03  0.000000E+00  0.700910E+02  0.700910E+02  0.700910E+02 -0.143457E-02  0.633385E+02  0.105420E+02  0.201683E+00
  0.154613E+01  0.828306E+02  0.133599E+01  0.186287E-02  0.749999E-02  0.000000E+00  0.695500E+02  0.695500E+02  0.695500E+02 -0.142350E-02  0.628488E+02  0.104607E+02  0.199204E+00
  0.155327E+01  0.821911E+02  0.132569E+01  0.183164E-02  0.315837E-02  0.000000E+00  0.690130E+02  0.690130E+02  0.690130E+02 -0.141251E-02  0.623628E+02  0.103800E+02  0.196754E+00
  0.156044E+01  0.815564E+02  0.131547E+01  0.180095E-02 -0.297585E-02  0.000000E+00  0.684801E+02  0.684801E+02  0.684801E+02 -0.140160E-02  0.618804E+02  0.102999E+02  0.194335E+00
  0.156764E+01  0.809265E+02  0.130532E+01  0.177068E-02  0.254729E-02  0.000000E+00  0.679512E+02  0.679512E+02  0.679512E+02 -0.139078E-02  0.614017E+02  0.102204E+02  0.191944E+00
  0.157488E+01  0.803013E+02  0.129525E+01  0.174092E-02  0.702601E-02  0.000000E+00  0.674262E+02  0.674262E+02  0.674262E+02 -0.138003E-02  0.609265E+02  0.101415E+02  0.189583E+00
  0.158215E+01  0.796808E+02  0.128525E+01  0.171173E-02  0.474386E-03  0.000000E+00  0.669052E+02  0.669052E+02  0.669052E+02 -0.136937E-02  0.604550E+02  0.100632E+02  0.187251E+00
  0.158945E+01  0.790650E+02  0.127533E+01  0.168301E-02 -0.195354E-02  0.000000E+00  0.663881E+02  0.663881E+02  0.663881E+02 -0.135878E-02  0.599870E+02  0.998550E+01  0.184947E+00
  0.159679E+01  0.784537E+02  0.126547E+01  0.165470E-02  0.487628E-02  0.000000E+00  0.658749E+02  0.658749E+02  0.658749E+02 -0.134828E-02  0.595224E+02  0.990835E+01  0.182671E+00
  0.160416E+01  0.778471E+02  0.125568E+01  0.162691E-02  0.483314E-02  0.000000E+00  0.653655E+02  0.653655E+02  0.653655E+02 -0.133785E-02  0.590614E+02  0.983180E+01  0.180423E+00
  0.161156E+01  0.772450E+02  0.124596E+01  0.159963E-02 -0.152706E-02  0.000000E+00  0.648600E+02  0.648600E+02  0.648600E+02 -0.132751E-02  0.586039E+02  0.975581E+01  0.178202E+00
  0.161900E+01  0.766474E+02  0.123630E+01  0.157274E-02  0.758906E-03  0.000000E+00  0.643582E+02  0.643582E+02  0.643582E+02 -0.131723E-02  0.581498E+02  0.968040E+01  0.176008E+00
  0.162647E+01  0.760544E+02  0.122672E+01  0.154629E-02  0.557199E-02  0.000000E+00  0.638603E+02  0.638603E+02  0.638603E+02 -0.130704E-02  0.576992E+02  0.960556E+01  0.173841E+00
  0.163398E+01  0.754658E+02  0.121720E+01  0.152033E-02  0.154416E-02  0.000000E+00  0.633660E+02  0.633660E+02  0.633660E+02 -0.129693E-02  0.572519E+02  0.953127E+01  0.171700E+00
  0.164152E+01  0.748816E+02  0.120775E+01  0.149481E-02 -0.110430E-02  0.000000E+00  0.628755E+02  0.628755E+02  0.628755E+02 -0.128689E-02  0.568080E+02  0.945754E+01  0.169585E+00
  0.164910E+01  0.743018E+02  0.119837E+01  0.146966E-02  0.348337E-02  0.000000E+00  0.623887E+02  0.623887E+02  0.623887E+02 -0.127692E-02  0.563674E+02  0.938437E+01  0.167496E+00
  0.165671E+01  0.737263E+02  0.118906E+01  0.144495E-02  0.363774E-02  0.000000E+00  0.619054E+02  0.619054E+02  0.619054E+02 -0.126703E-02  0.559301E+02  0.931173E+01  0.165433E+00
  0.166436E+01  0.731553E+02  0.117982E+01  0.142069E-02 -0.369069E-03  0.000000E+00  0.614259E+02  0.614259E+02  0.614259E+02 -0.125722E-02  0.554962E+02  0.923966E+01  0.163395E+00
  0.167204E+01  0.725885E+02  0.117065E+01  0.139680E-02  0.137679E-02  0.000000E+00  0.609500E+02  0.609500E+02  0.609500E+02 -0.124748E-02  0.550656E+02  0.916813E+01  0.161381E+00
  0.167976E+01  0.720260E+02  0.116154E+01  0.137330E-02  0.367699E-02  0.000000E+00  0.604777E+02  0.604777E+02  0.604777E+02 -0.123781E-02  0.546382E+02  0.909713E+01  0.159392E+00
  0.168751E+01  0.714675E+02  0.115251E+01  0.135022E-02  0.102221E-02  0.000000E+00  0.600088E+02  0.600088E+02  0.600088E+02 -0.122821E-02  0.542138E+02  0.902664E+01  0.157427E+00
  0.169530E+01  0.709133E+02  0.114355E+01  0.132752E-02  0.674592E-03  0.000000E+00  0.595435E+02  0.595435E+02  0.595435E+02 -0.121869E-02  0.537928E+02  0.895669E+01  0.155486E+00
  0.170313E+01  0.703635E+02  0.113466E+01  0.130518E-02  0.281939E-02  0.000000E+00  0.590817E+02  0.590817E+02  0.590817E+02 -0.120924E-02  0.533750E+02  0.888728E+01  0.153569E+00
  0.171099E+01  0.698177E+02  0.112585E+01  0.128323E-02  0.161002E-02  0.000000E+00  0.586235E+02  0.586235E+02  0.586235E+02 -0.119986E-02  0.529604E+02  0.881841E+01  0.151676E+00
  0.171888E+01  0.692760E+02  0.111710E+01  0.126165E-02  0.839207E-03  0.000000E+00  0.581687E+02  0.581687E+02  0.581687E+02 -0.119055E-02  0.525489E+02  0.875004E+01  0.149805E+00
  0.172682E+01  0.687384E+02  0.110842E+01  0.124042E-02  0.236687E-02  0.000000E+00  0.577172E+02  0.577172E+02  0.577172E+02 -0.118131E-02  0.521404E+02  0.868217E+01  0.147957E+00
  0.173479E+01  0.682049E+02  0.109982E+01  0.121955E-02  0.150874E-02  0.000000E+00  0.572692E+02  0.572692E+02  0.572692E+02 -0.117214E-02  0.517351E+02  0.861483E+01  0.146132E+00
  0.174280E+01  0.676753E+02  0.109128E+01  0.119903E-02  0.792698E-03  0.000000E+00  0.568246E+02  0.568246E+02  0.568246E+02 -0.116304E-02  0.513328E+02  0.854799E+01  0.144329E+00
  0.175084E+01  0.671495E+02  0.108281E+01  0.117884E-02  0.245846E-02  0.000000E+00  0.563831E+02  0.563831E+02  0.563831E+02 -0.115400E-02  0.509333E+02  0.848161E+01  0.142547E+00
  0.175892E+01  0.666279E+02  0.107441E+01  0.115900E-02  0.158442E-02  0.000000E+00  0.559451E+02  0.559451E+02  0.559451E+02 -0.114504E-02  0.505370E+02  0.841576E+01  0.140788E+00
  0.176704E+01  0.661103E+02  0.106607E+01  0.113950E-02  0.243696E-03  0.000000E+00  0.555105E+02  0.555105E+02  0.555105E+02 -0.113614E-02  0.501438E+02  0.835042E+01  0.139050E+00
  0.177520E+01  0.655965E+02  0.105779E+01  0.112031E-02  0.240545E-02  0.000000E+00  0.550791E+02  0.550791E+02  0.550791E+02 -0.112731E-02  0.497535E+02  0.828557E+01  0.137334E+00
  0.178339E+01  0.650867E+02  0.104958E+01  0.110144E-02  0.224027E-02  0.000000E+00  0.546510E+02  0.546510E+02  0.546510E+02 -0.111855E-02  0.493662E+02  0.822121E+01  0.135638E+00
  0.179162E+01  0.645807E+02  0.104144E+01  0.108291E-02 -0.281575E-03  0.000000E+00  0.542262E+02  0.542262E+02  0.542262E+02 -0.110985E-02  0.489819E+02  0.815734E+01  0.133963E+00
  0.179989E+01  0.640786E+02  0.103335E+01  0.106466E-02  0.170801E-02  0.000000E+00  0.538045E+02  0.538045E+02  0.538045E+02 -0.110122E-02  0.486005E+02  0.809395E+01  0.132309E+00
  0.180820E+01  0.635803E+02  0.102532E+01  0.104673E-02  0.312741E-02  0.000000E+00  0.533861E+02  0.533861E+02  0.533861E+02 -0.109266E-02  0.482220E+02  0.803105E+01  0.130675E+00
  0.181655E+01  0.630857E+02  0.101735E+01  0.102912E-02 -0.223333E-03  0.000000E+00  0.529709E+02  0.529709E+02  0.529709E+02 -0.108416E-02  0.478463E+02  0.796862E+01  0.129061E+00
  0.182493E+01  0.625946E+02  0.100943E+01  0.101177E-02  0.517860E-03  0.000000E+00  0.525585E+02  0.525585E+02  0.525585E+02 -0.107572E-02  0.474732E+02  0.790661E+01  0.127466E+00
  0.183336E+01  0.621075E+02  0.100157E+01  0.994707E-03  0.368119E-02  0.000000E+00  0.521495E+02  0.521495E+02  0.521495E+02 -0.106735E-02  0.471032E+02  0.784512E+01  0.125891E+00
  0.184182E+01  0.616246E+02  0.993775E+00  0.977976E-03  0.470403E-03  0.000000E+00  0.517440E+02  0.517440E+02  0.517440E+02 -0.105905E-02  0.467366E+02  0.778418E+01  0.124336E+00
  0.185032E+01  0.611445E+02  0.986019E+00  0.961495E-03 -0.665221E-03  0.000000E+00  0.513409E+02  0.513409E+02  0.513409E+02 -0.105080E-02  0.463718E+02  0.772355E+01  0.122799E+00
  0.185886E+01  0.606684E+02  0.978327E+00  0.945267E-03  0.366843E-02  0.000000E+00  0.509411E+02  0.509411E+02  0.509411E+02 -0.104262E-02  0.460102E+02  0.766345E+01  0.121281E+00
  0.186744E+01  0.601959E+02  0.970689E+00  0.929349E-03  0.142542E-02  0.000000E+00  0.505444E+02  0.505444E+02  0.505444E+02 -0.103450E-02  0.456513E+02  0.760379E+01  0.119782E+00
  0.187606E+01  0.597269E+02  0.963108E+00  0.913698E-03 -0.146317E-02  0.000000E+00  0.501506E+02  0.501506E+02  0.501506E+02 -0.102644E-02  0.452952E+02  0.754459E+01  0.118301E+00
  0.188472E+01  0.592615E+02  0.955585E+00  0.898270E-03  0.326346E-02  0.000000E+00  0.497598E+02  0.497598E+02  0.497598E+02 -0.101844E-02  0.449417E+02  0.748584E+01  0.116838E+00
  0.189342E+01  0.587996E+02  0.948117E+00  0.883130E-03  0.220971E-02  0.000000E+00  0.493720E+02  0.493720E+02  0.493720E+02 -0.101050E-02  0.445909E+02  0.742752E+01  0.115393E+00
  0.190216E+01  0.583413E+02  0.940709E+00  0.868261E-03 -0.180679E-02  0.000000E+00  0.489871E+02  0.489871E+02  0.489871E+02 -0.100262E-02  0.442429E+02  0.736966E+01  0.113966E+00
  0.191094E+01  0.578864E+02  0.933355E+00  0.853595E-03  0.280043E-02  0.000000E+00  0.486052E+02  0.486052E+02  0.486052E+02 -0.994806E-03  0.438974E+02  0.731223E+01  0.112556E+00
  0.191976E+01  0.574350E+02  0.926060E+00  0.839199E-03  0.257618E-02  0.000000E+00  0.482261E+02  0.482261E+02  0.482261E+02 -0.987048E-03  0.435546E+02  0.725524E+01  0.111164E+00
  0.192862E+01  0.569870E+02  0.918825E+00  0.825067E-03 -0.181635E-02  0.000000E+00  0.478499E+02  0.478499E+02  0.478499E+02 -0.979348E-03  0.432143E+02  0.719868E+01  0.109788E+00
  0.193752E+01  0.565423E+02  0.911646E+00  0.811128E-03  0.252272E-02  0.000000E+00  0.474766E+02  0.474766E+02  0.474766E+02 -0.971707E-03  0.428767E+02  0.714254E+01  0.108429E+00
  0.194647E+01  0.561011E+02  0.904526E+00  0.797442E-03  0.248209E-02  0.000000E+00  0.471061E+02  0.471061E+02  0.471061E+02 -0.964123E-03  0.425416E+02  0.708683E+01  0.107087E+00
  0.195545E+01  0.556632E+02  0.897464E+00  0.784008E-03 -0.161082E-02  0.000000E+00  0.467384E+02  0.467384E+02  0.467384E+02 -0.956598E-03  0.422091E+02  0.703154E+01  0.105762E+00
  0.196448E+01  0.552286E+02  0.890455E+00  0.770759E-03  0.247605E-02  0.000000E+00  0.463735E+02  0.463735E+02  0.463735E+02 -0.949128E-03  0.418790E+02  0.697667E+01  0.104452E+00
  0.197354E+01  0.547974E+02  0.883507E+00  0.757752E-03  0.200798E-02  0.000000E+00  0.460114E+02  0.460114E+02  0.460114E+02 -0.941717E-03  0.415515E+02  0.692222E+01  0.103159E+00
  0.198265E+01  0.543694E+02  0.876612E+00  0.744979E-03 -0.122805E-02  0.000000E+00  0.456520E+02  0.456520E+02  0.456520E+02 -0.934362E-03  0.412265E+02  0.686818E+01  0.101882E+00
  0.199180E+01  0.539446E+02  0.869770E+00  0.732387E-03  0.252896E-02  0.000000E+00  0.452954E+02  0.452954E+02  0.452954E+02 -0.927062E-03  0.409040E+02  0.681456E+01  0.100620E+00
  0.200100E+01  0.535232E+02  0.862983E+00  0.720028E-03  0.131839E-02  0.000000E+00  0.449415E+02  0.449415E+02  0.449415E+02 -0.919820E-03  0.405840E+02  0.676134E+01  0.993739E-01
  0.201023E+01  0.531049E+02  0.856246E+00  0.707883E-03 -0.646176E-03  0.000000E+00  0.445903E+02  0.445903E+02  0.445903E+02 -0.912632E-03  0.402664E+02  0.670854E+01  0.981429E-01
  0.201951E+01  0.526898E+02  0.849561E+00  0.695916E-03  0.246240E-02  0.000000E+00  0.442418E+02  0.442418E+02  0.442418E+02 -0.905498E-03  0.399512E+02  0.665612E+01  0.969270E-01
  0.202884E+01  0.522779E+02  0.842924E+00  0.684171E-03  0.642338E-03  0.000000E+00  0.438959E+02  0.438959E+02  0.438959E+02 -0.898418E-03  0.396384E+02  0.660411E+01  0.957260E-01
  0.203820E+01  0.518691E+02  0.836335E+00  0.672621E-03  0.871576E-04  0.000000E+00  0.435526E+02  0.435526E+02  0.435526E+02 -0.891392E-03  0.393280E+02  0.655249E+01  0.945397E-01
  0.204761E+01  0.514634E+02  0.829795E+00  0.661251E-03  0.210731E-02  0.000000E+00  0.432120E+02  0.432120E+02  0.432120E+02 -0.884420E-03  0.390200E+02  0.650127E+01  0.933680E-01
  0.205706E+01  0.510608E+02  0.823301E+00  0.650088E-03  0.236522E-03  0.000000E+00  0.428739E+02  0.428739E+02  0.428739E+02 -0.877501E-03  0.387143E+02  0.645043E+01  0.922107E-01
  0.206655E+01  0.506613E+02  0.816855E+00  0.639106E-03  0.792904E-03  0.000000E+00  0.425385E+02  0.425385E+02  0.425385E+02 -0.870635E-03  0.384110E+02  0.639998E+01  0.910676E-01
  0.207609E+01  0.502648E+02  0.810455E+00  0.628305E-03  0.147177E-02  0.000000E+00  0.422056E+02  0.422056E+02  0.422056E+02 -0.863823E-03  0.381100E+02  0.634993E+01  0.899386E-01
  0.208568E+01  0.498714E+02  0.804102E+00  0.617693E-03  0.262536E-03  0.000000E+00  0.418752E+02  0.418752E+02  0.418752E+02 -0.857060E-03  0.378113E+02  0.630024E+01  0.888233E-01
  0.209530E+01  0.494809E+02  0.797796E+00  0.607253E-03  0.121272E-02  0.000000E+00  0.415474E+02  0.415474E+02  0.415474E+02 -0.850350E-03  0.375148E+02  0.625094E+01  0.877218E-01
  0.210497E+01  0.490935E+02  0.791535E+00  0.596991E-03  0.777647E-03  0.000000E+00  0.412220E+02  0.412220E+02  0.412220E+02 -0.843691E-03  0.372207E+02  0.620201E+01  0.866338E-01
  0.211469E+01  0.487089E+02  0.785324E+00  0.586902E-03  0.665261E-03  0.000000E+00  0.408992E+02  0.408992E+02  0.408992E+02 -0.837083E-03  0.369288E+02  0.615346E+01  0.855592E-01
  0.212445E+01  0.483274E+02  0.779160E+00  0.576980E-03  0.119237E-02  0.000000E+00  0.405788E+02  0.405788E+02  0.405788E+02 -0.830525E-03  0.366391E+02  0.610527E+01  0.844977E-01
  0.213426E+01  0.479487E+02  0.773042E+00  0.567228E-03  0.306894E-03  0.000000E+00  0.402608E+02  0.402608E+02  0.402608E+02 -0.824017E-03  0.363516E+02  0.605745E+01  0.834493E-01
  0.214411E+01  0.475729E+02  0.766976E+00  0.557635E-03  0.120504E-02  0.000000E+00  0.399453E+02  0.399453E+02  0.399453E+02 -0.817559E-03  0.360663E+02  0.601000E+01  0.824138E-01
  0.215401E+01  0.472000E+02  0.760957E+00  0.548209E-03  0.778377E-03  0.000000E+00  0.396322E+02  0.396322E+02  0.396322E+02 -0.811151E-03  0.357832E+02  0.596292E+01  0.813910E-01
  0.216395E+01  0.468299E+02  0.754984E+00  0.538940E-03  0.225325E-03  0.000000E+00  0.393214E+02  0.393214E+02  0.393214E+02 -0.804790E-03  0.355023E+02  0.591618E+01  0.803807E-01
  0.217394E+01  0.464628E+02  0.749060E+00  0.529822E-03  0.163465E-02  0.000000E+00  0.390131E+02  0.390131E+02  0.390131E+02 -0.798480E-03  0.352236E+02  0.586982E+01  0.793830E-01
  0.218397E+01  0.460983E+02  0.743185E+00  0.520867E-03  0.107395E-03  0.000000E+00  0.387071E+02  0.387071E+02  0.387071E+02 -0.792217E-03  0.349469E+02  0.582380E+01  0.783975E-01
  0.219405E+01  0.457367E+02  0.737357E+00  0.512054E-03  0.625147E-03  0.000000E+00  0.384035E+02  0.384035E+02  0.384035E+02 -0.786003E-03  0.346724E+02  0.577813E+01  0.774241E-01
  0.220418E+01  0.453778E+02  0.731573E+00  0.503388E-03  0.168276E-02  0.000000E+00  0.381021E+02  0.381021E+02  0.381021E+02 -0.779835E-03  0.344000E+02  0.573281E+01  0.764626E-01
  0.221435E+01  0.450217E+02  0.725836E+00  0.494880E-03 -0.577228E-03  0.000000E+00  0.378031E+02  0.378031E+02  0.378031E+02 -0.773714E-03  0.341296E+02  0.568783E+01  0.755129E-01
  0.222457E+01  0.446688E+02  0.720152E+00  0.486505E-03  0.153577E-02  0.000000E+00  0.375068E+02  0.375068E+02  0.375068E+02 -0.767651E-03  0.338618E+02  0.564328E+01  0.745760E-01
  0.223484E+01  0.443181E+02  0.714505E+00  0.478276E-03  0.931019E-03  0.000000E+00  0.372123E+02  0.372123E+02  0.372123E+02 -0.761624E-03  0.335956E+02  0.559900E+01  0.736496E-01
  0.224516E+01  0.439699E+02  0.708894E+00  0.470186E-03 -0.597675E-03  0.000000E+00  0.369200E+02  0.369200E+02  0.369200E+02 -0.755640E-03  0.333313E+02  0.555503E+01  0.727342E-01
  0.225552E+01  0.436244E+02  0.703326E+00  0.462214E-03  0.236584E-02  0.000000E+00  0.366299E+02  0.366299E+02  0.366299E+02 -0.749702E-03  0.330691E+02  0.551139E+01  0.718302E-01
  0.226593E+01  0.432817E+02  0.697801E+00  0.454402E-03 -0.529068E-03  0.000000E+00  0.363421E+02  0.363421E+02  0.363421E+02 -0.743812E-03  0.328089E+02  0.546811E+01  0.709375E-01
  0.227639E+01  0.429416E+02  0.692320E+00  0.446705E-03  0.718245E-03  0.000000E+00  0.360566E+02  0.360566E+02  0.360566E+02 -0.737968E-03  0.325508E+02  0.542516E+01  0.700559E-01
  0.228690E+01  0.426042E+02  0.686876E+00  0.439139E-03  0.176594E-02  0.000000E+00  0.357732E+02  0.357732E+02  0.357732E+02 -0.732168E-03  0.322947E+02  0.538254E+01  0.691851E-01
  0.229745E+01  0.422693E+02  0.681474E+00  0.431714E-03 -0.113237E-02  0.000000E+00  0.354920E+02  0.354920E+02  0.354920E+02 -0.726413E-03  0.320405E+02  0.534025E+01  0.683250E-01
  0.230806E+01  0.419370E+02  0.676111E+00  0.424393E-03  0.225329E-02  0.000000E+00  0.352130E+02  0.352130E+02  0.352130E+02 -0.720703E-03  0.317883E+02  0.529829E+01  0.674756E-01
  0.231871E+01  0.416073E+02  0.670788E+00  0.417214E-03 -0.205783E-03  0.000000E+00  0.349362E+02  0.349362E+02  0.349362E+02 -0.715036E-03  0.315381E+02  0.525665E+01  0.666366E-01
  0.232941E+01  0.412801E+02  0.665506E+00  0.410148E-03  0.385746E-03  0.000000E+00  0.346614E+02  0.346614E+02  0.346614E+02 -0.709413E-03  0.312898E+02  0.521533E+01  0.658080E-01
  0.234017E+01  0.409555E+02  0.660267E+00  0.403198E-03  0.167163E-02  0.000000E+00  0.343889E+02  0.343889E+02  0.343889E+02 -0.703836E-03  0.310434E+02  0.517434E+01  0.649898E-01
  0.235097E+01  0.406333E+02  0.655063E+00  0.396376E-03 -0.847191E-03  0.000000E+00  0.341183E+02  0.341183E+02  0.341183E+02 -0.698298E-03  0.307989E+02  0.513364E+01  0.641814E-01
  0.236182E+01  0.403135E+02  0.649902E+00  0.389653E-03  0.187098E-02  0.000000E+00  0.338498E+02  0.338498E+02  0.338498E+02 -0.692803E-03  0.305562E+02  0.509326E+01  0.633830E-01
  0.237272E+01  0.399963E+02  0.644783E+00  0.383058E-03 -0.205993E-03  0.000000E+00  0.335835E+02  0.335835E+02  0.335835E+02 -0.687351E-03  0.303154E+02  0.505320E+01  0.625945E-01
  0.238367E+01  0.396812E+02  0.639699E+00  0.376563E-03  0.722248E-03  0.000000E+00  0.333189E+02  0.333189E+02  0.333189E+02 -0.681935E-03  0.300763E+02  0.501340E+01  0.618152E-01
  0.239468E+01  0.393688E+02  0.634660E+00  0.370181E-03  0.926379E-03  0.000000E+00  0.330566E+02  0.330566E+02  0.330566E+02 -0.676566E-03  0.298392E+02  0.497394E+01  0.610460E-01
  0.240573E+01  0.390588E+02  0.629661E+00  0.363912E-03 -0.126258E-03  0.000000E+00  0.327963E+02  0.327963E+02  0.327963E+02 -0.671239E-03  0.296040E+02  0.493479E+01  0.602863E-01
  0.241683E+01  0.387512E+02  0.624700E+00  0.357739E-03  0.128478E-02  0.000000E+00  0.325380E+02  0.325380E+02  0.325380E+02 -0.665952E-03  0.293705E+02  0.489593E+01  0.595359E-01
  0.242799E+01  0.384459E+02  0.619781E+00  0.351680E-03 -0.975541E-04  0.000000E+00  0.322816E+02  0.322816E+02  0.322816E+02 -0.660705E-03  0.291388E+02  0.485738E+01  0.587948E-01
  0.243920E+01  0.381430E+02  0.614900E+00  0.345716E-03  0.948620E-03  0.000000E+00  0.320273E+02  0.320273E+02  0.320273E+02 -0.655499E-03  0.289089E+02  0.481912E+01  0.580627E-01
  0.245046E+01  0.378424E+02  0.610056E+00  0.339856E-03  0.309535E-03  0.000000E+00  0.317749E+02  0.317749E+02  0.317749E+02 -0.650333E-03  0.286808E+02  0.478115E+01  0.573398E-01
  0.246177E+01  0.375441E+02  0.605250E+00  0.334094E-03  0.550404E-03  0.000000E+00  0.315244E+02  0.315244E+02  0.315244E+02 -0.645207E-03  0.284545E+02  0.474348E+01  0.566257E-01
  0.247313E+01  0.372483E+02  0.600487E+00  0.328431E-03  0.561436E-03  0.000000E+00  0.312761E+02  0.312761E+02  0.312761E+02 -0.640126E-03  0.282301E+02  0.470614E+01  0.559210E-01
  0.248454E+01  0.369546E+02  0.595753E+00  0.322863E-03  0.390703E-03  0.000000E+00  0.310295E+02  0.310295E+02  0.310295E+02 -0.635078E-03  0.280072E+02  0.466904E+01  0.552244E-01
  0.249601E+01  0.366632E+02  0.591055E+00  0.317387E-03  0.615602E-03  0.000000E+00  0.307847E+02  0.307847E+02  0.307847E+02 -0.630069E-03  0.277861E+02  0.463223E+01  0.545365E-01
  0.250753E+01  0.363740E+02  0.586392E+00  0.312004E-03  0.316747E-03  0.000000E+00  0.305419E+02  0.305419E+02  0.305419E+02 -0.625099E-03  0.275666E+02  0.459570E+01  0.538570E-01
  0.251911E+01  0.360870E+02  0.581762E+00  0.306711E-03  0.703929E-03  0.000000E+00  0.303010E+02  0.303010E+02  0.303010E+02 -0.620167E-03  0.273489E+02  0.455945E+01  0.531860E-01
  0.253074E+01  0.358022E+02  0.577169E+00  0.301510E-03  0.145570E-03  0.000000E+00  0.300619E+02  0.300619E+02  0.300619E+02 -0.615273E-03  0.271328E+02  0.452349E+01  0.525232E-01
  0.254242E+01  0.355197E+02  0.572611E+00  0.296393E-03  0.864846E-03  0.000000E+00  0.298246E+02  0.298246E+02  0.298246E+02 -0.610417E-03  0.269184E+02  0.448780E+01  0.518686E-01
  0.255415E+01  0.352393E+02  0.568086E+00  0.291366E-03  0.129233E-04  0.000000E+00  0.295891E+02  0.295891E+02  0.295891E+02 -0.605598E-03  0.267056E+02  0.445238E+01  0.512221E-01
  0.256594E+01  0.349611E+02  0.563596E+00  0.286420E-03  0.833637E-03  0.000000E+00  0.293555E+02  0.293555E+02  0.293555E+02 -0.600817E-03  0.264945E+02  0.441724E+01  0.505836E-01
  0.257779E+01  0.346850E+02  0.559141E+00  0.281562E-03  0.210737E-03  0.000000E+00  0.291237E+02  0.291237E+02  0.291237E+02 -0.596073E-03  0.262851E+02  0.438237E+01  0.499530E-01
  0.258968E+01  0.344110E+02  0.554719E+00  0.276782E-03  0.406902E-03  0.000000E+00  0.288937E+02  0.288937E+02  0.288937E+02 -0.591364E-03  0.260772E+02  0.434776E+01  0.493301E-01
  0.260164E+01  0.341392E+02  0.550335E+00  0.272084E-03  0.766831E-03  0.000000E+00  0.286654E+02  0.286654E+02  0.286654E+02 -0.586693E-03  0.258710E+02  0.431343E+01  0.487150E-01
  0.261365E+01  0.338695E+02  0.545985E+00  0.267468E-03 -0.237150E-03  0.000000E+00  0.284390E+02  0.284390E+02  0.284390E+02 -0.582057E-03  0.256663E+02  0.427937E+01  0.481075E-01
  0.262571E+01  0.336018E+02  0.541668E+00  0.262924E-03  0.133680E-02  0.000000E+00  0.282142E+02  0.282142E+02  0.282142E+02 -0.577458E-03  0.254632E+02  0.424556E+01  0.475075E-01
  0.263783E+01  0.333362E+02  0.537387E+00  0.258465E-03 -0.679248E-03  0.000000E+00  0.279912E+02  0.279912E+02  0.279912E+02 -0.572894E-03  0.252618E+02  0.421201E+01  0.469149E-01
  0.265001E+01  0.330727E+02  0.533141E+00  0.254071E-03  0.153192E-02  0.000000E+00  0.277700E+02  0.277700E+02  0.277700E+02 -0.568365E-03  0.250618E+02  0.417873E+01  0.463297E-01
  0.266224E+01  0.328112E+02  0.528925E+00  0.249763E-03 -0.654143E-03  0.000000E+00  0.275504E+02  0.275504E+02  0.275504E+02 -0.563871E-03  0.248634E+02  0.414569E+01  0.457516E-01
  0.267453E+01  0.325517E+02  0.524744E+00  0.245517E-03  0.126366E-02  0.000000E+00  0.273325E+02  0.273325E+02  0.273325E+02 -0.559411E-03  0.246666E+02  0.411292E+01  0.451807E-01
  0.268687E+01  0.322942E+02  0.520595E+00  0.241350E-03 -0.247203E-03  0.000000E+00  0.271163E+02  0.271163E+02  0.271163E+02 -0.554986E-03  0.244712E+02  0.408040E+01  0.446169E-01
  0.269927E+01  0.320388E+02  0.516479E+00  0.237249E-03  0.747795E-03  0.000000E+00  0.269018E+02  0.269018E+02  0.269018E+02 -0.550596E-03  0.242774E+02  0.404813E+01  0.440600E-01
  0.271173E+01  0.317853E+02  0.512392E+00  0.233220E-03  0.254245E-03  0.000000E+00  0.266889E+02  0.266889E+02  0.266889E+02 -0.546239E-03  0.240851E+02  0.401611E+01  0.435101E-01
  0.272425E+01  0.315337E+02  0.508338E+00  0.229259E-03  0.278197E-03  0.000000E+00  0.264777E+02  0.264777E+02  0.264777E+02 -0.541917E-03  0.238943E+02  0.398434E+01  0.429670E-01
  0.273682E+01  0.312842E+02  0.504312E+00  0.225363E-03  0.606919E-03  0.000000E+00  0.262682E+02  0.262682E+02  0.262682E+02 -0.537628E-03  0.237050E+02  0.395281E+01  0.424305E-01
  0.274946E+01  0.310365E+02  0.500319E+00  0.221536E-03  0.155421E-04  0.000000E+00  0.260602E+02  0.260602E+02  0.260602E+02 -0.533372E-03  0.235171E+02  0.392153E+01  0.419008E-01
  0.276215E+01  0.307907E+02  0.496355E+00  0.217769E-03  0.739276E-03  0.000000E+00  0.258539E+02  0.258539E+02  0.258539E+02 -0.529148E-03  0.233307E+02  0.389048E+01  0.413775E-01
  0.277490E+01  0.305469E+02  0.492421E+00  0.214071E-03 -0.454934E-04  0.000000E+00  0.256491E+02  0.256491E+02  0.256491E+02 -0.524957E-03  0.231457E+02  0.385968E+01  0.408607E-01
  0.278770E+01  0.303049E+02  0.488518E+00  0.210431E-03  0.709340E-03  0.000000E+00  0.254460E+02  0.254460E+02  0.254460E+02 -0.520799E-03  0.229621E+02  0.382912E+01  0.403504E-01
  0.280057E+01  0.300649E+02  0.484646E+00  0.206856E-03  0.103759E-04  0.000000E+00  0.252444E+02  0.252444E+02  0.252444E+02 -0.516674E-03  0.227800E+02  0.379880E+01  0.398464E-01
  0.281350E+01  0.298266E+02  0.480803E+00  0.203338E-03  0.607739E-03  0.000000E+00  0.250444E+02  0.250444E+02  0.250444E+02 -0.512579E-03  0.225993E+02  0.376870E+01  0.393485E-01
  0.282649E+01  0.295901E+02  0.476986E+00  0.199881E-03  0.102533E-03  0.000000E+00  0.248457E+02  0.248457E+02  0.248457E+02 -0.508513E-03  0.224198E+02  0.373881E+01  0.388566E-01
  0.283953E+01  0.293556E+02  0.473204E+00  0.196482E-03  0.496677E-03  0.000000E+00  0.246488E+02  0.246488E+02  0.246488E+02 -0.504483E-03  0.222419E+02  0.370919E+01  0.383711E-01
  0.285264E+01  0.291228E+02  0.469452E+00  0.193142E-03  0.188524E-03  0.000000E+00  0.244534E+02  0.244534E+02  0.244534E+02 -0.500483E-03  0.220654E+02  0.367979E+01  0.378916E-01
  0.286581E+01  0.288919E+02  0.465730E+00  0.189858E-03  0.399978E-03  0.000000E+00  0.242595E+02  0.242595E+02  0.242595E+02 -0.496515E-03  0.218902E+02  0.365062E+01  0.374180E-01
  0.287903E+01  0.286628E+02  0.462037E+00  0.186630E-03  0.257844E-03  0.000000E+00  0.240671E+02  0.240671E+02  0.240671E+02 -0.492577E-03  0.217165E+02  0.362168E+01  0.369503E-01
  0.289232E+01  0.284354E+02  0.458373E+00  0.183456E-03  0.319993E-03  0.000000E+00  0.238762E+02  0.238762E+02  0.238762E+02 -0.488670E-03  0.215440E+02  0.359296E+01  0.364883E-01
  0.290567E+01  0.282097E+02  0.454734E+00  0.180334E-03  0.314270E-03  0.000000E+00  0.236867E+02  0.236867E+02  0.236867E+02 -0.484790E-03  0.213728E+02  0.356444E+01  0.360319E-01
  0.291909E+01  0.279859E+02  0.451126E+00  0.177267E-03  0.248186E-03  0.000000E+00  0.234987E+02  0.234987E+02  0.234987E+02 -0.480944E-03  0.212030E+02  0.353616E+01  0.355814E-01
  0.293256E+01  0.277638E+02  0.447548E+00  0.174252E-03  0.370248E-03  0.000000E+00  0.233123E+02  0.233123E+02  0.233123E+02 -0.477128E-03  0.210346E+02  0.350812E+01  0.351365E-01
  0.294610E+01  0.275435E+02  0.443997E+00  0.171288E-03  0.167989E-03  0.000000E+00  0.231273E+02  0.231273E+02  0.231273E+02 -0.473341E-03  0.208675E+02  0.348028E+01  0.346971E-01
  0.295969E+01  0.273249E+02  0.440473E+00  0.168374E-03  0.446082E-03  0.000000E+00  0.229437E+02  0.229437E+02  0.229437E+02 -0.469585E-03  0.207017E+02  0.345267E+01  0.342633E-01
  0.297335E+01  0.271079E+02  0.436974E+00  0.165510E-03  0.574501E-04  0.000000E+00  0.227615E+02  0.227615E+02  0.227615E+02 -0.465856E-03  0.205371E+02  0.342526E+01  0.338346E-01
  0.298708E+01  0.268925E+02  0.433500E+00  0.162691E-03  0.561967E-03  0.000000E+00  0.225807E+02  0.225807E+02  0.225807E+02 -0.462154E-03  0.203737E+02  0.339805E+01  0.334112E-01
  0.300087E+01  0.266789E+02  0.430056E+00  0.159924E-03 -0.981427E-04  0.000000E+00  0.224013E+02  0.224013E+02  0.224013E+02 -0.458483E-03  0.202117E+02  0.337107E+01  0.329931E-01
  0.301472E+01  0.264670E+02  0.426637E+00  0.157201E-03  0.720600E-03  0.000000E+00  0.222234E+02  0.222234E+02  0.222234E+02 -0.454841E-03  0.200510E+02  0.334429E+01  0.325803E-01
  0.302863E+01  0.262568E+02  0.423248E+00  0.154528E-03 -0.283037E-03  0.000000E+00  0.220469E+02  0.220469E+02  0.220469E+02 -0.451228E-03  0.198916E+02  0.331774E+01  0.321727E-01
  0.304261E+01  0.260481E+02  0.419883E+00  0.151895E-03  0.887384E-03  0.000000E+00  0.218717E+02  0.218717E+02  0.218717E+02 -0.447643E-03  0.197334E+02  0.329138E+01  0.317701E-01
  0.305666E+01  0.258411E+02  0.416544E+00  0.149312E-03 -0.442432E-03  0.000000E+00  0.216978E+02  0.216978E+02  0.216978E+02 -0.444085E-03  0.195763E+02  0.326523E+01  0.313724E-01
  0.307077E+01  0.256358E+02  0.413234E+00  0.146768E-03  0.987786E-03  0.000000E+00  0.215254E+02  0.215254E+02  0.215254E+02 -0.440556E-03  0.194206E+02  0.323929E+01  0.309798E-01
  0.308494E+01  0.254319E+02  0.409948E+00  0.144272E-03 -0.494317E-03  0.000000E+00  0.213543E+02  0.213543E+02  0.213543E+02 -0.437054E-03  0.192660E+02  0.321354E+01  0.305919E-01
  0.309918E+01  0.252297E+02  0.406689E+00  0.141813E-03  0.946341E-03  0.000000E+00  0.211845E+02  0.211845E+02  0.211845E+02 -0.433578E-03  0.191127E+02  0.318799E+01  0.302089E-01
  0.311348E+01  0.250290E+02  0.403454E+00  0.139400E-03 -0.384350E-03  0.000000E+00  0.210160E+02  0.210160E+02  0.210160E+02 -0.430130E-03  0.189605E+02  0.316264E+01  0.298306E-01
  0.312786E+01  0.248299E+02  0.400245E+00  0.137024E-03  0.746010E-03  0.000000E+00  0.208488E+02  0.208488E+02  0.208488E+02 -0.426708E-03  0.188095E+02  0.313749E+01  0.294571E-01
  0.314229E+01  0.246324E+02  0.397062E+00  0.134692E-03 -0.141653E-03  0.000000E+00  0.206830E+02  0.206830E+02  0.206830E+02 -0.423314E-03  0.186597E+02  0.311254E+01  0.290882E-01
  0.315680E+01  0.244364E+02  0.393903E+00  0.132397E-03  0.462837E-03  0.000000E+00  0.205184E+02  0.205184E+02  0.205184E+02 -0.419945E-03  0.185111E+02  0.308778E+01  0.287238E-01
  0.317137E+01  0.242419E+02  0.390767E+00  0.130142E-03  0.121696E-03  0.000000E+00  0.203551E+02  0.203551E+02  0.203551E+02 -0.416603E-03  0.183636E+02  0.306321E+01  0.283640E-01
  0.318601E+01  0.240489E+02  0.387655E+00  0.127924E-03  0.221920E-03  0.000000E+00  0.201930E+02  0.201930E+02  0.201930E+02 -0.413285E-03  0.182172E+02  0.303882E+01  0.280085E-01
  0.320071E+01  0.238575E+02  0.384570E+00  0.125746E-03  0.292607E-03  0.000000E+00  0.200323E+02  0.200323E+02  0.200323E+02 -0.409997E-03  0.180721E+02  0.301465E+01  0.276577E-01
  0.321549E+01  0.236675E+02  0.381505E+00  0.123603E-03  0.103481E-03  0.000000E+00  0.198727E+02  0.198727E+02  0.198727E+02 -0.406730E-03  0.179280E+02  0.299064E+01  0.273110E-01
  0.323033E+01  0.234789E+02  0.378464E+00  0.121496E-03  0.333847E-03  0.000000E+00  0.197144E+02  0.197144E+02  0.197144E+02 -0.403490E-03  0.177850E+02  0.296681E+01  0.269686E-01
  0.324524E+01  0.232920E+02  0.375451E+00  0.119426E-03  0.107858E-03  0.000000E+00  0.195574E+02  0.195574E+02  0.195574E+02 -0.400277E-03  0.176433E+02  0.294320E+01  0.266308E-01
  0.326022E+01  0.231064E+02  0.372458E+00  0.117390E-03  0.264428E-03  0.000000E+00  0.194016E+02  0.194016E+02  0.194016E+02 -0.397088E-03  0.175025E+02  0.291975E+01  0.262969E-01
  0.327527E+01  0.229223E+02  0.369489E+00  0.115390E-03  0.213292E-03  0.000000E+00  0.192470E+02  0.192470E+02  0.192470E+02 -0.393924E-03  0.173629E+02  0.289649E+01  0.259672E-01
  0.329039E+01  0.227396E+02  0.366544E+00  0.113423E-03  0.107038E-03  0.000000E+00  0.190936E+02  0.190936E+02  0.190936E+02 -0.390784E-03  0.172244E+02  0.287341E+01  0.256417E-01
  0.330557E+01  0.225584E+02  0.363623E+00  0.111489E-03  0.375830E-03  0.000000E+00  0.189414E+02  0.189414E+02  0.189414E+02 -0.387670E-03  0.170870E+02  0.285052E+01  0.253202E-01
  0.332083E+01  0.223786E+02  0.360726E+00  0.109590E-03 -0.388706E-04  0.000000E+00  0.187905E+02  0.187905E+02  0.187905E+02 -0.384581E-03  0.169507E+02  0.282781E+01  0.250028E-01
  0.333616E+01  0.222002E+02  0.357850E+00  0.107721E-03  0.417576E-03  0.000000E+00  0.186407E+02  0.186407E+02  0.186407E+02 -0.381515E-03  0.168154E+02  0.280527E+01  0.246892E-01
  0.335156E+01  0.220232E+02  0.354997E+00  0.105884E-03  0.630069E-04  0.000000E+00  0.184921E+02  0.184921E+02  0.184921E+02 -0.378473E-03  0.166812E+02  0.278291E+01  0.243796E-01
  0.336703E+01  0.218475E+02  0.352165E+00  0.104079E-03  0.125960E-03  0.000000E+00  0.183446E+02  0.183446E+02  0.183446E+02 -0.375454E-03  0.165480E+02  0.276071E+01  0.240737E-01
  0.338257E+01  0.216732E+02  0.349356E+00  0.102303E-03  0.473489E-03  0.000000E+00  0.181982E+02  0.181982E+02  0.181982E+02 -0.372459E-03  0.164159E+02  0.273870E+01  0.237717E-01
  0.339818E+01  0.215003E+02  0.346568E+00  0.100560E-03 -0.299417E-03  0.000000E+00  0.180530E+02  0.180530E+02  0.180530E+02 -0.369487E-03  0.162848E+02  0.271685E+01  0.234735E-01
  0.341387E+01  0.213287E+02  0.343803E+00  0.988430E-04  0.724897E-03  0.000000E+00  0.179090E+02  0.179090E+02  0.179090E+02 -0.366539E-03  0.161547E+02  0.269517E+01  0.231789E-01
  0.342963E+01  0.211585E+02  0.341058E+00  0.971585E-04 -0.262726E-03  0.000000E+00  0.177660E+02  0.177660E+02  0.177660E+02 -0.363613E-03  0.160256E+02  0.267367E+01  0.228881E-01
  0.344546E+01  0.209896E+02  0.338335E+00  0.955001E-04  0.353996E-03  0.000000E+00  0.176242E+02  0.176242E+02  0.176242E+02 -0.360711E-03  0.158976E+02  0.265233E+01  0.226008E-01
  0.346136E+01  0.208221E+02  0.335633E+00  0.938710E-04  0.301163E-03  0.000000E+00  0.174835E+02  0.174835E+02  0.174835E+02 -0.357831E-03  0.157705E+02  0.263116E+01  0.223171E-01
  0.347734E+01  0.206558E+02  0.332953E+00  0.922701E-04 -0.201719E-03  0.000000E+00  0.173439E+02  0.173439E+02  0.173439E+02 -0.354974E-03  0.156445E+02  0.261015E+01  0.220370E-01
  0.349339E+01  0.204908E+02  0.330293E+00  0.906946E-04  0.610929E-03  0.000000E+00  0.172054E+02  0.172054E+02  0.172054E+02 -0.352139E-03  0.155194E+02  0.258931E+01  0.217604E-01
  0.350951E+01  0.203272E+02  0.327655E+00  0.891482E-04 -0.183894E-03  0.000000E+00  0.170680E+02  0.170680E+02  0.170680E+02 -0.349326E-03  0.153953E+02  0.256863E+01  0.214871E-01
  0.352571E+01  0.201648E+02  0.325037E+00  0.876260E-04  0.307845E-03  0.000000E+00  0.169317E+02  0.169317E+02  0.169317E+02 -0.346536E-03  0.152722E+02  0.254812E+01  0.212174E-01
  0.354199E+01  0.200037E+02  0.322440E+00  0.861309E-04  0.207021E-03  0.000000E+00  0.167964E+02  0.167964E+02  0.167964E+02 -0.343767E-03  0.151501E+02  0.252777E+01  0.209509E-01
  0.355833E+01  0.198439E+02  0.319863E+00  0.846610E-04 -0.166128E-05  0.000000E+00  0.166622E+02  0.166622E+02  0.166622E+02 -0.341020E-03  0.150289E+02  0.250757E+01  0.206878E-01
  0.357476E+01  0.196853E+02  0.317307E+00  0.832156E-04  0.313339E-03  0.000000E+00  0.165290E+02  0.165290E+02  0.165290E+02 -0.338295E-03  0.149087E+02  0.248753E+01  0.204280E-01
  0.359126E+01  0.195279E+02  0.314771E+00  0.817954E-04  0.683321E-04  0.000000E+00  0.163969E+02  0.163969E+02  0.163969E+02 -0.335591E-03  0.147894E+02  0.246766E+01  0.201714E-01
  0.360784E+01  0.193718E+02  0.312255E+00  0.803989E-04  0.135778E-03  0.000000E+00  0.162658E+02  0.162658E+02  0.162658E+02 -0.332907E-03  0.146710E+02  0.244793E+01  0.199180E-01
  0.362449E+01  0.192169E+02  0.309758E+00  0.790262E-04  0.222056E-03  0.000000E+00  0.161357E+02  0.161357E+02  0.161357E+02 -0.330246E-03  0.145536E+02  0.242836E+01  0.196678E-01
  0.364122E+01  0.190632E+02  0.307280E+00  0.776770E-04  0.855297E-04  0.000000E+00  0.160067E+02  0.160067E+02  0.160067E+02 -0.327604E-03  0.144371E+02  0.240894E+01  0.194206E-01
  0.365803E+01  0.189107E+02  0.304822E+00  0.763506E-04  0.114325E-03  0.000000E+00  0.158787E+02  0.158787E+02  0.158787E+02 -0.324984E-03  0.143215E+02  0.238968E+01  0.191766E-01
  0.367491E+01  0.187595E+02  0.302383E+00  0.750466E-04  0.264018E-03  0.000000E+00  0.157516E+02  0.157516E+02  0.157516E+02 -0.322384E-03  0.142068E+02  0.237057E+01  0.189356E-01
  0.369187E+01  0.186094E+02  0.299964E+00  0.737652E-04  0.196109E-04  0.000000E+00  0.156256E+02  0.156256E+02  0.156256E+02 -0.319805E-03  0.140930E+02  0.235160E+01  0.186976E-01
  0.370891E+01  0.184605E+02  0.297563E+00  0.725053E-04  0.108277E-03  0.000000E+00  0.155006E+02  0.155006E+02  0.155006E+02 -0.317246E-03  0.139802E+02  0.233279E+01  0.184626E-01
  0.372603E+01  0.183127E+02  0.295181E+00  0.712665E-04  0.356742E-03  0.000000E+00  0.153765E+02  0.153765E+02  0.153765E+02 -0.314707E-03  0.138682E+02  0.231412E+01  0.182305E-01
  0.374323E+01  0.181661E+02  0.292819E+00  0.700497E-04 -0.130408E-03  0.000000E+00  0.152534E+02  0.152534E+02  0.152534E+02 -0.312188E-03  0.137571E+02  0.229560E+01  0.180013E-01
  0.376051E+01  0.180207E+02  0.290474E+00  0.688527E-04  0.181213E-03  0.000000E+00  0.151313E+02  0.151313E+02  0.151313E+02 -0.309688E-03  0.136468E+02  0.227723E+01  0.177750E-01
  0.377787E+01  0.178764E+02  0.288148E+00  0.676761E-04  0.397686E-03  0.000000E+00  0.150102E+02  0.150102E+02  0.150102E+02 -0.307209E-03  0.135374E+02  0.225900E+01  0.175515E-01
  0.379531E+01  0.177332E+02  0.285841E+00  0.665207E-04 -0.263727E-03  0.000000E+00  0.148900E+02  0.148900E+02  0.148900E+02 -0.304748E-03  0.134289E+02  0.224091E+01  0.173308E-01
  0.381282E+01  0.175912E+02  0.283551E+00  0.653833E-04  0.292405E-03  0.000000E+00  0.147707E+02  0.147707E+02  0.147707E+02 -0.302307E-03  0.133213E+02  0.222296E+01  0.171128E-01
  0.383042E+01  0.174503E+02  0.281280E+00  0.642661E-04  0.331782E-03  0.000000E+00  0.146524E+02  0.146524E+02  0.146524E+02 -0.299886E-03  0.132145E+02  0.220516E+01  0.168976E-01
  0.384810E+01  0.173105E+02  0.279026E+00  0.631685E-04 -0.257108E-03  0.000000E+00  0.145350E+02  0.145350E+02  0.145350E+02 -0.297483E-03  0.131085E+02  0.218749E+01  0.166850E-01
  0.386587E+01  0.171718E+02  0.276790E+00  0.620882E-04  0.324283E-03  0.000000E+00  0.144185E+02  0.144185E+02  0.144185E+02 -0.295100E-03  0.130033E+02  0.216997E+01  0.164751E-01
  0.388371E+01  0.170342E+02  0.274572E+00  0.610271E-04  0.223759E-03  0.000000E+00  0.143030E+02  0.143030E+02  0.143030E+02 -0.292734E-03  0.128990E+02  0.215258E+01  0.162678E-01
  0.390164E+01  0.168976E+02  0.272371E+00  0.599844E-04 -0.132376E-03  0.000000E+00  0.141883E+02  0.141883E+02  0.141883E+02 -0.290388E-03  0.127955E+02  0.213533E+01  0.160631E-01
  0.391965E+01  0.167622E+02  0.270187E+00  0.589585E-04  0.257995E-03  0.000000E+00  0.140746E+02  0.140746E+02  0.140746E+02 -0.288060E-03  0.126929E+02  0.211822E+01  0.158610E-01
  0.393774E+01  0.166278E+02  0.268021E+00  0.579508E-04  0.157484E-03  0.000000E+00  0.139617E+02  0.139617E+02  0.139617E+02 -0.285751E-03  0.125910E+02  0.210123E+01  0.156614E-01
  0.395591E+01  0.164944E+02  0.265871E+00  0.569602E-04 -0.115805E-04  0.000000E+00  0.138498E+02  0.138498E+02  0.138498E+02 -0.283459E-03  0.124899E+02  0.208439E+01  0.154643E-01
  0.397417E+01  0.163621E+02  0.263739E+00  0.559860E-04  0.161602E-03  0.000000E+00  0.137387E+02  0.137387E+02  0.137387E+02 -0.281185E-03  0.123897E+02  0.206767E+01  0.152696E-01
  0.399252E+01  0.162309E+02  0.261623E+00  0.550287E-04  0.159127E-03  0.000000E+00  0.136285E+02  0.136285E+02  0.136285E+02 -0.278930E-03  0.122902E+02  0.205109E+01  0.150774E-01
  0.401095E+01  0.161007E+02  0.259524E+00  0.540878E-04  0.621724E-04  0.000000E+00  0.135192E+02  0.135192E+02  0.135192E+02 -0.276692E-03  0.121915E+02  0.203464E+01  0.148876E-01
  0.402946E+01  0.159715E+02  0.257442E+00  0.531628E-04  0.495112E-04  0.000000E+00  0.134107E+02  0.134107E+02  0.134107E+02 -0.274472E-03  0.120936E+02  0.201831E+01  0.147002E-01
  0.404806E+01  0.158433E+02  0.255376E+00  0.522535E-04  0.168554E-03  0.000000E+00  0.133031E+02  0.133031E+02  0.133031E+02 -0.272270E-03  0.119965E+02  0.200212E+01  0.145151E-01
  0.406674E+01  0.157161E+02  0.253326E+00  0.513596E-04  0.181100E-03  0.000000E+00  0.131963E+02  0.131963E+02  0.131963E+02 -0.270084E-03  0.119001E+02  0.198605E+01  0.143322E-01
  0.408551E+01  0.155900E+02  0.251292E+00  0.504813E-04 -0.361956E-04  0.000000E+00  0.130903E+02  0.130903E+02  0.130903E+02 -0.267916E-03  0.118045E+02  0.197011E+01  0.141517E-01
  0.410437E+01  0.154647E+02  0.249273E+00  0.496172E-04  0.354316E-04  0.000000E+00  0.129851E+02  0.129851E+02  0.129851E+02 -0.265762E-03  0.117095E+02  0.195428E+01  0.139734E-01
  0.412332E+01  0.153405E+02  0.247271E+00  0.487681E-04  0.320358E-03  0.000000E+00  0.128809E+02  0.128809E+02  0.128809E+02 -0.263628E-03  0.116154E+02  0.193859E+01  0.137973E-01
  0.414235E+01  0.152173E+02  0.245285E+00  0.479339E-04  0.869355E-04  0.000000E+00  0.127774E+02  0.127774E+02  0.127774E+02 -0.261511E-03  0.115220E+02  0.192302E+01  0.136235E-01
  0.416147E+01  0.150951E+02  0.243315E+00  0.471141E-04 -0.177538E-03  0.000000E+00  0.126748E+02  0.126748E+02  0.126748E+02 -0.259411E-03  0.114294E+02  0.190758E+01  0.134519E-01
  0.418068E+01  0.149738E+02  0.241360E+00  0.463075E-04  0.212902E-03  0.000000E+00  0.125730E+02  0.125730E+02  0.125730E+02 -0.257327E-03  0.113375E+02  0.189225E+01  0.132824E-01
  0.419998E+01  0.148535E+02  0.239421E+00  0.455149E-04  0.334209E-03  0.000000E+00  0.124720E+02  0.124720E+02  0.124720E+02 -0.255259E-03  0.112463E+02  0.187705E+01  0.131150E-01
  0.421936E+01  0.147342E+02  0.237496E+00  0.447364E-04 -0.116327E-03  0.000000E+00  0.123717E+02  0.123717E+02  0.123717E+02 -0.253208E-03  0.111558E+02  0.186197E+01  0.129497E-01
  0.423884E+01  0.146157E+02  0.235588E+00  0.439706E-04 -0.533374E-04  0.000000E+00  0.122723E+02  0.122723E+02  0.122723E+02 -0.251173E-03  0.110661E+02  0.184701E+01  0.127865E-01
  0.425840E+01  0.144983E+02  0.233695E+00  0.432177E-04  0.307681E-03  0.000000E+00  0.121737E+02  0.121737E+02  0.121737E+02 -0.249154E-03  0.109771E+02  0.183217E+01  0.126254E-01
  0.427806E+01  0.143817E+02  0.231816E+00  0.424781E-04  0.122514E-03  0.000000E+00  0.120758E+02  0.120758E+02  0.120758E+02 -0.247151E-03  0.108888E+02  0.181744E+01  0.124662E-01
  0.429781E+01  0.142661E+02  0.229952E+00  0.417511E-04 -0.828882E-04  0.000000E+00  0.119787E+02  0.119787E+02  0.119787E+02 -0.245164E-03  0.108011E+02  0.180283E+01  0.123091E-01
  0.431764E+01  0.141513E+02  0.228102E+00  0.410361E-04  0.106193E-03  0.000000E+00  0.118824E+02  0.118824E+02  0.118824E+02 -0.243192E-03  0.107142E+02  0.178833E+01  0.121539E-01
  0.433757E+01  0.140375E+02  0.226268E+00  0.403335E-04  0.186225E-03  0.000000E+00  0.117868E+02  0.117868E+02  0.117868E+02 -0.241236E-03  0.106279E+02  0.177395E+01  0.120006E-01
  0.435759E+01  0.139246E+02  0.224448E+00  0.396430E-04  0.645116E-04  0.000000E+00  0.116920E+02  0.116920E+02  0.116920E+02 -0.239296E-03  0.105424E+02  0.175968E+01  0.118493E-01
  0.437771E+01  0.138126E+02  0.222642E+00  0.389642E-04  0.211344E-04  0.000000E+00  0.115979E+02  0.115979E+02  0.115979E+02 -0.237371E-03  0.104575E+02  0.174553E+01  0.116998E-01
  0.439791E+01  0.137014E+02  0.220850E+00  0.382969E-04  0.485202E-04  0.000000E+00  0.115046E+02  0.115046E+02  0.115046E+02 -0.235461E-03  0.103733E+02  0.173149E+01  0.115523E-01
  0.441821E+01  0.135912E+02  0.219073E+00  0.376410E-04  0.106194E-03  0.000000E+00  0.114120E+02  0.114120E+02  0.114120E+02 -0.233566E-03  0.102897E+02  0.171755E+01  0.114066E-01
  0.443861E+01  0.134818E+02  0.217310E+00  0.369962E-04  0.170377E-03  0.000000E+00  0.113202E+02  0.113202E+02  0.113202E+02 -0.231686E-03  0.102068E+02  0.170373E+01  0.112627E-01
  0.445910E+01  0.133733E+02  0.215561E+00  0.363626E-04  0.100757E-03  0.000000E+00  0.112291E+02  0.112291E+02  0.112291E+02 -0.229821E-03  0.101246E+02  0.169002E+01  0.111206E-01
  0.447968E+01  0.132656E+02  0.213825E+00  0.357398E-04 -0.584781E-04  0.000000E+00  0.111386E+02  0.111386E+02  0.111386E+02 -0.227970E-03  0.100430E+02  0.167641E+01  0.109802E-01
  0.450035E+01  0.131588E+02  0.212103E+00  0.351275E-04 -0.357783E-04  0.000000E+00  0.110489E+02  0.110489E+02  0.110489E+02 -0.226135E-03  0.996206E+01  0.166292E+01  0.108417E-01
  0.452113E+01  0.130529E+02  0.210397E+00  0.345258E-04  0.189755E-03  0.000000E+00  0.109600E+02  0.109600E+02  0.109600E+02 -0.224315E-03  0.988183E+01  0.164954E+01  0.107050E-01
  0.454200E+01  0.129477E+02  0.208702E+00  0.339342E-04  0.263651E-03  0.000000E+00  0.108718E+02  0.108718E+02  0.108718E+02 -0.222508E-03  0.980217E+01  0.163625E+01  0.105699E-01
  0.456296E+01  0.128435E+02  0.207021E+00  0.333530E-04  0.300030E-04  0.000000E+00  0.107842E+02  0.107842E+02  0.107842E+02 -0.220716E-03  0.972315E+01  0.162308E+01  0.104365E-01
  0.458402E+01  0.127400E+02  0.205353E+00  0.327816E-04 -0.147702E-03  0.000000E+00  0.106973E+02  0.106973E+02  0.106973E+02 -0.218938E-03  0.964474E+01  0.161000E+01  0.103047E-01
  0.460518E+01  0.126373E+02  0.203698E+00  0.322197E-04  0.201860E-04  0.000000E+00  0.106111E+02  0.106111E+02  0.106111E+02 -0.217174E-03  0.956696E+01  0.159703E+01  0.101746E-01
  0.462644E+01  0.125355E+02  0.202057E+00  0.316673E-04  0.241703E-03  0.000000E+00  0.105256E+02  0.105256E+02  0.105256E+02 -0.215423E-03  0.948979E+01  0.158416E+01  0.100462E-01
  0.464779E+01  0.124344E+02  0.200427E+00  0.311245E-04  0.165568E-03  0.000000E+00  0.104407E+02  0.104407E+02  0.104407E+02 -0.213686E-03  0.941320E+01  0.157139E+01  0.991930E-02
  0.466925E+01  0.123342E+02  0.198812E+00  0.305913E-04 -0.358187E-04  0.000000E+00  0.103566E+02  0.103566E+02  0.103566E+02 -0.211964E-03  0.933727E+01  0.155872E+01  0.979406E-02
  0.469080E+01  0.122347E+02  0.197209E+00  0.300669E-04 -0.422858E-04  0.000000E+00  0.102731E+02  0.102731E+02  0.102731E+02 -0.210255E-03  0.926192E+01  0.154616E+01  0.967037E-02
  0.471245E+01  0.121362E+02  0.195622E+00  0.295517E-04  0.894469E-04  0.000000E+00  0.101903E+02  0.101903E+02  0.101903E+02 -0.208562E-03  0.918730E+01  0.153371E+01  0.954837E-02
  0.473420E+01  0.120383E+02  0.194044E+00  0.290451E-04  0.139999E-03  0.000000E+00  0.101082E+02  0.101082E+02  0.101082E+02 -0.206880E-03  0.911314E+01  0.152134E+01  0.942776E-02
  0.475605E+01  0.119412E+02  0.192479E+00  0.285471E-04  0.101544E-03  0.000000E+00  0.100266E+02  0.100266E+02  0.100266E+02 -0.205212E-03  0.903957E+01  0.150908E+01  0.930867E-02
  0.477801E+01  0.118449E+02  0.190927E+00  0.280578E-04  0.714940E-04  0.000000E+00  0.994576E+01  0.994576E+01  0.994576E+01 -0.203557E-03  0.896662E+01  0.149691E+01  0.919111E-02
  0.480006E+01  0.117494E+02  0.189386E+00  0.275767E-04  0.442531E-04  0.000000E+00  0.986552E+01  0.986552E+01  0.986552E+01 -0.201915E-03  0.889422E+01  0.148483E+01  0.907499E-02
  0.482222E+01  0.116543E+02  0.187853E+00  0.271030E-04 -0.118296E-04  0.000000E+00  0.978571E+01  0.978571E+01  0.978571E+01 -0.200280E-03  0.882214E+01  0.147281E+01  0.896008E-02
  0.484448E+01  0.115603E+02  0.186338E+00  0.266384E-04 -0.408990E-04  0.000000E+00  0.970676E+01  0.970676E+01  0.970676E+01 -0.198664E-03  0.875092E+01  0.146093E+01  0.884690E-02
  0.486684E+01  0.114670E+02  0.184834E+00  0.261815E-04  0.220243E-04  0.000000E+00  0.962842E+01  0.962842E+01  0.962842E+01 -0.197061E-03  0.868023E+01  0.144914E+01  0.873510E-02
  0.488930E+01  0.113744E+02  0.183341E+00  0.257323E-04  0.143134E-03  0.000000E+00  0.955068E+01  0.955068E+01  0.955068E+01 -0.195470E-03  0.861008E+01  0.143744E+01  0.862469E-02
  0.491187E+01  0.112826E+02  0.181862E+00  0.252909E-04  0.212068E-03  0.000000E+00  0.947359E+01  0.947359E+01  0.947359E+01 -0.193892E-03  0.854054E+01  0.142584E+01  0.851570E-02
  0.493454E+01  0.111913E+02  0.180390E+00  0.248566E-04  0.154283E-03  0.000000E+00  0.939695E+01  0.939695E+01  0.939695E+01 -0.192323E-03  0.847135E+01  0.141430E+01  0.840790E-02
  0.495732E+01  0.111009E+02  0.178933E+00  0.244303E-04  0.867094E-05  0.000000E+00  0.932106E+01  0.932106E+01  0.932106E+01 -0.190769E-03  0.840287E+01  0.140288E+01  0.830160E-02
  0.498020E+01  0.110115E+02  0.177493E+00  0.240119E-04 -0.957433E-04  0.000000E+00  0.924598E+01  0.924598E+01  0.924598E+01 -0.189234E-03  0.833519E+01  0.139159E+01  0.819689E-02
  0.500319E+01  0.109226E+02  0.176059E+00  0.235999E-04 -0.649244E-04  0.000000E+00  0.917130E+01  0.917130E+01  0.917130E+01 -0.187705E-03  0.826781E+01  0.138035E+01  0.809325E-02
  0.502628E+01  0.108343E+02  0.174637E+00  0.231949E-04  0.617041E-04  0.000000E+00  0.909720E+01  0.909720E+01  0.909720E+01 -0.186189E-03  0.820096E+01  0.136920E+01  0.799091E-02
  0.504948E+01  0.107468E+02  0.173226E+00  0.227968E-04  0.157048E-03  0.000000E+00  0.902369E+01  0.902369E+01  0.902369E+01 -0.184684E-03  0.813463E+01  0.135814E+01  0.788985E-02
  0.507279E+01  0.106599E+02  0.171825E+00  0.224056E-04  0.147711E-03  0.000000E+00  0.895076E+01  0.895076E+01  0.895076E+01 -0.183192E-03  0.806883E+01  0.134717E+01  0.779007E-02
  0.509620E+01  0.105738E+02  0.170438E+00  0.220213E-04  0.748113E-04  0.000000E+00  0.887847E+01  0.887847E+01  0.887847E+01 -0.181712E-03  0.800362E+01  0.133629E+01  0.769159E-02
  0.511973E+01  0.104884E+02  0.169060E+00  0.216433E-04  0.208724E-04  0.000000E+00  0.880670E+01  0.880670E+01  0.880670E+01 -0.180243E-03  0.793886E+01  0.132549E+01  0.759430E-02
  0.514336E+01  0.104036E+02  0.167693E+00  0.212718E-04  0.131022E-04  0.000000E+00  0.873549E+01  0.873549E+01  0.873549E+01 -0.178786E-03  0.787462E+01  0.131477E+01  0.749822E-02
  0.516710E+01  0.103194E+02  0.166337E+00  0.209067E-04  0.173475E-04  0.000000E+00  0.866486E+01  0.866486E+01  0.866486E+01 -0.177341E-03  0.781090E+01  0.130414E+01  0.740337E-02
  0.519095E+01  0.102360E+02  0.164992E+00  0.205478E-04  0.117272E-06  0.000000E+00  0.859480E+01  0.859480E+01  0.859480E+01 -0.175907E-03  0.774770E+01  0.129360E+01  0.730970E-02
  0.521491E+01  0.101532E+02  0.163657E+00  0.201950E-04 -0.319441E-04  0.000000E+00  0.852525E+01  0.852525E+01  0.852525E+01 -0.174483E-03  0.768494E+01  0.128313E+01  0.721717E-02
  0.523898E+01  0.100710E+02  0.162333E+00  0.198483E-04 -0.489085E-04  0.000000E+00  0.845629E+01  0.845629E+01  0.845629E+01 -0.173071E-03  0.762272E+01  0.127275E+01  0.712584E-02
  0.526316E+01  0.998957E+01  0.161020E+00  0.195075E-04 -0.310113E-04  0.000000E+00  0.838788E+01  0.838788E+01  0.838788E+01 -0.171671E-03  0.756101E+01  0.126246E+01  0.703566E-02
  0.528746E+01  0.990877E+01  0.159718E+00  0.191725E-04  0.183123E-04  0.000000E+00  0.832004E+01  0.832004E+01  0.832004E+01 -0.170283E-03  0.749981E+01  0.125225E+01  0.694664E-02
  0.531186E+01  0.982858E+01  0.158426E+00  0.188432E-04  0.811247E-04  0.000000E+00  0.825270E+01  0.825270E+01  0.825270E+01 -0.168905E-03  0.743906E+01  0.124211E+01  0.685871E-02
  0.533638E+01  0.974904E+01  0.157143E+00  0.185196E-04  0.134954E-03  0.000000E+00  0.818591E+01  0.818591E+01  0.818591E+01 -0.167538E-03  0.737881E+01  0.123206E+01  0.677189E-02
  0.536101E+01  0.967013E+01  0.155871E+00  0.182016E-04  0.160147E-03  0.000000E+00  0.811966E+01  0.811966E+01  0.811966E+01 -0.166182E-03  0.731904E+01  0.122209E+01  0.668616E-02
  0.538576E+01  0.959192E+01  0.154611E+00  0.178891E-04  0.146182E-03  0.000000E+00  0.805399E+01  0.805399E+01  0.805399E+01 -0.164838E-03  0.725981E+01  0.121221E+01  0.660157E-02
  0.541062E+01  0.951421E+01  0.153358E+00  0.175818E-04  0.994608E-04  0.000000E+00  0.798874E+01  0.798874E+01  0.798874E+01 -0.163502E-03  0.720094E+01  0.120239E+01  0.651794E-02
  0.543559E+01  0.943729E+01  0.152119E+00  0.172801E-04  0.416427E-04  0.000000E+00  0.792415E+01  0.792415E+01  0.792415E+01 -0.162181E-03  0.714270E+01  0.119267E+01  0.643552E-02
  0.546068E+01  0.936077E+01  0.150885E+00  0.169830E-04 -0.181474E-05  0.000000E+00  0.785990E+01  0.785990E+01  0.785990E+01 -0.160866E-03  0.708472E+01  0.118300E+01  0.635394E-02
  0.548589E+01  0.928493E+01  0.149663E+00  0.166912E-04 -0.170825E-04  0.000000E+00  0.779622E+01  0.779622E+01  0.779622E+01 -0.159562E-03  0.702727E+01  0.117341E+01  0.627344E-02
  0.551121E+01  0.920978E+01  0.148452E+00  0.164046E-04 -0.761172E-05  0.000000E+00  0.773312E+01  0.773312E+01  0.773312E+01 -0.158271E-03  0.697036E+01  0.116392E+01  0.619404E-02
  0.553665E+01  0.913513E+01  0.147249E+00  0.161226E-04  0.111607E-04  0.000000E+00  0.767044E+01  0.767044E+01  0.767044E+01 -0.156988E-03  0.691381E+01  0.115449E+01  0.611556E-02
  0.556220E+01  0.906112E+01  0.146056E+00  0.158456E-04  0.241723E-04  0.000000E+00  0.760830E+01  0.760830E+01  0.760830E+01 -0.155716E-03  0.685776E+01  0.114513E+01  0.603809E-02
  0.558788E+01  0.898769E+01  0.144872E+00  0.155733E-04  0.245663E-04  0.000000E+00  0.754664E+01  0.754664E+01  0.754664E+01 -0.154454E-03  0.680214E+01  0.113586E+01  0.596160E-02
  0.561367E+01  0.891485E+01  0.143698E+00  0.153057E-04  0.144429E-04  0.000000E+00  0.748548E+01  0.748548E+01  0.748548E+01 -0.153202E-03  0.674697E+01  0.112665E+01  0.588606E-02
  0.563958E+01  0.884259E+01  0.142533E+00  0.150427E-04 -0.157036E-06  0.000000E+00  0.742481E+01  0.742481E+01  0.742481E+01 -0.151961E-03  0.669224E+01  0.111752E+01  0.581149E-02
  0.566561E+01  0.877094E+01  0.141379E+00  0.147842E-04 -0.139468E-04  0.000000E+00  0.736464E+01  0.736464E+01  0.736464E+01 -0.150729E-03  0.663797E+01  0.110847E+01  0.573787E-02
  0.569176E+01  0.869983E+01  0.140232E+00  0.145301E-04 -0.253124E-04  0.000000E+00  0.730494E+01  0.730494E+01  0.730494E+01 -0.149508E-03  0.658412E+01  0.109948E+01  0.566516E-02
  0.571803E+01  0.862925E+01  0.139094E+00  0.142803E-04 -0.344196E-04  0.000000E+00  0.724567E+01  0.724567E+01  0.724567E+01 -0.148294E-03  0.653065E+01  0.109056E+01  0.559333E-02
  0.574443E+01  0.855928E+01  0.137967E+00  0.140349E-04 -0.424998E-04  0.000000E+00  0.718692E+01  0.718692E+01  0.718692E+01 -0.147092E-03  0.647766E+01  0.108172E+01  0.552245E-02
  0.577094E+01  0.848987E+01  0.136848E+00  0.137936E-04 -0.487848E-04  0.000000E+00  0.712864E+01  0.712864E+01  0.712864E+01 -0.145899E-03  0.642510E+01  0.107295E+01  0.545246E-02
  0.579758E+01  0.842100E+01  0.135738E+00  0.135565E-04 -0.520315E-04  0.000000E+00  0.707081E+01  0.707081E+01  0.707081E+01 -0.144716E-03  0.637294E+01  0.106425E+01  0.538334E-02
  0.582434E+01  0.835266E+01  0.134636E+00  0.133233E-04 -0.501768E-04  0.000000E+00  0.701343E+01  0.701343E+01  0.701343E+01 -0.143541E-03  0.632117E+01  0.105561E+01  0.531507E-02
  0.585122E+01  0.828488E+01  0.133544E+00  0.130942E-04 -0.412608E-04  0.000000E+00  0.695651E+01  0.695651E+01  0.695651E+01 -0.142376E-03  0.626983E+01  0.104704E+01  0.524768E-02
  0.587823E+01  0.821765E+01  0.132460E+00  0.128691E-04 -0.246366E-04  0.000000E+00  0.690006E+01  0.690006E+01  0.690006E+01 -0.141221E-03  0.621892E+01  0.103855E+01  0.518114E-02
  0.590537E+01  0.815095E+01  0.131385E+00  0.126477E-04 -0.661571E-06  0.000000E+00  0.684406E+01  0.684406E+01  0.684406E+01 -0.140075E-03  0.616840E+01  0.103012E+01  0.511543E-02
  0.593262E+01  0.808474E+01  0.130318E+00  0.124301E-04  0.283813E-04  0.000000E+00  0.678846E+01  0.678846E+01  0.678846E+01 -0.138937E-03  0.611825E+01  0.102175E+01  0.505052E-02
  0.596001E+01  0.801911E+01  0.129260E+00  0.122163E-04  0.584421E-04  0.000000E+00  0.673335E+01  0.673335E+01  0.673335E+01 -0.137809E-03  0.606854E+01  0.101346E+01  0.498646E-02
  0.598752E+01  0.795403E+01  0.128211E+00  0.120063E-04  0.843007E-04  0.000000E+00  0.667871E+01  0.667871E+01  0.667871E+01 -0.136691E-03  0.601926E+01  0.100523E+01  0.492324E-02
  0.601515E+01  0.788946E+01  0.127170E+00  0.117998E-04  0.100907E-03  0.000000E+00  0.662449E+01  0.662449E+01  0.662449E+01 -0.135581E-03  0.597036E+01  0.997073E+00  0.486080E-02
  0.604292E+01  0.782544E+01  0.126139E+00  0.115969E-04  0.106403E-03  0.000000E+00  0.657074E+01  0.657074E+01  0.657074E+01 -0.134481E-03  0.592189E+01  0.988985E+00  0.479918E-02
  0.607081E+01  0.776184E+01  0.125113E+00  0.113973E-04  0.101772E-03  0.000000E+00  0.651734E+01  0.651734E+01  0.651734E+01 -0.133388E-03  0.587372E+01  0.980948E+00  0.473827E-02
  0.609883E+01  0.769875E+01  0.124096E+00  0.112012E-04  0.915952E-04  0.000000E+00  0.646436E+01  0.646436E+01  0.646436E+01 -0.132303E-03  0.582593E+01  0.972973E+00  0.467812E-02
  0.612698E+01  0.763616E+01  0.123087E+00  0.110084E-04  0.793620E-04  0.000000E+00  0.641181E+01  0.641181E+01  0.641181E+01 -0.131228E-03  0.577853E+01  0.965063E+00  0.461873E-02
  0.615527E+01  0.757411E+01  0.122087E+00  0.108190E-04  0.649147E-04  0.000000E+00  0.635971E+01  0.635971E+01  0.635971E+01 -0.130161E-03  0.573153E+01  0.957221E+00  0.456011E-02
  0.618368E+01  0.751256E+01  0.121095E+00  0.106328E-04  0.452856E-04  0.000000E+00  0.630803E+01  0.630803E+01  0.630803E+01 -0.129104E-03  0.568492E+01  0.949443E+00  0.450224E-02
  0.621222E+01  0.745150E+01  0.120111E+00  0.104498E-04  0.196929E-04  0.000000E+00  0.625675E+01  0.625675E+01  0.625675E+01 -0.128054E-03  0.563868E+01  0.941726E+00  0.444509E-02
  0.624089E+01  0.739095E+01  0.119135E+00  0.102701E-04 -0.464021E-05  0.000000E+00  0.620592E+01  0.620592E+01  0.620592E+01 -0.127014E-03  0.559284E+01  0.934076E+00  0.438869E-02
  0.626970E+01  0.733085E+01  0.118166E+00  0.100933E-04 -0.137748E-04  0.000000E+00  0.615545E+01  0.615545E+01  0.615545E+01 -0.125981E-03  0.554732E+01  0.926480E+00  0.433296E-02
  0.629864E+01  0.727129E+01  0.117207E+00  0.991964E-05  0.233146E-05  0.000000E+00  0.610544E+01  0.610544E+01  0.610544E+01 -0.124957E-03  0.550222E+01  0.918955E+00  0.427799E-02
  0.632771E+01  0.721221E+01  0.116254E+00  0.974897E-05  0.369896E-04  0.000000E+00  0.605583E+01  0.605583E+01  0.605583E+01 -0.123942E-03  0.545749E+01  0.911490E+00  0.422371E-02
  0.635692E+01  0.715356E+01  0.115309E+00  0.958115E-05  0.671420E-04  0.000000E+00  0.600659E+01  0.600659E+01  0.600659E+01 -0.122935E-03  0.541308E+01  0.904079E+00  0.417008E-02
  0.638626E+01  0.709538E+01  0.114371E+00  0.941622E-05  0.704198E-04  0.000000E+00  0.595773E+01  0.595773E+01  0.595773E+01 -0.121935E-03  0.536903E+01  0.896727E+00  0.411713E-02
  0.641574E+01  0.703766E+01  0.113441E+00  0.925412E-05  0.444454E-04  0.000000E+00  0.590927E+01  0.590927E+01  0.590927E+01 -0.120943E-03  0.532531E+01  0.889432E+00  0.406485E-02
  0.644535E+01  0.698041E+01  0.112518E+00  0.909483E-05  0.639082E-05  0.000000E+00  0.586120E+01  0.586120E+01  0.586120E+01 -0.119959E-03  0.528197E+01  0.882198E+00  0.401323E-02
  0.647510E+01  0.692362E+01  0.111603E+00  0.893826E-05 -0.243898E-04  0.000000E+00  0.581351E+01  0.581351E+01  0.581351E+01 -0.118983E-03  0.523897E+01  0.875022E+00  0.396226E-02
  0.650499E+01  0.686729E+01  0.110695E+00  0.878438E-05 -0.380415E-04  0.000000E+00  0.576621E+01  0.576621E+01  0.576621E+01 -0.118015E-03  0.519631E+01  0.867903E+00  0.391194E-02
  0.653502E+01  0.681139E+01  0.109794E+00  0.863310E-05 -0.285996E-04  0.000000E+00  0.571928E+01  0.571928E+01  0.571928E+01 -0.117054E-03  0.515398E+01  0.860839E+00  0.386224E-02
  0.656518E+01  0.675588E+01  0.108899E+00  0.848431E-05  0.788178E-05  0.000000E+00  0.567267E+01  0.567267E+01  0.567267E+01 -0.116100E-03  0.511194E+01  0.853822E+00  0.381313E-02
  0.659549E+01  0.670090E+01  0.108013E+00  0.833820E-05  0.548181E-04  0.000000E+00  0.562651E+01  0.562651E+01  0.562651E+01 -0.115155E-03  0.507031E+01  0.846874E+00  0.376470E-02
  0.662593E+01  0.664634E+01  0.107133E+00  0.819458E-05  0.724427E-04  0.000000E+00  0.558069E+01  0.558069E+01  0.558069E+01 -0.114218E-03  0.502899E+01  0.839979E+00  0.371686E-02
  0.665651E+01  0.659224E+01  0.106261E+00  0.805347E-05  0.425121E-04  0.000000E+00  0.553526E+01  0.553526E+01  0.553526E+01 -0.113288E-03  0.498802E+01  0.833142E+00  0.366964E-02
  0.668724E+01  0.653855E+01  0.105396E+00  0.791476E-05  0.548488E-05  0.000000E+00  0.549018E+01  0.549018E+01  0.549018E+01 -0.112365E-03  0.494737E+01  0.826357E+00  0.362300E-02
  0.671810E+01  0.648530E+01  0.104538E+00  0.777842E-05  0.134394E-04  0.000000E+00  0.544547E+01  0.544547E+01  0.544547E+01 -0.111450E-03  0.490705E+01  0.819628E+00  0.357696E-02
  0.674911E+01  0.643246E+01  0.103686E+00  0.764440E-05  0.526227E-04  0.000000E+00  0.540111E+01  0.540111E+01  0.540111E+01 -0.110542E-03  0.486704E+01  0.812950E+00  0.353149E-02
  0.678027E+01  0.638006E+01  0.102841E+00  0.751270E-05  0.628154E-04  0.000000E+00  0.535711E+01  0.535711E+01  0.535711E+01 -0.109642E-03  0.482737E+01  0.806329E+00  0.348660E-02
  0.681156E+01  0.632807E+01  0.102003E+00  0.738326E-05  0.257063E-04  0.000000E+00  0.531345E+01  0.531345E+01  0.531345E+01 -0.108748E-03  0.478800E+01  0.799757E+00  0.344227E-02
  0.684300E+01  0.627651E+01  0.101172E+00  0.725608E-05 -0.195611E-04  0.000000E+00  0.527016E+01  0.527016E+01  0.527016E+01 -0.107862E-03  0.474896E+01  0.793242E+00  0.339852E-02
  0.687459E+01  0.622537E+01  0.100348E+00  0.713107E-05 -0.309811E-04  0.000000E+00  0.522722E+01  0.522722E+01  0.522722E+01 -0.106983E-03  0.471024E+01  0.786779E+00  0.335531E-02
  0.690632E+01  0.617457E+01  0.995291E-01  0.700810E-05  0.759239E-05  0.000000E+00  0.518457E+01  0.518457E+01  0.518457E+01 -0.106110E-03  0.467177E+01  0.780358E+00  0.331262E-02
  0.693820E+01  0.612425E+01  0.987180E-01  0.688732E-05  0.633814E-04  0.000000E+00  0.514231E+01  0.514231E+01  0.514231E+01 -0.105245E-03  0.463367E+01  0.773999E+00  0.327050E-02
  0.697022E+01  0.607432E+01  0.979132E-01  0.676862E-05  0.617908E-04  0.000000E+00  0.510039E+01  0.510039E+01  0.510039E+01 -0.104387E-03  0.459586E+01  0.767689E+00  0.322891E-02
  0.700240E+01  0.602479E+01  0.971148E-01  0.665198E-05  0.241389E-05  0.000000E+00  0.505880E+01  0.505880E+01  0.505880E+01 -0.103536E-03  0.455836E+01  0.761430E+00  0.318784E-02
  0.703472E+01  0.597567E+01  0.963231E-01  0.653735E-05 -0.128787E-04  0.000000E+00  0.501755E+01  0.501755E+01  0.501755E+01 -0.102692E-03  0.452117E+01  0.755222E+00  0.314730E-02
  0.706719E+01  0.592696E+01  0.955379E-01  0.642468E-05  0.262461E-04  0.000000E+00  0.497665E+01  0.497665E+01  0.497665E+01 -0.101855E-03  0.448429E+01  0.749066E+00  0.310728E-02
  0.709981E+01  0.587862E+01  0.947589E-01  0.631394E-05  0.207918E-04  0.000000E+00  0.493607E+01  0.493607E+01  0.493607E+01 -0.101024E-03  0.444770E+01  0.742958E+00  0.306776E-02
  0.713258E+01  0.583064E+01  0.939853E-01  0.620506E-05 -0.134187E-04  0.000000E+00  0.489577E+01  0.489577E+01  0.489577E+01 -0.100199E-03  0.441136E+01  0.736893E+00  0.302871E-02
  0.716550E+01  0.578313E+01  0.932199E-01  0.609817E-05  0.103573E-04  0.000000E+00  0.485589E+01  0.485589E+01  0.485589E+01 -0.993833E-04  0.437541E+01  0.730892E+00  0.299023E-02
  0.719858E+01  0.573595E+01  0.924594E-01  0.599302E-05  0.561198E-04  0.000000E+00  0.481627E+01  0.481627E+01  0.481627E+01 -0.985724E-04  0.433968E+01  0.724929E+00  0.295218E-02
  0.723181E+01  0.568929E+01  0.917080E-01  0.588990E-05  0.430735E-04  0.000000E+00  0.477709E+01  0.477709E+01  0.477709E+01 -0.977713E-04  0.430439E+01  0.719038E+00  0.291471E-02
  0.726519E+01  0.564286E+01  0.909596E-01  0.578835E-05 -0.168506E-04  0.000000E+00  0.473810E+01  0.473810E+01  0.473810E+01 -0.969732E-04  0.426923E+01  0.713170E+00  0.287762E-02
  0.729872E+01  0.559680E+01  0.902172E-01  0.568855E-05 -0.191981E-04  0.000000E+00  0.469943E+01  0.469943E+01  0.469943E+01 -0.961818E-04  0.423436E+01  0.707349E+00  0.284100E-02
  0.733241E+01  0.555112E+01  0.894810E-01  0.559044E-05  0.504160E-04  0.000000E+00  0.466108E+01  0.466108E+01  0.466108E+01 -0.953968E-04  0.419978E+01  0.701577E+00  0.280485E-02
  0.736626E+01  0.550572E+01  0.887487E-01  0.549392E-05  0.396205E-04  0.000000E+00  0.462295E+01  0.462295E+01  0.462295E+01 -0.946161E-04  0.416539E+01  0.695836E+00  0.276909E-02
  0.740026E+01  0.546076E+01  0.880240E-01  0.539918E-05 -0.151128E-04  0.000000E+00  0.458520E+01  0.458520E+01  0.458520E+01 -0.938435E-04  0.413135E+01  0.690154E+00  0.273385E-02
  0.743441E+01  0.541617E+01  0.873053E-01  0.530605E-05  0.162750E-04  0.000000E+00  0.454776E+01  0.454776E+01  0.454776E+01 -0.930771E-04  0.409759E+01  0.684519E+00  0.269904E-02
  0.746873E+01  0.537195E+01  0.865926E-01  0.521454E-05  0.186749E-04  0.000000E+00  0.451063E+01  0.451063E+01  0.451063E+01 -0.923172E-04  0.406412E+01  0.678930E+00  0.266469E-02
  0.750320E+01  0.532807E+01  0.858852E-01  0.512459E-05 -0.215725E-05  0.000000E+00  0.447379E+01  0.447379E+01  0.447379E+01 -0.915631E-04  0.403089E+01  0.673385E+00  0.263076E-02
  0.753784E+01  0.528455E+01  0.851838E-01  0.503619E-05  0.371999E-04  0.000000E+00  0.443725E+01  0.443725E+01  0.443725E+01 -0.908153E-04  0.399795E+01  0.667885E+00  0.259727E-02
  0.757263E+01  0.524131E+01  0.844866E-01  0.494923E-05  0.320660E-04  0.000000E+00  0.440094E+01  0.440094E+01  0.440094E+01 -0.900719E-04  0.396520E+01  0.662419E+00  0.256416E-02
  0.760758E+01  0.519849E+01  0.837964E-01  0.486386E-05 -0.221184E-04  0.000000E+00  0.436498E+01  0.436498E+01  0.436498E+01 -0.893360E-04  0.393278E+01  0.657007E+00  0.253150E-02
  0.764270E+01  0.515600E+01  0.831116E-01  0.477993E-05  0.761401E-05  0.000000E+00  0.432931E+01  0.432931E+01  0.432931E+01 -0.886059E-04  0.390062E+01  0.651638E+00  0.249926E-02
  0.767798E+01  0.511387E+01  0.824324E-01  0.469744E-05  0.556991E-04  0.000000E+00  0.429393E+01  0.429393E+01  0.429393E+01 -0.878817E-04  0.386872E+01  0.646312E+00  0.246743E-02
  0.771342E+01  0.507207E+01  0.817588E-01  0.461641E-05 -0.142095E-04  0.000000E+00  0.425884E+01  0.425884E+01  0.425884E+01 -0.871635E-04  0.383708E+01  0.641031E+00  0.243601E-02
  0.774902E+01  0.503061E+01  0.810903E-01  0.453674E-05  0.494127E-05  0.000000E+00  0.422402E+01  0.422402E+01  0.422402E+01 -0.864509E-04  0.380569E+01  0.635790E+00  0.240497E-02
  0.778479E+01  0.498949E+01  0.804275E-01  0.445845E-05  0.366947E-04  0.000000E+00  0.418949E+01  0.418949E+01  0.418949E+01 -0.857442E-04  0.377456E+01  0.630594E+00  0.237434E-02
  0.782072E+01  0.494869E+01  0.797698E-01  0.438150E-05 -0.111564E-05  0.000000E+00  0.415523E+01  0.415523E+01  0.415523E+01 -0.850430E-04  0.374367E+01  0.625437E+00  0.234409E-02
  0.785682E+01  0.490822E+01  0.791176E-01  0.430588E-05  0.222043E-04  0.000000E+00  0.412126E+01  0.412126E+01  0.412126E+01 -0.843476E-04  0.371304E+01  0.620323E+00  0.231422E-02
  0.789308E+01  0.486809E+01  0.784707E-01  0.423158E-05 -0.241895E-05  0.000000E+00  0.408756E+01  0.408756E+01  0.408756E+01 -0.836579E-04  0.368266E+01  0.615251E+00  0.228474E-02
  0.792952E+01  0.482828E+01  0.778292E-01  0.415854E-05  0.151985E-04  0.000000E+00  0.405414E+01  0.405414E+01  0.405414E+01 -0.829740E-04  0.365253E+01  0.610221E+00  0.225563E-02
  0.796612E+01  0.478879E+01  0.771926E-01  0.408675E-05  0.374024E-04  0.000000E+00  0.402097E+01  0.402097E+01  0.402097E+01 -0.822952E-04  0.362264E+01  0.605230E+00  0.222689E-02
  0.800289E+01  0.474962E+01  0.765613E-01  0.401623E-05 -0.224183E-04  0.000000E+00  0.398808E+01  0.398808E+01  0.398808E+01 -0.816221E-04  0.359299E+01  0.600280E+00  0.219851E-02
  0.803983E+01  0.471077E+01  0.759351E-01  0.394689E-05  0.259990E-04  0.000000E+00  0.395546E+01  0.395546E+01  0.395546E+01 -0.809544E-04  0.356358E+01  0.595370E+00  0.217049E-02
  0.807694E+01  0.467222E+01  0.753138E-01  0.387874E-05  0.241738E-04  0.000000E+00  0.392309E+01  0.392309E+01  0.392309E+01 -0.802920E-04  0.353440E+01  0.590498E+00  0.214283E-02
  0.811422E+01  0.463398E+01  0.746974E-01  0.381178E-05 -0.146305E-04  0.000000E+00  0.389098E+01  0.389098E+01  0.389098E+01 -0.796348E-04  0.350545E+01  0.585666E+00  0.211551E-02
  0.815167E+01  0.459605E+01  0.740859E-01  0.374595E-05  0.357868E-04  0.000000E+00  0.385914E+01  0.385914E+01  0.385914E+01 -0.789830E-04  0.347674E+01  0.580872E+00  0.208854E-02
  0.818930E+01  0.455843E+01  0.734796E-01  0.368128E-05 -0.345187E-05  0.000000E+00  0.382755E+01  0.382755E+01  0.382755E+01 -0.783365E-04  0.344826E+01  0.576118E+00  0.206191E-02
  0.822710E+01  0.452112E+01  0.728782E-01  0.361771E-05  0.182685E-04  0.000000E+00  0.379622E+01  0.379622E+01  0.379622E+01 -0.776953E-04  0.342002E+01  0.571403E+00  0.203563E-02
  0.826507E+01  0.448411E+01  0.722818E-01  0.355525E-05  0.821446E-06  0.000000E+00  0.376515E+01  0.376515E+01  0.376515E+01 -0.770594E-04  0.339201E+01  0.566726E+00  0.200968E-02
  0.830322E+01  0.444740E+01  0.716900E-01  0.349384E-05  0.287130E-04  0.000000E+00  0.373432E+01  0.373432E+01  0.373432E+01 -0.764284E-04  0.336422E+01  0.562086E+00  0.198405E-02
  0.834155E+01  0.441098E+01  0.711030E-01  0.343352E-05 -0.814952E-05  0.000000E+00  0.370374E+01  0.370374E+01  0.370374E+01 -0.758027E-04  0.333665E+01  0.557484E+00  0.195875E-02
  0.838005E+01  0.437486E+01  0.705209E-01  0.337421E-05  0.180559E-04  0.000000E+00  0.367342E+01  0.367342E+01  0.367342E+01 -0.751820E-04  0.330932E+01  0.552920E+00  0.193378E-02
  0.841873E+01  0.433902E+01  0.699432E-01  0.331592E-05  0.173778E-04  0.000000E+00  0.364332E+01  0.364332E+01  0.364332E+01 -0.745660E-04  0.328219E+01  0.548390E+00  0.190911E-02
  0.845759E+01  0.430349E+01  0.693705E-01  0.325866E-05 -0.605485E-05  0.000000E+00  0.361348E+01  0.361348E+01  0.361348E+01 -0.739554E-04  0.325529E+01  0.543899E+00  0.188476E-02
  0.849663E+01  0.426823E+01  0.688022E-01  0.320236E-05  0.270861E-04  0.000000E+00  0.358388E+01  0.358388E+01  0.358388E+01 -0.733495E-04  0.322860E+01  0.539444E+00  0.186072E-02
  0.853585E+01  0.423325E+01  0.682383E-01  0.314704E-05 -0.339035E-05  0.000000E+00  0.355451E+01  0.355451E+01  0.355451E+01 -0.727483E-04  0.320213E+01  0.535023E+00  0.183698E-02
  0.857525E+01  0.419858E+01  0.676794E-01  0.309267E-05  0.168178E-04  0.000000E+00  0.352539E+01  0.352539E+01  0.352539E+01 -0.721524E-04  0.317588E+01  0.530641E+00  0.181355E-02
  0.861483E+01  0.416416E+01  0.671247E-01  0.303924E-05  0.908451E-05  0.000000E+00  0.349650E+01  0.349650E+01  0.349650E+01 -0.715610E-04  0.314983E+01  0.526291E+00  0.179041E-02
  0.865460E+01  0.413004E+01  0.665747E-01  0.298673E-05  0.414192E-05  0.000000E+00  0.346784E+01  0.346784E+01  0.346784E+01 -0.709746E-04  0.312400E+01  0.521979E+00  0.176757E-02
  0.869454E+01  0.409618E+01  0.660288E-01  0.293511E-05  0.174005E-04  0.000000E+00  0.343941E+01  0.343941E+01  0.343941E+01 -0.703926E-04  0.309837E+01  0.517699E+00  0.174501E-02
  0.873468E+01  0.406260E+01  0.654877E-01  0.288440E-05  0.902017E-06  0.000000E+00  0.341122E+01  0.341122E+01  0.341122E+01 -0.698157E-04  0.307296E+01  0.513456E+00  0.172274E-02
  0.877499E+01  0.402930E+01  0.649509E-01  0.283456E-05  0.168117E-04  0.000000E+00  0.338326E+01  0.338326E+01  0.338326E+01 -0.692434E-04  0.304776E+01  0.509248E+00  0.170076E-02
  0.881550E+01  0.399626E+01  0.644183E-01  0.278558E-05 -0.170814E-06  0.000000E+00  0.335551E+01  0.335551E+01  0.335551E+01 -0.686756E-04  0.302275E+01  0.505072E+00  0.167905E-02
  0.885619E+01  0.396349E+01  0.638902E-01  0.273743E-05  0.202821E-04  0.000000E+00  0.332800E+01  0.332800E+01  0.332800E+01 -0.681125E-04  0.299795E+01  0.500931E+00  0.165762E-02
  0.889706E+01  0.393099E+01  0.633664E-01  0.269013E-05 -0.403818E-05  0.000000E+00  0.330071E+01  0.330071E+01  0.330071E+01 -0.675541E-04  0.297335E+01  0.496824E+00  0.163647E-02
  0.893813E+01  0.389873E+01  0.628464E-01  0.264362E-05  0.189151E-04  0.000000E+00  0.327363E+01  0.327363E+01  0.327363E+01 -0.669996E-04  0.294894E+01  0.492747E+00  0.161557E-02
  0.897939E+01  0.386675E+01  0.623309E-01  0.259792E-05  0.257949E-05  0.000000E+00  0.324677E+01  0.324677E+01  0.324677E+01 -0.664500E-04  0.292473E+01  0.488705E+00  0.159495E-02
  0.902084E+01  0.383503E+01  0.618196E-01  0.255301E-05  0.914830E-05  0.000000E+00  0.322014E+01  0.322014E+01  0.322014E+01 -0.659048E-04  0.290072E+01  0.484696E+00  0.157458E-02
  0.906247E+01  0.380356E+01  0.613123E-01  0.250887E-05  0.127696E-04  0.000000E+00  0.319371E+01  0.319371E+01  0.319371E+01 -0.653640E-04  0.287690E+01  0.480718E+00  0.155448E-02
  0.910430E+01  0.377235E+01  0.608092E-01  0.246550E-05 -0.531139E-05  0.000000E+00  0.316750E+01  0.316750E+01  0.316750E+01 -0.648276E-04  0.285328E+01  0.476773E+00  0.153463E-02
  0.914633E+01  0.374139E+01  0.603102E-01  0.242287E-05  0.319962E-04  0.000000E+00  0.314151E+01  0.314151E+01  0.314151E+01 -0.642956E-04  0.282985E+01  0.472861E+00  0.151503E-02
  0.918855E+01  0.371070E+01  0.598155E-01  0.238100E-05 -0.214984E-04  0.000000E+00  0.311574E+01  0.311574E+01  0.311574E+01 -0.637682E-04  0.280662E+01  0.468983E+00  0.149569E-02
  0.923096E+01  0.368023E+01  0.593244E-01  0.233981E-05  0.302187E-04  0.000000E+00  0.309015E+01  0.309015E+01  0.309015E+01 -0.632445E-04  0.278356E+01  0.465131E+00  0.147658E-02
  0.927357E+01  0.365002E+01  0.588374E-01  0.229936E-05 -0.608217E-06  0.000000E+00  0.306479E+01  0.306479E+01  0.306479E+01 -0.627254E-04  0.276070E+01  0.461314E+00  0.145772E-02
  0.931637E+01  0.362005E+01  0.583544E-01  0.225960E-05  0.506249E-05  0.000000E+00  0.303963E+01  0.303963E+01  0.303963E+01 -0.622104E-04  0.273802E+01  0.457526E+00  0.143910E-02
  0.935937E+01  0.359033E+01  0.578754E-01  0.222053E-05  0.121295E-04  0.000000E+00  0.301467E+01  0.301467E+01  0.301467E+01 -0.616997E-04  0.271553E+01  0.453771E+00  0.142072E-02
  0.940257E+01  0.356084E+01  0.573999E-01  0.218212E-05  0.558633E-05  0.000000E+00  0.298991E+01  0.298991E+01  0.298991E+01 -0.611929E-04  0.269320E+01  0.450043E+00  0.140257E-02
  0.944597E+01  0.353159E+01  0.569285E-01  0.214438E-05 -0.847108E-07  0.000000E+00  0.296535E+01  0.296535E+01  0.296535E+01 -0.606902E-04  0.267107E+01  0.446347E+00  0.138465E-02
  0.948957E+01  0.350258E+01  0.564608E-01  0.210728E-05  0.255720E-04  0.000000E+00  0.294099E+01  0.294099E+01  0.294099E+01 -0.601916E-04  0.264911E+01  0.442680E+00  0.136696E-02
  0.953338E+01  0.347381E+01  0.559971E-01  0.207084E-05 -0.941484E-05  0.000000E+00  0.291684E+01  0.291684E+01  0.291684E+01 -0.596972E-04  0.262734E+01  0.439044E+00  0.134949E-02
  0.957738E+01  0.344529E+01  0.555375E-01  0.203503E-05  0.307661E-05  0.000000E+00  0.289288E+01  0.289288E+01  0.289288E+01 -0.592071E-04  0.260576E+01  0.435440E+00  0.133226E-02
  0.962159E+01  0.341696E+01  0.550807E-01  0.199980E-05  0.246597E-04  0.000000E+00  0.286910E+01  0.286910E+01  0.286910E+01 -0.587202E-04  0.258431E+01  0.431859E+00  0.131522E-02
  0.966600E+01  0.338889E+01  0.546283E-01  0.196522E-05 -0.480846E-05  0.000000E+00  0.284553E+01  0.284553E+01  0.284553E+01 -0.582378E-04  0.256307E+01  0.428311E+00  0.129841E-02
  0.971062E+01  0.336104E+01  0.541794E-01  0.193122E-05  0.637005E-05  0.000000E+00  0.282214E+01  0.282214E+01  0.282214E+01 -0.577592E-04  0.254200E+01  0.424792E+00  0.128182E-02
  0.975544E+01  0.333341E+01  0.537340E-01  0.189780E-05  0.105324E-04  0.000000E+00  0.279895E+01  0.279895E+01  0.279895E+01 -0.572844E-04  0.252109E+01  0.421300E+00  0.126543E-02
  0.980047E+01  0.330601E+01  0.532924E-01  0.186496E-05  0.883216E-05  0.000000E+00  0.277594E+01  0.277594E+01  0.277594E+01 -0.568135E-04  0.250035E+01  0.417837E+00  0.124926E-02
  0.984570E+01  0.327884E+01  0.528544E-01  0.183270E-05 -0.559976E-05  0.000000E+00  0.275312E+01  0.275312E+01  0.275312E+01 -0.563465E-04  0.247979E+01  0.414403E+00  0.123329E-02
  0.989115E+01  0.325188E+01  0.524198E-01  0.180098E-05  0.483621E-05  0.000000E+00  0.273048E+01  0.273048E+01  0.273048E+01 -0.558832E-04  0.245938E+01  0.410995E+00  0.121752E-02
  0.993680E+01  0.322514E+01  0.519889E-01  0.176982E-05  0.287116E-04  0.000000E+00  0.270804E+01  0.270804E+01  0.270804E+01 -0.554238E-04  0.243915E+01  0.407617E+00  0.120196E-02
  0.998267E+01  0.319862E+01  0.515613E-01  0.173919E-05 -0.447130E-05  0.000000E+00  0.268577E+01  0.268577E+01  0.268577E+01 -0.549680E-04  0.241908E+01  0.404265E+00  0.118659E-02
  0.100287E+02  0.317232E+01  0.511374E-01  0.170909E-05 -0.372540E-05  0.000000E+00  0.266368E+01  0.266368E+01  0.266368E+01 -0.545160E-04  0.239918E+01  0.400940E+00  0.117142E-02
  0.100750E+02  0.314622E+01  0.507167E-01  0.167951E-05  0.124992E-04  0.000000E+00  0.264177E+01  0.264177E+01  0.264177E+01 -0.540674E-04  0.237943E+01  0.397642E+00  0.115643E-02
  0.101215E+02  0.312034E+01  0.502996E-01  0.165044E-05  0.877270E-05  0.000000E+00  0.262004E+01  0.262004E+01  0.262004E+01 -0.536227E-04  0.235984E+01  0.394371E+00  0.114164E-02
  0.101683E+02  0.309467E+01  0.498858E-01  0.162187E-05  0.607455E-05  0.000000E+00  0.259848E+01  0.259848E+01  0.259848E+01 -0.531816E-04  0.234042E+01  0.391127E+00  0.112704E-02
  0.102152E+02  0.306921E+01  0.494755E-01  0.159380E-05 -0.298064E-05  0.000000E+00  0.257711E+01  0.257711E+01  0.257711E+01 -0.527441E-04  0.232115E+01  0.387910E+00  0.111263E-02
  0.102623E+02  0.304396E+01  0.490684E-01  0.156621E-05 -0.649244E-05  0.000000E+00  0.255590E+01  0.255590E+01  0.255590E+01 -0.523101E-04  0.230204E+01  0.384718E+00  0.109840E-02
  0.103097E+02  0.301890E+01  0.486645E-01  0.153909E-05  0.168975E-04  0.000000E+00  0.253486E+01  0.253486E+01  0.253486E+01 -0.518795E-04  0.228308E+01  0.381551E+00  0.108434E-02
  0.103573E+02  0.299406E+01  0.482640E-01  0.151244E-05  0.216821E-04  0.000000E+00  0.251400E+01  0.251400E+01  0.251400E+01 -0.514525E-04  0.226428E+01  0.378411E+00  0.107047E-02
  0.104051E+02  0.296941E+01  0.478667E-01  0.148626E-05 -0.645597E-06  0.000000E+00  0.249331E+01  0.249331E+01  0.249331E+01 -0.510290E-04  0.224563E+01  0.375296E+00  0.105678E-02
  0.104531E+02  0.294497E+01  0.474727E-01  0.146052E-05 -0.210508E-05  0.000000E+00  0.247278E+01  0.247278E+01  0.247278E+01 -0.506089E-04  0.222714E+01  0.372207E+00  0.104326E-02
  0.105014E+02  0.292073E+01  0.470820E-01  0.143523E-05  0.396757E-05  0.000000E+00  0.245243E+01  0.245243E+01  0.245243E+01 -0.501923E-04  0.220879E+01  0.369143E+00  0.102991E-02
  0.105499E+02  0.289668E+01  0.466944E-01  0.141038E-05  0.447747E-05  0.000000E+00  0.243224E+01  0.243224E+01  0.243224E+01 -0.497791E-04  0.219060E+01  0.366104E+00  0.101673E-02
  0.105986E+02  0.287283E+01  0.463100E-01  0.138596E-05  0.102662E-04  0.000000E+00  0.241221E+01  0.241221E+01  0.241221E+01 -0.493692E-04  0.217255E+01  0.363090E+00  0.100372E-02
  0.106475E+02  0.284918E+01  0.459288E-01  0.136196E-05  0.198864E-04  0.000000E+00  0.239235E+01  0.239235E+01  0.239235E+01 -0.489628E-04  0.215466E+01  0.360102E+00  0.990879E-03
  0.106966E+02  0.282571E+01  0.455505E-01  0.133837E-05  0.163883E-04  0.000000E+00  0.237265E+01  0.237265E+01  0.237265E+01 -0.485595E-04  0.213689E+01  0.357135E+00  0.978195E-03
  0.107460E+02  0.280244E+01  0.451753E-01  0.131520E-05 -0.111155E-05  0.000000E+00  0.235311E+01  0.235311E+01  0.235311E+01 -0.481595E-04  0.211928E+01  0.354194E+00  0.965676E-03
  0.107956E+02  0.277935E+01  0.448031E-01  0.129241E-05 -0.657229E-05  0.000000E+00  0.233372E+01  0.233372E+01  0.233372E+01 -0.477627E-04  0.210181E+01  0.351275E+00  0.953312E-03
  0.108454E+02  0.275646E+01  0.444342E-01  0.127003E-05  0.115673E-05  0.000000E+00  0.231450E+01  0.231450E+01  0.231450E+01 -0.473694E-04  0.208449E+01  0.348383E+00  0.941113E-03
  0.108955E+02  0.273375E+01  0.440681E-01  0.124803E-05  0.326709E-05  0.000000E+00  0.229543E+01  0.229543E+01  0.229543E+01 -0.469791E-04  0.206731E+01  0.345512E+00  0.929065E-03
  0.109458E+02  0.271122E+01  0.437049E-01  0.122641E-05  0.822950E-06  0.000000E+00  0.227651E+01  0.227651E+01  0.227651E+01 -0.465919E-04  0.205026E+01  0.342665E+00  0.917170E-03
  0.109963E+02  0.268887E+01  0.433448E-01  0.120516E-05  0.177623E-05  0.000000E+00  0.225775E+01  0.225775E+01  0.225775E+01 -0.462079E-04  0.203336E+01  0.339841E+00  0.905427E-03
  0.110471E+02  0.266672E+01  0.429876E-01  0.118428E-05  0.793039E-05  0.000000E+00  0.223914E+01  0.223914E+01  0.223914E+01 -0.458271E-04  0.201659E+01  0.337041E+00  0.893834E-03
  0.110981E+02  0.264473E+01  0.426332E-01  0.116376E-05  0.157540E-04  0.000000E+00  0.222069E+01  0.222069E+01  0.222069E+01 -0.454493E-04  0.199995E+01  0.334262E+00  0.882387E-03
  0.111493E+02  0.262294E+01  0.422820E-01  0.114360E-05  0.166111E-04  0.000000E+00  0.220239E+01  0.220239E+01  0.220239E+01 -0.450748E-04  0.198347E+01  0.331508E+00  0.871090E-03
  0.112007E+02  0.260136E+01  0.419343E-01  0.112381E-05  0.100455E-04  0.000000E+00  0.218427E+01  0.218427E+01  0.218427E+01 -0.447041E-04  0.196715E+01  0.328782E+00  0.859952E-03
  0.112524E+02  0.257991E+01  0.415886E-01  0.110434E-05  0.597817E-05  0.000000E+00  0.216626E+01  0.216626E+01  0.216626E+01 -0.443356E-04  0.195092E+01  0.326071E+00  0.848939E-03
  0.113044E+02  0.255863E+01  0.412456E-01  0.108520E-05  0.846452E-05  0.000000E+00  0.214839E+01  0.214839E+01  0.214839E+01 -0.439699E-04  0.193482E+01  0.323382E+00  0.838063E-03
  0.113566E+02  0.253754E+01  0.409056E-01  0.106640E-05  0.128716E-04  0.000000E+00  0.213068E+01  0.213068E+01  0.213068E+01 -0.436074E-04  0.191886E+01  0.320716E+00  0.827331E-03
  0.114090E+02  0.251661E+01  0.405682E-01  0.104791E-05  0.157608E-04  0.000000E+00  0.211310E+01  0.211310E+01  0.211310E+01 -0.432477E-04  0.190302E+01  0.318071E+00  0.816732E-03
  0.114616E+02  0.249585E+01  0.402336E-01  0.102975E-05  0.161419E-04  0.000000E+00  0.209568E+01  0.209568E+01  0.209568E+01 -0.428910E-04  0.188732E+01  0.315448E+00  0.806271E-03
  0.115145E+02  0.247527E+01  0.399018E-01  0.101191E-05  0.131329E-04  0.000000E+00  0.207839E+01  0.207839E+01  0.207839E+01 -0.425373E-04  0.187174E+01  0.312846E+00  0.795942E-03
  0.115677E+02  0.245485E+01  0.395727E-01  0.994371E-06  0.851176E-05  0.000000E+00  0.206125E+01  0.206125E+01  0.206125E+01 -0.421864E-04  0.185629E+01  0.310265E+00  0.785745E-03
  0.116211E+02  0.243459E+01  0.392462E-01  0.977135E-06  0.627739E-05  0.000000E+00  0.204424E+01  0.204424E+01  0.204424E+01 -0.418383E-04  0.184097E+01  0.307706E+00  0.775678E-03
  0.116747E+02  0.241450E+01  0.389224E-01  0.960197E-06  0.745908E-05  0.000000E+00  0.202737E+01  0.202737E+01  0.202737E+01 -0.414931E-04  0.182577E+01  0.305167E+00  0.765738E-03
  0.117286E+02  0.239458E+01  0.386013E-01  0.943553E-06  0.866367E-05  0.000000E+00  0.201064E+01  0.201064E+01  0.201064E+01 -0.411507E-04  0.181070E+01  0.302649E+00  0.755927E-03
  0.117828E+02  0.237482E+01  0.382827E-01  0.927196E-06  0.728337E-05  0.000000E+00  0.199405E+01  0.199405E+01  0.199405E+01 -0.408111E-04  0.179575E+01  0.300151E+00  0.746239E-03
  0.118371E+02  0.235522E+01  0.379669E-01  0.911123E-06  0.498539E-05  0.000000E+00  0.197760E+01  0.197760E+01  0.197760E+01 -0.404744E-04  0.178092E+01  0.297675E+00  0.736677E-03
  0.118918E+02  0.233578E+01  0.376536E-01  0.895328E-06  0.429242E-05  0.000000E+00  0.196127E+01  0.196127E+01  0.196127E+01 -0.401403E-04  0.176621E+01  0.295218E+00  0.727237E-03
  0.119467E+02  0.231650E+01  0.373427E-01  0.879803E-06  0.390440E-05  0.000000E+00  0.194508E+01  0.194508E+01  0.194508E+01 -0.398089E-04  0.175162E+01  0.292780E+00  0.717914E-03
  0.120018E+02  0.229737E+01  0.370343E-01  0.864545E-06  0.156828E-05  0.000000E+00  0.192902E+01  0.192902E+01  0.192902E+01 -0.394801E-04  0.173715E+01  0.290362E+00  0.708709E-03
  0.120572E+02  0.227841E+01  0.367286E-01  0.849557E-06  0.382155E-07  0.000000E+00  0.191310E+01  0.191310E+01  0.191310E+01 -0.391542E-04  0.172280E+01  0.287966E+00  0.699627E-03
  0.121129E+02  0.225959E+01  0.364253E-01  0.834824E-06  0.362799E-05  0.000000E+00  0.189730E+01  0.189730E+01  0.189730E+01 -0.388309E-04  0.170857E+01  0.285588E+00  0.690657E-03
  0.121688E+02  0.224093E+01  0.361245E-01  0.820346E-06  0.957042E-05  0.000000E+00  0.188163E+01  0.188163E+01  0.188163E+01 -0.385101E-04  0.169445E+01  0.283229E+00  0.681802E-03
  0.122249E+02  0.222242E+01  0.358261E-01  0.806118E-06  0.123206E-04  0.000000E+00  0.186608E+01  0.186608E+01  0.186608E+01 -0.381921E-04  0.168044E+01  0.280890E+00  0.673060E-03
  0.122814E+02  0.220406E+01  0.355302E-01  0.792137E-06  0.123784E-04  0.000000E+00  0.185067E+01  0.185067E+01  0.185067E+01 -0.378766E-04  0.166655E+01  0.278570E+00  0.664430E-03
  0.123381E+02  0.218586E+01  0.352368E-01  0.778401E-06  0.973190E-05  0.000000E+00  0.183539E+01  0.183539E+01  0.183539E+01 -0.375638E-04  0.165278E+01  0.276269E+00  0.655912E-03
  0.123950E+02  0.216780E+01  0.349457E-01  0.764899E-06  0.278071E-05  0.000000E+00  0.182022E+01  0.182022E+01  0.182022E+01 -0.372534E-04  0.163912E+01  0.273986E+00  0.647499E-03
  0.124522E+02  0.214989E+01  0.346571E-01  0.751634E-06  0.447738E-06  0.000000E+00  0.180519E+01  0.180519E+01  0.180519E+01 -0.369457E-04  0.162557E+01  0.271723E+00  0.639197E-03
  0.125097E+02  0.213213E+01  0.343707E-01  0.738595E-06  0.744538E-05  0.000000E+00  0.179027E+01  0.179027E+01  0.179027E+01 -0.366404E-04  0.161213E+01  0.269478E+00  0.630999E-03
  0.125674E+02  0.211450E+01  0.340866E-01  0.725780E-06  0.113042E-04  0.000000E+00  0.177547E+01  0.177547E+01  0.177547E+01 -0.363375E-04  0.159880E+01  0.267251E+00  0.622905E-03
  0.126254E+02  0.209702E+01  0.338049E-01  0.713189E-06  0.766353E-05  0.000000E+00  0.176080E+01  0.176080E+01  0.176080E+01 -0.360371E-04  0.158558E+01  0.265042E+00  0.614914E-03
  0.126837E+02  0.207969E+01  0.335255E-01  0.700817E-06  0.320338E-06  0.000000E+00  0.174624E+01  0.174624E+01  0.174624E+01 -0.357393E-04  0.157247E+01  0.262851E+00  0.607026E-03
  0.127423E+02  0.206251E+01  0.332485E-01  0.688662E-06 -0.446927E-05  0.000000E+00  0.173181E+01  0.173181E+01  0.173181E+01 -0.354440E-04  0.155947E+01  0.260679E+00  0.599241E-03
  0.128011E+02  0.204546E+01  0.329736E-01  0.676713E-06  0.283066E-05  0.000000E+00  0.171750E+01  0.171750E+01  0.171750E+01 -0.351510E-04  0.154657E+01  0.258524E+00  0.591554E-03
  0.128602E+02  0.202854E+01  0.327010E-01  0.664970E-06  0.451275E-05  0.000000E+00  0.170330E+01  0.170330E+01  0.170330E+01 -0.348603E-04  0.153377E+01  0.256387E+00  0.583964E-03
  0.129195E+02  0.201177E+01  0.324306E-01  0.653433E-06 -0.376392E-05  0.000000E+00  0.168921E+01  0.168921E+01  0.168921E+01 -0.345721E-04  0.152108E+01  0.254267E+00  0.576471E-03
  0.129792E+02  0.199513E+01  0.321624E-01  0.642092E-06 -0.269924E-05  0.000000E+00  0.167524E+01  0.167524E+01  0.167524E+01 -0.342861E-04  0.150849E+01  0.252164E+00  0.569073E-03
  0.130391E+02  0.197863E+01  0.318964E-01  0.630949E-06  0.649116E-05  0.000000E+00  0.166138E+01  0.166138E+01  0.166138E+01 -0.340025E-04  0.149601E+01  0.250078E+00  0.561771E-03
  0.130993E+02  0.196226E+01  0.316325E-01  0.619997E-06  0.973131E-05  0.000000E+00  0.164764E+01  0.164764E+01  0.164764E+01 -0.337212E-04  0.148363E+01  0.248009E+00  0.554560E-03
  0.131597E+02  0.194603E+01  0.313709E-01  0.609238E-06 -0.221391E-06  0.000000E+00  0.163401E+01  0.163401E+01  0.163401E+01 -0.334423E-04  0.147135E+01  0.245958E+00  0.547443E-03
  0.132205E+02  0.192993E+01  0.311114E-01  0.598664E-06  0.456713E-05  0.000000E+00  0.162049E+01  0.162049E+01  0.162049E+01 -0.331656E-04  0.145917E+01  0.243923E+00  0.540417E-03
  0.132815E+02  0.191396E+01  0.308540E-01  0.588273E-06  0.410091E-05  0.000000E+00  0.160709E+01  0.160709E+01  0.160709E+01 -0.328912E-04  0.144709E+01  0.241905E+00  0.533481E-03
  0.133428E+02  0.189813E+01  0.305988E-01  0.578063E-06 -0.416302E-05  0.000000E+00  0.159379E+01  0.159379E+01  0.159379E+01 -0.326191E-04  0.143511E+01  0.239904E+00  0.526633E-03
  0.134044E+02  0.188242E+01  0.303456E-01  0.568028E-06  0.137135E-05  0.000000E+00  0.158060E+01  0.158060E+01  0.158060E+01 -0.323492E-04  0.142323E+01  0.237919E+00  0.519873E-03
  0.134663E+02  0.186684E+01  0.300944E-01  0.558166E-06  0.974696E-05  0.000000E+00  0.156752E+01  0.156752E+01  0.156752E+01 -0.320814E-04  0.141144E+01  0.235949E+00  0.513198E-03
  0.135284E+02  0.185140E+01  0.298456E-01  0.548482E-06 -0.127403E-05  0.000000E+00  0.155456E+01  0.155456E+01  0.155456E+01 -0.318161E-04  0.139977E+01  0.233998E+00  0.506613E-03
  0.135909E+02  0.183608E+01  0.295986E-01  0.538960E-06  0.407124E-05  0.000000E+00  0.154169E+01  0.154169E+01  0.154169E+01 -0.315528E-04  0.138818E+01  0.232062E+00  0.500109E-03
  0.136536E+02  0.182087E+01  0.293535E-01  0.529601E-06 -0.976070E-06  0.000000E+00  0.152892E+01  0.152892E+01  0.152892E+01 -0.312915E-04  0.137667E+01  0.230140E+00  0.493686E-03
  0.137166E+02  0.180580E+01  0.291105E-01  0.520406E-06 -0.495330E-06  0.000000E+00  0.151626E+01  0.151626E+01  0.151626E+01 -0.310324E-04  0.136527E+01  0.228234E+00  0.487347E-03
  0.137799E+02  0.179085E+01  0.288694E-01  0.511369E-06  0.924861E-05  0.000000E+00  0.150371E+01  0.150371E+01  0.150371E+01 -0.307755E-04  0.135396E+01  0.226345E+00  0.481089E-03
  0.138435E+02  0.177602E+01  0.286304E-01  0.502491E-06 -0.305739E-05  0.000000E+00  0.149126E+01  0.149126E+01  0.149126E+01 -0.305207E-04  0.134274E+01  0.224471E+00  0.474911E-03
  0.139074E+02  0.176131E+01  0.283934E-01  0.493765E-06  0.347024E-05  0.000000E+00  0.147891E+01  0.147891E+01  0.147891E+01 -0.302679E-04  0.133162E+01  0.222612E+00  0.468812E-03
  0.139716E+02  0.174673E+01  0.281583E-01  0.485192E-06  0.892660E-06  0.000000E+00  0.146667E+01  0.146667E+01  0.146667E+01 -0.300173E-04  0.132059E+01  0.220769E+00  0.462791E-03
  0.140361E+02  0.173225E+01  0.279249E-01  0.476763E-06  0.555106E-05  0.000000E+00  0.145451E+01  0.145451E+01  0.145451E+01 -0.297685E-04  0.130964E+01  0.218939E+00  0.456845E-03
  0.141009E+02  0.171791E+01  0.276938E-01  0.468486E-06  0.106375E-05  0.000000E+00  0.144247E+01  0.144247E+01  0.144247E+01 -0.295221E-04  0.129879E+01  0.217127E+00  0.450979E-03
  0.141660E+02  0.170368E+01  0.274644E-01  0.460350E-06 -0.110281E-05  0.000000E+00  0.143052E+01  0.143052E+01  0.143052E+01 -0.292775E-04  0.128802E+01  0.215328E+00  0.445186E-03
  0.142314E+02  0.168957E+01  0.272369E-01  0.452354E-06  0.630084E-05  0.000000E+00  0.141867E+01  0.141867E+01  0.141867E+01 -0.290350E-04  0.127735E+01  0.213544E+00  0.439466E-03
  0.142971E+02  0.167557E+01  0.270112E-01  0.444498E-06 -0.776899E-06  0.000000E+00  0.140692E+01  0.140692E+01  0.140692E+01 -0.287944E-04  0.126676E+01  0.211775E+00  0.433821E-03
  0.143631E+02  0.166169E+01  0.267874E-01  0.436777E-06  0.144882E-05  0.000000E+00  0.139526E+01  0.139526E+01  0.139526E+01 -0.285558E-04  0.125626E+01  0.210021E+00  0.428248E-03
  0.144293E+02  0.164791E+01  0.265654E-01  0.429189E-06  0.403471E-05  0.000000E+00  0.138369E+01  0.138369E+01  0.138369E+01 -0.283191E-04  0.124584E+01  0.208280E+00  0.422745E-03
  0.144960E+02  0.163426E+01  0.263453E-01  0.421735E-06  0.103050E-05  0.000000E+00  0.137223E+01  0.137223E+01  0.137223E+01 -0.280845E-04  0.123551E+01  0.206554E+00  0.417313E-03
  0.145629E+02  0.162072E+01  0.261270E-01  0.414409E-06  0.202616E-05  0.000000E+00  0.136086E+01  0.136086E+01  0.136086E+01 -0.278518E-04  0.122527E+01  0.204842E+00  0.411951E-03
  0.146301E+02  0.160728E+01  0.259104E-01  0.407210E-06  0.629385E-06  0.000000E+00  0.134958E+01  0.134958E+01  0.134958E+01 -0.276209E-04  0.121511E+01  0.203144E+00  0.406657E-03
  0.146976E+02  0.159396E+01  0.256957E-01  0.400135E-06  0.323133E-05  0.000000E+00  0.133839E+01  0.133839E+01  0.133839E+01 -0.273919E-04  0.120503E+01  0.201460E+00  0.401431E-03
  0.147655E+02  0.158074E+01  0.254827E-01  0.393183E-06  0.845987E-06  0.000000E+00  0.132729E+01  0.132729E+01  0.132729E+01 -0.271648E-04  0.119503E+01  0.199790E+00  0.396273E-03
  0.148336E+02  0.156762E+01  0.252711E-01  0.386346E-06  0.369732E-05  0.000000E+00  0.131627E+01  0.131627E+01  0.131627E+01 -0.269392E-04  0.118511E+01  0.198131E+00  0.391174E-03
  0.149021E+02  0.155462E+01  0.250615E-01  0.379634E-06 -0.739889E-06  0.000000E+00  0.130536E+01  0.130536E+01  0.130536E+01 -0.267159E-04  0.117527E+01  0.196488E+00  0.386146E-03
  0.149709E+02  0.154173E+01  0.248537E-01  0.373037E-06  0.152075E-05  0.000000E+00  0.129454E+01  0.129454E+01  0.129454E+01 -0.264943E-04  0.116552E+01  0.194859E+00  0.381183E-03
  0.150400E+02  0.152894E+01  0.246476E-01  0.366554E-06  0.400738E-05  0.000000E+00  0.128380E+01  0.128380E+01  0.128380E+01 -0.262746E-04  0.115585E+01  0.193243E+00  0.376282E-03
  0.151094E+02  0.151626E+01  0.244432E-01  0.360185E-06  0.661718E-06  0.000000E+00  0.127315E+01  0.127315E+01  0.127315E+01 -0.260566E-04  0.114626E+01  0.191640E+00  0.371445E-03
  0.151791E+02  0.150368E+01  0.242404E-01  0.353925E-06  0.410657E-06  0.000000E+00  0.126259E+01  0.126259E+01  0.126259E+01 -0.258405E-04  0.113675E+01  0.190050E+00  0.366669E-03
  0.152492E+02  0.149121E+01  0.240393E-01  0.347773E-06  0.613796E-05  0.000000E+00  0.125211E+01  0.125211E+01  0.125211E+01 -0.256261E-04  0.112731E+01  0.188474E+00  0.361955E-03
  0.153196E+02  0.147884E+01  0.238399E-01  0.341731E-06 -0.436656E-05  0.000000E+00  0.124173E+01  0.124173E+01  0.124173E+01 -0.254135E-04  0.111795E+01  0.186910E+00  0.357301E-03
  0.153903E+02  0.146657E+01  0.236422E-01  0.335790E-06  0.312651E-05  0.000000E+00  0.123143E+01  0.123143E+01  0.123143E+01 -0.252027E-04  0.110867E+01  0.185359E+00  0.352707E-03
  0.154613E+02  0.145440E+01  0.234461E-01  0.329955E-06  0.273581E-05  0.000000E+00  0.122121E+01  0.122121E+01  0.122121E+01 -0.249936E-04  0.109947E+01  0.183822E+00  0.348172E-03
  0.155327E+02  0.144233E+01  0.232515E-01  0.324219E-06  0.151414E-05  0.000000E+00  0.121107E+01  0.121107E+01  0.121107E+01 -0.247862E-04  0.109034E+01  0.182296E+00  0.343695E-03
  0.156044E+02  0.143036E+01  0.230585E-01  0.318583E-06 -0.212712E-05  0.000000E+00  0.120102E+01  0.120102E+01  0.120102E+01 -0.245805E-04  0.108129E+01  0.180783E+00  0.339274E-03
  0.156764E+02  0.141849E+01  0.228671E-01  0.313045E-06  0.561525E-05  0.000000E+00  0.119105E+01  0.119105E+01  0.119105E+01 -0.243764E-04  0.107231E+01  0.179283E+00  0.334911E-03
  0.157488E+02  0.140672E+01  0.226775E-01  0.307605E-06  0.346934E-05  0.000000E+00  0.118118E+01  0.118118E+01  0.118118E+01 -0.241743E-04  0.106341E+01  0.177796E+00  0.330606E-03
  0.158215E+02  0.139504E+01  0.224892E-01  0.302258E-06 -0.412632E-06  0.000000E+00  0.117137E+01  0.117137E+01  0.117137E+01 -0.239736E-04  0.105458E+01  0.176320E+00  0.326353E-03
  0.158945E+02  0.138346E+01  0.223026E-01  0.297003E-06  0.715702E-06  0.000000E+00  0.116164E+01  0.116164E+01  0.116164E+01 -0.237746E-04  0.104582E+01  0.174856E+00  0.322155E-03
  0.159679E+02  0.137198E+01  0.221174E-01  0.291839E-06  0.937294E-06  0.000000E+00  0.115200E+01  0.115200E+01  0.115200E+01 -0.235771E-04  0.103713E+01  0.173404E+00  0.318010E-03
  0.160416E+02  0.136058E+01  0.219337E-01  0.286763E-06  0.661095E-05  0.000000E+00  0.114243E+01  0.114243E+01  0.114243E+01 -0.233813E-04  0.102851E+01  0.171964E+00  0.313919E-03
  0.161156E+02  0.134928E+01  0.217516E-01  0.281778E-06  0.223366E-05  0.000000E+00  0.113294E+01  0.113294E+01  0.113294E+01 -0.231872E-04  0.101997E+01  0.170536E+00  0.309880E-03
  0.161900E+02  0.133808E+01  0.215709E-01  0.276878E-06 -0.653555E-06  0.000000E+00  0.112354E+01  0.112354E+01  0.112354E+01 -0.229946E-04  0.101149E+01  0.169120E+00  0.305893E-03
  0.162647E+02  0.132696E+01  0.213918E-01  0.272063E-06  0.475397E-06  0.000000E+00  0.111420E+01  0.111420E+01  0.111420E+01 -0.228036E-04  0.100309E+01  0.167715E+00  0.301957E-03
  0.163398E+02  0.131594E+01  0.212141E-01  0.267332E-06 -0.694202E-06  0.000000E+00  0.110495E+01  0.110495E+01  0.110495E+01 -0.226142E-04  0.994752E+00  0.166322E+00  0.298071E-03
  0.164152E+02  0.130501E+01  0.210378E-01  0.262682E-06  0.140349E-05  0.000000E+00  0.109577E+01  0.109577E+01  0.109577E+01 -0.224263E-04  0.986484E+00  0.164940E+00  0.294235E-03
  0.164910E+02  0.129417E+01  0.208631E-01  0.258113E-06  0.533911E-05  0.000000E+00  0.108666E+01  0.108666E+01  0.108666E+01 -0.222400E-04  0.978283E+00  0.163570E+00  0.290449E-03
  0.165671E+02  0.128341E+01  0.206897E-01  0.253624E-06  0.266641E-05  0.000000E+00  0.107764E+01  0.107764E+01  0.107764E+01 -0.220552E-04  0.970151E+00  0.162211E+00  0.286710E-03
  0.166436E+02  0.127275E+01  0.205179E-01  0.249214E-06  0.165371E-05  0.000000E+00  0.106868E+01  0.106868E+01  0.106868E+01 -0.218720E-04  0.962088E+00  0.160863E+00  0.283021E-03
  0.167204E+02  0.126217E+01  0.203474E-01  0.244878E-06  0.282412E-05  0.000000E+00  0.105980E+01  0.105980E+01  0.105980E+01 -0.216902E-04  0.954088E+00  0.159526E+00  0.279378E-03
  0.167976E+02  0.125168E+01  0.201783E-01  0.240619E-06  0.222936E-05  0.000000E+00  0.105099E+01  0.105099E+01  0.105099E+01 -0.215099E-04  0.946156E+00  0.158201E+00  0.275782E-03
  0.168751E+02  0.124128E+01  0.200106E-01  0.236434E-06 -0.930653E-06  0.000000E+00  0.104226E+01  0.104226E+01  0.104226E+01 -0.213312E-04  0.938288E+00  0.156886E+00  0.272232E-03
  0.169530E+02  0.123096E+01  0.198442E-01  0.232321E-06 -0.820871E-06  0.000000E+00  0.103359E+01  0.103359E+01  0.103359E+01 -0.211538E-04  0.930485E+00  0.155582E+00  0.268727E-03
  0.170313E+02  0.122073E+01  0.196793E-01  0.228279E-06  0.209112E-06  0.000000E+00  0.102500E+01  0.102500E+01  0.102500E+01 -0.209780E-04  0.922746E+00  0.154289E+00  0.265268E-03
  0.171099E+02  0.121058E+01  0.195157E-01  0.224307E-06 -0.857546E-08  0.000000E+00  0.101648E+01  0.101648E+01  0.101648E+01 -0.208036E-04  0.915070E+00  0.153006E+00  0.261852E-03
  0.171888E+02  0.120051E+01  0.193534E-01  0.220404E-06 -0.104471E-05  0.000000E+00  0.100803E+01  0.100803E+01  0.100803E+01 -0.206306E-04  0.907457E+00  0.151733E+00  0.258480E-03
  0.172682E+02  0.119053E+01  0.191925E-01  0.216570E-06 -0.181635E-05  0.000000E+00  0.999647E+00  0.999647E+00  0.999647E+00 -0.204590E-04  0.899909E+00  0.150472E+00  0.255152E-03
  0.173479E+02  0.118063E+01  0.190329E-01  0.212802E-06 -0.726881E-06  0.000000E+00  0.991335E+00  0.991335E+00  0.991335E+00 -0.202889E-04  0.892423E+00  0.149221E+00  0.251867E-03
  0.174280E+02  0.117082E+01  0.188747E-01  0.209099E-06  0.742330E-06  0.000000E+00  0.983092E+00  0.983092E+00  0.983092E+00 -0.201202E-04  0.884999E+00  0.147980E+00  0.248624E-03
  0.175084E+02  0.116108E+01  0.187177E-01  0.205460E-06  0.249593E-05  0.000000E+00  0.974914E+00  0.974914E+00  0.974914E+00 -0.199529E-04  0.877633E+00  0.146749E+00  0.245422E-03
  0.175892E+02  0.115142E+01  0.185620E-01  0.201885E-06  0.351192E-05  0.000000E+00  0.966806E+00  0.966806E+00  0.966806E+00 -0.197869E-04  0.870330E+00  0.145528E+00  0.242261E-03
  0.176704E+02  0.114184E+01  0.184076E-01  0.198372E-06  0.254197E-05  0.000000E+00  0.958763E+00  0.958763E+00  0.958763E+00 -0.196223E-04  0.863087E+00  0.144318E+00  0.239141E-03
  0.177520E+02  0.113234E+01  0.182545E-01  0.194919E-06  0.201354E-05  0.000000E+00  0.950786E+00  0.950786E+00  0.950786E+00 -0.194590E-04  0.855903E+00  0.143117E+00  0.236060E-03
  0.178339E+02  0.112292E+01  0.181026E-01  0.191527E-06  0.160132E-05  0.000000E+00  0.942877E+00  0.942877E+00  0.942877E+00 -0.192972E-04  0.848780E+00  0.141927E+00  0.233020E-03
  0.179162E+02  0.111358E+01  0.179520E-01  0.188194E-06 -0.590664E-06  0.000000E+00  0.935031E+00  0.935031E+00  0.935031E+00 -0.191366E-04  0.841713E+00  0.140746E+00  0.230018E-03
  0.179989E+02  0.110431E+01  0.178026E-01  0.184918E-06 -0.166852E-05  0.000000E+00  0.927250E+00  0.927250E+00  0.927250E+00 -0.189773E-04  0.834705E+00  0.139574E+00  0.227055E-03
  0.180820E+02  0.109512E+01  0.176545E-01  0.181700E-06 -0.136439E-05  0.000000E+00  0.919534E+00  0.919534E+00  0.919534E+00 -0.188194E-04  0.827756E+00  0.138413E+00  0.224130E-03
  0.181655E+02  0.108601E+01  0.175075E-01  0.178537E-06  0.460194E-06  0.000000E+00  0.911880E+00  0.911880E+00  0.911880E+00 -0.186628E-04  0.820863E+00  0.137261E+00  0.221242E-03
  0.182493E+02  0.107697E+01  0.173618E-01  0.175429E-06  0.320784E-05  0.000000E+00  0.904291E+00  0.904291E+00  0.904291E+00 -0.185074E-04  0.814028E+00  0.136118E+00  0.218392E-03
  0.183336E+02  0.106800E+01  0.172173E-01  0.172375E-06  0.212079E-05  0.000000E+00  0.896763E+00  0.896763E+00  0.896763E+00 -0.183534E-04  0.807248E+00  0.134985E+00  0.215577E-03
  0.184182E+02  0.105911E+01  0.170740E-01  0.169374E-06  0.302704E-06  0.000000E+00  0.889297E+00  0.889297E+00  0.889297E+00 -0.182006E-04  0.800525E+00  0.133861E+00  0.212800E-03
  0.185032E+02  0.105029E+01  0.169318E-01  0.166425E-06 -0.785020E-06  0.000000E+00  0.881894E+00  0.881894E+00  0.881894E+00 -0.180491E-04  0.793857E+00  0.132747E+00  0.210057E-03
  0.185886E+02  0.104155E+01  0.167909E-01  0.163528E-06  0.203587E-05  0.000000E+00  0.874551E+00  0.874551E+00  0.874551E+00 -0.178988E-04  0.787244E+00  0.131642E+00  0.207350E-03
  0.186744E+02  0.103293E+01  0.166522E-01  0.160692E-06  0.214949E-05  0.000000E+00  0.867317E+00  0.867317E+00  0.867317E+00 -0.177510E-04  0.780741E+00  0.130555E+00  0.204692E-03
  0.187606E+02  0.102433E+01  0.165136E-01  0.157895E-06 -0.716203E-06  0.000000E+00  0.860097E+00  0.860097E+00  0.860097E+00 -0.176032E-04  0.774238E+00  0.129468E+00  0.202055E-03
  0.188472E+02  0.101580E+01  0.163760E-01  0.155145E-06 -0.155068E-05  0.000000E+00  0.852931E+00  0.852931E+00  0.852931E+00 -0.174565E-04  0.767784E+00  0.128389E+00  0.199450E-03
  0.189342E+02  0.100734E+01  0.162396E-01  0.152443E-06  0.161980E-05  0.000000E+00  0.845826E+00  0.845826E+00  0.845826E+00 -0.173111E-04  0.761386E+00  0.127320E+00  0.196879E-03
  0.190216E+02  0.998949E+00  0.161044E-01  0.149789E-06 -0.758929E-06  0.000000E+00  0.838782E+00  0.838782E+00  0.838782E+00 -0.171670E-04  0.755042E+00  0.126259E+00  0.194341E-03
  0.191094E+02  0.990629E+00  0.159703E-01  0.147181E-06 -0.624416E-06  0.000000E+00  0.831796E+00  0.831796E+00  0.831796E+00 -0.170240E-04  0.748750E+00  0.125208E+00  0.191836E-03
  0.191976E+02  0.982375E+00  0.158372E-01  0.144617E-06  0.281618E-05  0.000000E+00  0.824865E+00  0.824865E+00  0.824865E+00 -0.168821E-04  0.742508E+00  0.124165E+00  0.189363E-03
  0.192862E+02  0.974191E+00  0.157053E-01  0.142099E-06  0.948066E-06  0.000000E+00  0.817994E+00  0.817994E+00  0.817994E+00 -0.167415E-04  0.736321E+00  0.123130E+00  0.186922E-03
  0.193752E+02  0.966078E+00  0.155745E-01  0.139625E-06  0.169195E-05  0.000000E+00  0.811181E+00  0.811181E+00  0.811181E+00 -0.166021E-04  0.730186E+00  0.122105E+00  0.184513E-03
  0.194647E+02  0.958029E+00  0.154448E-01  0.137193E-06  0.176593E-05  0.000000E+00  0.804422E+00  0.804422E+00  0.804422E+00 -0.164638E-04  0.724100E+00  0.121088E+00  0.182134E-03
  0.195545E+02  0.950045E+00  0.153161E-01  0.134804E-06 -0.168104E-05  0.000000E+00  0.797719E+00  0.797719E+00  0.797719E+00 -0.163266E-04  0.718063E+00  0.120079E+00  0.179785E-03
  0.196448E+02  0.942126E+00  0.151884E-01  0.132455E-06  0.189876E-05  0.000000E+00  0.791069E+00  0.791069E+00  0.791069E+00 -0.161905E-04  0.712074E+00  0.119078E+00  0.177467E-03
  0.197354E+02  0.934274E+00  0.150618E-01  0.130148E-06 -0.252481E-06  0.000000E+00  0.784476E+00  0.784476E+00  0.784476E+00 -0.160555E-04  0.706137E+00  0.118085E+00  0.175178E-03
  0.198265E+02  0.926502E+00  0.149366E-01  0.127884E-06  0.256295E-05  0.000000E+00  0.777951E+00  0.777951E+00  0.777951E+00 -0.159220E-04  0.700264E+00  0.117103E+00  0.172923E-03
  0.199180E+02  0.918779E+00  0.148121E-01  0.125656E-06 -0.262093E-06  0.000000E+00  0.771466E+00  0.771466E+00  0.771466E+00 -0.157893E-04  0.694424E+00  0.116127E+00  0.170693E-03
  0.200100E+02  0.911119E+00  0.146886E-01  0.123467E-06  0.853653E-06  0.000000E+00  0.765034E+00  0.765034E+00  0.765034E+00 -0.156577E-04  0.688632E+00  0.115159E+00  0.168491E-03
  0.201023E+02  0.903515E+00  0.145660E-01  0.121315E-06  0.610562E-07  0.000000E+00  0.758649E+00  0.758649E+00  0.758649E+00 -0.155270E-04  0.682881E+00  0.114198E+00  0.166316E-03
  0.201951E+02  0.895982E+00  0.144446E-01  0.119201E-06  0.239351E-05  0.000000E+00  0.752324E+00  0.752324E+00  0.752324E+00 -0.153975E-04  0.677184E+00  0.113246E+00  0.164171E-03
  0.202884E+02  0.888510E+00  0.143241E-01  0.117124E-06 -0.115582E-05  0.000000E+00  0.746050E+00  0.746050E+00  0.746050E+00 -0.152691E-04  0.671535E+00  0.112301E+00  0.162053E-03
  0.203820E+02  0.881100E+00  0.142047E-01  0.115083E-06  0.231315E-05  0.000000E+00  0.739828E+00  0.739828E+00  0.739828E+00 -0.151418E-04  0.665932E+00  0.111365E+00  0.159963E-03
  0.204761E+02  0.873751E+00  0.140862E-01  0.113078E-06  0.343328E-06  0.000000E+00  0.733658E+00  0.733658E+00  0.733658E+00 -0.150155E-04  0.660375E+00  0.110436E+00  0.157899E-03
  0.205706E+02  0.866464E+00  0.139687E-01  0.111108E-06  0.572186E-06  0.000000E+00  0.727539E+00  0.727539E+00  0.727539E+00 -0.148902E-04  0.654865E+00  0.109515E+00  0.155862E-03
  0.206655E+02  0.859238E+00  0.138522E-01  0.109172E-06  0.541506E-06  0.000000E+00  0.721471E+00  0.721471E+00  0.721471E+00 -0.147661E-04  0.649401E+00  0.108601E+00  0.153851E-03
  0.207609E+02  0.852070E+00  0.137367E-01  0.107270E-06 -0.233560E-06  0.000000E+00  0.715453E+00  0.715453E+00  0.715453E+00 -0.146429E-04  0.643982E+00  0.107696E+00  0.151866E-03
  0.208568E+02  0.844965E+00  0.136222E-01  0.105401E-06  0.935056E-06  0.000000E+00  0.709487E+00  0.709487E+00  0.709487E+00 -0.145208E-04  0.638610E+00  0.106798E+00  0.149907E-03
  0.209530E+02  0.837915E+00  0.135085E-01  0.103564E-06  0.952759E-06  0.000000E+00  0.703567E+00  0.703567E+00  0.703567E+00 -0.143996E-04  0.633279E+00  0.105907E+00  0.147973E-03
  0.210497E+02  0.830923E+00  0.133958E-01  0.101759E-06 -0.692636E-06  0.000000E+00  0.697697E+00  0.697697E+00  0.697697E+00 -0.142795E-04  0.627993E+00  0.105023E+00  0.146063E-03
  0.211469E+02  0.823987E+00  0.132840E-01  0.999849E-07  0.211194E-05  0.000000E+00  0.691872E+00  0.691872E+00  0.691872E+00 -0.141603E-04  0.622748E+00  0.104146E+00  0.144178E-03
  0.212445E+02  0.817109E+00  0.131731E-01  0.982421E-07  0.715035E-06  0.000000E+00  0.686097E+00  0.686097E+00  0.686097E+00 -0.140421E-04  0.617547E+00  0.103277E+00  0.142317E-03
  0.213426E+02  0.810290E+00  0.130632E-01  0.965299E-07 -0.664191E-06  0.000000E+00  0.680372E+00  0.680372E+00  0.680372E+00 -0.139249E-04  0.612392E+00  0.102415E+00  0.140480E-03
  0.214411E+02  0.803527E+00  0.129542E-01  0.948472E-07  0.912930E-06  0.000000E+00  0.674693E+00  0.674693E+00  0.674693E+00 -0.138087E-04  0.607278E+00  0.101560E+00  0.138667E-03
  0.215401E+02  0.796820E+00  0.128460E-01  0.931940E-07  0.168889E-05  0.000000E+00  0.669062E+00  0.669062E+00  0.669062E+00 -0.136934E-04  0.602208E+00  0.100712E+00  0.136877E-03
  0.216395E+02  0.790167E+00  0.127388E-01  0.915692E-07  0.724400E-06  0.000000E+00  0.663475E+00  0.663475E+00  0.663475E+00 -0.135791E-04  0.597177E+00  0.998715E-01  0.135110E-03
  0.217394E+02  0.783572E+00  0.126325E-01  0.899732E-07 -0.442454E-06  0.000000E+00  0.657937E+00  0.657937E+00  0.657937E+00 -0.134658E-04  0.592191E+00  0.990379E-01  0.133366E-03
  0.218397E+02  0.777029E+00  0.125270E-01  0.884046E-07 -0.843447E-06  0.000000E+00  0.652444E+00  0.652444E+00  0.652444E+00 -0.133533E-04  0.587244E+00  0.982110E-01  0.131644E-03
  0.219405E+02  0.770540E+00  0.124224E-01  0.868631E-07  0.968071E-06  0.000000E+00  0.646995E+00  0.646995E+00  0.646995E+00 -0.132418E-04  0.582337E+00  0.973907E-01  0.129944E-03
  0.220418E+02  0.764105E+00  0.123186E-01  0.853487E-07  0.723930E-06  0.000000E+00  0.641592E+00  0.641592E+00  0.641592E+00 -0.131312E-04  0.577472E+00  0.965774E-01  0.128267E-03
  0.221435E+02  0.757723E+00  0.122158E-01  0.838604E-07  0.231956E-05  0.000000E+00  0.636233E+00  0.636233E+00  0.636233E+00 -0.130215E-04  0.572647E+00  0.957707E-01  0.126610E-03
  0.222457E+02  0.751395E+00  0.121137E-01  0.823983E-07  0.954863E-06  0.000000E+00  0.630920E+00  0.630920E+00  0.630920E+00 -0.129128E-04  0.567862E+00  0.949709E-01  0.124976E-03
  0.223484E+02  0.745119E+00  0.120126E-01  0.809615E-07  0.165860E-06  0.000000E+00  0.625650E+00  0.625650E+00  0.625650E+00 -0.128049E-04  0.563117E+00  0.941776E-01  0.123362E-03
  0.224516E+02  0.738891E+00  0.119122E-01  0.795493E-07  0.424113E-06  0.000000E+00  0.620421E+00  0.620421E+00  0.620421E+00 -0.126979E-04  0.558408E+00  0.933904E-01  0.121768E-03
  0.225552E+02  0.732719E+00  0.118126E-01  0.781621E-07 -0.903075E-06  0.000000E+00  0.615238E+00  0.615238E+00  0.615238E+00 -0.125918E-04  0.553741E+00  0.926102E-01  0.120195E-03
  0.226593E+02  0.726600E+00  0.117140E-01  0.767995E-07 -0.657739E-06  0.000000E+00  0.610100E+00  0.610100E+00  0.610100E+00 -0.124867E-04  0.549115E+00  0.918369E-01  0.118644E-03
  0.227639E+02  0.720528E+00  0.116161E-01  0.754600E-07  0.107608E-06  0.000000E+00  0.605002E+00  0.605002E+00  0.605002E+00 -0.123823E-04  0.544525E+00  0.910695E-01  0.117111E-03
  0.228690E+02  0.714505E+00  0.115190E-01  0.741435E-07 -0.532640E-06  0.000000E+00  0.599944E+00  0.599944E+00  0.599944E+00 -0.122788E-04  0.539970E+00  0.903080E-01  0.115598E-03
  0.229745E+02  0.708533E+00  0.114227E-01  0.728503E-07 -0.122656E-05  0.000000E+00  0.594930E+00  0.594930E+00  0.594930E+00 -0.121762E-04  0.535455E+00  0.895532E-01  0.114105E-03
  0.230806E+02  0.702610E+00  0.113272E-01  0.715794E-07 -0.228287E-06  0.000000E+00  0.589956E+00  0.589956E+00  0.589956E+00 -0.120744E-04  0.530976E+00  0.888045E-01  0.112630E-03
  0.231871E+02  0.696737E+00  0.112326E-01  0.703309E-07  0.108295E-06  0.000000E+00  0.585025E+00  0.585025E+00  0.585025E+00 -0.119734E-04  0.526536E+00  0.880622E-01  0.111175E-03
  0.232941E+02  0.690913E+00  0.111387E-01  0.691040E-07  0.393216E-06  0.000000E+00  0.580135E+00  0.580135E+00  0.580135E+00 -0.118733E-04  0.522133E+00  0.873260E-01  0.109739E-03
  0.234017E+02  0.685136E+00  0.110455E-01  0.678984E-07  0.165700E-06  0.000000E+00  0.575284E+00  0.575284E+00  0.575284E+00 -0.117741E-04  0.517765E+00  0.865958E-01  0.108321E-03
  0.235097E+02  0.679408E+00  0.109532E-01  0.667140E-07  0.463090E-06  0.000000E+00  0.570475E+00  0.570475E+00  0.570475E+00 -0.116756E-04  0.513434E+00  0.858719E-01  0.106921E-03
  0.236182E+02  0.673727E+00  0.108616E-01  0.655500E-07  0.130804E-05  0.000000E+00  0.565705E+00  0.565705E+00  0.565705E+00 -0.115780E-04  0.509139E+00  0.851538E-01  0.105540E-03
  0.237272E+02  0.668094E+00  0.107708E-01  0.644065E-07  0.114537E-05  0.000000E+00  0.560975E+00  0.560975E+00  0.560975E+00 -0.114812E-04  0.504880E+00  0.844418E-01  0.104176E-03
  0.238367E+02  0.662508E+00  0.106807E-01  0.632828E-07  0.789418E-06  0.000000E+00  0.556284E+00  0.556284E+00  0.556284E+00 -0.113852E-04  0.500657E+00  0.837356E-01  0.102830E-03
  0.239468E+02  0.656968E+00  0.105914E-01  0.621788E-07 -0.174520E-06  0.000000E+00  0.551632E+00  0.551632E+00  0.551632E+00 -0.112900E-04  0.496468E+00  0.830354E-01  0.101501E-03
  0.240573E+02  0.651473E+00  0.105029E-01  0.610938E-07  0.525454E-06  0.000000E+00  0.547019E+00  0.547019E+00  0.547019E+00 -0.111956E-04  0.492314E+00  0.823409E-01  0.100189E-03
  0.241683E+02  0.646023E+00  0.104150E-01  0.600277E-07  0.104758E-05  0.000000E+00  0.542443E+00  0.542443E+00  0.542443E+00 -0.111019E-04  0.488194E+00  0.816521E-01  0.988940E-04
  0.242799E+02  0.640621E+00  0.103279E-01  0.589805E-07  0.801993E-06  0.000000E+00  0.537906E+00  0.537906E+00  0.537906E+00 -0.110091E-04  0.484110E+00  0.809693E-01  0.976160E-04
  0.243920E+02  0.635263E+00  0.102415E-01  0.579514E-07 -0.649363E-06  0.000000E+00  0.533407E+00  0.533407E+00  0.533407E+00 -0.109170E-04  0.480059E+00  0.802921E-01  0.963544E-04
  0.245046E+02  0.629949E+00  0.101559E-01  0.569402E-07 -0.166426E-07  0.000000E+00  0.528945E+00  0.528945E+00  0.528945E+00 -0.108257E-04  0.476042E+00  0.796204E-01  0.951090E-04
  0.246177E+02  0.624679E+00  0.100709E-01  0.559465E-07  0.856162E-06  0.000000E+00  0.524520E+00  0.524520E+00  0.524520E+00 -0.107351E-04  0.472058E+00  0.789543E-01  0.938796E-04
  0.247313E+02  0.619452E+00  0.998664E-02  0.549702E-07 -0.248583E-06  0.000000E+00  0.520132E+00  0.520132E+00  0.520132E+00 -0.106453E-04  0.468106E+00  0.782937E-01  0.926660E-04
  0.248454E+02  0.614269E+00  0.990310E-02  0.540109E-07  0.479050E-07  0.000000E+00  0.515780E+00  0.515780E+00  0.515780E+00 -0.105562E-04  0.464189E+00  0.776386E-01  0.914681E-04
  0.249601E+02  0.609129E+00  0.982023E-02  0.530683E-07  0.124972E-05  0.000000E+00  0.511464E+00  0.511464E+00  0.511464E+00 -0.104679E-04  0.460303E+00  0.769890E-01  0.902856E-04
  0.250753E+02  0.604031E+00  0.973803E-02  0.521420E-07 -0.634880E-07  0.000000E+00  0.507183E+00  0.507183E+00  0.507183E+00 -0.103803E-04  0.456448E+00  0.763445E-01  0.891182E-04
  0.251911E+02  0.598977E+00  0.965656E-02  0.512320E-07  0.102198E-05  0.000000E+00  0.502939E+00  0.502939E+00  0.502939E+00 -0.102934E-04  0.452628E+00  0.757057E-01  0.879662E-04
  0.253074E+02  0.593963E+00  0.957573E-02  0.503378E-07  0.979577E-06  0.000000E+00  0.498729E+00  0.498729E+00  0.498729E+00 -0.102072E-04  0.448837E+00  0.750720E-01  0.868287E-04
  0.254242E+02  0.588991E+00  0.949558E-02  0.494591E-07 -0.417594E-07  0.000000E+00  0.494555E+00  0.494555E+00  0.494555E+00 -0.101218E-04  0.445079E+00  0.744436E-01  0.857059E-04
  0.255415E+02  0.584060E+00  0.941609E-02  0.485958E-07  0.517832E-06  0.000000E+00  0.490415E+00  0.490415E+00  0.490415E+00 -0.100371E-04  0.441351E+00  0.738204E-01  0.845976E-04
  0.256594E+02  0.579171E+00  0.933728E-02  0.477476E-07 -0.620508E-06  0.000000E+00  0.486309E+00  0.486309E+00  0.486309E+00 -0.995305E-05  0.437655E+00  0.732025E-01  0.835037E-04
  0.257779E+02  0.574322E+00  0.925910E-02  0.469140E-07  0.987864E-06  0.000000E+00  0.482238E+00  0.482238E+00  0.482238E+00 -0.986972E-05  0.433990E+00  0.725896E-01  0.824237E-04
  0.258968E+02  0.569513E+00  0.918157E-02  0.460950E-07  0.308745E-06  0.000000E+00  0.478200E+00  0.478200E+00  0.478200E+00 -0.978707E-05  0.430354E+00  0.719817E-01  0.813577E-04
  0.260164E+02  0.564744E+00  0.910469E-02  0.452903E-07  0.832943E-06  0.000000E+00  0.474196E+00  0.474196E+00  0.474196E+00 -0.970512E-05  0.426749E+00  0.713790E-01  0.803055E-04
  0.261365E+02  0.560015E+00  0.902844E-02  0.444995E-07 -0.251630E-06  0.000000E+00  0.470224E+00  0.470224E+00  0.470224E+00 -0.962384E-05  0.423174E+00  0.707811E-01  0.792667E-04
  0.262571E+02  0.555325E+00  0.895285E-02  0.437227E-07 -0.208433E-06  0.000000E+00  0.466287E+00  0.466287E+00  0.466287E+00 -0.954326E-05  0.419629E+00  0.701885E-01  0.782415E-04
  0.263783E+02  0.550676E+00  0.887790E-02  0.429594E-07  0.111539E-05  0.000000E+00  0.462383E+00  0.462383E+00  0.462383E+00 -0.946336E-05  0.416114E+00  0.696008E-01  0.772297E-04
  0.265001E+02  0.546063E+00  0.880353E-02  0.422093E-07 -0.597394E-06  0.000000E+00  0.458509E+00  0.458509E+00  0.458509E+00 -0.938408E-05  0.412627E+00  0.690177E-01  0.762305E-04
  0.266224E+02  0.541489E+00  0.872980E-02  0.414723E-07  0.805872E-07  0.000000E+00  0.454669E+00  0.454669E+00  0.454669E+00 -0.930549E-05  0.409169E+00  0.684397E-01  0.752444E-04
  0.267453E+02  0.536952E+00  0.865666E-02  0.407480E-07  0.959708E-06  0.000000E+00  0.450860E+00  0.450860E+00  0.450860E+00 -0.922752E-05  0.405740E+00  0.678662E-01  0.742709E-04
  0.268687E+02  0.532454E+00  0.858414E-02  0.400365E-07 -0.623075E-06  0.000000E+00  0.447082E+00  0.447082E+00  0.447082E+00 -0.915021E-05  0.402339E+00  0.672976E-01  0.733100E-04
  0.269927E+02  0.527993E+00  0.851222E-02  0.393373E-07  0.102481E-06  0.000000E+00  0.443336E+00  0.443336E+00  0.443336E+00 -0.907355E-05  0.398967E+00  0.667337E-01  0.723614E-04
  0.271173E+02  0.523569E+00  0.844090E-02  0.386503E-07  0.108160E-05  0.000000E+00  0.439622E+00  0.439622E+00  0.439622E+00 -0.899752E-05  0.395623E+00  0.661746E-01  0.714252E-04
  0.272425E+02  0.519180E+00  0.837014E-02  0.379753E-07  0.105132E-06  0.000000E+00  0.435937E+00  0.435937E+00  0.435937E+00 -0.892210E-05  0.392305E+00  0.656199E-01  0.705007E-04
  0.273682E+02  0.514831E+00  0.830003E-02  0.373121E-07  0.175377E-06  0.000000E+00  0.432285E+00  0.432285E+00  0.432285E+00 -0.884736E-05  0.389017E+00  0.650701E-01  0.695887E-04
  0.274946E+02  0.510516E+00  0.823047E-02  0.366605E-07 -0.369176E-06  0.000000E+00  0.428662E+00  0.428662E+00  0.428662E+00 -0.877321E-05  0.385756E+00  0.645248E-01  0.686881E-04
  0.276215E+02  0.506237E+00  0.816148E-02  0.360201E-07  0.814986E-06  0.000000E+00  0.425069E+00  0.425069E+00  0.425069E+00 -0.869967E-05  0.382521E+00  0.639839E-01  0.677992E-04
  0.277490E+02  0.501993E+00  0.809307E-02  0.353910E-07  0.361933E-06  0.000000E+00  0.421506E+00  0.421506E+00  0.421506E+00 -0.862675E-05  0.379313E+00  0.634476E-01  0.669217E-04
  0.278770E+02  0.497785E+00  0.802523E-02  0.347727E-07  0.997771E-06  0.000000E+00  0.417972E+00  0.417972E+00  0.417972E+00 -0.855442E-05  0.376132E+00  0.629156E-01  0.660555E-04
  0.280057E+02  0.493612E+00  0.795795E-02  0.341653E-07  0.190535E-06  0.000000E+00  0.414468E+00  0.414468E+00  0.414468E+00 -0.848270E-05  0.372977E+00  0.623881E-01  0.652005E-04
  0.281350E+02  0.489473E+00  0.789123E-02  0.335685E-07  0.203436E-06  0.000000E+00  0.410993E+00  0.410993E+00  0.410993E+00 -0.841159E-05  0.369849E+00  0.618651E-01  0.643565E-04
  0.282649E+02  0.485370E+00  0.782508E-02  0.329821E-07 -0.159852E-06  0.000000E+00  0.407548E+00  0.407548E+00  0.407548E+00 -0.834107E-05  0.366747E+00  0.613464E-01  0.635235E-04
  0.283953E+02  0.481301E+00  0.775949E-02  0.324060E-07 -0.370426E-06  0.000000E+00  0.404131E+00  0.404131E+00  0.404131E+00 -0.827115E-05  0.363672E+00  0.608321E-01  0.627013E-04
  0.285264E+02  0.477265E+00  0.769443E-02  0.318400E-07  0.118889E-06  0.000000E+00  0.400743E+00  0.400743E+00  0.400743E+00 -0.820181E-05  0.360622E+00  0.603221E-01  0.618898E-04
  0.286581E+02  0.473264E+00  0.762992E-02  0.312838E-07 -0.422056E-06  0.000000E+00  0.397383E+00  0.397383E+00  0.397383E+00 -0.813304E-05  0.357597E+00  0.598164E-01  0.610887E-04
  0.287903E+02  0.469292E+00  0.756588E-02  0.307370E-07 -0.262650E-06  0.000000E+00  0.394048E+00  0.394048E+00  0.394048E+00 -0.806478E-05  0.354594E+00  0.593143E-01  0.602974E-04
  0.289232E+02  0.465358E+00  0.750248E-02  0.302001E-07  0.146366E-06  0.000000E+00  0.390745E+00  0.390745E+00  0.390745E+00 -0.799719E-05  0.351622E+00  0.588172E-01  0.595171E-04
  0.290567E+02  0.461455E+00  0.743956E-02  0.296725E-07  0.309013E-06  0.000000E+00  0.387467E+00  0.387467E+00  0.387467E+00 -0.793011E-05  0.348671E+00  0.583238E-01  0.587465E-04
  0.291909E+02  0.457584E+00  0.737715E-02  0.291540E-07  0.180487E-06  0.000000E+00  0.384217E+00  0.384217E+00  0.384217E+00 -0.786359E-05  0.345745E+00  0.578346E-01  0.579858E-04
  0.293256E+02  0.453745E+00  0.731526E-02  0.286445E-07  0.509019E-06  0.000000E+00  0.380994E+00  0.380994E+00  0.380994E+00 -0.779761E-05  0.342843E+00  0.573493E-01  0.572349E-04
  0.294610E+02  0.449938E+00  0.725388E-02  0.281440E-07  0.819397E-06  0.000000E+00  0.377797E+00  0.377797E+00  0.377797E+00 -0.773219E-05  0.339966E+00  0.568681E-01  0.564937E-04
  0.295969E+02  0.446163E+00  0.719303E-02  0.276522E-07  0.415058E-06  0.000000E+00  0.374627E+00  0.374627E+00  0.374627E+00 -0.766731E-05  0.337112E+00  0.563909E-01  0.557621E-04
  0.297335E+02  0.442419E+00  0.713267E-02  0.271689E-07 -0.226204E-06  0.000000E+00  0.371484E+00  0.371484E+00  0.371484E+00 -0.760298E-05  0.334282E+00  0.559177E-01  0.550400E-04
  0.298708E+02  0.438707E+00  0.707282E-02  0.266941E-07 -0.138090E-06  0.000000E+00  0.368367E+00  0.368367E+00  0.368367E+00 -0.753918E-05  0.331476E+00  0.554485E-01  0.543272E-04
  0.300087E+02  0.435025E+00  0.701346E-02  0.262276E-07  0.272991E-06  0.000000E+00  0.365275E+00  0.365275E+00  0.365275E+00 -0.747591E-05  0.328693E+00  0.549831E-01  0.536235E-04
  0.301472E+02  0.431372E+00  0.695457E-02  0.257691E-07  0.135672E-06  0.000000E+00  0.362208E+00  0.362208E+00  0.362208E+00 -0.741312E-05  0.325932E+00  0.545214E-01  0.529286E-04
  0.302863E+02  0.427753E+00  0.689623E-02  0.253188E-07 -0.297493E-06  0.000000E+00  0.359169E+00  0.359169E+00  0.359169E+00 -0.735094E-05  0.323197E+00  0.540640E-01  0.522433E-04
  0.304261E+02  0.424161E+00  0.683832E-02  0.248762E-07  0.217961E-06  0.000000E+00  0.356153E+00  0.356153E+00  0.356153E+00 -0.728921E-05  0.320482E+00  0.536100E-01  0.515664E-04
  0.305666E+02  0.420601E+00  0.678091E-02  0.244413E-07  0.392178E-06  0.000000E+00  0.353163E+00  0.353163E+00  0.353163E+00 -0.722802E-05  0.317790E+00  0.531599E-01  0.508984E-04
  0.307077E+02  0.417069E+00  0.672398E-02  0.240141E-07 -0.150044E-06  0.000000E+00  0.350198E+00  0.350198E+00  0.350198E+00 -0.716733E-05  0.315121E+00  0.527136E-01  0.502389E-04
  0.308494E+02  0.413571E+00  0.666759E-02  0.235945E-07  0.521088E-06  0.000000E+00  0.347260E+00  0.347260E+00  0.347260E+00 -0.710722E-05  0.312477E+00  0.522714E-01  0.495885E-04
  0.309918E+02  0.410098E+00  0.661159E-02  0.231820E-07 -0.526071E-07  0.000000E+00  0.344344E+00  0.344344E+00  0.344344E+00 -0.704753E-05  0.309852E+00  0.518324E-01  0.489459E-04
  0.311348E+02  0.406654E+00  0.655607E-02  0.227767E-07 -0.108719E-06  0.000000E+00  0.341453E+00  0.341453E+00  0.341453E+00 -0.698834E-05  0.307249E+00  0.513971E-01  0.483117E-04
  0.312786E+02  0.403239E+00  0.650101E-02  0.223785E-07  0.657227E-07  0.000000E+00  0.338585E+00  0.338585E+00  0.338585E+00 -0.692966E-05  0.304667E+00  0.509654E-01  0.476857E-04
  0.314229E+02  0.399852E+00  0.644641E-02  0.219873E-07 -0.222640E-06  0.000000E+00  0.335741E+00  0.335741E+00  0.335741E+00 -0.687145E-05  0.302107E+00  0.505373E-01  0.470677E-04
  0.315680E+02  0.396494E+00  0.639227E-02  0.216029E-07  0.226634E-06  0.000000E+00  0.332922E+00  0.332922E+00  0.332922E+00 -0.681374E-05  0.299569E+00  0.501129E-01  0.464578E-04
  0.317137E+02  0.393163E+00  0.633857E-02  0.212251E-07  0.298716E-06  0.000000E+00  0.330125E+00  0.330125E+00  0.330125E+00 -0.675650E-05  0.297051E+00  0.496919E-01  0.458557E-04
  0.318601E+02  0.389862E+00  0.628536E-02  0.208541E-07  0.352123E-06  0.000000E+00  0.327353E+00  0.327353E+00  0.327353E+00 -0.669978E-05  0.294557E+00  0.492747E-01  0.452617E-04
  0.320071E+02  0.386588E+00  0.623257E-02  0.204895E-07  0.508726E-06  0.000000E+00  0.324604E+00  0.324604E+00  0.324604E+00 -0.664351E-05  0.292082E+00  0.488608E-01  0.446751E-04
  0.321549E+02  0.383339E+00  0.618019E-02  0.201311E-07 -0.353871E-06  0.000000E+00  0.321876E+00  0.321876E+00  0.321876E+00 -0.658767E-05  0.289626E+00  0.484501E-01  0.440959E-04
  0.323033E+02  0.380114E+00  0.612818E-02  0.197788E-07  0.372868E-06  0.000000E+00  0.319168E+00  0.319168E+00  0.319168E+00 -0.653223E-05  0.287188E+00  0.480424E-01  0.435238E-04
  0.324524E+02  0.376919E+00  0.607667E-02  0.194329E-07  0.470398E-06  0.000000E+00  0.316486E+00  0.316486E+00  0.316486E+00 -0.647733E-05  0.284773E+00  0.476386E-01  0.429595E-04
  0.326022E+02  0.373746E+00  0.602549E-02  0.190927E-07 -0.334307E-06  0.000000E+00  0.313821E+00  0.313821E+00  0.313821E+00 -0.642277E-05  0.282374E+00  0.472373E-01  0.424018E-04
  0.327527E+02  0.370605E+00  0.597486E-02  0.187588E-07 -0.794827E-08  0.000000E+00  0.311184E+00  0.311184E+00  0.311184E+00 -0.636880E-05  0.280000E+00  0.468403E-01  0.418521E-04
  0.329039E+02  0.367491E+00  0.592465E-02  0.184307E-07  0.630289E-06  0.000000E+00  0.308569E+00  0.308569E+00  0.308569E+00 -0.631528E-05  0.277646E+00  0.464467E-01  0.413096E-04
  0.330557E+02  0.364403E+00  0.587486E-02  0.181084E-07  0.150379E-07  0.000000E+00  0.305976E+00  0.305976E+00  0.305976E+00 -0.626221E-05  0.275312E+00  0.460563E-01  0.407741E-04
  0.332083E+02  0.361341E+00  0.582550E-02  0.177917E-07 -0.115701E-06  0.000000E+00  0.303405E+00  0.303405E+00  0.303405E+00 -0.620959E-05  0.272998E+00  0.456693E-01  0.402456E-04
  0.333616E+02  0.358304E+00  0.577654E-02  0.174806E-07 -0.618797E-07  0.000000E+00  0.300855E+00  0.300855E+00  0.300855E+00 -0.615740E-05  0.270703E+00  0.452855E-01  0.397238E-04
  0.335156E+02  0.355292E+00  0.572799E-02  0.171748E-07  0.292081E-07  0.000000E+00  0.298326E+00  0.298326E+00  0.298326E+00 -0.610565E-05  0.268427E+00  0.449048E-01  0.392088E-04
  0.336703E+02  0.352305E+00  0.567983E-02  0.168744E-07  0.570047E-06  0.000000E+00  0.295818E+00  0.295818E+00  0.295818E+00 -0.605432E-05  0.266169E+00  0.445273E-01  0.387004E-04
  0.338257E+02  0.349343E+00  0.563209E-02  0.165793E-07  0.315938E-06  0.000000E+00  0.293331E+00  0.293331E+00  0.293331E+00 -0.600343E-05  0.263931E+00  0.441530E-01  0.381987E-04
  0.339818E+02  0.346406E+00  0.558474E-02  0.162893E-07  0.523364E-06  0.000000E+00  0.290865E+00  0.290865E+00  0.290865E+00 -0.595295E-05  0.261711E+00  0.437817E-01  0.377033E-04
  0.341387E+02  0.343494E+00  0.553778E-02  0.160043E-07  0.387729E-06  0.000000E+00  0.288419E+00  0.288419E+00  0.288419E+00 -0.590290E-05  0.259510E+00  0.434136E-01  0.372144E-04
  0.342963E+02  0.340605E+00  0.549122E-02  0.157243E-07  0.263947E-06  0.000000E+00  0.285994E+00  0.285994E+00  0.285994E+00 -0.585327E-05  0.257327E+00  0.430485E-01  0.367318E-04
  0.344546E+02  0.337741E+00  0.544503E-02  0.154492E-07  0.537940E-06  0.000000E+00  0.283589E+00  0.283589E+00  0.283589E+00 -0.580403E-05  0.255162E+00  0.426864E-01  0.362554E-04
  0.346136E+02  0.334900E+00  0.539924E-02  0.151789E-07  0.198667E-06  0.000000E+00  0.281204E+00  0.281204E+00  0.281204E+00 -0.575522E-05  0.253015E+00  0.423274E-01  0.357852E-04
  0.347734E+02  0.332084E+00  0.535383E-02  0.149134E-07  0.546454E-06  0.000000E+00  0.278839E+00  0.278839E+00  0.278839E+00 -0.570682E-05  0.250886E+00  0.419714E-01  0.353210E-04
  0.349339E+02  0.329290E+00  0.530880E-02  0.146524E-07  0.344653E-06  0.000000E+00  0.276493E+00  0.276493E+00  0.276493E+00 -0.565881E-05  0.248775E+00  0.416183E-01  0.348629E-04
  0.350951E+02  0.326520E+00  0.526414E-02  0.143961E-07 -0.217634E-07  0.000000E+00  0.274167E+00  0.274167E+00  0.274167E+00 -0.561121E-05  0.246682E+00  0.412682E-01  0.344107E-04
  0.352571E+02  0.323773E+00  0.521985E-02  0.141442E-07 -0.162224E-06  0.000000E+00  0.271861E+00  0.271861E+00  0.271861E+00 -0.556400E-05  0.244605E+00  0.409209E-01  0.339642E-04
  0.354199E+02  0.321049E+00  0.517594E-02  0.138967E-07  0.408313E-07  0.000000E+00  0.269574E+00  0.269574E+00  0.269574E+00 -0.551719E-05  0.242547E+00  0.405767E-01  0.335236E-04
  0.355833E+02  0.318348E+00  0.513239E-02  0.136535E-07  0.372203E-06  0.000000E+00  0.267306E+00  0.267306E+00  0.267306E+00 -0.547077E-05  0.240505E+00  0.402352E-01  0.330887E-04
  0.357476E+02  0.315669E+00  0.508919E-02  0.134145E-07  0.249809E-06  0.000000E+00  0.265056E+00  0.265056E+00  0.265056E+00 -0.542473E-05  0.238480E+00  0.398966E-01  0.326594E-04
  0.359126E+02  0.313013E+00  0.504637E-02  0.131798E-07 -0.222601E-06  0.000000E+00  0.262826E+00  0.262826E+00  0.262826E+00 -0.537908E-05  0.236473E+00  0.395609E-01  0.322357E-04
  0.360784E+02  0.310379E+00  0.500391E-02  0.129492E-07 -0.104754E-06  0.000000E+00  0.260614E+00  0.260614E+00  0.260614E+00 -0.533382E-05  0.234482E+00  0.392279E-01  0.318174E-04
  0.362449E+02  0.307766E+00  0.496179E-02  0.127225E-07  0.363622E-06  0.000000E+00  0.258420E+00  0.258420E+00  0.258420E+00 -0.528892E-05  0.232508E+00  0.388977E-01  0.314046E-04
  0.364122E+02  0.305176E+00  0.492002E-02  0.124998E-07  0.792532E-07  0.000000E+00  0.256245E+00  0.256245E+00  0.256245E+00 -0.524440E-05  0.230550E+00  0.385703E-01  0.309971E-04
  0.365803E+02  0.302606E+00  0.487858E-02  0.122810E-07  0.118673E-06  0.000000E+00  0.254087E+00  0.254087E+00  0.254087E+00 -0.520023E-05  0.228608E+00  0.382454E-01  0.305946E-04
  0.367491E+02  0.300058E+00  0.483751E-02  0.120660E-07  0.342830E-06  0.000000E+00  0.251948E+00  0.251948E+00  0.251948E+00 -0.515645E-05  0.226682E+00  0.379234E-01  0.301976E-04
  0.369187E+02  0.297533E+00  0.479679E-02  0.118549E-07 -0.198899E-07  0.000000E+00  0.249828E+00  0.249828E+00  0.249828E+00 -0.511305E-05  0.224774E+00  0.376042E-01  0.298057E-04
  0.370891E+02  0.295028E+00  0.475642E-02  0.116474E-07  0.356574E-06  0.000000E+00  0.247725E+00  0.247725E+00  0.247725E+00 -0.507001E-05  0.222881E+00  0.372876E-01  0.294189E-04
  0.372603E+02  0.292545E+00  0.471638E-02  0.114435E-07 -0.696604E-07  0.000000E+00  0.245639E+00  0.245639E+00  0.245639E+00 -0.502733E-05  0.221004E+00  0.369737E-01  0.290371E-04
  0.374323E+02  0.290082E+00  0.467668E-02  0.112432E-07  0.200033E-06  0.000000E+00  0.243572E+00  0.243572E+00  0.243572E+00 -0.498501E-05  0.219143E+00  0.366624E-01  0.286603E-04
  0.376051E+02  0.287640E+00  0.463732E-02  0.110464E-07 -0.157604E-06  0.000000E+00  0.241521E+00  0.241521E+00  0.241521E+00 -0.494306E-05  0.217298E+00  0.363538E-01  0.282884E-04
  0.377787E+02  0.285218E+00  0.459826E-02  0.108531E-07 -0.795601E-07  0.000000E+00  0.239487E+00  0.239487E+00  0.239487E+00 -0.490143E-05  0.215467E+00  0.360477E-01  0.279212E-04
  0.379531E+02  0.282816E+00  0.455954E-02  0.106630E-07  0.235030E-06  0.000000E+00  0.237471E+00  0.237471E+00  0.237471E+00 -0.486015E-05  0.213652E+00  0.357440E-01  0.275588E-04
  0.381282E+02  0.280433E+00  0.452111E-02  0.104763E-07  0.897759E-08  0.000000E+00  0.235469E+00  0.235469E+00  0.235469E+00 -0.481918E-05  0.211851E+00  0.354427E-01  0.272009E-04
  0.383042E+02  0.278070E+00  0.448302E-02  0.102929E-07  0.181390E-06  0.000000E+00  0.233486E+00  0.233486E+00  0.233486E+00 -0.477858E-05  0.210065E+00  0.351441E-01  0.268477E-04
  0.384810E+02  0.275734E+00  0.444537E-02  0.101129E-07  0.207748E-06  0.000000E+00  0.231524E+00  0.231524E+00  0.231524E+00 -0.473845E-05  0.208301E+00  0.348490E-01  0.264998E-04
  0.386587E+02  0.273411E+00  0.440793E-02  0.993586E-08  0.147086E-07  0.000000E+00  0.229573E+00  0.229573E+00  0.229573E+00 -0.469854E-05  0.206546E+00  0.345554E-01  0.261558E-04
  0.388371E+02  0.271110E+00  0.437083E-02  0.976198E-08  0.149019E-07  0.000000E+00  0.227641E+00  0.227641E+00  0.227641E+00 -0.465901E-05  0.204807E+00  0.342646E-01  0.258164E-04
  0.390164E+02  0.268826E+00  0.433401E-02  0.959104E-08 -0.322309E-07  0.000000E+00  0.225723E+00  0.225723E+00  0.225723E+00 -0.461975E-05  0.203081E+00  0.339759E-01  0.254812E-04
  0.391965E+02  0.266561E+00  0.429749E-02  0.942309E-08  0.169740E-06  0.000000E+00  0.223821E+00  0.223821E+00  0.223821E+00 -0.458083E-05  0.201369E+00  0.336896E-01  0.251503E-04
  0.393774E+02  0.264314E+00  0.426126E-02  0.925804E-08  0.328950E-06  0.000000E+00  0.221935E+00  0.221935E+00  0.221935E+00 -0.454221E-05  0.199671E+00  0.334055E-01  0.248236E-04
  0.395591E+02  0.262086E+00  0.422535E-02  0.909591E-08  0.185587E-06  0.000000E+00  0.220064E+00  0.220064E+00  0.220064E+00 -0.450393E-05  0.197988E+00  0.331240E-01  0.245013E-04
  0.397417E+02  0.259877E+00  0.418973E-02  0.893659E-08  0.308589E-06  0.000000E+00  0.218209E+00  0.218209E+00  0.218209E+00 -0.446596E-05  0.196318E+00  0.328447E-01  0.241830E-04
  0.399252E+02  0.257687E+00  0.415442E-02  0.878009E-08  0.128870E-06  0.000000E+00  0.216370E+00  0.216370E+00  0.216370E+00 -0.442832E-05  0.194663E+00  0.325679E-01  0.238690E-04
  0.401095E+02  0.255515E+00  0.411940E-02  0.862632E-08  0.288218E-06  0.000000E+00  0.214547E+00  0.214547E+00  0.214547E+00 -0.439100E-05  0.193022E+00  0.322934E-01  0.235590E-04
  0.402946E+02  0.253362E+00  0.408470E-02  0.847527E-08  0.186011E-06  0.000000E+00  0.212739E+00  0.212739E+00  0.212739E+00 -0.435400E-05  0.191395E+00  0.320213E-01  0.232531E-04
  0.404806E+02  0.251227E+00  0.405027E-02  0.832684E-08  0.290000E-06  0.000000E+00  0.210946E+00  0.210946E+00  0.210946E+00 -0.431731E-05  0.189781E+00  0.317514E-01  0.229511E-04
  0.406674E+02  0.249109E+00  0.401612E-02  0.818099E-08  0.260698E-06  0.000000E+00  0.209168E+00  0.209168E+00  0.209168E+00 -0.428091E-05  0.188181E+00  0.314837E-01  0.226530E-04
  0.408551E+02  0.247009E+00  0.398227E-02  0.803770E-08  0.278432E-07  0.000000E+00  0.207404E+00  0.207404E+00  0.207404E+00 -0.424482E-05  0.186594E+00  0.312182E-01  0.223587E-04
  0.410437E+02  0.244927E+00  0.394870E-02  0.789692E-08 -0.349930E-08  0.000000E+00  0.205656E+00  0.205656E+00  0.205656E+00 -0.420904E-05  0.185020E+00  0.309550E-01  0.220683E-04
  0.412332E+02  0.242861E+00  0.391540E-02  0.775859E-08 -0.212955E-07  0.000000E+00  0.203922E+00  0.203922E+00  0.203922E+00 -0.417355E-05  0.183459E+00  0.306940E-01  0.217816E-04
  0.414235E+02  0.240814E+00  0.388239E-02  0.762269E-08  0.812509E-07  0.000000E+00  0.202203E+00  0.202203E+00  0.202203E+00 -0.413836E-05  0.181912E+00  0.304352E-01  0.214987E-04
  0.416147E+02  0.238784E+00  0.384966E-02  0.748917E-08  0.166401E-06  0.000000E+00  0.200498E+00  0.200498E+00  0.200498E+00 -0.410348E-05  0.180378E+00  0.301786E-01  0.212194E-04
  0.418068E+02  0.236770E+00  0.381719E-02  0.735796E-08  0.177395E-07  0.000000E+00  0.198807E+00  0.198807E+00  0.198807E+00 -0.406886E-05  0.178856E+00  0.299240E-01  0.209437E-04
  0.419998E+02  0.234773E+00  0.378499E-02  0.722905E-08  0.139722E-06  0.000000E+00  0.197130E+00  0.197130E+00  0.197130E+00 -0.403454E-05  0.177347E+00  0.296716E-01  0.206715E-04
  0.421936E+02  0.232793E+00  0.375308E-02  0.710242E-08  0.213093E-06  0.000000E+00  0.195468E+00  0.195468E+00  0.195468E+00 -0.400053E-05  0.175851E+00  0.294214E-01  0.204030E-04
  0.423884E+02  0.230831E+00  0.372145E-02  0.697804E-08 -0.102969E-06  0.000000E+00  0.193820E+00  0.193820E+00  0.193820E+00 -0.396681E-05  0.174369E+00  0.291734E-01  0.201380E-04
  0.425840E+02  0.228882E+00  0.369002E-02  0.685571E-08  0.123248E-06  0.000000E+00  0.192184E+00  0.192184E+00  0.192184E+00 -0.393331E-05  0.172896E+00  0.289270E-01  0.198761E-04
  0.427806E+02  0.226951E+00  0.365888E-02  0.673557E-08 -0.139249E-06  0.000000E+00  0.190562E+00  0.190562E+00  0.190562E+00 -0.390012E-05  0.171436E+00  0.286828E-01  0.196178E-04
  0.429781E+02  0.225037E+00  0.362802E-02  0.661758E-08  0.913958E-07  0.000000E+00  0.188955E+00  0.188955E+00  0.188955E+00 -0.386723E-05  0.169990E+00  0.284409E-01  0.193629E-04
  0.431764E+02  0.223139E+00  0.359743E-02  0.650166E-08 -0.134425E-06  0.000000E+00  0.187362E+00  0.187362E+00  0.187362E+00 -0.383462E-05  0.168556E+00  0.282011E-01  0.191114E-04
  0.433757E+02  0.221255E+00  0.356705E-02  0.638769E-08  0.162634E-06  0.000000E+00  0.185780E+00  0.185780E+00  0.185780E+00 -0.380224E-05  0.167132E+00  0.279630E-01  0.188629E-04
  0.435759E+02  0.219389E+00  0.353696E-02  0.627577E-08  0.233793E-07  0.000000E+00  0.184213E+00  0.184213E+00  0.184213E+00 -0.377017E-05  0.165722E+00  0.277270E-01  0.186178E-04
  0.437771E+02  0.217536E+00  0.350709E-02  0.616576E-08  0.108479E-06  0.000000E+00  0.182658E+00  0.182658E+00  0.182658E+00 -0.373833E-05  0.164322E+00  0.274929E-01  0.183757E-04
  0.439791E+02  0.215698E+00  0.347744E-02  0.605761E-08  0.251555E-06  0.000000E+00  0.181114E+00  0.181114E+00  0.181114E+00 -0.370673E-05  0.162933E+00  0.272604E-01  0.181366E-04
  0.441821E+02  0.213881E+00  0.344816E-02  0.595157E-08  0.160016E-07  0.000000E+00  0.179588E+00  0.179588E+00  0.179588E+00 -0.367552E-05  0.161560E+00  0.270309E-01  0.179012E-04
  0.443861E+02  0.212078E+00  0.341911E-02  0.584736E-08 -0.116333E-06  0.000000E+00  0.178075E+00  0.178075E+00  0.178075E+00 -0.364455E-05  0.160198E+00  0.268031E-01  0.176687E-04
  0.445910E+02  0.210286E+00  0.339021E-02  0.574481E-08  0.375053E-07  0.000000E+00  0.176570E+00  0.176570E+00  0.176570E+00 -0.361374E-05  0.158844E+00  0.265765E-01  0.174388E-04
  0.447968E+02  0.208513E+00  0.336162E-02  0.564417E-08  0.258518E-06  0.000000E+00  0.175081E+00  0.175081E+00  0.175081E+00 -0.358327E-05  0.157504E+00  0.263524E-01  0.172123E-04
  0.450035E+02  0.206753E+00  0.333324E-02  0.554525E-08  0.153965E-06  0.000000E+00  0.173603E+00  0.173603E+00  0.173603E+00 -0.355302E-05  0.156174E+00  0.261299E-01  0.169885E-04
  0.452113E+02  0.205006E+00  0.330508E-02  0.544801E-08  0.531329E-07  0.000000E+00  0.172136E+00  0.172136E+00  0.172136E+00 -0.352300E-05  0.154854E+00  0.259091E-01  0.167675E-04
  0.454200E+02  0.203275E+00  0.327717E-02  0.535252E-08  0.131347E-06  0.000000E+00  0.170683E+00  0.170683E+00  0.170683E+00 -0.349326E-05  0.153546E+00  0.256903E-01  0.165495E-04
  0.456296E+02  0.201558E+00  0.324949E-02  0.525868E-08 -0.623073E-07  0.000000E+00  0.169241E+00  0.169241E+00  0.169241E+00 -0.346375E-05  0.152249E+00  0.254733E-01  0.163343E-04
  0.458402E+02  0.199858E+00  0.322208E-02  0.516654E-08  0.802496E-07  0.000000E+00  0.167813E+00  0.167813E+00  0.167813E+00 -0.343453E-05  0.150964E+00  0.252583E-01  0.161220E-04
  0.460518E+02  0.198168E+00  0.319482E-02  0.507590E-08  0.245498E-08  0.000000E+00  0.166395E+00  0.166395E+00  0.166395E+00 -0.340548E-05  0.149687E+00  0.250447E-01  0.159122E-04
  0.462644E+02  0.196496E+00  0.316787E-02  0.498696E-08  0.153842E-06  0.000000E+00  0.164990E+00  0.164990E+00  0.164990E+00 -0.337675E-05  0.148423E+00  0.248334E-01  0.157054E-04
  0.464779E+02  0.194837E+00  0.314112E-02  0.489955E-08  0.776609E-07  0.000000E+00  0.163597E+00  0.163597E+00  0.163597E+00 -0.334824E-05  0.147170E+00  0.246237E-01  0.155012E-04
  0.466925E+02  0.193192E+00  0.311461E-02  0.481368E-08  0.212411E-06  0.000000E+00  0.162217E+00  0.162217E+00  0.162217E+00 -0.331998E-05  0.145927E+00  0.244158E-01  0.152997E-04
  0.469080E+02  0.191559E+00  0.308828E-02  0.472925E-08  0.208611E-07  0.000000E+00  0.160845E+00  0.160845E+00  0.160845E+00 -0.329191E-05  0.144693E+00  0.242094E-01  0.151006E-04
  0.471245E+02  0.189942E+00  0.306222E-02  0.464638E-08 -0.108094E-06  0.000000E+00  0.159488E+00  0.159488E+00  0.159488E+00 -0.326414E-05  0.143472E+00  0.240051E-01  0.149043E-04
  0.473420E+02  0.188336E+00  0.303631E-02  0.456486E-08  0.126654E-06  0.000000E+00  0.158139E+00  0.158139E+00  0.158139E+00 -0.323653E-05  0.142258E+00  0.238020E-01  0.147103E-04
  0.475605E+02  0.186747E+00  0.301069E-02  0.448487E-08  0.145506E-06  0.000000E+00  0.156805E+00  0.156805E+00  0.156805E+00 -0.320922E-05  0.141057E+00  0.236011E-01  0.145191E-04
  0.477801E+02  0.185169E+00  0.298525E-02  0.440623E-08 -0.125785E-06  0.000000E+00  0.155480E+00  0.155480E+00  0.155480E+00 -0.318210E-05  0.139865E+00  0.234017E-01  0.143302E-04
  0.480006E+02  0.183602E+00  0.295999E-02  0.432891E-08  0.324907E-07  0.000000E+00  0.154164E+00  0.154164E+00  0.154164E+00 -0.315517E-05  0.138681E+00  0.232036E-01  0.141436E-04
  0.482222E+02  0.182051E+00  0.293498E-02  0.425300E-08  0.380806E-07  0.000000E+00  0.152862E+00  0.152862E+00  0.152862E+00 -0.312851E-05  0.137509E+00  0.230075E-01  0.139597E-04
  0.484448E+02  0.180513E+00  0.291018E-02  0.417842E-08  0.440769E-07  0.000000E+00  0.151570E+00  0.151570E+00  0.151570E+00 -0.310208E-05  0.136347E+00  0.228131E-01  0.137781E-04
  0.486684E+02  0.178990E+00  0.288563E-02  0.410522E-08  0.117295E-06  0.000000E+00  0.150292E+00  0.150292E+00  0.150292E+00 -0.307592E-05  0.135196E+00  0.226207E-01  0.135991E-04
  0.488930E+02  0.177476E+00  0.286121E-02  0.403318E-08  0.116756E-06  0.000000E+00  0.149020E+00  0.149020E+00  0.149020E+00 -0.304988E-05  0.134052E+00  0.224292E-01  0.134220E-04
  0.491187E+02  0.175977E+00  0.283704E-02  0.396248E-08  0.668200E-07  0.000000E+00  0.147761E+00  0.147761E+00  0.147761E+00 -0.302412E-05  0.132919E+00  0.222397E-01  0.132474E-04
  0.493454E+02  0.174489E+00  0.281305E-02  0.389297E-08  0.199551E-06  0.000000E+00  0.146512E+00  0.146512E+00  0.146512E+00 -0.299855E-05  0.131795E+00  0.220516E-01  0.130750E-04
  0.495732E+02  0.173016E+00  0.278932E-02  0.382475E-08  0.729330E-09  0.000000E+00  0.145275E+00  0.145275E+00  0.145275E+00 -0.297325E-05  0.130683E+00  0.218655E-01  0.129051E-04
  0.498020E+02  0.171553E+00  0.276572E-02  0.375765E-08  0.552376E-07  0.000000E+00  0.144047E+00  0.144047E+00  0.144047E+00 -0.294810E-05  0.129577E+00  0.216805E-01  0.127371E-04
  0.500319E+02  0.170104E+00  0.274237E-02  0.369178E-08  0.106560E-06  0.000000E+00  0.142830E+00  0.142830E+00  0.142830E+00 -0.292321E-05  0.128482E+00  0.214974E-01  0.125715E-04
  0.502628E+02  0.168665E+00  0.271916E-02  0.362700E-08  0.160448E-07  0.000000E+00  0.141622E+00  0.141622E+00  0.141622E+00 -0.289847E-05  0.127395E+00  0.213155E-01  0.124078E-04
  0.504948E+02  0.167238E+00  0.269615E-02  0.356336E-08 -0.137942E-07  0.000000E+00  0.140424E+00  0.140424E+00  0.140424E+00 -0.287395E-05  0.126317E+00  0.211351E-01  0.122463E-04
  0.507279E+02  0.165826E+00  0.267340E-02  0.350092E-08 -0.998931E-08  0.000000E+00  0.139238E+00  0.139238E+00  0.139238E+00 -0.284970E-05  0.125250E+00  0.209568E-01  0.120871E-04
  0.509620E+02  0.164423E+00  0.265077E-02  0.343948E-08 -0.214853E-07  0.000000E+00  0.138060E+00  0.138060E+00  0.138060E+00 -0.282558E-05  0.124190E+00  0.207794E-01  0.119297E-04
  0.511973E+02  0.163032E+00  0.262835E-02  0.337914E-08 -0.464269E-07  0.000000E+00  0.136892E+00  0.136892E+00  0.136892E+00 -0.280168E-05  0.123139E+00  0.206036E-01  0.117744E-04
  0.514336E+02  0.161656E+00  0.260617E-02  0.331993E-08  0.396623E-07  0.000000E+00  0.135737E+00  0.135737E+00  0.135737E+00 -0.277804E-05  0.122100E+00  0.204297E-01  0.116214E-04
  0.516710E+02  0.160284E+00  0.258403E-02  0.326156E-08 -0.260133E-07  0.000000E+00  0.134585E+00  0.134585E+00  0.134585E+00 -0.275445E-05  0.121062E+00  0.202561E-01  0.114697E-04
  0.519095E+02  0.158929E+00  0.256219E-02  0.320436E-08 -0.238671E-07  0.000000E+00  0.133447E+00  0.133447E+00  0.133447E+00 -0.273116E-05  0.120039E+00  0.200849E-01  0.113204E-04
  0.521491E+02  0.157586E+00  0.254053E-02  0.314815E-08 -0.606951E-07  0.000000E+00  0.132319E+00  0.132319E+00  0.132319E+00 -0.270807E-05  0.119023E+00  0.199150E-01  0.111731E-04
  0.523898E+02  0.156252E+00  0.251901E-02  0.309289E-08 -0.618895E-08  0.000000E+00  0.131199E+00  0.131199E+00  0.131199E+00 -0.268514E-05  0.118015E+00  0.197464E-01  0.110276E-04
  0.526316E+02  0.154931E+00  0.249774E-02  0.303867E-08  0.580754E-07  0.000000E+00  0.130090E+00  0.130090E+00  0.130090E+00 -0.266246E-05  0.117018E+00  0.195796E-01  0.108842E-04
  0.528746E+02  0.153622E+00  0.247664E-02  0.298540E-08  0.143324E-06  0.000000E+00  0.128991E+00  0.128991E+00  0.128991E+00 -0.263997E-05  0.116030E+00  0.194142E-01  0.107426E-04
  0.531186E+02  0.152322E+00  0.245567E-02  0.293300E-08 -0.539394E-07  0.000000E+00  0.127899E+00  0.127899E+00  0.127899E+00 -0.261763E-05  0.115047E+00  0.192498E-01  0.106027E-04
  0.533638E+02  0.151032E+00  0.243486E-02  0.288150E-08  0.122349E-07  0.000000E+00  0.126816E+00  0.126816E+00  0.126816E+00 -0.259545E-05  0.114072E+00  0.190866E-01  0.104645E-04
  0.536101E+02  0.149756E+00  0.241431E-02  0.283100E-08  0.146671E-06  0.000000E+00  0.125745E+00  0.125745E+00  0.125745E+00 -0.257354E-05  0.113109E+00  0.189255E-01  0.103285E-04
  0.538576E+02  0.148485E+00  0.239379E-02  0.278122E-08 -0.431072E-07  0.000000E+00  0.124678E+00  0.124678E+00  0.124678E+00 -0.255167E-05  0.112147E+00  0.187647E-01  0.101937E-04
  0.541062E+02  0.147229E+00  0.237353E-02  0.273242E-08  0.455444E-07  0.000000E+00  0.123623E+00  0.123623E+00  0.123623E+00 -0.253008E-05  0.111198E+00  0.186059E-01  0.100609E-04
  0.543559E+02  0.145984E+00  0.235347E-02  0.268450E-08 -0.623753E-07  0.000000E+00  0.122577E+00  0.122577E+00  0.122577E+00 -0.250869E-05  0.110258E+00  0.184485E-01  0.993004E-05
  0.546068E+02  0.144748E+00  0.233355E-02  0.263738E-08  0.969362E-07  0.000000E+00  0.121540E+00  0.121540E+00  0.121540E+00 -0.248746E-05  0.109324E+00  0.182924E-01  0.980072E-05
  0.548589E+02  0.143526E+00  0.231385E-02  0.259116E-08 -0.103957E-07  0.000000E+00  0.120514E+00  0.120514E+00  0.120514E+00 -0.246646E-05  0.108401E+00  0.181379E-01  0.967332E-05
  0.551121E+02  0.142312E+00  0.229427E-02  0.254570E-08  0.905655E-07  0.000000E+00  0.119494E+00  0.119494E+00  0.119494E+00 -0.244560E-05  0.107484E+00  0.179845E-01  0.954739E-05
  0.553665E+02  0.141107E+00  0.227485E-02  0.250102E-08  0.846652E-07  0.000000E+00  0.118483E+00  0.118483E+00  0.118483E+00 -0.242490E-05  0.106574E+00  0.178322E-01  0.942306E-05
  0.556220E+02  0.139913E+00  0.225560E-02  0.245713E-08 -0.151264E-07  0.000000E+00  0.117480E+00  0.117480E+00  0.117480E+00 -0.240437E-05  0.105672E+00  0.176812E-01  0.930034E-05
  0.558788E+02  0.138728E+00  0.223650E-02  0.241400E-08 -0.919628E-10  0.000000E+00  0.116485E+00  0.116485E+00  0.116485E+00 -0.238402E-05  0.104777E+00  0.175315E-01  0.917921E-05
  0.561367E+02  0.137554E+00  0.221757E-02  0.237164E-08  0.488337E-07  0.000000E+00  0.115499E+00  0.115499E+00  0.115499E+00 -0.236384E-05  0.103890E+00  0.173831E-01  0.905968E-05
  0.563958E+02  0.136389E+00  0.219878E-02  0.233000E-08  0.563796E-07  0.000000E+00  0.114521E+00  0.114521E+00  0.114521E+00 -0.234382E-05  0.103009E+00  0.172358E-01  0.894165E-05
  0.566561E+02  0.135236E+00  0.218019E-02  0.228913E-08  0.700856E-07  0.000000E+00  0.113552E+00  0.113552E+00  0.113552E+00 -0.232400E-05  0.102138E+00  0.170901E-01  0.882528E-05
  0.569176E+02  0.134089E+00  0.216171E-02  0.224892E-08  0.809252E-07  0.000000E+00  0.112590E+00  0.112590E+00  0.112590E+00 -0.230430E-05  0.101272E+00  0.169452E-01  0.871024E-05
  0.571803E+02  0.132954E+00  0.214340E-02  0.220945E-08  0.188145E-07  0.000000E+00  0.111637E+00  0.111637E+00  0.111637E+00 -0.228479E-05  0.100414E+00  0.168016E-01  0.859678E-05
  0.574443E+02  0.131828E+00  0.212525E-02  0.217067E-08  0.297950E-07  0.000000E+00  0.110691E+00  0.110691E+00  0.110691E+00 -0.226544E-05  0.995637E-01  0.166593E-01  0.848480E-05
  0.577094E+02  0.130712E+00  0.210725E-02  0.213256E-08  0.899389E-07  0.000000E+00  0.109754E+00  0.109754E+00  0.109754E+00 -0.224626E-05  0.987203E-01  0.165182E-01  0.837427E-05
  0.579758E+02  0.129605E+00  0.208940E-02  0.209513E-08  0.469026E-07  0.000000E+00  0.108825E+00  0.108825E+00  0.108825E+00 -0.222723E-05  0.978840E-01  0.163783E-01  0.826518E-05
  0.582434E+02  0.128508E+00  0.207173E-02  0.205837E-08  0.926330E-07  0.000000E+00  0.107904E+00  0.107904E+00  0.107904E+00 -0.220839E-05  0.970558E-01  0.162397E-01  0.815759E-05
  0.585122E+02  0.127420E+00  0.205418E-02  0.202223E-08 -0.402477E-07  0.000000E+00  0.106990E+00  0.106990E+00  0.106990E+00 -0.218969E-05  0.962335E-01  0.161022E-01  0.805131E-05
  0.587823E+02  0.126341E+00  0.203678E-02  0.198673E-08  0.403504E-07  0.000000E+00  0.106084E+00  0.106084E+00  0.106084E+00 -0.217114E-05  0.954181E-01  0.159657E-01  0.794642E-05
  0.590537E+02  0.125271E+00  0.201952E-02  0.195185E-08  0.684692E-07  0.000000E+00  0.105185E+00  0.105185E+00  0.105185E+00 -0.215275E-05  0.946097E-01  0.158305E-01  0.784289E-05
  0.593262E+02  0.124209E+00  0.200241E-02  0.191758E-08 -0.195596E-07  0.000000E+00  0.104294E+00  0.104294E+00  0.104294E+00 -0.213451E-05  0.938079E-01  0.156963E-01  0.774069E-05
  0.596001E+02  0.123157E+00  0.198544E-02  0.188391E-08  0.513469E-07  0.000000E+00  0.103410E+00  0.103410E+00  0.103410E+00 -0.211643E-05  0.930128E-01  0.155633E-01  0.763982E-05
  0.598752E+02  0.122113E+00  0.196862E-02  0.185083E-08  0.389698E-07  0.000000E+00  0.102534E+00  0.102534E+00  0.102534E+00 -0.209849E-05  0.922243E-01  0.154314E-01  0.754025E-05
  0.601515E+02  0.121079E+00  0.195193E-02  0.181833E-08 -0.471466E-08  0.000000E+00  0.101665E+00  0.101665E+00  0.101665E+00 -0.208071E-05  0.914426E-01  0.153006E-01  0.744198E-05
  0.604292E+02  0.120053E+00  0.193539E-02  0.178640E-08 -0.205595E-08  0.000000E+00  0.100804E+00  0.100804E+00  0.100804E+00 -0.206308E-05  0.906676E-01  0.151709E-01  0.734501E-05
  0.607081E+02  0.119035E+00  0.191899E-02  0.175503E-08  0.531750E-07  0.000000E+00  0.999497E-01  0.999497E-01  0.999497E-01 -0.204560E-05  0.898990E-01  0.150423E-01  0.724928E-05
  0.609883E+02  0.118026E+00  0.190272E-02  0.172421E-08 -0.478288E-08  0.000000E+00  0.991026E-01  0.991026E-01  0.991026E-01 -0.202826E-05  0.891368E-01  0.149148E-01  0.715479E-05
  0.612698E+02  0.117026E+00  0.188660E-02  0.169393E-08  0.468286E-07  0.000000E+00  0.982628E-01  0.982628E-01  0.982628E-01 -0.201107E-05  0.883812E-01  0.147884E-01  0.706155E-05
  0.615527E+02  0.116035E+00  0.187062E-02  0.166420E-08  0.959826E-07  0.000000E+00  0.974305E-01  0.974305E-01  0.974305E-01 -0.199404E-05  0.876326E-01  0.146631E-01  0.696957E-05
  0.618368E+02  0.115052E+00  0.185477E-02  0.163497E-08  0.328688E-07  0.000000E+00  0.966048E-01  0.966048E-01  0.966048E-01 -0.197714E-05  0.868897E-01  0.145388E-01  0.687873E-05
  0.621222E+02  0.114077E+00  0.183906E-02  0.160627E-08 -0.197123E-07  0.000000E+00  0.957865E-01  0.957865E-01  0.957865E-01 -0.196040E-05  0.861536E-01  0.144156E-01  0.678912E-05
  0.624089E+02  0.113110E+00  0.182346E-02  0.157806E-08 -0.435759E-07  0.000000E+00  0.949745E-01  0.949745E-01  0.949745E-01 -0.194378E-05  0.854231E-01  0.142934E-01  0.670062E-05
  0.626970E+02  0.112151E+00  0.180801E-02  0.155035E-08 -0.360098E-07  0.000000E+00  0.941695E-01  0.941695E-01  0.941695E-01 -0.192730E-05  0.846988E-01  0.141722E-01  0.661328E-05
  0.629864E+02  0.111200E+00  0.179267E-02  0.152311E-08 -0.989315E-08  0.000000E+00  0.933708E-01  0.933708E-01  0.933708E-01 -0.191095E-05  0.839801E-01  0.140520E-01  0.652704E-05
  0.632771E+02  0.110257E+00  0.177745E-02  0.149634E-08 -0.134832E-07  0.000000E+00  0.925785E-01  0.925785E-01  0.925785E-01 -0.189473E-05  0.832670E-01  0.139326E-01  0.644189E-05
  0.635692E+02  0.109321E+00  0.176235E-02  0.147004E-08 -0.437810E-07  0.000000E+00  0.917927E-01  0.917927E-01  0.917927E-01 -0.187865E-05  0.825599E-01  0.138143E-01  0.635783E-05
  0.638626E+02  0.108394E+00  0.174741E-02  0.144422E-08  0.468360E-07  0.000000E+00  0.910144E-01  0.910144E-01  0.910144E-01 -0.186272E-05  0.818596E-01  0.136972E-01  0.627494E-05
  0.641574E+02  0.107475E+00  0.173259E-02  0.141885E-08  0.464007E-07  0.000000E+00  0.902427E-01  0.902427E-01  0.902427E-01 -0.184692E-05  0.811654E-01  0.135810E-01  0.619313E-05
  0.644535E+02  0.106562E+00  0.171788E-02  0.139391E-08  0.257001E-07  0.000000E+00  0.894766E-01  0.894766E-01  0.894766E-01 -0.183124E-05  0.804759E-01  0.134656E-01  0.611232E-05
  0.647510E+02  0.105660E+00  0.170334E-02  0.136946E-08 -0.441246E-07  0.000000E+00  0.887193E-01  0.887193E-01  0.887193E-01 -0.181575E-05  0.797949E-01  0.133517E-01  0.603275E-05
  0.650499E+02  0.104764E+00  0.168889E-02  0.134540E-08  0.734283E-07  0.000000E+00  0.879667E-01  0.879667E-01  0.879667E-01 -0.180035E-05  0.791178E-01  0.132384E-01  0.595407E-05
  0.653502E+02  0.103876E+00  0.167458E-02  0.132177E-08 -0.145801E-07  0.000000E+00  0.872211E-01  0.872211E-01  0.872211E-01 -0.178509E-05  0.784471E-01  0.131262E-01  0.587648E-05
  0.656518E+02  0.102996E+00  0.166039E-02  0.129856E-08  0.296098E-07  0.000000E+00  0.864820E-01  0.864820E-01  0.864820E-01 -0.176997E-05  0.777824E-01  0.130149E-01  0.579991E-05
  0.659549E+02  0.102120E+00  0.164625E-02  0.127571E-08  0.257096E-07  0.000000E+00  0.857464E-01  0.857464E-01  0.857464E-01 -0.175490E-05  0.771200E-01  0.129041E-01  0.572409E-05
  0.662593E+02  0.101253E+00  0.163227E-02  0.125328E-08  0.524161E-07  0.000000E+00  0.850184E-01  0.850184E-01  0.850184E-01 -0.174000E-05  0.764649E-01  0.127945E-01  0.564939E-05
  0.665651E+02  0.100394E+00  0.161842E-02  0.123126E-08 -0.455488E-07  0.000000E+00  0.842971E-01  0.842971E-01  0.842971E-01 -0.172523E-05  0.758160E-01  0.126859E-01  0.557571E-05
  0.668724E+02  0.995422E-01  0.160469E-02  0.120963E-08  0.132761E-07  0.000000E+00  0.835820E-01  0.835820E-01  0.835820E-01 -0.171060E-05  0.751726E-01  0.125782E-01  0.550300E-05
  0.671810E+02  0.986975E-01  0.159107E-02  0.118837E-08  0.266849E-07  0.000000E+00  0.828727E-01  0.828727E-01  0.828727E-01 -0.169608E-05  0.745345E-01  0.124715E-01  0.543122E-05
  0.674911E+02  0.978601E-01  0.157757E-02  0.116749E-08 -0.756225E-08  0.000000E+00  0.821696E-01  0.821696E-01  0.821696E-01 -0.168169E-05  0.739019E-01  0.123656E-01  0.536038E-05
  0.678027E+02  0.970296E-01  0.156418E-02  0.114698E-08 -0.228523E-07  0.000000E+00  0.814723E-01  0.814723E-01  0.814723E-01 -0.166742E-05  0.732746E-01  0.122606E-01  0.529046E-05
  0.681156E+02  0.962052E-01  0.155088E-02  0.112681E-08 -0.364149E-07  0.000000E+00  0.807801E-01  0.807801E-01  0.807801E-01 -0.165325E-05  0.726516E-01  0.121564E-01  0.522138E-05
  0.684300E+02  0.953887E-01  0.153771E-02  0.110701E-08 -0.345743E-07  0.000000E+00  0.800945E-01  0.800945E-01  0.800945E-01 -0.163922E-05  0.720348E-01  0.120532E-01  0.515326E-05
  0.687459E+02  0.945792E-01  0.152466E-02  0.108755E-08 -0.121360E-07  0.000000E+00  0.794148E-01  0.794148E-01  0.794148E-01 -0.162530E-05  0.714233E-01  0.119509E-01  0.508604E-05
  0.690632E+02  0.937766E-01  0.151172E-02  0.106844E-08 -0.328831E-08  0.000000E+00  0.787408E-01  0.787408E-01  0.787408E-01 -0.161151E-05  0.708170E-01  0.118494E-01  0.501970E-05
  0.693820E+02  0.929807E-01  0.149889E-02  0.104967E-08 -0.189248E-07  0.000000E+00  0.780725E-01  0.780725E-01  0.780725E-01 -0.159783E-05  0.702158E-01  0.117488E-01  0.495421E-05
  0.697022E+02  0.921915E-01  0.148616E-02  0.103122E-08 -0.522242E-08  0.000000E+00  0.774099E-01  0.774099E-01  0.774099E-01 -0.158427E-05  0.696196E-01  0.116490E-01  0.488958E-05
  0.700240E+02  0.914118E-01  0.147361E-02  0.101314E-08  0.631273E-07  0.000000E+00  0.767552E-01  0.767552E-01  0.767552E-01 -0.157089E-05  0.690312E-01  0.115506E-01  0.482598E-05
  0.703472E+02  0.906352E-01  0.146108E-02  0.995321E-09 -0.536929E-08  0.000000E+00  0.761031E-01  0.761031E-01  0.761031E-01 -0.155754E-05  0.684444E-01  0.114524E-01  0.476298E-05
  0.706719E+02  0.898658E-01  0.144867E-02  0.977828E-09  0.126592E-07  0.000000E+00  0.754570E-01  0.754570E-01  0.754570E-01 -0.154431E-05  0.678632E-01  0.113551E-01  0.470083E-05
  0.709981E+02  0.891028E-01  0.143637E-02  0.960641E-09  0.227455E-07  0.000000E+00  0.748164E-01  0.748164E-01  0.748164E-01 -0.153120E-05  0.672869E-01  0.112587E-01  0.463950E-05
  0.713258E+02  0.883466E-01  0.142418E-02  0.943760E-09  0.139875E-08  0.000000E+00  0.741814E-01  0.741814E-01  0.741814E-01 -0.151821E-05  0.667157E-01  0.111631E-01  0.457898E-05
  0.716550E+02  0.875965E-01  0.141209E-02  0.927172E-09  0.483981E-07  0.000000E+00  0.735516E-01  0.735516E-01  0.735516E-01 -0.150532E-05  0.661491E-01  0.110683E-01  0.451923E-05
  0.719858E+02  0.868525E-01  0.140009E-02  0.910873E-09 -0.328304E-07  0.000000E+00  0.729270E-01  0.729270E-01  0.729270E-01 -0.149253E-05  0.655871E-01  0.109743E-01  0.446025E-05
  0.723181E+02  0.861151E-01  0.138820E-02  0.894862E-09  0.298251E-07  0.000000E+00  0.723077E-01  0.723077E-01  0.723077E-01 -0.147986E-05  0.650301E-01  0.108810E-01  0.440205E-05
  0.726519E+02  0.853836E-01  0.137641E-02  0.879129E-09  0.519480E-07  0.000000E+00  0.716936E-01  0.716936E-01  0.716936E-01 -0.146729E-05  0.644775E-01  0.107886E-01  0.434459E-05
  0.729872E+02  0.846585E-01  0.136471E-02  0.863675E-09  0.441771E-08  0.000000E+00  0.710847E-01  0.710847E-01  0.710847E-01 -0.145483E-05  0.639297E-01  0.106969E-01  0.428789E-05
  0.733241E+02  0.839390E-01  0.135311E-02  0.848486E-09  0.292622E-09  0.000000E+00  0.704806E-01  0.704806E-01  0.704806E-01 -0.144246E-05  0.633862E-01  0.106060E-01  0.423190E-05
  0.736626E+02  0.832261E-01  0.134162E-02  0.833570E-09  0.188170E-07  0.000000E+00  0.698820E-01  0.698820E-01  0.698820E-01 -0.143021E-05  0.628477E-01  0.105159E-01  0.417667E-05
  0.740026E+02  0.825195E-01  0.133023E-02  0.818919E-09  0.308840E-07  0.000000E+00  0.692886E-01  0.692886E-01  0.692886E-01 -0.141807E-05  0.623140E-01  0.104265E-01  0.412217E-05
  0.743441E+02  0.818190E-01  0.131893E-02  0.804527E-09  0.346377E-07  0.000000E+00  0.687004E-01  0.687004E-01  0.687004E-01 -0.140603E-05  0.617849E-01  0.103380E-01  0.406840E-05
  0.746873E+02  0.811234E-01  0.130771E-02  0.790376E-09  0.280442E-07  0.000000E+00  0.681164E-01  0.681164E-01  0.681164E-01 -0.139408E-05  0.612593E-01  0.102501E-01  0.401526E-05
  0.750320E+02  0.804342E-01  0.129660E-02  0.776480E-09 -0.303238E-08  0.000000E+00  0.675377E-01  0.675377E-01  0.675377E-01 -0.138223E-05  0.607388E-01  0.101629E-01  0.396285E-05
  0.753784E+02  0.797509E-01  0.128559E-02  0.762828E-09 -0.245071E-07  0.000000E+00  0.669640E-01  0.669640E-01  0.669640E-01 -0.137049E-05  0.602227E-01  0.100766E-01  0.391112E-05
  0.757263E+02  0.790734E-01  0.127466E-02  0.749416E-09  0.257249E-07  0.000000E+00  0.663951E-01  0.663951E-01  0.663951E-01 -0.135885E-05  0.597109E-01  0.999093E-02  0.386007E-05
  0.760758E+02  0.784022E-01  0.126384E-02  0.736246E-09  0.305302E-07  0.000000E+00  0.658315E-01  0.658315E-01  0.658315E-01 -0.134732E-05  0.592040E-01  0.990611E-02  0.380972E-05
  0.764270E+02  0.777360E-01  0.125310E-02  0.723301E-09 -0.106525E-07  0.000000E+00  0.652721E-01  0.652721E-01  0.652721E-01 -0.133587E-05  0.587008E-01  0.982190E-02  0.375998E-05
  0.767798E+02  0.770745E-01  0.124243E-02  0.710571E-09  0.269800E-07  0.000000E+00  0.647167E-01  0.647167E-01  0.647167E-01 -0.132449E-05  0.582009E-01  0.973825E-02  0.371084E-05
  0.771342E+02  0.764195E-01  0.123187E-02  0.698076E-09  0.123985E-08  0.000000E+00  0.641667E-01  0.641667E-01  0.641667E-01 -0.131324E-05  0.577062E-01  0.965546E-02  0.366239E-05
  0.774902E+02  0.757711E-01  0.122142E-02  0.685812E-09  0.166343E-07  0.000000E+00  0.636222E-01  0.636222E-01  0.636222E-01 -0.130210E-05  0.572166E-01  0.957353E-02  0.361463E-05
  0.778479E+02  0.751272E-01  0.121104E-02  0.673752E-09  0.798211E-08  0.000000E+00  0.630816E-01  0.630816E-01  0.630816E-01 -0.129103E-05  0.567302E-01  0.949213E-02  0.356744E-05
  0.782072E+02  0.744887E-01  0.120074E-02  0.661904E-09  0.244455E-07  0.000000E+00  0.625455E-01  0.625455E-01  0.625455E-01 -0.128006E-05  0.562480E-01  0.941143E-02  0.352086E-05
  0.785682E+02  0.738550E-01  0.119052E-02  0.650258E-09  0.207712E-08  0.000000E+00  0.620134E-01  0.620134E-01  0.620134E-01 -0.126917E-05  0.557693E-01  0.933131E-02  0.347486E-05
  0.789308E+02  0.732272E-01  0.118040E-02  0.638821E-09 -0.132890E-07  0.000000E+00  0.614863E-01  0.614863E-01  0.614863E-01 -0.125838E-05  0.552950E-01  0.925195E-02  0.342948E-05
  0.792952E+02  0.726043E-01  0.117036E-02  0.627581E-09 -0.533173E-08  0.000000E+00  0.609632E-01  0.609632E-01  0.609632E-01 -0.124768E-05  0.548244E-01  0.917320E-02  0.338467E-05
  0.796612E+02  0.719883E-01  0.116043E-02  0.616557E-09  0.532529E-08  0.000000E+00  0.604460E-01  0.604460E-01  0.604460E-01 -0.123710E-05  0.543594E-01  0.909538E-02  0.334055E-05
  0.800289E+02  0.713763E-01  0.115056E-02  0.605713E-09  0.787825E-08  0.000000E+00  0.599321E-01  0.599321E-01  0.599321E-01 -0.122658E-05  0.538971E-01  0.901801E-02  0.329692E-05
  0.803983E+02  0.707694E-01  0.114077E-02  0.595058E-09 -0.516408E-10  0.000000E+00  0.594225E-01  0.594225E-01  0.594225E-01 -0.121615E-05  0.534387E-01  0.894130E-02  0.325386E-05
  0.807694E+02  0.701677E-01  0.113107E-02  0.584592E-09 -0.150028E-07  0.000000E+00  0.589173E-01  0.589173E-01  0.589173E-01 -0.120581E-05  0.529842E-01  0.886524E-02  0.321137E-05
  0.811422E+02  0.695711E-01  0.112145E-02  0.574310E-09 -0.136523E-07  0.000000E+00  0.584164E-01  0.584164E-01  0.584164E-01 -0.119556E-05  0.525336E-01  0.878983E-02  0.316942E-05
  0.815167E+02  0.689795E-01  0.111191E-02  0.564207E-09  0.261184E-07  0.000000E+00  0.579196E-01  0.579196E-01  0.579196E-01 -0.118539E-05  0.520867E-01  0.871504E-02  0.312803E-05
  0.818930E+02  0.683930E-01  0.110246E-02  0.554283E-09  0.262708E-07  0.000000E+00  0.574271E-01  0.574271E-01  0.574271E-01 -0.117531E-05  0.516437E-01  0.864091E-02  0.308718E-05
  0.822710E+02  0.678112E-01  0.109308E-02  0.544531E-09 -0.194899E-07  0.000000E+00  0.569386E-01  0.569386E-01  0.569386E-01 -0.116531E-05  0.512043E-01  0.856736E-02  0.304684E-05
  0.826507E+02  0.672345E-01  0.108378E-02  0.534952E-09  0.374028E-07  0.000000E+00  0.564544E-01  0.564544E-01  0.564544E-01 -0.115540E-05  0.507686E-01  0.849446E-02  0.300704E-05
  0.830322E+02  0.666627E-01  0.107456E-02  0.525541E-09 -0.187035E-07  0.000000E+00  0.559742E-01  0.559742E-01  0.559742E-01 -0.114557E-05  0.503367E-01  0.842218E-02  0.296776E-05
  0.834155E+02  0.660957E-01  0.106542E-02  0.516296E-09  0.372912E-07  0.000000E+00  0.554982E-01  0.554982E-01  0.554982E-01 -0.113583E-05  0.499085E-01  0.835051E-02  0.292900E-05
  0.838005E+02  0.655336E-01  0.105635E-02  0.507214E-09 -0.586284E-08  0.000000E+00  0.550262E-01  0.550262E-01  0.550262E-01 -0.112617E-05  0.494840E-01  0.827946E-02  0.289074E-05
  0.841873E+02  0.649763E-01  0.104737E-02  0.498292E-09 -0.113336E-07  0.000000E+00  0.545583E-01  0.545583E-01  0.545583E-01 -0.111659E-05  0.490631E-01  0.820902E-02  0.285299E-05
  0.845759E+02  0.644237E-01  0.103846E-02  0.489526E-09  0.277745E-07  0.000000E+00  0.540942E-01  0.540942E-01  0.540942E-01 -0.110710E-05  0.486457E-01  0.813916E-02  0.281572E-05
  0.849663E+02  0.638756E-01  0.102962E-02  0.480913E-09  0.377069E-07  0.000000E+00  0.536340E-01  0.536340E-01  0.536340E-01 -0.109768E-05  0.482317E-01  0.806988E-02  0.277893E-05
  0.853585E+02  0.633322E-01  0.102086E-02  0.472452E-09  0.295051E-07  0.000000E+00  0.531777E-01  0.531777E-01  0.531777E-01 -0.108834E-05  0.478213E-01  0.800119E-02  0.274262E-05
  0.857525E+02  0.627934E-01  0.101217E-02  0.464139E-09  0.237295E-07  0.000000E+00  0.527253E-01  0.527253E-01  0.527253E-01 -0.107908E-05  0.474143E-01  0.793308E-02  0.270679E-05
  0.861483E+02  0.622591E-01  0.100356E-02  0.455973E-09  0.249989E-07  0.000000E+00  0.522767E-01  0.522767E-01  0.522767E-01 -0.106990E-05  0.470108E-01  0.786555E-02  0.267143E-05
  0.865460E+02  0.617294E-01  0.995015E-03  0.447950E-09  0.274643E-07  0.000000E+00  0.518319E-01  0.518319E-01  0.518319E-01 -0.106080E-05  0.466107E-01  0.779859E-02  0.263652E-05
  0.869454E+02  0.612042E-01  0.986548E-03  0.440068E-09  0.201901E-07  0.000000E+00  0.513909E-01  0.513909E-01  0.513909E-01 -0.105177E-05  0.462140E-01  0.773221E-02  0.260207E-05
  0.873468E+02  0.606839E-01  0.978160E-03  0.432329E-09 -0.342210E-08  0.000000E+00  0.509540E-01  0.509540E-01  0.509540E-01 -0.104283E-05  0.458211E-01  0.766645E-02  0.256810E-05
  0.877499E+02  0.601674E-01  0.969831E-03  0.424721E-09  0.717645E-09  0.000000E+00  0.505204E-01  0.505204E-01  0.505204E-01 -0.103396E-05  0.454310E-01  0.760116E-02  0.253454E-05
  0.881550E+02  0.596554E-01  0.961577E-03  0.417247E-09  0.199054E-07  0.000000E+00  0.500905E-01  0.500905E-01  0.500905E-01 -0.102516E-05  0.450443E-01  0.753644E-02  0.250142E-05
  0.885619E+02  0.591476E-01  0.953389E-03  0.409904E-09 -0.135022E-08  0.000000E+00  0.496641E-01  0.496641E-01  0.496641E-01 -0.101643E-05  0.446608E-01  0.747226E-02  0.246873E-05
  0.889706E+02  0.586442E-01  0.945272E-03  0.402691E-09  0.896294E-08  0.000000E+00  0.492414E-01  0.492414E-01  0.492414E-01 -0.100778E-05  0.442806E-01  0.740862E-02  0.243647E-05
  0.893813E+02  0.581441E-01  0.937204E-03  0.395596E-09  0.143948E-07  0.000000E+00  0.488215E-01  0.488215E-01  0.488215E-01 -0.999183E-06  0.439027E-01  0.734537E-02  0.240458E-05
  0.897939E+02  0.576476E-01  0.929192E-03  0.388620E-09 -0.289124E-09  0.000000E+00  0.484046E-01  0.484046E-01  0.484046E-01 -0.990643E-06  0.435274E-01  0.728256E-02  0.237307E-05
  0.902084E+02  0.571562E-01  0.921267E-03  0.381775E-09  0.159249E-08  0.000000E+00  0.479920E-01  0.479920E-01  0.479920E-01 -0.982197E-06  0.431561E-01  0.722043E-02  0.234202E-05
  0.906247E+02  0.566697E-01  0.913421E-03  0.375056E-09  0.195774E-07  0.000000E+00  0.475835E-01  0.475835E-01  0.475835E-01 -0.973835E-06  0.427886E-01  0.715892E-02  0.231141E-05
  0.910430E+02  0.561872E-01  0.905643E-03  0.368455E-09  0.283467E-07  0.000000E+00  0.471784E-01  0.471784E-01  0.471784E-01 -0.965545E-06  0.424243E-01  0.709795E-02  0.228120E-05
  0.914633E+02  0.557088E-01  0.897929E-03  0.361969E-09  0.287249E-07  0.000000E+00  0.467767E-01  0.467767E-01  0.467767E-01 -0.957323E-06  0.420630E-01  0.703747E-02  0.225138E-05
  0.918855E+02  0.552345E-01  0.890281E-03  0.355598E-09  0.269945E-07  0.000000E+00  0.463784E-01  0.463784E-01  0.463784E-01 -0.949172E-06  0.417047E-01  0.697751E-02  0.222195E-05
  0.923096E+02  0.547643E-01  0.882700E-03  0.349340E-09  0.212367E-07  0.000000E+00  0.459836E-01  0.459836E-01  0.459836E-01 -0.941093E-06  0.413496E-01  0.691808E-02  0.219291E-05
  0.927357E+02  0.542979E-01  0.875179E-03  0.343190E-09  0.115454E-07  0.000000E+00  0.455919E-01  0.455919E-01  0.455919E-01 -0.933076E-06  0.409973E-01  0.685911E-02  0.216424E-05
  0.931637E+02  0.538355E-01  0.867724E-03  0.337149E-09 -0.166047E-08  0.000000E+00  0.452037E-01  0.452037E-01  0.452037E-01 -0.925130E-06  0.406481E-01  0.680067E-02  0.213594E-05
  0.935937E+02  0.533786E-01  0.860363E-03  0.331226E-09  0.128982E-07  0.000000E+00  0.448201E-01  0.448201E-01  0.448201E-01 -0.917286E-06  0.403034E-01  0.674297E-02  0.210810E-05
  0.940257E+02  0.529240E-01  0.853034E-03  0.325395E-09 -0.708014E-08  0.000000E+00  0.444384E-01  0.444384E-01  0.444384E-01 -0.909475E-06  0.399600E-01  0.668551E-02  0.208054E-05
  0.944597E+02  0.524734E-01  0.845770E-03  0.319668E-09  0.218216E-07  0.000000E+00  0.440600E-01  0.440600E-01  0.440600E-01 -0.901732E-06  0.396198E-01  0.662856E-02  0.205335E-05
  0.948957E+02  0.520265E-01  0.838563E-03  0.314041E-09 -0.102224E-07  0.000000E+00  0.436848E-01  0.436848E-01  0.436848E-01 -0.894052E-06  0.392822E-01  0.657206E-02  0.202650E-05
  0.953338E+02  0.515833E-01  0.831417E-03  0.308512E-09  0.252984E-07  0.000000E+00  0.433126E-01  0.433126E-01  0.433126E-01 -0.886436E-06  0.389475E-01  0.651604E-02  0.200000E-05
  0.957738E+02  0.511437E-01  0.824328E-03  0.303079E-09  0.201156E-08  0.000000E+00  0.429435E-01  0.429435E-01  0.429435E-01 -0.878881E-06  0.386155E-01  0.646047E-02  0.197384E-05
  0.962159E+02  0.507080E-01  0.817303E-03  0.297743E-09  0.114596E-08  0.000000E+00  0.425777E-01  0.425777E-01  0.425777E-01 -0.871393E-06  0.382864E-01  0.640539E-02  0.194803E-05
  0.966600E+02  0.502764E-01  0.810346E-03  0.292503E-09  0.137314E-08  0.000000E+00  0.422153E-01  0.422153E-01  0.422153E-01 -0.863978E-06  0.379605E-01  0.635085E-02  0.192258E-05
  0.971062E+02  0.498478E-01  0.803434E-03  0.287351E-09 -0.535100E-08  0.000000E+00  0.418554E-01  0.418554E-01  0.418554E-01 -0.856611E-06  0.376368E-01  0.629666E-02  0.189743E-05
  0.975544E+02  0.494233E-01  0.796589E-03  0.282293E-09 -0.118637E-07  0.000000E+00  0.414990E-01  0.414990E-01  0.414990E-01 -0.849317E-06  0.373162E-01  0.624300E-02  0.187262E-05
  0.980047E+02  0.490022E-01  0.789799E-03  0.277323E-09 -0.919650E-08  0.000000E+00  0.411454E-01  0.411454E-01  0.411454E-01 -0.842080E-06  0.369981E-01  0.618977E-02  0.184813E-05
  0.984570E+02  0.485847E-01  0.783066E-03  0.272439E-09  0.138871E-08  0.000000E+00  0.407948E-01  0.407948E-01  0.407948E-01 -0.834905E-06  0.366828E-01  0.613699E-02  0.182396E-05
  0.989115E+02  0.481708E-01  0.776393E-03  0.267643E-09  0.956592E-08  0.000000E+00  0.404472E-01  0.404472E-01  0.404472E-01 -0.827792E-06  0.363702E-01  0.608467E-02  0.180011E-05
  0.993680E+02  0.477603E-01  0.769775E-03  0.262930E-09 -0.425710E-08  0.000000E+00  0.401026E-01  0.401026E-01  0.401026E-01 -0.820739E-06  0.360603E-01  0.603279E-02  0.177657E-05
  0.998267E+02  0.473533E-01  0.763213E-03  0.258300E-09  0.193447E-07  0.000000E+00  0.397609E-01  0.397609E-01  0.397609E-01 -0.813745E-06  0.357529E-01  0.598134E-02  0.175334E-05
  0.100287E+03  0.469498E-01  0.756706E-03  0.253752E-09 -0.192698E-08  0.000000E+00  0.394220E-01  0.394220E-01  0.394220E-01 -0.806811E-06  0.354481E-01  0.593033E-02  0.173041E-05
  0.100750E+03  0.465494E-01  0.750249E-03  0.249281E-09  0.128766E-07  0.000000E+00  0.390858E-01  0.390858E-01  0.390858E-01 -0.799928E-06  0.351457E-01  0.587971E-02  0.170776E-05
  0.101215E+03  0.461526E-01  0.743851E-03  0.244891E-09  0.115520E-08  0.000000E+00  0.387527E-01  0.387527E-01  0.387527E-01 -0.793110E-06  0.348460E-01  0.582956E-02  0.168542E-05
  0.101683E+03  0.457590E-01  0.737503E-03  0.240577E-09 -0.349714E-08  0.000000E+00  0.384221E-01  0.384221E-01  0.384221E-01 -0.786344E-06  0.345487E-01  0.577979E-02  0.166336E-05
  0.102152E+03  0.453690E-01  0.731216E-03  0.236340E-09  0.373539E-08  0.000000E+00  0.380947E-01  0.380947E-01  0.380947E-01 -0.779643E-06  0.342542E-01  0.573050E-02  0.164161E-05
  0.102623E+03  0.449823E-01  0.724979E-03  0.232178E-09  0.169148E-07  0.000000E+00  0.377700E-01  0.377700E-01  0.377700E-01 -0.772997E-06  0.339621E-01  0.568161E-02  0.162014E-05
  0.103097E+03  0.445989E-01  0.718797E-03  0.228089E-09  0.773175E-08  0.000000E+00  0.374480E-01  0.374480E-01  0.374480E-01 -0.766409E-06  0.336726E-01  0.563314E-02  0.159894E-05
  0.103573E+03  0.442175E-01  0.712643E-03  0.224064E-09  0.132984E-08  0.000000E+00  0.371278E-01  0.371278E-01  0.371278E-01 -0.759849E-06  0.333843E-01  0.558490E-02  0.157797E-05
  0.104051E+03  0.438405E-01  0.706564E-03  0.220117E-09 -0.916453E-08  0.000000E+00  0.368113E-01  0.368113E-01  0.368113E-01 -0.753371E-06  0.330996E-01  0.553724E-02  0.155733E-05
  0.104531E+03  0.434671E-01  0.700545E-03  0.216243E-09 -0.223041E-08  0.000000E+00  0.364977E-01  0.364977E-01  0.364977E-01 -0.746956E-06  0.328177E-01  0.549006E-02  0.153697E-05
  0.105014E+03  0.430965E-01  0.694569E-03  0.212434E-09  0.799007E-08  0.000000E+00  0.361865E-01  0.361865E-01  0.361865E-01 -0.740587E-06  0.325378E-01  0.544321E-02  0.151687E-05
  0.105499E+03  0.427288E-01  0.688640E-03  0.208691E-09 -0.418517E-08  0.000000E+00  0.358778E-01  0.358778E-01  0.358778E-01 -0.734268E-06  0.322601E-01  0.539672E-02  0.149701E-05
  0.105986E+03  0.423642E-01  0.682760E-03  0.205013E-09  0.169372E-07  0.000000E+00  0.355717E-01  0.355717E-01  0.355717E-01 -0.728001E-06  0.319847E-01  0.535063E-02  0.147741E-05
  0.106475E+03  0.420029E-01  0.676935E-03  0.201402E-09 -0.557574E-08  0.000000E+00  0.352683E-01  0.352683E-01  0.352683E-01 -0.721793E-06  0.317119E-01  0.530496E-02  0.145808E-05
  0.106966E+03  0.416459E-01  0.671184E-03  0.197861E-09  0.468302E-08  0.000000E+00  0.349686E-01  0.349686E-01  0.349686E-01 -0.715664E-06  0.314425E-01  0.525987E-02  0.143906E-05
  0.107460E+03  0.412907E-01  0.665456E-03  0.194375E-09  0.121894E-07  0.000000E+00  0.346703E-01  0.346703E-01  0.346703E-01 -0.709559E-06  0.311743E-01  0.521497E-02  0.142022E-05
  0.107956E+03  0.409386E-01  0.659778E-03  0.190951E-09  0.859474E-08  0.000000E+00  0.343746E-01  0.343746E-01  0.343746E-01 -0.703508E-06  0.309083E-01  0.517046E-02  0.140164E-05
  0.108454E+03  0.405894E-01  0.654148E-03  0.187587E-09  0.453211E-08  0.000000E+00  0.340815E-01  0.340815E-01  0.340815E-01 -0.697508E-06  0.306446E-01  0.512632E-02  0.138330E-05
  0.108955E+03  0.402432E-01  0.648566E-03  0.184283E-09  0.956732E-08  0.000000E+00  0.337907E-01  0.337907E-01  0.337907E-01 -0.691558E-06  0.303832E-01  0.508256E-02  0.136520E-05
  0.109458E+03  0.398998E-01  0.643029E-03  0.181035E-09  0.168288E-07  0.000000E+00  0.335024E-01  0.335024E-01  0.335024E-01 -0.685657E-06  0.301239E-01  0.503915E-02  0.134733E-05
  0.109963E+03  0.395595E-01  0.637540E-03  0.177846E-09  0.847038E-08  0.000000E+00  0.332166E-01  0.332166E-01  0.332166E-01 -0.679808E-06  0.298668E-01  0.499612E-02  0.132970E-05
  0.110471E+03  0.392225E-01  0.632109E-03  0.174715E-09 -0.224324E-08  0.000000E+00  0.329337E-01  0.329337E-01  0.329337E-01 -0.674019E-06  0.296124E-01  0.495354E-02  0.131231E-05
  0.110981E+03  0.388878E-01  0.626713E-03  0.171637E-09  0.110753E-07  0.000000E+00  0.326527E-01  0.326527E-01  0.326527E-01 -0.668268E-06  0.293597E-01  0.491124E-02  0.129514E-05
  0.111493E+03  0.385560E-01  0.621362E-03  0.168612E-09  0.714906E-08  0.000000E+00  0.323741E-01  0.323741E-01  0.323741E-01 -0.662566E-06  0.291091E-01  0.486929E-02  0.127818E-05
  0.112007E+03  0.382270E-01  0.616057E-03  0.165641E-09  0.114002E-07  0.000000E+00  0.320978E-01  0.320978E-01  0.320978E-01 -0.656912E-06  0.288606E-01  0.482770E-02  0.126145E-05
  0.112524E+03  0.379008E-01  0.610797E-03  0.162722E-09 -0.588040E-08  0.000000E+00  0.318239E-01  0.318239E-01  0.318239E-01 -0.651306E-06  0.286143E-01  0.478647E-02  0.124494E-05
  0.113044E+03  0.375774E-01  0.605582E-03  0.159855E-09  0.704326E-08  0.000000E+00  0.315524E-01  0.315524E-01  0.315524E-01 -0.645748E-06  0.283701E-01  0.474558E-02  0.122865E-05
  0.113566E+03  0.372567E-01  0.600411E-03  0.157038E-09  0.520558E-08  0.000000E+00  0.312831E-01  0.312831E-01  0.312831E-01 -0.640237E-06  0.281279E-01  0.470504E-02  0.121256E-05
  0.114090E+03  0.369388E-01  0.595285E-03  0.154271E-09  0.133647E-07  0.000000E+00  0.310162E-01  0.310162E-01  0.310162E-01 -0.634774E-06  0.278878E-01  0.466486E-02  0.119669E-05
  0.114616E+03  0.366237E-01  0.590205E-03  0.151553E-09  0.609118E-08  0.000000E+00  0.307516E-01  0.307516E-01  0.307516E-01 -0.629360E-06  0.276499E-01  0.462503E-02  0.118103E-05
  0.115145E+03  0.363111E-01  0.585165E-03  0.148882E-09  0.683258E-08  0.000000E+00  0.304891E-01  0.304891E-01  0.304891E-01 -0.623988E-06  0.274138E-01  0.458552E-02  0.116557E-05
  0.115677E+03  0.360011E-01  0.580165E-03  0.146258E-09  0.232424E-08  0.000000E+00  0.302288E-01  0.302288E-01  0.302288E-01 -0.618660E-06  0.271797E-01  0.454632E-02  0.115031E-05
  0.116211E+03  0.356939E-01  0.575211E-03  0.143680E-09  0.263126E-08  0.000000E+00  0.299708E-01  0.299708E-01  0.299708E-01 -0.613381E-06  0.269477E-01  0.450749E-02  0.113525E-05
  0.116747E+03  0.353892E-01  0.570299E-03  0.141148E-09  0.134204E-07  0.000000E+00  0.297150E-01  0.297150E-01  0.297150E-01 -0.608145E-06  0.267176E-01  0.446897E-02  0.112039E-05
  0.117286E+03  0.350868E-01  0.565422E-03  0.138659E-09  0.182855E-08  0.000000E+00  0.294611E-01  0.294611E-01  0.294611E-01 -0.602948E-06  0.264892E-01  0.443074E-02  0.110571E-05
  0.117828E+03  0.347877E-01  0.560601E-03  0.136217E-09  0.854795E-08  0.000000E+00  0.292100E-01  0.292100E-01  0.292100E-01 -0.597810E-06  0.262635E-01  0.439295E-02  0.109125E-05
  0.118371E+03  0.344903E-01  0.555803E-03  0.133814E-09 -0.711282E-09  0.000000E+00  0.289602E-01  0.289602E-01  0.289602E-01 -0.592696E-06  0.260387E-01  0.435533E-02  0.107694E-05
  0.118918E+03  0.341959E-01  0.551055E-03  0.131456E-09 -0.151932E-08  0.000000E+00  0.287130E-01  0.287130E-01  0.287130E-01 -0.587636E-06  0.258164E-01  0.431811E-02  0.106284E-05
  0.119467E+03  0.339059E-01  0.546389E-03  0.129148E-09 -0.792767E-09  0.000000E+00  0.284696E-01  0.284696E-01  0.284696E-01 -0.582664E-06  0.255979E-01  0.428153E-02  0.104900E-05
  0.120018E+03  0.336165E-01  0.541721E-03  0.126872E-09 -0.104408E-08  0.000000E+00  0.282265E-01  0.282265E-01  0.282265E-01 -0.577689E-06  0.253793E-01  0.424494E-02  0.103527E-05
  0.120572E+03  0.333294E-01  0.537092E-03  0.124635E-09 -0.362455E-08  0.000000E+00  0.279854E-01  0.279854E-01  0.279854E-01 -0.572755E-06  0.251625E-01  0.420864E-02  0.102171E-05
  0.121129E+03  0.330448E-01  0.532503E-03  0.122438E-09  0.156169E-08  0.000000E+00  0.277465E-01  0.277465E-01  0.277465E-01 -0.567865E-06  0.249476E-01  0.417267E-02  0.100833E-05
  0.121688E+03  0.327626E-01  0.527953E-03  0.120280E-09  0.776695E-08  0.000000E+00  0.275096E-01  0.275096E-01  0.275096E-01 -0.563015E-06  0.247345E-01  0.413700E-02  0.995126E-06
  0.122249E+03  0.324827E-01  0.523438E-03  0.118159E-09  0.364450E-08  0.000000E+00  0.272745E-01  0.272745E-01  0.272745E-01 -0.558204E-06  0.245230E-01  0.410161E-02  0.982088E-06
  0.122814E+03  0.322052E-01  0.518964E-03  0.116076E-09 -0.128601E-08  0.000000E+00  0.270415E-01  0.270415E-01  0.270415E-01 -0.553436E-06  0.243135E-01  0.406653E-02  0.969225E-06
  0.123381E+03  0.319302E-01  0.514529E-03  0.114029E-09  0.509470E-08  0.000000E+00  0.268106E-01  0.268106E-01  0.268106E-01 -0.548709E-06  0.241058E-01  0.403176E-02  0.956531E-06
  0.123950E+03  0.316574E-01  0.510131E-03  0.112019E-09  0.856465E-08  0.000000E+00  0.265816E-01  0.265816E-01  0.265816E-01 -0.544022E-06  0.238998E-01  0.399728E-02  0.944002E-06
  0.124522E+03  0.313870E-01  0.505771E-03  0.110044E-09 -0.906144E-09  0.000000E+00  0.263545E-01  0.263545E-01  0.263545E-01 -0.539375E-06  0.236957E-01  0.396310E-02  0.931639E-06
  0.125097E+03  0.311189E-01  0.501446E-03  0.108104E-09 -0.467276E-08  0.000000E+00  0.261294E-01  0.261294E-01  0.261294E-01 -0.534766E-06  0.234931E-01  0.392920E-02  0.919434E-06
  0.125674E+03  0.308530E-01  0.497159E-03  0.106198E-09  0.218249E-08  0.000000E+00  0.259062E-01  0.259062E-01  0.259062E-01 -0.530198E-06  0.232924E-01  0.389559E-02  0.907390E-06
  0.126254E+03  0.305895E-01  0.492910E-03  0.104325E-09 -0.394673E-08  0.000000E+00  0.256849E-01  0.256849E-01  0.256849E-01 -0.525669E-06  0.230934E-01  0.386228E-02  0.895506E-06
  0.126837E+03  0.303282E-01  0.488696E-03  0.102486E-09 -0.470416E-09  0.000000E+00  0.254655E-01  0.254655E-01  0.254655E-01 -0.521179E-06  0.228961E-01  0.382925E-02  0.883776E-06
  0.127423E+03  0.300691E-01  0.484519E-03  0.100679E-09  0.629445E-08  0.000000E+00  0.252479E-01  0.252479E-01  0.252479E-01 -0.516726E-06  0.227004E-01  0.379650E-02  0.872200E-06
  0.128011E+03  0.298122E-01  0.480376E-03  0.989038E-10  0.263447E-08  0.000000E+00  0.250322E-01  0.250322E-01  0.250322E-01 -0.512312E-06  0.225064E-01  0.376402E-02  0.860775E-06
  0.128602E+03  0.295575E-01  0.476269E-03  0.971598E-10 -0.302802E-08  0.000000E+00  0.248183E-01  0.248183E-01  0.248183E-01 -0.507934E-06  0.223141E-01  0.373182E-02  0.849499E-06
  0.129195E+03  0.293049E-01  0.472196E-03  0.954465E-10  0.206417E-08  0.000000E+00  0.246063E-01  0.246063E-01  0.246063E-01 -0.503594E-06  0.221234E-01  0.369989E-02  0.838370E-06
  0.129792E+03  0.290531E-01  0.468130E-03  0.937578E-10  0.571934E-08  0.000000E+00  0.243948E-01  0.243948E-01  0.243948E-01 -0.499261E-06  0.219330E-01  0.366802E-02  0.827337E-06
  0.130391E+03  0.288048E-01  0.464126E-03  0.921043E-10  0.169337E-08  0.000000E+00  0.241863E-01  0.241863E-01  0.241863E-01 -0.494994E-06  0.217455E-01  0.363663E-02  0.816497E-06
  0.130993E+03  0.285587E-01  0.460157E-03  0.904800E-10 -0.166821E-08  0.000000E+00  0.239796E-01  0.239796E-01  0.239796E-01 -0.490763E-06  0.215596E-01  0.360551E-02  0.805800E-06
  0.131597E+03  0.283146E-01  0.456221E-03  0.888844E-10 -0.309147E-08  0.000000E+00  0.237747E-01  0.237747E-01  0.237747E-01 -0.486569E-06  0.213753E-01  0.357466E-02  0.795242E-06
  0.132205E+03  0.280726E-01  0.452319E-03  0.873167E-10 -0.581190E-10  0.000000E+00  0.235715E-01  0.235715E-01  0.235715E-01 -0.482410E-06  0.211925E-01  0.354406E-02  0.784822E-06
  0.132815E+03  0.278327E-01  0.448450E-03  0.857769E-10  0.267815E-08  0.000000E+00  0.233700E-01  0.233700E-01  0.233700E-01 -0.478287E-06  0.210114E-01  0.351373E-02  0.774539E-06
  0.133428E+03  0.275948E-01  0.444614E-03  0.842641E-10  0.188952E-08  0.000000E+00  0.231703E-01  0.231703E-01  0.231703E-01 -0.474199E-06  0.208317E-01  0.348366E-02  0.764390E-06
  0.134044E+03  0.273589E-01  0.440811E-03  0.827779E-10 -0.210831E-08  0.000000E+00  0.229722E-01  0.229722E-01  0.229722E-01 -0.470146E-06  0.206536E-01  0.345384E-02  0.754374E-06
  0.134663E+03  0.271250E-01  0.437040E-03  0.813179E-10  0.746880E-08  0.000000E+00  0.227759E-01  0.227759E-01  0.227759E-01 -0.466127E-06  0.204770E-01  0.342428E-02  0.744489E-06
  0.135284E+03  0.268931E-01  0.433300E-03  0.798836E-10  0.153591E-08  0.000000E+00  0.225812E-01  0.225812E-01  0.225812E-01 -0.462142E-06  0.203019E-01  0.339496E-02  0.734733E-06
  0.135909E+03  0.266632E-01  0.429593E-03  0.784746E-10 -0.157870E-08  0.000000E+00  0.223881E-01  0.223881E-01  0.223881E-01 -0.458191E-06  0.201283E-01  0.336590E-02  0.725105E-06
  0.136536E+03  0.264353E-01  0.425918E-03  0.770905E-10  0.113047E-09  0.000000E+00  0.221967E-01  0.221967E-01  0.221967E-01 -0.454274E-06  0.199562E-01  0.333709E-02  0.715603E-06
  0.137166E+03  0.262093E-01  0.422273E-03  0.757307E-10  0.401917E-08  0.000000E+00  0.220070E-01  0.220070E-01  0.220070E-01 -0.450390E-06  0.197856E-01  0.330852E-02  0.706225E-06
  0.137799E+03  0.259852E-01  0.418660E-03  0.743949E-10  0.209237E-08  0.000000E+00  0.218188E-01  0.218188E-01  0.218188E-01 -0.446540E-06  0.196164E-01  0.328019E-02  0.696970E-06
  0.138435E+03  0.257630E-01  0.415077E-03  0.730825E-10 -0.216895E-08  0.000000E+00  0.216322E-01  0.216322E-01  0.216322E-01 -0.442721E-06  0.194486E-01  0.325210E-02  0.687835E-06
  0.139074E+03  0.255427E-01  0.411524E-03  0.717932E-10  0.432549E-09  0.000000E+00  0.214473E-01  0.214473E-01  0.214473E-01 -0.438935E-06  0.192822E-01  0.322425E-02  0.678820E-06
  0.139716E+03  0.253242E-01  0.408001E-03  0.705265E-10  0.652681E-08  0.000000E+00  0.212638E-01  0.212638E-01  0.212638E-01 -0.435180E-06  0.191172E-01  0.319663E-02  0.669921E-06
  0.140361E+03  0.251076E-01  0.404508E-03  0.692822E-10  0.176675E-08  0.000000E+00  0.210819E-01  0.210819E-01  0.210819E-01 -0.431458E-06  0.189537E-01  0.316925E-02  0.661139E-06
  0.141009E+03  0.248929E-01  0.401046E-03  0.680599E-10  0.182140E-08  0.000000E+00  0.209016E-01  0.209016E-01  0.209016E-01 -0.427768E-06  0.187915E-01  0.314210E-02  0.652473E-06
  0.141660E+03  0.246800E-01  0.397614E-03  0.668594E-10  0.624808E-08  0.000000E+00  0.207229E-01  0.207229E-01  0.207229E-01 -0.424110E-06  0.186308E-01  0.311519E-02  0.643922E-06
  0.142314E+03  0.244690E-01  0.394210E-03  0.656798E-10  0.643198E-08  0.000000E+00  0.205457E-01  0.205457E-01  0.205457E-01 -0.420483E-06  0.184714E-01  0.308851E-02  0.635481E-06
  0.142971E+03  0.242597E-01  0.390835E-03  0.645209E-10  0.341941E-08  0.000000E+00  0.203699E-01  0.203699E-01  0.203699E-01 -0.416886E-06  0.183134E-01  0.306205E-02  0.627151E-06
  0.143631E+03  0.240522E-01  0.387489E-03  0.633826E-10  0.252282E-08  0.000000E+00  0.201957E-01  0.201957E-01  0.201957E-01 -0.413320E-06  0.181567E-01  0.303582E-02  0.618930E-06
  0.144293E+03  0.238465E-01  0.384172E-03  0.622645E-10  0.485938E-08  0.000000E+00  0.200230E-01  0.200230E-01  0.200230E-01 -0.409786E-06  0.180014E-01  0.300982E-02  0.610818E-06
  0.144960E+03  0.236425E-01  0.380883E-03  0.611659E-10 -0.222145E-08  0.000000E+00  0.198517E-01  0.198517E-01  0.198517E-01 -0.406280E-06  0.178474E-01  0.298403E-02  0.602811E-06
  0.145629E+03  0.234403E-01  0.377622E-03  0.600867E-10  0.290685E-08  0.000000E+00  0.196819E-01  0.196819E-01  0.196819E-01 -0.402805E-06  0.176947E-01  0.295847E-02  0.594909E-06
  0.146301E+03  0.232400E-01  0.374393E-03  0.590272E-10 -0.541231E-09  0.000000E+00  0.195137E-01  0.195137E-01  0.195137E-01 -0.399364E-06  0.175435E-01  0.293316E-02  0.587116E-06
  0.146976E+03  0.230408E-01  0.371179E-03  0.579845E-10  0.611300E-08  0.000000E+00  0.193465E-01  0.193465E-01  0.193465E-01 -0.395939E-06  0.173930E-01  0.290796E-02  0.579408E-06
  0.147655E+03  0.228436E-01  0.368001E-03  0.569613E-10  0.532448E-08  0.000000E+00  0.191809E-01  0.191809E-01  0.191809E-01 -0.392552E-06  0.172442E-01  0.288304E-02  0.571811E-06
  0.148336E+03  0.226482E-01  0.364849E-03  0.559561E-10  0.240250E-08  0.000000E+00  0.190168E-01  0.190168E-01  0.190168E-01 -0.389193E-06  0.170966E-01  0.285833E-02  0.564314E-06
  0.149021E+03  0.224544E-01  0.361724E-03  0.549688E-10  0.882213E-09  0.000000E+00  0.188541E-01  0.188541E-01  0.188541E-01 -0.385863E-06  0.169503E-01  0.283384E-02  0.556916E-06
  0.149709E+03  0.222623E-01  0.358626E-03  0.539987E-10  0.413250E-08  0.000000E+00  0.186928E-01  0.186928E-01  0.186928E-01 -0.382561E-06  0.168052E-01  0.280955E-02  0.549613E-06
  0.150400E+03  0.220719E-01  0.355557E-03  0.530463E-10  0.142995E-08  0.000000E+00  0.185330E-01  0.185330E-01  0.185330E-01 -0.379291E-06  0.166615E-01  0.278549E-02  0.542412E-06
  0.151094E+03  0.218829E-01  0.352509E-03  0.521098E-10  0.534441E-09  0.000000E+00  0.183743E-01  0.183743E-01  0.183743E-01 -0.376042E-06  0.165188E-01  0.276159E-02  0.535296E-06
  0.151791E+03  0.216956E-01  0.349489E-03  0.511901E-10  0.906453E-09  0.000000E+00  0.182170E-01  0.182170E-01  0.182170E-01 -0.372824E-06  0.163774E-01  0.273792E-02  0.528276E-06
  0.152492E+03  0.215100E-01  0.346495E-03  0.502867E-10  0.143495E-08  0.000000E+00  0.180611E-01  0.180611E-01  0.180611E-01 -0.369634E-06  0.162372E-01  0.271445E-02  0.521349E-06
  0.153196E+03  0.213259E-01  0.343527E-03  0.493993E-10 -0.823468E-09  0.000000E+00  0.179066E-01  0.179066E-01  0.179066E-01 -0.366471E-06  0.160982E-01  0.269118E-02  0.514513E-06
  0.153903E+03  0.211434E-01  0.340584E-03  0.485274E-10 -0.798496E-09  0.000000E+00  0.177533E-01  0.177533E-01  0.177533E-01 -0.363334E-06  0.159604E-01  0.266811E-02  0.507767E-06
  0.154613E+03  0.209624E-01  0.337665E-03  0.476709E-10 -0.236894E-08  0.000000E+00  0.176013E-01  0.176013E-01  0.176013E-01 -0.360224E-06  0.158237E-01  0.264523E-02  0.501107E-06
  0.155327E+03  0.207828E-01  0.334769E-03  0.468291E-10 -0.183275E-08  0.000000E+00  0.174506E-01  0.174506E-01  0.174506E-01 -0.357138E-06  0.156881E-01  0.262252E-02  0.494532E-06
  0.156044E+03  0.206049E-01  0.331900E-03  0.460025E-10  0.338991E-08  0.000000E+00  0.173012E-01  0.173012E-01  0.173012E-01 -0.354080E-06  0.155538E-01  0.260003E-02  0.488045E-06
  0.156764E+03  0.204284E-01  0.329054E-03  0.451902E-10  0.107293E-08  0.000000E+00  0.171530E-01  0.171530E-01  0.171530E-01 -0.351046E-06  0.154205E-01  0.257771E-02  0.481641E-06
  0.157488E+03  0.202537E-01  0.326236E-03  0.443928E-10  0.129142E-08  0.000000E+00  0.170062E-01  0.170062E-01  0.170062E-01 -0.348044E-06  0.152886E-01  0.255562E-02  0.475328E-06
  0.158215E+03  0.200803E-01  0.323441E-03  0.436094E-10  0.148649E-08  0.000000E+00  0.168607E-01  0.168607E-01  0.168607E-01 -0.345066E-06  0.151577E-01  0.253372E-02  0.469096E-06
  0.158945E+03  0.199084E-01  0.320669E-03  0.428396E-10  0.354251E-08  0.000000E+00  0.167163E-01  0.167163E-01  0.167163E-01 -0.342111E-06  0.150279E-01  0.251198E-02  0.462943E-06
  0.159679E+03  0.197379E-01  0.317920E-03  0.420833E-10  0.325430E-08  0.000000E+00  0.165732E-01  0.165732E-01  0.165732E-01 -0.339182E-06  0.148992E-01  0.249043E-02  0.456871E-06
  0.160416E+03  0.195689E-01  0.315194E-03  0.413403E-10  0.375305E-08  0.000000E+00  0.164313E-01  0.164313E-01  0.164313E-01 -0.336276E-06  0.147716E-01  0.246906E-02  0.450876E-06
  0.161156E+03  0.194013E-01  0.312492E-03  0.406104E-10  0.396981E-08  0.000000E+00  0.162905E-01  0.162905E-01  0.162905E-01 -0.333397E-06  0.146450E-01  0.244787E-02  0.444962E-06
  0.161900E+03  0.192352E-01  0.309812E-03  0.398935E-10 -0.136394E-08  0.000000E+00  0.161510E-01  0.161510E-01  0.161510E-01 -0.330541E-06  0.145196E-01  0.242687E-02  0.439125E-06
  0.162647E+03  0.190704E-01  0.307155E-03  0.391890E-10  0.243721E-08  0.000000E+00  0.160127E-01  0.160127E-01  0.160127E-01 -0.327710E-06  0.143952E-01  0.240604E-02  0.433363E-06
  0.163398E+03  0.189071E-01  0.304522E-03  0.384972E-10 -0.555010E-09  0.000000E+00  0.158756E-01  0.158756E-01  0.158756E-01 -0.324903E-06  0.142719E-01  0.238539E-02  0.427678E-06
  0.164152E+03  0.187453E-01  0.301913E-03  0.378178E-10  0.376527E-08  0.000000E+00  0.157397E-01  0.157397E-01  0.157397E-01 -0.322123E-06  0.141497E-01  0.236494E-02  0.422071E-06
  0.164910E+03  0.185845E-01  0.299319E-03  0.371495E-10  0.227006E-08  0.000000E+00  0.156047E-01  0.156047E-01  0.156047E-01 -0.319359E-06  0.140283E-01  0.234461E-02  0.416528E-06
  0.165671E+03  0.184248E-01  0.296741E-03  0.364922E-10  0.119185E-08  0.000000E+00  0.154706E-01  0.154706E-01  0.154706E-01 -0.316612E-06  0.139076E-01  0.232440E-02  0.411048E-06
  0.166436E+03  0.182670E-01  0.294197E-03  0.358479E-10  0.273575E-08  0.000000E+00  0.153381E-01  0.153381E-01  0.153381E-01 -0.313900E-06  0.137884E-01  0.230445E-02  0.405655E-06
  0.167204E+03  0.181105E-01  0.291673E-03  0.352149E-10  0.432246E-08  0.000000E+00  0.152067E-01  0.152067E-01  0.152067E-01 -0.311211E-06  0.136703E-01  0.228467E-02  0.400333E-06
  0.167976E+03  0.179554E-01  0.289172E-03  0.345931E-10 -0.138897E-08  0.000000E+00  0.150764E-01  0.150764E-01  0.150764E-01 -0.308545E-06  0.135532E-01  0.226505E-02  0.395080E-06
  0.168751E+03  0.178018E-01  0.286696E-03  0.339829E-10  0.290144E-08  0.000000E+00  0.149475E-01  0.149475E-01  0.149475E-01 -0.305908E-06  0.134373E-01  0.224565E-02  0.389904E-06
  0.169530E+03  0.176497E-01  0.284245E-03  0.333837E-10 -0.134541E-08  0.000000E+00  0.148197E-01  0.148197E-01  0.148197E-01 -0.303295E-06  0.133225E-01  0.222643E-02  0.384798E-06
  0.170313E+03  0.174975E-01  0.281787E-03  0.327918E-10  0.246694E-08  0.000000E+00  0.146920E-01  0.146920E-01  0.146920E-01 -0.300675E-06  0.132074E-01  0.220716E-02  0.379722E-06
  0.171099E+03  0.173476E-01  0.279369E-03  0.322127E-10  0.383483E-08  0.000000E+00  0.145661E-01  0.145661E-01  0.145661E-01 -0.298099E-06  0.130942E-01  0.218821E-02  0.374740E-06
  0.171888E+03  0.171989E-01  0.276972E-03  0.316439E-10  0.362365E-08  0.000000E+00  0.144413E-01  0.144413E-01  0.144413E-01 -0.295545E-06  0.129820E-01  0.216941E-02  0.369822E-06
  0.172682E+03  0.170515E-01  0.274595E-03  0.310850E-10  0.179106E-08  0.000000E+00  0.143175E-01  0.143175E-01  0.143175E-01 -0.293012E-06  0.128707E-01  0.215078E-02  0.364969E-06
  0.173479E+03  0.169054E-01  0.272239E-03  0.305360E-10 -0.136967E-09  0.000000E+00  0.141948E-01  0.141948E-01  0.141948E-01 -0.290501E-06  0.127604E-01  0.213231E-02  0.360179E-06
  0.174280E+03  0.167605E-01  0.269903E-03  0.299966E-10  0.148360E-08  0.000000E+00  0.140732E-01  0.140732E-01  0.140732E-01 -0.288011E-06  0.126510E-01  0.211399E-02  0.355452E-06
  0.175084E+03  0.166169E-01  0.267586E-03  0.294668E-10  0.920643E-10  0.000000E+00  0.139526E-01  0.139526E-01  0.139526E-01 -0.285543E-06  0.125425E-01  0.209583E-02  0.350787E-06
  0.175892E+03  0.164745E-01  0.265290E-03  0.289464E-10  0.381748E-11  0.000000E+00  0.138330E-01  0.138330E-01  0.138330E-01 -0.283096E-06  0.124350E-01  0.207783E-02  0.346184E-06
  0.176704E+03  0.163333E-01  0.263013E-03  0.284352E-10  0.107660E-08  0.000000E+00  0.137145E-01  0.137145E-01  0.137145E-01 -0.280670E-06  0.123284E-01  0.205998E-02  0.341641E-06
  0.177520E+03  0.161933E-01  0.260756E-03  0.279329E-10  0.191890E-08  0.000000E+00  0.135969E-01  0.135969E-01  0.135969E-01 -0.278264E-06  0.122228E-01  0.204229E-02  0.337157E-06
  0.178339E+03  0.160545E-01  0.258518E-03  0.274396E-10  0.693475E-09  0.000000E+00  0.134804E-01  0.134804E-01  0.134804E-01 -0.275879E-06  0.121180E-01  0.202474E-02  0.332732E-06
  0.179162E+03  0.159180E-01  0.256321E-03  0.269572E-10 -0.104684E-08  0.000000E+00  0.133658E-01  0.133658E-01  0.133658E-01 -0.273538E-06  0.120151E-01  0.200752E-02  0.328393E-06
  0.179989E+03  0.157813E-01  0.254114E-03  0.264804E-10  0.174748E-08  0.000000E+00  0.132509E-01  0.132509E-01  0.132509E-01 -0.271186E-06  0.119118E-01  0.199022E-02  0.324075E-06
  0.180820E+03  0.156460E-01  0.251933E-03  0.260127E-10  0.162831E-09  0.000000E+00  0.131373E-01  0.131373E-01  0.131373E-01 -0.268862E-06  0.118097E-01  0.197312E-02  0.319822E-06
  0.181655E+03  0.155121E-01  0.249775E-03  0.255536E-10 -0.297343E-09  0.000000E+00  0.130249E-01  0.130249E-01  0.130249E-01 -0.266562E-06  0.117086E-01  0.195620E-02  0.315629E-06
  0.182493E+03  0.153784E-01  0.247615E-03  0.251006E-10  0.773859E-09  0.000000E+00  0.129126E-01  0.129126E-01  0.129126E-01 -0.264260E-06  0.116075E-01  0.193927E-02  0.311467E-06
  0.183336E+03  0.152465E-01  0.245488E-03  0.246571E-10  0.184297E-08  0.000000E+00  0.128019E-01  0.128019E-01  0.128019E-01 -0.261994E-06  0.115079E-01  0.192259E-02  0.307378E-06
  0.184182E+03  0.151160E-01  0.243384E-03  0.242219E-10  0.320809E-09  0.000000E+00  0.126923E-01  0.126923E-01  0.126923E-01 -0.259752E-06  0.114094E-01  0.190610E-02  0.303347E-06
  0.185032E+03  0.149862E-01  0.241292E-03  0.237938E-10  0.686073E-09  0.000000E+00  0.125834E-01  0.125834E-01  0.125834E-01 -0.257522E-06  0.113115E-01  0.188969E-02  0.299362E-06
  0.185886E+03  0.148574E-01  0.239212E-03  0.233726E-10  0.892388E-09  0.000000E+00  0.124751E-01  0.124751E-01  0.124751E-01 -0.255305E-06  0.112141E-01  0.187339E-02  0.295423E-06
  0.186744E+03  0.147299E-01  0.237157E-03  0.229596E-10  0.136421E-08  0.000000E+00  0.123682E-01  0.123682E-01  0.123682E-01 -0.253116E-06  0.111179E-01  0.185728E-02  0.291544E-06
  0.187606E+03  0.146037E-01  0.235121E-03  0.225541E-10 -0.508806E-09  0.000000E+00  0.122621E-01  0.122621E-01  0.122621E-01 -0.250946E-06  0.110226E-01  0.184132E-02  0.287717E-06
  0.188472E+03  0.144784E-01  0.233102E-03  0.221556E-10  0.124561E-09  0.000000E+00  0.121570E-01  0.121570E-01  0.121570E-01 -0.248794E-06  0.109280E-01  0.182549E-02  0.283940E-06
  0.189342E+03  0.143560E-01  0.231134E-03  0.217674E-10 -0.210004E-09  0.000000E+00  0.120542E-01  0.120542E-01  0.120542E-01 -0.246697E-06  0.108359E-01  0.181006E-02  0.280254E-06
  0.190216E+03  0.142329E-01  0.229148E-03  0.213828E-10  0.346252E-09  0.000000E+00  0.119508E-01  0.119508E-01  0.119508E-01 -0.244582E-06  0.107430E-01  0.179449E-02  0.276575E-06
  0.191094E+03  0.141091E-01  0.227145E-03  0.210017E-10  0.173961E-08  0.000000E+00  0.118468E-01  0.118468E-01  0.118468E-01 -0.242447E-06  0.106492E-01  0.177879E-02  0.272902E-06
  0.191976E+03  0.139881E-01  0.225193E-03  0.206306E-10  0.734738E-09  0.000000E+00  0.117452E-01  0.117452E-01  0.117452E-01 -0.240367E-06  0.105578E-01  0.176349E-02  0.269318E-06
  0.192862E+03  0.138681E-01  0.223258E-03  0.202660E-10 -0.464796E-09  0.000000E+00  0.116445E-01  0.116445E-01  0.116445E-01 -0.238305E-06  0.104672E-01  0.174831E-02  0.265782E-06
  0.193752E+03  0.137491E-01  0.221339E-03  0.199078E-10  0.175155E-08  0.000000E+00  0.115446E-01  0.115446E-01  0.115446E-01 -0.236260E-06  0.103774E-01  0.173327E-02  0.262291E-06
  0.194647E+03  0.136311E-01  0.219437E-03  0.195560E-10  0.689815E-09  0.000000E+00  0.114455E-01  0.114455E-01  0.114455E-01 -0.234233E-06  0.102883E-01  0.171836E-02  0.258846E-06
  0.195545E+03  0.135142E-01  0.217551E-03  0.192104E-10 -0.326770E-10  0.000000E+00  0.113473E-01  0.113473E-01  0.113473E-01 -0.232223E-06  0.102000E-01  0.170357E-02  0.255447E-06
  0.196448E+03  0.133982E-01  0.215681E-03  0.188708E-10 -0.369943E-09  0.000000E+00  0.112499E-01  0.112499E-01  0.112499E-01 -0.230230E-06  0.101125E-01  0.168891E-02  0.252092E-06
  0.197354E+03  0.132833E-01  0.213827E-03  0.185373E-10  0.986805E-09  0.000000E+00  0.111534E-01  0.111534E-01  0.111534E-01 -0.228255E-06  0.100257E-01  0.167438E-02  0.248782E-06
  0.198265E+03  0.131693E-01  0.211990E-03  0.182097E-10  0.175922E-09  0.000000E+00  0.110577E-01  0.110577E-01  0.110577E-01 -0.226297E-06  0.993966E-02  0.165998E-02  0.245515E-06
  0.199180E+03  0.130563E-01  0.210168E-03  0.178879E-10  0.293163E-09  0.000000E+00  0.109629E-01  0.109629E-01  0.109629E-01 -0.224356E-06  0.985438E-02  0.164569E-02  0.242291E-06
  0.200100E+03  0.129443E-01  0.208361E-03  0.175718E-10 -0.101144E-08  0.000000E+00  0.108688E-01  0.108688E-01  0.108688E-01 -0.222431E-06  0.976981E-02  0.163153E-02  0.239109E-06
  0.201023E+03  0.128332E-01  0.206569E-03  0.172611E-10 -0.389922E-09  0.000000E+00  0.107755E-01  0.107755E-01  0.107755E-01 -0.220521E-06  0.968591E-02  0.161748E-02  0.235968E-06
  0.201951E+03  0.127232E-01  0.204796E-03  0.169562E-10  0.151858E-08  0.000000E+00  0.106832E-01  0.106832E-01  0.106832E-01 -0.218631E-06  0.960288E-02  0.160358E-02  0.232872E-06
  0.202884E+03  0.126140E-01  0.203035E-03  0.166565E-10  0.974554E-09  0.000000E+00  0.105915E-01  0.105915E-01  0.105915E-01 -0.216755E-06  0.952046E-02  0.158977E-02  0.229813E-06
  0.203820E+03  0.125058E-01  0.201290E-03  0.163621E-10  0.102529E-08  0.000000E+00  0.105006E-01  0.105006E-01  0.105006E-01 -0.214895E-06  0.943875E-02  0.157609E-02  0.226795E-06
  0.204761E+03  0.123984E-01  0.199558E-03  0.160728E-10 -0.500897E-09  0.000000E+00  0.104104E-01  0.104104E-01  0.104104E-01 -0.213050E-06  0.935768E-02  0.156252E-02  0.223815E-06
  0.205706E+03  0.122921E-01  0.197843E-03  0.157888E-10  0.219359E-09  0.000000E+00  0.103212E-01  0.103212E-01  0.103212E-01 -0.211222E-06  0.927741E-02  0.154907E-02  0.220877E-06
  0.206655E+03  0.121866E-01  0.196142E-03  0.155097E-10 -0.249377E-09  0.000000E+00  0.102326E-01  0.102326E-01  0.102326E-01 -0.209409E-06  0.919776E-02  0.153573E-02  0.217976E-06
  0.207609E+03  0.120819E-01  0.194455E-03  0.152355E-10  0.101451E-08  0.000000E+00  0.101447E-01  0.101447E-01  0.101447E-01 -0.207611E-06  0.911877E-02  0.152251E-02  0.215112E-06
  0.208568E+03  0.119782E-01  0.192782E-03  0.149661E-10 -0.352168E-10  0.000000E+00  0.100576E-01  0.100576E-01  0.100576E-01 -0.205829E-06  0.904048E-02  0.150939E-02  0.212286E-06
  0.209530E+03  0.118754E-01  0.191124E-03  0.147016E-10  0.801539E-09  0.000000E+00  0.997131E-02  0.997131E-02  0.997131E-02 -0.204063E-06  0.896287E-02  0.149640E-02  0.209498E-06
  0.210497E+03  0.117735E-01  0.189480E-03  0.144417E-10 -0.559212E-10  0.000000E+00  0.988571E-02  0.988571E-02  0.988571E-02 -0.202311E-06  0.888591E-02  0.148351E-02  0.206746E-06
  0.211469E+03  0.116724E-01  0.187851E-03  0.141864E-10  0.408030E-09  0.000000E+00  0.980088E-02  0.980088E-02  0.980088E-02 -0.200575E-06  0.880965E-02  0.147074E-02  0.204031E-06
  0.212445E+03  0.115723E-01  0.186236E-03  0.139356E-10  0.311574E-10  0.000000E+00  0.971676E-02  0.971676E-02  0.971676E-02 -0.198853E-06  0.873402E-02  0.145807E-02  0.201351E-06
  0.213426E+03  0.114729E-01  0.184633E-03  0.136892E-10  0.114078E-08  0.000000E+00  0.963334E-02  0.963334E-02  0.963334E-02 -0.197146E-06  0.865901E-02  0.144551E-02  0.198706E-06
  0.214411E+03  0.113749E-01  0.183054E-03  0.134479E-10  0.473484E-11  0.000000E+00  0.955102E-02  0.955102E-02  0.955102E-02 -0.195463E-06  0.858509E-02  0.143313E-02  0.196105E-06
  0.215401E+03  0.112772E-01  0.181479E-03  0.132101E-10  0.124661E-08  0.000000E+00  0.946901E-02  0.946901E-02  0.946901E-02 -0.193785E-06  0.851136E-02  0.142078E-02  0.193529E-06
  0.216395E+03  0.111804E-01  0.179917E-03  0.129765E-10  0.519906E-09  0.000000E+00  0.938770E-02  0.938770E-02  0.938770E-02 -0.192121E-06  0.843825E-02  0.140854E-02  0.190986E-06
  0.217394E+03  0.110844E-01  0.178369E-03  0.127471E-10  0.100029E-08  0.000000E+00  0.930709E-02  0.930709E-02  0.930709E-02 -0.190471E-06  0.836577E-02  0.139640E-02  0.188477E-06
  0.218397E+03  0.109892E-01  0.176834E-03  0.125216E-10  0.116415E-08  0.000000E+00  0.922716E-02  0.922716E-02  0.922716E-02 -0.188835E-06  0.829391E-02  0.138436E-02  0.186000E-06
  0.219405E+03  0.108947E-01  0.175311E-03  0.123001E-10  0.838227E-09  0.000000E+00  0.914787E-02  0.914787E-02  0.914787E-02 -0.187212E-06  0.822260E-02  0.137242E-02  0.183555E-06
  0.220418E+03  0.108012E-01  0.173802E-03  0.120826E-10  0.808262E-09  0.000000E+00  0.906931E-02  0.906931E-02  0.906931E-02 -0.185604E-06  0.815198E-02  0.136059E-02  0.181143E-06
  0.221435E+03  0.107084E-01  0.172306E-03  0.118690E-10  0.427729E-10  0.000000E+00  0.899143E-02  0.899143E-02  0.899143E-02 -0.184010E-06  0.808196E-02  0.134887E-02  0.178763E-06
  0.222457E+03  0.106165E-01  0.170823E-03  0.116591E-10  0.605812E-09  0.000000E+00  0.891420E-02  0.891420E-02  0.891420E-02 -0.182430E-06  0.801252E-02  0.133724E-02  0.176414E-06
  0.223484E+03  0.105253E-01  0.169353E-03  0.114529E-10 -0.249916E-09  0.000000E+00  0.883767E-02  0.883767E-02  0.883767E-02 -0.180864E-06  0.794372E-02  0.132572E-02  0.174097E-06
  0.224516E+03  0.104349E-01  0.167895E-03  0.112504E-10  0.682514E-10  0.000000E+00  0.876178E-02  0.876178E-02  0.876178E-02 -0.179310E-06  0.787549E-02  0.131429E-02  0.171810E-06
  0.225552E+03  0.103453E-01  0.166450E-03  0.110515E-10  0.717309E-09  0.000000E+00  0.868653E-02  0.868653E-02  0.868653E-02 -0.177771E-06  0.780785E-02  0.130296E-02  0.169552E-06
  0.226593E+03  0.102564E-01  0.165017E-03  0.108559E-10 -0.519276E-09  0.000000E+00  0.861189E-02  0.861189E-02  0.861189E-02 -0.176243E-06  0.774073E-02  0.129172E-02  0.167324E-06
  0.227639E+03  0.101683E-01  0.163596E-03  0.106639E-10  0.190864E-11  0.000000E+00  0.853791E-02  0.853791E-02  0.853791E-02 -0.174729E-06  0.767422E-02  0.128058E-02  0.165125E-06
  0.228690E+03  0.100810E-01  0.162187E-03  0.104753E-10  0.249552E-09  0.000000E+00  0.846457E-02  0.846457E-02  0.846457E-02 -0.173228E-06  0.760828E-02  0.126954E-02  0.162955E-06
  0.229745E+03  0.999428E-02  0.160789E-03  0.102900E-10  0.526330E-09  0.000000E+00  0.839178E-02  0.839178E-02  0.839178E-02 -0.171738E-06  0.754283E-02  0.125857E-02  0.160812E-06
  0.230806E+03  0.990842E-02  0.159404E-03  0.101080E-10 -0.150663E-09  0.000000E+00  0.831969E-02  0.831969E-02  0.831969E-02 -0.170262E-06  0.747801E-02  0.124772E-02  0.158699E-06
  0.231871E+03  0.982328E-02  0.158031E-03  0.992914E-11  0.687262E-09  0.000000E+00  0.824820E-02  0.824820E-02  0.824820E-02 -0.168799E-06  0.741374E-02  0.123695E-02  0.156613E-06
  0.232941E+03  0.973888E-02  0.156670E-03  0.975351E-11  0.949453E-09  0.000000E+00  0.817733E-02  0.817733E-02  0.817733E-02 -0.167349E-06  0.735002E-02  0.122628E-02  0.154554E-06
  0.234017E+03  0.965521E-02  0.155320E-03  0.958098E-11  0.422745E-09  0.000000E+00  0.810708E-02  0.810708E-02  0.810708E-02 -0.165911E-06  0.728686E-02  0.121570E-02  0.152523E-06
  0.235097E+03  0.957226E-02  0.153983E-03  0.941152E-11  0.149019E-09  0.000000E+00  0.803743E-02  0.803743E-02  0.803743E-02 -0.164486E-06  0.722425E-02  0.120522E-02  0.150519E-06
  0.236182E+03  0.949003E-02  0.152657E-03  0.924505E-11  0.122687E-08  0.000000E+00  0.796838E-02  0.796838E-02  0.796838E-02 -0.163073E-06  0.716218E-02  0.119482E-02  0.148541E-06
  0.237272E+03  0.940850E-02  0.151342E-03  0.908152E-11 -0.439863E-09  0.000000E+00  0.789992E-02  0.789992E-02  0.789992E-02 -0.161672E-06  0.710063E-02  0.118451E-02  0.146589E-06
  0.238367E+03  0.932754E-02  0.150036E-03  0.892073E-11  0.887732E-09  0.000000E+00  0.783194E-02  0.783194E-02  0.783194E-02 -0.160280E-06  0.703949E-02  0.117427E-02  0.144660E-06
  0.239468E+03  0.924739E-02  0.148743E-03  0.876292E-11  0.948401E-09  0.000000E+00  0.776465E-02  0.776465E-02  0.776465E-02 -0.158903E-06  0.697899E-02  0.116414E-02  0.142759E-06
  0.240573E+03  0.916790E-02  0.147461E-03  0.860787E-11  0.684399E-09  0.000000E+00  0.769790E-02  0.769790E-02  0.769790E-02 -0.157537E-06  0.691898E-02  0.115409E-02  0.140882E-06
  0.241683E+03  0.908909E-02  0.146190E-03  0.845556E-11  0.376698E-09  0.000000E+00  0.763173E-02  0.763173E-02  0.763173E-02 -0.156182E-06  0.685949E-02  0.114412E-02  0.139030E-06
  0.242799E+03  0.901097E-02  0.144930E-03  0.830596E-11  0.233647E-09  0.000000E+00  0.756614E-02  0.756614E-02  0.756614E-02 -0.154840E-06  0.680052E-02  0.113425E-02  0.137202E-06
  0.243920E+03  0.893349E-02  0.143681E-03  0.815897E-11  0.804629E-09  0.000000E+00  0.750108E-02  0.750108E-02  0.750108E-02 -0.153508E-06  0.674203E-02  0.112445E-02  0.135398E-06
  0.245046E+03  0.885669E-02  0.142442E-03  0.801459E-11  0.607790E-09  0.000000E+00  0.743659E-02  0.743659E-02  0.743659E-02 -0.152188E-06  0.668405E-02  0.111474E-02  0.133618E-06
  0.246177E+03  0.878056E-02  0.141214E-03  0.787278E-11  0.649661E-09  0.000000E+00  0.737267E-02  0.737267E-02  0.737267E-02 -0.150880E-06  0.662658E-02  0.110511E-02  0.131862E-06
  0.247313E+03  0.870544E-02  0.140004E-03  0.773388E-11  0.918815E-09  0.000000E+00  0.730959E-02  0.730959E-02  0.730959E-02 -0.149591E-06  0.656994E-02  0.109563E-02  0.130135E-06
  0.248454E+03  0.863063E-02  0.138798E-03  0.759706E-11 -0.230239E-09  0.000000E+00  0.724678E-02  0.724678E-02  0.724678E-02 -0.148305E-06  0.651347E-02  0.108617E-02  0.128425E-06
  0.249601E+03  0.855645E-02  0.137601E-03  0.746264E-11  0.881380E-09  0.000000E+00  0.718449E-02  0.718449E-02  0.718449E-02 -0.147031E-06  0.645747E-02  0.107679E-02  0.126737E-06
  0.250753E+03  0.848289E-02  0.136415E-03  0.733059E-11  0.516740E-09  0.000000E+00  0.712273E-02  0.712273E-02  0.712273E-02 -0.145767E-06  0.640195E-02  0.106749E-02  0.125070E-06
  0.251911E+03  0.840997E-02  0.135239E-03  0.720088E-11  0.508543E-09  0.000000E+00  0.706150E-02  0.706150E-02  0.706150E-02 -0.144514E-06  0.634691E-02  0.105827E-02  0.123426E-06
  0.253074E+03  0.833769E-02  0.134073E-03  0.707347E-11  0.772080E-09  0.000000E+00  0.700080E-02  0.700080E-02  0.700080E-02 -0.143271E-06  0.629235E-02  0.104913E-02  0.121804E-06
  0.254242E+03  0.826600E-02  0.132917E-03  0.694829E-11  0.928970E-10  0.000000E+00  0.694061E-02  0.694061E-02  0.694061E-02 -0.142040E-06  0.623823E-02  0.104007E-02  0.120203E-06
  0.255415E+03  0.819493E-02  0.131771E-03  0.682532E-11  0.493040E-09  0.000000E+00  0.688093E-02  0.688093E-02  0.688093E-02 -0.140818E-06  0.618458E-02  0.103108E-02  0.118622E-06
  0.256594E+03  0.812446E-02  0.130635E-03  0.670453E-11  0.388069E-09  0.000000E+00  0.682176E-02  0.682176E-02  0.682176E-02 -0.139607E-06  0.613139E-02  0.102217E-02  0.117063E-06
  0.257779E+03  0.805460E-02  0.129508E-03  0.658586E-11  0.541081E-09  0.000000E+00  0.676310E-02  0.676310E-02  0.676310E-02 -0.138407E-06  0.607865E-02  0.101334E-02  0.115523E-06
  0.258968E+03  0.798533E-02  0.128391E-03  0.646930E-11  0.155577E-09  0.000000E+00  0.670494E-02  0.670494E-02  0.670494E-02 -0.137216E-06  0.602636E-02  0.100458E-02  0.114004E-06
  0.260164E+03  0.791665E-02  0.127283E-03  0.635479E-11  0.449304E-10  0.000000E+00  0.664727E-02  0.664727E-02  0.664727E-02 -0.136036E-06  0.597452E-02  0.995894E-03  0.112505E-06
  0.261365E+03  0.784858E-02  0.126185E-03  0.624232E-11  0.139243E-09  0.000000E+00  0.659011E-02  0.659011E-02  0.659011E-02 -0.134866E-06  0.592313E-02  0.987287E-03  0.111026E-06
  0.262571E+03  0.778108E-02  0.125097E-03  0.613183E-11  0.743316E-09  0.000000E+00  0.653344E-02  0.653344E-02  0.653344E-02 -0.133706E-06  0.587218E-02  0.978752E-03  0.109566E-06
  0.263783E+03  0.771416E-02  0.124017E-03  0.602330E-11  0.703224E-09  0.000000E+00  0.647725E-02  0.647725E-02  0.647725E-02 -0.132556E-06  0.582167E-02  0.970291E-03  0.108126E-06
  0.265001E+03  0.764782E-02  0.122947E-03  0.591669E-11  0.859045E-10  0.000000E+00  0.642154E-02  0.642154E-02  0.642154E-02 -0.131416E-06  0.577159E-02  0.961903E-03  0.106704E-06
  0.266224E+03  0.758177E-02  0.121881E-03  0.581169E-11  0.451720E-09  0.000000E+00  0.636608E-02  0.636608E-02  0.636608E-02 -0.130280E-06  0.572168E-02  0.953542E-03  0.105296E-06
  0.267453E+03  0.751654E-02  0.120829E-03  0.570880E-11  0.154861E-09  0.000000E+00  0.631131E-02  0.631131E-02  0.631131E-02 -0.129159E-06  0.567244E-02  0.945294E-03  0.103911E-06
  0.268687E+03  0.745186E-02  0.119786E-03  0.560772E-11 -0.201319E-09  0.000000E+00  0.625700E-02  0.625700E-02  0.625700E-02 -0.128048E-06  0.562361E-02  0.937115E-03  0.102545E-06
  0.269927E+03  0.738775E-02  0.118752E-03  0.550843E-11 -0.383878E-10  0.000000E+00  0.620317E-02  0.620317E-02  0.620317E-02 -0.126946E-06  0.557521E-02  0.929008E-03  0.101196E-06
  0.271173E+03  0.732419E-02  0.117727E-03  0.541091E-11  0.261214E-09  0.000000E+00  0.614980E-02  0.614980E-02  0.614980E-02 -0.125854E-06  0.552724E-02  0.920972E-03  0.998650E-07
  0.272425E+03  0.726117E-02  0.116710E-03  0.531511E-11  0.185547E-09  0.000000E+00  0.609689E-02  0.609689E-02  0.609689E-02 -0.124771E-06  0.547966E-02  0.913003E-03  0.985514E-07
  0.273682E+03  0.719870E-02  0.115703E-03  0.522101E-11 -0.225956E-09  0.000000E+00  0.604443E-02  0.604443E-02  0.604443E-02 -0.123697E-06  0.543251E-02  0.905104E-03  0.972554E-07
  0.274946E+03  0.713678E-02  0.114704E-03  0.512859E-11  0.159099E-09  0.000000E+00  0.599244E-02  0.599244E-02  0.599244E-02 -0.122633E-06  0.538578E-02  0.897275E-03  0.959766E-07
  0.276215E+03  0.707539E-02  0.113714E-03  0.503779E-11  0.475555E-09  0.000000E+00  0.594089E-02  0.594089E-02  0.594089E-02 -0.121578E-06  0.533944E-02  0.889513E-03  0.947146E-07
  0.277490E+03  0.701452E-02  0.112732E-03  0.494861E-11  0.520193E-09  0.000000E+00  0.588979E-02  0.588979E-02  0.588979E-02 -0.120532E-06  0.529350E-02  0.881818E-03  0.934691E-07
  0.278770E+03  0.695421E-02  0.111760E-03  0.486103E-11  0.317378E-09  0.000000E+00  0.583915E-02  0.583915E-02  0.583915E-02 -0.119496E-06  0.524798E-02  0.874193E-03  0.922405E-07
  0.280057E+03  0.689437E-02  0.110795E-03  0.477495E-11  0.496609E-09  0.000000E+00  0.578890E-02  0.578890E-02  0.578890E-02 -0.118468E-06  0.520281E-02  0.866626E-03  0.910273E-07
  0.281350E+03  0.683504E-02  0.109838E-03  0.469040E-11  0.504664E-09  0.000000E+00  0.573908E-02  0.573908E-02  0.573908E-02 -0.117448E-06  0.515802E-02  0.859124E-03  0.898300E-07
  0.282649E+03  0.677622E-02  0.108889E-03  0.460734E-11  0.648959E-10  0.000000E+00  0.568969E-02  0.568969E-02  0.568969E-02 -0.116438E-06  0.511362E-02  0.851686E-03  0.886485E-07
  0.283953E+03  0.671790E-02  0.107948E-03  0.452575E-11  0.547961E-09  0.000000E+00  0.564072E-02  0.564072E-02  0.564072E-02 -0.115435E-06  0.506960E-02  0.844311E-03  0.874824E-07
  0.285264E+03  0.666008E-02  0.107016E-03  0.444561E-11  0.139573E-09  0.000000E+00  0.559218E-02  0.559218E-02  0.559218E-02 -0.114442E-06  0.502596E-02  0.837001E-03  0.863318E-07
  0.286581E+03  0.660276E-02  0.106092E-03  0.436688E-11  0.420245E-09  0.000000E+00  0.554405E-02  0.554405E-02  0.554405E-02 -0.113457E-06  0.498269E-02  0.829753E-03  0.851962E-07
  0.287903E+03  0.654594E-02  0.105175E-03  0.428955E-11  0.447050E-09  0.000000E+00  0.549633E-02  0.549633E-02  0.549633E-02 -0.112480E-06  0.493981E-02  0.822568E-03  0.840756E-07
  0.289232E+03  0.648961E-02  0.104267E-03  0.421359E-11  0.162084E-10  0.000000E+00  0.544903E-02  0.544903E-02  0.544903E-02 -0.111512E-06  0.489729E-02  0.815446E-03  0.829699E-07
  0.290567E+03  0.643376E-02  0.103366E-03  0.413897E-11  0.225872E-09  0.000000E+00  0.540214E-02  0.540214E-02  0.540214E-02 -0.110553E-06  0.485513E-02  0.808384E-03  0.818786E-07
  0.291909E+03  0.637838E-02  0.102473E-03  0.406566E-11 -0.238967E-11  0.000000E+00  0.535564E-02  0.535564E-02  0.535564E-02 -0.109601E-06  0.481333E-02  0.801381E-03  0.808015E-07
  0.293256E+03  0.632347E-02  0.101587E-03  0.399365E-11  0.402026E-10  0.000000E+00  0.530953E-02  0.530953E-02  0.530953E-02 -0.108657E-06  0.477188E-02  0.794437E-03  0.797386E-07
  0.294610E+03  0.626900E-02  0.100708E-03  0.392289E-11  0.535637E-09  0.000000E+00  0.526380E-02  0.526380E-02  0.526380E-02 -0.107721E-06  0.473076E-02  0.787549E-03  0.786891E-07
  0.295969E+03  0.621502E-02  0.998377E-04  0.385340E-11 -0.133385E-10  0.000000E+00  0.521847E-02  0.521847E-02  0.521847E-02 -0.106794E-06  0.469001E-02  0.780723E-03  0.776537E-07
  0.297335E+03  0.616151E-02  0.989747E-04  0.378514E-11 -0.150053E-09  0.000000E+00  0.517354E-02  0.517354E-02  0.517354E-02 -0.105874E-06  0.464963E-02  0.773957E-03  0.766322E-07
  0.298708E+03  0.610845E-02  0.981188E-04  0.371808E-11  0.187275E-09  0.000000E+00  0.512899E-02  0.512899E-02  0.512899E-02 -0.104962E-06  0.460957E-02  0.767246E-03  0.756238E-07
  0.300087E+03  0.605584E-02  0.972702E-04  0.365221E-11  0.441639E-09  0.000000E+00  0.508481E-02  0.508481E-02  0.508481E-02 -0.104058E-06  0.456986E-02  0.760593E-03  0.746286E-07
  0.301472E+03  0.600370E-02  0.964293E-04  0.358751E-11  0.441774E-09  0.000000E+00  0.504104E-02  0.504104E-02  0.504104E-02 -0.103162E-06  0.453050E-02  0.754000E-03  0.736469E-07
  0.302863E+03  0.595201E-02  0.955956E-04  0.352396E-11  0.596269E-10  0.000000E+00  0.499763E-02  0.499763E-02  0.499763E-02 -0.102274E-06  0.449149E-02  0.747464E-03  0.726780E-07
  0.304261E+03  0.590078E-02  0.947693E-04  0.346155E-11  0.362738E-09  0.000000E+00  0.495461E-02  0.495461E-02  0.495461E-02 -0.101394E-06  0.445282E-02  0.740986E-03  0.717221E-07
  0.305666E+03  0.584998E-02  0.939502E-04  0.340024E-11  0.894967E-10  0.000000E+00  0.491196E-02  0.491196E-02  0.491196E-02 -0.100521E-06  0.441449E-02  0.734564E-03  0.707787E-07
  0.307077E+03  0.579961E-02  0.931378E-04  0.334000E-11  0.163111E-09  0.000000E+00  0.486967E-02  0.486967E-02  0.486967E-02 -0.996552E-07  0.437647E-02  0.728194E-03  0.698476E-07
  0.308494E+03  0.574959E-02  0.923307E-04  0.328077E-11  0.694448E-10  0.000000E+00  0.482767E-02  0.482767E-02  0.482767E-02 -0.987953E-07  0.433870E-02  0.721867E-03  0.689275E-07
  0.309918E+03  0.570007E-02  0.915320E-04  0.322264E-11  0.424513E-09  0.000000E+00  0.478609E-02  0.478609E-02  0.478609E-02 -0.979444E-07  0.430132E-02  0.715605E-03  0.680206E-07
  0.311348E+03  0.565098E-02  0.907402E-04  0.316554E-11  0.160945E-09  0.000000E+00  0.474487E-02  0.474487E-02  0.474487E-02 -0.971007E-07  0.426426E-02  0.709397E-03  0.671255E-07
  0.312786E+03  0.560230E-02  0.899548E-04  0.310944E-11  0.152425E-09  0.000000E+00  0.470399E-02  0.470399E-02  0.470399E-02 -0.962641E-07  0.422751E-02  0.703240E-03  0.662421E-07
  0.314229E+03  0.555402E-02  0.891761E-04  0.305433E-11  0.982027E-10  0.000000E+00  0.466345E-02  0.466345E-02  0.466345E-02 -0.954344E-07  0.419107E-02  0.697134E-03  0.653701E-07
  0.315680E+03  0.550618E-02  0.884044E-04  0.300021E-11  0.390132E-09  0.000000E+00  0.462328E-02  0.462328E-02  0.462328E-02 -0.946122E-07  0.415496E-02  0.691084E-03  0.645099E-07
  0.317137E+03  0.545876E-02  0.876396E-04  0.294705E-11  0.393102E-10  0.000000E+00  0.458346E-02  0.458346E-02  0.458346E-02 -0.937974E-07  0.411917E-02  0.685088E-03  0.636612E-07
  0.318601E+03  0.541175E-02  0.868815E-04  0.289483E-11  0.210640E-09  0.000000E+00  0.454399E-02  0.454399E-02  0.454399E-02 -0.929897E-07  0.408369E-02  0.679144E-03  0.628237E-07
  0.320071E+03  0.536513E-02  0.861297E-04  0.284354E-11  0.975788E-10  0.000000E+00  0.450485E-02  0.450485E-02  0.450485E-02 -0.921887E-07  0.404851E-02  0.673250E-03  0.619971E-07
  0.321549E+03  0.531891E-02  0.853840E-04  0.279314E-11  0.381251E-09  0.000000E+00  0.446604E-02  0.446604E-02  0.446604E-02 -0.913942E-07  0.401362E-02  0.667403E-03  0.611812E-07
  0.323033E+03  0.527309E-02  0.846450E-04  0.274364E-11 -0.600620E-10  0.000000E+00  0.442757E-02  0.442757E-02  0.442757E-02 -0.906069E-07  0.397904E-02  0.661610E-03  0.603761E-07
  0.324524E+03  0.522765E-02  0.839121E-04  0.269501E-11  0.412813E-09  0.000000E+00  0.438941E-02  0.438941E-02  0.438941E-02 -0.898260E-07  0.394473E-02  0.655863E-03  0.595815E-07
  0.326022E+03  0.518260E-02  0.831854E-04  0.264724E-11  0.383656E-09  0.000000E+00  0.435159E-02  0.435159E-02  0.435159E-02 -0.890519E-07  0.391073E-02  0.650166E-03  0.587973E-07
  0.327527E+03  0.513794E-02  0.824651E-04  0.260032E-11  0.934277E-10  0.000000E+00  0.431409E-02  0.431409E-02  0.431409E-02 -0.882844E-07  0.387702E-02  0.644518E-03  0.580234E-07
  0.329039E+03  0.509366E-02  0.817509E-04  0.255422E-11  0.140322E-09  0.000000E+00  0.427691E-02  0.427691E-02  0.427691E-02 -0.875235E-07  0.384360E-02  0.638919E-03  0.572597E-07
  0.330557E+03  0.504976E-02  0.810428E-04  0.250895E-11 -0.670994E-10  0.000000E+00  0.424005E-02  0.424005E-02  0.424005E-02 -0.867691E-07  0.381047E-02  0.633367E-03  0.565061E-07
  0.332083E+03  0.500626E-02  0.803410E-04  0.246448E-11 -0.567408E-10  0.000000E+00  0.420351E-02  0.420351E-02  0.420351E-02 -0.860214E-07  0.377763E-02  0.627865E-03  0.557625E-07
  0.333616E+03  0.496313E-02  0.796455E-04  0.242080E-11  0.180334E-09  0.000000E+00  0.416731E-02  0.416731E-02  0.416731E-02 -0.852805E-07  0.374508E-02  0.622412E-03  0.550289E-07
  0.335156E+03  0.492038E-02  0.789560E-04  0.237790E-11  0.952981E-10  0.000000E+00  0.413141E-02  0.413141E-02  0.413141E-02 -0.845459E-07  0.371282E-02  0.617006E-03  0.543049E-07
  0.336703E+03  0.487798E-02  0.782722E-04  0.233575E-11  0.338699E-09  0.000000E+00  0.409581E-02  0.409581E-02  0.409581E-02 -0.838174E-07  0.368082E-02  0.611645E-03  0.535903E-07
  0.338257E+03  0.483593E-02  0.775939E-04  0.229434E-11  0.255950E-09  0.000000E+00  0.406050E-02  0.406050E-02  0.406050E-02 -0.830948E-07  0.364908E-02  0.606327E-03  0.528848E-07
  0.339818E+03  0.479425E-02  0.769214E-04  0.225366E-11 -0.831983E-10  0.000000E+00  0.402550E-02  0.402550E-02  0.402550E-02 -0.823783E-07  0.361761E-02  0.601054E-03  0.521887E-07
  0.341387E+03  0.475292E-02  0.762549E-04  0.221371E-11  0.359948E-09  0.000000E+00  0.399080E-02  0.399080E-02  0.399080E-02 -0.816683E-07  0.358643E-02  0.595829E-03  0.515018E-07
  0.342963E+03  0.471195E-02  0.755941E-04  0.217446E-11  0.291466E-09  0.000000E+00  0.395640E-02  0.395640E-02  0.395640E-02 -0.809642E-07  0.355550E-02  0.590648E-03  0.508239E-07
  0.344546E+03  0.467133E-02  0.749388E-04  0.213590E-11  0.252722E-09  0.000000E+00  0.392229E-02  0.392229E-02  0.392229E-02 -0.802662E-07  0.352484E-02  0.585510E-03  0.501548E-07
  0.346136E+03  0.463107E-02  0.742895E-04  0.209804E-11  0.628095E-10  0.000000E+00  0.388848E-02  0.388848E-02  0.388848E-02 -0.795743E-07  0.349446E-02  0.580419E-03  0.494948E-07
  0.347734E+03  0.459116E-02  0.736457E-04  0.206084E-11  0.247501E-10  0.000000E+00  0.385497E-02  0.385497E-02  0.385497E-02 -0.788885E-07  0.346433E-02  0.575372E-03  0.488434E-07
  0.349339E+03  0.455182E-02  0.730121E-04  0.202443E-11 -0.443926E-10  0.000000E+00  0.382194E-02  0.382194E-02  0.382194E-02 -0.782135E-07  0.343468E-02  0.570403E-03  0.482036E-07
  0.350951E+03  0.451258E-02  0.723792E-04  0.198854E-11 -0.279315E-10  0.000000E+00  0.378899E-02  0.378899E-02  0.378899E-02 -0.775393E-07  0.340507E-02  0.565441E-03  0.475692E-07
  0.352571E+03  0.447370E-02  0.717522E-04  0.195329E-11  0.236817E-09  0.000000E+00  0.375635E-02  0.375635E-02  0.375635E-02 -0.768713E-07  0.337573E-02  0.560525E-03  0.469434E-07
  0.354199E+03  0.443513E-02  0.711300E-04  0.191865E-11  0.120678E-09  0.000000E+00  0.372396E-02  0.372396E-02  0.372396E-02 -0.762084E-07  0.334662E-02  0.555647E-03  0.463254E-07
  0.355833E+03  0.439688E-02  0.705130E-04  0.188462E-11  0.815116E-10  0.000000E+00  0.369185E-02  0.369185E-02  0.369185E-02 -0.755511E-07  0.331775E-02  0.550810E-03  0.457156E-07
  0.357476E+03  0.435896E-02  0.699012E-04  0.185119E-11 -0.255617E-10  0.000000E+00  0.366000E-02  0.366000E-02  0.366000E-02 -0.748993E-07  0.328912E-02  0.546013E-03  0.451136E-07
  0.359126E+03  0.432137E-02  0.692949E-04  0.181836E-11  0.788962E-10  0.000000E+00  0.362844E-02  0.362844E-02  0.362844E-02 -0.742534E-07  0.326075E-02  0.541259E-03  0.445197E-07
  0.360784E+03  0.428408E-02  0.686933E-04  0.178610E-11 -0.464304E-11  0.000000E+00  0.359713E-02  0.359713E-02  0.359713E-02 -0.736125E-07  0.323260E-02  0.536542E-03  0.439333E-07
  0.362449E+03  0.424714E-02  0.680975E-04  0.175442E-11  0.295638E-10  0.000000E+00  0.356611E-02  0.356611E-02  0.356611E-02 -0.729778E-07  0.320473E-02  0.531871E-03  0.433550E-07
  0.364122E+03  0.421053E-02  0.675069E-04  0.172331E-11  0.123690E-09  0.000000E+00  0.353537E-02  0.353537E-02  0.353537E-02 -0.723486E-07  0.317709E-02  0.527240E-03  0.427844E-07
  0.365803E+03  0.417424E-02  0.669216E-04  0.169276E-11  0.121132E-09  0.000000E+00  0.350490E-02  0.350490E-02  0.350490E-02 -0.717251E-07  0.314970E-02  0.522651E-03  0.422214E-07
  0.367491E+03  0.413825E-02  0.663411E-04  0.166274E-11  0.915610E-10  0.000000E+00  0.347468E-02  0.347468E-02  0.347468E-02 -0.711067E-07  0.312255E-02  0.518100E-03  0.416658E-07
  0.369187E+03  0.410257E-02  0.657656E-04  0.163325E-11  0.212472E-09  0.000000E+00  0.344472E-02  0.344472E-02  0.344472E-02 -0.704936E-07  0.309562E-02  0.513588E-03  0.411174E-07
  0.370891E+03  0.406720E-02  0.651951E-04  0.160428E-11 -0.478323E-10  0.000000E+00  0.341502E-02  0.341502E-02  0.341502E-02 -0.698858E-07  0.306892E-02  0.509115E-03  0.405762E-07
  0.372603E+03  0.403211E-02  0.646291E-04  0.157582E-11  0.121665E-09  0.000000E+00  0.338556E-02  0.338556E-02  0.338556E-02 -0.692829E-07  0.304244E-02  0.504677E-03  0.400420E-07
  0.374323E+03  0.399733E-02  0.640680E-04  0.154786E-11  0.252389E-09  0.000000E+00  0.335635E-02  0.335635E-02  0.335635E-02 -0.686851E-07  0.301619E-02  0.500277E-03  0.395148E-07
  0.376051E+03  0.396284E-02  0.635116E-04  0.152040E-11  0.140779E-09  0.000000E+00  0.332739E-02  0.332739E-02  0.332739E-02 -0.680924E-07  0.299015E-02  0.495915E-03  0.389944E-07
  0.377787E+03  0.392867E-02  0.629604E-04  0.149343E-11 -0.727056E-11  0.000000E+00  0.329870E-02  0.329870E-02  0.329870E-02 -0.675052E-07  0.296437E-02  0.491593E-03  0.384812E-07
  0.379531E+03  0.389478E-02  0.624138E-04  0.146694E-11  0.168948E-09  0.000000E+00  0.327025E-02  0.327025E-02  0.327025E-02 -0.669229E-07  0.293879E-02  0.487308E-03  0.379746E-07
  0.381282E+03  0.386119E-02  0.618720E-04  0.144091E-11  0.383801E-11  0.000000E+00  0.324204E-02  0.324204E-02  0.324204E-02 -0.663457E-07  0.291344E-02  0.483059E-03  0.374747E-07
  0.383042E+03  0.382789E-02  0.613348E-04  0.141535E-11 -0.486390E-10  0.000000E+00  0.321408E-02  0.321408E-02  0.321408E-02 -0.657734E-07  0.288831E-02  0.478847E-03  0.369814E-07
  0.384810E+03  0.379487E-02  0.608022E-04  0.139024E-11  0.955119E-10  0.000000E+00  0.318636E-02  0.318636E-02  0.318636E-02 -0.652061E-07  0.286339E-02  0.474672E-03  0.364946E-07
  0.386587E+03  0.376214E-02  0.602742E-04  0.136558E-11  0.156947E-09  0.000000E+00  0.315887E-02  0.315887E-02  0.315887E-02 -0.646436E-07  0.283868E-02  0.470532E-03  0.360142E-07
  0.388371E+03  0.372967E-02  0.597503E-04  0.134134E-11  0.195149E-09  0.000000E+00  0.313160E-02  0.313160E-02  0.313160E-02 -0.640855E-07  0.281417E-02  0.466424E-03  0.355399E-07
  0.390164E+03  0.369749E-02  0.592313E-04  0.131754E-11  0.998600E-10  0.000000E+00  0.310459E-02  0.310459E-02  0.310459E-02 -0.635326E-07  0.278989E-02  0.462355E-03  0.350720E-07
  0.391965E+03  0.366559E-02  0.587167E-04  0.129416E-11 -0.231523E-10  0.000000E+00  0.307780E-02  0.307780E-02  0.307780E-02 -0.629845E-07  0.276582E-02  0.458320E-03  0.346103E-07
  0.393774E+03  0.363396E-02  0.582064E-04  0.127119E-11 -0.472831E-10  0.000000E+00  0.305124E-02  0.305124E-02  0.305124E-02 -0.624409E-07  0.274194E-02  0.454319E-03  0.341545E-07
  0.395591E+03  0.360260E-02  0.577006E-04  0.124864E-11  0.150637E-10  0.000000E+00  0.302492E-02  0.302492E-02  0.302492E-02 -0.619021E-07  0.271828E-02  0.450354E-03  0.337049E-07
  0.397417E+03  0.357154E-02  0.571997E-04  0.122649E-11  0.113906E-09  0.000000E+00  0.299883E-02  0.299883E-02  0.299883E-02 -0.613684E-07  0.269484E-02  0.446426E-03  0.332614E-07
  0.399252E+03  0.354072E-02  0.567024E-04  0.120472E-11  0.106898E-11  0.000000E+00  0.297295E-02  0.297295E-02  0.297295E-02 -0.608387E-07  0.267157E-02  0.442526E-03  0.328234E-07
  0.401095E+03  0.351016E-02  0.562095E-04  0.118334E-11  0.290848E-10  0.000000E+00  0.294730E-02  0.294730E-02  0.294730E-02 -0.603137E-07  0.264852E-02  0.438662E-03  0.323913E-07
  0.402946E+03  0.347987E-02  0.557209E-04  0.116234E-11  0.172457E-09  0.000000E+00  0.292186E-02  0.292186E-02  0.292186E-02 -0.597932E-07  0.262566E-02  0.434831E-03  0.319648E-07
  0.404806E+03  0.344983E-02  0.552363E-04  0.114170E-11  0.119523E-09  0.000000E+00  0.289664E-02  0.289664E-02  0.289664E-02 -0.592769E-07  0.260298E-02  0.431031E-03  0.315438E-07
  0.406674E+03  0.342005E-02  0.547558E-04  0.112143E-11  0.125071E-09  0.000000E+00  0.287163E-02  0.287163E-02  0.287163E-02 -0.587651E-07  0.258050E-02  0.427264E-03  0.311284E-07
  0.408551E+03  0.339053E-02  0.542796E-04  0.110153E-11  0.758427E-10  0.000000E+00  0.284685E-02  0.284685E-02  0.284685E-02 -0.582578E-07  0.255822E-02  0.423530E-03  0.307185E-07
  0.410437E+03  0.336131E-02  0.538083E-04  0.108199E-11  0.876997E-10  0.000000E+00  0.282231E-02  0.282231E-02  0.282231E-02 -0.577558E-07  0.253617E-02  0.419834E-03  0.303144E-07
  0.412332E+03  0.333230E-02  0.533404E-04  0.106278E-11  0.654131E-10  0.000000E+00  0.279795E-02  0.279795E-02  0.279795E-02 -0.572574E-07  0.251429E-02  0.416166E-03  0.299154E-07
  0.414235E+03  0.330356E-02  0.528768E-04  0.104393E-11  0.123078E-09  0.000000E+00  0.277382E-02  0.277382E-02  0.277382E-02 -0.567636E-07  0.249260E-02  0.412531E-03  0.295217E-07
  0.416147E+03  0.327504E-02  0.524168E-04  0.102539E-11  0.860055E-10  0.000000E+00  0.274988E-02  0.274988E-02  0.274988E-02 -0.562736E-07  0.247108E-02  0.408924E-03  0.291330E-07
  0.418068E+03  0.324678E-02  0.519609E-04  0.100719E-11  0.747381E-10  0.000000E+00  0.272614E-02  0.272614E-02  0.272614E-02 -0.557879E-07  0.244975E-02  0.405349E-03  0.287494E-07
  0.419998E+03  0.321875E-02  0.515087E-04  0.989310E-12  0.867123E-10  0.000000E+00  0.270261E-02  0.270261E-02  0.270261E-02 -0.553062E-07  0.242859E-02  0.401804E-03  0.283709E-07
  0.421936E+03  0.319096E-02  0.510605E-04  0.971746E-12  0.929836E-10  0.000000E+00  0.267928E-02  0.267928E-02  0.267928E-02 -0.548288E-07  0.240762E-02  0.398289E-03  0.279973E-07
  0.423884E+03  0.316336E-02  0.506150E-04  0.954472E-12  0.926252E-10  0.000000E+00  0.265610E-02  0.265610E-02  0.265610E-02 -0.543543E-07  0.238678E-02  0.394797E-03  0.276281E-07
  0.425840E+03  0.313603E-02  0.501739E-04  0.937515E-12  0.152671E-11  0.000000E+00  0.263315E-02  0.263315E-02  0.263315E-02 -0.538844E-07  0.236615E-02  0.391338E-03  0.272640E-07
  0.427806E+03  0.310895E-02  0.497371E-04  0.920867E-12  0.133133E-09  0.000000E+00  0.261041E-02  0.261041E-02  0.261041E-02 -0.534191E-07  0.234571E-02  0.387913E-03  0.269050E-07
  0.429781E+03  0.308212E-02  0.493043E-04  0.904520E-12  0.157354E-09  0.000000E+00  0.258788E-02  0.258788E-02  0.258788E-02 -0.529581E-07  0.232547E-02  0.384520E-03  0.265508E-07
  0.431764E+03  0.305551E-02  0.488750E-04  0.888458E-12  0.316065E-11  0.000000E+00  0.256554E-02  0.256554E-02  0.256554E-02 -0.525008E-07  0.230538E-02  0.381153E-03  0.262012E-07
  0.433757E+03  0.302913E-02  0.484494E-04  0.872681E-12  0.817731E-10  0.000000E+00  0.254339E-02  0.254339E-02  0.254339E-02 -0.520475E-07  0.228548E-02  0.377817E-03  0.258562E-07
  0.435759E+03  0.300297E-02  0.480275E-04  0.857183E-12  0.256403E-10  0.000000E+00  0.252143E-02  0.252143E-02  0.252143E-02 -0.515981E-07  0.226574E-02  0.374508E-03  0.255158E-07
  0.437771E+03  0.297704E-02  0.476092E-04  0.841960E-12  0.132738E-09  0.000000E+00  0.249965E-02  0.249965E-02  0.249965E-02 -0.511525E-07  0.224617E-02  0.371228E-03  0.251798E-07
  0.439791E+03  0.295132E-02  0.471941E-04  0.827002E-12 -0.163105E-10  0.000000E+00  0.247806E-02  0.247806E-02  0.247806E-02 -0.507104E-07  0.222675E-02  0.367974E-03  0.248480E-07
  0.441821E+03  0.292583E-02  0.467829E-04  0.812312E-12  0.641633E-10  0.000000E+00  0.245665E-02  0.245665E-02  0.245665E-02 -0.502723E-07  0.220751E-02  0.364749E-03  0.245208E-07
  0.443861E+03  0.290055E-02  0.463750E-04  0.797879E-12 -0.508357E-11  0.000000E+00  0.243543E-02  0.243543E-02  0.243543E-02 -0.498379E-07  0.218843E-02  0.361551E-03  0.241978E-07
  0.445910E+03  0.287550E-02  0.459709E-04  0.783707E-12  0.113654E-09  0.000000E+00  0.241439E-02  0.241439E-02  0.241439E-02 -0.494074E-07  0.216953E-02  0.358382E-03  0.238791E-07
  0.447968E+03  0.285068E-02  0.455705E-04  0.769791E-12  0.428507E-10  0.000000E+00  0.239355E-02  0.239355E-02  0.239355E-02 -0.489810E-07  0.215080E-02  0.355243E-03  0.235648E-07
  0.450035E+03  0.282608E-02  0.451737E-04  0.756124E-12  0.141309E-09  0.000000E+00  0.237289E-02  0.237289E-02  0.237289E-02 -0.485583E-07  0.213224E-02  0.352131E-03  0.232547E-07
  0.452113E+03  0.280168E-02  0.447800E-04  0.742694E-12  0.799967E-10  0.000000E+00  0.235240E-02  0.235240E-02  0.235240E-02 -0.481390E-07  0.211382E-02  0.349045E-03  0.229485E-07
  0.454200E+03  0.277748E-02  0.443897E-04  0.729501E-12  0.979774E-11  0.000000E+00  0.233209E-02  0.233209E-02  0.233209E-02 -0.477232E-07  0.209556E-02  0.345984E-03  0.226463E-07
  0.456296E+03  0.275348E-02  0.440025E-04  0.716538E-12  0.836144E-10  0.000000E+00  0.231194E-02  0.231194E-02  0.231194E-02 -0.473108E-07  0.207745E-02  0.342948E-03  0.223480E-07
  0.458402E+03  0.272969E-02  0.436187E-04  0.703807E-12  0.834148E-10  0.000000E+00  0.229196E-02  0.229196E-02  0.229196E-02 -0.469020E-07  0.205950E-02  0.339939E-03  0.220537E-07
  0.460518E+03  0.270577E-02  0.432315E-04  0.691193E-12  0.176335E-10  0.000000E+00  0.227188E-02  0.227188E-02  0.227188E-02 -0.464895E-07  0.204138E-02  0.336903E-03  0.217599E-07
  0.462644E+03  0.268240E-02  0.428544E-04  0.678912E-12  0.418756E-11  0.000000E+00  0.225225E-02  0.225225E-02  0.225225E-02 -0.460879E-07  0.202374E-02  0.333946E-03  0.214733E-07
  0.464779E+03  0.265923E-02  0.424807E-04  0.666852E-12  0.283931E-10  0.000000E+00  0.223280E-02  0.223280E-02  0.223280E-02 -0.456898E-07  0.200627E-02  0.331016E-03  0.211906E-07
  0.466925E+03  0.263626E-02  0.421101E-04  0.655003E-12  0.121705E-09  0.000000E+00  0.221351E-02  0.221351E-02  0.221351E-02 -0.452951E-07  0.198893E-02  0.328110E-03  0.209116E-07
  0.469080E+03  0.261349E-02  0.417428E-04  0.643366E-12  0.930146E-10  0.000000E+00  0.219439E-02  0.219439E-02  0.219439E-02 -0.449039E-07  0.197175E-02  0.325230E-03  0.206363E-07
  0.471245E+03  0.259092E-02  0.413786E-04  0.631935E-12  0.677529E-10  0.000000E+00  0.217544E-02  0.217544E-02  0.217544E-02 -0.445160E-07  0.195471E-02  0.322374E-03  0.203645E-07
  0.473420E+03  0.256852E-02  0.410173E-04  0.620702E-12  0.107835E-09  0.000000E+00  0.215663E-02  0.215663E-02  0.215663E-02 -0.441312E-07  0.193781E-02  0.319541E-03  0.200963E-07
  0.475605E+03  0.254631E-02  0.406589E-04  0.609665E-12  0.947798E-10  0.000000E+00  0.213798E-02  0.213798E-02  0.213798E-02 -0.437494E-07  0.192105E-02  0.316730E-03  0.198314E-07
  0.477801E+03  0.252424E-02  0.403025E-04  0.598808E-12  0.245944E-10  0.000000E+00  0.211945E-02  0.211945E-02  0.211945E-02 -0.433698E-07  0.190438E-02  0.313936E-03  0.195696E-07
  0.480006E+03  0.250242E-02  0.399504E-04  0.588163E-12  0.570601E-10  0.000000E+00  0.210113E-02  0.210113E-02  0.210113E-02 -0.429948E-07  0.188791E-02  0.311176E-03  0.193118E-07
  0.482222E+03  0.248080E-02  0.396016E-04  0.577710E-12 -0.111827E-10  0.000000E+00  0.208297E-02  0.208297E-02  0.208297E-02 -0.426233E-07  0.187159E-02  0.308440E-03  0.190575E-07
  0.484448E+03  0.245938E-02  0.392562E-04  0.567448E-12  0.650388E-10  0.000000E+00  0.206499E-02  0.206499E-02  0.206499E-02 -0.422554E-07  0.185544E-02  0.305732E-03  0.188067E-07
  0.486684E+03  0.243814E-02  0.389136E-04  0.557366E-12  0.566243E-10  0.000000E+00  0.204716E-02  0.204716E-02  0.204716E-02 -0.418905E-07  0.183941E-02  0.303045E-03  0.185592E-07
  0.488930E+03  0.241708E-02  0.385738E-04  0.547459E-12  0.260470E-10  0.000000E+00  0.202947E-02  0.202947E-02  0.202947E-02 -0.415286E-07  0.182352E-02  0.300381E-03  0.183148E-07
  0.491187E+03  0.239619E-02  0.382367E-04  0.537727E-12  0.333808E-10  0.000000E+00  0.201193E-02  0.201193E-02  0.201193E-02 -0.411696E-07  0.180775E-02  0.297738E-03  0.180736E-07
  0.493454E+03  0.237547E-02  0.379026E-04  0.528167E-12  0.362818E-10  0.000000E+00  0.199454E-02  0.199454E-02  0.199454E-02 -0.408137E-07  0.179212E-02  0.295118E-03  0.178356E-07
  0.495732E+03  0.235494E-02  0.375713E-04  0.518777E-12  0.687412E-10  0.000000E+00  0.197730E-02  0.197730E-02  0.197730E-02 -0.404609E-07  0.177663E-02  0.292520E-03  0.176007E-07
  0.498020E+03  0.233458E-02  0.372428E-04  0.509552E-12  0.653265E-10  0.000000E+00  0.196020E-02  0.196020E-02  0.196020E-02 -0.401110E-07  0.176126E-02  0.289944E-03  0.173689E-07
  0.500319E+03  0.231440E-02  0.369172E-04  0.500492E-12  0.364682E-10  0.000000E+00  0.194326E-02  0.194326E-02  0.194326E-02 -0.397643E-07  0.174604E-02  0.287391E-03  0.171401E-07
  0.502628E+03  0.229441E-02  0.365948E-04  0.491598E-12  0.609492E-10  0.000000E+00  0.192647E-02  0.192647E-02  0.192647E-02 -0.394209E-07  0.173096E-02  0.284863E-03  0.169146E-07
  0.504948E+03  0.227458E-02  0.362749E-04  0.482857E-12  0.346489E-10  0.000000E+00  0.190982E-02  0.190982E-02  0.190982E-02 -0.390801E-07  0.171599E-02  0.282354E-03  0.166918E-07
  0.507279E+03  0.225492E-02  0.359576E-04  0.474270E-12  0.473111E-10  0.000000E+00  0.189331E-02  0.189331E-02  0.189331E-02 -0.387422E-07  0.170115E-02  0.279866E-03  0.164720E-07
  0.509620E+03  0.223542E-02  0.356429E-04  0.465835E-12  0.556136E-10  0.000000E+00  0.187694E-02  0.187694E-02  0.187694E-02 -0.384071E-07  0.168644E-02  0.277399E-03  0.162550E-07
  0.511973E+03  0.221607E-02  0.353306E-04  0.457543E-12  0.172133E-11  0.000000E+00  0.186069E-02  0.186069E-02  0.186069E-02 -0.380745E-07  0.167183E-02  0.274950E-03  0.160407E-07
  0.514336E+03  0.219690E-02  0.350214E-04  0.449404E-12  0.381079E-10  0.000000E+00  0.184459E-02  0.184459E-02  0.184459E-02 -0.377451E-07  0.165736E-02  0.272525E-03  0.158294E-07
  0.516710E+03  0.217789E-02  0.347146E-04  0.441408E-12  0.144536E-11  0.000000E+00  0.182863E-02  0.182863E-02  0.182863E-02 -0.374185E-07  0.164302E-02  0.270120E-03  0.156208E-07
  0.519095E+03  0.215906E-02  0.344109E-04  0.433558E-12  0.496479E-10  0.000000E+00  0.181282E-02  0.181282E-02  0.181282E-02 -0.370949E-07  0.162881E-02  0.267738E-03  0.154151E-07
  0.521491E+03  0.214041E-02  0.341099E-04  0.425849E-12  0.193840E-10  0.000000E+00  0.179716E-02  0.179716E-02  0.179716E-02 -0.367744E-07  0.161473E-02  0.265378E-03  0.152122E-07
  0.523898E+03  0.212193E-02  0.338118E-04  0.418280E-12  0.286681E-10  0.000000E+00  0.178164E-02  0.178164E-02  0.178164E-02 -0.364569E-07  0.160079E-02  0.263040E-03  0.150121E-07
  0.526316E+03  0.210358E-02  0.335159E-04  0.410842E-12  0.658693E-11  0.000000E+00  0.176624E-02  0.176624E-02  0.176624E-02 -0.361418E-07  0.158695E-02  0.260720E-03  0.148144E-07
  0.528746E+03  0.208540E-02  0.332225E-04  0.403535E-12  0.462658E-10  0.000000E+00  0.175097E-02  0.175097E-02  0.175097E-02 -0.358294E-07  0.157323E-02  0.258419E-03  0.146194E-07
  0.531186E+03  0.206736E-02  0.329315E-04  0.396355E-12  0.381711E-10  0.000000E+00  0.173583E-02  0.173583E-02  0.173583E-02 -0.355194E-07  0.155962E-02  0.256137E-03  0.144268E-07
  0.533638E+03  0.204949E-02  0.326430E-04  0.389304E-12  0.423139E-10  0.000000E+00  0.172082E-02  0.172082E-02  0.172082E-02 -0.352122E-07  0.154613E-02  0.253875E-03  0.142368E-07
  0.536101E+03  0.203176E-02  0.323570E-04  0.382377E-12  0.120997E-10  0.000000E+00  0.170593E-02  0.170593E-02  0.170593E-02 -0.349076E-07  0.153276E-02  0.251632E-03  0.140493E-07
  0.538576E+03  0.201421E-02  0.320739E-04  0.375578E-12  0.100125E-10  0.000000E+00  0.169120E-02  0.169120E-02  0.169120E-02 -0.346062E-07  0.151952E-02  0.249413E-03  0.138645E-07
  0.541062E+03  0.199678E-02  0.317927E-04  0.368894E-12  0.355326E-10  0.000000E+00  0.167656E-02  0.167656E-02  0.167656E-02 -0.343067E-07  0.150637E-02  0.247208E-03  0.136818E-07
  0.543559E+03  0.197951E-02  0.315141E-04  0.362330E-12  0.451836E-10  0.000000E+00  0.166206E-02  0.166206E-02  0.166206E-02 -0.340100E-07  0.149333E-02  0.245023E-03  0.135017E-07
  0.546068E+03  0.196239E-02  0.312378E-04  0.355882E-12 -0.198503E-11  0.000000E+00  0.164769E-02  0.164769E-02  0.164769E-02 -0.337157E-07  0.148041E-02  0.242856E-03  0.133239E-07
  0.548589E+03  0.194541E-02  0.309639E-04  0.349548E-12  0.303320E-10  0.000000E+00  0.163343E-02  0.163343E-02  0.163343E-02 -0.334240E-07  0.146760E-02  0.240708E-03  0.131484E-07
  0.551121E+03  0.192858E-02  0.306923E-04  0.343327E-12 -0.654153E-11  0.000000E+00  0.161930E-02  0.161930E-02  0.161930E-02 -0.331348E-07  0.145490E-02  0.238578E-03  0.129752E-07
  0.553665E+03  0.191190E-02  0.304230E-04  0.337215E-12  0.173281E-10  0.000000E+00  0.160529E-02  0.160529E-02  0.160529E-02 -0.328480E-07  0.144231E-02  0.236466E-03  0.128043E-07
  0.556220E+03  0.189535E-02  0.301560E-04  0.331211E-12  0.296255E-10  0.000000E+00  0.159139E-02  0.159139E-02  0.159139E-02 -0.325636E-07  0.142982E-02  0.234373E-03  0.126356E-07
  0.558788E+03  0.187896E-02  0.298915E-04  0.325317E-12  0.512880E-10  0.000000E+00  0.157763E-02  0.157763E-02  0.157763E-02 -0.322820E-07  0.141745E-02  0.232299E-03  0.124692E-07
  0.561367E+03  0.186271E-02  0.296294E-04  0.319529E-12  0.597883E-10  0.000000E+00  0.156399E-02  0.156399E-02  0.156399E-02 -0.320029E-07  0.140520E-02  0.230243E-03  0.123051E-07
  0.563958E+03  0.184660E-02  0.293694E-04  0.313841E-12  0.122360E-10  0.000000E+00  0.155046E-02  0.155046E-02  0.155046E-02 -0.317260E-07  0.139304E-02  0.228205E-03  0.121431E-07
  0.566561E+03  0.183063E-02  0.291117E-04  0.308255E-12  0.221495E-10  0.000000E+00  0.153705E-02  0.153705E-02  0.153705E-02 -0.314516E-07  0.138099E-02  0.226184E-03  0.119832E-07
  0.569176E+03  0.181478E-02  0.288559E-04  0.302765E-12  0.253056E-10  0.000000E+00  0.152374E-02  0.152374E-02  0.152374E-02 -0.311792E-07  0.136903E-02  0.224178E-03  0.118253E-07
  0.571803E+03  0.179908E-02  0.286027E-04  0.297376E-12  0.733628E-11  0.000000E+00  0.151056E-02  0.151056E-02  0.151056E-02 -0.309096E-07  0.135718E-02  0.222192E-03  0.116696E-07
  0.574443E+03  0.178350E-02  0.283512E-04  0.292078E-12  0.592028E-10  0.000000E+00  0.149748E-02  0.149748E-02  0.149748E-02 -0.306417E-07  0.134542E-02  0.220220E-03  0.115158E-07
  0.577094E+03  0.176810E-02  0.281028E-04  0.286884E-12  0.438199E-10  0.000000E+00  0.148455E-02  0.148455E-02  0.148455E-02 -0.303773E-07  0.133381E-02  0.218272E-03  0.113644E-07
  0.579758E+03  0.175283E-02  0.278564E-04  0.281781E-12  0.529550E-10  0.000000E+00  0.147172E-02  0.147172E-02  0.147172E-02 -0.301149E-07  0.132229E-02  0.216340E-03  0.112150E-07
  0.582434E+03  0.173765E-02  0.276116E-04  0.276762E-12  0.427325E-10  0.000000E+00  0.145898E-02  0.145898E-02  0.145898E-02 -0.298542E-07  0.131084E-02  0.214420E-03  0.110673E-07
  0.585122E+03  0.172263E-02  0.273692E-04  0.271836E-12  0.491863E-10  0.000000E+00  0.144636E-02  0.144636E-02  0.144636E-02 -0.295960E-07  0.129950E-02  0.212519E-03  0.109216E-07
  0.587823E+03  0.170773E-02  0.271287E-04  0.266996E-12  0.792380E-11  0.000000E+00  0.143385E-02  0.143385E-02  0.143385E-02 -0.293400E-07  0.128826E-02  0.210634E-03  0.107778E-07
  0.590537E+03  0.169294E-02  0.268902E-04  0.262240E-12  0.242688E-10  0.000000E+00  0.142144E-02  0.142144E-02  0.142144E-02 -0.290859E-07  0.127710E-02  0.208763E-03  0.106359E-07
  0.593262E+03  0.167828E-02  0.266536E-04  0.257568E-12  0.129784E-10  0.000000E+00  0.140913E-02  0.140913E-02  0.140913E-02 -0.288340E-07  0.126604E-02  0.206908E-03  0.104958E-07
  0.596001E+03  0.166375E-02  0.264190E-04  0.252978E-12  0.176582E-10  0.000000E+00  0.139693E-02  0.139693E-02  0.139693E-02 -0.285842E-07  0.125507E-02  0.205068E-03  0.103575E-07
  0.598752E+03  0.164935E-02  0.261867E-04  0.248473E-12  0.236408E-10  0.000000E+00  0.138484E-02  0.138484E-02  0.138484E-02 -0.283369E-07  0.124421E-02  0.203246E-03  0.102211E-07
  0.601515E+03  0.163508E-02  0.259564E-04  0.244047E-12  0.288669E-10  0.000000E+00  0.137285E-02  0.137285E-02  0.137285E-02 -0.280916E-07  0.123344E-02  0.201440E-03  0.100866E-07
  0.604292E+03  0.162093E-02  0.257281E-04  0.239701E-12  0.683295E-11  0.000000E+00  0.136097E-02  0.136097E-02  0.136097E-02 -0.278486E-07  0.122277E-02  0.199650E-03  0.995380E-08
  0.607081E+03  0.160690E-02  0.255017E-04  0.235430E-12  0.130233E-10  0.000000E+00  0.134919E-02  0.134919E-02  0.134919E-02 -0.276075E-07  0.121218E-02  0.197875E-03  0.982274E-08
  0.609883E+03  0.159298E-02  0.252771E-04  0.231234E-12  0.168232E-10  0.000000E+00  0.133750E-02  0.133750E-02  0.133750E-02 -0.273682E-07  0.120167E-02  0.196113E-03  0.969332E-08
  0.612698E+03  0.157919E-02  0.250545E-04  0.227114E-12  0.287959E-10  0.000000E+00  0.132593E-02  0.132593E-02  0.132593E-02 -0.271313E-07  0.119127E-02  0.194368E-03  0.956569E-08
  0.615527E+03  0.156552E-02  0.248338E-04  0.223066E-12  0.141512E-10  0.000000E+00  0.131444E-02  0.131444E-02  0.131444E-02 -0.268963E-07  0.118095E-02  0.192637E-03  0.943969E-08
  0.618368E+03  0.155197E-02  0.246152E-04  0.219092E-12  0.221720E-10  0.000000E+00  0.130306E-02  0.130306E-02  0.130306E-02 -0.266634E-07  0.117072E-02  0.190922E-03  0.931542E-08
  0.621222E+03  0.153855E-02  0.243987E-04  0.215191E-12  0.331885E-10  0.000000E+00  0.129180E-02  0.129180E-02  0.129180E-02 -0.264330E-07  0.116060E-02  0.189225E-03  0.919291E-08
  0.624089E+03  0.152523E-02  0.241838E-04  0.211356E-12  0.188994E-10  0.000000E+00  0.128062E-02  0.128062E-02  0.128062E-02 -0.262042E-07  0.115056E-02  0.187539E-03  0.907189E-08
  0.626970E+03  0.151203E-02  0.239708E-04  0.207590E-12  0.106850E-10  0.000000E+00  0.126953E-02  0.126953E-02  0.126953E-02 -0.259773E-07  0.114060E-02  0.185869E-03  0.895248E-08
  0.629864E+03  0.149894E-02  0.237595E-04  0.203890E-12  0.206318E-10  0.000000E+00  0.125854E-02  0.125854E-02  0.125854E-02 -0.257524E-07  0.113072E-02  0.184212E-03  0.883462E-08
  0.632771E+03  0.148595E-02  0.235499E-04  0.200254E-12  0.259013E-10  0.000000E+00  0.124763E-02  0.124763E-02  0.124763E-02 -0.255292E-07  0.112092E-02  0.182568E-03  0.871823E-08
  0.635692E+03  0.147307E-02  0.233420E-04  0.196683E-12  0.260508E-10  0.000000E+00  0.123682E-02  0.123682E-02  0.123682E-02 -0.253078E-07  0.111120E-02  0.180938E-03  0.860336E-08
  0.638626E+03  0.146032E-02  0.231361E-04  0.193176E-12  0.290215E-10  0.000000E+00  0.122611E-02  0.122611E-02  0.122611E-02 -0.250886E-07  0.110157E-02  0.179324E-03  0.849007E-08
  0.641574E+03  0.144768E-02  0.229322E-04  0.189733E-12  0.215479E-10  0.000000E+00  0.121550E-02  0.121550E-02  0.121550E-02 -0.248714E-07  0.109203E-02  0.177724E-03  0.837833E-08
  0.644535E+03  0.143514E-02  0.227298E-04  0.186351E-12  0.106922E-10  0.000000E+00  0.120497E-02  0.120497E-02  0.120497E-02 -0.246560E-07  0.108257E-02  0.176137E-03  0.826803E-08
  0.647510E+03  0.142271E-02  0.225293E-04  0.183029E-12  0.149968E-11  0.000000E+00  0.119454E-02  0.119454E-02  0.119454E-02 -0.244425E-07  0.107320E-02  0.174565E-03  0.815920E-08
  0.650499E+03  0.141039E-02  0.223304E-04  0.179765E-12  0.263179E-10  0.000000E+00  0.118419E-02  0.118419E-02  0.118419E-02 -0.242308E-07  0.106390E-02  0.173005E-03  0.805177E-08
  0.653502E+03  0.139817E-02  0.221333E-04  0.176559E-12  0.136816E-10  0.000000E+00  0.117393E-02  0.117393E-02  0.117393E-02 -0.240209E-07  0.105468E-02  0.171459E-03  0.794575E-08
  0.656518E+03  0.138606E-02  0.219378E-04  0.173410E-12  0.192982E-10  0.000000E+00  0.116376E-02  0.116376E-02  0.116376E-02 -0.238127E-07  0.104554E-02  0.169926E-03  0.784114E-08
  0.659549E+03  0.137421E-02  0.217471E-04  0.170342E-12  0.250081E-10  0.000000E+00  0.115381E-02  0.115381E-02  0.115381E-02 -0.236098E-07  0.103663E-02  0.168430E-03  0.773899E-08
  0.662593E+03  0.136233E-02  0.215554E-04  0.167307E-12  0.152785E-10  0.000000E+00  0.114383E-02  0.114383E-02  0.114383E-02 -0.234056E-07  0.102767E-02  0.166927E-03  0.763724E-08
  0.665651E+03  0.135053E-02  0.213651E-04  0.164323E-12  0.253826E-10  0.000000E+00  0.113393E-02  0.113393E-02  0.113393E-02 -0.232030E-07  0.101877E-02  0.165434E-03  0.753674E-08
  0.668724E+03  0.133884E-02  0.211763E-04  0.161393E-12  0.168640E-10  0.000000E+00  0.112411E-02  0.112411E-02  0.112411E-02 -0.230020E-07  0.100994E-02  0.163954E-03  0.743754E-08
  0.671810E+03  0.132727E-02  0.209896E-04  0.158518E-12  0.214914E-10  0.000000E+00  0.111439E-02  0.111439E-02  0.111439E-02 -0.228033E-07  0.100122E-02  0.162490E-03  0.733981E-08
  0.674911E+03  0.131577E-02  0.208041E-04  0.155690E-12  0.182758E-10  0.000000E+00  0.110474E-02  0.110474E-02  0.110474E-02 -0.226058E-07  0.992544E-03  0.161035E-03  0.724322E-08
  0.678027E+03  0.130437E-02  0.206200E-04  0.152912E-12  0.753009E-11  0.000000E+00  0.109516E-02  0.109516E-02  0.109516E-02 -0.224098E-07  0.983937E-03  0.159591E-03  0.714782E-08
  0.681156E+03  0.129306E-02  0.204374E-04  0.150182E-12  0.308947E-11  0.000000E+00  0.108567E-02  0.108567E-02  0.108567E-02 -0.222153E-07  0.975400E-03  0.158159E-03  0.705366E-08
  0.684300E+03  0.128186E-02  0.202567E-04  0.147503E-12  0.268109E-10  0.000000E+00  0.107627E-02  0.107627E-02  0.107627E-02 -0.220230E-07  0.966955E-03  0.156743E-03  0.696086E-08
  0.687459E+03  0.127075E-02  0.200775E-04  0.144871E-12  0.198534E-10  0.000000E+00  0.106694E-02  0.106694E-02  0.106694E-02 -0.218322E-07  0.958575E-03  0.155337E-03  0.686924E-08
  0.690632E+03  0.125974E-02  0.198998E-04  0.142286E-12  0.160858E-10  0.000000E+00  0.105770E-02  0.105770E-02  0.105770E-02 -0.216430E-07  0.950267E-03  0.153943E-03  0.677881E-08
  0.693820E+03  0.124882E-02  0.197234E-04  0.139746E-12  0.209729E-10  0.000000E+00  0.104852E-02  0.104852E-02  0.104852E-02 -0.214552E-07  0.942023E-03  0.152560E-03  0.668953E-08
  0.697022E+03  0.123799E-02  0.195487E-04  0.137251E-12  0.848490E-11  0.000000E+00  0.103943E-02  0.103943E-02  0.103943E-02 -0.212692E-07  0.933853E-03  0.151190E-03  0.660144E-08
  0.700240E+03  0.122727E-02  0.193755E-04  0.134801E-12  0.227484E-10  0.000000E+00  0.103042E-02  0.103042E-02  0.103042E-02 -0.210848E-07  0.925757E-03  0.149832E-03  0.651454E-08
  0.703472E+03  0.121666E-02  0.192043E-04  0.132398E-12  0.740484E-11  0.000000E+00  0.102151E-02  0.102151E-02  0.102151E-02 -0.209026E-07  0.917755E-03  0.148489E-03  0.642896E-08
  0.706719E+03  0.120610E-02  0.190339E-04  0.130033E-12  0.145052E-10  0.000000E+00  0.101265E-02  0.101265E-02  0.101265E-02 -0.207211E-07  0.909788E-03  0.147153E-03  0.634426E-08
  0.709981E+03  0.119566E-02  0.188654E-04  0.127713E-12  0.234783E-10  0.000000E+00  0.100388E-02  0.100388E-02  0.100388E-02 -0.205417E-07  0.901909E-03  0.145831E-03  0.626082E-08
  0.713258E+03  0.118530E-02  0.186982E-04  0.125433E-12  0.159120E-10  0.000000E+00  0.995183E-03  0.995183E-03  0.995183E-03 -0.203637E-07  0.894093E-03  0.144520E-03  0.617843E-08
  0.716550E+03  0.117503E-02  0.185324E-04  0.123193E-12  0.125931E-10  0.000000E+00  0.986560E-03  0.986560E-03  0.986560E-03 -0.201872E-07  0.886344E-03  0.143220E-03  0.609713E-08
  0.719858E+03  0.116486E-02  0.183683E-04  0.120996E-12  0.134661E-11  0.000000E+00  0.978020E-03  0.978020E-03  0.978020E-03 -0.200125E-07  0.878673E-03  0.141933E-03  0.601698E-08
  0.723181E+03  0.115475E-02  0.182052E-04  0.118834E-12  0.201494E-10  0.000000E+00  0.969539E-03  0.969539E-03  0.969539E-03 -0.198389E-07  0.871050E-03  0.140654E-03  0.593776E-08
  0.726519E+03  0.114475E-02  0.180438E-04  0.116713E-12  0.106822E-10  0.000000E+00  0.961141E-03  0.961141E-03  0.961141E-03 -0.196671E-07  0.863505E-03  0.139388E-03  0.585966E-08
  0.729872E+03  0.113483E-02  0.178836E-04  0.114629E-12  0.178801E-10  0.000000E+00  0.952809E-03  0.952809E-03  0.952809E-03 -0.194966E-07  0.856017E-03  0.138132E-03  0.578255E-08
  0.733241E+03  0.112499E-02  0.177249E-04  0.112581E-12  0.860798E-11  0.000000E+00  0.944551E-03  0.944551E-03  0.944551E-03 -0.193276E-07  0.848597E-03  0.136887E-03  0.570647E-08
  0.736626E+03  0.111524E-02  0.175675E-04  0.110570E-12  0.198818E-10  0.000000E+00  0.936362E-03  0.936362E-03  0.936362E-03 -0.191600E-07  0.841238E-03  0.135653E-03  0.563137E-08
  0.740026E+03  0.110555E-02  0.174110E-04  0.108593E-12  0.109719E-10  0.000000E+00  0.928226E-03  0.928226E-03  0.928226E-03 -0.189934E-07  0.833923E-03  0.134425E-03  0.555713E-08
  0.743441E+03  0.109597E-02  0.172562E-04  0.106652E-12  0.137062E-10  0.000000E+00  0.920176E-03  0.920176E-03  0.920176E-03 -0.188286E-07  0.826688E-03  0.133212E-03  0.548398E-08
  0.746873E+03  0.108646E-02  0.171028E-04  0.104746E-12  0.779152E-11  0.000000E+00  0.912196E-03  0.912196E-03  0.912196E-03 -0.186653E-07  0.819516E-03  0.132008E-03  0.541180E-08
  0.750320E+03  0.107706E-02  0.169511E-04  0.102877E-12  0.111634E-10  0.000000E+00  0.904300E-03  0.904300E-03  0.904300E-03 -0.185038E-07  0.812424E-03  0.130818E-03  0.534069E-08
  0.753784E+03  0.106772E-02  0.168004E-04  0.101039E-12  0.111730E-10  0.000000E+00  0.896462E-03  0.896462E-03  0.896462E-03 -0.183434E-07  0.805382E-03  0.129637E-03  0.527045E-08
  0.757263E+03  0.105847E-02  0.166511E-04  0.992344E-13  0.452853E-11  0.000000E+00  0.888696E-03  0.888696E-03  0.888696E-03 -0.181845E-07  0.798404E-03  0.128466E-03  0.520115E-08
  0.760758E+03  0.104933E-02  0.165037E-04  0.974653E-13  0.758683E-11  0.000000E+00  0.881021E-03  0.881021E-03  0.881021E-03 -0.180276E-07  0.791515E-03  0.127310E-03  0.513294E-08
  0.764270E+03  0.104024E-02  0.163569E-04  0.957238E-13  0.115151E-10  0.000000E+00  0.873384E-03  0.873384E-03  0.873384E-03 -0.178713E-07  0.784653E-03  0.126159E-03  0.506543E-08
  0.767798E+03  0.103122E-02  0.162113E-04  0.940129E-13  0.113915E-10  0.000000E+00  0.865811E-03  0.865811E-03  0.865811E-03 -0.177163E-07  0.777847E-03  0.125017E-03  0.499879E-08
  0.771342E+03  0.102228E-02  0.160671E-04  0.923330E-13  0.977029E-11  0.000000E+00  0.858307E-03  0.858307E-03  0.858307E-03 -0.175628E-07  0.771106E-03  0.123886E-03  0.493306E-08
  0.774902E+03  0.101343E-02  0.159242E-04  0.906837E-13  0.161550E-10  0.000000E+00  0.850873E-03  0.850873E-03  0.850873E-03 -0.174107E-07  0.764428E-03  0.122765E-03  0.486823E-08
  0.778479E+03  0.100464E-02  0.157823E-04  0.890626E-13  0.117424E-10  0.000000E+00  0.843495E-03  0.843495E-03  0.843495E-03 -0.172597E-07  0.757798E-03  0.121653E-03  0.480419E-08
  0.782072E+03  0.995933E-03  0.156418E-04  0.874706E-13  0.941024E-11  0.000000E+00  0.836182E-03  0.836182E-03  0.836182E-03 -0.171101E-07  0.751227E-03  0.120550E-03  0.474101E-08
  0.785682E+03  0.987280E-03  0.155020E-04  0.859048E-13  0.628985E-11  0.000000E+00  0.828916E-03  0.828916E-03  0.828916E-03 -0.169613E-07  0.744694E-03  0.119454E-03  0.467855E-08
  0.789308E+03  0.978713E-03  0.153637E-04  0.843682E-13  0.991686E-11  0.000000E+00  0.821723E-03  0.821723E-03  0.821723E-03 -0.168141E-07  0.738230E-03  0.118370E-03  0.461698E-08
  0.792952E+03  0.970224E-03  0.152267E-04  0.828593E-13  0.167007E-10  0.000000E+00  0.814595E-03  0.814595E-03  0.814595E-03 -0.166682E-07  0.731824E-03  0.117295E-03  0.455624E-08
  0.796612E+03  0.961815E-03  0.150909E-04  0.813781E-13  0.991193E-11  0.000000E+00  0.807534E-03  0.807534E-03  0.807534E-03 -0.165237E-07  0.725481E-03  0.116231E-03  0.449635E-08
  0.800289E+03  0.953473E-03  0.149563E-04  0.799226E-13  0.141349E-10  0.000000E+00  0.800530E-03  0.800530E-03  0.800530E-03 -0.163804E-07  0.719187E-03  0.115175E-03  0.443721E-08
  0.803983E+03  0.945211E-03  0.148229E-04  0.784938E-13  0.491420E-11  0.000000E+00  0.793592E-03  0.793592E-03  0.793592E-03 -0.162384E-07  0.712954E-03  0.114129E-03  0.437890E-08
  0.807694E+03  0.937011E-03  0.146905E-04  0.770895E-13  0.878571E-11  0.000000E+00  0.786707E-03  0.786707E-03  0.786707E-03 -0.160975E-07  0.706767E-03  0.113091E-03  0.432129E-08
  0.811422E+03  0.928882E-03  0.145593E-04  0.757103E-13  0.130994E-10  0.000000E+00  0.779881E-03  0.779881E-03  0.779881E-03 -0.159578E-07  0.700634E-03  0.112062E-03  0.426446E-08
  0.815167E+03  0.920826E-03  0.144292E-04  0.743558E-13  0.459639E-11  0.000000E+00  0.773117E-03  0.773117E-03  0.773117E-03 -0.158194E-07  0.694555E-03  0.111042E-03  0.420838E-08
  0.818930E+03  0.912844E-03  0.143004E-04  0.730261E-13  0.461586E-11  0.000000E+00  0.766415E-03  0.766415E-03  0.766415E-03 -0.156823E-07  0.688534E-03  0.110031E-03  0.415308E-08
  0.822710E+03  0.904922E-03  0.141725E-04  0.717189E-13  0.752546E-11  0.000000E+00  0.759763E-03  0.759763E-03  0.759763E-03 -0.155461E-07  0.682556E-03  0.109028E-03  0.409844E-08
  0.826507E+03  0.897071E-03  0.140458E-04  0.704355E-13  0.739500E-11  0.000000E+00  0.753171E-03  0.753171E-03  0.753171E-03 -0.154112E-07  0.676633E-03  0.108034E-03  0.404455E-08
  0.830322E+03  0.889288E-03  0.139201E-04  0.691748E-13  0.862943E-11  0.000000E+00  0.746635E-03  0.746635E-03  0.746635E-03 -0.152774E-07  0.670760E-03  0.107049E-03  0.399136E-08
  0.834155E+03  0.881571E-03  0.137955E-04  0.679364E-13  0.690240E-11  0.000000E+00  0.740156E-03  0.740156E-03  0.740156E-03 -0.151448E-07  0.664937E-03  0.106072E-03  0.393887E-08
  0.838005E+03  0.873919E-03  0.136720E-04  0.667201E-13  0.845211E-11  0.000000E+00  0.733731E-03  0.733731E-03  0.733731E-03 -0.150133E-07  0.659163E-03  0.105103E-03  0.388706E-08
  0.841873E+03  0.866335E-03  0.135495E-04  0.655254E-13  0.772816E-11  0.000000E+00  0.727362E-03  0.727362E-03  0.727362E-03 -0.148830E-07  0.653440E-03  0.104143E-03  0.383594E-08
  0.845759E+03  0.858822E-03  0.134282E-04  0.643527E-13  0.494786E-11  0.000000E+00  0.721054E-03  0.721054E-03  0.721054E-03 -0.147539E-07  0.647772E-03  0.103192E-03  0.378553E-08
  0.849663E+03  0.851376E-03  0.133081E-04  0.632010E-13  0.679489E-11  0.000000E+00  0.714802E-03  0.714802E-03  0.714802E-03 -0.146260E-07  0.642156E-03  0.102249E-03  0.373579E-08
  0.853585E+03  0.843991E-03  0.131888E-04  0.620695E-13  0.789989E-11  0.000000E+00  0.708601E-03  0.708601E-03  0.708601E-03 -0.144991E-07  0.636584E-03  0.101314E-03  0.368669E-08
  0.857525E+03  0.836665E-03  0.130706E-04  0.609578E-13  0.747352E-11  0.000000E+00  0.702449E-03  0.702449E-03  0.702449E-03 -0.143732E-07  0.631056E-03  0.100387E-03  0.363821E-08
  0.861483E+03  0.829405E-03  0.129534E-04  0.598661E-13  0.114986E-10  0.000000E+00  0.696353E-03  0.696353E-03  0.696353E-03 -0.142484E-07  0.625579E-03  0.994676E-04  0.359039E-08
  0.865460E+03  0.822211E-03  0.128372E-04  0.587941E-13  0.830832E-11  0.000000E+00  0.690313E-03  0.690313E-03  0.690313E-03 -0.141248E-07  0.620152E-03  0.985569E-04  0.354321E-08
  0.869454E+03  0.815088E-03  0.127223E-04  0.577421E-13  0.109374E-10  0.000000E+00  0.684332E-03  0.684332E-03  0.684332E-03 -0.140025E-07  0.614780E-03  0.976555E-04  0.349671E-08
  0.873468E+03  0.808016E-03  0.126081E-04  0.567079E-13  0.639792E-11  0.000000E+00  0.678394E-03  0.678394E-03  0.678394E-03 -0.138810E-07  0.609445E-03  0.967602E-04  0.345076E-08
  0.877499E+03  0.801006E-03  0.124950E-04  0.556921E-13  0.109154E-10  0.000000E+00  0.672508E-03  0.672508E-03  0.672508E-03 -0.137605E-07  0.604156E-03  0.958728E-04  0.340542E-08
  0.881550E+03  0.794048E-03  0.123826E-04  0.546937E-13  0.775488E-11  0.000000E+00  0.666665E-03  0.666665E-03  0.666665E-03 -0.136409E-07  0.598905E-03  0.949917E-04  0.336063E-08
  0.885619E+03  0.787155E-03  0.122713E-04  0.537135E-13  0.466899E-11  0.000000E+00  0.660878E-03  0.660878E-03  0.660878E-03 -0.135225E-07  0.593704E-03  0.941190E-04  0.331645E-08
  0.889706E+03  0.780322E-03  0.121610E-04  0.527509E-13  0.102385E-10  0.000000E+00  0.655140E-03  0.655140E-03  0.655140E-03 -0.134051E-07  0.588549E-03  0.932539E-04  0.327286E-08
  0.893813E+03  0.773552E-03  0.120517E-04  0.518057E-13  0.743736E-11  0.000000E+00  0.649455E-03  0.649455E-03  0.649455E-03 -0.132887E-07  0.583441E-03  0.923968E-04  0.322987E-08
  0.897939E+03  0.766840E-03  0.119433E-04  0.508773E-13  0.646167E-11  0.000000E+00  0.643819E-03  0.643819E-03  0.643819E-03 -0.131734E-07  0.578377E-03  0.915471E-04  0.318744E-08
  0.902084E+03  0.760191E-03  0.118360E-04  0.499659E-13  0.595555E-11  0.000000E+00  0.638237E-03  0.638237E-03  0.638237E-03 -0.130592E-07  0.573363E-03  0.907056E-04  0.314560E-08
  0.906247E+03  0.753577E-03  0.117292E-04  0.490689E-13  0.373234E-11  0.000000E+00  0.632683E-03  0.632683E-03  0.632683E-03 -0.129455E-07  0.568370E-03  0.898679E-04  0.310419E-08
  0.910430E+03  0.747037E-03  0.116236E-04  0.481893E-13  0.537363E-11  0.000000E+00  0.627192E-03  0.627192E-03  0.627192E-03 -0.128331E-07  0.563436E-03  0.890400E-04  0.306341E-08
  0.914633E+03  0.740567E-03  0.115192E-04  0.473264E-13  0.445092E-11  0.000000E+00  0.621759E-03  0.621759E-03  0.621759E-03 -0.127220E-07  0.558557E-03  0.882211E-04  0.302324E-08
  0.918855E+03  0.734121E-03  0.114151E-04  0.464764E-13  0.844039E-11  0.000000E+00  0.616347E-03  0.616347E-03  0.616347E-03 -0.126112E-07  0.553691E-03  0.874047E-04  0.298343E-08
  0.923096E+03  0.727748E-03  0.113122E-04  0.456430E-13  0.905340E-11  0.000000E+00  0.610996E-03  0.610996E-03  0.610996E-03 -0.125017E-07  0.548883E-03  0.865979E-04  0.294424E-08
  0.927357E+03  0.721376E-03  0.112091E-04  0.448200E-13  0.820287E-11  0.000000E+00  0.605645E-03  0.605645E-03  0.605645E-03 -0.123919E-07  0.544064E-03  0.857899E-04  0.290529E-08
  0.931637E+03  0.715113E-03  0.111080E-04  0.440161E-13  0.603261E-11  0.000000E+00  0.600386E-03  0.600386E-03  0.600386E-03 -0.122843E-07  0.539340E-03  0.849971E-04  0.286713E-08
  0.935937E+03  0.708905E-03  0.110078E-04  0.432266E-13  0.532640E-11  0.000000E+00  0.595174E-03  0.595174E-03  0.595174E-03 -0.121776E-07  0.534657E-03  0.842113E-04  0.282948E-08
  0.940257E+03  0.702751E-03  0.109084E-04  0.424511E-13  0.403860E-11  0.000000E+00  0.590006E-03  0.590006E-03  0.590006E-03 -0.120719E-07  0.530013E-03  0.834321E-04  0.279232E-08
  0.944597E+03  0.696650E-03  0.108099E-04  0.416894E-13  0.551269E-11  0.000000E+00  0.584883E-03  0.584883E-03  0.584883E-03 -0.119671E-07  0.525411E-03  0.826598E-04  0.275565E-08
  0.948957E+03  0.690603E-03  0.107123E-04  0.409415E-13  0.537784E-11  0.000000E+00  0.579806E-03  0.579806E-03  0.579806E-03 -0.118632E-07  0.520849E-03  0.818944E-04  0.271947E-08
  0.953338E+03  0.684608E-03  0.106155E-04  0.402069E-13  0.473916E-11  0.000000E+00  0.574772E-03  0.574772E-03  0.574772E-03 -0.117602E-07  0.516327E-03  0.811355E-04  0.268376E-08
  0.957738E+03  0.678664E-03  0.105196E-04  0.394853E-13  0.625326E-11  0.000000E+00  0.569781E-03  0.569781E-03  0.569781E-03 -0.116580E-07  0.511842E-03  0.803830E-04  0.264853E-08
  0.962159E+03  0.672769E-03  0.104244E-04  0.387764E-13  0.694164E-11  0.000000E+00  0.564831E-03  0.564831E-03  0.564831E-03 -0.115567E-07  0.507395E-03  0.796367E-04  0.261374E-08
  0.966600E+03  0.666928E-03  0.103301E-04  0.380803E-13  0.677779E-11  0.000000E+00  0.559927E-03  0.559927E-03  0.559927E-03 -0.114564E-07  0.502988E-03  0.788973E-04  0.257943E-08
  0.971062E+03  0.661140E-03  0.102366E-04  0.373969E-13  0.564511E-11  0.000000E+00  0.555067E-03  0.555067E-03  0.555067E-03 -0.113569E-07  0.498622E-03  0.781647E-04  0.254558E-08
  0.975544E+03  0.655399E-03  0.101440E-04  0.367255E-13  0.497090E-11  0.000000E+00  0.550247E-03  0.550247E-03  0.550247E-03 -0.112583E-07  0.494292E-03  0.774380E-04  0.251216E-08
  0.980047E+03  0.649710E-03  0.100521E-04  0.360662E-13  0.680150E-11  0.000000E+00  0.545469E-03  0.545469E-03  0.545469E-03 -0.111605E-07  0.490000E-03  0.767178E-04  0.247919E-08
  0.984570E+03  0.644079E-03  0.996124E-05  0.354192E-13  0.626726E-11  0.000000E+00  0.540741E-03  0.540741E-03  0.540741E-03 -0.110638E-07  0.485753E-03  0.760053E-04  0.244670E-08
  0.989115E+03  0.638484E-03  0.987091E-05  0.347830E-13  0.537771E-11  0.000000E+00  0.536043E-03  0.536043E-03  0.536043E-03 -0.109677E-07  0.481533E-03  0.752971E-04  0.241458E-08
  0.993680E+03  0.632940E-03  0.978140E-05  0.341583E-13  0.501191E-11  0.000000E+00  0.531388E-03  0.531388E-03  0.531388E-03 -0.108724E-07  0.477350E-03  0.745952E-04  0.238289E-08
  0.998267E+03  0.627443E-03  0.969265E-05  0.335447E-13  0.494755E-11  0.000000E+00  0.526772E-03  0.526772E-03  0.526772E-03 -0.107780E-07  0.473203E-03  0.738994E-04  0.235162E-08
  0.100287E+04  0.621994E-03  0.960469E-05  0.329420E-13  0.500632E-11  0.000000E+00  0.522197E-03  0.522197E-03  0.522197E-03 -0.106844E-07  0.469093E-03  0.732097E-04  0.232076E-08
  0.100750E+04  0.616591E-03  0.951746E-05  0.323501E-13  0.530567E-11  0.000000E+00  0.517661E-03  0.517661E-03  0.517661E-03 -0.105915E-07  0.465017E-03  0.725259E-04  0.229031E-08
  0.101215E+04  0.611261E-03  0.943148E-05  0.317704E-13  0.395567E-11  0.000000E+00  0.513185E-03  0.513185E-03  0.513185E-03 -0.105001E-07  0.461000E-03  0.718517E-04  0.226037E-08
  0.101683E+04  0.605951E-03  0.934576E-05  0.311994E-13  0.618264E-11  0.000000E+00  0.508727E-03  0.508727E-03  0.508727E-03 -0.104088E-07  0.456995E-03  0.711796E-04  0.223071E-08
  0.102152E+04  0.600694E-03  0.926090E-05  0.306390E-13  0.453191E-11  0.000000E+00  0.504312E-03  0.504312E-03  0.504312E-03 -0.103185E-07  0.453029E-03  0.705142E-04  0.220147E-08
  0.102623E+04  0.595478E-03  0.917670E-05  0.300884E-13  0.500929E-11  0.000000E+00  0.499933E-03  0.499933E-03  0.499933E-03 -0.102289E-07  0.449095E-03  0.698542E-04  0.217260E-08
  0.103097E+04  0.590301E-03  0.909311E-05  0.295471E-13  0.454025E-11  0.000000E+00  0.495586E-03  0.495586E-03  0.495586E-03 -0.101399E-07  0.445189E-03  0.691988E-04  0.214408E-08
  0.103573E+04  0.585172E-03  0.901030E-05  0.290158E-13  0.425937E-11  0.000000E+00  0.491279E-03  0.491279E-03  0.491279E-03 -0.100518E-07  0.441319E-03  0.685496E-04  0.211595E-08
  0.104051E+04  0.580089E-03  0.892822E-05  0.284940E-13  0.377134E-11  0.000000E+00  0.487011E-03  0.487011E-03  0.487011E-03 -0.996444E-08  0.437484E-03  0.679062E-04  0.208819E-08
  0.104531E+04  0.575047E-03  0.884683E-05  0.279815E-13  0.432770E-11  0.000000E+00  0.482778E-03  0.482778E-03  0.482778E-03 -0.987781E-08  0.433681E-03  0.672681E-04  0.206079E-08
  0.105014E+04  0.570054E-03  0.876623E-05  0.274783E-13  0.422787E-11  0.000000E+00  0.478585E-03  0.478585E-03  0.478585E-03 -0.979204E-08  0.429915E-03  0.666362E-04  0.203378E-08
  0.105499E+04  0.565102E-03  0.868627E-05  0.269840E-13  0.416292E-11  0.000000E+00  0.474427E-03  0.474427E-03  0.474427E-03 -0.970694E-08  0.426179E-03  0.660094E-04  0.200711E-08
  0.105986E+04  0.560197E-03  0.860711E-05  0.264989E-13  0.399293E-11  0.000000E+00  0.470309E-03  0.470309E-03  0.470309E-03 -0.962269E-08  0.422480E-03  0.653888E-04  0.198081E-08
  0.106475E+04  0.555303E-03  0.852800E-05  0.260205E-13  0.350869E-11  0.000000E+00  0.466199E-03  0.466199E-03  0.466199E-03 -0.953847E-08  0.418782E-03  0.647688E-04  0.195472E-08
  0.106966E+04  0.550490E-03  0.845034E-05  0.255529E-13  0.341892E-11  0.000000E+00  0.462158E-03  0.462158E-03  0.462158E-03 -0.945583E-08  0.415154E-03  0.641600E-04  0.192914E-08
  0.107460E+04  0.545706E-03  0.837310E-05  0.250930E-13  0.469490E-11  0.000000E+00  0.458140E-03  0.458140E-03  0.458140E-03 -0.937362E-08  0.411544E-03  0.635545E-04  0.190384E-08
  0.107956E+04  0.540963E-03  0.829653E-05  0.246413E-13  0.377440E-11  0.000000E+00  0.454158E-03  0.454158E-03  0.454158E-03 -0.929213E-08  0.407967E-03  0.629543E-04  0.187888E-08
  0.108454E+04  0.536263E-03  0.822065E-05  0.241977E-13  0.455753E-11  0.000000E+00  0.450212E-03  0.450212E-03  0.450212E-03 -0.921137E-08  0.404421E-03  0.623595E-04  0.185425E-08
  0.108955E+04  0.531606E-03  0.814547E-05  0.237622E-13  0.341996E-11  0.000000E+00  0.446301E-03  0.446301E-03  0.446301E-03 -0.913136E-08  0.400908E-03  0.617702E-04  0.182995E-08
  0.109458E+04  0.526986E-03  0.807089E-05  0.233343E-13  0.335663E-11  0.000000E+00  0.442422E-03  0.442422E-03  0.442422E-03 -0.905198E-08  0.397423E-03  0.611856E-04  0.180597E-08
  0.109963E+04  0.522413E-03  0.799709E-05  0.229145E-13  0.351419E-11  0.000000E+00  0.438583E-03  0.438583E-03  0.438583E-03 -0.897344E-08  0.393975E-03  0.606072E-04  0.178233E-08
  0.110471E+04  0.517881E-03  0.792395E-05  0.225022E-13  0.360336E-11  0.000000E+00  0.434777E-03  0.434777E-03  0.434777E-03 -0.889561E-08  0.390557E-03  0.600338E-04  0.175900E-08
  0.110981E+04  0.513379E-03  0.785126E-05  0.220967E-13  0.322783E-11  0.000000E+00  0.430997E-03  0.430997E-03  0.430997E-03 -0.881823E-08  0.387160E-03  0.594641E-04  0.173594E-08
  0.111493E+04  0.508914E-03  0.777917E-05  0.216985E-13  0.381135E-11  0.000000E+00  0.427248E-03  0.427248E-03  0.427248E-03 -0.874151E-08  0.383792E-03  0.588991E-04  0.171319E-08
  0.112007E+04  0.504473E-03  0.770741E-05  0.213066E-13  0.378176E-11  0.000000E+00  0.423518E-03  0.423518E-03  0.423518E-03 -0.866511E-08  0.380438E-03  0.583368E-04  0.169066E-08
  0.112524E+04  0.500086E-03  0.763658E-05  0.209225E-13  0.384784E-11  0.000000E+00  0.419835E-03  0.419835E-03  0.419835E-03 -0.858972E-08  0.377128E-03  0.577817E-04  0.166850E-08
  0.113044E+04  0.495710E-03  0.756586E-05  0.205439E-13  0.341438E-11  0.000000E+00  0.416161E-03  0.416161E-03  0.416161E-03 -0.851442E-08  0.373822E-03  0.572276E-04  0.164652E-08
  0.113566E+04  0.491405E-03  0.749638E-05  0.201738E-13  0.352873E-11  0.000000E+00  0.412546E-03  0.412546E-03  0.412546E-03 -0.844047E-08  0.370575E-03  0.566830E-04  0.162497E-08
  0.114090E+04  0.487135E-03  0.742744E-05  0.198101E-13  0.360086E-11  0.000000E+00  0.408960E-03  0.408960E-03  0.408960E-03 -0.836709E-08  0.367354E-03  0.561427E-04  0.160369E-08
  0.114616E+04  0.482898E-03  0.735904E-05  0.194528E-13  0.292891E-11  0.000000E+00  0.405403E-03  0.405403E-03  0.405403E-03 -0.829429E-08  0.364157E-03  0.556067E-04  0.158267E-08
  0.115145E+04  0.478700E-03  0.729128E-05  0.191020E-13  0.308085E-11  0.000000E+00  0.401878E-03  0.401878E-03  0.401878E-03 -0.822216E-08  0.360991E-03  0.550757E-04  0.156194E-08
  0.115677E+04  0.474538E-03  0.722409E-05  0.187575E-13  0.320423E-11  0.000000E+00  0.398383E-03  0.398383E-03  0.398383E-03 -0.815065E-08  0.357851E-03  0.545492E-04  0.154148E-08
  0.116211E+04  0.470413E-03  0.715750E-05  0.184191E-13  0.313221E-11  0.000000E+00  0.394919E-03  0.394919E-03  0.394919E-03 -0.807976E-08  0.354739E-03  0.540273E-04  0.152130E-08
  0.116747E+04  0.466320E-03  0.709142E-05  0.180867E-13  0.303504E-11  0.000000E+00  0.391483E-03  0.391483E-03  0.391483E-03 -0.800943E-08  0.351651E-03  0.535096E-04  0.150137E-08
  0.117286E+04  0.462266E-03  0.702599E-05  0.177604E-13  0.289495E-11  0.000000E+00  0.388079E-03  0.388079E-03  0.388079E-03 -0.793978E-08  0.348593E-03  0.529969E-04  0.148171E-08
  0.117828E+04  0.458237E-03  0.696091E-05  0.174394E-13  0.336783E-11  0.000000E+00  0.384695E-03  0.384695E-03  0.384695E-03 -0.787050E-08  0.345552E-03  0.524870E-04  0.146227E-08
  0.118371E+04  0.454252E-03  0.689660E-05  0.171246E-13  0.311690E-11  0.000000E+00  0.381350E-03  0.381350E-03  0.381350E-03 -0.780204E-08  0.342546E-03  0.519831E-04  0.144313E-08
  0.118918E+04  0.450303E-03  0.683285E-05  0.168155E-13  0.298604E-11  0.000000E+00  0.378034E-03  0.378034E-03  0.378034E-03 -0.773418E-08  0.339567E-03  0.514836E-04  0.142424E-08
  0.119467E+04  0.446408E-03  0.677005E-05  0.165129E-13  0.293198E-11  0.000000E+00  0.374764E-03  0.374764E-03  0.374764E-03 -0.766736E-08  0.336633E-03  0.509914E-04  0.140568E-08
  0.120018E+04  0.442520E-03  0.670727E-05  0.162145E-13  0.280470E-11  0.000000E+00  0.371499E-03  0.371499E-03  0.371499E-03 -0.760053E-08  0.333699E-03  0.504996E-04  0.138725E-08
  0.120572E+04  0.438674E-03  0.664519E-05  0.159217E-13  0.275533E-11  0.000000E+00  0.368269E-03  0.368269E-03  0.368269E-03 -0.753444E-08  0.330798E-03  0.500132E-04  0.136911E-08
  0.121129E+04  0.434862E-03  0.658368E-05  0.156343E-13  0.294806E-11  0.000000E+00  0.365069E-03  0.365069E-03  0.365069E-03 -0.746897E-08  0.327923E-03  0.495314E-04  0.135120E-08
  0.121688E+04  0.431081E-03  0.652266E-05  0.153519E-13  0.250019E-11  0.000000E+00  0.361894E-03  0.361894E-03  0.361894E-03 -0.740401E-08  0.325071E-03  0.490533E-04  0.133353E-08
  0.122249E+04  0.427331E-03  0.646213E-05  0.150745E-13  0.272433E-11  0.000000E+00  0.358745E-03  0.358745E-03  0.358745E-03 -0.733957E-08  0.322242E-03  0.485791E-04  0.131607E-08
  0.122814E+04  0.423619E-03  0.640222E-05  0.148023E-13  0.259493E-11  0.000000E+00  0.355628E-03  0.355628E-03  0.355628E-03 -0.727581E-08  0.319443E-03  0.481098E-04  0.129887E-08
  0.123381E+04  0.419935E-03  0.634276E-05  0.145348E-13  0.294560E-11  0.000000E+00  0.352535E-03  0.352535E-03  0.352535E-03 -0.721251E-08  0.316664E-03  0.476440E-04  0.128188E-08
  0.123950E+04  0.416283E-03  0.628382E-05  0.142721E-13  0.246593E-11  0.000000E+00  0.349468E-03  0.349468E-03  0.349468E-03 -0.714976E-08  0.313909E-03  0.471823E-04  0.126512E-08
  0.124522E+04  0.412662E-03  0.622539E-05  0.140141E-13  0.280879E-11  0.000000E+00  0.346428E-03  0.346428E-03  0.346428E-03 -0.708755E-08  0.311178E-03  0.467246E-04  0.124857E-08
  0.125097E+04  0.409073E-03  0.616746E-05  0.137607E-13  0.240044E-11  0.000000E+00  0.343414E-03  0.343414E-03  0.343414E-03 -0.702588E-08  0.308470E-03  0.462709E-04  0.123224E-08
  0.125674E+04  0.405526E-03  0.611025E-05  0.135124E-13  0.267517E-11  0.000000E+00  0.340436E-03  0.340436E-03  0.340436E-03 -0.696499E-08  0.305797E-03  0.458227E-04  0.121617E-08
  0.126254E+04  0.401999E-03  0.605333E-05  0.132680E-13  0.244753E-11  0.000000E+00  0.337475E-03  0.337475E-03  0.337475E-03 -0.690439E-08  0.303137E-03  0.453770E-04  0.120027E-08
  0.126837E+04  0.398502E-03  0.599689E-05  0.130280E-13  0.244850E-11  0.000000E+00  0.334538E-03  0.334538E-03  0.334538E-03 -0.684431E-08  0.300498E-03  0.449350E-04  0.118458E-08
  0.127423E+04  0.395036E-03  0.594096E-05  0.127923E-13  0.236997E-11  0.000000E+00  0.331628E-03  0.331628E-03  0.331628E-03 -0.678475E-08  0.297884E-03  0.444969E-04  0.116909E-08
  0.128011E+04  0.391596E-03  0.588543E-05  0.125606E-13  0.265080E-11  0.000000E+00  0.328739E-03  0.328739E-03  0.328739E-03 -0.672562E-08  0.295288E-03  0.440621E-04  0.115380E-08
  0.128602E+04  0.388153E-03  0.582978E-05  0.123319E-13  0.234586E-11  0.000000E+00  0.325849E-03  0.325849E-03  0.325849E-03 -0.666632E-08  0.292685E-03  0.436266E-04  0.113858E-08
  0.129195E+04  0.384770E-03  0.577517E-05  0.121084E-13  0.238555E-11  0.000000E+00  0.323008E-03  0.323008E-03  0.323008E-03 -0.660816E-08  0.290131E-03  0.431989E-04  0.112368E-08
  0.129792E+04  0.381432E-03  0.572132E-05  0.118896E-13  0.231468E-11  0.000000E+00  0.320205E-03  0.320205E-03  0.320205E-03 -0.655084E-08  0.287615E-03  0.427773E-04  0.110903E-08
  0.130391E+04  0.378109E-03  0.566770E-05  0.116741E-13  0.215920E-11  0.000000E+00  0.317415E-03  0.317415E-03  0.317415E-03 -0.649373E-08  0.285108E-03  0.423574E-04  0.109452E-08
  0.130993E+04  0.374812E-03  0.561448E-05  0.114624E-13  0.205774E-11  0.000000E+00  0.314647E-03  0.314647E-03  0.314647E-03 -0.643706E-08  0.282620E-03  0.419408E-04  0.108019E-08
  0.131597E+04  0.371552E-03  0.556188E-05  0.112548E-13  0.215521E-11  0.000000E+00  0.311909E-03  0.311909E-03  0.311909E-03 -0.638105E-08  0.280161E-03  0.415290E-04  0.106609E-08
  0.132205E+04  0.368319E-03  0.550972E-05  0.110509E-13  0.216415E-11  0.000000E+00  0.309194E-03  0.309194E-03  0.309194E-03 -0.632550E-08  0.277722E-03  0.411206E-04  0.105216E-08
  0.132815E+04  0.365114E-03  0.545801E-05  0.108507E-13  0.213987E-11  0.000000E+00  0.306503E-03  0.306503E-03  0.306503E-03 -0.627043E-08  0.275304E-03  0.407158E-04  0.103841E-08
  0.133428E+04  0.361932E-03  0.540666E-05  0.106539E-13  0.210744E-11  0.000000E+00  0.303832E-03  0.303832E-03  0.303832E-03 -0.621575E-08  0.272904E-03  0.403139E-04  0.102484E-08
  0.134044E+04  0.358783E-03  0.535585E-05  0.104608E-13  0.204335E-11  0.000000E+00  0.301187E-03  0.301187E-03  0.301187E-03 -0.616163E-08  0.270528E-03  0.399162E-04  0.101145E-08
  0.134663E+04  0.355661E-03  0.530549E-05  0.102711E-13  0.199759E-11  0.000000E+00  0.298566E-03  0.298566E-03  0.298566E-03 -0.610800E-08  0.268173E-03  0.395220E-04  0.998247E-09
  0.135284E+04  0.352579E-03  0.525581E-05  0.100854E-13  0.202554E-11  0.000000E+00  0.295978E-03  0.295978E-03  0.295978E-03 -0.605510E-08  0.265851E-03  0.391330E-04  0.985259E-09
  0.135909E+04  0.349510E-03  0.520631E-05  0.990248E-14  0.206634E-11  0.000000E+00  0.293402E-03  0.293402E-03  0.293402E-03 -0.600238E-08  0.263537E-03  0.387456E-04  0.972396E-09
  0.136536E+04  0.346467E-03  0.515721E-05  0.972283E-14  0.196692E-11  0.000000E+00  0.290846E-03  0.290846E-03  0.290846E-03 -0.595009E-08  0.261241E-03  0.383614E-04  0.959698E-09
  0.137166E+04  0.343452E-03  0.510858E-05  0.954644E-14  0.205918E-11  0.000000E+00  0.288315E-03  0.288315E-03  0.288315E-03 -0.589829E-08  0.258967E-03  0.379808E-04  0.947172E-09
  0.137799E+04  0.340474E-03  0.506057E-05  0.937361E-14  0.199539E-11  0.000000E+00  0.285814E-03  0.285814E-03  0.285814E-03 -0.584717E-08  0.256722E-03  0.376050E-04  0.934849E-09
  0.138435E+04  0.337517E-03  0.501288E-05  0.920371E-14  0.186715E-11  0.000000E+00  0.283331E-03  0.283331E-03  0.283331E-03 -0.579639E-08  0.254493E-03  0.372318E-04  0.922669E-09
  0.139074E+04  0.334579E-03  0.496549E-05  0.903664E-14  0.178538E-11  0.000000E+00  0.280864E-03  0.280864E-03  0.280864E-03 -0.574591E-08  0.252277E-03  0.368610E-04  0.910629E-09
  0.139716E+04  0.331667E-03  0.491854E-05  0.887261E-14  0.162544E-11  0.000000E+00  0.278419E-03  0.278419E-03  0.278419E-03 -0.569589E-08  0.250081E-03  0.364936E-04  0.898751E-09
  0.140361E+04  0.328780E-03  0.487196E-05  0.871147E-14  0.184089E-11  0.000000E+00  0.275995E-03  0.275995E-03  0.275995E-03 -0.564627E-08  0.247902E-03  0.361292E-04  0.887024E-09
  0.141009E+04  0.325916E-03  0.482578E-05  0.855322E-14  0.183990E-11  0.000000E+00  0.273591E-03  0.273591E-03  0.273591E-03 -0.559707E-08  0.245743E-03  0.357680E-04  0.875450E-09
  0.141660E+04  0.323070E-03  0.477986E-05  0.839755E-14  0.175351E-11  0.000000E+00  0.271201E-03  0.271201E-03  0.271201E-03 -0.554813E-08  0.243594E-03  0.354088E-04  0.864000E-09
  0.142314E+04  0.320259E-03  0.473454E-05  0.824503E-14  0.182353E-11  0.000000E+00  0.268841E-03  0.268841E-03  0.268841E-03 -0.549984E-08  0.241474E-03  0.350543E-04  0.852739E-09
  0.142971E+04  0.317471E-03  0.468958E-05  0.809520E-14  0.166694E-11  0.000000E+00  0.266500E-03  0.266500E-03  0.266500E-03 -0.545194E-08  0.239371E-03  0.347026E-04  0.841619E-09
  0.143631E+04  0.314707E-03  0.464501E-05  0.794807E-14  0.167056E-11  0.000000E+00  0.264179E-03  0.264179E-03  0.264179E-03 -0.540445E-08  0.237286E-03  0.343541E-04  0.830645E-09
  0.144293E+04  0.311969E-03  0.460086E-05  0.780364E-14  0.168649E-11  0.000000E+00  0.261880E-03  0.261880E-03  0.261880E-03 -0.535742E-08  0.235222E-03  0.340088E-04  0.819823E-09
  0.144960E+04  0.309253E-03  0.455707E-05  0.766174E-14  0.163356E-11  0.000000E+00  0.259599E-03  0.259599E-03  0.259599E-03 -0.531075E-08  0.233173E-03  0.336663E-04  0.809135E-09
  0.145629E+04  0.306560E-03  0.451365E-05  0.752240E-14  0.165215E-11  0.000000E+00  0.257338E-03  0.257338E-03  0.257338E-03 -0.526448E-08  0.231142E-03  0.333268E-04  0.798588E-09
  0.146301E+04  0.303892E-03  0.447063E-05  0.738558E-14  0.154131E-11  0.000000E+00  0.255097E-03  0.255097E-03  0.255097E-03 -0.521863E-08  0.229129E-03  0.329904E-04  0.788182E-09
  0.146976E+04  0.301239E-03  0.442785E-05  0.725102E-14  0.160175E-11  0.000000E+00  0.252870E-03  0.252870E-03  0.252870E-03 -0.517303E-08  0.227127E-03  0.326560E-04  0.777891E-09
  0.147655E+04  0.298604E-03  0.438534E-05  0.711871E-14  0.161220E-11  0.000000E+00  0.250657E-03  0.250657E-03  0.250657E-03 -0.512770E-08  0.225137E-03  0.323238E-04  0.767717E-09
  0.148336E+04  0.296001E-03  0.434338E-05  0.698907E-14  0.163109E-11  0.000000E+00  0.248472E-03  0.248472E-03  0.248472E-03 -0.508297E-08  0.223173E-03  0.319958E-04  0.757707E-09
  0.149021E+04  0.293424E-03  0.430184E-05  0.686184E-14  0.148309E-11  0.000000E+00  0.246308E-03  0.246308E-03  0.246308E-03 -0.503869E-08  0.221229E-03  0.316711E-04  0.747837E-09
  0.149709E+04  0.290869E-03  0.426065E-05  0.673690E-14  0.155469E-11  0.000000E+00  0.244162E-03  0.244162E-03  0.244162E-03 -0.499479E-08  0.219302E-03  0.313492E-04  0.738096E-09
  0.150400E+04  0.288341E-03  0.421993E-05  0.661437E-14  0.141804E-11  0.000000E+00  0.242040E-03  0.242040E-03  0.242040E-03 -0.495139E-08  0.217397E-03  0.310309E-04  0.728502E-09
  0.151094E+04  0.285830E-03  0.417946E-05  0.649389E-14  0.144232E-11  0.000000E+00  0.239932E-03  0.239932E-03  0.239932E-03 -0.490825E-08  0.215503E-03  0.307146E-04  0.719016E-09
  0.151791E+04  0.283316E-03  0.413889E-05  0.637487E-14  0.144638E-11  0.000000E+00  0.237821E-03  0.237821E-03  0.237821E-03 -0.486495E-08  0.213602E-03  0.303978E-04  0.709577E-09
  0.152492E+04  0.280849E-03  0.409913E-05  0.625870E-14  0.148454E-11  0.000000E+00  0.235749E-03  0.235749E-03  0.235749E-03 -0.482255E-08  0.211741E-03  0.300871E-04  0.700339E-09
  0.153196E+04  0.278403E-03  0.405973E-05  0.614464E-14  0.137335E-11  0.000000E+00  0.233695E-03  0.233695E-03  0.233695E-03 -0.478054E-08  0.209897E-03  0.297793E-04  0.691225E-09
  0.153903E+04  0.275984E-03  0.402076E-05  0.603277E-14  0.137900E-11  0.000000E+00  0.231664E-03  0.231664E-03  0.231664E-03 -0.473901E-08  0.208073E-03  0.294749E-04  0.682247E-09
  0.154613E+04  0.273581E-03  0.398205E-05  0.592278E-14  0.139673E-11  0.000000E+00  0.229646E-03  0.229646E-03  0.229646E-03 -0.469772E-08  0.206261E-03  0.291724E-04  0.673370E-09
  0.155327E+04  0.271198E-03  0.394367E-05  0.581478E-14  0.132034E-11  0.000000E+00  0.227646E-03  0.227646E-03  0.227646E-03 -0.465679E-08  0.204464E-03  0.288726E-04  0.664610E-09
  0.156044E+04  0.268836E-03  0.390561E-05  0.570870E-14  0.133453E-11  0.000000E+00  0.225662E-03  0.225662E-03  0.225662E-03 -0.461621E-08  0.202682E-03  0.285754E-04  0.655964E-09
  0.156764E+04  0.266496E-03  0.386792E-05  0.560457E-14  0.130805E-11  0.000000E+00  0.223697E-03  0.223697E-03  0.223697E-03 -0.457600E-08  0.200917E-03  0.282811E-04  0.647435E-09
  0.157488E+04  0.264174E-03  0.383052E-05  0.550228E-14  0.130021E-11  0.000000E+00  0.221748E-03  0.221748E-03  0.221748E-03 -0.453612E-08  0.199166E-03  0.279891E-04  0.639013E-09
  0.158215E+04  0.261872E-03  0.379344E-05  0.540182E-14  0.130898E-11  0.000000E+00  0.219815E-03  0.219815E-03  0.219815E-03 -0.449656E-08  0.197430E-03  0.276996E-04  0.630700E-09
  0.158945E+04  0.259584E-03  0.375657E-05  0.530301E-14  0.125202E-11  0.000000E+00  0.217893E-03  0.217893E-03  0.217893E-03 -0.445722E-08  0.195702E-03  0.274118E-04  0.622478E-09
  0.159679E+04  0.257323E-03  0.372017E-05  0.520618E-14  0.124848E-11  0.000000E+00  0.215995E-03  0.215995E-03  0.215995E-03 -0.441838E-08  0.193997E-03  0.271276E-04  0.614387E-09
  0.160416E+04  0.255081E-03  0.368407E-05  0.511108E-14  0.125959E-11  0.000000E+00  0.214113E-03  0.214113E-03  0.214113E-03 -0.437986E-08  0.192307E-03  0.268459E-04  0.606400E-09
  0.161156E+04  0.252860E-03  0.364831E-05  0.501772E-14  0.120487E-11  0.000000E+00  0.212248E-03  0.212248E-03  0.212248E-03 -0.434171E-08  0.190632E-03  0.265668E-04  0.598522E-09
  0.161900E+04  0.250657E-03  0.361284E-05  0.492602E-14  0.119506E-11  0.000000E+00  0.210398E-03  0.210398E-03  0.210398E-03 -0.430385E-08  0.188970E-03  0.262900E-04  0.590743E-09
  0.162647E+04  0.248473E-03  0.357768E-05  0.483597E-14  0.121764E-11  0.000000E+00  0.208564E-03  0.208564E-03  0.208564E-03 -0.426633E-08  0.187323E-03  0.260156E-04  0.583066E-09
  0.163398E+04  0.246309E-03  0.354284E-05  0.474757E-14  0.115866E-11  0.000000E+00  0.206747E-03  0.206747E-03  0.206747E-03 -0.422915E-08  0.185691E-03  0.257438E-04  0.575493E-09
  0.164152E+04  0.244162E-03  0.350830E-05  0.466074E-14  0.115457E-11  0.000000E+00  0.204945E-03  0.204945E-03  0.204945E-03 -0.419228E-08  0.184072E-03  0.254743E-04  0.568016E-09
  0.164910E+04  0.242039E-03  0.347414E-05  0.457560E-14  0.114766E-11  0.000000E+00  0.203162E-03  0.203162E-03  0.203162E-03 -0.415583E-08  0.182472E-03  0.252079E-04  0.560651E-09
  0.165671E+04  0.239929E-03  0.344017E-05  0.449185E-14  0.109483E-11  0.000000E+00  0.201390E-03  0.201390E-03  0.201390E-03 -0.411956E-08  0.180880E-03  0.249430E-04  0.553366E-09
  0.166436E+04  0.237834E-03  0.340646E-05  0.440956E-14  0.110059E-11  0.000000E+00  0.199631E-03  0.199631E-03  0.199631E-03 -0.408356E-08  0.179299E-03  0.246801E-04  0.546170E-09
  0.167204E+04  0.235762E-03  0.337312E-05  0.432884E-14  0.108621E-11  0.000000E+00  0.197891E-03  0.197891E-03  0.197891E-03 -0.404796E-08  0.177736E-03  0.244201E-04  0.539078E-09
  0.167976E+04  0.233707E-03  0.334006E-05  0.424958E-14  0.104904E-11  0.000000E+00  0.196166E-03  0.196166E-03  0.196166E-03 -0.401266E-08  0.176186E-03  0.241624E-04  0.532080E-09
  0.168751E+04  0.231670E-03  0.330729E-05  0.417175E-14  0.105111E-11  0.000000E+00  0.194455E-03  0.194455E-03  0.194455E-03 -0.397766E-08  0.174650E-03  0.239070E-04  0.525173E-09
  0.169530E+04  0.229651E-03  0.327482E-05  0.409533E-14  0.102161E-11  0.000000E+00  0.192760E-03  0.192760E-03  0.192760E-03 -0.394298E-08  0.173128E-03  0.236539E-04  0.518357E-09
  0.170313E+04  0.227648E-03  0.324259E-05  0.402026E-14  0.102591E-11  0.000000E+00  0.191078E-03  0.191078E-03  0.191078E-03 -0.390855E-08  0.171616E-03  0.234028E-04  0.511626E-09
  0.171099E+04  0.225664E-03  0.321068E-05  0.394657E-14  0.100994E-11  0.000000E+00  0.189412E-03  0.189412E-03  0.189412E-03 -0.387446E-08  0.170120E-03  0.231541E-04  0.504987E-09
  0.171888E+04  0.223697E-03  0.317906E-05  0.387424E-14  0.998354E-12  0.000000E+00  0.187761E-03  0.187761E-03  0.187761E-03 -0.384068E-08  0.168637E-03  0.229078E-04  0.498438E-09
  0.172682E+04  0.221748E-03  0.314771E-05  0.380320E-14  0.974142E-12  0.000000E+00  0.186124E-03  0.186124E-03  0.186124E-03 -0.380719E-08  0.167167E-03  0.226636E-04  0.491973E-09
  0.173479E+04  0.219815E-03  0.311664E-05  0.373345E-14  0.953552E-12  0.000000E+00  0.184501E-03  0.184501E-03  0.184501E-03 -0.377399E-08  0.165709E-03  0.224216E-04  0.485593E-09
  0.174280E+04  0.217900E-03  0.308585E-05  0.366497E-14  0.979096E-12  0.000000E+00  0.182893E-03  0.182893E-03  0.182893E-03 -0.374108E-08  0.164264E-03  0.221818E-04  0.479298E-09
  0.175084E+04  0.216028E-03  0.305582E-05  0.359831E-14  0.940004E-12  0.000000E+00  0.181322E-03  0.181322E-03  0.181322E-03 -0.370906E-08  0.162859E-03  0.219477E-04  0.473162E-09
  0.175892E+04  0.214145E-03  0.302556E-05  0.353226E-14  0.936513E-12  0.000000E+00  0.179741E-03  0.179741E-03  0.179741E-03 -0.367670E-08  0.161438E-03  0.217120E-04  0.467028E-09
  0.176704E+04  0.212278E-03  0.299555E-05  0.346740E-14  0.914748E-12  0.000000E+00  0.178173E-03  0.178173E-03  0.178173E-03 -0.364463E-08  0.160030E-03  0.214785E-04  0.460974E-09
  0.177520E+04  0.210428E-03  0.296583E-05  0.340374E-14  0.891838E-12  0.000000E+00  0.176619E-03  0.176619E-03  0.176619E-03 -0.361284E-08  0.158635E-03  0.212471E-04  0.455001E-09
  0.178339E+04  0.208593E-03  0.293634E-05  0.334120E-14  0.921238E-12  0.000000E+00  0.175079E-03  0.175079E-03  0.175079E-03 -0.358132E-08  0.157251E-03  0.210177E-04  0.449105E-09
  0.179162E+04  0.206775E-03  0.290713E-05  0.327981E-14  0.883323E-12  0.000000E+00  0.173552E-03  0.173552E-03  0.173552E-03 -0.355007E-08  0.155879E-03  0.207904E-04  0.443286E-09
  0.179989E+04  0.204972E-03  0.287818E-05  0.321954E-14  0.873770E-12  0.000000E+00  0.172038E-03  0.172038E-03  0.172038E-03 -0.351911E-08  0.154520E-03  0.205653E-04  0.437546E-09
  0.180820E+04  0.203191E-03  0.284959E-05  0.316048E-14  0.862881E-12  0.000000E+00  0.170543E-03  0.170543E-03  0.170543E-03 -0.348854E-08  0.153178E-03  0.203428E-04  0.431895E-09
  0.181655E+04  0.201421E-03  0.282116E-05  0.310238E-14  0.836783E-12  0.000000E+00  0.169057E-03  0.169057E-03  0.169057E-03 -0.345813E-08  0.151843E-03  0.201217E-04  0.426305E-09
  0.182493E+04  0.199665E-03  0.279297E-05  0.304532E-14  0.833504E-12  0.000000E+00  0.167582E-03  0.167582E-03  0.167582E-03 -0.342796E-08  0.150519E-03  0.199025E-04  0.420787E-09
  0.183336E+04  0.197924E-03  0.276502E-05  0.298930E-14  0.817854E-12  0.000000E+00  0.166120E-03  0.166120E-03  0.166120E-03 -0.339806E-08  0.149206E-03  0.196853E-04  0.415340E-09
  0.184182E+04  0.196199E-03  0.273733E-05  0.293429E-14  0.818218E-12  0.000000E+00  0.164672E-03  0.164672E-03  0.164672E-03 -0.336841E-08  0.147905E-03  0.194700E-04  0.409965E-09
  0.185032E+04  0.194488E-03  0.270987E-05  0.288028E-14  0.815530E-12  0.000000E+00  0.163235E-03  0.163235E-03  0.163235E-03 -0.333902E-08  0.146615E-03  0.192567E-04  0.404660E-09
  0.185886E+04  0.192792E-03  0.268265E-05  0.282724E-14  0.780678E-12  0.000000E+00  0.161811E-03  0.161811E-03  0.161811E-03 -0.330988E-08  0.145335E-03  0.190452E-04  0.399423E-09
  0.186744E+04  0.191111E-03  0.265568E-05  0.277516E-14  0.783124E-12  0.000000E+00  0.160399E-03  0.160399E-03  0.160399E-03 -0.328100E-08  0.144067E-03  0.188357E-04  0.394256E-09
  0.187606E+04  0.189445E-03  0.262896E-05  0.272405E-14  0.762095E-12  0.000000E+00  0.159001E-03  0.159001E-03  0.159001E-03 -0.325238E-08  0.142811E-03  0.186282E-04  0.389158E-09
  0.188472E+04  0.187793E-03  0.260246E-05  0.267385E-14  0.762936E-12  0.000000E+00  0.157613E-03  0.157613E-03  0.157613E-03 -0.322400E-08  0.141565E-03  0.184225E-04  0.384125E-09
  0.189342E+04  0.186155E-03  0.257620E-05  0.262456E-14  0.743051E-12  0.000000E+00  0.156238E-03  0.156238E-03  0.156238E-03 -0.319586E-08  0.140330E-03  0.182186E-04  0.379158E-09
  0.190216E+04  0.184532E-03  0.255017E-05  0.257617E-14  0.731875E-12  0.000000E+00  0.154875E-03  0.154875E-03  0.154875E-03 -0.316798E-08  0.139106E-03  0.180166E-04  0.374257E-09
  0.191094E+04  0.182923E-03  0.252438E-05  0.252866E-14  0.725518E-12  0.000000E+00  0.153524E-03  0.153524E-03  0.153524E-03 -0.314034E-08  0.137893E-03  0.178165E-04  0.369420E-09
  0.191976E+04  0.181332E-03  0.249888E-05  0.248209E-14  0.714863E-12  0.000000E+00  0.152189E-03  0.152189E-03  0.152189E-03 -0.311303E-08  0.136694E-03  0.176186E-04  0.364657E-09
  0.192862E+04  0.179750E-03  0.247353E-05  0.243628E-14  0.705810E-12  0.000000E+00  0.150860E-03  0.150860E-03  0.150860E-03 -0.308585E-08  0.135501E-03  0.174220E-04  0.359945E-09
  0.193752E+04  0.178182E-03  0.244842E-05  0.239131E-14  0.702045E-12  0.000000E+00  0.149544E-03  0.149544E-03  0.149544E-03 -0.305892E-08  0.134319E-03  0.172273E-04  0.355295E-09
  0.194647E+04  0.176628E-03  0.242351E-05  0.234715E-14  0.688413E-12  0.000000E+00  0.148239E-03  0.148239E-03  0.148239E-03 -0.303221E-08  0.133146E-03  0.170342E-04  0.350704E-09
  0.195545E+04  0.175087E-03  0.239884E-05  0.230379E-14  0.674626E-12  0.000000E+00  0.146945E-03  0.146945E-03  0.146945E-03 -0.300574E-08  0.131984E-03  0.168429E-04  0.346174E-09
  0.196448E+04  0.173560E-03  0.237438E-05  0.226123E-14  0.666282E-12  0.000000E+00  0.145663E-03  0.145663E-03  0.145663E-03 -0.297950E-08  0.130832E-03  0.166534E-04  0.341704E-09
  0.197354E+04  0.172046E-03  0.235014E-05  0.221944E-14  0.661135E-12  0.000000E+00  0.144392E-03  0.144392E-03  0.144392E-03 -0.295349E-08  0.129690E-03  0.164656E-04  0.337292E-09
  0.198265E+04  0.170545E-03  0.232612E-05  0.217841E-14  0.646257E-12  0.000000E+00  0.143132E-03  0.143132E-03  0.143132E-03 -0.292772E-08  0.128559E-03  0.162796E-04  0.332939E-09
  0.199180E+04  0.169056E-03  0.230228E-05  0.213810E-14  0.638291E-12  0.000000E+00  0.141881E-03  0.141881E-03  0.141881E-03 -0.290212E-08  0.127435E-03  0.160950E-04  0.328637E-09
  0.200100E+04  0.167581E-03  0.227868E-05  0.209855E-14  0.639219E-12  0.000000E+00  0.140643E-03  0.140643E-03  0.140643E-03 -0.287678E-08  0.126323E-03  0.159123E-04  0.324395E-09
  0.201023E+04  0.166119E-03  0.225529E-05  0.205972E-14  0.628389E-12  0.000000E+00  0.139415E-03  0.139415E-03  0.139415E-03 -0.285167E-08  0.125221E-03  0.157314E-04  0.320211E-09
  0.201951E+04  0.164670E-03  0.223212E-05  0.202161E-14  0.611697E-12  0.000000E+00  0.138199E-03  0.138199E-03  0.138199E-03 -0.282678E-08  0.124128E-03  0.155521E-04  0.316081E-09
  0.202884E+04  0.163234E-03  0.220915E-05  0.198418E-14  0.607325E-12  0.000000E+00  0.136993E-03  0.136993E-03  0.136993E-03 -0.280211E-08  0.123045E-03  0.153744E-04  0.312005E-09
  0.203820E+04  0.161809E-03  0.218636E-05  0.194742E-14  0.606700E-12  0.000000E+00  0.135796E-03  0.135796E-03  0.135796E-03 -0.277761E-08  0.121970E-03  0.151982E-04  0.307978E-09
  0.204761E+04  0.160395E-03  0.216378E-05  0.191132E-14  0.589777E-12  0.000000E+00  0.134610E-03  0.134610E-03  0.134610E-03 -0.275333E-08  0.120904E-03  0.150236E-04  0.304004E-09
  0.205706E+04  0.158996E-03  0.214142E-05  0.187591E-14  0.581536E-12  0.000000E+00  0.133435E-03  0.133435E-03  0.133435E-03 -0.272930E-08  0.119849E-03  0.148508E-04  0.300085E-09
  0.206655E+04  0.157610E-03  0.211927E-05  0.184114E-14  0.573421E-12  0.000000E+00  0.132271E-03  0.132271E-03  0.132271E-03 -0.270548E-08  0.118803E-03  0.146797E-04  0.296219E-09
  0.207609E+04  0.156234E-03  0.209730E-05  0.180700E-14  0.563396E-12  0.000000E+00  0.131116E-03  0.131116E-03  0.131116E-03 -0.268185E-08  0.117766E-03  0.145100E-04  0.292401E-09
  0.208568E+04  0.154872E-03  0.207554E-05  0.177350E-14  0.549859E-12  0.000000E+00  0.129972E-03  0.129972E-03  0.129972E-03 -0.265845E-08  0.116739E-03  0.143420E-04  0.288636E-09
  0.209530E+04  0.153514E-03  0.205386E-05  0.174050E-14  0.542736E-12  0.000000E+00  0.128832E-03  0.128832E-03  0.128832E-03 -0.263510E-08  0.115714E-03  0.141747E-04  0.284903E-09
  0.210497E+04  0.152174E-03  0.203246E-05  0.170818E-14  0.546566E-12  0.000000E+00  0.127706E-03  0.127706E-03  0.127706E-03 -0.261206E-08  0.114702E-03  0.140096E-04  0.281231E-09
  0.211469E+04  0.150845E-03  0.201127E-05  0.167646E-14  0.531208E-12  0.000000E+00  0.126591E-03  0.126591E-03  0.126591E-03 -0.258924E-08  0.113700E-03  0.138461E-04  0.277607E-09
  0.212445E+04  0.149529E-03  0.199028E-05  0.164533E-14  0.526045E-12  0.000000E+00  0.125486E-03  0.125486E-03  0.125486E-03 -0.256664E-08  0.112708E-03  0.136842E-04  0.274035E-09
  0.213426E+04  0.148224E-03  0.196947E-05  0.161476E-14  0.519375E-12  0.000000E+00  0.124390E-03  0.124390E-03  0.124390E-03 -0.254422E-08  0.111724E-03  0.135238E-04  0.270506E-09
  0.214411E+04  0.146931E-03  0.194884E-05  0.158476E-14  0.515490E-12  0.000000E+00  0.123304E-03  0.123304E-03  0.123304E-03 -0.252200E-08  0.110749E-03  0.133648E-04  0.267025E-09
  0.215401E+04  0.145648E-03  0.192840E-05  0.155530E-14  0.507310E-12  0.000000E+00  0.122227E-03  0.122227E-03  0.122227E-03 -0.249997E-08  0.109782E-03  0.132074E-04  0.263588E-09
  0.216395E+04  0.144373E-03  0.190808E-05  0.152632E-14  0.499725E-12  0.000000E+00  0.121156E-03  0.121156E-03  0.121156E-03 -0.247804E-08  0.108819E-03  0.130509E-04  0.260187E-09
  0.217394E+04  0.143113E-03  0.188801E-05  0.149793E-14  0.493169E-12  0.000000E+00  0.120099E-03  0.120099E-03  0.120099E-03 -0.245640E-08  0.107869E-03  0.128964E-04  0.256840E-09
  0.218397E+04  0.141864E-03  0.186811E-05  0.147005E-14  0.488060E-12  0.000000E+00  0.119050E-03  0.119050E-03  0.119050E-03 -0.243494E-08  0.106927E-03  0.127433E-04  0.253536E-09
  0.219405E+04  0.140625E-03  0.184840E-05  0.144269E-14  0.481075E-12  0.000000E+00  0.118010E-03  0.118010E-03  0.118010E-03 -0.241366E-08  0.105993E-03  0.125916E-04  0.250275E-09
  0.220418E+04  0.139399E-03  0.182888E-05  0.141584E-14  0.472400E-12  0.000000E+00  0.116980E-03  0.116980E-03  0.116980E-03 -0.239260E-08  0.105068E-03  0.124415E-04  0.247059E-09
  0.221435E+04  0.138182E-03  0.180952E-05  0.138947E-14  0.467511E-12  0.000000E+00  0.115959E-03  0.115959E-03  0.115959E-03 -0.237170E-08  0.104151E-03  0.122927E-04  0.243884E-09
  0.222457E+04  0.136976E-03  0.179034E-05  0.136358E-14  0.458506E-12  0.000000E+00  0.114946E-03  0.114946E-03  0.114946E-03 -0.235098E-08  0.103241E-03  0.121452E-04  0.240749E-09
  0.223484E+04  0.135780E-03  0.177132E-05  0.133816E-14  0.454623E-12  0.000000E+00  0.113942E-03  0.113942E-03  0.113942E-03 -0.233044E-08  0.102340E-03  0.119992E-04  0.237655E-09
  0.224516E+04  0.134598E-03  0.175253E-05  0.131325E-14  0.450513E-12  0.000000E+00  0.112949E-03  0.112949E-03  0.112949E-03 -0.231014E-08  0.101449E-03  0.118549E-04  0.234607E-09
  0.225552E+04  0.133423E-03  0.173386E-05  0.128875E-14  0.442504E-12  0.000000E+00  0.111963E-03  0.111963E-03  0.111963E-03 -0.228996E-08  0.100563E-03  0.117116E-04  0.231594E-09
  0.226593E+04  0.132256E-03  0.171532E-05  0.126468E-14  0.429643E-12  0.000000E+00  0.110983E-03  0.110983E-03  0.110983E-03 -0.226990E-08  0.996820E-04  0.115694E-04  0.228614E-09
  0.227639E+04  0.131100E-03  0.169698E-05  0.124107E-14  0.430621E-12  0.000000E+00  0.110012E-03  0.110012E-03  0.110012E-03 -0.225004E-08  0.988106E-04  0.114287E-04  0.225676E-09
  0.228690E+04  0.129956E-03  0.167881E-05  0.121790E-14  0.423158E-12  0.000000E+00  0.109052E-03  0.109052E-03  0.109052E-03 -0.223039E-08  0.979477E-04  0.112894E-04  0.222779E-09
  0.229745E+04  0.128822E-03  0.166082E-05  0.119516E-14  0.416677E-12  0.000000E+00  0.108099E-03  0.108099E-03  0.108099E-03 -0.221091E-08  0.970926E-04  0.111515E-04  0.219920E-09
  0.230806E+04  0.127691E-03  0.164288E-05  0.117276E-14  0.413121E-12  0.000000E+00  0.107150E-03  0.107150E-03  0.107150E-03 -0.219146E-08  0.962387E-04  0.110142E-04  0.217084E-09
  0.231871E+04  0.126576E-03  0.162520E-05  0.115084E-14  0.407423E-12  0.000000E+00  0.106213E-03  0.106213E-03  0.106213E-03 -0.217230E-08  0.953978E-04  0.108789E-04  0.214298E-09
  0.232941E+04  0.125470E-03  0.160767E-05  0.112931E-14  0.400898E-12  0.000000E+00  0.105285E-03  0.105285E-03  0.105285E-03 -0.215329E-08  0.945635E-04  0.107448E-04  0.211546E-09
  0.234017E+04  0.124374E-03  0.159031E-05  0.110819E-14  0.393382E-12  0.000000E+00  0.104365E-03  0.104365E-03  0.104365E-03 -0.213448E-08  0.937375E-04  0.106120E-04  0.208833E-09
  0.235097E+04  0.123288E-03  0.157311E-05  0.108746E-14  0.390602E-12  0.000000E+00  0.103453E-03  0.103453E-03  0.103453E-03 -0.211582E-08  0.929185E-04  0.104805E-04  0.206154E-09
  0.236182E+04  0.122211E-03  0.155606E-05  0.106710E-14  0.384595E-12  0.000000E+00  0.102549E-03  0.102549E-03  0.102549E-03 -0.209732E-08  0.921065E-04  0.103503E-04  0.203510E-09
  0.237272E+04  0.121144E-03  0.153918E-05  0.104712E-14  0.380265E-12  0.000000E+00  0.101653E-03  0.101653E-03  0.101653E-03 -0.207899E-08  0.913019E-04  0.102213E-04  0.200901E-09
  0.238367E+04  0.120095E-03  0.152258E-05  0.102760E-14  0.373474E-12  0.000000E+00  0.100772E-03  0.100772E-03  0.100772E-03 -0.206100E-08  0.905120E-04  0.100944E-04  0.198342E-09
  0.239468E+04  0.119045E-03  0.150599E-05  0.100835E-14  0.368880E-12  0.000000E+00  0.998909E-04  0.998909E-04  0.998909E-04 -0.204298E-08  0.897208E-04  0.996787E-05  0.195799E-09
  0.240573E+04  0.118006E-03  0.148956E-05  0.989448E-15  0.363296E-12  0.000000E+00  0.990180E-04  0.990180E-04  0.990180E-04 -0.202512E-08  0.889370E-04  0.984259E-05  0.193290E-09
  0.241683E+04  0.116983E-03  0.147340E-05  0.970976E-15  0.357936E-12  0.000000E+00  0.981591E-04  0.981591E-04  0.981591E-04 -0.200758E-08  0.881670E-04  0.971929E-05  0.190829E-09
  0.242799E+04  0.115961E-03  0.145727E-05  0.952763E-15  0.353673E-12  0.000000E+00  0.973011E-04  0.973011E-04  0.973011E-04 -0.199002E-08  0.873963E-04  0.959637E-05  0.188384E-09
  0.243920E+04  0.114949E-03  0.144129E-05  0.934892E-15  0.349409E-12  0.000000E+00  0.964512E-04  0.964512E-04  0.964512E-04 -0.197264E-08  0.866331E-04  0.947472E-05  0.185972E-09
  0.245046E+04  0.113945E-03  0.142545E-05  0.917345E-15  0.343474E-12  0.000000E+00  0.956082E-04  0.956082E-04  0.956082E-04 -0.195539E-08  0.858760E-04  0.935419E-05  0.183590E-09
  0.246177E+04  0.112949E-03  0.140976E-05  0.900122E-15  0.339939E-12  0.000000E+00  0.947726E-04  0.947726E-04  0.947726E-04 -0.193830E-08  0.851257E-04  0.923486E-05  0.181240E-09
  0.247313E+04  0.111963E-03  0.139421E-05  0.883214E-15  0.334659E-12  0.000000E+00  0.939441E-04  0.939441E-04  0.939441E-04 -0.192135E-08  0.843815E-04  0.911664E-05  0.178919E-09
  0.248454E+04  0.110985E-03  0.137880E-05  0.866617E-15  0.329851E-12  0.000000E+00  0.931229E-04  0.931229E-04  0.931229E-04 -0.190454E-08  0.836439E-04  0.899959E-05  0.176629E-09
  0.249601E+04  0.110015E-03  0.136354E-05  0.850330E-15  0.325374E-12  0.000000E+00  0.923091E-04  0.923091E-04  0.923091E-04 -0.188790E-08  0.829131E-04  0.888373E-05  0.174369E-09
  0.250753E+04  0.109054E-03  0.134842E-05  0.834342E-15  0.320982E-12  0.000000E+00  0.915022E-04  0.915022E-04  0.915022E-04 -0.187139E-08  0.821885E-04  0.876898E-05  0.172138E-09
  0.251911E+04  0.108101E-03  0.133343E-05  0.818645E-15  0.316816E-12  0.000000E+00  0.907021E-04  0.907021E-04  0.907021E-04 -0.185502E-08  0.814699E-04  0.865533E-05  0.169935E-09
  0.253074E+04  0.107157E-03  0.131858E-05  0.803242E-15  0.312003E-12  0.000000E+00  0.899093E-04  0.899093E-04  0.899093E-04 -0.183880E-08  0.807579E-04  0.854283E-05  0.167761E-09
  0.254242E+04  0.106221E-03  0.130388E-05  0.788124E-15  0.308209E-12  0.000000E+00  0.891234E-04  0.891234E-04  0.891234E-04 -0.182272E-08  0.800521E-04  0.843145E-05  0.165616E-09
  0.255415E+04  0.105293E-03  0.128930E-05  0.773280E-15  0.303531E-12  0.000000E+00  0.883441E-04  0.883441E-04  0.883441E-04 -0.180677E-08  0.793521E-04  0.832113E-05  0.163498E-09
  0.256594E+04  0.104372E-03  0.127485E-05  0.758707E-15  0.299375E-12  0.000000E+00  0.875711E-04  0.875711E-04  0.875711E-04 -0.179096E-08  0.786578E-04  0.821185E-05  0.161406E-09
  0.257779E+04  0.103460E-03  0.126055E-05  0.744412E-15  0.296026E-12  0.000000E+00  0.868056E-04  0.868056E-04  0.868056E-04 -0.177530E-08  0.779704E-04  0.810376E-05  0.159343E-09
  0.258968E+04  0.102556E-03  0.124638E-05  0.730378E-15  0.291719E-12  0.000000E+00  0.860467E-04  0.860467E-04  0.860467E-04 -0.175977E-08  0.772888E-04  0.799671E-05  0.157307E-09
  0.260164E+04  0.101660E-03  0.123234E-05  0.716601E-15  0.287314E-12  0.000000E+00  0.852940E-04  0.852940E-04  0.852940E-04 -0.174437E-08  0.766128E-04  0.789070E-05  0.155296E-09
  0.261365E+04  0.100772E-03  0.121844E-05  0.703089E-15  0.283665E-12  0.000000E+00  0.845488E-04  0.845488E-04  0.845488E-04 -0.172913E-08  0.759437E-04  0.778585E-05  0.153313E-09
  0.262571E+04  0.998922E-04  0.120466E-05  0.689822E-15  0.279520E-12  0.000000E+00  0.838098E-04  0.838098E-04  0.838098E-04 -0.171401E-08  0.752800E-04  0.768200E-05  0.151355E-09
  0.263783E+04  0.990193E-04  0.119101E-05  0.676799E-15  0.275638E-12  0.000000E+00  0.830769E-04  0.830769E-04  0.830769E-04 -0.169902E-08  0.746218E-04  0.757918E-05  0.149422E-09
  0.265001E+04  0.981540E-04  0.117749E-05  0.664017E-15  0.272056E-12  0.000000E+00  0.823505E-04  0.823505E-04  0.823505E-04 -0.168416E-08  0.739694E-04  0.747738E-05  0.147514E-09
  0.266224E+04  0.972964E-04  0.116410E-05  0.651472E-15  0.268406E-12  0.000000E+00  0.816304E-04  0.816304E-04  0.816304E-04 -0.166943E-08  0.733228E-04  0.737663E-05  0.145631E-09
  0.267453E+04  0.964462E-04  0.115083E-05  0.639159E-15  0.264631E-12  0.000000E+00  0.809166E-04  0.809166E-04  0.809166E-04 -0.165482E-08  0.726817E-04  0.727687E-05  0.143772E-09
  0.268687E+04  0.956032E-04  0.113768E-05  0.627073E-15  0.260808E-12  0.000000E+00  0.802088E-04  0.802088E-04  0.802088E-04 -0.164034E-08  0.720460E-04  0.717812E-05  0.141936E-09
  0.269927E+04  0.947678E-04  0.112465E-05  0.615213E-15  0.257569E-12  0.000000E+00  0.795074E-04  0.795074E-04  0.795074E-04 -0.162599E-08  0.714162E-04  0.708039E-05  0.140125E-09
  0.271173E+04  0.939397E-04  0.111175E-05  0.603573E-15  0.253718E-12  0.000000E+00  0.788122E-04  0.788122E-04  0.788122E-04 -0.161177E-08  0.707918E-04  0.698366E-05  0.138338E-09
  0.272425E+04  0.931184E-04  0.109897E-05  0.592146E-15  0.250457E-12  0.000000E+00  0.781226E-04  0.781226E-04  0.781226E-04 -0.159766E-08  0.701725E-04  0.688787E-05  0.136572E-09
  0.273682E+04  0.923042E-04  0.108630E-05  0.580930E-15  0.247216E-12  0.000000E+00  0.774390E-04  0.774390E-04  0.774390E-04 -0.158367E-08  0.695585E-04  0.679307E-05  0.134829E-09
  0.274946E+04  0.914977E-04  0.107377E-05  0.569928E-15  0.243713E-12  0.000000E+00  0.767619E-04  0.767619E-04  0.767619E-04 -0.156982E-08  0.689505E-04  0.669929E-05  0.133110E-09
  0.276215E+04  0.906996E-04  0.106137E-05  0.559140E-15  0.240395E-12  0.000000E+00  0.760919E-04  0.760919E-04  0.760919E-04 -0.155612E-08  0.683491E-04  0.660659E-05  0.131416E-09
  0.277490E+04  0.899095E-04  0.104910E-05  0.548561E-15  0.236879E-12  0.000000E+00  0.754285E-04  0.754285E-04  0.754285E-04 -0.154256E-08  0.677538E-04  0.651494E-05  0.129745E-09
  0.278770E+04  0.891237E-04  0.103692E-05  0.538158E-15  0.233870E-12  0.000000E+00  0.747688E-04  0.747688E-04  0.747688E-04 -0.152907E-08  0.671613E-04  0.642401E-05  0.128091E-09
  0.280057E+04  0.883448E-04  0.102485E-05  0.527950E-15  0.230298E-12  0.000000E+00  0.741149E-04  0.741149E-04  0.741149E-04 -0.151569E-08  0.665741E-04  0.633403E-05  0.126459E-09
  0.281350E+04  0.875723E-04  0.101288E-05  0.517928E-15  0.227598E-12  0.000000E+00  0.734663E-04  0.734663E-04  0.734663E-04 -0.150242E-08  0.659916E-04  0.624494E-05  0.124847E-09
  0.282649E+04  0.868066E-04  0.100103E-05  0.508094E-15  0.224276E-12  0.000000E+00  0.728235E-04  0.728235E-04  0.728235E-04 -0.148927E-08  0.654143E-04  0.615679E-05  0.123256E-09
  0.283953E+04  0.860490E-04  0.989319E-06  0.498452E-15  0.221120E-12  0.000000E+00  0.721874E-04  0.721874E-04  0.721874E-04 -0.147626E-08  0.648432E-04  0.606967E-05  0.121688E-09
  0.285264E+04  0.852967E-04  0.977698E-06  0.488982E-15  0.218137E-12  0.000000E+00  0.715559E-04  0.715559E-04  0.715559E-04 -0.146334E-08  0.642761E-04  0.598337E-05  0.120137E-09
  0.286581E+04  0.845508E-04  0.966185E-06  0.479686E-15  0.215156E-12  0.000000E+00  0.709296E-04  0.709296E-04  0.709296E-04 -0.145053E-08  0.637136E-04  0.589794E-05  0.118607E-09
  0.287903E+04  0.838199E-04  0.954902E-06  0.470623E-15  0.212444E-12  0.000000E+00  0.703159E-04  0.703159E-04  0.703159E-04 -0.143801E-08  0.631640E-04  0.581416E-05  0.117111E-09
  0.289232E+04  0.830872E-04  0.943612E-06  0.461672E-15  0.209248E-12  0.000000E+00  0.697008E-04  0.697008E-04  0.697008E-04 -0.142543E-08  0.626116E-04  0.573055E-05  0.115620E-09
  0.290567E+04  0.823604E-04  0.932423E-06  0.452885E-15  0.206470E-12  0.000000E+00  0.690907E-04  0.690907E-04  0.690907E-04 -0.141294E-08  0.620636E-04  0.564778E-05  0.114147E-09
  0.291909E+04  0.816423E-04  0.921374E-06  0.444277E-15  0.203571E-12  0.000000E+00  0.684878E-04  0.684878E-04  0.684878E-04 -0.140062E-08  0.615225E-04  0.556610E-05  0.112697E-09
  0.293256E+04  0.809290E-04  0.910412E-06  0.435820E-15  0.200829E-12  0.000000E+00  0.678889E-04  0.678889E-04  0.678889E-04 -0.138837E-08  0.609848E-04  0.548515E-05  0.111264E-09
  0.294610E+04  0.802211E-04  0.899543E-06  0.427516E-15  0.198140E-12  0.000000E+00  0.672946E-04  0.672946E-04  0.672946E-04 -0.137621E-08  0.604510E-04  0.540501E-05  0.109847E-09
  0.295969E+04  0.794956E-04  0.888447E-06  0.419209E-15  0.195361E-12  0.000000E+00  0.666855E-04  0.666855E-04  0.666855E-04 -0.136364E-08  0.598995E-04  0.532373E-05  0.108409E-09
  0.297335E+04  0.787989E-04  0.877773E-06  0.411207E-15  0.192683E-12  0.000000E+00  0.661006E-04  0.661006E-04  0.661006E-04 -0.135167E-08  0.593740E-04  0.524522E-05  0.107027E-09
  0.298708E+04  0.781098E-04  0.867225E-06  0.403365E-15  0.190055E-12  0.000000E+00  0.655222E-04  0.655222E-04  0.655222E-04 -0.133984E-08  0.588545E-04  0.516768E-05  0.105665E-09
  0.300087E+04  0.774265E-04  0.856774E-06  0.395667E-15  0.187451E-12  0.000000E+00  0.649484E-04  0.649484E-04  0.649484E-04 -0.132810E-08  0.583392E-04  0.509096E-05  0.104321E-09
  0.301472E+04  0.767436E-04  0.846350E-06  0.388079E-15  0.184860E-12  0.000000E+00  0.643752E-04  0.643752E-04  0.643752E-04 -0.131635E-08  0.578234E-04  0.501462E-05  0.102984E-09
  0.302863E+04  0.760650E-04  0.836002E-06  0.380622E-15  0.182270E-12  0.000000E+00  0.638054E-04  0.638054E-04  0.638054E-04 -0.130466E-08  0.573103E-04  0.493897E-05  0.101662E-09
  0.304261E+04  0.753993E-04  0.825854E-06  0.373349E-15  0.179784E-12  0.000000E+00  0.632466E-04  0.632466E-04  0.632466E-04 -0.129323E-08  0.568084E-04  0.486473E-05  0.100368E-09
  0.305666E+04  0.747400E-04  0.815812E-06  0.366216E-15  0.177362E-12  0.000000E+00  0.626931E-04  0.626931E-04  0.626931E-04 -0.128191E-08  0.563114E-04  0.479134E-05  0.990924E-10
  0.307077E+04  0.740864E-04  0.805868E-06  0.359216E-15  0.174892E-12  0.000000E+00  0.621444E-04  0.621444E-04  0.621444E-04 -0.127068E-08  0.558186E-04  0.471876E-05  0.978327E-10
  0.308494E+04  0.734385E-04  0.796022E-06  0.352348E-15  0.172583E-12  0.000000E+00  0.616005E-04  0.616005E-04  0.616005E-04 -0.125956E-08  0.553303E-04  0.464698E-05  0.965893E-10
  0.309918E+04  0.727960E-04  0.786268E-06  0.345607E-15  0.170130E-12  0.000000E+00  0.610611E-04  0.610611E-04  0.610611E-04 -0.124853E-08  0.548459E-04  0.457598E-05  0.953613E-10
  0.311348E+04  0.721594E-04  0.776615E-06  0.338995E-15  0.167768E-12  0.000000E+00  0.605267E-04  0.605267E-04  0.605267E-04 -0.123759E-08  0.543660E-04  0.450579E-05  0.941496E-10
  0.312786E+04  0.715280E-04  0.767051E-06  0.332504E-15  0.165472E-12  0.000000E+00  0.599966E-04  0.599966E-04  0.599966E-04 -0.122675E-08  0.538899E-04  0.443634E-05  0.929527E-10
  0.314229E+04  0.709019E-04  0.757580E-06  0.326134E-15  0.163207E-12  0.000000E+00  0.594710E-04  0.594710E-04  0.594710E-04 -0.121600E-08  0.534179E-04  0.436767E-05  0.917710E-10
  0.315680E+04  0.702818E-04  0.748209E-06  0.319887E-15  0.160927E-12  0.000000E+00  0.589504E-04  0.589504E-04  0.589504E-04 -0.120535E-08  0.529504E-04  0.429979E-05  0.906051E-10
  0.317137E+04  0.696668E-04  0.738928E-06  0.313757E-15  0.158704E-12  0.000000E+00  0.584341E-04  0.584341E-04  0.584341E-04 -0.119479E-08  0.524868E-04  0.423267E-05  0.894538E-10
  0.318601E+04  0.690570E-04  0.729736E-06  0.307740E-15  0.156579E-12  0.000000E+00  0.579222E-04  0.579222E-04  0.579222E-04 -0.118432E-08  0.520270E-04  0.416629E-05  0.883169E-10
  0.320071E+04  0.684527E-04  0.720637E-06  0.301837E-15  0.154450E-12  0.000000E+00  0.574149E-04  0.574149E-04  0.574149E-04 -0.117394E-08  0.515714E-04  0.410068E-05  0.871947E-10
  0.321549E+04  0.678536E-04  0.711629E-06  0.296046E-15  0.152279E-12  0.000000E+00  0.569120E-04  0.569120E-04  0.569120E-04 -0.116365E-08  0.511198E-04  0.403581E-05  0.860870E-10
  0.323033E+04  0.672596E-04  0.702708E-06  0.290362E-15  0.150174E-12  0.000000E+00  0.564133E-04  0.564133E-04  0.564133E-04 -0.115345E-08  0.506719E-04  0.397166E-05  0.849931E-10
  0.324524E+04  0.666712E-04  0.693884E-06  0.284788E-15  0.148119E-12  0.000000E+00  0.559194E-04  0.559194E-04  0.559194E-04 -0.114334E-08  0.502284E-04  0.390829E-05  0.839139E-10
  0.326022E+04  0.660879E-04  0.685146E-06  0.279319E-15  0.146128E-12  0.000000E+00  0.554297E-04  0.554297E-04  0.554297E-04 -0.113333E-08  0.497887E-04  0.384564E-05  0.828483E-10
  0.327527E+04  0.655092E-04  0.676490E-06  0.273950E-15  0.144107E-12  0.000000E+00  0.549439E-04  0.549439E-04  0.549439E-04 -0.112339E-08  0.493523E-04  0.378369E-05  0.817957E-10
  0.329039E+04  0.649360E-04  0.667926E-06  0.268686E-15  0.142101E-12  0.000000E+00  0.544627E-04  0.544627E-04  0.544627E-04 -0.111355E-08  0.489202E-04  0.372248E-05  0.807571E-10
  0.330557E+04  0.643678E-04  0.659450E-06  0.263520E-15  0.140201E-12  0.000000E+00  0.539857E-04  0.539857E-04  0.539857E-04 -0.110379E-08  0.484919E-04  0.366199E-05  0.797318E-10
  0.332083E+04  0.638041E-04  0.651054E-06  0.258450E-15  0.138261E-12  0.000000E+00  0.535125E-04  0.535125E-04  0.535125E-04 -0.109411E-08  0.480669E-04  0.360217E-05  0.787191E-10
  0.333616E+04  0.632455E-04  0.642744E-06  0.253477E-15  0.136373E-12  0.000000E+00  0.530435E-04  0.530435E-04  0.530435E-04 -0.108451E-08  0.476457E-04  0.354307E-05  0.777193E-10
  0.335156E+04  0.626922E-04  0.634524E-06  0.248599E-15  0.134524E-12  0.000000E+00  0.525791E-04  0.525791E-04  0.525791E-04 -0.107501E-08  0.472286E-04  0.348469E-05  0.767330E-10
  0.336703E+04  0.621433E-04  0.626384E-06  0.243813E-15  0.132662E-12  0.000000E+00  0.521184E-04  0.521184E-04  0.521184E-04 -0.106559E-08  0.468149E-04  0.342698E-05  0.757588E-10
  0.338257E+04  0.615994E-04  0.618328E-06  0.239117E-15  0.130837E-12  0.000000E+00  0.516618E-04  0.516618E-04  0.516618E-04 -0.105625E-08  0.464049E-04  0.336996E-05  0.747972E-10
  0.339818E+04  0.610604E-04  0.610357E-06  0.234511E-15  0.129027E-12  0.000000E+00  0.512093E-04  0.512093E-04  0.512093E-04 -0.104700E-08  0.459986E-04  0.331365E-05  0.738480E-10
  0.341387E+04  0.605226E-04  0.602423E-06  0.229976E-15  0.127259E-12  0.000000E+00  0.507578E-04  0.507578E-04  0.507578E-04 -0.103775E-08  0.455925E-04  0.325776E-05  0.729057E-10
  0.342963E+04  0.599919E-04  0.594603E-06  0.225538E-15  0.125484E-12  0.000000E+00  0.503124E-04  0.503124E-04  0.503124E-04 -0.102863E-08  0.451924E-04  0.320272E-05  0.719791E-10
  0.344546E+04  0.594678E-04  0.586885E-06  0.221194E-15  0.123810E-12  0.000000E+00  0.498724E-04  0.498724E-04  0.498724E-04 -0.101964E-08  0.447974E-04  0.314846E-05  0.710671E-10
  0.346136E+04  0.589465E-04  0.579227E-06  0.216924E-15  0.122107E-12  0.000000E+00  0.494348E-04  0.494348E-04  0.494348E-04 -0.101068E-08  0.444044E-04  0.309476E-05  0.701642E-10
  0.347734E+04  0.584304E-04  0.571654E-06  0.212737E-15  0.120413E-12  0.000000E+00  0.490015E-04  0.490015E-04  0.490015E-04 -0.100182E-08  0.440152E-04  0.304174E-05  0.692735E-10
  0.349339E+04  0.579190E-04  0.564164E-06  0.208632E-15  0.118774E-12  0.000000E+00  0.485723E-04  0.485723E-04  0.485723E-04 -0.993041E-09  0.436298E-04  0.298940E-05  0.683947E-10
  0.350951E+04  0.574112E-04  0.556741E-06  0.204600E-15  0.117134E-12  0.000000E+00  0.481461E-04  0.481461E-04  0.481461E-04 -0.984319E-09  0.432469E-04  0.293764E-05  0.675257E-10
  0.352571E+04  0.569083E-04  0.549400E-06  0.200647E-15  0.115540E-12  0.000000E+00  0.477239E-04  0.477239E-04  0.477239E-04 -0.975683E-09  0.428678E-04  0.288656E-05  0.666684E-10
  0.354199E+04  0.564128E-04  0.542173E-06  0.196783E-15  0.113940E-12  0.000000E+00  0.473080E-04  0.473080E-04  0.473080E-04 -0.967188E-09  0.424948E-04  0.283629E-05  0.658265E-10
  0.355833E+04  0.559190E-04  0.534989E-06  0.192980E-15  0.112386E-12  0.000000E+00  0.468934E-04  0.468934E-04  0.468934E-04 -0.958708E-09  0.421225E-04  0.278648E-05  0.649912E-10
  0.357476E+04  0.554290E-04  0.527876E-06  0.189248E-15  0.110834E-12  0.000000E+00  0.464822E-04  0.464822E-04  0.464822E-04 -0.950295E-09  0.417532E-04  0.273727E-05  0.641661E-10
  0.359126E+04  0.549440E-04  0.520844E-06  0.185589E-15  0.109301E-12  0.000000E+00  0.460750E-04  0.460750E-04  0.460750E-04 -0.941968E-09  0.413875E-04  0.268872E-05  0.633522E-10
  0.360784E+04  0.544627E-04  0.513881E-06  0.181999E-15  0.107812E-12  0.000000E+00  0.456710E-04  0.456710E-04  0.456710E-04 -0.933704E-09  0.410247E-04  0.264076E-05  0.625481E-10
  0.362449E+04  0.539856E-04  0.506992E-06  0.178476E-15  0.106319E-12  0.000000E+00  0.452705E-04  0.452705E-04  0.452705E-04 -0.925511E-09  0.406650E-04  0.259340E-05  0.617541E-10
  0.364122E+04  0.535130E-04  0.500181E-06  0.175023E-15  0.104875E-12  0.000000E+00  0.448739E-04  0.448739E-04  0.448739E-04 -0.917399E-09  0.403089E-04  0.254668E-05  0.609708E-10
  0.365803E+04  0.530443E-04  0.493438E-06  0.171634E-15  0.103435E-12  0.000000E+00  0.444804E-04  0.444804E-04  0.444804E-04 -0.909351E-09  0.399555E-04  0.250053E-05  0.601969E-10
  0.367491E+04  0.525794E-04  0.486765E-06  0.168309E-15  0.102008E-12  0.000000E+00  0.440903E-04  0.440903E-04  0.440903E-04 -0.901369E-09  0.396051E-04  0.245497E-05  0.594325E-10
  0.369187E+04  0.521194E-04  0.480172E-06  0.165050E-15  0.100629E-12  0.000000E+00  0.437041E-04  0.437041E-04  0.437041E-04 -0.893472E-09  0.392584E-04  0.241005E-05  0.586789E-10
  0.370891E+04  0.516629E-04  0.473643E-06  0.161852E-15  0.992379E-13  0.000000E+00  0.433209E-04  0.433209E-04  0.433209E-04 -0.885634E-09  0.389142E-04  0.236567E-05  0.579342E-10
  0.372603E+04  0.512101E-04  0.467183E-06  0.158714E-15  0.978671E-13  0.000000E+00  0.429409E-04  0.429409E-04  0.429409E-04 -0.877860E-09  0.385729E-04  0.232188E-05  0.571985E-10
  0.374323E+04  0.507622E-04  0.460802E-06  0.155639E-15  0.965285E-13  0.000000E+00  0.425649E-04  0.425649E-04  0.425649E-04 -0.870172E-09  0.382354E-04  0.227870E-05  0.564734E-10
  0.376051E+04  0.503174E-04  0.454481E-06  0.152621E-15  0.952042E-13  0.000000E+00  0.421916E-04  0.421916E-04  0.421916E-04 -0.862535E-09  0.379001E-04  0.223605E-05  0.557564E-10
  0.377787E+04  0.498764E-04  0.448228E-06  0.149659E-15  0.938985E-13  0.000000E+00  0.418214E-04  0.418214E-04  0.418214E-04 -0.854963E-09  0.375676E-04  0.219397E-05  0.550483E-10
  0.379531E+04  0.494397E-04  0.442049E-06  0.146757E-15  0.926051E-13  0.000000E+00  0.414549E-04  0.414549E-04  0.414549E-04 -0.847468E-09  0.372385E-04  0.215248E-05  0.543499E-10
  0.381282E+04  0.490065E-04  0.435932E-06  0.143908E-15  0.913321E-13  0.000000E+00  0.410913E-04  0.410913E-04  0.410913E-04 -0.840029E-09  0.369119E-04  0.211152E-05  0.536597E-10
  0.383042E+04  0.485770E-04  0.429882E-06  0.141114E-15  0.900793E-13  0.000000E+00  0.407308E-04  0.407308E-04  0.407308E-04 -0.832655E-09  0.365882E-04  0.207111E-05  0.529783E-10
  0.384810E+04  0.481513E-04  0.423899E-06  0.138374E-15  0.888437E-13  0.000000E+00  0.403735E-04  0.403735E-04  0.403735E-04 -0.825347E-09  0.362673E-04  0.203126E-05  0.523055E-10
  0.386587E+04  0.477293E-04  0.417981E-06  0.135687E-15  0.876302E-13  0.000000E+00  0.400193E-04  0.400193E-04  0.400193E-04 -0.818101E-09  0.359492E-04  0.199195E-05  0.516412E-10
  0.388371E+04  0.473109E-04  0.412128E-06  0.133050E-15  0.864253E-13  0.000000E+00  0.396682E-04  0.396682E-04  0.396682E-04 -0.810918E-09  0.356337E-04  0.195318E-05  0.509851E-10
  0.390164E+04  0.468967E-04  0.406345E-06  0.130466E-15  0.852374E-13  0.000000E+00  0.393205E-04  0.393205E-04  0.393205E-04 -0.803807E-09  0.353215E-04  0.191496E-05  0.503380E-10
  0.391965E+04  0.464856E-04  0.400621E-06  0.127930E-15  0.840691E-13  0.000000E+00  0.389754E-04  0.389754E-04  0.389754E-04 -0.796748E-09  0.350116E-04  0.187726E-05  0.496985E-10
  0.393774E+04  0.460782E-04  0.394962E-06  0.125444E-15  0.829147E-13  0.000000E+00  0.386335E-04  0.386335E-04  0.386335E-04 -0.789756E-09  0.347046E-04  0.184009E-05  0.490672E-10
  0.395591E+04  0.456744E-04  0.389368E-06  0.123005E-15  0.817796E-13  0.000000E+00  0.382947E-04  0.382947E-04  0.382947E-04 -0.782824E-09  0.344002E-04  0.180344E-05  0.484439E-10
  0.397417E+04  0.452740E-04  0.383833E-06  0.120613E-15  0.806568E-13  0.000000E+00  0.379585E-04  0.379585E-04  0.379585E-04 -0.775949E-09  0.340983E-04  0.176730E-05  0.478282E-10
  0.399252E+04  0.448773E-04  0.378363E-06  0.118267E-15  0.795444E-13  0.000000E+00  0.376256E-04  0.376256E-04  0.376256E-04 -0.769139E-09  0.337993E-04  0.173169E-05  0.472206E-10
  0.401095E+04  0.444842E-04  0.372957E-06  0.115968E-15  0.784573E-13  0.000000E+00  0.372957E-04  0.372957E-04  0.372957E-04 -0.762392E-09  0.335031E-04  0.169659E-05  0.466209E-10
  0.402946E+04  0.440945E-04  0.367612E-06  0.113712E-15  0.773771E-13  0.000000E+00  0.369687E-04  0.369687E-04  0.369687E-04 -0.755703E-09  0.332094E-04  0.166200E-05  0.460286E-10
  0.404806E+04  0.437010E-04  0.362252E-06  0.111477E-15  0.763163E-13  0.000000E+00  0.366384E-04  0.366384E-04  0.366384E-04 -0.748918E-09  0.329115E-04  0.162757E-05  0.454345E-10
  0.406674E+04  0.433180E-04  0.357026E-06  0.109307E-15  0.752696E-13  0.000000E+00  0.363169E-04  0.363169E-04  0.363169E-04 -0.742343E-09  0.326228E-04  0.159397E-05  0.448569E-10
  0.408551E+04  0.429380E-04  0.351858E-06  0.107179E-15  0.742355E-13  0.000000E+00  0.359980E-04  0.359980E-04  0.359980E-04 -0.735819E-09  0.323363E-04  0.156085E-05  0.442862E-10
  0.410437E+04  0.425618E-04  0.346754E-06  0.105093E-15  0.732171E-13  0.000000E+00  0.356823E-04  0.356823E-04  0.356823E-04 -0.729364E-09  0.320529E-04  0.152824E-05  0.437235E-10
  0.412332E+04  0.421907E-04  0.341726E-06  0.103053E-15  0.722131E-13  0.000000E+00  0.353709E-04  0.353709E-04  0.353709E-04 -0.723002E-09  0.317735E-04  0.149619E-05  0.431699E-10
  0.414235E+04  0.418208E-04  0.336735E-06  0.101046E-15  0.712213E-13  0.000000E+00  0.350604E-04  0.350604E-04  0.350604E-04 -0.716651E-09  0.314946E-04  0.146453E-05  0.426207E-10
  0.416147E+04  0.414544E-04  0.331806E-06  0.990787E-16  0.702427E-13  0.000000E+00  0.347530E-04  0.347530E-04  0.347530E-04 -0.710364E-09  0.312186E-04  0.143336E-05  0.420790E-10
  0.418068E+04  0.410908E-04  0.326929E-06  0.971482E-16  0.692794E-13  0.000000E+00  0.344478E-04  0.344478E-04  0.344478E-04 -0.704122E-09  0.309445E-04  0.140264E-05  0.415434E-10
  0.419998E+04  0.407305E-04  0.322111E-06  0.952557E-16  0.683274E-13  0.000000E+00  0.341454E-04  0.341454E-04  0.341454E-04 -0.697937E-09  0.306729E-04  0.137240E-05  0.410147E-10
  0.421936E+04  0.403736E-04  0.317351E-06  0.934003E-16  0.673913E-13  0.000000E+00  0.338459E-04  0.338459E-04  0.338459E-04 -0.691811E-09  0.304039E-04  0.134262E-05  0.404929E-10
  0.423884E+04  0.400223E-04  0.312672E-06  0.915882E-16  0.664658E-13  0.000000E+00  0.335511E-04  0.335511E-04  0.335511E-04 -0.685793E-09  0.301397E-04  0.131341E-05  0.399809E-10
  0.425840E+04  0.396642E-04  0.307951E-06  0.897830E-16  0.655540E-13  0.000000E+00  0.332506E-04  0.332506E-04  0.332506E-04 -0.679615E-09  0.298684E-04  0.128424E-05  0.394629E-10
  0.427806E+04  0.393166E-04  0.303358E-06  0.880339E-16  0.646526E-13  0.000000E+00  0.329589E-04  0.329589E-04  0.329589E-04 -0.673650E-09  0.296064E-04  0.125584E-05  0.389607E-10
  0.429781E+04  0.389716E-04  0.298816E-06  0.863174E-16  0.637670E-13  0.000000E+00  0.326693E-04  0.326693E-04  0.326693E-04 -0.667728E-09  0.293464E-04  0.122786E-05  0.384642E-10
  0.431764E+04  0.386299E-04  0.294331E-06  0.846352E-16  0.628921E-13  0.000000E+00  0.323826E-04  0.323826E-04  0.323826E-04 -0.661864E-09  0.290889E-04  0.120033E-05  0.379743E-10
  0.433757E+04  0.382912E-04  0.289899E-06  0.829857E-16  0.620283E-13  0.000000E+00  0.320984E-04  0.320984E-04  0.320984E-04 -0.656052E-09  0.288337E-04  0.117325E-05  0.374906E-10
  0.435759E+04  0.379552E-04  0.285518E-06  0.813676E-16  0.611774E-13  0.000000E+00  0.318165E-04  0.318165E-04  0.318165E-04 -0.650284E-09  0.285804E-04  0.114659E-05  0.370126E-10
  0.437771E+04  0.376227E-04  0.281195E-06  0.797822E-16  0.603374E-13  0.000000E+00  0.315374E-04  0.315374E-04  0.315374E-04 -0.644578E-09  0.283298E-04  0.112037E-05  0.365413E-10
  0.439791E+04  0.372928E-04  0.276921E-06  0.782270E-16  0.595088E-13  0.000000E+00  0.312606E-04  0.312606E-04  0.312606E-04 -0.638917E-09  0.280812E-04  0.109458E-05  0.360755E-10
  0.441821E+04  0.369656E-04  0.272698E-06  0.767018E-16  0.586929E-13  0.000000E+00  0.309860E-04  0.309860E-04  0.309860E-04 -0.633302E-09  0.278346E-04  0.106920E-05  0.356154E-10
  0.443861E+04  0.366417E-04  0.268530E-06  0.752070E-16  0.578872E-13  0.000000E+00  0.307142E-04  0.307142E-04  0.307142E-04 -0.627743E-09  0.275905E-04  0.104425E-05  0.351615E-10
  0.445910E+04  0.363206E-04  0.264413E-06  0.737416E-16  0.570927E-13  0.000000E+00  0.304448E-04  0.304448E-04  0.304448E-04 -0.622234E-09  0.273486E-04  0.101971E-05  0.347133E-10
  0.447968E+04  0.360021E-04  0.260344E-06  0.723040E-16  0.563092E-13  0.000000E+00  0.301775E-04  0.301775E-04  0.301775E-04 -0.616768E-09  0.271085E-04  0.995581E-06  0.342705E-10
  0.450035E+04  0.356924E-04  0.256380E-06  0.709096E-16  0.555363E-13  0.000000E+00  0.299176E-04  0.299176E-04  0.299176E-04 -0.611480E-09  0.268763E-04  0.972060E-06  0.338404E-10
  0.452113E+04  0.353730E-04  0.252353E-06  0.695116E-16  0.547745E-13  0.000000E+00  0.296496E-04  0.296496E-04  0.296496E-04 -0.605971E-09  0.266344E-04  0.948517E-06  0.334009E-10
  0.454200E+04  0.350629E-04  0.248434E-06  0.681569E-16  0.540222E-13  0.000000E+00  0.293894E-04  0.293894E-04  0.293894E-04 -0.600651E-09  0.264007E-04  0.925593E-06  0.329747E-10
  0.456296E+04  0.347552E-04  0.244562E-06  0.668280E-16  0.532810E-13  0.000000E+00  0.291313E-04  0.291313E-04  0.291313E-04 -0.595371E-09  0.261689E-04  0.903056E-06  0.325535E-10
  0.458402E+04  0.344502E-04  0.240738E-06  0.655249E-16  0.525497E-13  0.000000E+00  0.288754E-04  0.288754E-04  0.288754E-04 -0.590136E-09  0.259390E-04  0.880907E-06  0.321375E-10
  0.460518E+04  0.341483E-04  0.236966E-06  0.642483E-16  0.518282E-13  0.000000E+00  0.286220E-04  0.286220E-04  0.286220E-04 -0.584956E-09  0.257115E-04  0.859158E-06  0.317271E-10
  0.462644E+04  0.338485E-04  0.233237E-06  0.629955E-16  0.511173E-13  0.000000E+00  0.283704E-04  0.283704E-04  0.283704E-04 -0.579810E-09  0.254855E-04  0.837777E-06  0.313214E-10
  0.464779E+04  0.335516E-04  0.229557E-06  0.617677E-16  0.504162E-13  0.000000E+00  0.281213E-04  0.281213E-04  0.281213E-04 -0.574716E-09  0.252617E-04  0.816781E-06  0.309210E-10
  0.466925E+04  0.332573E-04  0.225925E-06  0.605642E-16  0.497233E-13  0.000000E+00  0.278744E-04  0.278744E-04  0.278744E-04 -0.569667E-09  0.250400E-04  0.796161E-06  0.305257E-10
  0.469080E+04  0.329653E-04  0.222337E-06  0.593834E-16  0.490411E-13  0.000000E+00  0.276294E-04  0.276294E-04  0.276294E-04 -0.564656E-09  0.248199E-04  0.775904E-06  0.301350E-10
  0.471245E+04  0.326762E-04  0.218797E-06  0.582267E-16  0.483684E-13  0.000000E+00  0.273869E-04  0.273869E-04  0.273869E-04 -0.559696E-09  0.246021E-04  0.756025E-06  0.297496E-10
  0.473420E+04  0.323887E-04  0.215295E-06  0.570904E-16  0.477042E-13  0.000000E+00  0.271456E-04  0.271456E-04  0.271456E-04 -0.554759E-09  0.243853E-04  0.736479E-06  0.293679E-10
  0.475605E+04  0.321046E-04  0.211845E-06  0.559782E-16  0.470493E-13  0.000000E+00  0.269073E-04  0.269073E-04  0.269073E-04 -0.549884E-09  0.241712E-04  0.717318E-06  0.289920E-10
  0.477801E+04  0.318231E-04  0.208442E-06  0.548883E-16  0.464039E-13  0.000000E+00  0.266711E-04  0.266711E-04  0.266711E-04 -0.545054E-09  0.239590E-04  0.698519E-06  0.286209E-10
  0.480006E+04  0.315460E-04  0.205099E-06  0.538238E-16  0.457669E-13  0.000000E+00  0.264386E-04  0.264386E-04  0.264386E-04 -0.540309E-09  0.237506E-04  0.680122E-06  0.282567E-10
  0.482222E+04  0.312692E-04  0.201782E-06  0.527758E-16  0.451385E-13  0.000000E+00  0.262064E-04  0.262064E-04  0.262064E-04 -0.535561E-09  0.235421E-04  0.662014E-06  0.278947E-10
  0.484448E+04  0.309936E-04  0.198498E-06  0.517456E-16  0.445190E-13  0.000000E+00  0.259751E-04  0.259751E-04  0.259751E-04 -0.530826E-09  0.233341E-04  0.644218E-06  0.275358E-10
  0.486684E+04  0.307216E-04  0.195268E-06  0.507381E-16  0.439082E-13  0.000000E+00  0.257469E-04  0.257469E-04  0.257469E-04 -0.526159E-09  0.231291E-04  0.626794E-06  0.271827E-10
  0.488930E+04  0.304521E-04  0.192081E-06  0.497507E-16  0.433054E-13  0.000000E+00  0.255208E-04  0.255208E-04  0.255208E-04 -0.521535E-09  0.229261E-04  0.609710E-06  0.268341E-10
  0.491187E+04  0.301847E-04  0.188935E-06  0.487823E-16  0.427113E-13  0.000000E+00  0.252965E-04  0.252965E-04  0.252965E-04 -0.516948E-09  0.227246E-04  0.592953E-06  0.264897E-10
  0.493454E+04  0.299196E-04  0.185831E-06  0.478328E-16  0.421254E-13  0.000000E+00  0.250741E-04  0.250741E-04  0.250741E-04 -0.512400E-09  0.225248E-04  0.576523E-06  0.261496E-10
  0.495732E+04  0.296574E-04  0.182773E-06  0.469029E-16  0.415472E-13  0.000000E+00  0.248541E-04  0.248541E-04  0.248541E-04 -0.507902E-09  0.223273E-04  0.560432E-06  0.258142E-10
  0.498020E+04  0.293969E-04  0.179751E-06  0.459904E-16  0.409770E-13  0.000000E+00  0.246356E-04  0.246356E-04  0.246356E-04 -0.503433E-09  0.221310E-04  0.544649E-06  0.254825E-10
  0.500319E+04  0.291391E-04  0.176773E-06  0.450964E-16  0.404144E-13  0.000000E+00  0.244193E-04  0.244193E-04  0.244193E-04 -0.499010E-09  0.219367E-04  0.529191E-06  0.251553E-10
  0.502628E+04  0.288832E-04  0.173834E-06  0.442194E-16  0.398596E-13  0.000000E+00  0.242047E-04  0.242047E-04  0.242047E-04 -0.494620E-09  0.217439E-04  0.514041E-06  0.248319E-10
  0.504948E+04  0.286295E-04  0.170934E-06  0.433597E-16  0.393127E-13  0.000000E+00  0.239918E-04  0.239918E-04  0.239918E-04 -0.490268E-09  0.215527E-04  0.499202E-06  0.245125E-10
  0.507279E+04  0.283765E-04  0.168063E-06  0.425139E-16  0.387733E-13  0.000000E+00  0.237796E-04  0.237796E-04  0.237796E-04 -0.485920E-09  0.213617E-04  0.484634E-06  0.241955E-10
  0.509620E+04  0.281292E-04  0.165256E-06  0.416913E-16  0.382410E-13  0.000000E+00  0.235721E-04  0.235721E-04  0.235721E-04 -0.481685E-09  0.211757E-04  0.470445E-06  0.238861E-10
  0.511973E+04  0.278824E-04  0.162477E-06  0.408818E-16  0.377161E-13  0.000000E+00  0.233651E-04  0.233651E-04  0.233651E-04 -0.477451E-09  0.209897E-04  0.456518E-06  0.235788E-10
  0.514336E+04  0.276415E-04  0.159763E-06  0.400950E-16  0.371988E-13  0.000000E+00  0.231630E-04  0.231630E-04  0.231630E-04 -0.473335E-09  0.208089E-04  0.442961E-06  0.232792E-10
  0.516710E+04  0.273987E-04  0.157058E-06  0.393165E-16  0.366881E-13  0.000000E+00  0.229593E-04  0.229593E-04  0.229593E-04 -0.469169E-09  0.206259E-04  0.429615E-06  0.229793E-10
  0.519095E+04  0.271583E-04  0.154393E-06  0.385539E-16  0.361848E-13  0.000000E+00  0.227577E-04  0.227577E-04  0.227577E-04 -0.465047E-09  0.204448E-04  0.416562E-06  0.226834E-10
  0.521491E+04  0.269197E-04  0.151763E-06  0.378056E-16  0.356881E-13  0.000000E+00  0.225575E-04  0.225575E-04  0.225575E-04 -0.460953E-09  0.202650E-04  0.403787E-06  0.223908E-10
  0.523898E+04  0.266835E-04  0.149173E-06  0.370728E-16  0.351984E-13  0.000000E+00  0.223594E-04  0.223594E-04  0.223594E-04 -0.456902E-09  0.200871E-04  0.391300E-06  0.221023E-10
  0.526316E+04  0.264492E-04  0.146618E-06  0.363540E-16  0.347154E-13  0.000000E+00  0.221629E-04  0.221629E-04  0.221629E-04 -0.452883E-09  0.199105E-04  0.379087E-06  0.218172E-10
  0.528746E+04  0.262172E-04  0.144101E-06  0.356498E-16  0.342388E-13  0.000000E+00  0.219683E-04  0.219683E-04  0.219683E-04 -0.448904E-09  0.197357E-04  0.367150E-06  0.215359E-10
  0.531186E+04  0.259872E-04  0.141621E-06  0.349595E-16  0.337690E-13  0.000000E+00  0.217754E-04  0.217754E-04  0.217754E-04 -0.444960E-09  0.195625E-04  0.355484E-06  0.212581E-10
  0.533638E+04  0.257587E-04  0.139172E-06  0.342818E-16  0.333056E-13  0.000000E+00  0.215836E-04  0.215836E-04  0.215836E-04 -0.441038E-09  0.193902E-04  0.344074E-06  0.209831E-10
  0.536101E+04  0.255326E-04  0.136761E-06  0.336183E-16  0.328484E-13  0.000000E+00  0.213940E-04  0.213940E-04  0.213940E-04 -0.437161E-09  0.192199E-04  0.332935E-06  0.207122E-10
  0.538576E+04  0.253090E-04  0.134390E-06  0.329687E-16  0.323977E-13  0.000000E+00  0.212065E-04  0.212065E-04  0.212065E-04 -0.433329E-09  0.190515E-04  0.322064E-06  0.204451E-10
  0.541062E+04  0.250867E-04  0.132048E-06  0.323308E-16  0.319529E-13  0.000000E+00  0.210200E-04  0.210200E-04  0.210200E-04 -0.429516E-09  0.188840E-04  0.311437E-06  0.201807E-10
  0.543559E+04  0.248665E-04  0.129742E-06  0.317057E-16  0.315144E-13  0.000000E+00  0.208353E-04  0.208353E-04  0.208353E-04 -0.425739E-09  0.187181E-04  0.301064E-06  0.199197E-10
  0.546068E+04  0.246479E-04  0.127467E-06  0.310925E-16  0.310820E-13  0.000000E+00  0.206520E-04  0.206520E-04  0.206520E-04 -0.421989E-09  0.185533E-04  0.290934E-06  0.196617E-10
  0.548589E+04  0.244316E-04  0.125229E-06  0.304920E-16  0.306554E-13  0.000000E+00  0.204706E-04  0.204706E-04  0.204706E-04 -0.418281E-09  0.183904E-04  0.281057E-06  0.194074E-10
  0.551121E+04  0.242170E-04  0.123022E-06  0.299029E-16  0.302348E-13  0.000000E+00  0.202906E-04  0.202906E-04  0.202906E-04 -0.414599E-09  0.182287E-04  0.271417E-06  0.191560E-10
  0.553665E+04  0.240042E-04  0.120849E-06  0.293256E-16  0.298198E-13  0.000000E+00  0.201121E-04  0.201121E-04  0.201121E-04 -0.410950E-09  0.180684E-04  0.262015E-06  0.189077E-10
  0.556220E+04  0.237934E-04  0.118708E-06  0.287596E-16  0.294105E-13  0.000000E+00  0.199353E-04  0.199353E-04  0.199353E-04 -0.407334E-09  0.179095E-04  0.252848E-06  0.186626E-10
  0.558788E+04  0.235824E-04  0.116587E-06  0.282018E-16  0.290069E-13  0.000000E+00  0.197584E-04  0.197584E-04  0.197584E-04 -0.403707E-09  0.177502E-04  0.243886E-06  0.184187E-10
  0.561367E+04  0.233753E-04  0.114511E-06  0.276581E-16  0.286088E-13  0.000000E+00  0.195847E-04  0.195847E-04  0.195847E-04 -0.400156E-09  0.175941E-04  0.235180E-06  0.181797E-10
  0.563958E+04  0.231701E-04  0.112468E-06  0.271253E-16  0.282161E-13  0.000000E+00  0.194126E-04  0.194126E-04  0.194126E-04 -0.396638E-09  0.174396E-04  0.226698E-06  0.179439E-10
  0.566561E+04  0.229666E-04  0.110454E-06  0.266029E-16  0.278289E-13  0.000000E+00  0.192419E-04  0.192419E-04  0.192419E-04 -0.393148E-09  0.172862E-04  0.218435E-06  0.177110E-10
  0.569176E+04  0.227648E-04  0.108472E-06  0.260906E-16  0.274471E-13  0.000000E+00  0.190727E-04  0.190727E-04  0.190727E-04 -0.389687E-09  0.171342E-04  0.210389E-06  0.174808E-10
  0.571803E+04  0.225647E-04  0.106519E-06  0.255882E-16  0.270703E-13  0.000000E+00  0.189048E-04  0.189048E-04  0.189048E-04 -0.386254E-09  0.169833E-04  0.202555E-06  0.172535E-10
  0.574443E+04  0.223669E-04  0.104600E-06  0.250967E-16  0.266988E-13  0.000000E+00  0.187390E-04  0.187390E-04  0.187390E-04 -0.382865E-09  0.168344E-04  0.194938E-06  0.170296E-10
  0.577094E+04  0.221704E-04  0.102708E-06  0.246141E-16  0.263324E-13  0.000000E+00  0.185742E-04  0.185742E-04  0.185742E-04 -0.379494E-09  0.166864E-04  0.187523E-06  0.168081E-10
  0.579758E+04  0.219757E-04  0.100846E-06  0.241413E-16  0.259710E-13  0.000000E+00  0.184109E-04  0.184109E-04  0.184109E-04 -0.376156E-09  0.165397E-04  0.180312E-06  0.165894E-10
  0.582434E+04  0.217825E-04  0.990119E-07  0.236775E-16  0.256146E-13  0.000000E+00  0.182489E-04  0.182489E-04  0.182489E-04 -0.372843E-09  0.163941E-04  0.173300E-06  0.163733E-10
  0.585122E+04  0.215911E-04  0.972077E-07  0.232229E-16  0.252631E-13  0.000000E+00  0.180884E-04  0.180884E-04  0.180884E-04 -0.369561E-09  0.162499E-04  0.166485E-06  0.161600E-10
  0.587823E+04  0.214014E-04  0.954327E-07  0.227775E-16  0.249164E-13  0.000000E+00  0.179294E-04  0.179294E-04  0.179294E-04 -0.366310E-09  0.161070E-04  0.159865E-06  0.159495E-10
  0.590537E+04  0.212133E-04  0.936848E-07  0.223406E-16  0.245744E-13  0.000000E+00  0.177716E-04  0.177716E-04  0.177716E-04 -0.363083E-09  0.159653E-04  0.153433E-06  0.157415E-10
  0.593262E+04  0.210271E-04  0.919665E-07  0.219127E-16  0.242371E-13  0.000000E+00  0.176154E-04  0.176154E-04  0.176154E-04 -0.359892E-09  0.158250E-04  0.147191E-06  0.155364E-10
  0.596001E+04  0.208421E-04  0.902736E-07  0.214927E-16  0.239047E-13  0.000000E+00  0.174603E-04  0.174603E-04  0.174603E-04 -0.356719E-09  0.156856E-04  0.141129E-06  0.153335E-10
  0.598752E+04  0.206591E-04  0.886101E-07  0.210814E-16  0.235764E-13  0.000000E+00  0.173069E-04  0.173069E-04  0.173069E-04 -0.353582E-09  0.155478E-04  0.135250E-06  0.151334E-10
  0.601515E+04  0.204774E-04  0.869718E-07  0.206779E-16  0.232530E-13  0.000000E+00  0.171545E-04  0.171545E-04  0.171545E-04 -0.350465E-09  0.154108E-04  0.129545E-06  0.149357E-10
  0.604292E+04  0.202974E-04  0.853610E-07  0.202825E-16  0.229338E-13  0.000000E+00  0.170036E-04  0.170036E-04  0.170036E-04 -0.347380E-09  0.152753E-04  0.124016E-06  0.147405E-10
  0.607081E+04  0.201191E-04  0.837772E-07  0.198950E-16  0.226191E-13  0.000000E+00  0.168541E-04  0.168541E-04  0.168541E-04 -0.344324E-09  0.151410E-04  0.118659E-06  0.145479E-10
  0.609883E+04  0.199421E-04  0.822179E-07  0.195148E-16  0.223087E-13  0.000000E+00  0.167057E-04  0.167057E-04  0.167057E-04 -0.341289E-09  0.150076E-04  0.113466E-06  0.143575E-10
  0.612698E+04  0.197670E-04  0.806859E-07  0.191424E-16  0.220025E-13  0.000000E+00  0.165588E-04  0.165588E-04  0.165588E-04 -0.338286E-09  0.148757E-04  0.108440E-06  0.141698E-10
  0.615527E+04  0.195927E-04  0.791761E-07  0.187766E-16  0.217007E-13  0.000000E+00  0.164127E-04  0.164127E-04  0.164127E-04 -0.335296E-09  0.147443E-04  0.103570E-06  0.139838E-10
  0.618368E+04  0.194220E-04  0.777019E-07  0.184204E-16  0.214021E-13  0.000000E+00  0.162696E-04  0.162696E-04  0.162696E-04 -0.332377E-09  0.146160E-04  0.988722E-07  0.138021E-10
  0.621222E+04  0.192512E-04  0.762437E-07  0.180693E-16  0.211091E-13  0.000000E+00  0.161264E-04  0.161264E-04  0.161264E-04 -0.329447E-09  0.144872E-04  0.943176E-07  0.136211E-10
  0.624089E+04  0.190819E-04  0.748109E-07  0.177252E-16  0.208194E-13  0.000000E+00  0.159845E-04  0.159845E-04  0.159845E-04 -0.326546E-09  0.143597E-04  0.899165E-07  0.134426E-10
  0.626970E+04  0.189130E-04  0.733964E-07  0.173864E-16  0.205337E-13  0.000000E+00  0.158428E-04  0.158428E-04  0.158428E-04 -0.323645E-09  0.142322E-04  0.856565E-07  0.132653E-10
  0.629864E+04  0.187462E-04  0.720093E-07  0.170552E-16  0.202519E-13  0.000000E+00  0.157030E-04  0.157030E-04  0.157030E-04 -0.320784E-09  0.141065E-04  0.815464E-07  0.130908E-10
  0.632771E+04  0.185816E-04  0.706492E-07  0.167312E-16  0.199738E-13  0.000000E+00  0.155650E-04  0.155650E-04  0.155650E-04 -0.317963E-09  0.139825E-04  0.775830E-07  0.129191E-10
  0.635692E+04  0.184182E-04  0.693112E-07  0.164133E-16  0.196997E-13  0.000000E+00  0.154280E-04  0.154280E-04  0.154280E-04 -0.315161E-09  0.138594E-04  0.737576E-07  0.127495E-10
  0.638626E+04  0.182563E-04  0.679968E-07  0.161018E-16  0.194295E-13  0.000000E+00  0.152923E-04  0.152923E-04  0.152923E-04 -0.312387E-09  0.137375E-04  0.700699E-07  0.125820E-10
  0.641574E+04  0.180956E-04  0.667039E-07  0.157961E-16  0.191627E-13  0.000000E+00  0.151576E-04  0.151576E-04  0.151576E-04 -0.309632E-09  0.136164E-04  0.665133E-07  0.124165E-10
  0.644535E+04  0.179371E-04  0.654371E-07  0.154973E-16  0.188998E-13  0.000000E+00  0.150247E-04  0.150247E-04  0.150247E-04 -0.306918E-09  0.134971E-04  0.630923E-07  0.122538E-10
  0.647510E+04  0.177794E-04  0.641896E-07  0.152037E-16  0.186404E-13  0.000000E+00  0.148925E-04  0.148925E-04  0.148925E-04 -0.304215E-09  0.133783E-04  0.597954E-07  0.120926E-10
  0.650499E+04  0.176231E-04  0.629640E-07  0.149158E-16  0.183847E-13  0.000000E+00  0.147614E-04  0.147614E-04  0.147614E-04 -0.301536E-09  0.132606E-04  0.566237E-07  0.119335E-10
  0.653502E+04  0.174680E-04  0.617593E-07  0.146334E-16  0.181323E-13  0.000000E+00  0.146314E-04  0.146314E-04  0.146314E-04 -0.298877E-09  0.131437E-04  0.535733E-07  0.117763E-10
  0.656518E+04  0.173142E-04  0.605753E-07  0.143565E-16  0.178835E-13  0.000000E+00  0.145025E-04  0.145025E-04  0.145025E-04 -0.296239E-09  0.130278E-04  0.506416E-07  0.116210E-10
  0.659549E+04  0.171620E-04  0.594139E-07  0.140853E-16  0.176381E-13  0.000000E+00  0.143749E-04  0.143749E-04  0.143749E-04 -0.293632E-09  0.129132E-04  0.478277E-07  0.114680E-10
  0.662593E+04  0.170111E-04  0.582725E-07  0.138192E-16  0.173960E-13  0.000000E+00  0.142484E-04  0.142484E-04  0.142484E-04 -0.291045E-09  0.127995E-04  0.451262E-07  0.113168E-10
  0.665651E+04  0.168615E-04  0.571516E-07  0.135584E-16  0.171573E-13  0.000000E+00  0.141230E-04  0.141230E-04  0.141230E-04 -0.288481E-09  0.126868E-04  0.425360E-07  0.111675E-10
  0.668724E+04  0.167130E-04  0.560501E-07  0.133025E-16  0.169218E-13  0.000000E+00  0.139985E-04  0.139985E-04  0.139985E-04 -0.285936E-09  0.125749E-04  0.400530E-07  0.110201E-10
  0.671810E+04  0.165662E-04  0.549699E-07  0.130519E-16  0.166896E-13  0.000000E+00  0.138754E-04  0.138754E-04  0.138754E-04 -0.283420E-09  0.124644E-04  0.376764E-07  0.108748E-10
  0.674911E+04  0.164203E-04  0.539080E-07  0.128059E-16  0.164606E-13  0.000000E+00  0.137532E-04  0.137532E-04  0.137532E-04 -0.280921E-09  0.123545E-04  0.354018E-07  0.107311E-10
  0.678027E+04  0.162739E-04  0.528577E-07  0.125629E-16  0.162347E-13  0.000000E+00  0.136305E-04  0.136305E-04  0.136305E-04 -0.278402E-09  0.122438E-04  0.332220E-07  0.105877E-10
  0.681156E+04  0.161307E-04  0.518344E-07  0.123265E-16  0.160119E-13  0.000000E+00  0.135104E-04  0.135104E-04  0.135104E-04 -0.275947E-09  0.121359E-04  0.311443E-07  0.104477E-10
  0.684300E+04  0.159887E-04  0.508299E-07  0.120947E-16  0.157921E-13  0.000000E+00  0.133914E-04  0.133914E-04  0.133914E-04 -0.273514E-09  0.120289E-04  0.291617E-07  0.103095E-10
  0.687459E+04  0.158481E-04  0.498444E-07  0.118675E-16  0.155754E-13  0.000000E+00  0.132736E-04  0.132736E-04  0.132736E-04 -0.271105E-09  0.119231E-04  0.272715E-07  0.101732E-10
  0.690632E+04  0.157086E-04  0.488765E-07  0.116446E-16  0.153617E-13  0.000000E+00  0.131566E-04  0.131566E-04  0.131566E-04 -0.268714E-09  0.118180E-04  0.254702E-07  0.100385E-10
  0.693820E+04  0.155705E-04  0.479273E-07  0.114262E-16  0.151508E-13  0.000000E+00  0.130409E-04  0.130409E-04  0.130409E-04 -0.266349E-09  0.117140E-04  0.237567E-07  0.990575E-11
  0.697022E+04  0.154333E-04  0.469945E-07  0.112117E-16  0.149430E-13  0.000000E+00  0.129259E-04  0.129259E-04  0.129259E-04 -0.263997E-09  0.116106E-04  0.221270E-07  0.977442E-11
  0.700240E+04  0.152976E-04  0.460802E-07  0.110017E-16  0.147379E-13  0.000000E+00  0.128121E-04  0.128121E-04  0.128121E-04 -0.261672E-09  0.115084E-04  0.205792E-07  0.964499E-11
  0.703472E+04  0.151628E-04  0.451821E-07  0.107955E-16  0.145356E-13  0.000000E+00  0.126992E-04  0.126992E-04  0.126992E-04 -0.259362E-09  0.114069E-04  0.191113E-07  0.951705E-11
  0.706719E+04  0.150296E-04  0.443023E-07  0.105937E-16  0.143361E-13  0.000000E+00  0.125875E-04  0.125875E-04  0.125875E-04 -0.257080E-09  0.113065E-04  0.177205E-07  0.939102E-11
  0.709981E+04  0.148972E-04  0.434380E-07  0.103954E-16  0.141394E-13  0.000000E+00  0.124766E-04  0.124766E-04  0.124766E-04 -0.254812E-09  0.112068E-04  0.164050E-07  0.926641E-11
  0.713258E+04  0.147662E-04  0.425906E-07  0.102012E-16  0.139453E-13  0.000000E+00  0.123668E-04  0.123668E-04  0.123668E-04 -0.252567E-09  0.111082E-04  0.151618E-07  0.914353E-11
  0.716550E+04  0.146362E-04  0.417589E-07  0.100106E-16  0.137540E-13  0.000000E+00  0.122578E-04  0.122578E-04  0.122578E-04 -0.250339E-09  0.110102E-04  0.139885E-07  0.902211E-11
  0.719858E+04  0.145074E-04  0.409435E-07  0.982375E-17  0.135653E-13  0.000000E+00  0.121499E-04  0.121499E-04  0.121499E-04 -0.248134E-09  0.109133E-04  0.128835E-07  0.890238E-11
  0.723181E+04  0.143797E-04  0.401435E-07  0.964047E-17  0.133791E-13  0.000000E+00  0.120429E-04  0.120429E-04  0.120429E-04 -0.245946E-09  0.108171E-04  0.118443E-07  0.878414E-11
  0.726519E+04  0.142532E-04  0.393590E-07  0.946076E-17  0.131955E-13  0.000000E+00  0.119369E-04  0.119369E-04  0.119369E-04 -0.243778E-09  0.107218E-04  0.108685E-07  0.866746E-11
  0.729872E+04  0.141277E-04  0.385892E-07  0.928441E-17  0.130144E-13  0.000000E+00  0.118317E-04  0.118317E-04  0.118317E-04 -0.241627E-09  0.106272E-04  0.995428E-08  0.855220E-11
  0.733241E+04  0.140032E-04  0.378342E-07  0.911144E-17  0.128358E-13  0.000000E+00  0.117274E-04  0.117274E-04  0.117274E-04 -0.239495E-09  0.105335E-04  0.909840E-08  0.843842E-11
  0.736626E+04  0.138801E-04  0.370946E-07  0.894196E-17  0.126597E-13  0.000000E+00  0.116242E-04  0.116242E-04  0.116242E-04 -0.237385E-09  0.104408E-04  0.830049E-08  0.832627E-11
  0.740026E+04  0.137579E-04  0.363690E-07  0.877566E-17  0.124859E-13  0.000000E+00  0.115218E-04  0.115218E-04  0.115218E-04 -0.235292E-09  0.103487E-04  0.755710E-08  0.821551E-11
  0.743441E+04  0.136368E-04  0.356577E-07  0.861256E-17  0.123146E-13  0.000000E+00  0.114203E-04  0.114203E-04  0.114203E-04 -0.233218E-09  0.102575E-04  0.686694E-08  0.810619E-11
  0.746873E+04  0.135203E-04  0.349715E-07  0.845534E-17  0.121456E-13  0.000000E+00  0.113226E-04  0.113226E-04  0.113226E-04 -0.231236E-09  0.101704E-04  0.622971E-08  0.800087E-11
  0.750320E+04  0.134015E-04  0.342884E-07  0.829858E-17  0.119789E-13  0.000000E+00  0.112231E-04  0.112231E-04  0.112231E-04 -0.229203E-09  0.100810E-04  0.563933E-08  0.789452E-11
  0.753784E+04  0.132835E-04  0.336179E-07  0.814462E-17  0.118145E-13  0.000000E+00  0.111243E-04  0.111243E-04  0.111243E-04 -0.227182E-09  0.999217E-05  0.509626E-08  0.778938E-11
  0.757263E+04  0.131666E-04  0.329608E-07  0.799364E-17  0.116524E-13  0.000000E+00  0.110263E-04  0.110263E-04  0.110263E-04 -0.225180E-09  0.990415E-05  0.459803E-08  0.768564E-11
  0.760758E+04  0.130506E-04  0.323160E-07  0.784539E-17  0.114924E-13  0.000000E+00  0.109291E-04  0.109291E-04  0.109291E-04 -0.223191E-09  0.981670E-05  0.414366E-08  0.758310E-11
  0.764270E+04  0.129357E-04  0.316845E-07  0.770008E-17  0.113348E-13  0.000000E+00  0.108328E-04  0.108328E-04  0.108328E-04 -0.221222E-09  0.973016E-05  0.373035E-08  0.748200E-11
  0.767798E+04  0.128217E-04  0.310655E-07  0.755752E-17  0.111792E-13  0.000000E+00  0.107373E-04  0.107373E-04  0.107373E-04 -0.219271E-09  0.964434E-05  0.335685E-08  0.738220E-11
  0.771342E+04  0.127089E-04  0.304593E-07  0.741779E-17  0.110258E-13  0.000000E+00  0.106428E-04  0.106428E-04  0.106428E-04 -0.217339E-09  0.955942E-05  0.302134E-08  0.728381E-11
  0.774902E+04  0.125968E-04  0.298643E-07  0.728048E-17  0.108745E-13  0.000000E+00  0.105489E-04  0.105489E-04  0.105489E-04 -0.215418E-09  0.947494E-05  0.272229E-08  0.718648E-11
  0.778479E+04  0.124859E-04  0.292819E-07  0.714597E-17  0.107253E-13  0.000000E+00  0.104560E-04  0.104560E-04  0.104560E-04 -0.213519E-09  0.939145E-05  0.245831E-08  0.709060E-11
  0.782072E+04  0.123760E-04  0.287111E-07  0.701398E-17  0.105781E-13  0.000000E+00  0.103638E-04  0.103638E-04  0.103638E-04 -0.211635E-09  0.930863E-05  0.222638E-08  0.699594E-11
  0.785682E+04  0.122671E-04  0.281522E-07  0.688458E-17  0.104329E-13  0.000000E+00  0.102726E-04  0.102726E-04  0.102726E-04 -0.209771E-09  0.922665E-05  0.202616E-08  0.690260E-11
  0.789308E+04  0.121590E-04  0.276039E-07  0.675749E-17  0.102898E-13  0.000000E+00  0.101820E-04  0.101820E-04  0.101820E-04 -0.207918E-09  0.914519E-05  0.185541E-08  0.681034E-11
  0.792952E+04  0.120519E-04  0.270672E-07  0.663291E-17  0.101486E-13  0.000000E+00  0.100923E-04  0.100923E-04  0.100923E-04 -0.206085E-09  0.906460E-05  0.171294E-08  0.671941E-11
  0.796612E+04  0.119458E-04  0.265411E-07  0.651064E-17  0.100093E-13  0.000000E+00  0.100034E-04  0.100034E-04  0.100034E-04 -0.204267E-09  0.898465E-05  0.159720E-08  0.662961E-11
  0.800289E+04  0.118407E-04  0.260262E-07  0.639080E-17  0.987194E-14  0.000000E+00  0.991535E-05  0.991535E-05  0.991535E-05 -0.202468E-09  0.890555E-05  0.150696E-08  0.654111E-11
  0.803983E+04  0.117364E-04  0.255213E-07  0.627311E-17  0.973647E-14  0.000000E+00  0.982795E-05  0.982795E-05  0.982795E-05 -0.200681E-09  0.882698E-05  0.144027E-08  0.645365E-11
  0.807694E+04  0.116331E-04  0.250268E-07  0.615770E-17  0.960286E-14  0.000000E+00  0.974137E-05  0.974137E-05  0.974137E-05 -0.198912E-09  0.874918E-05  0.139611E-08  0.636740E-11
  0.811422E+04  0.115305E-04  0.245422E-07  0.604439E-17  0.947110E-14  0.000000E+00  0.965548E-05  0.965548E-05  0.965548E-05 -0.197156E-09  0.867195E-05  0.137304E-08  0.628221E-11
  0.815167E+04  0.114287E-04  0.240671E-07  0.593310E-17  0.934112E-14  0.000000E+00  0.957019E-05  0.957019E-05  0.957019E-05 -0.195411E-09  0.859525E-05  0.136965E-08  0.619803E-11
  0.818930E+04  0.113280E-04  0.236023E-07  0.582407E-17  0.921295E-14  0.000000E+00  0.948584E-05  0.948584E-05  0.948584E-05 -0.193687E-09  0.851944E-05  0.138470E-08  0.611511E-11
  0.822710E+04  0.112285E-04  0.231475E-07  0.571721E-17  0.908653E-14  0.000000E+00  0.940240E-05  0.940240E-05  0.940240E-05 -0.191982E-09  0.844447E-05  0.141677E-08  0.603342E-11
  0.826507E+04  0.111296E-04  0.227015E-07  0.561225E-17  0.896177E-14  0.000000E+00  0.931955E-05  0.931955E-05  0.931955E-05 -0.190289E-09  0.837000E-05  0.146460E-08  0.595269E-11
  0.830322E+04  0.110316E-04  0.222650E-07  0.550932E-17  0.883882E-14  0.000000E+00  0.923750E-05  0.923750E-05  0.923750E-05 -0.188612E-09  0.829627E-05  0.152765E-08  0.587310E-11
  0.834155E+04  0.109344E-04  0.218373E-07  0.540826E-17  0.871749E-14  0.000000E+00  0.915610E-05  0.915610E-05  0.915610E-05 -0.186948E-09  0.822310E-05  0.160419E-08  0.579449E-11
  0.838005E+04  0.108382E-04  0.214184E-07  0.530912E-17  0.859790E-14  0.000000E+00  0.907543E-05  0.907543E-05  0.907543E-05 -0.185299E-09  0.815060E-05  0.169349E-08  0.571694E-11
  0.841873E+04  0.107425E-04  0.210077E-07  0.521173E-17  0.847991E-14  0.000000E+00  0.899533E-05  0.899533E-05  0.899533E-05 -0.183662E-09  0.807858E-05  0.179394E-08  0.564031E-11
  0.845759E+04  0.106480E-04  0.206060E-07  0.511630E-17  0.836354E-14  0.000000E+00  0.891613E-05  0.891613E-05  0.891613E-05 -0.182043E-09  0.800741E-05  0.190502E-08  0.556484E-11
  0.849663E+04  0.105542E-04  0.202124E-07  0.502262E-17  0.824877E-14  0.000000E+00  0.883756E-05  0.883756E-05  0.883756E-05 -0.180437E-09  0.793679E-05  0.202540E-08  0.549033E-11
  0.853585E+04  0.104612E-04  0.198269E-07  0.493067E-17  0.813557E-14  0.000000E+00  0.875966E-05  0.875966E-05  0.875966E-05 -0.178845E-09  0.786676E-05  0.215405E-08  0.541678E-11
  0.857525E+04  0.103689E-04  0.194489E-07  0.484033E-17  0.802394E-14  0.000000E+00  0.868229E-05  0.868229E-05  0.868229E-05 -0.177263E-09  0.779719E-05  0.229033E-08  0.534410E-11
  0.861483E+04  0.102776E-04  0.190795E-07  0.475186E-17  0.791380E-14  0.000000E+00  0.860586E-05  0.860586E-05  0.860586E-05 -0.175701E-09  0.772852E-05  0.243333E-08  0.527259E-11
  0.865460E+04  0.101871E-04  0.187174E-07  0.466497E-17  0.780523E-14  0.000000E+00  0.853000E-05  0.853000E-05  0.853000E-05 -0.174150E-09  0.766032E-05  0.258197E-08  0.520194E-11
  0.869454E+04  0.100974E-04  0.183629E-07  0.457973E-17  0.769811E-14  0.000000E+00  0.845486E-05  0.845486E-05  0.845486E-05 -0.172615E-09  0.759280E-05  0.273547E-08  0.513227E-11
  0.873468E+04  0.100082E-04  0.180151E-07  0.449594E-17  0.759247E-14  0.000000E+00  0.838017E-05  0.838017E-05  0.838017E-05 -0.171087E-09  0.752563E-05  0.289288E-08  0.506337E-11
  0.877499E+04  0.991998E-05  0.176749E-07  0.441380E-17  0.748828E-14  0.000000E+00  0.830627E-05  0.830627E-05  0.830627E-05 -0.169577E-09  0.745920E-05  0.305378E-08  0.499550E-11
  0.881550E+04  0.983241E-05  0.173415E-07  0.433311E-17  0.738552E-14  0.000000E+00  0.823292E-05  0.823292E-05  0.823292E-05 -0.168077E-09  0.739324E-05  0.321718E-08  0.492845E-11
  0.885619E+04  0.974584E-05  0.170154E-07  0.425406E-17  0.728417E-14  0.000000E+00  0.816040E-05  0.816040E-05  0.816040E-05 -0.166595E-09  0.732808E-05  0.338247E-08  0.486243E-11
  0.889706E+04  0.965985E-05  0.166956E-07  0.417637E-17  0.718421E-14  0.000000E+00  0.808837E-05  0.808837E-05  0.808837E-05 -0.165123E-09  0.726331E-05  0.354891E-08  0.479719E-11
  0.893813E+04  0.957136E-05  0.163754E-07  0.409836E-17  0.708563E-14  0.000000E+00  0.801425E-05  0.801425E-05  0.801425E-05 -0.163594E-09  0.719607E-05  0.371430E-08  0.473081E-11
  0.897939E+04  0.948695E-05  0.160689E-07  0.402358E-17  0.698839E-14  0.000000E+00  0.794355E-05  0.794355E-05  0.794355E-05 -0.162148E-09  0.713251E-05  0.388116E-08  0.466735E-11
  0.902084E+04  0.940328E-05  0.157687E-07  0.395019E-17  0.689250E-14  0.000000E+00  0.787346E-05  0.787346E-05  0.787346E-05 -0.160716E-09  0.706950E-05  0.404744E-08  0.460473E-11
  0.906247E+04  0.932034E-05  0.154746E-07  0.387816E-17  0.679791E-14  0.000000E+00  0.780400E-05  0.780400E-05  0.780400E-05 -0.159296E-09  0.700706E-05  0.421240E-08  0.454296E-11
  0.910430E+04  0.923806E-05  0.151864E-07  0.380742E-17  0.670462E-14  0.000000E+00  0.773507E-05  0.773507E-05  0.773507E-05 -0.157887E-09  0.694510E-05  0.437567E-08  0.448197E-11
  0.914633E+04  0.915662E-05  0.149044E-07  0.373804E-17  0.661261E-14  0.000000E+00  0.766686E-05  0.766686E-05  0.766686E-05 -0.156493E-09  0.688378E-05  0.453673E-08  0.442186E-11
  0.918855E+04  0.907589E-05  0.146281E-07  0.366995E-17  0.652187E-14  0.000000E+00  0.759924E-05  0.759924E-05  0.759924E-05 -0.155111E-09  0.682301E-05  0.469505E-08  0.436256E-11
  0.923096E+04  0.899585E-05  0.143574E-07  0.360311E-17  0.643238E-14  0.000000E+00  0.753220E-05  0.753220E-05  0.753220E-05 -0.153741E-09  0.676275E-05  0.485028E-08  0.430404E-11
  0.927357E+04  0.891646E-05  0.140921E-07  0.353747E-17  0.634410E-14  0.000000E+00  0.746571E-05  0.746571E-05  0.746571E-05 -0.152382E-09  0.670297E-05  0.500195E-08  0.424627E-11
  0.931637E+04  0.883789E-05  0.138324E-07  0.347310E-17  0.625705E-14  0.000000E+00  0.739989E-05  0.739989E-05  0.739989E-05 -0.151037E-09  0.664383E-05  0.514974E-08  0.418934E-11
  0.935937E+04  0.875992E-05  0.135778E-07  0.340987E-17  0.617119E-14  0.000000E+00  0.733459E-05  0.733459E-05  0.733459E-05 -0.149702E-09  0.658513E-05  0.529319E-08  0.413313E-11
  0.940257E+04  0.868268E-05  0.133285E-07  0.334783E-17  0.608650E-14  0.000000E+00  0.726990E-05  0.726990E-05  0.726990E-05 -0.148380E-09  0.652699E-05  0.543208E-08  0.407770E-11
  0.944597E+04  0.860590E-05  0.130838E-07  0.328683E-17  0.600297E-14  0.000000E+00  0.720559E-05  0.720559E-05  0.720559E-05 -0.147065E-09  0.646915E-05  0.556589E-08  0.402289E-11
  0.948957E+04  0.853013E-05  0.128446E-07  0.322711E-17  0.592062E-14  0.000000E+00  0.714213E-05  0.714213E-05  0.714213E-05 -0.145769E-09  0.641214E-05  0.569483E-08  0.396900E-11
  0.953338E+04  0.845485E-05  0.126100E-07  0.316840E-17  0.583936E-14  0.000000E+00  0.707908E-05  0.707908E-05  0.707908E-05 -0.144480E-09  0.635546E-05  0.581822E-08  0.391574E-11
  0.957738E+04  0.838030E-05  0.123801E-07  0.311080E-17  0.575922E-14  0.000000E+00  0.701664E-05  0.701664E-05  0.701664E-05 -0.143204E-09  0.629934E-05  0.593596E-08  0.386322E-11
  0.962159E+04  0.830624E-05  0.121545E-07  0.305418E-17  0.568019E-14  0.000000E+00  0.695461E-05  0.695461E-05  0.695461E-05 -0.141936E-09  0.624356E-05  0.604746E-08  0.381132E-11
  0.966600E+04  0.823304E-05  0.119338E-07  0.299870E-17  0.560225E-14  0.000000E+00  0.689330E-05  0.689330E-05  0.689330E-05 -0.140683E-09  0.618847E-05  0.615327E-08  0.376024E-11
  0.971062E+04  0.816041E-05  0.117174E-07  0.294421E-17  0.552537E-14  0.000000E+00  0.683248E-05  0.683248E-05  0.683248E-05 -0.139440E-09  0.613380E-05  0.625280E-08  0.370980E-11
  0.975544E+04  0.808830E-05  0.115050E-07  0.289066E-17  0.544954E-14  0.000000E+00  0.677208E-05  0.677208E-05  0.677208E-05 -0.138206E-09  0.607950E-05  0.634592E-08  0.365998E-11
  0.980047E+04  0.801699E-05  0.112971E-07  0.283816E-17  0.537477E-14  0.000000E+00  0.671236E-05  0.671236E-05  0.671236E-05 -0.136985E-09  0.602582E-05  0.643271E-08  0.361091E-11
  0.984570E+04  0.794624E-05  0.110932E-07  0.278660E-17  0.530101E-14  0.000000E+00  0.665310E-05  0.665310E-05  0.665310E-05 -0.135775E-09  0.597256E-05  0.651293E-08  0.356247E-11
  0.989115E+04  0.787616E-05  0.108934E-07  0.273600E-17  0.522827E-14  0.000000E+00  0.659441E-05  0.659441E-05  0.659441E-05 -0.134575E-09  0.591982E-05  0.658656E-08  0.351471E-11
  0.993680E+04  0.780653E-05  0.106972E-07  0.268625E-17  0.515653E-14  0.000000E+00  0.653609E-05  0.653609E-05  0.653609E-05 -0.133383E-09  0.586738E-05  0.665332E-08  0.346749E-11
  0.998267E+04  0.773774E-05  0.105052E-07  0.263752E-17  0.508577E-14  0.000000E+00  0.647849E-05  0.647849E-05  0.647849E-05 -0.132206E-09  0.581562E-05  0.671366E-08  0.342104E-11
  0.100287E+05  0.766938E-05  0.103166E-07  0.258960E-17  0.501597E-14  0.000000E+00  0.642124E-05  0.642124E-05  0.642124E-05 -0.131036E-09  0.576415E-05  0.676707E-08  0.337512E-11
  0.100750E+05  0.760177E-05  0.101319E-07  0.254262E-17  0.494714E-14  0.000000E+00  0.636462E-05  0.636462E-05  0.636462E-05 -0.129879E-09  0.571327E-05  0.681390E-08  0.332990E-11
  0.101215E+05  0.753466E-05  0.995063E-08  0.249646E-17  0.487925E-14  0.000000E+00  0.630841E-05  0.630841E-05  0.630841E-05 -0.128731E-09  0.566275E-05  0.685395E-08  0.328523E-11
  0.101683E+05  0.746808E-05  0.977273E-08  0.245111E-17  0.481230E-14  0.000000E+00  0.625265E-05  0.625265E-05  0.625265E-05 -0.127591E-09  0.561262E-05  0.688729E-08  0.324113E-11
  0.102152E+05  0.740220E-05  0.959839E-08  0.240664E-17  0.474627E-14  0.000000E+00  0.619748E-05  0.619748E-05  0.619748E-05 -0.126464E-09  0.556304E-05  0.691411E-08  0.319769E-11
  0.102623E+05  0.733685E-05  0.942731E-08  0.236297E-17  0.468114E-14  0.000000E+00  0.614276E-05  0.614276E-05  0.614276E-05 -0.125345E-09  0.551385E-05  0.693436E-08  0.315481E-11
  0.103097E+05  0.727212E-05  0.925953E-08  0.232011E-17  0.461690E-14  0.000000E+00  0.608855E-05  0.608855E-05  0.608855E-05 -0.124238E-09  0.546513E-05  0.694821E-08  0.311252E-11
  0.103573E+05  0.720782E-05  0.909469E-08  0.227797E-17  0.455354E-14  0.000000E+00  0.603469E-05  0.603469E-05  0.603469E-05 -0.123137E-09  0.541671E-05  0.695552E-08  0.307073E-11
  0.104051E+05  0.714432E-05  0.893332E-08  0.223669E-17  0.449106E-14  0.000000E+00  0.598151E-05  0.598151E-05  0.598151E-05 -0.122051E-09  0.536894E-05  0.695687E-08  0.302963E-11
  0.104531E+05  0.708125E-05  0.877478E-08  0.219613E-17  0.442943E-14  0.000000E+00  0.592870E-05  0.592870E-05  0.592870E-05 -0.120972E-09  0.532147E-05  0.695197E-08  0.298902E-11
  0.105014E+05  0.701872E-05  0.861916E-08  0.215629E-17  0.436865E-14  0.000000E+00  0.587634E-05  0.587634E-05  0.587634E-05 -0.119902E-09  0.527440E-05  0.694100E-08  0.294894E-11
  0.105499E+05  0.695677E-05  0.846647E-08  0.211718E-17  0.430870E-14  0.000000E+00  0.582446E-05  0.582446E-05  0.582446E-05 -0.118842E-09  0.522778E-05  0.692426E-08  0.290942E-11
  0.105986E+05  0.689547E-05  0.831675E-08  0.207883E-17  0.424957E-14  0.000000E+00  0.577312E-05  0.577312E-05  0.577312E-05 -0.117793E-09  0.518166E-05  0.690190E-08  0.287048E-11
  0.106475E+05  0.683461E-05  0.816966E-08  0.204115E-17  0.419126E-14  0.000000E+00  0.572215E-05  0.572215E-05  0.572215E-05 -0.116752E-09  0.513586E-05  0.687400E-08  0.283202E-11
  0.106966E+05  0.677409E-05  0.802496E-08  0.200407E-17  0.413374E-14  0.000000E+00  0.567147E-05  0.567147E-05  0.567147E-05 -0.115716E-09  0.509028E-05  0.684037E-08  0.279397E-11
  0.107460E+05  0.671439E-05  0.788333E-08  0.196778E-17  0.407702E-14  0.000000E+00  0.562148E-05  0.562148E-05  0.562148E-05 -0.114695E-09  0.504537E-05  0.680205E-08  0.275658E-11
  0.107956E+05  0.665642E-05  0.774602E-08  0.193259E-17  0.402107E-14  0.000000E+00  0.557293E-05  0.557293E-05  0.557293E-05 -0.113708E-09  0.500199E-05  0.676026E-08  0.272032E-11
  0.108454E+05  0.659754E-05  0.760912E-08  0.189751E-17  0.396589E-14  0.000000E+00  0.552362E-05  0.552362E-05  0.552362E-05 -0.112700E-09  0.495765E-05  0.671189E-08  0.268381E-11
  0.108955E+05  0.653860E-05  0.747387E-08  0.186287E-17  0.391147E-14  0.000000E+00  0.547427E-05  0.547427E-05  0.547427E-05 -0.111689E-09  0.491316E-05  0.665824E-08  0.264750E-11
  0.109458E+05  0.648087E-05  0.734205E-08  0.182911E-17  0.385780E-14  0.000000E+00  0.542593E-05  0.542593E-05  0.542593E-05 -0.110701E-09  0.486972E-05  0.660108E-08  0.261203E-11
  0.109963E+05  0.642367E-05  0.721260E-08  0.179597E-17  0.380486E-14  0.000000E+00  0.537802E-05  0.537802E-05  0.537802E-05 -0.109723E-09  0.482667E-05  0.653984E-08  0.257705E-11
  0.110471E+05  0.636681E-05  0.708524E-08  0.176338E-17  0.375265E-14  0.000000E+00  0.533041E-05  0.533041E-05  0.533041E-05 -0.108749E-09  0.478386E-05  0.647445E-08  0.254246E-11
  0.110981E+05  0.631064E-05  0.696040E-08  0.173144E-17  0.370115E-14  0.000000E+00  0.528337E-05  0.528337E-05  0.528337E-05 -0.107788E-09  0.474159E-05  0.640563E-08  0.250843E-11
  0.111493E+05  0.625491E-05  0.683770E-08  0.170007E-17  0.365037E-14  0.000000E+00  0.523671E-05  0.523671E-05  0.523671E-05 -0.106835E-09  0.469966E-05  0.633325E-08  0.247483E-11
  0.112007E+05  0.619947E-05  0.671688E-08  0.166919E-17  0.360027E-14  0.000000E+00  0.519028E-05  0.519028E-05  0.519028E-05 -0.105886E-09  0.465790E-05  0.625739E-08  0.244158E-11
  0.112524E+05  0.614211E-05  0.659496E-08  0.163807E-17  0.355087E-14  0.000000E+00  0.514225E-05  0.514225E-05  0.514225E-05 -0.104893E-09  0.461424E-05  0.617549E-08  0.240759E-11
  0.113044E+05  0.608776E-05  0.647854E-08  0.160836E-17  0.350215E-14  0.000000E+00  0.509674E-05  0.509674E-05  0.509674E-05 -0.103963E-09  0.457333E-05  0.609400E-08  0.237530E-11
  0.113566E+05  0.603406E-05  0.636438E-08  0.157925E-17  0.345409E-14  0.000000E+00  0.505177E-05  0.505177E-05  0.505177E-05 -0.103045E-09  0.453294E-05  0.601016E-08  0.234352E-11
  0.114090E+05  0.598076E-05  0.625212E-08  0.155064E-17  0.340669E-14  0.000000E+00  0.500714E-05  0.500714E-05  0.500714E-05 -0.102133E-09  0.449283E-05  0.592393E-08  0.231213E-11
  0.114616E+05  0.592788E-05  0.614174E-08  0.152253E-17  0.335994E-14  0.000000E+00  0.496286E-05  0.496286E-05  0.496286E-05 -0.101228E-09  0.445304E-05  0.583555E-08  0.228114E-11
  0.115145E+05  0.587552E-05  0.603335E-08  0.149496E-17  0.331384E-14  0.000000E+00  0.491901E-05  0.491901E-05  0.491901E-05 -0.100333E-09  0.441364E-05  0.574537E-08  0.225059E-11
  0.115677E+05  0.582360E-05  0.592680E-08  0.146787E-17  0.326836E-14  0.000000E+00  0.487554E-05  0.487554E-05  0.487554E-05 -0.994444E-10  0.437457E-05  0.565352E-08  0.222044E-11
  0.116211E+05  0.577213E-05  0.582208E-08  0.144128E-17  0.322351E-14  0.000000E+00  0.483244E-05  0.483244E-05  0.483244E-05 -0.985639E-10  0.433584E-05  0.556024E-08  0.219069E-11
  0.116747E+05  0.572101E-05  0.571903E-08  0.141513E-17  0.317928E-14  0.000000E+00  0.478963E-05  0.478963E-05  0.478963E-05 -0.976888E-10  0.429735E-05  0.546562E-08  0.216129E-11
  0.117286E+05  0.567054E-05  0.561801E-08  0.138953E-17  0.313565E-14  0.000000E+00  0.474737E-05  0.474737E-05  0.474737E-05 -0.968260E-10  0.425940E-05  0.537029E-08  0.213238E-11
  0.117828E+05  0.562037E-05  0.551855E-08  0.136434E-17  0.309263E-14  0.000000E+00  0.470536E-05  0.470536E-05  0.470536E-05 -0.959676E-10  0.422164E-05  0.527398E-08  0.210379E-11
  0.118371E+05  0.557063E-05  0.542076E-08  0.133961E-17  0.305019E-14  0.000000E+00  0.466370E-05  0.466370E-05  0.466370E-05 -0.951163E-10  0.418419E-05  0.517705E-08  0.207557E-11
  0.118918E+05  0.552149E-05  0.532486E-08  0.131538E-17  0.300833E-14  0.000000E+00  0.462256E-05  0.462256E-05  0.462256E-05 -0.942763E-10  0.414724E-05  0.507994E-08  0.204782E-11
  0.119467E+05  0.547312E-05  0.523101E-08  0.129168E-17  0.296705E-14  0.000000E+00  0.458206E-05  0.458206E-05  0.458206E-05 -0.934508E-10  0.411093E-05  0.498306E-08  0.202059E-11
  0.120018E+05  0.542472E-05  0.513821E-08  0.126829E-17  0.292634E-14  0.000000E+00  0.454153E-05  0.454153E-05  0.454153E-05 -0.926229E-10  0.407451E-05  0.488560E-08  0.199351E-11
  0.120572E+05  0.537679E-05  0.504703E-08  0.124532E-17  0.288618E-14  0.000000E+00  0.450139E-05  0.450139E-05  0.450139E-05 -0.918030E-10  0.403844E-05  0.478834E-08  0.196681E-11
  0.121129E+05  0.532925E-05  0.495740E-08  0.122277E-17  0.284658E-14  0.000000E+00  0.446159E-05  0.446159E-05  0.446159E-05 -0.909900E-10  0.400268E-05  0.469141E-08  0.194046E-11
  0.121688E+05  0.528216E-05  0.486932E-08  0.120064E-17  0.280751E-14  0.000000E+00  0.442216E-05  0.442216E-05  0.442216E-05 -0.901845E-10  0.396725E-05  0.459500E-08  0.191448E-11
  0.122249E+05  0.523529E-05  0.478253E-08  0.117885E-17  0.276899E-14  0.000000E+00  0.438291E-05  0.438291E-05  0.438291E-05 -0.893822E-10  0.393196E-05  0.449905E-08  0.188876E-11
  0.122814E+05  0.518937E-05  0.469783E-08  0.115761E-17  0.273099E-14  0.000000E+00  0.434446E-05  0.434446E-05  0.434446E-05 -0.885983E-10  0.389747E-05  0.440445E-08  0.186362E-11
  0.123381E+05  0.514354E-05  0.461422E-08  0.113666E-17  0.269352E-14  0.000000E+00  0.430609E-05  0.430609E-05  0.430609E-05 -0.878145E-10  0.386300E-05  0.431044E-08  0.183867E-11
  0.123950E+05  0.510041E-05  0.453459E-08  0.111673E-17  0.265656E-14  0.000000E+00  0.426997E-05  0.426997E-05  0.426997E-05 -0.870869E-10  0.383099E-05  0.421986E-08  0.181508E-11
  0.124522E+05  0.505533E-05  0.445374E-08  0.109652E-17  0.262010E-14  0.000000E+00  0.423223E-05  0.423223E-05  0.423223E-05 -0.863159E-10  0.379707E-05  0.412805E-08  0.179077E-11
  0.125097E+05  0.501066E-05  0.437429E-08  0.107668E-17  0.258415E-14  0.000000E+00  0.419482E-05  0.419482E-05  0.419482E-05 -0.855519E-10  0.376346E-05  0.403752E-08  0.176679E-11
  0.125674E+05  0.496636E-05  0.429616E-08  0.105719E-17  0.254869E-14  0.000000E+00  0.415772E-05  0.415772E-05  0.415772E-05 -0.847941E-10  0.373013E-05  0.394834E-08  0.174312E-11
  0.126254E+05  0.492244E-05  0.421938E-08  0.103805E-17  0.251372E-14  0.000000E+00  0.412095E-05  0.412095E-05  0.412095E-05 -0.840428E-10  0.369708E-05  0.386064E-08  0.171977E-11
  0.126837E+05  0.487881E-05  0.414381E-08  0.101924E-17  0.247922E-14  0.000000E+00  0.408442E-05  0.408442E-05  0.408442E-05 -0.832961E-10  0.366424E-05  0.377440E-08  0.169668E-11
  0.127423E+05  0.483574E-05  0.406973E-08  0.100081E-17  0.244520E-14  0.000000E+00  0.404835E-05  0.404835E-05  0.404835E-05 -0.825597E-10  0.363184E-05  0.368998E-08  0.167398E-11
  0.128011E+05  0.479295E-05  0.399683E-08  0.982689E-18  0.241165E-14  0.000000E+00  0.401253E-05  0.401253E-05  0.401253E-05 -0.818278E-10  0.359965E-05  0.360718E-08  0.165154E-11
  0.128602E+05  0.475051E-05  0.392516E-08  0.964892E-18  0.237856E-14  0.000000E+00  0.397699E-05  0.397699E-05  0.397699E-05 -0.811017E-10  0.356771E-05  0.352611E-08  0.162939E-11
  0.129195E+05  0.470856E-05  0.385485E-08  0.947447E-18  0.234592E-14  0.000000E+00  0.394187E-05  0.394187E-05  0.394187E-05 -0.803844E-10  0.353616E-05  0.344695E-08  0.160758E-11
  0.129792E+05  0.466687E-05  0.378564E-08  0.930290E-18  0.231373E-14  0.000000E+00  0.390696E-05  0.390696E-05  0.390696E-05 -0.796711E-10  0.350478E-05  0.336954E-08  0.158601E-11
  0.130391E+05  0.462543E-05  0.371753E-08  0.913417E-18  0.228198E-14  0.000000E+00  0.387226E-05  0.387226E-05  0.387226E-05 -0.789617E-10  0.347357E-05  0.329391E-08  0.156469E-11
  0.130993E+05  0.458459E-05  0.365084E-08  0.896908E-18  0.225067E-14  0.000000E+00  0.383807E-05  0.383807E-05  0.383807E-05 -0.782636E-10  0.344286E-05  0.322040E-08  0.154375E-11
  0.131597E+05  0.454403E-05  0.358523E-08  0.880677E-18  0.221978E-14  0.000000E+00  0.380410E-05  0.380410E-05  0.380410E-05 -0.775698E-10  0.341234E-05  0.314873E-08  0.152306E-11
  0.132205E+05  0.450381E-05  0.352075E-08  0.864738E-18  0.218932E-14  0.000000E+00  0.377043E-05  0.377043E-05  0.377043E-05 -0.768818E-10  0.338208E-05  0.307899E-08  0.150263E-11
  0.132815E+05  0.446398E-05  0.345745E-08  0.849097E-18  0.215928E-14  0.000000E+00  0.373708E-05  0.373708E-05  0.373708E-05 -0.762008E-10  0.335212E-05  0.301123E-08  0.148250E-11
  0.133428E+05  0.442442E-05  0.339517E-08  0.833720E-18  0.212965E-14  0.000000E+00  0.370396E-05  0.370396E-05  0.370396E-05 -0.755240E-10  0.332235E-05  0.294530E-08  0.146260E-11
  0.134044E+05  0.438523E-05  0.333401E-08  0.818626E-18  0.210043E-14  0.000000E+00  0.367114E-05  0.367114E-05  0.367114E-05 -0.748535E-10  0.329285E-05  0.288130E-08  0.144297E-11
  0.134663E+05  0.434642E-05  0.327396E-08  0.803814E-18  0.207160E-14  0.000000E+00  0.363864E-05  0.363864E-05  0.363864E-05 -0.741896E-10  0.326365E-05  0.281922E-08  0.142362E-11
  0.135284E+05  0.430795E-05  0.321498E-08  0.789271E-18  0.204318E-14  0.000000E+00  0.360644E-05  0.360644E-05  0.360644E-05 -0.735317E-10  0.323471E-05  0.275904E-08  0.140452E-11
  0.135909E+05  0.426986E-05  0.315708E-08  0.775001E-18  0.201514E-14  0.000000E+00  0.357454E-05  0.357454E-05  0.357454E-05 -0.728804E-10  0.320606E-05  0.270073E-08  0.138570E-11
  0.136536E+05  0.423202E-05  0.310013E-08  0.760972E-18  0.198749E-14  0.000000E+00  0.354287E-05  0.354287E-05  0.354287E-05 -0.722332E-10  0.317759E-05  0.264418E-08  0.136710E-11
  0.137166E+05  0.419456E-05  0.304423E-08  0.747205E-18  0.196022E-14  0.000000E+00  0.351150E-05  0.351150E-05  0.351150E-05 -0.715924E-10  0.314940E-05  0.258943E-08  0.134876E-11
  0.137799E+05  0.415750E-05  0.298940E-08  0.733705E-18  0.193332E-14  0.000000E+00  0.348047E-05  0.348047E-05  0.348047E-05 -0.709590E-10  0.312154E-05  0.253650E-08  0.133070E-11
  0.138435E+05  0.412069E-05  0.293547E-08  0.720431E-18  0.190679E-14  0.000000E+00  0.344965E-05  0.344965E-05  0.344965E-05 -0.703294E-10  0.309384E-05  0.248519E-08  0.131285E-11
  0.139074E+05  0.408419E-05  0.288250E-08  0.707395E-18  0.188063E-14  0.000000E+00  0.341909E-05  0.341909E-05  0.341909E-05 -0.697051E-10  0.306638E-05  0.243553E-08  0.129523E-11
  0.139716E+05  0.404807E-05  0.283053E-08  0.694608E-18  0.185482E-14  0.000000E+00  0.338884E-05  0.338884E-05  0.338884E-05 -0.690875E-10  0.303921E-05  0.238752E-08  0.127786E-11
  0.140361E+05  0.401223E-05  0.277946E-08  0.682046E-18  0.182937E-14  0.000000E+00  0.335884E-05  0.335884E-05  0.335884E-05 -0.684747E-10  0.301226E-05  0.234104E-08  0.126072E-11
  0.141009E+05  0.397668E-05  0.272929E-08  0.669705E-18  0.180427E-14  0.000000E+00  0.332907E-05  0.332907E-05  0.332907E-05 -0.678667E-10  0.298551E-05  0.229603E-08  0.124379E-11
  0.141660E+05  0.394153E-05  0.268009E-08  0.657607E-18  0.177951E-14  0.000000E+00  0.329965E-05  0.329965E-05  0.329965E-05 -0.672659E-10  0.295908E-05  0.225254E-08  0.122713E-11
  0.142314E+05  0.390663E-05  0.263173E-08  0.645713E-18  0.175509E-14  0.000000E+00  0.327042E-05  0.327042E-05  0.327042E-05 -0.666689E-10  0.293282E-05  0.221038E-08  0.121066E-11
  0.142971E+05  0.387199E-05  0.258421E-08  0.634028E-18  0.173101E-14  0.000000E+00  0.324142E-05  0.324142E-05  0.324142E-05 -0.660765E-10  0.290676E-05  0.216952E-08  0.119440E-11
  0.143631E+05  0.383775E-05  0.253762E-08  0.622571E-18  0.170725E-14  0.000000E+00  0.321275E-05  0.321275E-05  0.321275E-05 -0.654911E-10  0.288101E-05  0.213001E-08  0.117839E-11
  0.144293E+05  0.380377E-05  0.249184E-08  0.611315E-18  0.168383E-14  0.000000E+00  0.318430E-05  0.318430E-05  0.318430E-05 -0.649100E-10  0.285545E-05  0.209169E-08  0.116257E-11
  0.144960E+05  0.377005E-05  0.244686E-08  0.600255E-18  0.166072E-14  0.000000E+00  0.315607E-05  0.315607E-05  0.315607E-05 -0.643334E-10  0.283008E-05  0.205450E-08  0.114696E-11
  0.145629E+05  0.373675E-05  0.240280E-08  0.589420E-18  0.163793E-14  0.000000E+00  0.312819E-05  0.312819E-05  0.312819E-05 -0.637644E-10  0.280505E-05  0.201850E-08  0.113160E-11
  0.146301E+05  0.370367E-05  0.235947E-08  0.578765E-18  0.161546E-14  0.000000E+00  0.310049E-05  0.310049E-05  0.310049E-05 -0.631987E-10  0.278017E-05  0.198349E-08  0.111641E-11
  0.146976E+05  0.367077E-05  0.231684E-08  0.568283E-18  0.159329E-14  0.000000E+00  0.307295E-05  0.307295E-05  0.307295E-05 -0.626358E-10  0.275540E-05  0.194942E-08  0.110139E-11
  0.147655E+05  0.363830E-05  0.227510E-08  0.558018E-18  0.157143E-14  0.000000E+00  0.304576E-05  0.304576E-05  0.304576E-05 -0.620808E-10  0.273099E-05  0.191638E-08  0.108662E-11
  0.148336E+05  0.360609E-05  0.223410E-08  0.547932E-18  0.154986E-14  0.000000E+00  0.301879E-05  0.301879E-05  0.301879E-05 -0.615301E-10  0.270676E-05  0.188421E-08  0.107204E-11
  0.149021E+05  0.357419E-05  0.219386E-08  0.538034E-18  0.152860E-14  0.000000E+00  0.299208E-05  0.299208E-05  0.299208E-05 -0.609848E-10  0.268277E-05  0.185289E-08  0.105767E-11
  0.149709E+05  0.354250E-05  0.215431E-08  0.528304E-18  0.150762E-14  0.000000E+00  0.296556E-05  0.296556E-05  0.296556E-05 -0.604430E-10  0.265894E-05  0.182233E-08  0.104346E-11
  0.150400E+05  0.351114E-05  0.211550E-08  0.518757E-18  0.148694E-14  0.000000E+00  0.293930E-05  0.293930E-05  0.293930E-05 -0.599068E-10  0.263535E-05  0.179252E-08  0.102946E-11
  0.151094E+05  0.348001E-05  0.207737E-08  0.509376E-18  0.146653E-14  0.000000E+00  0.291323E-05  0.291323E-05  0.291323E-05 -0.593745E-10  0.261194E-05  0.176339E-08  0.101563E-11
  0.151791E+05  0.344919E-05  0.203996E-08  0.500170E-18  0.144641E-14  0.000000E+00  0.288743E-05  0.288743E-05  0.288743E-05 -0.588476E-10  0.258876E-05  0.173494E-08  0.100199E-11
  0.152492E+05  0.341864E-05  0.200324E-08  0.491132E-18  0.142656E-14  0.000000E+00  0.286185E-05  0.286185E-05  0.286185E-05 -0.583253E-10  0.256578E-05  0.170710E-08  0.988542E-12
  0.153196E+05  0.338836E-05  0.196717E-08  0.482256E-18  0.140699E-14  0.000000E+00  0.283650E-05  0.283650E-05  0.283650E-05 -0.578077E-10  0.254301E-05  0.167984E-08  0.975272E-12
  0.153903E+05  0.335835E-05  0.193177E-08  0.473542E-18  0.138768E-14  0.000000E+00  0.281138E-05  0.281138E-05  0.281138E-05 -0.572946E-10  0.252044E-05  0.165312E-08  0.962179E-12
  0.154613E+05  0.332861E-05  0.189702E-08  0.464987E-18  0.136864E-14  0.000000E+00  0.278648E-05  0.278648E-05  0.278648E-05 -0.567862E-10  0.249808E-05  0.162691E-08  0.949265E-12
  0.155327E+05  0.329911E-05  0.186288E-08  0.456583E-18  0.134986E-14  0.000000E+00  0.276178E-05  0.276178E-05  0.276178E-05 -0.562820E-10  0.247590E-05  0.160117E-08  0.936518E-12
  0.156044E+05  0.326990E-05  0.182938E-08  0.448336E-18  0.133133E-14  0.000000E+00  0.273733E-05  0.273733E-05  0.273733E-05 -0.557827E-10  0.245393E-05  0.157588E-08  0.923949E-12
  0.156764E+05  0.324094E-05  0.179649E-08  0.440236E-18  0.131307E-14  0.000000E+00  0.271308E-05  0.271308E-05  0.271308E-05 -0.552877E-10  0.243216E-05  0.155101E-08  0.911546E-12
  0.157488E+05  0.321093E-05  0.176329E-08  0.432061E-18  0.129505E-14  0.000000E+00  0.268795E-05  0.268795E-05  0.268795E-05 -0.547690E-10  0.240934E-05  0.152574E-08  0.898851E-12
  0.158215E+05  0.318245E-05  0.173157E-08  0.424250E-18  0.127728E-14  0.000000E+00  0.266411E-05  0.266411E-05  0.266411E-05 -0.542821E-10  0.238792E-05  0.150162E-08  0.886771E-12
  0.158945E+05  0.315424E-05  0.170044E-08  0.416584E-18  0.125975E-14  0.000000E+00  0.264050E-05  0.264050E-05  0.264050E-05 -0.538001E-10  0.236672E-05  0.147786E-08  0.874862E-12
  0.159679E+05  0.312628E-05  0.166986E-08  0.409055E-18  0.124247E-14  0.000000E+00  0.261708E-05  0.261708E-05  0.261708E-05 -0.533220E-10  0.234569E-05  0.145442E-08  0.863108E-12
  0.160416E+05  0.309852E-05  0.163982E-08  0.401656E-18  0.122542E-14  0.000000E+00  0.259384E-05  0.259384E-05  0.259384E-05 -0.528473E-10  0.232481E-05  0.143127E-08  0.851498E-12
  0.161156E+05  0.307105E-05  0.161035E-08  0.394397E-18  0.120860E-14  0.000000E+00  0.257084E-05  0.257084E-05  0.257084E-05 -0.523777E-10  0.230415E-05  0.140845E-08  0.840058E-12
  0.161900E+05  0.304384E-05  0.158142E-08  0.387273E-18  0.119202E-14  0.000000E+00  0.254806E-05  0.254806E-05  0.254806E-05 -0.519127E-10  0.228369E-05  0.138592E-08  0.828777E-12
  0.162647E+05  0.301751E-05  0.155342E-08  0.380379E-18  0.117566E-14  0.000000E+00  0.252602E-05  0.252602E-05  0.252602E-05 -0.514654E-10  0.226401E-05  0.136402E-08  0.817865E-12
  0.163398E+05  0.299074E-05  0.152551E-08  0.373504E-18  0.115953E-14  0.000000E+00  0.250361E-05  0.250361E-05  0.250361E-05 -0.510078E-10  0.224388E-05  0.134201E-08  0.806872E-12
  0.164152E+05  0.296419E-05  0.149808E-08  0.366750E-18  0.114362E-14  0.000000E+00  0.248138E-05  0.248138E-05  0.248138E-05 -0.505538E-10  0.222391E-05  0.132024E-08  0.796019E-12
  0.164910E+05  0.293787E-05  0.147115E-08  0.360118E-18  0.112793E-14  0.000000E+00  0.245934E-05  0.245934E-05  0.245934E-05 -0.501038E-10  0.220411E-05  0.129871E-08  0.785312E-12
  0.165671E+05  0.291180E-05  0.144471E-08  0.353609E-18  0.111245E-14  0.000000E+00  0.243752E-05  0.243752E-05  0.243752E-05 -0.496582E-10  0.218451E-05  0.127744E-08  0.774755E-12
  0.166436E+05  0.288601E-05  0.141879E-08  0.347226E-18  0.109718E-14  0.000000E+00  0.241593E-05  0.241593E-05  0.241593E-05 -0.492176E-10  0.216513E-05  0.125644E-08  0.764357E-12
  0.167204E+05  0.286041E-05  0.139330E-08  0.340951E-18  0.108213E-14  0.000000E+00  0.239449E-05  0.239449E-05  0.239449E-05 -0.487799E-10  0.214587E-05  0.123564E-08  0.754082E-12
  0.167976E+05  0.283501E-05  0.136826E-08  0.334786E-18  0.106728E-14  0.000000E+00  0.237323E-05  0.237323E-05  0.237323E-05 -0.483457E-10  0.212677E-05  0.121506E-08  0.743939E-12
  0.168751E+05  0.280985E-05  0.134368E-08  0.328736E-18  0.105263E-14  0.000000E+00  0.235217E-05  0.235217E-05  0.235217E-05 -0.479157E-10  0.210786E-05  0.119473E-08  0.733937E-12
  0.169530E+05  0.278493E-05  0.131955E-08  0.322797E-18  0.103819E-14  0.000000E+00  0.233130E-05  0.233130E-05  0.233130E-05 -0.474897E-10  0.208912E-05  0.117463E-08  0.724073E-12
  0.170313E+05  0.276020E-05  0.129583E-08  0.316962E-18  0.102395E-14  0.000000E+00  0.231060E-05  0.231060E-05  0.231060E-05 -0.470669E-10  0.207052E-05  0.115474E-08  0.714334E-12
  0.171099E+05  0.273575E-05  0.127258E-08  0.311240E-18  0.100989E-14  0.000000E+00  0.229013E-05  0.229013E-05  0.229013E-05 -0.466491E-10  0.205214E-05  0.113512E-08  0.704743E-12
  0.171888E+05  0.271149E-05  0.124973E-08  0.305619E-18  0.996037E-15  0.000000E+00  0.226982E-05  0.226982E-05  0.226982E-05 -0.462345E-10  0.203390E-05  0.111570E-08  0.695274E-12
  0.172682E+05  0.268732E-05  0.122722E-08  0.300082E-18  0.982370E-15  0.000000E+00  0.224959E-05  0.224959E-05  0.224959E-05 -0.458210E-10  0.201571E-05  0.109647E-08  0.685893E-12
  0.173479E+05  0.266350E-05  0.120520E-08  0.294665E-18  0.968890E-15  0.000000E+00  0.222965E-05  0.222965E-05  0.222965E-05 -0.454141E-10  0.199781E-05  0.107753E-08  0.676681E-12
  0.174280E+05  0.263979E-05  0.118351E-08  0.289331E-18  0.955596E-15  0.000000E+00  0.220980E-05  0.220980E-05  0.220980E-05 -0.450086E-10  0.197997E-05  0.105878E-08  0.667560E-12
  0.175084E+05  0.261641E-05  0.116227E-08  0.284109E-18  0.942483E-15  0.000000E+00  0.219022E-05  0.219022E-05  0.219022E-05 -0.446090E-10  0.196239E-05  0.104032E-08  0.658598E-12
  0.175892E+05  0.259320E-05  0.114140E-08  0.278979E-18  0.929550E-15  0.000000E+00  0.217079E-05  0.217079E-05  0.217079E-05 -0.442125E-10  0.194495E-05  0.102210E-08  0.649747E-12
  0.176704E+05  0.257012E-05  0.112086E-08  0.273931E-18  0.916795E-15  0.000000E+00  0.215147E-05  0.215147E-05  0.215147E-05 -0.438178E-10  0.192759E-05  0.100407E-08  0.640992E-12
  0.177520E+05  0.254732E-05  0.110073E-08  0.268984E-18  0.904216E-15  0.000000E+00  0.213238E-05  0.213238E-05  0.213238E-05 -0.434282E-10  0.191045E-05  0.986321E-09  0.632376E-12
  0.178339E+05  0.252473E-05  0.108096E-08  0.264128E-18  0.891808E-15  0.000000E+00  0.211347E-05  0.211347E-05  0.211347E-05 -0.430423E-10  0.189347E-05  0.968824E-09  0.623879E-12
  0.179162E+05  0.250229E-05  0.106153E-08  0.259352E-18  0.879571E-15  0.000000E+00  0.209468E-05  0.209468E-05  0.209468E-05 -0.426586E-10  0.187659E-05  0.951550E-09  0.615480E-12
  0.179989E+05  0.248008E-05  0.104245E-08  0.254668E-18  0.867502E-15  0.000000E+00  0.207609E-05  0.207609E-05  0.207609E-05 -0.422791E-10  0.185990E-05  0.934542E-09  0.607205E-12
  0.180820E+05  0.245810E-05  0.102374E-08  0.250072E-18  0.855598E-15  0.000000E+00  0.205769E-05  0.205769E-05  0.205769E-05 -0.419036E-10  0.184338E-05  0.917797E-09  0.599049E-12
  0.181655E+05  0.243626E-05  0.100533E-08  0.245553E-18  0.843858E-15  0.000000E+00  0.203940E-05  0.203940E-05  0.203940E-05 -0.415304E-10  0.182696E-05  0.901284E-09  0.590988E-12
  0.182493E+05  0.241462E-05  0.987257E-09  0.241116E-18  0.832279E-15  0.000000E+00  0.202128E-05  0.202128E-05  0.202128E-05 -0.411604E-10  0.181069E-05  0.885024E-09  0.583035E-12
  0.183336E+05  0.239319E-05  0.969521E-09  0.236763E-18  0.820859E-15  0.000000E+00  0.200335E-05  0.200335E-05  0.200335E-05 -0.407944E-10  0.179459E-05  0.869033E-09  0.575199E-12
  0.184182E+05  0.237194E-05  0.952089E-09  0.232486E-18  0.809595E-15  0.000000E+00  0.198555E-05  0.198555E-05  0.198555E-05 -0.404312E-10  0.177860E-05  0.853284E-09  0.567460E-12
  0.185032E+05  0.235090E-05  0.934985E-09  0.228289E-18  0.798486E-15  0.000000E+00  0.196794E-05  0.196794E-05  0.196794E-05 -0.400717E-10  0.176279E-05  0.837807E-09  0.559834E-12
  0.185886E+05  0.233012E-05  0.918224E-09  0.224178E-18  0.787530E-15  0.000000E+00  0.195054E-05  0.195054E-05  0.195054E-05 -0.397171E-10  0.174719E-05  0.822616E-09  0.552332E-12
  0.186744E+05  0.230939E-05  0.901700E-09  0.220125E-18  0.776724E-15  0.000000E+00  0.193320E-05  0.193320E-05  0.193320E-05 -0.393629E-10  0.173161E-05  0.807623E-09  0.544893E-12
  0.187606E+05  0.228890E-05  0.885496E-09  0.216152E-18  0.766066E-15  0.000000E+00  0.191604E-05  0.191604E-05  0.191604E-05 -0.390128E-10  0.171621E-05  0.792907E-09  0.537569E-12
  0.188472E+05  0.226858E-05  0.869573E-09  0.212248E-18  0.755554E-15  0.000000E+00  0.189902E-05  0.189902E-05  0.189902E-05 -0.386655E-10  0.170093E-05  0.778435E-09  0.530337E-12
  0.189342E+05  0.224839E-05  0.853917E-09  0.208410E-18  0.745186E-15  0.000000E+00  0.188212E-05  0.188212E-05  0.188212E-05 -0.383204E-10  0.168575E-05  0.764199E-09  0.523190E-12
  0.190216E+05  0.222844E-05  0.838569E-09  0.204649E-18  0.734961E-15  0.000000E+00  0.186542E-05  0.186542E-05  0.186542E-05 -0.379796E-10  0.167076E-05  0.750240E-09  0.516157E-12
  0.191094E+05  0.220863E-05  0.823481E-09  0.200952E-18  0.724877E-15  0.000000E+00  0.184884E-05  0.184884E-05  0.184884E-05 -0.376411E-10  0.165587E-05  0.736516E-09  0.509209E-12
  0.191976E+05  0.218899E-05  0.808658E-09  0.197320E-18  0.714930E-15  0.000000E+00  0.183240E-05  0.183240E-05  0.183240E-05 -0.373054E-10  0.164110E-05  0.723034E-09  0.502351E-12
  0.192862E+05  0.216955E-05  0.794114E-09  0.193757E-18  0.705120E-15  0.000000E+00  0.181612E-05  0.181612E-05  0.181612E-05 -0.369733E-10  0.162649E-05  0.709809E-09  0.495593E-12
  0.193752E+05  0.215025E-05  0.779820E-09  0.190256E-18  0.695445E-15  0.000000E+00  0.179997E-05  0.179997E-05  0.179997E-05 -0.366436E-10  0.161198E-05  0.696817E-09  0.488919E-12
  0.194647E+05  0.213116E-05  0.765794E-09  0.186821E-18  0.685902E-15  0.000000E+00  0.178398E-05  0.178398E-05  0.178398E-05 -0.363174E-10  0.159763E-05  0.684075E-09  0.482342E-12
  0.195545E+05  0.211224E-05  0.752026E-09  0.183450E-18  0.676491E-15  0.000000E+00  0.176815E-05  0.176815E-05  0.176815E-05 -0.359943E-10  0.158342E-05  0.671575E-09  0.475857E-12
  0.196448E+05  0.209348E-05  0.738496E-09  0.180137E-18  0.667208E-15  0.000000E+00  0.175244E-05  0.175244E-05  0.175244E-05 -0.356737E-10  0.156932E-05  0.659300E-09  0.469454E-12
  0.197354E+05  0.207487E-05  0.725205E-09  0.176884E-18  0.658053E-15  0.000000E+00  0.173686E-05  0.173686E-05  0.173686E-05 -0.353558E-10  0.155533E-05  0.647251E-09  0.463134E-12
  0.198265E+05  0.205645E-05  0.712161E-09  0.173691E-18  0.649023E-15  0.000000E+00  0.172144E-05  0.172144E-05  0.172144E-05 -0.350411E-10  0.154149E-05  0.635438E-09  0.456905E-12
  0.199180E+05  0.203816E-05  0.699341E-09  0.170554E-18  0.640118E-15  0.000000E+00  0.170613E-05  0.170613E-05  0.170613E-05 -0.347287E-10  0.152775E-05  0.623837E-09  0.450752E-12
  0.200100E+05  0.202007E-05  0.686762E-09  0.167476E-18  0.631334E-15  0.000000E+00  0.169098E-05  0.169098E-05  0.169098E-05 -0.344196E-10  0.151415E-05  0.612466E-09  0.444689E-12
  0.201023E+05  0.200211E-05  0.674401E-09  0.164452E-18  0.622671E-15  0.000000E+00  0.167595E-05  0.167595E-05  0.167595E-05 -0.341129E-10  0.150065E-05  0.601303E-09  0.438703E-12
  0.201951E+05  0.198428E-05  0.662250E-09  0.161479E-18  0.614127E-15  0.000000E+00  0.166103E-05  0.166103E-05  0.166103E-05 -0.338082E-10  0.148725E-05  0.590340E-09  0.432789E-12
  0.202884E+05  0.196674E-05  0.650368E-09  0.158572E-18  0.605700E-15  0.000000E+00  0.164634E-05  0.164634E-05  0.164634E-05 -0.335089E-10  0.147408E-05  0.579633E-09  0.426988E-12
  0.203820E+05  0.194926E-05  0.638665E-09  0.155710E-18  0.597389E-15  0.000000E+00  0.163171E-05  0.163171E-05  0.163171E-05 -0.332104E-10  0.146095E-05  0.569097E-09  0.421241E-12
  0.204761E+05  0.193188E-05  0.627144E-09  0.152892E-18  0.589193E-15  0.000000E+00  0.161715E-05  0.161715E-05  0.161715E-05 -0.329131E-10  0.144787E-05  0.558735E-09  0.415554E-12
  0.205706E+05  0.191470E-05  0.615855E-09  0.150132E-18  0.581108E-15  0.000000E+00  0.160278E-05  0.160278E-05  0.160278E-05 -0.326198E-10  0.143497E-05  0.548594E-09  0.409959E-12
  0.206655E+05  0.189759E-05  0.604733E-09  0.147412E-18  0.573134E-15  0.000000E+00  0.158845E-05  0.158845E-05  0.158845E-05 -0.323271E-10  0.142209E-05  0.538611E-09  0.404416E-12
  0.207609E+05  0.188072E-05  0.593846E-09  0.144751E-18  0.565270E-15  0.000000E+00  0.157433E-05  0.157433E-05  0.157433E-05 -0.320389E-10  0.140942E-05  0.528849E-09  0.398971E-12
  0.208568E+05  0.186401E-05  0.583159E-09  0.142138E-18  0.557513E-15  0.000000E+00  0.156034E-05  0.156034E-05  0.156034E-05 -0.317535E-10  0.139686E-05  0.519275E-09  0.393601E-12
  0.209530E+05  0.184741E-05  0.572649E-09  0.139569E-18  0.549863E-15  0.000000E+00  0.154644E-05  0.154644E-05  0.154644E-05 -0.314698E-10  0.138438E-05  0.509868E-09  0.388293E-12
  0.210497E+05  0.183097E-05  0.562337E-09  0.137048E-18  0.542318E-15  0.000000E+00  0.153268E-05  0.153268E-05  0.153268E-05 -0.311891E-10  0.137203E-05  0.500646E-09  0.383063E-12
  0.211469E+05  0.181471E-05  0.552217E-09  0.134575E-18  0.534877E-15  0.000000E+00  0.151907E-05  0.151907E-05  0.151907E-05 -0.309113E-10  0.135981E-05  0.491603E-09  0.377908E-12
  0.212445E+05  0.179857E-05  0.542276E-09  0.132146E-18  0.527538E-15  0.000000E+00  0.150556E-05  0.150556E-05  0.150556E-05 -0.306358E-10  0.134769E-05  0.482725E-09  0.372820E-12
  0.213426E+05  0.178259E-05  0.532516E-09  0.129761E-18  0.520299E-15  0.000000E+00  0.149218E-05  0.149218E-05  0.149218E-05 -0.303628E-10  0.133568E-05  0.474015E-09  0.367801E-12
  0.214411E+05  0.176672E-05  0.522924E-09  0.127417E-18  0.513160E-15  0.000000E+00  0.147890E-05  0.147890E-05  0.147890E-05 -0.300918E-10  0.132376E-05  0.465461E-09  0.362845E-12
  0.215401E+05  0.175098E-05  0.513497E-09  0.125114E-18  0.506118E-15  0.000000E+00  0.146572E-05  0.146572E-05  0.146572E-05 -0.298228E-10  0.131193E-05  0.457058E-09  0.357951E-12
  0.216395E+05  0.173541E-05  0.504251E-09  0.122855E-18  0.499174E-15  0.000000E+00  0.145268E-05  0.145268E-05  0.145268E-05 -0.295569E-10  0.130023E-05  0.448821E-09  0.353129E-12
  0.217394E+05  0.171996E-05  0.495165E-09  0.120635E-18  0.492324E-15  0.000000E+00  0.143975E-05  0.143975E-05  0.143975E-05 -0.292929E-10  0.128862E-05  0.440730E-09  0.348369E-12
  0.218397E+05  0.170466E-05  0.486248E-09  0.118457E-18  0.485569E-15  0.000000E+00  0.142694E-05  0.142694E-05  0.142694E-05 -0.290316E-10  0.127712E-05  0.432794E-09  0.343676E-12
  0.219405E+05  0.168940E-05  0.477460E-09  0.116311E-18  0.478906E-15  0.000000E+00  0.141417E-05  0.141417E-05  0.141417E-05 -0.287707E-10  0.126564E-05  0.424974E-09  0.339024E-12
  0.220418E+05  0.167436E-05  0.468857E-09  0.114210E-18  0.472335E-15  0.000000E+00  0.140158E-05  0.140158E-05  0.140158E-05 -0.285138E-10  0.125434E-05  0.417322E-09  0.334453E-12
  0.221435E+05  0.165943E-05  0.460401E-09  0.112145E-18  0.465854E-15  0.000000E+00  0.138908E-05  0.138908E-05  0.138908E-05 -0.282587E-10  0.124312E-05  0.409803E-09  0.329939E-12
  0.222457E+05  0.164455E-05  0.452071E-09  0.110111E-18  0.459462E-15  0.000000E+00  0.137663E-05  0.137663E-05  0.137663E-05 -0.280042E-10  0.123192E-05  0.402397E-09  0.325466E-12
  0.223484E+05  0.162994E-05  0.443934E-09  0.108124E-18  0.453157E-15  0.000000E+00  0.136439E-05  0.136439E-05  0.136439E-05 -0.277546E-10  0.122094E-05  0.395165E-09  0.321085E-12
  0.224516E+05  0.161543E-05  0.435938E-09  0.106172E-18  0.446939E-15  0.000000E+00  0.135225E-05  0.135225E-05  0.135225E-05 -0.275069E-10  0.121005E-05  0.388059E-09  0.316758E-12
  0.225552E+05  0.160104E-05  0.428082E-09  0.104253E-18  0.440806E-15  0.000000E+00  0.134020E-05  0.134020E-05  0.134020E-05 -0.272612E-10  0.119924E-05  0.381078E-09  0.312486E-12
  0.226593E+05  0.158680E-05  0.420375E-09  0.102372E-18  0.434758E-15  0.000000E+00  0.132828E-05  0.132828E-05  0.132828E-05 -0.270181E-10  0.118854E-05  0.374230E-09  0.308278E-12
  0.227639E+05  0.157269E-05  0.412805E-09  0.100524E-18  0.428793E-15  0.000000E+00  0.131647E-05  0.131647E-05  0.131647E-05 -0.267771E-10  0.117794E-05  0.367506E-09  0.304126E-12
  0.228690E+05  0.155869E-05  0.405370E-09  0.987093E-19  0.422909E-15  0.000000E+00  0.130475E-05  0.130475E-05  0.130475E-05 -0.265382E-10  0.116743E-05  0.360901E-09  0.300027E-12
  0.229745E+05  0.154483E-05  0.398072E-09  0.969281E-19  0.417106E-15  0.000000E+00  0.129315E-05  0.129315E-05  0.129315E-05 -0.263016E-10  0.115702E-05  0.354418E-09  0.295987E-12
  0.230806E+05  0.153107E-05  0.390896E-09  0.951767E-19  0.411382E-15  0.000000E+00  0.128162E-05  0.128162E-05  0.128162E-05 -0.260664E-10  0.114668E-05  0.348044E-09  0.291994E-12
  0.231871E+05  0.151744E-05  0.383856E-09  0.934586E-19  0.405738E-15  0.000000E+00  0.127022E-05  0.127022E-05  0.127022E-05 -0.258338E-10  0.113645E-05  0.341791E-09  0.288060E-12
  0.232941E+05  0.150341E-05  0.376776E-09  0.917308E-19  0.400170E-15  0.000000E+00  0.125847E-05  0.125847E-05  0.125847E-05 -0.255920E-10  0.112581E-05  0.335502E-09  0.284053E-12
  0.234017E+05  0.148997E-05  0.369972E-09  0.900706E-19  0.394679E-15  0.000000E+00  0.124722E-05  0.124722E-05  0.124722E-05 -0.253624E-10  0.111571E-05  0.329458E-09  0.280212E-12
  0.235097E+05  0.147672E-05  0.363311E-09  0.884453E-19  0.389264E-15  0.000000E+00  0.123613E-05  0.123613E-05  0.123613E-05 -0.251362E-10  0.110576E-05  0.323543E-09  0.276438E-12
  0.236182E+05  0.146355E-05  0.356759E-09  0.868468E-19  0.383923E-15  0.000000E+00  0.122511E-05  0.122511E-05  0.122511E-05 -0.249114E-10  0.109587E-05  0.317722E-09  0.272707E-12
  0.237272E+05  0.145051E-05  0.350329E-09  0.852780E-19  0.378655E-15  0.000000E+00  0.121419E-05  0.121419E-05  0.121419E-05 -0.246887E-10  0.108607E-05  0.312009E-09  0.269028E-12
  0.238367E+05  0.143759E-05  0.344014E-09  0.837376E-19  0.373459E-15  0.000000E+00  0.120337E-05  0.120337E-05  0.120337E-05 -0.244681E-10  0.107636E-05  0.306400E-09  0.265399E-12
  0.239468E+05  0.142468E-05  0.337783E-09  0.822177E-19  0.368334E-15  0.000000E+00  0.119256E-05  0.119256E-05  0.119256E-05 -0.242472E-10  0.106665E-05  0.300864E-09  0.261796E-12
  0.240573E+05  0.141198E-05  0.331693E-09  0.807321E-19  0.363280E-15  0.000000E+00  0.118193E-05  0.118193E-05  0.118193E-05 -0.240303E-10  0.105711E-05  0.295453E-09  0.258263E-12
  0.241683E+05  0.139936E-05  0.325703E-09  0.792712E-19  0.358296E-15  0.000000E+00  0.117137E-05  0.117137E-05  0.117137E-05 -0.238147E-10  0.104762E-05  0.290131E-09  0.254771E-12
  0.242799E+05  0.138697E-05  0.319857E-09  0.778453E-19  0.353380E-15  0.000000E+00  0.116100E-05  0.116100E-05  0.116100E-05 -0.236037E-10  0.103834E-05  0.284937E-09  0.251353E-12
  0.243920E+05  0.137461E-05  0.314092E-09  0.764394E-19  0.348531E-15  0.000000E+00  0.115065E-05  0.115065E-05  0.115065E-05 -0.233927E-10  0.102906E-05  0.279814E-09  0.247963E-12
  0.245046E+05  0.136234E-05  0.308422E-09  0.750568E-19  0.343748E-15  0.000000E+00  0.114038E-05  0.114038E-05  0.114038E-05 -0.231830E-10  0.101983E-05  0.274776E-09  0.244612E-12
  0.246177E+05  0.134973E-05  0.302732E-09  0.736690E-19  0.339032E-15  0.000000E+00  0.112982E-05  0.112982E-05  0.112982E-05 -0.229659E-10  0.101028E-05  0.269719E-09  0.241207E-12
  0.247313E+05  0.133767E-05  0.297265E-09  0.723360E-19  0.334380E-15  0.000000E+00  0.111973E-05  0.111973E-05  0.111973E-05 -0.227598E-10  0.100122E-05  0.264860E-09  0.237945E-12
  0.248454E+05  0.132575E-05  0.291907E-09  0.710297E-19  0.329792E-15  0.000000E+00  0.110975E-05  0.110975E-05  0.110975E-05 -0.225564E-10  0.992268E-06  0.260098E-09  0.234736E-12
  0.249601E+05  0.131392E-05  0.286642E-09  0.697460E-19  0.325267E-15  0.000000E+00  0.109985E-05  0.109985E-05  0.109985E-05 -0.223545E-10  0.983386E-06  0.255418E-09  0.231566E-12
  0.250753E+05  0.130220E-05  0.281470E-09  0.684853E-19  0.320804E-15  0.000000E+00  0.109003E-05  0.109003E-05  0.109003E-05 -0.221543E-10  0.974580E-06  0.250821E-09  0.228439E-12
  0.251911E+05  0.129057E-05  0.276390E-09  0.672468E-19  0.316402E-15  0.000000E+00  0.108030E-05  0.108030E-05  0.108030E-05 -0.219558E-10  0.965845E-06  0.246305E-09  0.225352E-12
  0.253074E+05  0.127907E-05  0.271408E-09  0.660323E-19  0.312060E-15  0.000000E+00  0.107067E-05  0.107067E-05  0.107067E-05 -0.217595E-10  0.957210E-06  0.241875E-09  0.222311E-12
  0.254242E+05  0.126767E-05  0.266517E-09  0.648401E-19  0.307778E-15  0.000000E+00  0.106113E-05  0.106113E-05  0.106113E-05 -0.215650E-10  0.948657E-06  0.237526E-09  0.219313E-12
  0.255415E+05  0.125637E-05  0.261710E-09  0.636686E-19  0.303555E-15  0.000000E+00  0.105167E-05  0.105167E-05  0.105167E-05 -0.213721E-10  0.940168E-06  0.233252E-09  0.216353E-12
  0.256594E+05  0.124515E-05  0.256989E-09  0.625178E-19  0.299390E-15  0.000000E+00  0.104228E-05  0.104228E-05  0.104228E-05 -0.211807E-10  0.931749E-06  0.229054E-09  0.213430E-12
  0.257779E+05  0.123397E-05  0.252335E-09  0.613836E-19  0.295282E-15  0.000000E+00  0.103292E-05  0.103292E-05  0.103292E-05 -0.209896E-10  0.923341E-06  0.224915E-09  0.210533E-12
  0.258968E+05  0.122296E-05  0.247782E-09  0.602740E-19  0.291230E-15  0.000000E+00  0.102370E-05  0.102370E-05  0.102370E-05 -0.208016E-10  0.915071E-06  0.220866E-09  0.207689E-12
  0.260164E+05  0.121209E-05  0.243322E-09  0.591873E-19  0.287234E-15  0.000000E+00  0.101460E-05  0.101460E-05  0.101460E-05 -0.206162E-10  0.906916E-06  0.216899E-09  0.204893E-12
  0.261365E+05  0.120128E-05  0.238934E-09  0.581180E-19  0.283293E-15  0.000000E+00  0.100555E-05  0.100555E-05  0.100555E-05 -0.204317E-10  0.898800E-06  0.212995E-09  0.202127E-12
  0.262571E+05  0.119055E-05  0.234622E-09  0.570674E-19  0.279406E-15  0.000000E+00  0.996573E-06  0.996573E-06  0.996573E-06 -0.202487E-10  0.890747E-06  0.209159E-09  0.199396E-12
  0.263783E+05  0.117992E-05  0.230388E-09  0.560357E-19  0.275572E-15  0.000000E+00  0.987673E-06  0.987673E-06  0.987673E-06 -0.200672E-10  0.882764E-06  0.205392E-09  0.196702E-12
  0.265001E+05  0.116938E-05  0.226230E-09  0.550227E-19  0.271791E-15  0.000000E+00  0.978855E-06  0.978855E-06  0.978855E-06 -0.198874E-10  0.874855E-06  0.201692E-09  0.194044E-12
  0.266224E+05  0.115894E-05  0.222147E-09  0.540280E-19  0.268061E-15  0.000000E+00  0.970113E-06  0.970113E-06  0.970113E-06 -0.197092E-10  0.867014E-06  0.198059E-09  0.191422E-12
  0.267453E+05  0.114860E-05  0.218139E-09  0.530515E-19  0.264383E-15  0.000000E+00  0.961453E-06  0.961453E-06  0.961453E-06 -0.195326E-10  0.859248E-06  0.194491E-09  0.188836E-12
  0.268687E+05  0.113828E-05  0.214188E-09  0.520889E-19  0.260756E-15  0.000000E+00  0.952816E-06  0.952816E-06  0.952816E-06 -0.193563E-10  0.851490E-06  0.190974E-09  0.186271E-12
  0.269927E+05  0.112813E-05  0.210327E-09  0.511485E-19  0.257178E-15  0.000000E+00  0.944323E-06  0.944323E-06  0.944323E-06 -0.191832E-10  0.843878E-06  0.187537E-09  0.183758E-12
  0.271173E+05  0.111805E-05  0.206530E-09  0.502236E-19  0.253649E-15  0.000000E+00  0.935887E-06  0.935887E-06  0.935887E-06 -0.190112E-10  0.836311E-06  0.184156E-09  0.181274E-12
  0.272425E+05  0.110801E-05  0.202789E-09  0.493125E-19  0.250169E-15  0.000000E+00  0.927481E-06  0.927481E-06  0.927481E-06 -0.188396E-10  0.828762E-06  0.180826E-09  0.178813E-12
  0.273682E+05  0.109817E-05  0.199142E-09  0.484242E-19  0.246736E-15  0.000000E+00  0.919245E-06  0.919245E-06  0.919245E-06 -0.186720E-10  0.821387E-06  0.177579E-09  0.176408E-12
  0.274946E+05  0.108842E-05  0.195560E-09  0.475518E-19  0.243350E-15  0.000000E+00  0.911079E-06  0.911079E-06  0.911079E-06 -0.185057E-10  0.814074E-06  0.174388E-09  0.174034E-12
  0.276215E+05  0.107865E-05  0.192019E-09  0.466894E-19  0.240011E-15  0.000000E+00  0.902900E-06  0.902900E-06  0.902900E-06 -0.183388E-10  0.806731E-06  0.171235E-09  0.171672E-12
  0.277490E+05  0.106901E-05  0.188552E-09  0.458452E-19  0.236718E-15  0.000000E+00  0.894831E-06  0.894831E-06  0.894831E-06 -0.181743E-10  0.799495E-06  0.168147E-09  0.169351E-12
  0.278770E+05  0.105945E-05  0.185146E-09  0.450157E-19  0.233470E-15  0.000000E+00  0.886827E-06  0.886827E-06  0.886827E-06 -0.180111E-10  0.792315E-06  0.165113E-09  0.167060E-12
  0.280057E+05  0.104997E-05  0.181800E-09  0.442011E-19  0.230266E-15  0.000000E+00  0.878892E-06  0.878892E-06  0.878892E-06 -0.178493E-10  0.785198E-06  0.162133E-09  0.164799E-12
  0.281350E+05  0.104057E-05  0.178515E-09  0.434012E-19  0.227107E-15  0.000000E+00  0.871029E-06  0.871029E-06  0.871029E-06 -0.176890E-10  0.778145E-06  0.159207E-09  0.162568E-12
  0.282649E+05  0.103125E-05  0.175287E-09  0.426151E-19  0.223991E-15  0.000000E+00  0.863223E-06  0.863223E-06  0.863223E-06 -0.175298E-10  0.771141E-06  0.156330E-09  0.160365E-12
  0.283953E+05  0.102204E-05  0.172123E-09  0.418448E-19  0.220917E-15  0.000000E+00  0.855513E-06  0.855513E-06  0.855513E-06 -0.173727E-10  0.764229E-06  0.153511E-09  0.158198E-12
  0.285264E+05  0.101290E-05  0.169014E-09  0.410878E-19  0.217886E-15  0.000000E+00  0.847862E-06  0.847862E-06  0.847862E-06 -0.172167E-10  0.757368E-06  0.150741E-09  0.156057E-12
  0.286581E+05  0.100384E-05  0.165960E-09  0.403444E-19  0.214896E-15  0.000000E+00  0.840276E-06  0.840276E-06  0.840276E-06 -0.170620E-10  0.750564E-06  0.148020E-09  0.153945E-12
  0.287903E+05  0.994837E-06  0.162958E-09  0.396135E-19  0.211948E-15  0.000000E+00  0.832742E-06  0.832742E-06  0.832742E-06 -0.169084E-10  0.743805E-06  0.145345E-09  0.151858E-12
  0.289232E+05  0.986034E-06  0.160033E-09  0.389016E-19  0.209039E-15  0.000000E+00  0.825373E-06  0.825373E-06  0.825373E-06 -0.167586E-10  0.737215E-06  0.142739E-09  0.149822E-12
  0.290567E+05  0.977165E-06  0.157132E-09  0.381954E-19  0.206171E-15  0.000000E+00  0.817949E-06  0.817949E-06  0.817949E-06 -0.166071E-10  0.730549E-06  0.140153E-09  0.147785E-12
  0.291909E+05  0.968382E-06  0.154285E-09  0.375023E-19  0.203342E-15  0.000000E+00  0.810597E-06  0.810597E-06  0.810597E-06 -0.164570E-10  0.723948E-06  0.137616E-09  0.145777E-12
  0.293256E+05  0.959719E-06  0.151497E-09  0.368239E-19  0.200552E-15  0.000000E+00  0.803345E-06  0.803345E-06  0.803345E-06 -0.163092E-10  0.717447E-06  0.135132E-09  0.143804E-12
  0.294610E+05  0.951147E-06  0.148763E-09  0.361584E-19  0.197800E-15  0.000000E+00  0.796170E-06  0.796170E-06  0.796170E-06 -0.161630E-10  0.711016E-06  0.132695E-09  0.141861E-12
  0.295969E+05  0.942677E-06  0.146083E-09  0.355061E-19  0.195086E-15  0.000000E+00  0.789080E-06  0.789080E-06  0.789080E-06 -0.160187E-10  0.704667E-06  0.130306E-09  0.139948E-12
  0.297335E+05  0.934242E-06  0.143443E-09  0.348637E-19  0.192409E-15  0.000000E+00  0.782019E-06  0.782019E-06  0.782019E-06 -0.158748E-10  0.698336E-06  0.127954E-09  0.138054E-12
  0.298708E+05  0.925866E-06  0.140848E-09  0.342321E-19  0.189769E-15  0.000000E+00  0.775007E-06  0.775007E-06  0.775007E-06 -0.157318E-10  0.692046E-06  0.125641E-09  0.136182E-12
  0.300087E+05  0.917490E-06  0.138286E-09  0.336085E-19  0.187165E-15  0.000000E+00  0.767995E-06  0.767995E-06  0.767995E-06 -0.155885E-10  0.685743E-06  0.123357E-09  0.134322E-12
  0.301472E+05  0.909279E-06  0.135787E-09  0.330004E-19  0.184597E-15  0.000000E+00  0.761122E-06  0.761122E-06  0.761122E-06 -0.154485E-10  0.679582E-06  0.121130E-09  0.132504E-12
  0.302863E+05  0.901135E-06  0.133332E-09  0.324030E-19  0.182064E-15  0.000000E+00  0.754305E-06  0.754305E-06  0.754305E-06 -0.153095E-10  0.673469E-06  0.118942E-09  0.130709E-12
  0.304261E+05  0.893104E-06  0.130928E-09  0.318182E-19  0.179566E-15  0.000000E+00  0.747583E-06  0.747583E-06  0.747583E-06 -0.151727E-10  0.667450E-06  0.116800E-09  0.128946E-12
  0.305666E+05  0.885087E-06  0.128558E-09  0.312414E-19  0.177102E-15  0.000000E+00  0.740871E-06  0.740871E-06  0.740871E-06 -0.150358E-10  0.661429E-06  0.114687E-09  0.127196E-12
  0.307077E+05  0.877175E-06  0.126236E-09  0.306766E-19  0.174672E-15  0.000000E+00  0.734249E-06  0.734249E-06  0.734249E-06 -0.149009E-10  0.655495E-06  0.112617E-09  0.125476E-12
  0.308494E+05  0.869324E-06  0.123955E-09  0.301215E-19  0.172276E-15  0.000000E+00  0.727677E-06  0.727677E-06  0.727677E-06 -0.147670E-10  0.649604E-06  0.110584E-09  0.123777E-12
  0.309918E+05  0.861515E-06  0.121710E-09  0.295753E-19  0.169912E-15  0.000000E+00  0.721140E-06  0.721140E-06  0.721140E-06 -0.146337E-10  0.643740E-06  0.108583E-09  0.122096E-12
  0.311348E+05  0.853799E-06  0.119509E-09  0.290399E-19  0.167580E-15  0.000000E+00  0.714681E-06  0.714681E-06  0.714681E-06 -0.145021E-10  0.637950E-06  0.106621E-09  0.120442E-12
  0.312786E+05  0.846124E-06  0.117344E-09  0.285131E-19  0.165281E-15  0.000000E+00  0.708256E-06  0.708256E-06  0.708256E-06 -0.143711E-10  0.632186E-06  0.104691E-09  0.118806E-12
  0.314229E+05  0.838561E-06  0.115225E-09  0.279977E-19  0.163013E-15  0.000000E+00  0.701926E-06  0.701926E-06  0.701926E-06 -0.142422E-10  0.626515E-06  0.102802E-09  0.117199E-12
  0.315680E+05  0.831083E-06  0.113147E-09  0.274922E-19  0.160776E-15  0.000000E+00  0.695665E-06  0.695665E-06  0.695665E-06 -0.141148E-10  0.620910E-06  0.100950E-09  0.115617E-12
  0.317137E+05  0.823625E-06  0.111099E-09  0.269940E-19  0.158570E-15  0.000000E+00  0.689423E-06  0.689423E-06  0.689423E-06 -0.139875E-10  0.615312E-06  0.991237E-10  0.114048E-12
  0.318601E+05  0.816254E-06  0.109091E-09  0.265057E-19  0.156395E-15  0.000000E+00  0.683252E-06  0.683252E-06  0.683252E-06 -0.138618E-10  0.609783E-06  0.973339E-10  0.112505E-12
  0.320071E+05  0.808942E-06  0.107119E-09  0.260259E-19  0.154249E-15  0.000000E+00  0.677132E-06  0.677132E-06  0.677132E-06 -0.137371E-10  0.604297E-06  0.955754E-10  0.110980E-12
  0.321549E+05  0.801697E-06  0.105182E-09  0.255548E-19  0.152132E-15  0.000000E+00  0.671067E-06  0.671067E-06  0.671067E-06 -0.136136E-10  0.598862E-06  0.938488E-10  0.109477E-12
  0.323033E+05  0.794519E-06  0.103281E-09  0.250924E-19  0.150045E-15  0.000000E+00  0.665059E-06  0.665059E-06  0.665059E-06 -0.134912E-10  0.593479E-06  0.921538E-10  0.107995E-12
  0.324524E+05  0.787399E-06  0.101413E-09  0.246381E-19  0.147986E-15  0.000000E+00  0.659098E-06  0.659098E-06  0.659098E-06 -0.133698E-10  0.588137E-06  0.904884E-10  0.106531E-12
  0.326022E+05  0.780346E-06  0.995796E-10  0.241922E-19  0.145955E-15  0.000000E+00  0.653195E-06  0.653195E-06  0.653195E-06 -0.132495E-10  0.582847E-06  0.888536E-10  0.105088E-12
  0.327527E+05  0.773357E-06  0.977793E-10  0.237543E-19  0.143953E-15  0.000000E+00  0.647345E-06  0.647345E-06  0.647345E-06 -0.131304E-10  0.577605E-06  0.872485E-10  0.103664E-12
  0.329039E+05  0.766421E-06  0.960099E-10  0.233240E-19  0.141978E-15  0.000000E+00  0.641538E-06  0.641538E-06  0.641538E-06 -0.130121E-10  0.572401E-06  0.856708E-10  0.102259E-12
  0.330557E+05  0.759558E-06  0.942744E-10  0.229020E-19  0.140029E-15  0.000000E+00  0.635794E-06  0.635794E-06  0.635794E-06 -0.128951E-10  0.567255E-06  0.841233E-10  0.100874E-12
  0.332083E+05  0.752745E-06  0.925685E-10  0.224871E-19  0.138108E-15  0.000000E+00  0.630091E-06  0.630091E-06  0.630091E-06 -0.127789E-10  0.562143E-06  0.826021E-10  0.995056E-13
  0.333616E+05  0.745991E-06  0.908930E-10  0.220797E-19  0.136213E-15  0.000000E+00  0.624437E-06  0.624437E-06  0.624437E-06 -0.126637E-10  0.557076E-06  0.811081E-10  0.981557E-13
  0.335156E+05  0.739266E-06  0.892430E-10  0.216785E-19  0.134344E-15  0.000000E+00  0.618807E-06  0.618807E-06  0.618807E-06 -0.125489E-10  0.552025E-06  0.796368E-10  0.968189E-13
  0.336703E+05  0.732624E-06  0.876265E-10  0.212854E-19  0.132501E-15  0.000000E+00  0.613248E-06  0.613248E-06  0.613248E-06 -0.124356E-10  0.547041E-06  0.781953E-10  0.955041E-13
  0.338257E+05  0.726061E-06  0.860422E-10  0.209002E-19  0.130683E-15  0.000000E+00  0.607754E-06  0.607754E-06  0.607754E-06 -0.123237E-10  0.542120E-06  0.767824E-10  0.942102E-13
  0.339818E+05  0.719589E-06  0.844912E-10  0.205231E-19  0.128889E-15  0.000000E+00  0.602337E-06  0.602337E-06  0.602337E-06 -0.122135E-10  0.537273E-06  0.753992E-10  0.929391E-13
  0.341387E+05  0.713132E-06  0.829619E-10  0.201513E-19  0.127121E-15  0.000000E+00  0.596932E-06  0.596932E-06  0.596932E-06 -0.121034E-10  0.532430E-06  0.740354E-10  0.916783E-13
  0.342963E+05  0.706759E-06  0.814640E-10  0.197871E-19  0.125377E-15  0.000000E+00  0.591596E-06  0.591596E-06  0.591596E-06 -0.119949E-10  0.527654E-06  0.726995E-10  0.904386E-13
  0.344546E+05  0.700359E-06  0.799811E-10  0.194266E-19  0.123656E-15  0.000000E+00  0.586239E-06  0.586239E-06  0.586239E-06 -0.118855E-10  0.522843E-06  0.713771E-10  0.892023E-13
  0.346136E+05  0.694078E-06  0.785340E-10  0.190747E-19  0.121960E-15  0.000000E+00  0.580982E-06  0.580982E-06  0.580982E-06 -0.117785E-10  0.518133E-06  0.700865E-10  0.879928E-13
  0.347734E+05  0.687844E-06  0.771117E-10  0.187290E-19  0.120286E-15  0.000000E+00  0.575763E-06  0.575763E-06  0.575763E-06 -0.116721E-10  0.513457E-06  0.688180E-10  0.867980E-13
  0.349339E+05  0.681681E-06  0.757173E-10  0.183900E-19  0.118636E-15  0.000000E+00  0.570605E-06  0.570605E-06  0.570605E-06 -0.115671E-10  0.508837E-06  0.675743E-10  0.856220E-13
  0.350951E+05  0.675551E-06  0.743450E-10  0.180564E-19  0.117008E-15  0.000000E+00  0.565474E-06  0.565474E-06  0.565474E-06 -0.114626E-10  0.504238E-06  0.663504E-10  0.844584E-13
  0.352571E+05  0.669468E-06  0.729964E-10  0.177285E-19  0.115403E-15  0.000000E+00  0.560381E-06  0.560381E-06  0.560381E-06 -0.113588E-10  0.499672E-06  0.651476E-10  0.833092E-13
  0.354199E+05  0.663444E-06  0.716729E-10  0.174068E-19  0.113819E-15  0.000000E+00  0.555339E-06  0.555339E-06  0.555339E-06 -0.112560E-10  0.495152E-06  0.639671E-10  0.821764E-13
  0.355833E+05  0.657501E-06  0.703770E-10  0.170918E-19  0.112257E-15  0.000000E+00  0.550364E-06  0.550364E-06  0.550364E-06 -0.111548E-10  0.490698E-06  0.628112E-10  0.810631E-13
  0.357476E+05  0.651569E-06  0.690990E-10  0.167812E-19  0.110717E-15  0.000000E+00  0.545399E-06  0.545399E-06  0.545399E-06 -0.110536E-10  0.486245E-06  0.616713E-10  0.799585E-13
  0.359126E+05  0.645719E-06  0.678479E-10  0.164770E-19  0.109198E-15  0.000000E+00  0.540502E-06  0.540502E-06  0.540502E-06 -0.109539E-10  0.481859E-06  0.605553E-10  0.788732E-13
  0.360784E+05  0.639959E-06  0.666243E-10  0.161797E-19  0.107700E-15  0.000000E+00  0.535680E-06  0.535680E-06  0.535680E-06 -0.108558E-10  0.477547E-06  0.594639E-10  0.778083E-13
  0.362449E+05  0.634165E-06  0.654117E-10  0.158849E-19  0.106222E-15  0.000000E+00  0.530830E-06  0.530830E-06  0.530830E-06 -0.107569E-10  0.473194E-06  0.583823E-10  0.767449E-13
  0.364122E+05  0.628468E-06  0.642270E-10  0.155970E-19  0.104764E-15  0.000000E+00  0.526062E-06  0.526062E-06  0.526062E-06 -0.106598E-10  0.468922E-06  0.573255E-10  0.757028E-13
  0.365803E+05  0.622819E-06  0.630632E-10  0.153141E-19  0.103327E-15  0.000000E+00  0.521333E-06  0.521333E-06  0.521333E-06 -0.105635E-10  0.464686E-06  0.562873E-10  0.746743E-13
  0.367491E+05  0.617229E-06  0.619216E-10  0.150367E-19  0.101909E-15  0.000000E+00  0.516653E-06  0.516653E-06  0.516653E-06 -0.104682E-10  0.460496E-06  0.552690E-10  0.736610E-13
  0.369187E+05  0.611679E-06  0.607995E-10  0.147640E-19  0.100511E-15  0.000000E+00  0.512008E-06  0.512008E-06  0.512008E-06 -0.103736E-10  0.456334E-06  0.542679E-10  0.726600E-13
  0.370891E+05  0.606184E-06  0.596983E-10  0.144963E-19  0.991317E-16  0.000000E+00  0.507408E-06  0.507408E-06  0.507408E-06 -0.102800E-10  0.452215E-06  0.532856E-10  0.716734E-13
  0.372603E+05  0.600738E-06  0.586170E-10  0.142336E-19  0.977715E-16  0.000000E+00  0.502850E-06  0.502850E-06  0.502850E-06 -0.101872E-10  0.448133E-06  0.523210E-10  0.707001E-13
  0.374323E+05  0.595340E-06  0.575551E-10  0.139755E-19  0.964299E-16  0.000000E+00  0.498331E-06  0.498331E-06  0.498331E-06 -0.100952E-10  0.444086E-06  0.513736E-10  0.697398E-13
  0.376051E+05  0.589990E-06  0.565124E-10  0.137221E-19  0.951068E-16  0.000000E+00  0.493852E-06  0.493852E-06  0.493852E-06 -0.100040E-10  0.440075E-06  0.504434E-10  0.687925E-13
  0.377787E+05  0.584683E-06  0.554880E-10  0.134732E-19  0.938018E-16  0.000000E+00  0.489410E-06  0.489410E-06  0.489410E-06 -0.991358E-11  0.436096E-06  0.495295E-10  0.678574E-13
  0.379531E+05  0.579425E-06  0.544824E-10  0.132288E-19  0.925148E-16  0.000000E+00  0.485009E-06  0.485009E-06  0.485009E-06 -0.982398E-11  0.432155E-06  0.486323E-10  0.669352E-13
  0.381282E+05  0.574212E-06  0.534947E-10  0.129888E-19  0.912453E-16  0.000000E+00  0.480646E-06  0.480646E-06  0.480646E-06 -0.973513E-11  0.428246E-06  0.477511E-10  0.660252E-13
  0.383042E+05  0.569057E-06  0.525262E-10  0.127535E-19  0.899934E-16  0.000000E+00  0.476331E-06  0.476331E-06  0.476331E-06 -0.964733E-11  0.424384E-06  0.468870E-10  0.651291E-13
  0.384810E+05  0.563942E-06  0.515745E-10  0.125223E-19  0.887586E-16  0.000000E+00  0.472049E-06  0.472049E-06  0.472049E-06 -0.956019E-11  0.420550E-06  0.460379E-10  0.642443E-13
  0.386587E+05  0.558874E-06  0.506402E-10  0.122952E-19  0.875407E-16  0.000000E+00  0.467807E-06  0.467807E-06  0.467807E-06 -0.947384E-11  0.416752E-06  0.452043E-10  0.633716E-13
  0.388371E+05  0.553850E-06  0.497225E-10  0.120723E-19  0.863396E-16  0.000000E+00  0.463601E-06  0.463601E-06  0.463601E-06 -0.938825E-11  0.412987E-06  0.443855E-10  0.625106E-13
  0.390164E+05  0.548872E-06  0.488217E-10  0.118534E-19  0.851549E-16  0.000000E+00  0.459434E-06  0.459434E-06  0.459434E-06 -0.930345E-11  0.409256E-06  0.435817E-10  0.616614E-13
  0.391965E+05  0.543935E-06  0.479368E-10  0.116384E-19  0.839865E-16  0.000000E+00  0.455302E-06  0.455302E-06  0.455302E-06 -0.921935E-11  0.405557E-06  0.427921E-10  0.608233E-13
  0.393774E+05  0.539040E-06  0.470676E-10  0.114272E-19  0.828341E-16  0.000000E+00  0.451204E-06  0.451204E-06  0.451204E-06 -0.913595E-11  0.401888E-06  0.420166E-10  0.599962E-13
  0.395591E+05  0.534191E-06  0.462143E-10  0.112199E-19  0.816975E-16  0.000000E+00  0.447145E-06  0.447145E-06  0.447145E-06 -0.905332E-11  0.398253E-06  0.412551E-10  0.591805E-13
  0.397417E+05  0.529386E-06  0.453767E-10  0.110164E-19  0.805765E-16  0.000000E+00  0.443123E-06  0.443123E-06  0.443123E-06 -0.897149E-11  0.394653E-06  0.405077E-10  0.583761E-13
  0.399252E+05  0.524622E-06  0.445539E-10  0.108165E-19  0.794709E-16  0.000000E+00  0.439135E-06  0.439135E-06  0.439135E-06 -0.889032E-11  0.391082E-06  0.397734E-10  0.575822E-13
  0.401095E+05  0.519903E-06  0.437463E-10  0.106203E-19  0.783805E-16  0.000000E+00  0.435185E-06  0.435185E-06  0.435185E-06 -0.880994E-11  0.387546E-06  0.390527E-10  0.567995E-13
  0.402946E+05  0.515227E-06  0.429534E-10  0.104277E-19  0.773050E-16  0.000000E+00  0.431271E-06  0.431271E-06  0.431271E-06 -0.873030E-11  0.384043E-06  0.383452E-10  0.560275E-13
  0.404806E+05  0.510590E-06  0.421746E-10  0.102385E-19  0.762443E-16  0.000000E+00  0.427390E-06  0.427390E-06  0.427390E-06 -0.865132E-11  0.380569E-06  0.376502E-10  0.552656E-13
  0.406674E+05  0.505967E-06  0.414070E-10  0.100520E-19  0.751982E-16  0.000000E+00  0.423520E-06  0.423520E-06  0.423520E-06 -0.857245E-11  0.377099E-06  0.369651E-10  0.545102E-13
  0.408551E+05  0.501418E-06  0.406567E-10  0.986977E-20  0.741664E-16  0.000000E+00  0.419712E-06  0.419712E-06  0.419712E-06 -0.849500E-11  0.373692E-06  0.362956E-10  0.537695E-13
  0.410437E+05  0.496910E-06  0.399200E-10  0.969081E-20  0.731487E-16  0.000000E+00  0.415939E-06  0.415939E-06  0.415939E-06 -0.841825E-11  0.370316E-06  0.356381E-10  0.530390E-13
  0.412332E+05  0.492436E-06  0.391959E-10  0.951492E-20  0.721450E-16  0.000000E+00  0.412193E-06  0.412193E-06  0.412193E-06 -0.834204E-11  0.366963E-06  0.349919E-10  0.523173E-13
  0.414235E+05  0.488006E-06  0.384854E-10  0.934234E-20  0.711552E-16  0.000000E+00  0.408485E-06  0.408485E-06  0.408485E-06 -0.826662E-11  0.363646E-06  0.343579E-10  0.516062E-13
  0.416147E+05  0.483602E-06  0.377864E-10  0.917256E-20  0.701788E-16  0.000000E+00  0.404799E-06  0.404799E-06  0.404799E-06 -0.819158E-11  0.360345E-06  0.337341E-10  0.509028E-13
  0.418068E+05  0.479425E-06  0.371183E-10  0.901030E-20  0.692159E-16  0.000000E+00  0.401302E-06  0.401302E-06  0.401302E-06 -0.812120E-11  0.357248E-06  0.331378E-10  0.502336E-13
  0.419998E+05  0.475041E-06  0.364386E-10  0.884519E-20  0.682662E-16  0.000000E+00  0.397633E-06  0.397633E-06  0.397633E-06 -0.804625E-11  0.353952E-06  0.325312E-10  0.495414E-13
  0.421936E+05  0.470797E-06  0.357809E-10  0.868545E-20  0.673295E-16  0.000000E+00  0.394080E-06  0.394080E-06  0.394080E-06 -0.797413E-11  0.350779E-06  0.319444E-10  0.488718E-13
  0.423884E+05  0.466555E-06  0.351316E-10  0.852774E-20  0.664057E-16  0.000000E+00  0.390529E-06  0.390529E-06  0.390529E-06 -0.790188E-11  0.347600E-06  0.313649E-10  0.482065E-13
  0.425840E+05  0.462340E-06  0.344931E-10  0.837266E-20  0.654945E-16  0.000000E+00  0.387001E-06  0.387001E-06  0.387001E-06 -0.783005E-11  0.344441E-06  0.307950E-10  0.475488E-13
  0.427806E+05  0.458171E-06  0.338669E-10  0.822057E-20  0.645959E-16  0.000000E+00  0.383511E-06  0.383511E-06  0.383511E-06 -0.775904E-11  0.341317E-06  0.302362E-10  0.469012E-13
  0.429781E+05  0.454042E-06  0.332524E-10  0.807132E-20  0.637095E-16  0.000000E+00  0.380056E-06  0.380056E-06  0.380056E-06 -0.768874E-11  0.338224E-06  0.296877E-10  0.462627E-13
  0.431764E+05  0.449953E-06  0.326492E-10  0.792481E-20  0.628354E-16  0.000000E+00  0.376633E-06  0.376633E-06  0.376633E-06 -0.761911E-11  0.335162E-06  0.291494E-10  0.456332E-13
  0.433757E+05  0.445909E-06  0.320577E-10  0.778117E-20  0.619732E-16  0.000000E+00  0.373248E-06  0.373248E-06  0.373248E-06 -0.755030E-11  0.332134E-06  0.286215E-10  0.450133E-13
  0.435759E+05  0.441897E-06  0.314765E-10  0.764002E-20  0.611229E-16  0.000000E+00  0.369889E-06  0.369889E-06  0.369889E-06 -0.748202E-11  0.329131E-06  0.281028E-10  0.444013E-13
  0.437771E+05  0.437905E-06  0.309045E-10  0.750110E-20  0.602842E-16  0.000000E+00  0.366548E-06  0.366548E-06  0.366548E-06 -0.741401E-11  0.326139E-06  0.275922E-10  0.437956E-13
  0.439791E+05  0.433950E-06  0.303429E-10  0.736472E-20  0.594570E-16  0.000000E+00  0.363238E-06  0.363238E-06  0.363238E-06 -0.734665E-11  0.323176E-06  0.270911E-10  0.431983E-13
  0.441821E+05  0.429991E-06  0.297881E-10  0.722996E-20  0.586412E-16  0.000000E+00  0.359923E-06  0.359923E-06  0.359923E-06 -0.727904E-11  0.320202E-06  0.265958E-10  0.426042E-13
  0.443861E+05  0.426113E-06  0.292472E-10  0.709862E-20  0.578366E-16  0.000000E+00  0.356677E-06  0.356677E-06  0.356677E-06 -0.721301E-11  0.317297E-06  0.261131E-10  0.420237E-13
  0.445910E+05  0.422264E-06  0.287157E-10  0.696955E-20  0.570430E-16  0.000000E+00  0.353455E-06  0.353455E-06  0.353455E-06 -0.714745E-11  0.314413E-06  0.256387E-10  0.414505E-13
  0.447968E+05  0.418405E-06  0.281901E-10  0.684190E-20  0.562603E-16  0.000000E+00  0.350225E-06  0.350225E-06  0.350225E-06 -0.708155E-11  0.311514E-06  0.251696E-10  0.408796E-13
  0.450035E+05  0.414672E-06  0.276817E-10  0.671845E-20  0.554884E-16  0.000000E+00  0.347101E-06  0.347101E-06  0.347101E-06 -0.701818E-11  0.308727E-06  0.247157E-10  0.403277E-13
  0.452113E+05  0.410928E-06  0.271788E-10  0.659632E-20  0.547270E-16  0.000000E+00  0.343966E-06  0.343966E-06  0.343966E-06 -0.695443E-11  0.305922E-06  0.242668E-10  0.397778E-13
  0.454200E+05  0.407227E-06  0.266857E-10  0.647659E-20  0.539761E-16  0.000000E+00  0.340868E-06  0.340868E-06  0.340868E-06 -0.689145E-11  0.303152E-06  0.238267E-10  0.392365E-13
  0.456296E+05  0.403554E-06  0.262013E-10  0.635895E-20  0.532355E-16  0.000000E+00  0.337794E-06  0.337794E-06  0.337794E-06 -0.682895E-11  0.300402E-06  0.233943E-10  0.387020E-13
  0.458402E+05  0.399828E-06  0.257185E-10  0.624172E-20  0.525051E-16  0.000000E+00  0.334675E-06  0.334675E-06  0.334675E-06 -0.676515E-11  0.297596E-06  0.229635E-10  0.381643E-13
  0.460518E+05  0.396290E-06  0.252570E-10  0.612968E-20  0.517846E-16  0.000000E+00  0.331714E-06  0.331714E-06  0.331714E-06 -0.670524E-11  0.294960E-06  0.225516E-10  0.376526E-13
  0.462644E+05  0.392699E-06  0.247971E-10  0.601801E-20  0.510741E-16  0.000000E+00  0.328708E-06  0.328708E-06  0.328708E-06 -0.664406E-11  0.292269E-06  0.221411E-10  0.371376E-13
  0.464779E+05  0.389156E-06  0.243468E-10  0.590866E-20  0.503733E-16  0.000000E+00  0.325742E-06  0.325742E-06  0.325742E-06 -0.658376E-11  0.289616E-06  0.217391E-10  0.366315E-13
  0.466925E+05  0.385661E-06  0.239060E-10  0.580163E-20  0.496822E-16  0.000000E+00  0.322817E-06  0.322817E-06  0.322817E-06 -0.652437E-11  0.287004E-06  0.213456E-10  0.361343E-13
  0.469080E+05  0.382174E-06  0.234712E-10  0.569607E-20  0.490005E-16  0.000000E+00  0.319897E-06  0.319897E-06  0.319897E-06 -0.646499E-11  0.284392E-06  0.209576E-10  0.356409E-13
  0.471245E+05  0.378720E-06  0.230446E-10  0.559248E-20  0.483281E-16  0.000000E+00  0.317007E-06  0.317007E-06  0.317007E-06 -0.640621E-11  0.281806E-06  0.205768E-10  0.351547E-13
  0.473420E+05  0.375295E-06  0.226255E-10  0.549071E-20  0.476650E-16  0.000000E+00  0.314139E-06  0.314139E-06  0.314139E-06 -0.634789E-11  0.279240E-06  0.202026E-10  0.346746E-13
  0.475605E+05  0.371905E-06  0.222143E-10  0.539088E-20  0.470110E-16  0.000000E+00  0.311301E-06  0.311301E-06  0.311301E-06 -0.629020E-11  0.276703E-06  0.198356E-10  0.342016E-13
  0.477801E+05  0.368543E-06  0.218104E-10  0.529283E-20  0.463660E-16  0.000000E+00  0.308488E-06  0.308488E-06  0.308488E-06 -0.623299E-11  0.274186E-06  0.194751E-10  0.337349E-13
  0.480006E+05  0.365216E-06  0.214142E-10  0.519664E-20  0.457298E-16  0.000000E+00  0.305703E-06  0.305703E-06  0.305703E-06 -0.617639E-11  0.271696E-06  0.191214E-10  0.332749E-13
  0.482222E+05  0.361905E-06  0.210242E-10  0.510193E-20  0.451023E-16  0.000000E+00  0.302931E-06  0.302931E-06  0.302931E-06 -0.611999E-11  0.269215E-06  0.187732E-10  0.328196E-13
  0.484448E+05  0.358567E-06  0.206371E-10  0.500795E-20  0.444835E-16  0.000000E+00  0.300137E-06  0.300137E-06  0.300137E-06 -0.606290E-11  0.266704E-06  0.184277E-10  0.323641E-13
  0.486684E+05  0.355323E-06  0.202617E-10  0.491681E-20  0.438731E-16  0.000000E+00  0.297422E-06  0.297422E-06  0.297422E-06 -0.600770E-11  0.264276E-06  0.180925E-10  0.319221E-13
  0.488930E+05  0.352109E-06  0.198932E-10  0.482735E-20  0.432711E-16  0.000000E+00  0.294732E-06  0.294732E-06  0.294732E-06 -0.595300E-11  0.261870E-06  0.177635E-10  0.314862E-13
  0.491187E+05  0.348925E-06  0.195314E-10  0.473953E-20  0.426774E-16  0.000000E+00  0.292067E-06  0.292067E-06  0.292067E-06 -0.589884E-11  0.259487E-06  0.174406E-10  0.310563E-13
  0.493454E+05  0.345769E-06  0.191761E-10  0.465327E-20  0.420918E-16  0.000000E+00  0.289424E-06  0.289424E-06  0.289424E-06 -0.584512E-11  0.257124E-06  0.171234E-10  0.306322E-13
  0.495732E+05  0.342631E-06  0.188267E-10  0.456843E-20  0.415143E-16  0.000000E+00  0.286798E-06  0.286798E-06  0.286798E-06 -0.579170E-11  0.254774E-06  0.168114E-10  0.302128E-13
  0.498020E+05  0.339562E-06  0.184863E-10  0.448581E-20  0.409447E-16  0.000000E+00  0.284229E-06  0.284229E-06  0.284229E-06 -0.573962E-11  0.252483E-06  0.165076E-10  0.298035E-13
  0.500319E+05  0.336486E-06  0.181498E-10  0.440412E-20  0.403829E-16  0.000000E+00  0.281654E-06  0.281654E-06  0.281654E-06 -0.568727E-11  0.250180E-06  0.162071E-10  0.293960E-13
  0.502628E+05  0.333434E-06  0.178191E-10  0.432384E-20  0.398288E-16  0.000000E+00  0.279100E-06  0.279100E-06  0.279100E-06 -0.563532E-11  0.247895E-06  0.159119E-10  0.289937E-13
  0.504948E+05  0.330417E-06  0.174950E-10  0.424515E-20  0.392823E-16  0.000000E+00  0.276574E-06  0.276574E-06  0.276574E-06 -0.558400E-11  0.245637E-06  0.156224E-10  0.285977E-13
  0.507279E+05  0.327431E-06  0.171769E-10  0.416794E-20  0.387433E-16  0.000000E+00  0.274075E-06  0.274075E-06  0.274075E-06 -0.553321E-11  0.243403E-06  0.153385E-10  0.282074E-13
  0.509620E+05  0.324470E-06  0.168645E-10  0.409211E-20  0.382117E-16  0.000000E+00  0.271596E-06  0.271596E-06  0.271596E-06 -0.548286E-11  0.241188E-06  0.150596E-10  0.278223E-13
  0.511973E+05  0.321531E-06  0.165576E-10  0.401760E-20  0.376874E-16  0.000000E+00  0.269136E-06  0.269136E-06  0.269136E-06 -0.543287E-11  0.238989E-06  0.147856E-10  0.274420E-13
  0.514336E+05  0.318620E-06  0.162562E-10  0.394445E-20  0.371703E-16  0.000000E+00  0.266699E-06  0.266699E-06  0.266699E-06 -0.538335E-11  0.236810E-06  0.145165E-10  0.270669E-13
  0.516710E+05  0.315756E-06  0.159617E-10  0.387296E-20  0.366603E-16  0.000000E+00  0.264302E-06  0.264302E-06  0.264302E-06 -0.533472E-11  0.234672E-06  0.142536E-10  0.266992E-13
  0.519095E+05  0.312897E-06  0.156712E-10  0.380245E-20  0.361573E-16  0.000000E+00  0.261909E-06  0.261909E-06  0.261909E-06 -0.528610E-11  0.232533E-06  0.139943E-10  0.263343E-13
  0.521491E+05  0.310062E-06  0.153859E-10  0.373319E-20  0.356612E-16  0.000000E+00  0.259536E-06  0.259536E-06  0.259536E-06 -0.523787E-11  0.230411E-06  0.137395E-10  0.259742E-13
  0.523898E+05  0.307255E-06  0.151059E-10  0.366523E-20  0.351718E-16  0.000000E+00  0.257186E-06  0.257186E-06  0.257186E-06 -0.519014E-11  0.228311E-06  0.134895E-10  0.256192E-13
  0.526316E+05  0.304470E-06  0.148308E-10  0.359844E-20  0.346893E-16  0.000000E+00  0.254855E-06  0.254855E-06  0.254855E-06 -0.514276E-11  0.226227E-06  0.132439E-10  0.252687E-13
  0.528746E+05  0.301709E-06  0.145606E-10  0.353287E-20  0.342133E-16  0.000000E+00  0.252544E-06  0.252544E-06  0.252544E-06 -0.509580E-11  0.224161E-06  0.130027E-10  0.249230E-13
  0.531186E+05  0.298975E-06  0.142955E-10  0.346852E-20  0.337438E-16  0.000000E+00  0.250256E-06  0.250256E-06  0.250256E-06 -0.504931E-11  0.222116E-06  0.127660E-10  0.245821E-13
  0.533638E+05  0.296263E-06  0.140351E-10  0.340530E-20  0.332808E-16  0.000000E+00  0.247986E-06  0.247986E-06  0.247986E-06 -0.500319E-11  0.220087E-06  0.125335E-10  0.242457E-13
  0.536101E+05  0.293548E-06  0.137777E-10  0.334282E-20  0.328242E-16  0.000000E+00  0.245713E-06  0.245713E-06  0.245713E-06 -0.495688E-11  0.218050E-06  0.123038E-10  0.239109E-13
  0.538576E+05  0.290892E-06  0.135270E-10  0.328200E-20  0.323738E-16  0.000000E+00  0.243490E-06  0.243490E-06  0.243490E-06 -0.491174E-11  0.216065E-06  0.120800E-10  0.235843E-13
  0.541062E+05  0.288255E-06  0.132806E-10  0.322219E-20  0.319296E-16  0.000000E+00  0.241282E-06  0.241282E-06  0.241282E-06 -0.486689E-11  0.214092E-06  0.118600E-10  0.232616E-13
  0.543559E+05  0.285645E-06  0.130390E-10  0.316354E-20  0.314915E-16  0.000000E+00  0.239098E-06  0.239098E-06  0.239098E-06 -0.482255E-11  0.212141E-06  0.116443E-10  0.229438E-13
  0.546068E+05  0.283055E-06  0.128014E-10  0.310588E-20  0.310594E-16  0.000000E+00  0.236929E-06  0.236929E-06  0.236929E-06 -0.477850E-11  0.210204E-06  0.114322E-10  0.226298E-13
  0.548589E+05  0.280484E-06  0.125680E-10  0.304922E-20  0.306333E-16  0.000000E+00  0.234777E-06  0.234777E-06  0.234777E-06 -0.473477E-11  0.208280E-06  0.112238E-10  0.223197E-13
  0.551121E+05  0.277962E-06  0.123403E-10  0.299396E-20  0.302130E-16  0.000000E+00  0.232667E-06  0.232667E-06  0.232667E-06 -0.469200E-11  0.206398E-06  0.110205E-10  0.220164E-13
  0.553665E+05  0.275439E-06  0.121154E-10  0.293937E-20  0.297984E-16  0.000000E+00  0.230555E-06  0.230555E-06  0.230555E-06 -0.464911E-11  0.204511E-06  0.108196E-10  0.217150E-13
  0.556220E+05  0.272938E-06  0.118945E-10  0.288576E-20  0.293895E-16  0.000000E+00  0.228461E-06  0.228461E-06  0.228461E-06 -0.460657E-11  0.202640E-06  0.106224E-10  0.214174E-13
  0.558788E+05  0.270459E-06  0.116776E-10  0.283312E-20  0.289863E-16  0.000000E+00  0.226386E-06  0.226386E-06  0.226386E-06 -0.456443E-11  0.200787E-06  0.104288E-10  0.211240E-13
  0.561367E+05  0.268005E-06  0.114648E-10  0.278147E-20  0.285886E-16  0.000000E+00  0.224332E-06  0.224332E-06  0.224332E-06 -0.452271E-11  0.198951E-06  0.102388E-10  0.208348E-13
  0.563958E+05  0.265574E-06  0.112559E-10  0.273078E-20  0.281963E-16  0.000000E+00  0.222297E-06  0.222297E-06  0.222297E-06 -0.448139E-11  0.197134E-06  0.100523E-10  0.205496E-13
  0.566561E+05  0.263165E-06  0.110508E-10  0.268101E-20  0.278094E-16  0.000000E+00  0.220281E-06  0.220281E-06  0.220281E-06 -0.444045E-11  0.195333E-06  0.986924E-11  0.202683E-13
  0.569176E+05  0.260776E-06  0.108494E-10  0.263211E-20  0.274279E-16  0.000000E+00  0.218281E-06  0.218281E-06  0.218281E-06 -0.439984E-11  0.193546E-06  0.968937E-11  0.199907E-13
  0.571803E+05  0.258411E-06  0.106517E-10  0.258415E-20  0.270515E-16  0.000000E+00  0.216301E-06  0.216301E-06  0.216301E-06 -0.435965E-11  0.191779E-06  0.951292E-11  0.197171E-13
  0.574443E+05  0.256062E-06  0.104574E-10  0.253698E-20  0.266804E-16  0.000000E+00  0.214335E-06  0.214335E-06  0.214335E-06 -0.431972E-11  0.190022E-06  0.933939E-11  0.194467E-13
  0.577094E+05  0.253733E-06  0.102665E-10  0.249067E-20  0.263143E-16  0.000000E+00  0.212385E-06  0.212385E-06  0.212385E-06 -0.428012E-11  0.188280E-06  0.916900E-11  0.191799E-13
  0.579758E+05  0.251427E-06  0.100793E-10  0.244522E-20  0.259532E-16  0.000000E+00  0.210455E-06  0.210455E-06  0.210455E-06 -0.424093E-11  0.186556E-06  0.900180E-11  0.189170E-13
  0.582434E+05  0.249142E-06  0.989538E-11  0.240060E-20  0.255971E-16  0.000000E+00  0.208542E-06  0.208542E-06  0.208542E-06 -0.420209E-11  0.184847E-06  0.883768E-11  0.186576E-13
  0.585122E+05  0.246880E-06  0.971500E-11  0.235683E-20  0.252459E-16  0.000000E+00  0.206649E-06  0.206649E-06  0.206649E-06 -0.416366E-11  0.183157E-06  0.867661E-11  0.184021E-13
  0.587823E+05  0.244629E-06  0.953742E-11  0.231373E-20  0.248995E-16  0.000000E+00  0.204765E-06  0.204765E-06  0.204765E-06 -0.412538E-11  0.181473E-06  0.851810E-11  0.181491E-13
  0.590537E+05  0.242403E-06  0.936333E-11  0.227148E-20  0.245579E-16  0.000000E+00  0.202902E-06  0.202902E-06  0.202902E-06 -0.408755E-11  0.179809E-06  0.836266E-11  0.179001E-13
  0.593262E+05  0.240211E-06  0.919305E-11  0.223016E-20  0.242209E-16  0.000000E+00  0.201067E-06  0.201067E-06  0.201067E-06 -0.405035E-11  0.178172E-06  0.821062E-11  0.176557E-13
  0.596001E+05  0.237292E-06  0.899000E-11  0.218084E-20  0.238886E-16  0.000000E+00  0.198623E-06  0.198623E-06  0.198623E-06 -0.399753E-11  0.175851E-06  0.802935E-11  0.173456E-13
  0.598752E+05  0.235131E-06  0.882579E-11  0.214099E-20  0.235608E-16  0.000000E+00  0.196814E-06  0.196814E-06  0.196814E-06 -0.396083E-11  0.174236E-06  0.788275E-11  0.171073E-13
  0.601515E+05  0.232994E-06  0.866483E-11  0.210193E-20  0.232375E-16  0.000000E+00  0.195026E-06  0.195026E-06  0.195026E-06 -0.392457E-11  0.172641E-06  0.773905E-11  0.168729E-13
  0.604292E+05  0.230870E-06  0.850645E-11  0.206350E-20  0.229187E-16  0.000000E+00  0.193248E-06  0.193248E-06  0.193248E-06 -0.388849E-11  0.171054E-06  0.759762E-11  0.166409E-13
  0.607081E+05  0.228788E-06  0.835203E-11  0.202603E-20  0.226042E-16  0.000000E+00  0.191505E-06  0.191505E-06  0.191505E-06 -0.385323E-11  0.169503E-06  0.745981E-11  0.164143E-13
  0.609883E+05  0.226706E-06  0.819955E-11  0.198903E-20  0.222941E-16  0.000000E+00  0.189763E-06  0.189763E-06  0.189763E-06 -0.381788E-11  0.167948E-06  0.732367E-11  0.161890E-13
  0.612698E+05  0.224642E-06  0.804982E-11  0.195270E-20  0.219882E-16  0.000000E+00  0.188035E-06  0.188035E-06  0.188035E-06 -0.378284E-11  0.166406E-06  0.718995E-11  0.159667E-13
  0.615527E+05  0.223534E-06  0.794500E-11  0.192733E-20  0.216865E-16  0.000000E+00  0.187108E-06  0.187108E-06  0.187108E-06 -0.376814E-11  0.165758E-06  0.709634E-11  0.158314E-13
  0.618368E+05  0.221499E-06  0.779990E-11  0.189211E-20  0.213889E-16  0.000000E+00  0.185404E-06  0.185404E-06  0.185404E-06 -0.373355E-11  0.164236E-06  0.696671E-11  0.156140E-13
  0.621222E+05  0.219473E-06  0.765704E-11  0.185745E-20  0.210954E-16  0.000000E+00  0.183708E-06  0.183708E-06  0.183708E-06 -0.369908E-11  0.162720E-06  0.683913E-11  0.153988E-13
  0.624089E+05  0.217473E-06  0.751715E-11  0.182350E-20  0.208060E-16  0.000000E+00  0.182034E-06  0.182034E-06  0.182034E-06 -0.366510E-11  0.161225E-06  0.671417E-11  0.151873E-13
  0.626970E+05  0.215492E-06  0.737984E-11  0.179019E-20  0.205205E-16  0.000000E+00  0.180376E-06  0.180376E-06  0.180376E-06 -0.363145E-11  0.159745E-06  0.659152E-11  0.149787E-13
  0.629864E+05  0.213526E-06  0.724486E-11  0.175743E-20  0.202390E-16  0.000000E+00  0.178730E-06  0.178730E-06  0.178730E-06 -0.359801E-11  0.158274E-06  0.647093E-11  0.147726E-13
  0.632771E+05  0.211577E-06  0.711235E-11  0.172528E-20  0.199613E-16  0.000000E+00  0.177099E-06  0.177099E-06  0.177099E-06 -0.356489E-11  0.156817E-06  0.635261E-11  0.145693E-13
  0.635692E+05  0.209651E-06  0.698248E-11  0.169377E-20  0.196874E-16  0.000000E+00  0.175486E-06  0.175486E-06  0.175486E-06 -0.353218E-11  0.155378E-06  0.623660E-11  0.143693E-13
  0.638626E+05  0.207740E-06  0.685491E-11  0.166281E-20  0.194172E-16  0.000000E+00  0.173887E-06  0.173887E-06  0.173887E-06 -0.349973E-11  0.153951E-06  0.612262E-11  0.141719E-13
  0.641574E+05  0.205851E-06  0.672979E-11  0.163246E-20  0.191508E-16  0.000000E+00  0.172306E-06  0.172306E-06  0.172306E-06 -0.346764E-11  0.152539E-06  0.601085E-11  0.139775E-13
  0.644535E+05  0.203943E-06  0.660554E-11  0.160231E-20  0.188881E-16  0.000000E+00  0.170709E-06  0.170709E-06  0.170709E-06 -0.343511E-11  0.151108E-06  0.589985E-11  0.137827E-13
  0.647510E+05  0.202130E-06  0.648667E-11  0.157347E-20  0.186289E-16  0.000000E+00  0.169191E-06  0.169191E-06  0.169191E-06 -0.340451E-11  0.149762E-06  0.579365E-11  0.135972E-13
  0.650499E+05  0.200284E-06  0.636798E-11  0.154467E-20  0.183733E-16  0.000000E+00  0.167646E-06  0.167646E-06  0.167646E-06 -0.337314E-11  0.148382E-06  0.568762E-11  0.134100E-13
  0.653502E+05  0.198462E-06  0.625177E-11  0.151647E-20  0.181212E-16  0.000000E+00  0.166121E-06  0.166121E-06  0.166121E-06 -0.334222E-11  0.147022E-06  0.558381E-11  0.132261E-13
  0.656518E+05  0.196648E-06  0.613729E-11  0.148870E-20  0.178726E-16  0.000000E+00  0.164602E-06  0.164602E-06  0.164602E-06 -0.331138E-11  0.145666E-06  0.548154E-11  0.130438E-13
  0.659549E+05  0.194852E-06  0.602502E-11  0.146146E-20  0.176273E-16  0.000000E+00  0.163100E-06  0.163100E-06  0.163100E-06 -0.328089E-11  0.144324E-06  0.538123E-11  0.128643E-13
  0.662593E+05  0.193072E-06  0.591475E-11  0.143470E-20  0.173855E-16  0.000000E+00  0.161609E-06  0.161609E-06  0.161609E-06 -0.325064E-11  0.142994E-06  0.528276E-11  0.126872E-13
  0.665651E+05  0.191315E-06  0.580677E-11  0.140850E-20  0.171469E-16  0.000000E+00  0.160139E-06  0.160139E-06  0.160139E-06 -0.322082E-11  0.141682E-06  0.518631E-11  0.125130E-13
  0.668724E+05  0.189569E-06  0.570057E-11  0.138273E-20  0.169117E-16  0.000000E+00  0.158677E-06  0.158677E-06  0.158677E-06 -0.319118E-11  0.140378E-06  0.509146E-11  0.123409E-13
  0.671810E+05  0.187838E-06  0.559629E-11  0.135743E-20  0.166796E-16  0.000000E+00  0.157229E-06  0.157229E-06  0.157229E-06 -0.316179E-11  0.139085E-06  0.499832E-11  0.121711E-13
  0.674911E+05  0.186139E-06  0.549449E-11  0.133274E-20  0.164507E-16  0.000000E+00  0.155806E-06  0.155806E-06  0.155806E-06 -0.313300E-11  0.137819E-06  0.490741E-11  0.120049E-13
  0.678027E+05  0.184443E-06  0.539412E-11  0.130838E-20  0.162250E-16  0.000000E+00  0.154387E-06  0.154387E-06  0.154387E-06 -0.310423E-11  0.136553E-06  0.481775E-11  0.118400E-13
  0.681156E+05  0.182759E-06  0.529543E-11  0.128444E-20  0.160024E-16  0.000000E+00  0.152977E-06  0.152977E-06  0.152977E-06 -0.307563E-11  0.135295E-06  0.472960E-11  0.116770E-13
  0.684300E+05  0.181090E-06  0.519856E-11  0.126094E-20  0.157828E-16  0.000000E+00  0.151580E-06  0.151580E-06  0.151580E-06 -0.304730E-11  0.134049E-06  0.464308E-11  0.115163E-13
  0.687459E+05  0.179439E-06  0.510352E-11  0.123788E-20  0.155663E-16  0.000000E+00  0.150198E-06  0.150198E-06  0.150198E-06 -0.301927E-11  0.132816E-06  0.455824E-11  0.113579E-13
  0.690632E+05  0.177800E-06  0.501013E-11  0.121522E-20  0.153527E-16  0.000000E+00  0.148826E-06  0.148826E-06  0.148826E-06 -0.299145E-11  0.131592E-06  0.447484E-11  0.112016E-13
  0.693820E+05  0.176175E-06  0.491842E-11  0.119297E-20  0.151420E-16  0.000000E+00  0.147466E-06  0.147466E-06  0.147466E-06 -0.296386E-11  0.130379E-06  0.439292E-11  0.110473E-13
  0.697022E+05  0.174567E-06  0.482848E-11  0.117115E-20  0.149343E-16  0.000000E+00  0.146120E-06  0.146120E-06  0.146120E-06 -0.293659E-11  0.129179E-06  0.431258E-11  0.108953E-13
  0.700240E+05  0.172965E-06  0.473985E-11  0.114965E-20  0.147294E-16  0.000000E+00  0.144779E-06  0.144779E-06  0.144779E-06 -0.290936E-11  0.127981E-06  0.423342E-11  0.107447E-13
  0.703472E+05  0.171383E-06  0.465306E-11  0.112859E-20  0.145273E-16  0.000000E+00  0.143455E-06  0.143455E-06  0.143455E-06 -0.288251E-11  0.126800E-06  0.415588E-11  0.105967E-13
  0.706719E+05  0.169817E-06  0.456788E-11  0.110793E-20  0.143280E-16  0.000000E+00  0.142144E-06  0.142144E-06  0.142144E-06 -0.285593E-11  0.125631E-06  0.407978E-11  0.104507E-13
  0.709981E+05  0.168264E-06  0.448422E-11  0.108763E-20  0.141314E-16  0.000000E+00  0.140844E-06  0.140844E-06  0.140844E-06 -0.282957E-11  0.124471E-06  0.400506E-11  0.103067E-13
  0.713258E+05  0.166679E-06  0.440057E-11  0.106733E-20  0.139375E-16  0.000000E+00  0.139517E-06  0.139517E-06  0.139517E-06 -0.280247E-11  0.123279E-06  0.393033E-11  0.101611E-13
  0.716550E+05  0.165149E-06  0.431979E-11  0.104774E-20  0.137462E-16  0.000000E+00  0.138237E-06  0.138237E-06  0.138237E-06 -0.277648E-11  0.122136E-06  0.385817E-11  0.100206E-13
  0.719858E+05  0.163640E-06  0.424074E-11  0.102856E-20  0.135576E-16  0.000000E+00  0.136974E-06  0.136974E-06  0.136974E-06 -0.275090E-11  0.121010E-06  0.378755E-11  0.988265E-14
  0.723181E+05  0.162148E-06  0.416321E-11  0.100975E-20  0.133716E-16  0.000000E+00  0.135725E-06  0.135725E-06  0.135725E-06 -0.272559E-11  0.119897E-06  0.371829E-11  0.974677E-14
  0.726519E+05  0.160672E-06  0.408719E-11  0.991308E-21  0.131881E-16  0.000000E+00  0.134489E-06  0.134489E-06  0.134489E-06 -0.270058E-11  0.118797E-06  0.365038E-11  0.961296E-14
  0.729872E+05  0.159200E-06  0.401225E-11  0.973128E-21  0.130072E-16  0.000000E+00  0.133257E-06  0.133257E-06  0.133257E-06 -0.267560E-11  0.117698E-06  0.358343E-11  0.948028E-14
  0.733241E+05  0.157742E-06  0.393873E-11  0.955293E-21  0.128287E-16  0.000000E+00  0.132037E-06  0.132037E-06  0.132037E-06 -0.265087E-11  0.116611E-06  0.351774E-11  0.934952E-14
  0.736626E+05  0.156298E-06  0.386654E-11  0.937779E-21  0.126527E-16  0.000000E+00  0.130828E-06  0.130828E-06  0.130828E-06 -0.262636E-11  0.115532E-06  0.345325E-11  0.922051E-14
  0.740026E+05  0.154867E-06  0.379567E-11  0.920588E-21  0.124791E-16  0.000000E+00  0.129630E-06  0.129630E-06  0.129630E-06 -0.260209E-11  0.114465E-06  0.338994E-11  0.909331E-14
  0.743441E+05  0.153450E-06  0.372616E-11  0.903725E-21  0.123079E-16  0.000000E+00  0.128444E-06  0.128444E-06  0.128444E-06 -0.257807E-11  0.113408E-06  0.332784E-11  0.896798E-14
  0.746873E+05  0.152048E-06  0.365796E-11  0.887180E-21  0.121390E-16  0.000000E+00  0.127270E-06  0.127270E-06  0.127270E-06 -0.255430E-11  0.112362E-06  0.326693E-11  0.884448E-14
  0.750320E+05  0.150654E-06  0.359086E-11  0.870904E-21  0.119724E-16  0.000000E+00  0.126104E-06  0.126104E-06  0.126104E-06 -0.253065E-11  0.111322E-06  0.320700E-11  0.872234E-14
  0.753784E+05  0.149273E-06  0.352501E-11  0.854928E-21  0.118082E-16  0.000000E+00  0.124948E-06  0.124948E-06  0.124948E-06 -0.250722E-11  0.110292E-06  0.314821E-11  0.860190E-14
  0.757263E+05  0.147905E-06  0.346036E-11  0.839246E-21  0.116461E-16  0.000000E+00  0.123802E-06  0.123802E-06  0.123802E-06 -0.248401E-11  0.109271E-06  0.309046E-11  0.848312E-14
  0.760758E+05  0.146549E-06  0.339689E-11  0.823849E-21  0.114863E-16  0.000000E+00  0.122667E-06  0.122667E-06  0.122667E-06 -0.246102E-11  0.108259E-06  0.303381E-11  0.836597E-14
  0.764270E+05  0.145200E-06  0.333444E-11  0.808698E-21  0.113287E-16  0.000000E+00  0.121538E-06  0.121538E-06  0.121538E-06 -0.243812E-11  0.107252E-06  0.297806E-11  0.825007E-14
  0.767798E+05  0.143870E-06  0.327331E-11  0.793870E-21  0.111733E-16  0.000000E+00  0.120425E-06  0.120425E-06  0.120425E-06 -0.241557E-11  0.106260E-06  0.292350E-11  0.813622E-14
  0.771342E+05  0.142549E-06  0.321320E-11  0.779289E-21  0.110200E-16  0.000000E+00  0.119319E-06  0.119319E-06  0.119319E-06 -0.239316E-11  0.105274E-06  0.286983E-11  0.802368E-14
  0.774902E+05  0.141249E-06  0.315448E-11  0.765044E-21  0.108688E-16  0.000000E+00  0.118231E-06  0.118231E-06  0.118231E-06 -0.237116E-11  0.104306E-06  0.281741E-11  0.791340E-14
  0.778479E+05  0.139948E-06  0.309643E-11  0.750963E-21  0.107197E-16  0.000000E+00  0.117142E-06  0.117142E-06  0.117142E-06 -0.234906E-11  0.103334E-06  0.276561E-11  0.780365E-14
  0.782072E+05  0.138629E-06  0.303865E-11  0.736945E-21  0.105726E-16  0.000000E+00  0.116038E-06  0.116038E-06  0.116038E-06 -0.232656E-11  0.102345E-06  0.271404E-11  0.769338E-14
  0.785682E+05  0.137355E-06  0.298284E-11  0.723406E-21  0.104275E-16  0.000000E+00  0.114972E-06  0.114972E-06  0.114972E-06 -0.230496E-11  0.101394E-06  0.266423E-11  0.758693E-14
  0.789308E+05  0.136093E-06  0.292806E-11  0.710118E-21  0.102844E-16  0.000000E+00  0.113916E-06  0.113916E-06  0.113916E-06 -0.228356E-11  0.100453E-06  0.261534E-11  0.748198E-14
  0.792952E+05  0.134809E-06  0.287335E-11  0.696847E-21  0.101433E-16  0.000000E+00  0.112841E-06  0.112841E-06  0.112841E-06 -0.226163E-11  0.994886E-07  0.256650E-11  0.737609E-14
  0.796612E+05  0.133569E-06  0.282055E-11  0.684038E-21  0.100042E-16  0.000000E+00  0.111803E-06  0.111803E-06  0.111803E-06 -0.224061E-11  0.985641E-07  0.251937E-11  0.727397E-14
  0.800289E+05  0.132348E-06  0.276892E-11  0.671514E-21  0.986689E-17  0.000000E+00  0.110781E-06  0.110781E-06  0.110781E-06 -0.221995E-11  0.976550E-07  0.247329E-11  0.717377E-14
  0.803983E+05  0.131131E-06  0.271803E-11  0.659168E-21  0.973151E-17  0.000000E+00  0.109762E-06  0.109762E-06  0.109762E-06 -0.219931E-11  0.967471E-07  0.242784E-11  0.707443E-14
  0.807694E+05  0.129921E-06  0.266797E-11  0.647027E-21  0.959799E-17  0.000000E+00  0.108749E-06  0.108749E-06  0.108749E-06 -0.217878E-11  0.958442E-07  0.238315E-11  0.697620E-14
  0.811422E+05  0.128727E-06  0.261895E-11  0.635135E-21  0.946629E-17  0.000000E+00  0.107749E-06  0.107749E-06  0.107749E-06 -0.215854E-11  0.949536E-07  0.233937E-11  0.687963E-14
  0.815167E+05  0.127540E-06  0.257074E-11  0.623442E-21  0.933641E-17  0.000000E+00  0.106756E-06  0.106756E-06  0.106756E-06 -0.213841E-11  0.940683E-07  0.229631E-11  0.678417E-14
  0.818930E+05  0.126363E-06  0.252339E-11  0.611955E-21  0.920831E-17  0.000000E+00  0.105771E-06  0.105771E-06  0.105771E-06 -0.211844E-11  0.931899E-07  0.225403E-11  0.668995E-14
  0.822710E+05  0.125199E-06  0.247697E-11  0.600696E-21  0.908196E-17  0.000000E+00  0.104796E-06  0.104796E-06  0.104796E-06 -0.209872E-11  0.923221E-07  0.221257E-11  0.659720E-14
  0.826507E+05  0.124049E-06  0.243148E-11  0.589661E-21  0.895735E-17  0.000000E+00  0.103834E-06  0.103834E-06  0.103834E-06 -0.207923E-11  0.914650E-07  0.217194E-11  0.650593E-14
  0.830322E+05  0.122904E-06  0.238671E-11  0.578801E-21  0.883445E-17  0.000000E+00  0.102876E-06  0.102876E-06  0.102876E-06 -0.205983E-11  0.906117E-07  0.213197E-11  0.641561E-14
  0.834155E+05  0.121773E-06  0.234282E-11  0.568158E-21  0.871323E-17  0.000000E+00  0.101929E-06  0.101929E-06  0.101929E-06 -0.204067E-11  0.897688E-07  0.209278E-11  0.632673E-14
  0.838005E+05  0.120652E-06  0.229973E-11  0.557704E-21  0.859368E-17  0.000000E+00  0.100990E-06  0.100990E-06  0.100990E-06 -0.202167E-11  0.889329E-07  0.205429E-11  0.623902E-14
  0.841873E+05  0.119536E-06  0.225732E-11  0.547416E-21  0.847577E-17  0.000000E+00  0.100056E-06  0.100056E-06  0.100056E-06 -0.200274E-11  0.881005E-07  0.201643E-11  0.615223E-14
  0.845759E+05  0.118436E-06  0.221581E-11  0.537349E-21  0.835947E-17  0.000000E+00  0.991356E-07  0.991356E-07  0.991356E-07 -0.198411E-11  0.872808E-07  0.197935E-11  0.606699E-14
  0.849663E+05  0.117344E-06  0.217503E-11  0.527457E-21  0.824477E-17  0.000000E+00  0.982217E-07  0.982217E-07  0.982217E-07 -0.196561E-11  0.864671E-07  0.194296E-11  0.598282E-14
  0.853585E+05  0.116263E-06  0.213501E-11  0.517749E-21  0.813165E-17  0.000000E+00  0.973166E-07  0.973166E-07  0.973166E-07 -0.194730E-11  0.856614E-07  0.190721E-11  0.589983E-14
  0.857525E+05  0.115190E-06  0.209568E-11  0.508210E-21  0.802007E-17  0.000000E+00  0.964183E-07  0.964183E-07  0.964183E-07 -0.192911E-11  0.848615E-07  0.187211E-11  0.581789E-14
  0.861483E+05  0.114130E-06  0.205716E-11  0.498869E-21  0.791003E-17  0.000000E+00  0.955317E-07  0.955317E-07  0.955317E-07 -0.191118E-11  0.840728E-07  0.183771E-11  0.573734E-14
  0.865460E+05  0.113075E-06  0.201924E-11  0.489669E-21  0.780150E-17  0.000000E+00  0.946486E-07  0.946486E-07  0.946486E-07 -0.189330E-11  0.832863E-07  0.180383E-11  0.565755E-14
  0.869454E+05  0.112031E-06  0.198202E-11  0.480643E-21  0.769446E-17  0.000000E+00  0.937743E-07  0.937743E-07  0.937743E-07 -0.187561E-11  0.825079E-07  0.177057E-11  0.557892E-14
  0.873468E+05  0.110997E-06  0.194552E-11  0.471789E-21  0.758888E-17  0.000000E+00  0.929091E-07  0.929091E-07  0.929091E-07 -0.185810E-11  0.817378E-07  0.173798E-11  0.550146E-14
  0.877499E+05  0.109971E-06  0.190965E-11  0.463090E-21  0.748476E-17  0.000000E+00  0.920504E-07  0.920504E-07  0.920504E-07 -0.184072E-11  0.809733E-07  0.170594E-11  0.542496E-14
  0.881550E+05  0.108956E-06  0.187446E-11  0.454554E-21  0.738206E-17  0.000000E+00  0.912002E-07  0.912002E-07  0.912002E-07 -0.182352E-11  0.802165E-07  0.167449E-11  0.534957E-14
  0.885619E+05  0.107949E-06  0.183991E-11  0.446173E-21  0.728077E-17  0.000000E+00  0.903574E-07  0.903574E-07  0.903574E-07 -0.180646E-11  0.794664E-07  0.164362E-11  0.527520E-14
  0.889706E+05  0.106952E-06  0.180600E-11  0.437948E-21  0.718088E-17  0.000000E+00  0.895227E-07  0.895227E-07  0.895227E-07 -0.178958E-11  0.787236E-07  0.161331E-11  0.520188E-14
  0.893813E+05  0.105967E-06  0.177279E-11  0.429893E-21  0.708235E-17  0.000000E+00  0.886985E-07  0.886985E-07  0.886985E-07 -0.177292E-11  0.779909E-07  0.158363E-11  0.512979E-14
  0.897939E+05  0.104988E-06  0.174011E-11  0.421968E-21  0.698517E-17  0.000000E+00  0.878791E-07  0.878791E-07  0.878791E-07 -0.175634E-11  0.772618E-07  0.155443E-11  0.505848E-14
  0.902084E+05  0.104018E-06  0.170803E-11  0.414187E-21  0.688933E-17  0.000000E+00  0.870668E-07  0.870668E-07  0.870668E-07 -0.173991E-11  0.765390E-07  0.152578E-11  0.498814E-14
  0.906247E+05  0.103055E-06  0.167652E-11  0.406543E-21  0.679480E-17  0.000000E+00  0.862612E-07  0.862612E-07  0.862612E-07 -0.172362E-11  0.758221E-07  0.149763E-11  0.491871E-14
  0.910430E+05  0.102102E-06  0.164559E-11  0.399043E-21  0.670157E-17  0.000000E+00  0.854633E-07  0.854633E-07  0.854633E-07 -0.170748E-11  0.751122E-07  0.147002E-11  0.485028E-14
  0.914633E+05  0.101158E-06  0.161525E-11  0.391683E-21  0.660962E-17  0.000000E+00  0.846731E-07  0.846731E-07  0.846731E-07 -0.169150E-11  0.744093E-07  0.144294E-11  0.478281E-14
  0.918855E+05  0.100217E-06  0.158534E-11  0.384429E-21  0.651893E-17  0.000000E+00  0.838852E-07  0.838852E-07  0.838852E-07 -0.167554E-11  0.737074E-07  0.141623E-11  0.471593E-14
  0.923096E+05  0.992920E-07  0.155615E-11  0.377349E-21  0.642949E-17  0.000000E+00  0.831114E-07  0.831114E-07  0.831114E-07 -0.165991E-11  0.730196E-07  0.139017E-11  0.465045E-14
  0.927357E+05  0.983750E-07  0.152747E-11  0.370393E-21  0.634127E-17  0.000000E+00  0.823437E-07  0.823437E-07  0.823437E-07 -0.164439E-11  0.723372E-07  0.136457E-11  0.458583E-14
  0.931637E+05  0.974639E-07  0.149927E-11  0.363555E-21  0.625426E-17  0.000000E+00  0.815812E-07  0.815812E-07  0.815812E-07 -0.162897E-11  0.716588E-07  0.133939E-11  0.452195E-14
  0.935937E+05  0.965618E-07  0.147160E-11  0.356845E-21  0.616845E-17  0.000000E+00  0.808261E-07  0.808261E-07  0.808261E-07 -0.161371E-11  0.709873E-07  0.131469E-11  0.445899E-14
  0.940257E+05  0.956677E-07  0.144444E-11  0.350257E-21  0.608381E-17  0.000000E+00  0.800776E-07  0.800776E-07  0.800776E-07 -0.159858E-11  0.703218E-07  0.129045E-11  0.439689E-14
  0.944597E+05  0.947830E-07  0.141780E-11  0.343795E-21  0.600034E-17  0.000000E+00  0.793371E-07  0.793371E-07  0.793371E-07 -0.158361E-11  0.696635E-07  0.126666E-11  0.433573E-14
  0.948957E+05  0.939041E-07  0.139161E-11  0.337443E-21  0.591801E-17  0.000000E+00  0.786014E-07  0.786014E-07  0.786014E-07 -0.156874E-11  0.690092E-07  0.124327E-11  0.427527E-14
  0.953338E+05  0.930324E-07  0.136588E-11  0.331203E-21  0.583681E-17  0.000000E+00  0.778718E-07  0.778718E-07  0.778718E-07 -0.155398E-11  0.683602E-07  0.122030E-11  0.421560E-14
  0.957738E+05  0.921699E-07  0.134065E-11  0.325083E-21  0.575673E-17  0.000000E+00  0.771499E-07  0.771499E-07  0.771499E-07 -0.153939E-11  0.677183E-07  0.119776E-11  0.415683E-14
  0.962159E+05  0.913161E-07  0.131590E-11  0.319080E-21  0.567774E-17  0.000000E+00  0.764351E-07  0.764351E-07  0.764351E-07 -0.152495E-11  0.670830E-07  0.117565E-11  0.409892E-14
  0.966600E+05  0.904685E-07  0.129157E-11  0.313180E-21  0.559983E-17  0.000000E+00  0.757257E-07  0.757257E-07  0.757257E-07 -0.151061E-11  0.664521E-07  0.115392E-11  0.404171E-14
  0.971062E+05  0.896289E-07  0.126770E-11  0.307390E-21  0.552300E-17  0.000000E+00  0.750229E-07  0.750229E-07  0.750229E-07 -0.149640E-11  0.658273E-07  0.113259E-11  0.398531E-14
  0.975544E+05  0.887994E-07  0.124430E-11  0.301717E-21  0.544722E-17  0.000000E+00  0.743286E-07  0.743286E-07  0.743286E-07 -0.148238E-11  0.652105E-07  0.111169E-11  0.392983E-14
  0.980047E+05  0.879759E-07  0.122131E-11  0.296141E-21  0.537248E-17  0.000000E+00  0.736393E-07  0.736393E-07  0.736393E-07 -0.146845E-11  0.645979E-07  0.109116E-11  0.387503E-14
  0.984570E+05  0.871594E-07  0.119874E-11  0.290666E-21  0.529877E-17  0.000000E+00  0.729558E-07  0.729558E-07  0.729558E-07 -0.145464E-11  0.639904E-07  0.107098E-11  0.382096E-14
  0.989115E+05  0.863466E-07  0.117651E-11  0.285275E-21  0.522606E-17  0.000000E+00  0.722755E-07  0.722755E-07  0.722755E-07 -0.144088E-11  0.633852E-07  0.105113E-11  0.376742E-14
  0.993680E+05  0.855445E-07  0.115475E-11  0.279998E-21  0.515436E-17  0.000000E+00  0.716041E-07  0.716041E-07  0.716041E-07 -0.142732E-11  0.627884E-07  0.103168E-11  0.371481E-14
  0.998267E+05  0.847493E-07  0.113338E-11  0.274815E-21  0.508364E-17  0.000000E+00  0.709385E-07  0.709385E-07  0.709385E-07 -0.141387E-11  0.621968E-07  0.101259E-11  0.366290E-14
  0.100287E+06  0.839618E-07  0.111241E-11  0.269730E-21  0.501388E-17  0.000000E+00  0.702793E-07  0.702793E-07  0.702793E-07 -0.140055E-11  0.616111E-07  0.993854E-12  0.361174E-14
  0.100750E+06  0.832205E-07  0.109249E-11  0.264899E-21  0.494509E-17  0.000000E+00  0.696588E-07  0.696588E-07  0.696588E-07 -0.138819E-11  0.610672E-07  0.976044E-12  0.356341E-14
  0.101215E+06  0.824487E-07  0.107230E-11  0.260003E-21  0.487724E-17  0.000000E+00  0.690128E-07  0.690128E-07  0.690128E-07 -0.137515E-11  0.604935E-07  0.957997E-12  0.351371E-14
  0.101683E+06  0.816824E-07  0.105246E-11  0.255191E-21  0.481032E-17  0.000000E+00  0.683713E-07  0.683713E-07  0.683713E-07 -0.136219E-11  0.599236E-07  0.940268E-12  0.346462E-14
  0.102152E+06  0.809219E-07  0.103297E-11  0.250464E-21  0.474432E-17  0.000000E+00  0.677348E-07  0.677348E-07  0.677348E-07 -0.134933E-11  0.593579E-07  0.922837E-12  0.341614E-14
  0.102623E+06  0.801699E-07  0.101385E-11  0.245829E-21  0.467922E-17  0.000000E+00  0.671053E-07  0.671053E-07  0.671053E-07 -0.133662E-11  0.587988E-07  0.905747E-12  0.336842E-14
  0.103097E+06  0.794241E-07  0.995085E-12  0.241277E-21  0.461502E-17  0.000000E+00  0.664811E-07  0.664811E-07  0.664811E-07 -0.132401E-11  0.582443E-07  0.888964E-12  0.332132E-14
  0.103573E+06  0.786854E-07  0.976665E-12  0.236810E-21  0.455170E-17  0.000000E+00  0.658628E-07  0.658628E-07  0.658628E-07 -0.131153E-11  0.576951E-07  0.872489E-12  0.327489E-14
  0.104051E+06  0.779532E-07  0.958580E-12  0.232424E-21  0.448925E-17  0.000000E+00  0.652499E-07  0.652499E-07  0.652499E-07 -0.129916E-11  0.571507E-07  0.856306E-12  0.322909E-14
  0.104531E+06  0.772267E-07  0.940812E-12  0.228115E-21  0.442765E-17  0.000000E+00  0.646417E-07  0.646417E-07  0.646417E-07 -0.128687E-11  0.566105E-07  0.840409E-12  0.318386E-14
  0.105014E+06  0.765073E-07  0.923379E-12  0.223887E-21  0.436690E-17  0.000000E+00  0.640396E-07  0.640396E-07  0.640396E-07 -0.127471E-11  0.560756E-07  0.824825E-12  0.313929E-14
  0.105499E+06  0.757948E-07  0.906271E-12  0.219738E-21  0.430698E-17  0.000000E+00  0.634432E-07  0.634432E-07  0.634432E-07 -0.126267E-11  0.555460E-07  0.809513E-12  0.309536E-14
  0.105986E+06  0.750967E-07  0.889599E-12  0.215695E-21  0.424789E-17  0.000000E+00  0.628589E-07  0.628589E-07  0.628589E-07 -0.125091E-11  0.550287E-07  0.794605E-12  0.305244E-14
  0.106475E+06  0.743970E-07  0.873112E-12  0.211697E-21  0.418960E-17  0.000000E+00  0.622731E-07  0.622731E-07  0.622731E-07 -0.123909E-11  0.545086E-07  0.779871E-12  0.300970E-14
  0.106966E+06  0.737031E-07  0.856921E-12  0.207771E-21  0.413212E-17  0.000000E+00  0.616924E-07  0.616924E-07  0.616924E-07 -0.122737E-11  0.539928E-07  0.765388E-12  0.296752E-14
  0.107460E+06  0.730155E-07  0.841028E-12  0.203916E-21  0.407542E-17  0.000000E+00  0.611168E-07  0.611168E-07  0.611168E-07 -0.121575E-11  0.534818E-07  0.751214E-12  0.292593E-14
  0.107956E+06  0.723345E-07  0.825431E-12  0.200134E-21  0.401950E-17  0.000000E+00  0.605468E-07  0.605468E-07  0.605468E-07 -0.120424E-11  0.529757E-07  0.737295E-12  0.288493E-14
  0.108454E+06  0.716622E-07  0.810157E-12  0.196430E-21  0.396435E-17  0.000000E+00  0.599840E-07  0.599840E-07  0.599840E-07 -0.119290E-11  0.524766E-07  0.723686E-12  0.284462E-14
  0.108955E+06  0.709958E-07  0.795162E-12  0.192794E-21  0.390996E-17  0.000000E+00  0.594263E-07  0.594263E-07  0.594263E-07 -0.118165E-11  0.519819E-07  0.710333E-12  0.280486E-14
  0.109458E+06  0.703328E-07  0.780404E-12  0.189215E-21  0.385631E-17  0.000000E+00  0.588713E-07  0.588713E-07  0.588713E-07 -0.117045E-11  0.514892E-07  0.697196E-12  0.276551E-14
  0.109963E+06  0.696758E-07  0.765917E-12  0.185702E-21  0.380340E-17  0.000000E+00  0.583214E-07  0.583214E-07  0.583214E-07 -0.115935E-11  0.510010E-07  0.684295E-12  0.272670E-14
  0.110471E+06  0.690252E-07  0.751702E-12  0.182254E-21  0.375121E-17  0.000000E+00  0.577768E-07  0.577768E-07  0.577768E-07 -0.114836E-11  0.505176E-07  0.671639E-12  0.268845E-14
  0.110981E+06  0.683794E-07  0.737735E-12  0.178867E-21  0.369975E-17  0.000000E+00  0.572362E-07  0.572362E-07  0.572362E-07 -0.113745E-11  0.500377E-07  0.659204E-12  0.265067E-14
  0.111493E+06  0.677402E-07  0.724033E-12  0.175545E-21  0.364898E-17  0.000000E+00  0.567011E-07  0.567011E-07  0.567011E-07 -0.112666E-11  0.495628E-07  0.646992E-12  0.261345E-14
  0.112007E+06  0.671053E-07  0.710564E-12  0.172278E-21  0.359892E-17  0.000000E+00  0.561697E-07  0.561697E-07  0.561697E-07 -0.111593E-11  0.490909E-07  0.634976E-12  0.257668E-14
  0.112524E+06  0.664765E-07  0.697347E-12  0.169073E-21  0.354954E-17  0.000000E+00  0.556434E-07  0.556434E-07  0.556434E-07 -0.110530E-11  0.486236E-07  0.623185E-12  0.254042E-14
  0.113044E+06  0.658547E-07  0.684392E-12  0.165931E-21  0.350083E-17  0.000000E+00  0.551230E-07  0.551230E-07  0.551230E-07 -0.109481E-11  0.481619E-07  0.611616E-12  0.250474E-14
  0.113566E+06  0.652410E-07  0.671706E-12  0.162855E-21  0.345280E-17  0.000000E+00  0.546092E-07  0.546092E-07  0.546092E-07 -0.108446E-11  0.477065E-07  0.600281E-12  0.246966E-14
  0.114090E+06  0.646323E-07  0.659246E-12  0.159834E-21  0.340542E-17  0.000000E+00  0.540997E-07  0.540997E-07  0.540997E-07 -0.107419E-11  0.472549E-07  0.589145E-12  0.243504E-14
  0.114616E+06  0.640274E-07  0.646994E-12  0.156862E-21  0.335870E-17  0.000000E+00  0.535934E-07  0.535934E-07  0.535934E-07 -0.106398E-11  0.468057E-07  0.578194E-12  0.240081E-14
  0.115145E+06  0.634375E-07  0.635089E-12  0.153976E-21  0.331261E-17  0.000000E+00  0.530997E-07  0.530997E-07  0.530997E-07 -0.105406E-11  0.463696E-07  0.567537E-12  0.236751E-14
  0.115677E+06  0.628434E-07  0.623279E-12  0.151112E-21  0.326716E-17  0.000000E+00  0.526023E-07  0.526023E-07  0.526023E-07 -0.104404E-11  0.459285E-07  0.556970E-12  0.233422E-14
  0.116211E+06  0.622551E-07  0.611693E-12  0.148302E-21  0.322234E-17  0.000000E+00  0.521099E-07  0.521099E-07  0.521099E-07 -0.103411E-11  0.454918E-07  0.546594E-12  0.230140E-14
  0.116747E+06  0.616719E-07  0.600318E-12  0.145544E-21  0.317812E-17  0.000000E+00  0.516218E-07  0.516218E-07  0.516218E-07 -0.102427E-11  0.450589E-07  0.536405E-12  0.226903E-14
  0.117286E+06  0.610952E-07  0.589165E-12  0.142839E-21  0.313452E-17  0.000000E+00  0.511390E-07  0.511390E-07  0.511390E-07 -0.101454E-11  0.446310E-07  0.526413E-12  0.223716E-14
  0.117828E+06  0.605213E-07  0.578189E-12  0.140178E-21  0.309151E-17  0.000000E+00  0.506587E-07  0.506587E-07  0.506587E-07 -0.100485E-11  0.442049E-07  0.516584E-12  0.220561E-14
  0.118371E+06  0.599536E-07  0.567426E-12  0.137568E-21  0.304909E-17  0.000000E+00  0.501834E-07  0.501834E-07  0.501834E-07 -0.995272E-12  0.437835E-07  0.506936E-12  0.217455E-14
  0.118918E+06  0.593914E-07  0.556866E-12  0.135007E-21  0.300725E-17  0.000000E+00  0.497129E-07  0.497129E-07  0.497129E-07 -0.985787E-12  0.433662E-07  0.497474E-12  0.214393E-14
  0.119467E+06  0.588336E-07  0.546493E-12  0.132492E-21  0.296599E-17  0.000000E+00  0.492460E-07  0.492460E-07  0.492460E-07 -0.976376E-12  0.429523E-07  0.488183E-12  0.211371E-14
  0.120018E+06  0.582810E-07  0.536312E-12  0.130023E-21  0.292530E-17  0.000000E+00  0.487835E-07  0.487835E-07  0.487835E-07 -0.967052E-12  0.425421E-07  0.479063E-12  0.208391E-14
  0.120572E+06  0.577336E-07  0.526320E-12  0.127600E-21  0.288516E-17  0.000000E+00  0.483252E-07  0.483252E-07  0.483252E-07 -0.957817E-12  0.421359E-07  0.470117E-12  0.205452E-14
  0.121129E+06  0.571912E-07  0.516513E-12  0.125222E-21  0.284557E-17  0.000000E+00  0.478712E-07  0.478712E-07  0.478712E-07 -0.948667E-12  0.417334E-07  0.461338E-12  0.202555E-14
  0.121688E+06  0.566542E-07  0.506893E-12  0.122889E-21  0.280653E-17  0.000000E+00  0.474218E-07  0.474218E-07  0.474218E-07 -0.939613E-12  0.413351E-07  0.452733E-12  0.199700E-14
  0.122249E+06  0.561222E-07  0.497451E-12  0.120600E-21  0.276802E-17  0.000000E+00  0.469764E-07  0.469764E-07  0.469764E-07 -0.930642E-12  0.409405E-07  0.444290E-12  0.196885E-14
  0.122814E+06  0.555948E-07  0.488180E-12  0.118352E-21  0.273004E-17  0.000000E+00  0.465350E-07  0.465350E-07  0.465350E-07 -0.921750E-12  0.405494E-07  0.436002E-12  0.194108E-14
  0.123381E+06  0.550712E-07  0.479069E-12  0.116142E-21  0.269259E-17  0.000000E+00  0.460967E-07  0.460967E-07  0.460967E-07 -0.912917E-12  0.401608E-07  0.427869E-12  0.191365E-14
  0.123950E+06  0.545530E-07  0.470133E-12  0.113976E-21  0.265564E-17  0.000000E+00  0.456629E-07  0.456629E-07  0.456629E-07 -0.904178E-12  0.397764E-07  0.419896E-12  0.188662E-14
  0.124522E+06  0.540397E-07  0.461365E-12  0.111849E-21  0.261920E-17  0.000000E+00  0.452333E-07  0.452333E-07  0.452333E-07 -0.895524E-12  0.393958E-07  0.412075E-12  0.185998E-14
  0.125097E+06  0.535315E-07  0.452762E-12  0.109763E-21  0.258327E-17  0.000000E+00  0.448079E-07  0.448079E-07  0.448079E-07 -0.886958E-12  0.390190E-07  0.404403E-12  0.183373E-14
  0.125674E+06  0.530265E-07  0.444303E-12  0.107712E-21  0.254782E-17  0.000000E+00  0.443852E-07  0.443852E-07  0.443852E-07 -0.878440E-12  0.386442E-07  0.396863E-12  0.180778E-14
  0.126254E+06  0.525273E-07  0.436013E-12  0.105702E-21  0.251286E-17  0.000000E+00  0.439673E-07  0.439673E-07  0.439673E-07 -0.870026E-12  0.382742E-07  0.389470E-12  0.178224E-14
  0.126837E+06  0.520349E-07  0.427900E-12  0.103735E-21  0.247839E-17  0.000000E+00  0.435552E-07  0.435552E-07  0.435552E-07 -0.861739E-12  0.379096E-07  0.382239E-12  0.175715E-14
