  0.986139E-05  0.265423E+06  0.265423E+06  0.353898E+06  0.353898E+06  0.000000E+00  0.265423E+06  0.265423E+06  0.265423E+06 -0.618871E+00  0.180636E+05  0.180636E+05  0.234812E+02
  0.990691E-05  0.263146E+06  0.263146E+06  0.350862E+06  0.350862E+06  0.000000E+00  0.263146E+06  0.263146E+06  0.263146E+06 -0.618871E+00  0.180636E+05  0.180636E+05  0.233941E+02
  0.995263E-05  0.260890E+06  0.260890E+06  0.347854E+06  0.347854E+06  0.000000E+00  0.260890E+06  0.260890E+06  0.260890E+06 -0.618871E+00  0.180636E+05  0.180636E+05  0.233075E+02
  0.999857E-05  0.258655E+06  0.258655E+06  0.344873E+06  0.344873E+06  0.000000E+00  0.258655E+06  0.258655E+06  0.258655E+06 -0.618871E+00  0.180636E+05  0.180636E+05  0.232214E+02
  0.100447E-04  0.256440E+06  0.256440E+06  0.341920E+06  0.341920E+06  0.000000E+00  0.256440E+06  0.256440E+06  0.256440E+06 -0.618871E+00  0.180636E+05  0.180636E+05  0.231357E+02
  0.100911E-04  0.254246E+06  0.254246E+06  0.338994E+06  0.338994E+06  0.000000E+00  0.254246E+06  0.254246E+06  0.254246E+06 -0.618871E+00  0.180636E+05  0.180636E+05  0.230506E+02
  0.101377E-04  0.252071E+06  0.252071E+06  0.336095E+06  0.336095E+06  0.000000E+00  0.252071E+06  0.252071E+06  0.252071E+06 -0.618871E+00  0.180636E+05  0.180636E+05  0.229659E+02
  0.101845E-04  0.249239E+06  0.249239E+06  0.332318E+06  0.332318E+06  0.000000E+00  0.249239E+06  0.249239E+06  0.249239E+06 -0.618871E+00  0.180636E+05  0.180636E+05  0.227371E+02
  0.102315E-04  0.246140E+06  0.246140E+06  0.328186E+06  0.328186E+06  0.000000E+00  0.246140E+06  0.246140E+06  0.246140E+06 -0.618871E+00  0.180636E+05  0.180636E+05  0.224446E+02
  0.102787E-04  0.243105E+06  0.243105E+06  0.324139E+06  0.324139E+06  0.000000E+00  0.243105E+06  0.243105E+06  0.243105E+06 -0.618871E+00  0.180636E+05  0.180636E+05  0.221588E+02
  0.103261E-04  0.240132E+06  0.240132E+06  0.320176E+06  0.320176E+06  0.000000E+00  0.240132E+06  0.240132E+06  0.240132E+06 -0.618871E+00  0.180636E+05  0.180636E+05  0.218796E+02
  0.103738E-04  0.237221E+06  0.237221E+06  0.316295E+06  0.316295E+06  0.000000E+00  0.237221E+06  0.237221E+06  0.237221E+06 -0.618871E+00  0.180636E+05  0.180636E+05  0.216069E+02
  0.104217E-04  0.234370E+06  0.234370E+06  0.312493E+06  0.312493E+06  0.000000E+00  0.234370E+06  0.234370E+06  0.234370E+06 -0.618871E+00  0.180636E+05  0.180636E+05  0.213405E+02
  0.104698E-04  0.231577E+06  0.231577E+06  0.308769E+06  0.308769E+06  0.000000E+00  0.231577E+06  0.231577E+06  0.231577E+06 -0.618871E+00  0.180636E+05  0.180636E+05  0.210802E+02
  0.105181E-04  0.228841E+06  0.228841E+06  0.305121E+06  0.305121E+06  0.000000E+00  0.228841E+06  0.228841E+06  0.228841E+06 -0.618871E+00  0.180636E+05  0.180636E+05  0.208260E+02
  0.105667E-04  0.226160E+06  0.226160E+06  0.301546E+06  0.301546E+06  0.000000E+00  0.226160E+06  0.226160E+06  0.226160E+06 -0.618871E+00  0.180636E+05  0.180636E+05  0.205778E+02
  0.106154E-04  0.223533E+06  0.223533E+06  0.298044E+06  0.298044E+06  0.000000E+00  0.223533E+06  0.223533E+06  0.223533E+06 -0.618871E+00  0.180636E+05  0.180636E+05  0.203353E+02
  0.106644E-04  0.220959E+06  0.220959E+06  0.294612E+06  0.294612E+06  0.000000E+00  0.220959E+06  0.220959E+06  0.220959E+06 -0.618871E+00  0.180636E+05  0.180636E+05  0.200985E+02
  0.107137E-04  0.218436E+06  0.218436E+06  0.291248E+06  0.291248E+06  0.000000E+00  0.218436E+06  0.218436E+06  0.218436E+06 -0.618871E+00  0.180636E+05  0.180636E+05  0.198673E+02
  0.107631E-04  0.215963E+06  0.215963E+06  0.287951E+06  0.287951E+06  0.000000E+00  0.215963E+06  0.215963E+06  0.215963E+06 -0.618871E+00  0.180636E+05  0.180636E+05  0.196415E+02
  0.108128E-04  0.213539E+06  0.213539E+06  0.284719E+06  0.284718E+06  0.000000E+00  0.213539E+06  0.213539E+06  0.213539E+06 -0.618871E+00  0.180636E+05  0.180636E+05  0.194210E+02
  0.108627E-04  0.211162E+06  0.211162E+06  0.281549E+06  0.281549E+06  0.000000E+00  0.211162E+06  0.211162E+06  0.211162E+06 -0.618871E+00  0.180636E+05  0.180636E+05  0.192057E+02
  0.109128E-04  0.208831E+06  0.208831E+06  0.278442E+06  0.278442E+06  0.000000E+00  0.208831E+06  0.208831E+06  0.208831E+06 -0.618871E+00  0.180636E+05  0.180636E+05  0.189954E+02
  0.109632E-04  0.206545E+06  0.206545E+06  0.275394E+06  0.275394E+06  0.000000E+00  0.206545E+06  0.206545E+06  0.206545E+06 -0.618871E+00  0.180636E+05  0.180636E+05  0.187901E+02
  0.110138E-04  0.204303E+06  0.204303E+06  0.272404E+06  0.272404E+06  0.000000E+00  0.204303E+06  0.204303E+06  0.204303E+06 -0.618871E+00  0.180636E+05  0.180636E+05  0.185897E+02
  0.110647E-04  0.202103E+06  0.202103E+06  0.269471E+06  0.269471E+06  0.000000E+00  0.202103E+06  0.202103E+06  0.202103E+06 -0.618871E+00  0.180636E+05  0.180636E+05  0.183939E+02
  0.111157E-04  0.199945E+06  0.199945E+06  0.266593E+06  0.266593E+06  0.000000E+00  0.199945E+06  0.199945E+06  0.199945E+06 -0.618871E+00  0.180636E+05  0.180636E+05  0.182028E+02
  0.111670E-04  0.195395E+06  0.195395E+06  0.260527E+06  0.260527E+06  0.000000E+00  0.195395E+06  0.195395E+06  0.195395E+06 -0.618871E+00  0.180636E+05  0.180636E+05  0.177216E+02
  0.112186E-04  0.190144E+06  0.190144E+06  0.253525E+06  0.253525E+06  0.000000E+00  0.190144E+06  0.190144E+06  0.190144E+06 -0.618871E+00  0.180636E+05  0.180636E+05  0.165124E+02
  0.112704E-04  0.178179E+06  0.178179E+06  0.237573E+06  0.237573E+06  0.000000E+00  0.178179E+06  0.178179E+06  0.178179E+06 -0.618871E+00  0.180636E+05  0.180636E+05  0.137626E+02
  0.113224E-04  0.174778E+06  0.174778E+06  0.233037E+06  0.233037E+06  0.000000E+00  0.174778E+06  0.174778E+06  0.174778E+06 -0.618871E+00  0.180636E+05  0.180636E+05  0.133224E+02
  0.113747E-04  0.171447E+06  0.171447E+06  0.228596E+06  0.228596E+06  0.000000E+00  0.171447E+06  0.171447E+06  0.171447E+06 -0.618871E+00  0.180636E+05  0.180636E+05  0.128890E+02
  0.114272E-04  0.168187E+06  0.168187E+06  0.224249E+06  0.224249E+06  0.000000E+00  0.168187E+06  0.168187E+06  0.168187E+06 -0.618871E+00  0.180636E+05  0.180636E+05  0.124623E+02
  0.114799E-04  0.164994E+06  0.164994E+06  0.219992E+06  0.219992E+06  0.000000E+00  0.164994E+06  0.164994E+06  0.164994E+06 -0.618871E+00  0.180636E+05  0.180636E+05  0.120421E+02
  0.115329E-04  0.161868E+06  0.161868E+06  0.215823E+06  0.215823E+06  0.000000E+00  0.161868E+06  0.161868E+06  0.161868E+06 -0.618871E+00  0.180636E+05  0.180636E+05  0.116284E+02
  0.115861E-04  0.158805E+06  0.158805E+06  0.211741E+06  0.211741E+06  0.000000E+00  0.158805E+06  0.158805E+06  0.158805E+06 -0.618871E+00  0.180636E+05  0.180636E+05  0.112211E+02
  0.116396E-04  0.155806E+06  0.155806E+06  0.207742E+06  0.207742E+06  0.000000E+00  0.155806E+06  0.155806E+06  0.155806E+06 -0.618872E+00  0.180636E+05  0.180636E+05  0.108201E+02
  0.116933E-04  0.152868E+06  0.152868E+06  0.203825E+06  0.203825E+06  0.000000E+00  0.152868E+06  0.152868E+06  0.152868E+06 -0.618872E+00  0.180636E+05  0.180636E+05  0.104253E+02
  0.117473E-04  0.149991E+06  0.149991E+06  0.199987E+06  0.199987E+06  0.000000E+00  0.149991E+06  0.149991E+06  0.149991E+06 -0.618872E+00  0.180636E+05  0.180636E+05  0.100367E+02
  0.118015E-04  0.147171E+06  0.147171E+06  0.196228E+06  0.196228E+06  0.000000E+00  0.147171E+06  0.147171E+06  0.147171E+06 -0.618872E+00  0.180636E+05  0.180636E+05  0.965411E+01
  0.118560E-04  0.144409E+06  0.144409E+06  0.192545E+06  0.192545E+06  0.000000E+00  0.144409E+06  0.144409E+06  0.144409E+06 -0.618872E+00  0.180636E+05  0.180636E+05  0.927747E+01
  0.119107E-04  0.141702E+06  0.141702E+06  0.188936E+06  0.188936E+06  0.000000E+00  0.141702E+06  0.141702E+06  0.141702E+06 -0.618872E+00  0.180636E+05  0.180636E+05  0.890672E+01
  0.119657E-04  0.139049E+06  0.139049E+06  0.185399E+06  0.185399E+06  0.000000E+00  0.139049E+06  0.139049E+06  0.139049E+06 -0.618872E+00  0.180636E+05  0.180636E+05  0.854175E+01
  0.120209E-04 -0.622856E+04 -0.622854E+04 -0.830472E+04 -0.830471E+04  0.000000E+00 -0.622856E+04 -0.622856E+04 -0.622856E+04 -0.618874E+00  0.180637E+05  0.180637E+05 -0.250377E+02
  0.120764E-04 -0.686552E+04 -0.686551E+04 -0.915401E+04 -0.915400E+04  0.000000E+00 -0.686552E+04 -0.686552E+04 -0.686552E+04 -0.618874E+00  0.180637E+05  0.180637E+05 -0.251190E+02
  0.121322E-04 -0.747166E+04 -0.747165E+04 -0.996219E+04 -0.996218E+04  0.000000E+00 -0.747166E+04 -0.747166E+04 -0.747166E+04 -0.618874E+00  0.180637E+05  0.180637E+05 -0.251955E+02
  0.121882E-04 -0.804782E+04 -0.804780E+04 -0.107304E+05 -0.107304E+05  0.000000E+00 -0.804781E+04 -0.804781E+04 -0.804781E+04 -0.618874E+00  0.180637E+05  0.180637E+05 -0.252674E+02
  0.122444E-04 -0.859479E+04 -0.859477E+04 -0.114597E+05 -0.114597E+05  0.000000E+00 -0.859479E+04 -0.859479E+04 -0.859479E+04 -0.618874E+00  0.180637E+05  0.180637E+05 -0.253348E+02
  0.123009E-04 -0.911339E+04 -0.911337E+04 -0.121512E+05 -0.121512E+05  0.000000E+00 -0.911339E+04 -0.911339E+04 -0.911339E+04 -0.618874E+00  0.180637E+05  0.180637E+05 -0.253978E+02
  0.123577E-04 -0.960438E+04 -0.960436E+04 -0.128058E+05 -0.128058E+05  0.000000E+00 -0.960438E+04 -0.960438E+04 -0.960438E+04 -0.618874E+00  0.180637E+05  0.180637E+05 -0.254565E+02
  0.124148E-04 -0.100685E+05 -0.100685E+05 -0.134247E+05 -0.134247E+05  0.000000E+00 -0.100685E+05 -0.100685E+05 -0.100685E+05 -0.618874E+00  0.180637E+05  0.180637E+05 -0.255109E+02
  0.124721E-04 -0.105066E+05 -0.105066E+05 -0.140087E+05 -0.140087E+05  0.000000E+00 -0.105066E+05 -0.105066E+05 -0.105066E+05 -0.618874E+00  0.180637E+05  0.180637E+05 -0.255612E+02
  0.125296E-04 -0.109193E+05 -0.109192E+05 -0.145590E+05 -0.145590E+05  0.000000E+00 -0.109192E+05 -0.109192E+05 -0.109192E+05 -0.618874E+00  0.180637E+05  0.180637E+05 -0.256074E+02
  0.125875E-04 -0.113073E+05 -0.113073E+05 -0.150763E+05 -0.150763E+05  0.000000E+00 -0.113073E+05 -0.113073E+05 -0.113073E+05 -0.618874E+00  0.180637E+05  0.180637E+05 -0.256496E+02
  0.126456E-04 -0.116713E+05 -0.116713E+05 -0.155617E+05 -0.155617E+05  0.000000E+00 -0.116713E+05 -0.116713E+05 -0.116713E+05 -0.618874E+00  0.180637E+05  0.180637E+05 -0.256878E+02
  0.127039E-04 -0.120121E+05 -0.120121E+05 -0.160161E+05 -0.160161E+05  0.000000E+00 -0.120121E+05 -0.120121E+05 -0.120121E+05 -0.618874E+00  0.180637E+05  0.180637E+05 -0.257223E+02
  0.127626E-04 -0.123303E+05 -0.123303E+05 -0.164404E+05 -0.164404E+05  0.000000E+00 -0.123303E+05 -0.123303E+05 -0.123303E+05 -0.618874E+00  0.180637E+05  0.180637E+05 -0.257530E+02
  0.128215E-04 -0.126266E+05 -0.126265E+05 -0.168354E+05 -0.168354E+05  0.000000E+00 -0.126266E+05 -0.126266E+05 -0.126266E+05 -0.618874E+00  0.180637E+05  0.180637E+05 -0.257800E+02
  0.128807E-04 -0.129015E+05 -0.129015E+05 -0.172020E+05 -0.172020E+05  0.000000E+00 -0.129015E+05 -0.129015E+05 -0.129015E+05 -0.618874E+00  0.180637E+05  0.180637E+05 -0.258034E+02
  0.129401E-04 -0.131558E+05 -0.131558E+05 -0.175411E+05 -0.175411E+05  0.000000E+00 -0.131558E+05 -0.131558E+05 -0.131558E+05 -0.618874E+00  0.180637E+05  0.180637E+05 -0.258233E+02
  0.129998E-04 -0.132200E+05 -0.132199E+05 -0.176266E+05 -0.176266E+05  0.000000E+00 -0.132199E+05 -0.132199E+05 -0.132199E+05 -0.618874E+00  0.180637E+05  0.180637E+05 -0.257954E+02
  0.130598E-04 -0.129475E+05 -0.129475E+05 -0.172633E+05 -0.172633E+05  0.000000E+00 -0.129475E+05 -0.129475E+05 -0.129475E+05 -0.618874E+00  0.180637E+05  0.180637E+05 -0.256817E+02
  0.131201E-04 -0.126675E+05 -0.126674E+05 -0.168899E+05 -0.168899E+05  0.000000E+00 -0.126674E+05 -0.126674E+05 -0.126674E+05 -0.618874E+00  0.180637E+05  0.180637E+05 -0.255676E+02
  0.131807E-04 -0.123802E+05 -0.123802E+05 -0.165069E+05 -0.165069E+05  0.000000E+00 -0.123802E+05 -0.123802E+05 -0.123802E+05 -0.618874E+00  0.180637E+05  0.180637E+05 -0.254531E+02
  0.132415E-04 -0.120861E+05 -0.120861E+05 -0.161148E+05 -0.161148E+05  0.000000E+00 -0.120861E+05 -0.120861E+05 -0.120861E+05 -0.618874E+00  0.180637E+05  0.180637E+05 -0.253384E+02
  0.133026E-04 -0.117856E+05 -0.117855E+05 -0.157140E+05 -0.157140E+05  0.000000E+00 -0.117855E+05 -0.117855E+05 -0.117855E+05 -0.618874E+00  0.180637E+05  0.180637E+05 -0.252233E+02
  0.133640E-04 -0.114788E+05 -0.114788E+05 -0.153051E+05 -0.153051E+05  0.000000E+00 -0.114788E+05 -0.114788E+05 -0.114788E+05 -0.618874E+00  0.180637E+05  0.180637E+05 -0.251080E+02
  0.134257E-04 -0.111664E+05 -0.111663E+05 -0.148884E+05 -0.148884E+05  0.000000E+00 -0.111664E+05 -0.111664E+05 -0.111664E+05 -0.618874E+00  0.180637E+05  0.180637E+05 -0.249923E+02
  0.134877E-04 -0.124944E+05 -0.124944E+05 -0.166591E+05 -0.166591E+05  0.000000E+00 -0.124944E+05 -0.124944E+05 -0.124944E+05 -0.618874E+00  0.180637E+05  0.180637E+05 -0.250076E+02
  0.135500E-04 -0.125078E+05 -0.125078E+05 -0.166770E+05 -0.166770E+05  0.000000E+00 -0.125078E+05 -0.125078E+05 -0.125078E+05 -0.618874E+00  0.180637E+05  0.180637E+05 -0.249192E+02
  0.136125E-04 -0.125154E+05 -0.125154E+05 -0.166871E+05 -0.166871E+05  0.000000E+00 -0.125154E+05 -0.125154E+05 -0.125154E+05 -0.618874E+00  0.180637E+05  0.180637E+05 -0.248307E+02
  0.136753E-04 -0.125172E+05 -0.125172E+05 -0.166895E+05 -0.166895E+05  0.000000E+00 -0.125172E+05 -0.125172E+05 -0.125172E+05 -0.618874E+00  0.180637E+05  0.180637E+05 -0.247422E+02
  0.137385E-04 -0.125131E+05 -0.125131E+05 -0.166842E+05 -0.166842E+05  0.000000E+00 -0.125131E+05 -0.125131E+05 -0.125131E+05 -0.618874E+00  0.180637E+05  0.180637E+05 -0.246535E+02
  0.138019E-04 -0.125033E+05 -0.125033E+05 -0.166711E+05 -0.166711E+05  0.000000E+00 -0.125033E+05 -0.125033E+05 -0.125033E+05 -0.618874E+00  0.180637E+05  0.180637E+05 -0.245648E+02
  0.138656E-04 -0.124877E+05 -0.124877E+05 -0.166502E+05 -0.166502E+05  0.000000E+00 -0.124877E+05 -0.124877E+05 -0.124877E+05 -0.618874E+00  0.180637E+05  0.180637E+05 -0.244759E+02
  0.139296E-04 -0.124663E+05 -0.124663E+05 -0.166217E+05 -0.166217E+05  0.000000E+00 -0.124663E+05 -0.124663E+05 -0.124663E+05 -0.618874E+00  0.180637E+05  0.180637E+05 -0.243869E+02
  0.139939E-04 -0.124392E+05 -0.124391E+05 -0.165855E+05 -0.165855E+05  0.000000E+00 -0.124392E+05 -0.124392E+05 -0.124392E+05 -0.618874E+00  0.180637E+05  0.180637E+05 -0.242977E+02
  0.140585E-04 -0.124063E+05 -0.124063E+05 -0.165417E+05 -0.165417E+05  0.000000E+00 -0.124063E+05 -0.124063E+05 -0.124063E+05 -0.618874E+00  0.180637E+05  0.180637E+05 -0.242083E+02
  0.141234E-04 -0.123678E+05 -0.123678E+05 -0.164903E+05 -0.164903E+05  0.000000E+00 -0.123678E+05 -0.123678E+05 -0.123678E+05 -0.618874E+00  0.180637E+05  0.180637E+05 -0.241187E+02
  0.141886E-04 -0.123236E+05 -0.123236E+05 -0.164315E+05 -0.164315E+05  0.000000E+00 -0.123236E+05 -0.123236E+05 -0.123236E+05 -0.618874E+00  0.180637E+05  0.180637E+05 -0.240288E+02
  0.142540E-04 -0.122739E+05 -0.122739E+05 -0.163652E+05 -0.163652E+05  0.000000E+00 -0.122739E+05 -0.122739E+05 -0.122739E+05 -0.618874E+00  0.180637E+05  0.180637E+05 -0.239388E+02
  0.143198E-04 -0.122187E+05 -0.122187E+05 -0.162916E+05 -0.162916E+05  0.000000E+00 -0.122187E+05 -0.122187E+05 -0.122187E+05 -0.618874E+00  0.180637E+05  0.180637E+05 -0.238484E+02
  0.143859E-04 -0.121581E+05 -0.121581E+05 -0.162107E+05 -0.162107E+05  0.000000E+00 -0.121581E+05 -0.121581E+05 -0.121581E+05 -0.618874E+00  0.180637E+05  0.180637E+05 -0.237579E+02
  0.144523E-04 -0.120921E+05 -0.120921E+05 -0.161228E+05 -0.161227E+05  0.000000E+00 -0.120921E+05 -0.120921E+05 -0.120921E+05 -0.618874E+00  0.180637E+05  0.180637E+05 -0.236670E+02
  0.145190E-04 -0.120210E+05 -0.120210E+05 -0.160280E+05 -0.160280E+05  0.000000E+00 -0.120210E+05 -0.120210E+05 -0.120210E+05 -0.618874E+00  0.180637E+05  0.180637E+05 -0.235759E+02
  0.145861E-04 -0.119448E+05 -0.119448E+05 -0.159264E+05 -0.159264E+05  0.000000E+00 -0.119448E+05 -0.119448E+05 -0.119448E+05 -0.618874E+00  0.180637E+05  0.180637E+05 -0.234845E+02
  0.146534E-04 -0.118636E+05 -0.118636E+05 -0.158181E+05 -0.158181E+05  0.000000E+00 -0.118636E+05 -0.118636E+05 -0.118636E+05 -0.618874E+00  0.180637E+05  0.180637E+05 -0.233928E+02
  0.147210E-04 -0.117774E+05 -0.117774E+05 -0.157031E+05 -0.157031E+05  0.000000E+00 -0.117774E+05 -0.117774E+05 -0.117774E+05 -0.618874E+00  0.180637E+05  0.180637E+05 -0.233008E+02
  0.147890E-04 -0.116862E+05 -0.116862E+05 -0.155816E+05 -0.155816E+05  0.000000E+00 -0.116862E+05 -0.116862E+05 -0.116862E+05 -0.618874E+00  0.180637E+05  0.180637E+05 -0.232085E+02
  0.148572E-04 -0.116533E+05 -0.116533E+05 -0.155377E+05 -0.155377E+05  0.000000E+00 -0.116533E+05 -0.116533E+05 -0.116533E+05 -0.618874E+00  0.180637E+05  0.180637E+05 -0.231334E+02
  0.149258E-04 -0.116136E+05 -0.116135E+05 -0.154847E+05 -0.154847E+05  0.000000E+00 -0.116136E+05 -0.116136E+05 -0.116136E+05 -0.618874E+00  0.180637E+05  0.180637E+05 -0.230581E+02
  0.149947E-04 -0.115654E+05 -0.115654E+05 -0.154205E+05 -0.154205E+05  0.000000E+00 -0.115654E+05 -0.115654E+05 -0.115654E+05 -0.618874E+00  0.180637E+05  0.180637E+05 -0.229824E+02
  0.150639E-04 -0.115090E+05 -0.115090E+05 -0.153453E+05 -0.153453E+05  0.000000E+00 -0.115090E+05 -0.115090E+05 -0.115090E+05 -0.618874E+00  0.180637E+05  0.180637E+05 -0.229061E+02
  0.151335E-04 -0.116013E+05 -0.116013E+05 -0.154684E+05 -0.154683E+05  0.000000E+00 -0.116013E+05 -0.116013E+05 -0.116013E+05 -0.618874E+00  0.180637E+05  0.180637E+05 -0.228805E+02
  0.152033E-04 -0.117016E+05 -0.117016E+05 -0.156021E+05 -0.156021E+05  0.000000E+00 -0.117016E+05 -0.117016E+05 -0.117016E+05 -0.618874E+00  0.180637E+05  0.180637E+05 -0.228605E+02
  0.152735E-04 -0.117856E+05 -0.117856E+05 -0.157141E+05 -0.157141E+05  0.000000E+00 -0.117856E+05 -0.117856E+05 -0.117856E+05 -0.618874E+00  0.180637E+05  0.180637E+05 -0.228382E+02
  0.153440E-04 -0.913430E+04 -0.913428E+04 -0.121790E+05 -0.121790E+05  0.000000E+00 -0.913429E+04 -0.913429E+04 -0.913429E+04 -0.618874E+00  0.180637E+05  0.180637E+05 -0.216782E+02
  0.154148E-04 -0.933056E+04 -0.933054E+04 -0.124407E+05 -0.124407E+05  0.000000E+00 -0.933056E+04 -0.933056E+04 -0.933056E+04 -0.618874E+00  0.180637E+05  0.180637E+05 -0.216720E+02
  0.154860E-04 -0.950968E+04 -0.950966E+04 -0.126795E+05 -0.126795E+05  0.000000E+00 -0.950968E+04 -0.950968E+04 -0.950968E+04 -0.618874E+00  0.180637E+05  0.180637E+05 -0.216634E+02
  0.155574E-04 -0.967190E+04 -0.967188E+04 -0.128958E+05 -0.128958E+05  0.000000E+00 -0.967190E+04 -0.967190E+04 -0.967190E+04 -0.618874E+00  0.180637E+05  0.180637E+05 -0.216524E+02
  0.156292E-04 -0.981755E+04 -0.981753E+04 -0.130900E+05 -0.130900E+05  0.000000E+00 -0.981755E+04 -0.981755E+04 -0.981755E+04 -0.618874E+00  0.180637E+05  0.180637E+05 -0.216391E+02
  0.157014E-04 -0.994696E+04 -0.994694E+04 -0.132626E+05 -0.132626E+05  0.000000E+00 -0.994696E+04 -0.994696E+04 -0.994696E+04 -0.618874E+00  0.180637E+05  0.180637E+05 -0.216235E+02
  0.157739E-04 -0.100605E+05 -0.100605E+05 -0.134140E+05 -0.134140E+05  0.000000E+00 -0.100605E+05 -0.100605E+05 -0.100605E+05 -0.618874E+00  0.180637E+05  0.180637E+05 -0.216055E+02
  0.158467E-04 -0.101586E+05 -0.101586E+05 -0.135447E+05 -0.135447E+05  0.000000E+00 -0.101586E+05 -0.101586E+05 -0.101586E+05 -0.618874E+00  0.180637E+05  0.180637E+05 -0.215853E+02
  0.159198E-04 -0.102416E+05 -0.102416E+05 -0.136554E+05 -0.136554E+05  0.000000E+00 -0.102416E+05 -0.102416E+05 -0.102416E+05 -0.618874E+00  0.180637E+05  0.180637E+05 -0.215627E+02
  0.159933E-04 -0.103099E+05 -0.103099E+05 -0.137465E+05 -0.137465E+05  0.000000E+00 -0.103099E+05 -0.103099E+05 -0.103099E+05 -0.618874E+00  0.180637E+05  0.180637E+05 -0.215379E+02
  0.160671E-04 -0.103640E+05 -0.103640E+05 -0.138187E+05 -0.138187E+05  0.000000E+00 -0.103640E+05 -0.103640E+05 -0.103640E+05 -0.618874E+00  0.180637E+05  0.180637E+05 -0.215109E+02
  0.161413E-04 -0.104044E+05 -0.104043E+05 -0.138725E+05 -0.138725E+05  0.000000E+00 -0.104044E+05 -0.104044E+05 -0.104044E+05 -0.618874E+00  0.180637E+05  0.180637E+05 -0.214816E+02
  0.162158E-04 -0.104314E+05 -0.104313E+05 -0.139085E+05 -0.139085E+05  0.000000E+00 -0.104314E+05 -0.104314E+05 -0.104314E+05 -0.618874E+00  0.180637E+05  0.180637E+05 -0.214502E+02
  0.162906E-04 -0.104455E+05 -0.104455E+05 -0.139273E+05 -0.139273E+05  0.000000E+00 -0.104455E+05 -0.104455E+05 -0.104455E+05 -0.618874E+00  0.180637E+05  0.180637E+05 -0.214167E+02
  0.163658E-04 -0.104473E+05 -0.104472E+05 -0.139296E+05 -0.139296E+05  0.000000E+00 -0.104473E+05 -0.104473E+05 -0.104473E+05 -0.618874E+00  0.180637E+05  0.180637E+05 -0.213810E+02
  0.164414E-04 -0.104371E+05 -0.104371E+05 -0.139161E+05 -0.139161E+05  0.000000E+00 -0.104371E+05 -0.104371E+05 -0.104371E+05 -0.618874E+00  0.180637E+05  0.180637E+05 -0.213433E+02
  0.165173E-04 -0.104155E+05 -0.104154E+05 -0.138873E+05 -0.138873E+05  0.000000E+00 -0.104155E+05 -0.104155E+05 -0.104155E+05 -0.618874E+00  0.180637E+05  0.180637E+05 -0.213036E+02
  0.165935E-04 -0.103830E+05 -0.103830E+05 -0.138440E+05 -0.138440E+05  0.000000E+00 -0.103830E+05 -0.103830E+05 -0.103830E+05 -0.618874E+00  0.180637E+05  0.180637E+05 -0.212619E+02
  0.166701E-04 -0.103402E+05 -0.103402E+05 -0.137869E+05 -0.137869E+05  0.000000E+00 -0.103402E+05 -0.103402E+05 -0.103402E+05 -0.618874E+00  0.180637E+05  0.180637E+05 -0.212169E+02
  0.167470E-04 -0.102880E+05 -0.102880E+05 -0.137173E+05 -0.137173E+05  0.000000E+00 -0.102880E+05 -0.102880E+05 -0.102880E+05 -0.618874E+00  0.180637E+05  0.180637E+05 -0.211716E+02
  0.168243E-04 -0.102265E+05 -0.102265E+05 -0.136353E+05 -0.136353E+05  0.000000E+00 -0.102265E+05 -0.102265E+05 -0.102265E+05 -0.618874E+00  0.180637E+05  0.180637E+05 -0.211246E+02
  0.169020E-04 -0.101562E+05 -0.101561E+05 -0.135415E+05 -0.135415E+05  0.000000E+00 -0.101562E+05 -0.101562E+05 -0.101562E+05 -0.618874E+00  0.180637E+05  0.180637E+05 -0.210758E+02
  0.169800E-04 -0.100775E+05 -0.100775E+05 -0.134366E+05 -0.134366E+05  0.000000E+00 -0.100775E+05 -0.100775E+05 -0.100775E+05 -0.618874E+00  0.180637E+05  0.180637E+05 -0.210253E+02
  0.170584E-04 -0.999095E+04 -0.999093E+04 -0.133212E+05 -0.133212E+05  0.000000E+00 -0.999095E+04 -0.999095E+04 -0.999095E+04 -0.618874E+00  0.180637E+05  0.180637E+05 -0.209732E+02
  0.171371E-04 -0.989710E+04 -0.989707E+04 -0.131961E+05 -0.131961E+05  0.000000E+00 -0.989709E+04 -0.989709E+04 -0.989709E+04 -0.618874E+00  0.180637E+05  0.180637E+05 -0.209195E+02
  0.172162E-04 -0.979644E+04 -0.979642E+04 -0.130619E+05 -0.130619E+05  0.000000E+00 -0.979644E+04 -0.979644E+04 -0.979644E+04 -0.618874E+00  0.180637E+05  0.180637E+05 -0.208644E+02
  0.172957E-04 -0.968952E+04 -0.968950E+04 -0.129193E+05 -0.129193E+05  0.000000E+00 -0.968952E+04 -0.968952E+04 -0.968952E+04 -0.618874E+00  0.180637E+05  0.180637E+05 -0.208078E+02
  0.173755E-04 -0.957695E+04 -0.957693E+04 -0.127692E+05 -0.127692E+05  0.000000E+00 -0.957695E+04 -0.957695E+04 -0.957695E+04 -0.618874E+00  0.180637E+05  0.180637E+05 -0.207498E+02
  0.174557E-04 -0.945927E+04 -0.945924E+04 -0.126123E+05 -0.126123E+05  0.000000E+00 -0.945926E+04 -0.945926E+04 -0.945926E+04 -0.618875E+00  0.180637E+05  0.180637E+05 -0.206906E+02
  0.175363E-04 -0.933703E+04 -0.933701E+04 -0.124493E+05 -0.124493E+05  0.000000E+00 -0.933703E+04 -0.933703E+04 -0.933703E+04 -0.618875E+00  0.180637E+05  0.180637E+05 -0.206302E+02
  0.176172E-04 -0.921084E+04 -0.921082E+04 -0.122811E+05 -0.122811E+05  0.000000E+00 -0.921084E+04 -0.921084E+04 -0.921084E+04 -0.618875E+00  0.180637E+05  0.180637E+05 -0.205687E+02
  0.176986E-04 -0.908128E+04 -0.908125E+04 -0.121083E+05 -0.121083E+05  0.000000E+00 -0.908127E+04 -0.908127E+04 -0.908127E+04 -0.618875E+00  0.180637E+05  0.180637E+05 -0.205062E+02
  0.177803E-04 -0.894894E+04 -0.894891E+04 -0.119319E+05 -0.119319E+05  0.000000E+00 -0.894893E+04 -0.894893E+04 -0.894893E+04 -0.618875E+00  0.180637E+05  0.180637E+05 -0.204428E+02
  0.178623E-04 -0.881442E+04 -0.881440E+04 -0.117525E+05 -0.117525E+05  0.000000E+00 -0.881442E+04 -0.881442E+04 -0.881442E+04 -0.618875E+00  0.180637E+05  0.180637E+05 -0.203787E+02
  0.179448E-04 -0.867839E+04 -0.867836E+04 -0.115711E+05 -0.115711E+05  0.000000E+00 -0.867838E+04 -0.867838E+04 -0.867838E+04 -0.618875E+00  0.180637E+05  0.180637E+05 -0.203138E+02
  0.180276E-04 -0.854142E+04 -0.854140E+04 -0.113885E+05 -0.113885E+05  0.000000E+00 -0.854142E+04 -0.854142E+04 -0.854142E+04 -0.618875E+00  0.180637E+05  0.180637E+05 -0.202483E+02
  0.181108E-04 -0.935334E+04 -0.935332E+04 -0.124711E+05 -0.124711E+05  0.000000E+00 -0.935334E+04 -0.935334E+04 -0.935334E+04 -0.618875E+00  0.180637E+05  0.180637E+05 -0.203005E+02
  0.181944E-04 -0.936671E+04 -0.936669E+04 -0.124889E+05 -0.124889E+05  0.000000E+00 -0.936671E+04 -0.936671E+04 -0.936671E+04 -0.618875E+00  0.180637E+05  0.180637E+05 -0.202534E+02
  0.182784E-04 -0.937243E+04 -0.937240E+04 -0.124965E+05 -0.124965E+05  0.000000E+00 -0.937242E+04 -0.937242E+04 -0.937242E+04 -0.618875E+00  0.180637E+05  0.180637E+05 -0.202050E+02
  0.183628E-04 -0.937056E+04 -0.937053E+04 -0.124940E+05 -0.124940E+05  0.000000E+00 -0.937055E+04 -0.937055E+04 -0.937055E+04 -0.618875E+00  0.180637E+05  0.180637E+05 -0.201554E+02
  0.184475E-04  0.127014E+04  0.127016E+04  0.169355E+04  0.169355E+04  0.000000E+00  0.127014E+04  0.127014E+04  0.127014E+04 -0.618874E+00  0.180637E+05  0.180637E+05 -0.165364E+02
  0.185327E-04  0.117276E+04  0.117278E+04  0.156371E+04  0.156371E+04  0.000000E+00  0.117276E+04  0.117276E+04  0.117276E+04 -0.618874E+00  0.180637E+05  0.180637E+05 -0.165080E+02
  0.186182E-04  0.108257E+04  0.108259E+04  0.144345E+04  0.144346E+04  0.000000E+00  0.108257E+04  0.108257E+04  0.108257E+04 -0.618874E+00  0.180637E+05  0.180637E+05 -0.164783E+02
  0.187042E-04  0.999279E+03  0.999298E+03  0.133240E+04  0.133240E+04  0.000000E+00  0.999282E+03  0.999282E+03  0.999282E+03 -0.618874E+00  0.180637E+05  0.180637E+05 -0.164474E+02
  0.187905E-04  0.922615E+03  0.922635E+03  0.123018E+04  0.123019E+04  0.000000E+00  0.922618E+03  0.922618E+03  0.922618E+03 -0.618874E+00  0.180637E+05  0.180637E+05 -0.164153E+02
  0.188772E-04  0.145028E+05  0.145028E+05  0.193370E+05  0.193371E+05  0.000000E+00  0.145028E+05  0.145028E+05  0.145028E+05 -0.618873E+00  0.180637E+05  0.180637E+05 -0.130080E+02
  0.189644E-04  0.140843E+05  0.140843E+05  0.187791E+05  0.187791E+05  0.000000E+00  0.140843E+05  0.140843E+05  0.140843E+05 -0.618874E+00  0.180637E+05  0.180637E+05 -0.130443E+02
  0.190519E-04  0.136821E+05  0.136822E+05  0.182429E+05  0.182429E+05  0.000000E+00  0.136822E+05  0.136822E+05  0.136822E+05 -0.618874E+00  0.180637E+05  0.180637E+05 -0.130778E+02
  0.191398E-04  0.132956E+05  0.132956E+05  0.177275E+05  0.177275E+05  0.000000E+00  0.132956E+05  0.132956E+05  0.132956E+05 -0.618874E+00  0.180637E+05  0.180637E+05 -0.131085E+02
  0.192282E-04  0.129241E+05  0.129241E+05  0.172322E+05  0.172322E+05  0.000000E+00  0.129241E+05  0.129241E+05  0.129241E+05 -0.618874E+00  0.180637E+05  0.180637E+05 -0.131367E+02
  0.193169E-04  0.125672E+05  0.125672E+05  0.167563E+05  0.167563E+05  0.000000E+00  0.125672E+05  0.125672E+05  0.125672E+05 -0.618874E+00  0.180637E+05  0.180637E+05 -0.131622E+02
  0.194061E-04  0.122242E+05  0.122242E+05  0.162989E+05  0.162989E+05  0.000000E+00  0.122242E+05  0.122242E+05  0.122242E+05 -0.618874E+00  0.180637E+05  0.180637E+05 -0.131853E+02
  0.194957E-04  0.118946E+05  0.118946E+05  0.158595E+05  0.158595E+05  0.000000E+00  0.118946E+05  0.118946E+05  0.118946E+05 -0.618874E+00  0.180637E+05  0.180637E+05 -0.132060E+02
  0.195857E-04  0.115778E+05  0.115778E+05  0.154371E+05  0.154371E+05  0.000000E+00  0.115778E+05  0.115778E+05  0.115778E+05 -0.618874E+00  0.180637E+05  0.180637E+05 -0.132243E+02
  0.196761E-04  0.112732E+05  0.112732E+05  0.150309E+05  0.150309E+05  0.000000E+00  0.112732E+05  0.112732E+05  0.112732E+05 -0.618874E+00  0.180637E+05  0.180637E+05 -0.132405E+02
  0.197669E-04  0.109803E+05  0.109803E+05  0.146404E+05  0.146404E+05  0.000000E+00  0.109803E+05  0.109803E+05  0.109803E+05 -0.618874E+00  0.180637E+05  0.180637E+05 -0.132544E+02
  0.198581E-04  0.106986E+05  0.106986E+05  0.142648E+05  0.142648E+05  0.000000E+00  0.106986E+05  0.106986E+05  0.106986E+05 -0.618874E+00  0.180637E+05  0.180637E+05 -0.132663E+02
  0.199498E-04  0.104278E+05  0.104278E+05  0.139038E+05  0.139038E+05  0.000000E+00  0.104278E+05  0.104278E+05  0.104278E+05 -0.618874E+00  0.180637E+05  0.180637E+05 -0.132762E+02
  0.200419E-04  0.101674E+05  0.101674E+05  0.135566E+05  0.135566E+05  0.000000E+00  0.101674E+05  0.101674E+05  0.101674E+05 -0.618874E+00  0.180637E+05  0.180637E+05 -0.132840E+02
  0.201344E-04  0.991677E+04  0.991679E+04  0.132224E+05  0.132224E+05  0.000000E+00  0.991677E+04  0.991677E+04  0.991677E+04 -0.618874E+00  0.180637E+05  0.180637E+05 -0.132900E+02
  0.202273E-04  0.967550E+04  0.967551E+04  0.129007E+05  0.129007E+05  0.000000E+00  0.967550E+04  0.967550E+04  0.967550E+04 -0.618874E+00  0.180637E+05  0.180637E+05 -0.132941E+02
  0.203207E-04  0.944320E+04  0.944322E+04  0.125910E+05  0.125910E+05  0.000000E+00  0.944321E+04  0.944321E+04  0.944321E+04 -0.618874E+00  0.180637E+05  0.180637E+05 -0.132965E+02
  0.204145E-04  0.921944E+04  0.921946E+04  0.122926E+05  0.122926E+05  0.000000E+00  0.921945E+04  0.921945E+04  0.921945E+04 -0.618874E+00  0.180637E+05  0.180637E+05 -0.132973E+02
  0.205087E-04  0.233011E+05  0.233011E+05  0.310681E+05  0.310681E+05  0.000000E+00  0.233011E+05  0.233011E+05  0.233011E+05 -0.618873E+00  0.180637E+05  0.180637E+05 -0.964974E+01
  0.206034E-04  0.227829E+05  0.227830E+05  0.303773E+05  0.303773E+05  0.000000E+00  0.227829E+05  0.227829E+05  0.227829E+05 -0.618873E+00  0.180637E+05  0.180637E+05 -0.970803E+01
  0.206985E-04  0.222791E+05  0.222792E+05  0.297055E+05  0.297055E+05  0.000000E+00  0.222791E+05  0.222791E+05  0.222791E+05 -0.618873E+00  0.180637E+05  0.180637E+05 -0.976336E+01
  0.207940E-04  0.217893E+05  0.217893E+05  0.290524E+05  0.290524E+05  0.000000E+00  0.217893E+05  0.217893E+05  0.217893E+05 -0.618873E+00  0.180637E+05  0.180637E+05 -0.981679E+01
  0.208900E-04  0.213129E+05  0.213129E+05  0.284172E+05  0.284172E+05  0.000000E+00  0.213129E+05  0.213129E+05  0.213129E+05 -0.618873E+00  0.180637E+05  0.180637E+05 -0.986784E+01
  0.209864E-04  0.208496E+05  0.208496E+05  0.277995E+05  0.277995E+05  0.000000E+00  0.208496E+05  0.208496E+05  0.208496E+05 -0.618873E+00  0.180637E+05  0.180637E+05 -0.991656E+01
  0.210833E-04  0.203990E+05  0.203990E+05  0.271987E+05  0.271987E+05  0.000000E+00  0.203990E+05  0.203990E+05  0.203990E+05 -0.618873E+00  0.180637E+05  0.180637E+05 -0.996299E+01
  0.211806E-04  0.199522E+05  0.199522E+05  0.266030E+05  0.266030E+05  0.000000E+00  0.199522E+05  0.199522E+05  0.199522E+05 -0.618873E+00  0.180637E+05  0.180637E+05 -0.100065E+02
  0.212784E-04  0.195259E+05  0.195259E+05  0.260346E+05  0.260346E+05  0.000000E+00  0.195259E+05  0.195259E+05  0.195259E+05 -0.618873E+00  0.180637E+05  0.180637E+05 -0.100483E+02
  0.213766E-04  0.191111E+05  0.191112E+05  0.254815E+05  0.254816E+05  0.000000E+00  0.191111E+05  0.191111E+05  0.191111E+05 -0.618873E+00  0.180637E+05  0.180637E+05 -0.100880E+02
  0.214752E-04  0.187075E+05  0.187075E+05  0.249434E+05  0.249434E+05  0.000000E+00  0.187075E+05  0.187075E+05  0.187075E+05 -0.618873E+00  0.180637E+05  0.180637E+05 -0.101256E+02
  0.215744E-04  0.104589E+05  0.104589E+05  0.139453E+05  0.139453E+05  0.000000E+00  0.104589E+05  0.104589E+05  0.104589E+05 -0.618874E+00  0.180637E+05  0.180637E+05 -0.115688E+02
  0.216739E-04  0.102615E+05  0.102615E+05  0.136820E+05  0.136820E+05  0.000000E+00  0.102615E+05  0.102615E+05  0.102615E+05 -0.618874E+00  0.180637E+05  0.180637E+05 -0.115676E+02
  0.217740E-04  0.100703E+05  0.100703E+05  0.134270E+05  0.134270E+05  0.000000E+00  0.100703E+05  0.100703E+05  0.100703E+05 -0.618874E+00  0.180637E+05  0.180637E+05 -0.115650E+02
  0.218745E-04  0.222889E+05  0.222889E+05  0.297186E+05  0.297186E+05  0.000000E+00  0.222889E+05  0.222889E+05  0.222889E+05 -0.618873E+00  0.180637E+05  0.180637E+05 -0.817229E+01
  0.219755E-04  0.218394E+05  0.218394E+05  0.291193E+05  0.291193E+05  0.000000E+00  0.218394E+05  0.218394E+05  0.218394E+05 -0.618873E+00  0.180637E+05  0.180637E+05 -0.822434E+01
  0.220769E-04  0.214020E+05  0.214020E+05  0.285361E+05  0.285361E+05  0.000000E+00  0.214020E+05  0.214020E+05  0.214020E+05 -0.618873E+00  0.180637E+05  0.180637E+05 -0.827402E+01
  0.221788E-04  0.209763E+05  0.209764E+05  0.279685E+05  0.279685E+05  0.000000E+00  0.209763E+05  0.209763E+05  0.209763E+05 -0.618873E+00  0.180637E+05  0.180637E+05 -0.832138E+01
  0.222812E-04  0.205620E+05  0.205620E+05  0.274160E+05  0.274160E+05  0.000000E+00  0.205620E+05  0.205620E+05  0.205620E+05 -0.618873E+00  0.180637E+05  0.180637E+05 -0.836646E+01
  0.223840E-04  0.201586E+05  0.201586E+05  0.268781E+05  0.268781E+05  0.000000E+00  0.201586E+05  0.201586E+05  0.201586E+05 -0.618873E+00  0.180637E+05  0.180637E+05 -0.840932E+01
  0.224873E-04  0.197658E+05  0.197658E+05  0.263544E+05  0.263544E+05  0.000000E+00  0.197658E+05  0.197658E+05  0.197658E+05 -0.618873E+00  0.180637E+05  0.180637E+05 -0.845000E+01
  0.225911E-04  0.193832E+05  0.193832E+05  0.258443E+05  0.258443E+05  0.000000E+00  0.193832E+05  0.193832E+05  0.193832E+05 -0.618873E+00  0.180637E+05  0.180637E+05 -0.848855E+01
  0.226954E-04  0.190106E+05  0.190106E+05  0.253474E+05  0.253474E+05  0.000000E+00  0.190106E+05  0.190106E+05  0.190106E+05 -0.618873E+00  0.180637E+05  0.180637E+05 -0.852503E+01
  0.228002E-04  0.186493E+05  0.186493E+05  0.248658E+05  0.248658E+05  0.000000E+00  0.186493E+05  0.186493E+05  0.186493E+05 -0.618873E+00  0.180637E+05  0.180637E+05 -0.855947E+01
  0.229054E-04  0.182953E+05  0.182954E+05  0.243938E+05  0.243938E+05  0.000000E+00  0.182953E+05  0.182953E+05  0.182953E+05 -0.618873E+00  0.180637E+05  0.180637E+05 -0.859194E+01
  0.230111E-04  0.179504E+05  0.179504E+05  0.239339E+05  0.239339E+05  0.000000E+00  0.179504E+05  0.179504E+05  0.179504E+05 -0.618873E+00  0.180637E+05  0.180637E+05 -0.862241E+01
  0.231173E-04  0.176149E+05  0.176149E+05  0.234866E+05  0.234866E+05  0.000000E+00  0.176149E+05  0.176149E+05  0.176149E+05 -0.618874E+00  0.180637E+05  0.180637E+05 -0.865065E+01
  0.232241E-04  0.172884E+05  0.172884E+05  0.230512E+05  0.230512E+05  0.000000E+00  0.172884E+05  0.172884E+05  0.172884E+05 -0.618874E+00  0.180637E+05  0.180637E+05 -0.867676E+01
  0.233313E-04  0.169702E+05  0.169702E+05  0.226270E+05  0.226270E+05  0.000000E+00  0.169702E+05  0.169702E+05  0.169702E+05 -0.618874E+00  0.180637E+05  0.180637E+05 -0.870090E+01
  0.234389E-04  0.166599E+05  0.166599E+05  0.222132E+05  0.222132E+05  0.000000E+00  0.166599E+05  0.166599E+05  0.166599E+05 -0.618874E+00  0.180637E+05  0.180637E+05 -0.872320E+01
  0.235471E-04  0.163570E+05  0.163570E+05  0.218093E+05  0.218093E+05  0.000000E+00  0.163570E+05  0.163570E+05  0.163570E+05 -0.618874E+00  0.180637E+05  0.180637E+05 -0.874378E+01
  0.236558E-04  0.160610E+05  0.160610E+05  0.214146E+05  0.214146E+05  0.000000E+00  0.160610E+05  0.160610E+05  0.160610E+05 -0.618874E+00  0.180637E+05  0.180637E+05 -0.876274E+01
  0.237650E-04  0.157715E+05  0.157715E+05  0.210287E+05  0.210287E+05  0.000000E+00  0.157715E+05  0.157715E+05  0.157715E+05 -0.618874E+00  0.180637E+05  0.180637E+05 -0.878016E+01
  0.238747E-04  0.154883E+05  0.154883E+05  0.206511E+05  0.206511E+05  0.000000E+00  0.154883E+05  0.154883E+05  0.154883E+05 -0.618874E+00  0.180637E+05  0.180637E+05 -0.879613E+01
  0.239849E-04  0.152109E+05  0.152109E+05  0.202813E+05  0.202813E+05  0.000000E+00  0.152109E+05  0.152109E+05  0.152109E+05 -0.618874E+00  0.180637E+05  0.180637E+05 -0.881072E+01
  0.240956E-04  0.149391E+05  0.149391E+05  0.199188E+05  0.199188E+05  0.000000E+00  0.149391E+05  0.149391E+05  0.149391E+05 -0.618874E+00  0.180636E+05  0.180637E+05 -0.882401E+01
  0.242068E-04  0.146726E+05  0.146726E+05  0.195634E+05  0.195634E+05  0.000000E+00  0.146726E+05  0.146726E+05  0.146726E+05 -0.618874E+00  0.180636E+05  0.180637E+05 -0.883606E+01
  0.243186E-04  0.144110E+05  0.144110E+05  0.192146E+05  0.192146E+05  0.000000E+00  0.144110E+05  0.144110E+05  0.144110E+05 -0.618874E+00  0.180636E+05  0.180637E+05 -0.884693E+01
  0.244308E-04  0.141540E+05  0.141541E+05  0.188721E+05  0.188721E+05  0.000000E+00  0.141540E+05  0.141540E+05  0.141540E+05 -0.618874E+00  0.180636E+05  0.180637E+05 -0.885668E+01
  0.245436E-04  0.139016E+05  0.139016E+05  0.185355E+05  0.185355E+05  0.000000E+00  0.139016E+05  0.139016E+05  0.139016E+05 -0.618874E+00  0.180636E+05  0.180637E+05 -0.886537E+01
  0.246569E-04  0.136534E+05  0.136534E+05  0.182045E+05  0.182045E+05  0.000000E+00  0.136534E+05  0.136534E+05  0.136534E+05 -0.618874E+00  0.180636E+05  0.180637E+05 -0.887304E+01
  0.247707E-04  0.134091E+05  0.134091E+05  0.178788E+05  0.178788E+05  0.000000E+00  0.134091E+05  0.134091E+05  0.134091E+05 -0.618874E+00  0.180636E+05  0.180637E+05 -0.887974E+01
  0.248850E-04  0.118485E+05  0.118486E+05  0.157981E+05  0.157981E+05  0.000000E+00  0.118485E+05  0.118485E+05  0.118485E+05 -0.618874E+00  0.180636E+05  0.180637E+05 -0.904147E+01
  0.249999E-04  0.126672E+05  0.126672E+05  0.168896E+05  0.168896E+05  0.000000E+00  0.126672E+05  0.126672E+05  0.126672E+05 -0.618874E+00  0.180637E+05  0.180637E+05 -0.896045E+01
  0.251153E-04  0.124361E+05  0.124361E+05  0.165815E+05  0.165815E+05  0.000000E+00  0.124361E+05  0.124361E+05  0.124361E+05 -0.618874E+00  0.180637E+05  0.180637E+05 -0.896556E+01
  0.252312E-04  0.122135E+05  0.122135E+05  0.162846E+05  0.162846E+05  0.000000E+00  0.122135E+05  0.122135E+05  0.122135E+05 -0.618874E+00  0.180637E+05  0.180637E+05 -0.896871E+01
  0.253477E-04  0.119992E+05  0.119992E+05  0.159989E+05  0.159989E+05  0.000000E+00  0.119992E+05  0.119992E+05  0.119992E+05 -0.618874E+00  0.180637E+05  0.180637E+05 -0.896992E+01
  0.254647E-04  0.117930E+05  0.117930E+05  0.157240E+05  0.157240E+05  0.000000E+00  0.117930E+05  0.117930E+05  0.117930E+05 -0.618874E+00  0.180637E+05  0.180637E+05 -0.896922E+01
  0.255822E-04  0.115948E+05  0.115948E+05  0.154597E+05  0.154597E+05  0.000000E+00  0.115948E+05  0.115948E+05  0.115948E+05 -0.618874E+00  0.180637E+05  0.180637E+05 -0.896662E+01
  0.257003E-04  0.114083E+05  0.114084E+05  0.152112E+05  0.152111E+05  0.000000E+00  0.114084E+05  0.114084E+05  0.114084E+05 -0.618874E+00  0.180637E+05  0.180637E+05 -0.896371E+01
  0.258189E-04  0.112253E+05  0.112253E+05  0.149671E+05  0.149671E+05  0.000000E+00  0.112253E+05  0.112253E+05  0.112253E+05 -0.618874E+00  0.180637E+05  0.180637E+05 -0.895746E+01
  0.259381E-04  0.110495E+05  0.110496E+05  0.147327E+05  0.147327E+05  0.000000E+00  0.110495E+05  0.110495E+05  0.110495E+05 -0.618874E+00  0.180637E+05  0.180637E+05 -0.894939E+01
  0.260578E-04  0.108466E+05  0.108466E+05  0.144622E+05  0.144622E+05  0.000000E+00  0.108466E+05  0.108466E+05  0.108466E+05 -0.618874E+00  0.180637E+05  0.180637E+05 -0.894636E+01
  0.261781E-04  0.106304E+05  0.106304E+05  0.141738E+05  0.141738E+05  0.000000E+00  0.106304E+05  0.106304E+05  0.106304E+05 -0.618874E+00  0.180637E+05  0.180637E+05 -0.894561E+01
  0.262989E-04  0.104238E+05  0.104239E+05  0.138985E+05  0.138985E+05  0.000000E+00  0.104238E+05  0.104238E+05  0.104238E+05 -0.618874E+00  0.180637E+05  0.180637E+05 -0.894249E+01
  0.264203E-04  0.102268E+05  0.102268E+05  0.136358E+05  0.136358E+05  0.000000E+00  0.102268E+05  0.102268E+05  0.102268E+05 -0.618874E+00  0.180637E+05  0.180637E+05 -0.893704E+01
  0.265423E-04  0.100391E+05  0.100391E+05  0.133855E+05  0.133855E+05  0.000000E+00  0.100391E+05  0.100391E+05  0.100391E+05 -0.618874E+00  0.180637E+05  0.180637E+05 -0.892930E+01
  0.266648E-04  0.986046E+04  0.986047E+04  0.131473E+05  0.131473E+05  0.000000E+00  0.986046E+04  0.986046E+04  0.986046E+04 -0.618874E+00  0.180637E+05  0.180637E+05 -0.891928E+01
  0.267879E-04  0.969062E+04  0.969064E+04  0.129209E+05  0.129208E+05  0.000000E+00  0.969062E+04  0.969062E+04  0.969062E+04 -0.618874E+00  0.180637E+05  0.180637E+05 -0.890703E+01
  0.269115E-04  0.952934E+04  0.952935E+04  0.127058E+05  0.127058E+05  0.000000E+00  0.952934E+04  0.952934E+04  0.952934E+04 -0.618874E+00  0.180637E+05  0.180637E+05 -0.889259E+01
  0.270357E-04  0.937635E+04  0.937637E+04  0.125018E+05  0.125018E+05  0.000000E+00  0.937635E+04  0.937635E+04  0.937635E+04 -0.618874E+00  0.180637E+05  0.180637E+05 -0.887602E+01
  0.271605E-04  0.923141E+04  0.923142E+04  0.123086E+05  0.123086E+05  0.000000E+00  0.923141E+04  0.923141E+04  0.923141E+04 -0.618874E+00  0.180637E+05  0.180637E+05 -0.885735E+01
  0.272859E-04  0.909426E+04  0.909428E+04  0.121257E+05  0.121257E+05  0.000000E+00  0.909426E+04  0.909426E+04  0.909426E+04 -0.618874E+00  0.180637E+05  0.180637E+05 -0.883662E+01
  0.274118E-04  0.896466E+04  0.896467E+04  0.119529E+05  0.119529E+05  0.000000E+00  0.896466E+04  0.896466E+04  0.896466E+04 -0.618874E+00  0.180637E+05  0.180637E+05 -0.881388E+01
  0.275384E-04  0.884234E+04  0.884235E+04  0.117898E+05  0.117898E+05  0.000000E+00  0.884234E+04  0.884234E+04  0.884234E+04 -0.618874E+00  0.180637E+05  0.180637E+05 -0.878919E+01
  0.276655E-04  0.872705E+04  0.872707E+04  0.116361E+05  0.116361E+05  0.000000E+00  0.872705E+04  0.872705E+04  0.872705E+04 -0.618874E+00  0.180637E+05  0.180637E+05 -0.876259E+01
  0.277932E-04  0.861854E+04  0.861856E+04  0.114914E+05  0.114914E+05  0.000000E+00  0.861855E+04  0.861855E+04  0.861855E+04 -0.618874E+00  0.180637E+05  0.180637E+05 -0.873412E+01
  0.279215E-04  0.851657E+04  0.851659E+04  0.113555E+05  0.113554E+05  0.000000E+00  0.851657E+04  0.851657E+04  0.851657E+04 -0.618875E+00  0.180637E+05  0.180637E+05 -0.870384E+01
  0.280503E-04  0.842087E+04  0.842089E+04  0.112279E+05  0.112278E+05  0.000000E+00  0.842087E+04  0.842087E+04  0.842087E+04 -0.618875E+00  0.180637E+05  0.180637E+05 -0.867180E+01
  0.281798E-04  0.833120E+04  0.833122E+04  0.111083E+05  0.111083E+05  0.000000E+00  0.833121E+04  0.833121E+04  0.833121E+04 -0.618875E+00  0.180637E+05  0.180637E+05 -0.863804E+01
  0.283099E-04  0.824733E+04  0.824734E+04  0.109965E+05  0.109964E+05  0.000000E+00  0.824733E+04  0.824733E+04  0.824733E+04 -0.618875E+00  0.180637E+05  0.180637E+05 -0.860261E+01
  0.284406E-04  0.816899E+04  0.816901E+04  0.108920E+05  0.108920E+05  0.000000E+00  0.816899E+04  0.816899E+04  0.816899E+04 -0.618875E+00  0.180637E+05  0.180637E+05 -0.856557E+01
  0.285718E-04  0.809596E+04  0.809597E+04  0.107946E+05  0.107946E+05  0.000000E+00  0.809596E+04  0.809596E+04  0.809596E+04 -0.618875E+00  0.180637E+05  0.180637E+05 -0.852697E+01
  0.287037E-04  0.802799E+04  0.802801E+04  0.107040E+05  0.107040E+05  0.000000E+00  0.802799E+04  0.802799E+04  0.802799E+04 -0.618875E+00  0.180637E+05  0.180637E+05 -0.848684E+01
  0.288362E-04  0.796485E+04  0.796487E+04  0.106198E+05  0.106198E+05  0.000000E+00  0.796486E+04  0.796486E+04  0.796486E+04 -0.618875E+00  0.180637E+05  0.180637E+05 -0.844524E+01
  0.289693E-04  0.790631E+04  0.790633E+04  0.105418E+05  0.105418E+05  0.000000E+00  0.790631E+04  0.790631E+04  0.790631E+04 -0.618875E+00  0.180637E+05  0.180637E+05 -0.840222E+01
  0.291030E-04  0.785220E+04  0.785221E+04  0.104696E+05  0.104696E+05  0.000000E+00  0.785220E+04  0.785220E+04  0.785220E+04 -0.618875E+00  0.180637E+05  0.180637E+05 -0.835779E+01
  0.292374E-04  0.780233E+04  0.780235E+04  0.104031E+05  0.104031E+05  0.000000E+00  0.780233E+04  0.780233E+04  0.780233E+04 -0.618875E+00  0.180637E+05  0.180637E+05 -0.831197E+01
  0.293723E-04  0.775645E+04  0.775647E+04  0.103420E+05  0.103420E+05  0.000000E+00  0.775646E+04  0.775646E+04  0.775646E+04 -0.618875E+00  0.180637E+05  0.180637E+05 -0.826483E+01
  0.295079E-04  0.771430E+04  0.771432E+04  0.102858E+05  0.102857E+05  0.000000E+00  0.771430E+04  0.771430E+04  0.771430E+04 -0.618875E+00  0.180637E+05  0.180637E+05 -0.821643E+01
  0.296441E-04  0.767562E+04  0.767564E+04  0.102342E+05  0.102342E+05  0.000000E+00  0.767562E+04  0.767562E+04  0.767562E+04 -0.618875E+00  0.180637E+05  0.180637E+05 -0.816684E+01
  0.297809E-04  0.764015E+04  0.764017E+04  0.101869E+05  0.101869E+05  0.000000E+00  0.764016E+04  0.764016E+04  0.764016E+04 -0.618875E+00  0.180637E+05  0.180637E+05 -0.811611E+01
  0.299184E-04  0.766509E+04  0.766510E+04  0.102201E+05  0.102201E+05  0.000000E+00  0.766509E+04  0.766509E+04  0.766509E+04 -0.618875E+00  0.180637E+05  0.180637E+05 -0.804639E+01
  0.300565E-04  0.770203E+04  0.770205E+04  0.102694E+05  0.102694E+05  0.000000E+00  0.770203E+04  0.770203E+04  0.770203E+04 -0.618875E+00  0.180637E+05  0.180637E+05 -0.797247E+01
  0.301952E-04  0.773974E+04  0.773976E+04  0.103197E+05  0.103197E+05  0.000000E+00  0.773975E+04  0.773975E+04  0.773975E+04 -0.618875E+00  0.180637E+05  0.180637E+05 -0.789780E+01
  0.303346E-04  0.777767E+04  0.777769E+04  0.103702E+05  0.103702E+05  0.000000E+00  0.777767E+04  0.777767E+04  0.777767E+04 -0.618875E+00  0.180637E+05  0.180637E+05 -0.782254E+01
  0.304746E-04  0.781524E+04  0.781526E+04  0.104203E+05  0.104203E+05  0.000000E+00  0.781524E+04  0.781524E+04  0.781524E+04 -0.618875E+00  0.180637E+05  0.180637E+05 -0.774685E+01
  0.306153E-04  0.785188E+04  0.785189E+04  0.104692E+05  0.104692E+05  0.000000E+00  0.785188E+04  0.785188E+04  0.785188E+04 -0.618875E+00  0.180637E+05  0.180637E+05 -0.767091E+01
  0.307566E-04  0.788700E+04  0.788701E+04  0.105160E+05  0.105160E+05  0.000000E+00  0.788700E+04  0.788700E+04  0.788700E+04 -0.618875E+00  0.180637E+05  0.180637E+05 -0.759488E+01
  0.308985E-04  0.791999E+04  0.792001E+04  0.105600E+05  0.105600E+05  0.000000E+00  0.792000E+04  0.792000E+04  0.792000E+04 -0.618875E+00  0.180637E+05  0.180637E+05 -0.751896E+01
  0.310412E-04  0.795023E+04  0.795024E+04  0.106003E+05  0.106003E+05  0.000000E+00  0.795023E+04  0.795023E+04  0.795023E+04 -0.618875E+00  0.180637E+05  0.180637E+05 -0.744335E+01
  0.311844E-04  0.797687E+04  0.797689E+04  0.106358E+05  0.106358E+05  0.000000E+00  0.797687E+04  0.797687E+04  0.797687E+04 -0.618875E+00  0.180637E+05  0.180637E+05 -0.736829E+01
  0.313284E-04  0.799939E+04  0.799940E+04  0.106659E+05  0.106659E+05  0.000000E+00  0.799939E+04  0.799939E+04  0.799939E+04 -0.618875E+00  0.180637E+05  0.180637E+05 -0.729397E+01
  0.314730E-04  0.801721E+04  0.801723E+04  0.106896E+05  0.106896E+05  0.000000E+00  0.801721E+04  0.801721E+04  0.801721E+04 -0.618875E+00  0.180637E+05  0.180637E+05 -0.722062E+01
  0.316183E-04  0.802973E+04  0.802974E+04  0.107063E+05  0.107063E+05  0.000000E+00  0.802973E+04  0.802973E+04  0.802973E+04 -0.618875E+00  0.180637E+05  0.180637E+05 -0.714848E+01
  0.317642E-04  0.803627E+04  0.803629E+04  0.107150E+05  0.107150E+05  0.000000E+00  0.803627E+04  0.803627E+04  0.803627E+04 -0.618875E+00  0.180637E+05  0.180637E+05 -0.707778E+01
  0.319108E-04  0.813463E+04  0.813464E+04  0.108462E+05  0.108462E+05  0.000000E+00  0.813463E+04  0.813463E+04  0.813463E+04 -0.618875E+00  0.180637E+05  0.180637E+05 -0.696568E+01
  0.320581E-04  0.818287E+04  0.818289E+04  0.109105E+05  0.109105E+05  0.000000E+00  0.818288E+04  0.818288E+04  0.818288E+04 -0.618875E+00  0.180637E+05  0.180637E+05 -0.687884E+01
  0.322061E-04  0.823623E+04  0.823625E+04  0.109817E+05  0.109817E+05  0.000000E+00  0.823624E+04  0.823624E+04  0.823624E+04 -0.618875E+00  0.180637E+05  0.180637E+05 -0.679059E+01
  0.323547E-04  0.829456E+04  0.829458E+04  0.110594E+05  0.110594E+05  0.000000E+00  0.829457E+04  0.829457E+04  0.829457E+04 -0.618875E+00  0.180637E+05  0.180637E+05 -0.670094E+01
  0.325041E-04  0.835772E+04  0.835774E+04  0.111436E+05  0.111436E+05  0.000000E+00  0.835773E+04  0.835773E+04  0.835773E+04 -0.618875E+00  0.180637E+05  0.180637E+05 -0.660993E+01
  0.326541E-04  0.842556E+04  0.842557E+04  0.112341E+05  0.112341E+05  0.000000E+00  0.842556E+04  0.842556E+04  0.842556E+04 -0.618875E+00  0.180637E+05  0.180637E+05 -0.651759E+01
  0.328048E-04  0.849790E+04  0.849791E+04  0.113306E+05  0.113305E+05  0.000000E+00  0.849790E+04  0.849790E+04  0.849790E+04 -0.618875E+00  0.180637E+05  0.180637E+05 -0.642395E+01
  0.329563E-04  0.857459E+04  0.857460E+04  0.114328E+05  0.114328E+05  0.000000E+00  0.857459E+04  0.857459E+04  0.857459E+04 -0.618875E+00  0.180637E+05  0.180637E+05 -0.632905E+01
  0.331084E-04  0.865543E+04  0.865545E+04  0.115406E+05  0.115406E+05  0.000000E+00  0.865544E+04  0.865544E+04  0.865544E+04 -0.618875E+00  0.180637E+05  0.180637E+05 -0.623294E+01
  0.332612E-04  0.874027E+04  0.874029E+04  0.116537E+05  0.116537E+05  0.000000E+00  0.874028E+04  0.874028E+04  0.874028E+04 -0.618874E+00  0.180637E+05  0.180637E+05 -0.613565E+01
  0.334147E-04  0.882893E+04  0.882894E+04  0.117719E+05  0.117719E+05  0.000000E+00  0.882893E+04  0.882893E+04  0.882893E+04 -0.618874E+00  0.180637E+05  0.180637E+05 -0.603723E+01
  0.335690E-04  0.892119E+04  0.892121E+04  0.118949E+05  0.118949E+05  0.000000E+00  0.892120E+04  0.892120E+04  0.892120E+04 -0.618874E+00  0.180637E+05  0.180637E+05 -0.593771E+01
  0.337239E-04  0.901687E+04  0.901688E+04  0.120225E+05  0.120225E+05  0.000000E+00  0.901687E+04  0.901687E+04  0.901687E+04 -0.618874E+00  0.180637E+05  0.180637E+05 -0.583716E+01
  0.338796E-04  0.911574E+04  0.911575E+04  0.121543E+05  0.121543E+05  0.000000E+00  0.911574E+04  0.911574E+04  0.911574E+04 -0.618874E+00  0.180637E+05  0.180637E+05 -0.573563E+01
  0.340360E-04  0.921758E+04  0.921759E+04  0.122901E+05  0.122901E+05  0.000000E+00  0.921758E+04  0.921758E+04  0.921758E+04 -0.618874E+00  0.180637E+05  0.180637E+05 -0.563319E+01
  0.341931E-04  0.932216E+04  0.932218E+04  0.124296E+05  0.124296E+05  0.000000E+00  0.932217E+04  0.932217E+04  0.932217E+04 -0.618874E+00  0.180637E+05  0.180637E+05 -0.552990E+01
  0.343509E-04  0.942925E+04  0.942926E+04  0.125723E+05  0.125723E+05  0.000000E+00  0.942925E+04  0.942925E+04  0.942925E+04 -0.618874E+00  0.180637E+05  0.180637E+05 -0.542584E+01
  0.345095E-04  0.953859E+04  0.953860E+04  0.127181E+05  0.127181E+05  0.000000E+00  0.953859E+04  0.953859E+04  0.953859E+04 -0.618874E+00  0.180637E+05  0.180637E+05 -0.532107E+01
  0.346687E-04  0.964991E+04  0.964992E+04  0.128666E+05  0.128665E+05  0.000000E+00  0.964991E+04  0.964991E+04  0.964991E+04 -0.618874E+00  0.180637E+05  0.180637E+05 -0.521569E+01
  0.348288E-04  0.976296E+04  0.976297E+04  0.130173E+05  0.130173E+05  0.000000E+00  0.976296E+04  0.976296E+04  0.976296E+04 -0.618874E+00  0.180637E+05  0.180637E+05 -0.510978E+01
  0.349895E-04  0.987744E+04  0.987745E+04  0.131699E+05  0.131699E+05  0.000000E+00  0.987744E+04  0.987744E+04  0.987744E+04 -0.618874E+00  0.180637E+05  0.180637E+05 -0.500342E+01
  0.351510E-04  0.999309E+04  0.999310E+04  0.133241E+05  0.133241E+05  0.000000E+00  0.999309E+04  0.999309E+04  0.999309E+04 -0.618874E+00  0.180637E+05  0.180637E+05 -0.489673E+01
  0.353133E-04  0.101096E+05  0.101096E+05  0.134794E+05  0.134794E+05  0.000000E+00  0.101096E+05  0.101096E+05  0.101096E+05 -0.618874E+00  0.180637E+05  0.180637E+05 -0.478980E+01
  0.354763E-04  0.102266E+05  0.102266E+05  0.136355E+05  0.136355E+05  0.000000E+00  0.102266E+05  0.102266E+05  0.102266E+05 -0.618874E+00  0.180637E+05  0.180637E+05 -0.468275E+01
  0.356400E-04  0.103439E+05  0.103439E+05  0.137919E+05  0.137918E+05  0.000000E+00  0.103439E+05  0.103439E+05  0.103439E+05 -0.618874E+00  0.180637E+05  0.180637E+05 -0.457567E+01
  0.358045E-04  0.104611E+05  0.104611E+05  0.139482E+05  0.139482E+05  0.000000E+00  0.104611E+05  0.104611E+05  0.104611E+05 -0.618874E+00  0.180637E+05  0.180637E+05 -0.446867E+01
  0.359698E-04  0.105780E+05  0.105780E+05  0.141040E+05  0.141040E+05  0.000000E+00  0.105780E+05  0.105780E+05  0.105780E+05 -0.618874E+00  0.180637E+05  0.180637E+05 -0.436189E+01
  0.361358E-04  0.106940E+05  0.106940E+05  0.142587E+05  0.142587E+05  0.000000E+00  0.106940E+05  0.106940E+05  0.106940E+05 -0.618874E+00  0.180637E+05  0.180637E+05 -0.425549E+01
  0.363026E-04  0.105912E+05  0.105912E+05  0.141216E+05  0.141216E+05  0.000000E+00  0.105912E+05  0.105912E+05  0.105912E+05 -0.618874E+00  0.180637E+05  0.180637E+05 -0.418171E+01
  0.364702E-04  0.106441E+05  0.106441E+05  0.141921E+05  0.141921E+05  0.000000E+00  0.106441E+05  0.106441E+05  0.106441E+05 -0.618874E+00  0.180637E+05  0.180637E+05 -0.408476E+01
  0.366385E-04  0.106989E+05  0.106989E+05  0.142652E+05  0.142651E+05  0.000000E+00  0.106989E+05  0.106989E+05  0.106989E+05 -0.618874E+00  0.180637E+05  0.180637E+05 -0.398760E+01
  0.368076E-04  0.107556E+05  0.107556E+05  0.143408E+05  0.143407E+05  0.000000E+00  0.107556E+05  0.107556E+05  0.107556E+05 -0.618874E+00  0.180637E+05  0.180637E+05 -0.389023E+01
  0.369775E-04  0.108142E+05  0.108142E+05  0.144190E+05  0.144190E+05  0.000000E+00  0.108142E+05  0.108142E+05  0.108142E+05 -0.618874E+00  0.180637E+05  0.180637E+05 -0.379265E+01
  0.371482E-04  0.108748E+05  0.108748E+05  0.144998E+05  0.144997E+05  0.000000E+00  0.108748E+05  0.108748E+05  0.108748E+05 -0.618874E+00  0.180637E+05  0.180637E+05 -0.369488E+01
  0.373197E-04  0.109374E+05  0.109374E+05  0.145833E+05  0.145832E+05  0.000000E+00  0.109374E+05  0.109374E+05  0.109374E+05 -0.618874E+00  0.180637E+05  0.180637E+05 -0.359688E+01
  0.374920E-04  0.110022E+05  0.110022E+05  0.146696E+05  0.146696E+05  0.000000E+00  0.110022E+05  0.110022E+05  0.110022E+05 -0.618874E+00  0.180637E+05  0.180637E+05 -0.349865E+01
  0.376650E-04  0.110691E+05  0.110691E+05  0.147588E+05  0.147588E+05  0.000000E+00  0.110691E+05  0.110691E+05  0.110691E+05 -0.618874E+00  0.180637E+05  0.180637E+05 -0.340086E+01
  0.378389E-04  0.111382E+05  0.111382E+05  0.148510E+05  0.148510E+05  0.000000E+00  0.111382E+05  0.111382E+05  0.111382E+05 -0.618874E+00  0.180637E+05  0.180637E+05 -0.330204E+01
  0.380135E-04  0.112096E+05  0.112096E+05  0.149461E+05  0.149461E+05  0.000000E+00  0.112096E+05  0.112096E+05  0.112096E+05 -0.618874E+00  0.180637E+05  0.180637E+05 -0.320292E+01
  0.381890E-04  0.112827E+05  0.112828E+05  0.150437E+05  0.150436E+05  0.000000E+00  0.112827E+05  0.112827E+05  0.112827E+05 -0.618874E+00  0.180637E+05  0.180637E+05 -0.309846E+01
  0.383653E-04  0.113587E+05  0.113587E+05  0.151449E+05  0.151449E+05  0.000000E+00  0.113587E+05  0.113587E+05  0.113587E+05 -0.618874E+00  0.180637E+05  0.180637E+05 -0.299881E+01
  0.385423E-04  0.114368E+05  0.114368E+05  0.152491E+05  0.152491E+05  0.000000E+00  0.114368E+05  0.114368E+05  0.114368E+05 -0.618874E+00  0.180637E+05  0.180637E+05 -0.289881E+01
  0.387202E-04  0.115173E+05  0.115173E+05  0.153564E+05  0.153564E+05  0.000000E+00  0.115173E+05  0.115173E+05  0.115173E+05 -0.618874E+00  0.180637E+05  0.180637E+05 -0.275837E+01
  0.388990E-04  0.116003E+05  0.116003E+05  0.154670E+05  0.154670E+05  0.000000E+00  0.116003E+05  0.116003E+05  0.116003E+05 -0.618874E+00  0.180637E+05  0.180637E+05 -0.265788E+01
  0.390785E-04  0.116887E+05  0.116887E+05  0.155849E+05  0.155849E+05  0.000000E+00  0.116887E+05  0.116887E+05  0.116887E+05 -0.618874E+00  0.180637E+05  0.180637E+05 -0.255308E+01
  0.392589E-04  0.117784E+05  0.117784E+05  0.157045E+05  0.157045E+05  0.000000E+00  0.117784E+05  0.117784E+05  0.117784E+05 -0.618874E+00  0.180637E+05  0.180637E+05 -0.250826E+01
  0.394401E-04  0.107489E+05  0.107489E+05  0.143319E+05  0.143319E+05  0.000000E+00  0.107489E+05  0.107489E+05  0.107489E+05 -0.618874E+00  0.180637E+05  0.180637E+05 -0.305478E+01
  0.396222E-04  0.108527E+05  0.108527E+05  0.144703E+05  0.144703E+05  0.000000E+00  0.108527E+05  0.108527E+05  0.108527E+05 -0.618874E+00  0.180637E+05  0.180637E+05 -0.294495E+01
  0.398050E-04  0.109575E+05  0.109575E+05  0.146101E+05  0.146100E+05  0.000000E+00  0.109575E+05  0.109575E+05  0.109575E+05 -0.618874E+00  0.180637E+05  0.180637E+05 -0.283488E+01
  0.399888E-04  0.110633E+05  0.110633E+05  0.147511E+05  0.147510E+05  0.000000E+00  0.110633E+05  0.110633E+05  0.110633E+05 -0.618874E+00  0.180637E+05  0.180637E+05 -0.272455E+01
  0.401733E-04  0.111700E+05  0.111700E+05  0.148933E+05  0.148933E+05  0.000000E+00  0.111700E+05  0.111700E+05  0.111700E+05 -0.618874E+00  0.180637E+05  0.180637E+05 -0.261421E+01
  0.403588E-04  0.143107E+05  0.143107E+05  0.190809E+05  0.190809E+05  0.000000E+00  0.143107E+05  0.143107E+05  0.143107E+05 -0.618873E+00  0.180637E+05  0.180637E+05 -0.907565E+00
  0.405451E-04  0.141473E+05  0.141473E+05  0.188631E+05  0.188631E+05  0.000000E+00  0.141473E+05  0.141473E+05  0.141473E+05 -0.618873E+00  0.180637E+05  0.180637E+05 -0.890840E+00
  0.407322E-04  0.250733E+05  0.250733E+05  0.334311E+05  0.334311E+05  0.000000E+00  0.250733E+05  0.250733E+05  0.250733E+05 -0.618871E+00  0.180637E+05  0.180636E+05  0.451999E+01
  0.409202E-04  0.246935E+05  0.246935E+05  0.329246E+05  0.329246E+05  0.000000E+00  0.246935E+05  0.246935E+05  0.246935E+05 -0.618871E+00  0.180637E+05  0.180636E+05  0.444438E+01
  0.411091E-04  0.243298E+05  0.243298E+05  0.324398E+05  0.324397E+05  0.000000E+00  0.243298E+05  0.243298E+05  0.243298E+05 -0.618871E+00  0.180637E+05  0.180636E+05  0.437406E+01
  0.412989E-04  0.235554E+05  0.235554E+05  0.314072E+05  0.314072E+05  0.000000E+00  0.235554E+05  0.235554E+05  0.235554E+05 -0.618871E+00  0.180637E+05  0.180636E+05  0.405024E+01
  0.414895E-04  0.232233E+05  0.232233E+05  0.309644E+05  0.309644E+05  0.000000E+00  0.232233E+05  0.232233E+05  0.232233E+05 -0.618871E+00  0.180637E+05  0.180636E+05  0.398872E+01
  0.416810E-04  0.229066E+05  0.229066E+05  0.305421E+05  0.305421E+05  0.000000E+00  0.229066E+05  0.229066E+05  0.229066E+05 -0.618871E+00  0.180637E+05  0.180636E+05  0.393243E+01
  0.418734E-04  0.226049E+05  0.226049E+05  0.301399E+05  0.301398E+05  0.000000E+00  0.226049E+05  0.226049E+05  0.226049E+05 -0.618871E+00  0.180637E+05  0.180636E+05  0.388133E+01
  0.420667E-04  0.223178E+05  0.223178E+05  0.297571E+05  0.297571E+05  0.000000E+00  0.223178E+05  0.223178E+05  0.223178E+05 -0.618871E+00  0.180637E+05  0.180636E+05  0.383535E+01
  0.422608E-04  0.220450E+05  0.220450E+05  0.293933E+05  0.293933E+05  0.000000E+00  0.220450E+05  0.220450E+05  0.220450E+05 -0.618871E+00  0.180637E+05  0.180636E+05  0.379441E+01
  0.424559E-04  0.217859E+05  0.217859E+05  0.290479E+05  0.290479E+05  0.000000E+00  0.217859E+05  0.217859E+05  0.217859E+05 -0.618871E+00  0.180637E+05  0.180636E+05  0.375843E+01
  0.426519E-04  0.215403E+05  0.215403E+05  0.287204E+05  0.287203E+05  0.000000E+00  0.215403E+05  0.215403E+05  0.215403E+05 -0.618871E+00  0.180637E+05  0.180636E+05  0.372730E+01
  0.428487E-04  0.213076E+05  0.213076E+05  0.284101E+05  0.284100E+05  0.000000E+00  0.213076E+05  0.213076E+05  0.213076E+05 -0.618871E+00  0.180637E+05  0.180636E+05  0.370092E+01
  0.430465E-04  0.210873E+05  0.210873E+05  0.281164E+05  0.281164E+05  0.000000E+00  0.210873E+05  0.210873E+05  0.210873E+05 -0.618871E+00  0.180637E+05  0.180636E+05  0.367916E+01
  0.432452E-04  0.208789E+05  0.208788E+05  0.278385E+05  0.278384E+05  0.000000E+00  0.208789E+05  0.208789E+05  0.208789E+05 -0.618871E+00  0.180637E+05  0.180636E+05  0.366184E+01
  0.434448E-04  0.206817E+05  0.206817E+05  0.275756E+05  0.275756E+05  0.000000E+00  0.206817E+05  0.206817E+05  0.206817E+05 -0.618871E+00  0.180637E+05  0.180636E+05  0.364879E+01
  0.436454E-04  0.204955E+05  0.204955E+05  0.273273E+05  0.273272E+05  0.000000E+00  0.204955E+05  0.204955E+05  0.204955E+05 -0.618871E+00  0.180637E+05  0.180636E+05  0.363989E+01
  0.438468E-04  0.203197E+05  0.203197E+05  0.270929E+05  0.270929E+05  0.000000E+00  0.203197E+05  0.203197E+05  0.203197E+05 -0.618871E+00  0.180637E+05  0.180636E+05  0.363500E+01
  0.440492E-04  0.201539E+05  0.201539E+05  0.268719E+05  0.268718E+05  0.000000E+00  0.201539E+05  0.201539E+05  0.201539E+05 -0.618871E+00  0.180637E+05  0.180636E+05  0.363395E+01
  0.442525E-04  0.199976E+05  0.199976E+05  0.266635E+05  0.266635E+05  0.000000E+00  0.199976E+05  0.199976E+05  0.199976E+05 -0.618871E+00  0.180637E+05  0.180636E+05  0.363658E+01
  0.444568E-04  0.198503E+05  0.198503E+05  0.264671E+05  0.264671E+05  0.000000E+00  0.198503E+05  0.198503E+05  0.198503E+05 -0.618872E+00  0.180637E+05  0.180636E+05  0.364268E+01
  0.446620E-04  0.149441E+05  0.149441E+05  0.199255E+05  0.199254E+05  0.000000E+00  0.149441E+05  0.149441E+05  0.149441E+05 -0.618873E+00  0.180637E+05  0.180637E+05  0.121524E+01
  0.448681E-04  0.149849E+05  0.149849E+05  0.199799E+05  0.199799E+05  0.000000E+00  0.149849E+05  0.149849E+05  0.149849E+05 -0.618873E+00  0.180637E+05  0.180637E+05  0.130796E+01
  0.450752E-04  0.150264E+05  0.150264E+05  0.200351E+05  0.200351E+05  0.000000E+00  0.150264E+05  0.150264E+05  0.150264E+05 -0.618873E+00  0.180637E+05  0.180637E+05  0.140114E+01
  0.452833E-04  0.150684E+05  0.150684E+05  0.200912E+05  0.200911E+05  0.000000E+00  0.150684E+05  0.150684E+05  0.150684E+05 -0.618873E+00  0.180637E+05  0.180637E+05  0.149479E+01
  0.454923E-04  0.151110E+05  0.151110E+05  0.201480E+05  0.201479E+05  0.000000E+00  0.151110E+05  0.151110E+05  0.151110E+05 -0.618873E+00  0.180637E+05  0.180637E+05  0.158890E+01
  0.457023E-04  0.151541E+05  0.151541E+05  0.202055E+05  0.202055E+05  0.000000E+00  0.151541E+05  0.151541E+05  0.151541E+05 -0.618873E+00  0.180637E+05  0.180637E+05  0.168348E+01
  0.459133E-04  0.151450E+05  0.151450E+05  0.201934E+05  0.201933E+05  0.000000E+00  0.151450E+05  0.151450E+05  0.151450E+05 -0.618873E+00  0.180637E+05  0.180637E+05  0.174509E+01
  0.461252E-04  0.151726E+05  0.151726E+05  0.202302E+05  0.202301E+05  0.000000E+00  0.151726E+05  0.151726E+05  0.151726E+05 -0.618873E+00  0.180637E+05  0.180637E+05  0.183126E+01
  0.463381E-04  0.151987E+05  0.151987E+05  0.202649E+05  0.202649E+05  0.000000E+00  0.151987E+05  0.151987E+05  0.151987E+05 -0.618873E+00  0.180637E+05  0.180637E+05  0.191669E+01
  0.465520E-04  0.152233E+05  0.152233E+05  0.202977E+05  0.202977E+05  0.000000E+00  0.152233E+05  0.152233E+05  0.152233E+05 -0.618872E+00  0.180637E+05  0.180637E+05  0.200185E+01
  0.467668E-04  0.152465E+05  0.152465E+05  0.203287E+05  0.203286E+05  0.000000E+00  0.152465E+05  0.152465E+05  0.152465E+05 -0.618872E+00  0.180637E+05  0.180637E+05  0.208654E+01
  0.469827E-04  0.152683E+05  0.152683E+05  0.203577E+05  0.203577E+05  0.000000E+00  0.152683E+05  0.152683E+05  0.152683E+05 -0.618872E+00  0.180637E+05  0.180637E+05  0.217077E+01
  0.471996E-04  0.152888E+05  0.152888E+05  0.203851E+05  0.203850E+05  0.000000E+00  0.152888E+05  0.152888E+05  0.152888E+05 -0.618872E+00  0.180637E+05  0.180637E+05  0.225456E+01
  0.474174E-04  0.153080E+05  0.153080E+05  0.204107E+05  0.204106E+05  0.000000E+00  0.153080E+05  0.153080E+05  0.153080E+05 -0.618872E+00  0.180637E+05  0.180637E+05  0.233769E+01
  0.476363E-04  0.153260E+05  0.153260E+05  0.204346E+05  0.204346E+05  0.000000E+00  0.153260E+05  0.153260E+05  0.153260E+05 -0.618872E+00  0.180637E+05  0.180637E+05  0.242053E+01
  0.478562E-04  0.153429E+05  0.153429E+05  0.204571E+05  0.204571E+05  0.000000E+00  0.153429E+05  0.153429E+05  0.153429E+05 -0.618872E+00  0.180637E+05  0.180637E+05  0.250316E+01
  0.480771E-04  0.153586E+05  0.153586E+05  0.204782E+05  0.204781E+05  0.000000E+00  0.153586E+05  0.153586E+05  0.153586E+05 -0.618872E+00  0.180637E+05  0.180637E+05  0.258544E+01
  0.482990E-04  0.153734E+05  0.153734E+05  0.204979E+05  0.204978E+05  0.000000E+00  0.153734E+05  0.153734E+05  0.153734E+05 -0.618872E+00  0.180637E+05  0.180637E+05  0.266742E+01
  0.485219E-04  0.153872E+05  0.153872E+05  0.205162E+05  0.205162E+05  0.000000E+00  0.153872E+05  0.153872E+05  0.153872E+05 -0.618872E+00  0.180637E+05  0.180637E+05  0.274912E+01
  0.487459E-04  0.154001E+05  0.154001E+05  0.205334E+05  0.205334E+05  0.000000E+00  0.154001E+05  0.154001E+05  0.154001E+05 -0.618872E+00  0.180637E+05  0.180637E+05  0.283055E+01
  0.489709E-04  0.154122E+05  0.154122E+05  0.205495E+05  0.205495E+05  0.000000E+00  0.154122E+05  0.154122E+05  0.154122E+05 -0.618872E+00  0.180637E+05  0.180637E+05  0.291177E+01
  0.491969E-04  0.154234E+05  0.154234E+05  0.205646E+05  0.205645E+05  0.000000E+00  0.154234E+05  0.154234E+05  0.154234E+05 -0.618872E+00  0.180637E+05  0.180637E+05  0.299278E+01
  0.494240E-04  0.154340E+05  0.154340E+05  0.205786E+05  0.205786E+05  0.000000E+00  0.154340E+05  0.154340E+05  0.154340E+05 -0.618872E+00  0.180637E+05  0.180637E+05  0.307362E+01
  0.496521E-04  0.154439E+05  0.154439E+05  0.205918E+05  0.205918E+05  0.000000E+00  0.154439E+05  0.154439E+05  0.154439E+05 -0.618872E+00  0.180637E+05  0.180637E+05  0.315432E+01
  0.498813E-04  0.154532E+05  0.154532E+05  0.206042E+05  0.206042E+05  0.000000E+00  0.154532E+05  0.154532E+05  0.154532E+05 -0.618872E+00  0.180637E+05  0.180637E+05  0.323491E+01
  0.501116E-04  0.154620E+05  0.154620E+05  0.206160E+05  0.206159E+05  0.000000E+00  0.154620E+05  0.154620E+05  0.154620E+05 -0.618872E+00  0.180637E+05  0.180637E+05  0.331543E+01
  0.503429E-04  0.154702E+05  0.154702E+05  0.206270E+05  0.206269E+05  0.000000E+00  0.154702E+05  0.154702E+05  0.154702E+05 -0.618872E+00  0.180637E+05  0.180637E+05  0.339589E+01
  0.505753E-04  0.154781E+05  0.154781E+05  0.206374E+05  0.206374E+05  0.000000E+00  0.154781E+05  0.154781E+05  0.154781E+05 -0.618872E+00  0.180637E+05  0.180637E+05  0.347633E+01
  0.508087E-04  0.154856E+05  0.154856E+05  0.206474E+05  0.206474E+05  0.000000E+00  0.154856E+05  0.154856E+05  0.154856E+05 -0.618872E+00  0.180637E+05  0.180637E+05  0.355678E+01
  0.510432E-04  0.154927E+05  0.154927E+05  0.206570E+05  0.206569E+05  0.000000E+00  0.154927E+05  0.154927E+05  0.154927E+05 -0.618872E+00  0.180637E+05  0.180637E+05  0.363727E+01
  0.512788E-04  0.146266E+05  0.146266E+05  0.195022E+05  0.195021E+05  0.000000E+00  0.146266E+05  0.146266E+05  0.146266E+05 -0.618873E+00  0.180637E+05  0.180637E+05  0.320524E+01
  0.515155E-04  0.146439E+05  0.146439E+05  0.195251E+05  0.195251E+05  0.000000E+00  0.146439E+05  0.146439E+05  0.146439E+05 -0.618873E+00  0.180637E+05  0.180637E+05  0.328939E+01
  0.517533E-04  0.146616E+05  0.146616E+05  0.195487E+05  0.195487E+05  0.000000E+00  0.146616E+05  0.146616E+05  0.146616E+05 -0.618873E+00  0.180637E+05  0.180637E+05  0.337410E+01
  0.519922E-04  0.146797E+05  0.146797E+05  0.195729E+05  0.195729E+05  0.000000E+00  0.146797E+05  0.146797E+05  0.146797E+05 -0.618873E+00  0.180637E+05  0.180637E+05  0.345939E+01
  0.522322E-04  0.146983E+05  0.146983E+05  0.195977E+05  0.195977E+05  0.000000E+00  0.146983E+05  0.146983E+05  0.146983E+05 -0.618873E+00  0.180637E+05  0.180637E+05  0.354524E+01
  0.524733E-04  0.147174E+05  0.147173E+05  0.196231E+05  0.196231E+05  0.000000E+00  0.147174E+05  0.147174E+05  0.147174E+05 -0.618873E+00  0.180637E+05  0.180637E+05  0.363291E+01
  0.527155E-04  0.147369E+05  0.147369E+05  0.196492E+05  0.196491E+05  0.000000E+00  0.147369E+05  0.147369E+05  0.147369E+05 -0.618873E+00  0.180637E+05  0.180637E+05  0.371919E+01
  0.529588E-04  0.147567E+05  0.147567E+05  0.196756E+05  0.196756E+05  0.000000E+00  0.147567E+05  0.147567E+05  0.147567E+05 -0.618873E+00  0.180637E+05  0.180637E+05  0.380591E+01
  0.532032E-04  0.157965E+05  0.157965E+05  0.210620E+05  0.210619E+05  0.000000E+00  0.157965E+05  0.157965E+05  0.157965E+05 -0.618872E+00  0.180637E+05  0.180636E+05  0.457445E+01
  0.534488E-04  0.158014E+05  0.158014E+05  0.210685E+05  0.210684E+05  0.000000E+00  0.158014E+05  0.158014E+05  0.158014E+05 -0.618872E+00  0.180637E+05  0.180636E+05  0.465646E+01
  0.536955E-04  0.150890E+05  0.150890E+05  0.201186E+05  0.201186E+05  0.000000E+00  0.150890E+05  0.150890E+05  0.150890E+05 -0.618872E+00  0.180637E+05  0.180636E+05  0.430198E+01
  0.539434E-04  0.151101E+05  0.151101E+05  0.201467E+05  0.201467E+05  0.000000E+00  0.151101E+05  0.151101E+05  0.151101E+05 -0.618872E+00  0.180637E+05  0.180636E+05  0.439229E+01
  0.541924E-04  0.151313E+05  0.151313E+05  0.201751E+05  0.201750E+05  0.000000E+00  0.151313E+05  0.151313E+05  0.151313E+05 -0.618872E+00  0.180637E+05  0.180636E+05  0.448096E+01
  0.544425E-04  0.151530E+05  0.151530E+05  0.202040E+05  0.202039E+05  0.000000E+00  0.151530E+05  0.151530E+05  0.151530E+05 -0.618872E+00  0.180637E+05  0.180636E+05  0.457281E+01
  0.546938E-04  0.151750E+05  0.151750E+05  0.202333E+05  0.202332E+05  0.000000E+00  0.151750E+05  0.151750E+05  0.151750E+05 -0.618872E+00  0.180637E+05  0.180636E+05  0.466185E+01
  0.549462E-04  0.151972E+05  0.151971E+05  0.202628E+05  0.202628E+05  0.000000E+00  0.151972E+05  0.151972E+05  0.151972E+05 -0.618872E+00  0.180637E+05  0.180636E+05  0.475292E+01
  0.551999E-04  0.152195E+05  0.152195E+05  0.202926E+05  0.202926E+05  0.000000E+00  0.152195E+05  0.152195E+05  0.152195E+05 -0.618872E+00  0.180637E+05  0.180636E+05  0.484879E+01
  0.554547E-04  0.152419E+05  0.152419E+05  0.203225E+05  0.203225E+05  0.000000E+00  0.152419E+05  0.152419E+05  0.152419E+05 -0.618872E+00  0.180637E+05  0.180636E+05  0.494176E+01
  0.557106E-04  0.152644E+05  0.152644E+05  0.203526E+05  0.203525E+05  0.000000E+00  0.152644E+05  0.152644E+05  0.152644E+05 -0.618872E+00  0.180637E+05  0.180636E+05  0.503526E+01
  0.559678E-04  0.152870E+05  0.152870E+05  0.203826E+05  0.203825E+05  0.000000E+00  0.152870E+05  0.152870E+05  0.152870E+05 -0.618872E+00  0.180637E+05  0.180636E+05  0.512913E+01
  0.562261E-04  0.153095E+05  0.153095E+05  0.204126E+05  0.204126E+05  0.000000E+00  0.153095E+05  0.153095E+05  0.153095E+05 -0.618872E+00  0.180637E+05  0.180636E+05  0.522501E+01
  0.564856E-04  0.153320E+05  0.153319E+05  0.204426E+05  0.204425E+05  0.000000E+00  0.153320E+05  0.153320E+05  0.153320E+05 -0.618872E+00  0.180637E+05  0.180636E+05  0.531980E+01
  0.567464E-04  0.153974E+05  0.153974E+05  0.205298E+05  0.205298E+05  0.000000E+00  0.153974E+05  0.153974E+05  0.153974E+05 -0.618872E+00  0.180637E+05  0.180636E+05  0.545196E+01
  0.570083E-04  0.155104E+05  0.155104E+05  0.206805E+05  0.206804E+05  0.000000E+00  0.155104E+05  0.155104E+05  0.155104E+05 -0.618872E+00  0.180637E+05  0.180636E+05  0.562785E+01
  0.572714E-04  0.164291E+05  0.164291E+05  0.219055E+05  0.219054E+05  0.000000E+00  0.164291E+05  0.164291E+05  0.164291E+05 -0.618872E+00  0.180637E+05  0.180636E+05  0.651773E+01
  0.575358E-04  0.164882E+05  0.164882E+05  0.219843E+05  0.219842E+05  0.000000E+00  0.164882E+05  0.164882E+05  0.164882E+05 -0.618872E+00  0.180637E+05  0.180636E+05  0.665893E+01
  0.578014E-04  0.165477E+05  0.165477E+05  0.220636E+05  0.220635E+05  0.000000E+00  0.165477E+05  0.165477E+05  0.165477E+05 -0.618872E+00  0.180637E+05  0.180636E+05  0.680071E+01
  0.580682E-04  0.166077E+05  0.166076E+05  0.221435E+05  0.221434E+05  0.000000E+00  0.166077E+05  0.166077E+05  0.166077E+05 -0.618872E+00  0.180637E+05  0.180636E+05  0.690606E+01
  0.583362E-04  0.166682E+05  0.166681E+05  0.222242E+05  0.222241E+05  0.000000E+00  0.166682E+05  0.166682E+05  0.166682E+05 -0.618872E+00  0.180637E+05  0.180636E+05  0.708827E+01
  0.586055E-04  0.167293E+05  0.167293E+05  0.223057E+05  0.223056E+05  0.000000E+00  0.167293E+05  0.167293E+05  0.167293E+05 -0.618872E+00  0.180637E+05  0.180636E+05  0.723223E+01
  0.588760E-04  0.167910E+05  0.167910E+05  0.223880E+05  0.223879E+05  0.000000E+00  0.167910E+05  0.167910E+05  0.167910E+05 -0.618871E+00  0.180637E+05  0.180636E+05  0.734674E+01
  0.591477E-04  0.168536E+05  0.168535E+05  0.224714E+05  0.224713E+05  0.000000E+00  0.168536E+05  0.168536E+05  0.168536E+05 -0.618871E+00  0.180637E+05  0.180636E+05  0.752072E+01
  0.594207E-04  0.169170E+05  0.169170E+05  0.225560E+05  0.225559E+05  0.000000E+00  0.169170E+05  0.169170E+05  0.169170E+05 -0.618871E+00  0.180637E+05  0.180636E+05  0.766738E+01
  0.596950E-04  0.169812E+05  0.169812E+05  0.226416E+05  0.226415E+05  0.000000E+00  0.169812E+05  0.169812E+05  0.169812E+05 -0.618871E+00  0.180637E+05  0.180636E+05  0.781497E+01
  0.599706E-04  0.170461E+05  0.170461E+05  0.227281E+05  0.227280E+05  0.000000E+00  0.170461E+05  0.170461E+05  0.170461E+05 -0.618871E+00  0.180637E+05  0.180636E+05  0.796340E+01
  0.602474E-04  0.165747E+05  0.165747E+05  0.220996E+05  0.220995E+05  0.000000E+00  0.165747E+05  0.165747E+05  0.165747E+05 -0.618872E+00  0.180637E+05  0.180636E+05  0.783043E+01
  0.605255E-04  0.166207E+05  0.166207E+05  0.221609E+05  0.221608E+05  0.000000E+00  0.166207E+05  0.166207E+05  0.166207E+05 -0.618872E+00  0.180637E+05  0.180636E+05  0.796259E+01
  0.608048E-04  0.166668E+05  0.166668E+05  0.222224E+05  0.222223E+05  0.000000E+00  0.166668E+05  0.166668E+05  0.166668E+05 -0.618872E+00  0.180637E+05  0.180636E+05  0.809503E+01
  0.610855E-04  0.167129E+05  0.167129E+05  0.222838E+05  0.222837E+05  0.000000E+00  0.167129E+05  0.167129E+05  0.167129E+05 -0.618871E+00  0.180637E+05  0.180636E+05  0.822800E+01
  0.613674E-04  0.167590E+05  0.167589E+05  0.223453E+05  0.223452E+05  0.000000E+00  0.167590E+05  0.167590E+05  0.167590E+05 -0.618871E+00  0.180637E+05  0.180636E+05  0.836150E+01
  0.616507E-04  0.168052E+05  0.168052E+05  0.224069E+05  0.224068E+05  0.000000E+00  0.168052E+05  0.168052E+05  0.168052E+05 -0.618871E+00  0.180637E+05  0.180636E+05  0.849577E+01
  0.619353E-04  0.175390E+05  0.175389E+05  0.233852E+05  0.233851E+05  0.000000E+00  0.175390E+05  0.175390E+05  0.175390E+05 -0.618871E+00  0.180637E+05  0.180636E+05  0.939511E+01
  0.622212E-04  0.175563E+05  0.175562E+05  0.234083E+05  0.234082E+05  0.000000E+00  0.175563E+05  0.175563E+05  0.175563E+05 -0.618871E+00  0.180637E+05  0.180636E+05  0.950466E+01
  0.625084E-04  0.175741E+05  0.175741E+05  0.234321E+05  0.234320E+05  0.000000E+00  0.175741E+05  0.175741E+05  0.175741E+05 -0.618871E+00  0.180637E+05  0.180636E+05  0.961510E+01
  0.627969E-04  0.175925E+05  0.175925E+05  0.234566E+05  0.234565E+05  0.000000E+00  0.175925E+05  0.175925E+05  0.175925E+05 -0.618871E+00  0.180637E+05  0.180636E+05  0.972656E+01
  0.630867E-04  0.182405E+05  0.182404E+05  0.243205E+05  0.243204E+05  0.000000E+00  0.182404E+05  0.182404E+05  0.182404E+05 -0.618871E+00  0.180637E+05  0.180635E+05  0.104905E+02
  0.633779E-04  0.182360E+05  0.182360E+05  0.243146E+05  0.243145E+05  0.000000E+00  0.182360E+05  0.182360E+05  0.182360E+05 -0.618871E+00  0.180637E+05  0.180635E+05  0.105815E+02
  0.636705E-04  0.182329E+05  0.182329E+05  0.243105E+05  0.243104E+05  0.000000E+00  0.182329E+05  0.182329E+05  0.182329E+05 -0.618871E+00  0.180637E+05  0.180635E+05  0.106741E+02
  0.639644E-04  0.182311E+05  0.182311E+05  0.243081E+05  0.243080E+05  0.000000E+00  0.182311E+05  0.182311E+05  0.182311E+05 -0.618871E+00  0.180637E+05  0.180635E+05  0.107686E+02
  0.642596E-04  0.182307E+05  0.182306E+05  0.243075E+05  0.243074E+05  0.000000E+00  0.182307E+05  0.182307E+05  0.182307E+05 -0.618871E+00  0.180637E+05  0.180635E+05  0.108648E+02
  0.645562E-04  0.182317E+05  0.182317E+05  0.243089E+05  0.243088E+05  0.000000E+00  0.182317E+05  0.182317E+05  0.182317E+05 -0.618870E+00  0.180637E+05  0.180635E+05  0.109630E+02
  0.648542E-04  0.187987E+05  0.187986E+05  0.250649E+05  0.250647E+05  0.000000E+00  0.187987E+05  0.187987E+05  0.187987E+05 -0.618870E+00  0.180636E+05  0.180635E+05  0.114670E+02
  0.651535E-04  0.188008E+05  0.188007E+05  0.250676E+05  0.250675E+05  0.000000E+00  0.188008E+05  0.188008E+05  0.188008E+05 -0.618870E+00  0.180636E+05  0.180635E+05  0.115698E+02
  0.654543E-04  0.188039E+05  0.188039E+05  0.250718E+05  0.250717E+05  0.000000E+00  0.188039E+05  0.188039E+05  0.188039E+05 -0.618870E+00  0.180636E+05  0.180635E+05  0.116744E+02
  0.657564E-04  0.188083E+05  0.188082E+05  0.250777E+05  0.250776E+05  0.000000E+00  0.188083E+05  0.188083E+05  0.188083E+05 -0.618870E+00  0.180636E+05  0.180635E+05  0.117812E+02
  0.660599E-04  0.188140E+05  0.188140E+05  0.250853E+05  0.250852E+05  0.000000E+00  0.188140E+05  0.188140E+05  0.188140E+05 -0.618870E+00  0.180636E+05  0.180635E+05  0.118902E+02
  0.663648E-04  0.188212E+05  0.188211E+05  0.250948E+05  0.250947E+05  0.000000E+00  0.188211E+05  0.188211E+05  0.188211E+05 -0.618870E+00  0.180636E+05  0.180635E+05  0.120292E+02
  0.666712E-04  0.188098E+05  0.188097E+05  0.250796E+05  0.250795E+05  0.000000E+00  0.188098E+05  0.188098E+05  0.188098E+05 -0.618870E+00  0.180636E+05  0.180635E+05  0.121147E+02
  0.669789E-04  0.187890E+05  0.187890E+05  0.250520E+05  0.250518E+05  0.000000E+00  0.187890E+05  0.187890E+05  0.187890E+05 -0.618870E+00  0.180636E+05  0.180635E+05  0.121877E+02
  0.672881E-04  0.187662E+05  0.187661E+05  0.250215E+05  0.250214E+05  0.000000E+00  0.187662E+05  0.187662E+05  0.187662E+05 -0.618870E+00  0.180636E+05  0.180635E+05  0.122882E+02
  0.675987E-04  0.187416E+05  0.187415E+05  0.249887E+05  0.249886E+05  0.000000E+00  0.187416E+05  0.187416E+05  0.187416E+05 -0.618870E+00  0.180636E+05  0.180635E+05  0.123530E+02
  0.679107E-04  0.187157E+05  0.187157E+05  0.249542E+05  0.249541E+05  0.000000E+00  0.187157E+05  0.187157E+05  0.187157E+05 -0.618870E+00  0.180636E+05  0.180635E+05  0.123647E+02
  0.682241E-04  0.181512E+05  0.181511E+05  0.242015E+05  0.242014E+05  0.000000E+00  0.181512E+05  0.181512E+05  0.181512E+05 -0.618870E+00  0.180636E+05  0.180635E+05  0.120297E+02
  0.685390E-04  0.181398E+05  0.181398E+05  0.241864E+05  0.241862E+05  0.000000E+00  0.181398E+05  0.181398E+05  0.181398E+05 -0.618870E+00  0.180636E+05  0.180635E+05  0.121127E+02
  0.688554E-04  0.181327E+05  0.181326E+05  0.241768E+05  0.241767E+05  0.000000E+00  0.181326E+05  0.181326E+05  0.181326E+05 -0.618870E+00  0.180636E+05  0.180635E+05  0.121951E+02
  0.691732E-04  0.181300E+05  0.181300E+05  0.241733E+05  0.241732E+05  0.000000E+00  0.181300E+05  0.181300E+05  0.181300E+05 -0.618870E+00  0.180636E+05  0.180635E+05  0.122812E+02
  0.694925E-04  0.184927E+05  0.184926E+05  0.246569E+05  0.246567E+05  0.000000E+00  0.184927E+05  0.184927E+05  0.184927E+05 -0.618870E+00  0.180636E+05  0.180635E+05  0.127222E+02
  0.698133E-04  0.185006E+05  0.185006E+05  0.246674E+05  0.246673E+05  0.000000E+00  0.185006E+05  0.185006E+05  0.185006E+05 -0.618870E+00  0.180636E+05  0.180635E+05  0.128192E+02
  0.701355E-04  0.185126E+05  0.185126E+05  0.246834E+05  0.246833E+05  0.000000E+00  0.185126E+05  0.185126E+05  0.185126E+05 -0.618870E+00  0.180636E+05  0.180635E+05  0.129191E+02
  0.704593E-04  0.185286E+05  0.185286E+05  0.247048E+05  0.247046E+05  0.000000E+00  0.185286E+05  0.185286E+05  0.185286E+05 -0.618870E+00  0.180636E+05  0.180635E+05  0.130218E+02
  0.707845E-04  0.185487E+05  0.185486E+05  0.247315E+05  0.247313E+05  0.000000E+00  0.185486E+05  0.185486E+05  0.185486E+05 -0.618870E+00  0.180636E+05  0.180635E+05  0.131273E+02
  0.711112E-04  0.185727E+05  0.185726E+05  0.247635E+05  0.247634E+05  0.000000E+00  0.185727E+05  0.185727E+05  0.185727E+05 -0.618870E+00  0.180636E+05  0.180635E+05  0.132355E+02
  0.714394E-04  0.186009E+05  0.186008E+05  0.248011E+05  0.248010E+05  0.000000E+00  0.186009E+05  0.186009E+05  0.186009E+05 -0.618870E+00  0.180636E+05  0.180635E+05  0.133465E+02
  0.717692E-04  0.186333E+05  0.186332E+05  0.248443E+05  0.248442E+05  0.000000E+00  0.186333E+05  0.186333E+05  0.186333E+05 -0.618869E+00  0.180636E+05  0.180635E+05  0.134601E+02
  0.721005E-04  0.208855E+05  0.208854E+05  0.278472E+05  0.278471E+05  0.000000E+00  0.208855E+05  0.208855E+05  0.208855E+05 -0.618868E+00  0.180636E+05  0.180634E+05  0.159205E+02
  0.724333E-04  0.209146E+05  0.209146E+05  0.278861E+05  0.278860E+05  0.000000E+00  0.209146E+05  0.209146E+05  0.209146E+05 -0.618868E+00  0.180636E+05  0.180634E+05  0.160359E+02
  0.727676E-04  0.209467E+05  0.209467E+05  0.279289E+05  0.279287E+05  0.000000E+00  0.209467E+05  0.209467E+05  0.209467E+05 -0.618868E+00  0.180636E+05  0.180634E+05  0.161534E+02
  0.731035E-04  0.209816E+05  0.209816E+05  0.279754E+05  0.279753E+05  0.000000E+00  0.209816E+05  0.209816E+05  0.209816E+05 -0.618867E+00  0.180636E+05  0.180634E+05  0.162730E+02
  0.734409E-04  0.193051E+05  0.193050E+05  0.257400E+05  0.257399E+05  0.000000E+00  0.193051E+05  0.193051E+05  0.193051E+05 -0.618869E+00  0.180636E+05  0.180635E+05  0.151737E+02
  0.737799E-04  0.192884E+05  0.192883E+05  0.257178E+05  0.257176E+05  0.000000E+00  0.192884E+05  0.192884E+05  0.192884E+05 -0.618869E+00  0.180636E+05  0.180635E+05  0.152690E+02
  0.741204E-04  0.192741E+05  0.192741E+05  0.256987E+05  0.256986E+05  0.000000E+00  0.192741E+05  0.192741E+05  0.192741E+05 -0.618869E+00  0.180636E+05  0.180635E+05  0.153663E+02
  0.744626E-04  0.192621E+05  0.192620E+05  0.256827E+05  0.256825E+05  0.000000E+00  0.192621E+05  0.192621E+05  0.192621E+05 -0.618869E+00  0.180636E+05  0.180634E+05  0.154653E+02
  0.748063E-04  0.204002E+05  0.204001E+05  0.272001E+05  0.271999E+05  0.000000E+00  0.204001E+05  0.204001E+05  0.204001E+05 -0.618868E+00  0.180636E+05  0.180634E+05  0.164466E+02
  0.751516E-04  0.203590E+05  0.203589E+05  0.271452E+05  0.271451E+05  0.000000E+00  0.203590E+05  0.203590E+05  0.203590E+05 -0.618868E+00  0.180636E+05  0.180634E+05  0.165226E+02
  0.754985E-04  0.203051E+05  0.203050E+05  0.270733E+05  0.270732E+05  0.000000E+00  0.203051E+05  0.203051E+05  0.203051E+05 -0.618868E+00  0.180636E+05  0.180634E+05  0.165830E+02
  0.758469E-04  0.202550E+05  0.202549E+05  0.270066E+05  0.270064E+05  0.000000E+00  0.202550E+05  0.202550E+05  0.202550E+05 -0.618868E+00  0.180636E+05  0.180634E+05  0.166464E+02
  0.761970E-04  0.202085E+05  0.202084E+05  0.269445E+05  0.269443E+05  0.000000E+00  0.202084E+05  0.202084E+05  0.202084E+05 -0.618868E+00  0.180636E+05  0.180634E+05  0.167123E+02
  0.765487E-04  0.201650E+05  0.201649E+05  0.268866E+05  0.268864E+05  0.000000E+00  0.201650E+05  0.201650E+05  0.201650E+05 -0.618868E+00  0.180636E+05  0.180634E+05  0.167806E+02
  0.769021E-04  0.201245E+05  0.201244E+05  0.268325E+05  0.268323E+05  0.000000E+00  0.201244E+05  0.201244E+05  0.201244E+05 -0.618868E+00  0.180636E+05  0.180634E+05  0.168512E+02
  0.772570E-04  0.200866E+05  0.200865E+05  0.267820E+05  0.267818E+05  0.000000E+00  0.200866E+05  0.200866E+05  0.200866E+05 -0.618868E+00  0.180636E+05  0.180634E+05  0.169239E+02
  0.776136E-04  0.200512E+05  0.200511E+05  0.267349E+05  0.267347E+05  0.000000E+00  0.200512E+05  0.200512E+05  0.200512E+05 -0.618868E+00  0.180636E+05  0.180634E+05  0.169986E+02
  0.779719E-04  0.200123E+05  0.200122E+05  0.266830E+05  0.266828E+05  0.000000E+00  0.200123E+05  0.200123E+05  0.200123E+05 -0.618868E+00  0.180636E+05  0.180634E+05  0.170713E+02
  0.783318E-04  0.199671E+05  0.199670E+05  0.266227E+05  0.266225E+05  0.000000E+00  0.199671E+05  0.199671E+05  0.199671E+05 -0.618868E+00  0.180636E+05  0.180634E+05  0.171403E+02
  0.786934E-04  0.199242E+05  0.199241E+05  0.265655E+05  0.265653E+05  0.000000E+00  0.199242E+05  0.199242E+05  0.199242E+05 -0.618868E+00  0.180636E+05  0.180634E+05  0.172111E+02
  0.790566E-04  0.198835E+05  0.198834E+05  0.265112E+05  0.265110E+05  0.000000E+00  0.198835E+05  0.198835E+05  0.198835E+05 -0.618868E+00  0.180636E+05  0.180634E+05  0.172835E+02
  0.794215E-04  0.198450E+05  0.198449E+05  0.264599E+05  0.264597E+05  0.000000E+00  0.198450E+05  0.198450E+05  0.198450E+05 -0.618868E+00  0.180636E+05  0.180634E+05  0.173578E+02
  0.797881E-04  0.198087E+05  0.198086E+05  0.264115E+05  0.264113E+05  0.000000E+00  0.198087E+05  0.198087E+05  0.198087E+05 -0.618868E+00  0.180636E+05  0.180634E+05  0.174338E+02
  0.801564E-04  0.197745E+05  0.197744E+05  0.263659E+05  0.263657E+05  0.000000E+00  0.197745E+05  0.197745E+05  0.197745E+05 -0.618868E+00  0.180636E+05  0.180634E+05  0.175115E+02
  0.805264E-04  0.224444E+05  0.224443E+05  0.299257E+05  0.299255E+05  0.000000E+00  0.224444E+05  0.224444E+05  0.224444E+05 -0.618865E+00  0.180636E+05  0.180633E+05  0.210153E+02
  0.808980E-04  0.224121E+05  0.224120E+05  0.298826E+05  0.298824E+05  0.000000E+00  0.224121E+05  0.224121E+05  0.224121E+05 -0.618865E+00  0.180636E+05  0.180633E+05  0.210975E+02
  0.812715E-04  0.223798E+05  0.223797E+05  0.298395E+05  0.298394E+05  0.000000E+00  0.223798E+05  0.223798E+05  0.223798E+05 -0.618865E+00  0.180636E+05  0.180633E+05  0.211800E+02
  0.816466E-04  0.223474E+05  0.223473E+05  0.297964E+05  0.297963E+05  0.000000E+00  0.223474E+05  0.223474E+05  0.223474E+05 -0.618865E+00  0.180636E+05  0.180633E+05  0.212626E+02
  0.820235E-04  0.223151E+05  0.223150E+05  0.297534E+05  0.297532E+05  0.000000E+00  0.223151E+05  0.223151E+05  0.223151E+05 -0.618865E+00  0.180636E+05  0.180633E+05  0.213454E+02
  0.824021E-04  0.222828E+05  0.222827E+05  0.297103E+05  0.297101E+05  0.000000E+00  0.222828E+05  0.222828E+05  0.222828E+05 -0.618865E+00  0.180636E+05  0.180633E+05  0.214285E+02
  0.827824E-04  0.222506E+05  0.222505E+05  0.296673E+05  0.296671E+05  0.000000E+00  0.222506E+05  0.222506E+05  0.222506E+05 -0.618865E+00  0.180636E+05  0.180633E+05  0.215121E+02
  0.831645E-04  0.222184E+05  0.222183E+05  0.296244E+05  0.296242E+05  0.000000E+00  0.222184E+05  0.222184E+05  0.222184E+05 -0.618865E+00  0.180636E+05  0.180633E+05  0.215957E+02
  0.835484E-04  0.221863E+05  0.221862E+05  0.295815E+05  0.295814E+05  0.000000E+00  0.221863E+05  0.221863E+05  0.221863E+05 -0.618865E+00  0.180636E+05  0.180633E+05  0.216795E+02
  0.839340E-04  0.221542E+05  0.221541E+05  0.295388E+05  0.295386E+05  0.000000E+00  0.221542E+05  0.221542E+05  0.221542E+05 -0.618865E+00  0.180636E+05  0.180633E+05  0.217637E+02
  0.843214E-04  0.221223E+05  0.221222E+05  0.294962E+05  0.294960E+05  0.000000E+00  0.221223E+05  0.221223E+05  0.221223E+05 -0.618865E+00  0.180636E+05  0.180633E+05  0.218482E+02
  0.847107E-04  0.220904E+05  0.220903E+05  0.294537E+05  0.294535E+05  0.000000E+00  0.220904E+05  0.220904E+05  0.220904E+05 -0.618865E+00  0.180636E+05  0.180633E+05  0.219339E+02
  0.851017E-04  0.220587E+05  0.220586E+05  0.294114E+05  0.294112E+05  0.000000E+00  0.220587E+05  0.220587E+05  0.220587E+05 -0.618865E+00  0.180636E+05  0.180633E+05  0.220191E+02
  0.854945E-04  0.220271E+05  0.220270E+05  0.293693E+05  0.293691E+05  0.000000E+00  0.220271E+05  0.220271E+05  0.220271E+05 -0.618865E+00  0.180636E+05  0.180633E+05  0.221046E+02
  0.858891E-04  0.219956E+05  0.219955E+05  0.293273E+05  0.293271E+05  0.000000E+00  0.219956E+05  0.219956E+05  0.219956E+05 -0.618865E+00  0.180636E+05  0.180633E+05  0.221904E+02
  0.862855E-04  0.219643E+05  0.219641E+05  0.292855E+05  0.292853E+05  0.000000E+00  0.219642E+05  0.219642E+05  0.219642E+05 -0.618864E+00  0.180636E+05  0.180633E+05  0.222766E+02
  0.866838E-04  0.219330E+05  0.219329E+05  0.292439E+05  0.292437E+05  0.000000E+00  0.219330E+05  0.219330E+05  0.219330E+05 -0.618864E+00  0.180636E+05  0.180633E+05  0.223632E+02
  0.870839E-04  0.219020E+05  0.219019E+05  0.292025E+05  0.292023E+05  0.000000E+00  0.219020E+05  0.219020E+05  0.219020E+05 -0.618864E+00  0.180636E+05  0.180633E+05  0.224501E+02
  0.874859E-04  0.218711E+05  0.218709E+05  0.291612E+05  0.291610E+05  0.000000E+00  0.218710E+05  0.218710E+05  0.218710E+05 -0.618864E+00  0.180636E+05  0.180633E+05  0.225374E+02
  0.878897E-04  0.218403E+05  0.218402E+05  0.291202E+05  0.291200E+05  0.000000E+00  0.218403E+05  0.218403E+05  0.218403E+05 -0.618864E+00  0.180636E+05  0.180633E+05  0.226251E+02
  0.882954E-04  0.218097E+05  0.218096E+05  0.290794E+05  0.290792E+05  0.000000E+00  0.218097E+05  0.218097E+05  0.218097E+05 -0.618864E+00  0.180636E+05  0.180633E+05  0.227132E+02
  0.887029E-04  0.217793E+05  0.217792E+05  0.290389E+05  0.290386E+05  0.000000E+00  0.217793E+05  0.217793E+05  0.217793E+05 -0.618864E+00  0.180636E+05  0.180633E+05  0.228018E+02
  0.891124E-04  0.217490E+05  0.217489E+05  0.289985E+05  0.289983E+05  0.000000E+00  0.217490E+05  0.217490E+05  0.217490E+05 -0.618864E+00  0.180636E+05  0.180633E+05  0.228907E+02
  0.895237E-04  0.217189E+05  0.217188E+05  0.289584E+05  0.289582E+05  0.000000E+00  0.217189E+05  0.217189E+05  0.217189E+05 -0.618864E+00  0.180636E+05  0.180633E+05  0.229800E+02
  0.899369E-04  0.216890E+05  0.216889E+05  0.289185E+05  0.289183E+05  0.000000E+00  0.216890E+05  0.216890E+05  0.216890E+05 -0.618864E+00  0.180636E+05  0.180633E+05  0.230698E+02
  0.903521E-04  0.216593E+05  0.216591E+05  0.288788E+05  0.288786E+05  0.000000E+00  0.216592E+05  0.216592E+05  0.216592E+05 -0.618864E+00  0.180636E+05  0.180632E+05  0.231600E+02
  0.907691E-04  0.216296E+05  0.216295E+05  0.288393E+05  0.288391E+05  0.000000E+00  0.216296E+05  0.216296E+05  0.216296E+05 -0.618864E+00  0.180636E+05  0.180632E+05  0.232534E+02
  0.911881E-04  0.216002E+05  0.216001E+05  0.288001E+05  0.287999E+05  0.000000E+00  0.216002E+05  0.216002E+05  0.216002E+05 -0.618864E+00  0.180636E+05  0.180632E+05  0.233444E+02
  0.916090E-04  0.212932E+05  0.212930E+05  0.283907E+05  0.283905E+05  0.000000E+00  0.212931E+05  0.212931E+05  0.212931E+05 -0.618864E+00  0.180636E+05  0.180632E+05  0.232282E+02
  0.920318E-04  0.212473E+05  0.212472E+05  0.283296E+05  0.283293E+05  0.000000E+00  0.212473E+05  0.212473E+05  0.212473E+05 -0.618864E+00  0.180636E+05  0.180632E+05  0.233066E+02
  0.924566E-04  0.212021E+05  0.212020E+05  0.282693E+05  0.282690E+05  0.000000E+00  0.212021E+05  0.212021E+05  0.212021E+05 -0.618864E+00  0.180636E+05  0.180632E+05  0.233857E+02
  0.928834E-04  0.211574E+05  0.211573E+05  0.282097E+05  0.282095E+05  0.000000E+00  0.211574E+05  0.211574E+05  0.211574E+05 -0.618864E+00  0.180636E+05  0.180632E+05  0.234654E+02
  0.933121E-04  0.211134E+05  0.211132E+05  0.281510E+05  0.281507E+05  0.000000E+00  0.211133E+05  0.211133E+05  0.211133E+05 -0.618864E+00  0.180636E+05  0.180632E+05  0.235458E+02
  0.937428E-04  0.210699E+05  0.210697E+05  0.280929E+05  0.280927E+05  0.000000E+00  0.210698E+05  0.210698E+05  0.210698E+05 -0.618864E+00  0.180636E+05  0.180632E+05  0.236268E+02
  0.941755E-04  0.210269E+05  0.210268E+05  0.280357E+05  0.280355E+05  0.000000E+00  0.210269E+05  0.210269E+05  0.210269E+05 -0.618864E+00  0.180636E+05  0.180632E+05  0.237083E+02
  0.946102E-04  0.209846E+05  0.209845E+05  0.279793E+05  0.279791E+05  0.000000E+00  0.209846E+05  0.209846E+05  0.209846E+05 -0.618864E+00  0.180636E+05  0.180632E+05  0.237877E+02
  0.950469E-04  0.209428E+05  0.209427E+05  0.279236E+05  0.279233E+05  0.000000E+00  0.209428E+05  0.209428E+05  0.209428E+05 -0.618864E+00  0.180636E+05  0.180632E+05  0.238706E+02
  0.954856E-04  0.209015E+05  0.209014E+05  0.278685E+05  0.278683E+05  0.000000E+00  0.209015E+05  0.209015E+05  0.209015E+05 -0.618864E+00  0.180636E+05  0.180632E+05  0.239542E+02
  0.959264E-04  0.208608E+05  0.208606E+05  0.278142E+05  0.278139E+05  0.000000E+00  0.208608E+05  0.208608E+05  0.208608E+05 -0.618864E+00  0.180636E+05  0.180632E+05  0.240383E+02
  0.963692E-04  0.208205E+05  0.208204E+05  0.277605E+05  0.277602E+05  0.000000E+00  0.208205E+05  0.208205E+05  0.208205E+05 -0.618864E+00  0.180636E+05  0.180632E+05  0.241231E+02
  0.968140E-04  0.207808E+05  0.207806E+05  0.277075E+05  0.277072E+05  0.000000E+00  0.207808E+05  0.207808E+05  0.207808E+05 -0.618864E+00  0.180636E+05  0.180632E+05  0.242086E+02
  0.972608E-04  0.207415E+05  0.207414E+05  0.276551E+05  0.276549E+05  0.000000E+00  0.207415E+05  0.207415E+05  0.207415E+05 -0.618864E+00  0.180636E+05  0.180632E+05  0.242946E+02
  0.977098E-04  0.207027E+05  0.207026E+05  0.276034E+05  0.276031E+05  0.000000E+00  0.207027E+05  0.207027E+05  0.207027E+05 -0.618864E+00  0.180636E+05  0.180632E+05  0.243813E+02
  0.981608E-04  0.206644E+05  0.206642E+05  0.275523E+05  0.275520E+05  0.000000E+00  0.206644E+05  0.206644E+05  0.206644E+05 -0.618864E+00  0.180636E+05  0.180632E+05  0.244686E+02
  0.986139E-04  0.206265E+05  0.206263E+05  0.275018E+05  0.275015E+05  0.000000E+00  0.206265E+05  0.206265E+05  0.206265E+05 -0.618864E+00  0.180636E+05  0.180632E+05  0.245566E+02
  0.990691E-04  0.205891E+05  0.205889E+05  0.274519E+05  0.274516E+05  0.000000E+00  0.205890E+05  0.205890E+05  0.205890E+05 -0.618864E+00  0.180636E+05  0.180632E+05  0.246451E+02
  0.995263E-04  0.205521E+05  0.205519E+05  0.274025E+05  0.274022E+05  0.000000E+00  0.205520E+05  0.205520E+05  0.205520E+05 -0.618864E+00  0.180636E+05  0.180632E+05  0.247341E+02
  0.999857E-04  0.205155E+05  0.205153E+05  0.273538E+05  0.273535E+05  0.000000E+00  0.205155E+05  0.205155E+05  0.205155E+05 -0.618864E+00  0.180636E+05  0.180632E+05  0.248238E+02
  0.100447E-03  0.204793E+05  0.204792E+05  0.273056E+05  0.273053E+05  0.000000E+00  0.204793E+05  0.204793E+05  0.204793E+05 -0.618864E+00  0.180636E+05  0.180632E+05  0.249142E+02
  0.100911E-03  0.204436E+05  0.204434E+05  0.272579E+05  0.272576E+05  0.000000E+00  0.204436E+05  0.204436E+05  0.204436E+05 -0.618864E+00  0.180636E+05  0.180632E+05  0.250052E+02
  0.101377E-03  0.204083E+05  0.204081E+05  0.272108E+05  0.272105E+05  0.000000E+00  0.204083E+05  0.204083E+05  0.204083E+05 -0.618863E+00  0.180636E+05  0.180632E+05  0.250968E+02
  0.101845E-03  0.203734E+05  0.203732E+05  0.271642E+05  0.271639E+05  0.000000E+00  0.203733E+05  0.203733E+05  0.203733E+05 -0.618863E+00  0.180636E+05  0.180631E+05  0.251891E+02
  0.102315E-03  0.203388E+05  0.203387E+05  0.271182E+05  0.271179E+05  0.000000E+00  0.203388E+05  0.203388E+05  0.203388E+05 -0.618863E+00  0.180636E+05  0.180631E+05  0.252819E+02
  0.102787E-03  0.203047E+05  0.203045E+05  0.270727E+05  0.270724E+05  0.000000E+00  0.203047E+05  0.203047E+05  0.203047E+05 -0.618863E+00  0.180636E+05  0.180631E+05  0.253754E+02
  0.103261E-03  0.202709E+05  0.202708E+05  0.270277E+05  0.270274E+05  0.000000E+00  0.202709E+05  0.202709E+05  0.202709E+05 -0.618863E+00  0.180636E+05  0.180631E+05  0.254695E+02
  0.103738E-03  0.202375E+05  0.202374E+05  0.269831E+05  0.269828E+05  0.000000E+00  0.202375E+05  0.202375E+05  0.202375E+05 -0.618863E+00  0.180636E+05  0.180631E+05  0.255642E+02
  0.104217E-03  0.202045E+05  0.202044E+05  0.269391E+05  0.269388E+05  0.000000E+00  0.202045E+05  0.202045E+05  0.202045E+05 -0.618863E+00  0.180636E+05  0.180631E+05  0.256595E+02
  0.104698E-03  0.201719E+05  0.201717E+05  0.268956E+05  0.268953E+05  0.000000E+00  0.201719E+05  0.201719E+05  0.201719E+05 -0.618863E+00  0.180636E+05  0.180631E+05  0.257554E+02
  0.105181E-03  0.201396E+05  0.201394E+05  0.268526E+05  0.268523E+05  0.000000E+00  0.201396E+05  0.201396E+05  0.201396E+05 -0.618863E+00  0.180636E+05  0.180631E+05  0.258520E+02
  0.105667E-03  0.201077E+05  0.201075E+05  0.268100E+05  0.268097E+05  0.000000E+00  0.201077E+05  0.201077E+05  0.201077E+05 -0.618863E+00  0.180636E+05  0.180631E+05  0.259302E+02
  0.106154E-03  0.200760E+05  0.200759E+05  0.267678E+05  0.267675E+05  0.000000E+00  0.200760E+05  0.200760E+05  0.200760E+05 -0.618863E+00  0.180635E+05  0.180631E+05  0.260346E+02
  0.106644E-03  0.200448E+05  0.200447E+05  0.267262E+05  0.267259E+05  0.000000E+00  0.200448E+05  0.200448E+05  0.200448E+05 -0.618863E+00  0.180635E+05  0.180631E+05  0.261518E+02
  0.107137E-03  0.200144E+05  0.200143E+05  0.266857E+05  0.266854E+05  0.000000E+00  0.200144E+05  0.200144E+05  0.200144E+05 -0.618863E+00  0.180635E+05  0.180631E+05  0.262692E+02
  0.107631E-03  0.199849E+05  0.199847E+05  0.266463E+05  0.266460E+05  0.000000E+00  0.199849E+05  0.199849E+05  0.199849E+05 -0.618863E+00  0.180635E+05  0.180631E+05  0.263867E+02
  0.108128E-03  0.199563E+05  0.199561E+05  0.266081E+05  0.266078E+05  0.000000E+00  0.199562E+05  0.199562E+05  0.199562E+05 -0.618863E+00  0.180635E+05  0.180631E+05  0.265046E+02
  0.108627E-03  0.199286E+05  0.199284E+05  0.265712E+05  0.265708E+05  0.000000E+00  0.199285E+05  0.199285E+05  0.199285E+05 -0.618863E+00  0.180635E+05  0.180631E+05  0.266228E+02
  0.109128E-03  0.199019E+05  0.199017E+05  0.265356E+05  0.265353E+05  0.000000E+00  0.199019E+05  0.199019E+05  0.199019E+05 -0.618863E+00  0.180635E+05  0.180631E+05  0.267947E+02
  0.109632E-03  0.197535E+05  0.197533E+05  0.263377E+05  0.263373E+05  0.000000E+00  0.197534E+05  0.197534E+05  0.197534E+05 -0.618863E+00  0.180635E+05  0.180631E+05  0.266460E+02
  0.110138E-03  0.197286E+05  0.197284E+05  0.263045E+05  0.263042E+05  0.000000E+00  0.197286E+05  0.197286E+05  0.197286E+05 -0.618863E+00  0.180635E+05  0.180631E+05  0.267661E+02
  0.110647E-03  0.197059E+05  0.197057E+05  0.262743E+05  0.262739E+05  0.000000E+00  0.197059E+05  0.197059E+05  0.197059E+05 -0.618863E+00  0.180635E+05  0.180631E+05  0.268879E+02
  0.111157E-03  0.196854E+05  0.196852E+05  0.262469E+05  0.262465E+05  0.000000E+00  0.196853E+05  0.196853E+05  0.196853E+05 -0.618863E+00  0.180635E+05  0.180631E+05  0.270114E+02
  0.111670E-03  0.196670E+05  0.196668E+05  0.262224E+05  0.262220E+05  0.000000E+00  0.196670E+05  0.196670E+05  0.196670E+05 -0.618863E+00  0.180635E+05  0.180631E+05  0.271367E+02
  0.112186E-03  0.193790E+05  0.193788E+05  0.258384E+05  0.258381E+05  0.000000E+00  0.193790E+05  0.193790E+05  0.193790E+05 -0.618863E+00  0.180635E+05  0.180631E+05  0.268424E+02
  0.112704E-03  0.193698E+05  0.193696E+05  0.258261E+05  0.258258E+05  0.000000E+00  0.193698E+05  0.193698E+05  0.193698E+05 -0.618863E+00  0.180635E+05  0.180631E+05  0.269774E+02
  0.113224E-03  0.193618E+05  0.193616E+05  0.258155E+05  0.258151E+05  0.000000E+00  0.193618E+05  0.193618E+05  0.193618E+05 -0.618863E+00  0.180635E+05  0.180631E+05  0.271135E+02
  0.113747E-03  0.193539E+05  0.193537E+05  0.258049E+05  0.258046E+05  0.000000E+00  0.193539E+05  0.193539E+05  0.193539E+05 -0.618863E+00  0.180635E+05  0.180630E+05  0.272493E+02
  0.114272E-03  0.193478E+05  0.193476E+05  0.257968E+05  0.257964E+05  0.000000E+00  0.193477E+05  0.193477E+05  0.193477E+05 -0.618863E+00  0.180635E+05  0.180630E+05  0.273869E+02
  0.114799E-03  0.193434E+05  0.193432E+05  0.257909E+05  0.257905E+05  0.000000E+00  0.193434E+05  0.193434E+05  0.193434E+05 -0.618863E+00  0.180635E+05  0.180630E+05  0.275455E+02
  0.115329E-03  0.193407E+05  0.193405E+05  0.257874E+05  0.257870E+05  0.000000E+00  0.193407E+05  0.193407E+05  0.193407E+05 -0.618863E+00  0.180635E+05  0.180630E+05  0.276872E+02
  0.115861E-03  0.193398E+05  0.193395E+05  0.257861E+05  0.257857E+05  0.000000E+00  0.193397E+05  0.193397E+05  0.193397E+05 -0.618863E+00  0.180635E+05  0.180630E+05  0.278307E+02
  0.116396E-03  0.193405E+05  0.193402E+05  0.257870E+05  0.257866E+05  0.000000E+00  0.193404E+05  0.193404E+05  0.193404E+05 -0.618862E+00  0.180635E+05  0.180630E+05  0.279758E+02
  0.116933E-03  0.193428E+05  0.193426E+05  0.257901E+05  0.257897E+05  0.000000E+00  0.193428E+05  0.193428E+05  0.193428E+05 -0.618862E+00  0.180635E+05  0.180630E+05  0.281227E+02
  0.117473E-03  0.193467E+05  0.193465E+05  0.257954E+05  0.257950E+05  0.000000E+00  0.193467E+05  0.193467E+05  0.193467E+05 -0.618862E+00  0.180635E+05  0.180630E+05  0.282714E+02
  0.118015E-03  0.193522E+05  0.193520E+05  0.258027E+05  0.258023E+05  0.000000E+00  0.193522E+05  0.193522E+05  0.193522E+05 -0.618862E+00  0.180635E+05  0.180630E+05  0.284219E+02
  0.118560E-03  0.193592E+05  0.193590E+05  0.258119E+05  0.258115E+05  0.000000E+00  0.193591E+05  0.193591E+05  0.193591E+05 -0.618862E+00  0.180635E+05  0.180630E+05  0.285742E+02
  0.119107E-03  0.193672E+05  0.193670E+05  0.258226E+05  0.258222E+05  0.000000E+00  0.193671E+05  0.193671E+05  0.193671E+05 -0.618862E+00  0.180635E+05  0.180630E+05  0.287274E+02
  0.119657E-03  0.193766E+05  0.193764E+05  0.258352E+05  0.258348E+05  0.000000E+00  0.193766E+05  0.193766E+05  0.193766E+05 -0.618862E+00  0.180635E+05  0.180630E+05  0.288814E+02
  0.120209E-03  0.193876E+05  0.193873E+05  0.258497E+05  0.258493E+05  0.000000E+00  0.193875E+05  0.193875E+05  0.193875E+05 -0.618862E+00  0.180635E+05  0.180630E+05  0.290371E+02
  0.120764E-03  0.194000E+05  0.193997E+05  0.258663E+05  0.258659E+05  0.000000E+00  0.193999E+05  0.193999E+05  0.193999E+05 -0.618861E+00  0.180635E+05  0.180630E+05  0.291866E+02
  0.121322E-03  0.194139E+05  0.194136E+05  0.258848E+05  0.258844E+05  0.000000E+00  0.194138E+05  0.194138E+05  0.194138E+05 -0.618861E+00  0.180635E+05  0.180630E+05  0.293468E+02
  0.121882E-03  0.192761E+05  0.192759E+05  0.257012E+05  0.257008E+05  0.000000E+00  0.192761E+05  0.192761E+05  0.192761E+05 -0.618862E+00  0.180635E+05  0.180629E+05  0.293608E+02
  0.122444E-03  0.192534E+05  0.192531E+05  0.256708E+05  0.256704E+05  0.000000E+00  0.192533E+05  0.192533E+05  0.192533E+05 -0.618862E+00  0.180635E+05  0.180629E+05  0.294858E+02
  0.123009E-03  0.192309E+05  0.192306E+05  0.256408E+05  0.256404E+05  0.000000E+00  0.192308E+05  0.192308E+05  0.192308E+05 -0.618861E+00  0.180635E+05  0.180629E+05  0.296112E+02
  0.123577E-03  0.189818E+05  0.189816E+05  0.253087E+05  0.253083E+05  0.000000E+00  0.189818E+05  0.189818E+05  0.189818E+05 -0.618862E+00  0.180635E+05  0.180629E+05  0.293609E+02
  0.124148E-03  0.189603E+05  0.189600E+05  0.252800E+05  0.252796E+05  0.000000E+00  0.189602E+05  0.189602E+05  0.189602E+05 -0.618862E+00  0.180635E+05  0.180629E+05  0.294816E+02
  0.124721E-03  0.189322E+05  0.189319E+05  0.252426E+05  0.252421E+05  0.000000E+00  0.189321E+05  0.189321E+05  0.189321E+05 -0.618862E+00  0.180635E+05  0.180629E+05  0.296013E+02
  0.125296E-03  0.189048E+05  0.189045E+05  0.252060E+05  0.252056E+05  0.000000E+00  0.189047E+05  0.189047E+05  0.189047E+05 -0.618862E+00  0.180635E+05  0.180629E+05  0.297223E+02
  0.125875E-03  0.188780E+05  0.188777E+05  0.251703E+05  0.251699E+05  0.000000E+00  0.188779E+05  0.188779E+05  0.188779E+05 -0.618862E+00  0.180635E+05  0.180629E+05  0.298448E+02
  0.126456E-03  0.188519E+05  0.188517E+05  0.251355E+05  0.251351E+05  0.000000E+00  0.188519E+05  0.188519E+05  0.188519E+05 -0.618862E+00  0.180635E+05  0.180629E+05  0.299682E+02
  0.127039E-03  0.188265E+05  0.188263E+05  0.251017E+05  0.251012E+05  0.000000E+00  0.188265E+05  0.188265E+05  0.188265E+05 -0.618862E+00  0.180635E+05  0.180629E+05  0.300926E+02
  0.127626E-03  0.188019E+05  0.188016E+05  0.250688E+05  0.250683E+05  0.000000E+00  0.188018E+05  0.188018E+05  0.188018E+05 -0.618862E+00  0.180635E+05  0.180629E+05  0.302177E+02
  0.128215E-03  0.187779E+05  0.187777E+05  0.250369E+05  0.250364E+05  0.000000E+00  0.187779E+05  0.187779E+05  0.187779E+05 -0.618862E+00  0.180635E+05  0.180629E+05  0.303439E+02
  0.128807E-03  0.187547E+05  0.187545E+05  0.250059E+05  0.250055E+05  0.000000E+00  0.187547E+05  0.187547E+05  0.187547E+05 -0.618862E+00  0.180635E+05  0.180629E+05  0.304712E+02
  0.129401E-03  0.187323E+05  0.187320E+05  0.249760E+05  0.249755E+05  0.000000E+00  0.187322E+05  0.187322E+05  0.187322E+05 -0.618861E+00  0.180635E+05  0.180629E+05  0.305995E+02
  0.129998E-03  0.187105E+05  0.187103E+05  0.249470E+05  0.249465E+05  0.000000E+00  0.187105E+05  0.187105E+05  0.187105E+05 -0.618861E+00  0.180635E+05  0.180629E+05  0.307290E+02
  0.130598E-03  0.186896E+05  0.186893E+05  0.249190E+05  0.249186E+05  0.000000E+00  0.186895E+05  0.186895E+05  0.186895E+05 -0.618861E+00  0.180635E+05  0.180629E+05  0.308595E+02
  0.131201E-03  0.186694E+05  0.186691E+05  0.248921E+05  0.248916E+05  0.000000E+00  0.186693E+05  0.186693E+05  0.186693E+05 -0.618861E+00  0.180635E+05  0.180629E+05  0.309912E+02
  0.131807E-03  0.186499E+05  0.186496E+05  0.248661E+05  0.248657E+05  0.000000E+00  0.186498E+05  0.186498E+05  0.186498E+05 -0.618861E+00  0.180635E+05  0.180628E+05  0.311240E+02
  0.132415E-03  0.186312E+05  0.186309E+05  0.248412E+05  0.248407E+05  0.000000E+00  0.186311E+05  0.186311E+05  0.186311E+05 -0.618861E+00  0.180635E+05  0.180628E+05  0.312580E+02
  0.133026E-03  0.186132E+05  0.186130E+05  0.248173E+05  0.248168E+05  0.000000E+00  0.186132E+05  0.186132E+05  0.186132E+05 -0.618861E+00  0.180635E+05  0.180628E+05  0.313911E+02
  0.133640E-03  0.185960E+05  0.185958E+05  0.247943E+05  0.247938E+05  0.000000E+00  0.185960E+05  0.185960E+05  0.185960E+05 -0.618861E+00  0.180635E+05  0.180628E+05  0.315275E+02
  0.134257E-03  0.185796E+05  0.185793E+05  0.247724E+05  0.247719E+05  0.000000E+00  0.185796E+05  0.185796E+05  0.185796E+05 -0.618861E+00  0.180635E+05  0.180628E+05  0.316652E+02
  0.134877E-03  0.185639E+05  0.185636E+05  0.247515E+05  0.247510E+05  0.000000E+00  0.185639E+05  0.185639E+05  0.185639E+05 -0.618861E+00  0.180635E+05  0.180628E+05  0.318041E+02
  0.135500E-03  0.185490E+05  0.185487E+05  0.247316E+05  0.247311E+05  0.000000E+00  0.185490E+05  0.185490E+05  0.185490E+05 -0.618861E+00  0.180635E+05  0.180628E+05  0.319442E+02
  0.136125E-03  0.185348E+05  0.185345E+05  0.247127E+05  0.247122E+05  0.000000E+00  0.185348E+05  0.185348E+05  0.185348E+05 -0.618861E+00  0.180635E+05  0.180628E+05  0.320855E+02
  0.136753E-03  0.185214E+05  0.185211E+05  0.246947E+05  0.246942E+05  0.000000E+00  0.185213E+05  0.185213E+05  0.185213E+05 -0.618861E+00  0.180635E+05  0.180628E+05  0.322281E+02
  0.137385E-03  0.185087E+05  0.185084E+05  0.246778E+05  0.246773E+05  0.000000E+00  0.185086E+05  0.185086E+05  0.185086E+05 -0.618861E+00  0.180635E+05  0.180628E+05  0.323718E+02
  0.138019E-03  0.184967E+05  0.184964E+05  0.246618E+05  0.246613E+05  0.000000E+00  0.184966E+05  0.184966E+05  0.184966E+05 -0.618860E+00  0.180635E+05  0.180628E+05  0.325169E+02
  0.138656E-03  0.184855E+05  0.184852E+05  0.246469E+05  0.246463E+05  0.000000E+00  0.184854E+05  0.184854E+05  0.184854E+05 -0.618860E+00  0.180635E+05  0.180628E+05  0.326605E+02
  0.139296E-03  0.184750E+05  0.184747E+05  0.246329E+05  0.246323E+05  0.000000E+00  0.184749E+05  0.184749E+05  0.184749E+05 -0.618860E+00  0.180635E+05  0.180628E+05  0.328083E+02
  0.139939E-03  0.184652E+05  0.184649E+05  0.246199E+05  0.246193E+05  0.000000E+00  0.184652E+05  0.184652E+05  0.184652E+05 -0.618860E+00  0.180635E+05  0.180627E+05  0.329629E+02
  0.140585E-03  0.184562E+05  0.184559E+05  0.246078E+05  0.246073E+05  0.000000E+00  0.184561E+05  0.184561E+05  0.184561E+05 -0.618860E+00  0.180635E+05  0.180627E+05  0.331131E+02
  0.141234E-03  0.184479E+05  0.184476E+05  0.245968E+05  0.245962E+05  0.000000E+00  0.184479E+05  0.184479E+05  0.184479E+05 -0.618860E+00  0.180635E+05  0.180627E+05  0.332647E+02
  0.141886E-03  0.182956E+05  0.182953E+05  0.243937E+05  0.243932E+05  0.000000E+00  0.182956E+05  0.182956E+05  0.182956E+05 -0.618860E+00  0.180635E+05  0.180627E+05  0.330480E+02
  0.142540E-03  0.182901E+05  0.182898E+05  0.243863E+05  0.243858E+05  0.000000E+00  0.182900E+05  0.182900E+05  0.182900E+05 -0.618860E+00  0.180635E+05  0.180627E+05  0.332131E+02
  0.143198E-03  0.184576E+05  0.184573E+05  0.246097E+05  0.246092E+05  0.000000E+00  0.184576E+05  0.184576E+05  0.184576E+05 -0.618859E+00  0.180635E+05  0.180627E+05  0.337084E+02
  0.143859E-03  0.182655E+05  0.182652E+05  0.243536E+05  0.243530E+05  0.000000E+00  0.182655E+05  0.182655E+05  0.182655E+05 -0.618860E+00  0.180635E+05  0.180627E+05  0.335172E+02
  0.144523E-03  0.182498E+05  0.182494E+05  0.243325E+05  0.243320E+05  0.000000E+00  0.182497E+05  0.182497E+05  0.182497E+05 -0.618860E+00  0.180635E+05  0.180627E+05  0.336627E+02
  0.145190E-03  0.182343E+05  0.182340E+05  0.243120E+05  0.243114E+05  0.000000E+00  0.182343E+05  0.182343E+05  0.182343E+05 -0.618860E+00  0.180635E+05  0.180627E+05  0.338091E+02
  0.145861E-03  0.182192E+05  0.182189E+05  0.242918E+05  0.242912E+05  0.000000E+00  0.182192E+05  0.182192E+05  0.182192E+05 -0.618860E+00  0.180635E+05  0.180627E+05  0.339563E+02
  0.146534E-03  0.182045E+05  0.182041E+05  0.242722E+05  0.242716E+05  0.000000E+00  0.182044E+05  0.182044E+05  0.182044E+05 -0.618859E+00  0.180635E+05  0.180627E+05  0.341045E+02
  0.147210E-03  0.181901E+05  0.181897E+05  0.242530E+05  0.242524E+05  0.000000E+00  0.181900E+05  0.181900E+05  0.181900E+05 -0.618859E+00  0.180635E+05  0.180627E+05  0.342536E+02
  0.147890E-03  0.181761E+05  0.181757E+05  0.242343E+05  0.242337E+05  0.000000E+00  0.181760E+05  0.181760E+05  0.181760E+05 -0.618859E+00  0.180635E+05  0.180627E+05  0.344036E+02
  0.148572E-03  0.181624E+05  0.181621E+05  0.242161E+05  0.242155E+05  0.000000E+00  0.181624E+05  0.181624E+05  0.181624E+05 -0.618859E+00  0.180635E+05  0.180627E+05  0.345546E+02
  0.149258E-03  0.181492E+05  0.181489E+05  0.241985E+05  0.241978E+05  0.000000E+00  0.181491E+05  0.181491E+05  0.181491E+05 -0.618859E+00  0.180635E+05  0.180626E+05  0.347067E+02
  0.149947E-03  0.181335E+05  0.181332E+05  0.241775E+05  0.241769E+05  0.000000E+00  0.181335E+05  0.181335E+05  0.181335E+05 -0.618859E+00  0.180635E+05  0.180626E+05  0.348526E+02
  0.150639E-03  0.181168E+05  0.181164E+05  0.241552E+05  0.241546E+05  0.000000E+00  0.181167E+05  0.181167E+05  0.181167E+05 -0.618859E+00  0.180635E+05  0.180626E+05  0.349934E+02
  0.151335E-03  0.182054E+05  0.182051E+05  0.242734E+05  0.242728E+05  0.000000E+00  0.182054E+05  0.182054E+05  0.182054E+05 -0.618859E+00  0.180635E+05  0.180626E+05  0.354666E+02
  0.152033E-03  0.181923E+05  0.181919E+05  0.242559E+05  0.242552E+05  0.000000E+00  0.181922E+05  0.181922E+05  0.181922E+05 -0.618859E+00  0.180635E+05  0.180626E+05  0.356201E+02
  0.152735E-03  0.181795E+05  0.181792E+05  0.242389E+05  0.242382E+05  0.000000E+00  0.181795E+05  0.181795E+05  0.181795E+05 -0.618859E+00  0.180635E+05  0.180626E+05  0.357747E+02
  0.153440E-03  0.181672E+05  0.181668E+05  0.242224E+05  0.242217E+05  0.000000E+00  0.181671E+05  0.181671E+05  0.181671E+05 -0.618858E+00  0.180635E+05  0.180626E+05  0.359304E+02
  0.154148E-03  0.181552E+05  0.181548E+05  0.242064E+05  0.242058E+05  0.000000E+00  0.181551E+05  0.181551E+05  0.181551E+05 -0.618858E+00  0.180634E+05  0.180626E+05  0.360876E+02
  0.154860E-03  0.181437E+05  0.181433E+05  0.241910E+05  0.241903E+05  0.000000E+00  0.181436E+05  0.181436E+05  0.181436E+05 -0.618858E+00  0.180634E+05  0.180626E+05  0.362451E+02
  0.155574E-03  0.181325E+05  0.181321E+05  0.241762E+05  0.241755E+05  0.000000E+00  0.181325E+05  0.181325E+05  0.181325E+05 -0.618858E+00  0.180634E+05  0.180625E+05  0.364035E+02
  0.156292E-03  0.181218E+05  0.181214E+05  0.241619E+05  0.241612E+05  0.000000E+00  0.181218E+05  0.181218E+05  0.181218E+05 -0.618858E+00  0.180634E+05  0.180625E+05  0.365639E+02
  0.157014E-03  0.181115E+05  0.181111E+05  0.241482E+05  0.241475E+05  0.000000E+00  0.181115E+05  0.181115E+05  0.181115E+05 -0.618858E+00  0.180634E+05  0.180625E+05  0.367254E+02
  0.157739E-03  0.181017E+05  0.181013E+05  0.241350E+05  0.241344E+05  0.000000E+00  0.181016E+05  0.181016E+05  0.181016E+05 -0.618858E+00  0.180634E+05  0.180625E+05  0.368886E+02
  0.158467E-03  0.180923E+05  0.180919E+05  0.241225E+05  0.241218E+05  0.000000E+00  0.180922E+05  0.180922E+05  0.180922E+05 -0.618858E+00  0.180634E+05  0.180625E+05  0.370527E+02
  0.159198E-03  0.180834E+05  0.180830E+05  0.241106E+05  0.241099E+05  0.000000E+00  0.180833E+05  0.180833E+05  0.180833E+05 -0.618857E+00  0.180634E+05  0.180625E+05  0.372177E+02
  0.159933E-03  0.180749E+05  0.180745E+05  0.240993E+05  0.240985E+05  0.000000E+00  0.180748E+05  0.180748E+05  0.180748E+05 -0.618857E+00  0.180634E+05  0.180625E+05  0.373838E+02
  0.160671E-03  0.180669E+05  0.180664E+05  0.240886E+05  0.240879E+05  0.000000E+00  0.180668E+05  0.180668E+05  0.180668E+05 -0.618857E+00  0.180634E+05  0.180625E+05  0.375513E+02
  0.161413E-03  0.182412E+05  0.182407E+05  0.243210E+05  0.243202E+05  0.000000E+00  0.182411E+05  0.182411E+05  0.182411E+05 -0.618856E+00  0.180634E+05  0.180624E+05  0.381261E+02
  0.162158E-03  0.181122E+05  0.181117E+05  0.241490E+05  0.241482E+05  0.000000E+00  0.181121E+05  0.181121E+05  0.181121E+05 -0.618857E+00  0.180634E+05  0.180624E+05  0.380847E+02
  0.162906E-03  0.180999E+05  0.180995E+05  0.241327E+05  0.241319E+05  0.000000E+00  0.180999E+05  0.180999E+05  0.180999E+05 -0.618857E+00  0.180634E+05  0.180624E+05  0.382479E+02
  0.163658E-03  0.180879E+05  0.180875E+05  0.241166E+05  0.241158E+05  0.000000E+00  0.180878E+05  0.180878E+05  0.180878E+05 -0.618857E+00  0.180634E+05  0.180624E+05  0.384120E+02
  0.164414E-03  0.180760E+05  0.180756E+05  0.241008E+05  0.241000E+05  0.000000E+00  0.180760E+05  0.180760E+05  0.180760E+05 -0.618856E+00  0.180634E+05  0.180624E+05  0.385794E+02
  0.165173E-03  0.180673E+05  0.180669E+05  0.240891E+05  0.240884E+05  0.000000E+00  0.180672E+05  0.180672E+05  0.180672E+05 -0.618856E+00  0.180634E+05  0.180624E+05  0.387472E+02
  0.165935E-03  0.180605E+05  0.180600E+05  0.240800E+05  0.240793E+05  0.000000E+00  0.180604E+05  0.180604E+05  0.180604E+05 -0.618856E+00  0.180634E+05  0.180624E+05  0.389235E+02
  0.166701E-03  0.180537E+05  0.180532E+05  0.240710E+05  0.240702E+05  0.000000E+00  0.180536E+05  0.180536E+05  0.180536E+05 -0.618856E+00  0.180634E+05  0.180624E+05  0.391006E+02
  0.167470E-03  0.180470E+05  0.180465E+05  0.240620E+05  0.240612E+05  0.000000E+00  0.180469E+05  0.180469E+05  0.180469E+05 -0.618856E+00  0.180634E+05  0.180624E+05  0.392873E+02
  0.168243E-03  0.181076E+05  0.181072E+05  0.241429E+05  0.241421E+05  0.000000E+00  0.181076E+05  0.181076E+05  0.181076E+05 -0.618856E+00  0.180634E+05  0.180623E+05  0.396035E+02
  0.169020E-03  0.180987E+05  0.180982E+05  0.241309E+05  0.241301E+05  0.000000E+00  0.180986E+05  0.180986E+05  0.180986E+05 -0.618855E+00  0.180634E+05  0.180623E+05  0.397766E+02
  0.169800E-03  0.181520E+05  0.181515E+05  0.242020E+05  0.242012E+05  0.000000E+00  0.181519E+05  0.181519E+05  0.181519E+05 -0.618855E+00  0.180634E+05  0.180623E+05  0.401235E+02
  0.170584E-03  0.181413E+05  0.181408E+05  0.241878E+05  0.241869E+05  0.000000E+00  0.181412E+05  0.181412E+05  0.181412E+05 -0.618855E+00  0.180634E+05  0.180623E+05  0.402933E+02
  0.171371E-03  0.181310E+05  0.181306E+05  0.241741E+05  0.241732E+05  0.000000E+00  0.181310E+05  0.181310E+05  0.181310E+05 -0.618855E+00  0.180634E+05  0.180623E+05  0.404634E+02
  0.172162E-03  0.181212E+05  0.181207E+05  0.241609E+05  0.241601E+05  0.000000E+00  0.181211E+05  0.181211E+05  0.181211E+05 -0.618855E+00  0.180634E+05  0.180623E+05  0.406355E+02
  0.172957E-03  0.181117E+05  0.181112E+05  0.241482E+05  0.241474E+05  0.000000E+00  0.181116E+05  0.181116E+05  0.181116E+05 -0.618854E+00  0.180634E+05  0.180623E+05  0.408122E+02
  0.173755E-03  0.181025E+05  0.181020E+05  0.241360E+05  0.241352E+05  0.000000E+00  0.181024E+05  0.181024E+05  0.181024E+05 -0.618854E+00  0.180634E+05  0.180623E+05  0.409800E+02
  0.174557E-03  0.180128E+05  0.180123E+05  0.240164E+05  0.240156E+05  0.000000E+00  0.180127E+05  0.180127E+05  0.180127E+05 -0.618855E+00  0.180634E+05  0.180623E+05  0.410179E+02
  0.175363E-03  0.179719E+05  0.179714E+05  0.239618E+05  0.239610E+05  0.000000E+00  0.179718E+05  0.179718E+05  0.179718E+05 -0.618854E+00  0.180634E+05  0.180622E+05  0.411218E+02
  0.176172E-03  0.179594E+05  0.179589E+05  0.239452E+05  0.239443E+05  0.000000E+00  0.179593E+05  0.179593E+05  0.179593E+05 -0.618854E+00  0.180634E+05  0.180622E+05  0.412898E+02
  0.176986E-03  0.179471E+05  0.179466E+05  0.239288E+05  0.239280E+05  0.000000E+00  0.179471E+05  0.179471E+05  0.179471E+05 -0.618854E+00  0.180634E+05  0.180622E+05  0.414632E+02
  0.177803E-03  0.179352E+05  0.179347E+05  0.239128E+05  0.239120E+05  0.000000E+00  0.179351E+05  0.179351E+05  0.179351E+05 -0.618854E+00  0.180634E+05  0.180622E+05  0.416300E+02
  0.178623E-03  0.180108E+05  0.180103E+05  0.240137E+05  0.240129E+05  0.000000E+00  0.180108E+05  0.180108E+05  0.180108E+05 -0.618853E+00  0.180634E+05  0.180622E+05  0.417942E+02
  0.179448E-03  0.179962E+05  0.179957E+05  0.239942E+05  0.239933E+05  0.000000E+00  0.179961E+05  0.179961E+05  0.179961E+05 -0.618853E+00  0.180634E+05  0.180622E+05  0.419646E+02
  0.180276E-03  0.179817E+05  0.179812E+05  0.239749E+05  0.239740E+05  0.000000E+00  0.179817E+05  0.179817E+05  0.179817E+05 -0.618853E+00  0.180634E+05  0.180622E+05  0.421387E+02
  0.181108E-03  0.179675E+05  0.179670E+05  0.239559E+05  0.239550E+05  0.000000E+00  0.179674E+05  0.179674E+05  0.179674E+05 -0.618853E+00  0.180634E+05  0.180622E+05  0.422990E+02
  0.181944E-03  0.179536E+05  0.179530E+05  0.239374E+05  0.239364E+05  0.000000E+00  0.179535E+05  0.179535E+05  0.179535E+05 -0.618853E+00  0.180634E+05  0.180622E+05  0.424740E+02
  0.182784E-03  0.179401E+05  0.179395E+05  0.239193E+05  0.239184E+05  0.000000E+00  0.179400E+05  0.179400E+05  0.179400E+05 -0.618853E+00  0.180634E+05  0.180621E+05  0.426504E+02
  0.183628E-03  0.179271E+05  0.179265E+05  0.239020E+05  0.239011E+05  0.000000E+00  0.179270E+05  0.179270E+05  0.179270E+05 -0.618853E+00  0.180634E+05  0.180621E+05  0.428411E+02
  0.184475E-03  0.178465E+05  0.178460E+05  0.237946E+05  0.237936E+05  0.000000E+00  0.178464E+05  0.178464E+05  0.178464E+05 -0.618853E+00  0.180634E+05  0.180621E+05  0.428470E+02
  0.185327E-03  0.178365E+05  0.178360E+05  0.237812E+05  0.237803E+05  0.000000E+00  0.178364E+05  0.178364E+05  0.178364E+05 -0.618853E+00  0.180634E+05  0.180621E+05  0.430313E+02
  0.186182E-03  0.178271E+05  0.178266E+05  0.237687E+05  0.237677E+05  0.000000E+00  0.178270E+05  0.178270E+05  0.178270E+05 -0.618853E+00  0.180634E+05  0.180621E+05  0.432195E+02
  0.187042E-03  0.178183E+05  0.178178E+05  0.237570E+05  0.237561E+05  0.000000E+00  0.178183E+05  0.178183E+05  0.178183E+05 -0.618852E+00  0.180634E+05  0.180621E+05  0.434057E+02
  0.187905E-03  0.177428E+05  0.177423E+05  0.236563E+05  0.236553E+05  0.000000E+00  0.177427E+05  0.177427E+05  0.177427E+05 -0.618853E+00  0.180634E+05  0.180621E+05  0.434219E+02
  0.188772E-03  0.177369E+05  0.177363E+05  0.236484E+05  0.236474E+05  0.000000E+00  0.177368E+05  0.177368E+05  0.177368E+05 -0.618852E+00  0.180634E+05  0.180621E+05  0.436137E+02
  0.189644E-03  0.177315E+05  0.177310E+05  0.236412E+05  0.236402E+05  0.000000E+00  0.177314E+05  0.177314E+05  0.177314E+05 -0.618852E+00  0.180634E+05  0.180620E+05  0.438120E+02
  0.190519E-03  0.177258E+05  0.177253E+05  0.236337E+05  0.236327E+05  0.000000E+00  0.177258E+05  0.177258E+05  0.177258E+05 -0.618852E+00  0.180634E+05  0.180620E+05  0.440098E+02
  0.191398E-03  0.177197E+05  0.177192E+05  0.236255E+05  0.236245E+05  0.000000E+00  0.177196E+05  0.177196E+05  0.177196E+05 -0.618852E+00  0.180634E+05  0.180620E+05  0.442070E+02
  0.192282E-03  0.177140E+05  0.177135E+05  0.236179E+05  0.236169E+05  0.000000E+00  0.177139E+05  0.177139E+05  0.177139E+05 -0.618852E+00  0.180634E+05  0.180620E+05  0.444057E+02
  0.193169E-03  0.177088E+05  0.177082E+05  0.236109E+05  0.236098E+05  0.000000E+00  0.177087E+05  0.177087E+05  0.177087E+05 -0.618851E+00  0.180634E+05  0.180620E+05  0.446060E+02
  0.194061E-03  0.177039E+05  0.177033E+05  0.236044E+05  0.236034E+05  0.000000E+00  0.177038E+05  0.177038E+05  0.177038E+05 -0.618851E+00  0.180634E+05  0.180620E+05  0.448080E+02
  0.194957E-03  0.176996E+05  0.176990E+05  0.235986E+05  0.235975E+05  0.000000E+00  0.176995E+05  0.176995E+05  0.176995E+05 -0.618851E+00  0.180634E+05  0.180620E+05  0.450115E+02
  0.195857E-03  0.176956E+05  0.176950E+05  0.235933E+05  0.235923E+05  0.000000E+00  0.176955E+05  0.176955E+05  0.176955E+05 -0.618851E+00  0.180634E+05  0.180619E+05  0.452169E+02
  0.196761E-03  0.175674E+05  0.175668E+05  0.234224E+05  0.234213E+05  0.000000E+00  0.175673E+05  0.175673E+05  0.175673E+05 -0.618851E+00  0.180634E+05  0.180619E+05  0.451574E+02
  0.197669E-03  0.175605E+05  0.175599E+05  0.234132E+05  0.234121E+05  0.000000E+00  0.175604E+05  0.175604E+05  0.175604E+05 -0.618851E+00  0.180634E+05  0.180619E+05  0.453608E+02
  0.198581E-03  0.175545E+05  0.175539E+05  0.234052E+05  0.234041E+05  0.000000E+00  0.175544E+05  0.175544E+05  0.175544E+05 -0.618851E+00  0.180634E+05  0.180619E+05  0.455671E+02
  0.199498E-03  0.175494E+05  0.175488E+05  0.233984E+05  0.233972E+05  0.000000E+00  0.175493E+05  0.175493E+05  0.175493E+05 -0.618851E+00  0.180633E+05  0.180619E+05  0.457764E+02
  0.200419E-03  0.175453E+05  0.175447E+05  0.233928E+05  0.233917E+05  0.000000E+00  0.175452E+05  0.175452E+05  0.175452E+05 -0.618851E+00  0.180633E+05  0.180619E+05  0.459890E+02
  0.201344E-03  0.175423E+05  0.175417E+05  0.233889E+05  0.233877E+05  0.000000E+00  0.175422E+05  0.175422E+05  0.175422E+05 -0.618851E+00  0.180633E+05  0.180619E+05  0.462052E+02
  0.202273E-03  0.175403E+05  0.175396E+05  0.233861E+05  0.233850E+05  0.000000E+00  0.175402E+05  0.175402E+05  0.175402E+05 -0.618850E+00  0.180633E+05  0.180618E+05  0.464246E+02
  0.203207E-03  0.175390E+05  0.175384E+05  0.233845E+05  0.233834E+05  0.000000E+00  0.175389E+05  0.175389E+05  0.175389E+05 -0.618850E+00  0.180633E+05  0.180618E+05  0.466468E+02
  0.204145E-03  0.175385E+05  0.175379E+05  0.233838E+05  0.233826E+05  0.000000E+00  0.175384E+05  0.175384E+05  0.175384E+05 -0.618850E+00  0.180633E+05  0.180618E+05  0.468715E+02
  0.205087E-03  0.175386E+05  0.175379E+05  0.233838E+05  0.233827E+05  0.000000E+00  0.175385E+05  0.175385E+05  0.175385E+05 -0.618850E+00  0.180633E+05  0.180618E+05  0.470984E+02
  0.206034E-03  0.175392E+05  0.175385E+05  0.233847E+05  0.233835E+05  0.000000E+00  0.175391E+05  0.175391E+05  0.175391E+05 -0.618850E+00  0.180633E+05  0.180618E+05  0.473272E+02
  0.206985E-03  0.175403E+05  0.175397E+05  0.233862E+05  0.233850E+05  0.000000E+00  0.175402E+05  0.175402E+05  0.175402E+05 -0.618849E+00  0.180633E+05  0.180618E+05  0.475581E+02
  0.207940E-03  0.175420E+05  0.175413E+05  0.233883E+05  0.233871E+05  0.000000E+00  0.175418E+05  0.175418E+05  0.175418E+05 -0.618849E+00  0.180633E+05  0.180617E+05  0.477913E+02
  0.208900E-03  0.175440E+05  0.175433E+05  0.233911E+05  0.233899E+05  0.000000E+00  0.175439E+05  0.175439E+05  0.175439E+05 -0.618849E+00  0.180633E+05  0.180617E+05  0.480305E+02
  0.209864E-03  0.175465E+05  0.175458E+05  0.233944E+05  0.233932E+05  0.000000E+00  0.175464E+05  0.175464E+05  0.175464E+05 -0.618849E+00  0.180633E+05  0.180617E+05  0.482663E+02
  0.210833E-03  0.175494E+05  0.175487E+05  0.233982E+05  0.233970E+05  0.000000E+00  0.175493E+05  0.175493E+05  0.175493E+05 -0.618848E+00  0.180633E+05  0.180617E+05  0.485022E+02
  0.211806E-03  0.175526E+05  0.175519E+05  0.234025E+05  0.234012E+05  0.000000E+00  0.175525E+05  0.175525E+05  0.175525E+05 -0.618848E+00  0.180633E+05  0.180617E+05  0.487418E+02
  0.212784E-03  0.175562E+05  0.175555E+05  0.234072E+05  0.234060E+05  0.000000E+00  0.175561E+05  0.175561E+05  0.175561E+05 -0.618848E+00  0.180633E+05  0.180616E+05  0.489830E+02
  0.213766E-03  0.175601E+05  0.175594E+05  0.234124E+05  0.234112E+05  0.000000E+00  0.175600E+05  0.175600E+05  0.175600E+05 -0.618848E+00  0.180633E+05  0.180616E+05  0.492255E+02
  0.214752E-03  0.174973E+05  0.174966E+05  0.233288E+05  0.233275E+05  0.000000E+00  0.174972E+05  0.174972E+05  0.174972E+05 -0.618848E+00  0.180633E+05  0.180616E+05  0.493129E+02
  0.215744E-03  0.174969E+05  0.174962E+05  0.233282E+05  0.233269E+05  0.000000E+00  0.174968E+05  0.174968E+05  0.174968E+05 -0.618847E+00  0.180633E+05  0.180616E+05  0.495479E+02
  0.216739E-03  0.174966E+05  0.174959E+05  0.233278E+05  0.233265E+05  0.000000E+00  0.174965E+05  0.174965E+05  0.174965E+05 -0.618847E+00  0.180633E+05  0.180616E+05  0.497866E+02
  0.217740E-03  0.174965E+05  0.174957E+05  0.233276E+05  0.233263E+05  0.000000E+00  0.174964E+05  0.174964E+05  0.174964E+05 -0.618847E+00  0.180633E+05  0.180615E+05  0.500235E+02
  0.218745E-03  0.174965E+05  0.174958E+05  0.233276E+05  0.233263E+05  0.000000E+00  0.174964E+05  0.174964E+05  0.174964E+05 -0.618847E+00  0.180633E+05  0.180615E+05  0.502636E+02
  0.219755E-03  0.174736E+05  0.174728E+05  0.232970E+05  0.232957E+05  0.000000E+00  0.174734E+05  0.174734E+05  0.174734E+05 -0.618847E+00  0.180633E+05  0.180615E+05  0.504246E+02
  0.220769E-03  0.174699E+05  0.174691E+05  0.232921E+05  0.232908E+05  0.000000E+00  0.174698E+05  0.174698E+05  0.174698E+05 -0.618847E+00  0.180633E+05  0.180615E+05  0.506572E+02
  0.221788E-03  0.174669E+05  0.174662E+05  0.232882E+05  0.232868E+05  0.000000E+00  0.174668E+05  0.174668E+05  0.174668E+05 -0.618846E+00  0.180633E+05  0.180615E+05  0.508927E+02
  0.222812E-03  0.174654E+05  0.174646E+05  0.232861E+05  0.232847E+05  0.000000E+00  0.174653E+05  0.174653E+05  0.174653E+05 -0.618846E+00  0.180633E+05  0.180615E+05  0.511331E+02
  0.223840E-03  0.175144E+05  0.175136E+05  0.233514E+05  0.233500E+05  0.000000E+00  0.175142E+05  0.175142E+05  0.175142E+05 -0.618845E+00  0.180633E+05  0.180614E+05  0.514997E+02
  0.224873E-03  0.175097E+05  0.175089E+05  0.233452E+05  0.233438E+05  0.000000E+00  0.175096E+05  0.175096E+05  0.175096E+05 -0.618845E+00  0.180633E+05  0.180614E+05  0.517343E+02
  0.225911E-03  0.175055E+05  0.175047E+05  0.233395E+05  0.233381E+05  0.000000E+00  0.175053E+05  0.175053E+05  0.175053E+05 -0.618845E+00  0.180633E+05  0.180614E+05  0.519705E+02
  0.226954E-03  0.175016E+05  0.175008E+05  0.233343E+05  0.233329E+05  0.000000E+00  0.175015E+05  0.175015E+05  0.175015E+05 -0.618845E+00  0.180632E+05  0.180614E+05  0.522085E+02
  0.228002E-03  0.174982E+05  0.174974E+05  0.233298E+05  0.233284E+05  0.000000E+00  0.174981E+05  0.174981E+05  0.174981E+05 -0.618845E+00  0.180632E+05  0.180613E+05  0.524483E+02
  0.229054E-03  0.174954E+05  0.174946E+05  0.233260E+05  0.233246E+05  0.000000E+00  0.174953E+05  0.174953E+05  0.174953E+05 -0.618844E+00  0.180632E+05  0.180613E+05  0.526902E+02
  0.230111E-03  0.174932E+05  0.174923E+05  0.233231E+05  0.233216E+05  0.000000E+00  0.174930E+05  0.174930E+05  0.174930E+05 -0.618844E+00  0.180632E+05  0.180613E+05  0.529343E+02
  0.231173E-03  0.174916E+05  0.174908E+05  0.233210E+05  0.233195E+05  0.000000E+00  0.174915E+05  0.174915E+05  0.174915E+05 -0.618844E+00  0.180632E+05  0.180613E+05  0.531807E+02
  0.232241E-03  0.174392E+05  0.174384E+05  0.232511E+05  0.232496E+05  0.000000E+00  0.174391E+05  0.174391E+05  0.174391E+05 -0.618844E+00  0.180632E+05  0.180613E+05  0.533000E+02
  0.233313E-03  0.174333E+05  0.174325E+05  0.232432E+05  0.232417E+05  0.000000E+00  0.174332E+05  0.174332E+05  0.174332E+05 -0.618844E+00  0.180632E+05  0.180612E+05  0.535393E+02
  0.234389E-03  0.174281E+05  0.174272E+05  0.232363E+05  0.232347E+05  0.000000E+00  0.174280E+05  0.174280E+05  0.174280E+05 -0.618843E+00  0.180632E+05  0.180612E+05  0.537815E+02
  0.235471E-03  0.174236E+05  0.174227E+05  0.232302E+05  0.232287E+05  0.000000E+00  0.174234E+05  0.174234E+05  0.174234E+05 -0.618843E+00  0.180632E+05  0.180612E+05  0.540267E+02
  0.236558E-03  0.174197E+05  0.174189E+05  0.232251E+05  0.232235E+05  0.000000E+00  0.174196E+05  0.174196E+05  0.174196E+05 -0.618843E+00  0.180632E+05  0.180612E+05  0.542749E+02
  0.237650E-03  0.174167E+05  0.174158E+05  0.232210E+05  0.232194E+05  0.000000E+00  0.174165E+05  0.174165E+05  0.174165E+05 -0.618843E+00  0.180632E+05  0.180611E+05  0.545262E+02
  0.238747E-03  0.174143E+05  0.174134E+05  0.232178E+05  0.232163E+05  0.000000E+00  0.174142E+05  0.174142E+05  0.174142E+05 -0.618842E+00  0.180632E+05  0.180611E+05  0.547807E+02
  0.239849E-03  0.174127E+05  0.174118E+05  0.232157E+05  0.232141E+05  0.000000E+00  0.174125E+05  0.174125E+05  0.174125E+05 -0.618842E+00  0.180632E+05  0.180611E+05  0.550382E+02
  0.240956E-03  0.174999E+05  0.174990E+05  0.233320E+05  0.233304E+05  0.000000E+00  0.174998E+05  0.174998E+05  0.174998E+05 -0.618841E+00  0.180632E+05  0.180611E+05  0.555966E+02
  0.242068E-03  0.174999E+05  0.174990E+05  0.233320E+05  0.233303E+05  0.000000E+00  0.174998E+05  0.174998E+05  0.174998E+05 -0.618841E+00  0.180632E+05  0.180610E+05  0.558627E+02
  0.243186E-03  0.175002E+05  0.174992E+05  0.233322E+05  0.233306E+05  0.000000E+00  0.175000E+05  0.175000E+05  0.175000E+05 -0.618841E+00  0.180632E+05  0.180610E+05  0.561304E+02
  0.244308E-03  0.174155E+05  0.174146E+05  0.232194E+05  0.232178E+05  0.000000E+00  0.174154E+05  0.174154E+05  0.174154E+05 -0.618841E+00  0.180632E+05  0.180610E+05  0.560122E+02
  0.245436E-03  0.173703E+05  0.173693E+05  0.231590E+05  0.231574E+05  0.000000E+00  0.173701E+05  0.173701E+05  0.173701E+05 -0.618841E+00  0.180632E+05  0.180610E+05  0.561643E+02
  0.246569E-03  0.173674E+05  0.173664E+05  0.231552E+05  0.231535E+05  0.000000E+00  0.173672E+05  0.173672E+05  0.173672E+05 -0.618841E+00  0.180632E+05  0.180610E+05  0.564314E+02
  0.247707E-03  0.173660E+05  0.173650E+05  0.231533E+05  0.231516E+05  0.000000E+00  0.173658E+05  0.173658E+05  0.173658E+05 -0.618840E+00  0.180632E+05  0.180609E+05  0.567035E+02
  0.248850E-03  0.173661E+05  0.173651E+05  0.231534E+05  0.231517E+05  0.000000E+00  0.173659E+05  0.173659E+05  0.173659E+05 -0.618840E+00  0.180632E+05  0.180609E+05  0.569805E+02
  0.249999E-03  0.173676E+05  0.173666E+05  0.231554E+05  0.231537E+05  0.000000E+00  0.173674E+05  0.173674E+05  0.173674E+05 -0.618840E+00  0.180632E+05  0.180609E+05  0.572624E+02
  0.251153E-03  0.174529E+05  0.174520E+05  0.232692E+05  0.232675E+05  0.000000E+00  0.174528E+05  0.174528E+05  0.174528E+05 -0.618839E+00  0.180632E+05  0.180608E+05  0.578387E+02
  0.252312E-03  0.174570E+05  0.174560E+05  0.232746E+05  0.232729E+05  0.000000E+00  0.174569E+05  0.174569E+05  0.174569E+05 -0.618838E+00  0.180632E+05  0.180608E+05  0.581317E+02
  0.253477E-03  0.174612E+05  0.174602E+05  0.232802E+05  0.232785E+05  0.000000E+00  0.174611E+05  0.174611E+05  0.174611E+05 -0.618838E+00  0.180631E+05  0.180608E+05  0.584254E+02
  0.254647E-03  0.174656E+05  0.174645E+05  0.232860E+05  0.232842E+05  0.000000E+00  0.174654E+05  0.174654E+05  0.174654E+05 -0.618838E+00  0.180631E+05  0.180608E+05  0.587197E+02
  0.255822E-03  0.174700E+05  0.174690E+05  0.232919E+05  0.232901E+05  0.000000E+00  0.174698E+05  0.174698E+05  0.174698E+05 -0.618837E+00  0.180631E+05  0.180607E+05  0.590146E+02
  0.257003E-03  0.174344E+05  0.174334E+05  0.232444E+05  0.232426E+05  0.000000E+00  0.174342E+05  0.174342E+05  0.174342E+05 -0.618837E+00  0.180631E+05  0.180607E+05  0.591992E+02
  0.258189E-03  0.174324E+05  0.174314E+05  0.232418E+05  0.232399E+05  0.000000E+00  0.174323E+05  0.174323E+05  0.174323E+05 -0.618837E+00  0.180631E+05  0.180607E+05  0.594766E+02
  0.259381E-03  0.174302E+05  0.174291E+05  0.232388E+05  0.232369E+05  0.000000E+00  0.174300E+05  0.174300E+05  0.174300E+05 -0.618837E+00  0.180631E+05  0.180607E+05  0.597539E+02
  0.260578E-03  0.174277E+05  0.174267E+05  0.232355E+05  0.232336E+05  0.000000E+00  0.174276E+05  0.174276E+05  0.174276E+05 -0.618836E+00  0.180631E+05  0.180606E+05  0.600314E+02
  0.261781E-03  0.174252E+05  0.174242E+05  0.232322E+05  0.232303E+05  0.000000E+00  0.174251E+05  0.174251E+05  0.174251E+05 -0.618836E+00  0.180631E+05  0.180606E+05  0.603096E+02
  0.262989E-03  0.174228E+05  0.174217E+05  0.232289E+05  0.232270E+05  0.000000E+00  0.174226E+05  0.174226E+05  0.174226E+05 -0.618836E+00  0.180631E+05  0.180606E+05  0.605888E+02
  0.264203E-03  0.174205E+05  0.174195E+05  0.232259E+05  0.232239E+05  0.000000E+00  0.174204E+05  0.174204E+05  0.174204E+05 -0.618835E+00  0.180631E+05  0.180605E+05  0.608694E+02
  0.265423E-03  0.174185E+05  0.174174E+05  0.232231E+05  0.232212E+05  0.000000E+00  0.174183E+05  0.174183E+05  0.174183E+05 -0.618835E+00  0.180631E+05  0.180605E+05  0.611516E+02
  0.266648E-03  0.174167E+05  0.174156E+05  0.232208E+05  0.232188E+05  0.000000E+00  0.174166E+05  0.174166E+05  0.174166E+05 -0.618835E+00  0.180631E+05  0.180605E+05  0.614356E+02
  0.267879E-03  0.174154E+05  0.174142E+05  0.232189E+05  0.232169E+05  0.000000E+00  0.174152E+05  0.174152E+05  0.174152E+05 -0.618834E+00  0.180631E+05  0.180605E+05  0.617217E+02
  0.269115E-03  0.174144E+05  0.174132E+05  0.232176E+05  0.232155E+05  0.000000E+00  0.174142E+05  0.174142E+05  0.174142E+05 -0.618834E+00  0.180631E+05  0.180604E+05  0.620100E+02
  0.270357E-03  0.174137E+05  0.174126E+05  0.232167E+05  0.232147E+05  0.000000E+00  0.174135E+05  0.174135E+05  0.174135E+05 -0.618834E+00  0.180631E+05  0.180604E+05  0.623004E+02
  0.271605E-03  0.174135E+05  0.174123E+05  0.232163E+05  0.232143E+05  0.000000E+00  0.174133E+05  0.174133E+05  0.174133E+05 -0.618833E+00  0.180631E+05  0.180604E+05  0.625928E+02
  0.272859E-03  0.173897E+05  0.173885E+05  0.231846E+05  0.231825E+05  0.000000E+00  0.173895E+05  0.173895E+05  0.173895E+05 -0.618833E+00  0.180631E+05  0.180603E+05  0.628169E+02
  0.274118E-03  0.173866E+05  0.173855E+05  0.231805E+05  0.231784E+05  0.000000E+00  0.173864E+05  0.173864E+05  0.173864E+05 -0.618833E+00  0.180631E+05  0.180603E+05  0.631030E+02
  0.275384E-03  0.173835E+05  0.173823E+05  0.231764E+05  0.231743E+05  0.000000E+00  0.173833E+05  0.173833E+05  0.173833E+05 -0.618832E+00  0.180631E+05  0.180603E+05  0.633900E+02
  0.276655E-03  0.173804E+05  0.173792E+05  0.231721E+05  0.231700E+05  0.000000E+00  0.173802E+05  0.173802E+05  0.173802E+05 -0.618832E+00  0.180631E+05  0.180602E+05  0.636782E+02
  0.277932E-03  0.173772E+05  0.173760E+05  0.231679E+05  0.231658E+05  0.000000E+00  0.173770E+05  0.173770E+05  0.173770E+05 -0.618832E+00  0.180630E+05  0.180602E+05  0.639677E+02
  0.279215E-03  0.173741E+05  0.173729E+05  0.231638E+05  0.231616E+05  0.000000E+00  0.173739E+05  0.173739E+05  0.173739E+05 -0.618831E+00  0.180630E+05  0.180602E+05  0.642585E+02
  0.280503E-03  0.173711E+05  0.173699E+05  0.231597E+05  0.231576E+05  0.000000E+00  0.173709E+05  0.173709E+05  0.173709E+05 -0.618831E+00  0.180630E+05  0.180602E+05  0.645509E+02
  0.281798E-03  0.173682E+05  0.173670E+05  0.231559E+05  0.231537E+05  0.000000E+00  0.173680E+05  0.173680E+05  0.173680E+05 -0.618831E+00  0.180630E+05  0.180601E+05  0.648449E+02
  0.283099E-03  0.173654E+05  0.173642E+05  0.231522E+05  0.231499E+05  0.000000E+00  0.173652E+05  0.173652E+05  0.173652E+05 -0.618830E+00  0.180630E+05  0.180601E+05  0.651407E+02
  0.284406E-03  0.173629E+05  0.173616E+05  0.231487E+05  0.231465E+05  0.000000E+00  0.173626E+05  0.173626E+05  0.173626E+05 -0.618830E+00  0.180630E+05  0.180601E+05  0.654383E+02
  0.285718E-03  0.173605E+05  0.173592E+05  0.231455E+05  0.231432E+05  0.000000E+00  0.173603E+05  0.173603E+05  0.173603E+05 -0.618830E+00  0.180630E+05  0.180600E+05  0.657378E+02
  0.287037E-03  0.173583E+05  0.173570E+05  0.231426E+05  0.231403E+05  0.000000E+00  0.173581E+05  0.173581E+05  0.173581E+05 -0.618829E+00  0.180630E+05  0.180600E+05  0.660394E+02
  0.288362E-03  0.173563E+05  0.173550E+05  0.231400E+05  0.231377E+05  0.000000E+00  0.173561E+05  0.173561E+05  0.173561E+05 -0.618829E+00  0.180630E+05  0.180600E+05  0.663430E+02
  0.289693E-03  0.173546E+05  0.173533E+05  0.231377E+05  0.231353E+05  0.000000E+00  0.173544E+05  0.173544E+05  0.173544E+05 -0.618828E+00  0.180630E+05  0.180599E+05  0.666478E+02
  0.291030E-03  0.173532E+05  0.173518E+05  0.231357E+05  0.231333E+05  0.000000E+00  0.173529E+05  0.173529E+05  0.173529E+05 -0.618828E+00  0.180630E+05  0.180599E+05  0.669557E+02
  0.292374E-03  0.173519E+05  0.173506E+05  0.231340E+05  0.231317E+05  0.000000E+00  0.173517E+05  0.173517E+05  0.173517E+05 -0.618828E+00  0.180630E+05  0.180598E+05  0.672656E+02
  0.293723E-03  0.173510E+05  0.173496E+05  0.231327E+05  0.231303E+05  0.000000E+00  0.173507E+05  0.173507E+05  0.173507E+05 -0.618827E+00  0.180630E+05  0.180598E+05  0.675776E+02
  0.295079E-03  0.173226E+05  0.173213E+05  0.230949E+05  0.230925E+05  0.000000E+00  0.173224E+05  0.173224E+05  0.173224E+05 -0.618827E+00  0.180630E+05  0.180598E+05  0.677715E+02
  0.296441E-03  0.173211E+05  0.173198E+05  0.230929E+05  0.230905E+05  0.000000E+00  0.173209E+05  0.173209E+05  0.173209E+05 -0.618827E+00  0.180630E+05  0.180598E+05  0.680907E+02
  0.297809E-03  0.173219E+05  0.173205E+05  0.230939E+05  0.230915E+05  0.000000E+00  0.173217E+05  0.173217E+05  0.173217E+05 -0.618826E+00  0.180630E+05  0.180597E+05  0.683831E+02
  0.299184E-03  0.173163E+05  0.173149E+05  0.230864E+05  0.230839E+05  0.000000E+00  0.173160E+05  0.173160E+05  0.173160E+05 -0.618826E+00  0.180630E+05  0.180597E+05  0.686868E+02
  0.300565E-03  0.173083E+05  0.173069E+05  0.230758E+05  0.230733E+05  0.000000E+00  0.173081E+05  0.173081E+05  0.173081E+05 -0.618825E+00  0.180630E+05  0.180596E+05  0.689900E+02
  0.301952E-03  0.173134E+05  0.173119E+05  0.230825E+05  0.230800E+05  0.000000E+00  0.173131E+05  0.173131E+05  0.173131E+05 -0.618825E+00  0.180629E+05  0.180596E+05  0.693492E+02
  0.303346E-03  0.173233E+05  0.173219E+05  0.230957E+05  0.230932E+05  0.000000E+00  0.173231E+05  0.173231E+05  0.173231E+05 -0.618824E+00  0.180629E+05  0.180596E+05  0.697133E+02
  0.304746E-03  0.173185E+05  0.173171E+05  0.230894E+05  0.230868E+05  0.000000E+00  0.173183E+05  0.173183E+05  0.173183E+05 -0.618824E+00  0.180629E+05  0.180595E+05  0.700102E+02
  0.306153E-03  0.173194E+05  0.173179E+05  0.230905E+05  0.230879E+05  0.000000E+00  0.173192E+05  0.173192E+05  0.173192E+05 -0.618823E+00  0.180629E+05  0.180595E+05  0.703182E+02
  0.307566E-03  0.172979E+05  0.172964E+05  0.230617E+05  0.230591E+05  0.000000E+00  0.172976E+05  0.172976E+05  0.172976E+05 -0.618823E+00  0.180629E+05  0.180595E+05  0.705848E+02
  0.308985E-03  0.173183E+05  0.173168E+05  0.230890E+05  0.230864E+05  0.000000E+00  0.173181E+05  0.173181E+05  0.173181E+05 -0.618823E+00  0.180629E+05  0.180594E+05  0.710121E+02
  0.310412E-03  0.173123E+05  0.173108E+05  0.230809E+05  0.230783E+05  0.000000E+00  0.173120E+05  0.173120E+05  0.173120E+05 -0.618822E+00  0.180629E+05  0.180594E+05  0.713213E+02
  0.311844E-03  0.173108E+05  0.173093E+05  0.230789E+05  0.230762E+05  0.000000E+00  0.173105E+05  0.173105E+05  0.173105E+05 -0.618822E+00  0.180629E+05  0.180593E+05  0.716501E+02
  0.313284E-03  0.173094E+05  0.173078E+05  0.230770E+05  0.230743E+05  0.000000E+00  0.173091E+05  0.173091E+05  0.173091E+05 -0.618821E+00  0.180629E+05  0.180593E+05  0.719806E+02
  0.314730E-03  0.172881E+05  0.172866E+05  0.230487E+05  0.230459E+05  0.000000E+00  0.172879E+05  0.172879E+05  0.172879E+05 -0.618821E+00  0.180629E+05  0.180593E+05  0.722220E+02
  0.316183E-03  0.172923E+05  0.172908E+05  0.230543E+05  0.230515E+05  0.000000E+00  0.172921E+05  0.172921E+05  0.172921E+05 -0.618820E+00  0.180629E+05  0.180592E+05  0.725624E+02
  0.317642E-03  0.172991E+05  0.172975E+05  0.230632E+05  0.230604E+05  0.000000E+00  0.172988E+05  0.172988E+05  0.172988E+05 -0.618820E+00  0.180629E+05  0.180592E+05  0.729506E+02
  0.319108E-03  0.172890E+05  0.172874E+05  0.230497E+05  0.230469E+05  0.000000E+00  0.172887E+05  0.172887E+05  0.172887E+05 -0.618820E+00  0.180629E+05  0.180591E+05  0.732604E+02
  0.320581E-03  0.172862E+05  0.172846E+05  0.230461E+05  0.230432E+05  0.000000E+00  0.172860E+05  0.172860E+05  0.172860E+05 -0.618819E+00  0.180629E+05  0.180591E+05  0.735642E+02
  0.322061E-03  0.172855E+05  0.172838E+05  0.230450E+05  0.230422E+05  0.000000E+00  0.172852E+05  0.172852E+05  0.172852E+05 -0.618818E+00  0.180629E+05  0.180591E+05  0.738973E+02
  0.323547E-03  0.172890E+05  0.172874E+05  0.230497E+05  0.230468E+05  0.000000E+00  0.172888E+05  0.172888E+05  0.172888E+05 -0.618818E+00  0.180628E+05  0.180590E+05  0.743103E+02
  0.325041E-03  0.172869E+05  0.172852E+05  0.230468E+05  0.230439E+05  0.000000E+00  0.172866E+05  0.172866E+05  0.172866E+05 -0.618818E+00  0.180628E+05  0.180590E+05  0.746510E+02
  0.326541E-03  0.172841E+05  0.172825E+05  0.230432E+05  0.230402E+05  0.000000E+00  0.172839E+05  0.172839E+05  0.172839E+05 -0.618817E+00  0.180628E+05  0.180589E+05  0.749872E+02
  0.328048E-03  0.172845E+05  0.172829E+05  0.230437E+05  0.230407E+05  0.000000E+00  0.172843E+05  0.172843E+05  0.172843E+05 -0.618817E+00  0.180628E+05  0.180589E+05  0.753282E+02
  0.329563E-03  0.172849E+05  0.172832E+05  0.230442E+05  0.230412E+05  0.000000E+00  0.172847E+05  0.172847E+05  0.172847E+05 -0.618816E+00  0.180628E+05  0.180588E+05  0.756746E+02
  0.331084E-03  0.172832E+05  0.172815E+05  0.230418E+05  0.230388E+05  0.000000E+00  0.172829E+05  0.172829E+05  0.172829E+05 -0.618815E+00  0.180628E+05  0.180588E+05  0.760181E+02
  0.332612E-03  0.172810E+05  0.172793E+05  0.230389E+05  0.230358E+05  0.000000E+00  0.172807E+05  0.172807E+05  0.172807E+05 -0.618815E+00  0.180628E+05  0.180587E+05  0.763638E+02
  0.334147E-03  0.172787E+05  0.172769E+05  0.230358E+05  0.230327E+05  0.000000E+00  0.172784E+05  0.172784E+05  0.172784E+05 -0.618814E+00  0.180628E+05  0.180587E+05  0.767108E+02
  0.335690E-03  0.172763E+05  0.172745E+05  0.230326E+05  0.230295E+05  0.000000E+00  0.172760E+05  0.172760E+05  0.172760E+05 -0.618814E+00  0.180628E+05  0.180587E+05  0.770594E+02
  0.337239E-03  0.172743E+05  0.172725E+05  0.230299E+05  0.230268E+05  0.000000E+00  0.172740E+05  0.172740E+05  0.172740E+05 -0.618813E+00  0.180628E+05  0.180586E+05  0.774105E+02
  0.338796E-03  0.172722E+05  0.172704E+05  0.230271E+05  0.230239E+05  0.000000E+00  0.172719E+05  0.172719E+05  0.172719E+05 -0.618813E+00  0.180628E+05  0.180586E+05  0.777628E+02
  0.340360E-03  0.172545E+05  0.172526E+05  0.230034E+05  0.230002E+05  0.000000E+00  0.172542E+05  0.172542E+05  0.172542E+05 -0.618813E+00  0.180628E+05  0.180585E+05  0.780549E+02
  0.341931E-03  0.172513E+05  0.172495E+05  0.229992E+05  0.229960E+05  0.000000E+00  0.172511E+05  0.172511E+05  0.172511E+05 -0.618812E+00  0.180628E+05  0.180585E+05  0.784067E+02
  0.343509E-03  0.172486E+05  0.172467E+05  0.229955E+05  0.229922E+05  0.000000E+00  0.172483E+05  0.172483E+05  0.172483E+05 -0.618812E+00  0.180627E+05  0.180584E+05  0.787615E+02
  0.345095E-03  0.172461E+05  0.172442E+05  0.229922E+05  0.229889E+05  0.000000E+00  0.172458E+05  0.172458E+05  0.172458E+05 -0.618811E+00  0.180627E+05  0.180584E+05  0.791193E+02
  0.346687E-03  0.172439E+05  0.172420E+05  0.229892E+05  0.229859E+05  0.000000E+00  0.172436E+05  0.172436E+05  0.172436E+05 -0.618811E+00  0.180627E+05  0.180583E+05  0.794799E+02
  0.348288E-03  0.172420E+05  0.172401E+05  0.229866E+05  0.229833E+05  0.000000E+00  0.172416E+05  0.172416E+05  0.172416E+05 -0.618810E+00  0.180627E+05  0.180583E+05  0.798432E+02
  0.349895E-03  0.172402E+05  0.172383E+05  0.229843E+05  0.229809E+05  0.000000E+00  0.172399E+05  0.172399E+05  0.172399E+05 -0.618809E+00  0.180627E+05  0.180582E+05  0.802091E+02
  0.351510E-03  0.172386E+05  0.172367E+05  0.229822E+05  0.229787E+05  0.000000E+00  0.172383E+05  0.172383E+05  0.172383E+05 -0.618809E+00  0.180627E+05  0.180582E+05  0.805774E+02
  0.353133E-03  0.172372E+05  0.172353E+05  0.229802E+05  0.229768E+05  0.000000E+00  0.172369E+05  0.172369E+05  0.172369E+05 -0.618808E+00  0.180627E+05  0.180581E+05  0.809480E+02
  0.354763E-03  0.172233E+05  0.172213E+05  0.229616E+05  0.229581E+05  0.000000E+00  0.172230E+05  0.172230E+05  0.172230E+05 -0.618808E+00  0.180627E+05  0.180581E+05  0.812390E+02
  0.356400E-03  0.172222E+05  0.172202E+05  0.229602E+05  0.229567E+05  0.000000E+00  0.172219E+05  0.172219E+05  0.172219E+05 -0.618807E+00  0.180627E+05  0.180580E+05  0.816138E+02
  0.358045E-03  0.172212E+05  0.172192E+05  0.229588E+05  0.229552E+05  0.000000E+00  0.172208E+05  0.172208E+05  0.172208E+05 -0.618807E+00  0.180627E+05  0.180580E+05  0.819903E+02
  0.359698E-03  0.172202E+05  0.172181E+05  0.229574E+05  0.229538E+05  0.000000E+00  0.172198E+05  0.172198E+05  0.172198E+05 -0.618806E+00  0.180627E+05  0.180579E+05  0.823687E+02
  0.361358E-03  0.172192E+05  0.172172E+05  0.229561E+05  0.229525E+05  0.000000E+00  0.172189E+05  0.172189E+05  0.172189E+05 -0.618805E+00  0.180627E+05  0.180579E+05  0.827492E+02
  0.363026E-03  0.172184E+05  0.172163E+05  0.229550E+05  0.229513E+05  0.000000E+00  0.172180E+05  0.172180E+05  0.172180E+05 -0.618805E+00  0.180626E+05  0.180578E+05  0.831319E+02
  0.364702E-03  0.172176E+05  0.172156E+05  0.229540E+05  0.229503E+05  0.000000E+00  0.172173E+05  0.172173E+05  0.172173E+05 -0.618804E+00  0.180626E+05  0.180578E+05  0.835170E+02
  0.366385E-03  0.172171E+05  0.172150E+05  0.229532E+05  0.229495E+05  0.000000E+00  0.172167E+05  0.172167E+05  0.172167E+05 -0.618804E+00  0.180626E+05  0.180577E+05  0.839044E+02
  0.368076E-03  0.172167E+05  0.172146E+05  0.229526E+05  0.229489E+05  0.000000E+00  0.172164E+05  0.172164E+05  0.172164E+05 -0.618803E+00  0.180626E+05  0.180577E+05  0.842944E+02
  0.369775E-03  0.172165E+05  0.172144E+05  0.229523E+05  0.229486E+05  0.000000E+00  0.172161E+05  0.172161E+05  0.172161E+05 -0.618802E+00  0.180626E+05  0.180576E+05  0.846870E+02
  0.371482E-03  0.172153E+05  0.172131E+05  0.229507E+05  0.229468E+05  0.000000E+00  0.172149E+05  0.172149E+05  0.172149E+05 -0.618802E+00  0.180626E+05  0.180576E+05  0.850922E+02
  0.373197E-03  0.172140E+05  0.172118E+05  0.229490E+05  0.229451E+05  0.000000E+00  0.172137E+05  0.172137E+05  0.172137E+05 -0.618801E+00  0.180626E+05  0.180575E+05  0.854834E+02
  0.374920E-03  0.172127E+05  0.172106E+05  0.229473E+05  0.229434E+05  0.000000E+00  0.172124E+05  0.172124E+05  0.172124E+05 -0.618800E+00  0.180626E+05  0.180574E+05  0.858762E+02
  0.376650E-03  0.172115E+05  0.172093E+05  0.229455E+05  0.229416E+05  0.000000E+00  0.172111E+05  0.172111E+05  0.172111E+05 -0.618800E+00  0.180626E+05  0.180574E+05  0.862691E+02
  0.378389E-03  0.172102E+05  0.172079E+05  0.229438E+05  0.229398E+05  0.000000E+00  0.172098E+05  0.172098E+05  0.172098E+05 -0.618799E+00  0.180626E+05  0.180573E+05  0.866660E+02
  0.380135E-03  0.172089E+05  0.172066E+05  0.229420E+05  0.229380E+05  0.000000E+00  0.172085E+05  0.172085E+05  0.172085E+05 -0.618798E+00  0.180625E+05  0.180573E+05  0.870644E+02
  0.381890E-03  0.172076E+05  0.172053E+05  0.229403E+05  0.229363E+05  0.000000E+00  0.172072E+05  0.172072E+05  0.172072E+05 -0.618798E+00  0.180625E+05  0.180572E+05  0.874646E+02
  0.383653E-03  0.172064E+05  0.172041E+05  0.229386E+05  0.229345E+05  0.000000E+00  0.172060E+05  0.172060E+05  0.172060E+05 -0.618797E+00  0.180625E+05  0.180571E+05  0.878679E+02
  0.385423E-03  0.172051E+05  0.172028E+05  0.229369E+05  0.229328E+05  0.000000E+00  0.172047E+05  0.172047E+05  0.172047E+05 -0.618796E+00  0.180625E+05  0.180571E+05  0.882719E+02
  0.387202E-03  0.172039E+05  0.172015E+05  0.229352E+05  0.229311E+05  0.000000E+00  0.172035E+05  0.172035E+05  0.172035E+05 -0.618796E+00  0.180625E+05  0.180570E+05  0.886779E+02
  0.388990E-03  0.172027E+05  0.172003E+05  0.229336E+05  0.229294E+05  0.000000E+00  0.172023E+05  0.172023E+05  0.172023E+05 -0.618795E+00  0.180625E+05  0.180570E+05  0.890858E+02
  0.390785E-03  0.172015E+05  0.171991E+05  0.229320E+05  0.229278E+05  0.000000E+00  0.172011E+05  0.172011E+05  0.172011E+05 -0.618794E+00  0.180625E+05  0.180569E+05  0.894957E+02
  0.392589E-03  0.172004E+05  0.171980E+05  0.229305E+05  0.229262E+05  0.000000E+00  0.172000E+05  0.172000E+05  0.172000E+05 -0.618794E+00  0.180625E+05  0.180568E+05  0.899067E+02
  0.394401E-03  0.171993E+05  0.171969E+05  0.229290E+05  0.229247E+05  0.000000E+00  0.171989E+05  0.171989E+05  0.171989E+05 -0.618793E+00  0.180625E+05  0.180568E+05  0.903207E+02
  0.396222E-03  0.171982E+05  0.171958E+05  0.229275E+05  0.229232E+05  0.000000E+00  0.171978E+05  0.171978E+05  0.171978E+05 -0.618792E+00  0.180624E+05  0.180567E+05  0.907368E+02
  0.398050E-03  0.171959E+05  0.171934E+05  0.229244E+05  0.229200E+05  0.000000E+00  0.171955E+05  0.171955E+05  0.171955E+05 -0.618791E+00  0.180624E+05  0.180567E+05  0.911485E+02
  0.399888E-03  0.171948E+05  0.171924E+05  0.229230E+05  0.229185E+05  0.000000E+00  0.171944E+05  0.171944E+05  0.171944E+05 -0.618791E+00  0.180624E+05  0.180566E+05  0.915682E+02
  0.401733E-03  0.171938E+05  0.171913E+05  0.229216E+05  0.229171E+05  0.000000E+00  0.171934E+05  0.171934E+05  0.171934E+05 -0.618790E+00  0.180624E+05  0.180565E+05  0.919898E+02
  0.403588E-03  0.171928E+05  0.171902E+05  0.229201E+05  0.229156E+05  0.000000E+00  0.171924E+05  0.171924E+05  0.171924E+05 -0.618789E+00  0.180624E+05  0.180565E+05  0.924132E+02
  0.405451E-03  0.171917E+05  0.171892E+05  0.229187E+05  0.229142E+05  0.000000E+00  0.171913E+05  0.171913E+05  0.171913E+05 -0.618788E+00  0.180624E+05  0.180564E+05  0.928385E+02
  0.407322E-03  0.171906E+05  0.171881E+05  0.229172E+05  0.229126E+05  0.000000E+00  0.171902E+05  0.171902E+05  0.171902E+05 -0.618788E+00  0.180624E+05  0.180563E+05  0.932656E+02
  0.409202E-03  0.171896E+05  0.171870E+05  0.229158E+05  0.229111E+05  0.000000E+00  0.171891E+05  0.171891E+05  0.171891E+05 -0.618787E+00  0.180624E+05  0.180563E+05  0.936946E+02
  0.411091E-03  0.171885E+05  0.171859E+05  0.229143E+05  0.229096E+05  0.000000E+00  0.171881E+05  0.171881E+05  0.171881E+05 -0.618786E+00  0.180624E+05  0.180562E+05  0.941256E+02
  0.412989E-03  0.171874E+05  0.171848E+05  0.229128E+05  0.229081E+05  0.000000E+00  0.171870E+05  0.171870E+05  0.171870E+05 -0.618785E+00  0.180623E+05  0.180561E+05  0.945585E+02
  0.414895E-03  0.171863E+05  0.171837E+05  0.229114E+05  0.229066E+05  0.000000E+00  0.171859E+05  0.171859E+05  0.171859E+05 -0.618785E+00  0.180623E+05  0.180560E+05  0.949927E+02
  0.416810E-03  0.171853E+05  0.171826E+05  0.229099E+05  0.229051E+05  0.000000E+00  0.171848E+05  0.171848E+05  0.171848E+05 -0.618784E+00  0.180623E+05  0.180560E+05  0.954296E+02
  0.418734E-03  0.171842E+05  0.171815E+05  0.229085E+05  0.229036E+05  0.000000E+00  0.171838E+05  0.171838E+05  0.171838E+05 -0.618783E+00  0.180623E+05  0.180559E+05  0.958693E+02
  0.420667E-03  0.171832E+05  0.171804E+05  0.229070E+05  0.229021E+05  0.000000E+00  0.171827E+05  0.171827E+05  0.171827E+05 -0.618782E+00  0.180623E+05  0.180558E+05  0.963103E+02
  0.422608E-03  0.171821E+05  0.171794E+05  0.229056E+05  0.229007E+05  0.000000E+00  0.171817E+05  0.171817E+05  0.171817E+05 -0.618781E+00  0.180623E+05  0.180558E+05  0.967542E+02
  0.424559E-03  0.171812E+05  0.171783E+05  0.229043E+05  0.228993E+05  0.000000E+00  0.171807E+05  0.171807E+05  0.171807E+05 -0.618781E+00  0.180623E+05  0.180557E+05  0.971995E+02
  0.426519E-03  0.171803E+05  0.171774E+05  0.229031E+05  0.228980E+05  0.000000E+00  0.171798E+05  0.171798E+05  0.171798E+05 -0.618780E+00  0.180623E+05  0.180556E+05  0.976469E+02
  0.428487E-03  0.171793E+05  0.171765E+05  0.229018E+05  0.228967E+05  0.000000E+00  0.171788E+05  0.171788E+05  0.171788E+05 -0.618779E+00  0.180622E+05  0.180555E+05  0.980967E+02
  0.430465E-03  0.171784E+05  0.171755E+05  0.229004E+05  0.228953E+05  0.000000E+00  0.171779E+05  0.171779E+05  0.171779E+05 -0.618778E+00  0.180622E+05  0.180555E+05  0.985477E+02
  0.432452E-03  0.171774E+05  0.171745E+05  0.228991E+05  0.228939E+05  0.000000E+00  0.171769E+05  0.171769E+05  0.171769E+05 -0.618777E+00  0.180622E+05  0.180554E+05  0.990012E+02
  0.434448E-03  0.171764E+05  0.171734E+05  0.228977E+05  0.228925E+05  0.000000E+00  0.171759E+05  0.171759E+05  0.171759E+05 -0.618776E+00  0.180622E+05  0.180553E+05  0.994566E+02
  0.436454E-03  0.171753E+05  0.171724E+05  0.228963E+05  0.228910E+05  0.000000E+00  0.171748E+05  0.171748E+05  0.171748E+05 -0.618775E+00  0.180622E+05  0.180552E+05  0.999138E+02
  0.438468E-03  0.171743E+05  0.171713E+05  0.228949E+05  0.228895E+05  0.000000E+00  0.171738E+05  0.171738E+05  0.171738E+05 -0.618775E+00  0.180622E+05  0.180552E+05  0.100373E+03
  0.440492E-03  0.171732E+05  0.171702E+05  0.228934E+05  0.228880E+05  0.000000E+00  0.171727E+05  0.171727E+05  0.171727E+05 -0.618774E+00  0.180622E+05  0.180551E+05  0.100834E+03
  0.442525E-03  0.171722E+05  0.171691E+05  0.228920E+05  0.228865E+05  0.000000E+00  0.171717E+05  0.171717E+05  0.171717E+05 -0.618773E+00  0.180622E+05  0.180550E+05  0.101298E+03
  0.444568E-03  0.171711E+05  0.171681E+05  0.228905E+05  0.228851E+05  0.000000E+00  0.171706E+05  0.171706E+05  0.171706E+05 -0.618772E+00  0.180621E+05  0.180549E+05  0.101763E+03
  0.446620E-03  0.171701E+05  0.171670E+05  0.228892E+05  0.228836E+05  0.000000E+00  0.171696E+05  0.171696E+05  0.171696E+05 -0.618771E+00  0.180621E+05  0.180548E+05  0.102231E+03
  0.448681E-03  0.171692E+05  0.171660E+05  0.228878E+05  0.228823E+05  0.000000E+00  0.171687E+05  0.171687E+05  0.171687E+05 -0.618770E+00  0.180621E+05  0.180548E+05  0.102701E+03
  0.450752E-03  0.171683E+05  0.171651E+05  0.228866E+05  0.228810E+05  0.000000E+00  0.171677E+05  0.171677E+05  0.171677E+05 -0.618769E+00  0.180621E+05  0.180547E+05  0.103173E+03
  0.452833E-03  0.171674E+05  0.171642E+05  0.228854E+05  0.228797E+05  0.000000E+00  0.171669E+05  0.171669E+05  0.171669E+05 -0.618768E+00  0.180621E+05  0.180546E+05  0.103649E+03
  0.454923E-03  0.171666E+05  0.171634E+05  0.228843E+05  0.228785E+05  0.000000E+00  0.171661E+05  0.171661E+05  0.171661E+05 -0.618767E+00  0.180621E+05  0.180545E+05  0.104126E+03
  0.457023E-03  0.171660E+05  0.171628E+05  0.228835E+05  0.228777E+05  0.000000E+00  0.171655E+05  0.171655E+05  0.171655E+05 -0.618766E+00  0.180621E+05  0.180544E+05  0.104606E+03
  0.459133E-03  0.171654E+05  0.171621E+05  0.228825E+05  0.228767E+05  0.000000E+00  0.171648E+05  0.171648E+05  0.171648E+05 -0.618765E+00  0.180620E+05  0.180543E+05  0.105088E+03
  0.461252E-03  0.171647E+05  0.171613E+05  0.228816E+05  0.228757E+05  0.000000E+00  0.171641E+05  0.171641E+05  0.171641E+05 -0.618764E+00  0.180620E+05  0.180543E+05  0.105573E+03
  0.463381E-03  0.171639E+05  0.171606E+05  0.228806E+05  0.228746E+05  0.000000E+00  0.171634E+05  0.171634E+05  0.171634E+05 -0.618763E+00  0.180620E+05  0.180542E+05  0.106060E+03
  0.465520E-03  0.171632E+05  0.171599E+05  0.228796E+05  0.228736E+05  0.000000E+00  0.171627E+05  0.171627E+05  0.171627E+05 -0.618762E+00  0.180620E+05  0.180541E+05  0.106551E+03
  0.467668E-03  0.171625E+05  0.171591E+05  0.228785E+05  0.228725E+05  0.000000E+00  0.171619E+05  0.171619E+05  0.171619E+05 -0.618761E+00  0.180620E+05  0.180540E+05  0.107041E+03
  0.469827E-03  0.171617E+05  0.171583E+05  0.228775E+05  0.228714E+05  0.000000E+00  0.171612E+05  0.171612E+05  0.171612E+05 -0.618760E+00  0.180620E+05  0.180539E+05  0.107534E+03
  0.471996E-03  0.171609E+05  0.171575E+05  0.228764E+05  0.228702E+05  0.000000E+00  0.171604E+05  0.171604E+05  0.171604E+05 -0.618759E+00  0.180619E+05  0.180538E+05  0.108029E+03
  0.474174E-03  0.171602E+05  0.171567E+05  0.228753E+05  0.228691E+05  0.000000E+00  0.171596E+05  0.171596E+05  0.171596E+05 -0.618758E+00  0.180619E+05  0.180537E+05  0.108525E+03
  0.476363E-03  0.171593E+05  0.171558E+05  0.228742E+05  0.228679E+05  0.000000E+00  0.171588E+05  0.171588E+05  0.171588E+05 -0.618757E+00  0.180619E+05  0.180536E+05  0.109024E+03
  0.478562E-03  0.171585E+05  0.171550E+05  0.228731E+05  0.228667E+05  0.000000E+00  0.171579E+05  0.171579E+05  0.171579E+05 -0.618756E+00  0.180619E+05  0.180535E+05  0.109525E+03
  0.480771E-03  0.171577E+05  0.171541E+05  0.228719E+05  0.228655E+05  0.000000E+00  0.171571E+05  0.171571E+05  0.171571E+05 -0.618755E+00  0.180619E+05  0.180534E+05  0.110030E+03
  0.482990E-03  0.171569E+05  0.171532E+05  0.228708E+05  0.228643E+05  0.000000E+00  0.171563E+05  0.171563E+05  0.171563E+05 -0.618754E+00  0.180619E+05  0.180534E+05  0.110538E+03
  0.485219E-03  0.171560E+05  0.171524E+05  0.228696E+05  0.228631E+05  0.000000E+00  0.171554E+05  0.171554E+05  0.171554E+05 -0.618753E+00  0.180619E+05  0.180533E+05  0.111046E+03
  0.487459E-03  0.171552E+05  0.171515E+05  0.228684E+05  0.228619E+05  0.000000E+00  0.171546E+05  0.171546E+05  0.171546E+05 -0.618752E+00  0.180618E+05  0.180532E+05  0.111557E+03
  0.489709E-03  0.171523E+05  0.171485E+05  0.228645E+05  0.228578E+05  0.000000E+00  0.171516E+05  0.171516E+05  0.171516E+05 -0.618751E+00  0.180618E+05  0.180531E+05  0.112058E+03
  0.491969E-03  0.171511E+05  0.171473E+05  0.228629E+05  0.228562E+05  0.000000E+00  0.171505E+05  0.171505E+05  0.171505E+05 -0.618750E+00  0.180618E+05  0.180530E+05  0.112569E+03
  0.494240E-03  0.171499E+05  0.171461E+05  0.228613E+05  0.228545E+05  0.000000E+00  0.171493E+05  0.171493E+05  0.171493E+05 -0.618748E+00  0.180618E+05  0.180529E+05  0.113085E+03
  0.496521E-03  0.171488E+05  0.171450E+05  0.228597E+05  0.228529E+05  0.000000E+00  0.171482E+05  0.171482E+05  0.171482E+05 -0.618747E+00  0.180618E+05  0.180528E+05  0.113603E+03
  0.498813E-03  0.171477E+05  0.171438E+05  0.228582E+05  0.228513E+05  0.000000E+00  0.171471E+05  0.171471E+05  0.171471E+05 -0.618746E+00  0.180618E+05  0.180527E+05  0.114124E+03
  0.501116E-03  0.171466E+05  0.171427E+05  0.228567E+05  0.228498E+05  0.000000E+00  0.171460E+05  0.171460E+05  0.171460E+05 -0.618745E+00  0.180617E+05  0.180526E+05  0.114645E+03
  0.503429E-03  0.171456E+05  0.171417E+05  0.228553E+05  0.228483E+05  0.000000E+00  0.171450E+05  0.171450E+05  0.171450E+05 -0.618744E+00  0.180617E+05  0.180525E+05  0.115174E+03
  0.505753E-03  0.171446E+05  0.171406E+05  0.228539E+05  0.228468E+05  0.000000E+00  0.171440E+05  0.171440E+05  0.171440E+05 -0.618743E+00  0.180617E+05  0.180524E+05  0.115703E+03
  0.508087E-03  0.171437E+05  0.171396E+05  0.228526E+05  0.228454E+05  0.000000E+00  0.171430E+05  0.171430E+05  0.171430E+05 -0.618742E+00  0.180617E+05  0.180523E+05  0.116234E+03
  0.510432E-03  0.171428E+05  0.171387E+05  0.228514E+05  0.228441E+05  0.000000E+00  0.171421E+05  0.171421E+05  0.171421E+05 -0.618740E+00  0.180617E+05  0.180522E+05  0.116767E+03
  0.512788E-03  0.171419E+05  0.171378E+05  0.228502E+05  0.228429E+05  0.000000E+00  0.171413E+05  0.171413E+05  0.171413E+05 -0.618739E+00  0.180616E+05  0.180521E+05  0.117304E+03
  0.515155E-03  0.171411E+05  0.171370E+05  0.228491E+05  0.228417E+05  0.000000E+00  0.171405E+05  0.171405E+05  0.171405E+05 -0.618738E+00  0.180616E+05  0.180519E+05  0.117843E+03
  0.517533E-03  0.171404E+05  0.171362E+05  0.228480E+05  0.228406E+05  0.000000E+00  0.171397E+05  0.171397E+05  0.171397E+05 -0.618737E+00  0.180616E+05  0.180518E+05  0.118385E+03
  0.519922E-03  0.171397E+05  0.171355E+05  0.228471E+05  0.228396E+05  0.000000E+00  0.171390E+05  0.171390E+05  0.171390E+05 -0.618735E+00  0.180616E+05  0.180517E+05  0.118931E+03
  0.522322E-03  0.171391E+05  0.171348E+05  0.228461E+05  0.228386E+05  0.000000E+00  0.171384E+05  0.171384E+05  0.171384E+05 -0.618734E+00  0.180616E+05  0.180516E+05  0.119478E+03
  0.524733E-03  0.171385E+05  0.171342E+05  0.228453E+05  0.228377E+05  0.000000E+00  0.171378E+05  0.171378E+05  0.171378E+05 -0.618733E+00  0.180616E+05  0.180515E+05  0.120029E+03
  0.527155E-03  0.171379E+05  0.171336E+05  0.228445E+05  0.228368E+05  0.000000E+00  0.171372E+05  0.171372E+05  0.171372E+05 -0.618732E+00  0.180615E+05  0.180514E+05  0.120582E+03
  0.529588E-03  0.171374E+05  0.171330E+05  0.228438E+05  0.228360E+05  0.000000E+00  0.171367E+05  0.171367E+05  0.171367E+05 -0.618730E+00  0.180615E+05  0.180513E+05  0.121138E+03
  0.532032E-03  0.171356E+05  0.171312E+05  0.228413E+05  0.228334E+05  0.000000E+00  0.171348E+05  0.171348E+05  0.171348E+05 -0.618729E+00  0.180615E+05  0.180512E+05  0.121689E+03
  0.534488E-03  0.171349E+05  0.171305E+05  0.228403E+05  0.228324E+05  0.000000E+00  0.171342E+05  0.171342E+05  0.171342E+05 -0.618728E+00  0.180615E+05  0.180511E+05  0.122250E+03
  0.536955E-03  0.171343E+05  0.171298E+05  0.228394E+05  0.228314E+05  0.000000E+00  0.171335E+05  0.171335E+05  0.171335E+05 -0.618726E+00  0.180615E+05  0.180509E+05  0.122812E+03
  0.539434E-03  0.171336E+05  0.171291E+05  0.228385E+05  0.228305E+05  0.000000E+00  0.171329E+05  0.171329E+05  0.171329E+05 -0.618725E+00  0.180614E+05  0.180508E+05  0.123378E+03
  0.541924E-03  0.171331E+05  0.171285E+05  0.228377E+05  0.228296E+05  0.000000E+00  0.171323E+05  0.171323E+05  0.171323E+05 -0.618724E+00  0.180614E+05  0.180507E+05  0.123946E+03
  0.544425E-03  0.171326E+05  0.171279E+05  0.228370E+05  0.228288E+05  0.000000E+00  0.171318E+05  0.171318E+05  0.171318E+05 -0.618722E+00  0.180614E+05  0.180506E+05  0.124517E+03
  0.546938E-03  0.171321E+05  0.171274E+05  0.228362E+05  0.228279E+05  0.000000E+00  0.171313E+05  0.171313E+05  0.171313E+05 -0.618721E+00  0.180614E+05  0.180505E+05  0.125092E+03
  0.549462E-03  0.171316E+05  0.171269E+05  0.228355E+05  0.228272E+05  0.000000E+00  0.171308E+05  0.171308E+05  0.171308E+05 -0.618720E+00  0.180613E+05  0.180503E+05  0.125669E+03
  0.551999E-03  0.171311E+05  0.171264E+05  0.228348E+05  0.228264E+05  0.000000E+00  0.171303E+05  0.171303E+05  0.171303E+05 -0.618718E+00  0.180613E+05  0.180502E+05  0.126247E+03
  0.554547E-03  0.171307E+05  0.171259E+05  0.228342E+05  0.228257E+05  0.000000E+00  0.171299E+05  0.171299E+05  0.171299E+05 -0.618717E+00  0.180613E+05  0.180501E+05  0.126830E+03
  0.557106E-03  0.171302E+05  0.171254E+05  0.228335E+05  0.228249E+05  0.000000E+00  0.171294E+05  0.171294E+05  0.171294E+05 -0.618715E+00  0.180613E+05  0.180500E+05  0.127415E+03
  0.559678E-03  0.171298E+05  0.171249E+05  0.228329E+05  0.228243E+05  0.000000E+00  0.171290E+05  0.171290E+05  0.171290E+05 -0.618714E+00  0.180613E+05  0.180498E+05  0.128005E+03
  0.562261E-03  0.171294E+05  0.171245E+05  0.228324E+05  0.228236E+05  0.000000E+00  0.171286E+05  0.171286E+05  0.171286E+05 -0.618713E+00  0.180612E+05  0.180497E+05  0.128595E+03
  0.564856E-03  0.171291E+05  0.171241E+05  0.228318E+05  0.228230E+05  0.000000E+00  0.171283E+05  0.171283E+05  0.171283E+05 -0.618711E+00  0.180612E+05  0.180496E+05  0.129189E+03
  0.567464E-03  0.171279E+05  0.171229E+05  0.228301E+05  0.228212E+05  0.000000E+00  0.171270E+05  0.171270E+05  0.171270E+05 -0.618710E+00  0.180612E+05  0.180495E+05  0.129780E+03
  0.570083E-03  0.171273E+05  0.171223E+05  0.228294E+05  0.228204E+05  0.000000E+00  0.171265E+05  0.171265E+05  0.171265E+05 -0.618708E+00  0.180612E+05  0.180493E+05  0.130378E+03
  0.572714E-03  0.171268E+05  0.171217E+05  0.228286E+05  0.228195E+05  0.000000E+00  0.171260E+05  0.171260E+05  0.171260E+05 -0.618707E+00  0.180611E+05  0.180492E+05  0.130979E+03
  0.575358E-03  0.171262E+05  0.171211E+05  0.228278E+05  0.228186E+05  0.000000E+00  0.171254E+05  0.171254E+05  0.171254E+05 -0.618705E+00  0.180611E+05  0.180491E+05  0.131583E+03
  0.578014E-03  0.171257E+05  0.171205E+05  0.228269E+05  0.228177E+05  0.000000E+00  0.171248E+05  0.171248E+05  0.171248E+05 -0.618703E+00  0.180611E+05  0.180489E+05  0.132186E+03
  0.580682E-03  0.171251E+05  0.171198E+05  0.228261E+05  0.228168E+05  0.000000E+00  0.171242E+05  0.171242E+05  0.171242E+05 -0.618702E+00  0.180611E+05  0.180488E+05  0.132796E+03
  0.583362E-03  0.171245E+05  0.171192E+05  0.228253E+05  0.228158E+05  0.000000E+00  0.171236E+05  0.171236E+05  0.171236E+05 -0.618700E+00  0.180611E+05  0.180486E+05  0.133408E+03
  0.586055E-03  0.171239E+05  0.171186E+05  0.228244E+05  0.228149E+05  0.000000E+00  0.171231E+05  0.171231E+05  0.171231E+05 -0.618699E+00  0.180610E+05  0.180485E+05  0.134023E+03
  0.588760E-03  0.171234E+05  0.171180E+05  0.228236E+05  0.228140E+05  0.000000E+00  0.171225E+05  0.171225E+05  0.171225E+05 -0.618697E+00  0.180610E+05  0.180484E+05  0.134641E+03
  0.591477E-03  0.171228E+05  0.171174E+05  0.228228E+05  0.228132E+05  0.000000E+00  0.171220E+05  0.171220E+05  0.171220E+05 -0.618696E+00  0.180610E+05  0.180482E+05  0.135262E+03
  0.594207E-03  0.171223E+05  0.171168E+05  0.228221E+05  0.228123E+05  0.000000E+00  0.171214E+05  0.171214E+05  0.171214E+05 -0.618694E+00  0.180610E+05  0.180481E+05  0.135886E+03
  0.596950E-03  0.171218E+05  0.171163E+05  0.228214E+05  0.228115E+05  0.000000E+00  0.171209E+05  0.171209E+05  0.171209E+05 -0.618692E+00  0.180609E+05  0.180479E+05  0.136512E+03
  0.599706E-03  0.171214E+05  0.171158E+05  0.228207E+05  0.228108E+05  0.000000E+00  0.171205E+05  0.171205E+05  0.171205E+05 -0.618691E+00  0.180609E+05  0.180478E+05  0.137142E+03
  0.602474E-03  0.171207E+05  0.171150E+05  0.228196E+05  0.228096E+05  0.000000E+00  0.171197E+05  0.171197E+05  0.171197E+05 -0.618689E+00  0.180609E+05  0.180476E+05  0.137772E+03
  0.605255E-03  0.171201E+05  0.171144E+05  0.228189E+05  0.228087E+05  0.000000E+00  0.171192E+05  0.171192E+05  0.171192E+05 -0.618687E+00  0.180609E+05  0.180475E+05  0.138408E+03
  0.608048E-03  0.171196E+05  0.171139E+05  0.228181E+05  0.228079E+05  0.000000E+00  0.171187E+05  0.171187E+05  0.171187E+05 -0.618686E+00  0.180608E+05  0.180474E+05  0.139045E+03
  0.610855E-03  0.171191E+05  0.171133E+05  0.228173E+05  0.228070E+05  0.000000E+00  0.171182E+05  0.171182E+05  0.171182E+05 -0.618684E+00  0.180608E+05  0.180472E+05  0.139685E+03
  0.613674E-03  0.171186E+05  0.171127E+05  0.228166E+05  0.228062E+05  0.000000E+00  0.171176E+05  0.171176E+05  0.171176E+05 -0.618682E+00  0.180608E+05  0.180470E+05  0.140327E+03
  0.616507E-03  0.171181E+05  0.171122E+05  0.228158E+05  0.228053E+05  0.000000E+00  0.171171E+05  0.171171E+05  0.171171E+05 -0.618680E+00  0.180608E+05  0.180469E+05  0.140969E+03
  0.619353E-03  0.171176E+05  0.171116E+05  0.228151E+05  0.228044E+05  0.000000E+00  0.171166E+05  0.171166E+05  0.171166E+05 -0.618679E+00  0.180607E+05  0.180467E+05  0.141619E+03
  0.622212E-03  0.171171E+05  0.171110E+05  0.228143E+05  0.228036E+05  0.000000E+00  0.171161E+05  0.171161E+05  0.171161E+05 -0.618677E+00  0.180607E+05  0.180466E+05  0.142271E+03
  0.625084E-03  0.171166E+05  0.171105E+05  0.228136E+05  0.228028E+05  0.000000E+00  0.171156E+05  0.171156E+05  0.171156E+05 -0.618675E+00  0.180607E+05  0.180464E+05  0.142926E+03
  0.627969E-03  0.171161E+05  0.171100E+05  0.228129E+05  0.228020E+05  0.000000E+00  0.171151E+05  0.171151E+05  0.171151E+05 -0.618673E+00  0.180606E+05  0.180463E+05  0.143585E+03
  0.630867E-03  0.171157E+05  0.171095E+05  0.228123E+05  0.228013E+05  0.000000E+00  0.171147E+05  0.171147E+05  0.171147E+05 -0.618672E+00  0.180606E+05  0.180461E+05  0.144246E+03
  0.633779E-03  0.171153E+05  0.171090E+05  0.228116E+05  0.228005E+05  0.000000E+00  0.171143E+05  0.171143E+05  0.171143E+05 -0.618670E+00  0.180606E+05  0.180459E+05  0.144911E+03
  0.636705E-03  0.171149E+05  0.171086E+05  0.228110E+05  0.227998E+05  0.000000E+00  0.171139E+05  0.171139E+05  0.171139E+05 -0.618668E+00  0.180606E+05  0.180458E+05  0.145578E+03
  0.639644E-03  0.171145E+05  0.171081E+05  0.228104E+05  0.227991E+05  0.000000E+00  0.171134E+05  0.171134E+05  0.171134E+05 -0.618666E+00  0.180605E+05  0.180456E+05  0.146250E+03
  0.642596E-03  0.171141E+05  0.171077E+05  0.228098E+05  0.227984E+05  0.000000E+00  0.171130E+05  0.171130E+05  0.171130E+05 -0.618664E+00  0.180605E+05  0.180454E+05  0.146924E+03
  0.645562E-03  0.171137E+05  0.171072E+05  0.228092E+05  0.227976E+05  0.000000E+00  0.171126E+05  0.171126E+05  0.171126E+05 -0.618662E+00  0.180605E+05  0.180453E+05  0.147602E+03
  0.648542E-03  0.171133E+05  0.171067E+05  0.228085E+05  0.227969E+05  0.000000E+00  0.171122E+05  0.171122E+05  0.171122E+05 -0.618660E+00  0.180604E+05  0.180451E+05  0.148279E+03
  0.651535E-03  0.171129E+05  0.171063E+05  0.228079E+05  0.227962E+05  0.000000E+00  0.171118E+05  0.171118E+05  0.171118E+05 -0.618658E+00  0.180604E+05  0.180449E+05  0.148963E+03
  0.654543E-03  0.171124E+05  0.171058E+05  0.228073E+05  0.227954E+05  0.000000E+00  0.171114E+05  0.171114E+05  0.171114E+05 -0.618656E+00  0.180604E+05  0.180448E+05  0.149650E+03
  0.657564E-03  0.171120E+05  0.171053E+05  0.228066E+05  0.227947E+05  0.000000E+00  0.171109E+05  0.171109E+05  0.171109E+05 -0.618654E+00  0.180604E+05  0.180446E+05  0.150340E+03
  0.660599E-03  0.171116E+05  0.171048E+05  0.228060E+05  0.227939E+05  0.000000E+00  0.171105E+05  0.171105E+05  0.171105E+05 -0.618652E+00  0.180603E+05  0.180444E+05  0.151034E+03
  0.663648E-03  0.171112E+05  0.171044E+05  0.228054E+05  0.227932E+05  0.000000E+00  0.171101E+05  0.171101E+05  0.171101E+05 -0.618650E+00  0.180603E+05  0.180442E+05  0.151730E+03
  0.666712E-03  0.171108E+05  0.171039E+05  0.228048E+05  0.227925E+05  0.000000E+00  0.171097E+05  0.171097E+05  0.171097E+05 -0.618648E+00  0.180603E+05  0.180441E+05  0.152430E+03
  0.669789E-03  0.171104E+05  0.171035E+05  0.228042E+05  0.227918E+05  0.000000E+00  0.171093E+05  0.171093E+05  0.171093E+05 -0.618646E+00  0.180602E+05  0.180439E+05  0.153134E+03
  0.672881E-03  0.171101E+05  0.171030E+05  0.228036E+05  0.227910E+05  0.000000E+00  0.171089E+05  0.171089E+05  0.171089E+05 -0.618644E+00  0.180602E+05  0.180437E+05  0.153840E+03
  0.675987E-03  0.171097E+05  0.171026E+05  0.228030E+05  0.227904E+05  0.000000E+00  0.171086E+05  0.171086E+05  0.171086E+05 -0.618642E+00  0.180602E+05  0.180435E+05  0.154551E+03
  0.679107E-03  0.171096E+05  0.171024E+05  0.228027E+05  0.227900E+05  0.000000E+00  0.171084E+05  0.171084E+05  0.171084E+05 -0.618640E+00  0.180601E+05  0.180433E+05  0.155266E+03
  0.682241E-03  0.171092E+05  0.171020E+05  0.228022E+05  0.227893E+05  0.000000E+00  0.171080E+05  0.171080E+05  0.171080E+05 -0.618638E+00  0.180601E+05  0.180431E+05  0.155982E+03
  0.685390E-03  0.171089E+05  0.171016E+05  0.228016E+05  0.227886E+05  0.000000E+00  0.171077E+05  0.171077E+05  0.171077E+05 -0.618635E+00  0.180601E+05  0.180429E+05  0.156703E+03
  0.688554E-03  0.171085E+05  0.171011E+05  0.228010E+05  0.227879E+05  0.000000E+00  0.171073E+05  0.171073E+05  0.171073E+05 -0.618633E+00  0.180600E+05  0.180428E+05  0.157422E+03
  0.691732E-03  0.171081E+05  0.171007E+05  0.228004E+05  0.227872E+05  0.000000E+00  0.171069E+05  0.171069E+05  0.171069E+05 -0.618631E+00  0.180600E+05  0.180426E+05  0.158147E+03
  0.694925E-03  0.171078E+05  0.171002E+05  0.227998E+05  0.227865E+05  0.000000E+00  0.171065E+05  0.171065E+05  0.171065E+05 -0.618629E+00  0.180600E+05  0.180424E+05  0.158876E+03
  0.698133E-03  0.171074E+05  0.170998E+05  0.227992E+05  0.227857E+05  0.000000E+00  0.171061E+05  0.171061E+05  0.171061E+05 -0.618627E+00  0.180599E+05  0.180422E+05  0.159605E+03
  0.701355E-03  0.171070E+05  0.170993E+05  0.227986E+05  0.227850E+05  0.000000E+00  0.171057E+05  0.171057E+05  0.171057E+05 -0.618624E+00  0.180599E+05  0.180420E+05  0.160341E+03
  0.704593E-03  0.171066E+05  0.170989E+05  0.227980E+05  0.227843E+05  0.000000E+00  0.171053E+05  0.171053E+05  0.171053E+05 -0.618622E+00  0.180599E+05  0.180418E+05  0.161080E+03
  0.707845E-03  0.171062E+05  0.170984E+05  0.227974E+05  0.227835E+05  0.000000E+00  0.171049E+05  0.171049E+05  0.171049E+05 -0.618620E+00  0.180598E+05  0.180416E+05  0.161822E+03
  0.711112E-03  0.171058E+05  0.170980E+05  0.227968E+05  0.227828E+05  0.000000E+00  0.171045E+05  0.171045E+05  0.171045E+05 -0.618617E+00  0.180598E+05  0.180414E+05  0.162568E+03
  0.714394E-03  0.171054E+05  0.170975E+05  0.227962E+05  0.227820E+05  0.000000E+00  0.171042E+05  0.171042E+05  0.171042E+05 -0.618615E+00  0.180598E+05  0.180412E+05  0.163317E+03
  0.717692E-03  0.171051E+05  0.170971E+05  0.227956E+05  0.227813E+05  0.000000E+00  0.171038E+05  0.171038E+05  0.171038E+05 -0.618613E+00  0.180597E+05  0.180409E+05  0.164070E+03
  0.721005E-03  0.171047E+05  0.170966E+05  0.227950E+05  0.227806E+05  0.000000E+00  0.171034E+05  0.171034E+05  0.171034E+05 -0.618610E+00  0.180597E+05  0.180407E+05  0.164826E+03
  0.724333E-03  0.171045E+05  0.170963E+05  0.227946E+05  0.227801E+05  0.000000E+00  0.171032E+05  0.171032E+05  0.171032E+05 -0.618608E+00  0.180597E+05  0.180405E+05  0.165587E+03
  0.727676E-03  0.171042E+05  0.170960E+05  0.227941E+05  0.227794E+05  0.000000E+00  0.171029E+05  0.171029E+05  0.171029E+05 -0.618606E+00  0.180596E+05  0.180403E+05  0.166351E+03
  0.731035E-03  0.171039E+05  0.170956E+05  0.227936E+05  0.227788E+05  0.000000E+00  0.171025E+05  0.171025E+05  0.171025E+05 -0.618603E+00  0.180596E+05  0.180401E+05  0.167119E+03
  0.734409E-03  0.171036E+05  0.170952E+05  0.227931E+05  0.227781E+05  0.000000E+00  0.171022E+05  0.171022E+05  0.171022E+05 -0.618601E+00  0.180595E+05  0.180399E+05  0.167891E+03
  0.737799E-03  0.171033E+05  0.170948E+05  0.227926E+05  0.227775E+05  0.000000E+00  0.171019E+05  0.171019E+05  0.171019E+05 -0.618598E+00  0.180595E+05  0.180397E+05  0.168665E+03
  0.741204E-03  0.171030E+05  0.170945E+05  0.227921E+05  0.227769E+05  0.000000E+00  0.171016E+05  0.171016E+05  0.171016E+05 -0.618596E+00  0.180595E+05  0.180394E+05  0.169441E+03
  0.744626E-03  0.171027E+05  0.170941E+05  0.227915E+05  0.227762E+05  0.000000E+00  0.171013E+05  0.171013E+05  0.171013E+05 -0.618593E+00  0.180594E+05  0.180392E+05  0.170223E+03
  0.748063E-03  0.171024E+05  0.170937E+05  0.227910E+05  0.227755E+05  0.000000E+00  0.171010E+05  0.171010E+05  0.171010E+05 -0.618590E+00  0.180594E+05  0.180390E+05  0.171008E+03
  0.751516E-03  0.171021E+05  0.170933E+05  0.227905E+05  0.227749E+05  0.000000E+00  0.171007E+05  0.171007E+05  0.171007E+05 -0.618588E+00  0.180593E+05  0.180388E+05  0.171797E+03
  0.754985E-03  0.171018E+05  0.170929E+05  0.227900E+05  0.227742E+05  0.000000E+00  0.171003E+05  0.171003E+05  0.171003E+05 -0.618585E+00  0.180593E+05  0.180385E+05  0.172589E+03
  0.758469E-03  0.171015E+05  0.170925E+05  0.227894E+05  0.227735E+05  0.000000E+00  0.171000E+05  0.171000E+05  0.171000E+05 -0.618583E+00  0.180593E+05  0.180383E+05  0.173385E+03
  0.761970E-03  0.171011E+05  0.170921E+05  0.227889E+05  0.227728E+05  0.000000E+00  0.170997E+05  0.170997E+05  0.170997E+05 -0.618580E+00  0.180592E+05  0.180381E+05  0.174185E+03
  0.765487E-03  0.171008E+05  0.170917E+05  0.227884E+05  0.227721E+05  0.000000E+00  0.170993E+05  0.170993E+05  0.170993E+05 -0.618577E+00  0.180592E+05  0.180378E+05  0.174988E+03
  0.769021E-03  0.171007E+05  0.170915E+05  0.227881E+05  0.227717E+05  0.000000E+00  0.170992E+05  0.170992E+05  0.170992E+05 -0.618574E+00  0.180591E+05  0.180376E+05  0.175795E+03
  0.772570E-03  0.171004E+05  0.170911E+05  0.227875E+05  0.227710E+05  0.000000E+00  0.170989E+05  0.170989E+05  0.170989E+05 -0.618572E+00  0.180591E+05  0.180373E+05  0.176606E+03
  0.776136E-03  0.171001E+05  0.170907E+05  0.227870E+05  0.227703E+05  0.000000E+00  0.170985E+05  0.170985E+05  0.170985E+05 -0.618569E+00  0.180591E+05  0.180371E+05  0.177420E+03
  0.779719E-03  0.170997E+05  0.170903E+05  0.227864E+05  0.227696E+05  0.000000E+00  0.170982E+05  0.170982E+05  0.170982E+05 -0.618566E+00  0.180590E+05  0.180369E+05  0.178237E+03
  0.783318E-03  0.170994E+05  0.170898E+05  0.227858E+05  0.227688E+05  0.000000E+00  0.170978E+05  0.170978E+05  0.170978E+05 -0.618563E+00  0.180590E+05  0.180366E+05  0.179058E+03
  0.786934E-03  0.170990E+05  0.170894E+05  0.227852E+05  0.227681E+05  0.000000E+00  0.170974E+05  0.170974E+05  0.170974E+05 -0.618560E+00  0.180589E+05  0.180364E+05  0.179883E+03
  0.790566E-03  0.170987E+05  0.170889E+05  0.227846E+05  0.227673E+05  0.000000E+00  0.170971E+05  0.170971E+05  0.170971E+05 -0.618558E+00  0.180589E+05  0.180361E+05  0.180712E+03
  0.794215E-03  0.170983E+05  0.170885E+05  0.227840E+05  0.227666E+05  0.000000E+00  0.170967E+05  0.170967E+05  0.170967E+05 -0.618555E+00  0.180588E+05  0.180359E+05  0.181544E+03
  0.797881E-03  0.170979E+05  0.170881E+05  0.227834E+05  0.227658E+05  0.000000E+00  0.170963E+05  0.170963E+05  0.170963E+05 -0.618552E+00  0.180588E+05  0.180356E+05  0.182381E+03
  0.801564E-03  0.170976E+05  0.170876E+05  0.227828E+05  0.227650E+05  0.000000E+00  0.170960E+05  0.170960E+05  0.170960E+05 -0.618549E+00  0.180588E+05  0.180353E+05  0.183221E+03
  0.805264E-03  0.170972E+05  0.170872E+05  0.227822E+05  0.227643E+05  0.000000E+00  0.170956E+05  0.170956E+05  0.170956E+05 -0.618546E+00  0.180587E+05  0.180351E+05  0.184065E+03
  0.808980E-03  0.170969E+05  0.170867E+05  0.227816E+05  0.227635E+05  0.000000E+00  0.170952E+05  0.170952E+05  0.170952E+05 -0.618543E+00  0.180587E+05  0.180348E+05  0.184913E+03
  0.812715E-03  0.170966E+05  0.170863E+05  0.227810E+05  0.227628E+05  0.000000E+00  0.170949E+05  0.170949E+05  0.170949E+05 -0.618540E+00  0.180586E+05  0.180345E+05  0.185764E+03
  0.816466E-03  0.170962E+05  0.170859E+05  0.227805E+05  0.227620E+05  0.000000E+00  0.170945E+05  0.170945E+05  0.170945E+05 -0.618537E+00  0.180586E+05  0.180343E+05  0.186620E+03
  0.820235E-03  0.170960E+05  0.170856E+05  0.227801E+05  0.227615E+05  0.000000E+00  0.170943E+05  0.170943E+05  0.170943E+05 -0.618534E+00  0.180585E+05  0.180340E+05  0.187481E+03
  0.824021E-03  0.170957E+05  0.170851E+05  0.227795E+05  0.227607E+05  0.000000E+00  0.170940E+05  0.170940E+05  0.170940E+05 -0.618531E+00  0.180585E+05  0.180337E+05  0.188344E+03
  0.827824E-03  0.170953E+05  0.170847E+05  0.227789E+05  0.227599E+05  0.000000E+00  0.170936E+05  0.170936E+05  0.170936E+05 -0.618527E+00  0.180584E+05  0.180335E+05  0.189212E+03
  0.831645E-03  0.170950E+05  0.170842E+05  0.227783E+05  0.227591E+05  0.000000E+00  0.170932E+05  0.170932E+05  0.170932E+05 -0.618524E+00  0.180584E+05  0.180332E+05  0.190083E+03
  0.835484E-03  0.170947E+05  0.170838E+05  0.227777E+05  0.227584E+05  0.000000E+00  0.170929E+05  0.170929E+05  0.170929E+05 -0.618521E+00  0.180583E+05  0.180329E+05  0.190958E+03
  0.839340E-03  0.170943E+05  0.170834E+05  0.227771E+05  0.227576E+05  0.000000E+00  0.170925E+05  0.170925E+05  0.170925E+05 -0.618518E+00  0.180583E+05  0.180326E+05  0.191837E+03
  0.843214E-03  0.170940E+05  0.170829E+05  0.227765E+05  0.227568E+05  0.000000E+00  0.170922E+05  0.170922E+05  0.170922E+05 -0.618515E+00  0.180582E+05  0.180323E+05  0.192720E+03
  0.847107E-03  0.170936E+05  0.170825E+05  0.227759E+05  0.227560E+05  0.000000E+00  0.170918E+05  0.170918E+05  0.170918E+05 -0.618511E+00  0.180582E+05  0.180320E+05  0.193607E+03
  0.851017E-03  0.170933E+05  0.170820E+05  0.227753E+05  0.227553E+05  0.000000E+00  0.170914E+05  0.170914E+05  0.170914E+05 -0.618508E+00  0.180581E+05  0.180317E+05  0.194499E+03
  0.854945E-03  0.170929E+05  0.170816E+05  0.227747E+05  0.227545E+05  0.000000E+00  0.170911E+05  0.170911E+05  0.170911E+05 -0.618505E+00  0.180581E+05  0.180314E+05  0.195394E+03
  0.858891E-03  0.170926E+05  0.170811E+05  0.227741E+05  0.227537E+05  0.000000E+00  0.170907E+05  0.170907E+05  0.170907E+05 -0.618501E+00  0.180580E+05  0.180311E+05  0.196294E+03
  0.862855E-03  0.170917E+05  0.170802E+05  0.227728E+05  0.227522E+05  0.000000E+00  0.170898E+05  0.170898E+05  0.170898E+05 -0.618498E+00  0.180580E+05  0.180308E+05  0.197188E+03
  0.866838E-03  0.170914E+05  0.170798E+05  0.227722E+05  0.227514E+05  0.000000E+00  0.170895E+05  0.170895E+05  0.170895E+05 -0.618494E+00  0.180579E+05  0.180305E+05  0.198096E+03
  0.870839E-03  0.170911E+05  0.170793E+05  0.227717E+05  0.227507E+05  0.000000E+00  0.170892E+05  0.170892E+05  0.170892E+05 -0.618491E+00  0.180579E+05  0.180302E+05  0.199010E+03
  0.874859E-03  0.170910E+05  0.170791E+05  0.227713E+05  0.227501E+05  0.000000E+00  0.170890E+05  0.170890E+05  0.170890E+05 -0.618487E+00  0.180578E+05  0.180299E+05  0.199928E+03
  0.878897E-03  0.170907E+05  0.170787E+05  0.227709E+05  0.227495E+05  0.000000E+00  0.170888E+05  0.170888E+05  0.170888E+05 -0.618484E+00  0.180578E+05  0.180296E+05  0.200850E+03
  0.882954E-03  0.170905E+05  0.170784E+05  0.227704E+05  0.227489E+05  0.000000E+00  0.170886E+05  0.170886E+05  0.170886E+05 -0.618480E+00  0.180577E+05  0.180293E+05  0.201774E+03
  0.887029E-03  0.170903E+05  0.170781E+05  0.227700E+05  0.227482E+05  0.000000E+00  0.170883E+05  0.170883E+05  0.170883E+05 -0.618477E+00  0.180577E+05  0.180290E+05  0.202705E+03
  0.891124E-03  0.170901E+05  0.170778E+05  0.227696E+05  0.227476E+05  0.000000E+00  0.170881E+05  0.170881E+05  0.170881E+05 -0.618473E+00  0.180576E+05  0.180287E+05  0.203643E+03
  0.895237E-03  0.170899E+05  0.170775E+05  0.227691E+05  0.227470E+05  0.000000E+00  0.170879E+05  0.170879E+05  0.170879E+05 -0.618469E+00  0.180575E+05  0.180283E+05  0.204582E+03
  0.899369E-03  0.170897E+05  0.170772E+05  0.227687E+05  0.227463E+05  0.000000E+00  0.170877E+05  0.170877E+05  0.170877E+05 -0.618466E+00  0.180575E+05  0.180280E+05  0.205525E+03
  0.903521E-03  0.170895E+05  0.170768E+05  0.227683E+05  0.227457E+05  0.000000E+00  0.170874E+05  0.170874E+05  0.170874E+05 -0.618462E+00  0.180574E+05  0.180277E+05  0.206473E+03
  0.907691E-03  0.170893E+05  0.170765E+05  0.227678E+05  0.227450E+05  0.000000E+00  0.170872E+05  0.170872E+05  0.170872E+05 -0.618458E+00  0.180574E+05  0.180274E+05  0.207425E+03
  0.911881E-03  0.170891E+05  0.170762E+05  0.227674E+05  0.227444E+05  0.000000E+00  0.170870E+05  0.170870E+05  0.170870E+05 -0.618454E+00  0.180573E+05  0.180270E+05  0.208381E+03
  0.916090E-03  0.170891E+05  0.170760E+05  0.227672E+05  0.227440E+05  0.000000E+00  0.170870E+05  0.170870E+05  0.170870E+05 -0.618450E+00  0.180573E+05  0.180267E+05  0.209343E+03
  0.920318E-03  0.170888E+05  0.170757E+05  0.227667E+05  0.227433E+05  0.000000E+00  0.170867E+05  0.170867E+05  0.170867E+05 -0.618446E+00  0.180572E+05  0.180263E+05  0.210308E+03
  0.924566E-03  0.170886E+05  0.170753E+05  0.227662E+05  0.227426E+05  0.000000E+00  0.170864E+05  0.170864E+05  0.170864E+05 -0.618442E+00  0.180571E+05  0.180260E+05  0.211277E+03
  0.928834E-03  0.170883E+05  0.170749E+05  0.227657E+05  0.227418E+05  0.000000E+00  0.170861E+05  0.170861E+05  0.170861E+05 -0.618438E+00  0.180571E+05  0.180256E+05  0.212250E+03
  0.933121E-03  0.170881E+05  0.170745E+05  0.227651E+05  0.227411E+05  0.000000E+00  0.170858E+05  0.170858E+05  0.170858E+05 -0.618434E+00  0.180570E+05  0.180253E+05  0.213228E+03
  0.937428E-03  0.170878E+05  0.170741E+05  0.227646E+05  0.227403E+05  0.000000E+00  0.170855E+05  0.170855E+05  0.170855E+05 -0.618430E+00  0.180570E+05  0.180249E+05  0.214210E+03
  0.941755E-03  0.170875E+05  0.170737E+05  0.227640E+05  0.227395E+05  0.000000E+00  0.170852E+05  0.170852E+05  0.170852E+05 -0.618426E+00  0.180569E+05  0.180246E+05  0.215196E+03
  0.946102E-03  0.170872E+05  0.170733E+05  0.227634E+05  0.227387E+05  0.000000E+00  0.170849E+05  0.170849E+05  0.170849E+05 -0.618422E+00  0.180568E+05  0.180242E+05  0.216187E+03
  0.950469E-03  0.170869E+05  0.170728E+05  0.227629E+05  0.227379E+05  0.000000E+00  0.170846E+05  0.170846E+05  0.170846E+05 -0.618418E+00  0.180568E+05  0.180239E+05  0.217183E+03
  0.954856E-03  0.170866E+05  0.170724E+05  0.227623E+05  0.227371E+05  0.000000E+00  0.170843E+05  0.170843E+05  0.170843E+05 -0.618414E+00  0.180567E+05  0.180235E+05  0.218183E+03
  0.959264E-03  0.170864E+05  0.170721E+05  0.227619E+05  0.227364E+05  0.000000E+00  0.170841E+05  0.170841E+05  0.170841E+05 -0.618410E+00  0.180566E+05  0.180231E+05  0.219188E+03
  0.963692E-03  0.170861E+05  0.170717E+05  0.227613E+05  0.227356E+05  0.000000E+00  0.170838E+05  0.170838E+05  0.170838E+05 -0.618405E+00  0.180566E+05  0.180227E+05  0.220198E+03
  0.968140E-03  0.170859E+05  0.170713E+05  0.227608E+05  0.227348E+05  0.000000E+00  0.170835E+05  0.170835E+05  0.170835E+05 -0.618401E+00  0.180565E+05  0.180224E+05  0.221212E+03
  0.972608E-03  0.170856E+05  0.170709E+05  0.227602E+05  0.227340E+05  0.000000E+00  0.170832E+05  0.170832E+05  0.170832E+05 -0.618397E+00  0.180564E+05  0.180220E+05  0.222230E+03
  0.977098E-03  0.170853E+05  0.170705E+05  0.227596E+05  0.227332E+05  0.000000E+00  0.170829E+05  0.170829E+05  0.170829E+05 -0.618392E+00  0.180564E+05  0.180216E+05  0.223253E+03
  0.981608E-03  0.170850E+05  0.170701E+05  0.227591E+05  0.227324E+05  0.000000E+00  0.170826E+05  0.170826E+05  0.170826E+05 -0.618388E+00  0.180563E+05  0.180212E+05  0.224281E+03
  0.986139E-03  0.170848E+05  0.170696E+05  0.227585E+05  0.227316E+05  0.000000E+00  0.170823E+05  0.170823E+05  0.170823E+05 -0.618384E+00  0.180562E+05  0.180208E+05  0.225314E+03
  0.990691E-03  0.170845E+05  0.170692E+05  0.227580E+05  0.227309E+05  0.000000E+00  0.170820E+05  0.170820E+05  0.170820E+05 -0.618379E+00  0.180562E+05  0.180204E+05  0.226352E+03
  0.995263E-03  0.170842E+05  0.170688E+05  0.227575E+05  0.227301E+05  0.000000E+00  0.170817E+05  0.170817E+05  0.170817E+05 -0.618375E+00  0.180561E+05  0.180200E+05  0.227395E+03
  0.999857E-03  0.170840E+05  0.170685E+05  0.227569E+05  0.227293E+05  0.000000E+00  0.170815E+05  0.170815E+05  0.170815E+05 -0.618370E+00  0.180560E+05  0.180196E+05  0.228442E+03
  0.100447E-02  0.170837E+05  0.170681E+05  0.227564E+05  0.227285E+05  0.000000E+00  0.170812E+05  0.170812E+05  0.170812E+05 -0.618365E+00  0.180560E+05  0.180192E+05  0.229494E+03
  0.100911E-02  0.170837E+05  0.170679E+05  0.227561E+05  0.227280E+05  0.000000E+00  0.170811E+05  0.170811E+05  0.170811E+05 -0.618361E+00  0.180559E+05  0.180188E+05  0.230553E+03
  0.101377E-02  0.170835E+05  0.170675E+05  0.227556E+05  0.227272E+05  0.000000E+00  0.170809E+05  0.170809E+05  0.170809E+05 -0.618356E+00  0.180558E+05  0.180184E+05  0.231616E+03
  0.101845E-02  0.170833E+05  0.170672E+05  0.227551E+05  0.227265E+05  0.000000E+00  0.170806E+05  0.170806E+05  0.170806E+05 -0.618351E+00  0.180558E+05  0.180180E+05  0.232683E+03
  0.102315E-02  0.170831E+05  0.170668E+05  0.227547E+05  0.227257E+05  0.000000E+00  0.170804E+05  0.170804E+05  0.170804E+05 -0.618346E+00  0.180557E+05  0.180175E+05  0.233758E+03
  0.102787E-02  0.170829E+05  0.170665E+05  0.227542E+05  0.227250E+05  0.000000E+00  0.170802E+05  0.170802E+05  0.170802E+05 -0.618341E+00  0.180556E+05  0.180171E+05  0.234835E+03
  0.103261E-02  0.170827E+05  0.170661E+05  0.227537E+05  0.227242E+05  0.000000E+00  0.170800E+05  0.170800E+05  0.170800E+05 -0.618337E+00  0.180555E+05  0.180167E+05  0.235917E+03
  0.103738E-02  0.170825E+05  0.170658E+05  0.227532E+05  0.227235E+05  0.000000E+00  0.170797E+05  0.170797E+05  0.170797E+05 -0.618332E+00  0.180555E+05  0.180163E+05  0.237004E+03
  0.104217E-02  0.170823E+05  0.170654E+05  0.227527E+05  0.227227E+05  0.000000E+00  0.170795E+05  0.170795E+05  0.170795E+05 -0.618327E+00  0.180554E+05  0.180158E+05  0.238096E+03
  0.104698E-02  0.170821E+05  0.170650E+05  0.227523E+05  0.227219E+05  0.000000E+00  0.170793E+05  0.170793E+05  0.170793E+05 -0.618322E+00  0.180553E+05  0.180154E+05  0.239193E+03
  0.105181E-02  0.170819E+05  0.170647E+05  0.227518E+05  0.227212E+05  0.000000E+00  0.170791E+05  0.170791E+05  0.170791E+05 -0.618316E+00  0.180552E+05  0.180149E+05  0.240295E+03
  0.105667E-02  0.170816E+05  0.170643E+05  0.227513E+05  0.227204E+05  0.000000E+00  0.170788E+05  0.170788E+05  0.170788E+05 -0.618311E+00  0.180552E+05  0.180145E+05  0.241402E+03
  0.106154E-02  0.170814E+05  0.170639E+05  0.227508E+05  0.227196E+05  0.000000E+00  0.170786E+05  0.170786E+05  0.170786E+05 -0.618306E+00  0.180551E+05  0.180140E+05  0.242515E+03
  0.106644E-02  0.170814E+05  0.170637E+05  0.227505E+05  0.227190E+05  0.000000E+00  0.170785E+05  0.170785E+05  0.170785E+05 -0.618301E+00  0.180550E+05  0.180136E+05  0.243634E+03
  0.107137E-02  0.170812E+05  0.170634E+05  0.227500E+05  0.227183E+05  0.000000E+00  0.170783E+05  0.170783E+05  0.170783E+05 -0.618296E+00  0.180549E+05  0.180131E+05  0.244756E+03
  0.107631E-02  0.170810E+05  0.170630E+05  0.227495E+05  0.227175E+05  0.000000E+00  0.170781E+05  0.170781E+05  0.170781E+05 -0.618290E+00  0.180548E+05  0.180126E+05  0.245884E+03
  0.108128E-02  0.170808E+05  0.170627E+05  0.227490E+05  0.227167E+05  0.000000E+00  0.170779E+05  0.170779E+05  0.170779E+05 -0.618285E+00  0.180548E+05  0.180122E+05  0.247017E+03
  0.108627E-02  0.170807E+05  0.170623E+05  0.227486E+05  0.227159E+05  0.000000E+00  0.170777E+05  0.170777E+05  0.170777E+05 -0.618280E+00  0.180547E+05  0.180117E+05  0.248155E+03
  0.109128E-02  0.170805E+05  0.170620E+05  0.227481E+05  0.227151E+05  0.000000E+00  0.170774E+05  0.170774E+05  0.170774E+05 -0.618274E+00  0.180546E+05  0.180112E+05  0.249298E+03
  0.109632E-02  0.170803E+05  0.170616E+05  0.227476E+05  0.227143E+05  0.000000E+00  0.170772E+05  0.170772E+05  0.170772E+05 -0.618269E+00  0.180545E+05  0.180107E+05  0.250446E+03
  0.110138E-02  0.170801E+05  0.170612E+05  0.227471E+05  0.227135E+05  0.000000E+00  0.170770E+05  0.170770E+05  0.170770E+05 -0.618263E+00  0.180544E+05  0.180102E+05  0.251600E+03
  0.110647E-02  0.170799E+05  0.170608E+05  0.227465E+05  0.227127E+05  0.000000E+00  0.170768E+05  0.170768E+05  0.170768E+05 -0.618257E+00  0.180543E+05  0.180097E+05  0.252759E+03
  0.111157E-02  0.170797E+05  0.170605E+05  0.227460E+05  0.227119E+05  0.000000E+00  0.170765E+05  0.170765E+05  0.170765E+05 -0.618252E+00  0.180542E+05  0.180092E+05  0.253923E+03
  0.111670E-02  0.170794E+05  0.170601E+05  0.227455E+05  0.227110E+05  0.000000E+00  0.170763E+05  0.170763E+05  0.170763E+05 -0.618246E+00  0.180542E+05  0.180087E+05  0.255092E+03
  0.112186E-02  0.170794E+05  0.170598E+05  0.227451E+05  0.227104E+05  0.000000E+00  0.170762E+05  0.170762E+05  0.170762E+05 -0.618240E+00  0.180541E+05  0.180082E+05  0.256269E+03
  0.112704E-02  0.170792E+05  0.170595E+05  0.227446E+05  0.227095E+05  0.000000E+00  0.170760E+05  0.170760E+05  0.170760E+05 -0.618234E+00  0.180540E+05  0.180077E+05  0.257449E+03
  0.113224E-02  0.170790E+05  0.170591E+05  0.227441E+05  0.227087E+05  0.000000E+00  0.170758E+05  0.170758E+05  0.170758E+05 -0.618228E+00  0.180539E+05  0.180072E+05  0.258635E+03
  0.113747E-02  0.170788E+05  0.170587E+05  0.227436E+05  0.227079E+05  0.000000E+00  0.170755E+05  0.170755E+05  0.170755E+05 -0.618222E+00  0.180538E+05  0.180067E+05  0.259825E+03
  0.114272E-02  0.170786E+05  0.170583E+05  0.227431E+05  0.227070E+05  0.000000E+00  0.170753E+05  0.170753E+05  0.170753E+05 -0.618216E+00  0.180537E+05  0.180061E+05  0.261022E+03
  0.114799E-02  0.170784E+05  0.170580E+05  0.227426E+05  0.227062E+05  0.000000E+00  0.170751E+05  0.170751E+05  0.170751E+05 -0.618210E+00  0.180536E+05  0.180056E+05  0.262224E+03
  0.115329E-02  0.170782E+05  0.170576E+05  0.227421E+05  0.227053E+05  0.000000E+00  0.170749E+05  0.170749E+05  0.170749E+05 -0.618204E+00  0.180535E+05  0.180051E+05  0.263432E+03
  0.115861E-02  0.170780E+05  0.170572E+05  0.227415E+05  0.227044E+05  0.000000E+00  0.170746E+05  0.170746E+05  0.170746E+05 -0.618198E+00  0.180534E+05  0.180045E+05  0.264645E+03
  0.116396E-02  0.170778E+05  0.170568E+05  0.227410E+05  0.227035E+05  0.000000E+00  0.170744E+05  0.170744E+05  0.170744E+05 -0.618192E+00  0.180533E+05  0.180040E+05  0.265864E+03
  0.116933E-02  0.170776E+05  0.170564E+05  0.227404E+05  0.227026E+05  0.000000E+00  0.170741E+05  0.170741E+05  0.170741E+05 -0.618186E+00  0.180532E+05  0.180034E+05  0.267088E+03
  0.117473E-02  0.170775E+05  0.170561E+05  0.227400E+05  0.227019E+05  0.000000E+00  0.170740E+05  0.170740E+05  0.170740E+05 -0.618179E+00  0.180531E+05  0.180029E+05  0.268319E+03
  0.118015E-02  0.170773E+05  0.170557E+05  0.227395E+05  0.227010E+05  0.000000E+00  0.170738E+05  0.170738E+05  0.170738E+05 -0.618173E+00  0.180530E+05  0.180023E+05  0.269555E+03
  0.118560E-02  0.170771E+05  0.170553E+05  0.227389E+05  0.227001E+05  0.000000E+00  0.170736E+05  0.170736E+05  0.170736E+05 -0.618166E+00  0.180530E+05  0.180018E+05  0.270796E+03
  0.119107E-02  0.170769E+05  0.170549E+05  0.227384E+05  0.226992E+05  0.000000E+00  0.170733E+05  0.170733E+05  0.170733E+05 -0.618160E+00  0.180529E+05  0.180012E+05  0.272043E+03
  0.119657E-02  0.170767E+05  0.170545E+05  0.227379E+05  0.226983E+05  0.000000E+00  0.170731E+05  0.170731E+05  0.170731E+05 -0.618153E+00  0.180528E+05  0.180006E+05  0.273296E+03
  0.120209E-02  0.170765E+05  0.170541E+05  0.227373E+05  0.226974E+05  0.000000E+00  0.170729E+05  0.170729E+05  0.170729E+05 -0.618147E+00  0.180527E+05  0.180000E+05  0.274554E+03
  0.120764E-02  0.170763E+05  0.170537E+05  0.227368E+05  0.226965E+05  0.000000E+00  0.170726E+05  0.170726E+05  0.170726E+05 -0.618140E+00  0.180525E+05  0.179994E+05  0.275819E+03
  0.121322E-02  0.170761E+05  0.170533E+05  0.227362E+05  0.226955E+05  0.000000E+00  0.170724E+05  0.170724E+05  0.170724E+05 -0.618133E+00  0.180524E+05  0.179988E+05  0.277089E+03
  0.121882E-02  0.170759E+05  0.170529E+05  0.227356E+05  0.226946E+05  0.000000E+00  0.170722E+05  0.170722E+05  0.170722E+05 -0.618126E+00  0.180523E+05  0.179982E+05  0.278364E+03
  0.122444E-02  0.170757E+05  0.170524E+05  0.227351E+05  0.226936E+05  0.000000E+00  0.170719E+05  0.170719E+05  0.170719E+05 -0.618120E+00  0.180522E+05  0.179976E+05  0.279646E+03
  0.123009E-02  0.170755E+05  0.170520E+05  0.227345E+05  0.226927E+05  0.000000E+00  0.170717E+05  0.170717E+05  0.170717E+05 -0.618113E+00  0.180521E+05  0.179970E+05  0.280933E+03
  0.123577E-02  0.170754E+05  0.170516E+05  0.227340E+05  0.226918E+05  0.000000E+00  0.170715E+05  0.170715E+05  0.170715E+05 -0.618106E+00  0.180520E+05  0.179964E+05  0.282227E+03
  0.124148E-02  0.170752E+05  0.170512E+05  0.227334E+05  0.226908E+05  0.000000E+00  0.170713E+05  0.170713E+05  0.170713E+05 -0.618099E+00  0.180519E+05  0.179958E+05  0.283526E+03
  0.124721E-02  0.170750E+05  0.170508E+05  0.227329E+05  0.226899E+05  0.000000E+00  0.170711E+05  0.170711E+05  0.170711E+05 -0.618091E+00  0.180518E+05  0.179952E+05  0.284831E+03
  0.125296E-02  0.170748E+05  0.170504E+05  0.227323E+05  0.226890E+05  0.000000E+00  0.170709E+05  0.170709E+05  0.170709E+05 -0.618084E+00  0.180517E+05  0.179945E+05  0.286143E+03
  0.125875E-02  0.170747E+05  0.170500E+05  0.227318E+05  0.226880E+05  0.000000E+00  0.170707E+05  0.170707E+05  0.170707E+05 -0.618077E+00  0.180516E+05  0.179939E+05  0.287461E+03
  0.126456E-02  0.170745E+05  0.170497E+05  0.227313E+05  0.226871E+05  0.000000E+00  0.170705E+05  0.170705E+05  0.170705E+05 -0.618073E+00  0.180513E+05  0.179931E+05  0.288795E+03
  0.127039E-02  0.170745E+05  0.170494E+05  0.227309E+05  0.226863E+05  0.000000E+00  0.170704E+05  0.170704E+05  0.170704E+05 -0.618072E+00  0.180510E+05  0.179922E+05  0.290140E+03
  0.127626E-02  0.170745E+05  0.170492E+05  0.227306E+05  0.226856E+05  0.000000E+00  0.170704E+05  0.170704E+05  0.170704E+05 -0.618070E+00  0.180506E+05  0.179913E+05  0.291493E+03
  0.128215E-02  0.170744E+05  0.170489E+05  0.227301E+05  0.226847E+05  0.000000E+00  0.170703E+05  0.170703E+05  0.170703E+05 -0.618068E+00  0.180503E+05  0.179904E+05  0.292853E+03
  0.128807E-02  0.170744E+05  0.170485E+05  0.227297E+05  0.226839E+05  0.000000E+00  0.170702E+05  0.170702E+05  0.170702E+05 -0.618066E+00  0.180500E+05  0.179895E+05  0.294216E+03
  0.129401E-02  0.170743E+05  0.170482E+05  0.227292E+05  0.226830E+05  0.000000E+00  0.170700E+05  0.170700E+05  0.170700E+05 -0.618064E+00  0.180496E+05  0.179886E+05  0.295585E+03
  0.129998E-02  0.170741E+05  0.170478E+05  0.227287E+05  0.226820E+05  0.000000E+00  0.170699E+05  0.170699E+05  0.170699E+05 -0.618061E+00  0.180493E+05  0.179877E+05  0.296960E+03
  0.130598E-02  0.170741E+05  0.170475E+05  0.227283E+05  0.226812E+05  0.000000E+00  0.170698E+05  0.170698E+05  0.170698E+05 -0.618059E+00  0.180490E+05  0.179868E+05  0.298342E+03
  0.131201E-02  0.170739E+05  0.170471E+05  0.227278E+05  0.226802E+05  0.000000E+00  0.170696E+05  0.170696E+05  0.170696E+05 -0.618055E+00  0.180487E+05  0.179860E+05  0.299729E+03
  0.131807E-02  0.170738E+05  0.170467E+05  0.227272E+05  0.226792E+05  0.000000E+00  0.170694E+05  0.170694E+05  0.170694E+05 -0.618052E+00  0.180484E+05  0.179851E+05  0.301121E+03
  0.132415E-02  0.170736E+05  0.170463E+05  0.227266E+05  0.226781E+05  0.000000E+00  0.170692E+05  0.170692E+05  0.170692E+05 -0.618049E+00  0.180481E+05  0.179842E+05  0.302520E+03
  0.133026E-02  0.170734E+05  0.170458E+05  0.227260E+05  0.226771E+05  0.000000E+00  0.170689E+05  0.170689E+05  0.170689E+05 -0.618045E+00  0.180478E+05  0.179833E+05  0.303924E+03
  0.133640E-02  0.170733E+05  0.170455E+05  0.227255E+05  0.226761E+05  0.000000E+00  0.170688E+05  0.170688E+05  0.170688E+05 -0.618041E+00  0.180475E+05  0.179824E+05  0.305336E+03
  0.134257E-02  0.170732E+05  0.170451E+05  0.227249E+05  0.226751E+05  0.000000E+00  0.170686E+05  0.170686E+05  0.170686E+05 -0.618037E+00  0.180472E+05  0.179815E+05  0.306753E+03
  0.134877E-02  0.170730E+05  0.170446E+05  0.227243E+05  0.226740E+05  0.000000E+00  0.170684E+05  0.170684E+05  0.170684E+05 -0.618033E+00  0.180469E+05  0.179806E+05  0.308176E+03
  0.135500E-02  0.170729E+05  0.170442E+05  0.227237E+05  0.226730E+05  0.000000E+00  0.170682E+05  0.170682E+05  0.170682E+05 -0.618029E+00  0.180466E+05  0.179797E+05  0.309606E+03
  0.136125E-02  0.170727E+05  0.170438E+05  0.227231E+05  0.226719E+05  0.000000E+00  0.170680E+05  0.170680E+05  0.170680E+05 -0.618024E+00  0.180463E+05  0.179788E+05  0.311042E+03
  0.136753E-02  0.170726E+05  0.170434E+05  0.227227E+05  0.226710E+05  0.000000E+00  0.170679E+05  0.170679E+05  0.170679E+05 -0.618019E+00  0.180461E+05  0.179779E+05  0.312486E+03
  0.137385E-02  0.170725E+05  0.170430E+05  0.227221E+05  0.226700E+05  0.000000E+00  0.170677E+05  0.170677E+05  0.170677E+05 -0.618014E+00  0.180458E+05  0.179770E+05  0.313936E+03
  0.138019E-02  0.170724E+05  0.170426E+05  0.227216E+05  0.226689E+05  0.000000E+00  0.170675E+05  0.170675E+05  0.170675E+05 -0.618009E+00  0.180455E+05  0.179761E+05  0.315392E+03
  0.138656E-02  0.170722E+05  0.170422E+05  0.227210E+05  0.226678E+05  0.000000E+00  0.170673E+05  0.170673E+05  0.170673E+05 -0.618003E+00  0.180452E+05  0.179752E+05  0.316854E+03
  0.139296E-02  0.170722E+05  0.170418E+05  0.227205E+05  0.226668E+05  0.000000E+00  0.170672E+05  0.170672E+05  0.170672E+05 -0.617998E+00  0.180450E+05  0.179743E+05  0.318323E+03
  0.139939E-02  0.170720E+05  0.170414E+05  0.227199E+05  0.226658E+05  0.000000E+00  0.170670E+05  0.170670E+05  0.170670E+05 -0.617992E+00  0.180447E+05  0.179734E+05  0.319799E+03
  0.140585E-02  0.170719E+05  0.170410E+05  0.227193E+05  0.226647E+05  0.000000E+00  0.170669E+05  0.170669E+05  0.170669E+05 -0.617986E+00  0.180445E+05  0.179724E+05  0.321281E+03
  0.141234E-02  0.170717E+05  0.170406E+05  0.227187E+05  0.226636E+05  0.000000E+00  0.170667E+05  0.170667E+05  0.170667E+05 -0.617980E+00  0.180442E+05  0.179715E+05  0.322769E+03
  0.141886E-02  0.170716E+05  0.170401E+05  0.227181E+05  0.226624E+05  0.000000E+00  0.170665E+05  0.170665E+05  0.170665E+05 -0.617973E+00  0.180440E+05  0.179706E+05  0.324264E+03
  0.142540E-02  0.170715E+05  0.170397E+05  0.227176E+05  0.226614E+05  0.000000E+00  0.170663E+05  0.170663E+05  0.170663E+05 -0.617967E+00  0.180437E+05  0.179697E+05  0.325767E+03
  0.143198E-02  0.170714E+05  0.170393E+05  0.227169E+05  0.226603E+05  0.000000E+00  0.170661E+05  0.170661E+05  0.170661E+05 -0.617960E+00  0.180435E+05  0.179687E+05  0.327275E+03
  0.143859E-02  0.170712E+05  0.170388E+05  0.227163E+05  0.226591E+05  0.000000E+00  0.170659E+05  0.170659E+05  0.170659E+05 -0.617953E+00  0.180432E+05  0.179678E+05  0.328790E+03
  0.144523E-02  0.170710E+05  0.170383E+05  0.227156E+05  0.226579E+05  0.000000E+00  0.170657E+05  0.170657E+05  0.170657E+05 -0.617946E+00  0.180430E+05  0.179669E+05  0.330311E+03
  0.145190E-02  0.170708E+05  0.170378E+05  0.227149E+05  0.226567E+05  0.000000E+00  0.170654E+05  0.170654E+05  0.170654E+05 -0.617939E+00  0.180427E+05  0.179659E+05  0.331839E+03
  0.145861E-02  0.170706E+05  0.170373E+05  0.227143E+05  0.226555E+05  0.000000E+00  0.170652E+05  0.170652E+05  0.170652E+05 -0.617932E+00  0.180425E+05  0.179650E+05  0.333373E+03
  0.146534E-02  0.170705E+05  0.170368E+05  0.227136E+05  0.226543E+05  0.000000E+00  0.170650E+05  0.170650E+05  0.170650E+05 -0.617924E+00  0.180423E+05  0.179640E+05  0.334915E+03
  0.147210E-02  0.170703E+05  0.170364E+05  0.227129E+05  0.226530E+05  0.000000E+00  0.170648E+05  0.170648E+05  0.170648E+05 -0.617917E+00  0.180420E+05  0.179630E+05  0.336464E+03
  0.147890E-02  0.170701E+05  0.170359E+05  0.227123E+05  0.226518E+05  0.000000E+00  0.170646E+05  0.170646E+05  0.170646E+05 -0.617909E+00  0.180418E+05  0.179621E+05  0.338020E+03
  0.148572E-02  0.170700E+05  0.170354E+05  0.227116E+05  0.226506E+05  0.000000E+00  0.170644E+05  0.170644E+05  0.170644E+05 -0.617901E+00  0.180416E+05  0.179611E+05  0.339583E+03
  0.149258E-02  0.170700E+05  0.170351E+05  0.227111E+05  0.226496E+05  0.000000E+00  0.170643E+05  0.170643E+05  0.170643E+05 -0.617893E+00  0.180413E+05  0.179601E+05  0.341155E+03
  0.149947E-02  0.170698E+05  0.170346E+05  0.227105E+05  0.226484E+05  0.000000E+00  0.170641E+05  0.170641E+05  0.170641E+05 -0.617884E+00  0.180411E+05  0.179591E+05  0.342732E+03
  0.150639E-02  0.170697E+05  0.170342E+05  0.227099E+05  0.226472E+05  0.000000E+00  0.170639E+05  0.170639E+05  0.170639E+05 -0.617876E+00  0.180409E+05  0.179582E+05  0.344317E+03
  0.151335E-02  0.170696E+05  0.170337E+05  0.227092E+05  0.226459E+05  0.000000E+00  0.170637E+05  0.170637E+05  0.170637E+05 -0.617867E+00  0.180406E+05  0.179572E+05  0.345908E+03
  0.152033E-02  0.170694E+05  0.170332E+05  0.227085E+05  0.226447E+05  0.000000E+00  0.170635E+05  0.170635E+05  0.170635E+05 -0.617858E+00  0.180404E+05  0.179562E+05  0.347506E+03
  0.152735E-02  0.170693E+05  0.170327E+05  0.227079E+05  0.226435E+05  0.000000E+00  0.170633E+05  0.170633E+05  0.170633E+05 -0.617849E+00  0.180402E+05  0.179551E+05  0.349112E+03
  0.153440E-02  0.170691E+05  0.170322E+05  0.227072E+05  0.226421E+05  0.000000E+00  0.170631E+05  0.170631E+05  0.170631E+05 -0.617840E+00  0.180399E+05  0.179541E+05  0.350724E+03
  0.154148E-02  0.170689E+05  0.170316E+05  0.227064E+05  0.226408E+05  0.000000E+00  0.170628E+05  0.170628E+05  0.170628E+05 -0.617831E+00  0.180397E+05  0.179531E+05  0.352344E+03
  0.154860E-02  0.170687E+05  0.170311E+05  0.227057E+05  0.226394E+05  0.000000E+00  0.170626E+05  0.170626E+05  0.170626E+05 -0.617821E+00  0.180395E+05  0.179521E+05  0.353970E+03
  0.155574E-02  0.170684E+05  0.170305E+05  0.227048E+05  0.226379E+05  0.000000E+00  0.170623E+05  0.170623E+05  0.170623E+05 -0.617812E+00  0.180393E+05  0.179511E+05  0.355603E+03
  0.156292E-02  0.170683E+05  0.170300E+05  0.227042E+05  0.226367E+05  0.000000E+00  0.170621E+05  0.170621E+05  0.170621E+05 -0.617802E+00  0.180390E+05  0.179500E+05  0.357245E+03
  0.157014E-02  0.170681E+05  0.170294E+05  0.227034E+05  0.226353E+05  0.000000E+00  0.170618E+05  0.170618E+05  0.170618E+05 -0.617792E+00  0.180388E+05  0.179490E+05  0.358894E+03
  0.157739E-02  0.170679E+05  0.170289E+05  0.227026E+05  0.226339E+05  0.000000E+00  0.170616E+05  0.170616E+05  0.170616E+05 -0.617782E+00  0.180386E+05  0.179479E+05  0.360550E+03
  0.158467E-02  0.170677E+05  0.170283E+05  0.227018E+05  0.226325E+05  0.000000E+00  0.170613E+05  0.170613E+05  0.170613E+05 -0.617772E+00  0.180384E+05  0.179468E+05  0.362213E+03
  0.159198E-02  0.170675E+05  0.170277E+05  0.227010E+05  0.226310E+05  0.000000E+00  0.170610E+05  0.170610E+05  0.170610E+05 -0.617762E+00  0.180382E+05  0.179458E+05  0.363884E+03
  0.159933E-02  0.170674E+05  0.170273E+05  0.227004E+05  0.226298E+05  0.000000E+00  0.170609E+05  0.170609E+05  0.170609E+05 -0.617751E+00  0.180379E+05  0.179447E+05  0.365565E+03
  0.160671E-02  0.170673E+05  0.170267E+05  0.226997E+05  0.226283E+05  0.000000E+00  0.170606E+05  0.170606E+05  0.170606E+05 -0.617740E+00  0.180377E+05  0.179436E+05  0.367251E+03
  0.161413E-02  0.170671E+05  0.170262E+05  0.226989E+05  0.226269E+05  0.000000E+00  0.170604E+05  0.170604E+05  0.170604E+05 -0.617730E+00  0.180375E+05  0.179425E+05  0.368945E+03
  0.162158E-02  0.170669E+05  0.170256E+05  0.226981E+05  0.226255E+05  0.000000E+00  0.170602E+05  0.170602E+05  0.170602E+05 -0.617719E+00  0.180373E+05  0.179414E+05  0.370647E+03
  0.162906E-02  0.170668E+05  0.170251E+05  0.226974E+05  0.226241E+05  0.000000E+00  0.170600E+05  0.170600E+05  0.170600E+05 -0.617707E+00  0.180370E+05  0.179403E+05  0.372357E+03
  0.163658E-02  0.170666E+05  0.170245E+05  0.226967E+05  0.226227E+05  0.000000E+00  0.170598E+05  0.170598E+05  0.170598E+05 -0.617696E+00  0.180368E+05  0.179392E+05  0.374074E+03
  0.164414E-02  0.170664E+05  0.170240E+05  0.226959E+05  0.226212E+05  0.000000E+00  0.170595E+05  0.170595E+05  0.170595E+05 -0.617685E+00  0.180366E+05  0.179380E+05  0.375799E+03
  0.165173E-02  0.170662E+05  0.170234E+05  0.226951E+05  0.226197E+05  0.000000E+00  0.170593E+05  0.170593E+05  0.170593E+05 -0.617673E+00  0.180364E+05  0.179369E+05  0.377531E+03
  0.165935E-02  0.170660E+05  0.170228E+05  0.226942E+05  0.226182E+05  0.000000E+00  0.170590E+05  0.170590E+05  0.170590E+05 -0.617662E+00  0.180361E+05  0.179358E+05  0.379271E+03
  0.166701E-02  0.170659E+05  0.170223E+05  0.226935E+05  0.226168E+05  0.000000E+00  0.170588E+05  0.170588E+05  0.170588E+05 -0.617650E+00  0.180359E+05  0.179346E+05  0.381019E+03
  0.167470E-02  0.170657E+05  0.170217E+05  0.226927E+05  0.226153E+05  0.000000E+00  0.170586E+05  0.170586E+05  0.170586E+05 -0.617638E+00  0.180357E+05  0.179334E+05  0.382775E+03
  0.168243E-02  0.170655E+05  0.170211E+05  0.226919E+05  0.226137E+05  0.000000E+00  0.170583E+05  0.170583E+05  0.170583E+05 -0.617625E+00  0.180354E+05  0.179323E+05  0.384539E+03
  0.169020E-02  0.170653E+05  0.170204E+05  0.226910E+05  0.226121E+05  0.000000E+00  0.170580E+05  0.170580E+05  0.170580E+05 -0.617613E+00  0.180352E+05  0.179311E+05  0.386310E+03
  0.169800E-02  0.170651E+05  0.170198E+05  0.226901E+05  0.226105E+05  0.000000E+00  0.170577E+05  0.170577E+05  0.170577E+05 -0.617601E+00  0.180350E+05  0.179299E+05  0.388089E+03
  0.170584E-02  0.170648E+05  0.170191E+05  0.226892E+05  0.226088E+05  0.000000E+00  0.170574E+05  0.170574E+05  0.170574E+05 -0.617588E+00  0.180348E+05  0.179287E+05  0.389876E+03
  0.171371E-02  0.170646E+05  0.170185E+05  0.226883E+05  0.226072E+05  0.000000E+00  0.170571E+05  0.170571E+05  0.170571E+05 -0.617575E+00  0.180345E+05  0.179275E+05  0.391671E+03
  0.172162E-02  0.170644E+05  0.170179E+05  0.226874E+05  0.226056E+05  0.000000E+00  0.170568E+05  0.170568E+05  0.170568E+05 -0.617562E+00  0.180343E+05  0.179263E+05  0.393475E+03
  0.172957E-02  0.170642E+05  0.170172E+05  0.226866E+05  0.226040E+05  0.000000E+00  0.170566E+05  0.170566E+05  0.170566E+05 -0.617549E+00  0.180341E+05  0.179250E+05  0.395287E+03
  0.173755E-02  0.170640E+05  0.170166E+05  0.226857E+05  0.226023E+05  0.000000E+00  0.170563E+05  0.170563E+05  0.170563E+05 -0.617536E+00  0.180338E+05  0.179238E+05  0.397107E+03
  0.174557E-02  0.170640E+05  0.170161E+05  0.226850E+05  0.226009E+05  0.000000E+00  0.170562E+05  0.170562E+05  0.170562E+05 -0.617522E+00  0.180336E+05  0.179225E+05  0.398938E+03
  0.175363E-02  0.170638E+05  0.170155E+05  0.226842E+05  0.225993E+05  0.000000E+00  0.170560E+05  0.170560E+05  0.170560E+05 -0.617509E+00  0.180334E+05  0.179213E+05  0.400775E+03
  0.176172E-02  0.170637E+05  0.170149E+05  0.226833E+05  0.225977E+05  0.000000E+00  0.170557E+05  0.170557E+05  0.170557E+05 -0.617495E+00  0.180331E+05  0.179200E+05  0.402621E+03
  0.176986E-02  0.170635E+05  0.170142E+05  0.226824E+05  0.225960E+05  0.000000E+00  0.170555E+05  0.170555E+05  0.170555E+05 -0.617481E+00  0.180329E+05  0.179187E+05  0.404474E+03
  0.177803E-02  0.170633E+05  0.170136E+05  0.226815E+05  0.225943E+05  0.000000E+00  0.170552E+05  0.170552E+05  0.170552E+05 -0.617467E+00  0.180326E+05  0.179174E+05  0.406335E+03
  0.178623E-02  0.170631E+05  0.170130E+05  0.226807E+05  0.225926E+05  0.000000E+00  0.170550E+05  0.170550E+05  0.170550E+05 -0.617453E+00  0.180324E+05  0.179161E+05  0.408206E+03
  0.179448E-02  0.170629E+05  0.170122E+05  0.226797E+05  0.225908E+05  0.000000E+00  0.170546E+05  0.170546E+05  0.170546E+05 -0.617439E+00  0.180322E+05  0.179148E+05  0.410084E+03
  0.180276E-02  0.170626E+05  0.170115E+05  0.226787E+05  0.225890E+05  0.000000E+00  0.170543E+05  0.170543E+05  0.170543E+05 -0.617424E+00  0.180319E+05  0.179135E+05  0.411970E+03
  0.181108E-02  0.170624E+05  0.170108E+05  0.226777E+05  0.225872E+05  0.000000E+00  0.170539E+05  0.170539E+05  0.170539E+05 -0.617410E+00  0.180317E+05  0.179121E+05  0.413864E+03
  0.181944E-02  0.170621E+05  0.170100E+05  0.226766E+05  0.225853E+05  0.000000E+00  0.170536E+05  0.170536E+05  0.170536E+05 -0.617395E+00  0.180314E+05  0.179108E+05  0.415766E+03
  0.182784E-02  0.170619E+05  0.170093E+05  0.226757E+05  0.225835E+05  0.000000E+00  0.170533E+05  0.170533E+05  0.170533E+05 -0.617380E+00  0.180312E+05  0.179094E+05  0.417679E+03
  0.183628E-02  0.170617E+05  0.170086E+05  0.226747E+05  0.225817E+05  0.000000E+00  0.170530E+05  0.170530E+05  0.170530E+05 -0.617365E+00  0.180309E+05  0.179081E+05  0.419600E+03
  0.184475E-02  0.170614E+05  0.170079E+05  0.226737E+05  0.225798E+05  0.000000E+00  0.170527E+05  0.170527E+05  0.170527E+05 -0.617349E+00  0.180307E+05  0.179067E+05  0.421529E+03
  0.185327E-02  0.170612E+05  0.170071E+05  0.226727E+05  0.225779E+05  0.000000E+00  0.170524E+05  0.170524E+05  0.170524E+05 -0.617334E+00  0.180304E+05  0.179053E+05  0.423467E+03
  0.186182E-02  0.170609E+05  0.170064E+05  0.226716E+05  0.225760E+05  0.000000E+00  0.170520E+05  0.170520E+05  0.170520E+05 -0.617318E+00  0.180302E+05  0.179039E+05  0.425414E+03
  0.187042E-02  0.170608E+05  0.170057E+05  0.226708E+05  0.225743E+05  0.000000E+00  0.170518E+05  0.170518E+05  0.170518E+05 -0.617302E+00  0.180299E+05  0.179024E+05  0.427371E+03
  0.187905E-02  0.170606E+05  0.170050E+05  0.226698E+05  0.225724E+05  0.000000E+00  0.170515E+05  0.170515E+05  0.170515E+05 -0.617286E+00  0.180296E+05  0.179010E+05  0.429336E+03
  0.188772E-02  0.170604E+05  0.170043E+05  0.226688E+05  0.225705E+05  0.000000E+00  0.170512E+05  0.170512E+05  0.170512E+05 -0.617270E+00  0.180294E+05  0.178996E+05  0.431309E+03
  0.189644E-02  0.170601E+05  0.170035E+05  0.226677E+05  0.225685E+05  0.000000E+00  0.170509E+05  0.170509E+05  0.170509E+05 -0.617254E+00  0.180291E+05  0.178981E+05  0.433292E+03
  0.190519E-02  0.170599E+05  0.170028E+05  0.226667E+05  0.225666E+05  0.000000E+00  0.170506E+05  0.170506E+05  0.170506E+05 -0.617238E+00  0.180289E+05  0.178966E+05  0.435282E+03
  0.191398E-02  0.170598E+05  0.170021E+05  0.226658E+05  0.225647E+05  0.000000E+00  0.170504E+05  0.170504E+05  0.170504E+05 -0.617221E+00  0.180286E+05  0.178951E+05  0.437284E+03
  0.192282E-02  0.170596E+05  0.170014E+05  0.226647E+05  0.225628E+05  0.000000E+00  0.170501E+05  0.170501E+05  0.170501E+05 -0.617204E+00  0.180283E+05  0.178936E+05  0.439294E+03
  0.193169E-02  0.170593E+05  0.170006E+05  0.226637E+05  0.225608E+05  0.000000E+00  0.170498E+05  0.170498E+05  0.170498E+05 -0.617187E+00  0.180281E+05  0.178921E+05  0.441313E+03
  0.194061E-02  0.170591E+05  0.169998E+05  0.226626E+05  0.225587E+05  0.000000E+00  0.170494E+05  0.170494E+05  0.170494E+05 -0.617170E+00  0.180278E+05  0.178906E+05  0.443340E+03
  0.194957E-02  0.170588E+05  0.169990E+05  0.226615E+05  0.225567E+05  0.000000E+00  0.170491E+05  0.170491E+05  0.170491E+05 -0.617153E+00  0.180275E+05  0.178891E+05  0.445376E+03
  0.195857E-02  0.170587E+05  0.169983E+05  0.226605E+05  0.225547E+05  0.000000E+00  0.170488E+05  0.170488E+05  0.170488E+05 -0.617135E+00  0.180272E+05  0.178875E+05  0.447424E+03
  0.196761E-02  0.170584E+05  0.169975E+05  0.226594E+05  0.225527E+05  0.000000E+00  0.170485E+05  0.170485E+05  0.170485E+05 -0.617117E+00  0.180270E+05  0.178859E+05  0.449479E+03
  0.197669E-02  0.170582E+05  0.169967E+05  0.226582E+05  0.225505E+05  0.000000E+00  0.170482E+05  0.170482E+05  0.170482E+05 -0.617099E+00  0.180267E+05  0.178843E+05  0.451543E+03
  0.198581E-02  0.170579E+05  0.169958E+05  0.226571E+05  0.225484E+05  0.000000E+00  0.170478E+05  0.170478E+05  0.170478E+05 -0.617081E+00  0.180264E+05  0.178828E+05  0.453616E+03
  0.199498E-02  0.170576E+05  0.169950E+05  0.226559E+05  0.225462E+05  0.000000E+00  0.170474E+05  0.170474E+05  0.170474E+05 -0.617063E+00  0.180261E+05  0.178811E+05  0.455699E+03
  0.200419E-02  0.170574E+05  0.169941E+05  0.226547E+05  0.225440E+05  0.000000E+00  0.170471E+05  0.170471E+05  0.170471E+05 -0.617045E+00  0.180258E+05  0.178795E+05  0.457791E+03
  0.201344E-02  0.170571E+05  0.169933E+05  0.226536E+05  0.225419E+05  0.000000E+00  0.170467E+05  0.170467E+05  0.170467E+05 -0.617026E+00  0.180255E+05  0.178779E+05  0.459893E+03
  0.202273E-02  0.170569E+05  0.169925E+05  0.226524E+05  0.225397E+05  0.000000E+00  0.170464E+05  0.170464E+05  0.170464E+05 -0.617008E+00  0.180253E+05  0.178762E+05  0.462005E+03
  0.203207E-02  0.170566E+05  0.169916E+05  0.226513E+05  0.225375E+05  0.000000E+00  0.170460E+05  0.170460E+05  0.170460E+05 -0.616989E+00  0.180250E+05  0.178746E+05  0.464126E+03
  0.204145E-02  0.170565E+05  0.169909E+05  0.226503E+05  0.225354E+05  0.000000E+00  0.170458E+05  0.170458E+05  0.170458E+05 -0.616969E+00  0.180247E+05  0.178729E+05  0.466258E+03
  0.205087E-02  0.170563E+05  0.169901E+05  0.226491E+05  0.225333E+05  0.000000E+00  0.170455E+05  0.170455E+05  0.170455E+05 -0.616950E+00  0.180244E+05  0.178712E+05  0.468400E+03
  0.206034E-02  0.170561E+05  0.169893E+05  0.226480E+05  0.225311E+05  0.000000E+00  0.170452E+05  0.170452E+05  0.170452E+05 -0.616931E+00  0.180241E+05  0.178695E+05  0.470551E+03
  0.206985E-02  0.170559E+05  0.169884E+05  0.226469E+05  0.225288E+05  0.000000E+00  0.170449E+05  0.170449E+05  0.170449E+05 -0.616911E+00  0.180238E+05  0.178677E+05  0.472711E+03
  0.207940E-02  0.170557E+05  0.169876E+05  0.226458E+05  0.225267E+05  0.000000E+00  0.170446E+05  0.170446E+05  0.170446E+05 -0.616891E+00  0.180235E+05  0.178660E+05  0.474882E+03
  0.208900E-02  0.170555E+05  0.169868E+05  0.226446E+05  0.225244E+05  0.000000E+00  0.170443E+05  0.170443E+05  0.170443E+05 -0.616871E+00  0.180231E+05  0.178642E+05  0.477061E+03
  0.209864E-02  0.170552E+05  0.169859E+05  0.226433E+05  0.225220E+05  0.000000E+00  0.170439E+05  0.170439E+05  0.170439E+05 -0.616851E+00  0.180228E+05  0.178624E+05  0.479250E+03
  0.210833E-02  0.170549E+05  0.169849E+05  0.226420E+05  0.225196E+05  0.000000E+00  0.170435E+05  0.170435E+05  0.170435E+05 -0.616830E+00  0.180225E+05  0.178607E+05  0.481447E+03
  0.211806E-02  0.170546E+05  0.169840E+05  0.226407E+05  0.225172E+05  0.000000E+00  0.170431E+05  0.170431E+05  0.170431E+05 -0.616809E+00  0.180222E+05  0.178588E+05  0.483655E+03
  0.212784E-02  0.170544E+05  0.169831E+05  0.226395E+05  0.225148E+05  0.000000E+00  0.170428E+05  0.170428E+05  0.170428E+05 -0.616789E+00  0.180219E+05  0.178570E+05  0.485874E+03
  0.213766E-02  0.170541E+05  0.169821E+05  0.226382E+05  0.225124E+05  0.000000E+00  0.170424E+05  0.170424E+05  0.170424E+05 -0.616767E+00  0.180216E+05  0.178552E+05  0.488101E+03
  0.214752E-02  0.170538E+05  0.169812E+05  0.226369E+05  0.225099E+05  0.000000E+00  0.170419E+05  0.170419E+05  0.170419E+05 -0.616746E+00  0.180212E+05  0.178533E+05  0.490338E+03
  0.215744E-02  0.170535E+05  0.169802E+05  0.226355E+05  0.225074E+05  0.000000E+00  0.170415E+05  0.170415E+05  0.170415E+05 -0.616725E+00  0.180209E+05  0.178514E+05  0.492586E+03
  0.216739E-02  0.170532E+05  0.169793E+05  0.226342E+05  0.225049E+05  0.000000E+00  0.170412E+05  0.170412E+05  0.170412E+05 -0.616703E+00  0.180206E+05  0.178496E+05  0.494846E+03
  0.217740E-02  0.170529E+05  0.169783E+05  0.226329E+05  0.225024E+05  0.000000E+00  0.170408E+05  0.170408E+05  0.170408E+05 -0.616681E+00  0.180202E+05  0.178476E+05  0.497114E+03
  0.218745E-02  0.170526E+05  0.169773E+05  0.226315E+05  0.224998E+05  0.000000E+00  0.170404E+05  0.170404E+05  0.170404E+05 -0.616659E+00  0.180199E+05  0.178457E+05  0.499393E+03
  0.219755E-02  0.170523E+05  0.169763E+05  0.226301E+05  0.224973E+05  0.000000E+00  0.170400E+05  0.170400E+05  0.170400E+05 -0.616637E+00  0.180196E+05  0.178438E+05  0.501682E+03
  0.220769E-02  0.170521E+05  0.169754E+05  0.226288E+05  0.224947E+05  0.000000E+00  0.170396E+05  0.170396E+05  0.170396E+05 -0.616614E+00  0.180192E+05  0.178418E+05  0.503982E+03
  0.221788E-02  0.170518E+05  0.169744E+05  0.226275E+05  0.224921E+05  0.000000E+00  0.170392E+05  0.170392E+05  0.170392E+05 -0.616592E+00  0.180189E+05  0.178398E+05  0.506291E+03
  0.222812E-02  0.170515E+05  0.169734E+05  0.226261E+05  0.224895E+05  0.000000E+00  0.170388E+05  0.170388E+05  0.170388E+05 -0.616569E+00  0.180185E+05  0.178378E+05  0.508612E+03
  0.223840E-02  0.170513E+05  0.169724E+05  0.226247E+05  0.224869E+05  0.000000E+00  0.170384E+05  0.170384E+05  0.170384E+05 -0.616545E+00  0.180182E+05  0.178358E+05  0.510942E+03
  0.224873E-02  0.170510E+05  0.169713E+05  0.226233E+05  0.224842E+05  0.000000E+00  0.170380E+05  0.170380E+05  0.170380E+05 -0.616522E+00  0.180178E+05  0.178338E+05  0.513283E+03
  0.225911E-02  0.170507E+05  0.169704E+05  0.226220E+05  0.224816E+05  0.000000E+00  0.170376E+05  0.170376E+05  0.170376E+05 -0.616498E+00  0.180175E+05  0.178317E+05  0.515636E+03
  0.226954E-02  0.170504E+05  0.169693E+05  0.226205E+05  0.224789E+05  0.000000E+00  0.170372E+05  0.170372E+05  0.170372E+05 -0.616475E+00  0.180171E+05  0.178296E+05  0.517999E+03
  0.228002E-02  0.170502E+05  0.169683E+05  0.226191E+05  0.224761E+05  0.000000E+00  0.170368E+05  0.170368E+05  0.170368E+05 -0.616451E+00  0.180168E+05  0.178276E+05  0.520372E+03
  0.229054E-02  0.170499E+05  0.169672E+05  0.226176E+05  0.224734E+05  0.000000E+00  0.170364E+05  0.170364E+05  0.170364E+05 -0.616426E+00  0.180164E+05  0.178254E+05  0.522756E+03
  0.230111E-02  0.170495E+05  0.169662E+05  0.226161E+05  0.224705E+05  0.000000E+00  0.170359E+05  0.170359E+05  0.170359E+05 -0.616402E+00  0.180160E+05  0.178233E+05  0.525149E+03
  0.231173E-02  0.170492E+05  0.169650E+05  0.226146E+05  0.224677E+05  0.000000E+00  0.170355E+05  0.170355E+05  0.170355E+05 -0.616377E+00  0.180156E+05  0.178212E+05  0.527554E+03
  0.232241E-02  0.170489E+05  0.169639E+05  0.226131E+05  0.224648E+05  0.000000E+00  0.170350E+05  0.170350E+05  0.170350E+05 -0.616352E+00  0.180153E+05  0.178190E+05  0.529969E+03
  0.233313E-02  0.170485E+05  0.169628E+05  0.226116E+05  0.224619E+05  0.000000E+00  0.170346E+05  0.170346E+05  0.170346E+05 -0.616327E+00  0.180149E+05  0.178168E+05  0.532396E+03
  0.234389E-02  0.170482E+05  0.169617E+05  0.226100E+05  0.224590E+05  0.000000E+00  0.170341E+05  0.170341E+05  0.170341E+05 -0.616302E+00  0.180145E+05  0.178146E+05  0.534833E+03
  0.235471E-02  0.170480E+05  0.169607E+05  0.226086E+05  0.224562E+05  0.000000E+00  0.170338E+05  0.170338E+05  0.170338E+05 -0.616276E+00  0.180141E+05  0.178124E+05  0.537283E+03
  0.236558E-02  0.170477E+05  0.169596E+05  0.226071E+05  0.224533E+05  0.000000E+00  0.170333E+05  0.170333E+05  0.170333E+05 -0.616250E+00  0.180137E+05  0.178101E+05  0.539743E+03
  0.237650E-02  0.170474E+05  0.169585E+05  0.226055E+05  0.224503E+05  0.000000E+00  0.170329E+05  0.170329E+05  0.170329E+05 -0.616224E+00  0.180133E+05  0.178078E+05  0.542213E+03
  0.238747E-02  0.170471E+05  0.169573E+05  0.226040E+05  0.224474E+05  0.000000E+00  0.170325E+05  0.170325E+05  0.170325E+05 -0.616197E+00  0.180129E+05  0.178056E+05  0.544695E+03
  0.239849E-02  0.170468E+05  0.169562E+05  0.226024E+05  0.224444E+05  0.000000E+00  0.170320E+05  0.170320E+05  0.170320E+05 -0.616171E+00  0.180125E+05  0.178032E+05  0.547188E+03
  0.240956E-02  0.170465E+05  0.169551E+05  0.226009E+05  0.224414E+05  0.000000E+00  0.170316E+05  0.170316E+05  0.170316E+05 -0.616144E+00  0.180121E+05  0.178009E+05  0.549693E+03
  0.242068E-02  0.170462E+05  0.169539E+05  0.225993E+05  0.224383E+05  0.000000E+00  0.170312E+05  0.170312E+05  0.170312E+05 -0.616117E+00  0.180117E+05  0.177986E+05  0.552208E+03
  0.243186E-02  0.170459E+05  0.169527E+05  0.225976E+05  0.224352E+05  0.000000E+00  0.170307E+05  0.170307E+05  0.170307E+05 -0.616089E+00  0.180113E+05  0.177962E+05  0.554734E+03
  0.244308E-02  0.170455E+05  0.169515E+05  0.225959E+05  0.224320E+05  0.000000E+00  0.170302E+05  0.170302E+05  0.170302E+05 -0.616062E+00  0.180109E+05  0.177938E+05  0.557270E+03
  0.245436E-02  0.170452E+05  0.169503E+05  0.225943E+05  0.224289E+05  0.000000E+00  0.170297E+05  0.170297E+05  0.170297E+05 -0.616034E+00  0.180105E+05  0.177914E+05  0.559820E+03
  0.246569E-02  0.170448E+05  0.169491E+05  0.225926E+05  0.224257E+05  0.000000E+00  0.170292E+05  0.170292E+05  0.170292E+05 -0.616005E+00  0.180100E+05  0.177889E+05  0.562380E+03
  0.247707E-02  0.170444E+05  0.169478E+05  0.225909E+05  0.224224E+05  0.000000E+00  0.170287E+05  0.170287E+05  0.170287E+05 -0.615977E+00  0.180096E+05  0.177865E+05  0.564951E+03
  0.248850E-02  0.170441E+05  0.169466E+05  0.225891E+05  0.224191E+05  0.000000E+00  0.170282E+05  0.170282E+05  0.170282E+05 -0.615948E+00  0.180092E+05  0.177840E+05  0.567533E+03
  0.249999E-02  0.170437E+05  0.169453E+05  0.225873E+05  0.224158E+05  0.000000E+00  0.170276E+05  0.170276E+05  0.170276E+05 -0.615919E+00  0.180088E+05  0.177815E+05  0.570127E+03
  0.251153E-02  0.170434E+05  0.169441E+05  0.225857E+05  0.224126E+05  0.000000E+00  0.170272E+05  0.170272E+05  0.170272E+05 -0.615890E+00  0.180083E+05  0.177789E+05  0.572735E+03
  0.252312E-02  0.170430E+05  0.169428E+05  0.225839E+05  0.224092E+05  0.000000E+00  0.170267E+05  0.170267E+05  0.170267E+05 -0.615861E+00  0.180079E+05  0.177764E+05  0.575353E+03
  0.253477E-02  0.170427E+05  0.169415E+05  0.225821E+05  0.224058E+05  0.000000E+00  0.170262E+05  0.170262E+05  0.170262E+05 -0.615831E+00  0.180074E+05  0.177738E+05  0.577983E+03
  0.254647E-02  0.170423E+05  0.169402E+05  0.225803E+05  0.224024E+05  0.000000E+00  0.170257E+05  0.170257E+05  0.170257E+05 -0.615801E+00  0.180070E+05  0.177712E+05  0.580625E+03
  0.255822E-02  0.170420E+05  0.169390E+05  0.225786E+05  0.223991E+05  0.000000E+00  0.170252E+05  0.170252E+05  0.170252E+05 -0.615771E+00  0.180065E+05  0.177686E+05  0.583280E+03
  0.257003E-02  0.170416E+05  0.169377E+05  0.225768E+05  0.223956E+05  0.000000E+00  0.170247E+05  0.170247E+05  0.170247E+05 -0.615740E+00  0.180061E+05  0.177659E+05  0.585945E+03
  0.258189E-02  0.170413E+05  0.169363E+05  0.225750E+05  0.223922E+05  0.000000E+00  0.170242E+05  0.170242E+05  0.170242E+05 -0.615709E+00  0.180056E+05  0.177632E+05  0.588623E+03
  0.259381E-02  0.170409E+05  0.169350E+05  0.225732E+05  0.223887E+05  0.000000E+00  0.170236E+05  0.170236E+05  0.170236E+05 -0.615678E+00  0.180051E+05  0.177605E+05  0.591312E+03
  0.260578E-02  0.170406E+05  0.169337E+05  0.225714E+05  0.223852E+05  0.000000E+00  0.170232E+05  0.170232E+05  0.170232E+05 -0.615646E+00  0.180046E+05  0.177578E+05  0.594014E+03
  0.261781E-02  0.170402E+05  0.169324E+05  0.225695E+05  0.223816E+05  0.000000E+00  0.170226E+05  0.170226E+05  0.170226E+05 -0.615615E+00  0.180042E+05  0.177551E+05  0.596727E+03
  0.262989E-02  0.170399E+05  0.169310E+05  0.225676E+05  0.223780E+05  0.000000E+00  0.170221E+05  0.170221E+05  0.170221E+05 -0.615582E+00  0.180037E+05  0.177523E+05  0.599453E+03
  0.264203E-02  0.170395E+05  0.169296E+05  0.225657E+05  0.223744E+05  0.000000E+00  0.170216E+05  0.170216E+05  0.170216E+05 -0.615550E+00  0.180032E+05  0.177495E+05  0.602191E+03
  0.265423E-02  0.170391E+05  0.169282E+05  0.225638E+05  0.223707E+05  0.000000E+00  0.170210E+05  0.170210E+05  0.170210E+05 -0.615518E+00  0.180027E+05  0.177467E+05  0.604940E+03
  0.266648E-02  0.170387E+05  0.169267E+05  0.225618E+05  0.223669E+05  0.000000E+00  0.170204E+05  0.170204E+05  0.170204E+05 -0.615485E+00  0.180022E+05  0.177438E+05  0.607702E+03
  0.267879E-02  0.170382E+05  0.169253E+05  0.225597E+05  0.223631E+05  0.000000E+00  0.170198E+05  0.170198E+05  0.170198E+05 -0.615451E+00  0.180017E+05  0.177409E+05  0.610475E+03
  0.269115E-02  0.170378E+05  0.169238E+05  0.225577E+05  0.223593E+05  0.000000E+00  0.170192E+05  0.170192E+05  0.170192E+05 -0.615418E+00  0.180012E+05  0.177380E+05  0.613261E+03
  0.270357E-02  0.170374E+05  0.169224E+05  0.225557E+05  0.223555E+05  0.000000E+00  0.170187E+05  0.170187E+05  0.170187E+05 -0.615384E+00  0.180007E+05  0.177351E+05  0.616060E+03
  0.271605E-02  0.170371E+05  0.169210E+05  0.225538E+05  0.223517E+05  0.000000E+00  0.170181E+05  0.170181E+05  0.170181E+05 -0.615350E+00  0.180002E+05  0.177321E+05  0.618872E+03
  0.272859E-02  0.170367E+05  0.169195E+05  0.225518E+05  0.223479E+05  0.000000E+00  0.170176E+05  0.170176E+05  0.170176E+05 -0.615315E+00  0.179997E+05  0.177292E+05  0.621696E+03
  0.274118E-02  0.170363E+05  0.169180E+05  0.225497E+05  0.223440E+05  0.000000E+00  0.170170E+05  0.170170E+05  0.170170E+05 -0.615280E+00  0.179991E+05  0.177261E+05  0.624533E+03
  0.275384E-02  0.170359E+05  0.169166E+05  0.225477E+05  0.223401E+05  0.000000E+00  0.170165E+05  0.170165E+05  0.170165E+05 -0.615245E+00  0.179986E+05  0.177231E+05  0.627382E+03
  0.276655E-02  0.170355E+05  0.169151E+05  0.225456E+05  0.223361E+05  0.000000E+00  0.170159E+05  0.170159E+05  0.170159E+05 -0.615210E+00  0.179981E+05  0.177200E+05  0.630245E+03
  0.277932E-02  0.170352E+05  0.169136E+05  0.225436E+05  0.223322E+05  0.000000E+00  0.170154E+05  0.170154E+05  0.170154E+05 -0.615174E+00  0.179975E+05  0.177169E+05  0.633121E+03
  0.279215E-02  0.170348E+05  0.169121E+05  0.225415E+05  0.223281E+05  0.000000E+00  0.170148E+05  0.170148E+05  0.170148E+05 -0.615138E+00  0.179970E+05  0.177138E+05  0.636008E+03
  0.280503E-02  0.170343E+05  0.169105E+05  0.225394E+05  0.223241E+05  0.000000E+00  0.170142E+05  0.170142E+05  0.170142E+05 -0.615101E+00  0.179965E+05  0.177107E+05  0.638909E+03
  0.281798E-02  0.170339E+05  0.169089E+05  0.225372E+05  0.223199E+05  0.000000E+00  0.170135E+05  0.170135E+05  0.170135E+05 -0.615065E+00  0.179959E+05  0.177075E+05  0.641821E+03
  0.283099E-02  0.170335E+05  0.169074E+05  0.225350E+05  0.223158E+05  0.000000E+00  0.170129E+05  0.170129E+05  0.170129E+05 -0.615028E+00  0.179953E+05  0.177043E+05  0.644748E+03
  0.284406E-02  0.170330E+05  0.169058E+05  0.225328E+05  0.223115E+05  0.000000E+00  0.170123E+05  0.170123E+05  0.170123E+05 -0.614990E+00  0.179948E+05  0.177010E+05  0.647687E+03
  0.285718E-02  0.170326E+05  0.169041E+05  0.225306E+05  0.223073E+05  0.000000E+00  0.170116E+05  0.170116E+05  0.170116E+05 -0.614952E+00  0.179942E+05  0.176978E+05  0.650638E+03
  0.287037E-02  0.170321E+05  0.169025E+05  0.225283E+05  0.223030E+05  0.000000E+00  0.170110E+05  0.170110E+05  0.170110E+05 -0.614914E+00  0.179936E+05  0.176945E+05  0.653603E+03
  0.288362E-02  0.170317E+05  0.169009E+05  0.225260E+05  0.222987E+05  0.000000E+00  0.170104E+05  0.170104E+05  0.170104E+05 -0.614876E+00  0.179931E+05  0.176911E+05  0.656581E+03
  0.289693E-02  0.170312E+05  0.168992E+05  0.225237E+05  0.222943E+05  0.000000E+00  0.170097E+05  0.170097E+05  0.170097E+05 -0.614837E+00  0.179925E+05  0.176878E+05  0.659572E+03
  0.291030E-02  0.170307E+05  0.168975E+05  0.225214E+05  0.222899E+05  0.000000E+00  0.170090E+05  0.170090E+05  0.170090E+05 -0.614798E+00  0.179919E+05  0.176844E+05  0.662577E+03
  0.292374E-02  0.170303E+05  0.168958E+05  0.225191E+05  0.222854E+05  0.000000E+00  0.170084E+05  0.170084E+05  0.170084E+05 -0.614758E+00  0.179913E+05  0.176810E+05  0.665595E+03
  0.293723E-02  0.170298E+05  0.168941E+05  0.225167E+05  0.222809E+05  0.000000E+00  0.170077E+05  0.170077E+05  0.170077E+05 -0.614718E+00  0.179907E+05  0.176775E+05  0.668626E+03
  0.295079E-02  0.170294E+05  0.168924E+05  0.225144E+05  0.222765E+05  0.000000E+00  0.170071E+05  0.170071E+05  0.170071E+05 -0.614678E+00  0.179901E+05  0.176740E+05  0.671672E+03
  0.296441E-02  0.170289E+05  0.168907E+05  0.225120E+05  0.222719E+05  0.000000E+00  0.170064E+05  0.170064E+05  0.170064E+05 -0.614637E+00  0.179895E+05  0.176705E+05  0.674730E+03
  0.297809E-02  0.170285E+05  0.168890E+05  0.225096E+05  0.222673E+05  0.000000E+00  0.170057E+05  0.170057E+05  0.170057E+05 -0.614596E+00  0.179889E+05  0.176670E+05  0.677801E+03
  0.299184E-02  0.170280E+05  0.168872E+05  0.225072E+05  0.222627E+05  0.000000E+00  0.170050E+05  0.170050E+05  0.170050E+05 -0.614555E+00  0.179882E+05  0.176634E+05  0.680887E+03
  0.300565E-02  0.170275E+05  0.168855E+05  0.225048E+05  0.222581E+05  0.000000E+00  0.170044E+05  0.170044E+05  0.170044E+05 -0.614513E+00  0.179876E+05  0.176598E+05  0.683987E+03
  0.301952E-02  0.170271E+05  0.168837E+05  0.225023E+05  0.222534E+05  0.000000E+00  0.170037E+05  0.170037E+05  0.170037E+05 -0.614471E+00  0.179870E+05  0.176561E+05  0.687100E+03
  0.303346E-02  0.170266E+05  0.168819E+05  0.224998E+05  0.222486E+05  0.000000E+00  0.170030E+05  0.170030E+05  0.170030E+05 -0.614428E+00  0.179863E+05  0.176524E+05  0.690226E+03
  0.304746E-02  0.170261E+05  0.168801E+05  0.224973E+05  0.222438E+05  0.000000E+00  0.170023E+05  0.170023E+05  0.170023E+05 -0.614385E+00  0.179857E+05  0.176487E+05  0.693367E+03
  0.306153E-02  0.170256E+05  0.168782E+05  0.224948E+05  0.222390E+05  0.000000E+00  0.170016E+05  0.170016E+05  0.170016E+05 -0.614342E+00  0.179850E+05  0.176450E+05  0.696521E+03
  0.307566E-02  0.170251E+05  0.168763E+05  0.224922E+05  0.222340E+05  0.000000E+00  0.170008E+05  0.170008E+05  0.170008E+05 -0.614298E+00  0.179844E+05  0.176412E+05  0.699688E+03
  0.308985E-02  0.170245E+05  0.168744E+05  0.224895E+05  0.222291E+05  0.000000E+00  0.170001E+05  0.170001E+05  0.170001E+05 -0.614254E+00  0.179837E+05  0.176374E+05  0.702869E+03
  0.310412E-02  0.170240E+05  0.168725E+05  0.224869E+05  0.222240E+05  0.000000E+00  0.169993E+05  0.169993E+05  0.169993E+05 -0.614210E+00  0.179830E+05  0.176335E+05  0.706065E+03
  0.311844E-02  0.170235E+05  0.168706E+05  0.224842E+05  0.222190E+05  0.000000E+00  0.169986E+05  0.169986E+05  0.169986E+05 -0.614165E+00  0.179824E+05  0.176296E+05  0.709274E+03
  0.313284E-02  0.170230E+05  0.168687E+05  0.224816E+05  0.222140E+05  0.000000E+00  0.169979E+05  0.169979E+05  0.169979E+05 -0.614119E+00  0.179817E+05  0.176257E+05  0.712499E+03
  0.314730E-02  0.170225E+05  0.168668E+05  0.224790E+05  0.222089E+05  0.000000E+00  0.169971E+05  0.169971E+05  0.169971E+05 -0.614073E+00  0.179810E+05  0.176218E+05  0.715737E+03
  0.316183E-02  0.170220E+05  0.168648E+05  0.224763E+05  0.222037E+05  0.000000E+00  0.169964E+05  0.169964E+05  0.169964E+05 -0.614027E+00  0.179803E+05  0.176178E+05  0.718989E+03
  0.317642E-02  0.170215E+05  0.168629E+05  0.224736E+05  0.221986E+05  0.000000E+00  0.169956E+05  0.169956E+05  0.169956E+05 -0.613981E+00  0.179796E+05  0.176137E+05  0.722256E+03
  0.319108E-02  0.170210E+05  0.168609E+05  0.224709E+05  0.221934E+05  0.000000E+00  0.169949E+05  0.169949E+05  0.169949E+05 -0.613933E+00  0.179789E+05  0.176097E+05  0.725539E+03
  0.320581E-02  0.170205E+05  0.168589E+05  0.224681E+05  0.221881E+05  0.000000E+00  0.169941E+05  0.169941E+05  0.169941E+05 -0.613886E+00  0.179782E+05  0.176056E+05  0.728835E+03
  0.322061E-02  0.170199E+05  0.168569E+05  0.224654E+05  0.221828E+05  0.000000E+00  0.169934E+05  0.169934E+05  0.169934E+05 -0.613838E+00  0.179774E+05  0.176014E+05  0.732146E+03
  0.323547E-02  0.170194E+05  0.168549E+05  0.224626E+05  0.221774E+05  0.000000E+00  0.169926E+05  0.169926E+05  0.169926E+05 -0.613790E+00  0.179767E+05  0.175972E+05  0.735472E+03
  0.325041E-02  0.170189E+05  0.168528E+05  0.224597E+05  0.221720E+05  0.000000E+00  0.169918E+05  0.169918E+05  0.169918E+05 -0.613741E+00  0.179760E+05  0.175930E+05  0.738812E+03
  0.326541E-02  0.170183E+05  0.168507E+05  0.224568E+05  0.221665E+05  0.000000E+00  0.169910E+05  0.169910E+05  0.169910E+05 -0.613692E+00  0.179752E+05  0.175888E+05  0.742165E+03
  0.328048E-02  0.170177E+05  0.168486E+05  0.224539E+05  0.221609E+05  0.000000E+00  0.169902E+05  0.169902E+05  0.169902E+05 -0.613642E+00  0.179745E+05  0.175845E+05  0.745533E+03
  0.329563E-02  0.170172E+05  0.168465E+05  0.224510E+05  0.221553E+05  0.000000E+00  0.169893E+05  0.169893E+05  0.169893E+05 -0.613592E+00  0.179737E+05  0.175801E+05  0.748916E+03
  0.331084E-02  0.170166E+05  0.168444E+05  0.224480E+05  0.221497E+05  0.000000E+00  0.169885E+05  0.169885E+05  0.169885E+05 -0.613541E+00  0.179730E+05  0.175758E+05  0.752314E+03
  0.332612E-02  0.170160E+05  0.168422E+05  0.224450E+05  0.221440E+05  0.000000E+00  0.169877E+05  0.169877E+05  0.169877E+05 -0.613490E+00  0.179722E+05  0.175713E+05  0.755727E+03
  0.334147E-02  0.170154E+05  0.168400E+05  0.224420E+05  0.221382E+05  0.000000E+00  0.169868E+05  0.169868E+05  0.169868E+05 -0.613439E+00  0.179714E+05  0.175669E+05  0.759154E+03
  0.335690E-02  0.170148E+05  0.168378E+05  0.224389E+05  0.221324E+05  0.000000E+00  0.169860E+05  0.169860E+05  0.169860E+05 -0.613387E+00  0.179706E+05  0.175624E+05  0.762597E+03
  0.337239E-02  0.170142E+05  0.168355E+05  0.224358E+05  0.221266E+05  0.000000E+00  0.169851E+05  0.169851E+05  0.169851E+05 -0.613334E+00  0.179698E+05  0.175579E+05  0.766055E+03
  0.338796E-02  0.170136E+05  0.168333E+05  0.224327E+05  0.221206E+05  0.000000E+00  0.169842E+05  0.169842E+05  0.169842E+05 -0.613281E+00  0.179690E+05  0.175533E+05  0.769528E+03
  0.340360E-02  0.170130E+05  0.168310E+05  0.224296E+05  0.221147E+05  0.000000E+00  0.169833E+05  0.169833E+05  0.169833E+05 -0.613228E+00  0.179682E+05  0.175487E+05  0.773016E+03
  0.341931E-02  0.170124E+05  0.168288E+05  0.224265E+05  0.221087E+05  0.000000E+00  0.169825E+05  0.169825E+05  0.169825E+05 -0.613174E+00  0.179674E+05  0.175440E+05  0.776520E+03
  0.343509E-02  0.170118E+05  0.168265E+05  0.224233E+05  0.221027E+05  0.000000E+00  0.169816E+05  0.169816E+05  0.169816E+05 -0.613119E+00  0.179666E+05  0.175393E+05  0.780038E+03
  0.345095E-02  0.170112E+05  0.168241E+05  0.224201E+05  0.220966E+05  0.000000E+00  0.169807E+05  0.169807E+05  0.169807E+05 -0.613064E+00  0.179658E+05  0.175346E+05  0.783572E+03
  0.346687E-02  0.170106E+05  0.168218E+05  0.224169E+05  0.220904E+05  0.000000E+00  0.169798E+05  0.169798E+05  0.169798E+05 -0.613009E+00  0.179649E+05  0.175298E+05  0.787122E+03
  0.348288E-02  0.170100E+05  0.168195E+05  0.224137E+05  0.220842E+05  0.000000E+00  0.169789E+05  0.169789E+05  0.169789E+05 -0.612953E+00  0.179641E+05  0.175249E+05  0.790687E+03
  0.349895E-02  0.170093E+05  0.168171E+05  0.224104E+05  0.220779E+05  0.000000E+00  0.169780E+05  0.169780E+05  0.169780E+05 -0.612897E+00  0.179632E+05  0.175201E+05  0.794267E+03
  0.351510E-02  0.170087E+05  0.168146E+05  0.224070E+05  0.220716E+05  0.000000E+00  0.169770E+05  0.169770E+05  0.169770E+05 -0.612840E+00  0.179624E+05  0.175151E+05  0.797862E+03
  0.353133E-02  0.170080E+05  0.168122E+05  0.224036E+05  0.220652E+05  0.000000E+00  0.169761E+05  0.169761E+05  0.169761E+05 -0.612782E+00  0.179615E+05  0.175102E+05  0.801473E+03
  0.354763E-02  0.170073E+05  0.168097E+05  0.224002E+05  0.220587E+05  0.000000E+00  0.169751E+05  0.169751E+05  0.169751E+05 -0.612724E+00  0.179606E+05  0.175052E+05  0.805100E+03
  0.356400E-02  0.170067E+05  0.168073E+05  0.223968E+05  0.220522E+05  0.000000E+00  0.169742E+05  0.169742E+05  0.169742E+05 -0.612666E+00  0.179597E+05  0.175001E+05  0.808743E+03
  0.358045E-02  0.170060E+05  0.168048E+05  0.223934E+05  0.220456E+05  0.000000E+00  0.169732E+05  0.169732E+05  0.169732E+05 -0.612607E+00  0.179588E+05  0.174950E+05  0.812402E+03
  0.359698E-02  0.170053E+05  0.168023E+05  0.223899E+05  0.220390E+05  0.000000E+00  0.169723E+05  0.169723E+05  0.169723E+05 -0.612547E+00  0.179579E+05  0.174898E+05  0.816076E+03
  0.361358E-02  0.170047E+05  0.167997E+05  0.223864E+05  0.220324E+05  0.000000E+00  0.169713E+05  0.169713E+05  0.169713E+05 -0.612487E+00  0.179570E+05  0.174847E+05  0.819767E+03
  0.363026E-02  0.170041E+05  0.167972E+05  0.223829E+05  0.220257E+05  0.000000E+00  0.169703E+05  0.169703E+05  0.169703E+05 -0.612426E+00  0.179561E+05  0.174794E+05  0.823474E+03
  0.364702E-02  0.170034E+05  0.167946E+05  0.223794E+05  0.220189E+05  0.000000E+00  0.169694E+05  0.169694E+05  0.169694E+05 -0.612365E+00  0.179552E+05  0.174741E+05  0.827197E+03
  0.366385E-02  0.170027E+05  0.167920E+05  0.223758E+05  0.220120E+05  0.000000E+00  0.169684E+05  0.169684E+05  0.169684E+05 -0.612303E+00  0.179543E+05  0.174688E+05  0.830935E+03
  0.368076E-02  0.170020E+05  0.167894E+05  0.223722E+05  0.220051E+05  0.000000E+00  0.169674E+05  0.169674E+05  0.169674E+05 -0.612241E+00  0.179533E+05  0.174634E+05  0.834690E+03
  0.369775E-02  0.170013E+05  0.167868E+05  0.223685E+05  0.219982E+05  0.000000E+00  0.169664E+05  0.169664E+05  0.169664E+05 -0.612178E+00  0.179524E+05  0.174580E+05  0.838461E+03
  0.371482E-02  0.170006E+05  0.167841E+05  0.223648E+05  0.219911E+05  0.000000E+00  0.169653E+05  0.169653E+05  0.169653E+05 -0.612114E+00  0.179514E+05  0.174525E+05  0.842248E+03
  0.373197E-02  0.169999E+05  0.167813E+05  0.223610E+05  0.219840E+05  0.000000E+00  0.169642E+05  0.169642E+05  0.169642E+05 -0.612050E+00  0.179504E+05  0.174469E+05  0.846051E+03
  0.374920E-02  0.169991E+05  0.167786E+05  0.223572E+05  0.219768E+05  0.000000E+00  0.169632E+05  0.169632E+05  0.169632E+05 -0.611986E+00  0.179495E+05  0.174414E+05  0.849870E+03
  0.376650E-02  0.169984E+05  0.167758E+05  0.223534E+05  0.219695E+05  0.000000E+00  0.169621E+05  0.169621E+05  0.169621E+05 -0.611920E+00  0.179485E+05  0.174357E+05  0.853705E+03
  0.378389E-02  0.169976E+05  0.167730E+05  0.223496E+05  0.219622E+05  0.000000E+00  0.169610E+05  0.169610E+05  0.169610E+05 -0.611855E+00  0.179475E+05  0.174300E+05  0.857558E+03
  0.380135E-02  0.169969E+05  0.167702E+05  0.223457E+05  0.219548E+05  0.000000E+00  0.169599E+05  0.169599E+05  0.169599E+05 -0.611788E+00  0.179465E+05  0.174243E+05  0.861426E+03
  0.381890E-02  0.169961E+05  0.167674E+05  0.223417E+05  0.219474E+05  0.000000E+00  0.169588E+05  0.169588E+05  0.169588E+05 -0.611721E+00  0.179455E+05  0.174185E+05  0.865312E+03
  0.383653E-02  0.169953E+05  0.167645E+05  0.223378E+05  0.219399E+05  0.000000E+00  0.169577E+05  0.169577E+05  0.169577E+05 -0.611653E+00  0.179444E+05  0.174127E+05  0.869215E+03
  0.385423E-02  0.169946E+05  0.167616E+05  0.223338E+05  0.219323E+05  0.000000E+00  0.169566E+05  0.169566E+05  0.169566E+05 -0.611585E+00  0.179434E+05  0.174068E+05  0.873135E+03
  0.387202E-02  0.169938E+05  0.167587E+05  0.223297E+05  0.219246E+05  0.000000E+00  0.169555E+05  0.169555E+05  0.169555E+05 -0.611516E+00  0.179424E+05  0.174008E+05  0.877070E+03
  0.388990E-02  0.169930E+05  0.167557E+05  0.223257E+05  0.219169E+05  0.000000E+00  0.169543E+05  0.169543E+05  0.169543E+05 -0.611447E+00  0.179413E+05  0.173948E+05  0.881023E+03
  0.390785E-02  0.169922E+05  0.167528E+05  0.223216E+05  0.219092E+05  0.000000E+00  0.169532E+05  0.169532E+05  0.169532E+05 -0.611377E+00  0.179402E+05  0.173887E+05  0.884994E+03
  0.392589E-02  0.169914E+05  0.167498E+05  0.223175E+05  0.219014E+05  0.000000E+00  0.169521E+05  0.169521E+05  0.169521E+05 -0.611306E+00  0.179392E+05  0.173826E+05  0.888981E+03
  0.394401E-02  0.169906E+05  0.167468E+05  0.223133E+05  0.218935E+05  0.000000E+00  0.169509E+05  0.169509E+05  0.169509E+05 -0.611234E+00  0.179381E+05  0.173765E+05  0.892985E+03
  0.396222E-02  0.169899E+05  0.167438E+05  0.223092E+05  0.218855E+05  0.000000E+00  0.169498E+05  0.169498E+05  0.169498E+05 -0.611162E+00  0.179370E+05  0.173702E+05  0.897007E+03
  0.398050E-02  0.169891E+05  0.167407E+05  0.223049E+05  0.218775E+05  0.000000E+00  0.169486E+05  0.169486E+05  0.169486E+05 -0.611089E+00  0.179359E+05  0.173640E+05  0.901046E+03
  0.399888E-02  0.169882E+05  0.167376E+05  0.223007E+05  0.218693E+05  0.000000E+00  0.169474E+05  0.169474E+05  0.169474E+05 -0.611016E+00  0.179348E+05  0.173576E+05  0.905102E+03
  0.401733E-02  0.169874E+05  0.167345E+05  0.222963E+05  0.218611E+05  0.000000E+00  0.169462E+05  0.169462E+05  0.169462E+05 -0.610942E+00  0.179337E+05  0.173512E+05  0.909174E+03
  0.403588E-02  0.169865E+05  0.167313E+05  0.222920E+05  0.218529E+05  0.000000E+00  0.169450E+05  0.169450E+05  0.169450E+05 -0.610867E+00  0.179325E+05  0.173448E+05  0.913265E+03
  0.405451E-02  0.169857E+05  0.167281E+05  0.222875E+05  0.218445E+05  0.000000E+00  0.169437E+05  0.169437E+05  0.169437E+05 -0.610792E+00  0.179314E+05  0.173383E+05  0.917372E+03
  0.407322E-02  0.169848E+05  0.167249E+05  0.222831E+05  0.218361E+05  0.000000E+00  0.169425E+05  0.169425E+05  0.169425E+05 -0.610716E+00  0.179302E+05  0.173317E+05  0.921498E+03
  0.409202E-02  0.169840E+05  0.167216E+05  0.222786E+05  0.218276E+05  0.000000E+00  0.169412E+05  0.169412E+05  0.169412E+05 -0.610639E+00  0.179291E+05  0.173251E+05  0.925640E+03
  0.411091E-02  0.169831E+05  0.167184E+05  0.222741E+05  0.218190E+05  0.000000E+00  0.169400E+05  0.169400E+05  0.169400E+05 -0.610562E+00  0.179279E+05  0.173184E+05  0.929800E+03
  0.412989E-02  0.169823E+05  0.167151E+05  0.222696E+05  0.218104E+05  0.000000E+00  0.169387E+05  0.169387E+05  0.169387E+05 -0.610483E+00  0.179267E+05  0.173116E+05  0.933978E+03
  0.414895E-02  0.169814E+05  0.167118E+05  0.222650E+05  0.218017E+05  0.000000E+00  0.169374E+05  0.169374E+05  0.169374E+05 -0.610404E+00  0.179255E+05  0.173048E+05  0.938173E+03
  0.416810E-02  0.169805E+05  0.167084E+05  0.222604E+05  0.217929E+05  0.000000E+00  0.169362E+05  0.169362E+05  0.169362E+05 -0.610325E+00  0.179243E+05  0.172979E+05  0.942386E+03
  0.418734E-02  0.169796E+05  0.167051E+05  0.222557E+05  0.217841E+05  0.000000E+00  0.169349E+05  0.169349E+05  0.169349E+05 -0.610244E+00  0.179231E+05  0.172910E+05  0.946618E+03
  0.420667E-02  0.169787E+05  0.167016E+05  0.222510E+05  0.217751E+05  0.000000E+00  0.169336E+05  0.169336E+05  0.169336E+05 -0.610163E+00  0.179219E+05  0.172840E+05  0.950868E+03
  0.422608E-02  0.169778E+05  0.166982E+05  0.222463E+05  0.217661E+05  0.000000E+00  0.169323E+05  0.169323E+05  0.169323E+05 -0.610081E+00  0.179206E+05  0.172769E+05  0.955136E+03
  0.424559E-02  0.169769E+05  0.166947E+05  0.222415E+05  0.217570E+05  0.000000E+00  0.169309E+05  0.169309E+05  0.169309E+05 -0.609999E+00  0.179194E+05  0.172698E+05  0.959422E+03
  0.426519E-02  0.169760E+05  0.166912E+05  0.222366E+05  0.217478E+05  0.000000E+00  0.169296E+05  0.169296E+05  0.169296E+05 -0.609916E+00  0.179181E+05  0.172626E+05  0.963725E+03
  0.428487E-02  0.169751E+05  0.166877E+05  0.222317E+05  0.217386E+05  0.000000E+00  0.169282E+05  0.169282E+05  0.169282E+05 -0.609831E+00  0.179168E+05  0.172554E+05  0.968045E+03
  0.430465E-02  0.169741E+05  0.166841E+05  0.222268E+05  0.217292E+05  0.000000E+00  0.169269E+05  0.169269E+05  0.169269E+05 -0.609747E+00  0.179156E+05  0.172481E+05  0.972384E+03
  0.432452E-02  0.169732E+05  0.166805E+05  0.222218E+05  0.217198E+05  0.000000E+00  0.169255E+05  0.169255E+05  0.169255E+05 -0.609661E+00  0.179143E+05  0.172407E+05  0.976741E+03
  0.434448E-02  0.169722E+05  0.166768E+05  0.222167E+05  0.217102E+05  0.000000E+00  0.169240E+05  0.169240E+05  0.169240E+05 -0.609575E+00  0.179129E+05  0.172332E+05  0.981117E+03
  0.436454E-02  0.169712E+05  0.166731E+05  0.222116E+05  0.217006E+05  0.000000E+00  0.169226E+05  0.169226E+05  0.169226E+05 -0.609488E+00  0.179116E+05  0.172257E+05  0.985511E+03
  0.438468E-02  0.169702E+05  0.166694E+05  0.222065E+05  0.216909E+05  0.000000E+00  0.169212E+05  0.169212E+05  0.169212E+05 -0.609400E+00  0.179103E+05  0.172181E+05  0.989924E+03
  0.440492E-02  0.169692E+05  0.166656E+05  0.222013E+05  0.216811E+05  0.000000E+00  0.169197E+05  0.169197E+05  0.169197E+05 -0.609311E+00  0.179089E+05  0.172105E+05  0.994355E+03
  0.442525E-02  0.169682E+05  0.166618E+05  0.221961E+05  0.216712E+05  0.000000E+00  0.169182E+05  0.169182E+05  0.169182E+05 -0.609222E+00  0.179076E+05  0.172028E+05  0.998803E+03
  0.444568E-02  0.169672E+05  0.166580E+05  0.221908E+05  0.216613E+05  0.000000E+00  0.169168E+05  0.169168E+05  0.169168E+05 -0.609131E+00  0.179062E+05  0.171950E+05  0.100327E+04
  0.446620E-02  0.169662E+05  0.166542E+05  0.221855E+05  0.216512E+05  0.000000E+00  0.169153E+05  0.169153E+05  0.169153E+05 -0.609040E+00  0.179048E+05  0.171871E+05  0.100776E+04
  0.448681E-02  0.169651E+05  0.166503E+05  0.221802E+05  0.216411E+05  0.000000E+00  0.169138E+05  0.169138E+05  0.169138E+05 -0.608948E+00  0.179034E+05  0.171792E+05  0.101226E+04
  0.450752E-02  0.169641E+05  0.166464E+05  0.221747E+05  0.216309E+05  0.000000E+00  0.169123E+05  0.169123E+05  0.169123E+05 -0.608855E+00  0.179020E+05  0.171712E+05  0.101679E+04
  0.452833E-02  0.169630E+05  0.166424E+05  0.221693E+05  0.216206E+05  0.000000E+00  0.169108E+05  0.169108E+05  0.169108E+05 -0.608762E+00  0.179006E+05  0.171631E+05  0.102133E+04
  0.454923E-02  0.169620E+05  0.166384E+05  0.221638E+05  0.216102E+05  0.000000E+00  0.169093E+05  0.169093E+05  0.169093E+05 -0.608667E+00  0.178992E+05  0.171549E+05  0.102589E+04
  0.457023E-02  0.169609E+05  0.166344E+05  0.221582E+05  0.215997E+05  0.000000E+00  0.169077E+05  0.169077E+05  0.169077E+05 -0.608572E+00  0.178977E+05  0.171467E+05  0.103047E+04
  0.459133E-02  0.169598E+05  0.166303E+05  0.221526E+05  0.215891E+05  0.000000E+00  0.169061E+05  0.169061E+05  0.169061E+05 -0.608476E+00  0.178963E+05  0.171384E+05  0.103507E+04
  0.461252E-02  0.169588E+05  0.166262E+05  0.221469E+05  0.215784E+05  0.000000E+00  0.169046E+05  0.169046E+05  0.169046E+05 -0.608379E+00  0.178948E+05  0.171300E+05  0.103969E+04
  0.463381E-02  0.169577E+05  0.166221E+05  0.221412E+05  0.215677E+05  0.000000E+00  0.169030E+05  0.169030E+05  0.169030E+05 -0.608281E+00  0.178933E+05  0.171216E+05  0.104433E+04
  0.465520E-02  0.169566E+05  0.166179E+05  0.221355E+05  0.215568E+05  0.000000E+00  0.169014E+05  0.169014E+05  0.169014E+05 -0.608182E+00  0.178918E+05  0.171131E+05  0.104899E+04
  0.467668E-02  0.169555E+05  0.166138E+05  0.221297E+05  0.215459E+05  0.000000E+00  0.168998E+05  0.168998E+05  0.168998E+05 -0.608082E+00  0.178903E+05  0.171045E+05  0.105367E+04
  0.469827E-02  0.169544E+05  0.166095E+05  0.221239E+05  0.215349E+05  0.000000E+00  0.168982E+05  0.168982E+05  0.168982E+05 -0.607981E+00  0.178887E+05  0.170958E+05  0.105837E+04
  0.471996E-02  0.169533E+05  0.166053E+05  0.221180E+05  0.215238E+05  0.000000E+00  0.168966E+05  0.168966E+05  0.168966E+05 -0.607880E+00  0.178872E+05  0.170870E+05  0.106308E+04
  0.474174E-02  0.169521E+05  0.166009E+05  0.221120E+05  0.215125E+05  0.000000E+00  0.168949E+05  0.168949E+05  0.168949E+05 -0.607777E+00  0.178856E+05  0.170782E+05  0.106782E+04
  0.476363E-02  0.169510E+05  0.165966E+05  0.221060E+05  0.215012E+05  0.000000E+00  0.168932E+05  0.168932E+05  0.168932E+05 -0.607674E+00  0.178841E+05  0.170693E+05  0.107257E+04
  0.478562E-02  0.169498E+05  0.165922E+05  0.221000E+05  0.214897E+05  0.000000E+00  0.168916E+05  0.168916E+05  0.168916E+05 -0.607570E+00  0.178825E+05  0.170603E+05  0.107735E+04
  0.480771E-02  0.169487E+05  0.165877E+05  0.220938E+05  0.214782E+05  0.000000E+00  0.168898E+05  0.168898E+05  0.168898E+05 -0.607464E+00  0.178809E+05  0.170512E+05  0.108214E+04
  0.482990E-02  0.169475E+05  0.165832E+05  0.220876E+05  0.214665E+05  0.000000E+00  0.168881E+05  0.168881E+05  0.168881E+05 -0.607358E+00  0.178793E+05  0.170421E+05  0.108695E+04
  0.485219E-02  0.169463E+05  0.165787E+05  0.220814E+05  0.214548E+05  0.000000E+00  0.168864E+05  0.168864E+05  0.168864E+05 -0.607251E+00  0.178776E+05  0.170329E+05  0.109178E+04
  0.487459E-02  0.169451E+05  0.165742E+05  0.220751E+05  0.214429E+05  0.000000E+00  0.168846E+05  0.168846E+05  0.168846E+05 -0.607143E+00  0.178760E+05  0.170235E+05  0.109664E+04
  0.489709E-02  0.169438E+05  0.165695E+05  0.220687E+05  0.214310E+05  0.000000E+00  0.168828E+05  0.168828E+05  0.168828E+05 -0.607034E+00  0.178743E+05  0.170141E+05  0.110151E+04
  0.491969E-02  0.169426E+05  0.165649E+05  0.220623E+05  0.214189E+05  0.000000E+00  0.168810E+05  0.168810E+05  0.168810E+05 -0.606924E+00  0.178727E+05  0.170047E+05  0.110640E+04
  0.494240E-02  0.169413E+05  0.165602E+05  0.220558E+05  0.214067E+05  0.000000E+00  0.168792E+05  0.168792E+05  0.168792E+05 -0.606813E+00  0.178710E+05  0.169951E+05  0.111132E+04
  0.496521E-02  0.169401E+05  0.165554E+05  0.220492E+05  0.213944E+05  0.000000E+00  0.168774E+05  0.168774E+05  0.168774E+05 -0.606701E+00  0.178693E+05  0.169854E+05  0.111625E+04
  0.498813E-02  0.169388E+05  0.165506E+05  0.220426E+05  0.213820E+05  0.000000E+00  0.168755E+05  0.168755E+05  0.168755E+05 -0.606588E+00  0.178676E+05  0.169757E+05  0.112121E+04
  0.501116E-02  0.169375E+05  0.165458E+05  0.220360E+05  0.213695E+05  0.000000E+00  0.168737E+05  0.168737E+05  0.168737E+05 -0.606474E+00  0.178658E+05  0.169659E+05  0.112618E+04
  0.503429E-02  0.169363E+05  0.165410E+05  0.220293E+05  0.213569E+05  0.000000E+00  0.168718E+05  0.168718E+05  0.168718E+05 -0.606358E+00  0.178641E+05  0.169560E+05  0.113118E+04
  0.505753E-02  0.169350E+05  0.165361E+05  0.220225E+05  0.213442E+05  0.000000E+00  0.168700E+05  0.168700E+05  0.168700E+05 -0.606242E+00  0.178623E+05  0.169460E+05  0.113619E+04
  0.508087E-02  0.169337E+05  0.165311E+05  0.220157E+05  0.213314E+05  0.000000E+00  0.168681E+05  0.168681E+05  0.168681E+05 -0.606125E+00  0.178605E+05  0.169359E+05  0.114123E+04
  0.510432E-02  0.169323E+05  0.165261E+05  0.220088E+05  0.213185E+05  0.000000E+00  0.168661E+05  0.168661E+05  0.168661E+05 -0.606007E+00  0.178587E+05  0.169257E+05  0.114628E+04
  0.512788E-02  0.169310E+05  0.165211E+05  0.220019E+05  0.213055E+05  0.000000E+00  0.168642E+05  0.168642E+05  0.168642E+05 -0.605887E+00  0.178569E+05  0.169154E+05  0.115136E+04
  0.515155E-02  0.169297E+05  0.165160E+05  0.219949E+05  0.212923E+05  0.000000E+00  0.168623E+05  0.168623E+05  0.168623E+05 -0.605767E+00  0.178551E+05  0.169050E+05  0.115645E+04
  0.517533E-02  0.169283E+05  0.165109E+05  0.219877E+05  0.212790E+05  0.000000E+00  0.168603E+05  0.168603E+05  0.168603E+05 -0.605645E+00  0.178532E+05  0.168946E+05  0.116157E+04
  0.519922E-02  0.169269E+05  0.165057E+05  0.219806E+05  0.212656E+05  0.000000E+00  0.168583E+05  0.168583E+05  0.168583E+05 -0.605523E+00  0.178514E+05  0.168840E+05  0.116671E+04
  0.522322E-02  0.169255E+05  0.165005E+05  0.219734E+05  0.212521E+05  0.000000E+00  0.168563E+05  0.168563E+05  0.168563E+05 -0.605399E+00  0.178495E+05  0.168734E+05  0.117187E+04
  0.524733E-02  0.169242E+05  0.164952E+05  0.219661E+05  0.212385E+05  0.000000E+00  0.168543E+05  0.168543E+05  0.168543E+05 -0.605274E+00  0.178476E+05  0.168626E+05  0.117705E+04
  0.527155E-02  0.169228E+05  0.164899E+05  0.219588E+05  0.212248E+05  0.000000E+00  0.168522E+05  0.168522E+05  0.168522E+05 -0.605148E+00  0.178456E+05  0.168518E+05  0.118225E+04
  0.529588E-02  0.169213E+05  0.164845E+05  0.219514E+05  0.212109E+05  0.000000E+00  0.168502E+05  0.168502E+05  0.168502E+05 -0.605021E+00  0.178437E+05  0.168409E+05  0.118746E+04
  0.532032E-02  0.169199E+05  0.164791E+05  0.219439E+05  0.211970E+05  0.000000E+00  0.168481E+05  0.168481E+05  0.168481E+05 -0.604893E+00  0.178418E+05  0.168299E+05  0.119270E+04
  0.534488E-02  0.169185E+05  0.164737E+05  0.219364E+05  0.211829E+05  0.000000E+00  0.168460E+05  0.168460E+05  0.168460E+05 -0.604764E+00  0.178398E+05  0.168187E+05  0.119797E+04
  0.536955E-02  0.169170E+05  0.164682E+05  0.219288E+05  0.211687E+05  0.000000E+00  0.168439E+05  0.168439E+05  0.168439E+05 -0.604633E+00  0.178378E+05  0.168075E+05  0.120325E+04
  0.539434E-02  0.169156E+05  0.164626E+05  0.219212E+05  0.211544E+05  0.000000E+00  0.168418E+05  0.168418E+05  0.168418E+05 -0.604502E+00  0.178358E+05  0.167962E+05  0.120855E+04
  0.541924E-02  0.169141E+05  0.164570E+05  0.219135E+05  0.211399E+05  0.000000E+00  0.168396E+05  0.168396E+05  0.168396E+05 -0.604369E+00  0.178338E+05  0.167848E+05  0.121388E+04
  0.544425E-02  0.169126E+05  0.164514E+05  0.219057E+05  0.211253E+05  0.000000E+00  0.168375E+05  0.168375E+05  0.168375E+05 -0.604235E+00  0.178317E+05  0.167732E+05  0.121922E+04
  0.546938E-02  0.169111E+05  0.164457E+05  0.218978E+05  0.211106E+05  0.000000E+00  0.168353E+05  0.168353E+05  0.168353E+05 -0.604099E+00  0.178297E+05  0.167616E+05  0.122459E+04
  0.549462E-02  0.169096E+05  0.164399E+05  0.218899E+05  0.210958E+05  0.000000E+00  0.168331E+05  0.168331E+05  0.168331E+05 -0.603963E+00  0.178276E+05  0.167499E+05  0.122998E+04
  0.551999E-02  0.169081E+05  0.164341E+05  0.218818E+05  0.210808E+05  0.000000E+00  0.168308E+05  0.168308E+05  0.168308E+05 -0.603825E+00  0.178255E+05  0.167380E+05  0.123539E+04
  0.554547E-02  0.169065E+05  0.164282E+05  0.218737E+05  0.210657E+05  0.000000E+00  0.168286E+05  0.168286E+05  0.168286E+05 -0.603686E+00  0.178234E+05  0.167261E+05  0.124082E+04
  0.557106E-02  0.169049E+05  0.164223E+05  0.218656E+05  0.210505E+05  0.000000E+00  0.168263E+05  0.168263E+05  0.168263E+05 -0.603546E+00  0.178212E+05  0.167140E+05  0.124627E+04
  0.559678E-02  0.169034E+05  0.164163E+05  0.218573E+05  0.210351E+05  0.000000E+00  0.168240E+05  0.168240E+05  0.168240E+05 -0.603405E+00  0.178191E+05  0.167019E+05  0.125175E+04
  0.562261E-02  0.169018E+05  0.164103E+05  0.218490E+05  0.210196E+05  0.000000E+00  0.168217E+05  0.168217E+05  0.168217E+05 -0.603262E+00  0.178169E+05  0.166896E+05  0.125724E+04
  0.564856E-02  0.169001E+05  0.164042E+05  0.218406E+05  0.210040E+05  0.000000E+00  0.168193E+05  0.168193E+05  0.168193E+05 -0.603119E+00  0.178147E+05  0.166773E+05  0.126275E+04
  0.567464E-02  0.168985E+05  0.163981E+05  0.218322E+05  0.209882E+05  0.000000E+00  0.168170E+05  0.168170E+05  0.168170E+05 -0.602973E+00  0.178125E+05  0.166648E+05  0.126829E+04
  0.570083E-02  0.168969E+05  0.163919E+05  0.218236E+05  0.209723E+05  0.000000E+00  0.168146E+05  0.168146E+05  0.168146E+05 -0.602827E+00  0.178102E+05  0.166522E+05  0.127385E+04
  0.572714E-02  0.168952E+05  0.163857E+05  0.218150E+05  0.209563E+05  0.000000E+00  0.168122E+05  0.168122E+05  0.168122E+05 -0.602679E+00  0.178080E+05  0.166395E+05  0.127943E+04
  0.575358E-02  0.168936E+05  0.163794E+05  0.218063E+05  0.209401E+05  0.000000E+00  0.168098E+05  0.168098E+05  0.168098E+05 -0.602530E+00  0.178057E+05  0.166267E+05  0.128503E+04
  0.578014E-02  0.168919E+05  0.163730E+05  0.217975E+05  0.209238E+05  0.000000E+00  0.168073E+05  0.168073E+05  0.168073E+05 -0.602380E+00  0.178034E+05  0.166138E+05  0.129065E+04
  0.580682E-02  0.168902E+05  0.163666E+05  0.217887E+05  0.209074E+05  0.000000E+00  0.168049E+05  0.168049E+05  0.168049E+05 -0.602228E+00  0.178011E+05  0.166007E+05  0.129630E+04
  0.583362E-02  0.168885E+05  0.163601E+05  0.217798E+05  0.208908E+05  0.000000E+00  0.168024E+05  0.168024E+05  0.168024E+05 -0.602075E+00  0.177987E+05  0.165876E+05  0.130197E+04
  0.586055E-02  0.168868E+05  0.163536E+05  0.217708E+05  0.208741E+05  0.000000E+00  0.167999E+05  0.167999E+05  0.167999E+05 -0.601920E+00  0.177964E+05  0.165743E+05  0.130766E+04
  0.588760E-02  0.168850E+05  0.163470E+05  0.217617E+05  0.208572E+05  0.000000E+00  0.167973E+05  0.167973E+05  0.167973E+05 -0.601765E+00  0.177940E+05  0.165609E+05  0.131337E+04
  0.591477E-02  0.168833E+05  0.163404E+05  0.217525E+05  0.208402E+05  0.000000E+00  0.167948E+05  0.167948E+05  0.167948E+05 -0.601607E+00  0.177916E+05  0.165474E+05  0.131910E+04
  0.594207E-02  0.168815E+05  0.163337E+05  0.217433E+05  0.208230E+05  0.000000E+00  0.167922E+05  0.167922E+05  0.167922E+05 -0.601449E+00  0.177892E+05  0.165338E+05  0.132486E+04
  0.596950E-02  0.168797E+05  0.163269E+05  0.217340E+05  0.208057E+05  0.000000E+00  0.167896E+05  0.167896E+05  0.167896E+05 -0.601289E+00  0.177867E+05  0.165200E+05  0.133063E+04
  0.599706E-02  0.168779E+05  0.163201E+05  0.217246E+05  0.207883E+05  0.000000E+00  0.167870E+05  0.167870E+05  0.167870E+05 -0.601127E+00  0.177842E+05  0.165062E+05  0.133643E+04
  0.602474E-02  0.168761E+05  0.163132E+05  0.217151E+05  0.207707E+05  0.000000E+00  0.167844E+05  0.167844E+05  0.167844E+05 -0.600964E+00  0.177817E+05  0.164922E+05  0.134225E+04
  0.605255E-02  0.168743E+05  0.163063E+05  0.217056E+05  0.207530E+05  0.000000E+00  0.167817E+05  0.167817E+05  0.167817E+05 -0.600800E+00  0.177792E+05  0.164781E+05  0.134809E+04
  0.608048E-02  0.168724E+05  0.162993E+05  0.216959E+05  0.207351E+05  0.000000E+00  0.167790E+05  0.167790E+05  0.167790E+05 -0.600634E+00  0.177767E+05  0.164638E+05  0.135396E+04
  0.610855E-02  0.168706E+05  0.162922E+05  0.216861E+05  0.207170E+05  0.000000E+00  0.167763E+05  0.167763E+05  0.167763E+05 -0.600467E+00  0.177741E+05  0.164495E+05  0.135985E+04
  0.613674E-02  0.168687E+05  0.162851E+05  0.216763E+05  0.206988E+05  0.000000E+00  0.167736E+05  0.167736E+05  0.167736E+05 -0.600298E+00  0.177715E+05  0.164350E+05  0.136575E+04
  0.616507E-02  0.168667E+05  0.162779E+05  0.216663E+05  0.206805E+05  0.000000E+00  0.167708E+05  0.167708E+05  0.167708E+05 -0.600128E+00  0.177689E+05  0.164204E+05  0.137168E+04
  0.619353E-02  0.168648E+05  0.162706E+05  0.216563E+05  0.206619E+05  0.000000E+00  0.167680E+05  0.167680E+05  0.167680E+05 -0.599956E+00  0.177663E+05  0.164057E+05  0.137763E+04
  0.622212E-02  0.168629E+05  0.162633E+05  0.216462E+05  0.206432E+05  0.000000E+00  0.167651E+05  0.167651E+05  0.167651E+05 -0.599783E+00  0.177636E+05  0.163908E+05  0.138361E+04
  0.625084E-02  0.168609E+05  0.162559E+05  0.216360E+05  0.206244E+05  0.000000E+00  0.167623E+05  0.167623E+05  0.167623E+05 -0.599608E+00  0.177610E+05  0.163758E+05  0.138961E+04
  0.627969E-02  0.168589E+05  0.162484E+05  0.216257E+05  0.206054E+05  0.000000E+00  0.167594E+05  0.167594E+05  0.167594E+05 -0.599432E+00  0.177583E+05  0.163607E+05  0.139563E+04
  0.630867E-02  0.168569E+05  0.162409E+05  0.216153E+05  0.205863E+05  0.000000E+00  0.167565E+05  0.167565E+05  0.167565E+05 -0.599254E+00  0.177555E+05  0.163454E+05  0.140167E+04
  0.633779E-02  0.168549E+05  0.162333E+05  0.216049E+05  0.205670E+05  0.000000E+00  0.167536E+05  0.167536E+05  0.167536E+05 -0.599075E+00  0.177528E+05  0.163300E+05  0.140774E+04
  0.636705E-02  0.168529E+05  0.162256E+05  0.215943E+05  0.205475E+05  0.000000E+00  0.167507E+05  0.167507E+05  0.167507E+05 -0.598894E+00  0.177500E+05  0.163145E+05  0.141382E+04
  0.639644E-02  0.168508E+05  0.162179E+05  0.215836E+05  0.205279E+05  0.000000E+00  0.167477E+05  0.167477E+05  0.167477E+05 -0.598711E+00  0.177472E+05  0.162988E+05  0.141994E+04
  0.642596E-02  0.168488E+05  0.162101E+05  0.215729E+05  0.205080E+05  0.000000E+00  0.167447E+05  0.167447E+05  0.167447E+05 -0.598527E+00  0.177444E+05  0.162830E+05  0.142607E+04
  0.645562E-02  0.168467E+05  0.162022E+05  0.215620E+05  0.204881E+05  0.000000E+00  0.167417E+05  0.167417E+05  0.167417E+05 -0.598341E+00  0.177415E+05  0.162671E+05  0.143222E+04
  0.648542E-02  0.168446E+05  0.161943E+05  0.215511E+05  0.204679E+05  0.000000E+00  0.167386E+05  0.167386E+05  0.167386E+05 -0.598153E+00  0.177386E+05  0.162510E+05  0.143840E+04
  0.651535E-02  0.168425E+05  0.161863E+05  0.215401E+05  0.204476E+05  0.000000E+00  0.167355E+05  0.167355E+05  0.167355E+05 -0.597964E+00  0.177357E+05  0.162348E+05  0.144460E+04
  0.654543E-02  0.168403E+05  0.161782E+05  0.215290E+05  0.204272E+05  0.000000E+00  0.167324E+05  0.167324E+05  0.167324E+05 -0.597773E+00  0.177328E+05  0.162184E+05  0.145083E+04
  0.657564E-02  0.168382E+05  0.161701E+05  0.215177E+05  0.204066E+05  0.000000E+00  0.167293E+05  0.167293E+05  0.167293E+05 -0.597581E+00  0.177298E+05  0.162019E+05  0.145708E+04
  0.660599E-02  0.168360E+05  0.161619E+05  0.215064E+05  0.203858E+05  0.000000E+00  0.167262E+05  0.167262E+05  0.167262E+05 -0.597387E+00  0.177268E+05  0.161853E+05  0.146334E+04
  0.663648E-02  0.168338E+05  0.161536E+05  0.214950E+05  0.203647E+05  0.000000E+00  0.167229E+05  0.167229E+05  0.167229E+05 -0.597191E+00  0.177238E+05  0.161685E+05  0.146963E+04
  0.666712E-02  0.168315E+05  0.161452E+05  0.214834E+05  0.203435E+05  0.000000E+00  0.167197E+05  0.167197E+05  0.167197E+05 -0.596993E+00  0.177208E+05  0.161516E+05  0.147594E+04
  0.669789E-02  0.168293E+05  0.161368E+05  0.214717E+05  0.203222E+05  0.000000E+00  0.167164E+05  0.167164E+05  0.167164E+05 -0.596794E+00  0.177177E+05  0.161345E+05  0.148227E+04
  0.672881E-02  0.168270E+05  0.161283E+05  0.214600E+05  0.203007E+05  0.000000E+00  0.167132E+05  0.167132E+05  0.167132E+05 -0.596593E+00  0.177146E+05  0.161173E+05  0.148863E+04
  0.675987E-02  0.168249E+05  0.161198E+05  0.214483E+05  0.202791E+05  0.000000E+00  0.167099E+05  0.167099E+05  0.167099E+05 -0.596389E+00  0.177115E+05  0.160999E+05  0.149502E+04
  0.679107E-02  0.168226E+05  0.161111E+05  0.214364E+05  0.202572E+05  0.000000E+00  0.167066E+05  0.167066E+05  0.167066E+05 -0.596185E+00  0.177083E+05  0.160824E+05  0.150142E+04
  0.682241E-02  0.168202E+05  0.161023E+05  0.214242E+05  0.202351E+05  0.000000E+00  0.167032E+05  0.167032E+05  0.167032E+05 -0.595979E+00  0.177052E+05  0.160647E+05  0.150785E+04
  0.685390E-02  0.168178E+05  0.160935E+05  0.214120E+05  0.202128E+05  0.000000E+00  0.166998E+05  0.166998E+05  0.166998E+05 -0.595770E+00  0.177019E+05  0.160469E+05  0.151430E+04
  0.688554E-02  0.168155E+05  0.160846E+05  0.213998E+05  0.201904E+05  0.000000E+00  0.166964E+05  0.166964E+05  0.166964E+05 -0.595560E+00  0.176987E+05  0.160289E+05  0.152077E+04
  0.691732E-02  0.168131E+05  0.160756E+05  0.213874E+05  0.201678E+05  0.000000E+00  0.166929E+05  0.166929E+05  0.166929E+05 -0.595348E+00  0.176954E+05  0.160107E+05  0.152727E+04
  0.694925E-02  0.168107E+05  0.160666E+05  0.213750E+05  0.201450E+05  0.000000E+00  0.166894E+05  0.166894E+05  0.166894E+05 -0.595134E+00  0.176921E+05  0.159924E+05  0.153379E+04
  0.698133E-02  0.168083E+05  0.160574E+05  0.213624E+05  0.201221E+05  0.000000E+00  0.166859E+05  0.166859E+05  0.166859E+05 -0.594919E+00  0.176888E+05  0.159740E+05  0.154033E+04
  0.701355E-02  0.168058E+05  0.160482E+05  0.213497E+05  0.200989E+05  0.000000E+00  0.166824E+05  0.166824E+05  0.166824E+05 -0.594701E+00  0.176855E+05  0.159554E+05  0.154689E+04
  0.704593E-02  0.168034E+05  0.160389E+05  0.213369E+05  0.200755E+05  0.000000E+00  0.166788E+05  0.166788E+05  0.166788E+05 -0.594482E+00  0.176821E+05  0.159366E+05  0.155348E+04
  0.707845E-02  0.168009E+05  0.160296E+05  0.213239E+05  0.200520E+05  0.000000E+00  0.166752E+05  0.166752E+05  0.166752E+05 -0.594260E+00  0.176786E+05  0.159177E+05  0.156009E+04
  0.711112E-02  0.167984E+05  0.160201E+05  0.213109E+05  0.200282E+05  0.000000E+00  0.166715E+05  0.166715E+05  0.166715E+05 -0.594037E+00  0.176752E+05  0.158986E+05  0.156672E+04
  0.714394E-02  0.167958E+05  0.160105E+05  0.212977E+05  0.200043E+05  0.000000E+00  0.166679E+05  0.166679E+05  0.166679E+05 -0.593812E+00  0.176717E+05  0.158793E+05  0.157338E+04
  0.717692E-02  0.167933E+05  0.160009E+05  0.212845E+05  0.199801E+05  0.000000E+00  0.166641E+05  0.166641E+05  0.166641E+05 -0.593585E+00  0.176682E+05  0.158599E+05  0.158005E+04
  0.721005E-02  0.167906E+05  0.159912E+05  0.212710E+05  0.199558E+05  0.000000E+00  0.166604E+05  0.166604E+05  0.166604E+05 -0.593356E+00  0.176647E+05  0.158403E+05  0.158675E+04
  0.724333E-02  0.167880E+05  0.159814E+05  0.212575E+05  0.199312E+05  0.000000E+00  0.166566E+05  0.166566E+05  0.166566E+05 -0.593125E+00  0.176611E+05  0.158205E+05  0.159347E+04
  0.727676E-02  0.167854E+05  0.159715E+05  0.212439E+05  0.199065E+05  0.000000E+00  0.166528E+05  0.166528E+05  0.166528E+05 -0.592891E+00  0.176575E+05  0.158006E+05  0.160022E+04
  0.731035E-02  0.167828E+05  0.159616E+05  0.212302E+05  0.198816E+05  0.000000E+00  0.166490E+05  0.166490E+05  0.166490E+05 -0.592656E+00  0.176538E+05  0.157805E+05  0.160700E+04
  0.734409E-02  0.167801E+05  0.159515E+05  0.212163E+05  0.198564E+05  0.000000E+00  0.166451E+05  0.166451E+05  0.166451E+05 -0.592419E+00  0.176502E+05  0.157602E+05  0.161378E+04
  0.737799E-02  0.167774E+05  0.159413E+05  0.212023E+05  0.198311E+05  0.000000E+00  0.166411E+05  0.166411E+05  0.166411E+05 -0.592180E+00  0.176465E+05  0.157398E+05  0.162060E+04
  0.741204E-02  0.167747E+05  0.159311E+05  0.211882E+05  0.198055E+05  0.000000E+00  0.166372E+05  0.166372E+05  0.166372E+05 -0.591938E+00  0.176427E+05  0.157191E+05  0.162744E+04
  0.744626E-02  0.167719E+05  0.159208E+05  0.211740E+05  0.197798E+05  0.000000E+00  0.166332E+05  0.166332E+05  0.166332E+05 -0.591695E+00  0.176390E+05  0.156983E+05  0.163431E+04
  0.748063E-02  0.167692E+05  0.159104E+05  0.211597E+05  0.197538E+05  0.000000E+00  0.166292E+05  0.166292E+05  0.166292E+05 -0.591449E+00  0.176351E+05  0.156774E+05  0.164119E+04
  0.751516E-02  0.167664E+05  0.158999E+05  0.211452E+05  0.197277E+05  0.000000E+00  0.166252E+05  0.166252E+05  0.166252E+05 -0.591201E+00  0.176313E+05  0.156562E+05  0.164810E+04
  0.754985E-02  0.167635E+05  0.158892E+05  0.211305E+05  0.197012E+05  0.000000E+00  0.166211E+05  0.166211E+05  0.166211E+05 -0.590952E+00  0.176274E+05  0.156349E+05  0.165502E+04
  0.758469E-02  0.167607E+05  0.158786E+05  0.211158E+05  0.196746E+05  0.000000E+00  0.166169E+05  0.166169E+05  0.166169E+05 -0.590700E+00  0.176235E+05  0.156134E+05  0.166198E+04
  0.761970E-02  0.167578E+05  0.158678E+05  0.211010E+05  0.196478E+05  0.000000E+00  0.166128E+05  0.166128E+05  0.166128E+05 -0.590445E+00  0.176196E+05  0.155917E+05  0.166895E+04
  0.765487E-02  0.167549E+05  0.158569E+05  0.210860E+05  0.196208E+05  0.000000E+00  0.166086E+05  0.166086E+05  0.166086E+05 -0.590189E+00  0.176156E+05  0.155698E+05  0.167596E+04
  0.769021E-02  0.167520E+05  0.158459E+05  0.210709E+05  0.195936E+05  0.000000E+00  0.166044E+05  0.166044E+05  0.166044E+05 -0.589930E+00  0.176116E+05  0.155477E+05  0.168297E+04
  0.772570E-02  0.167491E+05  0.158349E+05  0.210556E+05  0.195661E+05  0.000000E+00  0.166001E+05  0.166001E+05  0.166001E+05 -0.589669E+00  0.176075E+05  0.155255E+05  0.169002E+04
  0.776136E-02  0.167461E+05  0.158237E+05  0.210402E+05  0.195384E+05  0.000000E+00  0.165958E+05  0.165958E+05  0.165958E+05 -0.589406E+00  0.176034E+05  0.155030E+05  0.169708E+04
  0.779719E-02  0.167431E+05  0.158125E+05  0.210247E+05  0.195106E+05  0.000000E+00  0.165914E+05  0.165914E+05  0.165914E+05 -0.589141E+00  0.175993E+05  0.154804E+05  0.170417E+04
  0.783318E-02  0.167401E+05  0.158011E+05  0.210091E+05  0.194824E+05  0.000000E+00  0.165871E+05  0.165871E+05  0.165871E+05 -0.588873E+00  0.175952E+05  0.154576E+05  0.171128E+04
  0.786934E-02  0.167370E+05  0.157896E+05  0.209933E+05  0.194541E+05  0.000000E+00  0.165826E+05  0.165826E+05  0.165826E+05 -0.588603E+00  0.175910E+05  0.154345E+05  0.171841E+04
  0.790566E-02  0.167339E+05  0.157781E+05  0.209774E+05  0.194255E+05  0.000000E+00  0.165782E+05  0.165782E+05  0.165782E+05 -0.588331E+00  0.175867E+05  0.154113E+05  0.172556E+04
  0.794215E-02  0.167308E+05  0.157664E+05  0.209613E+05  0.193967E+05  0.000000E+00  0.165737E+05  0.165737E+05  0.165737E+05 -0.588056E+00  0.175825E+05  0.153879E+05  0.173274E+04
  0.797881E-02  0.167277E+05  0.157547E+05  0.209451E+05  0.193677E+05  0.000000E+00  0.165691E+05  0.165691E+05  0.165691E+05 -0.587779E+00  0.175781E+05  0.153643E+05  0.173995E+04
  0.801564E-02  0.167245E+05  0.157428E+05  0.209288E+05  0.193384E+05  0.000000E+00  0.165646E+05  0.165646E+05  0.165646E+05 -0.587500E+00  0.175738E+05  0.153405E+05  0.174718E+04
  0.805264E-02  0.167214E+05  0.157309E+05  0.209123E+05  0.193089E+05  0.000000E+00  0.165599E+05  0.165599E+05  0.165599E+05 -0.587218E+00  0.175694E+05  0.153165E+05  0.175442E+04
  0.808980E-02  0.167181E+05  0.157188E+05  0.208957E+05  0.192792E+05  0.000000E+00  0.165553E+05  0.165553E+05  0.165553E+05 -0.586934E+00  0.175650E+05  0.152923E+05  0.176169E+04
  0.812715E-02  0.167149E+05  0.157066E+05  0.208789E+05  0.192492E+05  0.000000E+00  0.165506E+05  0.165506E+05  0.165506E+05 -0.586647E+00  0.175605E+05  0.152679E+05  0.176898E+04
  0.816466E-02  0.167116E+05  0.156943E+05  0.208620E+05  0.192190E+05  0.000000E+00  0.165458E+05  0.165458E+05  0.165458E+05 -0.586358E+00  0.175560E+05  0.152433E+05  0.177631E+04
  0.820235E-02  0.167083E+05  0.156819E+05  0.208449E+05  0.191886E+05  0.000000E+00  0.165410E+05  0.165410E+05  0.165410E+05 -0.586067E+00  0.175515E+05  0.152184E+05  0.178365E+04
  0.824021E-02  0.167049E+05  0.156694E+05  0.208277E+05  0.191579E+05  0.000000E+00  0.165362E+05  0.165362E+05  0.165362E+05 -0.585773E+00  0.175469E+05  0.151934E+05  0.179100E+04
  0.827824E-02  0.167016E+05  0.156568E+05  0.208103E+05  0.191270E+05  0.000000E+00  0.165313E+05  0.165313E+05  0.165313E+05 -0.585476E+00  0.175422E+05  0.151682E+05  0.179838E+04
  0.831645E-02  0.166982E+05  0.156441E+05  0.207928E+05  0.190958E+05  0.000000E+00  0.165264E+05  0.165264E+05  0.165264E+05 -0.585177E+00  0.175376E+05  0.151428E+05  0.180577E+04
  0.835484E-02  0.166947E+05  0.156313E+05  0.207751E+05  0.190644E+05  0.000000E+00  0.165214E+05  0.165214E+05  0.165214E+05 -0.584875E+00  0.175329E+05  0.151171E+05  0.181320E+04
  0.839340E-02  0.166913E+05  0.156184E+05  0.207573E+05  0.190328E+05  0.000000E+00  0.165164E+05  0.165164E+05  0.165164E+05 -0.584571E+00  0.175281E+05  0.150912E+05  0.182065E+04
  0.843214E-02  0.166878E+05  0.156053E+05  0.207394E+05  0.190009E+05  0.000000E+00  0.165114E+05  0.165114E+05  0.165114E+05 -0.584264E+00  0.175233E+05  0.150651E+05  0.182812E+04
  0.847107E-02  0.166843E+05  0.155922E+05  0.207213E+05  0.189688E+05  0.000000E+00  0.165063E+05  0.165063E+05  0.165063E+05 -0.583955E+00  0.175185E+05  0.150389E+05  0.183559E+04
  0.851017E-02  0.166807E+05  0.155789E+05  0.207030E+05  0.189364E+05  0.000000E+00  0.165012E+05  0.165012E+05  0.165012E+05 -0.583643E+00  0.175136E+05  0.150124E+05  0.184310E+04
  0.854945E-02  0.166771E+05  0.155655E+05  0.206846E+05  0.189038E+05  0.000000E+00  0.164960E+05  0.164960E+05  0.164960E+05 -0.583328E+00  0.175087E+05  0.149856E+05  0.185063E+04
  0.858891E-02  0.166735E+05  0.155520E+05  0.206660E+05  0.188709E+05  0.000000E+00  0.164908E+05  0.164908E+05  0.164908E+05 -0.583011E+00  0.175037E+05  0.149586E+05  0.185820E+04
  0.862855E-02  0.166699E+05  0.155384E+05  0.206472E+05  0.188378E+05  0.000000E+00  0.164855E+05  0.164855E+05  0.164855E+05 -0.582691E+00  0.174987E+05  0.149314E+05  0.186578E+04
  0.866838E-02  0.166662E+05  0.155247E+05  0.206283E+05  0.188044E+05  0.000000E+00  0.164802E+05  0.164802E+05  0.164802E+05 -0.582368E+00  0.174936E+05  0.149040E+05  0.187337E+04
  0.870839E-02  0.166625E+05  0.155109E+05  0.206093E+05  0.187707E+05  0.000000E+00  0.164748E+05  0.164748E+05  0.164748E+05 -0.582042E+00  0.174885E+05  0.148764E+05  0.188098E+04
  0.874859E-02  0.166588E+05  0.154969E+05  0.205900E+05  0.187368E+05  0.000000E+00  0.164694E+05  0.164694E+05  0.164694E+05 -0.581714E+00  0.174834E+05  0.148485E+05  0.188862E+04
  0.878897E-02  0.166550E+05  0.154828E+05  0.205706E+05  0.187027E+05  0.000000E+00  0.164640E+05  0.164640E+05  0.164640E+05 -0.581383E+00  0.174782E+05  0.148204E+05  0.189630E+04
  0.882954E-02  0.166512E+05  0.154686E+05  0.205511E+05  0.186682E+05  0.000000E+00  0.164585E+05  0.164585E+05  0.164585E+05 -0.581049E+00  0.174729E+05  0.147921E+05  0.190399E+04
  0.887029E-02  0.166473E+05  0.154543E+05  0.205313E+05  0.186335E+05  0.000000E+00  0.164529E+05  0.164529E+05  0.164529E+05 -0.580713E+00  0.174677E+05  0.147635E+05  0.191169E+04
  0.891124E-02  0.166435E+05  0.154398E+05  0.205114E+05  0.185986E+05  0.000000E+00  0.164473E+05  0.164473E+05  0.164473E+05 -0.580373E+00  0.174623E+05  0.147348E+05  0.191942E+04
  0.895237E-02  0.166395E+05  0.154252E+05  0.204914E+05  0.185634E+05  0.000000E+00  0.164417E+05  0.164417E+05  0.164417E+05 -0.580031E+00  0.174569E+05  0.147057E+05  0.192715E+04
  0.899369E-02  0.166356E+05  0.154105E+05  0.204711E+05  0.185279E+05  0.000000E+00  0.164360E+05  0.164360E+05  0.164360E+05 -0.579686E+00  0.174515E+05  0.146764E+05  0.193494E+04
  0.903521E-02  0.166316E+05  0.153957E+05  0.204507E+05  0.184921E+05  0.000000E+00  0.164302E+05  0.164302E+05  0.164302E+05 -0.579338E+00  0.174460E+05  0.146469E+05  0.194274E+04
  0.907691E-02  0.166276E+05  0.153808E+05  0.204301E+05  0.184561E+05  0.000000E+00  0.164244E+05  0.164244E+05  0.164244E+05 -0.578986E+00  0.174405E+05  0.146172E+05  0.195053E+04
  0.911881E-02  0.166236E+05  0.153657E+05  0.204094E+05  0.184198E+05  0.000000E+00  0.164186E+05  0.164186E+05  0.164186E+05 -0.578632E+00  0.174350E+05  0.145872E+05  0.195836E+04
  0.916090E-02  0.166195E+05  0.153505E+05  0.203884E+05  0.183832E+05  0.000000E+00  0.164127E+05  0.164127E+05  0.164127E+05 -0.578276E+00  0.174293E+05  0.145570E+05  0.196623E+04
  0.920318E-02  0.166154E+05  0.153352E+05  0.203673E+05  0.183464E+05  0.000000E+00  0.164067E+05  0.164067E+05  0.164067E+05 -0.577916E+00  0.174237E+05  0.145265E+05  0.197408E+04
  0.924566E-02  0.166112E+05  0.153197E+05  0.203460E+05  0.183093E+05  0.000000E+00  0.164007E+05  0.164007E+05  0.164007E+05 -0.577553E+00  0.174179E+05  0.144958E+05  0.198195E+04
  0.928834E-02  0.166070E+05  0.153041E+05  0.203246E+05  0.182719E+05  0.000000E+00  0.163947E+05  0.163947E+05  0.163947E+05 -0.577187E+00  0.174122E+05  0.144648E+05  0.198986E+04
  0.933121E-02  0.166028E+05  0.152884E+05  0.203029E+05  0.182342E+05  0.000000E+00  0.163886E+05  0.163886E+05  0.163886E+05 -0.576818E+00  0.174063E+05  0.144336E+05  0.199780E+04
  0.937428E-02  0.165985E+05  0.152725E+05  0.202811E+05  0.181963E+05  0.000000E+00  0.163824E+05  0.163824E+05  0.163824E+05 -0.576445E+00  0.174005E+05  0.144021E+05  0.200575E+04
  0.941755E-02  0.165942E+05  0.152565E+05  0.202591E+05  0.181581E+05  0.000000E+00  0.163762E+05  0.163762E+05  0.163762E+05 -0.576070E+00  0.173945E+05  0.143703E+05  0.201375E+04
  0.946102E-02  0.165899E+05  0.152404E+05  0.202369E+05  0.181196E+05  0.000000E+00  0.163700E+05  0.163700E+05  0.163700E+05 -0.575692E+00  0.173886E+05  0.143384E+05  0.202171E+04
  0.950469E-02  0.165855E+05  0.152241E+05  0.202145E+05  0.180808E+05  0.000000E+00  0.163636E+05  0.163636E+05  0.163636E+05 -0.575310E+00  0.173825E+05  0.143061E+05  0.202975E+04
  0.954856E-02  0.165811E+05  0.152077E+05  0.201919E+05  0.180417E+05  0.000000E+00  0.163573E+05  0.163573E+05  0.163573E+05 -0.574926E+00  0.173765E+05  0.142736E+05  0.203776E+04
  0.959264E-02  0.165766E+05  0.151912E+05  0.201691E+05  0.180023E+05  0.000000E+00  0.163508E+05  0.163508E+05  0.163508E+05 -0.574538E+00  0.173703E+05  0.142409E+05  0.204576E+04
  0.963692E-02  0.165721E+05  0.151745E+05  0.201462E+05  0.179627E+05  0.000000E+00  0.163444E+05  0.163444E+05  0.163444E+05 -0.574147E+00  0.173641E+05  0.142078E+05  0.205387E+04
  0.968140E-02  0.165676E+05  0.151577E+05  0.201230E+05  0.179227E+05  0.000000E+00  0.163378E+05  0.163378E+05  0.163378E+05 -0.573752E+00  0.173579E+05  0.141745E+05  0.206197E+04
  0.972608E-02  0.165630E+05  0.151407E+05  0.200997E+05  0.178825E+05  0.000000E+00  0.163312E+05  0.163312E+05  0.163312E+05 -0.573355E+00  0.173516E+05  0.141410E+05  0.207001E+04
  0.977098E-02  0.165584E+05  0.151236E+05  0.200761E+05  0.178420E+05  0.000000E+00  0.163246E+05  0.163246E+05  0.163246E+05 -0.572954E+00  0.173452E+05  0.141072E+05  0.207816E+04
  0.981608E-02  0.165537E+05  0.151063E+05  0.200524E+05  0.178012E+05  0.000000E+00  0.163179E+05  0.163179E+05  0.163179E+05 -0.572550E+00  0.173388E+05  0.140730E+05  0.208633E+04
  0.986139E-02  0.165490E+05  0.150889E+05  0.200285E+05  0.177601E+05  0.000000E+00  0.163111E+05  0.163111E+05  0.163111E+05 -0.572142E+00  0.173324E+05  0.140387E+05  0.209447E+04
  0.990691E-02  0.165443E+05  0.150714E+05  0.200043E+05  0.177186E+05  0.000000E+00  0.163043E+05  0.163043E+05  0.163043E+05 -0.571731E+00  0.173258E+05  0.140041E+05  0.210263E+04
  0.995263E-02  0.165395E+05  0.150537E+05  0.199800E+05  0.176769E+05  0.000000E+00  0.162974E+05  0.162974E+05  0.162974E+05 -0.571317E+00  0.173193E+05  0.139691E+05  0.211086E+04
  0.999857E-02  0.165347E+05  0.150359E+05  0.199554E+05  0.176349E+05  0.000000E+00  0.162905E+05  0.162905E+05  0.162905E+05 -0.570899E+00  0.173126E+05  0.139339E+05  0.211908E+04
  0.100447E-01  0.165299E+05  0.150179E+05  0.199307E+05  0.175926E+05  0.000000E+00  0.162835E+05  0.162835E+05  0.162835E+05 -0.570478E+00  0.173059E+05  0.138985E+05  0.212727E+04
  0.100911E-01  0.165250E+05  0.149997E+05  0.199057E+05  0.175500E+05  0.000000E+00  0.162764E+05  0.162764E+05  0.162764E+05 -0.570054E+00  0.172992E+05  0.138627E+05  0.213550E+04
  0.101377E-01  0.165200E+05  0.149815E+05  0.198806E+05  0.175071E+05  0.000000E+00  0.162693E+05  0.162693E+05  0.162693E+05 -0.569626E+00  0.172924E+05  0.138266E+05  0.214384E+04
  0.101845E-01  0.165150E+05  0.149630E+05  0.198552E+05  0.174639E+05  0.000000E+00  0.162621E+05  0.162621E+05  0.162621E+05 -0.569194E+00  0.172855E+05  0.137903E+05  0.215208E+04
  0.102315E-01  0.165100E+05  0.149444E+05  0.198297E+05  0.174204E+05  0.000000E+00  0.162549E+05  0.162549E+05  0.162549E+05 -0.568759E+00  0.172786E+05  0.137536E+05  0.216048E+04
  0.102787E-01  0.165049E+05  0.149257E+05  0.198039E+05  0.173766E+05  0.000000E+00  0.162476E+05  0.162476E+05  0.162476E+05 -0.568321E+00  0.172716E+05  0.137167E+05  0.216875E+04
  0.103261E-01  0.164998E+05  0.149068E+05  0.197779E+05  0.173325E+05  0.000000E+00  0.162402E+05  0.162402E+05  0.162402E+05 -0.567878E+00  0.172645E+05  0.136795E+05  0.217712E+04
  0.103738E-01  0.164946E+05  0.148877E+05  0.197516E+05  0.172880E+05  0.000000E+00  0.162328E+05  0.162328E+05  0.162328E+05 -0.567433E+00  0.172574E+05  0.136421E+05  0.218540E+04
  0.104217E-01  0.164894E+05  0.148685E+05  0.197252E+05  0.172433E+05  0.000000E+00  0.162253E+05  0.162253E+05  0.162253E+05 -0.566983E+00  0.172502E+05  0.136043E+05  0.219378E+04
  0.104698E-01  0.164842E+05  0.148491E+05  0.196986E+05  0.171982E+05  0.000000E+00  0.162177E+05  0.162177E+05  0.162177E+05 -0.566530E+00  0.172430E+05  0.135664E+05  0.220211E+04
  0.105181E-01  0.164789E+05  0.148296E+05  0.196717E+05  0.171529E+05  0.000000E+00  0.162101E+05  0.162101E+05  0.162101E+05 -0.566073E+00  0.172357E+05  0.135279E+05  0.221055E+04
  0.105667E-01  0.164736E+05  0.148099E+05  0.196446E+05  0.171072E+05  0.000000E+00  0.162024E+05  0.162024E+05  0.162024E+05 -0.565613E+00  0.172283E+05  0.134893E+05  0.221897E+04
  0.106154E-01  0.164682E+05  0.147900E+05  0.196173E+05  0.170612E+05  0.000000E+00  0.161947E+05  0.161947E+05  0.161947E+05 -0.565149E+00  0.172209E+05  0.134504E+05  0.222733E+04
  0.106644E-01  0.164627E+05  0.147700E+05  0.195898E+05  0.170149E+05  0.000000E+00  0.161869E+05  0.161869E+05  0.161869E+05 -0.564681E+00  0.172134E+05  0.134111E+05  0.223585E+04
  0.107137E-01  0.164572E+05  0.147498E+05  0.195620E+05  0.169683E+05  0.000000E+00  0.161790E+05  0.161790E+05  0.161790E+05 -0.564209E+00  0.172058E+05  0.133715E+05  0.224429E+04
  0.107631E-01  0.164517E+05  0.147295E+05  0.195340E+05  0.169213E+05  0.000000E+00  0.161711E+05  0.161711E+05  0.161711E+05 -0.563734E+00  0.171982E+05  0.133317E+05  0.225273E+04
  0.108128E-01  0.164461E+05  0.147089E+05  0.195058E+05  0.168741E+05  0.000000E+00  0.161630E+05  0.161630E+05  0.161630E+05 -0.563254E+00  0.171905E+05  0.132915E+05  0.226124E+04
  0.108627E-01  0.164405E+05  0.146882E+05  0.194773E+05  0.168265E+05  0.000000E+00  0.161550E+05  0.161550E+05  0.161550E+05 -0.562771E+00  0.171828E+05  0.132511E+05  0.226969E+04
  0.109128E-01  0.164348E+05  0.146674E+05  0.194487E+05  0.167786E+05  0.000000E+00  0.161468E+05  0.161468E+05  0.161468E+05 -0.562284E+00  0.171749E+05  0.132102E+05  0.227826E+04
  0.109632E-01  0.164291E+05  0.146464E+05  0.194198E+05  0.167304E+05  0.000000E+00  0.161386E+05  0.161386E+05  0.161386E+05 -0.561793E+00  0.171670E+05  0.131692E+05  0.228676E+04
  0.110138E-01  0.164234E+05  0.146252E+05  0.193906E+05  0.166818E+05  0.000000E+00  0.161303E+05  0.161303E+05  0.161303E+05 -0.561298E+00  0.171591E+05  0.131277E+05  0.229532E+04
  0.110647E-01  0.164175E+05  0.146038E+05  0.193612E+05  0.166329E+05  0.000000E+00  0.161220E+05  0.161220E+05  0.161220E+05 -0.560800E+00  0.171511E+05  0.130859E+05  0.230391E+04
  0.111157E-01  0.164117E+05  0.145822E+05  0.193316E+05  0.165837E+05  0.000000E+00  0.161135E+05  0.161135E+05  0.161135E+05 -0.560297E+00  0.171430E+05  0.130440E+05  0.231244E+04
  0.111670E-01  0.164057E+05  0.145605E+05  0.193017E+05  0.165342E+05  0.000000E+00  0.161050E+05  0.161050E+05  0.161050E+05 -0.559790E+00  0.171348E+05  0.130016E+05  0.232101E+04
  0.112186E-01  0.163998E+05  0.145386E+05  0.192716E+05  0.164844E+05  0.000000E+00  0.160965E+05  0.160965E+05  0.160965E+05 -0.559279E+00  0.171266E+05  0.129589E+05  0.232961E+04
  0.112704E-01  0.163938E+05  0.145165E+05  0.192413E+05  0.164342E+05  0.000000E+00  0.160878E+05  0.160878E+05  0.160878E+05 -0.558764E+00  0.171182E+05  0.129159E+05  0.233821E+04
  0.113224E-01  0.163877E+05  0.144943E+05  0.192107E+05  0.163837E+05  0.000000E+00  0.160791E+05  0.160791E+05  0.160791E+05 -0.558245E+00  0.171099E+05  0.128727E+05  0.234678E+04
  0.113747E-01  0.163816E+05  0.144718E+05  0.191798E+05  0.163329E+05  0.000000E+00  0.160703E+05  0.160703E+05  0.160703E+05 -0.557722E+00  0.171014E+05  0.128290E+05  0.235540E+04
  0.114272E-01  0.163754E+05  0.144492E+05  0.191488E+05  0.162817E+05  0.000000E+00  0.160615E+05  0.160615E+05  0.160615E+05 -0.557195E+00  0.170929E+05  0.127849E+05  0.236413E+04
  0.114799E-01  0.163691E+05  0.144264E+05  0.191174E+05  0.162302E+05  0.000000E+00  0.160526E+05  0.160526E+05  0.160526E+05 -0.556664E+00  0.170843E+05  0.127407E+05  0.237272E+04
  0.115329E-01  0.163629E+05  0.144034E+05  0.190858E+05  0.161784E+05  0.000000E+00  0.160435E+05  0.160435E+05  0.160435E+05 -0.556128E+00  0.170756E+05  0.126959E+05  0.238142E+04
  0.115861E-01  0.163565E+05  0.143802E+05  0.190540E+05  0.161262E+05  0.000000E+00  0.160345E+05  0.160345E+05  0.160345E+05 -0.555588E+00  0.170669E+05  0.126510E+05  0.239005E+04
  0.116396E-01  0.163501E+05  0.143569E+05  0.190219E+05  0.160737E+05  0.000000E+00  0.160253E+05  0.160253E+05  0.160253E+05 -0.555044E+00  0.170581E+05  0.126058E+05  0.239868E+04
  0.116933E-01  0.163437E+05  0.143333E+05  0.189896E+05  0.160209E+05  0.000000E+00  0.160161E+05  0.160161E+05  0.160161E+05 -0.554496E+00  0.170492E+05  0.125600E+05  0.240745E+04
  0.117473E-01  0.163372E+05  0.143096E+05  0.189570E+05  0.159678E+05  0.000000E+00  0.160068E+05  0.160068E+05  0.160068E+05 -0.553943E+00  0.170402E+05  0.125141E+05  0.241611E+04
  0.118015E-01  0.163307E+05  0.142856E+05  0.189241E+05  0.159143E+05  0.000000E+00  0.159974E+05  0.159974E+05  0.159974E+05 -0.553386E+00  0.170311E+05  0.124677E+05  0.242485E+04
  0.118560E-01  0.163240E+05  0.142615E+05  0.188910E+05  0.158605E+05  0.000000E+00  0.159879E+05  0.159879E+05  0.159879E+05 -0.552825E+00  0.170220E+05  0.124211E+05  0.243355E+04
  0.119107E-01  0.163174E+05  0.142372E+05  0.188576E+05  0.158063E+05  0.000000E+00  0.159784E+05  0.159784E+05  0.159784E+05 -0.552259E+00  0.170128E+05  0.123741E+05  0.244226E+04
  0.119657E-01  0.163107E+05  0.142127E+05  0.188239E+05  0.157518E+05  0.000000E+00  0.159688E+05  0.159688E+05  0.159688E+05 -0.551689E+00  0.170035E+05  0.123268E+05  0.245097E+04
  0.120209E-01  0.163039E+05  0.141880E+05  0.187900E+05  0.156970E+05  0.000000E+00  0.159591E+05  0.159591E+05  0.159591E+05 -0.551115E+00  0.169942E+05  0.122791E+05  0.245972E+04
  0.120764E-01  0.162970E+05  0.141631E+05  0.187558E+05  0.156418E+05  0.000000E+00  0.159493E+05  0.159493E+05  0.159493E+05 -0.550536E+00  0.169847E+05  0.122311E+05  0.246844E+04
  0.121322E-01  0.162902E+05  0.141380E+05  0.187213E+05  0.155863E+05  0.000000E+00  0.159394E+05  0.159394E+05  0.159394E+05 -0.549953E+00  0.169752E+05  0.121826E+05  0.247721E+04
  0.121882E-01  0.162832E+05  0.141127E+05  0.186866E+05  0.155304E+05  0.000000E+00  0.159295E+05  0.159295E+05  0.159295E+05 -0.549365E+00  0.169656E+05  0.121340E+05  0.248592E+04
  0.122444E-01  0.162762E+05  0.140873E+05  0.186516E+05  0.154743E+05  0.000000E+00  0.159195E+05  0.159195E+05  0.159195E+05 -0.548772E+00  0.169559E+05  0.120849E+05  0.249465E+04
  0.123009E-01  0.162691E+05  0.140616E+05  0.186163E+05  0.154177E+05  0.000000E+00  0.159094E+05  0.159094E+05  0.159094E+05 -0.548175E+00  0.169462E+05  0.120355E+05  0.250344E+04
  0.123577E-01  0.162620E+05  0.140357E+05  0.185808E+05  0.153609E+05  0.000000E+00  0.158992E+05  0.158992E+05  0.158992E+05 -0.547574E+00  0.169363E+05  0.119855E+05  0.251227E+04
  0.124148E-01  0.162548E+05  0.140096E+05  0.185449E+05  0.153037E+05  0.000000E+00  0.158889E+05  0.158889E+05  0.158889E+05 -0.546967E+00  0.169264E+05  0.119354E+05  0.252103E+04
  0.124721E-01  0.162476E+05  0.139833E+05  0.185088E+05  0.152461E+05  0.000000E+00  0.158786E+05  0.158786E+05  0.158786E+05 -0.546357E+00  0.169164E+05  0.118850E+05  0.252979E+04
  0.125296E-01  0.162403E+05  0.139567E+05  0.184724E+05  0.151882E+05  0.000000E+00  0.158681E+05  0.158681E+05  0.158681E+05 -0.545741E+00  0.169063E+05  0.118340E+05  0.253860E+04
  0.125875E-01  0.162329E+05  0.139300E+05  0.184358E+05  0.151300E+05  0.000000E+00  0.158576E+05  0.158576E+05  0.158576E+05 -0.545121E+00  0.168961E+05  0.117828E+05  0.254739E+04
  0.126456E-01  0.162255E+05  0.139031E+05  0.183988E+05  0.150715E+05  0.000000E+00  0.158470E+05  0.158470E+05  0.158470E+05 -0.544496E+00  0.168858E+05  0.117312E+05  0.255616E+04
  0.127039E-01  0.162180E+05  0.138759E+05  0.183615E+05  0.150126E+05  0.000000E+00  0.158363E+05  0.158363E+05  0.158363E+05 -0.543866E+00  0.168755E+05  0.116793E+05  0.256496E+04
  0.127626E-01  0.162104E+05  0.138486E+05  0.183240E+05  0.149533E+05  0.000000E+00  0.158255E+05  0.158255E+05  0.158255E+05 -0.543232E+00  0.168650E+05  0.116270E+05  0.257374E+04
  0.128215E-01  0.162028E+05  0.138210E+05  0.182862E+05  0.148937E+05  0.000000E+00  0.158146E+05  0.158146E+05  0.158146E+05 -0.542593E+00  0.168545E+05  0.115742E+05  0.258256E+04
  0.128807E-01  0.161951E+05  0.137933E+05  0.182481E+05  0.148338E+05  0.000000E+00  0.158037E+05  0.158037E+05  0.158037E+05 -0.541949E+00  0.168439E+05  0.115213E+05  0.259131E+04
  0.129401E-01  0.161874E+05  0.137653E+05  0.182097E+05  0.147736E+05  0.000000E+00  0.157926E+05  0.157926E+05  0.157926E+05 -0.541300E+00  0.168332E+05  0.114677E+05  0.260017E+04
  0.129998E-01  0.161795E+05  0.137371E+05  0.181710E+05  0.147130E+05  0.000000E+00  0.157815E+05  0.157815E+05  0.157815E+05 -0.540646E+00  0.168224E+05  0.114140E+05  0.260893E+04
  0.130598E-01  0.161717E+05  0.137086E+05  0.181320E+05  0.146520E+05  0.000000E+00  0.157703E+05  0.157703E+05  0.157703E+05 -0.539987E+00  0.168115E+05  0.113598E+05  0.261773E+04
  0.131201E-01  0.161637E+05  0.136800E+05  0.180927E+05  0.145908E+05  0.000000E+00  0.157590E+05  0.157590E+05  0.157590E+05 -0.539324E+00  0.168005E+05  0.113053E+05  0.262651E+04
  0.131807E-01  0.161557E+05  0.136511E+05  0.180531E+05  0.145291E+05  0.000000E+00  0.157476E+05  0.157476E+05  0.157476E+05 -0.538655E+00  0.167894E+05  0.112505E+05  0.263525E+04
  0.132415E-01  0.161476E+05  0.136220E+05  0.180132E+05  0.144672E+05  0.000000E+00  0.157361E+05  0.157361E+05  0.157361E+05 -0.537981E+00  0.167783E+05  0.111951E+05  0.264408E+04
  0.133026E-01  0.161395E+05  0.135927E+05  0.179730E+05  0.144049E+05  0.000000E+00  0.157245E+05  0.157245E+05  0.157245E+05 -0.537303E+00  0.167670E+05  0.111394E+05  0.265290E+04
  0.133640E-01  0.161313E+05  0.135632E+05  0.179325E+05  0.143423E+05  0.000000E+00  0.157128E+05  0.157128E+05  0.157128E+05 -0.536619E+00  0.167557E+05  0.110834E+05  0.266164E+04
  0.134257E-01  0.161230E+05  0.135334E+05  0.178916E+05  0.142793E+05  0.000000E+00  0.157010E+05  0.157010E+05  0.157010E+05 -0.535931E+00  0.167442E+05  0.110269E+05  0.267046E+04
  0.134877E-01  0.161147E+05  0.135034E+05  0.178505E+05  0.142160E+05  0.000000E+00  0.156891E+05  0.156891E+05  0.156891E+05 -0.535237E+00  0.167327E+05  0.109701E+05  0.267925E+04
  0.135500E-01  0.161063E+05  0.134732E+05  0.178091E+05  0.141524E+05  0.000000E+00  0.156772E+05  0.156772E+05  0.156772E+05 -0.534538E+00  0.167211E+05  0.109130E+05  0.268799E+04
  0.136125E-01  0.160978E+05  0.134428E+05  0.177673E+05  0.140884E+05  0.000000E+00  0.156651E+05  0.156651E+05  0.156651E+05 -0.533834E+00  0.167093E+05  0.108554E+05  0.269676E+04
  0.136753E-01  0.160892E+05  0.134121E+05  0.177253E+05  0.140241E+05  0.000000E+00  0.156530E+05  0.156530E+05  0.156530E+05 -0.533125E+00  0.166975E+05  0.107974E+05  0.270551E+04
  0.137385E-01  0.160806E+05  0.133812E+05  0.176829E+05  0.139595E+05  0.000000E+00  0.156407E+05  0.156407E+05  0.156407E+05 -0.532410E+00  0.166856E+05  0.107391E+05  0.271427E+04
  0.138019E-01  0.160719E+05  0.133501E+05  0.176402E+05  0.138945E+05  0.000000E+00  0.156284E+05  0.156284E+05  0.156284E+05 -0.531691E+00  0.166735E+05  0.106804E+05  0.272301E+04
  0.138656E-01  0.160632E+05  0.133187E+05  0.175972E+05  0.138292E+05  0.000000E+00  0.156159E+05  0.156159E+05  0.156159E+05 -0.530966E+00  0.166614E+05  0.106212E+05  0.273176E+04
  0.139296E-01  0.160543E+05  0.132871E+05  0.175539E+05  0.137636E+05  0.000000E+00  0.156034E+05  0.156034E+05  0.156034E+05 -0.530236E+00  0.166492E+05  0.105618E+05  0.274048E+04
  0.139939E-01  0.160454E+05  0.132552E+05  0.175103E+05  0.136976E+05  0.000000E+00  0.155907E+05  0.155907E+05  0.155907E+05 -0.529501E+00  0.166369E+05  0.105019E+05  0.274921E+04
  0.140585E-01  0.160365E+05  0.132231E+05  0.174663E+05  0.136313E+05  0.000000E+00  0.155780E+05  0.155780E+05  0.155780E+05 -0.528760E+00  0.166244E+05  0.104416E+05  0.275792E+04
  0.141234E-01  0.160274E+05  0.131908E+05  0.174220E+05  0.135647E+05  0.000000E+00  0.155651E+05  0.155651E+05  0.155651E+05 -0.528014E+00  0.166119E+05  0.103809E+05  0.276664E+04
  0.141886E-01  0.160183E+05  0.131582E+05  0.173774E+05  0.134978E+05  0.000000E+00  0.155522E+05  0.155522E+05  0.155522E+05 -0.527263E+00  0.165993E+05  0.103198E+05  0.277533E+04
  0.142540E-01  0.160091E+05  0.131254E+05  0.173324E+05  0.134305E+05  0.000000E+00  0.155391E+05  0.155391E+05  0.155391E+05 -0.526506E+00  0.165865E+05  0.102584E+05  0.278400E+04
  0.143198E-01  0.159998E+05  0.130924E+05  0.172872E+05  0.133629E+05  0.000000E+00  0.155260E+05  0.155260E+05  0.155260E+05 -0.525744E+00  0.165737E+05  0.101965E+05  0.279267E+04
  0.143859E-01  0.159904E+05  0.130591E+05  0.172416E+05  0.132950E+05  0.000000E+00  0.155127E+05  0.155127E+05  0.155127E+05 -0.524976E+00  0.165608E+05  0.101343E+05  0.280131E+04
  0.144523E-01  0.159810E+05  0.130256E+05  0.171956E+05  0.132268E+05  0.000000E+00  0.154994E+05  0.154994E+05  0.154994E+05 -0.524203E+00  0.165477E+05  0.100717E+05  0.280996E+04
  0.145190E-01  0.159715E+05  0.129918E+05  0.171493E+05  0.131582E+05  0.000000E+00  0.154859E+05  0.154859E+05  0.154859E+05 -0.523424E+00  0.165346E+05  0.100087E+05  0.281860E+04
  0.145861E-01  0.159619E+05  0.129578E+05  0.171027E+05  0.130893E+05  0.000000E+00  0.154724E+05  0.154724E+05  0.154724E+05 -0.522640E+00  0.165213E+05  0.994524E+04  0.282721E+04
  0.146534E-01  0.159523E+05  0.129235E+05  0.170558E+05  0.130202E+05  0.000000E+00  0.154587E+05  0.154587E+05  0.154587E+05 -0.521851E+00  0.165079E+05  0.988140E+04  0.283582E+04
  0.147210E-01  0.159425E+05  0.128890E+05  0.170085E+05  0.129507E+05  0.000000E+00  0.154449E+05  0.154449E+05  0.154449E+05 -0.521056E+00  0.164944E+05  0.981722E+04  0.284439E+04
  0.147890E-01  0.159327E+05  0.128542E+05  0.169609E+05  0.128809E+05  0.000000E+00  0.154310E+05  0.154310E+05  0.154310E+05 -0.520255E+00  0.164809E+05  0.975259E+04  0.285296E+04
  0.148572E-01  0.159228E+05  0.128191E+05  0.169129E+05  0.128107E+05  0.000000E+00  0.154171E+05  0.154171E+05  0.154171E+05 -0.519449E+00  0.164672E+05  0.968757E+04  0.286151E+04
  0.149258E-01  0.159129E+05  0.127839E+05  0.168646E+05  0.127403E+05  0.000000E+00  0.154030E+05  0.154030E+05  0.154030E+05 -0.518637E+00  0.164533E+05  0.962218E+04  0.287004E+04
  0.149947E-01  0.159028E+05  0.127483E+05  0.168160E+05  0.126696E+05  0.000000E+00  0.153888E+05  0.153888E+05  0.153888E+05 -0.517819E+00  0.164394E+05  0.955640E+04  0.287854E+04
  0.150639E-01  0.158927E+05  0.127125E+05  0.167670E+05  0.125985E+05  0.000000E+00  0.153744E+05  0.153744E+05  0.153744E+05 -0.516996E+00  0.164254E+05  0.949017E+04  0.288704E+04
  0.151335E-01  0.158825E+05  0.126765E+05  0.167176E+05  0.125272E+05  0.000000E+00  0.153600E+05  0.153600E+05  0.153600E+05 -0.516167E+00  0.164112E+05  0.942356E+04  0.289551E+04
  0.152033E-01  0.158722E+05  0.126401E+05  0.166679E+05  0.124556E+05  0.000000E+00  0.153455E+05  0.153455E+05  0.153455E+05 -0.515332E+00  0.163970E+05  0.935655E+04  0.290397E+04
  0.152735E-01  0.158618E+05  0.126036E+05  0.166179E+05  0.123836E+05  0.000000E+00  0.153308E+05  0.153308E+05  0.153308E+05 -0.514492E+00  0.163826E+05  0.928914E+04  0.291240E+04
  0.153440E-01  0.158514E+05  0.125667E+05  0.165675E+05  0.123114E+05  0.000000E+00  0.153161E+05  0.153161E+05  0.153161E+05 -0.513646E+00  0.163681E+05  0.922134E+04  0.292080E+04
  0.154148E-01  0.158408E+05  0.125297E+05  0.165167E+05  0.122389E+05  0.000000E+00  0.153012E+05  0.153012E+05  0.153012E+05 -0.512794E+00  0.163535E+05  0.915316E+04  0.292917E+04
  0.154860E-01  0.158302E+05  0.124923E+05  0.164656E+05  0.121661E+05  0.000000E+00  0.152862E+05  0.152862E+05  0.152862E+05 -0.511936E+00  0.163388E+05  0.908455E+04  0.293754E+04
  0.155574E-01  0.158195E+05  0.124547E+05  0.164142E+05  0.120930E+05  0.000000E+00  0.152711E+05  0.152711E+05  0.152711E+05 -0.511072E+00  0.163239E+05  0.901557E+04  0.294586E+04
  0.156292E-01  0.158087E+05  0.124168E+05  0.163624E+05  0.120196E+05  0.000000E+00  0.152559E+05  0.152559E+05  0.152559E+05 -0.510203E+00  0.163090E+05  0.894614E+04  0.295418E+04
  0.157014E-01  0.157978E+05  0.123786E+05  0.163102E+05  0.119459E+05  0.000000E+00  0.152406E+05  0.152406E+05  0.152406E+05 -0.509328E+00  0.162939E+05  0.887636E+04  0.296246E+04
  0.157739E-01  0.157868E+05  0.123402E+05  0.162577E+05  0.118720E+05  0.000000E+00  0.152252E+05  0.152252E+05  0.152252E+05 -0.508447E+00  0.162787E+05  0.880615E+04  0.297071E+04
  0.158467E-01  0.157758E+05  0.123016E+05  0.162048E+05  0.117978E+05  0.000000E+00  0.152096E+05  0.152096E+05  0.152096E+05 -0.507560E+00  0.162634E+05  0.873557E+04  0.297893E+04
  0.159198E-01  0.157646E+05  0.122626E+05  0.161515E+05  0.117233E+05  0.000000E+00  0.151939E+05  0.151939E+05  0.151939E+05 -0.506667E+00  0.162479E+05  0.866460E+04  0.298712E+04
  0.159933E-01  0.157534E+05  0.122234E+05  0.160979E+05  0.116485E+05  0.000000E+00  0.151781E+05  0.151781E+05  0.151781E+05 -0.505768E+00  0.162324E+05  0.859321E+04  0.299528E+04
  0.160671E-01  0.157421E+05  0.121839E+05  0.160439E+05  0.115735E+05  0.000000E+00  0.151622E+05  0.151622E+05  0.151622E+05 -0.504863E+00  0.162167E+05  0.852141E+04  0.300342E+04
  0.161413E-01  0.157307E+05  0.121441E+05  0.159896E+05  0.114982E+05  0.000000E+00  0.151462E+05  0.151462E+05  0.151462E+05 -0.503953E+00  0.162009E+05  0.844924E+04  0.301151E+04
  0.162158E-01  0.157192E+05  0.121041E+05  0.159348E+05  0.114227E+05  0.000000E+00  0.151301E+05  0.151301E+05  0.151301E+05 -0.503036E+00  0.161849E+05  0.837665E+04  0.301959E+04
  0.162906E-01  0.157076E+05  0.120638E+05  0.158798E+05  0.113469E+05  0.000000E+00  0.151138E+05  0.151138E+05  0.151138E+05 -0.502113E+00  0.161689E+05  0.830368E+04  0.302762E+04
  0.163658E-01  0.156959E+05  0.120232E+05  0.158243E+05  0.112708E+05  0.000000E+00  0.150974E+05  0.150974E+05  0.150974E+05 -0.501184E+00  0.161527E+05  0.823031E+04  0.303562E+04
  0.164414E-01  0.156842E+05  0.119823E+05  0.157685E+05  0.111945E+05  0.000000E+00  0.150809E+05  0.150809E+05  0.150809E+05 -0.500249E+00  0.161364E+05  0.815656E+04  0.304358E+04
  0.165173E-01  0.156723E+05  0.119412E+05  0.157123E+05  0.111180E+05  0.000000E+00  0.150643E+05  0.150643E+05  0.150643E+05 -0.499309E+00  0.161199E+05  0.808241E+04  0.305151E+04
  0.165935E-01  0.156604E+05  0.118998E+05  0.156557E+05  0.110412E+05  0.000000E+00  0.150475E+05  0.150475E+05  0.150475E+05 -0.498362E+00  0.161033E+05  0.800785E+04  0.305940E+04
  0.166701E-01  0.156483E+05  0.118581E+05  0.155988E+05  0.109642E+05  0.000000E+00  0.150307E+05  0.150307E+05  0.150307E+05 -0.497409E+00  0.160866E+05  0.793291E+04  0.306725E+04
  0.167470E-01  0.156362E+05  0.118161E+05  0.155415E+05  0.108869E+05  0.000000E+00  0.150137E+05  0.150137E+05  0.150137E+05 -0.496450E+00  0.160698E+05  0.785762E+04  0.307505E+04
  0.168243E-01  0.156240E+05  0.117739E+05  0.154838E+05  0.108094E+05  0.000000E+00  0.149966E+05  0.149966E+05  0.149966E+05 -0.495485E+00  0.160529E+05  0.778190E+04  0.308282E+04
  0.169020E-01  0.156117E+05  0.117314E+05  0.154257E+05  0.107317E+05  0.000000E+00  0.149793E+05  0.149793E+05  0.149793E+05 -0.494513E+00  0.160358E+05  0.770580E+04  0.309055E+04
  0.169800E-01  0.155992E+05  0.116885E+05  0.153673E+05  0.106538E+05  0.000000E+00  0.149619E+05  0.149619E+05  0.149619E+05 -0.493536E+00  0.160185E+05  0.762930E+04  0.309824E+04
  0.170584E-01  0.155867E+05  0.116455E+05  0.153085E+05  0.105756E+05  0.000000E+00  0.149445E+05  0.149445E+05  0.149445E+05 -0.492552E+00  0.160012E+05  0.755245E+04  0.310588E+04
  0.171371E-01  0.155741E+05  0.116021E+05  0.152493E+05  0.104973E+05  0.000000E+00  0.149268E+05  0.149268E+05  0.149268E+05 -0.491562E+00  0.159837E+05  0.747520E+04  0.311347E+04
  0.172162E-01  0.155614E+05  0.115584E+05  0.151897E+05  0.104187E+05  0.000000E+00  0.149091E+05  0.149091E+05  0.149091E+05 -0.490566E+00  0.159661E+05  0.739757E+04  0.312102E+04
  0.172957E-01  0.155486E+05  0.115145E+05  0.151297E+05  0.103400E+05  0.000000E+00  0.148912E+05  0.148912E+05  0.148912E+05 -0.489564E+00  0.159483E+05  0.731957E+04  0.312852E+04
  0.173755E-01  0.155357E+05  0.114703E+05  0.150694E+05  0.102610E+05  0.000000E+00  0.148732E+05  0.148732E+05  0.148732E+05 -0.488556E+00  0.159304E+05  0.724119E+04  0.313598E+04
  0.174557E-01  0.155227E+05  0.114257E+05  0.150087E+05  0.101819E+05  0.000000E+00  0.148551E+05  0.148551E+05  0.148551E+05 -0.487541E+00  0.159124E+05  0.716241E+04  0.314339E+04
  0.175363E-01  0.155096E+05  0.113810E+05  0.149475E+05  0.101026E+05  0.000000E+00  0.148368E+05  0.148368E+05  0.148368E+05 -0.486521E+00  0.158942E+05  0.708328E+04  0.315075E+04
  0.176172E-01  0.154964E+05  0.113359E+05  0.148861E+05  0.100231E+05  0.000000E+00  0.148184E+05  0.148184E+05  0.148184E+05 -0.485494E+00  0.158759E+05  0.700377E+04  0.315805E+04
  0.176986E-01  0.154832E+05  0.112905E+05  0.148242E+05  0.994337E+04  0.000000E+00  0.147999E+05  0.147999E+05  0.147999E+05 -0.484461E+00  0.158574E+05  0.692391E+04  0.316530E+04
  0.177803E-01  0.154698E+05  0.112448E+05  0.147619E+05  0.986351E+04  0.000000E+00  0.147813E+05  0.147813E+05  0.147813E+05 -0.483421E+00  0.158388E+05  0.684367E+04  0.317250E+04
  0.178623E-01  0.154563E+05  0.111989E+05  0.146993E+05  0.978349E+04  0.000000E+00  0.147625E+05  0.147625E+05  0.147625E+05 -0.482375E+00  0.158201E+05  0.676306E+04  0.317965E+04
  0.179448E-01  0.154427E+05  0.111527E+05  0.146363E+05  0.970331E+04  0.000000E+00  0.147436E+05  0.147436E+05  0.147436E+05 -0.481324E+00  0.158012E+05  0.668212E+04  0.318673E+04
  0.180276E-01  0.154290E+05  0.111061E+05  0.145728E+05  0.962298E+04  0.000000E+00  0.147245E+05  0.147245E+05  0.147245E+05 -0.480265E+00  0.157822E+05  0.660078E+04  0.319377E+04
  0.181108E-01  0.154152E+05  0.110593E+05  0.145090E+05  0.954250E+04  0.000000E+00  0.147053E+05  0.147053E+05  0.147053E+05 -0.479201E+00  0.157630E+05  0.651910E+04  0.320074E+04
  0.181944E-01  0.154013E+05  0.110122E+05  0.144449E+05  0.946188E+04  0.000000E+00  0.146860E+05  0.146860E+05  0.146860E+05 -0.478130E+00  0.157437E+05  0.643708E+04  0.320765E+04
  0.182784E-01  0.153873E+05  0.109648E+05  0.143803E+05  0.938113E+04  0.000000E+00  0.146666E+05  0.146666E+05  0.146666E+05 -0.477053E+00  0.157243E+05  0.635468E+04  0.321451E+04
  0.183628E-01  0.153731E+05  0.109172E+05  0.143153E+05  0.930024E+04  0.000000E+00  0.146470E+05  0.146470E+05  0.146470E+05 -0.475970E+00  0.157047E+05  0.627195E+04  0.322130E+04
  0.184475E-01  0.153589E+05  0.108692E+05  0.142500E+05  0.921923E+04  0.000000E+00  0.146273E+05  0.146273E+05  0.146273E+05 -0.474880E+00  0.156850E+05  0.618887E+04  0.322803E+04
  0.185327E-01  0.153446E+05  0.108209E+05  0.141842E+05  0.913811E+04  0.000000E+00  0.146074E+05  0.146074E+05  0.146074E+05 -0.473784E+00  0.156651E+05  0.610545E+04  0.323470E+04
  0.186182E-01  0.153302E+05  0.107724E+05  0.141181E+05  0.905687E+04  0.000000E+00  0.145874E+05  0.145874E+05  0.145874E+05 -0.472682E+00  0.156450E+05  0.602171E+04  0.324129E+04
  0.187042E-01  0.153156E+05  0.107235E+05  0.140516E+05  0.897553E+04  0.000000E+00  0.145673E+05  0.145673E+05  0.145673E+05 -0.471574E+00  0.156249E+05  0.593759E+04  0.324784E+04
  0.187905E-01  0.153010E+05  0.106744E+05  0.139847E+05  0.889409E+04  0.000000E+00  0.145470E+05  0.145470E+05  0.145470E+05 -0.470459E+00  0.156045E+05  0.585318E+04  0.325430E+04
  0.188772E-01  0.152863E+05  0.106249E+05  0.139174E+05  0.881257E+04  0.000000E+00  0.145266E+05  0.145266E+05  0.145266E+05 -0.469338E+00  0.155840E+05  0.576842E+04  0.326070E+04
  0.189644E-01  0.152714E+05  0.105752E+05  0.138498E+05  0.873096E+04  0.000000E+00  0.145061E+05  0.145061E+05  0.145061E+05 -0.468211E+00  0.155634E+05  0.568335E+04  0.326703E+04
  0.190519E-01  0.152564E+05  0.105252E+05  0.137817E+05  0.864927E+04  0.000000E+00  0.144854E+05  0.144854E+05  0.144854E+05 -0.467077E+00  0.155426E+05  0.559794E+04  0.327328E+04
  0.191398E-01  0.152414E+05  0.104749E+05  0.137132E+05  0.856751E+04  0.000000E+00  0.144646E+05  0.144646E+05  0.144646E+05 -0.465937E+00  0.155217E+05  0.551224E+04  0.327947E+04
  0.192282E-01  0.152262E+05  0.104243E+05  0.136444E+05  0.848569E+04  0.000000E+00  0.144436E+05  0.144436E+05  0.144436E+05 -0.464791E+00  0.155006E+05  0.542622E+04  0.328557E+04
  0.193169E-01  0.152109E+05  0.103734E+05  0.135752E+05  0.840381E+04  0.000000E+00  0.144225E+05  0.144225E+05  0.144225E+05 -0.463638E+00  0.154794E+05  0.533990E+04  0.329160E+04
  0.194061E-01  0.151955E+05  0.103222E+05  0.135056E+05  0.832189E+04  0.000000E+00  0.144013E+05  0.144013E+05  0.144013E+05 -0.462480E+00  0.154580E+05  0.525326E+04  0.329756E+04
  0.194957E-01  0.151800E+05  0.102707E+05  0.134356E+05  0.823993E+04  0.000000E+00  0.143799E+05  0.143799E+05  0.143799E+05 -0.461315E+00  0.154364E+05  0.516634E+04  0.330344E+04
  0.195857E-01  0.151643E+05  0.102190E+05  0.133652E+05  0.815793E+04  0.000000E+00  0.143584E+05  0.143584E+05  0.143584E+05 -0.460143E+00  0.154147E+05  0.507909E+04  0.330924E+04
  0.196761E-01  0.151486E+05  0.101669E+05  0.132944E+05  0.807591E+04  0.000000E+00  0.143367E+05  0.143367E+05  0.143367E+05 -0.458966E+00  0.153928E+05  0.499160E+04  0.331495E+04
  0.197669E-01  0.151327E+05  0.101146E+05  0.132233E+05  0.799387E+04  0.000000E+00  0.143149E+05  0.143149E+05  0.143149E+05 -0.457782E+00  0.153708E+05  0.490380E+04  0.332059E+04
  0.198581E-01  0.151168E+05  0.100619E+05  0.131518E+05  0.791182E+04  0.000000E+00  0.142930E+05  0.142930E+05  0.142930E+05 -0.456592E+00  0.153486E+05  0.481573E+04  0.332614E+04
  0.199498E-01  0.151007E+05  0.100090E+05  0.130798E+05  0.782977E+04  0.000000E+00  0.142709E+05  0.142709E+05  0.142709E+05 -0.455396E+00  0.153263E+05  0.472738E+04  0.333161E+04
  0.200419E-01  0.150845E+05  0.995575E+04  0.130075E+05  0.774773E+04  0.000000E+00  0.142487E+05  0.142487E+05  0.142487E+05 -0.454193E+00  0.153038E+05  0.463876E+04  0.333699E+04
  0.201344E-01  0.150682E+05  0.990224E+04  0.129348E+05  0.766570E+04  0.000000E+00  0.142263E+05  0.142263E+05  0.142263E+05 -0.452985E+00  0.152811E+05  0.454987E+04  0.334228E+04
  0.202273E-01  0.150517E+05  0.984844E+04  0.128618E+05  0.758369E+04  0.000000E+00  0.142038E+05  0.142038E+05  0.142038E+05 -0.451770E+00  0.152583E+05  0.446075E+04  0.334748E+04
  0.203207E-01  0.150352E+05  0.979434E+04  0.127883E+05  0.750172E+04  0.000000E+00  0.141811E+05  0.141811E+05  0.141811E+05 -0.450548E+00  0.152353E+05  0.437134E+04  0.335260E+04
  0.204145E-01  0.150185E+05  0.973996E+04  0.127145E+05  0.741978E+04  0.000000E+00  0.141583E+05  0.141583E+05  0.141583E+05 -0.449321E+00  0.152122E+05  0.428171E+04  0.335762E+04
  0.205087E-01  0.150017E+05  0.968529E+04  0.126403E+05  0.733790E+04  0.000000E+00  0.141354E+05  0.141354E+05  0.141354E+05 -0.448088E+00  0.151889E+05  0.419186E+04  0.336254E+04
  0.206034E-01  0.149849E+05  0.963034E+04  0.125657E+05  0.725607E+04  0.000000E+00  0.141123E+05  0.141123E+05  0.141123E+05 -0.446848E+00  0.151654E+05  0.410173E+04  0.336738E+04
  0.206985E-01  0.149678E+05  0.957509E+04  0.124908E+05  0.717430E+04  0.000000E+00  0.140890E+05  0.140890E+05  0.140890E+05 -0.445603E+00  0.151418E+05  0.401142E+04  0.337211E+04
  0.207940E-01  0.149507E+05  0.951956E+04  0.124154E+05  0.709261E+04  0.000000E+00  0.140656E+05  0.140656E+05  0.140656E+05 -0.444351E+00  0.151180E+05  0.392085E+04  0.337675E+04
  0.208900E-01  0.149335E+05  0.946375E+04  0.123398E+05  0.701101E+04  0.000000E+00  0.140421E+05  0.140421E+05  0.140421E+05 -0.443093E+00  0.150940E+05  0.383011E+04  0.338129E+04
  0.209864E-01  0.149161E+05  0.940766E+04  0.122637E+05  0.692949E+04  0.000000E+00  0.140184E+05  0.140184E+05  0.140184E+05 -0.441829E+00  0.150699E+05  0.373915E+04  0.338572E+04
  0.210833E-01  0.148986E+05  0.935128E+04  0.121872E+05  0.684808E+04  0.000000E+00  0.139946E+05  0.139946E+05  0.139946E+05 -0.440559E+00  0.150456E+05  0.364798E+04  0.339006E+04
  0.211806E-01  0.148810E+05  0.929461E+04  0.121104E+05  0.676678E+04  0.000000E+00  0.139706E+05  0.139706E+05  0.139706E+05 -0.439283E+00  0.150211E+05  0.355659E+04  0.339429E+04
  0.212784E-01  0.148632E+05  0.923767E+04  0.120333E+05  0.668560E+04  0.000000E+00  0.139465E+05  0.139465E+05  0.139465E+05 -0.438001E+00  0.149965E+05  0.346507E+04  0.339841E+04
  0.213766E-01  0.148454E+05  0.918044E+04  0.119557E+05  0.660454E+04  0.000000E+00  0.139222E+05  0.139222E+05  0.139222E+05 -0.436713E+00  0.149717E+05  0.337334E+04  0.340243E+04
  0.214753E-01  0.148274E+05  0.912295E+04  0.118778E+05  0.652363E+04  0.000000E+00  0.138978E+05  0.138978E+05  0.138978E+05 -0.435419E+00  0.149467E+05  0.328147E+04  0.340634E+04
  0.215744E-01  0.148093E+05  0.906516E+04  0.117995E+05  0.644286E+04  0.000000E+00  0.138732E+05  0.138732E+05  0.138732E+05 -0.434119E+00  0.149216E+05  0.318941E+04  0.341014E+04
  0.216740E-01  0.147911E+05  0.900711E+04  0.117209E+05  0.636225E+04  0.000000E+00  0.138485E+05  0.138485E+05  0.138485E+05 -0.432813E+00  0.148963E+05  0.309720E+04  0.341382E+04
  0.217740E-01  0.147727E+05  0.894877E+04  0.116419E+05  0.628181E+04  0.000000E+00  0.138236E+05  0.138236E+05  0.138236E+05 -0.431502E+00  0.148708E+05  0.300486E+04  0.341740E+04
  0.218745E-01  0.147543E+05  0.889017E+04  0.115626E+05  0.620154E+04  0.000000E+00  0.137986E+05  0.137986E+05  0.137986E+05 -0.430184E+00  0.148452E+05  0.291237E+04  0.342086E+04
  0.219755E-01  0.147357E+05  0.883129E+04  0.114829E+05  0.612146E+04  0.000000E+00  0.137735E+05  0.137735E+05  0.137735E+05 -0.428861E+00  0.148194E+05  0.281974E+04  0.342420E+04
  0.220769E-01  0.147169E+05  0.877214E+04  0.114029E+05  0.604158E+04  0.000000E+00  0.137482E+05  0.137482E+05  0.137482E+05 -0.427532E+00  0.147934E+05  0.272700E+04  0.342743E+04
  0.221788E-01  0.146981E+05  0.871272E+04  0.113225E+05  0.596190E+04  0.000000E+00  0.137227E+05  0.137227E+05  0.137227E+05 -0.426197E+00  0.147672E+05  0.263417E+04  0.343053E+04
  0.222812E-01  0.146791E+05  0.865303E+04  0.112418E+05  0.588244E+04  0.000000E+00  0.136971E+05  0.136971E+05  0.136971E+05 -0.424856E+00  0.147409E+05  0.254122E+04  0.343352E+04
  0.223841E-01  0.146600E+05  0.859308E+04  0.111607E+05  0.580321E+04  0.000000E+00  0.136713E+05  0.136713E+05  0.136713E+05 -0.423510E+00  0.147144E+05  0.244818E+04  0.343638E+04
  0.224874E-01  0.146408E+05  0.853286E+04  0.110793E+05  0.572421E+04  0.000000E+00  0.136454E+05  0.136454E+05  0.136454E+05 -0.422158E+00  0.146877E+05  0.235505E+04  0.343912E+04
  0.225912E-01  0.146214E+05  0.847238E+04  0.109975E+05  0.564546E+04  0.000000E+00  0.136194E+05  0.136194E+05  0.136194E+05 -0.420800E+00  0.146608E+05  0.226184E+04  0.344173E+04
  0.226955E-01  0.146020E+05  0.841164E+04  0.109154E+05  0.556696E+04  0.000000E+00  0.135932E+05  0.135932E+05  0.135932E+05 -0.419437E+00  0.146338E+05  0.216859E+04  0.344421E+04
  0.228002E-01  0.145824E+05  0.835064E+04  0.108330E+05  0.548873E+04  0.000000E+00  0.135668E+05  0.135668E+05  0.135668E+05 -0.418069E+00  0.146066E+05  0.207529E+04  0.344657E+04
  0.229055E-01  0.145626E+05  0.828939E+04  0.107503E+05  0.541078E+04  0.000000E+00  0.135403E+05  0.135403E+05  0.135403E+05 -0.416694E+00  0.145792E+05  0.198192E+04  0.344879E+04
  0.230112E-01  0.145427E+05  0.822787E+04  0.106672E+05  0.533312E+04  0.000000E+00  0.135137E+05  0.135137E+05  0.135137E+05 -0.415315E+00  0.145516E+05  0.188853E+04  0.345089E+04
  0.231175E-01  0.145228E+05  0.816611E+04  0.105838E+05  0.525575E+04  0.000000E+00  0.134869E+05  0.134869E+05  0.134869E+05 -0.413930E+00  0.145239E+05  0.179512E+04  0.345284E+04
  0.232242E-01  0.145026E+05  0.810410E+04  0.105001E+05  0.517869E+04  0.000000E+00  0.134599E+05  0.134599E+05  0.134599E+05 -0.412539E+00  0.144960E+05  0.170171E+04  0.345466E+04
  0.233314E-01  0.144824E+05  0.804184E+04  0.104161E+05  0.510195E+04  0.000000E+00  0.134328E+05  0.134328E+05  0.134328E+05 -0.411143E+00  0.144679E+05  0.160827E+04  0.345635E+04
  0.234391E-01  0.144620E+05  0.797934E+04  0.103318E+05  0.502553E+04  0.000000E+00  0.134056E+05  0.134056E+05  0.134056E+05 -0.409742E+00  0.144396E+05  0.151486E+04  0.345789E+04
  0.235473E-01  0.144415E+05  0.791659E+04  0.102471E+05  0.494945E+04  0.000000E+00  0.133782E+05  0.133782E+05  0.133782E+05 -0.408336E+00  0.144111E+05  0.142147E+04  0.345930E+04
  0.236560E-01  0.144208E+05  0.785360E+04  0.101622E+05  0.487373E+04  0.000000E+00  0.133506E+05  0.133506E+05  0.133506E+05 -0.406925E+00  0.143825E+05  0.132811E+04  0.346056E+04
  0.237652E-01  0.144000E+05  0.779037E+04  0.100769E+05  0.479836E+04  0.000000E+00  0.133229E+05  0.133229E+05  0.133229E+05 -0.405508E+00  0.143537E+05  0.123480E+04  0.346168E+04
  0.238749E-01  0.143791E+05  0.772691E+04  0.999141E+04  0.472336E+04  0.000000E+00  0.132951E+05  0.132951E+05  0.132951E+05 -0.404086E+00  0.143247E+05  0.114154E+04  0.346265E+04
  0.239851E-01  0.143581E+05  0.766321E+04  0.990558E+04  0.464874E+04  0.000000E+00  0.132671E+05  0.132671E+05  0.132671E+05 -0.402659E+00  0.142955E+05  0.104835E+04  0.346348E+04
  0.240959E-01  0.143369E+05  0.759928E+04  0.981946E+04  0.457452E+04  0.000000E+00  0.132389E+05  0.132389E+05  0.132389E+05 -0.401228E+00  0.142662E+05  0.955243E+03  0.346416E+04
  0.242071E-01  0.143156E+05  0.753513E+04  0.973306E+04  0.450069E+04  0.000000E+00  0.132106E+05  0.132106E+05  0.132106E+05 -0.399791E+00  0.142367E+05  0.862227E+03  0.346468E+04
  0.243189E-01  0.142942E+05  0.747075E+04  0.964638E+04  0.442727E+04  0.000000E+00  0.131822E+05  0.131822E+05  0.131822E+05 -0.398349E+00  0.142070E+05  0.769323E+03  0.346506E+04
  0.244312E-01  0.142726E+05  0.740616E+04  0.955943E+04  0.435428E+04  0.000000E+00  0.131536E+05  0.131536E+05  0.131536E+05 -0.396903E+00  0.141771E+05  0.676543E+03  0.346528E+04
  0.245440E-01  0.142509E+05  0.734134E+04  0.947220E+04  0.428172E+04  0.000000E+00  0.131249E+05  0.131249E+05  0.131249E+05 -0.395452E+00  0.141470E+05  0.583874E+03  0.346534E+04
  0.246573E-01  0.142290E+05  0.727631E+04  0.938471E+04  0.420960E+04  0.000000E+00  0.130960E+05  0.130960E+05  0.130960E+05 -0.393996E+00  0.141168E+05  0.491352E+03  0.346525E+04
  0.247711E-01  0.142070E+05  0.721107E+04  0.929697E+04  0.413793E+04  0.000000E+00  0.130670E+05  0.130670E+05  0.130670E+05 -0.392535E+00  0.140863E+05  0.399016E+03  0.346500E+04
  0.248855E-01  0.141849E+05  0.714562E+04  0.920896E+04  0.406673E+04  0.000000E+00  0.130378E+05  0.130378E+05  0.130378E+05 -0.391070E+00  0.140557E+05  0.306823E+03  0.346459E+04
  0.250004E-01  0.141627E+05  0.707997E+04  0.912071E+04  0.399599E+04  0.000000E+00  0.130085E+05  0.130085E+05  0.130085E+05 -0.389600E+00  0.140249E+05  0.214833E+03  0.346401E+04
  0.251159E-01  0.141403E+05  0.701412E+04  0.903221E+04  0.392574E+04  0.000000E+00  0.129790E+05  0.129790E+05  0.129790E+05 -0.388126E+00  0.139939E+05  0.123035E+03  0.346328E+04
  0.252318E-01  0.141178E+05  0.694807E+04  0.894348E+04  0.385599E+04  0.000000E+00  0.129494E+05  0.129494E+05  0.129494E+05 -0.386647E+00  0.139628E+05  0.314621E+02  0.346237E+04
  0.253484E-01  0.140951E+05  0.688182E+04  0.885450E+04  0.378674E+04  0.000000E+00  0.129196E+05  0.129196E+05  0.129196E+05 -0.385164E+00  0.139314E+05 -0.598990E+02  0.346131E+04
  0.254654E-01  0.140723E+05  0.681539E+04  0.876531E+04  0.371800E+04  0.000000E+00  0.128897E+05  0.128897E+05  0.128897E+05 -0.383677E+00  0.138999E+05 -0.150996E+03  0.346006E+04
  0.255830E-01  0.140494E+05  0.674876E+04  0.867588E+04  0.364978E+04  0.000000E+00  0.128596E+05  0.128596E+05  0.128596E+05 -0.382186E+00  0.138682E+05 -0.241857E+03  0.345866E+04
  0.257012E-01  0.140263E+05  0.668197E+04  0.858625E+04  0.358210E+04  0.000000E+00  0.128295E+05  0.128295E+05  0.128295E+05 -0.380690E+00  0.138363E+05 -0.332417E+03  0.345707E+04
  0.258199E-01  0.140031E+05  0.661498E+04  0.849640E+04  0.351495E+04  0.000000E+00  0.127991E+05  0.127991E+05  0.127991E+05 -0.379190E+00  0.138042E+05 -0.422711E+03  0.345532E+04
  0.259391E-01  0.139798E+05  0.654783E+04  0.840634E+04  0.344836E+04  0.000000E+00  0.127686E+05  0.127686E+05  0.127686E+05 -0.377687E+00  0.137720E+05 -0.512699E+03  0.345339E+04
  0.260590E-01  0.139563E+05  0.648050E+04  0.831608E+04  0.338234E+04  0.000000E+00  0.127380E+05  0.127380E+05  0.127380E+05 -0.376179E+00  0.137395E+05 -0.602369E+03  0.345128E+04
  0.261793E-01  0.139327E+05  0.641301E+04  0.822564E+04  0.331688E+04  0.000000E+00  0.127072E+05  0.127072E+05  0.127072E+05 -0.374668E+00  0.137069E+05 -0.691693E+03  0.344899E+04
  0.263003E-01  0.139089E+05  0.634536E+04  0.813500E+04  0.325200E+04  0.000000E+00  0.126763E+05  0.126763E+05  0.126763E+05 -0.373152E+00  0.136741E+05 -0.780675E+03  0.344653E+04
  0.264218E-01  0.138850E+05  0.627756E+04  0.804419E+04  0.318772E+04  0.000000E+00  0.126453E+05  0.126453E+05  0.126453E+05 -0.371633E+00  0.136411E+05 -0.869281E+03  0.344388E+04
  0.265439E-01  0.138610E+05  0.620959E+04  0.795320E+04  0.312403E+04  0.000000E+00  0.126141E+05  0.126141E+05  0.126141E+05 -0.370111E+00  0.136079E+05 -0.957509E+03  0.344105E+04
  0.266665E-01  0.138368E+05  0.614149E+04  0.786205E+04  0.306095E+04  0.000000E+00  0.125827E+05  0.125827E+05  0.125827E+05 -0.368584E+00  0.135746E+05 -0.104535E+04  0.343803E+04
  0.267898E-01  0.138125E+05  0.607324E+04  0.777073E+04  0.299848E+04  0.000000E+00  0.125513E+05  0.125513E+05  0.125513E+05 -0.367055E+00  0.135411E+05 -0.113275E+04  0.343483E+04
  0.269136E-01  0.137880E+05  0.600485E+04  0.767926E+04  0.293664E+04  0.000000E+00  0.125196E+05  0.125196E+05  0.125196E+05 -0.365522E+00  0.135073E+05 -0.121973E+04  0.343144E+04
  0.270379E-01  0.137634E+05  0.593633E+04  0.758765E+04  0.287544E+04  0.000000E+00  0.124879E+05  0.124879E+05  0.124879E+05 -0.363985E+00  0.134734E+05 -0.130626E+04  0.342785E+04
  0.271629E-01  0.137387E+05  0.586768E+04  0.749590E+04  0.281488E+04  0.000000E+00  0.124560E+05  0.124560E+05  0.124560E+05 -0.362445E+00  0.134393E+05 -0.139232E+04  0.342408E+04
  0.272885E-01  0.137138E+05  0.579890E+04  0.740401E+04  0.275497E+04  0.000000E+00  0.124240E+05  0.124240E+05  0.124240E+05 -0.360902E+00  0.134051E+05 -0.147789E+04  0.342012E+04
  0.274146E-01  0.136888E+05  0.573001E+04  0.731201E+04  0.269571E+04  0.000000E+00  0.123918E+05  0.123918E+05  0.123918E+05 -0.359356E+00  0.133706E+05 -0.156296E+04  0.341596E+04
  0.275414E-01  0.136636E+05  0.566101E+04  0.721988E+04  0.263712E+04  0.000000E+00  0.123595E+05  0.123595E+05  0.123595E+05 -0.357807E+00  0.133360E+05 -0.164751E+04  0.341160E+04
  0.276688E-01  0.136383E+05  0.559190E+04  0.712764E+04  0.257921E+04  0.000000E+00  0.123270E+05  0.123270E+05  0.123270E+05 -0.356255E+00  0.133012E+05 -0.173152E+04  0.340704E+04
  0.277967E-01  0.136129E+05  0.552268E+04  0.703530E+04  0.252198E+04  0.000000E+00  0.122945E+05  0.122945E+05  0.122945E+05 -0.354701E+00  0.132662E+05 -0.181497E+04  0.340229E+04
  0.279253E-01  0.135873E+05  0.545337E+04  0.694287E+04  0.246544E+04  0.000000E+00  0.122618E+05  0.122618E+05  0.122618E+05 -0.353143E+00  0.132310E+05 -0.189786E+04  0.339734E+04
  0.280545E-01  0.135616E+05  0.538397E+04  0.685036E+04  0.240960E+04  0.000000E+00  0.122289E+05  0.122289E+05  0.122289E+05 -0.351583E+00  0.131956E+05 -0.198013E+04  0.339218E+04
  0.281843E-01  0.135357E+05  0.531448E+04  0.675776E+04  0.235445E+04  0.000000E+00  0.121959E+05  0.121959E+05  0.121959E+05 -0.350020E+00  0.131601E+05 -0.206181E+04  0.338682E+04
  0.283147E-01  0.135097E+05  0.524490E+04  0.666509E+04  0.230002E+04  0.000000E+00  0.121628E+05  0.121628E+05  0.121628E+05 -0.348454E+00  0.131244E+05 -0.214288E+04  0.338126E+04
  0.284458E-01  0.134835E+05  0.517526E+04  0.657236E+04  0.224631E+04  0.000000E+00  0.121296E+05  0.121296E+05  0.121296E+05 -0.346887E+00  0.130885E+05 -0.222323E+04  0.337548E+04
  0.285775E-01  0.134572E+05  0.510555E+04  0.647958E+04  0.219332E+04  0.000000E+00  0.120962E+05  0.120962E+05  0.120962E+05 -0.345316E+00  0.130524E+05 -0.230296E+04  0.336951E+04
  0.287098E-01  0.134308E+05  0.503577E+04  0.638675E+04  0.214106E+04  0.000000E+00  0.120627E+05  0.120627E+05  0.120627E+05 -0.343744E+00  0.130161E+05 -0.238200E+04  0.336332E+04
  0.288427E-01  0.134042E+05  0.496594E+04  0.629389E+04  0.208953E+04  0.000000E+00  0.120291E+05  0.120291E+05  0.120291E+05 -0.342169E+00  0.129796E+05 -0.246036E+04  0.335693E+04
  0.289763E-01  0.133775E+05  0.489605E+04  0.620100E+04  0.203875E+04  0.000000E+00  0.119953E+05  0.119953E+05  0.119953E+05 -0.340593E+00  0.129430E+05 -0.253792E+04  0.335031E+04
  0.291106E-01  0.133506E+05  0.482613E+04  0.610809E+04  0.198871E+04  0.000000E+00  0.119614E+05  0.119614E+05  0.119614E+05 -0.339014E+00  0.129062E+05 -0.261478E+04  0.334348E+04
  0.292455E-01  0.133236E+05  0.475616E+04  0.601516E+04  0.193942E+04  0.000000E+00  0.119274E+05  0.119274E+05  0.119274E+05 -0.337433E+00  0.128692E+05 -0.269083E+04  0.333644E+04
  0.293810E-01  0.132964E+05  0.468616E+04  0.592224E+04  0.189090E+04  0.000000E+00  0.118932E+05  0.118932E+05  0.118932E+05 -0.335851E+00  0.128320E+05 -0.276615E+04  0.332918E+04
  0.295173E-01  0.132691E+05  0.461614E+04  0.582933E+04  0.184313E+04  0.000000E+00  0.118590E+05  0.118590E+05  0.118590E+05 -0.334267E+00  0.127947E+05 -0.284063E+04  0.332171E+04
  0.296542E-01  0.132416E+05  0.454610E+04  0.573643E+04  0.179613E+04  0.000000E+00  0.118246E+05  0.118246E+05  0.118246E+05 -0.332681E+00  0.127571E+05 -0.291430E+04  0.331401E+04
  0.297917E-01  0.132140E+05  0.447604E+04  0.564356E+04  0.174989E+04  0.000000E+00  0.117901E+05  0.117901E+05  0.117901E+05 -0.331094E+00  0.127194E+05 -0.298711E+04  0.330610E+04
  0.299300E-01  0.131863E+05  0.440598E+04  0.555073E+04  0.170444E+04  0.000000E+00  0.117554E+05  0.117554E+05  0.117554E+05 -0.329505E+00  0.126815E+05 -0.305904E+04  0.329796E+04
  0.300689E-01  0.131584E+05  0.433591E+04  0.545793E+04  0.165976E+04  0.000000E+00  0.117206E+05  0.117206E+05  0.117206E+05 -0.327915E+00  0.126435E+05 -0.313012E+04  0.328960E+04
  0.302085E-01  0.131303E+05  0.426586E+04  0.536520E+04  0.161586E+04  0.000000E+00  0.116858E+05  0.116858E+05  0.116858E+05 -0.326323E+00  0.126052E+05 -0.320023E+04  0.328101E+04
  0.303489E-01  0.131021E+05  0.419582E+04  0.527253E+04  0.157274E+04  0.000000E+00  0.116507E+05  0.116507E+05  0.116507E+05 -0.324731E+00  0.125668E+05 -0.326943E+04  0.327220E+04
  0.304899E-01  0.130738E+05  0.412581E+04  0.517993E+04  0.153041E+04  0.000000E+00  0.116156E+05  0.116156E+05  0.116156E+05 -0.323137E+00  0.125282E+05 -0.333767E+04  0.326316E+04
  0.306317E-01  0.130453E+05  0.405582E+04  0.508742E+04  0.148888E+04  0.000000E+00  0.115804E+05  0.115804E+05  0.115804E+05 -0.321542E+00  0.124894E+05 -0.340495E+04  0.325389E+04
  0.307741E-01  0.130167E+05  0.398586E+04  0.499500E+04  0.144813E+04  0.000000E+00  0.115450E+05  0.115450E+05  0.115450E+05 -0.319946E+00  0.124504E+05 -0.347123E+04  0.324439E+04
  0.309173E-01  0.129879E+05  0.391595E+04  0.490269E+04  0.140817E+04  0.000000E+00  0.115095E+05  0.115095E+05  0.115095E+05 -0.318350E+00  0.124113E+05 -0.353647E+04  0.323466E+04
  0.310612E-01  0.129590E+05  0.384609E+04  0.481049E+04  0.136902E+04  0.000000E+00  0.114739E+05  0.114739E+05  0.114739E+05 -0.316753E+00  0.123719E+05 -0.360070E+04  0.322470E+04
  0.312059E-01  0.129299E+05  0.377628E+04  0.471841E+04  0.133065E+04  0.000000E+00  0.114382E+05  0.114382E+05  0.114382E+05 -0.315155E+00  0.123324E+05 -0.366385E+04  0.321450E+04
  0.313513E-01  0.129006E+05  0.370654E+04  0.462647E+04  0.129309E+04  0.000000E+00  0.114023E+05  0.114023E+05  0.114023E+05 -0.313556E+00  0.122928E+05 -0.372592E+04  0.320407E+04
  0.314975E-01  0.128713E+05  0.363687E+04  0.453468E+04  0.125632E+04  0.000000E+00  0.113664E+05  0.113664E+05  0.113664E+05 -0.311957E+00  0.122529E+05 -0.378687E+04  0.319340E+04
  0.316444E-01  0.128417E+05  0.356728E+04  0.444304E+04  0.122035E+04  0.000000E+00  0.113303E+05  0.113303E+05  0.113303E+05 -0.310358E+00  0.122129E+05 -0.384668E+04  0.318250E+04
  0.317921E-01  0.128120E+05  0.349778E+04  0.435156E+04  0.118518E+04  0.000000E+00  0.112942E+05  0.112942E+05  0.112942E+05 -0.308758E+00  0.121727E+05 -0.390535E+04  0.317135E+04
  0.319406E-01  0.127822E+05  0.342837E+04  0.426027E+04  0.115080E+04  0.000000E+00  0.112579E+05  0.112579E+05  0.112579E+05 -0.307158E+00  0.121323E+05 -0.396284E+04  0.315997E+04
  0.320899E-01  0.127522E+05  0.335907E+04  0.416916E+04  0.111722E+04  0.000000E+00  0.112215E+05  0.112215E+05  0.112215E+05 -0.305558E+00  0.120917E+05 -0.401915E+04  0.314834E+04
  0.322399E-01  0.127220E+05  0.328987E+04  0.407826E+04  0.108444E+04  0.000000E+00  0.111849E+05  0.111849E+05  0.111849E+05 -0.303958E+00  0.120510E+05 -0.407424E+04  0.313648E+04
  0.323908E-01  0.126917E+05  0.322079E+04  0.398756E+04  0.105245E+04  0.000000E+00  0.111483E+05  0.111483E+05  0.111483E+05 -0.302358E+00  0.120101E+05 -0.412808E+04  0.312437E+04
  0.325425E-01  0.126613E+05  0.315184E+04  0.389708E+04  0.102126E+04  0.000000E+00  0.111116E+05  0.111116E+05  0.111116E+05 -0.300758E+00  0.119690E+05 -0.418063E+04  0.311201E+04
  0.326950E-01  0.126306E+05  0.308302E+04  0.380684E+04  0.990854E+03  0.000000E+00  0.110747E+05  0.110747E+05  0.110747E+05 -0.299158E+00  0.119277E+05 -0.423187E+04  0.309941E+04
  0.328484E-01  0.125999E+05  0.301435E+04  0.371684E+04  0.961237E+03  0.000000E+00  0.110378E+05  0.110378E+05  0.110378E+05 -0.297559E+00  0.118862E+05 -0.428181E+04  0.308656E+04
  0.330026E-01  0.125689E+05  0.294582E+04  0.362710E+04  0.932406E+03  0.000000E+00  0.110007E+05  0.110007E+05  0.110007E+05 -0.295960E+00  0.118446E+05 -0.433045E+04  0.307347E+04
  0.331577E-01  0.125378E+05  0.287745E+04  0.353762E+04  0.904357E+03  0.000000E+00  0.109635E+05  0.109635E+05  0.109635E+05 -0.294361E+00  0.118028E+05 -0.437772E+04  0.306013E+04
  0.333136E-01  0.125066E+05  0.280925E+04  0.344843E+04  0.877087E+03  0.000000E+00  0.109263E+05  0.109263E+05  0.109263E+05 -0.292763E+00  0.117608E+05 -0.442358E+04  0.304653E+04
  0.334704E-01  0.124751E+05  0.274123E+04  0.335953E+04  0.850591E+03  0.000000E+00  0.108889E+05  0.108889E+05  0.108889E+05 -0.291166E+00  0.117187E+05 -0.446801E+04  0.303269E+04
  0.336281E-01  0.124436E+05  0.267340E+04  0.327092E+04  0.824866E+03  0.000000E+00  0.108514E+05  0.108514E+05  0.108514E+05 -0.289569E+00  0.116763E+05 -0.451102E+04  0.301859E+04
  0.337868E-01  0.124118E+05  0.260575E+04  0.318264E+04  0.799907E+03  0.000000E+00  0.108138E+05  0.108138E+05  0.108138E+05 -0.287973E+00  0.116338E+05 -0.455256E+04  0.300424E+04
  0.339463E-01  0.123799E+05  0.253831E+04  0.309468E+04  0.775709E+03  0.000000E+00  0.107761E+05  0.107761E+05  0.107761E+05 -0.286378E+00  0.115911E+05 -0.459262E+04  0.298963E+04
  0.341068E-01  0.123478E+05  0.247108E+04  0.300706E+04  0.752267E+03  0.000000E+00  0.107383E+05  0.107383E+05  0.107383E+05 -0.284784E+00  0.115482E+05 -0.463116E+04  0.297477E+04
  0.342682E-01  0.123156E+05  0.240407E+04  0.291980E+04  0.729574E+03  0.000000E+00  0.107004E+05  0.107004E+05  0.107004E+05 -0.283191E+00  0.115052E+05 -0.466817E+04  0.295965E+04
  0.344306E-01  0.122832E+05  0.233728E+04  0.283289E+04  0.707626E+03  0.000000E+00  0.106624E+05  0.106624E+05  0.106624E+05 -0.281599E+00  0.114620E+05 -0.470362E+04  0.294427E+04
  0.345939E-01  0.122506E+05  0.227074E+04  0.274637E+04  0.686415E+03  0.000000E+00  0.106242E+05  0.106242E+05  0.106242E+05 -0.280008E+00  0.114186E+05 -0.473746E+04  0.292863E+04
  0.347583E-01  0.122178E+05  0.220444E+04  0.266023E+04  0.665936E+03  0.000000E+00  0.105860E+05  0.105860E+05  0.105860E+05 -0.278419E+00  0.113750E+05 -0.476971E+04  0.291274E+04
  0.349237E-01  0.121849E+05  0.213840E+04  0.257450E+04  0.646179E+03  0.000000E+00  0.105477E+05  0.105477E+05  0.105477E+05 -0.276830E+00  0.113312E+05 -0.480029E+04  0.289658E+04
  0.350900E-01  0.121518E+05  0.207263E+04  0.248919E+04  0.627139E+03  0.000000E+00  0.105093E+05  0.105093E+05  0.105093E+05 -0.275243E+00  0.112872E+05 -0.482922E+04  0.288016E+04
  0.352575E-01  0.121185E+05  0.200713E+04  0.240431E+04  0.608806E+03  0.000000E+00  0.104707E+05  0.104707E+05  0.104707E+05 -0.273658E+00  0.112431E+05 -0.485645E+04  0.286348E+04
  0.354260E-01  0.120851E+05  0.194191E+04  0.231986E+04  0.591174E+03  0.000000E+00  0.104321E+05  0.104321E+05  0.104321E+05 -0.272074E+00  0.111988E+05 -0.488197E+04  0.284653E+04
  0.355955E-01  0.120514E+05  0.187700E+04  0.223588E+04  0.574232E+03  0.000000E+00  0.103934E+05  0.103934E+05  0.103934E+05 -0.270492E+00  0.111543E+05 -0.490573E+04  0.282932E+04
  0.357662E-01  0.120176E+05  0.181239E+04  0.215238E+04  0.557973E+03  0.000000E+00  0.103545E+05  0.103545E+05  0.103545E+05 -0.268911E+00  0.111096E+05 -0.492771E+04  0.281184E+04
  0.359379E-01  0.119836E+05  0.174810E+04  0.206935E+04  0.542386E+03  0.000000E+00  0.103156E+05  0.103156E+05  0.103156E+05 -0.267333E+00  0.110648E+05 -0.494790E+04  0.279409E+04
  0.361108E-01  0.119494E+05  0.168414E+04  0.198683E+04  0.527462E+03  0.000000E+00  0.102766E+05  0.102766E+05  0.102766E+05 -0.265756E+00  0.110197E+05 -0.496621E+04  0.277607E+04
  0.362849E-01  0.119151E+05  0.162051E+04  0.190481E+04  0.513190E+03  0.000000E+00  0.102374E+05  0.102374E+05  0.102374E+05 -0.264180E+00  0.109745E+05 -0.498273E+04  0.275779E+04
  0.364601E-01  0.118805E+05  0.155722E+04  0.182332E+04  0.499560E+03  0.000000E+00  0.101982E+05  0.101982E+05  0.101982E+05 -0.262607E+00  0.109290E+05 -0.499734E+04  0.273924E+04
  0.366366E-01  0.118457E+05  0.149430E+04  0.174239E+04  0.486562E+03  0.000000E+00  0.101588E+05  0.101588E+05  0.101588E+05 -0.261036E+00  0.108834E+05 -0.501002E+04  0.272041E+04
  0.368142E-01  0.118108E+05  0.143177E+04  0.166202E+04  0.474182E+03  0.000000E+00  0.101194E+05  0.101194E+05  0.101194E+05 -0.259467E+00  0.108376E+05 -0.502072E+04  0.270130E+04
  0.369931E-01  0.117757E+05  0.136958E+04  0.158220E+04  0.462412E+03  0.000000E+00  0.100799E+05  0.100799E+05  0.100799E+05 -0.257900E+00  0.107916E+05 -0.502954E+04  0.268193E+04
  0.371733E-01  0.117403E+05  0.130781E+04  0.150299E+04  0.451236E+03  0.000000E+00  0.100402E+05  0.100402E+05  0.100402E+05 -0.256335E+00  0.107454E+05 -0.503628E+04  0.266228E+04
  0.373548E-01  0.117048E+05  0.124643E+04  0.142437E+04  0.440644E+03  0.000000E+00  0.100004E+05  0.100004E+05  0.100004E+05 -0.254773E+00  0.106991E+05 -0.504102E+04  0.264236E+04
  0.375376E-01  0.116690E+05  0.118548E+04  0.134638E+04  0.430621E+03  0.000000E+00  0.996059E+04  0.996059E+04  0.996059E+04 -0.253213E+00  0.106525E+05 -0.504365E+04  0.262215E+04
  0.377217E-01  0.116331E+05  0.112496E+04  0.126904E+04  0.421156E+03  0.000000E+00  0.992063E+04  0.992063E+04  0.992063E+04 -0.251655E+00  0.106057E+05 -0.504422E+04  0.260167E+04
  0.379072E-01  0.115969E+05  0.106487E+04  0.119235E+04  0.412234E+03  0.000000E+00  0.988057E+04  0.988057E+04  0.988057E+04 -0.250099E+00  0.105588E+05 -0.504267E+04  0.258091E+04
  0.380941E-01  0.115605E+05  0.100525E+04  0.111633E+04  0.403842E+03  0.000000E+00  0.984040E+04  0.984040E+04  0.984040E+04 -0.248547E+00  0.105116E+05 -0.503894E+04  0.255987E+04
  0.382825E-01  0.115239E+05  0.946074E+03  0.104099E+04  0.395964E+03  0.000000E+00  0.980013E+04  0.980013E+04  0.980013E+04 -0.246996E+00  0.104642E+05 -0.503304E+04  0.253855E+04
  0.384723E-01  0.114871E+05  0.887393E+03  0.966366E+03  0.388586E+03  0.000000E+00  0.975975E+04  0.975975E+04  0.975975E+04 -0.245448E+00  0.104167E+05 -0.502490E+04  0.251695E+04
  0.386636E-01  0.114501E+05  0.829203E+03  0.892472E+03  0.381693E+03  0.000000E+00  0.971927E+04  0.971927E+04  0.971927E+04 -0.243903E+00  0.103689E+05 -0.501453E+04  0.249506E+04
  0.388564E-01  0.114128E+05  0.771532E+03  0.819333E+03  0.375268E+03  0.000000E+00  0.967868E+04  0.967868E+04  0.967868E+04 -0.242361E+00  0.103209E+05 -0.500184E+04  0.247289E+04
  0.390509E-01  0.113753E+05  0.714364E+03  0.746933E+03  0.369296E+03  0.000000E+00  0.963798E+04  0.963798E+04  0.963798E+04 -0.240822E+00  0.102727E+05 -0.498684E+04  0.245043E+04
  0.392469E-01  0.113376E+05  0.657744E+03  0.675335E+03  0.363762E+03  0.000000E+00  0.959717E+04  0.959717E+04  0.959717E+04 -0.239285E+00  0.102243E+05 -0.496948E+04  0.242769E+04
  0.394445E-01  0.112996E+05  0.601660E+03  0.604521E+03  0.358647E+03  0.000000E+00  0.955625E+04  0.955625E+04  0.955625E+04 -0.237751E+00  0.101757E+05 -0.494979E+04  0.240466E+04
  0.396439E-01  0.112614E+05  0.546156E+03  0.534546E+03  0.353934E+03  0.000000E+00  0.951523E+04  0.951523E+04  0.951523E+04 -0.236220E+00  0.101269E+05 -0.492763E+04  0.238135E+04
  0.398449E-01  0.112230E+05  0.491231E+03  0.465410E+03  0.349607E+03  0.000000E+00  0.947409E+04  0.947409E+04  0.947409E+04 -0.234692E+00  0.100779E+05 -0.490300E+04  0.235773E+04
  0.400478E-01  0.111843E+05  0.436905E+03  0.397144E+03  0.345647E+03  0.000000E+00  0.943284E+04  0.943284E+04  0.943284E+04 -0.233168E+00  0.100286E+05 -0.487593E+04  0.233384E+04
  0.402524E-01  0.111453E+05  0.383194E+03  0.329761E+03  0.342035E+03  0.000000E+00  0.939148E+04  0.939148E+04  0.939148E+04 -0.231646E+00  0.997915E+04 -0.484628E+04  0.230965E+04
  0.404589E-01  0.111061E+05  0.330098E+03  0.263277E+03  0.338754E+03  0.000000E+00  0.935000E+04  0.935000E+04  0.935000E+04 -0.230127E+00  0.992945E+04 -0.481413E+04  0.228518E+04
  0.406672E-01  0.110666E+05  0.277672E+03  0.197747E+03  0.335784E+03  0.000000E+00  0.930840E+04  0.930840E+04  0.930840E+04 -0.228612E+00  0.987952E+04 -0.477938E+04  0.226041E+04
  0.408775E-01  0.110268E+05  0.225894E+03  0.133152E+03  0.333105E+03  0.000000E+00  0.926669E+04  0.926669E+04  0.926669E+04 -0.227100E+00  0.982936E+04 -0.474199E+04  0.223535E+04
  0.410898E-01  0.109868E+05  0.174803E+03  0.695375E+02  0.330698E+03  0.000000E+00  0.922486E+04  0.922486E+04  0.922486E+04 -0.225591E+00  0.977897E+04 -0.470188E+04  0.220999E+04
  0.413042E-01  0.109465E+05  0.124429E+03  0.694556E+01  0.328543E+03  0.000000E+00  0.918291E+04  0.918291E+04  0.918291E+04 -0.224086E+00  0.972835E+04 -0.465909E+04  0.218434E+04
  0.415206E-01  0.109059E+05  0.747680E+02 -0.546269E+02  0.326618E+03  0.000000E+00  0.914084E+04  0.914084E+04  0.914084E+04 -0.222584E+00  0.967748E+04 -0.461356E+04  0.215839E+04
  0.417393E-01  0.108650E+05  0.258535E+02 -0.115136E+03  0.324904E+03  0.000000E+00  0.909864E+04  0.909864E+04  0.909864E+04 -0.221085E+00  0.962638E+04 -0.456524E+04  0.213215E+04
  0.419601E-01  0.108238E+05 -0.222980E+02 -0.174569E+03  0.323379E+03  0.000000E+00  0.905632E+04  0.905632E+04  0.905632E+04 -0.219590E+00  0.957502E+04 -0.451411E+04  0.210561E+04
  0.421832E-01  0.107824E+05 -0.696765E+02 -0.232899E+03  0.322021E+03  0.000000E+00  0.901387E+04  0.901387E+04  0.901387E+04 -0.218099E+00  0.952342E+04 -0.446015E+04  0.207879E+04
  0.424086E-01  0.107406E+05 -0.116236E+03 -0.290077E+03  0.320809E+03  0.000000E+00  0.897130E+04  0.897130E+04  0.897130E+04 -0.216611E+00  0.947157E+04 -0.440325E+04  0.205165E+04
  0.426365E-01  0.106984E+05 -0.161972E+03 -0.346089E+03  0.319720E+03  0.000000E+00  0.892859E+04  0.892859E+04  0.892859E+04 -0.215127E+00  0.941946E+04 -0.434346E+04  0.202423E+04
  0.428668E-01  0.106560E+05 -0.206858E+03 -0.400907E+03  0.318732E+03  0.000000E+00  0.888575E+04  0.888575E+04  0.888575E+04 -0.213647E+00  0.936709E+04 -0.428067E+04  0.199651E+04
  0.430996E-01  0.106132E+05 -0.250844E+03 -0.454470E+03  0.317823E+03  0.000000E+00  0.884278E+04  0.884278E+04  0.884278E+04 -0.212171E+00  0.931446E+04 -0.421484E+04  0.196849E+04
  0.433351E-01  0.105701E+05 -0.293971E+03 -0.506821E+03  0.316969E+03  0.000000E+00  0.879966E+04  0.879966E+04  0.879966E+04 -0.210698E+00  0.926156E+04 -0.414603E+04  0.194018E+04
  0.435733E-01  0.105266E+05 -0.336141E+03 -0.557836E+03  0.316148E+03  0.000000E+00  0.875641E+04  0.875641E+04  0.875641E+04 -0.209229E+00  0.920839E+04 -0.407410E+04  0.191157E+04
  0.438142E-01  0.104828E+05 -0.377377E+03 -0.607547E+03  0.315335E+03  0.000000E+00  0.871301E+04  0.871301E+04  0.871301E+04 -0.207765E+00  0.915494E+04 -0.399907E+04  0.188267E+04
  0.440580E-01  0.104386E+05 -0.417615E+03 -0.655876E+03  0.314508E+03  0.000000E+00  0.866948E+04  0.866948E+04  0.866948E+04 -0.206304E+00  0.910121E+04 -0.392085E+04  0.185347E+04
  0.443048E-01  0.103941E+05 -0.456850E+03 -0.702809E+03  0.313643E+03  0.000000E+00  0.862579E+04  0.862579E+04  0.862579E+04 -0.204848E+00  0.904720E+04 -0.383945E+04  0.182398E+04
  0.445546E-01  0.103492E+05 -0.495045E+03 -0.748305E+03  0.312715E+03  0.000000E+00  0.858195E+04  0.858195E+04  0.858195E+04 -0.203396E+00  0.899289E+04 -0.375480E+04  0.179420E+04
  0.448075E-01  0.103038E+05 -0.532170E+03 -0.792325E+03  0.311701E+03  0.000000E+00  0.853797E+04  0.853797E+04  0.853797E+04 -0.201948E+00  0.893829E+04 -0.366689E+04  0.176412E+04
  0.450636E-01  0.102581E+05 -0.568197E+03 -0.834831E+03  0.310578E+03  0.000000E+00  0.849382E+04  0.849382E+04  0.849382E+04 -0.200505E+00  0.888339E+04 -0.357568E+04  0.173377E+04
  0.453231E-01  0.102120E+05 -0.603097E+03 -0.875791E+03  0.309321E+03  0.000000E+00  0.844952E+04  0.844952E+04  0.844952E+04 -0.199065E+00  0.882819E+04 -0.348112E+04  0.170312E+04
  0.455860E-01  0.101654E+05 -0.636829E+03 -0.915147E+03  0.307907E+03  0.000000E+00  0.840505E+04  0.840505E+04  0.840505E+04 -0.197631E+00  0.877267E+04 -0.338322E+04  0.167219E+04
  0.458525E-01  0.101184E+05 -0.669348E+03 -0.952845E+03  0.306313E+03  0.000000E+00  0.836043E+04  0.836043E+04  0.836043E+04 -0.196201E+00  0.871684E+04 -0.328187E+04  0.164098E+04
  0.461227E-01  0.100710E+05 -0.700620E+03 -0.988850E+03  0.304514E+03  0.000000E+00  0.831563E+04  0.831563E+04  0.831563E+04 -0.194776E+00  0.866070E+04 -0.317710E+04  0.160949E+04
  0.463967E-01  0.100231E+05 -0.730648E+03 -0.102316E+04  0.302487E+03  0.000000E+00  0.827066E+04  0.827066E+04  0.827066E+04 -0.193355E+00  0.860421E+04 -0.306889E+04  0.157772E+04
  0.466745E-01  0.997477E+04 -0.759340E+03 -0.105565E+04  0.300212E+03  0.000000E+00  0.822551E+04  0.822551E+04  0.822551E+04 -0.191940E+00  0.854741E+04 -0.295723E+04  0.154569E+04
  0.469565E-01  0.992594E+04 -0.786689E+03 -0.108633E+04  0.297663E+03  0.000000E+00  0.818018E+04  0.818018E+04  0.818018E+04 -0.190529E+00  0.849025E+04 -0.284201E+04  0.151339E+04
  0.472427E-01  0.987662E+04 -0.812632E+03 -0.111512E+04  0.294821E+03  0.000000E+00  0.813467E+04  0.813467E+04  0.813467E+04 -0.189124E+00  0.843276E+04 -0.272327E+04  0.148083E+04
  0.475332E-01  0.982680E+04 -0.837153E+03 -0.114200E+04  0.291664E+03  0.000000E+00  0.808897E+04  0.808897E+04  0.808897E+04 -0.187723E+00  0.837492E+04 -0.260099E+04  0.144802E+04
  0.478282E-01  0.977646E+04 -0.860160E+03 -0.116685E+04  0.288173E+03  0.000000E+00  0.804308E+04  0.804308E+04  0.804308E+04 -0.186329E+00  0.831672E+04 -0.247515E+04  0.141496E+04
  0.481279E-01  0.972558E+04 -0.881672E+03 -0.118970E+04  0.284327E+03  0.000000E+00  0.799699E+04  0.799699E+04  0.799699E+04 -0.184939E+00  0.825815E+04 -0.234575E+04  0.138165E+04
  0.484325E-01  0.967415E+04 -0.901590E+03 -0.121043E+04  0.280110E+03  0.000000E+00  0.795070E+04  0.795070E+04  0.795070E+04 -0.183555E+00  0.819921E+04 -0.221279E+04  0.134812E+04
  0.487421E-01  0.962216E+04 -0.919881E+03 -0.122899E+04  0.275505E+03  0.000000E+00  0.790420E+04  0.790420E+04  0.790420E+04 -0.182176E+00  0.813990E+04 -0.207626E+04  0.131436E+04
  0.490569E-01  0.956959E+04 -0.936496E+03 -0.124535E+04  0.270496E+03  0.000000E+00  0.785749E+04  0.785749E+04  0.785749E+04 -0.180803E+00  0.808020E+04 -0.193620E+04  0.128039E+04
  0.493772E-01  0.951642E+04 -0.951396E+03 -0.125943E+04  0.265068E+03  0.000000E+00  0.781055E+04  0.781055E+04  0.781055E+04 -0.179436E+00  0.802011E+04 -0.179260E+04  0.124622E+04
  0.497030E-01  0.946263E+04 -0.964494E+03 -0.127115E+04  0.259213E+03  0.000000E+00  0.776340E+04  0.776340E+04  0.776340E+04 -0.178076E+00  0.795962E+04 -0.164549E+04  0.121185E+04
  0.500348E-01  0.940822E+04 -0.975774E+03 -0.128049E+04  0.252917E+03  0.000000E+00  0.771601E+04  0.771601E+04  0.771601E+04 -0.176721E+00  0.789872E+04 -0.149489E+04  0.117731E+04
  0.503726E-01  0.935315E+04 -0.985154E+03 -0.128735E+04  0.246176E+03  0.000000E+00  0.766839E+04  0.766839E+04  0.766839E+04 -0.175372E+00  0.783741E+04 -0.134086E+04  0.114261E+04
  0.507168E-01  0.929740E+04 -0.992565E+03 -0.129166E+04  0.238984E+03  0.000000E+00  0.762052E+04  0.762052E+04  0.762052E+04 -0.174030E+00  0.777568E+04 -0.118346E+04  0.110776E+04
  0.510676E-01  0.924097E+04 -0.997979E+03 -0.129337E+04  0.231339E+03  0.000000E+00  0.757240E+04  0.757240E+04  0.757240E+04 -0.172695E+00  0.771351E+04 -0.102277E+04  0.107278E+04
  0.514253E-01  0.918382E+04 -0.100133E+04 -0.129243E+04  0.223243E+03  0.000000E+00  0.752402E+04  0.752402E+04  0.752402E+04 -0.171366E+00  0.765091E+04 -0.858845E+03  0.103770E+04
  0.517901E-01  0.912593E+04 -0.100252E+04 -0.128871E+04  0.214702E+03  0.000000E+00  0.747537E+04  0.747537E+04  0.747537E+04 -0.170044E+00  0.758786E+04 -0.691789E+03  0.100253E+04
  0.521625E-01  0.906729E+04 -0.100150E+04 -0.128218E+04  0.205724E+03  0.000000E+00  0.742645E+04  0.742645E+04  0.742645E+04 -0.168730E+00  0.752436E+04 -0.521726E+03  0.967291E+03
  0.525427E-01  0.900786E+04 -0.998217E+03 -0.127275E+04  0.196322E+03  0.000000E+00  0.737724E+04  0.737724E+04  0.737724E+04 -0.167422E+00  0.746039E+04 -0.348811E+03  0.932021E+03
  0.529310E-01  0.894762E+04 -0.992604E+03 -0.126039E+04  0.186515E+03  0.000000E+00  0.732773E+04  0.732773E+04  0.732773E+04 -0.166122E+00  0.739595E+04 -0.173164E+03  0.896739E+03
  0.533279E-01  0.888655E+04 -0.984589E+03 -0.124499E+04  0.176326E+03  0.000000E+00  0.727792E+04  0.727792E+04  0.727792E+04 -0.164829E+00  0.733103E+04  0.497024E+01  0.861484E+03
  0.537336E-01  0.882461E+04 -0.974087E+03 -0.122649E+04  0.165782E+03  0.000000E+00  0.722779E+04  0.722779E+04  0.722779E+04 -0.163544E+00  0.726562E+04  0.185458E+03  0.826281E+03
  0.541488E-01  0.876178E+04 -0.961050E+03 -0.120482E+04  0.154921E+03  0.000000E+00  0.717732E+04  0.717732E+04  0.717732E+04 -0.162266E+00  0.719972E+04  0.367955E+03  0.791179E+03
  0.545737E-01  0.869804E+04 -0.945405E+03 -0.117993E+04  0.143781E+03  0.000000E+00  0.712651E+04  0.712651E+04  0.712651E+04 -0.160996E+00  0.713330E+04  0.552274E+03  0.756207E+03
  0.550089E-01  0.863334E+04 -0.927098E+03 -0.115176E+04  0.132411E+03  0.000000E+00  0.707534E+04  0.707534E+04  0.707534E+04 -0.159735E+00  0.706636E+04  0.738077E+03  0.721413E+03
  0.554549E-01  0.856766E+04 -0.906040E+03 -0.112023E+04  0.120867E+03  0.000000E+00  0.702380E+04  0.702380E+04  0.702380E+04 -0.158481E+00  0.699891E+04  0.924942E+03  0.686851E+03
  0.559122E-01  0.850097E+04 -0.882192E+03 -0.108531E+04  0.109209E+03  0.000000E+00  0.697186E+04  0.697186E+04  0.697186E+04 -0.157235E+00  0.693090E+04  0.111254E+04  0.652567E+03
  0.563814E-01  0.843322E+04 -0.855471E+03 -0.104694E+04  0.975099E+02  0.000000E+00  0.691951E+04  0.691951E+04  0.691951E+04 -0.155998E+00  0.686236E+04  0.130036E+04  0.618622E+03
  0.568631E-01  0.836439E+04 -0.825829E+03 -0.100507E+04  0.858478E+02  0.000000E+00  0.686672E+04  0.686672E+04  0.686672E+04 -0.154768E+00  0.679326E+04  0.148791E+04  0.585078E+03
  0.573580E-01  0.829443E+04 -0.793225E+03 -0.959711E+03  0.743089E+02  0.000000E+00  0.681348E+04  0.681348E+04  0.681348E+04 -0.153547E+00  0.672359E+04  0.167460E+04  0.552003E+03
  0.578667E-01  0.822331E+04 -0.757609E+03 -0.910819E+03  0.629893E+02  0.000000E+00  0.675975E+04  0.675975E+04  0.675975E+04 -0.152333E+00  0.665334E+04  0.185978E+04  0.519470E+03
  0.583901E-01  0.815099E+04 -0.718915E+03 -0.858366E+03  0.519933E+02  0.000000E+00  0.670552E+04  0.670552E+04  0.670552E+04 -0.151127E+00  0.658252E+04  0.204263E+04  0.487569E+03
  0.589290E-01  0.807742E+04 -0.677171E+03 -0.802423E+03  0.414288E+02  0.000000E+00  0.665075E+04  0.665075E+04  0.665075E+04 -0.149928E+00  0.651109E+04  0.222249E+04  0.456370E+03
  0.594842E-01  0.800256E+04 -0.632334E+03 -0.742992E+03  0.314161E+02  0.000000E+00  0.659539E+04  0.659539E+04  0.659539E+04 -0.148737E+00  0.643906E+04  0.239833E+04  0.425980E+03
  0.600566E-01  0.792637E+04 -0.584417E+03 -0.680143E+03  0.220778E+02  0.000000E+00  0.653942E+04  0.653942E+04  0.653942E+04 -0.147551E+00  0.636640E+04  0.256919E+04  0.396492E+03
  0.606474E-01  0.784879E+04 -0.533419E+03 -0.613936E+03  0.135440E+02  0.000000E+00  0.648280E+04  0.648280E+04  0.648280E+04 -0.146372E+00  0.629312E+04  0.273384E+04  0.368028E+03
  0.612576E-01  0.776978E+04 -0.479405E+03 -0.544513E+03  0.594431E+01  0.000000E+00  0.642547E+04  0.642547E+04  0.642547E+04 -0.145197E+00  0.621920E+04  0.289109E+04  0.340697E+03
  0.618883E-01  0.768929E+04 -0.422440E+03 -0.472023E+03 -0.590704E+00  0.000000E+00  0.636738E+04  0.636738E+04  0.636738E+04 -0.144026E+00  0.614462E+04  0.303957E+04  0.314623E+03
  0.625410E-01  0.760727E+04 -0.362625E+03 -0.396670E+03 -0.593265E+01  0.000000E+00  0.630847E+04  0.630847E+04  0.630847E+04 -0.142857E+00  0.606938E+04  0.317769E+04  0.289947E+03
  0.632169E-01  0.752366E+04 -0.300102E+03 -0.318704E+03 -0.996284E+01  0.000000E+00  0.624867E+04  0.624867E+04  0.624867E+04 -0.141688E+00  0.599346E+04  0.330383E+04  0.266803E+03
  0.639176E-01  0.743840E+04 -0.235032E+03 -0.238415E+03 -0.125723E+02  0.000000E+00  0.618792E+04  0.618792E+04  0.618792E+04 -0.140519E+00  0.591685E+04  0.341599E+04  0.245358E+03
  0.646447E-01  0.735145E+04 -0.167677E+03 -0.156205E+03 -0.136739E+02  0.000000E+00  0.612611E+04  0.612611E+04  0.612611E+04 -0.139345E+00  0.583953E+04  0.351237E+04  0.225748E+03
  0.654001E-01  0.726273E+04 -0.983003E+02 -0.724986E+02 -0.132027E+02  0.000000E+00  0.606316E+04  0.606316E+04  0.606316E+04 -0.138164E+00  0.576150E+04  0.359053E+04  0.208164E+03
  0.661857E-01  0.717220E+04 -0.272664E+02  0.121574E+02 -0.111303E+02  0.000000E+00  0.599896E+04  0.599896E+04  0.599896E+04 -0.136972E+00  0.568273E+04  0.364829E+04  0.192757E+03
  0.670035E-01  0.707980E+04  0.449797E+02  0.971273E+02 -0.746988E+01  0.000000E+00  0.593338E+04  0.593338E+04  0.593338E+04 -0.135765E+00  0.560319E+04  0.368303E+04  0.179709E+03
  0.678559E-01  0.698545E+04  0.117916E+03  0.181674E+03 -0.228715E+01  0.000000E+00  0.586630E+04  0.586630E+04  0.586630E+04 -0.134538E+00  0.552287E+04  0.369214E+04  0.169187E+03
  0.687454E-01  0.688911E+04  0.190920E+03  0.264937E+03  0.429022E+01  0.000000E+00  0.579755E+04  0.579755E+04  0.579755E+04 -0.133285E+00  0.544175E+04  0.367274E+04  0.161369E+03
  0.696748E-01  0.679070E+04  0.263248E+03  0.345933E+03  0.120617E+02  0.000000E+00  0.572696E+04  0.572696E+04  0.572696E+04 -0.131998E+00  0.535979E+04  0.362198E+04  0.156407E+03
  0.706471E-01  0.669017E+04  0.334039E+03  0.423533E+03  0.207481E+02  0.000000E+00  0.565435E+04  0.565435E+04  0.565435E+04 -0.130670E+00  0.527696E+04  0.353697E+04  0.154448E+03
  0.716655E-01  0.658746E+04  0.402291E+03  0.496471E+03  0.299853E+02  0.000000E+00  0.557950E+04  0.557950E+04  0.557950E+04 -0.129290E+00  0.519321E+04  0.341486E+04  0.155610E+03
  0.727336E-01  0.648250E+04  0.466855E+03  0.563330E+03  0.393235E+02  0.000000E+00  0.550218E+04  0.550218E+04  0.550218E+04 -0.127847E+00  0.510849E+04  0.325300E+04  0.159976E+03
  0.738554E-01  0.637526E+04  0.526428E+03  0.622551E+03  0.482370E+02  0.000000E+00  0.542212E+04  0.542212E+04  0.542212E+04 -0.126329E+00  0.502275E+04  0.304911E+04  0.167578E+03
  0.750351E-01  0.626566E+04  0.579565E+03  0.672459E+03  0.561413E+02  0.000000E+00  0.533904E+04  0.533904E+04  0.533904E+04 -0.124721E+00  0.493590E+04  0.280145E+04  0.178382E+03
  0.762774E-01  0.615368E+04  0.624673E+03  0.711277E+03  0.624241E+02  0.000000E+00  0.525265E+04  0.525265E+04  0.525265E+04 -0.123009E+00  0.484786E+04  0.250914E+04  0.192270E+03
  0.775873E-01  0.603925E+04  0.660032E+03  0.737175E+03  0.664942E+02  0.000000E+00  0.516264E+04  0.516264E+04  0.516264E+04 -0.121174E+00  0.475851E+04  0.217247E+04  0.209014E+03
  0.789703E-01  0.592236E+04  0.683855E+03  0.748357E+03  0.678483E+02  0.000000E+00  0.506868E+04  0.506868E+04  0.506868E+04 -0.119200E+00  0.466774E+04  0.179332E+04  0.228253E+03
  0.804324E-01  0.580297E+04  0.694337E+03  0.743149E+03  0.661529E+02  0.000000E+00  0.497045E+04  0.497045E+04  0.497045E+04 -0.117067E+00  0.457537E+04  0.137567E+04  0.249465E+03
  0.819798E-01  0.568107E+04  0.689754E+03  0.720143E+03  0.613386E+02  0.000000E+00  0.486767E+04  0.486767E+04  0.486767E+04 -0.114758E+00  0.448124E+04  0.926085E+03  0.271946E+03
  0.836196E-01  0.555666E+04  0.668603E+03  0.678380E+03  0.536902E+02  0.000000E+00  0.476009E+04  0.476009E+04  0.476009E+04 -0.112258E+00  0.438514E+04  0.454357E+03  0.294782E+03
  0.853587E-01  0.542975E+04  0.629783E+03  0.617571E+03  0.439127E+02  0.000000E+00  0.464753E+04  0.464753E+04  0.464753E+04 -0.109554E+00  0.428682E+04 -0.260224E+02  0.316845E+03
  0.872050E-01  0.530037E+04  0.572809E+03  0.538346E+03  0.331384E+02  0.000000E+00  0.452995E+04  0.452995E+04  0.452995E+04 -0.106640E+00  0.418605E+04 -0.497449E+03  0.336790E+03
  0.891661E-01  0.516857E+04  0.498090E+03  0.442530E+03  0.228399E+02  0.000000E+00  0.440745E+04  0.440745E+04  0.440745E+04 -0.103518E+00  0.408256E+04 -0.938126E+03  0.353097E+03
  0.912503E-01  0.503443E+04  0.407214E+03  0.333399E+03  0.146140E+02  0.000000E+00  0.428037E+04  0.428037E+04  0.428037E+04 -0.100203E+00  0.397611E+04 -0.132243E+04  0.364127E+03
  0.934655E-01  0.489807E+04  0.303215E+03  0.215847E+03  0.983064E+01  0.000000E+00  0.414928E+04  0.414928E+04  0.414928E+04 -0.967216E-01  0.386652E+04 -0.162209E+04  0.368249E+03
  0.958197E-01  0.475964E+04  0.190791E+03  0.964145E+02  0.919380E+01  0.000000E+00  0.401509E+04  0.401509E+04  0.401509E+04 -0.931168E-01  0.375368E+04 -0.180829E+04  0.364003E+03
  0.983206E-01  0.461934E+04  0.763436E+02 -0.169358E+02  0.123357E+02  0.000000E+00  0.387900E+04  0.387900E+04  0.387900E+04 -0.894477E-01  0.363765E+04 -0.185499E+04  0.350322E+03
  0.100975E+00  0.447743E+04 -0.322086E+02 -0.115368E+03  0.176446E+02  0.000000E+00  0.374253E+04  0.374253E+04  0.374253E+04 -0.857870E-01  0.351865E+04 -0.174343E+04  0.326794E+03
  0.103790E+00  0.433424E+04 -0.125979E+03 -0.190132E+03  0.225448E+02  0.000000E+00  0.360739E+04  0.360739E+04  0.360739E+04 -0.822159E-01  0.339717E+04 -0.146742E+04  0.293916E+03
  0.106769E+00  0.419016E+04 -0.196045E+03 -0.233865E+03  0.243362E+02  0.000000E+00  0.347537E+04  0.347537E+04  0.347537E+04 -0.788162E-01  0.327398E+04 -0.103886E+04  0.253307E+03
  0.109918E+00  0.404567E+04 -0.234780E+03 -0.242116E+03  0.214183E+02  0.000000E+00  0.334811E+04  0.334811E+04  0.334811E+04 -0.756591E-01  0.315007E+04 -0.491716E+03  0.207767E+03
  0.113239E+00  0.390131E+04 -0.237408E+03 -0.214801E+03  0.143586E+02  0.000000E+00  0.322685E+04  0.322685E+04  0.322685E+04 -0.727934E-01  0.302667E+04  0.116853E+03  0.161140E+03
  0.116733E+00  0.375770E+04 -0.203512E+03 -0.157112E+03  0.603462E+01  0.000000E+00  0.311217E+04  0.311217E+04  0.311217E+04 -0.702339E-01  0.290509E+04  0.710165E+03  0.117912E+03
  0.120401E+00  0.361549E+04 -0.138060E+03 -0.795018E+02  0.362324E+00  0.000000E+00  0.300380E+04  0.300380E+04  0.300380E+04 -0.679543E-01  0.278655E+04  0.120161E+04  0.825492E+02
  0.124243E+00  0.347534E+04 -0.515540E+02  0.362077E+01 -0.357668E-01  0.000000E+00  0.290059E+04  0.290059E+04  0.290059E+04 -0.658863E-01  0.267211E+04  0.150984E+04  0.586630E+02
  0.128258E+00  0.333789E+04  0.411019E+02  0.764832E+02  0.420431E+01  0.000000E+00  0.280064E+04  0.280064E+04  0.280064E+04 -0.639274E-01  0.256244E+04  0.157721E+04  0.481705E+02
  0.132444E+00  0.320371E+04  0.123005E+03  0.125381E+03  0.929913E+01  0.000000E+00  0.270167E+04  0.270167E+04  0.270167E+04 -0.619586E-01  0.245778E+04  0.138747E+04  0.506762E+02
  0.136801E+00  0.307323E+04  0.178660E+03  0.142110E+03  0.109737E+02  0.000000E+00  0.260153E+04  0.260153E+04  0.260153E+04 -0.598701E-01  0.235791E+04  0.976509E+03  0.633231E+02
  0.141327E+00  0.294678E+04  0.197649E+03  0.126307E+03  0.787809E+01  0.000000E+00  0.249877E+04  0.249877E+04  0.249877E+04 -0.575903E-01  0.226223E+04  0.432022E+03  0.812095E+02
  0.146022E+00  0.282449E+04  0.177571E+03  0.857912E+02  0.285072E+01  0.000000E+00  0.239314E+04  0.239314E+04  0.239314E+04 -0.551085E-01  0.216987E+04 -0.121992E+03  0.984243E+02
  0.150887E+00  0.270640E+04  0.125269E+03  0.344221E+02  0.352493E+00  0.000000E+00  0.228577E+04  0.228577E+04  0.228577E+04 -0.524821E-01  0.207996E+04 -0.553671E+03  0.109455E+03
  0.155923E+00  0.259241E+04  0.556428E+02 -0.120848E+02  0.195302E+01  0.000000E+00  0.217901E+04  0.217901E+04  0.217901E+04 -0.498241E-01  0.199183E+04 -0.759030E+03  0.110634E+03
  0.161132E+00  0.248238E+04 -0.120207E+02 -0.411116E+02  0.471205E+01  0.000000E+00  0.207589E+04  0.207589E+04  0.207589E+04 -0.472700E-01  0.190524E+04 -0.694752E+03  0.101186E+03
  0.166519E+00  0.237618E+04 -0.594121E+02 -0.471506E+02  0.474178E+01  0.000000E+00  0.197927E+04  0.197927E+04  0.197927E+04 -0.449377E-01  0.182044E+04 -0.396070E+03  0.834715E+02
  0.172087E+00  0.227367E+04 -0.748030E+02 -0.333239E+02  0.209816E+01  0.000000E+00  0.189096E+04  0.189096E+04  0.189096E+04 -0.428918E-01  0.173806E+04  0.290806E+02  0.622758E+02
  0.177841E+00  0.217480E+04 -0.569763E+02 -0.914982E+01  0.419635E+00  0.000000E+00  0.181110E+04  0.181110E+04  0.181110E+04 -0.411244E-01  0.165884E+04  0.432199E+03  0.432531E+02
  0.183789E+00  0.207952E+04 -0.158388E+02  0.137224E+02  0.166778E+01  0.000000E+00  0.173806E+04  0.173806E+04  0.173806E+04 -0.395604E-01  0.158343E+04  0.674860E+03  0.310006E+02
  0.189935E+00  0.198785E+04  0.309818E+02  0.265250E+02  0.325688E+01  0.000000E+00  0.166895E+04  0.166895E+04  0.166895E+04 -0.380847E-01  0.151209E+04  0.680823E+03  0.274453E+02
  0.196286E+00  0.189977E+04  0.647712E+02  0.265927E+02  0.233691E+01  0.000000E+00  0.160073E+04  0.160073E+04  0.160073E+04 -0.365857E-01  0.144466E+04  0.468062E+03  0.312002E+02
  0.202850E+00  0.181524E+04  0.732260E+02  0.173582E+02  0.563252E+00  0.000000E+00  0.153135E+04  0.153135E+04  0.153135E+04 -0.350006E-01  0.138059E+04  0.143299E+03  0.382496E+02
  0.209632E+00  0.173416E+04  0.556272E+02  0.543400E+01  0.940595E+00  0.000000E+00  0.146062E+04  0.146062E+04  0.146062E+04 -0.333388E-01  0.131913E+04 -0.143555E+03  0.437548E+02
  0.216637E+00  0.165640E+04  0.229613E+02 -0.330175E+01  0.213800E+01  0.000000E+00  0.139021E+04  0.139021E+04  0.139021E+04 -0.316716E-01  0.125971E+04 -0.268719E+03  0.442430E+02
  0.223869E+00  0.158182E+04 -0.760484E+01 -0.628281E+01  0.133319E+01  0.000000E+00  0.132281E+04  0.132281E+04  0.132281E+04 -0.300910E-01  0.120209E+04 -0.194686E+03  0.391258E+02
  0.231331E+00  0.151031E+04 -0.215780E+02 -0.435726E+01  0.166856E+00  0.000000E+00  0.126067E+04  0.126067E+04  0.126067E+04 -0.286640E-01  0.114643E+04  0.121155E+02  0.307490E+02
  0.239022E+00  0.144179E+04 -0.146963E+02 -0.117473E+00  0.101291E+01  0.000000E+00  0.120444E+04  0.120444E+04  0.120444E+04 -0.274005E-01  0.109310E+04  0.220457E+03  0.228945E+02
  0.246938E+00  0.137625E+04  0.531443E+01  0.386472E+01  0.153842E+01  0.000000E+00  0.115284E+04  0.115284E+04  0.115284E+04 -0.262532E-01  0.104244E+04  0.311732E+03  0.185562E+02
  0.255073E+00  0.131370E+04  0.241704E+02  0.587212E+01  0.336460E+00  0.000000E+00  0.110356E+04  0.110356E+04  0.110356E+04 -0.251492E-01  0.994568E+03  0.249696E+03  0.183125E+02
  0.263413E+00  0.125417E+04  0.303769E+02  0.524208E+01  0.309620E+00  0.000000E+00  0.105474E+04  0.105474E+04  0.105474E+04 -0.240372E-01  0.949308E+03  0.967544E+02  0.202962E+02
  0.271945E+00  0.119765E+04  0.222514E+02  0.255561E+01  0.124724E+01  0.000000E+00  0.100610E+04  0.100610E+04  0.100610E+04 -0.229157E-01  0.906363E+03 -0.354676E+02  0.217182E+02
  0.280645E+00  0.114410E+04  0.776879E+01 -0.418837E+00  0.507273E+00  0.000000E+00  0.958919E+03  0.958919E+03  0.958919E+03 -0.218247E-01  0.865515E+03 -0.663029E+02  0.208211E+02
  0.289491E+00  0.109347E+04 -0.231939E+01 -0.170370E+01 -0.202987E-02  0.000000E+00  0.914901E+03  0.914901E+03  0.914901E+03 -0.208133E-01  0.826730E+03  0.217585E+01  0.178614E+02
  0.298452E+00  0.104572E+04 -0.247080E+01 -0.654265E+00  0.875019E+00  0.000000E+00  0.874903E+03  0.874903E+03  0.874903E+03 -0.199047E-01  0.790099E+03  0.989408E+02  0.145223E+02
  0.307496E+00  0.100078E+04  0.469338E+01  0.145211E+01  0.567797E+00  0.000000E+00  0.838456E+03  0.838456E+03  0.838456E+03 -0.190833E-01  0.755725E+03  0.147166E+03  0.124106E+02
  0.316591E+00  0.958607E+03  0.120082E+02  0.262689E+01 -0.797053E-01  0.000000E+00  0.804346E+03  0.804346E+03  0.804346E+03 -0.183129E-01  0.723613E+03  0.121884E+03  0.119188E+02
  0.325702E+00  0.919123E+03  0.140179E+02  0.202245E+01  0.585958E+00  0.000000E+00  0.771624E+03  0.771624E+03  0.771624E+03 -0.175677E-01  0.693636E+03  0.576351E+02  0.122452E+02
  0.334797E+00  0.882234E+03  0.105058E+02  0.502356E+00  0.574637E+00  0.000000E+00  0.740175E+03  0.740175E+03  0.740175E+03 -0.168466E-01  0.665627E+03  0.906119E+01  0.122978E+02
  0.343844E+00  0.847825E+03  0.524270E+01 -0.485592E+00 -0.825614E-01  0.000000E+00  0.710515E+03  0.710515E+03  0.710515E+03 -0.161659E-01  0.639456E+03  0.533562E+01  0.115649E+02
  0.352816E+00  0.815763E+03  0.216220E+01 -0.325757E+00  0.319050E+00  0.000000E+00  0.683176E+03  0.683176E+03  0.683176E+03 -0.155417E-01  0.615037E+03  0.355039E+02  0.103006E+02
  0.361688E+00  0.785908E+03  0.255338E+01  0.466494E+00  0.566756E+00  0.000000E+00  0.658250E+03  0.658250E+03  0.658250E+03 -0.149763E-01  0.592308E+03  0.677985E+02  0.909389E+01
  0.370441E+00  0.758119E+03  0.499600E+01  0.102671E+01  0.901337E-02  0.000000E+00  0.635388E+03  0.635388E+03  0.635388E+03 -0.144588E-01  0.571193E+03  0.784039E+02  0.834203E+01
  0.379060E+00  0.732251E+03  0.717362E+01  0.968002E+00  0.706253E-01  0.000000E+00  0.614091E+03  0.614091E+03  0.614091E+03 -0.139752E-01  0.551580E+03  0.654523E+02  0.804218E+01
  0.387531E+00  0.708164E+03  0.767070E+01  0.522010E+00  0.487037E+00  0.000000E+00  0.594010E+03  0.594010E+03  0.594010E+03 -0.135174E-01  0.533335E+03  0.431877E+02  0.793142E+01
  0.395847E+00  0.685719E+03  0.655966E+01  0.129058E+00  0.205398E+00  0.000000E+00  0.575041E+03  0.575041E+03  0.575041E+03 -0.130839E-01  0.516329E+03  0.273320E+02  0.774658E+01
  0.404003E+00  0.664784E+03  0.485280E+01  0.255180E-01 -0.770773E-01  0.000000E+00  0.557240E+03  0.557240E+03  0.557240E+03 -0.126772E-01  0.500456E+03  0.246890E+02  0.738484E+01
  0.411995E+00  0.645234E+03  0.359124E+01  0.153682E+00  0.237663E+00  0.000000E+00  0.540670E+03  0.540670E+03  0.540670E+03 -0.122997E-01  0.485624E+03  0.321093E+02  0.690289E+01
  0.419824E+00  0.626953E+03  0.324841E+01  0.324482E+00  0.377053E+00  0.000000E+00  0.525312E+03  0.525312E+03  0.525312E+03 -0.119508E-01  0.471758E+03  0.418126E+02  0.642210E+01
  0.427490E+00  0.609835E+03  0.366908E+01  0.402216E+00  0.504681E-01  0.000000E+00  0.511053E+03  0.511053E+03  0.511053E+03 -0.116270E-01  0.458785E+03  0.473747E+02  0.603504E+01
  0.434997E+00  0.593782E+03  0.436315E+01  0.370128E+00 -0.435667E-01  0.000000E+00  0.497728E+03  0.497728E+03  0.497728E+03 -0.113241E-01  0.446634E+03  0.466766E+02  0.576579E+01
  0.442347E+00  0.578702E+03  0.486335E+01  0.286710E+00  0.238243E+00  0.000000E+00  0.485188E+03  0.485188E+03  0.485188E+03 -0.110387E-01  0.435230E+03  0.414508E+02  0.558239E+01
  0.449547E+00  0.564514E+03  0.494030E+01  0.213623E+00  0.300553E+00  0.000000E+00  0.473324E+03  0.473324E+03  0.473324E+03 -0.107684E-01  0.424504E+03  0.350560E+02  0.543257E+01
  0.456599E+00  0.551143E+03  0.462736E+01  0.176414E+00  0.382714E-01  0.000000E+00  0.462081E+03  0.462081E+03  0.462081E+03 -0.105121E-01  0.414395E+03  0.303187E+02  0.527489E+01
  0.463510E+00  0.538520E+03  0.411933E+01  0.167693E+00 -0.502716E-01  0.000000E+00  0.451432E+03  0.451432E+03  0.451432E+03 -0.102694E-01  0.404849E+03  0.284496E+02  0.509238E+01
  0.470284E+00  0.526584E+03  0.363673E+01  0.169548E+00  0.162692E+00  0.000000E+00  0.441363E+03  0.441363E+03  0.441363E+03 -0.100401E-01  0.395820E+03  0.290880E+02  0.489011E+01
  0.476929E+00  0.515279E+03  0.332754E+01  0.170793E+00  0.271065E+00  0.000000E+00  0.431850E+03  0.431850E+03  0.431850E+03 -0.982374E-02  0.387268E+03  0.309950E+02  0.468447E+01
  0.483448E+00  0.504556E+03  0.323222E+01  0.170165E+00  0.967308E-01  0.000000E+00  0.422859E+03  0.422859E+03  0.422859E+03 -0.961932E-02  0.379158E+03  0.328411E+02  0.449216E+01
  0.489847E+00  0.494369E+03  0.330214E+01  0.170441E+00 -0.537176E-01  0.000000E+00  0.414344E+03  0.414344E+03  0.414344E+03 -0.942566E-02  0.371458E+03  0.337359E+02  0.432344E+01
  0.496133E+00  0.484678E+03  0.344447E+01  0.172231E+00  0.487502E-01  0.000000E+00  0.406254E+03  0.406254E+03  0.406254E+03 -0.924164E-02  0.364136E+03  0.334036E+02  0.418032E+01
  0.502309E+00  0.475444E+03  0.356810E+01  0.172408E+00  0.211449E+00  0.000000E+00  0.398546E+03  0.398546E+03  0.398546E+03 -0.906623E-02  0.357163E+03  0.320777E+02  0.405842E+01
  0.508381E+00  0.466634E+03  0.361420E+01  0.166741E+00  0.177146E+00  0.000000E+00  0.391179E+03  0.391179E+03  0.391179E+03 -0.889855E-02  0.350512E+03  0.302622E+02  0.395030E+01
  0.514354E+00  0.458218E+03  0.356561E+01  0.153452E+00  0.147964E-01  0.000000E+00  0.384126E+03  0.384126E+03  0.384126E+03 -0.873796E-02  0.344159E+03  0.284833E+02  0.384866E+01
  0.520233E+00  0.450167E+03  0.344048E+01  0.134864E+00 -0.317612E-01  0.000000E+00  0.377367E+03  0.377367E+03  0.377367E+03 -0.858402E-02  0.338082E+03  0.271195E+02  0.374836E+01
  0.526021E+00  0.442456E+03  0.327627E+01  0.116256E+00  0.837788E-01  0.000000E+00  0.370886E+03  0.370886E+03  0.370886E+03 -0.843646E-02  0.332261E+03  0.263312E+02  0.364712E+01
  0.531723E+00  0.435062E+03  0.311329E+01  0.103080E+00  0.178311E+00  0.000000E+00  0.364670E+03  0.364670E+03  0.364670E+03 -0.829502E-02  0.326679E+03  0.260765E+02  0.354518E+01
  0.537343E+00  0.427963E+03  0.298217E+01  0.983360E-01  0.124453E+00  0.000000E+00  0.358707E+03  0.358707E+03  0.358707E+03 -0.815936E-02  0.321320E+03  0.261799E+02  0.344435E+01
  0.542885E+00  0.421140E+03  0.289749E+01  0.101457E+00  0.989769E-02  0.000000E+00  0.352982E+03  0.352982E+03  0.352982E+03 -0.802915E-02  0.316170E+03  0.264165E+02  0.334697E+01
  0.548353E+00  0.414576E+03  0.285844E+01  0.108959E+00 -0.124732E-01  0.000000E+00  0.347481E+03  0.347481E+03  0.347481E+03 -0.790402E-02  0.311216E+03  0.265841E+02  0.325503E+01
  0.553750E+00  0.408254E+03  0.285260E+01  0.116225E+00  0.697880E-01  0.000000E+00  0.342188E+03  0.342188E+03  0.342188E+03 -0.778363E-02  0.306446E+03  0.265504E+02  0.316967E+01
  0.559080E+00  0.402159E+03  0.286251E+01  0.119411E+00  0.136913E+00  0.000000E+00  0.337088E+03  0.337088E+03  0.337088E+03 -0.766761E-02  0.301849E+03  0.262684E+02  0.309105E+01
  0.564345E+00  0.396278E+03  0.287109E+01  0.116713E+00  0.106457E+00  0.000000E+00  0.332167E+03  0.332167E+03  0.332167E+03 -0.755563E-02  0.297413E+03  0.257670E+02  0.301849E+01
  0.569548E+00  0.390597E+03  0.286601E+01  0.108643E+00  0.268156E-01  0.000000E+00  0.327412E+03  0.327412E+03  0.327412E+03 -0.744739E-02  0.293130E+03  0.251250E+02  0.295082E+01
  0.574694E+00  0.385106E+03  0.284128E+01  0.974529E-01 -0.231472E-02  0.000000E+00  0.322811E+03  0.322811E+03  0.322811E+03 -0.734267E-02  0.288990E+03  0.244405E+02  0.288670E+01
  0.579783E+00  0.379794E+03  0.279728E+01  0.860921E-01  0.443719E-01  0.000000E+00  0.318357E+03  0.318357E+03  0.318357E+03 -0.724129E-02  0.284985E+03  0.238031E+02  0.282494E+01
  0.584820E+00  0.374650E+03  0.273908E+01  0.771432E-01  0.100372E+00  0.000000E+00  0.314042E+03  0.314042E+03  0.314042E+03 -0.714308E-02  0.281108E+03  0.232750E+02  0.276469E+01
  0.589805E+00  0.369665E+03  0.267419E+01  0.720883E-01  0.980334E-01  0.000000E+00  0.309859E+03  0.309859E+03  0.309859E+03 -0.704790E-02  0.277350E+03  0.228833E+02  0.270553E+01
  0.594743E+00  0.364831E+03  0.261026E+01  0.710597E-01  0.454070E-01  0.000000E+00  0.305802E+03  0.305802E+03  0.305802E+03 -0.695561E-02  0.273706E+03  0.226217E+02  0.264741E+01
  0.599634E+00  0.360139E+03  0.255337E+01  0.730461E-01  0.625130E-02  0.000000E+00  0.301866E+03  0.301866E+03  0.301866E+03 -0.686607E-02  0.270170E+03  0.224584E+02  0.259054E+01
  0.604482E+00  0.355583E+03  0.250703E+01  0.763927E-01  0.216400E-01  0.000000E+00  0.298045E+03  0.298045E+03  0.298045E+03 -0.677916E-02  0.266736E+03  0.223488E+02  0.253528E+01
  0.609288E+00  0.351155E+03  0.247203E+01  0.793816E-01  0.678834E-01  0.000000E+00  0.294333E+03  0.294333E+03  0.294333E+03 -0.669473E-02  0.263400E+03  0.222473E+02  0.248199E+01
  0.614054E+00  0.346850E+03  0.244689E+01  0.807083E-01  0.901169E-01  0.000000E+00  0.290725E+03  0.290725E+03  0.290725E+03 -0.661266E-02  0.260155E+03  0.221168E+02  0.243092E+01
  0.618782E+00  0.342660E+03  0.242852E+01  0.797499E-01  0.645667E-01  0.000000E+00  0.287215E+03  0.287215E+03  0.287215E+03 -0.653281E-02  0.256999E+03  0.219351E+02  0.238220E+01
  0.623474E+00  0.338581E+03  0.241329E+01  0.765966E-01  0.204126E-01  0.000000E+00  0.283798E+03  0.283798E+03  0.283798E+03 -0.645506E-02  0.253926E+03  0.216956E+02  0.233577E+01
  0.628132E+00  0.334607E+03  0.239787E+01  0.718934E-01  0.420483E-02  0.000000E+00  0.280469E+03  0.280469E+03  0.280469E+03 -0.637930E-02  0.250932E+03  0.214060E+02  0.229146E+01
  0.632757E+00  0.330733E+03  0.237972E+01  0.665731E-01  0.304728E-01  0.000000E+00  0.277223E+03  0.277223E+03  0.277223E+03 -0.630544E-02  0.248015E+03  0.210837E+02  0.224899E+01
  0.637351E+00  0.326955E+03  0.235744E+01  0.615739E-01  0.696430E-01  0.000000E+00  0.274057E+03  0.274057E+03  0.274057E+03 -0.623339E-02  0.245169E+03  0.207505E+02  0.220806E+01
  0.641915E+00  0.323268E+03  0.233090E+01  0.576117E-01  0.808212E-01  0.000000E+00  0.270967E+03  0.270967E+03  0.270967E+03 -0.616308E-02  0.242393E+03  0.204277E+02  0.216840E+01
  0.646451E+00  0.319669E+03  0.230084E+01  0.550559E-01  0.527392E-01  0.000000E+00  0.267949E+03  0.267949E+03  0.267949E+03 -0.609443E-02  0.239683E+03  0.201318E+02  0.212976E+01
  0.650961E+00  0.316153E+03  0.226863E+01  0.539126E-01  0.127226E-01  0.000000E+00  0.265001E+03  0.265001E+03  0.265001E+03 -0.602735E-02  0.237036E+03  0.198723E+02  0.209200E+01
  0.655445E+00  0.312717E+03  0.223600E+01  0.538948E-01 -0.158520E-02  0.000000E+00  0.262120E+03  0.262120E+03  0.262120E+03 -0.596181E-02  0.234449E+03  0.196512E+02  0.205506E+01
  0.659905E+00  0.309357E+03  0.220439E+01  0.545405E-01  0.219825E-01  0.000000E+00  0.259303E+03  0.259303E+03  0.259303E+03 -0.589772E-02  0.231920E+03  0.194637E+02  0.201891E+01
  0.664343E+00  0.306071E+03  0.217500E+01  0.553402E-01  0.602626E-01  0.000000E+00  0.256547E+03  0.256547E+03  0.256547E+03 -0.583505E-02  0.229446E+03  0.193006E+02  0.198362E+01
  0.668758E+00  0.302855E+03  0.214846E+01  0.558440E-01  0.774901E-01  0.000000E+00  0.253851E+03  0.253851E+03  0.253851E+03 -0.577373E-02  0.227025E+03  0.191505E+02  0.194923E+01
  0.673154E+00  0.299707E+03  0.212486E+01  0.557339E-01  0.578324E-01  0.000000E+00  0.251212E+03  0.251212E+03  0.251212E+03 -0.571370E-02  0.224655E+03  0.190023E+02  0.191580E+01
  0.677530E+00  0.296624E+03  0.210392E+01  0.548586E-01  0.185019E-01  0.000000E+00  0.248628E+03  0.248628E+03  0.248628E+03 -0.565491E-02  0.222334E+03  0.188473E+02  0.188339E+01
  0.681888E+00  0.293602E+03  0.208494E+01  0.532352E-01 -0.662885E-02  0.000000E+00  0.246096E+03  0.246096E+03  0.246096E+03 -0.559729E-02  0.220061E+03  0.186800E+02  0.185198E+01
  0.686229E+00  0.290641E+03  0.206717E+01  0.510255E-01  0.319338E-02  0.000000E+00  0.243614E+03  0.243614E+03  0.243614E+03 -0.554083E-02  0.217832E+03  0.184990E+02  0.182155E+01
  0.690553E+00  0.287737E+03  0.204978E+01  0.484913E-01  0.385666E-01  0.000000E+00  0.241181E+03  0.241181E+03  0.241181E+03 -0.548546E-02  0.215647E+03  0.183060E+02  0.179205E+01
  0.694863E+00  0.284889E+03  0.203219E+01  0.459409E-01  0.688909E-01  0.000000E+00  0.238794E+03  0.238794E+03  0.238794E+03 -0.543115E-02  0.213504E+03  0.181053E+02  0.176341E+01
  0.699158E+00  0.282094E+03  0.201393E+01  0.436692E-01  0.685679E-01  0.000000E+00  0.236451E+03  0.236451E+03  0.236451E+03 -0.537786E-02  0.211401E+03  0.179025E+02  0.173553E+01
  0.703440E+00  0.279350E+03  0.199483E+01  0.419044E-01  0.378123E-01  0.000000E+00  0.234151E+03  0.234151E+03  0.234151E+03 -0.532555E-02  0.209337E+03  0.177031E+02  0.170834E+01
  0.707710E+00  0.276656E+03  0.197499E+01  0.407681E-01  0.161181E-02  0.000000E+00  0.231893E+03  0.231893E+03  0.231893E+03 -0.527417E-02  0.207310E+03  0.175118E+02  0.168178E+01
  0.711968E+00  0.274010E+03  0.195461E+01  0.402556E-01 -0.112494E-01  0.000000E+00  0.229675E+03  0.229675E+03  0.229675E+03 -0.522371E-02  0.205320E+03  0.173315E+02  0.165577E+01
  0.716215E+00  0.271410E+03  0.193401E+01  0.402410E-01  0.865641E-02  0.000000E+00  0.227495E+03  0.227495E+03  0.227495E+03 -0.517413E-02  0.203364E+03  0.171630E+02  0.163031E+01
  0.720453E+00  0.268855E+03  0.191356E+01  0.405072E-01  0.445100E-01  0.000000E+00  0.225353E+03  0.225353E+03  0.225353E+03 -0.512540E-02  0.201442E+03  0.170056E+02  0.160536E+01
  0.724681E+00  0.266342E+03  0.189359E+01  0.407933E-01  0.673823E-01  0.000000E+00  0.223247E+03  0.223247E+03  0.223247E+03 -0.507750E-02  0.199552E+03  0.168571E+02  0.158092E+01
  0.728901E+00  0.263872E+03  0.187431E+01  0.408517E-01  0.592077E-01  0.000000E+00  0.221176E+03  0.221176E+03  0.221176E+03 -0.503039E-02  0.197694E+03  0.167147E+02  0.155701E+01
  0.733114E+00  0.261441E+03  0.185582E+01  0.405014E-01  0.265425E-01  0.000000E+00  0.219138E+03  0.219138E+03  0.219138E+03 -0.498404E-02  0.195866E+03  0.165755E+02  0.153362E+01
  0.737319E+00  0.259050E+03  0.183819E+01  0.396661E-01 -0.527560E-02  0.000000E+00  0.217134E+03  0.217134E+03  0.217134E+03 -0.493844E-02  0.194068E+03  0.164368E+02  0.151075E+01
  0.741519E+00  0.256696E+03  0.182128E+01  0.383874E-01 -0.122052E-01  0.000000E+00  0.215161E+03  0.215161E+03  0.215161E+03 -0.489355E-02  0.192298E+03  0.162970E+02  0.148841E+01
  0.745713E+00  0.254379E+03  0.180499E+01  0.368101E-01  0.101387E-01  0.000000E+00  0.213219E+03  0.213219E+03  0.213219E+03 -0.484937E-02  0.190556E+03  0.161551E+02  0.146658E+01
  0.749902E+00  0.252097E+03  0.178909E+01  0.351433E-01  0.437644E-01  0.000000E+00  0.211306E+03  0.211306E+03  0.211306E+03 -0.480586E-02  0.188840E+03  0.160113E+02  0.144525E+01
  0.754087E+00  0.249849E+03  0.177348E+01  0.336077E-01  0.626137E-01  0.000000E+00  0.209422E+03  0.209422E+03  0.209422E+03 -0.476299E-02  0.187150E+03  0.158662E+02  0.142438E+01
  0.758269E+00  0.247634E+03  0.175796E+01  0.323826E-01  0.524984E-01  0.000000E+00  0.207566E+03  0.207566E+03  0.207566E+03 -0.472077E-02  0.185485E+03  0.157212E+02  0.140395E+01
  0.762448E+00  0.245453E+03  0.174249E+01  0.315663E-01  0.213439E-01  0.000000E+00  0.205737E+03  0.205737E+03  0.205737E+03 -0.467918E-02  0.183845E+03  0.155774E+02  0.138395E+01
  0.766624E+00  0.243302E+03  0.172700E+01  0.311576E-01 -0.735912E-02  0.000000E+00  0.203934E+03  0.203934E+03  0.203934E+03 -0.463817E-02  0.182228E+03  0.154360E+02  0.136434E+01
  0.770799E+00  0.241181E+03  0.171152E+01  0.310652E-01 -0.125412E-01  0.000000E+00  0.202157E+03  0.202157E+03  0.202157E+03 -0.459773E-02  0.180634E+03  0.152978E+02  0.134511E+01
  0.774972E+00  0.239090E+03  0.169606E+01  0.311356E-01  0.880407E-02  0.000000E+00  0.200404E+03  0.200404E+03  0.200404E+03 -0.455786E-02  0.179062E+03  0.151632E+02  0.132623E+01
  0.779145E+00  0.237027E+03  0.168074E+01  0.311948E-01  0.399486E-01  0.000000E+00  0.198674E+03  0.198674E+03  0.198674E+03 -0.451851E-02  0.177511E+03  0.150321E+02  0.130770E+01
  0.783319E+00  0.234993E+03  0.166562E+01  0.310919E-01  0.572764E-01  0.000000E+00  0.196969E+03  0.196969E+03  0.196969E+03 -0.447974E-02  0.175982E+03  0.149043E+02  0.128952E+01
  0.787492E+00  0.232985E+03  0.165071E+01  0.307308E-01  0.479429E-01  0.000000E+00  0.195286E+03  0.195286E+03  0.195286E+03 -0.444145E-02  0.174473E+03  0.147793E+02  0.127166E+01
  0.791667E+00  0.231004E+03  0.163615E+01  0.300895E-01  0.190987E-01  0.000000E+00  0.193625E+03  0.193625E+03  0.193625E+03 -0.440368E-02  0.172984E+03  0.146566E+02  0.125414E+01
  0.795843E+00  0.229048E+03  0.162189E+01  0.292167E-01 -0.778679E-02  0.000000E+00  0.191986E+03  0.191986E+03  0.191986E+03 -0.436639E-02  0.171515E+03  0.145357E+02  0.123693E+01
  0.800021E+00  0.227118E+03  0.160796E+01  0.282142E-01 -0.130402E-01  0.000000E+00  0.190368E+03  0.190368E+03  0.190368E+03 -0.432957E-02  0.170064E+03  0.144161E+02  0.122004E+01
  0.804202E+00  0.225212E+03  0.159429E+01  0.272069E-01  0.665886E-02  0.000000E+00  0.188770E+03  0.188770E+03  0.188770E+03 -0.429323E-02  0.168632E+03  0.142976E+02  0.120345E+01
  0.808386E+00  0.223329E+03  0.158090E+01  0.263107E-01  0.360555E-01  0.000000E+00  0.187192E+03  0.187192E+03  0.187192E+03 -0.425733E-02  0.167217E+03  0.141800E+02  0.118716E+01
  0.812574E+00  0.221470E+03  0.156770E+01  0.256046E-01  0.528075E-01  0.000000E+00  0.185634E+03  0.185634E+03  0.185634E+03 -0.422188E-02  0.165820E+03  0.140633E+02  0.117116E+01
  0.816765E+00  0.219633E+03  0.155463E+01  0.251161E-01  0.442346E-01  0.000000E+00  0.184094E+03  0.184094E+03  0.184094E+03 -0.418686E-02  0.164440E+03  0.139474E+02  0.115544E+01
  0.820961E+00  0.217818E+03  0.154170E+01  0.248194E-01  0.167650E-01  0.000000E+00  0.182573E+03  0.182573E+03  0.182573E+03 -0.415226E-02  0.163077E+03  0.138325E+02  0.114000E+01
  0.825162E+00  0.216024E+03  0.152885E+01  0.246486E-01 -0.891975E-02  0.000000E+00  0.181070E+03  0.181070E+03  0.181070E+03 -0.411807E-02  0.161729E+03  0.137186E+02  0.112482E+01
  0.829368E+00  0.214252E+03  0.151608E+01  0.245180E-01 -0.135326E-01  0.000000E+00  0.179584E+03  0.179584E+03  0.179584E+03 -0.408426E-02  0.160397E+03  0.136058E+02  0.110990E+01
  0.833580E+00  0.212499E+03  0.150342E+01  0.243461E-01  0.613593E-02  0.000000E+00  0.178115E+03  0.178115E+03  0.178115E+03 -0.405085E-02  0.159081E+03  0.134942E+02  0.109523E+01
  0.837798E+00  0.210768E+03  0.149085E+01  0.240748E-01  0.346096E-01  0.000000E+00  0.176663E+03  0.176663E+03  0.176663E+03 -0.401784E-02  0.157781E+03  0.133839E+02  0.108081E+01
  0.842022E+00  0.209055E+03  0.147842E+01  0.236796E-01  0.495939E-01  0.000000E+00  0.175227E+03  0.175227E+03  0.175227E+03 -0.398518E-02  0.156494E+03  0.132749E+02  0.106662E+01
  0.846254E+00  0.207360E+03  0.146611E+01  0.231717E-01  0.392592E-01  0.000000E+00  0.173807E+03  0.173807E+03  0.173807E+03 -0.395288E-02  0.155221E+03  0.131672E+02  0.105265E+01
  0.850493E+00  0.205686E+03  0.145401E+01  0.225900E-01  0.116102E-01  0.000000E+00  0.172403E+03  0.172403E+03  0.172403E+03 -0.392095E-02  0.153963E+03  0.130611E+02  0.103891E+01
  0.854739E+00  0.204028E+03  0.144208E+01  0.219868E-01 -0.116543E-01  0.000000E+00  0.171014E+03  0.171014E+03  0.171014E+03 -0.388933E-02  0.152718E+03  0.129563E+02  0.102538E+01
  0.858994E+00  0.202389E+03  0.143036E+01  0.214149E-01 -0.123143E-01  0.000000E+00  0.169640E+03  0.169640E+03  0.169640E+03 -0.385808E-02  0.151487E+03  0.128531E+02  0.101207E+01
  0.863258E+00  0.200767E+03  0.141881E+01  0.209137E-01  0.977165E-02  0.000000E+00  0.168280E+03  0.168280E+03  0.168280E+03 -0.382715E-02  0.150269E+03  0.127511E+02  0.998963E+00
  0.867530E+00  0.199162E+03  0.140746E+01  0.205021E-01  0.363839E-01  0.000000E+00  0.166935E+03  0.166935E+03  0.166935E+03 -0.379655E-02  0.149064E+03  0.126504E+02  0.986061E+00
  0.871811E+00  0.197574E+03  0.139624E+01  0.201760E-01  0.457226E-01  0.000000E+00  0.165604E+03  0.165604E+03  0.165604E+03 -0.376628E-02  0.147871E+03  0.125508E+02  0.973357E+00
  0.876103E+00  0.196002E+03  0.138517E+01  0.199132E-01  0.302255E-01  0.000000E+00  0.164287E+03  0.164287E+03  0.164287E+03 -0.373631E-02  0.146691E+03  0.124521E+02  0.960848E+00
  0.880404E+00  0.194446E+03  0.137422E+01  0.196809E-01  0.286026E-02  0.000000E+00  0.162983E+03  0.162983E+03  0.162983E+03 -0.370666E-02  0.145523E+03  0.123543E+02  0.948531E+00
  0.884715E+00  0.192906E+03  0.136336E+01  0.194455E-01 -0.137516E-01  0.000000E+00  0.161692E+03  0.161692E+03  0.161692E+03 -0.367729E-02  0.144367E+03  0.122571E+02  0.936400E+00
  0.889037E+00  0.191382E+03  0.135257E+01  0.191818E-01 -0.625786E-02  0.000000E+00  0.160414E+03  0.160414E+03  0.160414E+03 -0.364823E-02  0.143222E+03  0.121608E+02  0.924456E+00
  0.893370E+00  0.189872E+03  0.134185E+01  0.188773E-01  0.182236E-01  0.000000E+00  0.159149E+03  0.159149E+03  0.159149E+03 -0.361945E-02  0.142089E+03  0.120650E+02  0.912689E+00
  0.897715E+00  0.188377E+03  0.133120E+01  0.185337E-01  0.383819E-01  0.000000E+00  0.157896E+03  0.157896E+03  0.157896E+03 -0.359095E-02  0.140967E+03  0.119700E+02  0.901096E+00
  0.902071E+00  0.186897E+03  0.132061E+01  0.181634E-01  0.371302E-01  0.000000E+00  0.156655E+03  0.156655E+03  0.156655E+03 -0.356273E-02  0.139856E+03  0.118758E+02  0.889675E+00
  0.906439E+00  0.185431E+03  0.131009E+01  0.177845E-01  0.161684E-01  0.000000E+00  0.155426E+03  0.155426E+03  0.155426E+03 -0.353478E-02  0.138755E+03  0.117826E+02  0.878419E+00
  0.910819E+00  0.183978E+03  0.129967E+01  0.174147E-01 -0.587288E-02  0.000000E+00  0.154209E+03  0.154209E+03  0.154209E+03 -0.350709E-02  0.137665E+03  0.116904E+02  0.867324E+00
  0.915212E+00  0.182539E+03  0.128934E+01  0.170680E-01 -0.101186E-01  0.000000E+00  0.153002E+03  0.153002E+03  0.153002E+03 -0.347964E-02  0.136585E+03  0.115992E+02  0.856384E+00
  0.919618E+00  0.181114E+03  0.127911E+01  0.167518E-01  0.602697E-02  0.000000E+00  0.151808E+03  0.151808E+03  0.151808E+03 -0.345247E-02  0.135515E+03  0.115091E+02  0.845602E+00
  0.924037E+00  0.179703E+03  0.126901E+01  0.164663E-01  0.271443E-01  0.000000E+00  0.150625E+03  0.150625E+03  0.150625E+03 -0.342556E-02  0.134455E+03  0.114200E+02  0.834972E+00
  0.928469E+00  0.178304E+03  0.125901E+01  0.162058E-01  0.342059E-01  0.000000E+00  0.149452E+03  0.149452E+03  0.149452E+03 -0.339889E-02  0.133405E+03  0.113317E+02  0.824489E+00
  0.932916E+00  0.176918E+03  0.124912E+01  0.159609E-01  0.216724E-01  0.000000E+00  0.148290E+03  0.148290E+03  0.148290E+03 -0.337246E-02  0.132365E+03  0.112444E+02  0.814155E+00
  0.937376E+00  0.175544E+03  0.123934E+01  0.157212E-01  0.188427E-02  0.000000E+00  0.147139E+03  0.147139E+03  0.147139E+03 -0.334629E-02  0.131335E+03  0.111579E+02  0.803967E+00
  0.941850E+00  0.174183E+03  0.122965E+01  0.154780E-01 -0.701548E-02  0.000000E+00  0.145998E+03  0.145998E+03  0.145998E+03 -0.332034E-02  0.130313E+03  0.110720E+02  0.793919E+00
  0.946340E+00  0.172834E+03  0.122004E+01  0.152267E-01  0.202024E-02  0.000000E+00  0.144868E+03  0.144868E+03  0.144868E+03 -0.329462E-02  0.129301E+03  0.109867E+02  0.784009E+00
  0.950844E+00  0.171498E+03  0.121052E+01  0.149670E-01  0.191525E-01  0.000000E+00  0.143748E+03  0.143748E+03  0.143748E+03 -0.326915E-02  0.128299E+03  0.109022E+02  0.774242E+00
  0.955363E+00  0.170173E+03  0.120105E+01  0.147015E-01  0.277607E-01  0.000000E+00  0.142637E+03  0.142637E+03  0.142637E+03 -0.324388E-02  0.127304E+03  0.108181E+02  0.764602E+00
  0.959898E+00  0.168859E+03  0.119164E+01  0.144354E-01  0.204274E-01  0.000000E+00  0.141536E+03  0.141536E+03  0.141536E+03 -0.321884E-02  0.126318E+03  0.107348E+02  0.755095E+00
  0.964448E+00  0.167557E+03  0.118230E+01  0.141734E-01  0.528672E-02  0.000000E+00  0.140444E+03  0.140444E+03  0.140444E+03 -0.319401E-02  0.125341E+03  0.106521E+02  0.745717E+00
  0.969014E+00  0.166266E+03  0.117301E+01  0.139192E-01 -0.276338E-02  0.000000E+00  0.139362E+03  0.139362E+03  0.139362E+03 -0.316939E-02  0.124373E+03  0.105702E+02  0.736465E+00
  0.973597E+00  0.164986E+03  0.116379E+01  0.136749E-01  0.317329E-02  0.000000E+00  0.138289E+03  0.138289E+03  0.138289E+03 -0.314499E-02  0.123412E+03  0.104891E+02  0.727336E+00
  0.978196E+00  0.163717E+03  0.115463E+01  0.134411E-01  0.158772E-01  0.000000E+00  0.137225E+03  0.137225E+03  0.137225E+03 -0.312080E-02  0.122460E+03  0.104087E+02  0.718328E+00
  0.982811E+00  0.162458E+03  0.114555E+01  0.132168E-01  0.220950E-01  0.000000E+00  0.136170E+03  0.136170E+03  0.136170E+03 -0.309681E-02  0.121516E+03  0.103290E+02  0.709439E+00
  0.987444E+00  0.161210E+03  0.113654E+01  0.129999E-01  0.160800E-01  0.000000E+00  0.135124E+03  0.135124E+03  0.135124E+03 -0.307300E-02  0.120579E+03  0.102500E+02  0.700663E+00
  0.992093E+00  0.159972E+03  0.112762E+01  0.127879E-01  0.480273E-02  0.000000E+00  0.134087E+03  0.134087E+03  0.134087E+03 -0.304940E-02  0.119651E+03  0.101717E+02  0.692006E+00
  0.996760E+00  0.158745E+03  0.111878E+01  0.125786E-01  0.641894E-04  0.000000E+00  0.133058E+03  0.133058E+03  0.133058E+03 -0.302601E-02  0.118730E+03  0.100941E+02  0.683463E+00
  0.100144E+01  0.157529E+03  0.111004E+01  0.123705E-01  0.610982E-02  0.000000E+00  0.132038E+03  0.132038E+03  0.132038E+03 -0.300282E-02  0.117818E+03  0.100172E+02  0.675035E+00
  0.100615E+01  0.156322E+03  0.110138E+01  0.121634E-01  0.156925E-01  0.000000E+00  0.131027E+03  0.131027E+03  0.131027E+03 -0.297982E-02  0.116913E+03  0.994084E+01  0.666714E+00
  0.101087E+01  0.155125E+03  0.109281E+01  0.119577E-01  0.182384E-01  0.000000E+00  0.130024E+03  0.130024E+03  0.130024E+03 -0.295700E-02  0.116015E+03  0.986503E+01  0.658501E+00
  0.101561E+01  0.153938E+03  0.108431E+01  0.117540E-01  0.112012E-01  0.000000E+00  0.129028E+03  0.129028E+03  0.129028E+03 -0.293436E-02  0.115125E+03  0.978979E+01  0.650395E+00
  0.102036E+01  0.152760E+03  0.107590E+01  0.115531E-01  0.246112E-02  0.000000E+00  0.128041E+03  0.128041E+03  0.128041E+03 -0.291191E-02  0.114241E+03  0.971513E+01  0.642394E+00
  0.102514E+01  0.151592E+03  0.106756E+01  0.113553E-01  0.152373E-02  0.000000E+00  0.127062E+03  0.127062E+03  0.127062E+03 -0.288965E-02  0.113365E+03  0.964106E+01  0.634495E+00
  0.102994E+01  0.150434E+03  0.105931E+01  0.111613E-01  0.914858E-02  0.000000E+00  0.126091E+03  0.126091E+03  0.126091E+03 -0.286756E-02  0.112496E+03  0.956757E+01  0.626698E+00
  0.103475E+01  0.149284E+03  0.105112E+01  0.109716E-01  0.166192E-01  0.000000E+00  0.125128E+03  0.125128E+03  0.125128E+03 -0.284564E-02  0.111634E+03  0.949468E+01  0.619000E+00
  0.103958E+01  0.148144E+03  0.104300E+01  0.107864E-01  0.154063E-01  0.000000E+00  0.124172E+03  0.124172E+03  0.124172E+03 -0.282392E-02  0.110780E+03  0.942242E+01  0.611402E+00
  0.104444E+01  0.147013E+03  0.103494E+01  0.106056E-01  0.662432E-02  0.000000E+00  0.123224E+03  0.123224E+03  0.123224E+03 -0.280235E-02  0.109931E+03  0.935072E+01  0.603897E+00
  0.104931E+01  0.145891E+03  0.102696E+01  0.104290E-01 -0.103238E-03  0.000000E+00  0.122283E+03  0.122283E+03  0.122283E+03 -0.278095E-02  0.109090E+03  0.927963E+01  0.596489E+00
  0.105420E+01  0.144777E+03  0.101905E+01  0.102559E-01  0.272960E-02  0.000000E+00  0.121350E+03  0.121350E+03  0.121350E+03 -0.275971E-02  0.108254E+03  0.920906E+01  0.589171E+00
  0.105911E+01  0.143673E+03  0.101121E+01  0.100858E-01  0.120374E-01  0.000000E+00  0.120424E+03  0.120424E+03  0.120424E+03 -0.273867E-02  0.107427E+03  0.913915E+01  0.581951E+00
  0.106405E+01  0.142578E+03  0.100344E+01  0.991835E-02  0.173392E-01  0.000000E+00  0.119506E+03  0.119506E+03  0.119506E+03 -0.271779E-02  0.106605E+03  0.906974E+01  0.574822E+00
  0.106900E+01  0.141490E+03  0.995740E+00  0.975295E-02  0.123677E-01  0.000000E+00  0.118595E+03  0.118595E+03  0.118595E+03 -0.269706E-02  0.105790E+03  0.900081E+01  0.567779E+00
  0.107398E+01  0.140411E+03  0.988095E+00  0.958936E-02  0.228271E-02  0.000000E+00  0.117690E+03  0.117690E+03  0.117690E+03 -0.267648E-02  0.104981E+03  0.893239E+01  0.560824E+00
  0.107897E+01  0.139341E+03  0.980534E+00  0.942754E-02 -0.178365E-02  0.000000E+00  0.116793E+03  0.116793E+03  0.116793E+03 -0.265608E-02  0.104179E+03  0.886454E+01  0.553959E+00
  0.108399E+01  0.138279E+03  0.973035E+00  0.926774E-02  0.484434E-02  0.000000E+00  0.115903E+03  0.115903E+03  0.115903E+03 -0.263584E-02  0.103383E+03  0.879719E+01  0.547180E+00
  0.108903E+01  0.137225E+03  0.965602E+00  0.911061E-02  0.148248E-01  0.000000E+00  0.115020E+03  0.115020E+03  0.115020E+03 -0.261575E-02  0.102593E+03  0.873034E+01  0.540485E+00
  0.109409E+01  0.136180E+03  0.958230E+00  0.895684E-02  0.167753E-01  0.000000E+00  0.114144E+03  0.114144E+03  0.114144E+03 -0.259582E-02  0.101809E+03  0.866401E+01  0.533873E+00
  0.109917E+01  0.135142E+03  0.950923E+00  0.880670E-02  0.813642E-02  0.000000E+00  0.113274E+03  0.113274E+03  0.113274E+03 -0.257603E-02  0.101031E+03  0.859818E+01  0.527342E+00
  0.110427E+01  0.134112E+03  0.943679E+00  0.865996E-02 -0.160780E-02  0.000000E+00  0.112411E+03  0.112411E+03  0.112411E+03 -0.255641E-02  0.100259E+03  0.853290E+01  0.520893E+00
  0.110940E+01  0.133091E+03  0.936489E+00  0.851606E-02 -0.147361E-02  0.000000E+00  0.111555E+03  0.111555E+03  0.111555E+03 -0.253693E-02  0.994934E+02  0.846813E+01  0.514525E+00
  0.111454E+01  0.132077E+03  0.929347E+00  0.837447E-02  0.844592E-02  0.000000E+00  0.110705E+03  0.110705E+03  0.110705E+03 -0.251761E-02  0.987334E+02  0.840385E+01  0.508235E+00
  0.111971E+01  0.131071E+03  0.922267E+00  0.823497E-02  0.167937E-01  0.000000E+00  0.109861E+03  0.109861E+03  0.109861E+03 -0.249843E-02  0.979793E+02  0.834004E+01  0.502022E+00
  0.112490E+01  0.130072E+03  0.915232E+00  0.809743E-02  0.138321E-01  0.000000E+00  0.109025E+03  0.109025E+03  0.109025E+03 -0.247939E-02  0.972310E+02  0.827671E+01  0.495887E+00
  0.113012E+01  0.129082E+03  0.908257E+00  0.796184E-02  0.274263E-02  0.000000E+00  0.108195E+03  0.108195E+03  0.108195E+03 -0.246052E-02  0.964890E+02  0.821391E+01  0.489830E+00
  0.113536E+01  0.128099E+03  0.901314E+00  0.782806E-02 -0.383855E-02  0.000000E+00  0.107370E+03  0.107370E+03  0.107370E+03 -0.244178E-02  0.957521E+02  0.815154E+01  0.483844E+00
  0.114062E+01  0.127123E+03  0.894426E+00  0.769629E-02  0.162842E-02  0.000000E+00  0.106552E+03  0.106552E+03  0.106552E+03 -0.242317E-02  0.950208E+02  0.808963E+01  0.477933E+00
  0.114590E+01  0.126155E+03  0.887581E+00  0.756685E-02  0.127318E-01  0.000000E+00  0.105741E+03  0.105741E+03  0.105741E+03 -0.240471E-02  0.942950E+02  0.802817E+01  0.472094E+00
  0.115121E+01  0.125194E+03  0.880779E+00  0.744006E-02  0.164205E-01  0.000000E+00  0.104935E+03  0.104935E+03  0.104935E+03 -0.238639E-02  0.935748E+02  0.796718E+01  0.466326E+00
  0.115654E+01  0.124240E+03  0.874024E+00  0.731589E-02  0.823892E-02  0.000000E+00  0.104136E+03  0.104136E+03  0.104136E+03 -0.236821E-02  0.928599E+02  0.790664E+01  0.460629E+00
  0.116189E+01  0.123293E+03  0.867303E+00  0.719399E-02 -0.233863E-02  0.000000E+00  0.103342E+03  0.103342E+03  0.103342E+03 -0.235015E-02  0.921503E+02  0.784655E+01  0.455001E+00
  0.116727E+01  0.122353E+03  0.860633E+00  0.707397E-02 -0.291292E-02  0.000000E+00  0.102554E+03  0.102554E+03  0.102554E+03 -0.233224E-02  0.914463E+02  0.778694E+01  0.449443E+00
  0.117267E+01  0.121421E+03  0.854010E+00  0.695564E-02  0.716348E-02  0.000000E+00  0.101773E+03  0.101773E+03  0.101773E+03 -0.231447E-02  0.907476E+02  0.772777E+01  0.443952E+00
  0.117810E+01  0.120495E+03  0.847429E+00  0.683915E-02  0.157879E-01  0.000000E+00  0.100997E+03  0.100997E+03  0.100997E+03 -0.229683E-02  0.900544E+02  0.766906E+01  0.438530E+00
  0.118355E+01  0.119577E+03  0.840892E+00  0.672463E-02  0.124042E-01  0.000000E+00  0.100227E+03  0.100227E+03  0.100227E+03 -0.227932E-02  0.893662E+02  0.761075E+01  0.433173E+00
  0.118902E+01  0.118665E+03  0.834394E+00  0.661212E-02  0.857100E-03  0.000000E+00  0.994631E+02  0.994631E+02  0.994631E+02 -0.226194E-02  0.886830E+02  0.755288E+01  0.427881E+00
  0.119452E+01  0.117760E+03  0.827943E+00  0.650143E-02 -0.486429E-02  0.000000E+00  0.987046E+02  0.987046E+02  0.987046E+02 -0.224469E-02  0.880050E+02  0.749544E+01  0.422653E+00
  0.120005E+01  0.116863E+03  0.821540E+00  0.639251E-02  0.238938E-02  0.000000E+00  0.979521E+02  0.979521E+02  0.979521E+02 -0.222757E-02  0.873324E+02  0.743846E+01  0.417491E+00
  0.120559E+01  0.115971E+03  0.815184E+00  0.628542E-02  0.136772E-01  0.000000E+00  0.972051E+02  0.972051E+02  0.972051E+02 -0.221058E-02  0.866648E+02  0.738188E+01  0.412391E+00
  0.121117E+01  0.115086E+03  0.808869E+00  0.618031E-02  0.145969E-01  0.000000E+00  0.964635E+02  0.964635E+02  0.964635E+02 -0.219372E-02  0.860018E+02  0.732570E+01  0.407352E+00
  0.121677E+01  0.114208E+03  0.802599E+00  0.607713E-02  0.357413E-02  0.000000E+00  0.957274E+02  0.957274E+02  0.957274E+02 -0.217698E-02  0.853440E+02  0.726995E+01  0.402374E+00
  0.122239E+01  0.113337E+03  0.796378E+00  0.597557E-02 -0.540899E-02  0.000000E+00  0.949967E+02  0.949967E+02  0.949967E+02 -0.216035E-02  0.846908E+02  0.721459E+01  0.397456E+00
  0.122804E+01  0.112472E+03  0.790203E+00  0.587546E-02 -0.526234E-03  0.000000E+00  0.942716E+02  0.942716E+02  0.942716E+02 -0.214386E-02  0.840428E+02  0.715968E+01  0.392599E+00
  0.123372E+01  0.111613E+03  0.784087E+00  0.577687E-02  0.119401E-01  0.000000E+00  0.935518E+02  0.935518E+02  0.935518E+02 -0.212749E-02  0.833995E+02  0.710515E+01  0.387800E+00
  0.123942E+01  0.110761E+03  0.778017E+00  0.568009E-02  0.151956E-01  0.000000E+00  0.928377E+02  0.928377E+02  0.928377E+02 -0.211125E-02  0.827614E+02  0.705105E+01  0.383061E+00
  0.124515E+01  0.109915E+03  0.771999E+00  0.558513E-02  0.450847E-02  0.000000E+00  0.921287E+02  0.921287E+02  0.921287E+02 -0.209513E-02  0.821278E+02  0.699734E+01  0.378379E+00
  0.125090E+01  0.109075E+03  0.766029E+00  0.549180E-02 -0.567689E-02  0.000000E+00  0.914250E+02  0.914250E+02  0.914250E+02 -0.207913E-02  0.814990E+02  0.694402E+01  0.373753E+00
  0.125668E+01  0.108242E+03  0.760118E+00  0.539985E-02 -0.124799E-02  0.000000E+00  0.907265E+02  0.907265E+02  0.907265E+02 -0.206324E-02  0.808748E+02  0.689111E+01  0.369184E+00
  0.126248E+01  0.107415E+03  0.754262E+00  0.530934E-02  0.115227E-01  0.000000E+00  0.900335E+02  0.900335E+02  0.900335E+02 -0.204748E-02  0.802556E+02  0.683860E+01  0.364671E+00
  0.126832E+01  0.106594E+03  0.748450E+00  0.522043E-02  0.144039E-01  0.000000E+00  0.893454E+02  0.893454E+02  0.893454E+02 -0.203183E-02  0.796408E+02  0.678646E+01  0.360213E+00
  0.127417E+01  0.105780E+03  0.742695E+00  0.513316E-02  0.325943E-02  0.000000E+00  0.886624E+02  0.886624E+02  0.886624E+02 -0.201630E-02  0.790305E+02  0.673471E+01  0.355808E+00
  0.128006E+01  0.104971E+03  0.736983E+00  0.504729E-02 -0.572575E-02  0.000000E+00  0.879846E+02  0.879846E+02  0.879846E+02 -0.200088E-02  0.784248E+02  0.668335E+01  0.351456E+00
  0.128597E+01  0.104168E+03  0.731323E+00  0.496265E-02  0.341785E-03  0.000000E+00  0.873117E+02  0.873117E+02  0.873117E+02 -0.198558E-02  0.778237E+02  0.663236E+01  0.347157E+00
  0.129191E+01  0.103371E+03  0.725715E+00  0.487934E-02  0.120308E-01  0.000000E+00  0.866437E+02  0.866437E+02  0.866437E+02 -0.197039E-02  0.772268E+02  0.658173E+01  0.342910E+00
  0.129788E+01  0.102580E+03  0.720153E+00  0.479758E-02  0.118358E-01  0.000000E+00  0.859807E+02  0.859807E+02  0.859807E+02 -0.195531E-02  0.766344E+02  0.653147E+01  0.338714E+00
  0.130387E+01  0.101796E+03  0.714645E+00  0.471741E-02  0.509811E-03  0.000000E+00  0.853231E+02  0.853231E+02  0.853231E+02 -0.194035E-02  0.760469E+02  0.648164E+01  0.334571E+00
  0.130989E+01  0.101016E+03  0.709170E+00  0.463849E-02 -0.455615E-02  0.000000E+00  0.846700E+02  0.846700E+02  0.846700E+02 -0.192550E-02  0.754635E+02  0.643214E+01  0.330477E+00
  0.131594E+01  0.100243E+03  0.703749E+00  0.456072E-02  0.373272E-02  0.000000E+00  0.840219E+02  0.840219E+02  0.840219E+02 -0.191076E-02  0.748845E+02  0.638302E+01  0.326433E+00
  0.132202E+01  0.994754E+02  0.698366E+00  0.448420E-02  0.118299E-01  0.000000E+00  0.833784E+02  0.833784E+02  0.833784E+02 -0.189612E-02  0.743096E+02  0.633424E+01  0.322437E+00
  0.132812E+01  0.987135E+02  0.693026E+00  0.440909E-02  0.738338E-02  0.000000E+00  0.827398E+02  0.827398E+02  0.827398E+02 -0.188160E-02  0.737391E+02  0.628583E+01  0.318490E+00
  0.133426E+01  0.979575E+02  0.687729E+00  0.433531E-02 -0.180173E-02  0.000000E+00  0.821061E+02  0.821061E+02  0.821061E+02 -0.186719E-02  0.731731E+02  0.623780E+01  0.314592E+00
  0.134042E+01  0.972069E+02  0.682466E+00  0.426263E-02 -0.125233E-02  0.000000E+00  0.814770E+02  0.814770E+02  0.814770E+02 -0.185288E-02  0.726111E+02  0.619011E+01  0.310740E+00
  0.134660E+01  0.964620E+02  0.677239E+00  0.419109E-02  0.707348E-02  0.000000E+00  0.808526E+02  0.808526E+02  0.808526E+02 -0.183868E-02  0.720534E+02  0.614277E+01  0.306935E+00
  0.135282E+01  0.957226E+02  0.672049E+00  0.412081E-02  0.925396E-02  0.000000E+00  0.802329E+02  0.802329E+02  0.802329E+02 -0.182459E-02  0.714999E+02  0.609579E+01  0.303176E+00
  0.135907E+01  0.949887E+02  0.666896E+00  0.405182E-02  0.249794E-02  0.000000E+00  0.796177E+02  0.796177E+02  0.796177E+02 -0.181060E-02  0.709504E+02  0.604915E+01  0.299463E+00
  0.136534E+01  0.942603E+02  0.661775E+00  0.398396E-02 -0.145849E-02  0.000000E+00  0.790072E+02  0.790072E+02  0.790072E+02 -0.179671E-02  0.704051E+02  0.600286E+01  0.295794E+00
  0.137165E+01  0.935372E+02  0.656691E+00  0.391714E-02  0.327762E-02  0.000000E+00  0.784011E+02  0.784011E+02  0.784011E+02 -0.178293E-02  0.698638E+02  0.595691E+01  0.292171E+00
  0.137798E+01  0.928196E+02  0.651636E+00  0.385140E-02  0.779641E-02  0.000000E+00  0.777997E+02  0.777997E+02  0.777997E+02 -0.176925E-02  0.693266E+02  0.591130E+01  0.288591E+00
  0.138434E+01  0.921074E+02  0.646609E+00  0.378684E-02  0.460483E-02  0.000000E+00  0.772027E+02  0.772027E+02  0.772027E+02 -0.175567E-02  0.687935E+02  0.586603E+01  0.285055E+00
  0.139073E+01  0.914004E+02  0.641620E+00  0.372337E-02 -0.453597E-04  0.000000E+00  0.766101E+02  0.766101E+02  0.766101E+02 -0.174220E-02  0.682643E+02  0.582110E+01  0.281561E+00
  0.139715E+01  0.906987E+02  0.636657E+00  0.366091E-02  0.185467E-02  0.000000E+00  0.760220E+02  0.760220E+02  0.760220E+02 -0.172882E-02  0.677390E+02  0.577651E+01  0.278110E+00
  0.140360E+01  0.900021E+02  0.631727E+00  0.359946E-02  0.616511E-02  0.000000E+00  0.754380E+02  0.754380E+02  0.754380E+02 -0.171554E-02  0.672175E+02  0.573222E+01  0.274700E+00
  0.141008E+01  0.893108E+02  0.626823E+00  0.353909E-02  0.490590E-02  0.000000E+00  0.748586E+02  0.748586E+02  0.748586E+02 -0.170236E-02  0.667001E+02  0.568827E+01  0.271332E+00
  0.141659E+01  0.886246E+02  0.621959E+00  0.347976E-02  0.733458E-03  0.000000E+00  0.742835E+02  0.742835E+02  0.742835E+02 -0.168928E-02  0.661865E+02  0.564466E+01  0.268005E+00
  0.142313E+01  0.879436E+02  0.617127E+00  0.342139E-02  0.146353E-02  0.000000E+00  0.737127E+02  0.737127E+02  0.737127E+02 -0.167630E-02  0.656768E+02  0.560137E+01  0.264718E+00
  0.142970E+01  0.872677E+02  0.612325E+00  0.336394E-02  0.544693E-02  0.000000E+00  0.731460E+02  0.731460E+02  0.731460E+02 -0.166342E-02  0.651709E+02  0.555839E+01  0.261471E+00
  0.143630E+01  0.865967E+02  0.607558E+00  0.330749E-02  0.491490E-02  0.000000E+00  0.725837E+02  0.725837E+02  0.725837E+02 -0.165063E-02  0.646687E+02  0.551574E+01  0.258263E+00
  0.144293E+01  0.859307E+02  0.602828E+00  0.325202E-02  0.766571E-03  0.000000E+00  0.720254E+02  0.720254E+02  0.720254E+02 -0.163793E-02  0.641702E+02  0.547339E+01  0.255094E+00
  0.144959E+01  0.852697E+02  0.598134E+00  0.319743E-02  0.924834E-03  0.000000E+00  0.714714E+02  0.714714E+02  0.714714E+02 -0.162533E-02  0.636755E+02  0.543137E+01  0.251964E+00
  0.145628E+01  0.846137E+02  0.593479E+00  0.314372E-02  0.517159E-02  0.000000E+00  0.709215E+02  0.709215E+02  0.709215E+02 -0.161282E-02  0.631846E+02  0.538966E+01  0.248871E+00
  0.146300E+01  0.839624E+02  0.588858E+00  0.309095E-02  0.527939E-02  0.000000E+00  0.703756E+02  0.703756E+02  0.703756E+02 -0.160041E-02  0.626972E+02  0.534825E+01  0.245816E+00
  0.146976E+01  0.833161E+02  0.584278E+00  0.303910E-02  0.720149E-03  0.000000E+00  0.698339E+02  0.698339E+02  0.698339E+02 -0.158809E-02  0.622135E+02  0.530715E+01  0.242799E+00
  0.147654E+01  0.826746E+02  0.579740E+00  0.298808E-02  0.837952E-04  0.000000E+00  0.692962E+02  0.692962E+02  0.692962E+02 -0.157586E-02  0.617334E+02  0.526636E+01  0.239817E+00
  0.148336E+01  0.820378E+02  0.575237E+00  0.293785E-02  0.474647E-02  0.000000E+00  0.687624E+02  0.687624E+02  0.687624E+02 -0.156372E-02  0.612569E+02  0.522587E+01  0.236872E+00
  0.149020E+01  0.814060E+02  0.570778E+00  0.288851E-02  0.581651E-02  0.000000E+00  0.682328E+02  0.682328E+02  0.682328E+02 -0.155168E-02  0.607841E+02  0.518569E+01  0.233963E+00
  0.149708E+01  0.807783E+02  0.566357E+00  0.284003E-02  0.970963E-03  0.000000E+00  0.677068E+02  0.677068E+02  0.677068E+02 -0.153971E-02  0.603144E+02  0.514577E+01  0.231088E+00
  0.150399E+01  0.801562E+02  0.561977E+00  0.279236E-02 -0.733075E-03  0.000000E+00  0.671853E+02  0.671853E+02  0.671853E+02 -0.152786E-02  0.598490E+02  0.510622E+01  0.228250E+00
  0.151094E+01  0.795383E+02  0.557637E+00  0.274541E-02  0.402192E-02  0.000000E+00  0.666674E+02  0.666674E+02  0.666674E+02 -0.151608E-02  0.593867E+02  0.506693E+01  0.225446E+00
  0.151791E+01  0.789251E+02  0.553332E+00  0.269927E-02  0.620775E-02  0.000000E+00  0.661534E+02  0.661534E+02  0.661534E+02 -0.150439E-02  0.589278E+02  0.502792E+01  0.222675E+00
  0.152492E+01  0.783163E+02  0.549065E+00  0.265396E-02  0.148666E-02  0.000000E+00  0.656432E+02  0.656432E+02  0.656432E+02 -0.149278E-02  0.584723E+02  0.498920E+01  0.219939E+00
  0.153196E+01  0.777122E+02  0.544830E+00  0.260940E-02 -0.131488E-02  0.000000E+00  0.651368E+02  0.651368E+02  0.651368E+02 -0.148127E-02  0.580203E+02  0.495078E+01  0.217235E+00
  0.153903E+01  0.771126E+02  0.540639E+00  0.256550E-02  0.315227E-02  0.000000E+00  0.646342E+02  0.646342E+02  0.646342E+02 -0.146984E-02  0.575717E+02  0.491265E+01  0.214565E+00
  0.154613E+01  0.765175E+02  0.536473E+00  0.252236E-02  0.639463E-02  0.000000E+00  0.641354E+02  0.641354E+02  0.641354E+02 -0.145850E-02  0.571265E+02  0.487480E+01  0.211926E+00
  0.155327E+01  0.759269E+02  0.532343E+00  0.248001E-02  0.204135E-02  0.000000E+00  0.636404E+02  0.636404E+02  0.636404E+02 -0.144724E-02  0.566846E+02  0.483723E+01  0.209320E+00
  0.156044E+01  0.753407E+02  0.528243E+00  0.243836E-02 -0.175098E-02  0.000000E+00  0.631490E+02  0.631490E+02  0.631490E+02 -0.143606E-02  0.562461E+02  0.479994E+01  0.206746E+00
  0.156764E+01  0.747588E+02  0.524169E+00  0.239733E-02  0.240459E-02  0.000000E+00  0.626613E+02  0.626613E+02  0.626613E+02 -0.142497E-02  0.558108E+02  0.476293E+01  0.204203E+00
  0.157488E+01  0.741813E+02  0.520127E+00  0.235699E-02  0.656354E-02  0.000000E+00  0.621773E+02  0.621773E+02  0.621773E+02 -0.141396E-02  0.553788E+02  0.472620E+01  0.201691E+00
  0.158215E+01  0.736082E+02  0.516114E+00  0.231740E-02  0.232050E-02  0.000000E+00  0.616969E+02  0.616969E+02  0.616969E+02 -0.140304E-02  0.549501E+02  0.468974E+01  0.199209E+00
  0.158945E+01  0.730394E+02  0.512127E+00  0.227847E-02 -0.225116E-02  0.000000E+00  0.612202E+02  0.612202E+02  0.612202E+02 -0.139220E-02  0.545246E+02  0.465356E+01  0.196758E+00
  0.159679E+01  0.724748E+02  0.508163E+00  0.224011E-02  0.214843E-02  0.000000E+00  0.607469E+02  0.607469E+02  0.607469E+02 -0.138143E-02  0.541022E+02  0.461764E+01  0.194336E+00
  0.160416E+01  0.719145E+02  0.504222E+00  0.220240E-02  0.684280E-02  0.000000E+00  0.602773E+02  0.602773E+02  0.602773E+02 -0.137075E-02  0.536831E+02  0.458199E+01  0.191945E+00
  0.161156E+01  0.713584E+02  0.500309E+00  0.216540E-02  0.190834E-02  0.000000E+00  0.598112E+02  0.598112E+02  0.598112E+02 -0.136015E-02  0.532672E+02  0.454661E+01  0.189582E+00
  0.161900E+01  0.708064E+02  0.496420E+00  0.212901E-02 -0.276702E-02  0.000000E+00  0.593485E+02  0.593485E+02  0.593485E+02 -0.134963E-02  0.528543E+02  0.451150E+01  0.187248E+00
  0.162647E+01  0.702587E+02  0.492554E+00  0.209315E-02  0.279048E-02  0.000000E+00  0.588894E+02  0.588894E+02  0.588894E+02 -0.133919E-02  0.524446E+02  0.447665E+01  0.184942E+00
  0.163398E+01  0.697150E+02  0.488716E+00  0.205790E-02  0.692175E-02  0.000000E+00  0.584337E+02  0.584337E+02  0.584337E+02 -0.132883E-02  0.520380E+02  0.444206E+01  0.182664E+00
  0.164152E+01  0.691754E+02  0.484902E+00  0.202333E-02  0.526158E-03  0.000000E+00  0.579814E+02  0.579814E+02  0.579814E+02 -0.131854E-02  0.516344E+02  0.440772E+01  0.180415E+00
  0.164910E+01  0.686399E+02  0.481114E+00  0.198930E-02 -0.268771E-02  0.000000E+00  0.575325E+02  0.575325E+02  0.575325E+02 -0.130833E-02  0.512339E+02  0.437365E+01  0.178192E+00
  0.165671E+01  0.681083E+02  0.477351E+00  0.195577E-02  0.431109E-02  0.000000E+00  0.570870E+02  0.570870E+02  0.570870E+02 -0.129820E-02  0.508363E+02  0.433983E+01  0.175997E+00
  0.166436E+01  0.675809E+02  0.473619E+00  0.192284E-02  0.598619E-02  0.000000E+00  0.566449E+02  0.566449E+02  0.566449E+02 -0.128815E-02  0.504418E+02  0.430627E+01  0.173828E+00
  0.167204E+01  0.670573E+02  0.469914E+00  0.189053E-02 -0.135324E-02  0.000000E+00  0.562061E+02  0.562061E+02  0.562061E+02 -0.127817E-02  0.500503E+02  0.427295E+01  0.171686E+00
  0.167976E+01  0.665378E+02  0.466238E+00  0.185870E-02 -0.122361E-02  0.000000E+00  0.557705E+02  0.557705E+02  0.557705E+02 -0.126826E-02  0.496618E+02  0.423989E+01  0.169570E+00
  0.168751E+01  0.660219E+02  0.462595E+00  0.182735E-02  0.571767E-02  0.000000E+00  0.553382E+02  0.553382E+02  0.553382E+02 -0.125843E-02  0.492760E+02  0.420707E+01  0.167479E+00
  0.169530E+01  0.655101E+02  0.458976E+00  0.179660E-02  0.357001E-02  0.000000E+00  0.549091E+02  0.549091E+02  0.549091E+02 -0.124867E-02  0.488932E+02  0.417449E+01  0.165414E+00
  0.170313E+01  0.650021E+02  0.455394E+00  0.176639E-02 -0.231977E-02  0.000000E+00  0.544834E+02  0.544834E+02  0.544834E+02 -0.123899E-02  0.485134E+02  0.414217E+01  0.163375E+00
  0.171099E+01  0.644981E+02  0.451843E+00  0.173662E-02  0.145062E-02  0.000000E+00  0.540609E+02  0.540609E+02  0.540609E+02 -0.122938E-02  0.481365E+02  0.411009E+01  0.161360E+00
  0.171888E+01  0.639977E+02  0.448321E+00  0.170734E-02  0.548430E-02  0.000000E+00  0.536415E+02  0.536415E+02  0.536415E+02 -0.121985E-02  0.477623E+02  0.407825E+01  0.159370E+00
  0.172682E+01  0.635011E+02  0.444832E+00  0.167861E-02  0.651160E-03  0.000000E+00  0.532253E+02  0.532253E+02  0.532253E+02 -0.121038E-02  0.473910E+02  0.404664E+01  0.157404E+00
  0.173479E+01  0.630083E+02  0.441373E+00  0.165035E-02 -0.120509E-02  0.000000E+00  0.528122E+02  0.528122E+02  0.528122E+02 -0.120099E-02  0.470225E+02  0.401528E+01  0.155462E+00
  0.174280E+01  0.625192E+02  0.437946E+00  0.162251E-02  0.365833E-02  0.000000E+00  0.524023E+02  0.524023E+02  0.524023E+02 -0.119166E-02  0.466568E+02  0.398415E+01  0.153544E+00
  0.175084E+01  0.620335E+02  0.434543E+00  0.159516E-02  0.324910E-02  0.000000E+00  0.519952E+02  0.519952E+02  0.519952E+02 -0.118241E-02  0.462936E+02  0.395323E+01  0.151649E+00
  0.175892E+01  0.615517E+02  0.431177E+00  0.156831E-02 -0.766382E-03  0.000000E+00  0.515913E+02  0.515913E+02  0.515913E+02 -0.117322E-02  0.459333E+02  0.392257E+01  0.149777E+00
  0.176704E+01  0.610736E+02  0.427832E+00  0.154187E-02  0.131025E-02  0.000000E+00  0.511906E+02  0.511906E+02  0.511906E+02 -0.116411E-02  0.455758E+02  0.389214E+01  0.147928E+00
  0.177520E+01  0.605990E+02  0.424515E+00  0.151586E-02  0.362286E-02  0.000000E+00  0.507928E+02  0.507928E+02  0.507928E+02 -0.115506E-02  0.452210E+02  0.386193E+01  0.146102E+00
  0.178339E+01  0.601281E+02  0.421222E+00  0.149033E-02  0.688021E-03  0.000000E+00  0.503981E+02  0.503981E+02  0.503981E+02 -0.114608E-02  0.448689E+02  0.383195E+01  0.144298E+00
  0.179162E+01  0.596608E+02  0.417957E+00  0.146521E-02  0.302007E-03  0.000000E+00  0.500064E+02  0.500064E+02  0.500064E+02 -0.113718E-02  0.445195E+02  0.380221E+01  0.142516E+00
  0.179989E+01  0.591969E+02  0.414713E+00  0.144049E-02  0.290228E-02  0.000000E+00  0.496176E+02  0.496176E+02  0.496176E+02 -0.112833E-02  0.441727E+02  0.377268E+01  0.140756E+00
  0.180820E+01  0.587366E+02  0.411492E+00  0.141621E-02  0.155098E-02  0.000000E+00  0.492318E+02  0.492318E+02  0.492318E+02 -0.111956E-02  0.438287E+02  0.374338E+01  0.139017E+00
  0.181655E+01  0.582798E+02  0.408290E+00  0.139234E-02  0.169873E-03  0.000000E+00  0.488489E+02  0.488489E+02  0.488489E+02 -0.111085E-02  0.434872E+02  0.371430E+01  0.137300E+00
  0.182493E+01  0.578262E+02  0.405108E+00  0.136884E-02  0.230987E-02  0.000000E+00  0.484687E+02  0.484687E+02  0.484687E+02 -0.110221E-02  0.431480E+02  0.368542E+01  0.135603E+00
  0.183336E+01  0.573763E+02  0.401950E+00  0.134576E-02  0.190495E-02  0.000000E+00  0.480916E+02  0.480916E+02  0.480916E+02 -0.109363E-02  0.428116E+02  0.365678E+01  0.133927E+00
  0.184182E+01  0.569302E+02  0.398815E+00  0.132308E-02  0.861125E-04  0.000000E+00  0.477176E+02  0.477176E+02  0.477176E+02 -0.108513E-02  0.424783E+02  0.362839E+01  0.132274E+00
  0.185032E+01  0.564867E+02  0.395693E+00  0.130075E-02  0.190136E-02  0.000000E+00  0.473459E+02  0.473459E+02  0.473459E+02 -0.107667E-02  0.421467E+02  0.360015E+01  0.130638E+00
  0.185886E+01  0.560469E+02  0.392595E+00  0.127880E-02  0.228717E-02  0.000000E+00  0.469773E+02  0.469773E+02  0.469773E+02 -0.106829E-02  0.418180E+02  0.357215E+01  0.129023E+00
  0.186744E+01  0.556105E+02  0.389516E+00  0.125724E-02 -0.582545E-05  0.000000E+00  0.466115E+02  0.466115E+02  0.466115E+02 -0.105997E-02  0.414917E+02  0.354437E+01  0.127428E+00
  0.187606E+01  0.551773E+02  0.386460E+00  0.123602E-02  0.128928E-02  0.000000E+00  0.462484E+02  0.462484E+02  0.462484E+02 -0.105172E-02  0.411679E+02  0.351679E+01  0.125853E+00
  0.188472E+01  0.547474E+02  0.383427E+00  0.121515E-02  0.272410E-02  0.000000E+00  0.458881E+02  0.458881E+02  0.458881E+02 -0.104352E-02  0.408466E+02  0.348942E+01  0.124296E+00
  0.189342E+01  0.543208E+02  0.380416E+00  0.119466E-02  0.243295E-03  0.000000E+00  0.455305E+02  0.455305E+02  0.455305E+02 -0.103539E-02  0.405277E+02  0.346226E+01  0.122759E+00
  0.190216E+01  0.538974E+02  0.377431E+00  0.117449E-02  0.427824E-03  0.000000E+00  0.451756E+02  0.451756E+02  0.451756E+02 -0.102732E-02  0.402113E+02  0.343530E+01  0.121241E+00
  0.191094E+01  0.534772E+02  0.374466E+00  0.115465E-02  0.287170E-02  0.000000E+00  0.448234E+02  0.448234E+02  0.448234E+02 -0.101931E-02  0.398972E+02  0.340855E+01  0.119741E+00
  0.191976E+01  0.530602E+02  0.371527E+00  0.113517E-02  0.956560E-03  0.000000E+00  0.444739E+02  0.444739E+02  0.444739E+02 -0.101136E-02  0.395856E+02  0.338200E+01  0.118259E+00
  0.192862E+01  0.526464E+02  0.368614E+00  0.111601E-02 -0.380682E-03  0.000000E+00  0.441270E+02  0.441270E+02  0.441270E+02 -0.100347E-02  0.392763E+02  0.335565E+01  0.116796E+00
  0.193752E+01  0.522357E+02  0.365726E+00  0.109715E-02  0.251398E-02  0.000000E+00  0.437828E+02  0.437828E+02  0.437828E+02 -0.995645E-03  0.389693E+02  0.332950E+01  0.115351E+00
  0.194647E+01  0.518281E+02  0.362864E+00  0.107863E-02  0.191715E-02  0.000000E+00  0.434412E+02  0.434412E+02  0.434412E+02 -0.987876E-03  0.386647E+02  0.330354E+01  0.113923E+00
  0.195545E+01  0.514236E+02  0.360027E+00  0.106043E-02 -0.849581E-03  0.000000E+00  0.431021E+02  0.431021E+02  0.431021E+02 -0.980165E-03  0.383624E+02  0.327779E+01  0.112513E+00
  0.196448E+01  0.510221E+02  0.357213E+00  0.104250E-02  0.175345E-02  0.000000E+00  0.427656E+02  0.427656E+02  0.427656E+02 -0.972513E-03  0.380624E+02  0.325222E+01  0.111119E+00
  0.197354E+01  0.506238E+02  0.354426E+00  0.102489E-02  0.280335E-02  0.000000E+00  0.424318E+02  0.424318E+02  0.424318E+02 -0.964920E-03  0.377647E+02  0.322686E+01  0.109744E+00
  0.198265E+01  0.502285E+02  0.351660E+00  0.100759E-02 -0.937544E-03  0.000000E+00  0.421004E+02  0.421004E+02  0.421004E+02 -0.957384E-03  0.374693E+02  0.320168E+01  0.108385E+00
  0.199180E+01  0.498361E+02  0.348917E+00  0.990558E-03  0.882811E-03  0.000000E+00  0.417716E+02  0.417716E+02  0.417716E+02 -0.949906E-03  0.371761E+02  0.317670E+01  0.107042E+00
  0.200100E+01  0.494468E+02  0.346197E+00  0.973810E-03  0.341024E-02  0.000000E+00  0.414452E+02  0.414452E+02  0.414452E+02 -0.942486E-03  0.368852E+02  0.315191E+01  0.105716E+00
  0.201023E+01  0.490605E+02  0.343497E+00  0.957378E-03 -0.795757E-03  0.000000E+00  0.411214E+02  0.411214E+02  0.411214E+02 -0.935122E-03  0.365965E+02  0.312730E+01  0.104407E+00
  0.201951E+01  0.486770E+02  0.340817E+00  0.941193E-03  0.187673E-03  0.000000E+00  0.408000E+02  0.408000E+02  0.408000E+02 -0.927813E-03  0.363100E+02  0.310289E+01  0.103113E+00
  0.202884E+01  0.482965E+02  0.338156E+00  0.925267E-03  0.368510E-02  0.000000E+00  0.404811E+02  0.404811E+02  0.404811E+02 -0.920559E-03  0.360256E+02  0.307865E+01  0.101836E+00
  0.203820E+01  0.479189E+02  0.335512E+00  0.909650E-03 -0.622111E-03  0.000000E+00  0.401646E+02  0.401646E+02  0.401646E+02 -0.913361E-03  0.357434E+02  0.305460E+01  0.100573E+00
  0.204761E+01  0.475441E+02  0.332887E+00  0.894271E-03 -0.169182E-03  0.000000E+00  0.398505E+02  0.398505E+02  0.398505E+02 -0.906218E-03  0.354634E+02  0.303074E+01  0.993270E-01
  0.205706E+01  0.471723E+02  0.330279E+00  0.879133E-03  0.365851E-02  0.000000E+00  0.395387E+02  0.395387E+02  0.395387E+02 -0.899129E-03  0.351856E+02  0.300705E+01  0.980957E-01
  0.206655E+01  0.468032E+02  0.327688E+00  0.864290E-03 -0.530458E-03  0.000000E+00  0.392294E+02  0.392294E+02  0.392294E+02 -0.892095E-03  0.349098E+02  0.298355E+01  0.968796E-01
  0.207609E+01  0.464370E+02  0.325114E+00  0.849676E-03 -0.161775E-03  0.000000E+00  0.389225E+02  0.389225E+02  0.389225E+02 -0.885115E-03  0.346362E+02  0.296023E+01  0.956785E-01
  0.208568E+01  0.460735E+02  0.322558E+00  0.835288E-03  0.338907E-02  0.000000E+00  0.386178E+02  0.386178E+02  0.386178E+02 -0.878187E-03  0.343646E+02  0.293707E+01  0.944920E-01
  0.209530E+01  0.457129E+02  0.320021E+00  0.821181E-03 -0.523963E-03  0.000000E+00  0.383155E+02  0.383155E+02  0.383155E+02 -0.871312E-03  0.340952E+02  0.291410E+01  0.933201E-01
  0.210497E+01  0.453550E+02  0.317499E+00  0.807290E-03  0.131542E-03  0.000000E+00  0.380155E+02  0.380155E+02  0.380155E+02 -0.864489E-03  0.338278E+02  0.289131E+01  0.921626E-01
  0.211469E+01  0.449998E+02  0.314999E+00  0.793621E-03  0.292331E-02  0.000000E+00  0.377178E+02  0.377178E+02  0.377178E+02 -0.857719E-03  0.335624E+02  0.286868E+01  0.910193E-01
  0.212445E+01  0.446473E+02  0.312517E+00  0.780211E-03 -0.537612E-03  0.000000E+00  0.374224E+02  0.374224E+02  0.374224E+02 -0.851001E-03  0.332991E+02  0.284623E+01  0.898901E-01
  0.213426E+01  0.442975E+02  0.310055E+00  0.767007E-03  0.585499E-03  0.000000E+00  0.371292E+02  0.371292E+02  0.371292E+02 -0.844333E-03  0.330377E+02  0.282395E+01  0.887747E-01
  0.214411E+01  0.439504E+02  0.307615E+00  0.754021E-03  0.230606E-02  0.000000E+00  0.368382E+02  0.368382E+02  0.368382E+02 -0.837716E-03  0.327784E+02  0.280184E+01  0.876731E-01
  0.215401E+01  0.436059E+02  0.305194E+00  0.741275E-03 -0.477654E-03  0.000000E+00  0.365495E+02  0.365495E+02  0.365495E+02 -0.831151E-03  0.325211E+02  0.277990E+01  0.865850E-01
  0.216395E+01  0.432641E+02  0.302793E+00  0.728724E-03  0.106535E-02  0.000000E+00  0.362630E+02  0.362630E+02  0.362630E+02 -0.824635E-03  0.322657E+02  0.275813E+01  0.855102E-01
  0.217394E+01  0.429249E+02  0.300414E+00  0.716388E-03  0.157372E-02  0.000000E+00  0.359787E+02  0.359787E+02  0.359787E+02 -0.818170E-03  0.320123E+02  0.273652E+01  0.844487E-01
  0.218397E+01  0.425882E+02  0.298056E+00  0.704271E-03 -0.237838E-03  0.000000E+00  0.356965E+02  0.356965E+02  0.356965E+02 -0.811753E-03  0.317609E+02  0.271508E+01  0.834003E-01
  0.219405E+01  0.422542E+02  0.295718E+00  0.692344E-03  0.140468E-02  0.000000E+00  0.354165E+02  0.354165E+02  0.354165E+02 -0.805386E-03  0.315114E+02  0.269380E+01  0.823647E-01
  0.220418E+01  0.419227E+02  0.293398E+00  0.680624E-03  0.814773E-03  0.000000E+00  0.351386E+02  0.351386E+02  0.351386E+02 -0.799067E-03  0.312637E+02  0.267268E+01  0.813418E-01
  0.221435E+01  0.415937E+02  0.291098E+00  0.669103E-03  0.246591E-03  0.000000E+00  0.348629E+02  0.348629E+02  0.348629E+02 -0.792796E-03  0.310180E+02  0.265172E+01  0.803315E-01
  0.222457E+01  0.412677E+02  0.288820E+00  0.657779E-03  0.141591E-02  0.000000E+00  0.345896E+02  0.345896E+02  0.345896E+02 -0.786584E-03  0.307745E+02  0.263096E+01  0.793347E-01
  0.223484E+01  0.409437E+02  0.286557E+00  0.646644E-03  0.241324E-03  0.000000E+00  0.343181E+02  0.343181E+02  0.343181E+02 -0.780409E-03  0.305325E+02  0.261032E+01  0.783491E-01
  0.224516E+01  0.406221E+02  0.284307E+00  0.635689E-03  0.856235E-03  0.000000E+00  0.340485E+02  0.340485E+02  0.340485E+02 -0.774278E-03  0.302923E+02  0.258983E+01  0.773753E-01
  0.225552E+01  0.403029E+02  0.282074E+00  0.624919E-03  0.104784E-02  0.000000E+00  0.337810E+02  0.337810E+02  0.337810E+02 -0.768194E-03  0.300539E+02  0.256950E+01  0.764135E-01
  0.226593E+01  0.399864E+02  0.279857E+00  0.614337E-03  0.668707E-04  0.000000E+00  0.335157E+02  0.335157E+02  0.335157E+02 -0.762159E-03  0.298174E+02  0.254933E+01  0.754638E-01
  0.227639E+01  0.396722E+02  0.277658E+00  0.603926E-03  0.131078E-02  0.000000E+00  0.332524E+02  0.332524E+02  0.332524E+02 -0.756172E-03  0.295828E+02  0.252932E+01  0.745259E-01
  0.228690E+01  0.393605E+02  0.275472E+00  0.593698E-03  0.509460E-03  0.000000E+00  0.329911E+02  0.329911E+02  0.329911E+02 -0.750230E-03  0.293500E+02  0.250946E+01  0.735995E-01
  0.229745E+01  0.390512E+02  0.273302E+00  0.583640E-03  0.251182E-03  0.000000E+00  0.327318E+02  0.327318E+02  0.327318E+02 -0.744333E-03  0.291189E+02  0.248975E+01  0.726845E-01
  0.230806E+01  0.387442E+02  0.271146E+00  0.573747E-03  0.148210E-02  0.000000E+00  0.324745E+02  0.324745E+02  0.324745E+02 -0.738483E-03  0.288897E+02  0.247020E+01  0.717809E-01
  0.231871E+01  0.384396E+02  0.269006E+00  0.564031E-03 -0.479399E-05  0.000000E+00  0.322192E+02  0.322192E+02  0.322192E+02 -0.732677E-03  0.286622E+02  0.245079E+01  0.708883E-01
  0.232941E+01  0.381374E+02  0.266882E+00  0.554470E-03  0.663571E-03  0.000000E+00  0.319659E+02  0.319659E+02  0.319659E+02 -0.726916E-03  0.284365E+02  0.243153E+01  0.700068E-01
  0.234017E+01  0.378375E+02  0.264775E+00  0.545072E-03  0.138738E-02  0.000000E+00  0.317146E+02  0.317146E+02  0.317146E+02 -0.721202E-03  0.282126E+02  0.241243E+01  0.691364E-01
  0.235097E+01  0.375399E+02  0.262683E+00  0.535840E-03 -0.477194E-03  0.000000E+00  0.314651E+02  0.314651E+02  0.314651E+02 -0.715528E-03  0.279903E+02  0.239347E+01  0.682764E-01
  0.236182E+01  0.372445E+02  0.260608E+00  0.526749E-03  0.140420E-02  0.000000E+00  0.312175E+02  0.312175E+02  0.312175E+02 -0.709897E-03  0.277697E+02  0.237465E+01  0.674269E-01
  0.237272E+01  0.369514E+02  0.258551E+00  0.517824E-03  0.703407E-03  0.000000E+00  0.309719E+02  0.309719E+02  0.309719E+02 -0.704312E-03  0.275509E+02  0.235598E+01  0.665881E-01
  0.238367E+01  0.366604E+02  0.256508E+00  0.509045E-03 -0.419314E-03  0.000000E+00  0.307279E+02  0.307279E+02  0.307279E+02 -0.698763E-03  0.273335E+02  0.233743E+01  0.657591E-01
  0.239468E+01  0.363718E+02  0.254486E+00  0.500404E-03  0.206693E-02  0.000000E+00  0.304860E+02  0.304860E+02  0.304860E+02 -0.693262E-03  0.271180E+02  0.231904E+01  0.649408E-01
  0.240573E+01  0.360854E+02  0.252478E+00  0.491930E-03 -0.576860E-03  0.000000E+00  0.302460E+02  0.302460E+02  0.302460E+02 -0.687804E-03  0.269042E+02  0.230080E+01  0.641326E-01
  0.241683E+01  0.358012E+02  0.250488E+00  0.483581E-03  0.818256E-03  0.000000E+00  0.300078E+02  0.300078E+02  0.300078E+02 -0.682386E-03  0.266919E+02  0.228269E+01  0.633342E-01
  0.242799E+01  0.355192E+02  0.248516E+00  0.475378E-03  0.139842E-02  0.000000E+00  0.297714E+02  0.297714E+02  0.297714E+02 -0.677011E-03  0.264814E+02  0.226472E+01  0.625458E-01
  0.243920E+01  0.352394E+02  0.246559E+00  0.467323E-03 -0.963901E-03  0.000000E+00  0.295368E+02  0.295368E+02  0.295368E+02 -0.671677E-03  0.262724E+02  0.224689E+01  0.617670E-01
  0.245046E+01  0.349617E+02  0.244617E+00  0.459385E-03  0.209081E-02  0.000000E+00  0.293041E+02  0.293041E+02  0.293041E+02 -0.666384E-03  0.260650E+02  0.222919E+01  0.609979E-01
  0.246177E+01  0.346862E+02  0.242690E+00  0.451601E-03 -0.360465E-03  0.000000E+00  0.290731E+02  0.290731E+02  0.290731E+02 -0.661132E-03  0.258593E+02  0.221163E+01  0.602383E-01
  0.247313E+01  0.344130E+02  0.240780E+00  0.443940E-03  0.485220E-03  0.000000E+00  0.288442E+02  0.288442E+02  0.288442E+02 -0.655926E-03  0.256554E+02  0.219423E+01  0.594885E-01
  0.248454E+01  0.341416E+02  0.238883E+00  0.436404E-03  0.143529E-02  0.000000E+00  0.286167E+02  0.286167E+02  0.286167E+02 -0.650754E-03  0.254528E+02  0.217694E+01  0.587475E-01
  0.249601E+01  0.338724E+02  0.236997E+00  0.429007E-03 -0.817791E-03  0.000000E+00  0.283911E+02  0.283911E+02  0.283911E+02 -0.645622E-03  0.252517E+02  0.215978E+01  0.580156E-01
  0.250753E+01  0.336052E+02  0.235127E+00  0.421717E-03  0.175977E-02  0.000000E+00  0.281671E+02  0.281671E+02  0.281671E+02 -0.640530E-03  0.250523E+02  0.214276E+01  0.572928E-01
  0.251911E+01  0.333401E+02  0.233267E+00  0.414567E-03 -0.247554E-03  0.000000E+00  0.279449E+02  0.279449E+02  0.279449E+02 -0.635477E-03  0.248544E+02  0.212587E+01  0.565789E-01
  0.253074E+01  0.330771E+02  0.231423E+00  0.407528E-03  0.604242E-03  0.000000E+00  0.277244E+02  0.277244E+02  0.277244E+02 -0.630463E-03  0.246580E+02  0.210910E+01  0.558738E-01
  0.254242E+01  0.328160E+02  0.229593E+00  0.400609E-03  0.938263E-03  0.000000E+00  0.275057E+02  0.275057E+02  0.275057E+02 -0.625487E-03  0.244631E+02  0.209247E+01  0.551775E-01
  0.255415E+01  0.325570E+02  0.227774E+00  0.393812E-03 -0.269270E-03  0.000000E+00  0.272885E+02  0.272885E+02  0.272885E+02 -0.620550E-03  0.242697E+02  0.207596E+01  0.544897E-01
  0.256594E+01  0.323000E+02  0.225970E+00  0.387121E-03  0.126535E-02  0.000000E+00  0.270731E+02  0.270731E+02  0.270731E+02 -0.615651E-03  0.240778E+02  0.205958E+01  0.538104E-01
  0.257779E+01  0.320450E+02  0.224180E+00  0.380553E-03 -0.157857E-03  0.000000E+00  0.268594E+02  0.268594E+02  0.268594E+02 -0.610790E-03  0.238874E+02  0.204333E+01  0.531395E-01
  0.258968E+01  0.317919E+02  0.222404E+00  0.374088E-03  0.846598E-03  0.000000E+00  0.266472E+02  0.266472E+02  0.266472E+02 -0.605966E-03  0.236985E+02  0.202720E+01  0.524769E-01
  0.260164E+01  0.315408E+02  0.220643E+00  0.367737E-03  0.302067E-03  0.000000E+00  0.264367E+02  0.264367E+02  0.264367E+02 -0.601180E-03  0.235110E+02  0.201120E+01  0.518225E-01
  0.261365E+01  0.312916E+02  0.218897E+00  0.361492E-03  0.436933E-03  0.000000E+00  0.262279E+02  0.262279E+02  0.262279E+02 -0.596430E-03  0.233250E+02  0.199532E+01  0.511763E-01
  0.262571E+01  0.310443E+02  0.217164E+00  0.355351E-03  0.559491E-03  0.000000E+00  0.260207E+02  0.260207E+02  0.260207E+02 -0.591718E-03  0.231404E+02  0.197956E+01  0.505379E-01
  0.263783E+01  0.307990E+02  0.215447E+00  0.349316E-03  0.252133E-03  0.000000E+00  0.258150E+02  0.258150E+02  0.258150E+02 -0.587041E-03  0.229573E+02  0.196393E+01  0.499075E-01
  0.265001E+01  0.305556E+02  0.213745E+00  0.343381E-03  0.673022E-03  0.000000E+00  0.256110E+02  0.256110E+02  0.256110E+02 -0.582401E-03  0.227756E+02  0.194841E+01  0.492849E-01
  0.266224E+01  0.303140E+02  0.212054E+00  0.337549E-03  0.123488E-03  0.000000E+00  0.254085E+02  0.254085E+02  0.254085E+02 -0.577796E-03  0.225952E+02  0.193302E+01  0.486699E-01
  0.267453E+01  0.300743E+02  0.210378E+00  0.331813E-03  0.760152E-03  0.000000E+00  0.252076E+02  0.252076E+02  0.252076E+02 -0.573227E-03  0.224163E+02  0.191774E+01  0.480626E-01
  0.268687E+01  0.298364E+02  0.208714E+00  0.326176E-03  0.709865E-04  0.000000E+00  0.250082E+02  0.250082E+02  0.250082E+02 -0.568694E-03  0.222388E+02  0.190258E+01  0.474628E-01
  0.269927E+01  0.296004E+02  0.207065E+00  0.320632E-03  0.674486E-03  0.000000E+00  0.248104E+02  0.248104E+02  0.248104E+02 -0.564195E-03  0.220626E+02  0.188754E+01  0.468704E-01
  0.271173E+01  0.293662E+02  0.205425E+00  0.315184E-03  0.282059E-03  0.000000E+00  0.246141E+02  0.246141E+02  0.246141E+02 -0.559731E-03  0.218878E+02  0.187262E+01  0.462853E-01
  0.272425E+01  0.291339E+02  0.203800E+00  0.309828E-03  0.293213E-03  0.000000E+00  0.244193E+02  0.244193E+02  0.244193E+02 -0.555303E-03  0.217144E+02  0.185781E+01  0.457075E-01
  0.273682E+01  0.289033E+02  0.202183E+00  0.304561E-03  0.739239E-03  0.000000E+00  0.242261E+02  0.242261E+02  0.242261E+02 -0.550908E-03  0.215423E+02  0.184311E+01  0.451369E-01
  0.274946E+01  0.286745E+02  0.200581E+00  0.299386E-03 -0.206018E-03  0.000000E+00  0.240343E+02  0.240343E+02  0.240343E+02 -0.546547E-03  0.213715E+02  0.182853E+01  0.445733E-01
  0.276215E+01  0.284475E+02  0.198990E+00  0.294293E-03  0.114275E-02  0.000000E+00  0.238440E+02  0.238440E+02  0.238440E+02 -0.542220E-03  0.212020E+02  0.181406E+01  0.440166E-01
  0.277490E+01  0.282222E+02  0.197411E+00  0.289294E-03 -0.478806E-03  0.000000E+00  0.236552E+02  0.236552E+02  0.236552E+02 -0.537926E-03  0.210339E+02  0.179970E+01  0.434669E-01
  0.278770E+01  0.279987E+02  0.195844E+00  0.284371E-03  0.118724E-02  0.000000E+00  0.234679E+02  0.234679E+02  0.234679E+02 -0.533666E-03  0.208671E+02  0.178546E+01  0.429239E-01
  0.280057E+01  0.277769E+02  0.194289E+00  0.279539E-03 -0.327619E-03  0.000000E+00  0.232820E+02  0.232820E+02  0.232820E+02 -0.529439E-03  0.207016E+02  0.177132E+01  0.423878E-01
  0.281350E+01  0.275568E+02  0.192746E+00  0.274782E-03  0.824821E-03  0.000000E+00  0.230975E+02  0.230975E+02  0.230975E+02 -0.525243E-03  0.205373E+02  0.175729E+01  0.418582E-01
  0.282649E+01  0.273383E+02  0.191213E+00  0.270109E-03  0.148858E-03  0.000000E+00  0.229143E+02  0.229143E+02  0.229143E+02 -0.521077E-03  0.203742E+02  0.174336E+01  0.413348E-01
  0.283953E+01  0.271217E+02  0.189696E+00  0.265515E-03  0.264095E-03  0.000000E+00  0.227327E+02  0.227327E+02  0.227327E+02 -0.516947E-03  0.202125E+02  0.172955E+01  0.408183E-01
  0.285264E+01  0.269067E+02  0.188191E+00  0.260997E-03  0.682265E-03  0.000000E+00  0.225525E+02  0.225525E+02  0.225525E+02 -0.512850E-03  0.200520E+02  0.171585E+01  0.403082E-01
  0.286581E+01  0.266933E+02  0.186698E+00  0.256560E-03 -0.221775E-03  0.000000E+00  0.223737E+02  0.223737E+02  0.223737E+02 -0.508783E-03  0.198928E+02  0.170225E+01  0.398044E-01
  0.287903E+01  0.264817E+02  0.185217E+00  0.252192E-03  0.103881E-02  0.000000E+00  0.221963E+02  0.221963E+02  0.221963E+02 -0.504749E-03  0.197349E+02  0.168876E+01  0.393068E-01
  0.289232E+01  0.262716E+02  0.183749E+00  0.247905E-03 -0.468300E-03  0.000000E+00  0.220203E+02  0.220203E+02  0.220203E+02 -0.500746E-03  0.195781E+02  0.167537E+01  0.388154E-01
  0.290567E+01  0.260631E+02  0.182290E+00  0.243681E-03  0.113646E-02  0.000000E+00  0.218455E+02  0.218455E+02  0.218455E+02 -0.496770E-03  0.194225E+02  0.166208E+01  0.383299E-01
  0.291909E+01  0.258563E+02  0.180842E+00  0.239539E-03 -0.469541E-03  0.000000E+00  0.216722E+02  0.216722E+02  0.216722E+02 -0.492829E-03  0.192682E+02  0.164890E+01  0.378506E-01
  0.293256E+01  0.256512E+02  0.179408E+00  0.235459E-03  0.102862E-02  0.000000E+00  0.215003E+02  0.215003E+02  0.215003E+02 -0.488919E-03  0.191151E+02  0.163582E+01  0.373774E-01
  0.294610E+01  0.254476E+02  0.177984E+00  0.231455E-03 -0.319598E-03  0.000000E+00  0.213296E+02  0.213296E+02  0.213296E+02 -0.485039E-03  0.189632E+02  0.162285E+01  0.369099E-01
  0.295969E+01  0.252457E+02  0.176571E+00  0.227514E-03  0.829165E-03  0.000000E+00  0.211604E+02  0.211604E+02  0.211604E+02 -0.481191E-03  0.188126E+02  0.160998E+01  0.364483E-01
  0.297335E+01  0.250453E+02  0.175167E+00  0.223643E-03 -0.130886E-03  0.000000E+00  0.209924E+02  0.209924E+02  0.209924E+02 -0.477370E-03  0.186630E+02  0.159720E+01  0.359924E-01
  0.298708E+01  0.248463E+02  0.173773E+00  0.219833E-03  0.634386E-03  0.000000E+00  0.208256E+02  0.208256E+02  0.208256E+02 -0.473577E-03  0.185145E+02  0.158451E+01  0.355419E-01
  0.300087E+01  0.246490E+02  0.172391E+00  0.216092E-03  0.206397E-04  0.000000E+00  0.206602E+02  0.206602E+02  0.206602E+02 -0.469816E-03  0.183672E+02  0.157193E+01  0.350972E-01
  0.301472E+01  0.244532E+02  0.171018E+00  0.212412E-03  0.498509E-03  0.000000E+00  0.204961E+02  0.204961E+02  0.204961E+02 -0.466083E-03  0.182211E+02  0.155945E+01  0.346580E-01
  0.302863E+01  0.242590E+02  0.169659E+00  0.208797E-03  0.103097E-03  0.000000E+00  0.203333E+02  0.203333E+02  0.203333E+02 -0.462382E-03  0.180763E+02  0.154707E+01  0.342244E-01
  0.304261E+01  0.240662E+02  0.168309E+00  0.205241E-03  0.437291E-03  0.000000E+00  0.201717E+02  0.201717E+02  0.201717E+02 -0.458709E-03  0.179325E+02  0.153479E+01  0.337961E-01
  0.305666E+01  0.238749E+02  0.166969E+00  0.201746E-03  0.111326E-03  0.000000E+00  0.200114E+02  0.200114E+02  0.200114E+02 -0.455063E-03  0.177897E+02  0.152260E+01  0.333730E-01
  0.307077E+01  0.236852E+02  0.165641E+00  0.198310E-03  0.447904E-03  0.000000E+00  0.198524E+02  0.198524E+02  0.198524E+02 -0.451447E-03  0.176482E+02  0.151050E+01  0.329553E-01
  0.308494E+01  0.234969E+02  0.164323E+00  0.194933E-03  0.521677E-04  0.000000E+00  0.196946E+02  0.196946E+02  0.196946E+02 -0.447858E-03  0.175077E+02  0.149850E+01  0.325427E-01
  0.309918E+01  0.233101E+02  0.163016E+00  0.191612E-03  0.520585E-03  0.000000E+00  0.195380E+02  0.195380E+02  0.195380E+02 -0.444297E-03  0.173683E+02  0.148659E+01  0.321353E-01
  0.311348E+01  0.231247E+02  0.161719E+00  0.188349E-03 -0.605084E-04  0.000000E+00  0.193826E+02  0.193826E+02  0.193826E+02 -0.440764E-03  0.172300E+02  0.147477E+01  0.317329E-01
  0.312786E+01  0.229408E+02  0.160433E+00  0.185139E-03  0.635684E-03  0.000000E+00  0.192285E+02  0.192285E+02  0.192285E+02 -0.437258E-03  0.170928E+02  0.146305E+01  0.313354E-01
  0.314229E+01  0.227583E+02  0.159157E+00  0.181986E-03 -0.199440E-03  0.000000E+00  0.190755E+02  0.190755E+02  0.190755E+02 -0.433780E-03  0.169567E+02  0.145142E+01  0.309430E-01
  0.315680E+01  0.225773E+02  0.157890E+00  0.178884E-03  0.758438E-03  0.000000E+00  0.189237E+02  0.189237E+02  0.189237E+02 -0.430329E-03  0.168216E+02  0.143987E+01  0.305554E-01
  0.317137E+01  0.223976E+02  0.156632E+00  0.175837E-03 -0.323794E-03  0.000000E+00  0.187731E+02  0.187731E+02  0.187731E+02 -0.426904E-03  0.166875E+02  0.142842E+01  0.301726E-01
  0.318601E+01  0.222192E+02  0.155384E+00  0.172838E-03  0.844677E-03  0.000000E+00  0.186237E+02  0.186237E+02  0.186237E+02 -0.423505E-03  0.165545E+02  0.141705E+01  0.297945E-01
  0.320071E+01  0.220425E+02  0.154147E+00  0.169896E-03 -0.390742E-03  0.000000E+00  0.184755E+02  0.184755E+02  0.184755E+02 -0.420135E-03  0.164226E+02  0.140578E+01  0.294213E-01
  0.321549E+01  0.218669E+02  0.152917E+00  0.166996E-03  0.857057E-03  0.000000E+00  0.183283E+02  0.183283E+02  0.183283E+02 -0.416788E-03  0.162916E+02  0.139458E+01  0.290525E-01
  0.323033E+01  0.216927E+02  0.151697E+00  0.164152E-03 -0.371377E-03  0.000000E+00  0.181823E+02  0.181823E+02  0.181823E+02 -0.413468E-03  0.161616E+02  0.138348E+01  0.286883E-01
  0.324524E+01  0.215200E+02  0.150489E+00  0.161352E-03  0.775838E-03  0.000000E+00  0.180376E+02  0.180376E+02  0.180376E+02 -0.410176E-03  0.160328E+02  0.137247E+01  0.283288E-01
  0.326022E+01  0.213485E+02  0.149288E+00  0.158603E-03 -0.253777E-03  0.000000E+00  0.178938E+02  0.178938E+02  0.178938E+02 -0.406908E-03  0.159049E+02  0.136154E+01  0.279736E-01
  0.327527E+01  0.211785E+02  0.148097E+00  0.155897E-03  0.595875E-03  0.000000E+00  0.177513E+02  0.177513E+02  0.177513E+02 -0.403666E-03  0.157780E+02  0.135069E+01  0.276229E-01
  0.329039E+01  0.210097E+02  0.146916E+00  0.153240E-03 -0.437559E-04  0.000000E+00  0.176098E+02  0.176098E+02  0.176098E+02 -0.400449E-03  0.156521E+02  0.133994E+01  0.272766E-01
  0.330557E+01  0.208422E+02  0.145745E+00  0.150626E-03  0.342153E-03  0.000000E+00  0.174695E+02  0.174695E+02  0.174695E+02 -0.397258E-03  0.155272E+02  0.132926E+01  0.269346E-01
  0.332083E+01  0.206762E+02  0.144583E+00  0.148059E-03  0.208230E-03  0.000000E+00  0.173303E+02  0.173303E+02  0.173303E+02 -0.394094E-03  0.154034E+02  0.131868E+01  0.265970E-01
  0.333616E+01  0.205114E+02  0.143430E+00  0.145534E-03  0.954397E-04  0.000000E+00  0.171921E+02  0.171921E+02  0.171921E+02 -0.390952E-03  0.152804E+02  0.130817E+01  0.262634E-01
  0.335156E+01  0.203478E+02  0.142286E+00  0.143051E-03  0.395190E-03  0.000000E+00  0.170551E+02  0.170551E+02  0.170551E+02 -0.387835E-03  0.151584E+02  0.129774E+01  0.259340E-01
  0.336703E+01  0.201855E+02  0.141151E+00  0.140612E-03 -0.326615E-04  0.000000E+00  0.169190E+02  0.169190E+02  0.169190E+02 -0.384741E-03  0.150374E+02  0.128739E+01  0.256086E-01
  0.338257E+01  0.200245E+02  0.140024E+00  0.138212E-03  0.431904E-03  0.000000E+00  0.167841E+02  0.167841E+02  0.167841E+02 -0.381673E-03  0.149173E+02  0.127713E+01  0.252874E-01
  0.339818E+01  0.198648E+02  0.138906E+00  0.135855E-03 -0.117568E-04  0.000000E+00  0.166502E+02  0.166502E+02  0.166502E+02 -0.378627E-03  0.147981E+02  0.126694E+01  0.249701E-01
  0.341387E+01  0.197063E+02  0.137798E+00  0.133536E-03  0.354682E-03  0.000000E+00  0.165173E+02  0.165173E+02  0.165173E+02 -0.375606E-03  0.146799E+02  0.125684E+01  0.246567E-01
  0.342963E+01  0.195490E+02  0.136697E+00  0.131258E-03  0.740945E-04  0.000000E+00  0.163855E+02  0.163855E+02  0.163855E+02 -0.372609E-03  0.145626E+02  0.124681E+01  0.243473E-01
  0.344546E+01  0.193930E+02  0.135604E+00  0.129018E-03  0.250860E-03  0.000000E+00  0.162547E+02  0.162547E+02  0.162547E+02 -0.369634E-03  0.144462E+02  0.123686E+01  0.240417E-01
  0.346136E+01  0.192382E+02  0.134521E+00  0.126817E-03  0.177120E-03  0.000000E+00  0.161250E+02  0.161250E+02  0.161250E+02 -0.366684E-03  0.143308E+02  0.122699E+01  0.237400E-01
  0.347734E+01  0.190846E+02  0.133446E+00  0.124652E-03  0.114972E-03  0.000000E+00  0.159962E+02  0.159962E+02  0.159962E+02 -0.363756E-03  0.142162E+02  0.121720E+01  0.234419E-01
  0.349339E+01  0.189322E+02  0.132380E+00  0.122525E-03  0.325431E-03  0.000000E+00  0.158685E+02  0.158685E+02  0.158685E+02 -0.360852E-03  0.141025E+02  0.120748E+01  0.231477E-01
  0.350951E+01  0.187810E+02  0.131322E+00  0.120434E-03 -0.402528E-04  0.000000E+00  0.157418E+02  0.157418E+02  0.157418E+02 -0.357969E-03  0.139898E+02  0.119784E+01  0.228570E-01
  0.352571E+01  0.186310E+02  0.130272E+00  0.118377E-03  0.411441E-03  0.000000E+00  0.156160E+02  0.156160E+02  0.156160E+02 -0.355110E-03  0.138779E+02  0.118828E+01  0.225700E-01
  0.354199E+01  0.184821E+02  0.129231E+00  0.116357E-03 -0.150575E-04  0.000000E+00  0.154913E+02  0.154913E+02  0.154913E+02 -0.352273E-03  0.137669E+02  0.117879E+01  0.222866E-01
  0.355833E+01  0.183345E+02  0.128197E+00  0.114370E-03  0.219304E-03  0.000000E+00  0.153675E+02  0.153675E+02  0.153675E+02 -0.349459E-03  0.136568E+02  0.116937E+01  0.220067E-01
  0.357476E+01  0.181879E+02  0.127173E+00  0.112417E-03  0.304159E-03  0.000000E+00  0.152447E+02  0.152447E+02  0.152447E+02 -0.346666E-03  0.135475E+02  0.116003E+01  0.217303E-01
  0.359126E+01  0.180426E+02  0.126156E+00  0.110499E-03 -0.166059E-03  0.000000E+00  0.151229E+02  0.151229E+02  0.151229E+02 -0.343895E-03  0.134391E+02  0.115076E+01  0.214574E-01
  0.360784E+01  0.178983E+02  0.125147E+00  0.108610E-03  0.616966E-03  0.000000E+00  0.150020E+02  0.150020E+02  0.150020E+02 -0.341146E-03  0.133315E+02  0.114157E+01  0.211878E-01
  0.362449E+01  0.177552E+02  0.124146E+00  0.106757E-03 -0.306312E-03  0.000000E+00  0.148820E+02  0.148820E+02  0.148820E+02 -0.338418E-03  0.132248E+02  0.113244E+01  0.209216E-01
  0.364122E+01  0.176133E+02  0.123153E+00  0.104932E-03  0.490122E-03  0.000000E+00  0.147630E+02  0.147630E+02  0.147630E+02 -0.335712E-03  0.131189E+02  0.112339E+01  0.206587E-01
  0.365803E+01  0.174724E+02  0.122167E+00  0.103141E-03  0.592460E-04  0.000000E+00  0.146449E+02  0.146449E+02  0.146449E+02 -0.333027E-03  0.130139E+02  0.111441E+01  0.203991E-01
  0.367491E+01  0.173326E+02  0.121189E+00  0.101379E-03 -0.219563E-04  0.000000E+00  0.145278E+02  0.145278E+02  0.145278E+02 -0.330363E-03  0.129096E+02  0.110549E+01  0.201427E-01
  0.369187E+01  0.171940E+02  0.120219E+00  0.996465E-04  0.516349E-03  0.000000E+00  0.144116E+02  0.144116E+02  0.144116E+02 -0.327720E-03  0.128062E+02  0.109665E+01  0.198895E-01
  0.370891E+01  0.170564E+02  0.119257E+00  0.979454E-04 -0.260295E-03  0.000000E+00  0.142963E+02  0.142963E+02  0.142963E+02 -0.325098E-03  0.127036E+02  0.108788E+01  0.196395E-01
  0.372603E+01  0.169199E+02  0.118301E+00  0.962708E-04  0.438185E-03  0.000000E+00  0.141819E+02  0.141819E+02  0.141819E+02 -0.322496E-03  0.126018E+02  0.107918E+01  0.193926E-01
  0.374323E+01  0.167845E+02  0.117354E+00  0.946266E-04  0.459597E-04  0.000000E+00  0.140683E+02  0.140683E+02  0.140683E+02 -0.319915E-03  0.125009E+02  0.107054E+01  0.191488E-01
  0.376051E+01  0.166501E+02  0.116414E+00  0.930095E-04  0.641583E-04  0.000000E+00  0.139557E+02  0.139557E+02  0.139557E+02 -0.317354E-03  0.124007E+02  0.106198E+01  0.189081E-01
  0.377787E+01  0.165168E+02  0.115482E+00  0.914199E-04  0.303400E-03  0.000000E+00  0.138440E+02  0.138440E+02  0.138440E+02 -0.314813E-03  0.123013E+02  0.105348E+01  0.186703E-01
  0.379531E+01  0.163845E+02  0.114557E+00  0.898579E-04 -0.264079E-04  0.000000E+00  0.137331E+02  0.137331E+02  0.137331E+02 -0.312292E-03  0.122027E+02  0.104504E+01  0.184355E-01
  0.381282E+01  0.162533E+02  0.113639E+00  0.883217E-04  0.239588E-03  0.000000E+00  0.136232E+02  0.136232E+02  0.136232E+02 -0.309791E-03  0.121048E+02  0.103667E+01  0.182036E-01
  0.383042E+01  0.161231E+02  0.112728E+00  0.868124E-04  0.115674E-03  0.000000E+00  0.135140E+02  0.135140E+02  0.135140E+02 -0.307310E-03  0.120077E+02  0.102837E+01  0.179747E-01
  0.384810E+01  0.159940E+02  0.111825E+00  0.853284E-04  0.639589E-04  0.000000E+00  0.134058E+02  0.134058E+02  0.134058E+02 -0.304848E-03  0.119114E+02  0.102014E+01  0.177486E-01
  0.386587E+01  0.158658E+02  0.110929E+00  0.838696E-04  0.228409E-03  0.000000E+00  0.132984E+02  0.132984E+02  0.132984E+02 -0.302405E-03  0.118159E+02  0.101197E+01  0.175253E-01
  0.388371E+01  0.157387E+02  0.110039E+00  0.824359E-04  0.908103E-04  0.000000E+00  0.131918E+02  0.131918E+02  0.131918E+02 -0.299982E-03  0.117211E+02  0.100386E+01  0.173048E-01
  0.390164E+01  0.156125E+02  0.109156E+00  0.810265E-04  0.311603E-04  0.000000E+00  0.130861E+02  0.130861E+02  0.130861E+02 -0.297578E-03  0.116270E+02  0.995815E+00  0.170870E-01
  0.391965E+01  0.154874E+02  0.108281E+00  0.796408E-04  0.304742E-03  0.000000E+00  0.129812E+02  0.129812E+02  0.129812E+02 -0.295192E-03  0.115337E+02  0.987835E+00  0.168720E-01
  0.393774E+01  0.153632E+02  0.107413E+00  0.782793E-04  0.598724E-05  0.000000E+00  0.128771E+02  0.128771E+02  0.128771E+02 -0.292826E-03  0.114411E+02  0.979918E+00  0.166597E-01
  0.395591E+01  0.152400E+02  0.106551E+00  0.769407E-04  0.307240E-04  0.000000E+00  0.127738E+02  0.127738E+02  0.127738E+02 -0.290478E-03  0.113493E+02  0.972062E+00  0.164500E-01
  0.397417E+01  0.151178E+02  0.105696E+00  0.756243E-04  0.396279E-03  0.000000E+00  0.126714E+02  0.126714E+02  0.126714E+02 -0.288148E-03  0.112582E+02  0.964268E+00  0.162429E-01
  0.399252E+01  0.149966E+02  0.104847E+00  0.743315E-04 -0.151349E-03  0.000000E+00  0.125698E+02  0.125698E+02  0.125698E+02 -0.285837E-03  0.111678E+02  0.956536E+00  0.160384E-01
  0.401095E+01  0.148763E+02  0.104006E+00  0.730599E-04  0.138429E-03  0.000000E+00  0.124689E+02  0.124689E+02  0.124689E+02 -0.283544E-03  0.110781E+02  0.948866E+00  0.158365E-01
  0.402946E+01  0.147569E+02  0.103172E+00  0.718098E-04  0.386033E-03  0.000000E+00  0.123689E+02  0.123689E+02  0.123689E+02 -0.281269E-03  0.109891E+02  0.941255E+00  0.156371E-01
  0.404806E+01  0.146385E+02  0.102344E+00  0.705822E-04 -0.238844E-03  0.000000E+00  0.122696E+02  0.122696E+02  0.122696E+02 -0.279012E-03  0.109008E+02  0.933704E+00  0.154402E-01
  0.406674E+01  0.145210E+02  0.101521E+00  0.693739E-04  0.232268E-03  0.000000E+00  0.121711E+02  0.121711E+02  0.121711E+02 -0.276772E-03  0.108132E+02  0.926210E+00  0.152457E-01
  0.408551E+01  0.144044E+02  0.100706E+00  0.681869E-04  0.304812E-03  0.000000E+00  0.120735E+02  0.120735E+02  0.120735E+02 -0.274551E-03  0.107263E+02  0.918779E+00  0.150537E-01
  0.410437E+01  0.142887E+02  0.998968E-01  0.670202E-04 -0.193305E-03  0.000000E+00  0.119765E+02  0.119765E+02  0.119765E+02 -0.272344E-03  0.106400E+02  0.911396E+00  0.148640E-01
  0.412332E+01  0.141740E+02  0.990939E-01  0.658728E-04  0.234010E-03  0.000000E+00  0.118803E+02  0.118803E+02  0.118803E+02 -0.270157E-03  0.105545E+02  0.904080E+00  0.146767E-01
  0.414235E+01  0.140601E+02  0.982980E-01  0.647456E-04  0.205924E-03  0.000000E+00  0.117849E+02  0.117849E+02  0.117849E+02 -0.267988E-03  0.104696E+02  0.896821E+00  0.144918E-01
  0.416147E+01  0.139472E+02  0.975083E-01  0.636380E-04 -0.800818E-04  0.000000E+00  0.116902E+02  0.116902E+02  0.116902E+02 -0.265836E-03  0.103855E+02  0.889621E+00  0.143093E-01
  0.418068E+01  0.138352E+02  0.967247E-01  0.625483E-04  0.198648E-03  0.000000E+00  0.115963E+02  0.115963E+02  0.115963E+02 -0.263700E-03  0.103019E+02  0.882476E+00  0.141290E-01
  0.419998E+01  0.137240E+02  0.959471E-01  0.614779E-04  0.140413E-03  0.000000E+00  0.115032E+02  0.115032E+02  0.115032E+02 -0.261582E-03  0.102191E+02  0.875389E+00  0.139509E-01
  0.421936E+01  0.136138E+02  0.951758E-01  0.604256E-04 -0.134448E-04  0.000000E+00  0.114107E+02  0.114107E+02  0.114107E+02 -0.259480E-03  0.101369E+02  0.868356E+00  0.137751E-01
  0.423884E+01  0.135044E+02  0.944106E-01  0.593910E-04  0.142849E-03  0.000000E+00  0.113190E+02  0.113190E+02  0.113190E+02 -0.257394E-03  0.100553E+02  0.861378E+00  0.136015E-01
  0.425840E+01  0.133958E+02  0.936521E-01  0.583743E-04  0.165291E-03  0.000000E+00  0.112281E+02  0.112281E+02  0.112281E+02 -0.255326E-03  0.997442E+01  0.854458E+00  0.134300E-01
  0.427806E+01  0.132881E+02  0.928989E-01  0.573750E-04  0.323093E-04  0.000000E+00  0.111378E+02  0.111378E+02  0.111378E+02 -0.253273E-03  0.989415E+01  0.847591E+00  0.132607E-01
  0.429781E+01  0.131813E+02  0.921516E-01  0.563926E-04  0.178972E-04  0.000000E+00  0.110483E+02  0.110483E+02  0.110483E+02 -0.251237E-03  0.981451E+01  0.840778E+00  0.130935E-01
  0.431764E+01  0.130753E+02  0.914102E-01  0.554268E-04  0.198178E-03  0.000000E+00  0.109594E+02  0.109594E+02  0.109594E+02 -0.249217E-03  0.973550E+01  0.834018E+00  0.129284E-01
  0.433757E+01  0.129702E+02  0.906750E-01  0.544776E-04  0.155458E-03  0.000000E+00  0.108713E+02  0.108713E+02  0.108713E+02 -0.247213E-03  0.965713E+01  0.827313E+00  0.127654E-01
  0.435759E+01  0.128658E+02  0.899453E-01  0.535449E-04 -0.102650E-03  0.000000E+00  0.107838E+02  0.107838E+02  0.107838E+02 -0.245224E-03  0.957936E+01  0.820660E+00  0.126044E-01
  0.437771E+01  0.127623E+02  0.892216E-01  0.526277E-04  0.104403E-03  0.000000E+00  0.106971E+02  0.106971E+02  0.106971E+02 -0.243251E-03  0.950222E+01  0.814059E+00  0.124455E-01
  0.439791E+01  0.126597E+02  0.885033E-01  0.517260E-04  0.321187E-03  0.000000E+00  0.106110E+02  0.106110E+02  0.106110E+02 -0.241294E-03  0.942568E+01  0.807511E+00  0.122885E-01
  0.441821E+01  0.125578E+02  0.877907E-01  0.508404E-04 -0.545393E-04  0.000000E+00  0.105256E+02  0.105256E+02  0.105256E+02 -0.239353E-03  0.934975E+01  0.801015E+00  0.121335E-01
  0.443861E+01  0.124567E+02  0.870842E-01  0.499695E-04 -0.112250E-03  0.000000E+00  0.104409E+02  0.104409E+02  0.104409E+02 -0.237426E-03  0.927443E+01  0.794570E+00  0.119804E-01
  0.445910E+01  0.123565E+02  0.863831E-01  0.491130E-04  0.300818E-03  0.000000E+00  0.103569E+02  0.103569E+02  0.103569E+02 -0.235515E-03  0.919969E+01  0.788175E+00  0.118293E-01
  0.447968E+01  0.122570E+02  0.856873E-01  0.482716E-04  0.181527E-03  0.000000E+00  0.102735E+02  0.102735E+02  0.102735E+02 -0.233619E-03  0.912554E+01  0.781831E+00  0.116800E-01
  0.450035E+01  0.121583E+02  0.849972E-01  0.474449E-04 -0.138646E-03  0.000000E+00  0.101908E+02  0.101908E+02  0.101908E+02 -0.231738E-03  0.905199E+01  0.775537E+00  0.115326E-01
  0.452113E+01  0.120605E+02  0.843132E-01  0.466320E-04  0.749668E-04  0.000000E+00  0.101088E+02  0.101088E+02  0.101088E+02 -0.229874E-03  0.897908E+01  0.769299E+00  0.113872E-01
  0.454200E+01  0.119633E+02  0.836338E-01  0.458327E-04  0.240068E-03  0.000000E+00  0.100274E+02  0.100274E+02  0.100274E+02 -0.228022E-03  0.890669E+01  0.763104E+00  0.112434E-01
  0.456296E+01  0.118670E+02  0.829603E-01  0.450475E-04  0.180228E-04  0.000000E+00  0.994660E+01  0.994660E+01  0.994660E+01 -0.226186E-03  0.883487E+01  0.756960E+00  0.111015E-01
  0.458402E+01  0.117714E+02  0.822916E-01  0.442755E-04 -0.275070E-04  0.000000E+00  0.986647E+01  0.986647E+01  0.986647E+01 -0.224363E-03  0.876362E+01  0.750863E+00  0.109614E-01
  0.460518E+01  0.116765E+02  0.816283E-01  0.435165E-04  0.147751E-03  0.000000E+00  0.978698E+01  0.978698E+01  0.978698E+01 -0.222556E-03  0.869294E+01  0.744814E+00  0.108230E-01
  0.462644E+01  0.115824E+02  0.809702E-01  0.427705E-04  0.145544E-03  0.000000E+00  0.970811E+01  0.970811E+01  0.970811E+01 -0.220762E-03  0.862281E+01  0.738813E+00  0.106864E-01
  0.464779E+01  0.114890E+02  0.803172E-01  0.420373E-04  0.250723E-04  0.000000E+00  0.962984E+01  0.962984E+01  0.962984E+01 -0.218982E-03  0.855321E+01  0.732857E+00  0.105514E-01
  0.466925E+01  0.113964E+02  0.796697E-01  0.413167E-04 -0.125316E-05  0.000000E+00  0.955223E+01  0.955223E+01  0.955223E+01 -0.217217E-03  0.848420E+01  0.726952E+00  0.104182E-01
  0.469080E+01  0.113046E+02  0.790274E-01  0.406083E-04  0.646628E-04  0.000000E+00  0.947522E+01  0.947522E+01  0.947522E+01 -0.215466E-03  0.841573E+01  0.721093E+00  0.102866E-01
  0.471245E+01  0.112135E+02  0.783911E-01  0.399126E-04  0.156889E-03  0.000000E+00  0.939892E+01  0.939892E+01  0.939892E+01 -0.213732E-03  0.834792E+01  0.715289E+00  0.101568E-01
  0.473420E+01  0.111231E+02  0.777588E-01  0.392282E-04  0.140209E-03  0.000000E+00  0.932312E+01  0.932312E+01  0.932312E+01 -0.212008E-03  0.828052E+01  0.709522E+00  0.100285E-01
  0.475605E+01  0.110334E+02  0.771314E-01  0.385556E-04 -0.301307E-04  0.000000E+00  0.924793E+01  0.924793E+01  0.924793E+01 -0.210298E-03  0.821367E+01  0.703801E+00  0.990185E-02
  0.477801E+01  0.109444E+02  0.765093E-01  0.378946E-04 -0.816577E-04  0.000000E+00  0.917336E+01  0.917336E+01  0.917336E+01 -0.208602E-03  0.814737E+01  0.698127E+00  0.977679E-02
  0.480006E+01  0.108561E+02  0.758919E-01  0.372446E-04  0.132721E-03  0.000000E+00  0.909935E+01  0.909935E+01  0.909935E+01 -0.206920E-03  0.808158E+01  0.692496E+00  0.965327E-02
  0.482222E+01  0.107683E+02  0.752773E-01  0.366046E-04  0.265573E-03  0.000000E+00  0.902575E+01  0.902575E+01  0.902575E+01 -0.205244E-03  0.801608E+01  0.686891E+00  0.953104E-02
  0.484448E+01  0.106814E+02  0.746700E-01  0.359771E-04  0.700783E-04  0.000000E+00  0.895294E+01  0.895294E+01  0.895294E+01 -0.203589E-03  0.795136E+01  0.681351E+00  0.941063E-02
  0.486684E+01  0.105952E+02  0.740673E-01  0.353601E-04 -0.126236E-03  0.000000E+00  0.888068E+01  0.888068E+01  0.888068E+01 -0.201946E-03  0.788712E+01  0.675854E+00  0.929171E-02
  0.488930E+01  0.105097E+02  0.734690E-01  0.347534E-04 -0.973192E-05  0.000000E+00  0.880898E+01  0.880898E+01  0.880898E+01 -0.200315E-03  0.782337E+01  0.670397E+00  0.917425E-02
  0.491187E+01  0.104249E+02  0.728761E-01  0.341571E-04  0.190071E-03  0.000000E+00  0.873789E+01  0.873789E+01  0.873789E+01 -0.198699E-03  0.776017E+01  0.664988E+00  0.905832E-02
  0.493454E+01  0.103406E+02  0.722860E-01  0.335704E-04  0.151419E-03  0.000000E+00  0.866721E+01  0.866721E+01  0.866721E+01 -0.197091E-03  0.769730E+01  0.659607E+00  0.894365E-02
  0.495732E+01  0.102570E+02  0.717021E-01  0.329945E-04 -0.167972E-04  0.000000E+00  0.859722E+01  0.859722E+01  0.859722E+01 -0.195499E-03  0.763507E+01  0.654281E+00  0.883057E-02
  0.498020E+01  0.101744E+02  0.711251E-01  0.324294E-04 -0.415119E-04  0.000000E+00  0.852797E+01  0.852797E+01  0.852797E+01 -0.193926E-03  0.757357E+01  0.649017E+00  0.871918E-02
  0.500319E+01  0.100923E+02  0.705506E-01  0.318728E-04  0.720049E-04  0.000000E+00  0.845909E+01  0.845909E+01  0.845909E+01 -0.192359E-03  0.751233E+01  0.643775E+00  0.860893E-02
  0.502628E+01  0.100107E+02  0.699804E-01  0.313258E-04  0.139207E-03  0.000000E+00  0.839076E+01  0.839076E+01  0.839076E+01 -0.190805E-03  0.745158E+01  0.638576E+00  0.850008E-02
  0.504948E+01  0.992984E+01  0.694148E-01  0.307881E-04  0.106474E-03  0.000000E+00  0.832295E+01  0.832295E+01  0.832295E+01 -0.189263E-03  0.739131E+01  0.633417E+00  0.839257E-02
  0.507279E+01  0.984959E+01  0.688536E-01  0.302597E-04  0.479979E-04  0.000000E+00  0.825570E+01  0.825570E+01  0.825570E+01 -0.187734E-03  0.733152E+01  0.628299E+00  0.828643E-02
  0.509620E+01  0.977004E+01  0.682975E-01  0.297406E-04  0.239805E-05  0.000000E+00  0.818902E+01  0.818902E+01  0.818902E+01 -0.186218E-03  0.727225E+01  0.623226E+00  0.818167E-02
  0.511973E+01  0.969107E+01  0.677453E-01  0.292301E-04 -0.282351E-04  0.000000E+00  0.812283E+01  0.812283E+01  0.812283E+01 -0.184713E-03  0.721341E+01  0.618189E+00  0.807818E-02
  0.514336E+01  0.961272E+01  0.671975E-01  0.287282E-04 -0.442630E-05  0.000000E+00  0.805716E+01  0.805716E+01  0.805716E+01 -0.183219E-03  0.715503E+01  0.613192E+00  0.797598E-02
  0.516710E+01  0.953501E+01  0.666541E-01  0.282350E-04  0.955769E-04  0.000000E+00  0.799202E+01  0.799202E+01  0.799202E+01 -0.181738E-03  0.709713E+01  0.608235E+00  0.787507E-02
  0.519095E+01  0.945791E+01  0.661150E-01  0.277502E-04  0.190800E-03  0.000000E+00  0.792740E+01  0.792740E+01  0.792740E+01 -0.180269E-03  0.703969E+01  0.603319E+00  0.777544E-02
  0.521491E+01  0.938139E+01  0.655800E-01  0.272735E-04  0.168220E-03  0.000000E+00  0.786326E+01  0.786326E+01  0.786326E+01 -0.178810E-03  0.698266E+01  0.598437E+00  0.767701E-02
  0.523898E+01  0.930550E+01  0.650493E-01  0.268053E-04  0.332082E-04  0.000000E+00  0.779965E+01  0.779965E+01  0.779965E+01 -0.177363E-03  0.692612E+01  0.593597E+00  0.757986E-02
  0.526316E+01  0.923023E+01  0.645231E-01  0.263451E-04 -0.817057E-04  0.000000E+00  0.773656E+01  0.773656E+01  0.773656E+01 -0.175929E-03  0.687004E+01  0.588796E+00  0.748393E-02
  0.528746E+01  0.915558E+01  0.640013E-01  0.258928E-04 -0.666901E-04  0.000000E+00  0.767399E+01  0.767399E+01  0.767399E+01 -0.174506E-03  0.681443E+01  0.584035E+00  0.738924E-02
  0.531186E+01  0.908149E+01  0.634835E-01  0.254480E-04  0.479620E-04  0.000000E+00  0.761189E+01  0.761189E+01  0.761189E+01 -0.173094E-03  0.675923E+01  0.579310E+00  0.729570E-02
  0.533638E+01  0.900800E+01  0.629693E-01  0.250108E-04  0.141781E-03  0.000000E+00  0.755029E+01  0.755029E+01  0.755029E+01 -0.171693E-03  0.670447E+01  0.574622E+00  0.720334E-02
  0.536101E+01  0.893509E+01  0.624595E-01  0.245812E-04  0.138089E-03  0.000000E+00  0.748918E+01  0.748918E+01  0.748918E+01 -0.170303E-03  0.665016E+01  0.569973E+00  0.711215E-02
  0.538576E+01  0.886283E+01  0.619543E-01  0.241593E-04  0.640305E-04  0.000000E+00  0.742861E+01  0.742861E+01  0.742861E+01 -0.168926E-03  0.659634E+01  0.565365E+00  0.702217E-02
  0.541062E+01  0.879103E+01  0.614525E-01  0.237441E-04 -0.452382E-05  0.000000E+00  0.736843E+01  0.736843E+01  0.736843E+01 -0.167558E-03  0.654284E+01  0.560784E+00  0.693321E-02
  0.543559E+01  0.871997E+01  0.609557E-01  0.233366E-04 -0.252721E-04  0.000000E+00  0.730887E+01  0.730887E+01  0.730887E+01 -0.166204E-03  0.648992E+01  0.556254E+00  0.684553E-02
  0.546068E+01  0.864927E+01  0.604614E-01  0.229354E-04 -0.124576E-04  0.000000E+00  0.724961E+01  0.724961E+01  0.724961E+01 -0.164856E-03  0.643723E+01  0.551743E+00  0.675875E-02
  0.548589E+01  0.857919E+01  0.599714E-01  0.225412E-04  0.312199E-05  0.000000E+00  0.719088E+01  0.719088E+01  0.719088E+01 -0.163520E-03  0.638502E+01  0.547273E+00  0.667312E-02
  0.551121E+01  0.850976E+01  0.594860E-01  0.221541E-04  0.138780E-04  0.000000E+00  0.713268E+01  0.713268E+01  0.713268E+01 -0.162197E-03  0.633331E+01  0.542846E+00  0.658866E-02
  0.553665E+01  0.844080E+01  0.590040E-01  0.217733E-04  0.353142E-04  0.000000E+00  0.707487E+01  0.707487E+01  0.707487E+01 -0.160882E-03  0.628192E+01  0.538446E+00  0.650517E-02
  0.556220E+01  0.837241E+01  0.585258E-01  0.213991E-04  0.780477E-04  0.000000E+00  0.701756E+01  0.701756E+01  0.701756E+01 -0.159579E-03  0.623098E+01  0.534085E+00  0.642277E-02
  0.558788E+01  0.830457E+01  0.580513E-01  0.210313E-04  0.128542E-03  0.000000E+00  0.696069E+01  0.696069E+01  0.696069E+01 -0.158286E-03  0.618044E+01  0.529758E+00  0.634140E-02
  0.561367E+01  0.823727E+01  0.575809E-01  0.206698E-04  0.157056E-03  0.000000E+00  0.690428E+01  0.690428E+01  0.690428E+01 -0.157003E-03  0.613031E+01  0.525465E+00  0.626105E-02
  0.563958E+01  0.817051E+01  0.571141E-01  0.203145E-04  0.142339E-03  0.000000E+00  0.684833E+01  0.684833E+01  0.684833E+01 -0.155731E-03  0.608057E+01  0.521207E+00  0.618172E-02
  0.566561E+01  0.810430E+01  0.566515E-01  0.199655E-04  0.876937E-04  0.000000E+00  0.679283E+01  0.679283E+01  0.679283E+01 -0.154469E-03  0.603126E+01  0.516985E+00  0.610341E-02
  0.569176E+01  0.803861E+01  0.561922E-01  0.196224E-04  0.187834E-04  0.000000E+00  0.673777E+01  0.673777E+01  0.673777E+01 -0.153217E-03  0.598233E+01  0.512795E+00  0.602607E-02
  0.571803E+01  0.797339E+01  0.557361E-01  0.192849E-04 -0.339684E-04  0.000000E+00  0.668311E+01  0.668311E+01  0.668311E+01 -0.151973E-03  0.593374E+01  0.508634E+00  0.594966E-02
  0.574443E+01  0.790875E+01  0.552842E-01  0.189534E-04 -0.533077E-04  0.000000E+00  0.662892E+01  0.662892E+01  0.662892E+01 -0.150741E-03  0.588559E+01  0.504511E+00  0.587426E-02
  0.577094E+01  0.784462E+01  0.548359E-01  0.186276E-04 -0.404427E-04  0.000000E+00  0.657517E+01  0.657517E+01  0.657517E+01 -0.149519E-03  0.583782E+01  0.500421E+00  0.579981E-02
  0.579758E+01  0.778099E+01  0.543910E-01  0.183073E-04 -0.108160E-04  0.000000E+00  0.652184E+01  0.652184E+01  0.652184E+01 -0.148306E-03  0.579042E+01  0.496363E+00  0.572629E-02
  0.582434E+01  0.771784E+01  0.539496E-01  0.179924E-04  0.178604E-04  0.000000E+00  0.646891E+01  0.646891E+01  0.646891E+01 -0.147103E-03  0.574338E+01  0.492335E+00  0.565366E-02
  0.585122E+01  0.765522E+01  0.535117E-01  0.176830E-04  0.340783E-04  0.000000E+00  0.641642E+01  0.641642E+01  0.641642E+01 -0.145909E-03  0.569673E+01  0.488340E+00  0.558198E-02
  0.587823E+01  0.759310E+01  0.530775E-01  0.173789E-04  0.359119E-04  0.000000E+00  0.636436E+01  0.636436E+01  0.636436E+01 -0.144725E-03  0.565047E+01  0.484378E+00  0.551120E-02
  0.590537E+01  0.753148E+01  0.526466E-01  0.170800E-04  0.288167E-04  0.000000E+00  0.631270E+01  0.631270E+01  0.631270E+01 -0.143550E-03  0.560456E+01  0.480448E+00  0.544130E-02
  0.593262E+01  0.747030E+01  0.522188E-01  0.167861E-04  0.209237E-04  0.000000E+00  0.626143E+01  0.626143E+01  0.626143E+01 -0.142384E-03  0.555899E+01  0.476545E+00  0.537225E-02
  0.596001E+01  0.740966E+01  0.517949E-01  0.164973E-04  0.187542E-04  0.000000E+00  0.621060E+01  0.621060E+01  0.621060E+01 -0.141228E-03  0.551382E+01  0.472677E+00  0.530412E-02
  0.598752E+01  0.734954E+01  0.513746E-01  0.162137E-04  0.252145E-04  0.000000E+00  0.616021E+01  0.616021E+01  0.616021E+01 -0.140082E-03  0.546904E+01  0.468842E+00  0.523687E-02
  0.601515E+01  0.728987E+01  0.509575E-01  0.159348E-04  0.394346E-04  0.000000E+00  0.611020E+01  0.611020E+01  0.611020E+01 -0.138945E-03  0.542461E+01  0.465037E+00  0.517045E-02
  0.604292E+01  0.723072E+01  0.505442E-01  0.156608E-04  0.579456E-04  0.000000E+00  0.606062E+01  0.606062E+01  0.606062E+01 -0.137818E-03  0.538056E+01  0.461265E+00  0.510490E-02
  0.607081E+01  0.717197E+01  0.501333E-01  0.153912E-04  0.762067E-04  0.000000E+00  0.601137E+01  0.601137E+01  0.601137E+01 -0.136698E-03  0.533679E+01  0.457517E+00  0.504010E-02
  0.609883E+01  0.711367E+01  0.497257E-01  0.151263E-04  0.904758E-04  0.000000E+00  0.596251E+01  0.596251E+01  0.596251E+01 -0.135587E-03  0.529336E+01  0.453798E+00  0.497612E-02
  0.612698E+01  0.705585E+01  0.493214E-01  0.148659E-04  0.986299E-04  0.000000E+00  0.591404E+01  0.591404E+01  0.591404E+01 -0.134484E-03  0.525029E+01  0.450109E+00  0.491294E-02
  0.615527E+01  0.699851E+01  0.489207E-01  0.146101E-04  0.100588E-03  0.000000E+00  0.586599E+01  0.586599E+01  0.586599E+01 -0.133392E-03  0.520758E+01  0.446452E+00  0.485059E-02
  0.618368E+01  0.694164E+01  0.485231E-01  0.143587E-04  0.979745E-04  0.000000E+00  0.581832E+01  0.581832E+01  0.581832E+01 -0.132308E-03  0.516523E+01  0.442824E+00  0.478903E-02
  0.621222E+01  0.688522E+01  0.481287E-01  0.141115E-04  0.921701E-04  0.000000E+00  0.577103E+01  0.577103E+01  0.577103E+01 -0.131232E-03  0.512321E+01  0.439225E+00  0.472824E-02
  0.624089E+01  0.682928E+01  0.477376E-01  0.138687E-04  0.829382E-04  0.000000E+00  0.572414E+01  0.572414E+01  0.572414E+01 -0.130166E-03  0.508155E+01  0.435658E+00  0.466824E-02
  0.626970E+01  0.677375E+01  0.473493E-01  0.136300E-04  0.683932E-04  0.000000E+00  0.567760E+01  0.567760E+01  0.567760E+01 -0.129108E-03  0.504019E+01  0.432116E+00  0.460897E-02
  0.629864E+01  0.671872E+01  0.469649E-01  0.133955E-04  0.472150E-04  0.000000E+00  0.563147E+01  0.563147E+01  0.563147E+01 -0.128059E-03  0.499921E+01  0.428606E+00  0.455049E-02
  0.632771E+01  0.666413E+01  0.465831E-01  0.131650E-04  0.213051E-04  0.000000E+00  0.558572E+01  0.558572E+01  0.558572E+01 -0.127019E-03  0.495857E+01  0.425125E+00  0.449275E-02
  0.635692E+01  0.660995E+01  0.462045E-01  0.129384E-04 -0.398372E-05  0.000000E+00  0.554030E+01  0.554030E+01  0.554030E+01 -0.125986E-03  0.491821E+01  0.421669E+00  0.443571E-02
  0.638626E+01  0.655619E+01  0.458285E-01  0.127157E-04 -0.231191E-04  0.000000E+00  0.549524E+01  0.549524E+01  0.549524E+01 -0.124961E-03  0.487818E+01  0.418240E+00  0.437938E-02
  0.641574E+01  0.650286E+01  0.454558E-01  0.124967E-04 -0.344763E-04  0.000000E+00  0.545054E+01  0.545054E+01  0.545054E+01 -0.123945E-03  0.483846E+01  0.414838E+00  0.432376E-02
  0.644535E+01  0.644996E+01  0.450860E-01  0.122816E-04 -0.400935E-04  0.000000E+00  0.540621E+01  0.540621E+01  0.540621E+01 -0.122937E-03  0.479907E+01  0.411464E+00  0.426886E-02
  0.647510E+01  0.639749E+01  0.447192E-01  0.120701E-04 -0.426716E-04  0.000000E+00  0.536223E+01  0.536223E+01  0.536223E+01 -0.121937E-03  0.476000E+01  0.408117E+00  0.421464E-02
  0.650499E+01  0.634544E+01  0.443552E-01  0.118623E-04 -0.428615E-04  0.000000E+00  0.531860E+01  0.531860E+01  0.531860E+01 -0.120945E-03  0.472124E+01  0.404797E+00  0.416111E-02
  0.653502E+01  0.629380E+01  0.439943E-01  0.116580E-04 -0.407733E-04  0.000000E+00  0.527531E+01  0.527531E+01  0.527531E+01 -0.119960E-03  0.468277E+01  0.401503E+00  0.410825E-02
  0.656518E+01  0.624251E+01  0.436357E-01  0.114571E-04 -0.357357E-04  0.000000E+00  0.523232E+01  0.523232E+01  0.523232E+01 -0.118982E-03  0.464457E+01  0.398230E+00  0.405601E-02
  0.659549E+01  0.619171E+01  0.432806E-01  0.112598E-04 -0.241761E-04  0.000000E+00  0.518975E+01  0.518975E+01  0.518975E+01 -0.118014E-03  0.460674E+01  0.394990E+00  0.400449E-02
  0.662593E+01  0.614130E+01  0.429281E-01  0.110658E-04 -0.830752E-06  0.000000E+00  0.514749E+01  0.514749E+01  0.514749E+01 -0.117053E-03  0.456920E+01  0.391774E+00  0.395360E-02
  0.665651E+01  0.609131E+01  0.425787E-01  0.108752E-04  0.316974E-04  0.000000E+00  0.510559E+01  0.510559E+01  0.510559E+01 -0.116101E-03  0.453197E+01  0.388586E+00  0.390337E-02
  0.668724E+01  0.604171E+01  0.422320E-01  0.106879E-04  0.565418E-04  0.000000E+00  0.506401E+01  0.506401E+01  0.506401E+01 -0.115155E-03  0.449503E+01  0.385422E+00  0.385376E-02
  0.671810E+01  0.599250E+01  0.418881E-01  0.105037E-04  0.553301E-04  0.000000E+00  0.502277E+01  0.502277E+01  0.502277E+01 -0.114217E-03  0.445839E+01  0.382283E+00  0.380479E-02
  0.674911E+01  0.594368E+01  0.415467E-01  0.103228E-04  0.287880E-04  0.000000E+00  0.498186E+01  0.498186E+01  0.498186E+01 -0.113287E-03  0.442204E+01  0.379169E+00  0.375642E-02
  0.678027E+01  0.589527E+01  0.412083E-01  0.101449E-04 -0.458279E-05  0.000000E+00  0.494128E+01  0.494128E+01  0.494128E+01 -0.112364E-03  0.438599E+01  0.376081E+00  0.370867E-02
  0.681156E+01  0.584723E+01  0.408724E-01  0.997012E-05 -0.276357E-04  0.000000E+00  0.490101E+01  0.490101E+01  0.490101E+01 -0.111448E-03  0.435021E+01  0.373016E+00  0.366152E-02
  0.684300E+01  0.579959E+01  0.405394E-01  0.979834E-05 -0.333908E-04  0.000000E+00  0.486108E+01  0.486108E+01  0.486108E+01 -0.110540E-03  0.431474E+01  0.369978E+00  0.361497E-02
  0.687459E+01  0.575234E+01  0.402092E-01  0.962950E-05 -0.216371E-04  0.000000E+00  0.482147E+01  0.482147E+01  0.482147E+01 -0.109640E-03  0.427956E+01  0.366964E+00  0.356902E-02
  0.690632E+01  0.570541E+01  0.398811E-01  0.946343E-05  0.313933E-05  0.000000E+00  0.478214E+01  0.478214E+01  0.478214E+01 -0.108745E-03  0.424460E+01  0.363969E+00  0.352360E-02
  0.693820E+01  0.565891E+01  0.395559E-01  0.930034E-05  0.341232E-04  0.000000E+00  0.474317E+01  0.474317E+01  0.474317E+01 -0.107859E-03  0.420998E+01  0.361004E+00  0.347880E-02
  0.697022E+01  0.561278E+01  0.392334E-01  0.914003E-05  0.643560E-04  0.000000E+00  0.470450E+01  0.470450E+01  0.470450E+01 -0.106979E-03  0.417563E+01  0.358061E+00  0.343456E-02
  0.700240E+01  0.556702E+01  0.389135E-01  0.898248E-05  0.745536E-04  0.000000E+00  0.466614E+01  0.466614E+01  0.466614E+01 -0.106107E-03  0.414155E+01  0.355141E+00  0.339088E-02
  0.703472E+01  0.552163E+01  0.385963E-01  0.882767E-05  0.447027E-04  0.000000E+00  0.462810E+01  0.462810E+01  0.462810E+01 -0.105242E-03  0.410776E+01  0.352246E+00  0.334775E-02
  0.706719E+01  0.547662E+01  0.382816E-01  0.867555E-05 -0.105232E-05  0.000000E+00  0.459037E+01  0.459037E+01  0.459037E+01 -0.104384E-03  0.407425E+01  0.349376E+00  0.330518E-02
  0.709981E+01  0.543196E+01  0.379695E-01  0.852601E-05 -0.923873E-05  0.000000E+00  0.455294E+01  0.455294E+01  0.455294E+01 -0.103533E-03  0.404100E+01  0.346527E+00  0.326314E-02
  0.713258E+01  0.538762E+01  0.376595E-01  0.837895E-05  0.248990E-04  0.000000E+00  0.451578E+01  0.451578E+01  0.451578E+01 -0.102688E-03  0.400798E+01  0.343698E+00  0.322161E-02
  0.716550E+01  0.534373E+01  0.373528E-01  0.823459E-05  0.530460E-04  0.000000E+00  0.447899E+01  0.447899E+01  0.447899E+01 -0.101852E-03  0.397531E+01  0.340900E+00  0.318067E-02
  0.719858E+01  0.530014E+01  0.370481E-01  0.809262E-05  0.419945E-04  0.000000E+00  0.444245E+01  0.444245E+01  0.444245E+01 -0.101021E-03  0.394285E+01  0.338119E+00  0.314020E-02
  0.723181E+01  0.525702E+01  0.367469E-01  0.795336E-05  0.313363E-05  0.000000E+00  0.440631E+01  0.440631E+01  0.440631E+01 -0.100200E-03  0.391078E+01  0.335371E+00  0.310034E-02
  0.726519E+01  0.521412E+01  0.364471E-01  0.781622E-05 -0.261580E-04  0.000000E+00  0.437035E+01  0.437035E+01  0.437035E+01 -0.993818E-04  0.387883E+01  0.332634E+00  0.306089E-02
  0.729872E+01  0.517157E+01  0.361496E-01  0.768143E-05 -0.207990E-04  0.000000E+00  0.433468E+01  0.433468E+01  0.433468E+01 -0.985707E-04  0.384715E+01  0.329920E+00  0.302193E-02
  0.733241E+01  0.512936E+01  0.358546E-01  0.754895E-05  0.170762E-04  0.000000E+00  0.429931E+01  0.429931E+01  0.429931E+01 -0.977663E-04  0.381573E+01  0.327228E+00  0.298348E-02
  0.736626E+01  0.508741E+01  0.355612E-01  0.741859E-05  0.619942E-04  0.000000E+00  0.426414E+01  0.426414E+01  0.426414E+01 -0.969662E-04  0.378448E+01  0.324550E+00  0.294545E-02
  0.740026E+01  0.504587E+01  0.352708E-01  0.729063E-05  0.552452E-04  0.000000E+00  0.422933E+01  0.422933E+01  0.422933E+01 -0.961745E-04  0.375355E+01  0.321900E+00  0.290795E-02
  0.743441E+01  0.500467E+01  0.349828E-01  0.716490E-05 -0.247132E-05  0.000000E+00  0.419479E+01  0.419479E+01  0.419479E+01 -0.953891E-04  0.372287E+01  0.319272E+00  0.287093E-02
  0.746873E+01  0.496381E+01  0.346972E-01  0.704133E-05 -0.129961E-04  0.000000E+00  0.416055E+01  0.416055E+01  0.416055E+01 -0.946104E-04  0.369246E+01  0.316666E+00  0.283439E-02
  0.750320E+01  0.492327E+01  0.344137E-01  0.691984E-05  0.287617E-04  0.000000E+00  0.412656E+01  0.412656E+01  0.412656E+01 -0.938376E-04  0.366227E+01  0.314079E+00  0.279830E-02
  0.753784E+01  0.488306E+01  0.341327E-01  0.680047E-05  0.310927E-04  0.000000E+00  0.409286E+01  0.409286E+01  0.409286E+01 -0.930712E-04  0.363234E+01  0.311514E+00  0.276267E-02
  0.757263E+01  0.484311E+01  0.338533E-01  0.668305E-05 -0.664381E-05  0.000000E+00  0.405938E+01  0.405938E+01  0.405938E+01 -0.923094E-04  0.360258E+01  0.308965E+00  0.272745E-02
  0.760758E+01  0.480354E+01  0.335768E-01  0.656774E-05 -0.750907E-05  0.000000E+00  0.402621E+01  0.402621E+01  0.402621E+01 -0.915553E-04  0.357312E+01  0.306441E+00  0.269272E-02
  0.764270E+01  0.476429E+01  0.333023E-01  0.645440E-05  0.349488E-04  0.000000E+00  0.399331E+01  0.399331E+01  0.399331E+01 -0.908071E-04  0.354390E+01  0.303937E+00  0.265842E-02
  0.767798E+01  0.472535E+01  0.330302E-01  0.634302E-05  0.511199E-04  0.000000E+00  0.396068E+01  0.396068E+01  0.396068E+01 -0.900650E-04  0.351491E+01  0.301453E+00  0.262456E-02
  0.771342E+01  0.468674E+01  0.327603E-01  0.623359E-05  0.127159E-04  0.000000E+00  0.392831E+01  0.392831E+01  0.392831E+01 -0.893290E-04  0.348617E+01  0.298990E+00  0.259114E-02
  0.774902E+01  0.464842E+01  0.324924E-01  0.612602E-05 -0.314498E-04  0.000000E+00  0.389620E+01  0.389620E+01  0.389620E+01 -0.885987E-04  0.345764E+01  0.296546E+00  0.255812E-02
  0.778479E+01  0.461043E+01  0.322268E-01  0.602029E-05  0.104487E-04  0.000000E+00  0.386435E+01  0.386435E+01  0.386435E+01 -0.878745E-04  0.342936E+01  0.294122E+00  0.252554E-02
  0.782072E+01  0.457273E+01  0.319632E-01  0.591635E-05  0.543305E-04  0.000000E+00  0.383275E+01  0.383275E+01  0.383275E+01 -0.871559E-04  0.340129E+01  0.291717E+00  0.249336E-02
  0.785682E+01  0.453534E+01  0.317019E-01  0.581426E-05  0.536367E-05  0.000000E+00  0.380142E+01  0.380142E+01  0.380142E+01 -0.864433E-04  0.337346E+01  0.289332E+00  0.246159E-02
  0.789308E+01  0.449826E+01  0.314427E-01  0.571391E-05 -0.175344E-05  0.000000E+00  0.377033E+01  0.377033E+01  0.377033E+01 -0.857365E-04  0.334585E+01  0.286967E+00  0.243023E-02
  0.792952E+01  0.446148E+01  0.311857E-01  0.561528E-05  0.310392E-04  0.000000E+00  0.373951E+01  0.373951E+01  0.373951E+01 -0.850356E-04  0.331848E+01  0.284621E+00  0.239927E-02
  0.796612E+01  0.442499E+01  0.309306E-01  0.551835E-05  0.381393E-05  0.000000E+00  0.370892E+01  0.370892E+01  0.370892E+01 -0.843400E-04  0.329131E+01  0.282293E+00  0.236869E-02
  0.800289E+01  0.438880E+01  0.306776E-01  0.542310E-05 -0.445815E-05  0.000000E+00  0.367859E+01  0.367859E+01  0.367859E+01 -0.836502E-04  0.326437E+01  0.279985E+00  0.233851E-02
  0.803983E+01  0.435290E+01  0.304267E-01  0.532946E-05  0.361435E-04  0.000000E+00  0.364849E+01  0.364849E+01  0.364849E+01 -0.829660E-04  0.323765E+01  0.277694E+00  0.230871E-02
  0.807694E+01  0.431728E+01  0.301777E-01  0.523745E-05  0.284052E-04  0.000000E+00  0.361864E+01  0.361864E+01  0.361864E+01 -0.822871E-04  0.321113E+01  0.275422E+00  0.227928E-02
  0.811422E+01  0.428195E+01  0.299308E-01  0.514703E-05 -0.231789E-04  0.000000E+00  0.358903E+01  0.358903E+01  0.358903E+01 -0.816136E-04  0.318483E+01  0.273168E+00  0.225022E-02
  0.815167E+01  0.424690E+01  0.296857E-01  0.505813E-05  0.115729E-04  0.000000E+00  0.355965E+01  0.355965E+01  0.355965E+01 -0.809457E-04  0.315874E+01  0.270933E+00  0.222153E-02
  0.818930E+01  0.421214E+01  0.294428E-01  0.497078E-05  0.490734E-04  0.000000E+00  0.353052E+01  0.353052E+01  0.353052E+01 -0.802831E-04  0.313287E+01  0.268715E+00  0.219321E-02
  0.822710E+01  0.417767E+01  0.292018E-01  0.488496E-05 -0.151201E-04  0.000000E+00  0.350162E+01  0.350162E+01  0.350162E+01 -0.796261E-04  0.310721E+01  0.266516E+00  0.216525E-02
  0.826507E+01  0.414348E+01  0.289629E-01  0.480060E-05  0.122858E-04  0.000000E+00  0.347296E+01  0.347296E+01  0.347296E+01 -0.789744E-04  0.308176E+01  0.264335E+00  0.213765E-02
  0.830322E+01  0.410955E+01  0.287257E-01  0.471769E-05  0.214912E-04  0.000000E+00  0.344453E+01  0.344453E+01  0.344453E+01 -0.783278E-04  0.305651E+01  0.262171E+00  0.211039E-02
  0.834155E+01  0.407590E+01  0.284905E-01  0.463622E-05 -0.899255E-06  0.000000E+00  0.341632E+01  0.341632E+01  0.341632E+01 -0.776865E-04  0.303146E+01  0.260025E+00  0.208348E-02
  0.838005E+01  0.404253E+01  0.282573E-01  0.455614E-05  0.286310E-04  0.000000E+00  0.338835E+01  0.338835E+01  0.338835E+01 -0.770504E-04  0.300662E+01  0.257896E+00  0.205691E-02
  0.841873E+01  0.400941E+01  0.280258E-01  0.447743E-05  0.529783E-06  0.000000E+00  0.336060E+01  0.336060E+01  0.336060E+01 -0.764192E-04  0.298197E+01  0.255783E+00  0.203067E-02
  0.845759E+01  0.397658E+01  0.277963E-01  0.440010E-05 -0.193935E-05  0.000000E+00  0.333307E+01  0.333307E+01  0.333307E+01 -0.757934E-04  0.295753E+01  0.253689E+00  0.200477E-02
  0.849663E+01  0.394400E+01  0.275686E-01  0.432407E-05  0.423682E-04  0.000000E+00  0.330577E+01  0.330577E+01  0.330577E+01 -0.751725E-04  0.293328E+01  0.251611E+00  0.197920E-02
  0.853585E+01  0.391168E+01  0.273427E-01  0.424937E-05 -0.134057E-04  0.000000E+00  0.327868E+01  0.327868E+01  0.327868E+01 -0.745564E-04  0.290922E+01  0.249549E+00  0.195395E-02
  0.857525E+01  0.387964E+01  0.271186E-01  0.417596E-05  0.910772E-05  0.000000E+00  0.325182E+01  0.325182E+01  0.325182E+01 -0.739458E-04  0.288538E+01  0.247505E+00  0.192903E-02
  0.861483E+01  0.384785E+01  0.268964E-01  0.410379E-05  0.313015E-04  0.000000E+00  0.322517E+01  0.322517E+01  0.322517E+01 -0.733397E-04  0.286171E+01  0.245477E+00  0.190441E-02
  0.865460E+01  0.381631E+01  0.266760E-01  0.403290E-05 -0.123716E-04  0.000000E+00  0.319874E+01  0.319874E+01  0.319874E+01 -0.727387E-04  0.283824E+01  0.243465E+00  0.188011E-02
  0.869454E+01  0.378503E+01  0.264573E-01  0.396319E-05  0.251981E-04  0.000000E+00  0.317252E+01  0.317252E+01  0.317252E+01 -0.721423E-04  0.281495E+01  0.241469E+00  0.185612E-02
  0.873468E+01  0.375401E+01  0.262405E-01  0.389472E-05 -0.956417E-06  0.000000E+00  0.314652E+01  0.314652E+01  0.314652E+01 -0.715511E-04  0.279187E+01  0.239491E+00  0.183244E-02
  0.877499E+01  0.372323E+01  0.260254E-01  0.382741E-05  0.218677E-04  0.000000E+00  0.312073E+01  0.312073E+01  0.312073E+01 -0.709646E-04  0.276896E+01  0.237528E+00  0.180905E-02
  0.881550E+01  0.369270E+01  0.258119E-01  0.376127E-05 -0.136195E-05  0.000000E+00  0.309514E+01  0.309514E+01  0.309514E+01 -0.703827E-04  0.274624E+01  0.235580E+00  0.178596E-02
  0.885619E+01  0.366243E+01  0.256003E-01  0.369626E-05  0.117590E-04  0.000000E+00  0.306976E+01  0.306976E+01  0.306976E+01 -0.698056E-04  0.272371E+01  0.233649E+00  0.176317E-02
  0.889706E+01  0.363240E+01  0.253905E-01  0.363238E-05  0.215965E-04  0.000000E+00  0.304459E+01  0.304459E+01  0.304459E+01 -0.692334E-04  0.270136E+01  0.231733E+00  0.174067E-02
  0.893813E+01  0.360259E+01  0.251821E-01  0.356958E-05 -0.154821E-04  0.000000E+00  0.301961E+01  0.301961E+01  0.301961E+01 -0.686652E-04  0.267917E+01  0.229832E+00  0.171844E-02
  0.897939E+01  0.357304E+01  0.249756E-01  0.350786E-05  0.388656E-04  0.000000E+00  0.299484E+01  0.299484E+01  0.299484E+01 -0.681019E-04  0.265718E+01  0.227947E+00  0.169650E-02
  0.902084E+01  0.354373E+01  0.247707E-01  0.344723E-05 -0.176155E-04  0.000000E+00  0.297027E+01  0.297027E+01  0.297027E+01 -0.675432E-04  0.263536E+01  0.226077E+00  0.167484E-02
  0.906247E+01  0.351465E+01  0.245674E-01  0.338762E-05  0.279656E-04  0.000000E+00  0.294590E+01  0.294590E+01  0.294590E+01 -0.669890E-04  0.261372E+01  0.224222E+00  0.165345E-02
  0.910430E+01  0.348581E+01  0.243658E-01  0.332906E-05 -0.269144E-05  0.000000E+00  0.292172E+01  0.292172E+01  0.292172E+01 -0.664393E-04  0.259226E+01  0.222382E+00  0.163234E-02
  0.914633E+01  0.345721E+01  0.241659E-01  0.327150E-05  0.157505E-04  0.000000E+00  0.289775E+01  0.289775E+01  0.289775E+01 -0.658941E-04  0.257097E+01  0.220557E+00  0.161149E-02
  0.918855E+01  0.342885E+01  0.239677E-01  0.321495E-05  0.431311E-06  0.000000E+00  0.287398E+01  0.287398E+01  0.287398E+01 -0.653536E-04  0.254987E+01  0.218748E+00  0.159092E-02
  0.923096E+01  0.340069E+01  0.237709E-01  0.315934E-05  0.224879E-04  0.000000E+00  0.285038E+01  0.285038E+01  0.285038E+01 -0.648169E-04  0.252891E+01  0.216952E+00  0.157059E-02
  0.927357E+01  0.337278E+01  0.235758E-01  0.310472E-05 -0.136779E-04  0.000000E+00  0.282698E+01  0.282698E+01  0.282698E+01 -0.642849E-04  0.250814E+01  0.215171E+00  0.155054E-02
  0.931637E+01  0.334509E+01  0.233822E-01  0.305102E-05  0.355847E-04  0.000000E+00  0.280378E+01  0.280378E+01  0.280378E+01 -0.637571E-04  0.248753E+01  0.213405E+00  0.153073E-02
  0.935937E+01  0.331763E+01  0.231903E-01  0.299827E-05 -0.204598E-04  0.000000E+00  0.278076E+01  0.278076E+01  0.278076E+01 -0.632338E-04  0.246710E+01  0.211653E+00  0.151118E-02
  0.940257E+01  0.329038E+01  0.229998E-01  0.294639E-05  0.332548E-04  0.000000E+00  0.275792E+01  0.275792E+01  0.275792E+01 -0.627144E-04  0.244682E+01  0.209915E+00  0.149187E-02
  0.944597E+01  0.326336E+01  0.228109E-01  0.289544E-05 -0.105353E-04  0.000000E+00  0.273527E+01  0.273527E+01  0.273527E+01 -0.621992E-04  0.242670E+01  0.208191E+00  0.147281E-02
  0.948957E+01  0.323655E+01  0.226235E-01  0.284534E-05  0.167772E-04  0.000000E+00  0.271280E+01  0.271280E+01  0.271280E+01 -0.616883E-04  0.240675E+01  0.206480E+00  0.145399E-02
  0.953338E+01  0.320997E+01  0.224377E-01  0.279613E-05  0.598098E-05  0.000000E+00  0.269052E+01  0.269052E+01  0.269052E+01 -0.611816E-04  0.238697E+01  0.204785E+00  0.143541E-02
  0.957738E+01  0.318361E+01  0.222535E-01  0.274778E-05  0.479523E-05  0.000000E+00  0.266843E+01  0.266843E+01  0.266843E+01 -0.606793E-04  0.236736E+01  0.203104E+00  0.141707E-02
  0.962159E+01  0.315744E+01  0.220705E-01  0.270022E-05  0.155546E-04  0.000000E+00  0.264649E+01  0.264649E+01  0.264649E+01 -0.601803E-04  0.234788E+01  0.201433E+00  0.139895E-02
  0.966600E+01  0.313150E+01  0.218892E-01  0.265352E-05 -0.967028E-05  0.000000E+00  0.262475E+01  0.262475E+01  0.262475E+01 -0.596860E-04  0.232858E+01  0.199779E+00  0.138108E-02
  0.971062E+01  0.310577E+01  0.217093E-01  0.260760E-05  0.310768E-04  0.000000E+00  0.260318E+01  0.260318E+01  0.260318E+01 -0.591955E-04  0.230943E+01  0.198138E+00  0.136343E-02
  0.975544E+01  0.308024E+01  0.215309E-01  0.256249E-05 -0.170198E-04  0.000000E+00  0.258178E+01  0.258178E+01  0.258178E+01 -0.587090E-04  0.229043E+01  0.196509E+00  0.134600E-02
  0.980047E+01  0.305492E+01  0.213540E-01  0.251814E-05  0.229697E-04  0.000000E+00  0.256056E+01  0.256056E+01  0.256056E+01 -0.582263E-04  0.227159E+01  0.194894E+00  0.132879E-02
  0.984570E+01  0.302981E+01  0.211785E-01  0.247457E-05  0.341140E-05  0.000000E+00  0.253951E+01  0.253951E+01  0.253951E+01 -0.577478E-04  0.225290E+01  0.193292E+00  0.131181E-02
  0.989115E+01  0.300490E+01  0.210043E-01  0.243174E-05  0.284372E-05  0.000000E+00  0.251863E+01  0.251863E+01  0.251863E+01 -0.572729E-04  0.223437E+01  0.191703E+00  0.129503E-02
  0.993680E+01  0.298020E+01  0.208317E-01  0.238967E-05  0.112878E-04  0.000000E+00  0.249793E+01  0.249793E+01  0.249793E+01 -0.568022E-04  0.221599E+01  0.190127E+00  0.127848E-02
  0.998267E+01  0.295569E+01  0.206603E-01  0.234831E-05  0.238227E-05  0.000000E+00  0.247739E+01  0.247739E+01  0.247739E+01 -0.563350E-04  0.219775E+01  0.188563E+00  0.126213E-02
  0.100287E+02  0.293139E+01  0.204905E-01  0.230767E-05  0.442166E-05  0.000000E+00  0.245702E+01  0.245702E+01  0.245702E+01 -0.558718E-04  0.217966E+01  0.187013E+00  0.124599E-02
  0.100750E+02  0.290727E+01  0.203219E-01  0.226771E-05  0.213760E-04  0.000000E+00  0.243681E+01  0.243681E+01  0.243681E+01 -0.554121E-04  0.216172E+01  0.185474E+00  0.123005E-02
  0.101215E+02  0.288336E+01  0.201548E-01  0.222847E-05 -0.149642E-04  0.000000E+00  0.241676E+01  0.241676E+01  0.241676E+01 -0.549563E-04  0.214392E+01  0.183949E+00  0.121432E-02
  0.101683E+02  0.285964E+01  0.199889E-01  0.218989E-05  0.170102E-04  0.000000E+00  0.239688E+01  0.239688E+01  0.239688E+01 -0.545043E-04  0.212628E+01  0.182436E+00  0.119879E-02
  0.102152E+02  0.283612E+01  0.198245E-01  0.215198E-05  0.137147E-04  0.000000E+00  0.237717E+01  0.237717E+01  0.237717E+01 -0.540559E-04  0.210877E+01  0.180935E+00  0.118346E-02
  0.102623E+02  0.281278E+01  0.196614E-01  0.211473E-05 -0.605605E-05  0.000000E+00  0.235761E+01  0.235761E+01  0.235761E+01 -0.536112E-04  0.209141E+01  0.179447E+00  0.116832E-02
  0.103097E+02  0.278963E+01  0.194996E-01  0.207811E-05  0.116791E-04  0.000000E+00  0.233820E+01  0.233820E+01  0.233820E+01 -0.531698E-04  0.207418E+01  0.177970E+00  0.115338E-02
  0.103573E+02  0.276667E+01  0.193391E-01  0.204213E-05  0.754132E-05  0.000000E+00  0.231896E+01  0.231896E+01  0.231896E+01 -0.527323E-04  0.205710E+01  0.176505E+00  0.113862E-02
  0.104051E+02  0.274390E+01  0.191800E-01  0.200678E-05 -0.838725E-06  0.000000E+00  0.229987E+01  0.229987E+01  0.229987E+01 -0.522982E-04  0.204015E+01  0.175052E+00  0.112405E-02
  0.104531E+02  0.272132E+01  0.190221E-01  0.197203E-05  0.140496E-05  0.000000E+00  0.228094E+01  0.228094E+01  0.228094E+01 -0.518678E-04  0.202335E+01  0.173612E+00  0.110967E-02
  0.105014E+02  0.269891E+01  0.188655E-01  0.193788E-05  0.237846E-04  0.000000E+00  0.226217E+01  0.226217E+01  0.226217E+01 -0.514408E-04  0.200668E+01  0.172182E+00  0.109547E-02
  0.105499E+02  0.267670E+01  0.187102E-01  0.190433E-05 -0.124667E-05  0.000000E+00  0.224354E+01  0.224354E+01  0.224354E+01 -0.510173E-04  0.199015E+01  0.170765E+00  0.108146E-02
  0.105986E+02  0.265466E+01  0.185562E-01  0.187135E-05 -0.935388E-05  0.000000E+00  0.222507E+01  0.222507E+01  0.222507E+01 -0.505973E-04  0.197375E+01  0.169359E+00  0.106762E-02
  0.106475E+02  0.263281E+01  0.184035E-01  0.183894E-05  0.156643E-04  0.000000E+00  0.220676E+01  0.220676E+01  0.220676E+01 -0.501808E-04  0.195750E+01  0.167965E+00  0.105396E-02
  0.106966E+02  0.261112E+01  0.182519E-01  0.180709E-05  0.705362E-05  0.000000E+00  0.218858E+01  0.218858E+01  0.218858E+01 -0.497674E-04  0.194136E+01  0.166582E+00  0.104047E-02
  0.107460E+02  0.258961E+01  0.181015E-01  0.177579E-05 -0.351921E-06  0.000000E+00  0.217055E+01  0.217055E+01  0.217055E+01 -0.493576E-04  0.192536E+01  0.165210E+00  0.102715E-02
  0.107956E+02  0.256828E+01  0.179524E-01  0.174503E-05  0.479674E-06  0.000000E+00  0.215267E+01  0.215267E+01  0.215267E+01 -0.489509E-04  0.190948E+01  0.163849E+00  0.101400E-02
  0.108454E+02  0.254713E+01  0.178046E-01  0.171481E-05  0.910203E-05  0.000000E+00  0.213494E+01  0.213494E+01  0.213494E+01 -0.485478E-04  0.189375E+01  0.162500E+00  0.100102E-02
  0.108955E+02  0.252614E+01  0.176579E-01  0.168510E-05  0.202625E-04  0.000000E+00  0.211735E+01  0.211735E+01  0.211735E+01 -0.481478E-04  0.187814E+01  0.161161E+00  0.988207E-03
  0.109458E+02  0.250533E+01  0.175124E-01  0.165591E-05  0.196223E-05  0.000000E+00  0.209991E+01  0.209991E+01  0.209991E+01 -0.477511E-04  0.186265E+01  0.159833E+00  0.975554E-03
  0.109963E+02  0.248468E+01  0.173681E-01  0.162722E-05 -0.109477E-04  0.000000E+00  0.208260E+01  0.208260E+01  0.208260E+01 -0.473575E-04  0.184729E+01  0.158516E+00  0.963063E-03
  0.110471E+02  0.246421E+01  0.172250E-01  0.159903E-05  0.559534E-05  0.000000E+00  0.206544E+01  0.206544E+01  0.206544E+01 -0.469673E-04  0.183205E+01  0.157209E+00  0.950732E-03
  0.110981E+02  0.244389E+01  0.170830E-01  0.157132E-05  0.128544E-04  0.000000E+00  0.204841E+01  0.204841E+01  0.204841E+01 -0.465801E-04  0.181694E+01  0.155913E+00  0.938556E-03
  0.111493E+02  0.242375E+01  0.169422E-01  0.154410E-05  0.658012E-05  0.000000E+00  0.203153E+01  0.203153E+01  0.203153E+01 -0.461963E-04  0.180196E+01  0.154629E+00  0.926540E-03
  0.112007E+02  0.240381E+01  0.168029E-01  0.151738E-05  0.358507E-05  0.000000E+00  0.201482E+01  0.201482E+01  0.201482E+01 -0.458164E-04  0.178713E+01  0.153357E+00  0.914693E-03
  0.112524E+02  0.238400E+01  0.166644E-01  0.149109E-05 -0.394011E-05  0.000000E+00  0.199821E+01  0.199821E+01  0.199821E+01 -0.454387E-04  0.177239E+01  0.152093E+00  0.902979E-03
  0.113044E+02  0.236433E+01  0.165269E-01  0.146524E-05 -0.929395E-05  0.000000E+00  0.198173E+01  0.198173E+01  0.198173E+01 -0.450639E-04  0.175776E+01  0.150839E+00  0.891410E-03
  0.113566E+02  0.234484E+01  0.163907E-01  0.143985E-05  0.221385E-05  0.000000E+00  0.196539E+01  0.196539E+01  0.196539E+01 -0.446924E-04  0.174326E+01  0.149595E+00  0.879995E-03
  0.114090E+02  0.232550E+01  0.162555E-01  0.141489E-05  0.150684E-04  0.000000E+00  0.194918E+01  0.194918E+01  0.194918E+01 -0.443238E-04  0.172887E+01  0.148362E+00  0.868721E-03
  0.114616E+02  0.230632E+01  0.161215E-01  0.139037E-05  0.117764E-04  0.000000E+00  0.193311E+01  0.193311E+01  0.193311E+01 -0.439583E-04  0.171460E+01  0.147138E+00  0.857593E-03
  0.115145E+02  0.228730E+01  0.159885E-01  0.136628E-05  0.283416E-05  0.000000E+00  0.191716E+01  0.191716E+01  0.191716E+01 -0.435957E-04  0.170045E+01  0.145925E+00  0.846607E-03
  0.115677E+02  0.226844E+01  0.158567E-01  0.134260E-05  0.588931E-06  0.000000E+00  0.190135E+01  0.190135E+01  0.190135E+01 -0.432361E-04  0.168641E+01  0.144721E+00  0.835760E-03
  0.116211E+02  0.224972E+01  0.157259E-01  0.131932E-05 -0.770493E-06  0.000000E+00  0.188566E+01  0.188566E+01  0.188566E+01 -0.428794E-04  0.167249E+01  0.143527E+00  0.825052E-03
  0.116747E+02  0.223116E+01  0.155961E-01  0.129645E-05 -0.659260E-05  0.000000E+00  0.187010E+01  0.187010E+01  0.187010E+01 -0.425256E-04  0.165868E+01  0.142343E+00  0.814480E-03
  0.117286E+02  0.221275E+01  0.154674E-01  0.127398E-05 -0.942935E-05  0.000000E+00  0.185467E+01  0.185467E+01  0.185467E+01 -0.421747E-04  0.164499E+01  0.141169E+00  0.804043E-03
  0.117828E+02  0.219449E+01  0.153398E-01  0.125189E-05 -0.323040E-05  0.000000E+00  0.183937E+01  0.183937E+01  0.183937E+01 -0.418267E-04  0.163140E+01  0.140004E+00  0.793739E-03
  0.118371E+02  0.217638E+01  0.152132E-01  0.123019E-05  0.640940E-05  0.000000E+00  0.182419E+01  0.182419E+01  0.182419E+01 -0.414816E-04  0.161793E+01  0.138848E+00  0.783568E-03
  0.118918E+02  0.215842E+01  0.150877E-01  0.120886E-05  0.109094E-04  0.000000E+00  0.180914E+01  0.180914E+01  0.180914E+01 -0.411392E-04  0.160457E+01  0.137703E+00  0.773526E-03
  0.119467E+02  0.214060E+01  0.149631E-01  0.118790E-05  0.982588E-05  0.000000E+00  0.179420E+01  0.179420E+01  0.179420E+01 -0.407996E-04  0.159131E+01  0.136566E+00  0.763610E-03
  0.120018E+02  0.212292E+01  0.148395E-01  0.116730E-05  0.885984E-05  0.000000E+00  0.177938E+01  0.177938E+01  0.177938E+01 -0.404626E-04  0.157816E+01  0.135438E+00  0.753819E-03
  0.120572E+02  0.210540E+01  0.147171E-01  0.114706E-05  0.109425E-04  0.000000E+00  0.176470E+01  0.176470E+01  0.176470E+01 -0.401287E-04  0.156513E+01  0.134320E+00  0.744159E-03
  0.121129E+02  0.208801E+01  0.145956E-01  0.112717E-05  0.137809E-04  0.000000E+00  0.175012E+01  0.175012E+01  0.175012E+01 -0.397973E-04  0.155219E+01  0.133211E+00  0.734618E-03
  0.121688E+02  0.207077E+01  0.144750E-01  0.110762E-05  0.145414E-04  0.000000E+00  0.173567E+01  0.173567E+01  0.173567E+01 -0.394686E-04  0.153937E+01  0.132111E+00  0.725198E-03
  0.122249E+02  0.205367E+01  0.143555E-01  0.108841E-05  0.128337E-04  0.000000E+00  0.172133E+01  0.172133E+01  0.172133E+01 -0.391426E-04  0.152664E+01  0.131020E+00  0.715900E-03
  0.122814E+02  0.203670E+01  0.142369E-01  0.106953E-05  0.986246E-05  0.000000E+00  0.170712E+01  0.170712E+01  0.170712E+01 -0.388193E-04  0.151403E+01  0.129938E+00  0.706720E-03
  0.123381E+02  0.201988E+01  0.141193E-01  0.105099E-05  0.791877E-05  0.000000E+00  0.169302E+01  0.169302E+01  0.169302E+01 -0.384987E-04  0.150151E+01  0.128865E+00  0.697660E-03
  0.123950E+02  0.200319E+01  0.140027E-01  0.103275E-05  0.858350E-05  0.000000E+00  0.167903E+01  0.167903E+01  0.167903E+01 -0.381806E-04  0.148910E+01  0.127800E+00  0.688712E-03
  0.124522E+02  0.198665E+01  0.138871E-01  0.101484E-05  0.982814E-05  0.000000E+00  0.166516E+01  0.166516E+01  0.166516E+01 -0.378653E-04  0.147679E+01  0.126744E+00  0.679881E-03
  0.125097E+02  0.197023E+01  0.137723E-01  0.997237E-06  0.959538E-05  0.000000E+00  0.165140E+01  0.165140E+01  0.165140E+01 -0.375524E-04  0.146458E+01  0.125697E+00  0.671161E-03
  0.125674E+02  0.195395E+01  0.136585E-01  0.979935E-06  0.932346E-05  0.000000E+00  0.163775E+01  0.163775E+01  0.163775E+01 -0.372420E-04  0.145247E+01  0.124658E+00  0.662551E-03
  0.126254E+02  0.193780E+01  0.135456E-01  0.962934E-06  0.933801E-05  0.000000E+00  0.162422E+01  0.162422E+01  0.162422E+01 -0.369341E-04  0.144045E+01  0.123628E+00  0.654052E-03
  0.126837E+02  0.192178E+01  0.134336E-01  0.946228E-06  0.857359E-05  0.000000E+00  0.161079E+01  0.161079E+01  0.161079E+01 -0.366289E-04  0.142854E+01  0.122606E+00  0.645662E-03
  0.127423E+02  0.190590E+01  0.133227E-01  0.929814E-06  0.568747E-05  0.000000E+00  0.159748E+01  0.159748E+01  0.159748E+01 -0.363262E-04  0.141673E+01  0.121593E+00  0.637381E-03
  0.128011E+02  0.189015E+01  0.132125E-01  0.913682E-06 -0.245122E-06  0.000000E+00  0.158428E+01  0.158428E+01  0.158428E+01 -0.360260E-04  0.140501E+01  0.120588E+00  0.629205E-03
  0.128602E+02  0.187452E+01  0.131033E-01  0.897828E-06 -0.366100E-05  0.000000E+00  0.157118E+01  0.157118E+01  0.157118E+01 -0.357281E-04  0.139339E+01  0.119591E+00  0.621131E-03
  0.129195E+02  0.185902E+01  0.129949E-01  0.882248E-06 -0.208515E-05  0.000000E+00  0.155819E+01  0.155819E+01  0.155819E+01 -0.354327E-04  0.138186E+01  0.118602E+00  0.613162E-03
  0.129792E+02  0.184365E+01  0.128875E-01  0.866936E-06  0.593440E-06  0.000000E+00  0.154530E+01  0.154530E+01  0.154530E+01 -0.351396E-04  0.137042E+01  0.117621E+00  0.605292E-03
  0.130391E+02  0.182840E+01  0.127809E-01  0.851891E-06  0.323122E-05  0.000000E+00  0.153252E+01  0.153252E+01  0.153252E+01 -0.348490E-04  0.135908E+01  0.116649E+00  0.597525E-03
  0.130993E+02  0.181327E+01  0.126751E-01  0.837104E-06  0.656750E-05  0.000000E+00  0.151984E+01  0.151984E+01  0.151984E+01 -0.345607E-04  0.134783E+01  0.115684E+00  0.589855E-03
  0.131597E+02  0.179828E+01  0.125704E-01  0.822575E-06  0.873533E-05  0.000000E+00  0.150727E+01  0.150727E+01  0.150727E+01 -0.342748E-04  0.133667E+01  0.114727E+00  0.582285E-03
  0.132205E+02  0.178340E+01  0.124664E-01  0.808299E-06  0.256737E-05  0.000000E+00  0.149480E+01  0.149480E+01  0.149480E+01 -0.339913E-04  0.132561E+01  0.113778E+00  0.574812E-03
  0.132815E+02  0.176865E+01  0.123632E-01  0.794270E-06 -0.368263E-05  0.000000E+00  0.148244E+01  0.148244E+01  0.148244E+01 -0.337101E-04  0.131463E+01  0.112836E+00  0.567434E-03
  0.133428E+02  0.175402E+01  0.122610E-01  0.780483E-06 -0.288714E-05  0.000000E+00  0.147017E+01  0.147017E+01  0.147017E+01 -0.334312E-04  0.130375E+01  0.111903E+00  0.560150E-03
  0.134044E+02  0.173950E+01  0.121595E-01  0.766934E-06  0.175231E-05  0.000000E+00  0.145801E+01  0.145801E+01  0.145801E+01 -0.331546E-04  0.129296E+01  0.110977E+00  0.552960E-03
  0.134663E+02  0.172510E+01  0.120589E-01  0.753619E-06  0.711611E-05  0.000000E+00  0.144594E+01  0.144594E+01  0.144594E+01 -0.328801E-04  0.128225E+01  0.110059E+00  0.545860E-03
  0.135284E+02  0.171084E+01  0.119592E-01  0.740541E-06  0.939161E-05  0.000000E+00  0.143398E+01  0.143398E+01  0.143398E+01 -0.326082E-04  0.127164E+01  0.109148E+00  0.538856E-03
  0.135909E+02  0.169668E+01  0.118602E-01  0.727686E-06  0.956579E-06  0.000000E+00  0.142212E+01  0.142212E+01  0.142212E+01 -0.323384E-04  0.126111E+01  0.108245E+00  0.531938E-03
  0.136536E+02  0.168263E+01  0.117620E-01  0.715049E-06 -0.431789E-06  0.000000E+00  0.141034E+01  0.141034E+01  0.141034E+01 -0.320706E-04  0.125065E+01  0.107349E+00  0.525105E-03
  0.137166E+02  0.166870E+01  0.116646E-01  0.702633E-06  0.680657E-05  0.000000E+00  0.139866E+01  0.139866E+01  0.139866E+01 -0.318051E-04  0.124029E+01  0.106460E+00  0.518363E-03
  0.137799E+02  0.165488E+01  0.115680E-01  0.690433E-06  0.876172E-05  0.000000E+00  0.138708E+01  0.138708E+01  0.138708E+01 -0.315417E-04  0.123002E+01  0.105579E+00  0.511706E-03
  0.138435E+02  0.164118E+01  0.114723E-01  0.678445E-06  0.342821E-05  0.000000E+00  0.137560E+01  0.137560E+01  0.137560E+01 -0.312806E-04  0.121983E+01  0.104705E+00  0.505135E-03
  0.139074E+02  0.162759E+01  0.113773E-01  0.666665E-06 -0.467638E-05  0.000000E+00  0.136421E+01  0.136421E+01  0.136421E+01 -0.310216E-04  0.120972E+01  0.103838E+00  0.498648E-03
  0.139716E+02  0.161412E+01  0.112831E-01  0.655088E-06  0.259805E-05  0.000000E+00  0.135291E+01  0.135291E+01  0.135291E+01 -0.307647E-04  0.119970E+01  0.102978E+00  0.492244E-03
  0.140361E+02  0.160074E+01  0.111896E-01  0.643708E-06  0.418732E-05  0.000000E+00  0.134170E+01  0.134170E+01  0.134170E+01 -0.305098E-04  0.118975E+01  0.102125E+00  0.485919E-03
  0.141009E+02  0.158749E+01  0.110970E-01  0.632532E-06 -0.275483E-05  0.000000E+00  0.133060E+01  0.133060E+01  0.133060E+01 -0.302572E-04  0.117990E+01  0.101279E+00  0.479679E-03
  0.141660E+02  0.157434E+01  0.110051E-01  0.621546E-06  0.181319E-05  0.000000E+00  0.131957E+01  0.131957E+01  0.131957E+01 -0.300066E-04  0.117012E+01  0.100440E+00  0.473517E-03
  0.142314E+02  0.156130E+01  0.109139E-01  0.610749E-06  0.901988E-05  0.000000E+00  0.130864E+01  0.130864E+01  0.130864E+01 -0.297580E-04  0.116042E+01  0.996081E-01  0.467434E-03
  0.142971E+02  0.154836E+01  0.108235E-01  0.600143E-06  0.160109E-05  0.000000E+00  0.129780E+01  0.129780E+01  0.129780E+01 -0.295115E-04  0.115080E+01  0.987831E-01  0.461430E-03
  0.143631E+02  0.153553E+01  0.107338E-01  0.589719E-06 -0.147787E-05  0.000000E+00  0.128705E+01  0.128705E+01  0.128705E+01 -0.292669E-04  0.114126E+01  0.979646E-01  0.455501E-03
  0.144293E+02  0.152281E+01  0.106449E-01  0.579473E-06  0.484860E-05  0.000000E+00  0.127638E+01  0.127638E+01  0.127638E+01 -0.290244E-04  0.113179E+01  0.971526E-01  0.449648E-03
  0.144960E+02  0.151019E+01  0.105566E-01  0.569408E-06 -0.202649E-05  0.000000E+00  0.126580E+01  0.126580E+01  0.126580E+01 -0.287839E-04  0.112241E+01  0.963477E-01  0.443871E-03
  0.145629E+02  0.149767E+01  0.104692E-01  0.559516E-06  0.323167E-05  0.000000E+00  0.125531E+01  0.125531E+01  0.125531E+01 -0.285454E-04  0.111310E+01  0.955493E-01  0.438167E-03
  0.146301E+02  0.148526E+01  0.103824E-01  0.549795E-06  0.769762E-05  0.000000E+00  0.124491E+01  0.124491E+01  0.124491E+01 -0.283087E-04  0.110387E+01  0.947574E-01  0.432537E-03
  0.146976E+02  0.147295E+01  0.102963E-01  0.540245E-06 -0.447759E-05  0.000000E+00  0.123459E+01  0.123459E+01  0.123459E+01 -0.280741E-04  0.109471E+01  0.939719E-01  0.426978E-03
  0.147655E+02  0.146074E+01  0.102110E-01  0.530858E-06  0.463683E-05  0.000000E+00  0.122436E+01  0.122436E+01  0.122436E+01 -0.278414E-04  0.108563E+01  0.931930E-01  0.421490E-03
  0.148336E+02  0.144861E+01  0.101262E-01  0.521627E-06  0.946899E-07  0.000000E+00  0.121419E+01  0.121419E+01  0.121419E+01 -0.276102E-04  0.107661E+01  0.924190E-01  0.416067E-03
  0.149021E+02  0.143660E+01  0.100423E-01  0.512563E-06  0.406679E-05  0.000000E+00  0.120412E+01  0.120412E+01  0.120412E+01 -0.273812E-04  0.106768E+01  0.916528E-01  0.410719E-03
  0.149709E+02  0.142469E+01  0.995900E-02  0.503657E-06  0.297789E-05  0.000000E+00  0.119414E+01  0.119414E+01  0.119414E+01 -0.271542E-04  0.105882E+01  0.908928E-01  0.405440E-03
  0.150400E+02  0.141287E+01  0.987643E-02  0.494904E-06 -0.347423E-05  0.000000E+00  0.118424E+01  0.118424E+01  0.118424E+01 -0.269290E-04  0.105003E+01  0.901390E-01  0.400228E-03
  0.151094E+02  0.140115E+01  0.979452E-02  0.486303E-06  0.764674E-05  0.000000E+00  0.117441E+01  0.117441E+01  0.117441E+01 -0.267056E-04  0.104132E+01  0.893913E-01  0.395082E-03
  0.151791E+02  0.138953E+01  0.971326E-02  0.477852E-06 -0.167047E-05  0.000000E+00  0.116467E+01  0.116467E+01  0.116467E+01 -0.264841E-04  0.103268E+01  0.886499E-01  0.390003E-03
  0.152492E+02  0.137800E+01  0.963269E-02  0.469546E-06  0.333210E-05  0.000000E+00  0.115501E+01  0.115501E+01  0.115501E+01 -0.262644E-04  0.102410E+01  0.879145E-01  0.384988E-03
  0.153196E+02  0.136657E+01  0.955278E-02  0.461386E-06 -0.500629E-06  0.000000E+00  0.114543E+01  0.114543E+01  0.114543E+01 -0.260465E-04  0.101560E+01  0.871853E-01  0.380038E-03
  0.153903E+02  0.135524E+01  0.947355E-02  0.453366E-06  0.673415E-05  0.000000E+00  0.113593E+01  0.113593E+01  0.113593E+01 -0.258304E-04  0.100717E+01  0.864619E-01  0.375151E-03
  0.154613E+02  0.134399E+01  0.939498E-02  0.445488E-06 -0.455137E-05  0.000000E+00  0.112650E+01  0.112650E+01  0.112650E+01 -0.256162E-04  0.998812E+00  0.857448E-01  0.370328E-03
  0.155327E+02  0.133284E+01  0.931699E-02  0.437743E-06  0.654530E-05  0.000000E+00  0.111716E+01  0.111716E+01  0.111716E+01 -0.254036E-04  0.990518E+00  0.850332E-01  0.365565E-03
  0.156044E+02  0.132178E+01  0.923968E-02  0.430134E-06 -0.320352E-06  0.000000E+00  0.110788E+01  0.110788E+01  0.110788E+01 -0.251927E-04  0.982292E+00  0.843275E-01  0.360864E-03
  0.156764E+02  0.131081E+01  0.916301E-02  0.422656E-06  0.151963E-05  0.000000E+00  0.109869E+01  0.109869E+01  0.109869E+01 -0.249836E-04  0.974134E+00  0.836276E-01  0.356222E-03
  0.157488E+02  0.129994E+01  0.908702E-02  0.415312E-06  0.189478E-05  0.000000E+00  0.108958E+01  0.108958E+01  0.108958E+01 -0.247765E-04  0.966051E+00  0.829342E-01  0.351643E-03
  0.158215E+02  0.128914E+01  0.901159E-02  0.408091E-06  0.443292E-07  0.000000E+00  0.108053E+01  0.108053E+01  0.108053E+01 -0.245708E-04  0.958026E+00  0.822456E-01  0.347120E-03
  0.158945E+02  0.127844E+01  0.893679E-02  0.400996E-06  0.471260E-05  0.000000E+00  0.107156E+01  0.107156E+01  0.107156E+01 -0.243668E-04  0.950068E+00  0.815629E-01  0.342655E-03
  0.159679E+02  0.126783E+01  0.886257E-02  0.394024E-06 -0.152968E-05  0.000000E+00  0.106266E+01  0.106266E+01  0.106266E+01 -0.241645E-04  0.942175E+00  0.808857E-01  0.338246E-03
  0.160416E+02  0.125730E+01  0.878899E-02  0.387172E-06  0.245399E-05  0.000000E+00  0.105384E+01  0.105384E+01  0.105384E+01 -0.239638E-04  0.934346E+00  0.802140E-01  0.333894E-03
  0.161156E+02  0.124686E+01  0.871601E-02  0.380439E-06  0.166376E-05  0.000000E+00  0.104509E+01  0.104509E+01  0.104509E+01 -0.237648E-04  0.926582E+00  0.795479E-01  0.329598E-03
  0.161900E+02  0.123650E+01  0.864364E-02  0.373824E-06 -0.149619E-05  0.000000E+00  0.103641E+01  0.103641E+01  0.103641E+01 -0.235674E-04  0.918883E+00  0.788873E-01  0.325358E-03
  0.162647E+02  0.122623E+01  0.857186E-02  0.367323E-06  0.682684E-05  0.000000E+00  0.102780E+01  0.102780E+01  0.102780E+01 -0.233717E-04  0.911246E+00  0.782321E-01  0.321171E-03
  0.163398E+02  0.121605E+01  0.850065E-02  0.360935E-06 -0.175846E-05  0.000000E+00  0.101926E+01  0.101926E+01  0.101926E+01 -0.231775E-04  0.903672E+00  0.775822E-01  0.317038E-03
  0.164152E+02  0.120595E+01  0.843003E-02  0.354657E-06  0.129656E-05  0.000000E+00  0.101080E+01  0.101080E+01  0.101080E+01 -0.229850E-04  0.896160E+00  0.769377E-01  0.312958E-03
  0.164910E+02  0.119593E+01  0.836000E-02  0.348489E-06  0.281124E-05  0.000000E+00  0.100240E+01  0.100240E+01  0.100240E+01 -0.227940E-04  0.888710E+00  0.762985E-01  0.308930E-03
  0.165671E+02  0.118599E+01  0.829054E-02  0.342428E-06  0.826829E-06  0.000000E+00  0.994070E+00  0.994070E+00  0.994070E+00 -0.226047E-04  0.881322E+00  0.756646E-01  0.304954E-03
  0.166436E+02  0.117614E+01  0.822169E-02  0.336473E-06 -0.276639E-05  0.000000E+00  0.985812E+00  0.985812E+00  0.985812E+00 -0.224169E-04  0.873997E+00  0.750361E-01  0.301030E-03
  0.167204E+02  0.116636E+01  0.815336E-02  0.330619E-06  0.489455E-05  0.000000E+00  0.977619E+00  0.977619E+00  0.977619E+00 -0.222306E-04  0.866729E+00  0.744125E-01  0.297155E-03
  0.167976E+02  0.115667E+01  0.808561E-02  0.324868E-06  0.162402E-05  0.000000E+00  0.969495E+00  0.969495E+00  0.969495E+00 -0.220458E-04  0.859522E+00  0.737941E-01  0.293330E-03
  0.168751E+02  0.114706E+01  0.801843E-02  0.319217E-06  0.222376E-06  0.000000E+00  0.961438E+00  0.961438E+00  0.961438E+00 -0.218626E-04  0.852375E+00  0.731809E-01  0.289554E-03
  0.169530E+02  0.113752E+01  0.795177E-02  0.313664E-06 -0.103806E-05  0.000000E+00  0.953446E+00  0.953446E+00  0.953446E+00 -0.216809E-04  0.845285E+00  0.725726E-01  0.285826E-03
  0.170313E+02  0.112807E+01  0.788568E-02  0.308207E-06  0.430010E-05  0.000000E+00  0.945521E+00  0.945521E+00  0.945521E+00 -0.215007E-04  0.838255E+00  0.719694E-01  0.282146E-03
  0.171099E+02  0.111869E+01  0.782013E-02  0.302844E-06  0.442752E-05  0.000000E+00  0.937660E+00  0.937660E+00  0.937660E+00 -0.213219E-04  0.831281E+00  0.713710E-01  0.278513E-03
  0.171888E+02  0.110939E+01  0.775509E-02  0.297575E-06 -0.316325E-06  0.000000E+00  0.929862E+00  0.929862E+00  0.929862E+00 -0.211446E-04  0.824364E+00  0.707775E-01  0.274927E-03
  0.172682E+02  0.110016E+01  0.769063E-02  0.292398E-06  0.359856E-07  0.000000E+00  0.922132E+00  0.922132E+00  0.922132E+00 -0.209688E-04  0.817507E+00  0.701891E-01  0.271387E-03
  0.173479E+02  0.109102E+01  0.762669E-02  0.287310E-06 -0.594767E-06  0.000000E+00  0.914465E+00  0.914465E+00  0.914465E+00 -0.207945E-04  0.810706E+00  0.696055E-01  0.267893E-03
  0.174280E+02  0.108195E+01  0.756328E-02  0.282311E-06  0.273139E-05  0.000000E+00  0.906861E+00  0.906861E+00  0.906861E+00 -0.206216E-04  0.803961E+00  0.690268E-01  0.264443E-03
  0.175084E+02  0.107295E+01  0.750038E-02  0.277398E-06  0.486407E-05  0.000000E+00  0.899318E+00  0.899318E+00  0.899318E+00 -0.204500E-04  0.797270E+00  0.684526E-01  0.261037E-03
  0.175892E+02  0.106402E+01  0.743800E-02  0.272571E-06  0.153022E-05  0.000000E+00  0.891838E+00  0.891838E+00  0.891838E+00 -0.202800E-04  0.790635E+00  0.678833E-01  0.257675E-03
  0.176704E+02  0.105517E+01  0.737613E-02  0.267828E-06  0.561260E-06  0.000000E+00  0.884419E+00  0.884419E+00  0.884419E+00 -0.201112E-04  0.784054E+00  0.673186E-01  0.254356E-03
  0.177520E+02  0.104639E+01  0.731476E-02  0.263166E-06 -0.484012E-07  0.000000E+00  0.877062E+00  0.877062E+00  0.877062E+00 -0.199439E-04  0.777527E+00  0.667586E-01  0.251080E-03
  0.178339E+02  0.103769E+01  0.725393E-02  0.258587E-06 -0.254005E-05  0.000000E+00  0.869766E+00  0.869766E+00  0.869766E+00 -0.197780E-04  0.771056E+00  0.662033E-01  0.247846E-03
  0.179162E+02  0.102905E+01  0.719359E-02  0.254086E-06 -0.185187E-05  0.000000E+00  0.862529E+00  0.862529E+00  0.862529E+00 -0.196135E-04  0.764636E+00  0.656524E-01  0.244653E-03
  0.179989E+02  0.102049E+01  0.713371E-02  0.249663E-06  0.775141E-06  0.000000E+00  0.855351E+00  0.855351E+00  0.855351E+00 -0.194502E-04  0.758270E+00  0.651061E-01  0.241501E-03
  0.180820E+02  0.101200E+01  0.707435E-02  0.245317E-06  0.989281E-06  0.000000E+00  0.848234E+00  0.848234E+00  0.848234E+00 -0.192884E-04  0.751956E+00  0.645643E-01  0.238390E-03
  0.181655E+02  0.100358E+01  0.701547E-02  0.241047E-06 -0.130756E-06  0.000000E+00  0.841174E+00  0.841174E+00  0.841174E+00 -0.191279E-04  0.745694E+00  0.640270E-01  0.235319E-03
  0.182493E+02  0.995224E+00  0.695710E-02  0.236851E-06  0.278596E-06  0.000000E+00  0.834173E+00  0.834173E+00  0.834173E+00 -0.189687E-04  0.739484E+00  0.634941E-01  0.232287E-03
  0.183336E+02  0.986939E+00  0.689919E-02  0.232727E-06  0.209468E-05  0.000000E+00  0.827229E+00  0.827229E+00  0.827229E+00 -0.188108E-04  0.733325E+00  0.629656E-01  0.229293E-03
  0.184182E+02  0.978724E+00  0.684176E-02  0.228676E-06  0.252208E-05  0.000000E+00  0.820343E+00  0.820343E+00  0.820343E+00 -0.186542E-04  0.727217E+00  0.624414E-01  0.226339E-03
  0.185032E+02  0.970576E+00  0.678480E-02  0.224695E-06  0.142385E-05  0.000000E+00  0.813514E+00  0.813514E+00  0.813514E+00 -0.184989E-04  0.721160E+00  0.619216E-01  0.223422E-03
  0.185886E+02  0.962495E+00  0.672832E-02  0.220783E-06 -0.219981E-06  0.000000E+00  0.806740E+00  0.806740E+00  0.806740E+00 -0.183449E-04  0.715152E+00  0.614061E-01  0.220543E-03
  0.186744E+02  0.954533E+00  0.667277E-02  0.216954E-06 -0.304772E-06  0.000000E+00  0.800067E+00  0.800067E+00  0.800067E+00 -0.181934E-04  0.709243E+00  0.608991E-01  0.217716E-03
  0.187606E+02  0.946586E+00  0.661723E-02  0.213177E-06  0.603883E-06  0.000000E+00  0.793406E+00  0.793406E+00  0.793406E+00 -0.180419E-04  0.703336E+00  0.603921E-01  0.214910E-03
  0.188472E+02  0.938701E+00  0.656209E-02  0.209464E-06  0.502908E-06  0.000000E+00  0.786797E+00  0.786797E+00  0.786797E+00 -0.178916E-04  0.697472E+00  0.598889E-01  0.212139E-03
  0.189342E+02  0.930882E+00  0.650743E-02  0.205817E-06 -0.925044E-06  0.000000E+00  0.780243E+00  0.780243E+00  0.780243E+00 -0.177426E-04  0.691660E+00  0.593901E-01  0.209405E-03
  0.190216E+02  0.923129E+00  0.645326E-02  0.202233E-06 -0.775029E-06  0.000000E+00  0.773745E+00  0.773745E+00  0.773745E+00 -0.175948E-04  0.685896E+00  0.588955E-01  0.206705E-03
  0.191094E+02  0.915441E+00  0.639951E-02  0.198711E-06 -0.267876E-06  0.000000E+00  0.767301E+00  0.767301E+00  0.767301E+00 -0.174483E-04  0.680181E+00  0.584050E-01  0.204041E-03
  0.191976E+02  0.907814E+00  0.634620E-02  0.195250E-06  0.273724E-06  0.000000E+00  0.760908E+00  0.760908E+00  0.760908E+00 -0.173029E-04  0.674510E+00  0.579184E-01  0.201410E-03
  0.192862E+02  0.900252E+00  0.629335E-02  0.191850E-06  0.201855E-05  0.000000E+00  0.754569E+00  0.754569E+00  0.754569E+00 -0.171588E-04  0.668888E+00  0.574359E-01  0.198814E-03
  0.193752E+02  0.892754E+00  0.624096E-02  0.188510E-06  0.176855E-05  0.000000E+00  0.748285E+00  0.748285E+00  0.748285E+00 -0.170159E-04  0.663316E+00  0.569577E-01  0.196252E-03
  0.194647E+02  0.885316E+00  0.618895E-02  0.185227E-06 -0.276511E-07  0.000000E+00  0.742051E+00  0.742051E+00  0.742051E+00 -0.168741E-04  0.657786E+00  0.564832E-01  0.193721E-03
  0.195545E+02  0.877939E+00  0.613738E-02  0.182001E-06 -0.893153E-06  0.000000E+00  0.735868E+00  0.735868E+00  0.735868E+00 -0.167335E-04  0.652302E+00  0.560125E-01  0.191223E-03
  0.196448E+02  0.870621E+00  0.608623E-02  0.178830E-06 -0.107808E-05  0.000000E+00  0.729734E+00  0.729734E+00  0.729734E+00 -0.165940E-04  0.646861E+00  0.555456E-01  0.188757E-03
  0.197354E+02  0.863365E+00  0.603551E-02  0.175715E-06  0.205318E-05  0.000000E+00  0.723652E+00  0.723652E+00  0.723652E+00 -0.164557E-04  0.641467E+00  0.550827E-01  0.186323E-03
  0.198265E+02  0.856183E+00  0.598534E-02  0.172658E-06  0.210742E-05  0.000000E+00  0.717632E+00  0.717632E+00  0.717632E+00 -0.163189E-04  0.636131E+00  0.546247E-01  0.183924E-03
  0.199180E+02  0.849047E+00  0.593545E-02  0.169650E-06  0.137342E-06  0.000000E+00  0.711651E+00  0.711651E+00  0.711651E+00 -0.161829E-04  0.630826E+00  0.541694E-01  0.181552E-03
  0.200100E+02  0.841968E+00  0.588596E-02  0.166695E-06 -0.144243E-05  0.000000E+00  0.705718E+00  0.705718E+00  0.705718E+00 -0.160480E-04  0.625564E+00  0.537178E-01  0.179210E-03
  0.201023E+02  0.834942E+00  0.583683E-02  0.163789E-06  0.135676E-05  0.000000E+00  0.699829E+00  0.699829E+00  0.699829E+00 -0.159140E-04  0.620339E+00  0.532694E-01  0.176897E-03
  0.201951E+02  0.827981E+00  0.578819E-02  0.160935E-06  0.112892E-05  0.000000E+00  0.693994E+00  0.693994E+00  0.693994E+00 -0.157813E-04  0.615164E+00  0.528253E-01  0.174615E-03
  0.202884E+02  0.821076E+00  0.573992E-02  0.158131E-06 -0.121967E-05  0.000000E+00  0.688207E+00  0.688207E+00  0.688207E+00 -0.156498E-04  0.610032E+00  0.523848E-01  0.172363E-03
  0.203820E+02  0.814229E+00  0.569205E-02  0.155376E-06 -0.581934E-06  0.000000E+00  0.682467E+00  0.682467E+00  0.682467E+00 -0.155192E-04  0.604942E+00  0.519480E-01  0.170139E-03
  0.204761E+02  0.807438E+00  0.564458E-02  0.152668E-06  0.217089E-05  0.000000E+00  0.676776E+00  0.676776E+00  0.676776E+00 -0.153898E-04  0.599894E+00  0.515147E-01  0.167944E-03
  0.205706E+02  0.800704E+00  0.559751E-02  0.150008E-06 -0.661734E-06  0.000000E+00  0.671131E+00  0.671131E+00  0.671131E+00 -0.152615E-04  0.594888E+00  0.510851E-01  0.165777E-03
  0.206655E+02  0.794026E+00  0.555082E-02  0.147394E-06  0.150082E-05  0.000000E+00  0.665534E+00  0.665534E+00  0.665534E+00 -0.151342E-04  0.589924E+00  0.506591E-01  0.163639E-03
  0.207609E+02  0.787403E+00  0.550454E-02  0.144826E-06  0.267548E-05  0.000000E+00  0.659983E+00  0.659983E+00  0.659983E+00 -0.150080E-04  0.585001E+00  0.502365E-01  0.161528E-03
  0.208568E+02  0.780838E+00  0.545865E-02  0.142303E-06 -0.937473E-06  0.000000E+00  0.654479E+00  0.654479E+00  0.654479E+00 -0.148828E-04  0.580121E+00  0.498177E-01  0.159444E-03
  0.209530E+02  0.774322E+00  0.541311E-02  0.139823E-06  0.171315E-05  0.000000E+00  0.649019E+00  0.649019E+00  0.649019E+00 -0.147586E-04  0.575278E+00  0.494020E-01  0.157386E-03
  0.210497E+02  0.767862E+00  0.536794E-02  0.137386E-06 -0.811631E-06  0.000000E+00  0.643604E+00  0.643604E+00  0.643604E+00 -0.146355E-04  0.570475E+00  0.489899E-01  0.155355E-03
  0.211469E+02  0.761452E+00  0.532313E-02  0.134991E-06  0.932591E-06  0.000000E+00  0.638231E+00  0.638231E+00  0.638231E+00 -0.145133E-04  0.565710E+00  0.485809E-01  0.153350E-03
  0.212445E+02  0.755097E+00  0.527871E-02  0.132637E-06  0.114592E-05  0.000000E+00  0.632904E+00  0.632904E+00  0.632904E+00 -0.143922E-04  0.560986E+00  0.481754E-01  0.151370E-03
  0.213426E+02  0.748796E+00  0.523466E-02  0.130326E-06  0.924910E-06  0.000000E+00  0.627623E+00  0.627623E+00  0.627623E+00 -0.142721E-04  0.556302E+00  0.477734E-01  0.149417E-03
  0.214411E+02  0.742546E+00  0.519098E-02  0.128054E-06  0.227573E-06  0.000000E+00  0.622384E+00  0.622384E+00  0.622384E+00 -0.141530E-04  0.551657E+00  0.473747E-01  0.147488E-03
  0.215401E+02  0.736348E+00  0.514766E-02  0.125822E-06 -0.649293E-07  0.000000E+00  0.617190E+00  0.617190E+00  0.617190E+00 -0.140348E-04  0.547050E+00  0.469793E-01  0.145585E-03
  0.216395E+02  0.730201E+00  0.510468E-02  0.123628E-06  0.125395E-05  0.000000E+00  0.612037E+00  0.612037E+00  0.612037E+00 -0.139177E-04  0.542480E+00  0.465870E-01  0.143705E-03
  0.217394E+02  0.724106E+00  0.506208E-02  0.121473E-06  0.999386E-06  0.000000E+00  0.606928E+00  0.606928E+00  0.606928E+00 -0.138015E-04  0.537950E+00  0.461982E-01  0.141850E-03
  0.218397E+02  0.718060E+00  0.501981E-02  0.119356E-06 -0.362636E-06  0.000000E+00  0.601861E+00  0.601861E+00  0.601861E+00 -0.136863E-04  0.533456E+00  0.458125E-01  0.140019E-03
  0.219405E+02  0.712063E+00  0.497789E-02  0.117274E-06  0.217868E-05  0.000000E+00  0.596835E+00  0.596835E+00  0.596835E+00 -0.135720E-04  0.528998E+00  0.454299E-01  0.138211E-03
  0.220418E+02  0.706117E+00  0.493633E-02  0.115230E-06 -0.930464E-06  0.000000E+00  0.591851E+00  0.591851E+00  0.591851E+00 -0.134586E-04  0.524578E+00  0.450505E-01  0.136426E-03
  0.221435E+02  0.700220E+00  0.489511E-02  0.113220E-06  0.902568E-06  0.000000E+00  0.586908E+00  0.586908E+00  0.586908E+00 -0.133462E-04  0.520195E+00  0.446742E-01  0.134665E-03
  0.222457E+02  0.694372E+00  0.485423E-02  0.111246E-06  0.598967E-06  0.000000E+00  0.582006E+00  0.582006E+00  0.582006E+00 -0.132348E-04  0.515848E+00  0.443012E-01  0.132926E-03
  0.223484E+02  0.688573E+00  0.481369E-02  0.109306E-06 -0.426833E-06  0.000000E+00  0.577145E+00  0.577145E+00  0.577145E+00 -0.131242E-04  0.511537E+00  0.439312E-01  0.131209E-03
  0.224516E+02  0.682818E+00  0.477345E-02  0.107400E-06  0.190885E-05  0.000000E+00  0.572322E+00  0.572322E+00  0.572322E+00 -0.130145E-04  0.507259E+00  0.435639E-01  0.129514E-03
  0.225552E+02  0.677114E+00  0.473358E-02  0.105527E-06  0.432117E-06  0.000000E+00  0.567541E+00  0.567541E+00  0.567541E+00 -0.129058E-04  0.503019E+00  0.432000E-01  0.127841E-03
  0.226593E+02  0.671460E+00  0.469406E-02  0.103687E-06 -0.443946E-06  0.000000E+00  0.562802E+00  0.562802E+00  0.562802E+00 -0.127981E-04  0.498818E+00  0.428393E-01  0.126191E-03
  0.227639E+02  0.665849E+00  0.465484E-02  0.101879E-06  0.243366E-05  0.000000E+00  0.558099E+00  0.558099E+00  0.558099E+00 -0.126911E-04  0.494647E+00  0.424814E-01  0.124561E-03
  0.228690E+02  0.660283E+00  0.461592E-02  0.100101E-06  0.352892E-06  0.000000E+00  0.553433E+00  0.553433E+00  0.553433E+00 -0.125850E-04  0.490509E+00  0.421262E-01  0.122951E-03
  0.229745E+02  0.654764E+00  0.457734E-02  0.983552E-07  0.995076E-07  0.000000E+00  0.548808E+00  0.548808E+00  0.548808E+00 -0.124798E-04  0.486407E+00  0.417741E-01  0.121363E-03
  0.230806E+02  0.649291E+00  0.453908E-02  0.966394E-07  0.113760E-06  0.000000E+00  0.544220E+00  0.544220E+00  0.544220E+00 -0.123755E-04  0.482339E+00  0.414248E-01  0.119795E-03
  0.231871E+02  0.643864E+00  0.450115E-02  0.949537E-07  0.231511E-05  0.000000E+00  0.539672E+00  0.539672E+00  0.539672E+00 -0.122720E-04  0.478305E+00  0.410786E-01  0.118247E-03
  0.232941E+02  0.638482E+00  0.446352E-02  0.932973E-07  0.508097E-06  0.000000E+00  0.535161E+00  0.535161E+00  0.535161E+00 -0.121695E-04  0.474305E+00  0.407352E-01  0.116719E-03
  0.234017E+02  0.633144E+00  0.442620E-02  0.916696E-07  0.136930E-06  0.000000E+00  0.530686E+00  0.530686E+00  0.530686E+00 -0.120677E-04  0.470337E+00  0.403946E-01  0.115211E-03
  0.235097E+02  0.627851E+00  0.438921E-02  0.900705E-07 -0.111263E-05  0.000000E+00  0.526250E+00  0.526250E+00  0.526250E+00 -0.119668E-04  0.466403E+00  0.400569E-01  0.113722E-03
  0.236182E+02  0.622601E+00  0.435251E-02  0.884990E-07  0.217457E-06  0.000000E+00  0.521850E+00  0.521850E+00  0.521850E+00 -0.118668E-04  0.462501E+00  0.397220E-01  0.112253E-03
  0.237272E+02  0.617396E+00  0.431611E-02  0.869550E-07  0.100228E-05  0.000000E+00  0.517487E+00  0.517487E+00  0.517487E+00 -0.117675E-04  0.458632E+00  0.393899E-01  0.110802E-03
  0.238367E+02  0.612233E+00  0.428003E-02  0.854379E-07  0.122153E-05  0.000000E+00  0.513159E+00  0.513159E+00  0.513159E+00 -0.116691E-04  0.454795E+00  0.390605E-01  0.109370E-03
  0.239468E+02  0.607114E+00  0.424424E-02  0.839473E-07  0.204434E-05  0.000000E+00  0.508868E+00  0.508868E+00  0.508868E+00 -0.115716E-04  0.450990E+00  0.387339E-01  0.107957E-03
  0.240573E+02  0.602037E+00  0.420875E-02  0.824826E-07  0.654327E-06  0.000000E+00  0.504613E+00  0.504613E+00  0.504613E+00 -0.114748E-04  0.447216E+00  0.384099E-01  0.106562E-03
  0.241683E+02  0.597001E+00  0.417355E-02  0.810433E-07  0.260820E-06  0.000000E+00  0.500392E+00  0.500392E+00  0.500392E+00 -0.113788E-04  0.443473E+00  0.380886E-01  0.105184E-03
  0.242799E+02  0.592008E+00  0.413864E-02  0.796293E-07  0.492135E-06  0.000000E+00  0.496207E+00  0.496207E+00  0.496207E+00 -0.112836E-04  0.439763E+00  0.377701E-01  0.103825E-03
  0.243920E+02  0.587057E+00  0.410404E-02  0.782399E-07 -0.701531E-07  0.000000E+00  0.492057E+00  0.492057E+00  0.492057E+00 -0.111893E-04  0.436083E+00  0.374542E-01  0.102483E-03
  0.245046E+02  0.582146E+00  0.406971E-02  0.768746E-07 -0.312694E-06  0.000000E+00  0.487941E+00  0.487941E+00  0.487941E+00 -0.110957E-04  0.432434E+00  0.371409E-01  0.101159E-03
  0.246177E+02  0.577276E+00  0.403566E-02  0.755331E-07  0.132046E-06  0.000000E+00  0.483859E+00  0.483859E+00  0.483859E+00 -0.110029E-04  0.428814E+00  0.368302E-01  0.998510E-04
  0.247313E+02  0.572446E+00  0.400190E-02  0.742149E-07  0.356323E-06  0.000000E+00  0.479811E+00  0.479811E+00  0.479811E+00 -0.109108E-04  0.425225E+00  0.365221E-01  0.985601E-04
  0.248454E+02  0.567657E+00  0.396843E-02  0.729198E-07  0.572898E-08  0.000000E+00  0.475797E+00  0.475797E+00  0.475797E+00 -0.108195E-04  0.421665E+00  0.362165E-01  0.972861E-04
  0.249601E+02  0.562907E+00  0.393522E-02  0.716472E-07  0.166832E-06  0.000000E+00  0.471815E+00  0.471815E+00  0.471815E+00 -0.107290E-04  0.418135E+00  0.359135E-01  0.960283E-04
  0.250753E+02  0.558196E+00  0.390229E-02  0.703965E-07  0.138670E-05  0.000000E+00  0.467866E+00  0.467866E+00  0.467866E+00 -0.106392E-04  0.414634E+00  0.356129E-01  0.947866E-04
  0.251911E+02  0.553525E+00  0.386964E-02  0.691680E-07  0.158748E-05  0.000000E+00  0.463952E+00  0.463952E+00  0.463952E+00 -0.105502E-04  0.411163E+00  0.353149E-01  0.935613E-04
  0.253074E+02  0.548892E+00  0.383725E-02  0.679607E-07  0.119893E-05  0.000000E+00  0.460069E+00  0.460069E+00  0.460069E+00 -0.104619E-04  0.407719E+00  0.350193E-01  0.923514E-04
  0.254242E+02  0.544298E+00  0.380513E-02  0.667744E-07  0.421962E-06  0.000000E+00  0.456217E+00  0.456217E+00  0.456217E+00 -0.103743E-04  0.404305E+00  0.347262E-01  0.911572E-04
  0.255415E+02  0.539742E+00  0.377328E-02  0.656088E-07 -0.726312E-06  0.000000E+00  0.452399E+00  0.452399E+00  0.452399E+00 -0.102874E-04  0.400919E+00  0.344355E-01  0.899784E-04
  0.256594E+02  0.535224E+00  0.374170E-02  0.644636E-07 -0.617711E-06  0.000000E+00  0.448612E+00  0.448612E+00  0.448612E+00 -0.102013E-04  0.397561E+00  0.341473E-01  0.888149E-04
  0.257779E+02  0.530743E+00  0.371038E-02  0.633382E-07  0.189461E-07  0.000000E+00  0.444856E+00  0.444856E+00  0.444856E+00 -0.101159E-04  0.394231E+00  0.338614E-01  0.876662E-04
  0.258968E+02  0.526299E+00  0.367931E-02  0.622324E-07  0.129273E-05  0.000000E+00  0.441131E+00  0.441131E+00  0.441131E+00 -0.100312E-04  0.390928E+00  0.335779E-01  0.865324E-04
  0.260164E+02  0.521892E+00  0.364850E-02  0.611459E-07  0.797107E-06  0.000000E+00  0.437437E+00  0.437437E+00  0.437437E+00 -0.994723E-05  0.387653E+00  0.332967E-01  0.854132E-04
  0.261365E+02  0.517521E+00  0.361795E-02  0.600784E-07 -0.655992E-07  0.000000E+00  0.433774E+00  0.433774E+00  0.433774E+00 -0.986392E-05  0.384405E+00  0.330179E-01  0.843083E-04
  0.262571E+02  0.513188E+00  0.358766E-02  0.590295E-07  0.499298E-06  0.000000E+00  0.430142E+00  0.430142E+00  0.430142E+00 -0.978133E-05  0.381185E+00  0.327414E-01  0.832179E-04
  0.263783E+02  0.508891E+00  0.355763E-02  0.579990E-07  0.129806E-05  0.000000E+00  0.426540E+00  0.426540E+00  0.426540E+00 -0.969944E-05  0.377992E+00  0.324673E-01  0.821417E-04
  0.265001E+02  0.504628E+00  0.352783E-02  0.569862E-07  0.544478E-06  0.000000E+00  0.422968E+00  0.422968E+00  0.422968E+00 -0.961819E-05  0.374824E+00  0.321953E-01  0.810790E-04
  0.266224E+02  0.500402E+00  0.349828E-02  0.559912E-07  0.533509E-07  0.000000E+00  0.419425E+00  0.419425E+00  0.419425E+00 -0.953764E-05  0.371683E+00  0.319257E-01  0.800301E-04
  0.267453E+02  0.496210E+00  0.346898E-02  0.550134E-07  0.114368E-05  0.000000E+00  0.415911E+00  0.415911E+00  0.415911E+00 -0.945773E-05  0.368568E+00  0.316582E-01  0.789946E-04
  0.268687E+02  0.492052E+00  0.343992E-02  0.540528E-07  0.732953E-07  0.000000E+00  0.412427E+00  0.412427E+00  0.412427E+00 -0.937850E-05  0.365479E+00  0.313930E-01  0.779726E-04
  0.269927E+02  0.487930E+00  0.341110E-02  0.531088E-07  0.188025E-06  0.000000E+00  0.408971E+00  0.408971E+00  0.408971E+00 -0.929992E-05  0.362415E+00  0.311299E-01  0.769637E-04
  0.271173E+02  0.483842E+00  0.338252E-02  0.521813E-07  0.282699E-06  0.000000E+00  0.405545E+00  0.405545E+00  0.405545E+00 -0.922200E-05  0.359377E+00  0.308691E-01  0.759679E-04
  0.272425E+02  0.479786E+00  0.335417E-02  0.512699E-07 -0.634369E-06  0.000000E+00  0.402146E+00  0.402146E+00  0.402146E+00 -0.914470E-05  0.356363E+00  0.306104E-01  0.749846E-04
  0.273682E+02  0.475767E+00  0.332608E-02  0.503746E-07  0.945779E-06  0.000000E+00  0.398777E+00  0.398777E+00  0.398777E+00 -0.906809E-05  0.353376E+00  0.303539E-01  0.740145E-04
  0.274946E+02  0.471780E+00  0.329820E-02  0.494948E-07 -0.143766E-06  0.000000E+00  0.395435E+00  0.395435E+00  0.395435E+00 -0.899210E-05  0.350413E+00  0.300995E-01  0.730567E-04
  0.276215E+02  0.467826E+00  0.327056E-02  0.486302E-07  0.119698E-05  0.000000E+00  0.392120E+00  0.392120E+00  0.392120E+00 -0.891673E-05  0.347475E+00  0.298473E-01  0.721112E-04
  0.277490E+02  0.463904E+00  0.324315E-02  0.477808E-07 -0.431687E-06  0.000000E+00  0.388834E+00  0.388834E+00  0.388834E+00 -0.884199E-05  0.344561E+00  0.295971E-01  0.711779E-04
  0.278770E+02  0.460015E+00  0.321596E-02  0.469461E-07  0.521502E-06  0.000000E+00  0.385574E+00  0.385574E+00  0.385574E+00 -0.876786E-05  0.341671E+00  0.293490E-01  0.702565E-04
  0.280057E+02  0.456159E+00  0.318900E-02  0.461261E-07 -0.403878E-06  0.000000E+00  0.382342E+00  0.382342E+00  0.382342E+00 -0.869436E-05  0.338805E+00  0.291029E-01  0.693471E-04
  0.281350E+02  0.452335E+00  0.316227E-02  0.453203E-07  0.849949E-06  0.000000E+00  0.379136E+00  0.379136E+00  0.379136E+00 -0.862147E-05  0.335963E+00  0.288589E-01  0.684495E-04
  0.282649E+02  0.448542E+00  0.313576E-02  0.445286E-07  0.531728E-06  0.000000E+00  0.375958E+00  0.375958E+00  0.375958E+00 -0.854919E-05  0.333146E+00  0.286170E-01  0.675635E-04
  0.283953E+02  0.444782E+00  0.310948E-02  0.437508E-07 -0.402365E-06  0.000000E+00  0.372806E+00  0.372806E+00  0.372806E+00 -0.847753E-05  0.330352E+00  0.283771E-01  0.666890E-04
  0.285264E+02  0.441053E+00  0.308341E-02  0.429865E-07  0.108160E-05  0.000000E+00  0.369681E+00  0.369681E+00  0.369681E+00 -0.840646E-05  0.327581E+00  0.281392E-01  0.658258E-04
  0.286581E+02  0.437355E+00  0.305756E-02  0.422356E-07  0.314291E-06  0.000000E+00  0.366581E+00  0.366581E+00  0.366581E+00 -0.833598E-05  0.324833E+00  0.279033E-01  0.649738E-04
  0.287903E+02  0.433685E+00  0.303190E-02  0.414974E-07 -0.359121E-06  0.000000E+00  0.363505E+00  0.363505E+00  0.363505E+00 -0.826602E-05  0.322105E+00  0.276691E-01  0.641321E-04
  0.289232E+02  0.430050E+00  0.300649E-02  0.407726E-07  0.104438E-05  0.000000E+00  0.360458E+00  0.360458E+00  0.360458E+00 -0.819674E-05  0.319405E+00  0.274372E-01  0.633022E-04
  0.290567E+02  0.426443E+00  0.298128E-02  0.400602E-07  0.375934E-06  0.000000E+00  0.357435E+00  0.357435E+00  0.357435E+00 -0.812800E-05  0.316725E+00  0.272071E-01  0.624826E-04
  0.291909E+02  0.422866E+00  0.295627E-02  0.393603E-07 -0.397056E-06  0.000000E+00  0.354436E+00  0.354436E+00  0.354436E+00 -0.805982E-05  0.314067E+00  0.269789E-01  0.616735E-04
  0.293256E+02  0.419318E+00  0.293147E-02  0.386724E-07  0.260110E-07  0.000000E+00  0.351463E+00  0.351463E+00  0.351463E+00 -0.799220E-05  0.311430E+00  0.267525E-01  0.608748E-04
  0.294610E+02  0.415800E+00  0.290688E-02  0.379966E-07  0.360501E-06  0.000000E+00  0.348514E+00  0.348514E+00  0.348514E+00 -0.792514E-05  0.308816E+00  0.265281E-01  0.600865E-04
  0.295969E+02  0.412312E+00  0.288250E-02  0.373326E-07  0.934601E-06  0.000000E+00  0.345590E+00  0.345590E+00  0.345590E+00 -0.785865E-05  0.306224E+00  0.263055E-01  0.593083E-04
  0.297335E+02  0.408852E+00  0.285831E-02  0.366802E-07  0.192931E-06  0.000000E+00  0.342690E+00  0.342690E+00  0.342690E+00 -0.779271E-05  0.303653E+00  0.260848E-01  0.585402E-04
  0.298708E+02  0.405422E+00  0.283433E-02  0.360392E-07  0.708627E-07  0.000000E+00  0.339815E+00  0.339815E+00  0.339815E+00 -0.772733E-05  0.301104E+00  0.258659E-01  0.577821E-04
  0.300087E+02  0.402019E+00  0.281054E-02  0.354093E-07 -0.507206E-06  0.000000E+00  0.336963E+00  0.336963E+00  0.336963E+00 -0.766247E-05  0.298576E+00  0.256488E-01  0.570336E-04
  0.301472E+02  0.398644E+00  0.278694E-02  0.347903E-07 -0.200546E-06  0.000000E+00  0.334134E+00  0.334134E+00  0.334134E+00 -0.759813E-05  0.296068E+00  0.254334E-01  0.562946E-04
  0.302863E+02  0.395299E+00  0.276357E-02  0.341824E-07  0.121927E-06  0.000000E+00  0.331331E+00  0.331331E+00  0.331331E+00 -0.753439E-05  0.293583E+00  0.252201E-01  0.555657E-04
  0.304261E+02  0.391980E+00  0.274036E-02  0.335848E-07 -0.918083E-07  0.000000E+00  0.328549E+00  0.328549E+00  0.328549E+00 -0.747112E-05  0.291116E+00  0.250083E-01  0.548456E-04
  0.305666E+02  0.388690E+00  0.271735E-02  0.329977E-07  0.358404E-06  0.000000E+00  0.325791E+00  0.325791E+00  0.325791E+00 -0.740841E-05  0.288672E+00  0.247984E-01  0.541351E-04
  0.307077E+02  0.385427E+00  0.269455E-02  0.324209E-07  0.199117E-06  0.000000E+00  0.323055E+00  0.323055E+00  0.323055E+00 -0.734621E-05  0.286247E+00  0.245901E-01  0.534338E-04
  0.308494E+02  0.382193E+00  0.267195E-02  0.318544E-07 -0.495578E-07  0.000000E+00  0.320345E+00  0.320345E+00  0.320345E+00 -0.728459E-05  0.283845E+00  0.243839E-01  0.527419E-04
  0.309918E+02  0.378984E+00  0.264951E-02  0.312975E-07  0.276144E-06  0.000000E+00  0.317655E+00  0.317655E+00  0.317655E+00 -0.722342E-05  0.281460E+00  0.241791E-01  0.520585E-04
  0.311348E+02  0.375801E+00  0.262726E-02  0.307503E-07 -0.967123E-07  0.000000E+00  0.314988E+00  0.314988E+00  0.314988E+00 -0.716276E-05  0.279095E+00  0.239761E-01  0.513839E-04
  0.312786E+02  0.372645E+00  0.260520E-02  0.302127E-07 -0.477299E-06  0.000000E+00  0.312343E+00  0.312343E+00  0.312343E+00 -0.710261E-05  0.276750E+00  0.237747E-01  0.507181E-04
  0.314229E+02  0.369516E+00  0.258332E-02  0.296844E-07 -0.153672E-06  0.000000E+00  0.309719E+00  0.309719E+00  0.309719E+00 -0.704295E-05  0.274425E+00  0.235750E-01  0.500608E-04
  0.315680E+02  0.366413E+00  0.256163E-02  0.291655E-07  0.231942E-06  0.000000E+00  0.307118E+00  0.307118E+00  0.307118E+00 -0.698381E-05  0.272119E+00  0.233771E-01  0.494121E-04
  0.317137E+02  0.363334E+00  0.254010E-02  0.286555E-07  0.553262E-06  0.000000E+00  0.304538E+00  0.304538E+00  0.304538E+00 -0.692513E-05  0.269832E+00  0.231807E-01  0.487717E-04
  0.318601E+02  0.360284E+00  0.251878E-02  0.281546E-07  0.483290E-06  0.000000E+00  0.301982E+00  0.301982E+00  0.301982E+00 -0.686701E-05  0.267566E+00  0.229861E-01  0.481399E-04
  0.320071E+02  0.357258E+00  0.249763E-02  0.276623E-07 -0.824809E-07  0.000000E+00  0.299445E+00  0.299445E+00  0.299445E+00 -0.680933E-05  0.265318E+00  0.227930E-01  0.475160E-04
  0.321549E+02  0.354256E+00  0.247664E-02  0.271785E-07 -0.267960E-06  0.000000E+00  0.296929E+00  0.296929E+00  0.296929E+00 -0.675210E-05  0.263087E+00  0.226014E-01  0.469000E-04
  0.323033E+02  0.351276E+00  0.245580E-02  0.267029E-07  0.962431E-07  0.000000E+00  0.294431E+00  0.294431E+00  0.294431E+00 -0.669528E-05  0.260872E+00  0.224112E-01  0.462914E-04
  0.324524E+02  0.348324E+00  0.243516E-02  0.262358E-07  0.666550E-06  0.000000E+00  0.291957E+00  0.291957E+00  0.291957E+00 -0.663901E-05  0.258678E+00  0.222229E-01  0.456913E-04
  0.326022E+02  0.345391E+00  0.241465E-02  0.257765E-07  0.270693E-06  0.000000E+00  0.289499E+00  0.289499E+00  0.289499E+00 -0.658309E-05  0.256498E+00  0.220357E-01  0.450981E-04
  0.327527E+02  0.342489E+00  0.239436E-02  0.253257E-07  0.971036E-07  0.000000E+00  0.287066E+00  0.287066E+00  0.287066E+00 -0.652777E-05  0.254342E+00  0.218505E-01  0.445135E-04
  0.329039E+02  0.339611E+00  0.237425E-02  0.248828E-07  0.663906E-06  0.000000E+00  0.284654E+00  0.284654E+00  0.284654E+00 -0.647292E-05  0.252204E+00  0.216669E-01  0.439364E-04
  0.330557E+02  0.336757E+00  0.235430E-02  0.244476E-07  0.776458E-07  0.000000E+00  0.282262E+00  0.282262E+00  0.282262E+00 -0.641852E-05  0.250084E+00  0.214848E-01  0.433668E-04
  0.332083E+02  0.333928E+00  0.233452E-02  0.240201E-07  0.443806E-06  0.000000E+00  0.279890E+00  0.279890E+00  0.279890E+00 -0.636459E-05  0.247981E+00  0.213043E-01  0.428047E-04
  0.333616E+02  0.331121E+00  0.231490E-02  0.236000E-07  0.490067E-06  0.000000E+00  0.277538E+00  0.277538E+00  0.277538E+00 -0.631110E-05  0.245896E+00  0.211253E-01  0.422498E-04
  0.335156E+02  0.328338E+00  0.229544E-02  0.231873E-07  0.192371E-07  0.000000E+00  0.275205E+00  0.275205E+00  0.275205E+00 -0.625806E-05  0.243829E+00  0.209477E-01  0.417020E-04
  0.336703E+02  0.325578E+00  0.227614E-02  0.227817E-07  0.336047E-06  0.000000E+00  0.272892E+00  0.272892E+00  0.272892E+00 -0.620545E-05  0.241778E+00  0.207716E-01  0.411613E-04
  0.338257E+02  0.322841E+00  0.225701E-02  0.223832E-07 -0.292353E-06  0.000000E+00  0.270598E+00  0.270598E+00  0.270598E+00 -0.615329E-05  0.239745E+00  0.205970E-01  0.406276E-04
  0.339818E+02  0.320127E+00  0.223804E-02  0.219916E-07  0.132123E-06  0.000000E+00  0.268323E+00  0.268323E+00  0.268323E+00 -0.610156E-05  0.237728E+00  0.204238E-01  0.401008E-04
  0.341387E+02  0.317435E+00  0.221922E-02  0.216069E-07 -0.769113E-07  0.000000E+00  0.266067E+00  0.266067E+00  0.266067E+00 -0.605026E-05  0.235729E+00  0.202521E-01  0.395807E-04
  0.342963E+02  0.314766E+00  0.220057E-02  0.212290E-07  0.148007E-06  0.000000E+00  0.263829E+00  0.263829E+00  0.263829E+00 -0.599939E-05  0.233746E+00  0.200818E-01  0.390674E-04
  0.344546E+02  0.312119E+00  0.218206E-02  0.208575E-07  0.463886E-06  0.000000E+00  0.261610E+00  0.261610E+00  0.261610E+00 -0.594892E-05  0.231779E+00  0.199129E-01  0.385607E-04
  0.346136E+02  0.309494E+00  0.216371E-02  0.204926E-07 -0.322895E-06  0.000000E+00  0.259410E+00  0.259410E+00  0.259410E+00 -0.589890E-05  0.229829E+00  0.197454E-01  0.380606E-04
  0.347734E+02  0.306891E+00  0.214551E-02  0.201341E-07  0.969387E-07  0.000000E+00  0.257229E+00  0.257229E+00  0.257229E+00 -0.584929E-05  0.227895E+00  0.195794E-01  0.375669E-04
  0.349339E+02  0.304310E+00  0.212747E-02  0.197818E-07  0.412523E-06  0.000000E+00  0.255065E+00  0.255065E+00  0.255065E+00 -0.580008E-05  0.225977E+00  0.194147E-01  0.370796E-04
  0.350951E+02  0.301750E+00  0.210957E-02  0.194357E-07 -0.107165E-06  0.000000E+00  0.252920E+00  0.252920E+00  0.252920E+00 -0.575130E-05  0.224075E+00  0.192514E-01  0.365986E-04
  0.352571E+02  0.299211E+00  0.209182E-02  0.190956E-07 -0.364595E-07  0.000000E+00  0.250792E+00  0.250792E+00  0.250792E+00 -0.570291E-05  0.222189E+00  0.190894E-01  0.361238E-04
  0.354199E+02  0.296694E+00  0.207423E-02  0.187614E-07  0.586989E-06  0.000000E+00  0.248682E+00  0.248682E+00  0.248682E+00 -0.565493E-05  0.220319E+00  0.189288E-01  0.356552E-04
  0.355833E+02  0.294198E+00  0.205678E-02  0.184331E-07  0.245425E-06  0.000000E+00  0.246590E+00  0.246590E+00  0.246590E+00 -0.560735E-05  0.218465E+00  0.187695E-01  0.351926E-04
  0.357476E+02  0.291722E+00  0.203947E-02  0.181105E-07 -0.141756E-06  0.000000E+00  0.244515E+00  0.244515E+00  0.244515E+00 -0.556016E-05  0.216625E+00  0.186116E-01  0.347360E-04
  0.359126E+02  0.289268E+00  0.202231E-02  0.177936E-07 -0.269413E-07  0.000000E+00  0.242457E+00  0.242457E+00  0.242457E+00 -0.551338E-05  0.214802E+00  0.184550E-01  0.342853E-04
  0.360784E+02  0.286833E+00  0.200529E-02  0.174822E-07 -0.158451E-06  0.000000E+00  0.240417E+00  0.240417E+00  0.240417E+00 -0.546698E-05  0.212993E+00  0.182997E-01  0.338405E-04
  0.362449E+02  0.284419E+00  0.198842E-02  0.171762E-07  0.161930E-06  0.000000E+00  0.238393E+00  0.238393E+00  0.238393E+00 -0.542097E-05  0.211200E+00  0.181456E-01  0.334013E-04
  0.364122E+02  0.282025E+00  0.197168E-02  0.168756E-07  0.145702E-06  0.000000E+00  0.236387E+00  0.236387E+00  0.236387E+00 -0.537534E-05  0.209422E+00  0.179929E-01  0.329679E-04
  0.365803E+02  0.279650E+00  0.195507E-02  0.165802E-07  0.427841E-06  0.000000E+00  0.234396E+00  0.234396E+00  0.234396E+00 -0.533007E-05  0.207657E+00  0.178413E-01  0.325399E-04
  0.367491E+02  0.277296E+00  0.193862E-02  0.162899E-07  0.243183E-06  0.000000E+00  0.232423E+00  0.232423E+00  0.232423E+00 -0.528519E-05  0.205908E+00  0.176911E-01  0.321175E-04
  0.369187E+02  0.274962E+00  0.192230E-02  0.160048E-07  0.372131E-06  0.000000E+00  0.230467E+00  0.230467E+00  0.230467E+00 -0.524071E-05  0.204174E+00  0.175422E-01  0.317008E-04
  0.370891E+02  0.272648E+00  0.190612E-02  0.157247E-07  0.318784E-06  0.000000E+00  0.228527E+00  0.228527E+00  0.228527E+00 -0.519660E-05  0.202455E+00  0.173946E-01  0.312894E-04
  0.372603E+02  0.270353E+00  0.189008E-02  0.154495E-07  0.114923E-06  0.000000E+00  0.226603E+00  0.226603E+00  0.226603E+00 -0.515286E-05  0.200750E+00  0.172481E-01  0.308833E-04
  0.374323E+02  0.268077E+00  0.187417E-02  0.151791E-07  0.575632E-07  0.000000E+00  0.224696E+00  0.224696E+00  0.224696E+00 -0.510948E-05  0.199059E+00  0.171029E-01  0.304825E-04
  0.376051E+02  0.265821E+00  0.185839E-02  0.149134E-07  0.242221E-08  0.000000E+00  0.222804E+00  0.222804E+00  0.222804E+00 -0.506648E-05  0.197383E+00  0.169590E-01  0.300870E-04
  0.377787E+02  0.263582E+00  0.184275E-02  0.146523E-07 -0.217749E-06  0.000000E+00  0.220928E+00  0.220928E+00  0.220928E+00 -0.502381E-05  0.195720E+00  0.168162E-01  0.296964E-04
  0.379531E+02  0.261362E+00  0.182723E-02  0.143958E-07 -0.134475E-07  0.000000E+00  0.219068E+00  0.219068E+00  0.219068E+00 -0.498151E-05  0.194071E+00  0.166746E-01  0.293109E-04
  0.381282E+02  0.259160E+00  0.181183E-02  0.141437E-07  0.473750E-06  0.000000E+00  0.217222E+00  0.217222E+00  0.217222E+00 -0.493952E-05  0.192435E+00  0.165340E-01  0.289302E-04
  0.383042E+02  0.256977E+00  0.179656E-02  0.138960E-07  0.317959E-06  0.000000E+00  0.215392E+00  0.215392E+00  0.215392E+00 -0.489791E-05  0.190813E+00  0.163947E-01  0.285546E-04
  0.384810E+02  0.254817E+00  0.178148E-02  0.136531E-07 -0.181336E-06  0.000000E+00  0.213582E+00  0.213582E+00  0.213582E+00 -0.485678E-05  0.189210E+00  0.162570E-01  0.281846E-04
  0.386587E+02  0.252671E+00  0.176647E-02  0.134140E-07 -0.474062E-07  0.000000E+00  0.211783E+00  0.211783E+00  0.211783E+00 -0.481587E-05  0.187616E+00  0.161201E-01  0.278187E-04
  0.388371E+02  0.250544E+00  0.175161E-02  0.131793E-07  0.281859E-06  0.000000E+00  0.210000E+00  0.210000E+00  0.210000E+00 -0.477535E-05  0.186036E+00  0.159845E-01  0.274578E-04
  0.390164E+02  0.248433E+00  0.173685E-02  0.129485E-07 -0.106497E-06  0.000000E+00  0.208231E+00  0.208231E+00  0.208231E+00 -0.473511E-05  0.184468E+00  0.158498E-01  0.271012E-04
  0.391965E+02  0.246340E+00  0.172222E-02  0.127218E-07  0.495583E-07  0.000000E+00  0.206477E+00  0.206477E+00  0.206477E+00 -0.469522E-05  0.182913E+00  0.157162E-01  0.267493E-04
  0.393774E+02  0.244264E+00  0.170770E-02  0.124989E-07  0.192880E-06  0.000000E+00  0.204736E+00  0.204736E+00  0.204736E+00 -0.465563E-05  0.181370E+00  0.155837E-01  0.264018E-04
  0.395591E+02  0.242206E+00  0.169331E-02  0.122800E-07 -0.128763E-06  0.000000E+00  0.203011E+00  0.203011E+00  0.203011E+00 -0.461640E-05  0.179841E+00  0.154524E-01  0.260590E-04
  0.397417E+02  0.240164E+00  0.167904E-02  0.120649E-07  0.278286E-06  0.000000E+00  0.201300E+00  0.201300E+00  0.201300E+00 -0.457748E-05  0.178325E+00  0.153221E-01  0.257204E-04
  0.399252E+02  0.238140E+00  0.166489E-02  0.118537E-07 -0.171432E-06  0.000000E+00  0.199603E+00  0.199603E+00  0.199603E+00 -0.453891E-05  0.176821E+00  0.151930E-01  0.253864E-04
  0.401095E+02  0.236133E+00  0.165086E-02  0.116461E-07  0.201197E-06  0.000000E+00  0.197921E+00  0.197921E+00  0.197921E+00 -0.450066E-05  0.175330E+00  0.150649E-01  0.250567E-04
  0.402946E+02  0.234143E+00  0.163695E-02  0.114421E-07 -0.196441E-06  0.000000E+00  0.196253E+00  0.196253E+00  0.196253E+00 -0.446274E-05  0.173853E+00  0.149380E-01  0.247313E-04
  0.404806E+02  0.232170E+00  0.162316E-02  0.112417E-07  0.264533E-07  0.000000E+00  0.194600E+00  0.194600E+00  0.194600E+00 -0.442513E-05  0.172387E+00  0.148121E-01  0.244102E-04
  0.406674E+02  0.230213E+00  0.160947E-02  0.110448E-07  0.127087E-06  0.000000E+00  0.192959E+00  0.192959E+00  0.192959E+00 -0.438782E-05  0.170933E+00  0.146873E-01  0.240931E-04
  0.408551E+02  0.228272E+00  0.159591E-02  0.108514E-07 -0.412165E-07  0.000000E+00  0.191332E+00  0.191332E+00  0.191332E+00 -0.435083E-05  0.169491E+00  0.145634E-01  0.237801E-04
  0.410437E+02  0.226348E+00  0.158245E-02  0.106613E-07  0.311262E-06  0.000000E+00  0.189719E+00  0.189719E+00  0.189719E+00 -0.431416E-05  0.168062E+00  0.144407E-01  0.234712E-04
  0.412332E+02  0.224440E+00  0.156911E-02  0.104745E-07  0.169105E-06  0.000000E+00  0.188120E+00  0.188120E+00  0.188120E+00 -0.427778E-05  0.166644E+00  0.143189E-01  0.231663E-04
  0.414235E+02  0.222547E+00  0.155588E-02  0.102911E-07 -0.161974E-06  0.000000E+00  0.186534E+00  0.186534E+00  0.186534E+00 -0.424172E-05  0.165239E+00  0.141982E-01  0.228654E-04
  0.416147E+02  0.220671E+00  0.154277E-02  0.101108E-07  0.152229E-07  0.000000E+00  0.184961E+00  0.184961E+00  0.184961E+00 -0.420596E-05  0.163845E+00  0.140785E-01  0.225683E-04
  0.418068E+02  0.218810E+00  0.152975E-02  0.993367E-08  0.213489E-06  0.000000E+00  0.183401E+00  0.183401E+00  0.183401E+00 -0.417048E-05  0.162463E+00  0.139597E-01  0.222751E-04
  0.419998E+02  0.216965E+00  0.151685E-02  0.975963E-08  0.207764E-06  0.000000E+00  0.181855E+00  0.181855E+00  0.181855E+00 -0.413531E-05  0.161092E+00  0.138420E-01  0.219856E-04
  0.421936E+02  0.215135E+00  0.150406E-02  0.958868E-08  0.236972E-06  0.000000E+00  0.180321E+00  0.180321E+00  0.180321E+00 -0.410044E-05  0.159733E+00  0.137253E-01  0.217000E-04
  0.423884E+02  0.213322E+00  0.149139E-02  0.942075E-08  0.310027E-07  0.000000E+00  0.178801E+00  0.178801E+00  0.178801E+00 -0.406589E-05  0.158386E+00  0.136096E-01  0.214182E-04
  0.425840E+02  0.211521E+00  0.147880E-02  0.925560E-08  0.979647E-08  0.000000E+00  0.177292E+00  0.177292E+00  0.177292E+00 -0.403155E-05  0.157048E+00  0.134946E-01  0.211397E-04
  0.427806E+02  0.209736E+00  0.146632E-02  0.909340E-08 -0.586804E-07  0.000000E+00  0.175796E+00  0.175796E+00  0.175796E+00 -0.399753E-05  0.155722E+00  0.133808E-01  0.208649E-04
  0.429781E+02  0.207967E+00  0.145395E-02  0.893410E-08 -0.378792E-07  0.000000E+00  0.174313E+00  0.174313E+00  0.174313E+00 -0.396382E-05  0.154409E+00  0.132679E-01  0.205938E-04
  0.431764E+02  0.206214E+00  0.144169E-02  0.877760E-08 -0.592659E-07  0.000000E+00  0.172843E+00  0.172843E+00  0.172843E+00 -0.393040E-05  0.153106E+00  0.131560E-01  0.203263E-04
  0.433757E+02  0.204473E+00  0.142952E-02  0.862374E-08  0.469443E-07  0.000000E+00  0.171384E+00  0.171384E+00  0.171384E+00 -0.389721E-05  0.151813E+00  0.130450E-01  0.200620E-04
  0.435759E+02  0.202748E+00  0.141746E-02  0.847264E-08  0.390098E-07  0.000000E+00  0.169939E+00  0.169939E+00  0.169939E+00 -0.386434E-05  0.150532E+00  0.129349E-01  0.198012E-04
  0.437771E+02  0.201036E+00  0.140549E-02  0.832411E-08  0.242397E-06  0.000000E+00  0.168504E+00  0.168504E+00  0.168504E+00 -0.383171E-05  0.149260E+00  0.128257E-01  0.195438E-04
  0.439791E+02  0.199337E+00  0.139361E-02  0.817811E-08  0.222681E-06  0.000000E+00  0.167080E+00  0.167080E+00  0.167080E+00 -0.379931E-05  0.147998E+00  0.127172E-01  0.192894E-04
  0.441821E+02  0.197658E+00  0.138188E-02  0.803495E-08  0.266714E-07  0.000000E+00  0.165672E+00  0.165672E+00  0.165672E+00 -0.376732E-05  0.146751E+00  0.126102E-01  0.190391E-04
  0.443861E+02  0.195992E+00  0.137024E-02  0.789425E-08 -0.420143E-07  0.000000E+00  0.164276E+00  0.164276E+00  0.164276E+00 -0.373558E-05  0.145514E+00  0.125039E-01  0.187918E-04
  0.445910E+02  0.194336E+00  0.135866E-02  0.775581E-08  0.911156E-07  0.000000E+00  0.162888E+00  0.162888E+00  0.162888E+00 -0.370401E-05  0.144284E+00  0.123982E-01  0.185473E-04
  0.447968E+02  0.192697E+00  0.134720E-02  0.761993E-08  0.186050E-06  0.000000E+00  0.161514E+00  0.161514E+00  0.161514E+00 -0.367278E-05  0.143067E+00  0.122937E-01  0.183064E-04
  0.450035E+02  0.191071E+00  0.133583E-02  0.748639E-08 -0.823125E-07  0.000000E+00  0.160151E+00  0.160151E+00  0.160151E+00 -0.364177E-05  0.141859E+00  0.121899E-01  0.180684E-04
  0.452113E+02  0.189457E+00  0.132454E-02  0.735511E-08 -0.720179E-07  0.000000E+00  0.158798E+00  0.158798E+00  0.158798E+00 -0.361101E-05  0.140659E+00  0.120869E-01  0.178333E-04
  0.454200E+02  0.187857E+00  0.131336E-02  0.722619E-08  0.190420E-06  0.000000E+00  0.157457E+00  0.157457E+00  0.157457E+00 -0.358052E-05  0.139472E+00  0.119848E-01  0.176015E-04
  0.456296E+02  0.186271E+00  0.130227E-02  0.709950E-08 -0.398481E-07  0.000000E+00  0.156128E+00  0.156128E+00  0.156128E+00 -0.355028E-05  0.138293E+00  0.118836E-01  0.173725E-04
  0.458402E+02  0.184699E+00  0.129128E-02  0.697510E-08  0.244348E-06  0.000000E+00  0.154810E+00  0.154810E+00  0.154810E+00 -0.352033E-05  0.137126E+00  0.117833E-01  0.171468E-04
  0.460518E+02  0.183137E+00  0.128036E-02  0.685274E-08 -0.906677E-08  0.000000E+00  0.153501E+00  0.153501E+00  0.153501E+00 -0.349055E-05  0.135966E+00  0.116837E-01  0.169236E-04
  0.462644E+02  0.181592E+00  0.126956E-02  0.673266E-08  0.232143E-06  0.000000E+00  0.152206E+00  0.152206E+00  0.152206E+00 -0.346110E-05  0.134818E+00  0.115851E-01  0.167036E-04
  0.464779E+02  0.180059E+00  0.125884E-02  0.661465E-08 -0.557042E-07  0.000000E+00  0.150921E+00  0.150921E+00  0.150921E+00 -0.343188E-05  0.133679E+00  0.114873E-01  0.164865E-04
  0.466925E+02  0.178539E+00  0.124822E-02  0.649872E-08  0.166118E-06  0.000000E+00  0.149647E+00  0.149647E+00  0.149647E+00 -0.340292E-05  0.132551E+00  0.113903E-01  0.162721E-04
  0.469080E+02  0.177030E+00  0.123766E-02  0.638474E-08  0.305433E-07  0.000000E+00  0.148382E+00  0.148382E+00  0.148382E+00 -0.337415E-05  0.131430E+00  0.112940E-01  0.160604E-04
  0.471245E+02  0.175536E+00  0.122722E-02  0.627286E-08 -0.669952E-07  0.000000E+00  0.147130E+00  0.147130E+00  0.147130E+00 -0.334568E-05  0.130320E+00  0.111987E-01  0.158516E-04
  0.473420E+02  0.174052E+00  0.121684E-02  0.616280E-08  0.106467E-06  0.000000E+00  0.145886E+00  0.145886E+00  0.145886E+00 -0.331738E-05  0.129217E+00  0.111040E-01  0.156453E-04
  0.475605E+02  0.172583E+00  0.120658E-02  0.605481E-08  0.106503E-06  0.000000E+00  0.144655E+00  0.144655E+00  0.144655E+00 -0.328939E-05  0.128127E+00  0.110103E-01  0.154419E-04
  0.477801E+02  0.171125E+00  0.119638E-02  0.594863E-08  0.370196E-07  0.000000E+00  0.143433E+00  0.143433E+00  0.143433E+00 -0.326160E-05  0.127044E+00  0.109173E-01  0.152411E-04
  0.480006E+02  0.169677E+00  0.118626E-02  0.584425E-08 -0.649682E-07  0.000000E+00  0.142219E+00  0.142219E+00  0.142219E+00 -0.323400E-05  0.125968E+00  0.108249E-01  0.150426E-04
  0.482222E+02  0.168244E+00  0.117623E-02  0.574177E-08  0.775325E-08  0.000000E+00  0.141018E+00  0.141018E+00  0.141018E+00 -0.320667E-05  0.124903E+00  0.107334E-01  0.148469E-04
  0.484448E+02  0.166822E+00  0.116630E-02  0.564108E-08  0.187134E-06  0.000000E+00  0.139826E+00  0.139826E+00  0.139826E+00 -0.317958E-05  0.123848E+00  0.106427E-01  0.146538E-04
  0.486684E+02  0.165415E+00  0.115646E-02  0.554226E-08  0.154436E-06  0.000000E+00  0.138647E+00  0.138647E+00  0.138647E+00 -0.315276E-05  0.122803E+00  0.105530E-01  0.144634E-04
  0.488930E+02  0.164015E+00  0.114667E-02  0.544500E-08  0.138159E-06  0.000000E+00  0.137474E+00  0.137474E+00  0.137474E+00 -0.312608E-05  0.121763E+00  0.104636E-01  0.142750E-04
  0.491187E+02  0.162630E+00  0.113699E-02  0.534954E-08  0.211243E-06  0.000000E+00  0.136312E+00  0.136312E+00  0.136312E+00 -0.309968E-05  0.120734E+00  0.103753E-01  0.140894E-04
  0.493454E+02  0.161255E+00  0.112738E-02  0.525570E-08  0.916606E-07  0.000000E+00  0.135160E+00  0.135160E+00  0.135160E+00 -0.307347E-05  0.119713E+00  0.102875E-01  0.139060E-04
  0.495732E+02  0.159894E+00  0.111786E-02  0.516360E-08  0.214412E-06  0.000000E+00  0.134019E+00  0.134019E+00  0.134019E+00 -0.304754E-05  0.118703E+00  0.102007E-01  0.137253E-04
  0.498020E+02  0.158541E+00  0.110841E-02  0.507301E-08  0.650989E-07  0.000000E+00  0.132886E+00  0.132886E+00  0.132886E+00 -0.302176E-05  0.117698E+00  0.101144E-01  0.135466E-04
  0.500319E+02  0.157202E+00  0.109905E-02  0.498409E-08  0.838123E-08  0.000000E+00  0.131763E+00  0.131763E+00  0.131763E+00 -0.299625E-05  0.116704E+00  0.100290E-01  0.133705E-04
  0.502628E+02  0.155873E+00  0.108975E-02  0.489663E-08 -0.543965E-07  0.000000E+00  0.130649E+00  0.130649E+00  0.130649E+00 -0.297089E-05  0.115716E+00  0.994415E-02  0.131964E-04
  0.504948E+02  0.154554E+00  0.108053E-02  0.481071E-08 -0.202254E-07  0.000000E+00  0.129544E+00  0.129544E+00  0.129544E+00 -0.294576E-05  0.114737E+00  0.986002E-02  0.130246E-04
  0.507279E+02  0.153249E+00  0.107141E-02  0.472641E-08  0.200735E-06  0.000000E+00  0.128450E+00  0.128450E+00  0.128450E+00 -0.292090E-05  0.113768E+00  0.977681E-02  0.128553E-04
  0.509620E+02  0.151953E+00  0.106235E-02  0.464346E-08  0.884993E-07  0.000000E+00  0.127363E+00  0.127363E+00  0.127363E+00 -0.289618E-05  0.112805E+00  0.969406E-02  0.126879E-04
  0.511973E+02  0.150668E+00  0.105336E-02  0.456200E-08 -0.800607E-07  0.000000E+00  0.126286E+00  0.126286E+00  0.126286E+00 -0.287169E-05  0.111850E+00  0.961206E-02  0.125227E-04
  0.514336E+02  0.149396E+00  0.104447E-02  0.448206E-08  0.116285E-06  0.000000E+00  0.125220E+00  0.125220E+00  0.125220E+00 -0.284746E-05  0.110906E+00  0.953095E-02  0.123599E-04
  0.516710E+02  0.148128E+00  0.103560E-02  0.440326E-08  0.257680E-07  0.000000E+00  0.124157E+00  0.124157E+00  0.124157E+00 -0.282327E-05  0.109964E+00  0.944999E-02  0.121986E-04
  0.519095E+02  0.146876E+00  0.102685E-02  0.432603E-08  0.116150E-06  0.000000E+00  0.123108E+00  0.123108E+00  0.123108E+00 -0.279940E-05  0.109034E+00  0.937010E-02  0.120399E-04
  0.521491E+02  0.145634E+00  0.101817E-02  0.425016E-08  0.968599E-07  0.000000E+00  0.122067E+00  0.122067E+00  0.122067E+00 -0.277574E-05  0.108112E+00  0.929088E-02  0.118832E-04
  0.523898E+02  0.144401E+00  0.100955E-02  0.417555E-08  0.926280E-07  0.000000E+00  0.121034E+00  0.121034E+00  0.121034E+00 -0.275224E-05  0.107196E+00  0.921220E-02  0.117284E-04
  0.526316E+02  0.143181E+00  0.100102E-02  0.410235E-08 -0.382913E-08  0.000000E+00  0.120011E+00  0.120011E+00  0.120011E+00 -0.272899E-05  0.106290E+00  0.913439E-02  0.115759E-04
  0.528746E+02  0.141971E+00  0.992566E-03  0.403042E-08  0.123203E-06  0.000000E+00  0.118997E+00  0.118997E+00  0.118997E+00 -0.270594E-05  0.105392E+00  0.905723E-02  0.114253E-04
  0.531186E+02  0.140770E+00  0.984164E-03  0.395969E-08 -0.265049E-08  0.000000E+00  0.117990E+00  0.117990E+00  0.117990E+00 -0.268304E-05  0.104500E+00  0.898056E-02  0.112765E-04
  0.533638E+02  0.139578E+00  0.975825E-03  0.389016E-08  0.754326E-07  0.000000E+00  0.116991E+00  0.116991E+00  0.116991E+00 -0.266030E-05  0.103614E+00  0.890446E-02  0.111296E-04
  0.536101E+02  0.138399E+00  0.967588E-03  0.382197E-08  0.145583E-06  0.000000E+00  0.116003E+00  0.116003E+00  0.116003E+00 -0.263785E-05  0.102739E+00  0.882929E-02  0.109849E-04
  0.538576E+02  0.137224E+00  0.959367E-03  0.375478E-08  0.610990E-07  0.000000E+00  0.115018E+00  0.115018E+00  0.115018E+00 -0.261543E-05  0.101866E+00  0.875426E-02  0.108415E-04
  0.541062E+02  0.136063E+00  0.951250E-03  0.368889E-08 -0.847330E-07  0.000000E+00  0.114045E+00  0.114045E+00  0.114045E+00 -0.259330E-05  0.101004E+00  0.868018E-02  0.107003E-04
  0.543559E+02  0.134913E+00  0.943209E-03  0.362419E-08 -0.370669E-07  0.000000E+00  0.113081E+00  0.113081E+00  0.113081E+00 -0.257138E-05  0.100149E+00  0.860680E-02  0.105611E-04
  0.546068E+02  0.133771E+00  0.935226E-03  0.356059E-08  0.414497E-07  0.000000E+00  0.112123E+00  0.112123E+00  0.112123E+00 -0.254962E-05  0.993015E-01  0.853395E-02  0.104235E-04
  0.548589E+02  0.132641E+00  0.927333E-03  0.349818E-08  0.101756E-06  0.000000E+00  0.111177E+00  0.111177E+00  0.111177E+00 -0.252810E-05  0.984630E-01  0.846191E-02  0.102880E-04
  0.551121E+02  0.131519E+00  0.919488E-03  0.343680E-08  0.400359E-07  0.000000E+00  0.110236E+00  0.110236E+00  0.110236E+00 -0.250671E-05  0.976297E-01  0.839032E-02  0.101541E-04
  0.553665E+02  0.130406E+00  0.911706E-03  0.337649E-08  0.101688E-06  0.000000E+00  0.109303E+00  0.109303E+00  0.109303E+00 -0.248550E-05  0.968031E-01  0.831930E-02  0.100218E-04
  0.556220E+02  0.129302E+00  0.903988E-03  0.331723E-08  0.613041E-07  0.000000E+00  0.108378E+00  0.108378E+00  0.108378E+00 -0.246446E-05  0.959834E-01  0.824887E-02  0.989133E-05
  0.558788E+02  0.128207E+00  0.896335E-03  0.325901E-08  0.261815E-07  0.000000E+00  0.107460E+00  0.107460E+00  0.107460E+00 -0.244360E-05  0.951706E-01  0.817904E-02  0.976250E-05
  0.561367E+02  0.127122E+00  0.888749E-03  0.320181E-08 -0.458330E-07  0.000000E+00  0.106551E+00  0.106551E+00  0.106551E+00 -0.242292E-05  0.943648E-01  0.810981E-02  0.963537E-05
  0.563958E+02  0.126046E+00  0.881223E-03  0.314561E-08 -0.342415E-07  0.000000E+00  0.105649E+00  0.105649E+00  0.105649E+00 -0.240240E-05  0.935653E-01  0.804112E-02  0.950984E-05
  0.566561E+02  0.124980E+00  0.873771E-03  0.309043E-08  0.255430E-07  0.000000E+00  0.104755E+00  0.104755E+00  0.104755E+00 -0.238208E-05  0.927738E-01  0.797311E-02  0.938606E-05
  0.569176E+02  0.123920E+00  0.866364E-03  0.303615E-08  0.125568E-06  0.000000E+00  0.103867E+00  0.103867E+00  0.103867E+00 -0.236189E-05  0.919870E-01  0.790552E-02  0.926370E-05
  0.571803E+02  0.122871E+00  0.859029E-03  0.298285E-08 -0.376346E-07  0.000000E+00  0.102988E+00  0.102988E+00  0.102988E+00 -0.234189E-05  0.912079E-01  0.783857E-02  0.914304E-05
  0.574443E+02  0.121831E+00  0.851755E-03  0.293049E-08 -0.868911E-08  0.000000E+00  0.102116E+00  0.102116E+00  0.102116E+00 -0.232206E-05  0.904353E-01  0.777219E-02  0.902393E-05
  0.577094E+02  0.120799E+00  0.844543E-03  0.287905E-08  0.109192E-06  0.000000E+00  0.101251E+00  0.101251E+00  0.101251E+00 -0.230240E-05  0.896692E-01  0.770637E-02  0.890638E-05
  0.579758E+02  0.119776E+00  0.837390E-03  0.282851E-08 -0.337244E-07  0.000000E+00  0.100394E+00  0.100394E+00  0.100394E+00 -0.228290E-05  0.889095E-01  0.764110E-02  0.879035E-05
  0.582434E+02  0.118763E+00  0.830307E-03  0.277888E-08  0.711976E-07  0.000000E+00  0.995441E-01  0.995441E-01  0.995441E-01 -0.226359E-05  0.881572E-01  0.757646E-02  0.867592E-05
  0.585122E+02  0.117757E+00  0.823276E-03  0.273010E-08 -0.566015E-07  0.000000E+00  0.987011E-01  0.987011E-01  0.987011E-01 -0.224442E-05  0.874103E-01  0.751229E-02  0.856289E-05
  0.587823E+02  0.116760E+00  0.816302E-03  0.268217E-08  0.674825E-07  0.000000E+00  0.978651E-01  0.978651E-01  0.978651E-01 -0.222541E-05  0.866697E-01  0.744865E-02  0.845132E-05
  0.590537E+02  0.115771E+00  0.809388E-03  0.263508E-08 -0.302694E-07  0.000000E+00  0.970361E-01  0.970361E-01  0.970361E-01 -0.220656E-05  0.859353E-01  0.738555E-02  0.834121E-05
  0.593262E+02  0.114790E+00  0.802531E-03  0.258882E-08 -0.416794E-08  0.000000E+00  0.962141E-01  0.962141E-01  0.962141E-01 -0.218787E-05  0.852070E-01  0.732298E-02  0.823251E-05
  0.596001E+02  0.113817E+00  0.795730E-03  0.254336E-08  0.755856E-07  0.000000E+00  0.953989E-01  0.953989E-01  0.953989E-01 -0.216933E-05  0.844848E-01  0.726092E-02  0.812523E-05
  0.598752E+02  0.112853E+00  0.788987E-03  0.249870E-08  0.288052E-08  0.000000E+00  0.945905E-01  0.945905E-01  0.945905E-01 -0.215094E-05  0.837685E-01  0.719938E-02  0.801933E-05
  0.601515E+02  0.111897E+00  0.782302E-03  0.245482E-08 -0.581203E-07  0.000000E+00  0.937891E-01  0.937891E-01  0.937891E-01 -0.213272E-05  0.830585E-01  0.713837E-02  0.791482E-05
  0.604292E+02  0.110948E+00  0.775673E-03  0.241172E-08 -0.277060E-07  0.000000E+00  0.929944E-01  0.929944E-01  0.929944E-01 -0.211465E-05  0.823545E-01  0.707788E-02  0.781167E-05
  0.607081E+02  0.110008E+00  0.769101E-03  0.236937E-08  0.369518E-07  0.000000E+00  0.922064E-01  0.922064E-01  0.922064E-01 -0.209673E-05  0.816564E-01  0.701790E-02  0.770986E-05
  0.609883E+02  0.109076E+00  0.762582E-03  0.232775E-08  0.910549E-07  0.000000E+00  0.914249E-01  0.914249E-01  0.914249E-01 -0.207896E-05  0.809640E-01  0.695841E-02  0.760937E-05
  0.612698E+02  0.108152E+00  0.756120E-03  0.228688E-08  0.512393E-07  0.000000E+00  0.906502E-01  0.906502E-01  0.906502E-01 -0.206134E-05  0.802777E-01  0.689944E-02  0.751020E-05
  0.615527E+02  0.107236E+00  0.749717E-03  0.224674E-08  0.346809E-07  0.000000E+00  0.898825E-01  0.898825E-01  0.898825E-01 -0.204389E-05  0.795977E-01  0.684101E-02  0.741236E-05
  0.618368E+02  0.106327E+00  0.743364E-03  0.220728E-08  0.688066E-07  0.000000E+00  0.891207E-01  0.891207E-01  0.891207E-01 -0.202656E-05  0.789228E-01  0.678302E-02  0.731575E-05
  0.621222E+02  0.105426E+00  0.737068E-03  0.216853E-08 -0.403182E-08  0.000000E+00  0.883659E-01  0.883659E-01  0.883659E-01 -0.200940E-05  0.782542E-01  0.672557E-02  0.722045E-05
  0.624089E+02  0.104533E+00  0.730820E-03  0.213045E-08 -0.131911E-08  0.000000E+00  0.876168E-01  0.876168E-01  0.876168E-01 -0.199237E-05  0.775906E-01  0.666855E-02  0.712632E-05
  0.626970E+02  0.103647E+00  0.724626E-03  0.209303E-08 -0.129519E-07  0.000000E+00  0.868742E-01  0.868742E-01  0.868742E-01 -0.197548E-05  0.769327E-01  0.661202E-02  0.703343E-05
  0.629864E+02  0.102768E+00  0.718479E-03  0.205626E-08  0.916539E-07  0.000000E+00  0.861373E-01  0.861373E-01  0.861373E-01 -0.195872E-05  0.762799E-01  0.655593E-02  0.694170E-05
  0.632771E+02  0.101896E+00  0.712380E-03  0.202012E-08  0.334512E-07  0.000000E+00  0.854064E-01  0.854064E-01  0.854064E-01 -0.194210E-05  0.756322E-01  0.650027E-02  0.685114E-05
  0.635692E+02  0.101031E+00  0.706331E-03  0.198461E-08  0.147856E-08  0.000000E+00  0.846816E-01  0.846816E-01  0.846816E-01 -0.192561E-05  0.749898E-01  0.644507E-02  0.676173E-05
  0.638626E+02  0.100174E+00  0.700343E-03  0.194975E-08  0.606114E-07  0.000000E+00  0.839636E-01  0.839636E-01  0.839636E-01 -0.190928E-05  0.743538E-01  0.639042E-02  0.667358E-05
  0.641574E+02  0.993248E-01  0.694405E-03  0.191551E-08 -0.352454E-07  0.000000E+00  0.832517E-01  0.832517E-01  0.832517E-01 -0.189310E-05  0.737231E-01  0.633623E-02  0.658657E-05
  0.644535E+02  0.984816E-01  0.688508E-03  0.188184E-08  0.505564E-07  0.000000E+00  0.825450E-01  0.825450E-01  0.825450E-01 -0.187702E-05  0.730969E-01  0.628242E-02  0.650061E-05
  0.647510E+02  0.976481E-01  0.682684E-03  0.184882E-08  0.250485E-07  0.000000E+00  0.818463E-01  0.818463E-01  0.818463E-01 -0.186114E-05  0.724783E-01  0.622927E-02  0.641599E-05
  0.650499E+02  0.968198E-01  0.676892E-03  0.181634E-08  0.690389E-07  0.000000E+00  0.811521E-01  0.811521E-01  0.811521E-01 -0.184535E-05  0.718632E-01  0.617642E-02  0.633231E-05
  0.653502E+02  0.959992E-01  0.671156E-03  0.178444E-08 -0.208499E-07  0.000000E+00  0.804642E-01  0.804642E-01  0.804642E-01 -0.182972E-05  0.712540E-01  0.612407E-02  0.624978E-05
  0.656518E+02  0.951857E-01  0.665470E-03  0.175311E-08  0.108646E-07  0.000000E+00  0.797824E-01  0.797824E-01  0.797824E-01 -0.181422E-05  0.706502E-01  0.607218E-02  0.616834E-05
  0.659549E+02  0.943761E-01  0.659805E-03  0.172226E-08  0.569003E-07  0.000000E+00  0.791038E-01  0.791038E-01  0.791038E-01 -0.179877E-05  0.700485E-01  0.602048E-02  0.608771E-05
  0.662593E+02  0.935749E-01  0.654202E-03  0.169198E-08  0.223201E-08  0.000000E+00  0.784322E-01  0.784322E-01  0.784322E-01 -0.178350E-05  0.694534E-01  0.596935E-02  0.600826E-05
  0.665651E+02  0.927810E-01  0.648652E-03  0.166225E-08 -0.886234E-08  0.000000E+00  0.777669E-01  0.777669E-01  0.777669E-01 -0.176837E-05  0.688640E-01  0.591870E-02  0.592990E-05
  0.668724E+02  0.919939E-01  0.643149E-03  0.163305E-08 -0.114635E-07  0.000000E+00  0.771071E-01  0.771071E-01  0.771071E-01 -0.175336E-05  0.682796E-01  0.586848E-02  0.585256E-05
  0.671810E+02  0.912133E-01  0.637691E-03  0.160435E-08  0.149671E-08  0.000000E+00  0.764529E-01  0.764529E-01  0.764529E-01 -0.173848E-05  0.677000E-01  0.581867E-02  0.577622E-05
  0.674911E+02  0.904395E-01  0.632280E-03  0.157616E-08 -0.446220E-08  0.000000E+00  0.758042E-01  0.758042E-01  0.758042E-01 -0.172373E-05  0.671254E-01  0.576930E-02  0.570088E-05
  0.678027E+02  0.896720E-01  0.626914E-03  0.154846E-08 -0.236643E-07  0.000000E+00  0.751610E-01  0.751610E-01  0.751610E-01 -0.170911E-05  0.665555E-01  0.572033E-02  0.562651E-05
  0.681156E+02  0.889102E-01  0.621586E-03  0.152123E-08 -0.454810E-08  0.000000E+00  0.745224E-01  0.745224E-01  0.745224E-01 -0.169458E-05  0.659896E-01  0.567170E-02  0.555304E-05
  0.684300E+02  0.881556E-01  0.616310E-03  0.149450E-08 -0.799423E-09  0.000000E+00  0.738899E-01  0.738899E-01  0.738899E-01 -0.168020E-05  0.654294E-01  0.562356E-02  0.548059E-05
  0.687459E+02  0.874075E-01  0.611080E-03  0.146824E-08  0.144358E-07  0.000000E+00  0.732629E-01  0.732629E-01  0.732629E-01 -0.166594E-05  0.648739E-01  0.557582E-02  0.540910E-05
  0.690632E+02  0.866657E-01  0.605894E-03  0.144244E-08  0.832627E-07  0.000000E+00  0.726412E-01  0.726412E-01  0.726412E-01 -0.165180E-05  0.643232E-01  0.552850E-02  0.533854E-05
  0.693820E+02  0.859302E-01  0.600751E-03  0.141709E-08 -0.108299E-08  0.000000E+00  0.720247E-01  0.720247E-01  0.720247E-01 -0.163778E-05  0.637771E-01  0.548157E-02  0.526889E-05
  0.697022E+02  0.852009E-01  0.595652E-03  0.139218E-08  0.600356E-08  0.000000E+00  0.714134E-01  0.714134E-01  0.714134E-01 -0.162388E-05  0.632356E-01  0.543504E-02  0.520015E-05
  0.700240E+02  0.844803E-01  0.590620E-03  0.136777E-08  0.403967E-07  0.000000E+00  0.708094E-01  0.708094E-01  0.708094E-01 -0.161016E-05  0.627011E-01  0.538911E-02  0.513251E-05
  0.703472E+02  0.837626E-01  0.585600E-03  0.134372E-08 -0.262415E-07  0.000000E+00  0.702078E-01  0.702078E-01  0.702078E-01 -0.159648E-05  0.621681E-01  0.534331E-02  0.506550E-05
  0.706719E+02  0.830515E-01  0.580629E-03  0.132010E-08  0.725515E-07  0.000000E+00  0.696118E-01  0.696118E-01  0.696118E-01 -0.158293E-05  0.616402E-01  0.529794E-02  0.499940E-05
  0.709981E+02  0.823464E-01  0.575700E-03  0.129690E-08 -0.243532E-07  0.000000E+00  0.690208E-01  0.690208E-01  0.690208E-01 -0.156949E-05  0.611167E-01  0.525295E-02  0.493417E-05
  0.713258E+02  0.816475E-01  0.570814E-03  0.127411E-08  0.370810E-07  0.000000E+00  0.684350E-01  0.684350E-01  0.684350E-01 -0.155617E-05  0.605978E-01  0.520836E-02  0.486980E-05
  0.716550E+02  0.809544E-01  0.565968E-03  0.125172E-08 -0.490173E-08  0.000000E+00  0.678540E-01  0.678540E-01  0.678540E-01 -0.154296E-05  0.600832E-01  0.516414E-02  0.480626E-05
  0.719858E+02  0.802668E-01  0.561160E-03  0.122971E-08 -0.154279E-07  0.000000E+00  0.672778E-01  0.672778E-01  0.672778E-01 -0.152985E-05  0.595727E-01  0.512027E-02  0.474353E-05
  0.723181E+02  0.795853E-01  0.556395E-03  0.120810E-08  0.190281E-07  0.000000E+00  0.667065E-01  0.667065E-01  0.667065E-01 -0.151686E-05  0.590667E-01  0.507679E-02  0.468163E-05
  0.726519E+02  0.789093E-01  0.551669E-03  0.118686E-08  0.435715E-07  0.000000E+00  0.661399E-01  0.661399E-01  0.661399E-01 -0.150398E-05  0.585648E-01  0.503365E-02  0.462052E-05
  0.729872E+02  0.782392E-01  0.546983E-03  0.116599E-08  0.446806E-07  0.000000E+00  0.655782E-01  0.655782E-01  0.655782E-01 -0.149121E-05  0.580672E-01  0.499090E-02  0.456021E-05
  0.733241E+02  0.775743E-01  0.542335E-03  0.114549E-08  0.254092E-07  0.000000E+00  0.650210E-01  0.650210E-01  0.650210E-01 -0.147853E-05  0.575735E-01  0.494847E-02  0.450066E-05
  0.736626E+02  0.769155E-01  0.537727E-03  0.112535E-08  0.134087E-07  0.000000E+00  0.644688E-01  0.644688E-01  0.644688E-01 -0.146597E-05  0.570844E-01  0.490643E-02  0.444192E-05
  0.740026E+02  0.762625E-01  0.533162E-03  0.110557E-08  0.293918E-07  0.000000E+00  0.639214E-01  0.639214E-01  0.639214E-01 -0.145353E-05  0.565996E-01  0.486477E-02  0.438396E-05
  0.743441E+02  0.756151E-01  0.528637E-03  0.108614E-08  0.558486E-07  0.000000E+00  0.633788E-01  0.633788E-01  0.633788E-01 -0.144119E-05  0.561190E-01  0.482347E-02  0.432677E-05
  0.746873E+02  0.749722E-01  0.524141E-03  0.106704E-08  0.365408E-07  0.000000E+00  0.628400E-01  0.628400E-01  0.628400E-01 -0.142894E-05  0.556416E-01  0.478245E-02  0.427025E-05
  0.750320E+02  0.743354E-01  0.519688E-03  0.104828E-08 -0.192722E-09  0.000000E+00  0.623061E-01  0.623061E-01  0.623061E-01 -0.141680E-05  0.551688E-01  0.474181E-02  0.421451E-05
  0.753784E+02  0.737039E-01  0.515274E-03  0.102985E-08  0.408540E-08  0.000000E+00  0.617769E-01  0.617769E-01  0.617769E-01 -0.140476E-05  0.547000E-01  0.470152E-02  0.415950E-05
  0.757263E+02  0.730777E-01  0.510896E-03  0.101174E-08  0.194770E-07  0.000000E+00  0.612520E-01  0.612520E-01  0.612520E-01 -0.139283E-05  0.542351E-01  0.466157E-02  0.410520E-05
  0.760758E+02  0.724574E-01  0.506559E-03  0.993959E-09  0.229263E-07  0.000000E+00  0.607321E-01  0.607321E-01  0.607321E-01 -0.138101E-05  0.537747E-01  0.462200E-02  0.405164E-05
  0.764270E+02  0.718418E-01  0.502255E-03  0.976482E-09 -0.737672E-08  0.000000E+00  0.602161E-01  0.602161E-01  0.602161E-01 -0.136927E-05  0.533176E-01  0.458272E-02  0.399875E-05
  0.767798E+02  0.712305E-01  0.497980E-03  0.959296E-09  0.292433E-07  0.000000E+00  0.597037E-01  0.597037E-01  0.597037E-01 -0.135762E-05  0.528636E-01  0.454370E-02  0.394648E-05
  0.771342E+02  0.706252E-01  0.493748E-03  0.942428E-09  0.155886E-07  0.000000E+00  0.591964E-01  0.591964E-01  0.591964E-01 -0.134608E-05  0.524142E-01  0.450509E-02  0.389495E-05
  0.774902E+02  0.700259E-01  0.489559E-03  0.925870E-09 -0.938066E-08  0.000000E+00  0.586940E-01  0.586940E-01  0.586940E-01 -0.133466E-05  0.519695E-01  0.446686E-02  0.384416E-05
  0.778479E+02  0.694308E-01  0.485399E-03  0.909589E-09  0.331474E-07  0.000000E+00  0.581953E-01  0.581953E-01  0.581953E-01 -0.132332E-05  0.515277E-01  0.442890E-02  0.379397E-05
  0.782072E+02  0.688408E-01  0.481274E-03  0.893594E-09 -0.761923E-11  0.000000E+00  0.577007E-01  0.577007E-01  0.577007E-01 -0.131208E-05  0.510896E-01  0.439125E-02  0.374443E-05
  0.785682E+02  0.682552E-01  0.477178E-03  0.877871E-09 -0.563865E-08  0.000000E+00  0.572099E-01  0.572099E-01  0.572099E-01 -0.130091E-05  0.506548E-01  0.435388E-02  0.369550E-05
  0.789308E+02  0.676750E-01  0.473122E-03  0.862431E-09  0.181962E-07  0.000000E+00  0.567236E-01  0.567236E-01  0.567236E-01 -0.128985E-05  0.502240E-01  0.431686E-02  0.364724E-05
  0.792952E+02  0.670993E-01  0.469096E-03  0.847257E-09  0.339850E-07  0.000000E+00  0.562411E-01  0.562411E-01  0.562411E-01 -0.127888E-05  0.497966E-01  0.428012E-02  0.359959E-05
  0.796612E+02  0.665301E-01  0.465118E-03  0.832374E-09  0.356978E-07  0.000000E+00  0.557639E-01  0.557639E-01  0.557639E-01 -0.126803E-05  0.493742E-01  0.424382E-02  0.355265E-05
  0.800289E+02  0.659644E-01  0.461163E-03  0.817733E-09  0.256274E-07  0.000000E+00  0.552898E-01  0.552898E-01  0.552898E-01 -0.125725E-05  0.489543E-01  0.420773E-02  0.350626E-05
  0.803983E+02  0.654036E-01  0.457242E-03  0.803350E-09  0.441851E-08  0.000000E+00  0.548197E-01  0.548197E-01  0.548197E-01 -0.124656E-05  0.485379E-01  0.417195E-02  0.346046E-05
  0.807694E+02  0.648475E-01  0.453354E-03  0.789220E-09 -0.115454E-07  0.000000E+00  0.543537E-01  0.543537E-01  0.543537E-01 -0.123597E-05  0.481251E-01  0.413647E-02  0.341526E-05
  0.811422E+02  0.642962E-01  0.449499E-03  0.775338E-09  0.256653E-08  0.000000E+00  0.538915E-01  0.538915E-01  0.538915E-01 -0.122546E-05  0.477157E-01  0.410129E-02  0.337066E-05
  0.815167E+02  0.637494E-01  0.445676E-03  0.761699E-09  0.224991E-07  0.000000E+00  0.534333E-01  0.534333E-01  0.534333E-01 -0.121503E-05  0.473098E-01  0.406640E-02  0.332663E-05
  0.818930E+02  0.632074E-01  0.441887E-03  0.748302E-09  0.123250E-07  0.000000E+00  0.529790E-01  0.529790E-01  0.529790E-01 -0.120471E-05  0.469075E-01  0.403182E-02  0.328318E-05
  0.822710E+02  0.626697E-01  0.438127E-03  0.735136E-09  0.212118E-08  0.000000E+00  0.525283E-01  0.525283E-01  0.525283E-01 -0.119446E-05  0.465083E-01  0.399751E-02  0.324028E-05
  0.826507E+02  0.621368E-01  0.434401E-03  0.722203E-09  0.196692E-07  0.000000E+00  0.520816E-01  0.520816E-01  0.520816E-01 -0.118430E-05  0.461126E-01  0.396351E-02  0.319795E-05
  0.830322E+02  0.616083E-01  0.430706E-03  0.709499E-09 -0.172745E-08  0.000000E+00  0.516386E-01  0.516386E-01  0.516386E-01 -0.117423E-05  0.457203E-01  0.392979E-02  0.315618E-05
  0.834155E+02  0.610843E-01  0.427042E-03  0.697017E-09  0.270839E-07  0.000000E+00  0.511995E-01  0.511995E-01  0.511995E-01 -0.116424E-05  0.453313E-01  0.389636E-02  0.311495E-05
  0.838005E+02  0.605649E-01  0.423411E-03  0.684757E-09 -0.465347E-08  0.000000E+00  0.507641E-01  0.507641E-01  0.507641E-01 -0.115434E-05  0.449457E-01  0.386322E-02  0.307426E-05
  0.841873E+02  0.600499E-01  0.419810E-03  0.672711E-09  0.321923E-09  0.000000E+00  0.503324E-01  0.503324E-01  0.503324E-01 -0.114452E-05  0.445634E-01  0.383036E-02  0.303411E-05
  0.845759E+02  0.595391E-01  0.416239E-03  0.660877E-09  0.294840E-07  0.000000E+00  0.499043E-01  0.499043E-01  0.499043E-01 -0.113479E-05  0.441842E-01  0.379777E-02  0.299447E-05
  0.849663E+02  0.590326E-01  0.412698E-03  0.649249E-09  0.302984E-07  0.000000E+00  0.494797E-01  0.494797E-01  0.494797E-01 -0.112513E-05  0.438082E-01  0.376546E-02  0.295535E-05
  0.853585E+02  0.585304E-01  0.409187E-03  0.637826E-09  0.179749E-07  0.000000E+00  0.490588E-01  0.490588E-01  0.490588E-01 -0.111556E-05  0.434354E-01  0.373341E-02  0.291673E-05
  0.857525E+02  0.580324E-01  0.405705E-03  0.626604E-09  0.108558E-07  0.000000E+00  0.486414E-01  0.486414E-01  0.486414E-01 -0.110607E-05  0.430658E-01  0.370164E-02  0.287862E-05
  0.861483E+02  0.575387E-01  0.402253E-03  0.615579E-09  0.138597E-07  0.000000E+00  0.482276E-01  0.482276E-01  0.482276E-01 -0.109666E-05  0.426992E-01  0.367014E-02  0.284101E-05
  0.865460E+02  0.570492E-01  0.398830E-03  0.604747E-09  0.260493E-07  0.000000E+00  0.478172E-01  0.478172E-01  0.478172E-01 -0.108733E-05  0.423358E-01  0.363890E-02  0.280389E-05
  0.869454E+02  0.565638E-01  0.395437E-03  0.594107E-09  0.346820E-07  0.000000E+00  0.474104E-01  0.474104E-01  0.474104E-01 -0.107808E-05  0.419755E-01  0.360794E-02  0.276725E-05
  0.873468E+02  0.560829E-01  0.392075E-03  0.583659E-09  0.142550E-07  0.000000E+00  0.470074E-01  0.470074E-01  0.470074E-01 -0.106892E-05  0.416186E-01  0.357726E-02  0.273112E-05
  0.877499E+02  0.556056E-01  0.388738E-03  0.573387E-09 -0.179428E-07  0.000000E+00  0.466073E-01  0.466073E-01  0.466073E-01 -0.105982E-05  0.412643E-01  0.354681E-02  0.269542E-05
  0.881550E+02  0.551324E-01  0.385430E-03  0.563298E-09  0.219579E-07  0.000000E+00  0.462107E-01  0.462107E-01  0.462107E-01 -0.105080E-05  0.409130E-01  0.351662E-02  0.266020E-05
  0.885619E+02  0.546632E-01  0.382149E-03  0.553384E-09  0.101780E-07  0.000000E+00  0.458174E-01  0.458174E-01  0.458174E-01 -0.104186E-05  0.405647E-01  0.348668E-02  0.262543E-05
  0.889706E+02  0.541979E-01  0.378896E-03  0.543646E-09  0.289411E-08  0.000000E+00  0.454274E-01  0.454274E-01  0.454274E-01 -0.103299E-05  0.402193E-01  0.345699E-02  0.259112E-05
  0.893813E+02  0.537358E-01  0.375663E-03  0.534067E-09  0.565885E-08  0.000000E+00  0.450401E-01  0.450401E-01  0.450401E-01 -0.102418E-05  0.398761E-01  0.342749E-02  0.255720E-05
  0.897939E+02  0.532770E-01  0.372452E-03  0.524650E-09  0.260956E-07  0.000000E+00  0.446555E-01  0.446555E-01  0.446555E-01 -0.101542E-05  0.395352E-01  0.339819E-02  0.252369E-05
  0.902084E+02  0.528229E-01  0.369276E-03  0.515409E-09 -0.167311E-07  0.000000E+00  0.442749E-01  0.442749E-01  0.442749E-01 -0.100677E-05  0.391980E-01  0.336921E-02  0.249067E-05
  0.906247E+02  0.523732E-01  0.366132E-03  0.506338E-09  0.422870E-08  0.000000E+00  0.438980E-01  0.438980E-01  0.438980E-01 -0.998196E-06  0.388642E-01  0.334052E-02  0.245811E-05
  0.910430E+02  0.519274E-01  0.363015E-03  0.497426E-09  0.266130E-07  0.000000E+00  0.435243E-01  0.435243E-01  0.435243E-01 -0.989698E-06  0.385332E-01  0.331207E-02  0.242598E-05
  0.914633E+02  0.514853E-01  0.359923E-03  0.488671E-09  0.236829E-07  0.000000E+00  0.431537E-01  0.431537E-01  0.431537E-01 -0.981271E-06  0.382050E-01  0.328386E-02  0.239427E-05
  0.918855E+02  0.510469E-01  0.356859E-03  0.480069E-09  0.168375E-07  0.000000E+00  0.427863E-01  0.427863E-01  0.427863E-01 -0.972917E-06  0.378796E-01  0.325589E-02  0.236297E-05
  0.923096E+02  0.506124E-01  0.353821E-03  0.471620E-09  0.171767E-07  0.000000E+00  0.424221E-01  0.424221E-01  0.424221E-01 -0.964635E-06  0.375571E-01  0.322817E-02  0.233208E-05
  0.927357E+02  0.501813E-01  0.350807E-03  0.463317E-09  0.236307E-07  0.000000E+00  0.420608E-01  0.420608E-01  0.420608E-01 -0.956418E-06  0.372371E-01  0.320066E-02  0.230159E-05
  0.931637E+02  0.497540E-01  0.347819E-03  0.455162E-09  0.246437E-07  0.000000E+00  0.417026E-01  0.417026E-01  0.417026E-01 -0.948274E-06  0.369199E-01  0.317340E-02  0.227150E-05
  0.935937E+02  0.493317E-01  0.344869E-03  0.447166E-09  0.143703E-08  0.000000E+00  0.413487E-01  0.413487E-01  0.413487E-01 -0.940234E-06  0.366067E-01  0.314649E-02  0.224189E-05
  0.940257E+02  0.489116E-01  0.341932E-03  0.439295E-09  0.444187E-09  0.000000E+00  0.409965E-01  0.409965E-01  0.409965E-01 -0.932227E-06  0.362949E-01  0.311968E-02  0.221257E-05
  0.944597E+02  0.484952E-01  0.339021E-03  0.431563E-09  0.130181E-07  0.000000E+00  0.406475E-01  0.406475E-01  0.406475E-01 -0.924291E-06  0.359858E-01  0.309312E-02  0.218365E-05
  0.948957E+02  0.480821E-01  0.336133E-03  0.423966E-09  0.952502E-09  0.000000E+00  0.403013E-01  0.403013E-01  0.403013E-01 -0.916418E-06  0.356792E-01  0.306676E-02  0.215510E-05
  0.953338E+02  0.476726E-01  0.333269E-03  0.416501E-09  0.137373E-07  0.000000E+00  0.399580E-01  0.399580E-01  0.399580E-01 -0.908612E-06  0.353752E-01  0.304063E-02  0.212692E-05
  0.957738E+02  0.472663E-01  0.330428E-03  0.409167E-09 -0.459178E-08  0.000000E+00  0.396175E-01  0.396175E-01  0.396175E-01 -0.900868E-06  0.350736E-01  0.301470E-02  0.209910E-05
  0.962159E+02  0.468637E-01  0.327613E-03  0.401963E-09  0.907471E-08  0.000000E+00  0.392800E-01  0.392800E-01  0.392800E-01 -0.893193E-06  0.347747E-01  0.298901E-02  0.207165E-05
  0.966600E+02  0.464648E-01  0.324825E-03  0.394889E-09  0.257552E-07  0.000000E+00  0.389457E-01  0.389457E-01  0.389457E-01 -0.885593E-06  0.344787E-01  0.296357E-02  0.204458E-05
  0.971062E+02  0.460687E-01  0.322055E-03  0.387934E-09  0.309822E-08  0.000000E+00  0.386137E-01  0.386137E-01  0.386137E-01 -0.878042E-06  0.341846E-01  0.293829E-02  0.201782E-05
  0.975544E+02  0.456764E-01  0.319312E-03  0.381105E-09 -0.866811E-08  0.000000E+00  0.382849E-01  0.382849E-01  0.382849E-01 -0.870565E-06  0.338934E-01  0.291326E-02  0.199144E-05
  0.980047E+02  0.452872E-01  0.316591E-03  0.374395E-09 -0.685036E-08  0.000000E+00  0.379587E-01  0.379587E-01  0.379587E-01 -0.863148E-06  0.336046E-01  0.288843E-02  0.196540E-05
  0.984570E+02  0.449013E-01  0.313893E-03  0.367802E-09 -0.583071E-08  0.000000E+00  0.376352E-01  0.376352E-01  0.376352E-01 -0.855793E-06  0.333181E-01  0.286381E-02  0.193969E-05
  0.989115E+02  0.445188E-01  0.311219E-03  0.361327E-09 -0.365084E-08  0.000000E+00  0.373146E-01  0.373146E-01  0.373146E-01 -0.848503E-06  0.330342E-01  0.283941E-02  0.191433E-05
  0.993680E+02  0.441395E-01  0.308567E-03  0.354965E-09  0.105556E-07  0.000000E+00  0.369967E-01  0.369967E-01  0.369967E-01 -0.841274E-06  0.327527E-01  0.281521E-02  0.188929E-05
  0.998267E+02  0.437634E-01  0.305937E-03  0.348714E-09  0.133100E-07  0.000000E+00  0.366814E-01  0.366814E-01  0.366814E-01 -0.834105E-06  0.324735E-01  0.279121E-02  0.186458E-05
  0.100287E+03  0.433904E-01  0.303329E-03  0.342573E-09 -0.323648E-08  0.000000E+00  0.363688E-01  0.363688E-01  0.363688E-01 -0.826997E-06  0.321967E-01  0.276741E-02  0.184019E-05
  0.100750E+03  0.430204E-01  0.300742E-03  0.336538E-09 -0.120446E-09  0.000000E+00  0.360587E-01  0.360587E-01  0.360587E-01 -0.819943E-06  0.319219E-01  0.274380E-02  0.181611E-05
  0.101215E+03  0.426537E-01  0.298178E-03  0.330611E-09  0.180107E-07  0.000000E+00  0.357513E-01  0.357513E-01  0.357513E-01 -0.812954E-06  0.316498E-01  0.272040E-02  0.179235E-05
  0.101683E+03  0.422899E-01  0.295634E-03  0.324787E-09 -0.143696E-08  0.000000E+00  0.354464E-01  0.354464E-01  0.354464E-01 -0.806019E-06  0.313797E-01  0.269719E-02  0.176889E-05
  0.102152E+03  0.419296E-01  0.293114E-03  0.319067E-09  0.511967E-08  0.000000E+00  0.351444E-01  0.351444E-01  0.351444E-01 -0.799151E-06  0.311122E-01  0.267419E-02  0.174576E-05
  0.102623E+03  0.415721E-01  0.290615E-03  0.313448E-09  0.101246E-07  0.000000E+00  0.348448E-01  0.348448E-01  0.348448E-01 -0.792338E-06  0.308469E-01  0.265139E-02  0.172292E-05
  0.103097E+03  0.412178E-01  0.288138E-03  0.307928E-09  0.110859E-07  0.000000E+00  0.345478E-01  0.345478E-01  0.345478E-01 -0.785585E-06  0.305839E-01  0.262878E-02  0.170038E-05
  0.103573E+03  0.408654E-01  0.285671E-03  0.302494E-09 -0.343899E-08  0.000000E+00  0.342524E-01  0.342524E-01  0.342524E-01 -0.778862E-06  0.303221E-01  0.260627E-02  0.167808E-05
  0.104051E+03  0.405170E-01  0.283235E-03  0.297166E-09 -0.784058E-08  0.000000E+00  0.339603E-01  0.339603E-01  0.339603E-01 -0.772221E-06  0.300635E-01  0.258404E-02  0.165612E-05
  0.104531E+03  0.401719E-01  0.280823E-03  0.291935E-09 -0.563127E-08  0.000000E+00  0.336711E-01  0.336711E-01  0.336711E-01 -0.765646E-06  0.298074E-01  0.256203E-02  0.163447E-05
  0.105014E+03  0.398294E-01  0.278428E-03  0.286793E-09 -0.235382E-08  0.000000E+00  0.333840E-01  0.333840E-01  0.333840E-01 -0.759118E-06  0.295532E-01  0.254018E-02  0.161308E-05
  0.105499E+03  0.394896E-01  0.276052E-03  0.281740E-09  0.119570E-07  0.000000E+00  0.330992E-01  0.330992E-01  0.330992E-01 -0.752641E-06  0.293010E-01  0.251850E-02  0.159197E-05
  0.105986E+03  0.391526E-01  0.273696E-03  0.276775E-09  0.143450E-07  0.000000E+00  0.328168E-01  0.328168E-01  0.328168E-01 -0.746218E-06  0.290508E-01  0.249699E-02  0.157113E-05
  0.106475E+03  0.388188E-01  0.271361E-03  0.271899E-09 -0.153506E-09  0.000000E+00  0.325370E-01  0.325370E-01  0.325370E-01 -0.739854E-06  0.288030E-01  0.247569E-02  0.155057E-05
  0.106966E+03  0.384888E-01  0.269056E-03  0.267120E-09 -0.690243E-09  0.000000E+00  0.322604E-01  0.322604E-01  0.322604E-01 -0.733572E-06  0.285583E-01  0.245466E-02  0.153033E-05
  0.107460E+03  0.381605E-01  0.266761E-03  0.262414E-09  0.524274E-08  0.000000E+00  0.319852E-01  0.319852E-01  0.319852E-01 -0.727315E-06  0.283147E-01  0.243371E-02  0.151030E-05
  0.107956E+03  0.378351E-01  0.264486E-03  0.257791E-09  0.854227E-08  0.000000E+00  0.317125E-01  0.317125E-01  0.317125E-01 -0.721112E-06  0.280731E-01  0.241295E-02  0.149054E-05
  0.108454E+03  0.375124E-01  0.262230E-03  0.253249E-09 -0.857644E-08  0.000000E+00  0.314420E-01  0.314420E-01  0.314420E-01 -0.714962E-06  0.278336E-01  0.239236E-02  0.147103E-05
  0.108955E+03  0.371924E-01  0.259992E-03  0.248788E-09  0.143330E-07  0.000000E+00  0.311738E-01  0.311738E-01  0.311738E-01 -0.708864E-06  0.275961E-01  0.237195E-02  0.145178E-05
  0.109458E+03  0.368751E-01  0.257773E-03  0.244404E-09  0.677740E-08  0.000000E+00  0.309078E-01  0.309078E-01  0.309078E-01 -0.702815E-06  0.273606E-01  0.235170E-02  0.143278E-05
  0.109963E+03  0.365605E-01  0.255574E-03  0.240098E-09  0.862215E-08  0.000000E+00  0.306442E-01  0.306442E-01  0.306442E-01 -0.696820E-06  0.271271E-01  0.233163E-02  0.141402E-05
  0.110471E+03  0.362491E-01  0.253397E-03  0.235871E-09  0.115620E-07  0.000000E+00  0.303831E-01  0.303831E-01  0.303831E-01 -0.690886E-06  0.268960E-01  0.231176E-02  0.139554E-05
  0.110981E+03  0.359398E-01  0.251235E-03  0.231715E-09  0.672866E-08  0.000000E+00  0.301239E-01  0.301239E-01  0.301239E-01 -0.684991E-06  0.266665E-01  0.229203E-02  0.137727E-05
  0.111493E+03  0.356332E-01  0.249091E-03  0.227632E-09  0.948659E-08  0.000000E+00  0.298669E-01  0.298669E-01  0.298669E-01 -0.679146E-06  0.264389E-01  0.227247E-02  0.135924E-05
  0.112007E+03  0.353291E-01  0.246964E-03  0.223621E-09  0.210919E-08  0.000000E+00  0.296120E-01  0.296120E-01  0.296120E-01 -0.673351E-06  0.262132E-01  0.225306E-02  0.134145E-05
  0.112524E+03  0.350277E-01  0.244857E-03  0.219681E-09 -0.636044E-08  0.000000E+00  0.293593E-01  0.293593E-01  0.293593E-01 -0.667605E-06  0.259895E-01  0.223383E-02  0.132389E-05
  0.113044E+03  0.347288E-01  0.242767E-03  0.215809E-09  0.801750E-08  0.000000E+00  0.291088E-01  0.291088E-01  0.291088E-01 -0.661908E-06  0.257676E-01  0.221476E-02  0.130655E-05
  0.113566E+03  0.344324E-01  0.240695E-03  0.212006E-09  0.672667E-09  0.000000E+00  0.288604E-01  0.288604E-01  0.288604E-01 -0.656260E-06  0.255476E-01  0.219585E-02  0.128945E-05
  0.114090E+03  0.341386E-01  0.238640E-03  0.208271E-09  0.112795E-07  0.000000E+00  0.286142E-01  0.286142E-01  0.286142E-01 -0.650660E-06  0.253296E-01  0.217710E-02  0.127257E-05
  0.114616E+03  0.338474E-01  0.236605E-03  0.204602E-09 -0.860709E-08  0.000000E+00  0.283701E-01  0.283701E-01  0.283701E-01 -0.645111E-06  0.251135E-01  0.215853E-02  0.125592E-05
  0.115145E+03  0.335585E-01  0.234585E-03  0.200996E-09  0.457672E-08  0.000000E+00  0.281279E-01  0.281279E-01  0.281279E-01 -0.639604E-06  0.248991E-01  0.214009E-02  0.123947E-05
  0.115677E+03  0.332720E-01  0.232581E-03  0.197453E-09  0.836048E-08  0.000000E+00  0.278878E-01  0.278878E-01  0.278878E-01 -0.634143E-06  0.246864E-01  0.212181E-02  0.122324E-05
  0.116211E+03  0.329881E-01  0.230596E-03  0.193973E-09  0.154383E-07  0.000000E+00  0.276498E-01  0.276498E-01  0.276498E-01 -0.628731E-06  0.244757E-01  0.210369E-02  0.120723E-05
  0.116747E+03  0.327065E-01  0.228627E-03  0.190555E-09  0.747100E-08  0.000000E+00  0.274138E-01  0.274138E-01  0.274138E-01 -0.623365E-06  0.242667E-01  0.208573E-02  0.119142E-05
  0.117286E+03  0.324271E-01  0.226673E-03  0.187195E-09  0.876171E-08  0.000000E+00  0.271796E-01  0.271796E-01  0.271796E-01 -0.618038E-06  0.240593E-01  0.206789E-02  0.117581E-05
  0.117828E+03  0.321506E-01  0.224741E-03  0.183898E-09  0.399321E-08  0.000000E+00  0.269479E-01  0.269479E-01  0.269479E-01 -0.612772E-06  0.238542E-01  0.205027E-02  0.116043E-05
  0.118371E+03  0.318757E-01  0.222818E-03  0.180654E-09 -0.160568E-08  0.000000E+00  0.267175E-01  0.267175E-01  0.267175E-01 -0.607530E-06  0.236501E-01  0.203272E-02  0.114521E-05
  0.118918E+03  0.316036E-01  0.220915E-03  0.177470E-09  0.909658E-08  0.000000E+00  0.264894E-01  0.264894E-01  0.264894E-01 -0.602344E-06  0.234481E-01  0.201536E-02  0.113022E-05
  0.119467E+03  0.313357E-01  0.219045E-03  0.174355E-09  0.515488E-08  0.000000E+00  0.262648E-01  0.262648E-01  0.262648E-01 -0.597246E-06  0.232496E-01  0.199829E-02  0.111550E-05
  0.120018E+03  0.310681E-01  0.217175E-03  0.171282E-09  0.236471E-08  0.000000E+00  0.260406E-01  0.260406E-01  0.260406E-01 -0.592147E-06  0.230511E-01  0.198122E-02  0.110089E-05
  0.120572E+03  0.308028E-01  0.215320E-03  0.168262E-09 -0.202285E-08  0.000000E+00  0.258182E-01  0.258182E-01  0.258182E-01 -0.587090E-06  0.228541E-01  0.196429E-02  0.108647E-05
  0.121129E+03  0.305398E-01  0.213481E-03  0.165296E-09  0.128760E-07  0.000000E+00  0.255978E-01  0.255978E-01  0.255978E-01 -0.582077E-06  0.226590E-01  0.194751E-02  0.107225E-05
  0.121688E+03  0.302790E-01  0.211657E-03  0.162383E-09  0.445642E-08  0.000000E+00  0.253792E-01  0.253792E-01  0.253792E-01 -0.577107E-06  0.224654E-01  0.193087E-02  0.105820E-05
  0.122249E+03  0.300203E-01  0.209848E-03  0.159519E-09  0.498201E-08  0.000000E+00  0.251623E-01  0.251623E-01  0.251623E-01 -0.572175E-06  0.222734E-01  0.191436E-02  0.104434E-05
  0.122814E+03  0.297639E-01  0.208055E-03  0.156707E-09  0.132972E-09  0.000000E+00  0.249474E-01  0.249474E-01  0.249474E-01 -0.567288E-06  0.220831E-01  0.189800E-02  0.103066E-05
  0.123381E+03  0.295097E-01  0.206278E-03  0.153944E-09  0.576901E-08  0.000000E+00  0.247343E-01  0.247343E-01  0.247343E-01 -0.562443E-06  0.218944E-01  0.188178E-02  0.101716E-05
  0.123950E+03  0.292577E-01  0.204515E-03  0.151230E-09  0.101966E-07  0.000000E+00  0.245231E-01  0.245231E-01  0.245231E-01 -0.557638E-06  0.217073E-01  0.186570E-02  0.100383E-05
  0.124522E+03  0.290078E-01  0.202768E-03  0.148564E-09  0.588702E-08  0.000000E+00  0.243136E-01  0.243136E-01  0.243136E-01 -0.552876E-06  0.215219E-01  0.184975E-02  0.990683E-06
  0.125097E+03  0.287599E-01  0.201034E-03  0.145944E-09 -0.272993E-08  0.000000E+00  0.241059E-01  0.241059E-01  0.241059E-01 -0.548151E-06  0.213379E-01  0.183394E-02  0.977703E-06
  0.125674E+03  0.285143E-01  0.199317E-03  0.143371E-09  0.876059E-08  0.000000E+00  0.239000E-01  0.239000E-01  0.239000E-01 -0.543469E-06  0.211556E-01  0.181826E-02  0.964895E-06
  0.126254E+03  0.282707E-01  0.197614E-03  0.140843E-09 -0.822879E-09  0.000000E+00  0.236958E-01  0.236958E-01  0.236958E-01 -0.538827E-06  0.209748E-01  0.180272E-02  0.952256E-06
  0.126837E+03  0.280292E-01  0.195925E-03  0.138360E-09  0.972710E-08  0.000000E+00  0.234934E-01  0.234934E-01  0.234934E-01 -0.534224E-06  0.207956E-01  0.178731E-02  0.939781E-06
  0.127423E+03  0.277898E-01  0.194251E-03  0.135921E-09  0.565169E-08  0.000000E+00  0.232927E-01  0.232927E-01  0.232927E-01 -0.529660E-06  0.206179E-01  0.177204E-02  0.927470E-06
  0.128011E+03  0.275524E-01  0.192591E-03  0.133524E-09 -0.660004E-09  0.000000E+00  0.230937E-01  0.230937E-01  0.230937E-01 -0.525135E-06  0.204417E-01  0.175689E-02  0.915319E-06
  0.128602E+03  0.273169E-01  0.190945E-03  0.131170E-09  0.110153E-08  0.000000E+00  0.228964E-01  0.228964E-01  0.228964E-01 -0.520648E-06  0.202670E-01  0.174187E-02  0.903326E-06
  0.129195E+03  0.270835E-01  0.189313E-03  0.128857E-09 -0.254879E-08  0.000000E+00  0.227008E-01  0.227008E-01  0.227008E-01 -0.516200E-06  0.200937E-01  0.172697E-02  0.891491E-06
  0.129792E+03  0.268509E-01  0.187683E-03  0.126577E-09  0.330455E-09  0.000000E+00  0.225057E-01  0.225057E-01  0.225057E-01 -0.511758E-06  0.199208E-01  0.171211E-02  0.879758E-06
  0.130391E+03  0.266214E-01  0.186079E-03  0.124344E-09  0.102029E-07  0.000000E+00  0.223134E-01  0.223134E-01  0.223134E-01 -0.507384E-06  0.197505E-01  0.169746E-02  0.868229E-06
  0.130993E+03  0.263939E-01  0.184488E-03  0.122152E-09  0.521602E-08  0.000000E+00  0.221227E-01  0.221227E-01  0.221227E-01 -0.503048E-06  0.195817E-01  0.168295E-02  0.856852E-06
  0.131597E+03  0.261683E-01  0.182911E-03  0.119997E-09  0.113073E-08  0.000000E+00  0.219337E-01  0.219337E-01  0.219337E-01 -0.498749E-06  0.194143E-01  0.166855E-02  0.845624E-06
  0.132205E+03  0.259447E-01  0.181347E-03  0.117881E-09  0.673056E-08  0.000000E+00  0.217462E-01  0.217462E-01  0.217462E-01 -0.494486E-06  0.192483E-01  0.165428E-02  0.834542E-06
  0.132815E+03  0.257229E-01  0.179796E-03  0.115802E-09  0.423290E-08  0.000000E+00  0.215603E-01  0.215603E-01  0.215603E-01 -0.490260E-06  0.190837E-01  0.164014E-02  0.823607E-06
  0.133428E+03  0.255031E-01  0.178259E-03  0.113760E-09 -0.854797E-09  0.000000E+00  0.213761E-01  0.213761E-01  0.213761E-01 -0.486070E-06  0.189206E-01  0.162611E-02  0.812814E-06
  0.134044E+03  0.252851E-01  0.176735E-03  0.111754E-09  0.160770E-08  0.000000E+00  0.211934E-01  0.211934E-01  0.211934E-01 -0.481915E-06  0.187588E-01  0.161220E-02  0.802162E-06
  0.134663E+03  0.250689E-01  0.175224E-03  0.109783E-09  0.390882E-08  0.000000E+00  0.210122E-01  0.210122E-01  0.210122E-01 -0.477795E-06  0.185984E-01  0.159841E-02  0.791649E-06
  0.135284E+03  0.248546E-01  0.173725E-03  0.107846E-09  0.539591E-08  0.000000E+00  0.208326E-01  0.208326E-01  0.208326E-01 -0.473710E-06  0.184393E-01  0.158473E-02  0.781273E-06
  0.135909E+03  0.246422E-01  0.172240E-03  0.105944E-09  0.316917E-08  0.000000E+00  0.206545E-01  0.206545E-01  0.206545E-01 -0.469661E-06  0.182817E-01  0.157118E-02  0.771034E-06
  0.136536E+03  0.244315E-01  0.170767E-03  0.104075E-09 -0.414118E-08  0.000000E+00  0.204779E-01  0.204779E-01  0.204779E-01 -0.465646E-06  0.181253E-01  0.155774E-02  0.760928E-06
  0.137166E+03  0.242226E-01  0.169306E-03  0.102240E-09  0.317855E-08  0.000000E+00  0.203028E-01  0.203028E-01  0.203028E-01 -0.461665E-06  0.179703E-01  0.154441E-02  0.750955E-06
  0.137799E+03  0.240156E-01  0.167858E-03  0.100436E-09  0.540793E-08  0.000000E+00  0.201293E-01  0.201293E-01  0.201293E-01 -0.457718E-06  0.178167E-01  0.153120E-02  0.741112E-06
  0.138435E+03  0.238102E-01  0.166422E-03  0.986644E-10  0.393394E-08  0.000000E+00  0.199571E-01  0.199571E-01  0.199571E-01 -0.453804E-06  0.176642E-01  0.151809E-02  0.731397E-06
  0.139074E+03  0.236066E-01  0.164998E-03  0.969240E-10  0.191062E-08  0.000000E+00  0.197865E-01  0.197865E-01  0.197865E-01 -0.449924E-06  0.175132E-01  0.150510E-02  0.721810E-06
  0.139716E+03  0.234047E-01  0.163586E-03  0.952138E-10  0.569504E-08  0.000000E+00  0.196172E-01  0.196172E-01  0.196172E-01 -0.446075E-06  0.173633E-01  0.149222E-02  0.712345E-06
  0.140361E+03  0.232045E-01  0.162187E-03  0.935340E-10  0.370147E-08  0.000000E+00  0.194495E-01  0.194495E-01  0.194495E-01 -0.442259E-06  0.172147E-01  0.147944E-02  0.703006E-06
  0.141009E+03  0.230061E-01  0.160799E-03  0.918839E-10  0.440945E-08  0.000000E+00  0.192831E-01  0.192831E-01  0.192831E-01 -0.438477E-06  0.170675E-01  0.146678E-02  0.693790E-06
  0.141660E+03  0.228093E-01  0.159424E-03  0.902631E-10  0.385456E-08  0.000000E+00  0.191182E-01  0.191182E-01  0.191182E-01 -0.434728E-06  0.169215E-01  0.145423E-02  0.684696E-06
  0.142314E+03  0.226143E-01  0.158060E-03  0.886706E-10  0.542338E-08  0.000000E+00  0.189547E-01  0.189547E-01  0.189547E-01 -0.431010E-06  0.167767E-01  0.144178E-02  0.675719E-06
  0.142971E+03  0.224208E-01  0.156707E-03  0.871062E-10 -0.110760E-09  0.000000E+00  0.187926E-01  0.187926E-01  0.187926E-01 -0.427323E-06  0.166332E-01  0.142944E-02  0.666860E-06
  0.143631E+03  0.222291E-01  0.155366E-03  0.855694E-10 -0.303834E-09  0.000000E+00  0.186319E-01  0.186319E-01  0.186319E-01 -0.423668E-06  0.164909E-01  0.141720E-02  0.658117E-06
  0.144293E+03  0.220390E-01  0.154037E-03  0.840598E-10  0.633548E-08  0.000000E+00  0.184725E-01  0.184725E-01  0.184725E-01 -0.420045E-06  0.163498E-01  0.140508E-02  0.649490E-06
  0.144960E+03  0.218505E-01  0.152719E-03  0.825768E-10  0.217430E-08  0.000000E+00  0.183145E-01  0.183145E-01  0.183145E-01 -0.416452E-06  0.162099E-01  0.139305E-02  0.640974E-06
  0.145629E+03  0.216636E-01  0.151412E-03  0.811198E-10  0.779400E-09  0.000000E+00  0.181579E-01  0.181579E-01  0.181579E-01 -0.412890E-06  0.160712E-01  0.138112E-02  0.632571E-06
  0.146301E+03  0.214784E-01  0.150118E-03  0.796895E-10  0.593933E-08  0.000000E+00  0.180027E-01  0.180027E-01  0.180027E-01 -0.409363E-06  0.159339E-01  0.136932E-02  0.624284E-06
  0.146976E+03  0.212944E-01  0.148830E-03  0.782818E-10  0.350625E-08  0.000000E+00  0.178484E-01  0.178484E-01  0.178484E-01 -0.405852E-06  0.157972E-01  0.135756E-02  0.616086E-06
  0.147655E+03  0.211122E-01  0.147556E-03  0.769004E-10  0.370710E-08  0.000000E+00  0.176957E-01  0.176957E-01  0.176957E-01 -0.402380E-06  0.156620E-01  0.134594E-02  0.608007E-06
  0.148336E+03  0.209315E-01  0.146293E-03  0.755434E-10  0.390293E-08  0.000000E+00  0.175443E-01  0.175443E-01  0.175443E-01 -0.398937E-06  0.155280E-01  0.133441E-02  0.600034E-06
  0.149021E+03  0.207525E-01  0.145041E-03  0.742105E-10 -0.202233E-08  0.000000E+00  0.173942E-01  0.173942E-01  0.173942E-01 -0.395524E-06  0.153951E-01  0.132299E-02  0.592166E-06
  0.149709E+03  0.205749E-01  0.143799E-03  0.729008E-10  0.880599E-09  0.000000E+00  0.172454E-01  0.172454E-01  0.172454E-01 -0.392140E-06  0.152633E-01  0.131166E-02  0.584400E-06
  0.150400E+03  0.203990E-01  0.142570E-03  0.716150E-10  0.302487E-08  0.000000E+00  0.170979E-01  0.170979E-01  0.170979E-01 -0.388788E-06  0.151328E-01  0.130043E-02  0.576741E-06
  0.151094E+03  0.202243E-01  0.141348E-03  0.703507E-10  0.469752E-08  0.000000E+00  0.169515E-01  0.169515E-01  0.169515E-01 -0.385458E-06  0.150032E-01  0.128929E-02  0.569173E-06
  0.151791E+03  0.200512E-01  0.140138E-03  0.691091E-10 -0.430347E-09  0.000000E+00  0.168064E-01  0.168064E-01  0.168064E-01 -0.382159E-06  0.148747E-01  0.127824E-02  0.561708E-06
  0.152492E+03  0.198796E-01  0.138938E-03  0.678895E-10  0.188162E-08  0.000000E+00  0.166626E-01  0.166626E-01  0.166626E-01 -0.378889E-06  0.147474E-01  0.126730E-02  0.554342E-06
  0.153196E+03  0.197095E-01  0.137749E-03  0.666914E-10  0.308765E-08  0.000000E+00  0.165200E-01  0.165200E-01  0.165200E-01 -0.375646E-06  0.146212E-01  0.125644E-02  0.547072E-06
  0.153903E+03  0.195408E-01  0.136569E-03  0.655144E-10  0.698083E-09  0.000000E+00  0.163787E-01  0.163787E-01  0.163787E-01 -0.372432E-06  0.144960E-01  0.124568E-02  0.539897E-06
  0.154613E+03  0.193736E-01  0.135399E-03  0.643581E-10  0.866374E-09  0.000000E+00  0.162385E-01  0.162385E-01  0.162385E-01 -0.369243E-06  0.143719E-01  0.123501E-02  0.532815E-06
  0.155327E+03  0.192076E-01  0.134239E-03  0.632217E-10 -0.477676E-09  0.000000E+00  0.160994E-01  0.160994E-01  0.160994E-01 -0.366080E-06  0.142487E-01  0.122442E-02  0.525822E-06
  0.156044E+03  0.190432E-01  0.133089E-03  0.621057E-10  0.528250E-08  0.000000E+00  0.159615E-01  0.159615E-01  0.159615E-01 -0.362946E-06  0.141267E-01  0.121392E-02  0.518924E-06
  0.156764E+03  0.188801E-01  0.131948E-03  0.610091E-10 -0.155459E-08  0.000000E+00  0.158248E-01  0.158248E-01  0.158248E-01 -0.359836E-06  0.140056E-01  0.120351E-02  0.512113E-06
  0.157488E+03  0.187185E-01  0.130819E-03  0.599326E-10  0.212694E-08  0.000000E+00  0.156894E-01  0.156894E-01  0.156894E-01 -0.356759E-06  0.138858E-01  0.119321E-02  0.505399E-06
  0.158215E+03  0.185584E-01  0.129699E-03  0.588750E-10  0.243861E-08  0.000000E+00  0.155552E-01  0.155552E-01  0.155552E-01 -0.353706E-06  0.137670E-01  0.118299E-02  0.498772E-06
  0.158945E+03  0.183995E-01  0.128588E-03  0.578358E-10 -0.484181E-09  0.000000E+00  0.154220E-01  0.154220E-01  0.154220E-01 -0.350678E-06  0.136491E-01  0.117285E-02  0.492229E-06
  0.159679E+03  0.182419E-01  0.127487E-03  0.568147E-10  0.807780E-10  0.000000E+00  0.152900E-01  0.152900E-01  0.152900E-01 -0.347675E-06  0.135322E-01  0.116280E-02  0.485770E-06
  0.160416E+03  0.180857E-01  0.126394E-03  0.558116E-10  0.285766E-08  0.000000E+00  0.151590E-01  0.151590E-01  0.151590E-01 -0.344697E-06  0.134162E-01  0.115283E-02  0.479396E-06
  0.161156E+03  0.179308E-01  0.125311E-03  0.548263E-10  0.255094E-08  0.000000E+00  0.150292E-01  0.150292E-01  0.150292E-01 -0.341745E-06  0.133013E-01  0.114295E-02  0.473106E-06
  0.161900E+03  0.177773E-01  0.124237E-03  0.538583E-10  0.136989E-08  0.000000E+00  0.149005E-01  0.149005E-01  0.149005E-01 -0.338818E-06  0.131873E-01  0.113315E-02  0.466898E-06
  0.162647E+03  0.176250E-01  0.123173E-03  0.529073E-10  0.718419E-09  0.000000E+00  0.147729E-01  0.147729E-01  0.147729E-01 -0.335916E-06  0.130743E-01  0.112343E-02  0.460771E-06
  0.163398E+03  0.174741E-01  0.122117E-03  0.519733E-10 -0.100524E-09  0.000000E+00  0.146464E-01  0.146464E-01  0.146464E-01 -0.333039E-06  0.129624E-01  0.111380E-02  0.454725E-06
  0.164152E+03  0.173245E-01  0.121072E-03  0.510561E-10  0.392937E-08  0.000000E+00  0.145210E-01  0.145210E-01  0.145210E-01 -0.330190E-06  0.128514E-01  0.110426E-02  0.448762E-06
  0.164910E+03  0.171760E-01  0.120032E-03  0.501539E-10  0.407755E-08  0.000000E+00  0.143965E-01  0.143965E-01  0.143965E-01 -0.327357E-06  0.127411E-01  0.109478E-02  0.442867E-06
  0.165671E+03  0.170283E-01  0.118999E-03  0.492665E-10  0.333937E-08  0.000000E+00  0.142727E-01  0.142727E-01  0.142727E-01 -0.324541E-06  0.126315E-01  0.108535E-02  0.437039E-06
  0.166436E+03  0.168825E-01  0.117979E-03  0.483967E-10  0.259979E-08  0.000000E+00  0.141505E-01  0.141505E-01  0.141505E-01 -0.321761E-06  0.125233E-01  0.107604E-02  0.431304E-06
  0.167204E+03  0.167379E-01  0.116968E-03  0.475421E-10  0.171527E-08  0.000000E+00  0.140293E-01  0.140293E-01  0.140293E-01 -0.319005E-06  0.124160E-01  0.106682E-02  0.425645E-06
  0.167976E+03  0.165945E-01  0.115966E-03  0.467027E-10  0.612007E-09  0.000000E+00  0.139091E-01  0.139091E-01  0.139091E-01 -0.316272E-06  0.123096E-01  0.105767E-02  0.420059E-06
  0.168751E+03  0.164526E-01  0.114974E-03  0.458789E-10  0.150312E-08  0.000000E+00  0.137902E-01  0.137902E-01  0.137902E-01 -0.313568E-06  0.122043E-01  0.104862E-02  0.414554E-06
  0.169530E+03  0.163120E-01  0.113991E-03  0.450699E-10 -0.329692E-09  0.000000E+00  0.136723E-01  0.136723E-01  0.136723E-01 -0.310890E-06  0.121000E-01  0.103965E-02  0.409124E-06
  0.170313E+03  0.161713E-01  0.113006E-03  0.442709E-10  0.322121E-08  0.000000E+00  0.135544E-01  0.135544E-01  0.135544E-01 -0.308205E-06  0.119955E-01  0.103066E-02  0.403726E-06
  0.171099E+03  0.160328E-01  0.112037E-03  0.434891E-10  0.355728E-08  0.000000E+00  0.134383E-01  0.134383E-01  0.134383E-01 -0.305564E-06  0.118927E-01  0.102182E-02  0.398427E-06
  0.171888E+03  0.158954E-01  0.111077E-03  0.427211E-10  0.338130E-08  0.000000E+00  0.133232E-01  0.133232E-01  0.133232E-01 -0.302946E-06  0.117908E-01  0.101306E-02  0.393198E-06
  0.172682E+03  0.157592E-01  0.110124E-03  0.419666E-10  0.400563E-08  0.000000E+00  0.132090E-01  0.132090E-01  0.132090E-01 -0.300350E-06  0.116897E-01  0.100437E-02  0.388037E-06
  0.173479E+03  0.156242E-01  0.109180E-03  0.412254E-10  0.144592E-08  0.000000E+00  0.130958E-01  0.130958E-01  0.130958E-01 -0.297776E-06  0.115895E-01  0.995748E-03  0.382943E-06
  0.174280E+03  0.154903E-01  0.108244E-03  0.404973E-10 -0.146148E-08  0.000000E+00  0.129836E-01  0.129836E-01  0.129836E-01 -0.295224E-06  0.114901E-01  0.987204E-03  0.377916E-06
  0.175084E+03  0.153575E-01  0.107315E-03  0.397821E-10  0.378912E-08  0.000000E+00  0.128723E-01  0.128723E-01  0.128723E-01 -0.292694E-06  0.113917E-01  0.978734E-03  0.372955E-06
  0.175892E+03  0.152259E-01  0.106395E-03  0.390795E-10  0.284363E-09  0.000000E+00  0.127620E-01  0.127620E-01  0.127620E-01 -0.290186E-06  0.112940E-01  0.970337E-03  0.368059E-06
  0.176704E+03  0.150954E-01  0.105483E-03  0.383893E-10 -0.150751E-08  0.000000E+00  0.126526E-01  0.126526E-01  0.126526E-01 -0.287699E-06  0.111972E-01  0.962012E-03  0.363228E-06
  0.177520E+03  0.149661E-01  0.104578E-03  0.377112E-10 -0.118353E-09  0.000000E+00  0.125442E-01  0.125442E-01  0.125442E-01 -0.285233E-06  0.111012E-01  0.953757E-03  0.358460E-06
  0.178339E+03  0.148378E-01  0.103681E-03  0.370452E-10  0.144875E-09  0.000000E+00  0.124367E-01  0.124367E-01  0.124367E-01 -0.282789E-06  0.110060E-01  0.945573E-03  0.353754E-06
  0.179162E+03  0.147116E-01  0.102801E-03  0.363940E-10 -0.101969E-08  0.000000E+00  0.123309E-01  0.123309E-01  0.123309E-01 -0.280389E-06  0.109126E-01  0.937539E-03  0.349140E-06
  0.179989E+03  0.145852E-01  0.101916E-03  0.357502E-10 -0.385177E-10  0.000000E+00  0.122250E-01  0.122250E-01  0.122250E-01 -0.277979E-06  0.108188E-01  0.929469E-03  0.344548E-06
  0.180820E+03  0.144602E-01  0.101042E-03  0.351188E-10  0.328422E-08  0.000000E+00  0.121202E-01  0.121202E-01  0.121202E-01 -0.275596E-06  0.107260E-01  0.921493E-03  0.340025E-06
  0.181655E+03  0.143365E-01  0.100177E-03  0.344991E-10 -0.588042E-09  0.000000E+00  0.120165E-01  0.120165E-01  0.120165E-01 -0.273239E-06  0.106342E-01  0.913601E-03  0.335567E-06
  0.182493E+03  0.142129E-01  0.993118E-04  0.338875E-10  0.299847E-09  0.000000E+00  0.119129E-01  0.119129E-01  0.119129E-01 -0.270879E-06  0.105424E-01  0.905702E-03  0.331140E-06
  0.183336E+03  0.140910E-01  0.984595E-04  0.332888E-10  0.255387E-08  0.000000E+00  0.118107E-01  0.118107E-01  0.118107E-01 -0.268556E-06  0.104520E-01  0.897924E-03  0.326791E-06
  0.184182E+03  0.139704E-01  0.976162E-04  0.327012E-10  0.279700E-08  0.000000E+00  0.117096E-01  0.117096E-01  0.117096E-01 -0.266258E-06  0.103625E-01  0.890229E-03  0.322505E-06
  0.185032E+03  0.138505E-01  0.967778E-04  0.321232E-10  0.191175E-08  0.000000E+00  0.116091E-01  0.116091E-01  0.116091E-01 -0.263972E-06  0.102735E-01  0.882578E-03  0.318268E-06
  0.185886E+03  0.137314E-01  0.959441E-04  0.315546E-10  0.119482E-10  0.000000E+00  0.115093E-01  0.115093E-01  0.115093E-01 -0.261700E-06  0.101851E-01  0.874971E-03  0.314078E-06
  0.186744E+03  0.136136E-01  0.951207E-04  0.309971E-10  0.141133E-08  0.000000E+00  0.114106E-01  0.114106E-01  0.114106E-01 -0.259456E-06  0.100977E-01  0.867458E-03  0.309954E-06
  0.187606E+03  0.134969E-01  0.943047E-04  0.304496E-10 -0.243793E-11  0.000000E+00  0.113128E-01  0.113128E-01  0.113128E-01 -0.257232E-06  0.100111E-01  0.860012E-03  0.305884E-06
  0.188472E+03  0.133812E-01  0.934955E-04  0.299116E-10  0.303359E-08  0.000000E+00  0.112158E-01  0.112158E-01  0.112158E-01 -0.255026E-06  0.992524E-02  0.852628E-03  0.301868E-06
  0.189342E+03  0.132680E-01  0.927070E-04  0.293875E-10  0.138916E-08  0.000000E+00  0.111209E-01  0.111209E-01  0.111209E-01 -0.252877E-06  0.984157E-02  0.845432E-03  0.297948E-06
  0.190216E+03  0.131542E-01  0.919113E-04  0.288683E-10 -0.155976E-09  0.000000E+00  0.110255E-01  0.110255E-01  0.110255E-01 -0.250708E-06  0.975714E-02  0.838171E-03  0.294035E-06
  0.191094E+03  0.130398E-01  0.911083E-04  0.283538E-10  0.204843E-09  0.000000E+00  0.109297E-01  0.109297E-01  0.109297E-01 -0.248520E-06  0.967195E-02  0.830845E-03  0.290129E-06
  0.191976E+03  0.129280E-01  0.903262E-04  0.278528E-10  0.176268E-08  0.000000E+00  0.108359E-01  0.108359E-01  0.108359E-01 -0.246388E-06  0.958897E-02  0.823708E-03  0.286318E-06
  0.192862E+03  0.128171E-01  0.895507E-04  0.273606E-10 -0.268962E-10  0.000000E+00  0.107429E-01  0.107429E-01  0.107429E-01 -0.244274E-06  0.950668E-02  0.816631E-03  0.282557E-06
  0.193752E+03  0.127071E-01  0.887817E-04  0.268770E-10  0.225126E-08  0.000000E+00  0.106508E-01  0.106508E-01  0.106508E-01 -0.242178E-06  0.942509E-02  0.809614E-03  0.278845E-06
  0.194647E+03  0.125981E-01  0.880193E-04  0.264020E-10 -0.123848E-08  0.000000E+00  0.105594E-01  0.105594E-01  0.105594E-01 -0.240100E-06  0.934419E-02  0.802657E-03  0.275182E-06
  0.195545E+03  0.124900E-01  0.872636E-04  0.259354E-10  0.567136E-09  0.000000E+00  0.104688E-01  0.104688E-01  0.104688E-01 -0.238040E-06  0.926400E-02  0.795761E-03  0.271567E-06
  0.196448E+03  0.123828E-01  0.865142E-04  0.254771E-10  0.886987E-09  0.000000E+00  0.103790E-01  0.103790E-01  0.103790E-01 -0.235998E-06  0.918449E-02  0.788923E-03  0.268000E-06
  0.197354E+03  0.122766E-01  0.857713E-04  0.250268E-10 -0.619466E-09  0.000000E+00  0.102899E-01  0.102899E-01  0.102899E-01 -0.233973E-06  0.910567E-02  0.782144E-03  0.264479E-06
  0.198265E+03  0.121713E-01  0.850349E-04  0.245846E-10 -0.127136E-09  0.000000E+00  0.102017E-01  0.102017E-01  0.102017E-01 -0.231966E-06  0.902754E-02  0.775425E-03  0.261005E-06
  0.199180E+03  0.120669E-01  0.843049E-04  0.241501E-10  0.246694E-08  0.000000E+00  0.101142E-01  0.101142E-01  0.101142E-01 -0.229976E-06  0.895008E-02  0.768763E-03  0.257577E-06
  0.200100E+03  0.119634E-01  0.835809E-04  0.237233E-10  0.280541E-09  0.000000E+00  0.100274E-01  0.100274E-01  0.100274E-01 -0.228003E-06  0.887327E-02  0.762157E-03  0.254193E-06
  0.201023E+03  0.118607E-01  0.828627E-04  0.233039E-10  0.195469E-09  0.000000E+00  0.994131E-02  0.994131E-02  0.994131E-02 -0.226045E-06  0.879706E-02  0.755603E-03  0.250853E-06
  0.201951E+03  0.117590E-01  0.821519E-04  0.228923E-10  0.179128E-08  0.000000E+00  0.985609E-02  0.985609E-02  0.985609E-02 -0.224108E-06  0.872165E-02  0.749117E-03  0.247560E-06
  0.202884E+03  0.116581E-01  0.814464E-04  0.224877E-10  0.176278E-08  0.000000E+00  0.977152E-02  0.977152E-02  0.977152E-02 -0.222185E-06  0.864679E-02  0.742679E-03  0.244308E-06
  0.203820E+03  0.115580E-01  0.807469E-04  0.220902E-10  0.137661E-09  0.000000E+00  0.968767E-02  0.968767E-02  0.968767E-02 -0.220278E-06  0.857258E-02  0.736296E-03  0.241098E-06
  0.204761E+03  0.114588E-01  0.800530E-04  0.216997E-10 -0.430264E-09  0.000000E+00  0.960451E-02  0.960451E-02  0.960451E-02 -0.218387E-06  0.849895E-02  0.729964E-03  0.237930E-06
  0.205706E+03  0.113605E-01  0.793658E-04  0.213162E-10  0.206827E-08  0.000000E+00  0.952212E-02  0.952212E-02  0.952212E-02 -0.216514E-06  0.842604E-02  0.723693E-03  0.234805E-06
  0.206655E+03  0.112630E-01  0.786839E-04  0.209394E-10  0.567564E-09  0.000000E+00  0.944039E-02  0.944039E-02  0.944039E-02 -0.214655E-06  0.835369E-02  0.717471E-03  0.231720E-06
  0.207609E+03  0.111663E-01  0.780077E-04  0.205692E-10 -0.950519E-09  0.000000E+00  0.935935E-02  0.935935E-02  0.935935E-02 -0.212813E-06  0.828196E-02  0.711302E-03  0.228674E-06
  0.208568E+03  0.110705E-01  0.773375E-04  0.202056E-10  0.644411E-09  0.000000E+00  0.927902E-02  0.927902E-02  0.927902E-02 -0.210986E-06  0.821085E-02  0.705186E-03  0.225670E-06
  0.209530E+03  0.109755E-01  0.766731E-04  0.198484E-10 -0.392066E-09  0.000000E+00  0.919938E-02  0.919938E-02  0.919938E-02 -0.209175E-06  0.814036E-02  0.699123E-03  0.222705E-06
  0.210497E+03  0.108813E-01  0.760143E-04  0.194975E-10 -0.262255E-09  0.000000E+00  0.912041E-02  0.912041E-02  0.912041E-02 -0.207379E-06  0.807045E-02  0.693111E-03  0.219778E-06
  0.211469E+03  0.107879E-01  0.753614E-04  0.191529E-10  0.137636E-08  0.000000E+00  0.904215E-02  0.904215E-02  0.904215E-02 -0.205600E-06  0.800119E-02  0.687154E-03  0.216891E-06
  0.212445E+03  0.106953E-01  0.747140E-04  0.188143E-10 -0.130300E-09  0.000000E+00  0.896454E-02  0.896454E-02  0.896454E-02 -0.203835E-06  0.793250E-02  0.681246E-03  0.214041E-06
  0.213426E+03  0.106035E-01  0.740719E-04  0.184817E-10  0.456861E-09  0.000000E+00  0.888757E-02  0.888757E-02  0.888757E-02 -0.202085E-06  0.786438E-02  0.675387E-03  0.211228E-06
  0.214411E+03  0.105129E-01  0.734390E-04  0.181559E-10  0.712641E-09  0.000000E+00  0.881162E-02  0.881162E-02  0.881162E-02 -0.200360E-06  0.779723E-02  0.669612E-03  0.208463E-06
  0.215401E+03  0.104226E-01  0.728079E-04  0.178349E-10  0.959593E-09  0.000000E+00  0.873597E-02  0.873597E-02  0.873597E-02 -0.198640E-06  0.773027E-02  0.663852E-03  0.205723E-06
  0.216395E+03  0.103331E-01  0.721820E-04  0.175195E-10 -0.380181E-10  0.000000E+00  0.866095E-02  0.866095E-02  0.866095E-02 -0.196934E-06  0.766386E-02  0.658141E-03  0.203019E-06
  0.217394E+03  0.102444E-01  0.715616E-04  0.172097E-10  0.587160E-09  0.000000E+00  0.858658E-02  0.858658E-02  0.858658E-02 -0.195243E-06  0.759804E-02  0.652479E-03  0.200351E-06
  0.218397E+03  0.101564E-01  0.709463E-04  0.169054E-10  0.305807E-09  0.000000E+00  0.851284E-02  0.851284E-02  0.851284E-02 -0.193566E-06  0.753276E-02  0.646865E-03  0.197717E-06
  0.219405E+03  0.100691E-01  0.703359E-04  0.166064E-10  0.183562E-08  0.000000E+00  0.843969E-02  0.843969E-02  0.843969E-02 -0.191902E-06  0.746800E-02  0.641295E-03  0.195117E-06
  0.220418E+03  0.998266E-02  0.697312E-04  0.163127E-10  0.604597E-09  0.000000E+00  0.836722E-02  0.836722E-02  0.836722E-02 -0.190255E-06  0.740386E-02  0.635778E-03  0.192553E-06
  0.221435E+03  0.989694E-02  0.691318E-04  0.160243E-10  0.143056E-08  0.000000E+00  0.829537E-02  0.829537E-02  0.829537E-02 -0.188621E-06  0.734026E-02  0.630308E-03  0.190022E-06
  0.222457E+03  0.981194E-02  0.685374E-04  0.157409E-10  0.104973E-08  0.000000E+00  0.822412E-02  0.822412E-02  0.822412E-02 -0.187001E-06  0.727720E-02  0.624884E-03  0.187524E-06
  0.223484E+03  0.972770E-02  0.679484E-04  0.154626E-10 -0.239666E-09  0.000000E+00  0.815352E-02  0.815352E-02  0.815352E-02 -0.185395E-06  0.721471E-02  0.619510E-03  0.185060E-06
  0.224516E+03  0.964416E-02  0.673643E-04  0.151892E-10  0.105219E-08  0.000000E+00  0.808350E-02  0.808350E-02  0.808350E-02 -0.183803E-06  0.715274E-02  0.614179E-03  0.182627E-06
  0.225552E+03  0.956134E-02  0.667852E-04  0.149206E-10 -0.748980E-09  0.000000E+00  0.801408E-02  0.801408E-02  0.801408E-02 -0.182225E-06  0.709130E-02  0.608895E-03  0.180227E-06
  0.226593E+03  0.947918E-02  0.662105E-04  0.146566E-10  0.916802E-11  0.000000E+00  0.794522E-02  0.794522E-02  0.794522E-02 -0.180659E-06  0.703034E-02  0.603651E-03  0.177857E-06
  0.227639E+03  0.939776E-02  0.656412E-04  0.143974E-10 -0.185234E-09  0.000000E+00  0.787697E-02  0.787697E-02  0.787697E-02 -0.179107E-06  0.696993E-02  0.598456E-03  0.175519E-06
  0.228690E+03  0.931703E-02  0.650766E-04  0.141428E-10  0.160901E-09  0.000000E+00  0.780930E-02  0.780930E-02  0.780930E-02 -0.177568E-06  0.691004E-02  0.593304E-03  0.173211E-06
  0.229745E+03  0.923692E-02  0.645163E-04  0.138925E-10  0.101451E-08  0.000000E+00  0.774216E-02  0.774216E-02  0.774216E-02 -0.176041E-06  0.685059E-02  0.588191E-03  0.170933E-06
  0.230806E+03  0.915757E-02  0.639614E-04  0.136468E-10 -0.514192E-09  0.000000E+00  0.767565E-02  0.767565E-02  0.767565E-02 -0.174529E-06  0.679173E-02  0.583128E-03  0.168685E-06
  0.231871E+03  0.907888E-02  0.634111E-04  0.134054E-10  0.960381E-10  0.000000E+00  0.760970E-02  0.760970E-02  0.760970E-02 -0.173029E-06  0.673335E-02  0.578107E-03  0.166467E-06
  0.232941E+03  0.900088E-02  0.628656E-04  0.131683E-10  0.103575E-08  0.000000E+00  0.754432E-02  0.754432E-02  0.754432E-02 -0.171542E-06  0.667548E-02  0.573129E-03  0.164279E-06
  0.234017E+03  0.892355E-02  0.623249E-04  0.129354E-10  0.554647E-09  0.000000E+00  0.747950E-02  0.747950E-02  0.747950E-02 -0.170068E-06  0.661811E-02  0.568195E-03  0.162119E-06
  0.235097E+03  0.884689E-02  0.617889E-04  0.127066E-10 -0.798273E-11  0.000000E+00  0.741525E-02  0.741525E-02  0.741525E-02 -0.168607E-06  0.656124E-02  0.563303E-03  0.159988E-06
  0.236182E+03  0.877089E-02  0.612574E-04  0.124819E-10  0.485410E-09  0.000000E+00  0.735155E-02  0.735155E-02  0.735155E-02 -0.167159E-06  0.650487E-02  0.558454E-03  0.157884E-06
  0.237272E+03  0.869554E-02  0.607305E-04  0.122611E-10 -0.398505E-09  0.000000E+00  0.728838E-02  0.728838E-02  0.728838E-02 -0.165723E-06  0.644896E-02  0.553646E-03  0.155809E-06
  0.238367E+03  0.862072E-02  0.602071E-04  0.120440E-10  0.186910E-09  0.000000E+00  0.722567E-02  0.722567E-02  0.722567E-02 -0.164296E-06  0.639344E-02  0.548870E-03  0.153758E-06
  0.239468E+03  0.854664E-02  0.596891E-04  0.118310E-10  0.795310E-09  0.000000E+00  0.716358E-02  0.716358E-02  0.716358E-02 -0.162884E-06  0.633849E-02  0.544143E-03  0.151736E-06
  0.240573E+03  0.847318E-02  0.591753E-04  0.116216E-10  0.140724E-09  0.000000E+00  0.710201E-02  0.710201E-02  0.710201E-02 -0.161484E-06  0.628399E-02  0.539455E-03  0.149740E-06
  0.241683E+03  0.840035E-02  0.586660E-04  0.114160E-10 -0.409751E-10  0.000000E+00  0.704096E-02  0.704096E-02  0.704096E-02 -0.160096E-06  0.622995E-02  0.534807E-03  0.147771E-06
  0.242799E+03  0.832815E-02  0.581611E-04  0.112140E-10  0.752098E-09  0.000000E+00  0.698045E-02  0.698045E-02  0.698045E-02 -0.158720E-06  0.617639E-02  0.530200E-03  0.145828E-06
  0.243920E+03  0.825654E-02  0.576603E-04  0.110156E-10  0.721722E-10  0.000000E+00  0.692043E-02  0.692043E-02  0.692043E-02 -0.157355E-06  0.612326E-02  0.525630E-03  0.143909E-06
  0.245046E+03  0.818556E-02  0.571639E-04  0.108207E-10 -0.436625E-09  0.000000E+00  0.686094E-02  0.686094E-02  0.686094E-02 -0.156002E-06  0.607060E-02  0.521101E-03  0.142016E-06
  0.246177E+03  0.811520E-02  0.566719E-04  0.106292E-10  0.655995E-10  0.000000E+00  0.680196E-02  0.680196E-02  0.680196E-02 -0.154661E-06  0.601841E-02  0.516611E-03  0.140149E-06
  0.247313E+03  0.804577E-02  0.561870E-04  0.104417E-10  0.727651E-09  0.000000E+00  0.674377E-02  0.674377E-02  0.674377E-02 -0.153340E-06  0.596697E-02  0.512186E-03  0.138312E-06
  0.248454E+03  0.797663E-02  0.557035E-04  0.102570E-10  0.484740E-09  0.000000E+00  0.668581E-02  0.668581E-02  0.668581E-02 -0.152022E-06  0.591568E-02  0.507774E-03  0.136494E-06
  0.249601E+03  0.790807E-02  0.552241E-04  0.100755E-10  0.529725E-09  0.000000E+00  0.662835E-02  0.662835E-02  0.662835E-02 -0.150715E-06  0.586482E-02  0.503399E-03  0.134699E-06
  0.250753E+03  0.784009E-02  0.547487E-04  0.989722E-11 -0.199303E-09  0.000000E+00  0.657137E-02  0.657137E-02  0.657137E-02 -0.149420E-06  0.581439E-02  0.499062E-03  0.132927E-06
  0.251911E+03  0.777270E-02  0.542774E-04  0.972211E-11 -0.158780E-09  0.000000E+00  0.651488E-02  0.651488E-02  0.651488E-02 -0.148135E-06  0.576440E-02  0.494761E-03  0.131179E-06
  0.253074E+03  0.770589E-02  0.538103E-04  0.955010E-11  0.698358E-09  0.000000E+00  0.645888E-02  0.645888E-02  0.645888E-02 -0.146862E-06  0.571484E-02  0.490498E-03  0.129454E-06
  0.254242E+03  0.763963E-02  0.533469E-04  0.938109E-11  0.494275E-09  0.000000E+00  0.640335E-02  0.640335E-02  0.640335E-02 -0.145599E-06  0.566569E-02  0.486270E-03  0.127751E-06
  0.255415E+03  0.757395E-02  0.528876E-04  0.921508E-11  0.285328E-09  0.000000E+00  0.634829E-02  0.634829E-02  0.634829E-02 -0.144347E-06  0.561696E-02  0.482079E-03  0.126071E-06
  0.256594E+03  0.750882E-02  0.524322E-04  0.905201E-11  0.204731E-10  0.000000E+00  0.629371E-02  0.629371E-02  0.629371E-02 -0.143106E-06  0.556865E-02  0.477923E-03  0.124412E-06
  0.257779E+03  0.744425E-02  0.519806E-04  0.889180E-11  0.146364E-09  0.000000E+00  0.623959E-02  0.623959E-02  0.623959E-02 -0.141875E-06  0.552075E-02  0.473803E-03  0.122776E-06
  0.258968E+03  0.738024E-02  0.515329E-04  0.873443E-11 -0.691576E-10  0.000000E+00  0.618593E-02  0.618593E-02  0.618593E-02 -0.140655E-06  0.547326E-02  0.469717E-03  0.121161E-06
  0.260164E+03  0.731677E-02  0.510891E-04  0.857984E-11  0.300651E-09  0.000000E+00  0.613273E-02  0.613273E-02  0.613273E-02 -0.139446E-06  0.542617E-02  0.465667E-03  0.119567E-06
  0.261365E+03  0.725385E-02  0.506491E-04  0.842800E-11  0.373306E-09  0.000000E+00  0.608000E-02  0.608000E-02  0.608000E-02 -0.138246E-06  0.537950E-02  0.461653E-03  0.117994E-06
  0.262571E+03  0.719147E-02  0.502129E-04  0.827883E-11  0.822834E-09  0.000000E+00  0.602771E-02  0.602771E-02  0.602771E-02 -0.137058E-06  0.533323E-02  0.457672E-03  0.116442E-06
  0.263783E+03  0.712962E-02  0.497804E-04  0.813231E-11  0.639613E-09  0.000000E+00  0.597587E-02  0.597587E-02  0.597587E-02 -0.135879E-06  0.528735E-02  0.453725E-03  0.114910E-06
  0.265001E+03  0.706831E-02  0.493516E-04  0.798837E-11  0.982116E-09  0.000000E+00  0.592448E-02  0.592448E-02  0.592448E-02 -0.134710E-06  0.524187E-02  0.449813E-03  0.113398E-06
  0.266224E+03  0.700727E-02  0.489242E-04  0.784662E-11  0.205658E-09  0.000000E+00  0.587332E-02  0.587332E-02  0.587332E-02 -0.133545E-06  0.519653E-02  0.445913E-03  0.111901E-06
  0.267453E+03  0.694699E-02  0.485026E-04  0.770771E-11  0.346161E-09  0.000000E+00  0.582279E-02  0.582279E-02  0.582279E-02 -0.132396E-06  0.515181E-02  0.442066E-03  0.110429E-06
  0.268687E+03  0.688721E-02  0.480846E-04  0.757124E-11 -0.113552E-09  0.000000E+00  0.577269E-02  0.577269E-02  0.577269E-02 -0.131257E-06  0.510747E-02  0.438251E-03  0.108975E-06
  0.269927E+03  0.682795E-02  0.476702E-04  0.743720E-11  0.872355E-10  0.000000E+00  0.572302E-02  0.572302E-02  0.572302E-02 -0.130128E-06  0.506351E-02  0.434470E-03  0.107541E-06
  0.271173E+03  0.676921E-02  0.472594E-04  0.730554E-11 -0.831761E-10  0.000000E+00  0.567378E-02  0.567378E-02  0.567378E-02 -0.129008E-06  0.501993E-02  0.430721E-03  0.106126E-06
  0.272425E+03  0.671097E-02  0.468521E-04  0.717620E-11  0.363246E-09  0.000000E+00  0.562497E-02  0.562497E-02  0.562497E-02 -0.127898E-06  0.497673E-02  0.427004E-03  0.104729E-06
  0.273682E+03  0.665324E-02  0.464483E-04  0.704916E-11  0.211886E-09  0.000000E+00  0.557657E-02  0.557657E-02  0.557657E-02 -0.126798E-06  0.493390E-02  0.423320E-03  0.103351E-06
  0.274946E+03  0.659601E-02  0.460482E-04  0.692438E-11  0.564703E-09  0.000000E+00  0.552861E-02  0.552861E-02  0.552861E-02 -0.125707E-06  0.489145E-02  0.419669E-03  0.101992E-06
  0.276215E+03  0.653927E-02  0.456514E-04  0.680181E-11  0.710835E-09  0.000000E+00  0.548105E-02  0.548105E-02  0.548105E-02 -0.124626E-06  0.484937E-02  0.416048E-03  0.100650E-06
  0.277490E+03  0.648302E-02  0.452580E-04  0.668140E-11  0.564495E-09  0.000000E+00  0.543390E-02  0.543390E-02  0.543390E-02 -0.123554E-06  0.480764E-02  0.412459E-03  0.993256E-07
  0.278770E+03  0.642728E-02  0.448683E-04  0.656316E-11 -0.314813E-09  0.000000E+00  0.538718E-02  0.538718E-02  0.538718E-02 -0.122492E-06  0.476630E-02  0.408902E-03  0.980192E-07
  0.280057E+03  0.637197E-02  0.444815E-04  0.644695E-11  0.646568E-09  0.000000E+00  0.534082E-02  0.534082E-02  0.534082E-02 -0.121437E-06  0.472527E-02  0.405373E-03  0.967293E-07
  0.281350E+03  0.631714E-02  0.440980E-04  0.633280E-11  0.109786E-09  0.000000E+00  0.529486E-02  0.529486E-02  0.529486E-02 -0.120392E-06  0.468460E-02  0.401874E-03  0.954562E-07
  0.282649E+03  0.626277E-02  0.437179E-04  0.622067E-11  0.361709E-09  0.000000E+00  0.524930E-02  0.524930E-02  0.524930E-02 -0.119356E-06  0.464427E-02  0.398405E-03  0.941999E-07
  0.283953E+03  0.620887E-02  0.433409E-04  0.611051E-11  0.642026E-09  0.000000E+00  0.520412E-02  0.520412E-02  0.520412E-02 -0.118329E-06  0.460429E-02  0.394965E-03  0.929601E-07
  0.285264E+03  0.615544E-02  0.429673E-04  0.600231E-11  0.822903E-10  0.000000E+00  0.515934E-02  0.515934E-02  0.515934E-02 -0.117311E-06  0.456466E-02  0.391555E-03  0.917366E-07
  0.286581E+03  0.610246E-02  0.425968E-04  0.589602E-11  0.441343E-09  0.000000E+00  0.511493E-02  0.511493E-02  0.511493E-02 -0.116301E-06  0.452536E-02  0.388175E-03  0.905292E-07
  0.287903E+03  0.604995E-02  0.422295E-04  0.579162E-11  0.214742E-09  0.000000E+00  0.507091E-02  0.507091E-02  0.507091E-02 -0.115300E-06  0.448640E-02  0.384823E-03  0.893378E-07
  0.289232E+03  0.599789E-02  0.418655E-04  0.568907E-11  0.540987E-09  0.000000E+00  0.502728E-02  0.502728E-02  0.502728E-02 -0.114308E-06  0.444779E-02  0.381501E-03  0.881621E-07
  0.290567E+03  0.594627E-02  0.415045E-04  0.558833E-11  0.726464E-09  0.000000E+00  0.498401E-02  0.498401E-02  0.498401E-02 -0.113324E-06  0.440950E-02  0.378207E-03  0.870018E-07
  0.291909E+03  0.589508E-02  0.411465E-04  0.548936E-11  0.245550E-10  0.000000E+00  0.494111E-02  0.494111E-02  0.494111E-02 -0.112348E-06  0.437153E-02  0.374941E-03  0.858566E-07
  0.293256E+03  0.584434E-02  0.407917E-04  0.539214E-11  0.174500E-09  0.000000E+00  0.489857E-02  0.489857E-02  0.489857E-02 -0.111381E-06  0.433389E-02  0.371703E-03  0.847264E-07
  0.294610E+03  0.579400E-02  0.404396E-04  0.529661E-11  0.464872E-09  0.000000E+00  0.485638E-02  0.485638E-02  0.485638E-02 -0.110422E-06  0.429654E-02  0.368490E-03  0.836106E-07
  0.295969E+03  0.574411E-02  0.400906E-04  0.520278E-11  0.320237E-09  0.000000E+00  0.481456E-02  0.481456E-02  0.481456E-02 -0.109471E-06  0.425953E-02  0.365306E-03  0.825098E-07
  0.297335E+03  0.569466E-02  0.397448E-04  0.511063E-11  0.197788E-09  0.000000E+00  0.477312E-02  0.477312E-02  0.477312E-02 -0.108528E-06  0.422285E-02  0.362150E-03  0.814236E-07
  0.298708E+03  0.564562E-02  0.394018E-04  0.502009E-11  0.383078E-09  0.000000E+00  0.473201E-02  0.473201E-02  0.473201E-02 -0.107594E-06  0.418647E-02  0.359020E-03  0.803515E-07
  0.300087E+03  0.559700E-02  0.390618E-04  0.493116E-11  0.331391E-09  0.000000E+00  0.469126E-02  0.469126E-02  0.469126E-02 -0.106667E-06  0.415040E-02  0.355917E-03  0.792934E-07
  0.301472E+03  0.554881E-02  0.387248E-04  0.484381E-11  0.535094E-09  0.000000E+00  0.465087E-02  0.465087E-02  0.465087E-02 -0.105748E-06  0.411466E-02  0.352842E-03  0.782496E-07
  0.302863E+03  0.550103E-02  0.383907E-04  0.475802E-11  0.227691E-09  0.000000E+00  0.461083E-02  0.461083E-02  0.461083E-02 -0.104838E-06  0.407922E-02  0.349793E-03  0.772194E-07
  0.304261E+03  0.545368E-02  0.380596E-04  0.467375E-11  0.399987E-09  0.000000E+00  0.457114E-02  0.457114E-02  0.457114E-02 -0.103936E-06  0.404411E-02  0.346772E-03  0.762031E-07
  0.305666E+03  0.540674E-02  0.377313E-04  0.459098E-11 -0.947982E-10  0.000000E+00  0.453179E-02  0.453179E-02  0.453179E-02 -0.103041E-06  0.400929E-02  0.343777E-03  0.752001E-07
  0.307077E+03  0.536019E-02  0.374058E-04  0.450965E-11 -0.930628E-10  0.000000E+00  0.449277E-02  0.449277E-02  0.449277E-02 -0.102154E-06  0.397476E-02  0.340806E-03  0.742101E-07
  0.308494E+03  0.531396E-02  0.370823E-04  0.442969E-11 -0.771293E-10  0.000000E+00  0.445402E-02  0.445402E-02  0.445402E-02 -0.101272E-06  0.394045E-02  0.337855E-03  0.732318E-07
  0.309918E+03  0.526819E-02  0.367623E-04  0.435121E-11  0.343907E-09  0.000000E+00  0.441566E-02  0.441566E-02  0.441566E-02 -0.100400E-06  0.390651E-02  0.334934E-03  0.722676E-07
  0.311348E+03  0.522282E-02  0.364450E-04  0.427412E-11 -0.367784E-10  0.000000E+00  0.437763E-02  0.437763E-02  0.437763E-02 -0.995352E-07  0.387285E-02  0.332038E-03  0.713160E-07
  0.312786E+03  0.517782E-02  0.361303E-04  0.419838E-11 -0.374701E-10  0.000000E+00  0.433992E-02  0.433992E-02  0.433992E-02 -0.986776E-07  0.383947E-02  0.329167E-03  0.703767E-07
  0.314229E+03  0.513321E-02  0.358182E-04  0.412397E-11 -0.598758E-11  0.000000E+00  0.430252E-02  0.430252E-02  0.430252E-02 -0.978271E-07  0.380638E-02  0.326319E-03  0.694497E-07
  0.315680E+03  0.508899E-02  0.355090E-04  0.405090E-11  0.467880E-09  0.000000E+00  0.426546E-02  0.426546E-02  0.426546E-02 -0.969844E-07  0.377358E-02  0.323497E-03  0.685351E-07
  0.317137E+03  0.504516E-02  0.352025E-04  0.397913E-11  0.710145E-10  0.000000E+00  0.422872E-02  0.422872E-02  0.422872E-02 -0.961491E-07  0.374107E-02  0.320701E-03  0.676328E-07
  0.318601E+03  0.500172E-02  0.348987E-04  0.390864E-11 -0.111867E-09  0.000000E+00  0.419231E-02  0.419231E-02  0.419231E-02 -0.953212E-07  0.370885E-02  0.317928E-03  0.667424E-07
  0.320071E+03  0.495864E-02  0.345974E-04  0.383938E-11 -0.488662E-10  0.000000E+00  0.415620E-02  0.415620E-02  0.415620E-02 -0.945001E-07  0.367689E-02  0.315179E-03  0.658635E-07
  0.321549E+03  0.491591E-02  0.342986E-04  0.377134E-11  0.468119E-10  0.000000E+00  0.412039E-02  0.412039E-02  0.412039E-02 -0.936858E-07  0.364520E-02  0.312452E-03  0.649960E-07
  0.323033E+03  0.487357E-02  0.340024E-04  0.370452E-11  0.830386E-10  0.000000E+00  0.408490E-02  0.408490E-02  0.408490E-02 -0.928788E-07  0.361380E-02  0.309750E-03  0.641402E-07
  0.324524E+03  0.483157E-02  0.337087E-04  0.363886E-11  0.215878E-09  0.000000E+00  0.404970E-02  0.404970E-02  0.404970E-02 -0.920783E-07  0.358264E-02  0.307070E-03  0.632953E-07
  0.326022E+03  0.478994E-02  0.334175E-04  0.357436E-11  0.299813E-09  0.000000E+00  0.401480E-02  0.401480E-02  0.401480E-02 -0.912848E-07  0.355176E-02  0.304413E-03  0.624616E-07
  0.327527E+03  0.474866E-02  0.331289E-04  0.351101E-11 -0.535261E-10  0.000000E+00  0.398021E-02  0.398021E-02  0.398021E-02 -0.904981E-07  0.352114E-02  0.301779E-03  0.616388E-07
  0.329039E+03  0.470774E-02  0.328427E-04  0.344878E-11  0.415103E-09  0.000000E+00  0.394590E-02  0.394590E-02  0.394590E-02 -0.897181E-07  0.349079E-02  0.299167E-03  0.608269E-07
  0.330557E+03  0.466717E-02  0.325589E-04  0.338765E-11  0.140863E-09  0.000000E+00  0.391190E-02  0.391190E-02  0.391190E-02 -0.889448E-07  0.346070E-02  0.296578E-03  0.600256E-07
  0.332083E+03  0.462696E-02  0.322777E-04  0.332761E-11  0.201917E-10  0.000000E+00  0.387819E-02  0.387819E-02  0.387819E-02 -0.881784E-07  0.343087E-02  0.294011E-03  0.592351E-07
  0.333616E+03  0.458710E-02  0.319990E-04  0.326865E-11  0.419467E-09  0.000000E+00  0.384479E-02  0.384479E-02  0.384479E-02 -0.874190E-07  0.340131E-02  0.291468E-03  0.584552E-07
  0.335156E+03  0.454759E-02  0.317227E-04  0.321073E-11 -0.106630E-09  0.000000E+00  0.381167E-02  0.381167E-02  0.381167E-02 -0.866660E-07  0.337201E-02  0.288947E-03  0.576855E-07
  0.336703E+03  0.450841E-02  0.314487E-04  0.315382E-11  0.769463E-10  0.000000E+00  0.377883E-02  0.377883E-02  0.377883E-02 -0.859192E-07  0.334295E-02  0.286447E-03  0.569257E-07
  0.338257E+03  0.446954E-02  0.311769E-04  0.309791E-11  0.162633E-09  0.000000E+00  0.374625E-02  0.374625E-02  0.374625E-02 -0.851785E-07  0.331412E-02  0.283966E-03  0.561757E-07
  0.339818E+03  0.443101E-02  0.309074E-04  0.304299E-11  0.191777E-10  0.000000E+00  0.371396E-02  0.371396E-02  0.371396E-02 -0.844441E-07  0.328554E-02  0.281507E-03  0.554356E-07
  0.341387E+03  0.439282E-02  0.306403E-04  0.298905E-11  0.338944E-09  0.000000E+00  0.368195E-02  0.368195E-02  0.368195E-02 -0.837162E-07  0.325721E-02  0.279070E-03  0.547054E-07
  0.342963E+03  0.435496E-02  0.303755E-04  0.293606E-11  0.171163E-09  0.000000E+00  0.365021E-02  0.365021E-02  0.365021E-02 -0.829946E-07  0.322913E-02  0.276653E-03  0.539847E-07
  0.344546E+03  0.431742E-02  0.301129E-04  0.288400E-11  0.279141E-09  0.000000E+00  0.361874E-02  0.361874E-02  0.361874E-02 -0.822790E-07  0.320128E-02  0.274257E-03  0.532734E-07
  0.346136E+03  0.428021E-02  0.298527E-04  0.283288E-11  0.255165E-09  0.000000E+00  0.358756E-02  0.358756E-02  0.358756E-02 -0.815698E-07  0.317368E-02  0.271883E-03  0.525717E-07
  0.347734E+03  0.424332E-02  0.295947E-04  0.278266E-11  0.160413E-09  0.000000E+00  0.355664E-02  0.355664E-02  0.355664E-02 -0.808669E-07  0.314633E-02  0.269529E-03  0.518792E-07
  0.349339E+03  0.420695E-02  0.293408E-04  0.273350E-11  0.693382E-11  0.000000E+00  0.352616E-02  0.352616E-02  0.352616E-02 -0.801749E-07  0.311940E-02  0.267212E-03  0.511991E-07
  0.350951E+03  0.417069E-02  0.290872E-04  0.268504E-11  0.757293E-10  0.000000E+00  0.349576E-02  0.349576E-02  0.349576E-02 -0.794838E-07  0.309250E-02  0.264897E-03  0.505246E-07
  0.352571E+03  0.413476E-02  0.288359E-04  0.263745E-11  0.260081E-09  0.000000E+00  0.346564E-02  0.346564E-02  0.346564E-02 -0.787991E-07  0.306586E-02  0.262605E-03  0.498593E-07
  0.354199E+03  0.409911E-02  0.285866E-04  0.259069E-11  0.330959E-11  0.000000E+00  0.343576E-02  0.343576E-02  0.343576E-02 -0.781196E-07  0.303941E-02  0.260329E-03  0.492024E-07
  0.355833E+03  0.406376E-02  0.283394E-04  0.254475E-11 -0.370823E-10  0.000000E+00  0.340614E-02  0.340614E-02  0.340614E-02 -0.774459E-07  0.301320E-02  0.258073E-03  0.485540E-07
  0.357476E+03  0.402871E-02  0.280942E-04  0.249961E-11  0.242679E-10  0.000000E+00  0.337676E-02  0.337676E-02  0.337676E-02 -0.767778E-07  0.298719E-02  0.255836E-03  0.479140E-07
  0.359126E+03  0.399397E-02  0.278512E-04  0.245528E-11  0.330734E-09  0.000000E+00  0.334764E-02  0.334764E-02  0.334764E-02 -0.761157E-07  0.296143E-02  0.253619E-03  0.472827E-07
  0.360784E+03  0.395951E-02  0.276101E-04  0.241172E-11  0.558990E-10  0.000000E+00  0.331875E-02  0.331875E-02  0.331875E-02 -0.754587E-07  0.293586E-02  0.251419E-03  0.466593E-07
  0.362449E+03  0.392537E-02  0.273714E-04  0.236896E-11 -0.416058E-10  0.000000E+00  0.329014E-02  0.329014E-02  0.329014E-02 -0.748081E-07  0.291054E-02  0.249241E-03  0.460446E-07
  0.364122E+03  0.389153E-02  0.271347E-04  0.232695E-11  0.165127E-09  0.000000E+00  0.326177E-02  0.326177E-02  0.326177E-02 -0.741631E-07  0.288544E-02  0.247081E-03  0.454379E-07
  0.365803E+03  0.385799E-02  0.269002E-04  0.228570E-11  0.108257E-09  0.000000E+00  0.323366E-02  0.323366E-02  0.323366E-02 -0.735240E-07  0.286057E-02  0.244941E-03  0.448395E-07
  0.367491E+03  0.382473E-02  0.266676E-04  0.224517E-11  0.228286E-09  0.000000E+00  0.320578E-02  0.320578E-02  0.320578E-02 -0.728901E-07  0.283591E-02  0.242818E-03  0.442488E-07
  0.369187E+03  0.379175E-02  0.264370E-04  0.220536E-11  0.129413E-09  0.000000E+00  0.317814E-02  0.317814E-02  0.317814E-02 -0.722616E-07  0.281145E-02  0.240714E-03  0.436658E-07
  0.370891E+03  0.375906E-02  0.262084E-04  0.216625E-11 -0.148453E-10  0.000000E+00  0.315074E-02  0.315074E-02  0.315074E-02 -0.716387E-07  0.278721E-02  0.238627E-03  0.430905E-07
  0.372603E+03  0.372663E-02  0.259815E-04  0.212782E-11  0.292171E-09  0.000000E+00  0.312356E-02  0.312356E-02  0.312356E-02 -0.710206E-07  0.276315E-02  0.236558E-03  0.425226E-07
  0.374323E+03  0.369449E-02  0.257567E-04  0.209008E-11  0.192857E-09  0.000000E+00  0.309662E-02  0.309662E-02  0.309662E-02 -0.704079E-07  0.273931E-02  0.234506E-03  0.419621E-07
  0.376051E+03  0.366261E-02  0.255337E-04  0.205299E-11  0.170442E-09  0.000000E+00  0.306990E-02  0.306990E-02  0.306990E-02 -0.698003E-07  0.271566E-02  0.232471E-03  0.414090E-07
  0.377787E+03  0.363103E-02  0.253129E-04  0.201658E-11  0.203377E-10  0.000000E+00  0.304343E-02  0.304343E-02  0.304343E-02 -0.691984E-07  0.269224E-02  0.230456E-03  0.408634E-07
  0.379531E+03  0.359971E-02  0.250938E-04  0.198082E-11  0.656632E-10  0.000000E+00  0.301718E-02  0.301718E-02  0.301718E-02 -0.686016E-07  0.266902E-02  0.228457E-03  0.403249E-07
  0.381282E+03  0.356866E-02  0.248767E-04  0.194568E-11  0.145834E-09  0.000000E+00  0.299116E-02  0.299116E-02  0.299116E-02 -0.680099E-07  0.264599E-02  0.226476E-03  0.397935E-07
  0.383042E+03  0.353788E-02  0.246614E-04  0.191117E-11  0.721048E-10  0.000000E+00  0.296536E-02  0.296536E-02  0.296536E-02 -0.674232E-07  0.262316E-02  0.224511E-03  0.392691E-07
  0.384810E+03  0.350737E-02  0.244480E-04  0.187727E-11  0.187701E-09  0.000000E+00  0.293978E-02  0.293978E-02  0.293978E-02 -0.668417E-07  0.260053E-02  0.222564E-03  0.387517E-07
  0.386587E+03  0.347711E-02  0.242364E-04  0.184396E-11  0.171090E-09  0.000000E+00  0.291442E-02  0.291442E-02  0.291442E-02 -0.662651E-07  0.257809E-02  0.220633E-03  0.382409E-07
  0.388371E+03  0.344710E-02  0.240265E-04  0.181124E-11  0.496339E-10  0.000000E+00  0.288927E-02  0.288927E-02  0.288927E-02 -0.656931E-07  0.255583E-02  0.218717E-03  0.377367E-07
  0.390164E+03  0.341737E-02  0.238186E-04  0.177911E-11 -0.153878E-10  0.000000E+00  0.286434E-02  0.286434E-02  0.286434E-02 -0.651263E-07  0.253378E-02  0.216820E-03  0.372394E-07
  0.391965E+03  0.338789E-02  0.236124E-04  0.174754E-11  0.281362E-10  0.000000E+00  0.283963E-02  0.283963E-02  0.283963E-02 -0.645644E-07  0.251191E-02  0.214938E-03  0.367486E-07
  0.393774E+03  0.335865E-02  0.234079E-04  0.171653E-11 -0.289719E-10  0.000000E+00  0.281513E-02  0.281513E-02  0.281513E-02 -0.640072E-07  0.249023E-02  0.213072E-03  0.362641E-07
  0.395591E+03  0.332967E-02  0.232052E-04  0.168608E-11  0.147232E-09  0.000000E+00  0.279084E-02  0.279084E-02  0.279084E-02 -0.634549E-07  0.246874E-02  0.211223E-03  0.357862E-07
  0.397417E+03  0.330096E-02  0.230045E-04  0.165617E-11 -0.625261E-10  0.000000E+00  0.276678E-02  0.276678E-02  0.276678E-02 -0.629079E-07  0.244745E-02  0.209391E-03  0.353148E-07
  0.399252E+03  0.327247E-02  0.228052E-04  0.162678E-11  0.477847E-10  0.000000E+00  0.274290E-02  0.274290E-02  0.274290E-02 -0.623649E-07  0.242632E-02  0.207572E-03  0.348492E-07
  0.401095E+03  0.324424E-02  0.226077E-04  0.159791E-11 -0.262888E-10  0.000000E+00  0.271923E-02  0.271923E-02  0.271923E-02 -0.618267E-07  0.240538E-02  0.205770E-03  0.343898E-07
  0.402946E+03  0.321624E-02  0.224119E-04  0.156956E-11  0.776673E-10  0.000000E+00  0.269577E-02  0.269577E-02  0.269577E-02 -0.612932E-07  0.238462E-02  0.203983E-03  0.339365E-07
  0.404806E+03  0.318848E-02  0.222177E-04  0.154170E-11  0.184765E-09  0.000000E+00  0.267249E-02  0.267249E-02  0.267249E-02 -0.607640E-07  0.236402E-02  0.202211E-03  0.334890E-07
  0.406674E+03  0.316095E-02  0.220252E-04  0.151433E-11  0.126987E-09  0.000000E+00  0.264942E-02  0.264942E-02  0.264942E-02 -0.602393E-07  0.234361E-02  0.200454E-03  0.330474E-07
  0.408551E+03  0.313367E-02  0.218343E-04  0.148745E-11  0.234946E-10  0.000000E+00  0.262656E-02  0.262656E-02  0.262656E-02 -0.597194E-07  0.232338E-02  0.198713E-03  0.326117E-07
  0.410437E+03  0.310666E-02  0.216455E-04  0.146107E-11  0.230075E-10  0.000000E+00  0.260391E-02  0.260391E-02  0.260391E-02 -0.592047E-07  0.230335E-02  0.196989E-03  0.321823E-07
  0.412332E+03  0.307985E-02  0.214580E-04  0.143515E-11 -0.256185E-10  0.000000E+00  0.258145E-02  0.258145E-02  0.258145E-02 -0.586939E-07  0.228347E-02  0.195279E-03  0.317581E-07
  0.414235E+03  0.305329E-02  0.212722E-04  0.140968E-11  0.619569E-10  0.000000E+00  0.255918E-02  0.255918E-02  0.255918E-02 -0.581877E-07  0.226377E-02  0.193583E-03  0.313396E-07
  0.416147E+03  0.302693E-02  0.210879E-04  0.138466E-11 -0.333918E-10  0.000000E+00  0.253709E-02  0.253709E-02  0.253709E-02 -0.576854E-07  0.224423E-02  0.191902E-03  0.309265E-07
  0.418068E+03  0.300081E-02  0.209052E-04  0.136009E-11 -0.458505E-10  0.000000E+00  0.251519E-02  0.251519E-02  0.251519E-02 -0.571875E-07  0.222485E-02  0.190234E-03  0.305188E-07
  0.419998E+03  0.297490E-02  0.207240E-04  0.133594E-11  0.105509E-09  0.000000E+00  0.249348E-02  0.249348E-02  0.249348E-02 -0.566938E-07  0.220564E-02  0.188581E-03  0.301164E-07
  0.421936E+03  0.294922E-02  0.205444E-04  0.131223E-11  0.368839E-10  0.000000E+00  0.247196E-02  0.247196E-02  0.247196E-02 -0.562044E-07  0.218660E-02  0.186942E-03  0.297193E-07
  0.423884E+03  0.292372E-02  0.203659E-04  0.128891E-11  0.424672E-10  0.000000E+00  0.245058E-02  0.245058E-02  0.245058E-02 -0.557180E-07  0.216767E-02  0.185313E-03  0.293269E-07
  0.425840E+03  0.289845E-02  0.201892E-04  0.126601E-11 -0.140499E-10  0.000000E+00  0.242940E-02  0.242940E-02  0.242940E-02 -0.552364E-07  0.214893E-02  0.183700E-03  0.289399E-07
  0.427806E+03  0.287343E-02  0.200141E-04  0.124353E-11  0.726651E-10  0.000000E+00  0.240843E-02  0.240843E-02  0.240843E-02 -0.547594E-07  0.213037E-02  0.182103E-03  0.285583E-07
  0.429781E+03  0.284863E-02  0.198407E-04  0.122146E-11  0.960113E-10  0.000000E+00  0.238764E-02  0.238764E-02  0.238764E-02 -0.542869E-07  0.211198E-02  0.180520E-03  0.281819E-07
  0.431764E+03  0.282403E-02  0.196687E-04  0.119977E-11  0.543219E-10  0.000000E+00  0.236703E-02  0.236703E-02  0.236703E-02 -0.538181E-07  0.209374E-02  0.178950E-03  0.278103E-07
  0.433757E+03  0.279965E-02  0.194982E-04  0.117847E-11  0.886917E-10  0.000000E+00  0.234659E-02  0.234659E-02  0.234659E-02 -0.533535E-07  0.207566E-02  0.177394E-03  0.274436E-07
  0.435759E+03  0.277548E-02  0.193291E-04  0.115755E-11  0.508548E-10  0.000000E+00  0.232633E-02  0.232633E-02  0.232633E-02 -0.528928E-07  0.205773E-02  0.175851E-03  0.270817E-07
  0.437771E+03  0.275151E-02  0.191614E-04  0.113699E-11  0.904466E-10  0.000000E+00  0.230624E-02  0.230624E-02  0.230624E-02 -0.524360E-07  0.203996E-02  0.174322E-03  0.267246E-07
  0.439791E+03  0.272774E-02  0.189952E-04  0.111680E-11  0.339933E-10  0.000000E+00  0.228632E-02  0.228632E-02  0.228632E-02 -0.519828E-07  0.202233E-02  0.172804E-03  0.263720E-07
  0.441821E+03  0.270418E-02  0.188304E-04  0.109696E-11  0.669342E-10  0.000000E+00  0.226657E-02  0.226657E-02  0.226657E-02 -0.515338E-07  0.200485E-02  0.171300E-03  0.260242E-07
  0.443861E+03  0.268082E-02  0.186669E-04  0.107748E-11  0.225724E-10  0.000000E+00  0.224699E-02  0.224699E-02  0.224699E-02 -0.510885E-07  0.198752E-02  0.169809E-03  0.256809E-07
  0.445910E+03  0.265767E-02  0.185050E-04  0.105834E-11  0.103266E-09  0.000000E+00  0.222758E-02  0.222758E-02  0.222758E-02 -0.506472E-07  0.197035E-02  0.168331E-03  0.253422E-07
  0.447968E+03  0.263473E-02  0.183446E-04  0.103955E-11  0.932782E-10  0.000000E+00  0.220835E-02  0.220835E-02  0.220835E-02 -0.502101E-07  0.195335E-02  0.166867E-03  0.250082E-07
  0.450035E+03  0.261199E-02  0.181856E-04  0.102110E-11  0.737876E-10  0.000000E+00  0.218929E-02  0.218929E-02  0.218929E-02 -0.497768E-07  0.193649E-02  0.165416E-03  0.246786E-07
  0.452113E+03  0.258943E-02  0.180278E-04  0.100296E-11  0.337553E-10  0.000000E+00  0.217039E-02  0.217039E-02  0.217039E-02 -0.493470E-07  0.191976E-02  0.163977E-03  0.243532E-07
  0.454200E+03  0.256707E-02  0.178714E-04  0.985152E-12 -0.312454E-11  0.000000E+00  0.215165E-02  0.215165E-02  0.215165E-02 -0.489208E-07  0.190318E-02  0.162549E-03  0.240320E-07
  0.456296E+03  0.254489E-02  0.177163E-04  0.967649E-12  0.356277E-10  0.000000E+00  0.213306E-02  0.213306E-02  0.213306E-02 -0.484981E-07  0.188673E-02  0.161133E-03  0.237150E-07
  0.458402E+03  0.252291E-02  0.175625E-04  0.950460E-12  0.652000E-10  0.000000E+00  0.211463E-02  0.211463E-02  0.211463E-02 -0.480790E-07  0.187042E-02  0.159730E-03  0.234022E-07
  0.460518E+03  0.250080E-02  0.174073E-04  0.933428E-12  0.111968E-09  0.000000E+00  0.209610E-02  0.209610E-02  0.209610E-02 -0.476562E-07  0.185397E-02  0.158314E-03  0.230899E-07
  0.462644E+03  0.247920E-02  0.172562E-04  0.916846E-12  0.303034E-10  0.000000E+00  0.207800E-02  0.207800E-02  0.207800E-02 -0.472445E-07  0.183795E-02  0.156935E-03  0.227854E-07
  0.464779E+03  0.245779E-02  0.171065E-04  0.900562E-12  0.134055E-09  0.000000E+00  0.206005E-02  0.206005E-02  0.206005E-02 -0.468365E-07  0.182208E-02  0.155569E-03  0.224849E-07
  0.466925E+03  0.243656E-02  0.169580E-04  0.884564E-12  0.109253E-09  0.000000E+00  0.204226E-02  0.204226E-02  0.204226E-02 -0.464319E-07  0.180633E-02  0.154214E-03  0.221884E-07
  0.469080E+03  0.241552E-02  0.168108E-04  0.868851E-12  0.612088E-10  0.000000E+00  0.202462E-02  0.202462E-02  0.202462E-02 -0.460309E-07  0.179073E-02  0.152870E-03  0.218958E-07
  0.471245E+03  0.239465E-02  0.166649E-04  0.853416E-12  0.107766E-09  0.000000E+00  0.200713E-02  0.200713E-02  0.200713E-02 -0.456333E-07  0.177526E-02  0.151539E-03  0.216070E-07
  0.473420E+03  0.237396E-02  0.165201E-04  0.838250E-12  0.879020E-10  0.000000E+00  0.198978E-02  0.198978E-02  0.198978E-02 -0.452388E-07  0.175991E-02  0.150218E-03  0.213219E-07
  0.475605E+03  0.235342E-02  0.163765E-04  0.823346E-12  0.494353E-10  0.000000E+00  0.197257E-02  0.197257E-02  0.197257E-02 -0.448474E-07  0.174468E-02  0.148907E-03  0.210404E-07
  0.477801E+03  0.233303E-02  0.162337E-04  0.808688E-12  0.130045E-09  0.000000E+00  0.195548E-02  0.195548E-02  0.195548E-02 -0.444583E-07  0.172954E-02  0.147604E-03  0.207622E-07
  0.480006E+03  0.231286E-02  0.160926E-04  0.794314E-12  0.983122E-10  0.000000E+00  0.193857E-02  0.193857E-02  0.193857E-02 -0.440739E-07  0.171458E-02  0.146316E-03  0.204882E-07
  0.482222E+03  0.229288E-02  0.159528E-04  0.780200E-12  0.672805E-11  0.000000E+00  0.192182E-02  0.192182E-02  0.192182E-02 -0.436931E-07  0.169977E-02  0.145041E-03  0.202180E-07
  0.484448E+03  0.227308E-02  0.158144E-04  0.766344E-12  0.693104E-10  0.000000E+00  0.190523E-02  0.190523E-02  0.190523E-02 -0.433160E-07  0.168509E-02  0.143778E-03  0.199515E-07
  0.486684E+03  0.225345E-02  0.156772E-04  0.752730E-12 -0.733210E-11  0.000000E+00  0.188878E-02  0.188878E-02  0.188878E-02 -0.429420E-07  0.167054E-02  0.142525E-03  0.196884E-07
  0.488930E+03  0.223398E-02  0.155410E-04  0.739354E-12  0.851383E-10  0.000000E+00  0.187246E-02  0.187246E-02  0.187246E-02 -0.425710E-07  0.165610E-02  0.141283E-03  0.194288E-07
  0.491187E+03  0.221468E-02  0.154059E-04  0.726213E-12  0.886074E-10  0.000000E+00  0.185628E-02  0.185628E-02  0.185628E-02 -0.422030E-07  0.164178E-02  0.140050E-03  0.191724E-07
  0.493454E+03  0.219553E-02  0.152720E-04  0.713305E-12  0.840155E-10  0.000000E+00  0.184023E-02  0.184023E-02  0.184023E-02 -0.418382E-07  0.162759E-02  0.138828E-03  0.189195E-07
  0.495732E+03  0.217656E-02  0.151393E-04  0.700625E-12  0.171448E-10  0.000000E+00  0.182433E-02  0.182433E-02  0.182433E-02 -0.414765E-07  0.161352E-02  0.137617E-03  0.186698E-07
  0.498020E+03  0.215774E-02  0.150077E-04  0.688170E-12  0.423957E-10  0.000000E+00  0.180856E-02  0.180856E-02  0.180856E-02 -0.411179E-07  0.159956E-02  0.136416E-03  0.184235E-07
  0.500319E+03  0.213909E-02  0.148772E-04  0.675937E-12  0.913010E-10  0.000000E+00  0.179292E-02  0.179292E-02  0.179292E-02 -0.407625E-07  0.158573E-02  0.135225E-03  0.181804E-07
  0.502628E+03  0.212062E-02  0.147480E-04  0.663927E-12  0.692781E-10  0.000000E+00  0.177744E-02  0.177744E-02  0.177744E-02 -0.404105E-07  0.157204E-02  0.134046E-03  0.179407E-07
  0.504948E+03  0.210229E-02  0.146198E-04  0.652125E-12  0.854292E-10  0.000000E+00  0.176207E-02  0.176207E-02  0.176207E-02 -0.400612E-07  0.155845E-02  0.132876E-03  0.177040E-07
  0.507279E+03  0.208411E-02  0.144927E-04  0.640530E-12  0.183263E-10  0.000000E+00  0.174684E-02  0.174684E-02  0.174684E-02 -0.397148E-07  0.154497E-02  0.131716E-03  0.174704E-07
  0.509620E+03  0.206609E-02  0.143666E-04  0.629140E-12  0.263760E-10  0.000000E+00  0.173174E-02  0.173174E-02  0.173174E-02 -0.393713E-07  0.153160E-02  0.130566E-03  0.172399E-07
  0.511973E+03  0.204820E-02  0.142415E-04  0.617944E-12  0.649645E-11  0.000000E+00  0.171674E-02  0.171674E-02  0.171674E-02 -0.390303E-07  0.151833E-02  0.129424E-03  0.170121E-07
  0.514336E+03  0.203049E-02  0.141176E-04  0.606955E-12  0.214024E-10  0.000000E+00  0.170190E-02  0.170190E-02  0.170190E-02 -0.386927E-07  0.150520E-02  0.128293E-03  0.167876E-07
  0.516710E+03  0.201293E-02  0.139947E-04  0.596158E-12  0.293493E-10  0.000000E+00  0.168717E-02  0.168717E-02  0.168717E-02 -0.383578E-07  0.149217E-02  0.127171E-03  0.165660E-07
  0.519095E+03  0.199552E-02  0.138730E-04  0.585557E-12  0.333989E-10  0.000000E+00  0.167259E-02  0.167259E-02  0.167259E-02 -0.380262E-07  0.147927E-02  0.126060E-03  0.163474E-07
  0.521491E+03  0.197828E-02  0.137524E-04  0.575148E-12  0.159806E-10  0.000000E+00  0.165813E-02  0.165813E-02  0.165813E-02 -0.376976E-07  0.146648E-02  0.124960E-03  0.161318E-07
  0.523898E+03  0.196120E-02  0.136329E-04  0.564929E-12  0.266929E-10  0.000000E+00  0.164382E-02  0.164382E-02  0.164382E-02 -0.373722E-07  0.145382E-02  0.123870E-03  0.159191E-07
  0.526316E+03  0.194425E-02  0.135144E-04  0.554884E-12  0.362004E-10  0.000000E+00  0.162961E-02  0.162961E-02  0.162961E-02 -0.370492E-07  0.144125E-02  0.122788E-03  0.157091E-07
  0.528746E+03  0.192744E-02  0.133968E-04  0.545017E-12  0.254930E-10  0.000000E+00  0.161552E-02  0.161552E-02  0.161552E-02 -0.367289E-07  0.142879E-02  0.121715E-03  0.155019E-07
  0.531186E+03  0.191077E-02  0.132802E-04  0.535323E-12  0.210218E-10  0.000000E+00  0.160155E-02  0.160155E-02  0.160155E-02 -0.364112E-07  0.141643E-02  0.120651E-03  0.152973E-07
  0.533638E+03  0.189425E-02  0.131646E-04  0.525801E-12  0.643695E-12  0.000000E+00  0.158770E-02  0.158770E-02  0.158770E-02 -0.360963E-07  0.140418E-02  0.119596E-03  0.150954E-07
  0.536101E+03  0.187786E-02  0.130500E-04  0.516448E-12  0.271175E-10  0.000000E+00  0.157397E-02  0.157397E-02  0.157397E-02 -0.357841E-07  0.139203E-02  0.118550E-03  0.148962E-07
  0.538576E+03  0.186164E-02  0.129366E-04  0.507268E-12  0.367063E-10  0.000000E+00  0.156037E-02  0.156037E-02  0.156037E-02 -0.354751E-07  0.138001E-02  0.117515E-03  0.146998E-07
  0.541062E+03  0.184554E-02  0.128240E-04  0.498242E-12  0.208909E-10  0.000000E+00  0.154687E-02  0.154687E-02  0.154687E-02 -0.351681E-07  0.136806E-02  0.116487E-03  0.145058E-07
  0.543559E+03  0.182958E-02  0.127123E-04  0.489379E-12  0.431828E-10  0.000000E+00  0.153349E-02  0.153349E-02  0.153349E-02 -0.348639E-07  0.135623E-02  0.115468E-03  0.143143E-07
  0.546068E+03  0.181375E-02  0.126016E-04  0.480673E-12  0.676102E-11  0.000000E+00  0.152023E-02  0.152023E-02  0.152023E-02 -0.345623E-07  0.134449E-02  0.114458E-03  0.141254E-07
  0.548589E+03  0.179806E-02  0.124918E-04  0.472119E-12  0.347273E-10  0.000000E+00  0.150708E-02  0.150708E-02  0.150708E-02 -0.342633E-07  0.133286E-02  0.113456E-03  0.139390E-07
  0.551121E+03  0.178250E-02  0.123830E-04  0.463719E-12  0.256710E-10  0.000000E+00  0.149404E-02  0.149404E-02  0.149404E-02 -0.339668E-07  0.132132E-02  0.112463E-03  0.137550E-07
  0.553665E+03  0.176708E-02  0.122751E-04  0.455466E-12  0.162620E-10  0.000000E+00  0.148111E-02  0.148111E-02  0.148111E-02 -0.336728E-07  0.130988E-02  0.111479E-03  0.135734E-07
  0.556220E+03  0.175179E-02  0.121681E-04  0.447359E-12  0.715159E-10  0.000000E+00  0.146829E-02  0.146829E-02  0.146829E-02 -0.333814E-07  0.129854E-02  0.110502E-03  0.133942E-07
  0.558788E+03  0.173664E-02  0.120622E-04  0.439399E-12  0.301990E-10  0.000000E+00  0.145559E-02  0.145559E-02  0.145559E-02 -0.330926E-07  0.128731E-02  0.109535E-03  0.132174E-07
  0.561367E+03  0.172162E-02  0.119572E-04  0.431583E-12  0.356493E-10  0.000000E+00  0.144301E-02  0.144301E-02  0.144301E-02 -0.328066E-07  0.127618E-02  0.108577E-03  0.130430E-07
  0.563958E+03  0.170673E-02  0.118530E-04  0.423903E-12  0.619550E-10  0.000000E+00  0.143053E-02  0.143053E-02  0.143053E-02 -0.325227E-07  0.126514E-02  0.107626E-03  0.128709E-07
  0.566561E+03  0.169197E-02  0.117498E-04  0.416361E-12  0.542568E-10  0.000000E+00  0.141816E-02  0.141816E-02  0.141816E-02 -0.322415E-07  0.125419E-02  0.106684E-03  0.127011E-07
  0.569176E+03  0.167732E-02  0.116473E-04  0.408947E-12  0.112760E-10  0.000000E+00  0.140588E-02  0.140588E-02  0.140588E-02 -0.319622E-07  0.124333E-02  0.105749E-03  0.125333E-07
  0.571803E+03  0.166281E-02  0.115458E-04  0.401670E-12  0.865551E-12  0.000000E+00  0.139372E-02  0.139372E-02  0.139372E-02 -0.316858E-07  0.123257E-02  0.104823E-03  0.123679E-07
  0.574443E+03  0.164841E-02  0.114450E-04  0.394516E-12  0.453727E-10  0.000000E+00  0.138165E-02  0.138165E-02  0.138165E-02 -0.314113E-07  0.122189E-02  0.103903E-03  0.122045E-07
  0.577094E+03  0.163418E-02  0.113455E-04  0.387502E-12  0.329865E-10  0.000000E+00  0.136972E-02  0.136972E-02  0.136972E-02 -0.311402E-07  0.121134E-02  0.102995E-03  0.120437E-07
  0.579758E+03  0.162006E-02  0.112468E-04  0.380611E-12  0.320571E-10  0.000000E+00  0.135788E-02  0.135788E-02  0.135788E-02 -0.308712E-07  0.120088E-02  0.102094E-03  0.118850E-07
  0.582434E+03  0.160604E-02  0.111487E-04  0.373834E-12  0.317943E-10  0.000000E+00  0.134613E-02  0.134613E-02  0.134613E-02 -0.306040E-07  0.119048E-02  0.101199E-03  0.117280E-07
  0.585122E+03  0.159215E-02  0.110516E-04  0.367182E-12  0.561165E-10  0.000000E+00  0.133449E-02  0.133449E-02  0.133449E-02 -0.303394E-07  0.118019E-02  0.100312E-03  0.115733E-07
  0.587823E+03  0.157838E-02  0.109552E-04  0.360646E-12  0.286645E-10  0.000000E+00  0.132295E-02  0.132295E-02  0.132295E-02 -0.300769E-07  0.116998E-02  0.994330E-04  0.114206E-07
  0.590537E+03  0.156471E-02  0.108596E-04  0.354223E-12  0.127386E-10  0.000000E+00  0.131149E-02  0.131149E-02  0.131149E-02 -0.298165E-07  0.115984E-02  0.985606E-04  0.112698E-07
  0.593262E+03  0.155117E-02  0.107649E-04  0.347915E-12  0.430238E-10  0.000000E+00  0.130014E-02  0.130014E-02  0.130014E-02 -0.295583E-07  0.114980E-02  0.976956E-04  0.111209E-07
  0.596001E+03  0.153773E-02  0.106709E-04  0.341717E-12  0.374679E-10  0.000000E+00  0.128888E-02  0.128888E-02  0.128888E-02 -0.293022E-07  0.113983E-02  0.968378E-04  0.109741E-07
  0.598752E+03  0.152443E-02  0.105778E-04  0.335633E-12  0.136844E-10  0.000000E+00  0.127773E-02  0.127773E-02  0.127773E-02 -0.290487E-07  0.112997E-02  0.959884E-04  0.108292E-07
  0.601515E+03  0.151124E-02  0.104855E-04  0.329656E-12  0.225330E-10  0.000000E+00  0.126667E-02  0.126667E-02  0.126667E-02 -0.287972E-07  0.112019E-02  0.951461E-04  0.106863E-07
  0.604292E+03  0.149816E-02  0.103941E-04  0.323787E-12  0.438865E-11  0.000000E+00  0.125571E-02  0.125571E-02  0.125571E-02 -0.285481E-07  0.111049E-02  0.943115E-04  0.105452E-07
  0.607081E+03  0.148519E-02  0.103033E-04  0.318020E-12  0.978784E-11  0.000000E+00  0.124484E-02  0.124484E-02  0.124484E-02 -0.283010E-07  0.110088E-02  0.934837E-04  0.104060E-07
  0.609883E+03  0.147233E-02  0.102133E-04  0.312353E-12  0.524494E-12  0.000000E+00  0.123406E-02  0.123406E-02  0.123406E-02 -0.280558E-07  0.109134E-02  0.926621E-04  0.102685E-07
  0.612698E+03  0.145958E-02  0.101242E-04  0.306790E-12  0.225553E-10  0.000000E+00  0.122337E-02  0.122337E-02  0.122337E-02 -0.278129E-07  0.108189E-02  0.918484E-04  0.101330E-07
  0.615527E+03  0.144694E-02  0.100357E-04  0.301323E-12  0.899967E-11  0.000000E+00  0.121278E-02  0.121278E-02  0.121278E-02 -0.275719E-07  0.107252E-02  0.910413E-04  0.999915E-08
  0.618368E+03  0.143442E-02  0.994813E-05  0.295956E-12  0.458245E-10  0.000000E+00  0.120228E-02  0.120228E-02  0.120228E-02 -0.273333E-07  0.106323E-02  0.902418E-04  0.986715E-08
  0.621222E+03  0.142202E-02  0.986141E-05  0.290689E-12  0.446181E-10  0.000000E+00  0.119189E-02  0.119189E-02  0.119189E-02 -0.270970E-07  0.105404E-02  0.894504E-04  0.973702E-08
  0.624089E+03  0.140971E-02  0.977531E-05  0.285510E-12 -0.242608E-11  0.000000E+00  0.118157E-02  0.118157E-02  0.118157E-02 -0.268625E-07  0.104491E-02  0.886646E-04  0.960849E-08
  0.626970E+03  0.139751E-02  0.968996E-05  0.280424E-12  0.312643E-11  0.000000E+00  0.117135E-02  0.117135E-02  0.117135E-02 -0.266300E-07  0.103587E-02  0.878856E-04  0.948165E-08
  0.629864E+03  0.138541E-02  0.960533E-05  0.275428E-12  0.345302E-10  0.000000E+00  0.116121E-02  0.116121E-02  0.116121E-02 -0.263994E-07  0.102690E-02  0.871133E-04  0.935648E-08
  0.632771E+03  0.137341E-02  0.952133E-05  0.270518E-12  0.157877E-10  0.000000E+00  0.115114E-02  0.115114E-02  0.115114E-02 -0.261706E-07  0.101799E-02  0.863466E-04  0.923286E-08
  0.635692E+03  0.136150E-02  0.943804E-05  0.265695E-12  0.279755E-10  0.000000E+00  0.114117E-02  0.114117E-02  0.114117E-02 -0.259437E-07  0.100917E-02  0.855866E-04  0.911086E-08
  0.638626E+03  0.134971E-02  0.935555E-05  0.260960E-12  0.300718E-10  0.000000E+00  0.113128E-02  0.113128E-02  0.113128E-02 -0.257190E-07  0.100042E-02  0.848337E-04  0.899054E-08
  0.641574E+03  0.133803E-02  0.927383E-05  0.256310E-12  0.220613E-11  0.000000E+00  0.112149E-02  0.112149E-02  0.112149E-02 -0.254964E-07  0.991764E-03  0.840879E-04  0.887187E-08
  0.644535E+03  0.132644E-02  0.919277E-05  0.251742E-12  0.338453E-10  0.000000E+00  0.111178E-02  0.111178E-02  0.111178E-02 -0.252756E-07  0.983173E-03  0.833481E-04  0.875472E-08
  0.647510E+03  0.131496E-02  0.911244E-05  0.247256E-12  0.164391E-10  0.000000E+00  0.110216E-02  0.110216E-02  0.110216E-02 -0.250567E-07  0.974659E-03  0.826149E-04  0.863914E-08
  0.650499E+03  0.130357E-02  0.903275E-05  0.242848E-12  0.542367E-11  0.000000E+00  0.109261E-02  0.109261E-02  0.109261E-02 -0.248396E-07  0.966214E-03  0.818877E-04  0.852504E-08
  0.653502E+03  0.129228E-02  0.895376E-05  0.238519E-12  0.672882E-11  0.000000E+00  0.108314E-02  0.108314E-02  0.108314E-02 -0.246245E-07  0.957842E-03  0.811667E-04  0.841245E-08
  0.656518E+03  0.128109E-02  0.887545E-05  0.234267E-12  0.669326E-11  0.000000E+00  0.107376E-02  0.107376E-02  0.107376E-02 -0.244111E-07  0.949543E-03  0.804520E-04  0.830136E-08
  0.659549E+03  0.127013E-02  0.879906E-05  0.230123E-12  0.423181E-11  0.000000E+00  0.106458E-02  0.106458E-02  0.106458E-02 -0.242031E-07  0.941447E-03  0.797547E-04  0.819287E-08
  0.662593E+03  0.125915E-02  0.872225E-05  0.226024E-12  0.891055E-11  0.000000E+00  0.105537E-02  0.105537E-02  0.105537E-02 -0.239938E-07  0.933307E-03  0.790537E-04  0.808482E-08
  0.665651E+03  0.124824E-02  0.864599E-05  0.221995E-12  0.684580E-11  0.000000E+00  0.104624E-02  0.104624E-02  0.104624E-02 -0.237861E-07  0.925225E-03  0.783577E-04  0.797810E-08
  0.668724E+03  0.123743E-02  0.857036E-05  0.218037E-12  0.513252E-11  0.000000E+00  0.103718E-02  0.103718E-02  0.103718E-02 -0.235801E-07  0.917210E-03  0.776675E-04  0.787275E-08
  0.671810E+03  0.122674E-02  0.849557E-05  0.214155E-12  0.102970E-10  0.000000E+00  0.102821E-02  0.102821E-02  0.102821E-02 -0.233764E-07  0.909285E-03  0.769849E-04  0.776898E-08
  0.674911E+03  0.121611E-02  0.842125E-05  0.210336E-12 -0.837438E-12  0.000000E+00  0.101931E-02  0.101931E-02  0.101931E-02 -0.231739E-07  0.901408E-03  0.763066E-04  0.766640E-08
  0.678027E+03  0.120557E-02  0.834749E-05  0.206584E-12  0.254018E-10  0.000000E+00  0.101047E-02  0.101047E-02  0.101047E-02 -0.229730E-07  0.893591E-03  0.756334E-04  0.756510E-08
  0.681156E+03  0.119512E-02  0.827433E-05  0.202897E-12  0.102896E-10  0.000000E+00  0.100171E-02  0.100171E-02  0.100171E-02 -0.227737E-07  0.885838E-03  0.749657E-04  0.746511E-08
  0.684300E+03  0.118477E-02  0.820195E-05  0.199280E-12  0.244479E-10  0.000000E+00  0.993036E-03  0.993036E-03  0.993036E-03 -0.225765E-07  0.878167E-03  0.743051E-04  0.736658E-08
  0.687459E+03  0.117451E-02  0.813013E-05  0.195725E-12  0.130448E-10  0.000000E+00  0.984432E-03  0.984432E-03  0.984432E-03 -0.223809E-07  0.870557E-03  0.736497E-04  0.726929E-08
  0.690632E+03  0.116433E-02  0.805893E-05  0.192234E-12  0.252330E-10  0.000000E+00  0.975903E-03  0.975903E-03  0.975903E-03 -0.221870E-07  0.863011E-03  0.729998E-04  0.717327E-08
  0.693820E+03  0.115424E-02  0.798828E-05  0.188803E-12  0.186210E-10  0.000000E+00  0.967441E-03  0.967441E-03  0.967441E-03 -0.219945E-07  0.855524E-03  0.723550E-04  0.707848E-08
  0.697022E+03  0.114423E-02  0.791826E-05  0.185433E-12  0.235438E-10  0.000000E+00  0.959054E-03  0.959054E-03  0.959054E-03 -0.218038E-07  0.848104E-03  0.717160E-04  0.698495E-08
  0.700240E+03  0.113431E-02  0.784888E-05  0.182125E-12  0.269884E-10  0.000000E+00  0.950742E-03  0.950742E-03  0.950742E-03 -0.216148E-07  0.840752E-03  0.710827E-04  0.689268E-08
  0.703472E+03  0.112451E-02  0.778031E-05  0.178879E-12  0.740146E-11  0.000000E+00  0.942522E-03  0.942522E-03  0.942522E-03 -0.214280E-07  0.833485E-03  0.704568E-04  0.680181E-08
  0.706719E+03  0.111475E-02  0.771203E-05  0.175685E-12  0.730294E-11  0.000000E+00  0.934345E-03  0.934345E-03  0.934345E-03 -0.212420E-07  0.826249E-03  0.698337E-04  0.671188E-08
  0.709981E+03  0.110510E-02  0.764450E-05  0.172552E-12  0.201322E-10  0.000000E+00  0.926255E-03  0.926255E-03  0.926255E-03 -0.210581E-07  0.819094E-03  0.692174E-04  0.662329E-08
  0.713258E+03  0.109552E-02  0.757751E-05  0.169473E-12  0.207757E-10  0.000000E+00  0.918229E-03  0.918229E-03  0.918229E-03 -0.208756E-07  0.811995E-03  0.686060E-04  0.653582E-08
  0.716550E+03  0.108603E-02  0.751110E-05  0.166448E-12  0.104678E-10  0.000000E+00  0.910273E-03  0.910273E-03  0.910273E-03 -0.206947E-07  0.804957E-03  0.679998E-04  0.644950E-08
  0.719858E+03  0.107663E-02  0.744535E-05  0.163480E-12  0.129154E-10  0.000000E+00  0.902394E-03  0.902394E-03  0.902394E-03 -0.205156E-07  0.797990E-03  0.673998E-04  0.636441E-08
  0.723181E+03  0.106730E-02  0.738002E-05  0.160561E-12  0.133165E-10  0.000000E+00  0.894569E-03  0.894569E-03  0.894569E-03 -0.203377E-07  0.791067E-03  0.668035E-04  0.628031E-08
  0.726519E+03  0.105805E-02  0.731535E-05  0.157696E-12  0.607154E-11  0.000000E+00  0.886821E-03  0.886821E-03  0.886821E-03 -0.201615E-07  0.784214E-03  0.662133E-04  0.619740E-08
  0.729872E+03  0.104888E-02  0.725118E-05  0.154881E-12  0.237487E-10  0.000000E+00  0.879134E-03  0.879134E-03  0.879134E-03 -0.199868E-07  0.777415E-03  0.656276E-04  0.611553E-08
  0.733241E+03  0.103979E-02  0.718758E-05  0.152116E-12  0.131912E-10  0.000000E+00  0.871515E-03  0.871515E-03  0.871515E-03 -0.198135E-07  0.770675E-03  0.650471E-04  0.603476E-08
  0.736626E+03  0.103078E-02  0.712452E-05  0.149400E-12  0.175283E-10  0.000000E+00  0.863960E-03  0.863960E-03  0.863960E-03 -0.196417E-07  0.763993E-03  0.644715E-04  0.595504E-08
  0.740026E+03  0.102182E-02  0.706182E-05  0.146729E-12  0.589598E-11  0.000000E+00  0.856454E-03  0.856454E-03  0.856454E-03 -0.194710E-07  0.757349E-03  0.638993E-04  0.587623E-08
  0.743441E+03  0.101296E-02  0.699981E-05  0.144108E-12  0.752873E-11  0.000000E+00  0.849027E-03  0.849027E-03  0.849027E-03 -0.193021E-07  0.750778E-03  0.633334E-04  0.579858E-08
  0.746873E+03  0.100418E-02  0.693834E-05  0.141534E-12  0.224671E-10  0.000000E+00  0.841665E-03  0.841665E-03  0.841665E-03 -0.191346E-07  0.744265E-03  0.627723E-04  0.572196E-08
  0.750320E+03  0.995487E-03  0.687756E-05  0.139009E-12  0.176731E-10  0.000000E+00  0.834380E-03  0.834380E-03  0.834380E-03 -0.189691E-07  0.737824E-03  0.622175E-04  0.564648E-08
  0.753784E+03  0.986860E-03  0.681719E-05  0.136527E-12 -0.309510E-12  0.000000E+00  0.827149E-03  0.827149E-03  0.827149E-03 -0.188047E-07  0.731428E-03  0.616666E-04  0.557191E-08
  0.757263E+03  0.978310E-03  0.675739E-05  0.134089E-12  0.142157E-10  0.000000E+00  0.819983E-03  0.819983E-03  0.819983E-03 -0.186418E-07  0.725091E-03  0.611207E-04  0.549835E-08
  0.760758E+03  0.969862E-03  0.669833E-05  0.131700E-12  0.940807E-11  0.000000E+00  0.812902E-03  0.812902E-03  0.812902E-03 -0.184809E-07  0.718834E-03  0.605817E-04  0.542596E-08
  0.764270E+03  0.961456E-03  0.663952E-05  0.129348E-12  0.125901E-10  0.000000E+00  0.805856E-03  0.805856E-03  0.805856E-03 -0.183208E-07  0.712602E-03  0.600449E-04  0.535430E-08
  0.767798E+03  0.953119E-03  0.658119E-05  0.127037E-12  0.974884E-11  0.000000E+00  0.798869E-03  0.798869E-03  0.798869E-03 -0.181619E-07  0.706421E-03  0.595125E-04  0.528357E-08
  0.771342E+03  0.944860E-03  0.652340E-05  0.124768E-12  0.193589E-10  0.000000E+00  0.791946E-03  0.791946E-03  0.791946E-03 -0.180045E-07  0.700299E-03  0.589851E-04  0.521380E-08
  0.774902E+03  0.936677E-03  0.646616E-05  0.122540E-12  0.192082E-10  0.000000E+00  0.785087E-03  0.785087E-03  0.785087E-03 -0.178486E-07  0.694234E-03  0.584626E-04  0.514499E-08
  0.778479E+03  0.928556E-03  0.640933E-05  0.120351E-12  0.104352E-10  0.000000E+00  0.778280E-03  0.778280E-03  0.778280E-03 -0.176938E-07  0.688212E-03  0.579440E-04  0.507703E-08
  0.782072E+03  0.920506E-03  0.635301E-05  0.118201E-12  0.176180E-10  0.000000E+00  0.771533E-03  0.771533E-03  0.771533E-03 -0.175404E-07  0.682245E-03  0.574299E-04  0.500997E-08
  0.785682E+03  0.912509E-03  0.629702E-05  0.116086E-12  0.117486E-10  0.000000E+00  0.764830E-03  0.764830E-03  0.764830E-03 -0.173879E-07  0.676312E-03  0.569189E-04  0.494368E-08
  0.789308E+03  0.904591E-03  0.624161E-05  0.114010E-12  0.146781E-10  0.000000E+00  0.758193E-03  0.758193E-03  0.758193E-03 -0.172370E-07  0.670441E-03  0.564131E-04  0.487834E-08
  0.792952E+03  0.896745E-03  0.618670E-05  0.111972E-12  0.129543E-10  0.000000E+00  0.751617E-03  0.751617E-03  0.751617E-03 -0.170874E-07  0.664624E-03  0.559120E-04  0.481389E-08
  0.796612E+03  0.888973E-03  0.613233E-05  0.109971E-12  0.838070E-11  0.000000E+00  0.745103E-03  0.745103E-03  0.745103E-03 -0.169394E-07  0.658863E-03  0.554157E-04  0.475032E-08
  0.800289E+03  0.881263E-03  0.607838E-05  0.108006E-12  0.101447E-10  0.000000E+00  0.738641E-03  0.738641E-03  0.738641E-03 -0.167924E-07  0.653147E-03  0.549233E-04  0.468757E-08
  0.803983E+03  0.873627E-03  0.602495E-05  0.106076E-12  0.881531E-11  0.000000E+00  0.732240E-03  0.732240E-03  0.732240E-03 -0.166469E-07  0.647486E-03  0.544356E-04  0.462568E-08
  0.807694E+03  0.866048E-03  0.597191E-05  0.104179E-12  0.167372E-10  0.000000E+00  0.725887E-03  0.725887E-03  0.725887E-03 -0.165025E-07  0.641867E-03  0.539515E-04  0.456456E-08
  0.811422E+03  0.858535E-03  0.591934E-05  0.102316E-12  0.148332E-10  0.000000E+00  0.719590E-03  0.719590E-03  0.719590E-03 -0.163593E-07  0.636297E-03  0.534717E-04  0.450425E-08
  0.815167E+03  0.851089E-03  0.586723E-05  0.100486E-12  0.640884E-11  0.000000E+00  0.713349E-03  0.713349E-03  0.713349E-03 -0.162174E-07  0.630776E-03  0.529961E-04  0.444474E-08
  0.818930E+03  0.843712E-03  0.581562E-05  0.986902E-13  0.826816E-11  0.000000E+00  0.707166E-03  0.707166E-03  0.707166E-03 -0.160768E-07  0.625308E-03  0.525250E-04  0.438606E-08
  0.822710E+03  0.836390E-03  0.576438E-05  0.969246E-13  0.612821E-11  0.000000E+00  0.701029E-03  0.701029E-03  0.701029E-03 -0.159372E-07  0.619879E-03  0.520573E-04  0.432809E-08
  0.826507E+03  0.829134E-03  0.571360E-05  0.951909E-13  0.143988E-10  0.000000E+00  0.694947E-03  0.694947E-03  0.694947E-03 -0.157990E-07  0.614499E-03  0.515938E-04  0.427090E-08
  0.830322E+03  0.821940E-03  0.566326E-05  0.934880E-13  0.119096E-10  0.000000E+00  0.688917E-03  0.688917E-03  0.688917E-03 -0.156619E-07  0.609166E-03  0.511343E-04  0.421447E-08
  0.834155E+03  0.814808E-03  0.561334E-05  0.918153E-13  0.577372E-11  0.000000E+00  0.682939E-03  0.682939E-03  0.682939E-03 -0.155259E-07  0.603877E-03  0.506788E-04  0.415877E-08
  0.838005E+03  0.807736E-03  0.556385E-05  0.901723E-13  0.108359E-10  0.000000E+00  0.677012E-03  0.677012E-03  0.677012E-03 -0.153911E-07  0.598634E-03  0.502270E-04  0.410381E-08
  0.841873E+03  0.800726E-03  0.551479E-05  0.885586E-13  0.129936E-10  0.000000E+00  0.671136E-03  0.671136E-03  0.671136E-03 -0.152575E-07  0.593436E-03  0.497792E-04  0.404957E-08
  0.845759E+03  0.793782E-03  0.546620E-05  0.869744E-13  0.927656E-11  0.000000E+00  0.665316E-03  0.665316E-03  0.665316E-03 -0.151252E-07  0.588289E-03  0.493357E-04  0.399609E-08
  0.849663E+03  0.786900E-03  0.541805E-05  0.854187E-13  0.395547E-11  0.000000E+00  0.659547E-03  0.659547E-03  0.659547E-03 -0.149941E-07  0.583188E-03  0.488962E-04  0.394332E-08
  0.853585E+03  0.780075E-03  0.537029E-05  0.838903E-13  0.582315E-11  0.000000E+00  0.653826E-03  0.653826E-03  0.653826E-03 -0.148640E-07  0.578128E-03  0.484603E-04  0.389123E-08
  0.857525E+03  0.773303E-03  0.532289E-05  0.823885E-13  0.972120E-11  0.000000E+00  0.648151E-03  0.648151E-03  0.648151E-03 -0.147349E-07  0.573107E-03  0.480277E-04  0.383981E-08
  0.861483E+03  0.766594E-03  0.527594E-05  0.809139E-13  0.126336E-10  0.000000E+00  0.642527E-03  0.642527E-03  0.642527E-03 -0.146071E-07  0.568133E-03  0.475991E-04  0.378907E-08
  0.865460E+03  0.759945E-03  0.522941E-05  0.794658E-13  0.922485E-11  0.000000E+00  0.636954E-03  0.636954E-03  0.636954E-03 -0.144803E-07  0.563204E-03  0.471745E-04  0.373903E-08
  0.869454E+03  0.753361E-03  0.518336E-05  0.780447E-13  0.841370E-11  0.000000E+00  0.631436E-03  0.631436E-03  0.631436E-03 -0.143549E-07  0.558326E-03  0.467541E-04  0.368970E-08
  0.873468E+03  0.746825E-03  0.513762E-05  0.766476E-13  0.821571E-11  0.000000E+00  0.625957E-03  0.625957E-03  0.625957E-03 -0.142304E-07  0.553480E-03  0.463366E-04  0.364095E-08
  0.877499E+03  0.740346E-03  0.509228E-05  0.752755E-13  0.941649E-11  0.000000E+00  0.620527E-03  0.620527E-03  0.620527E-03 -0.141069E-07  0.548677E-03  0.459228E-04  0.359286E-08
  0.881550E+03  0.733915E-03  0.504727E-05  0.739267E-13  0.752421E-11  0.000000E+00  0.615136E-03  0.615136E-03  0.615136E-03 -0.139843E-07  0.543908E-03  0.455119E-04  0.354535E-08
  0.885619E+03  0.727544E-03  0.500268E-05  0.726026E-13  0.769530E-11  0.000000E+00  0.609797E-03  0.609797E-03  0.609797E-03 -0.138629E-07  0.539185E-03  0.451049E-04  0.349849E-08
  0.889706E+03  0.721229E-03  0.495848E-05  0.713022E-13  0.861786E-11  0.000000E+00  0.604503E-03  0.604503E-03  0.604503E-03 -0.137425E-07  0.534503E-03  0.447015E-04  0.345226E-08
  0.893813E+03  0.714971E-03  0.491469E-05  0.700253E-13  0.514176E-11  0.000000E+00  0.599258E-03  0.599258E-03  0.599258E-03 -0.136233E-07  0.529864E-03  0.443018E-04  0.340666E-08
  0.897939E+03  0.708768E-03  0.487128E-05  0.687712E-13  0.437313E-11  0.000000E+00  0.594059E-03  0.594059E-03  0.594059E-03 -0.135051E-07  0.525265E-03  0.439056E-04  0.336166E-08
  0.902084E+03  0.702623E-03  0.482828E-05  0.675400E-13  0.950994E-11  0.000000E+00  0.588908E-03  0.588908E-03  0.588908E-03 -0.133880E-07  0.520711E-03  0.435132E-04  0.331728E-08
  0.906247E+03  0.696510E-03  0.478548E-05  0.663283E-13  0.472900E-11  0.000000E+00  0.583785E-03  0.583785E-03  0.583785E-03 -0.132714E-07  0.516177E-03  0.431225E-04  0.327337E-08
  0.910430E+03  0.690466E-03  0.474318E-05  0.651400E-13  0.767914E-11  0.000000E+00  0.578718E-03  0.578718E-03  0.578718E-03 -0.131562E-07  0.511696E-03  0.427364E-04  0.323013E-08
  0.914633E+03  0.684485E-03  0.470134E-05  0.639743E-13  0.443438E-11  0.000000E+00  0.573706E-03  0.573706E-03  0.573706E-03 -0.130423E-07  0.507265E-03  0.423545E-04  0.318752E-08
  0.918855E+03  0.678528E-03  0.465963E-05  0.628259E-13  0.749265E-11  0.000000E+00  0.568712E-03  0.568712E-03  0.568712E-03 -0.129287E-07  0.502845E-03  0.419737E-04  0.314531E-08
  0.923096E+03  0.672638E-03  0.461841E-05  0.616999E-13  0.927193E-11  0.000000E+00  0.563776E-03  0.563776E-03  0.563776E-03 -0.128165E-07  0.498479E-03  0.415975E-04  0.310375E-08
  0.927357E+03  0.666749E-03  0.457710E-05  0.605882E-13  0.706184E-11  0.000000E+00  0.558840E-03  0.558840E-03  0.558840E-03 -0.127040E-07  0.494103E-03  0.412205E-04  0.306245E-08
  0.931637E+03  0.660961E-03  0.453659E-05  0.595021E-13  0.460833E-11  0.000000E+00  0.553988E-03  0.553988E-03  0.553988E-03 -0.125937E-07  0.489812E-03  0.408508E-04  0.302199E-08
  0.935937E+03  0.655223E-03  0.449644E-05  0.584354E-13  0.519606E-11  0.000000E+00  0.549179E-03  0.549179E-03  0.549179E-03 -0.124843E-07  0.485559E-03  0.404843E-04  0.298206E-08
  0.940257E+03  0.649535E-03  0.445663E-05  0.573878E-13  0.419372E-11  0.000000E+00  0.544411E-03  0.544411E-03  0.544411E-03 -0.123759E-07  0.481342E-03  0.401209E-04  0.294266E-08
  0.944597E+03  0.643896E-03  0.441716E-05  0.563588E-13  0.699402E-11  0.000000E+00  0.539685E-03  0.539685E-03  0.539685E-03 -0.122685E-07  0.477162E-03  0.397607E-04  0.290378E-08
  0.948957E+03  0.638308E-03  0.437805E-05  0.553483E-13  0.551698E-11  0.000000E+00  0.535001E-03  0.535001E-03  0.535001E-03 -0.121620E-07  0.473019E-03  0.394037E-04  0.286542E-08
  0.953338E+03  0.632767E-03  0.433928E-05  0.543558E-13  0.434565E-11  0.000000E+00  0.530356E-03  0.530356E-03  0.530356E-03 -0.120564E-07  0.468912E-03  0.390498E-04  0.282757E-08
  0.957738E+03  0.627273E-03  0.430083E-05  0.533809E-13  0.503644E-11  0.000000E+00  0.525751E-03  0.525751E-03  0.525751E-03 -0.119517E-07  0.464839E-03  0.386988E-04  0.279021E-08
  0.962159E+03  0.621824E-03  0.426269E-05  0.524232E-13  0.763008E-11  0.000000E+00  0.521185E-03  0.521185E-03  0.521185E-03 -0.118478E-07  0.460800E-03  0.383507E-04  0.275333E-08
  0.966600E+03  0.616425E-03  0.422491E-05  0.514828E-13  0.799088E-11  0.000000E+00  0.516659E-03  0.516659E-03  0.516659E-03 -0.117450E-07  0.456798E-03  0.380058E-04  0.271696E-08
  0.971062E+03  0.611076E-03  0.418747E-05  0.505595E-13  0.848575E-11  0.000000E+00  0.512176E-03  0.512176E-03  0.512176E-03 -0.116430E-07  0.452833E-03  0.376642E-04  0.268108E-08
  0.975544E+03  0.605770E-03  0.415034E-05  0.496523E-13  0.542210E-11  0.000000E+00  0.507728E-03  0.507728E-03  0.507728E-03 -0.115419E-07  0.448900E-03  0.373252E-04  0.264565E-08
  0.980047E+03  0.600512E-03  0.411354E-05  0.487615E-13  0.785488E-11  0.000000E+00  0.503321E-03  0.503321E-03  0.503321E-03 -0.114417E-07  0.445002E-03  0.369893E-04  0.261071E-08
  0.984570E+03  0.595307E-03  0.407712E-05  0.478874E-13  0.697086E-11  0.000000E+00  0.498958E-03  0.498958E-03  0.498958E-03 -0.113426E-07  0.441146E-03  0.366569E-04  0.257627E-08
  0.989115E+03  0.590136E-03  0.404094E-05  0.470278E-13  0.758010E-11  0.000000E+00  0.494624E-03  0.494624E-03  0.494624E-03 -0.112440E-07  0.437313E-03  0.363266E-04  0.254222E-08
  0.993680E+03  0.585011E-03  0.400507E-05  0.461837E-13  0.519711E-11  0.000000E+00  0.490329E-03  0.490329E-03  0.490329E-03 -0.111464E-07  0.433514E-03  0.359992E-04  0.250863E-08
  0.998267E+03  0.579931E-03  0.396951E-05  0.453546E-13  0.699554E-11  0.000000E+00  0.486070E-03  0.486070E-03  0.486070E-03 -0.110496E-07  0.429748E-03  0.356746E-04  0.247549E-08
  0.100287E+04  0.574895E-03  0.393426E-05  0.445404E-13  0.715856E-11  0.000000E+00  0.481849E-03  0.481849E-03  0.481849E-03 -0.109536E-07  0.426015E-03  0.353529E-04  0.244278E-08
  0.100750E+04  0.569901E-03  0.389931E-05  0.437406E-13  0.605706E-11  0.000000E+00  0.477664E-03  0.477664E-03  0.477664E-03 -0.108584E-07  0.422313E-03  0.350339E-04  0.241051E-08
  0.101215E+04  0.564974E-03  0.386487E-05  0.429573E-13  0.454187E-11  0.000000E+00  0.473534E-03  0.473534E-03  0.473534E-03 -0.107647E-07  0.418666E-03  0.347195E-04  0.237878E-08
  0.101683E+04  0.560067E-03  0.383052E-05  0.421858E-13  0.576236E-11  0.000000E+00  0.469421E-03  0.469421E-03  0.469421E-03 -0.106711E-07  0.415028E-03  0.344059E-04  0.234735E-08
  0.102152E+04  0.555207E-03  0.379651E-05  0.414286E-13  0.636668E-11  0.000000E+00  0.465348E-03  0.465348E-03  0.465348E-03 -0.105786E-07  0.411427E-03  0.340956E-04  0.231636E-08
  0.102623E+04  0.550387E-03  0.376278E-05  0.406846E-13  0.560047E-11  0.000000E+00  0.461307E-03  0.461307E-03  0.461307E-03 -0.104867E-07  0.407854E-03  0.337876E-04  0.228577E-08
  0.103097E+04  0.545602E-03  0.372928E-05  0.399533E-13  0.451010E-11  0.000000E+00  0.457297E-03  0.457297E-03  0.457297E-03 -0.103955E-07  0.404306E-03  0.334819E-04  0.225555E-08
  0.103573E+04  0.540862E-03  0.369610E-05  0.392354E-13  0.546856E-11  0.000000E+00  0.453324E-03  0.453324E-03  0.453324E-03 -0.103052E-07  0.400792E-03  0.331790E-04  0.222574E-08
  0.104051E+04  0.536163E-03  0.366321E-05  0.385303E-13  0.412703E-11  0.000000E+00  0.449385E-03  0.449385E-03  0.449385E-03 -0.102156E-07  0.397309E-03  0.328788E-04  0.219633E-08
  0.104531E+04  0.531504E-03  0.363059E-05  0.378377E-13  0.448390E-11  0.000000E+00  0.445480E-03  0.445480E-03  0.445480E-03 -0.101268E-07  0.393855E-03  0.325811E-04  0.216731E-08
  0.105014E+04  0.526889E-03  0.359830E-05  0.371579E-13  0.520450E-11  0.000000E+00  0.441612E-03  0.441612E-03  0.441612E-03 -0.100389E-07  0.390434E-03  0.322863E-04  0.213868E-08
  0.105499E+04  0.522312E-03  0.356626E-05  0.364899E-13  0.480950E-11  0.000000E+00  0.437775E-03  0.437775E-03  0.437775E-03 -0.995166E-08  0.387041E-03  0.319939E-04  0.211043E-08
  0.105986E+04  0.517778E-03  0.353454E-05  0.358343E-13  0.551438E-11  0.000000E+00  0.433976E-03  0.433976E-03  0.433976E-03 -0.986530E-08  0.383682E-03  0.317043E-04  0.208257E-08
  0.106475E+04  0.513255E-03  0.350283E-05  0.351879E-13  0.463933E-11  0.000000E+00  0.430184E-03  0.430184E-03  0.430184E-03 -0.977897E-08  0.380324E-03  0.314150E-04  0.205493E-08
  0.106966E+04  0.508807E-03  0.347171E-05  0.345561E-13  0.462649E-11  0.000000E+00  0.426456E-03  0.426456E-03  0.426456E-03 -0.969426E-08  0.377029E-03  0.311309E-04  0.202783E-08
  0.107460E+04  0.504385E-03  0.344076E-05  0.339345E-13  0.448104E-11  0.000000E+00  0.422749E-03  0.422749E-03  0.422749E-03 -0.960998E-08  0.373751E-03  0.308484E-04  0.200103E-08
  0.107956E+04  0.500002E-03  0.341008E-05  0.333241E-13  0.484025E-11  0.000000E+00  0.419076E-03  0.419076E-03  0.419076E-03 -0.952645E-08  0.370502E-03  0.305683E-04  0.197459E-08
  0.108454E+04  0.495657E-03  0.337967E-05  0.327247E-13  0.530921E-11  0.000000E+00  0.415434E-03  0.415434E-03  0.415434E-03 -0.944366E-08  0.367281E-03  0.302908E-04  0.194851E-08
  0.108955E+04  0.491353E-03  0.334954E-05  0.321362E-13  0.449683E-11  0.000000E+00  0.411826E-03  0.411826E-03  0.411826E-03 -0.936164E-08  0.364091E-03  0.300158E-04  0.192277E-08
  0.109458E+04  0.487083E-03  0.331965E-05  0.315580E-13  0.365174E-11  0.000000E+00  0.408247E-03  0.408247E-03  0.408247E-03 -0.928028E-08  0.360926E-03  0.297430E-04  0.189737E-08
  0.109963E+04  0.482857E-03  0.329008E-05  0.309906E-13  0.487631E-11  0.000000E+00  0.404705E-03  0.404705E-03  0.404705E-03 -0.919977E-08  0.357795E-03  0.294730E-04  0.187233E-08
  0.110471E+04  0.478668E-03  0.326077E-05  0.304334E-13  0.490873E-11  0.000000E+00  0.401194E-03  0.401194E-03  0.401194E-03 -0.911998E-08  0.354691E-03  0.292055E-04  0.184763E-08
  0.110981E+04  0.474506E-03  0.323164E-05  0.298855E-13  0.399481E-11  0.000000E+00  0.397706E-03  0.397706E-03  0.397706E-03 -0.904067E-08  0.351606E-03  0.289396E-04  0.182321E-08
  0.111493E+04  0.470380E-03  0.320275E-05  0.293473E-13  0.420874E-11  0.000000E+00  0.394247E-03  0.394247E-03  0.394247E-03 -0.896202E-08  0.348547E-03  0.286759E-04  0.179911E-08
  0.112007E+04  0.466275E-03  0.317398E-05  0.288176E-13  0.421284E-11  0.000000E+00  0.390807E-03  0.390807E-03  0.390807E-03 -0.888370E-08  0.345501E-03  0.284134E-04  0.177526E-08
  0.112524E+04  0.462220E-03  0.314560E-05  0.282986E-13  0.422312E-11  0.000000E+00  0.387408E-03  0.387408E-03  0.387408E-03 -0.880642E-08  0.342495E-03  0.281543E-04  0.175180E-08
  0.113044E+04  0.458177E-03  0.311725E-05  0.277869E-13  0.400700E-11  0.000000E+00  0.384019E-03  0.384019E-03  0.384019E-03 -0.872923E-08  0.339492E-03  0.278956E-04  0.172853E-08
  0.113566E+04  0.454198E-03  0.308940E-05  0.272867E-13  0.304727E-11  0.000000E+00  0.380684E-03  0.380684E-03  0.380684E-03 -0.865342E-08  0.336544E-03  0.276414E-04  0.170571E-08
  0.114090E+04  0.450251E-03  0.306177E-05  0.267953E-13  0.417379E-11  0.000000E+00  0.377375E-03  0.377375E-03  0.377375E-03 -0.857821E-08  0.333618E-03  0.273892E-04  0.168318E-08
  0.114616E+04  0.446335E-03  0.303436E-05  0.263124E-13  0.337741E-11  0.000000E+00  0.374093E-03  0.374093E-03  0.374093E-03 -0.850358E-08  0.330715E-03  0.271390E-04  0.166093E-08
  0.115145E+04  0.442455E-03  0.300720E-05  0.258383E-13  0.402289E-11  0.000000E+00  0.370841E-03  0.370841E-03  0.370841E-03 -0.842964E-08  0.327839E-03  0.268911E-04  0.163899E-08
  0.115677E+04  0.438608E-03  0.298027E-05  0.253726E-13  0.430941E-11  0.000000E+00  0.367617E-03  0.367617E-03  0.367617E-03 -0.835634E-08  0.324988E-03  0.266453E-04  0.161733E-08
  0.116211E+04  0.434795E-03  0.295358E-05  0.249153E-13  0.422766E-11  0.000000E+00  0.364421E-03  0.364421E-03  0.364421E-03 -0.828367E-08  0.322162E-03  0.264017E-04  0.159596E-08
  0.116747E+04  0.431013E-03  0.292709E-05  0.244660E-13  0.345708E-11  0.000000E+00  0.361251E-03  0.361251E-03  0.361251E-03 -0.821158E-08  0.319357E-03  0.261600E-04  0.157487E-08
  0.117286E+04  0.427266E-03  0.290086E-05  0.240250E-13  0.335725E-11  0.000000E+00  0.358110E-03  0.358110E-03  0.358110E-03 -0.814018E-08  0.316580E-03  0.259206E-04  0.155406E-08
  0.117828E+04  0.423542E-03  0.287478E-05  0.235911E-13  0.332861E-11  0.000000E+00  0.354989E-03  0.354989E-03  0.354989E-03 -0.806916E-08  0.313818E-03  0.256825E-04  0.153349E-08
  0.118371E+04  0.419859E-03  0.284900E-05  0.231657E-13  0.310322E-11  0.000000E+00  0.351902E-03  0.351902E-03  0.351902E-03 -0.799899E-08  0.311088E-03  0.254472E-04  0.151323E-08
  0.118918E+04  0.416209E-03  0.282345E-05  0.227479E-13  0.344758E-11  0.000000E+00  0.348842E-03  0.348842E-03  0.348842E-03 -0.792942E-08  0.308383E-03  0.252140E-04  0.149324E-08
  0.119467E+04  0.412609E-03  0.279828E-05  0.223389E-13  0.289953E-11  0.000000E+00  0.345825E-03  0.345825E-03  0.345825E-03 -0.786093E-08  0.305718E-03  0.249842E-04  0.147360E-08
  0.120018E+04  0.409015E-03  0.277311E-05  0.219355E-13  0.328204E-11  0.000000E+00  0.342813E-03  0.342813E-03  0.342813E-03 -0.779242E-08  0.303054E-03  0.247545E-04  0.145411E-08
  0.120572E+04  0.405460E-03  0.274823E-05  0.215398E-13  0.285966E-11  0.000000E+00  0.339833E-03  0.339833E-03  0.339833E-03 -0.772468E-08  0.300419E-03  0.245274E-04  0.143490E-08
  0.121129E+04  0.401937E-03  0.272357E-05  0.211513E-13  0.314952E-11  0.000000E+00  0.336880E-03  0.336880E-03  0.336880E-03 -0.765756E-08  0.297808E-03  0.243024E-04  0.141596E-08
  0.121688E+04  0.398443E-03  0.269911E-05  0.207696E-13  0.315290E-11  0.000000E+00  0.333951E-03  0.333951E-03  0.333951E-03 -0.759097E-08  0.295218E-03  0.240791E-04  0.139726E-08
  0.122249E+04  0.394977E-03  0.267484E-05  0.203946E-13  0.296498E-11  0.000000E+00  0.331046E-03  0.331046E-03  0.331046E-03 -0.752492E-08  0.292649E-03  0.238576E-04  0.137879E-08
  0.122814E+04  0.391545E-03  0.265083E-05  0.200266E-13  0.315210E-11  0.000000E+00  0.328170E-03  0.328170E-03  0.328170E-03 -0.745955E-08  0.290106E-03  0.236384E-04  0.136060E-08
  0.123381E+04  0.388140E-03  0.262699E-05  0.196650E-13  0.301638E-11  0.000000E+00  0.325316E-03  0.325316E-03  0.325316E-03 -0.739466E-08  0.287583E-03  0.234209E-04  0.134262E-08
  0.123950E+04  0.384765E-03  0.260336E-05  0.193099E-13  0.291024E-11  0.000000E+00  0.322487E-03  0.322487E-03  0.322487E-03 -0.733034E-08  0.285081E-03  0.232052E-04  0.132489E-08
  0.124522E+04  0.381419E-03  0.257993E-05  0.189611E-13  0.295658E-11  0.000000E+00  0.319682E-03  0.319682E-03  0.319682E-03 -0.726658E-08  0.282601E-03  0.229914E-04  0.130739E-08
  0.125097E+04  0.378101E-03  0.255671E-05  0.186186E-13  0.277367E-11  0.000000E+00  0.316901E-03  0.316901E-03  0.316901E-03 -0.720336E-08  0.280142E-03  0.227794E-04  0.129012E-08
  0.125674E+04  0.374823E-03  0.253377E-05  0.182829E-13  0.312583E-11  0.000000E+00  0.314153E-03  0.314153E-03  0.314153E-03 -0.714093E-08  0.277714E-03  0.225701E-04  0.127312E-08
  0.126254E+04  0.371563E-03  0.251095E-05  0.179525E-13  0.291643E-11  0.000000E+00  0.311421E-03  0.311421E-03  0.311421E-03 -0.707882E-08  0.275298E-03  0.223618E-04  0.125630E-08
  0.126837E+04  0.368331E-03  0.248832E-05  0.176281E-13  0.270621E-11  0.000000E+00  0.308712E-03  0.308712E-03  0.308712E-03 -0.701722E-08  0.272902E-03  0.221553E-04  0.123971E-08
  0.127423E+04  0.365127E-03  0.246589E-05  0.173094E-13  0.291063E-11  0.000000E+00  0.306027E-03  0.306027E-03  0.306027E-03 -0.695618E-08  0.270528E-03  0.219506E-04  0.122333E-08
  0.128011E+04  0.361947E-03  0.244363E-05  0.169963E-13  0.276589E-11  0.000000E+00  0.303362E-03  0.303362E-03  0.303362E-03 -0.689557E-08  0.268170E-03  0.217474E-04  0.120716E-08
  0.128602E+04  0.358766E-03  0.242130E-05  0.166870E-13  0.277362E-11  0.000000E+00  0.300695E-03  0.300695E-03  0.300695E-03 -0.683477E-08  0.265806E-03  0.215437E-04  0.119108E-08
  0.129195E+04  0.355639E-03  0.239940E-05  0.163849E-13  0.257266E-11  0.000000E+00  0.298074E-03  0.298074E-03  0.298074E-03 -0.677515E-08  0.263487E-03  0.213439E-04  0.117532E-08
  0.129792E+04  0.352554E-03  0.237781E-05  0.160890E-13  0.246921E-11  0.000000E+00  0.295488E-03  0.295488E-03  0.295488E-03 -0.671640E-08  0.261201E-03  0.211468E-04  0.115983E-08
  0.130391E+04  0.349483E-03  0.235631E-05  0.157977E-13  0.226848E-11  0.000000E+00  0.292914E-03  0.292914E-03  0.292914E-03 -0.665786E-08  0.258925E-03  0.209506E-04  0.114449E-08
  0.130993E+04  0.346436E-03  0.233496E-05  0.155115E-13  0.235302E-11  0.000000E+00  0.290360E-03  0.290360E-03  0.290360E-03 -0.659976E-08  0.256665E-03  0.207558E-04  0.112935E-08
  0.131597E+04  0.343423E-03  0.231387E-05  0.152309E-13  0.245035E-11  0.000000E+00  0.287834E-03  0.287834E-03  0.287834E-03 -0.654235E-08  0.254432E-03  0.205633E-04  0.111444E-08
  0.132205E+04  0.340434E-03  0.229295E-05  0.149552E-13  0.242099E-11  0.000000E+00  0.285330E-03  0.285330E-03  0.285330E-03 -0.648540E-08  0.252217E-03  0.203724E-04  0.109972E-08
  0.132815E+04  0.337472E-03  0.227221E-05  0.146845E-13  0.237318E-11  0.000000E+00  0.282847E-03  0.282847E-03  0.282847E-03 -0.642895E-08  0.250021E-03  0.201831E-04  0.108519E-08
  0.133428E+04  0.334531E-03  0.225162E-05  0.144184E-13  0.234780E-11  0.000000E+00  0.280382E-03  0.280382E-03  0.280382E-03 -0.637290E-08  0.247841E-03  0.199952E-04  0.107084E-08
  0.134044E+04  0.331620E-03  0.223124E-05  0.141573E-13  0.223287E-11  0.000000E+00  0.277942E-03  0.277942E-03  0.277942E-03 -0.631743E-08  0.245684E-03  0.198092E-04  0.105670E-08
  0.134663E+04  0.328735E-03  0.221104E-05  0.139009E-13  0.220871E-11  0.000000E+00  0.275524E-03  0.275524E-03  0.275524E-03 -0.626245E-08  0.243545E-03  0.196249E-04  0.104274E-08
  0.135284E+04  0.325886E-03  0.219111E-05  0.136497E-13  0.221662E-11  0.000000E+00  0.273136E-03  0.273136E-03  0.273136E-03 -0.620822E-08  0.241436E-03  0.194430E-04  0.102902E-08
  0.135909E+04  0.323050E-03  0.217126E-05  0.134024E-13  0.230191E-11  0.000000E+00  0.270759E-03  0.270759E-03  0.270759E-03 -0.615418E-08  0.239334E-03  0.192618E-04  0.101543E-08
  0.136536E+04  0.320238E-03  0.215156E-05  0.131595E-13  0.222782E-11  0.000000E+00  0.268401E-03  0.268401E-03  0.268401E-03 -0.610058E-08  0.237250E-03  0.190821E-04  0.100201E-08
  0.137166E+04  0.317451E-03  0.213205E-05  0.129210E-13  0.227908E-11  0.000000E+00  0.266065E-03  0.266065E-03  0.266065E-03 -0.604748E-08  0.235184E-03  0.189041E-04  0.988782E-09
  0.137799E+04  0.314698E-03  0.211280E-05  0.126873E-13  0.225178E-11  0.000000E+00  0.263758E-03  0.263758E-03  0.263758E-03 -0.599508E-08  0.233146E-03  0.187284E-04  0.975764E-09
  0.138435E+04  0.311964E-03  0.209367E-05  0.124575E-13  0.225887E-11  0.000000E+00  0.261467E-03  0.261467E-03  0.261467E-03 -0.594302E-08  0.231121E-03  0.185538E-04  0.962899E-09
  0.139074E+04  0.309249E-03  0.207465E-05  0.122316E-13  0.203762E-11  0.000000E+00  0.259191E-03  0.259191E-03  0.259191E-03 -0.589127E-08  0.229109E-03  0.183803E-04  0.950182E-09
  0.139716E+04  0.306558E-03  0.205581E-05  0.120098E-13  0.199138E-11  0.000000E+00  0.256935E-03  0.256935E-03  0.256935E-03 -0.583999E-08  0.227114E-03  0.182084E-04  0.937637E-09
  0.140361E+04  0.303889E-03  0.203713E-05  0.117919E-13  0.208027E-11  0.000000E+00  0.254698E-03  0.254698E-03  0.254698E-03 -0.578913E-08  0.225136E-03  0.180379E-04  0.925253E-09
  0.141009E+04  0.301243E-03  0.201860E-05  0.115779E-13  0.208358E-11  0.000000E+00  0.252480E-03  0.252480E-03  0.252480E-03 -0.573870E-08  0.223175E-03  0.178688E-04  0.913030E-09
  0.141660E+04  0.298612E-03  0.200017E-05  0.113673E-13  0.189419E-11  0.000000E+00  0.250275E-03  0.250275E-03  0.250275E-03 -0.568853E-08  0.221223E-03  0.177007E-04  0.900942E-09
  0.142314E+04  0.296014E-03  0.198198E-05  0.111611E-13  0.201912E-11  0.000000E+00  0.248098E-03  0.248098E-03  0.248098E-03 -0.563903E-08  0.219298E-03  0.175347E-04  0.889051E-09
  0.142971E+04  0.293437E-03  0.196394E-05  0.109585E-13  0.194007E-11  0.000000E+00  0.245938E-03  0.245938E-03  0.245938E-03 -0.558993E-08  0.217388E-03  0.173701E-04  0.877311E-09
  0.143631E+04  0.290883E-03  0.194605E-05  0.107595E-13  0.185694E-11  0.000000E+00  0.243797E-03  0.243797E-03  0.243797E-03 -0.554125E-08  0.215495E-03  0.172069E-04  0.865726E-09
  0.144293E+04  0.288352E-03  0.192834E-05  0.105641E-13  0.200408E-11  0.000000E+00  0.241676E-03  0.241676E-03  0.241676E-03 -0.549303E-08  0.213620E-03  0.170453E-04  0.854302E-09
  0.144960E+04  0.285842E-03  0.191076E-05  0.103722E-13  0.185777E-11  0.000000E+00  0.239571E-03  0.239571E-03  0.239571E-03 -0.544519E-08  0.211759E-03  0.168849E-04  0.843021E-09
  0.145629E+04  0.283353E-03  0.189333E-05  0.101838E-13  0.175545E-11  0.000000E+00  0.237485E-03  0.237485E-03  0.237485E-03 -0.539776E-08  0.209914E-03  0.167259E-04  0.831889E-09
  0.146301E+04  0.280886E-03  0.187607E-05  0.999873E-14  0.178848E-11  0.000000E+00  0.235418E-03  0.235418E-03  0.235418E-03 -0.535076E-08  0.208086E-03  0.165684E-04  0.820907E-09
  0.146976E+04  0.278435E-03  0.185889E-05  0.981674E-14  0.165714E-11  0.000000E+00  0.233363E-03  0.233363E-03  0.233363E-03 -0.530402E-08  0.206268E-03  0.164117E-04  0.810047E-09
  0.147655E+04  0.275999E-03  0.184182E-05  0.963777E-14  0.177771E-11  0.000000E+00  0.231322E-03  0.231322E-03  0.231322E-03 -0.525755E-08  0.204461E-03  0.162560E-04  0.799311E-09
  0.148336E+04  0.273594E-03  0.182498E-05  0.946243E-14  0.175196E-11  0.000000E+00  0.229306E-03  0.229306E-03  0.229306E-03 -0.521170E-08  0.202678E-03  0.161024E-04  0.788750E-09
  0.149021E+04  0.271211E-03  0.180830E-05  0.929034E-14  0.170267E-11  0.000000E+00  0.227309E-03  0.227309E-03  0.227309E-03 -0.516631E-08  0.200912E-03  0.159502E-04  0.778336E-09
  0.149709E+04  0.268850E-03  0.179177E-05  0.912134E-14  0.167830E-11  0.000000E+00  0.225329E-03  0.225329E-03  0.225329E-03 -0.512130E-08  0.199162E-03  0.157994E-04  0.768060E-09
  0.150400E+04  0.266514E-03  0.177542E-05  0.895560E-14  0.163872E-11  0.000000E+00  0.223371E-03  0.223371E-03  0.223371E-03 -0.507682E-08  0.197432E-03  0.156502E-04  0.757939E-09
  0.151094E+04  0.264193E-03  0.175917E-05  0.879264E-14  0.164926E-11  0.000000E+00  0.221426E-03  0.221426E-03  0.221426E-03 -0.503259E-08  0.195712E-03  0.155020E-04  0.747934E-09
  0.151791E+04  0.261870E-03  0.174287E-05  0.863164E-14  0.162833E-11  0.000000E+00  0.219479E-03  0.219479E-03  0.219479E-03 -0.498821E-08  0.193986E-03  0.153534E-04  0.737979E-09
  0.152492E+04  0.259589E-03  0.172690E-05  0.847449E-14  0.167169E-11  0.000000E+00  0.217567E-03  0.217567E-03  0.217567E-03 -0.494475E-08  0.192295E-03  0.152077E-04  0.728237E-09
  0.153196E+04  0.257329E-03  0.171108E-05  0.832020E-14  0.158818E-11  0.000000E+00  0.215673E-03  0.215673E-03  0.215673E-03 -0.490168E-08  0.190621E-03  0.150634E-04  0.718626E-09
  0.153903E+04  0.255093E-03  0.169543E-05  0.816887E-14  0.154064E-11  0.000000E+00  0.213798E-03  0.213798E-03  0.213798E-03 -0.485910E-08  0.188964E-03  0.149206E-04  0.709158E-09
  0.154613E+04  0.252871E-03  0.167988E-05  0.802008E-14  0.159519E-11  0.000000E+00  0.211936E-03  0.211936E-03  0.211936E-03 -0.481678E-08  0.187318E-03  0.147788E-04  0.699798E-09
  0.155327E+04  0.250669E-03  0.166447E-05  0.787396E-14  0.153094E-11  0.000000E+00  0.210091E-03  0.210091E-03  0.210091E-03 -0.477482E-08  0.185687E-03  0.146382E-04  0.690563E-09
  0.156044E+04  0.248486E-03  0.164918E-05  0.773046E-14  0.139084E-11  0.000000E+00  0.208261E-03  0.208261E-03  0.208261E-03 -0.473322E-08  0.184069E-03  0.144988E-04  0.681448E-09
  0.156764E+04  0.246323E-03  0.163404E-05  0.758959E-14  0.138296E-11  0.000000E+00  0.206448E-03  0.206448E-03  0.206448E-03 -0.469201E-08  0.182466E-03  0.143607E-04  0.672458E-09
  0.157488E+04  0.244177E-03  0.161902E-05  0.745120E-14  0.142595E-11  0.000000E+00  0.204649E-03  0.204649E-03  0.204649E-03 -0.465112E-08  0.180876E-03  0.142236E-04  0.663582E-09
  0.158215E+04  0.242049E-03  0.160412E-05  0.731527E-14  0.146142E-11  0.000000E+00  0.202866E-03  0.202866E-03  0.202866E-03 -0.461057E-08  0.179299E-03  0.140878E-04  0.654821E-09
  0.158945E+04  0.239934E-03  0.158930E-05  0.718159E-14  0.138317E-11  0.000000E+00  0.201093E-03  0.201093E-03  0.201093E-03 -0.457024E-08  0.177730E-03  0.139527E-04  0.646157E-09
  0.159679E+04  0.237845E-03  0.157467E-05  0.705058E-14  0.137507E-11  0.000000E+00  0.199341E-03  0.199341E-03  0.199341E-03 -0.453043E-08  0.176182E-03  0.138193E-04  0.637631E-09
  0.160416E+04  0.235773E-03  0.156017E-05  0.692191E-14  0.141460E-11  0.000000E+00  0.197605E-03  0.197605E-03  0.197605E-03 -0.449094E-08  0.174646E-03  0.136870E-04  0.629216E-09
  0.161156E+04  0.233720E-03  0.154580E-05  0.679559E-14  0.138929E-11  0.000000E+00  0.195884E-03  0.195884E-03  0.195884E-03 -0.445183E-08  0.173125E-03  0.135559E-04  0.620915E-09
  0.161900E+04  0.231683E-03  0.153154E-05  0.667151E-14  0.130442E-11  0.000000E+00  0.194177E-03  0.194177E-03  0.194177E-03 -0.441303E-08  0.171616E-03  0.134259E-04  0.612721E-09
  0.162647E+04  0.229665E-03  0.151741E-05  0.654968E-14  0.134585E-11  0.000000E+00  0.192485E-03  0.192485E-03  0.192485E-03 -0.437457E-08  0.170120E-03  0.132970E-04  0.604635E-09
  0.163398E+04  0.227664E-03  0.150341E-05  0.643006E-14  0.129935E-11  0.000000E+00  0.190809E-03  0.190809E-03  0.190809E-03 -0.433645E-08  0.168638E-03  0.131693E-04  0.596658E-09
  0.164152E+04  0.225681E-03  0.148952E-05  0.631257E-14  0.131261E-11  0.000000E+00  0.189146E-03  0.189146E-03  0.189146E-03 -0.429865E-08  0.167167E-03  0.130427E-04  0.588785E-09
  0.164910E+04  0.223718E-03  0.147579E-05  0.619735E-14  0.127046E-11  0.000000E+00  0.187501E-03  0.187501E-03  0.187501E-03 -0.426128E-08  0.165714E-03  0.129175E-04  0.581029E-09
  0.165671E+04  0.221768E-03  0.146213E-05  0.608402E-14  0.121601E-11  0.000000E+00  0.185866E-03  0.185866E-03  0.185866E-03 -0.422411E-08  0.164268E-03  0.127930E-04  0.573359E-09
  0.166436E+04  0.219832E-03  0.144858E-05  0.597266E-14  0.124014E-11  0.000000E+00  0.184244E-03  0.184244E-03  0.184244E-03 -0.418721E-08  0.162833E-03  0.126694E-04  0.565783E-09
  0.167204E+04  0.217916E-03  0.143516E-05  0.586343E-14  0.121773E-11  0.000000E+00  0.182638E-03  0.182638E-03  0.182638E-03 -0.415071E-08  0.161414E-03  0.125471E-04  0.558317E-09
  0.167976E+04  0.216017E-03  0.142187E-05  0.575616E-14  0.115571E-11  0.000000E+00  0.181046E-03  0.181046E-03  0.181046E-03 -0.411452E-08  0.160006E-03  0.124259E-04  0.550951E-09
  0.168751E+04  0.214134E-03  0.140869E-05  0.565083E-14  0.119575E-11  0.000000E+00  0.179468E-03  0.179468E-03  0.179468E-03 -0.407865E-08  0.158611E-03  0.123058E-04  0.543681E-09
  0.169530E+04  0.212268E-03  0.139563E-05  0.554741E-14  0.113412E-11  0.000000E+00  0.177904E-03  0.177904E-03  0.177904E-03 -0.404309E-08  0.157228E-03  0.121867E-04  0.536509E-09
  0.170313E+04  0.210417E-03  0.138267E-05  0.544580E-14  0.112617E-11  0.000000E+00  0.176352E-03  0.176352E-03  0.176352E-03 -0.400780E-08  0.155856E-03  0.120685E-04  0.529426E-09
  0.171099E+04  0.208583E-03  0.136983E-05  0.534608E-14  0.116591E-11  0.000000E+00  0.174815E-03  0.174815E-03  0.174815E-03 -0.397286E-08  0.154497E-03  0.119515E-04  0.522441E-09
  0.171888E+04  0.206765E-03  0.135711E-05  0.524817E-14  0.109539E-11  0.000000E+00  0.173291E-03  0.173291E-03  0.173291E-03 -0.393823E-08  0.153150E-03  0.118355E-04  0.515551E-09
  0.172682E+04  0.204963E-03  0.134449E-05  0.515202E-14  0.108233E-11  0.000000E+00  0.171781E-03  0.171781E-03  0.171781E-03 -0.390390E-08  0.151815E-03  0.117205E-04  0.508750E-09
  0.173479E+04  0.203177E-03  0.133199E-05  0.505762E-14  0.107656E-11  0.000000E+00  0.170284E-03  0.170284E-03  0.170284E-03 -0.386986E-08  0.150491E-03  0.116066E-04  0.502040E-09
  0.174280E+04  0.201407E-03  0.131960E-05  0.496492E-14  0.108297E-11  0.000000E+00  0.168800E-03  0.168800E-03  0.168800E-03 -0.383613E-08  0.149179E-03  0.114936E-04  0.495419E-09
  0.175084E+04  0.199677E-03  0.130752E-05  0.487469E-14  0.105000E-11  0.000000E+00  0.167350E-03  0.167350E-03  0.167350E-03 -0.380330E-08  0.147903E-03  0.113835E-04  0.488965E-09
  0.175892E+04  0.197936E-03  0.129534E-05  0.478529E-14  0.104659E-11  0.000000E+00  0.165891E-03  0.165891E-03  0.165891E-03 -0.377014E-08  0.146613E-03  0.112725E-04  0.482515E-09
  0.176704E+04  0.196210E-03  0.128326E-05  0.469749E-14  0.102578E-11  0.000000E+00  0.164444E-03  0.164444E-03  0.164444E-03 -0.373725E-08  0.145334E-03  0.111624E-04  0.476150E-09
  0.177520E+04  0.194500E-03  0.127129E-05  0.461131E-14  0.104793E-11  0.000000E+00  0.163011E-03  0.163011E-03  0.163011E-03 -0.370467E-08  0.144067E-03  0.110533E-04  0.469872E-09
  0.178339E+04  0.192804E-03  0.125942E-05  0.452666E-14  0.103346E-11  0.000000E+00  0.161590E-03  0.161590E-03  0.161590E-03 -0.367235E-08  0.142810E-03  0.109451E-04  0.463674E-09
  0.179162E+04  0.191124E-03  0.124765E-05  0.444355E-14  0.977850E-12  0.000000E+00  0.160181E-03  0.160181E-03  0.160181E-03 -0.364032E-08  0.141564E-03  0.108379E-04  0.457559E-09
  0.179989E+04  0.189458E-03  0.123600E-05  0.436196E-14  0.970980E-12  0.000000E+00  0.158785E-03  0.158785E-03  0.158785E-03 -0.360859E-08  0.140330E-03  0.107317E-04  0.451527E-09
  0.180820E+04  0.187812E-03  0.122448E-05  0.428199E-14  0.961161E-12  0.000000E+00  0.157405E-03  0.157405E-03  0.157405E-03 -0.357725E-08  0.139111E-03  0.106268E-04  0.445589E-09
  0.181655E+04  0.186175E-03  0.121303E-05  0.420334E-14  0.942423E-12  0.000000E+00  0.156033E-03  0.156033E-03  0.156033E-03 -0.354607E-08  0.137899E-03  0.105224E-04  0.439717E-09
  0.182493E+04  0.184552E-03  0.120167E-05  0.412609E-14  0.917226E-12  0.000000E+00  0.154673E-03  0.154673E-03  0.154673E-03 -0.351515E-08  0.136696E-03  0.104189E-04  0.433919E-09
  0.183336E+04  0.182943E-03  0.119041E-05  0.405023E-14  0.908789E-12  0.000000E+00  0.153324E-03  0.153324E-03  0.153324E-03 -0.348449E-08  0.135504E-03  0.103163E-04  0.428198E-09
  0.184182E+04  0.181348E-03  0.117925E-05  0.397575E-14  0.898468E-12  0.000000E+00  0.151987E-03  0.151987E-03  0.151987E-03 -0.345410E-08  0.134322E-03  0.102147E-04  0.422554E-09
  0.185032E+04  0.179767E-03  0.116818E-05  0.390262E-14  0.890434E-12  0.000000E+00  0.150662E-03  0.150662E-03  0.150662E-03 -0.342397E-08  0.133150E-03  0.101139E-04  0.416983E-09
  0.185886E+04  0.178199E-03  0.115721E-05  0.383080E-14  0.863895E-12  0.000000E+00  0.149348E-03  0.149348E-03  0.149348E-03 -0.339410E-08  0.131989E-03  0.100139E-04  0.411485E-09
  0.186744E+04  0.176646E-03  0.114633E-05  0.376029E-14  0.862129E-12  0.000000E+00  0.148046E-03  0.148046E-03  0.148046E-03 -0.336449E-08  0.130837E-03  0.991490E-05  0.406060E-09
  0.187606E+04  0.175106E-03  0.113556E-05  0.369107E-14  0.847541E-12  0.000000E+00  0.146755E-03  0.146755E-03  0.146755E-03 -0.333516E-08  0.129696E-03  0.981676E-05  0.400709E-09
  0.188472E+04  0.173579E-03  0.112487E-05  0.362309E-14  0.843176E-12  0.000000E+00  0.145475E-03  0.145475E-03  0.145475E-03 -0.330606E-08  0.128565E-03  0.971944E-05  0.395427E-09
  0.189342E+04  0.172065E-03  0.111428E-05  0.355635E-14  0.845973E-12  0.000000E+00  0.144206E-03  0.144206E-03  0.144206E-03 -0.327722E-08  0.127443E-03  0.962298E-05  0.390215E-09
  0.190216E+04  0.170565E-03  0.110378E-05  0.349082E-14  0.832205E-12  0.000000E+00  0.142949E-03  0.142949E-03  0.142949E-03 -0.324863E-08  0.126331E-03  0.952738E-05  0.385072E-09
  0.191094E+04  0.169078E-03  0.109338E-05  0.342648E-14  0.826534E-12  0.000000E+00  0.141702E-03  0.141702E-03  0.141702E-03 -0.322030E-08  0.125229E-03  0.943263E-05  0.379997E-09
  0.191976E+04  0.167607E-03  0.108309E-05  0.336340E-14  0.795419E-12  0.000000E+00  0.140470E-03  0.140470E-03  0.140470E-03 -0.319230E-08  0.124141E-03  0.933898E-05  0.375001E-09
  0.192862E+04  0.166145E-03  0.107286E-05  0.330136E-14  0.791414E-12  0.000000E+00  0.139244E-03  0.139244E-03  0.139244E-03 -0.316444E-08  0.123057E-03  0.924584E-05  0.370058E-09
  0.193752E+04  0.164696E-03  0.106273E-05  0.324046E-14  0.781454E-12  0.000000E+00  0.138030E-03  0.138030E-03  0.138030E-03 -0.313684E-08  0.121984E-03  0.915355E-05  0.365182E-09
  0.194647E+04  0.163259E-03  0.105267E-05  0.318064E-14  0.758625E-12  0.000000E+00  0.136826E-03  0.136826E-03  0.136826E-03 -0.310946E-08  0.120919E-03  0.906203E-05  0.360368E-09
  0.195545E+04  0.161835E-03  0.104271E-05  0.312192E-14  0.752364E-12  0.000000E+00  0.135632E-03  0.135632E-03  0.135632E-03 -0.308232E-08  0.119864E-03  0.897134E-05  0.355619E-09
  0.196448E+04  0.160424E-03  0.103283E-05  0.306426E-14  0.742481E-12  0.000000E+00  0.134449E-03  0.134449E-03  0.134449E-03 -0.305542E-08  0.118818E-03  0.888144E-05  0.350933E-09
  0.197354E+04  0.159024E-03  0.102304E-05  0.300766E-14  0.733770E-12  0.000000E+00  0.133276E-03  0.133276E-03  0.133276E-03 -0.302876E-08  0.117781E-03  0.879233E-05  0.346309E-09
  0.198265E+04  0.157637E-03  0.101334E-05  0.295209E-14  0.720978E-12  0.000000E+00  0.132114E-03  0.132114E-03  0.132114E-03 -0.300234E-08  0.116753E-03  0.870404E-05  0.341747E-09
  0.199180E+04  0.156261E-03  0.100371E-05  0.289748E-14  0.711975E-12  0.000000E+00  0.130960E-03  0.130960E-03  0.130960E-03 -0.297610E-08  0.115733E-03  0.861640E-05  0.337241E-09
  0.200100E+04  0.154897E-03  0.994170E-06  0.284390E-14  0.707728E-12  0.000000E+00  0.129817E-03  0.129817E-03  0.129817E-03 -0.295012E-08  0.114722E-03  0.852961E-05  0.332797E-09
  0.201023E+04  0.153546E-03  0.984719E-06  0.279130E-14  0.700247E-12  0.000000E+00  0.128685E-03  0.128685E-03  0.128685E-03 -0.292438E-08  0.113721E-03  0.844362E-05  0.328413E-09
  0.201951E+04  0.152207E-03  0.975352E-06  0.273966E-14  0.678574E-12  0.000000E+00  0.127562E-03  0.127562E-03  0.127562E-03 -0.289887E-08  0.112729E-03  0.835840E-05  0.324088E-09
  0.202884E+04  0.150880E-03  0.966066E-06  0.268896E-14  0.668264E-12  0.000000E+00  0.126449E-03  0.126449E-03  0.126449E-03 -0.287357E-08  0.111746E-03  0.827392E-05  0.319820E-09
  0.203820E+04  0.149562E-03  0.956850E-06  0.263915E-14  0.679472E-12  0.000000E+00  0.125345E-03  0.125345E-03  0.125345E-03 -0.284846E-08  0.110769E-03  0.819009E-05  0.315604E-09
  0.204761E+04  0.148256E-03  0.947713E-06  0.259024E-14  0.662567E-12  0.000000E+00  0.124250E-03  0.124250E-03  0.124250E-03 -0.282357E-08  0.109801E-03  0.810699E-05  0.311444E-09
  0.205706E+04  0.146963E-03  0.938669E-06  0.254226E-14  0.646495E-12  0.000000E+00  0.123166E-03  0.123166E-03  0.123166E-03 -0.279893E-08  0.108843E-03  0.802473E-05  0.307343E-09
  0.206655E+04  0.145681E-03  0.929706E-06  0.249516E-14  0.640688E-12  0.000000E+00  0.122092E-03  0.122092E-03  0.122092E-03 -0.277452E-08  0.107893E-03  0.794322E-05  0.303297E-09
  0.207609E+04  0.144410E-03  0.920816E-06  0.244889E-14  0.630123E-12  0.000000E+00  0.121027E-03  0.121027E-03  0.121027E-03 -0.275029E-08  0.106951E-03  0.786237E-05  0.299302E-09
  0.208568E+04  0.143151E-03  0.912011E-06  0.240349E-14  0.610008E-12  0.000000E+00  0.119971E-03  0.119971E-03  0.119971E-03 -0.272631E-08  0.106019E-03  0.778231E-05  0.295363E-09
  0.209530E+04  0.141896E-03  0.903229E-06  0.235878E-14  0.609309E-12  0.000000E+00  0.118919E-03  0.118919E-03  0.118919E-03 -0.270237E-08  0.105087E-03  0.770249E-05  0.291458E-09
  0.210497E+04  0.140657E-03  0.894563E-06  0.231498E-14  0.599136E-12  0.000000E+00  0.117881E-03  0.117881E-03  0.117881E-03 -0.267875E-08  0.104169E-03  0.762372E-05  0.287618E-09
  0.211469E+04  0.139429E-03  0.885977E-06  0.227199E-14  0.591493E-12  0.000000E+00  0.116852E-03  0.116852E-03  0.116852E-03 -0.265535E-08  0.103259E-03  0.754567E-05  0.283830E-09
  0.212445E+04  0.138213E-03  0.877476E-06  0.222981E-14  0.591058E-12  0.000000E+00  0.115832E-03  0.115832E-03  0.115832E-03 -0.263219E-08  0.102358E-03  0.746839E-05  0.280094E-09
  0.213426E+04  0.137007E-03  0.869042E-06  0.218838E-14  0.580239E-12  0.000000E+00  0.114821E-03  0.114821E-03  0.114821E-03 -0.260920E-08  0.101465E-03  0.739174E-05  0.276406E-09
  0.214411E+04  0.135811E-03  0.860684E-06  0.214771E-14  0.573074E-12  0.000000E+00  0.113819E-03  0.113819E-03  0.113819E-03 -0.258643E-08  0.100579E-03  0.731579E-05  0.272768E-09
  0.215401E+04  0.134626E-03  0.852397E-06  0.210778E-14  0.560608E-12  0.000000E+00  0.112826E-03  0.112826E-03  0.112826E-03 -0.256384E-08  0.997004E-04  0.724049E-05  0.269177E-09
  0.216395E+04  0.133447E-03  0.844153E-06  0.206850E-14  0.555704E-12  0.000000E+00  0.111838E-03  0.111838E-03  0.111838E-03 -0.254136E-08  0.988263E-04  0.716560E-05  0.265624E-09
  0.217394E+04  0.132282E-03  0.836013E-06  0.203002E-14  0.553096E-12  0.000000E+00  0.110862E-03  0.110862E-03  0.110862E-03 -0.251917E-08  0.979635E-04  0.709165E-05  0.262128E-09
  0.218397E+04  0.131128E-03  0.827943E-06  0.199224E-14  0.540701E-12  0.000000E+00  0.109894E-03  0.109894E-03  0.109894E-03 -0.249718E-08  0.971080E-04  0.701834E-05  0.258678E-09
  0.219405E+04  0.129983E-03  0.819941E-06  0.195514E-14  0.534604E-12  0.000000E+00  0.108934E-03  0.108934E-03  0.108934E-03 -0.247536E-08  0.962598E-04  0.694567E-05  0.255273E-09
  0.220418E+04  0.128850E-03  0.812020E-06  0.191874E-14  0.526362E-12  0.000000E+00  0.107984E-03  0.107984E-03  0.107984E-03 -0.245377E-08  0.954201E-04  0.687373E-05  0.251915E-09
  0.221435E+04  0.127725E-03  0.804163E-06  0.188300E-14  0.519984E-12  0.000000E+00  0.107042E-03  0.107042E-03  0.107042E-03 -0.243235E-08  0.945870E-04  0.680237E-05  0.248601E-09
  0.222457E+04  0.126610E-03  0.796371E-06  0.184790E-14  0.511347E-12  0.000000E+00  0.106107E-03  0.106107E-03  0.106107E-03 -0.241111E-08  0.937609E-04  0.673162E-05  0.245329E-09
  0.223484E+04  0.125505E-03  0.788647E-06  0.181344E-14  0.508372E-12  0.000000E+00  0.105181E-03  0.105181E-03  0.105181E-03 -0.239005E-08  0.929419E-04  0.666151E-05  0.242101E-09
  0.224516E+04  0.124412E-03  0.781014E-06  0.177966E-14  0.501462E-12  0.000000E+00  0.104265E-03  0.104265E-03  0.104265E-03 -0.236924E-08  0.921327E-04  0.659220E-05  0.238922E-09
  0.225552E+04  0.123326E-03  0.773426E-06  0.174645E-14  0.493836E-12  0.000000E+00  0.103354E-03  0.103354E-03  0.103354E-03 -0.234855E-08  0.913282E-04  0.652334E-05  0.235779E-09
  0.226593E+04  0.122247E-03  0.765888E-06  0.171381E-14  0.484264E-12  0.000000E+00  0.102450E-03  0.102450E-03  0.102450E-03 -0.232798E-08  0.905285E-04  0.645493E-05  0.232672E-09
  0.227639E+04  0.121179E-03  0.758427E-06  0.168179E-14  0.477295E-12  0.000000E+00  0.101555E-03  0.101555E-03  0.101555E-03 -0.230763E-08  0.897371E-04  0.638723E-05  0.229609E-09
  0.228690E+04  0.120122E-03  0.751038E-06  0.165038E-14  0.471472E-12  0.000000E+00  0.100669E-03  0.100669E-03  0.100669E-03 -0.228748E-08  0.889534E-04  0.632019E-05  0.226589E-09
  0.229745E+04  0.119073E-03  0.743717E-06  0.161954E-14  0.462225E-12  0.000000E+00  0.997899E-04  0.997899E-04  0.997899E-04 -0.226751E-08  0.881768E-04  0.625377E-05  0.223610E-09
  0.230806E+04  0.118028E-03  0.736412E-06  0.158916E-14  0.458799E-12  0.000000E+00  0.989139E-04  0.989139E-04  0.989139E-04 -0.224757E-08  0.874014E-04  0.618754E-05  0.220655E-09
  0.231871E+04  0.116997E-03  0.729214E-06  0.155943E-14  0.452737E-12  0.000000E+00  0.980500E-04  0.980500E-04  0.980500E-04 -0.222793E-08  0.866377E-04  0.612225E-05  0.217753E-09
  0.232941E+04  0.115975E-03  0.722074E-06  0.153024E-14  0.447701E-12  0.000000E+00  0.971931E-04  0.971931E-04  0.971931E-04 -0.220845E-08  0.858801E-04  0.605752E-05  0.214887E-09
  0.234017E+04  0.114963E-03  0.715004E-06  0.150160E-14  0.438924E-12  0.000000E+00  0.963444E-04  0.963444E-04  0.963444E-04 -0.218916E-08  0.851300E-04  0.599342E-05  0.212061E-09
  0.235097E+04  0.113959E-03  0.707994E-06  0.147348E-14  0.435318E-12  0.000000E+00  0.955030E-04  0.955030E-04  0.955030E-04 -0.217003E-08  0.843862E-04  0.592987E-05  0.209272E-09
  0.236182E+04  0.112963E-03  0.701046E-06  0.144587E-14  0.428632E-12  0.000000E+00  0.946688E-04  0.946688E-04  0.946688E-04 -0.215107E-08  0.836488E-04  0.586689E-05  0.206520E-09
  0.237272E+04  0.111977E-03  0.694160E-06  0.141877E-14  0.422291E-12  0.000000E+00  0.938421E-04  0.938421E-04  0.938421E-04 -0.213228E-08  0.829181E-04  0.580449E-05  0.203805E-09
  0.238367E+04  0.111007E-03  0.687394E-06  0.139229E-14  0.414654E-12  0.000000E+00  0.930287E-04  0.930287E-04  0.930287E-04 -0.211383E-08  0.822007E-04  0.574314E-05  0.201143E-09
  0.239468E+04  0.110037E-03  0.680627E-06  0.136617E-14  0.411664E-12  0.000000E+00  0.922160E-04  0.922160E-04  0.922160E-04 -0.209536E-08  0.814822E-04  0.568182E-05  0.198498E-09
  0.240573E+04  0.109076E-03  0.673919E-06  0.134053E-14  0.404927E-12  0.000000E+00  0.914106E-04  0.914106E-04  0.914106E-04 -0.207705E-08  0.807703E-04  0.562107E-05  0.195888E-09
  0.241683E+04  0.108130E-03  0.667326E-06  0.131547E-14  0.397127E-12  0.000000E+00  0.906179E-04  0.906179E-04  0.906179E-04 -0.205907E-08  0.800711E-04  0.556132E-05  0.193329E-09
  0.242799E+04  0.107186E-03  0.660735E-06  0.129076E-14  0.394320E-12  0.000000E+00  0.898262E-04  0.898262E-04  0.898262E-04 -0.204107E-08  0.793712E-04  0.550163E-05  0.190787E-09
  0.243920E+04  0.106250E-03  0.654207E-06  0.126652E-14  0.389709E-12  0.000000E+00  0.890420E-04  0.890420E-04  0.890420E-04 -0.202325E-08  0.786781E-04  0.544253E-05  0.188281E-09
  0.245046E+04  0.105322E-03  0.647733E-06  0.124271E-14  0.383226E-12  0.000000E+00  0.882642E-04  0.882642E-04  0.882642E-04 -0.200557E-08  0.779905E-04  0.538391E-05  0.185806E-09
  0.246177E+04  0.104402E-03  0.641315E-06  0.121934E-14  0.378306E-12  0.000000E+00  0.874932E-04  0.874932E-04  0.874932E-04 -0.198804E-08  0.773091E-04  0.532584E-05  0.183365E-09
  0.247313E+04  0.103490E-03  0.634954E-06  0.119640E-14  0.373190E-12  0.000000E+00  0.867287E-04  0.867287E-04  0.867287E-04 -0.197066E-08  0.766333E-04  0.526827E-05  0.180955E-09
  0.248454E+04  0.102586E-03  0.628648E-06  0.117388E-14  0.367723E-12  0.000000E+00  0.859709E-04  0.859709E-04  0.859709E-04 -0.195344E-08  0.759635E-04  0.521122E-05  0.178576E-09
  0.249601E+04  0.101690E-03  0.622401E-06  0.115178E-14  0.362160E-12  0.000000E+00  0.852200E-04  0.852200E-04  0.852200E-04 -0.193637E-08  0.752998E-04  0.515471E-05  0.176231E-09
  0.250753E+04  0.100802E-03  0.616207E-06  0.113008E-14  0.358607E-12  0.000000E+00  0.844755E-04  0.844755E-04  0.844755E-04 -0.191945E-08  0.746417E-04  0.509869E-05  0.173915E-09
  0.251911E+04  0.999213E-04  0.610065E-06  0.110878E-14  0.353169E-12  0.000000E+00  0.837372E-04  0.837372E-04  0.837372E-04 -0.190267E-08  0.739891E-04  0.504316E-05  0.171630E-09
  0.253074E+04  0.990485E-04  0.603980E-06  0.108788E-14  0.347522E-12  0.000000E+00  0.830057E-04  0.830057E-04  0.830057E-04 -0.188604E-08  0.733425E-04  0.498815E-05  0.169375E-09
  0.254242E+04  0.981834E-04  0.597950E-06  0.106736E-14  0.344076E-12  0.000000E+00  0.822805E-04  0.822805E-04  0.822805E-04 -0.186956E-08  0.727015E-04  0.493365E-05  0.167151E-09
  0.255415E+04  0.973254E-04  0.591971E-06  0.104721E-14  0.337728E-12  0.000000E+00  0.815614E-04  0.815614E-04  0.815614E-04 -0.185321E-08  0.720659E-04  0.487960E-05  0.164955E-09
  0.256594E+04  0.964744E-04  0.586040E-06  0.102743E-14  0.334289E-12  0.000000E+00  0.808482E-04  0.808482E-04  0.808482E-04 -0.183699E-08  0.714353E-04  0.482602E-05  0.162787E-09
  0.257779E+04  0.956318E-04  0.580168E-06  0.100803E-14  0.330008E-12  0.000000E+00  0.801419E-04  0.801419E-04  0.801419E-04 -0.182094E-08  0.708111E-04  0.477299E-05  0.160649E-09
  0.258968E+04  0.947963E-04  0.574347E-06  0.988977E-15  0.325147E-12  0.000000E+00  0.794416E-04  0.794416E-04  0.794416E-04 -0.180502E-08  0.701921E-04  0.472041E-05  0.158539E-09
  0.260164E+04  0.939677E-04  0.568574E-06  0.970276E-15  0.319930E-12  0.000000E+00  0.787471E-04  0.787471E-04  0.787471E-04 -0.178923E-08  0.695781E-04  0.466830E-05  0.156457E-09
  0.261365E+04  0.931473E-04  0.562860E-06  0.951932E-15  0.315612E-12  0.000000E+00  0.780595E-04  0.780595E-04  0.780595E-04 -0.177361E-08  0.689705E-04  0.461672E-05  0.154404E-09
  0.262571E+04  0.923337E-04  0.557194E-06  0.933921E-15  0.310977E-12  0.000000E+00  0.773775E-04  0.773775E-04  0.773775E-04 -0.175811E-08  0.683678E-04  0.456558E-05  0.152377E-09
  0.263783E+04  0.915269E-04  0.551576E-06  0.916240E-15  0.307073E-12  0.000000E+00  0.767013E-04  0.767013E-04  0.767013E-04 -0.174274E-08  0.677701E-04  0.451489E-05  0.150377E-09
  0.265001E+04  0.907271E-04  0.546008E-06  0.898886E-15  0.302854E-12  0.000000E+00  0.760309E-04  0.760309E-04  0.760309E-04 -0.172750E-08  0.671776E-04  0.446465E-05  0.148402E-09
  0.266224E+04  0.899344E-04  0.540490E-06  0.881853E-15  0.298629E-12  0.000000E+00  0.753665E-04  0.753665E-04  0.753665E-04 -0.171240E-08  0.665903E-04  0.441489E-05  0.146455E-09
  0.267453E+04  0.891486E-04  0.535020E-06  0.865135E-15  0.293986E-12  0.000000E+00  0.747078E-04  0.747078E-04  0.747078E-04 -0.169743E-08  0.660082E-04  0.436557E-05  0.144532E-09
  0.268687E+04  0.883693E-04  0.529597E-06  0.848723E-15  0.290720E-12  0.000000E+00  0.740547E-04  0.740547E-04  0.740547E-04 -0.168258E-08  0.654308E-04  0.431669E-05  0.142635E-09
  0.269927E+04  0.875972E-04  0.524224E-06  0.832619E-15  0.286402E-12  0.000000E+00  0.734075E-04  0.734075E-04  0.734075E-04 -0.166787E-08  0.648588E-04  0.426827E-05  0.140763E-09
  0.271173E+04  0.868318E-04  0.518900E-06  0.816812E-15  0.282932E-12  0.000000E+00  0.727660E-04  0.727660E-04  0.727660E-04 -0.165329E-08  0.642919E-04  0.422030E-05  0.138916E-09
  0.272425E+04  0.860727E-04  0.513619E-06  0.801293E-15  0.278912E-12  0.000000E+00  0.721297E-04  0.721297E-04  0.721297E-04 -0.163883E-08  0.637294E-04  0.417273E-05  0.137093E-09
  0.273682E+04  0.853201E-04  0.508384E-06  0.786062E-15  0.275039E-12  0.000000E+00  0.714989E-04  0.714989E-04  0.714989E-04 -0.162449E-08  0.631718E-04  0.412561E-05  0.135293E-09
  0.274946E+04  0.845747E-04  0.503201E-06  0.771119E-15  0.271441E-12  0.000000E+00  0.708741E-04  0.708741E-04  0.708741E-04 -0.161029E-08  0.626196E-04  0.407894E-05  0.133519E-09
  0.276215E+04  0.838370E-04  0.498074E-06  0.756467E-15  0.267428E-12  0.000000E+00  0.702558E-04  0.702558E-04  0.702558E-04 -0.159624E-08  0.620735E-04  0.403278E-05  0.131770E-09
  0.277490E+04  0.831066E-04  0.492999E-06  0.742097E-15  0.263637E-12  0.000000E+00  0.696436E-04  0.696436E-04  0.696436E-04 -0.158234E-08  0.615329E-04  0.398710E-05  0.130046E-09
  0.278770E+04  0.823803E-04  0.487951E-06  0.727968E-15  0.260483E-12  0.000000E+00  0.690349E-04  0.690349E-04  0.690349E-04 -0.156850E-08  0.609948E-04  0.394170E-05  0.128340E-09
  0.280057E+04  0.816604E-04  0.482949E-06  0.714102E-15  0.256536E-12  0.000000E+00  0.684315E-04  0.684315E-04  0.684315E-04 -0.155479E-08  0.604616E-04  0.389672E-05  0.126657E-09
  0.281350E+04  0.809464E-04  0.477988E-06  0.700488E-15  0.253644E-12  0.000000E+00  0.678330E-04  0.678330E-04  0.678330E-04 -0.154119E-08  0.599326E-04  0.385213E-05  0.124996E-09
  0.282649E+04  0.802387E-04  0.473072E-06  0.687128E-15  0.249965E-12  0.000000E+00  0.672398E-04  0.672398E-04  0.672398E-04 -0.152770E-08  0.594082E-04  0.380795E-05  0.123356E-09
  0.283953E+04  0.795383E-04  0.468209E-06  0.674030E-15  0.246147E-12  0.000000E+00  0.666528E-04  0.666528E-04  0.666528E-04 -0.151437E-08  0.588897E-04  0.376426E-05  0.121741E-09
  0.285264E+04  0.788431E-04  0.463381E-06  0.661163E-15  0.242884E-12  0.000000E+00  0.660701E-04  0.660701E-04  0.660701E-04 -0.150112E-08  0.583746E-04  0.372090E-05  0.120144E-09
  0.286581E+04  0.781536E-04  0.458595E-06  0.648533E-15  0.239757E-12  0.000000E+00  0.654922E-04  0.654922E-04  0.654922E-04 -0.148798E-08  0.578638E-04  0.367793E-05  0.118569E-09
  0.287903E+04  0.774778E-04  0.453909E-06  0.636219E-15  0.236412E-12  0.000000E+00  0.649258E-04  0.649258E-04  0.649258E-04 -0.147515E-08  0.573647E-04  0.363582E-05  0.117029E-09
  0.289232E+04  0.768006E-04  0.449209E-06  0.624057E-15  0.232852E-12  0.000000E+00  0.643581E-04  0.643581E-04  0.643581E-04 -0.146225E-08  0.568630E-04  0.359365E-05  0.115495E-09
  0.290567E+04  0.761289E-04  0.444550E-06  0.612117E-15  0.230116E-12  0.000000E+00  0.637951E-04  0.637951E-04  0.637951E-04 -0.144945E-08  0.563653E-04  0.355185E-05  0.113980E-09
  0.291909E+04  0.754651E-04  0.439946E-06  0.600421E-15  0.226874E-12  0.000000E+00  0.632387E-04  0.632387E-04  0.632387E-04 -0.143681E-08  0.558739E-04  0.351057E-05  0.112489E-09
  0.293256E+04  0.748057E-04  0.435374E-06  0.588929E-15  0.223633E-12  0.000000E+00  0.626861E-04  0.626861E-04  0.626861E-04 -0.142425E-08  0.553856E-04  0.346959E-05  0.111016E-09
  0.294610E+04  0.741515E-04  0.430838E-06  0.577644E-15  0.220583E-12  0.000000E+00  0.621377E-04  0.621377E-04  0.621377E-04 -0.141179E-08  0.549009E-04  0.342895E-05  0.109561E-09
  0.295969E+04  0.734813E-04  0.426183E-06  0.566356E-15  0.217293E-12  0.000000E+00  0.615760E-04  0.615760E-04  0.615760E-04 -0.139891E-08  0.544000E-04  0.338742E-05  0.108084E-09
  0.297335E+04  0.728374E-04  0.421719E-06  0.555481E-15  0.214585E-12  0.000000E+00  0.610363E-04  0.610363E-04  0.610363E-04 -0.138663E-08  0.539228E-04  0.334748E-05  0.106665E-09
  0.298708E+04  0.722005E-04  0.417308E-06  0.544822E-15  0.211527E-12  0.000000E+00  0.605025E-04  0.605025E-04  0.605025E-04 -0.137450E-08  0.534510E-04  0.330799E-05  0.105268E-09
  0.300087E+04  0.715689E-04  0.412933E-06  0.534360E-15  0.208692E-12  0.000000E+00  0.599731E-04  0.599731E-04  0.599731E-04 -0.136247E-08  0.529831E-04  0.326886E-05  0.103888E-09
  0.301472E+04  0.709378E-04  0.408562E-06  0.524046E-15  0.205973E-12  0.000000E+00  0.594442E-04  0.594442E-04  0.594442E-04 -0.135042E-08  0.525146E-04  0.322980E-05  0.102517E-09
  0.302863E+04  0.703107E-04  0.404218E-06  0.513910E-15  0.203042E-12  0.000000E+00  0.589185E-04  0.589185E-04  0.589185E-04 -0.133843E-08  0.520487E-04  0.319102E-05  0.101162E-09
  0.304261E+04  0.696954E-04  0.399960E-06  0.504025E-15  0.200166E-12  0.000000E+00  0.584028E-04  0.584028E-04  0.584028E-04 -0.132671E-08  0.515929E-04  0.315298E-05  0.998360E-10
  0.305666E+04  0.690860E-04  0.395744E-06  0.494328E-15  0.197462E-12  0.000000E+00  0.578920E-04  0.578920E-04  0.578920E-04 -0.131510E-08  0.511415E-04  0.311533E-05  0.985285E-10
  0.307077E+04  0.684818E-04  0.391566E-06  0.484813E-15  0.194955E-12  0.000000E+00  0.573856E-04  0.573856E-04  0.573856E-04 -0.130360E-08  0.506940E-04  0.307802E-05  0.972382E-10
  0.308494E+04  0.678830E-04  0.387426E-06  0.475476E-15  0.192249E-12  0.000000E+00  0.568837E-04  0.568837E-04  0.568837E-04 -0.129219E-08  0.502505E-04  0.304107E-05  0.959650E-10
  0.309918E+04  0.672891E-04  0.383321E-06  0.466312E-15  0.189614E-12  0.000000E+00  0.563860E-04  0.563860E-04  0.563860E-04 -0.128088E-08  0.498106E-04  0.300445E-05  0.947080E-10
  0.311348E+04  0.667007E-04  0.379255E-06  0.457322E-15  0.186839E-12  0.000000E+00  0.558928E-04  0.558928E-04  0.558928E-04 -0.126967E-08  0.493748E-04  0.296820E-05  0.934682E-10
  0.312786E+04  0.661171E-04  0.375223E-06  0.448498E-15  0.184256E-12  0.000000E+00  0.554036E-04  0.554036E-04  0.554036E-04 -0.125855E-08  0.489425E-04  0.293227E-05  0.922440E-10
  0.314229E+04  0.655384E-04  0.371226E-06  0.439837E-15  0.181838E-12  0.000000E+00  0.549186E-04  0.549186E-04  0.549186E-04 -0.124753E-08  0.485138E-04  0.289667E-05  0.910357E-10
  0.315680E+04  0.649652E-04  0.367269E-06  0.431343E-15  0.179237E-12  0.000000E+00  0.544381E-04  0.544381E-04  0.544381E-04 -0.123661E-08  0.480892E-04  0.286143E-05  0.898441E-10
  0.317137E+04  0.643968E-04  0.363346E-06  0.423007E-15  0.176730E-12  0.000000E+00  0.539617E-04  0.539617E-04  0.539617E-04 -0.122578E-08  0.476682E-04  0.282652E-05  0.886678E-10
  0.318601E+04  0.638332E-04  0.359457E-06  0.414826E-15  0.174370E-12  0.000000E+00  0.534893E-04  0.534893E-04  0.534893E-04 -0.121504E-08  0.472507E-04  0.279193E-05  0.875067E-10
  0.320071E+04  0.632746E-04  0.355604E-06  0.406799E-15  0.171999E-12  0.000000E+00  0.530211E-04  0.530211E-04  0.530211E-04 -0.120440E-08  0.468369E-04  0.275767E-05  0.863611E-10
  0.321549E+04  0.627209E-04  0.351787E-06  0.398924E-15  0.169667E-12  0.000000E+00  0.525570E-04  0.525570E-04  0.525570E-04 -0.119386E-08  0.464268E-04  0.272375E-05  0.852306E-10
  0.323033E+04  0.621718E-04  0.348003E-06  0.391195E-15  0.167227E-12  0.000000E+00  0.520968E-04  0.520968E-04  0.520968E-04 -0.118340E-08  0.460200E-04  0.269013E-05  0.841146E-10
  0.324524E+04  0.616280E-04  0.344256E-06  0.383615E-15  0.164987E-12  0.000000E+00  0.516410E-04  0.516410E-04  0.516410E-04 -0.117304E-08  0.456172E-04  0.265687E-05  0.830142E-10
  0.326022E+04  0.610888E-04  0.340542E-06  0.376177E-15  0.162720E-12  0.000000E+00  0.511891E-04  0.511891E-04  0.511891E-04 -0.116277E-08  0.452179E-04  0.262391E-05  0.819280E-10
  0.327527E+04  0.605539E-04  0.336859E-06  0.368876E-15  0.160491E-12  0.000000E+00  0.507408E-04  0.507408E-04  0.507408E-04 -0.115258E-08  0.448216E-04  0.259126E-05  0.808554E-10
  0.329039E+04  0.600241E-04  0.333212E-06  0.361716E-15  0.158295E-12  0.000000E+00  0.502967E-04  0.502967E-04  0.502967E-04 -0.114248E-08  0.444292E-04  0.255894E-05  0.797976E-10
  0.330557E+04  0.594989E-04  0.329599E-06  0.354690E-15  0.156151E-12  0.000000E+00  0.498565E-04  0.498565E-04  0.498565E-04 -0.113248E-08  0.440402E-04  0.252693E-05  0.787537E-10
  0.332083E+04  0.589779E-04  0.326017E-06  0.347795E-15  0.153944E-12  0.000000E+00  0.494198E-04  0.494198E-04  0.494198E-04 -0.112255E-08  0.436543E-04  0.249521E-05  0.777230E-10
  0.333616E+04  0.584615E-04  0.322467E-06  0.341030E-15  0.151879E-12  0.000000E+00  0.489870E-04  0.489870E-04  0.489870E-04 -0.111272E-08  0.432718E-04  0.246380E-05  0.767060E-10
  0.335156E+04  0.579501E-04  0.318952E-06  0.334397E-15  0.149833E-12  0.000000E+00  0.485583E-04  0.485583E-04  0.485583E-04 -0.110298E-08  0.428930E-04  0.243272E-05  0.757030E-10
  0.336703E+04  0.574428E-04  0.315468E-06  0.327886E-15  0.147687E-12  0.000000E+00  0.481332E-04  0.481332E-04  0.481332E-04 -0.109331E-08  0.425173E-04  0.240192E-05  0.747128E-10
  0.338257E+04  0.569400E-04  0.312016E-06  0.321499E-15  0.145713E-12  0.000000E+00  0.477118E-04  0.477118E-04  0.477118E-04 -0.108374E-08  0.421449E-04  0.237143E-05  0.737357E-10
  0.339818E+04  0.564418E-04  0.308597E-06  0.315234E-15  0.143624E-12  0.000000E+00  0.472942E-04  0.472942E-04  0.472942E-04 -0.107425E-08  0.417759E-04  0.234125E-05  0.727717E-10
  0.341387E+04  0.559448E-04  0.305187E-06  0.309065E-15  0.141749E-12  0.000000E+00  0.468776E-04  0.468776E-04  0.468776E-04 -0.106476E-08  0.414072E-04  0.231119E-05  0.718151E-10
  0.342963E+04  0.554543E-04  0.301824E-06  0.303029E-15  0.139756E-12  0.000000E+00  0.464665E-04  0.464665E-04  0.464665E-04 -0.105542E-08  0.410438E-04  0.228154E-05  0.708749E-10
  0.344546E+04  0.549698E-04  0.298503E-06  0.297119E-15  0.137874E-12  0.000000E+00  0.460604E-04  0.460604E-04  0.460604E-04 -0.104619E-08  0.406851E-04  0.225228E-05  0.699498E-10
  0.346136E+04  0.544880E-04  0.295202E-06  0.291311E-15  0.135972E-12  0.000000E+00  0.456566E-04  0.456566E-04  0.456566E-04 -0.103701E-08  0.403282E-04  0.222322E-05  0.690344E-10
  0.347734E+04  0.540109E-04  0.291935E-06  0.285616E-15  0.134068E-12  0.000000E+00  0.452567E-04  0.452567E-04  0.452567E-04 -0.102793E-08  0.399748E-04  0.219448E-05  0.681317E-10
  0.349339E+04  0.535383E-04  0.288700E-06  0.280031E-15  0.132240E-12  0.000000E+00  0.448606E-04  0.448606E-04  0.448606E-04 -0.101892E-08  0.396247E-04  0.216603E-05  0.672414E-10
  0.350951E+04  0.530689E-04  0.285490E-06  0.274546E-15  0.130397E-12  0.000000E+00  0.444672E-04  0.444672E-04  0.444672E-04 -0.100998E-08  0.392770E-04  0.213782E-05  0.663615E-10
  0.352571E+04  0.526041E-04  0.282311E-06  0.269169E-15  0.128692E-12  0.000000E+00  0.440776E-04  0.440776E-04  0.440776E-04 -0.100113E-08  0.389327E-04  0.210992E-05  0.654938E-10
  0.354199E+04  0.521461E-04  0.279181E-06  0.263912E-15  0.126904E-12  0.000000E+00  0.436937E-04  0.436937E-04  0.436937E-04 -0.992415E-09  0.385940E-04  0.208242E-05  0.646419E-10
  0.355833E+04  0.516896E-04  0.276063E-06  0.258738E-15  0.125154E-12  0.000000E+00  0.433111E-04  0.433111E-04  0.433111E-04 -0.983721E-09  0.382559E-04  0.205508E-05  0.637973E-10
  0.357476E+04  0.512367E-04  0.272972E-06  0.253661E-15  0.123425E-12  0.000000E+00  0.429315E-04  0.429315E-04  0.429315E-04 -0.975094E-09  0.379204E-04  0.202800E-05  0.629633E-10
  0.359126E+04  0.507884E-04  0.269913E-06  0.248684E-15  0.121735E-12  0.000000E+00  0.425557E-04  0.425557E-04  0.425557E-04 -0.966555E-09  0.375884E-04  0.200121E-05  0.621410E-10
  0.360784E+04  0.503435E-04  0.266879E-06  0.243800E-15  0.120077E-12  0.000000E+00  0.421829E-04  0.421829E-04  0.421829E-04 -0.958081E-09  0.372589E-04  0.197467E-05  0.613289E-10
  0.362449E+04  0.499025E-04  0.263873E-06  0.239008E-15  0.118394E-12  0.000000E+00  0.418132E-04  0.418132E-04  0.418132E-04 -0.949680E-09  0.369323E-04  0.194839E-05  0.605274E-10
  0.364122E+04  0.494657E-04  0.260898E-06  0.234310E-15  0.116806E-12  0.000000E+00  0.414472E-04  0.414472E-04  0.414472E-04 -0.941362E-09  0.366088E-04  0.192240E-05  0.597370E-10
  0.365803E+04  0.490325E-04  0.257948E-06  0.229700E-15  0.115191E-12  0.000000E+00  0.410840E-04  0.410840E-04  0.410840E-04 -0.933109E-09  0.362879E-04  0.189665E-05  0.589566E-10
  0.367491E+04  0.486028E-04  0.255025E-06  0.225177E-15  0.113582E-12  0.000000E+00  0.407239E-04  0.407239E-04  0.407239E-04 -0.924924E-09  0.359697E-04  0.187116E-05  0.581861E-10
  0.369187E+04  0.481776E-04  0.252133E-06  0.220744E-15  0.112071E-12  0.000000E+00  0.403675E-04  0.403675E-04  0.403675E-04 -0.916827E-09  0.356548E-04  0.184596E-05  0.574268E-10
  0.370891E+04  0.477556E-04  0.249266E-06  0.216393E-15  0.110502E-12  0.000000E+00  0.400138E-04  0.400138E-04  0.400138E-04 -0.908789E-09  0.353423E-04  0.182099E-05  0.566767E-10
  0.372603E+04  0.473371E-04  0.246423E-06  0.212125E-15  0.108985E-12  0.000000E+00  0.396631E-04  0.396631E-04  0.396631E-04 -0.900818E-09  0.350323E-04  0.179627E-05  0.559363E-10
  0.374323E+04  0.469231E-04  0.243613E-06  0.207943E-15  0.107518E-12  0.000000E+00  0.393160E-04  0.393160E-04  0.393160E-04 -0.892934E-09  0.347258E-04  0.177184E-05  0.552067E-10
  0.376051E+04  0.465119E-04  0.240824E-06  0.203837E-15  0.106032E-12  0.000000E+00  0.389715E-04  0.389715E-04  0.389715E-04 -0.885103E-09  0.344213E-04  0.174762E-05  0.544856E-10
  0.377787E+04  0.461043E-04  0.238061E-06  0.199809E-15  0.104571E-12  0.000000E+00  0.386298E-04  0.386298E-04  0.386298E-04 -0.877338E-09  0.341193E-04  0.172365E-05  0.537738E-10
  0.379531E+04  0.457007E-04  0.235327E-06  0.195861E-15  0.103132E-12  0.000000E+00  0.382915E-04  0.382915E-04  0.382915E-04 -0.869652E-09  0.338205E-04  0.169994E-05  0.530722E-10
  0.381282E+04  0.453002E-04  0.232616E-06  0.191986E-15  0.101717E-12  0.000000E+00  0.379559E-04  0.379559E-04  0.379559E-04 -0.862023E-09  0.335239E-04  0.167647E-05  0.523791E-10
  0.383042E+04  0.449033E-04  0.229931E-06  0.188187E-15  0.100323E-12  0.000000E+00  0.376232E-04  0.376232E-04  0.376232E-04 -0.854462E-09  0.332299E-04  0.165323E-05  0.516951E-10
  0.384810E+04  0.445098E-04  0.227271E-06  0.184460E-15  0.989417E-13  0.000000E+00  0.372934E-04  0.372934E-04  0.372934E-04 -0.846968E-09  0.329384E-04  0.163024E-05  0.510202E-10
  0.386587E+04  0.441198E-04  0.224636E-06  0.180805E-15  0.975871E-13  0.000000E+00  0.369665E-04  0.369665E-04  0.369665E-04 -0.839537E-09  0.326495E-04  0.160749E-05  0.503540E-10
  0.388371E+04  0.437330E-04  0.222026E-06  0.177219E-15  0.962551E-13  0.000000E+00  0.366423E-04  0.366423E-04  0.366423E-04 -0.832171E-09  0.323631E-04  0.158497E-05  0.496965E-10
  0.390164E+04  0.433501E-04  0.219443E-06  0.173706E-15  0.949226E-13  0.000000E+00  0.363214E-04  0.363214E-04  0.363214E-04 -0.824879E-09  0.320795E-04  0.156271E-05  0.490483E-10
  0.391965E+04  0.429701E-04  0.216882E-06  0.170257E-15  0.936359E-13  0.000000E+00  0.360029E-04  0.360029E-04  0.360029E-04 -0.817640E-09  0.317981E-04  0.154066E-05  0.484079E-10
  0.393774E+04  0.425936E-04  0.214346E-06  0.166876E-15  0.923338E-13  0.000000E+00  0.356874E-04  0.356874E-04  0.356874E-04 -0.810469E-09  0.315193E-04  0.151885E-05  0.477762E-10
  0.395591E+04  0.422204E-04  0.211834E-06  0.163560E-15  0.910748E-13  0.000000E+00  0.353746E-04  0.353746E-04  0.353746E-04 -0.803361E-09  0.312429E-04  0.149727E-05  0.471527E-10
  0.397417E+04  0.418502E-04  0.209345E-06  0.160307E-15  0.898205E-13  0.000000E+00  0.350643E-04  0.350643E-04  0.350643E-04 -0.796310E-09  0.309687E-04  0.147591E-05  0.465372E-10
  0.399252E+04  0.414836E-04  0.206882E-06  0.157119E-15  0.885914E-13  0.000000E+00  0.347570E-04  0.347570E-04  0.347570E-04 -0.789326E-09  0.306972E-04  0.145479E-05  0.459300E-10
  0.401095E+04  0.411202E-04  0.204443E-06  0.153992E-15  0.873813E-13  0.000000E+00  0.344525E-04  0.344525E-04  0.344525E-04 -0.782407E-09  0.304281E-04  0.143389E-05  0.453310E-10
  0.402946E+04  0.407600E-04  0.202026E-06  0.150926E-15  0.861740E-13  0.000000E+00  0.341506E-04  0.341506E-04  0.341506E-04 -0.775548E-09  0.301614E-04  0.141323E-05  0.447398E-10
  0.404806E+04  0.403965E-04  0.199592E-06  0.147889E-15  0.849911E-13  0.000000E+00  0.338459E-04  0.338459E-04  0.338459E-04 -0.768590E-09  0.298909E-04  0.139249E-05  0.441473E-10
  0.406674E+04  0.400424E-04  0.197221E-06  0.144940E-15  0.838272E-13  0.000000E+00  0.335491E-04  0.335491E-04  0.335491E-04 -0.761846E-09  0.296286E-04  0.137225E-05  0.435713E-10
  0.408551E+04  0.396912E-04  0.194872E-06  0.142047E-15  0.826762E-13  0.000000E+00  0.332547E-04  0.332547E-04  0.332547E-04 -0.755156E-09  0.293685E-04  0.135223E-05  0.430026E-10
  0.410437E+04  0.393435E-04  0.192548E-06  0.139213E-15  0.815393E-13  0.000000E+00  0.329633E-04  0.329633E-04  0.329633E-04 -0.748535E-09  0.291111E-04  0.133244E-05  0.424419E-10
  0.412332E+04  0.390004E-04  0.190256E-06  0.136440E-15  0.804233E-13  0.000000E+00  0.326758E-04  0.326758E-04  0.326758E-04 -0.742011E-09  0.288574E-04  0.131293E-05  0.418907E-10
  0.414235E+04  0.386584E-04  0.187975E-06  0.133713E-15  0.793172E-13  0.000000E+00  0.323892E-04  0.323892E-04  0.323892E-04 -0.735497E-09  0.286041E-04  0.129356E-05  0.413442E-10
  0.416147E+04  0.383198E-04  0.185718E-06  0.131040E-15  0.782292E-13  0.000000E+00  0.321054E-04  0.321054E-04  0.321054E-04 -0.729050E-09  0.283534E-04  0.127441E-05  0.408053E-10
  0.418068E+04  0.379837E-04  0.183480E-06  0.128418E-15  0.771543E-13  0.000000E+00  0.318237E-04  0.318237E-04  0.318237E-04 -0.722648E-09  0.281045E-04  0.125545E-05  0.402729E-10
  0.419998E+04  0.376507E-04  0.181265E-06  0.125847E-15  0.760936E-13  0.000000E+00  0.315446E-04  0.315446E-04  0.315446E-04 -0.716305E-09  0.278579E-04  0.123671E-05  0.397476E-10
  0.421936E+04  0.373208E-04  0.179072E-06  0.123327E-15  0.750540E-13  0.000000E+00  0.312680E-04  0.312680E-04  0.312680E-04 -0.710022E-09  0.276136E-04  0.121818E-05  0.392294E-10
  0.423884E+04  0.369960E-04  0.176915E-06  0.120866E-15  0.740211E-13  0.000000E+00  0.309959E-04  0.309959E-04  0.309959E-04 -0.703850E-09  0.273736E-04  0.119995E-05  0.387211E-10
  0.425840E+04  0.366651E-04  0.174724E-06  0.118415E-15  0.730079E-13  0.000000E+00  0.307185E-04  0.307185E-04  0.307185E-04 -0.697514E-09  0.271272E-04  0.118155E-05  0.382075E-10
  0.427806E+04  0.363438E-04  0.172595E-06  0.116041E-15  0.720034E-13  0.000000E+00  0.304493E-04  0.304493E-04  0.304493E-04 -0.691396E-09  0.268893E-04  0.116364E-05  0.377095E-10
  0.429781E+04  0.360249E-04  0.170485E-06  0.113710E-15  0.710160E-13  0.000000E+00  0.301820E-04  0.301820E-04  0.301820E-04 -0.685322E-09  0.266532E-04  0.114590E-05  0.372175E-10
  0.431764E+04  0.357091E-04  0.168398E-06  0.111427E-15  0.700432E-13  0.000000E+00  0.299173E-04  0.299173E-04  0.299173E-04 -0.679308E-09  0.264193E-04  0.112838E-05  0.367324E-10
  0.433757E+04  0.353961E-04  0.166331E-06  0.109188E-15  0.690786E-13  0.000000E+00  0.296549E-04  0.296549E-04  0.296549E-04 -0.673347E-09  0.261875E-04  0.111106E-05  0.362535E-10
  0.435759E+04  0.350855E-04  0.164282E-06  0.106992E-15  0.681336E-13  0.000000E+00  0.293947E-04  0.293947E-04  0.293947E-04 -0.667432E-09  0.259575E-04  0.109393E-05  0.357806E-10
  0.437771E+04  0.347781E-04  0.162257E-06  0.104841E-15  0.671966E-13  0.000000E+00  0.291370E-04  0.291370E-04  0.291370E-04 -0.661579E-09  0.257299E-04  0.107700E-05  0.353145E-10
  0.439791E+04  0.344732E-04  0.160250E-06  0.102731E-15  0.662747E-13  0.000000E+00  0.288815E-04  0.288815E-04  0.288815E-04 -0.655772E-09  0.255042E-04  0.106026E-05  0.348542E-10
  0.441821E+04  0.341708E-04  0.158263E-06  0.100663E-15  0.653658E-13  0.000000E+00  0.286280E-04  0.286280E-04  0.286280E-04 -0.650013E-09  0.252802E-04  0.104371E-05  0.343997E-10
  0.443861E+04  0.338713E-04  0.156297E-06  0.986353E-16  0.644683E-13  0.000000E+00  0.283770E-04  0.283770E-04  0.283770E-04 -0.644311E-09  0.250585E-04  0.102735E-05  0.339515E-10
  0.445910E+04  0.335746E-04  0.154351E-06  0.966482E-16  0.635831E-13  0.000000E+00  0.281283E-04  0.281283E-04  0.281283E-04 -0.638661E-09  0.248388E-04  0.101119E-05  0.335093E-10
  0.447968E+04  0.332801E-04  0.152423E-06  0.946993E-16  0.627112E-13  0.000000E+00  0.278815E-04  0.278815E-04  0.278815E-04 -0.633055E-09  0.246208E-04  0.995210E-06  0.330725E-10
  0.450035E+04  0.329938E-04  0.150546E-06  0.928085E-16  0.618503E-13  0.000000E+00  0.276416E-04  0.276416E-04  0.276416E-04 -0.627631E-09  0.244099E-04  0.979620E-06  0.326484E-10
  0.452113E+04  0.326987E-04  0.148623E-06  0.909146E-16  0.610010E-13  0.000000E+00  0.273942E-04  0.273942E-04  0.273942E-04 -0.621981E-09  0.241902E-04  0.963788E-06  0.322156E-10
  0.454200E+04  0.324120E-04  0.146753E-06  0.890790E-16  0.601652E-13  0.000000E+00  0.271540E-04  0.271540E-04  0.271540E-04 -0.616523E-09  0.239780E-04  0.948360E-06  0.317960E-10
  0.456296E+04  0.321277E-04  0.144900E-06  0.872787E-16  0.593385E-13  0.000000E+00  0.269157E-04  0.269157E-04  0.269157E-04 -0.611108E-09  0.237674E-04  0.933107E-06  0.313814E-10
  0.458402E+04  0.318457E-04  0.143067E-06  0.855138E-16  0.585239E-13  0.000000E+00  0.266794E-04  0.266794E-04  0.266794E-04 -0.605738E-09  0.235587E-04  0.918030E-06  0.309723E-10
  0.460518E+04  0.315666E-04  0.141253E-06  0.837851E-16  0.577210E-13  0.000000E+00  0.264455E-04  0.264455E-04  0.264455E-04 -0.600424E-09  0.233521E-04  0.903149E-06  0.305689E-10
  0.462644E+04  0.312895E-04  0.139455E-06  0.820891E-16  0.569290E-13  0.000000E+00  0.262132E-04  0.262132E-04  0.262132E-04 -0.595147E-09  0.231468E-04  0.888429E-06  0.301702E-10
  0.464779E+04  0.310151E-04  0.137677E-06  0.804273E-16  0.561477E-13  0.000000E+00  0.259832E-04  0.259832E-04  0.259832E-04 -0.589921E-09  0.229436E-04  0.873891E-06  0.297770E-10
  0.466925E+04  0.307431E-04  0.135918E-06  0.787985E-16  0.553765E-13  0.000000E+00  0.257552E-04  0.257552E-04  0.257552E-04 -0.584742E-09  0.227423E-04  0.859529E-06  0.293891E-10
  0.469080E+04  0.304732E-04  0.134175E-06  0.772012E-16  0.546166E-13  0.000000E+00  0.255291E-04  0.255291E-04  0.255291E-04 -0.579602E-09  0.225424E-04  0.845332E-06  0.290058E-10
  0.471245E+04  0.302060E-04  0.132451E-06  0.756366E-16  0.538673E-13  0.000000E+00  0.253051E-04  0.253051E-04  0.253051E-04 -0.574514E-09  0.223446E-04  0.831320E-06  0.286279E-10
  0.473420E+04  0.299402E-04  0.130740E-06  0.741002E-16  0.531286E-13  0.000000E+00  0.250824E-04  0.250824E-04  0.250824E-04 -0.569450E-09  0.221476E-04  0.817445E-06  0.282539E-10
  0.475605E+04  0.296776E-04  0.129052E-06  0.725968E-16  0.523985E-13  0.000000E+00  0.248623E-04  0.248623E-04  0.248623E-04 -0.564449E-09  0.219532E-04  0.803766E-06  0.278858E-10
  0.477801E+04  0.294174E-04  0.127381E-06  0.711238E-16  0.516796E-13  0.000000E+00  0.246442E-04  0.246442E-04  0.246442E-04 -0.559495E-09  0.217606E-04  0.790265E-06  0.275226E-10
  0.480006E+04  0.291612E-04  0.125737E-06  0.696854E-16  0.509703E-13  0.000000E+00  0.244295E-04  0.244295E-04  0.244295E-04 -0.554627E-09  0.215713E-04  0.776986E-06  0.271662E-10
  0.482222E+04  0.289054E-04  0.124100E-06  0.682697E-16  0.502711E-13  0.000000E+00  0.242151E-04  0.242151E-04  0.242151E-04 -0.549756E-09  0.213819E-04  0.763807E-06  0.268122E-10
  0.484448E+04  0.286506E-04  0.122474E-06  0.668789E-16  0.495810E-13  0.000000E+00  0.240016E-04  0.240016E-04  0.240016E-04 -0.544900E-09  0.211930E-04  0.750755E-06  0.264614E-10
  0.486684E+04  0.283992E-04  0.120870E-06  0.655190E-16  0.489008E-13  0.000000E+00  0.237909E-04  0.237909E-04  0.237909E-04 -0.540112E-09  0.210069E-04  0.737903E-06  0.261165E-10
  0.488930E+04  0.281501E-04  0.119284E-06  0.641866E-16  0.482293E-13  0.000000E+00  0.235821E-04  0.235821E-04  0.235821E-04 -0.535369E-09  0.208224E-04  0.725217E-06  0.257763E-10
  0.491187E+04  0.279029E-04  0.117713E-06  0.628802E-16  0.475678E-13  0.000000E+00  0.233750E-04  0.233750E-04  0.233750E-04 -0.530662E-09  0.206394E-04  0.712682E-06  0.254402E-10
  0.493454E+04  0.276579E-04  0.116159E-06  0.615997E-16  0.469150E-13  0.000000E+00  0.231696E-04  0.231696E-04  0.231696E-04 -0.525997E-09  0.204580E-04  0.700305E-06  0.251085E-10
  0.495732E+04  0.274155E-04  0.114623E-06  0.603463E-16  0.462711E-13  0.000000E+00  0.229665E-04  0.229665E-04  0.229665E-04 -0.521383E-09  0.202786E-04  0.688103E-06  0.247816E-10
  0.498020E+04  0.271748E-04  0.113101E-06  0.591165E-16  0.456361E-13  0.000000E+00  0.227647E-04  0.227647E-04  0.227647E-04 -0.516798E-09  0.201003E-04  0.676041E-06  0.244585E-10
  0.500319E+04  0.269364E-04  0.111597E-06  0.579122E-16  0.450100E-13  0.000000E+00  0.225650E-04  0.225650E-04  0.225650E-04 -0.512261E-09  0.199239E-04  0.664144E-06  0.241399E-10
  0.502628E+04  0.266999E-04  0.110108E-06  0.567313E-16  0.443917E-13  0.000000E+00  0.223668E-04  0.223668E-04  0.223668E-04 -0.507757E-09  0.197488E-04  0.652392E-06  0.238251E-10
  0.504948E+04  0.264655E-04  0.108634E-06  0.555741E-16  0.437828E-13  0.000000E+00  0.221703E-04  0.221703E-04  0.221703E-04 -0.503292E-09  0.195752E-04  0.640795E-06  0.235145E-10
  0.507279E+04  0.262316E-04  0.107168E-06  0.544363E-16  0.431819E-13  0.000000E+00  0.219743E-04  0.219743E-04  0.219743E-04 -0.498832E-09  0.194017E-04  0.629303E-06  0.232062E-10
  0.509620E+04  0.260030E-04  0.105734E-06  0.533297E-16  0.425892E-13  0.000000E+00  0.217827E-04  0.217827E-04  0.217827E-04 -0.494486E-09  0.192328E-04  0.618061E-06  0.229055E-10
  0.511973E+04  0.257748E-04  0.104308E-06  0.522414E-16  0.420046E-13  0.000000E+00  0.215915E-04  0.215915E-04  0.215915E-04 -0.490143E-09  0.190639E-04  0.606921E-06  0.226071E-10
  0.514336E+04  0.255521E-04  0.102915E-06  0.511836E-16  0.414286E-13  0.000000E+00  0.214048E-04  0.214048E-04  0.214048E-04 -0.485920E-09  0.188997E-04  0.596027E-06  0.223163E-10
  0.516710E+04  0.253276E-04  0.101518E-06  0.501379E-16  0.408598E-13  0.000000E+00  0.212167E-04  0.212167E-04  0.212167E-04 -0.481647E-09  0.187335E-04  0.585173E-06  0.220252E-10
  0.519095E+04  0.251055E-04  0.100138E-06  0.491139E-16  0.402988E-13  0.000000E+00  0.210305E-04  0.210305E-04  0.210305E-04 -0.477417E-09  0.185690E-04  0.574471E-06  0.217383E-10
  0.521491E+04  0.248849E-04  0.987712E-07  0.481097E-16  0.397461E-13  0.000000E+00  0.208457E-04  0.208457E-04  0.208457E-04 -0.473217E-09  0.184057E-04  0.563905E-06  0.214547E-10
  0.523898E+04  0.246666E-04  0.974207E-07  0.471266E-16  0.392006E-13  0.000000E+00  0.206627E-04  0.206627E-04  0.206627E-04 -0.469061E-09  0.182441E-04  0.553492E-06  0.211752E-10
  0.526316E+04  0.244500E-04  0.960842E-07  0.461630E-16  0.386627E-13  0.000000E+00  0.204812E-04  0.204812E-04  0.204812E-04 -0.464938E-09  0.180838E-04  0.543216E-06  0.208991E-10
  0.528746E+04  0.242356E-04  0.947632E-07  0.452193E-16  0.381321E-13  0.000000E+00  0.203015E-04  0.203015E-04  0.203015E-04 -0.460855E-09  0.179250E-04  0.533085E-06  0.206268E-10
  0.531186E+04  0.240230E-04  0.934568E-07  0.442946E-16  0.376088E-13  0.000000E+00  0.201233E-04  0.201233E-04  0.201233E-04 -0.456808E-09  0.177677E-04  0.523095E-06  0.203581E-10
  0.533638E+04  0.238117E-04  0.921621E-07  0.433875E-16  0.370926E-13  0.000000E+00  0.199463E-04  0.199463E-04  0.199463E-04 -0.452784E-09  0.176112E-04  0.513230E-06  0.200923E-10
  0.536101E+04  0.236027E-04  0.908839E-07  0.424997E-16  0.365836E-13  0.000000E+00  0.197712E-04  0.197712E-04  0.197712E-04 -0.448806E-09  0.174565E-04  0.503511E-06  0.198304E-10
  0.538576E+04  0.233961E-04  0.896223E-07  0.416310E-16  0.360814E-13  0.000000E+00  0.195980E-04  0.195980E-04  0.195980E-04 -0.444875E-09  0.173036E-04  0.493943E-06  0.195724E-10
  0.541062E+04  0.231906E-04  0.883716E-07  0.407784E-16  0.355863E-13  0.000000E+00  0.194258E-04  0.194258E-04  0.194258E-04 -0.440962E-09  0.171515E-04  0.484493E-06  0.193171E-10
  0.543559E+04  0.229870E-04  0.871353E-07  0.399434E-16  0.350979E-13  0.000000E+00  0.192552E-04  0.192552E-04  0.192552E-04 -0.437087E-09  0.170008E-04  0.475179E-06  0.190652E-10
  0.546068E+04  0.227849E-04  0.859116E-07  0.391248E-16  0.346164E-13  0.000000E+00  0.190858E-04  0.190858E-04  0.190858E-04 -0.433239E-09  0.168512E-04  0.465990E-06  0.188164E-10
  0.548589E+04  0.225850E-04  0.847036E-07  0.383237E-16  0.341411E-13  0.000000E+00  0.189183E-04  0.189183E-04  0.189183E-04 -0.429434E-09  0.167032E-04  0.456945E-06  0.185711E-10
  0.551121E+04  0.223866E-04  0.835078E-07  0.375383E-16  0.336726E-13  0.000000E+00  0.187521E-04  0.187521E-04  0.187521E-04 -0.425656E-09  0.165563E-04  0.448024E-06  0.183288E-10
  0.553665E+04  0.221900E-04  0.823258E-07  0.367689E-16  0.332106E-13  0.000000E+00  0.185873E-04  0.185873E-04  0.185873E-04 -0.421912E-09  0.164107E-04  0.439232E-06  0.180897E-10
  0.556220E+04  0.219951E-04  0.811573E-07  0.360153E-16  0.327549E-13  0.000000E+00  0.184240E-04  0.184240E-04  0.184240E-04 -0.418202E-09  0.162665E-04  0.430569E-06  0.178537E-10
  0.558788E+04  0.218001E-04  0.799937E-07  0.352732E-16  0.323051E-13  0.000000E+00  0.182605E-04  0.182605E-04  0.182605E-04 -0.414480E-09  0.161218E-04  0.421986E-06  0.176189E-10
  0.561367E+04  0.216087E-04  0.788520E-07  0.345502E-16  0.318619E-13  0.000000E+00  0.181001E-04  0.181001E-04  0.181001E-04 -0.410836E-09  0.159801E-04  0.413580E-06  0.173890E-10
  0.563958E+04  0.214190E-04  0.777238E-07  0.338421E-16  0.314248E-13  0.000000E+00  0.179412E-04  0.179412E-04  0.179412E-04 -0.407226E-09  0.158397E-04  0.405300E-06  0.171622E-10
  0.566561E+04  0.212309E-04  0.766081E-07  0.331482E-16  0.309934E-13  0.000000E+00  0.177836E-04  0.177836E-04  0.177836E-04 -0.403645E-09  0.157004E-04  0.397141E-06  0.169383E-10
  0.569176E+04  0.210444E-04  0.755048E-07  0.324683E-16  0.305680E-13  0.000000E+00  0.176272E-04  0.176272E-04  0.176272E-04 -0.400093E-09  0.155623E-04  0.389102E-06  0.167171E-10
  0.571803E+04  0.208594E-04  0.744139E-07  0.318022E-16  0.301486E-13  0.000000E+00  0.174722E-04  0.174722E-04  0.174722E-04 -0.396571E-09  0.154253E-04  0.381182E-06  0.164988E-10
  0.574443E+04  0.206765E-04  0.733384E-07  0.311508E-16  0.297348E-13  0.000000E+00  0.173190E-04  0.173190E-04  0.173190E-04 -0.393093E-09  0.152901E-04  0.373398E-06  0.162838E-10
  0.577094E+04  0.204949E-04  0.722732E-07  0.305119E-16  0.293268E-13  0.000000E+00  0.171668E-04  0.171668E-04  0.171668E-04 -0.389634E-09  0.151556E-04  0.365720E-06  0.160712E-10
  0.579758E+04  0.203149E-04  0.712210E-07  0.298862E-16  0.289244E-13  0.000000E+00  0.170159E-04  0.170159E-04  0.170159E-04 -0.386209E-09  0.150224E-04  0.358164E-06  0.158615E-10
  0.582434E+04  0.201363E-04  0.701804E-07  0.292730E-16  0.285272E-13  0.000000E+00  0.168663E-04  0.168663E-04  0.168663E-04 -0.382809E-09  0.148902E-04  0.350720E-06  0.156543E-10
  0.585122E+04  0.199594E-04  0.691524E-07  0.286726E-16  0.281360E-13  0.000000E+00  0.167180E-04  0.167180E-04  0.167180E-04 -0.379441E-09  0.147592E-04  0.343396E-06  0.154498E-10
  0.587823E+04  0.197841E-04  0.681369E-07  0.280846E-16  0.277498E-13  0.000000E+00  0.165711E-04  0.165711E-04  0.165711E-04 -0.376104E-09  0.146295E-04  0.336187E-06  0.152481E-10
  0.590537E+04  0.196102E-04  0.671328E-07  0.275084E-16  0.273688E-13  0.000000E+00  0.164254E-04  0.164254E-04  0.164254E-04 -0.372793E-09  0.145007E-04  0.329089E-06  0.150489E-10
  0.593262E+04  0.194381E-04  0.661418E-07  0.269445E-16  0.269933E-13  0.000000E+00  0.162812E-04  0.162812E-04  0.162812E-04 -0.369518E-09  0.143734E-04  0.322110E-06  0.148525E-10
  0.596001E+04  0.192671E-04  0.651610E-07  0.263916E-16  0.266230E-13  0.000000E+00  0.161379E-04  0.161379E-04  0.161379E-04 -0.366262E-09  0.142467E-04  0.315234E-06  0.146583E-10
  0.598752E+04  0.190979E-04  0.641934E-07  0.258506E-16  0.262576E-13  0.000000E+00  0.159961E-04  0.159961E-04  0.159961E-04 -0.363042E-09  0.141216E-04  0.308477E-06  0.144669E-10
  0.601515E+04  0.189300E-04  0.632363E-07  0.253203E-16  0.258972E-13  0.000000E+00  0.158554E-04  0.158554E-04  0.158554E-04 -0.359844E-09  0.139972E-04  0.301823E-06  0.142777E-10
  0.604292E+04  0.187636E-04  0.622913E-07  0.248012E-16  0.255420E-13  0.000000E+00  0.157160E-04  0.157160E-04  0.157160E-04 -0.356677E-09  0.138740E-04  0.295281E-06  0.140911E-10
  0.607081E+04  0.185988E-04  0.613583E-07  0.242928E-16  0.251912E-13  0.000000E+00  0.155779E-04  0.155779E-04  0.155779E-04 -0.353541E-09  0.137521E-04  0.288847E-06  0.139070E-10
  0.609883E+04  0.184352E-04  0.604355E-07  0.237946E-16  0.248455E-13  0.000000E+00  0.154408E-04  0.154408E-04  0.154408E-04 -0.350426E-09  0.136310E-04  0.282515E-06  0.137251E-10
  0.612698E+04  0.182733E-04  0.595251E-07  0.233070E-16  0.245047E-13  0.000000E+00  0.153051E-04  0.153051E-04  0.153051E-04 -0.347345E-09  0.135111E-04  0.276294E-06  0.135457E-10
  0.615527E+04  0.181122E-04  0.586234E-07  0.228286E-16  0.241684E-13  0.000000E+00  0.151701E-04  0.151701E-04  0.151701E-04 -0.344276E-09  0.133918E-04  0.270167E-06  0.133682E-10
  0.618368E+04  0.179544E-04  0.577406E-07  0.223631E-16  0.238306E-13  0.000000E+00  0.150379E-04  0.150379E-04  0.150379E-04 -0.341280E-09  0.132753E-04  0.264178E-06  0.131947E-10
  0.621222E+04  0.177965E-04  0.568624E-07  0.219048E-16  0.235095E-13  0.000000E+00  0.149056E-04  0.149056E-04  0.149056E-04 -0.338273E-09  0.131583E-04  0.258262E-06  0.130220E-10
  0.624089E+04  0.176401E-04  0.559957E-07  0.214561E-16  0.231869E-13  0.000000E+00  0.147745E-04  0.147745E-04  0.147745E-04 -0.335296E-09  0.130426E-04  0.252449E-06  0.128516E-10
  0.626970E+04  0.174839E-04  0.551353E-07  0.210150E-16  0.228688E-13  0.000000E+00  0.146437E-04  0.146437E-04  0.146437E-04 -0.332318E-09  0.129268E-04  0.246717E-06  0.126825E-10
  0.629864E+04  0.173298E-04  0.542883E-07  0.205840E-16  0.225548E-13  0.000000E+00  0.145145E-04  0.145145E-04  0.145145E-04 -0.329381E-09  0.128126E-04  0.241096E-06  0.125161E-10
  0.632771E+04  0.171776E-04  0.534545E-07  0.201629E-16  0.222453E-13  0.000000E+00  0.143870E-04  0.143870E-04  0.143870E-04 -0.326486E-09  0.127000E-04  0.235584E-06  0.123525E-10
  0.635692E+04  0.170265E-04  0.526302E-07  0.197502E-16  0.219401E-13  0.000000E+00  0.142604E-04  0.142604E-04  0.142604E-04 -0.323610E-09  0.125882E-04  0.230165E-06  0.121908E-10
  0.638626E+04  0.168769E-04  0.518169E-07  0.193462E-16  0.216390E-13  0.000000E+00  0.141350E-04  0.141350E-04  0.141350E-04 -0.320763E-09  0.124774E-04  0.224843E-06  0.120313E-10
  0.641574E+04  0.167284E-04  0.510130E-07  0.189502E-16  0.213420E-13  0.000000E+00  0.140106E-04  0.140106E-04  0.140106E-04 -0.317935E-09  0.123674E-04  0.219615E-06  0.118736E-10
  0.644535E+04  0.165819E-04  0.502222E-07  0.185635E-16  0.210492E-13  0.000000E+00  0.138878E-04  0.138878E-04  0.138878E-04 -0.315149E-09  0.122591E-04  0.214490E-06  0.117187E-10
  0.647510E+04  0.164361E-04  0.494394E-07  0.181841E-16  0.207603E-13  0.000000E+00  0.137657E-04  0.137657E-04  0.137657E-04 -0.312375E-09  0.121512E-04  0.209450E-06  0.115652E-10
  0.650499E+04  0.162916E-04  0.486667E-07  0.178125E-16  0.204754E-13  0.000000E+00  0.136446E-04  0.136446E-04  0.136446E-04 -0.309625E-09  0.120443E-04  0.204501E-06  0.114137E-10
  0.653502E+04  0.161482E-04  0.479036E-07  0.174485E-16  0.201945E-13  0.000000E+00  0.135245E-04  0.135245E-04  0.135245E-04 -0.306896E-09  0.119382E-04  0.199642E-06  0.112641E-10
  0.656518E+04  0.160060E-04  0.471498E-07  0.170918E-16  0.199173E-13  0.000000E+00  0.134053E-04  0.134053E-04  0.134053E-04 -0.304188E-09  0.118329E-04  0.194870E-06  0.111164E-10
  0.659549E+04  0.158654E-04  0.464072E-07  0.167430E-16  0.196440E-13  0.000000E+00  0.132875E-04  0.132875E-04  0.132875E-04 -0.301512E-09  0.117288E-04  0.190192E-06  0.109708E-10
  0.662593E+04  0.157258E-04  0.456737E-07  0.164013E-16  0.193744E-13  0.000000E+00  0.131706E-04  0.131706E-04  0.131706E-04 -0.298856E-09  0.116255E-04  0.185600E-06  0.108270E-10
  0.665651E+04  0.155876E-04  0.449500E-07  0.160667E-16  0.191086E-13  0.000000E+00  0.130547E-04  0.130547E-04  0.130547E-04 -0.296224E-09  0.115232E-04  0.181095E-06  0.106850E-10
  0.668724E+04  0.154503E-04  0.442353E-07  0.157389E-16  0.188463E-13  0.000000E+00  0.129397E-04  0.129397E-04  0.129397E-04 -0.293612E-09  0.114216E-04  0.176673E-06  0.105448E-10
  0.671810E+04  0.153146E-04  0.435311E-07  0.154183E-16  0.185876E-13  0.000000E+00  0.128260E-04  0.128260E-04  0.128260E-04 -0.291030E-09  0.113211E-04  0.172341E-06  0.104067E-10
  0.674911E+04  0.151798E-04  0.428354E-07  0.151040E-16  0.183327E-13  0.000000E+00  0.127130E-04  0.127130E-04  0.127130E-04 -0.288464E-09  0.112214E-04  0.168088E-06  0.102701E-10
  0.678027E+04  0.150445E-04  0.421428E-07  0.147941E-16  0.180810E-13  0.000000E+00  0.125996E-04  0.125996E-04  0.125996E-04 -0.285879E-09  0.111208E-04  0.163894E-06  0.101338E-10
  0.681156E+04  0.149121E-04  0.414658E-07  0.144929E-16  0.178329E-13  0.000000E+00  0.124887E-04  0.124887E-04  0.124887E-04 -0.283359E-09  0.110228E-04  0.159807E-06  0.100008E-10
  0.684300E+04  0.147808E-04  0.407979E-07  0.141979E-16  0.175881E-13  0.000000E+00  0.123788E-04  0.123788E-04  0.123788E-04 -0.280861E-09  0.109257E-04  0.155800E-06  0.986951E-11
  0.687459E+04  0.146509E-04  0.401394E-07  0.139093E-16  0.173468E-13  0.000000E+00  0.122699E-04  0.122699E-04  0.122699E-04 -0.278388E-09  0.108295E-04  0.151875E-06  0.974002E-11
  0.690632E+04  0.145219E-04  0.394895E-07  0.136264E-16  0.171088E-13  0.000000E+00  0.121618E-04  0.121618E-04  0.121618E-04 -0.275934E-09  0.107341E-04  0.148027E-06  0.961209E-11
  0.693820E+04  0.143943E-04  0.388490E-07  0.133497E-16  0.168739E-13  0.000000E+00  0.120549E-04  0.120549E-04  0.120549E-04 -0.273505E-09  0.106396E-04  0.144258E-06  0.948598E-11
  0.697022E+04  0.142675E-04  0.382163E-07  0.130784E-16  0.166424E-13  0.000000E+00  0.119486E-04  0.119486E-04  0.119486E-04 -0.271091E-09  0.105457E-04  0.140562E-06  0.936125E-11
  0.700240E+04  0.141420E-04  0.375931E-07  0.128131E-16  0.164140E-13  0.000000E+00  0.118435E-04  0.118435E-04  0.118435E-04 -0.268704E-09  0.104529E-04  0.136946E-06  0.923834E-11
  0.703472E+04  0.140174E-04  0.369779E-07  0.125530E-16  0.161887E-13  0.000000E+00  0.117391E-04  0.117391E-04  0.117391E-04 -0.266333E-09  0.103607E-04  0.133401E-06  0.911685E-11
  0.706719E+04  0.138943E-04  0.363722E-07  0.122988E-16  0.159666E-13  0.000000E+00  0.116359E-04  0.116359E-04  0.116359E-04 -0.263990E-09  0.102696E-04  0.129934E-06  0.899719E-11
  0.709981E+04  0.137719E-04  0.357741E-07  0.120495E-16  0.157474E-13  0.000000E+00  0.115334E-04  0.115334E-04  0.115334E-04 -0.261662E-09  0.101790E-04  0.126537E-06  0.887888E-11
  0.713258E+04  0.136508E-04  0.351848E-07  0.118056E-16  0.155314E-13  0.000000E+00  0.114320E-04  0.114320E-04  0.114320E-04 -0.259357E-09  0.100894E-04  0.123212E-06  0.876221E-11
  0.716550E+04  0.135306E-04  0.346034E-07  0.115666E-16  0.153183E-13  0.000000E+00  0.113313E-04  0.113313E-04  0.113313E-04 -0.257070E-09  0.100004E-04  0.119957E-06  0.864694E-11
  0.719858E+04  0.134116E-04  0.340306E-07  0.113328E-16  0.151081E-13  0.000000E+00  0.112316E-04  0.112316E-04  0.112316E-04 -0.254806E-09  0.991239E-05  0.116774E-06  0.853328E-11
  0.723181E+04  0.132936E-04  0.334656E-07  0.111037E-16  0.149008E-13  0.000000E+00  0.111327E-04  0.111327E-04  0.111327E-04 -0.252560E-09  0.982505E-05  0.113658E-06  0.842103E-11
  0.726519E+04  0.131766E-04  0.329089E-07  0.108795E-16  0.146962E-13  0.000000E+00  0.110347E-04  0.110347E-04  0.110347E-04 -0.250334E-09  0.973850E-05  0.110610E-06  0.831027E-11
  0.729872E+04  0.130606E-04  0.323597E-07  0.106598E-16  0.144946E-13  0.000000E+00  0.109375E-04  0.109375E-04  0.109375E-04 -0.248126E-09  0.965261E-05  0.107628E-06  0.820086E-11
  0.733241E+04  0.129455E-04  0.318184E-07  0.104447E-16  0.142956E-13  0.000000E+00  0.108411E-04  0.108411E-04  0.108411E-04 -0.245937E-09  0.956747E-05  0.104713E-06  0.809285E-11
  0.736626E+04  0.128317E-04  0.312854E-07  0.102342E-16  0.140994E-13  0.000000E+00  0.107457E-04  0.107457E-04  0.107457E-04 -0.243771E-09  0.948323E-05  0.101863E-06  0.798639E-11
  0.740026E+04  0.127188E-04  0.307599E-07  0.100281E-16  0.139060E-13  0.000000E+00  0.106511E-04  0.106511E-04  0.106511E-04 -0.241622E-09  0.939967E-05  0.990774E-07  0.788124E-11
  0.743441E+04  0.126068E-04  0.302420E-07  0.982624E-17  0.137152E-13  0.000000E+00  0.105573E-04  0.105573E-04  0.105573E-04 -0.239492E-09  0.931684E-05  0.963545E-07  0.777746E-11
  0.746873E+04  0.124990E-04  0.297412E-07  0.963173E-17  0.135270E-13  0.000000E+00  0.104670E-04  0.104670E-04  0.104670E-04 -0.237458E-09  0.923770E-05  0.937238E-07  0.767749E-11
  0.750320E+04  0.123892E-04  0.292389E-07  0.943838E-17  0.133413E-13  0.000000E+00  0.103750E-04  0.103750E-04  0.103750E-04 -0.235370E-09  0.915651E-05  0.911256E-07  0.757653E-11
  0.753784E+04  0.122802E-04  0.287433E-07  0.924882E-17  0.131582E-13  0.000000E+00  0.102837E-04  0.102837E-04  0.102837E-04 -0.233295E-09  0.907581E-05  0.885851E-07  0.747670E-11
  0.757263E+04  0.121721E-04  0.282551E-07  0.906326E-17  0.129777E-13  0.000000E+00  0.101931E-04  0.101931E-04  0.101931E-04 -0.231240E-09  0.899587E-05  0.861046E-07  0.737820E-11
  0.760758E+04  0.120648E-04  0.277735E-07  0.888136E-17  0.127996E-13  0.000000E+00  0.101033E-04  0.101033E-04  0.101033E-04 -0.229198E-09  0.891644E-05  0.836805E-07  0.728082E-11
  0.764270E+04  0.119586E-04  0.272995E-07  0.870338E-17  0.126239E-13  0.000000E+00  0.100143E-04  0.100143E-04  0.100143E-04 -0.227177E-09  0.883784E-05  0.813152E-07  0.718482E-11
  0.767798E+04  0.118533E-04  0.268326E-07  0.852909E-17  0.124507E-13  0.000000E+00  0.992604E-05  0.992604E-05  0.992604E-05 -0.225173E-09  0.875990E-05  0.790063E-07  0.709003E-11
  0.771342E+04  0.117491E-04  0.263730E-07  0.835854E-17  0.122799E-13  0.000000E+00  0.983869E-05  0.983869E-05  0.983869E-05 -0.223190E-09  0.868277E-05  0.767542E-07  0.699658E-11
  0.774902E+04  0.116454E-04  0.259195E-07  0.819126E-17  0.121113E-13  0.000000E+00  0.975187E-05  0.975187E-05  0.975187E-05 -0.221217E-09  0.860604E-05  0.745542E-07  0.690412E-11
  0.778479E+04  0.115429E-04  0.254735E-07  0.802767E-17  0.119451E-13  0.000000E+00  0.966601E-05  0.966601E-05  0.966601E-05 -0.219267E-09  0.853020E-05  0.724100E-07  0.681304E-11
  0.782072E+04  0.114413E-04  0.250342E-07  0.786745E-17  0.117812E-13  0.000000E+00  0.958086E-05  0.958086E-05  0.958086E-05 -0.217333E-09  0.845499E-05  0.703184E-07  0.672311E-11
  0.785682E+04  0.113406E-04  0.246018E-07  0.771063E-17  0.116195E-13  0.000000E+00  0.949653E-05  0.949653E-05  0.949653E-05 -0.215419E-09  0.838052E-05  0.682796E-07  0.663441E-11
  0.789308E+04  0.112407E-04  0.241756E-07  0.755692E-17  0.114601E-13  0.000000E+00  0.941280E-05  0.941280E-05  0.941280E-05 -0.213516E-09  0.830654E-05  0.662905E-07  0.654673E-11
  0.792952E+04  0.111417E-04  0.237563E-07  0.740650E-17  0.113028E-13  0.000000E+00  0.932992E-05  0.932992E-05  0.932992E-05 -0.211634E-09  0.823334E-05  0.643528E-07  0.646030E-11
  0.796612E+04  0.110436E-04  0.233432E-07  0.725916E-17  0.111477E-13  0.000000E+00  0.924771E-05  0.924771E-05  0.924771E-05 -0.209767E-09  0.816072E-05  0.624639E-07  0.637493E-11
  0.800289E+04  0.109465E-04  0.229370E-07  0.711499E-17  0.109947E-13  0.000000E+00  0.916634E-05  0.916634E-05  0.916634E-05 -0.207920E-09  0.808888E-05  0.606246E-07  0.629079E-11
  0.803983E+04  0.108500E-04  0.225367E-07  0.697369E-17  0.108438E-13  0.000000E+00  0.908556E-05  0.908556E-05  0.908556E-05 -0.206086E-09  0.801752E-05  0.588318E-07  0.620763E-11
  0.807694E+04  0.107545E-04  0.221428E-07  0.683537E-17  0.106951E-13  0.000000E+00  0.900555E-05  0.900555E-05  0.900555E-05 -0.204269E-09  0.794685E-05  0.570862E-07  0.612559E-11
  0.811422E+04  0.106598E-04  0.217548E-07  0.669982E-17  0.105483E-13  0.000000E+00  0.892615E-05  0.892615E-05  0.892615E-05 -0.202465E-09  0.787672E-05  0.553860E-07  0.604456E-11
  0.815167E+04  0.105657E-04  0.213726E-07  0.656696E-17  0.104036E-13  0.000000E+00  0.884733E-05  0.884733E-05  0.884733E-05 -0.200674E-09  0.780705E-05  0.537298E-07  0.596447E-11
  0.818930E+04  0.104726E-04  0.209969E-07  0.643702E-17  0.102608E-13  0.000000E+00  0.876937E-05  0.876937E-05  0.876937E-05 -0.198904E-09  0.773819E-05  0.521193E-07  0.588557E-11
  0.822710E+04  0.103805E-04  0.206276E-07  0.630990E-17  0.101200E-13  0.000000E+00  0.869225E-05  0.869225E-05  0.869225E-05 -0.197153E-09  0.767010E-05  0.505533E-07  0.580782E-11
  0.826507E+04  0.102891E-04  0.202639E-07  0.618529E-17  0.998109E-14  0.000000E+00  0.861566E-05  0.861566E-05  0.861566E-05 -0.195414E-09  0.760246E-05  0.490288E-07  0.573097E-11
  0.830322E+04  0.101986E-04  0.199061E-07  0.606331E-17  0.984414E-14  0.000000E+00  0.853983E-05  0.853983E-05  0.853983E-05 -0.193693E-09  0.753550E-05  0.475465E-07  0.565519E-11
  0.834155E+04  0.101087E-04  0.195539E-07  0.594378E-17  0.970901E-14  0.000000E+00  0.846458E-05  0.846458E-05  0.846458E-05 -0.191984E-09  0.746904E-05  0.461047E-07  0.558033E-11
  0.838005E+04  0.100197E-04  0.192073E-07  0.582672E-17  0.957583E-14  0.000000E+00  0.839002E-05  0.839002E-05  0.839002E-05 -0.190291E-09  0.740319E-05  0.447032E-07  0.550646E-11
  0.841873E+04  0.993136E-05  0.188661E-07  0.571198E-17  0.944442E-14  0.000000E+00  0.831599E-05  0.831599E-05  0.831599E-05 -0.188609E-09  0.733778E-05  0.433401E-07  0.543345E-11
  0.845759E+04  0.984396E-05  0.185309E-07  0.559974E-17  0.931483E-14  0.000000E+00  0.824278E-05  0.824278E-05  0.824278E-05 -0.186947E-09  0.727313E-05  0.420167E-07  0.536154E-11
  0.849663E+04  0.975725E-05  0.182009E-07  0.548976E-17  0.918699E-14  0.000000E+00  0.817015E-05  0.817015E-05  0.817015E-05 -0.185298E-09  0.720899E-05  0.407306E-07  0.529051E-11
  0.853585E+04  0.967129E-05  0.178763E-07  0.538204E-17  0.906092E-14  0.000000E+00  0.809814E-05  0.809814E-05  0.809814E-05 -0.183663E-09  0.714539E-05  0.394813E-07  0.522040E-11
  0.857525E+04  0.958592E-05  0.175567E-07  0.527640E-17  0.893654E-14  0.000000E+00  0.802663E-05  0.802663E-05  0.802663E-05 -0.182038E-09  0.708219E-05  0.382674E-07  0.515109E-11
  0.861483E+04  0.950159E-05  0.172430E-07  0.517313E-17  0.881394E-14  0.000000E+00  0.795599E-05  0.795599E-05  0.795599E-05 -0.180435E-09  0.701982E-05  0.370904E-07  0.508288E-11
  0.865460E+04  0.941787E-05  0.169341E-07  0.507189E-17  0.869302E-14  0.000000E+00  0.788586E-05  0.788586E-05  0.788586E-05 -0.178843E-09  0.695788E-05  0.359475E-07  0.501547E-11
  0.869454E+04  0.933495E-05  0.166306E-07  0.497278E-17  0.857371E-14  0.000000E+00  0.781641E-05  0.781641E-05  0.781641E-05 -0.177266E-09  0.689655E-05  0.348386E-07  0.494899E-11
  0.873468E+04  0.925253E-05  0.163316E-07  0.487554E-17  0.845606E-14  0.000000E+00  0.774737E-05  0.774737E-05  0.774737E-05 -0.175697E-09  0.683555E-05  0.337619E-07  0.488323E-11
  0.877499E+04  0.917098E-05  0.160379E-07  0.478039E-17  0.834001E-14  0.000000E+00  0.767907E-05  0.767907E-05  0.767907E-05 -0.174146E-09  0.677521E-05  0.327183E-07  0.481842E-11
  0.881550E+04  0.909004E-05  0.157489E-07  0.468710E-17  0.822557E-14  0.000000E+00  0.761126E-05  0.761126E-05  0.761126E-05 -0.172606E-09  0.671530E-05  0.317060E-07  0.475438E-11
  0.885619E+04  0.901001E-05  0.154652E-07  0.459587E-17  0.811270E-14  0.000000E+00  0.754423E-05  0.754423E-05  0.754423E-05 -0.171085E-09  0.665611E-05  0.307254E-07  0.469132E-11
  0.889706E+04  0.893052E-05  0.151859E-07  0.450638E-17  0.800137E-14  0.000000E+00  0.747765E-05  0.747765E-05  0.747765E-05 -0.169572E-09  0.659729E-05  0.297744E-07  0.462898E-11
  0.893813E+04  0.884879E-05  0.149050E-07  0.441682E-17  0.789157E-14  0.000000E+00  0.740919E-05  0.740919E-05  0.740919E-05 -0.168002E-09  0.653621E-05  0.288408E-07  0.456551E-11
  0.897939E+04  0.877076E-05  0.146353E-07  0.433101E-17  0.778328E-14  0.000000E+00  0.734383E-05  0.734383E-05  0.734383E-05 -0.166518E-09  0.647848E-05  0.279488E-07  0.450484E-11
  0.902084E+04  0.869341E-05  0.143703E-07  0.424694E-17  0.767647E-14  0.000000E+00  0.727905E-05  0.727905E-05  0.727905E-05 -0.165047E-09  0.642126E-05  0.270851E-07  0.444497E-11
  0.906247E+04  0.861675E-05  0.141097E-07  0.416459E-17  0.757113E-14  0.000000E+00  0.721484E-05  0.721484E-05  0.721484E-05 -0.163589E-09  0.636455E-05  0.262486E-07  0.438588E-11
  0.910430E+04  0.854069E-05  0.138535E-07  0.408386E-17  0.746722E-14  0.000000E+00  0.715113E-05  0.715113E-05  0.715113E-05 -0.162142E-09  0.630826E-05  0.254390E-07  0.432752E-11
  0.914633E+04  0.846540E-05  0.136019E-07  0.400483E-17  0.736477E-14  0.000000E+00  0.708807E-05  0.708807E-05  0.708807E-05 -0.160710E-09  0.625257E-05  0.246558E-07  0.426999E-11
  0.918855E+04  0.839077E-05  0.133547E-07  0.392741E-17  0.726370E-14  0.000000E+00  0.702556E-05  0.702556E-05  0.702556E-05 -0.159291E-09  0.619737E-05  0.238980E-07  0.421322E-11
  0.923096E+04  0.831679E-05  0.131117E-07  0.385154E-17  0.716403E-14  0.000000E+00  0.696359E-05  0.696359E-05  0.696359E-05 -0.157884E-09  0.614264E-05  0.231650E-07  0.415718E-11
  0.927357E+04  0.824340E-05  0.128728E-07  0.377718E-17  0.706571E-14  0.000000E+00  0.690213E-05  0.690213E-05  0.690213E-05 -0.156488E-09  0.608835E-05  0.224562E-07  0.410184E-11
  0.931637E+04  0.817076E-05  0.126383E-07  0.370438E-17  0.696877E-14  0.000000E+00  0.684129E-05  0.684129E-05  0.684129E-05 -0.155107E-09  0.603463E-05  0.217713E-07  0.404729E-11
  0.935937E+04  0.809869E-05  0.124077E-07  0.363301E-17  0.687316E-14  0.000000E+00  0.678092E-05  0.678092E-05  0.678092E-05 -0.153737E-09  0.598131E-05  0.211090E-07  0.399342E-11
  0.940257E+04  0.802729E-05  0.121813E-07  0.356310E-17  0.677881E-14  0.000000E+00  0.672112E-05  0.672112E-05  0.672112E-05 -0.152379E-09  0.592850E-05  0.204692E-07  0.394028E-11
  0.944597E+04  0.795632E-05  0.119584E-07  0.349448E-17  0.668580E-14  0.000000E+00  0.666168E-05  0.666168E-05  0.666168E-05 -0.151029E-09  0.587597E-05  0.198506E-07  0.388771E-11
  0.948957E+04  0.788627E-05  0.117401E-07  0.342742E-17  0.659406E-14  0.000000E+00  0.660302E-05  0.660302E-05  0.660302E-05 -0.149697E-09  0.582418E-05  0.192540E-07  0.383602E-11
  0.953338E+04  0.781668E-05  0.115253E-07  0.336161E-17  0.650357E-14  0.000000E+00  0.654473E-05  0.654473E-05  0.654473E-05 -0.148374E-09  0.577270E-05  0.186776E-07  0.378491E-11
  0.957738E+04  0.774776E-05  0.113144E-07  0.329715E-17  0.641431E-14  0.000000E+00  0.648701E-05  0.648701E-05  0.648701E-05 -0.147064E-09  0.572173E-05  0.181212E-07  0.373451E-11
  0.962159E+04  0.767931E-05  0.111070E-07  0.323391E-17  0.632630E-14  0.000000E+00  0.642967E-05  0.642967E-05  0.642967E-05 -0.145761E-09  0.567107E-05  0.175841E-07  0.368468E-11
  0.966600E+04  0.761163E-05  0.109036E-07  0.317204E-17  0.623949E-14  0.000000E+00  0.637300E-05  0.637300E-05  0.637300E-05 -0.144475E-09  0.562103E-05  0.170662E-07  0.363563E-11
  0.971062E+04  0.754450E-05  0.107038E-07  0.311137E-17  0.615387E-14  0.000000E+00  0.631677E-05  0.631677E-05  0.631677E-05 -0.143199E-09  0.557137E-05  0.165665E-07  0.358718E-11
  0.975544E+04  0.747784E-05  0.105073E-07  0.305186E-17  0.606941E-14  0.000000E+00  0.626094E-05  0.626094E-05  0.626094E-05 -0.141931E-09  0.552205E-05  0.160843E-07  0.353930E-11
  0.980047E+04  0.741192E-05  0.103146E-07  0.299361E-17  0.598614E-14  0.000000E+00  0.620573E-05  0.620573E-05  0.620573E-05 -0.140677E-09  0.547330E-05  0.156197E-07  0.349214E-11
  0.984570E+04  0.734652E-05  0.101253E-07  0.293649E-17  0.590400E-14  0.000000E+00  0.615096E-05  0.615096E-05  0.615096E-05 -0.139434E-09  0.542492E-05  0.151717E-07  0.344557E-11
  0.989115E+04  0.728174E-05  0.993948E-08  0.288053E-17  0.582298E-14  0.000000E+00  0.609670E-05  0.609670E-05  0.609670E-05 -0.138203E-09  0.537702E-05  0.147401E-07  0.339964E-11
  0.993680E+04  0.721737E-05  0.975674E-08  0.282561E-17  0.574308E-14  0.000000E+00  0.604279E-05  0.604279E-05  0.604279E-05 -0.136978E-09  0.532938E-05  0.143238E-07  0.335423E-11
  0.998267E+04  0.715378E-05  0.957768E-08  0.277188E-17  0.566427E-14  0.000000E+00  0.598954E-05  0.598954E-05  0.598954E-05 -0.135770E-09  0.528237E-05  0.139233E-07  0.330953E-11
  0.100287E+05  0.709059E-05  0.940160E-08  0.271914E-17  0.558654E-14  0.000000E+00  0.593662E-05  0.593662E-05  0.593662E-05 -0.134568E-09  0.523562E-05  0.135371E-07  0.326534E-11
  0.100750E+05  0.702809E-05  0.922894E-08  0.266751E-17  0.550988E-14  0.000000E+00  0.588427E-05  0.588427E-05  0.588427E-05 -0.133380E-09  0.518941E-05  0.131656E-07  0.322180E-11
  0.101215E+05  0.696604E-05  0.905928E-08  0.261686E-17  0.543426E-14  0.000000E+00  0.583231E-05  0.583231E-05  0.583231E-05 -0.132200E-09  0.514352E-05  0.128076E-07  0.317879E-11
  0.101683E+05  0.690450E-05  0.889264E-08  0.256719E-17  0.535971E-14  0.000000E+00  0.578077E-05  0.578077E-05  0.578077E-05 -0.131030E-09  0.509799E-05  0.124628E-07  0.313632E-11
  0.102152E+05  0.684360E-05  0.872921E-08  0.251854E-17  0.528616E-14  0.000000E+00  0.572977E-05  0.572977E-05  0.572977E-05 -0.129872E-09  0.505295E-05  0.121312E-07  0.309446E-11
  0.102623E+05  0.678319E-05  0.856872E-08  0.247084E-17  0.521362E-14  0.000000E+00  0.567918E-05  0.567918E-05  0.567918E-05 -0.128724E-09  0.500828E-05  0.118119E-07  0.305314E-11
  0.103097E+05  0.672335E-05  0.841123E-08  0.242409E-17  0.514207E-14  0.000000E+00  0.562907E-05  0.562907E-05  0.562907E-05 -0.127586E-09  0.496403E-05  0.115048E-07  0.301239E-11
  0.103573E+05  0.666391E-05  0.825643E-08  0.237821E-17  0.507151E-14  0.000000E+00  0.557929E-05  0.557929E-05  0.557929E-05 -0.126456E-09  0.492005E-05  0.112089E-07  0.297210E-11
  0.104051E+05  0.660521E-05  0.810483E-08  0.233332E-17  0.500192E-14  0.000000E+00  0.553012E-05  0.553012E-05  0.553012E-05 -0.125340E-09  0.487665E-05  0.109248E-07  0.293246E-11
  0.104531E+05  0.654691E-05  0.795585E-08  0.228927E-17  0.493329E-14  0.000000E+00  0.548130E-05  0.548130E-05  0.548130E-05 -0.124232E-09  0.483354E-05  0.106511E-07  0.289329E-11
  0.105014E+05  0.648910E-05  0.780960E-08  0.224607E-17  0.486559E-14  0.000000E+00  0.543289E-05  0.543289E-05  0.543289E-05 -0.123133E-09  0.479079E-05  0.103879E-07  0.285462E-11
  0.105499E+05  0.643184E-05  0.766610E-08  0.220373E-17  0.479882E-14  0.000000E+00  0.538493E-05  0.538493E-05  0.538493E-05 -0.122045E-09  0.474844E-05  0.101347E-07  0.281648E-11
  0.105986E+05  0.637516E-05  0.752540E-08  0.216225E-17  0.473297E-14  0.000000E+00  0.533747E-05  0.533747E-05  0.533747E-05 -0.120968E-09  0.470655E-05  0.989134E-08  0.277890E-11
  0.106475E+05  0.631890E-05  0.738718E-08  0.212155E-17  0.466802E-14  0.000000E+00  0.529036E-05  0.529036E-05  0.529036E-05 -0.119899E-09  0.466495E-05  0.965700E-08  0.274177E-11
  0.106966E+05  0.626296E-05  0.725128E-08  0.208157E-17  0.460397E-14  0.000000E+00  0.524351E-05  0.524351E-05  0.524351E-05 -0.118834E-09  0.462355E-05  0.943129E-08  0.270504E-11
  0.107460E+05  0.620777E-05  0.711828E-08  0.204248E-17  0.454079E-14  0.000000E+00  0.519730E-05  0.519730E-05  0.519730E-05 -0.117786E-09  0.458276E-05  0.921461E-08  0.266893E-11
  0.107956E+05  0.615416E-05  0.698935E-08  0.200460E-17  0.447848E-14  0.000000E+00  0.515240E-05  0.515240E-05  0.515240E-05 -0.116773E-09  0.454335E-05  0.900819E-08  0.263390E-11
  0.108454E+05  0.609973E-05  0.686095E-08  0.196693E-17  0.441703E-14  0.000000E+00  0.510681E-05  0.510681E-05  0.510681E-05 -0.115738E-09  0.450308E-05  0.880718E-08  0.259862E-11
  0.108955E+05  0.604525E-05  0.673421E-08  0.192977E-17  0.435642E-14  0.000000E+00  0.506120E-05  0.506120E-05  0.506120E-05 -0.114699E-09  0.446267E-05  0.861277E-08  0.256354E-11
  0.109458E+05  0.599189E-05  0.661075E-08  0.189359E-17  0.429664E-14  0.000000E+00  0.501651E-05  0.501651E-05  0.501651E-05 -0.113685E-09  0.442322E-05  0.842680E-08  0.252926E-11
  0.109963E+05  0.593901E-05  0.648960E-08  0.185812E-17  0.423767E-14  0.000000E+00  0.497223E-05  0.497223E-05  0.497223E-05 -0.112680E-09  0.438412E-05  0.824775E-08  0.249545E-11
  0.110471E+05  0.588645E-05  0.637054E-08  0.182327E-17  0.417953E-14  0.000000E+00  0.492822E-05  0.492822E-05  0.492822E-05 -0.111680E-09  0.434523E-05  0.807510E-08  0.246200E-11
  0.110981E+05  0.583452E-05  0.625393E-08  0.178917E-17  0.412218E-14  0.000000E+00  0.488473E-05  0.488473E-05  0.488473E-05 -0.110694E-09  0.430684E-05  0.790906E-08  0.242909E-11
  0.111493E+05  0.578301E-05  0.613946E-08  0.175571E-17  0.406561E-14  0.000000E+00  0.484159E-05  0.484159E-05  0.484159E-05 -0.109715E-09  0.426875E-05  0.774901E-08  0.239660E-11
  0.112007E+05  0.573176E-05  0.602688E-08  0.172282E-17  0.400982E-14  0.000000E+00  0.479868E-05  0.479868E-05  0.479868E-05 -0.108740E-09  0.423082E-05  0.759443E-08  0.236444E-11
  0.112524E+05  0.567878E-05  0.591352E-08  0.168973E-17  0.395480E-14  0.000000E+00  0.475431E-05  0.475431E-05  0.475431E-05 -0.107720E-09  0.419117E-05  0.744173E-08  0.233156E-11
  0.113044E+05  0.562854E-05  0.580531E-08  0.165815E-17  0.390053E-14  0.000000E+00  0.471224E-05  0.471224E-05  0.471224E-05 -0.106765E-09  0.415401E-05  0.729815E-08  0.230032E-11
  0.113566E+05  0.557890E-05  0.569934E-08  0.162724E-17  0.384701E-14  0.000000E+00  0.467067E-05  0.467067E-05  0.467067E-05 -0.105822E-09  0.411732E-05  0.715985E-08  0.226957E-11
  0.114090E+05  0.552962E-05  0.559527E-08  0.159689E-17  0.379422E-14  0.000000E+00  0.462941E-05  0.462941E-05  0.462941E-05 -0.104886E-09  0.408089E-05  0.702618E-08  0.223919E-11
  0.114616E+05  0.548074E-05  0.549311E-08  0.156711E-17  0.374216E-14  0.000000E+00  0.458848E-05  0.458848E-05  0.458848E-05 -0.103957E-09  0.404475E-05  0.689698E-08  0.220919E-11
  0.115145E+05  0.543234E-05  0.539293E-08  0.153792E-17  0.369080E-14  0.000000E+00  0.454795E-05  0.454795E-05  0.454795E-05 -0.103037E-09  0.400896E-05  0.677215E-08  0.217962E-11
  0.115677E+05  0.538434E-05  0.529461E-08  0.150928E-17  0.364016E-14  0.000000E+00  0.450775E-05  0.450775E-05  0.450775E-05 -0.102125E-09  0.397347E-05  0.665138E-08  0.215044E-11
  0.116211E+05  0.533676E-05  0.519814E-08  0.148119E-17  0.359021E-14  0.000000E+00  0.446791E-05  0.446791E-05  0.446791E-05 -0.101221E-09  0.393830E-05  0.653448E-08  0.212164E-11
  0.116747E+05  0.528950E-05  0.510336E-08  0.145360E-17  0.354094E-14  0.000000E+00  0.442834E-05  0.442834E-05  0.442834E-05 -0.100322E-09  0.390333E-05  0.642109E-08  0.209317E-11
  0.117286E+05  0.524284E-05  0.501059E-08  0.142660E-17  0.349235E-14  0.000000E+00  0.438927E-05  0.438927E-05  0.438927E-05 -0.994358E-10  0.386886E-05  0.631148E-08  0.206518E-11
  0.117828E+05  0.519646E-05  0.491941E-08  0.140007E-17  0.344443E-14  0.000000E+00  0.435044E-05  0.435044E-05  0.435044E-05 -0.985543E-10  0.383456E-05  0.620495E-08  0.203749E-11
  0.118371E+05  0.515048E-05  0.482992E-08  0.137404E-17  0.339717E-14  0.000000E+00  0.431193E-05  0.431193E-05  0.431193E-05 -0.976801E-10  0.380055E-05  0.610151E-08  0.201017E-11
  0.118918E+05  0.510505E-05  0.474230E-08  0.134856E-17  0.335055E-14  0.000000E+00  0.427389E-05  0.427389E-05  0.427389E-05 -0.968174E-10  0.376699E-05  0.600124E-08  0.198329E-11
  0.119467E+05  0.506033E-05  0.465669E-08  0.132367E-17  0.330458E-14  0.000000E+00  0.423644E-05  0.423644E-05  0.423644E-05 -0.959697E-10  0.373401E-05  0.590420E-08  0.195691E-11
  0.120018E+05  0.501559E-05  0.457219E-08  0.129911E-17  0.325923E-14  0.000000E+00  0.419898E-05  0.419898E-05  0.419898E-05 -0.951195E-10  0.370093E-05  0.580914E-08  0.193069E-11
  0.120572E+05  0.497127E-05  0.448932E-08  0.127503E-17  0.321451E-14  0.000000E+00  0.416187E-05  0.416187E-05  0.416187E-05 -0.942775E-10  0.366817E-05  0.571660E-08  0.190483E-11
  0.121129E+05  0.492733E-05  0.440799E-08  0.125140E-17  0.317040E-14  0.000000E+00  0.412508E-05  0.412508E-05  0.412508E-05 -0.934425E-10  0.363568E-05  0.562635E-08  0.187931E-11
  0.121688E+05  0.488380E-05  0.432820E-08  0.122822E-17  0.312689E-14  0.000000E+00  0.408863E-05  0.408863E-05  0.408863E-05 -0.926154E-10  0.360350E-05  0.553832E-08  0.185413E-11
  0.122249E+05  0.484047E-05  0.424971E-08  0.120543E-17  0.308399E-14  0.000000E+00  0.405235E-05  0.405235E-05  0.405235E-05 -0.917914E-10  0.357144E-05  0.545209E-08  0.182921E-11
  0.122814E+05  0.479802E-05  0.417323E-08  0.118323E-17  0.304166E-14  0.000000E+00  0.401680E-05  0.401680E-05  0.401680E-05 -0.909864E-10  0.354012E-05  0.536849E-08  0.180486E-11
  0.123381E+05  0.475564E-05  0.409786E-08  0.116135E-17  0.299993E-14  0.000000E+00  0.398132E-05  0.398132E-05  0.398132E-05 -0.901816E-10  0.350881E-05  0.528628E-08  0.178069E-11
  0.123950E+05  0.471573E-05  0.402617E-08  0.114053E-17  0.295876E-14  0.000000E+00  0.394790E-05  0.394790E-05  0.394790E-05 -0.894343E-10  0.347973E-05  0.520872E-08  0.175784E-11
  0.124522E+05  0.467406E-05  0.395352E-08  0.111945E-17  0.291817E-14  0.000000E+00  0.391300E-05  0.391300E-05  0.391300E-05 -0.886426E-10  0.344893E-05  0.512974E-08  0.173429E-11
  0.125097E+05  0.463276E-05  0.388223E-08  0.109877E-17  0.287812E-14  0.000000E+00  0.387842E-05  0.387842E-05  0.387842E-05 -0.878580E-10  0.341840E-05  0.505225E-08  0.171106E-11
  0.125674E+05  0.459180E-05  0.381224E-08  0.107848E-17  0.283863E-14  0.000000E+00  0.384413E-05  0.384413E-05  0.384413E-05 -0.870797E-10  0.338812E-05  0.497616E-08  0.168813E-11
  0.126254E+05  0.455120E-05  0.374355E-08  0.105856E-17  0.279968E-14  0.000000E+00  0.381013E-05  0.381013E-05  0.381013E-05 -0.863082E-10  0.335811E-05  0.490138E-08  0.166550E-11
  0.126837E+05  0.451087E-05  0.367605E-08  0.103899E-17  0.276126E-14  0.000000E+00  0.377637E-05  0.377637E-05  0.377637E-05 -0.855414E-10  0.332827E-05  0.482773E-08  0.164313E-11
  0.127423E+05  0.447105E-05  0.360995E-08  0.101984E-17  0.272337E-14  0.000000E+00  0.374302E-05  0.374302E-05  0.374302E-05 -0.847852E-10  0.329885E-05  0.475546E-08  0.162114E-11
  0.128011E+05  0.443150E-05  0.354500E-08  0.100102E-17  0.268600E-14  0.000000E+00  0.370991E-05  0.370991E-05  0.370991E-05 -0.840335E-10  0.326960E-05  0.468417E-08  0.159940E-11
  0.128602E+05  0.439227E-05  0.348122E-08  0.982553E-18  0.264914E-14  0.000000E+00  0.367706E-05  0.367706E-05  0.367706E-05 -0.832879E-10  0.324059E-05  0.461388E-08  0.157794E-11
  0.129195E+05  0.435348E-05  0.341872E-08  0.964458E-18  0.261279E-14  0.000000E+00  0.364458E-05  0.364458E-05  0.364458E-05 -0.825513E-10  0.321193E-05  0.454471E-08  0.155681E-11
  0.129792E+05  0.431494E-05  0.335727E-08  0.946672E-18  0.257694E-14  0.000000E+00  0.361231E-05  0.361231E-05  0.361231E-05 -0.818188E-10  0.318343E-05  0.447632E-08  0.153592E-11
  0.130391E+05  0.427664E-05  0.329686E-08  0.929193E-18  0.254158E-14  0.000000E+00  0.358024E-05  0.358024E-05  0.358024E-05 -0.810903E-10  0.315509E-05  0.440867E-08  0.151526E-11
  0.130993E+05  0.423888E-05  0.323776E-08  0.912100E-18  0.250670E-14  0.000000E+00  0.354863E-05  0.354863E-05  0.354863E-05 -0.803733E-10  0.312719E-05  0.434212E-08  0.149498E-11
  0.131597E+05  0.420138E-05  0.317968E-08  0.895306E-18  0.247231E-14  0.000000E+00  0.351723E-05  0.351723E-05  0.351723E-05 -0.796608E-10  0.309947E-05  0.427626E-08  0.147493E-11
  0.132205E+05  0.416420E-05  0.312265E-08  0.878822E-18  0.243838E-14  0.000000E+00  0.348610E-05  0.348610E-05  0.348610E-05 -0.789543E-10  0.307199E-05  0.421112E-08  0.145515E-11
  0.132815E+05  0.412739E-05  0.306669E-08  0.862657E-18  0.240492E-14  0.000000E+00  0.345527E-05  0.345527E-05  0.345527E-05 -0.782550E-10  0.304477E-05  0.414674E-08  0.143565E-11
  0.133428E+05  0.409082E-05  0.301169E-08  0.846773E-18  0.237192E-14  0.000000E+00  0.342466E-05  0.342466E-05  0.342466E-05 -0.775599E-10  0.301773E-05  0.408296E-08  0.141637E-11
  0.134044E+05  0.405459E-05  0.295771E-08  0.831190E-18  0.233938E-14  0.000000E+00  0.339432E-05  0.339432E-05  0.339432E-05 -0.768714E-10  0.299094E-05  0.401985E-08  0.139736E-11
  0.134663E+05  0.401870E-05  0.290474E-08  0.815906E-18  0.230727E-14  0.000000E+00  0.336428E-05  0.336428E-05  0.336428E-05 -0.761896E-10  0.296442E-05  0.395741E-08  0.137862E-11
  0.135284E+05  0.398314E-05  0.285274E-08  0.800908E-18  0.227562E-14  0.000000E+00  0.333450E-05  0.333450E-05  0.333450E-05 -0.755140E-10  0.293813E-05  0.389560E-08  0.136013E-11
  0.135909E+05  0.394793E-05  0.280171E-08  0.786199E-18  0.224439E-14  0.000000E+00  0.330502E-05  0.330502E-05  0.330502E-05 -0.748452E-10  0.291211E-05  0.383442E-08  0.134190E-11
  0.136536E+05  0.391295E-05  0.275155E-08  0.771745E-18  0.221359E-14  0.000000E+00  0.327573E-05  0.327573E-05  0.327573E-05 -0.741805E-10  0.288625E-05  0.377374E-08  0.132388E-11
  0.137166E+05  0.387832E-05  0.270232E-08  0.757569E-18  0.218322E-14  0.000000E+00  0.324674E-05  0.324674E-05  0.324674E-05 -0.735225E-10  0.286064E-05  0.371367E-08  0.130612E-11
  0.137799E+05  0.384406E-05  0.265405E-08  0.743675E-18  0.215326E-14  0.000000E+00  0.321805E-05  0.321805E-05  0.321805E-05 -0.728720E-10  0.283534E-05  0.365426E-08  0.128863E-11
  0.138435E+05  0.381003E-05  0.260659E-08  0.730020E-18  0.212371E-14  0.000000E+00  0.318956E-05  0.318956E-05  0.318956E-05 -0.722254E-10  0.281018E-05  0.359531E-08  0.127134E-11
  0.139074E+05  0.377628E-05  0.255997E-08  0.716617E-18  0.209457E-14  0.000000E+00  0.316131E-05  0.316131E-05  0.316131E-05 -0.715843E-10  0.278523E-05  0.353689E-08  0.125428E-11
  0.139716E+05  0.374289E-05  0.251424E-08  0.703475E-18  0.206583E-14  0.000000E+00  0.313335E-05  0.313335E-05  0.313335E-05 -0.709500E-10  0.276056E-05  0.347909E-08  0.123747E-11
  0.140361E+05  0.370976E-05  0.246930E-08  0.690571E-18  0.203748E-14  0.000000E+00  0.310561E-05  0.310561E-05  0.310561E-05 -0.703207E-10  0.273607E-05  0.342180E-08  0.122087E-11
  0.141009E+05  0.367690E-05  0.242515E-08  0.677900E-18  0.200953E-14  0.000000E+00  0.307809E-05  0.307809E-05  0.307809E-05 -0.696963E-10  0.271178E-05  0.336503E-08  0.120448E-11
  0.141660E+05  0.364440E-05  0.238187E-08  0.665483E-18  0.198195E-14  0.000000E+00  0.305089E-05  0.305089E-05  0.305089E-05 -0.690793E-10  0.268777E-05  0.330890E-08  0.118834E-11
  0.142314E+05  0.361213E-05  0.233930E-08  0.653282E-18  0.195476E-14  0.000000E+00  0.302387E-05  0.302387E-05  0.302387E-05 -0.684663E-10  0.266392E-05  0.325325E-08  0.117240E-11
  0.142971E+05  0.358012E-05  0.229748E-08  0.641300E-18  0.192793E-14  0.000000E+00  0.299707E-05  0.299707E-05  0.299707E-05 -0.678579E-10  0.264025E-05  0.319812E-08  0.115665E-11
  0.143631E+05  0.354846E-05  0.225646E-08  0.629557E-18  0.190148E-14  0.000000E+00  0.297056E-05  0.297056E-05  0.297056E-05 -0.672567E-10  0.261686E-05  0.314364E-08  0.114115E-11
  0.144293E+05  0.351704E-05  0.221615E-08  0.618025E-18  0.187539E-14  0.000000E+00  0.294426E-05  0.294426E-05  0.294426E-05 -0.666600E-10  0.259364E-05  0.308968E-08  0.112584E-11
  0.144960E+05  0.348587E-05  0.217653E-08  0.606699E-18  0.184965E-14  0.000000E+00  0.291816E-05  0.291816E-05  0.291816E-05 -0.660678E-10  0.257060E-05  0.303626E-08  0.111072E-11
  0.145629E+05  0.345509E-05  0.213771E-08  0.595607E-18  0.182427E-14  0.000000E+00  0.289239E-05  0.289239E-05  0.289239E-05 -0.654835E-10  0.254786E-05  0.298355E-08  0.109585E-11
  0.146301E+05  0.342450E-05  0.209953E-08  0.584705E-18  0.179924E-14  0.000000E+00  0.286678E-05  0.286678E-05  0.286678E-05 -0.649026E-10  0.252526E-05  0.293133E-08  0.108115E-11
  0.146976E+05  0.339409E-05  0.206195E-08  0.573983E-18  0.177455E-14  0.000000E+00  0.284132E-05  0.284132E-05  0.284132E-05 -0.643245E-10  0.250277E-05  0.287961E-08  0.106661E-11
  0.147655E+05  0.336408E-05  0.202514E-08  0.563487E-18  0.175020E-14  0.000000E+00  0.281619E-05  0.281619E-05  0.281619E-05 -0.637546E-10  0.248059E-05  0.282863E-08  0.105231E-11
  0.148336E+05  0.333429E-05  0.198896E-08  0.553180E-18  0.172619E-14  0.000000E+00  0.279125E-05  0.279125E-05  0.279125E-05 -0.631890E-10  0.245859E-05  0.277822E-08  0.103820E-11
  0.149021E+05  0.330480E-05  0.195345E-08  0.543068E-18  0.170250E-14  0.000000E+00  0.276656E-05  0.276656E-05  0.276656E-05 -0.626290E-10  0.243680E-05  0.272845E-08  0.102428E-11
  0.149709E+05  0.327551E-05  0.191852E-08  0.533131E-18  0.167914E-14  0.000000E+00  0.274204E-05  0.274204E-05  0.274204E-05 -0.620726E-10  0.241515E-05  0.267925E-08  0.101052E-11
  0.150400E+05  0.324651E-05  0.188424E-08  0.523385E-18  0.165610E-14  0.000000E+00  0.271776E-05  0.271776E-05  0.271776E-05 -0.615220E-10  0.239373E-05  0.263072E-08  0.996967E-12
  0.151094E+05  0.321774E-05  0.185054E-08  0.513811E-18  0.163337E-14  0.000000E+00  0.269367E-05  0.269367E-05  0.269367E-05 -0.609753E-10  0.237246E-05  0.258278E-08  0.983579E-12
  0.151791E+05  0.318924E-05  0.181747E-08  0.504421E-18  0.161096E-14  0.000000E+00  0.266981E-05  0.266981E-05  0.266981E-05 -0.604342E-10  0.235140E-05  0.253551E-08  0.970382E-12
  0.152492E+05  0.316100E-05  0.178498E-08  0.495204E-18  0.158885E-14  0.000000E+00  0.264617E-05  0.264617E-05  0.264617E-05 -0.598979E-10  0.233053E-05  0.248890E-08  0.957361E-12
  0.153196E+05  0.313301E-05  0.175307E-08  0.486157E-18  0.156705E-14  0.000000E+00  0.262273E-05  0.262273E-05  0.262273E-05 -0.593663E-10  0.230985E-05  0.244294E-08  0.944514E-12
  0.153903E+05  0.310526E-05  0.172172E-08  0.477276E-18  0.154555E-14  0.000000E+00  0.259950E-05  0.259950E-05  0.259950E-05 -0.588394E-10  0.228935E-05  0.239764E-08  0.931840E-12
  0.154613E+05  0.307777E-05  0.169094E-08  0.468562E-18  0.152434E-14  0.000000E+00  0.257648E-05  0.257648E-05  0.257648E-05 -0.583173E-10  0.226904E-05  0.235301E-08  0.919338E-12
  0.155327E+05  0.305050E-05  0.166069E-08  0.460004E-18  0.150343E-14  0.000000E+00  0.255365E-05  0.255365E-05  0.255365E-05 -0.577995E-10  0.224889E-05  0.230903E-08  0.906998E-12
  0.156044E+05  0.302350E-05  0.163099E-08  0.451609E-18  0.148280E-14  0.000000E+00  0.253104E-05  0.253104E-05  0.253104E-05 -0.572867E-10  0.222894E-05  0.226575E-08  0.894830E-12
  0.156764E+05  0.299672E-05  0.160181E-08  0.443367E-18  0.146245E-14  0.000000E+00  0.250863E-05  0.250863E-05  0.250863E-05 -0.567784E-10  0.220916E-05  0.222313E-08  0.882824E-12
  0.157488E+05  0.296900E-05  0.157235E-08  0.435052E-18  0.144238E-14  0.000000E+00  0.248542E-05  0.248542E-05  0.248542E-05 -0.562457E-10  0.218844E-05  0.218008E-08  0.870533E-12
  0.158215E+05  0.294267E-05  0.154419E-08  0.427108E-18  0.142259E-14  0.000000E+00  0.246337E-05  0.246337E-05  0.246337E-05 -0.557457E-10  0.216898E-05  0.213880E-08  0.858839E-12
  0.158945E+05  0.291660E-05  0.151655E-08  0.419315E-18  0.140307E-14  0.000000E+00  0.244155E-05  0.244155E-05  0.244155E-05 -0.552507E-10  0.214972E-05  0.209823E-08  0.847310E-12
  0.159679E+05  0.289074E-05  0.148938E-08  0.411663E-18  0.138382E-14  0.000000E+00  0.241990E-05  0.241990E-05  0.241990E-05 -0.547597E-10  0.213062E-05  0.205832E-08  0.835931E-12
  0.160416E+05  0.286508E-05  0.146268E-08  0.404146E-18  0.136483E-14  0.000000E+00  0.239842E-05  0.239842E-05  0.239842E-05 -0.542723E-10  0.211165E-05  0.201906E-08  0.824691E-12
  0.161156E+05  0.283968E-05  0.143648E-08  0.396773E-18  0.134610E-14  0.000000E+00  0.237715E-05  0.237715E-05  0.237715E-05 -0.537900E-10  0.209289E-05  0.198051E-08  0.813615E-12
  0.161900E+05  0.281453E-05  0.141075E-08  0.389540E-18  0.132763E-14  0.000000E+00  0.235609E-05  0.235609E-05  0.235609E-05 -0.533124E-10  0.207431E-05  0.194265E-08  0.802694E-12
  0.162647E+05  0.279017E-05  0.138585E-08  0.382541E-18  0.130941E-14  0.000000E+00  0.233570E-05  0.233570E-05  0.233570E-05 -0.528531E-10  0.205643E-05  0.190597E-08  0.792129E-12
  0.163398E+05  0.276542E-05  0.136100E-08  0.375565E-18  0.129145E-14  0.000000E+00  0.231498E-05  0.231498E-05  0.231498E-05 -0.523832E-10  0.203815E-05  0.186942E-08  0.781486E-12
  0.164152E+05  0.274088E-05  0.133659E-08  0.368713E-18  0.127373E-14  0.000000E+00  0.229443E-05  0.229443E-05  0.229443E-05 -0.519169E-10  0.202001E-05  0.183351E-08  0.770979E-12
  0.164910E+05  0.271654E-05  0.131260E-08  0.361987E-18  0.125625E-14  0.000000E+00  0.227406E-05  0.227406E-05  0.227406E-05 -0.514548E-10  0.200203E-05  0.179827E-08  0.760613E-12
  0.165671E+05  0.269245E-05  0.128906E-08  0.355388E-18  0.123901E-14  0.000000E+00  0.225389E-05  0.225389E-05  0.225389E-05 -0.509972E-10  0.198422E-05  0.176371E-08  0.750392E-12
  0.166436E+05  0.266861E-05  0.126596E-08  0.348918E-18  0.122201E-14  0.000000E+00  0.223393E-05  0.223393E-05  0.223393E-05 -0.505447E-10  0.196662E-05  0.172983E-08  0.740323E-12
  0.167204E+05  0.264493E-05  0.124325E-08  0.342559E-18  0.120524E-14  0.000000E+00  0.221411E-05  0.221411E-05  0.221411E-05 -0.500952E-10  0.194913E-05  0.169656E-08  0.730375E-12
  0.167976E+05  0.262145E-05  0.122093E-08  0.336314E-18  0.118870E-14  0.000000E+00  0.219445E-05  0.219445E-05  0.219445E-05 -0.496493E-10  0.193178E-05  0.166392E-08  0.720554E-12
  0.168751E+05  0.259820E-05  0.119902E-08  0.330187E-18  0.117239E-14  0.000000E+00  0.217498E-05  0.217498E-05  0.217498E-05 -0.492077E-10  0.191459E-05  0.163192E-08  0.710870E-12
  0.169530E+05  0.257516E-05  0.117750E-08  0.324173E-18  0.115631E-14  0.000000E+00  0.215569E-05  0.215569E-05  0.215569E-05 -0.487702E-10  0.189757E-05  0.160055E-08  0.701319E-12
  0.170313E+05  0.255229E-05  0.115636E-08  0.318267E-18  0.114044E-14  0.000000E+00  0.213655E-05  0.213655E-05  0.213655E-05 -0.483361E-10  0.188068E-05  0.156978E-08  0.691889E-12
  0.171099E+05  0.252969E-05  0.113562E-08  0.312476E-18  0.112479E-14  0.000000E+00  0.211763E-05  0.211763E-05  0.211763E-05 -0.479070E-10  0.186399E-05  0.153967E-08  0.682602E-12
  0.171888E+05  0.250726E-05  0.111524E-08  0.306789E-18  0.110936E-14  0.000000E+00  0.209885E-05  0.209885E-05  0.209885E-05 -0.474813E-10  0.184742E-05  0.151013E-08  0.673433E-12
  0.172682E+05  0.248492E-05  0.109516E-08  0.301189E-18  0.109413E-14  0.000000E+00  0.208015E-05  0.208015E-05  0.208015E-05 -0.470566E-10  0.183090E-05  0.148110E-08  0.664350E-12
  0.173479E+05  0.246290E-05  0.107550E-08  0.295710E-18  0.107912E-14  0.000000E+00  0.206171E-05  0.206171E-05  0.206171E-05 -0.466386E-10  0.181464E-05  0.145275E-08  0.655429E-12
  0.174280E+05  0.244098E-05  0.105615E-08  0.290318E-18  0.106431E-14  0.000000E+00  0.204336E-05  0.204336E-05  0.204336E-05 -0.462222E-10  0.179843E-05  0.142490E-08  0.646598E-12
  0.175084E+05  0.241936E-05  0.103720E-08  0.285041E-18  0.104971E-14  0.000000E+00  0.202526E-05  0.202526E-05  0.202526E-05 -0.458119E-10  0.178247E-05  0.139770E-08  0.637918E-12
  0.175892E+05  0.239790E-05  0.101858E-08  0.279856E-18  0.103531E-14  0.000000E+00  0.200730E-05  0.200730E-05  0.200730E-05 -0.454047E-10  0.176662E-05  0.137102E-08  0.629348E-12
  0.176704E+05  0.237657E-05  0.100025E-08  0.274756E-18  0.102110E-14  0.000000E+00  0.198944E-05  0.198944E-05  0.198944E-05 -0.449994E-10  0.175085E-05  0.134484E-08  0.620870E-12
  0.177520E+05  0.235549E-05  0.982285E-09  0.269759E-18  0.100709E-14  0.000000E+00  0.197179E-05  0.197179E-05  0.197179E-05 -0.445993E-10  0.173528E-05  0.131925E-08  0.612526E-12
  0.178339E+05  0.233460E-05  0.964647E-09  0.264855E-18  0.993270E-15  0.000000E+00  0.195431E-05  0.195431E-05  0.195431E-05 -0.442029E-10  0.171986E-05  0.129418E-08  0.604298E-12
  0.179162E+05  0.231385E-05  0.947298E-09  0.260034E-18  0.979641E-15  0.000000E+00  0.193694E-05  0.193694E-05  0.193694E-05 -0.438089E-10  0.170453E-05  0.126959E-08  0.596164E-12
  0.179989E+05  0.229332E-05  0.930277E-09  0.255306E-18  0.966199E-15  0.000000E+00  0.191975E-05  0.191975E-05  0.191975E-05 -0.434192E-10  0.168937E-05  0.124553E-08  0.588151E-12
  0.180820E+05  0.227300E-05  0.913573E-09  0.250667E-18  0.952941E-15  0.000000E+00  0.190273E-05  0.190273E-05  0.190273E-05 -0.430335E-10  0.167436E-05  0.122197E-08  0.580252E-12
  0.181655E+05  0.225281E-05  0.897147E-09  0.246108E-18  0.939865E-15  0.000000E+00  0.188583E-05  0.188583E-05  0.188583E-05 -0.426503E-10  0.165945E-05  0.119887E-08  0.572446E-12
  0.182493E+05  0.223280E-05  0.881015E-09  0.241632E-18  0.926969E-15  0.000000E+00  0.186908E-05  0.186908E-05  0.186908E-05 -0.422703E-10  0.164467E-05  0.117625E-08  0.564744E-12
  0.183336E+05  0.221299E-05  0.865187E-09  0.237241E-18  0.914250E-15  0.000000E+00  0.185250E-05  0.185250E-05  0.185250E-05 -0.418945E-10  0.163005E-05  0.115410E-08  0.557155E-12
  0.184182E+05  0.219334E-05  0.849631E-09  0.232928E-18  0.901704E-15  0.000000E+00  0.183605E-05  0.183605E-05  0.183605E-05 -0.415214E-10  0.161553E-05  0.113239E-08  0.549660E-12
  0.185032E+05  0.217389E-05  0.834367E-09  0.228697E-18  0.889331E-15  0.000000E+00  0.181976E-05  0.181976E-05  0.181976E-05 -0.411523E-10  0.160117E-05  0.111114E-08  0.542275E-12
  0.185886E+05  0.215468E-05  0.819410E-09  0.224553E-18  0.877129E-15  0.000000E+00  0.180368E-05  0.180368E-05  0.180368E-05 -0.407881E-10  0.158700E-05  0.109036E-08  0.535010E-12
  0.186744E+05  0.213552E-05  0.804664E-09  0.220469E-18  0.865093E-15  0.000000E+00  0.178764E-05  0.178764E-05  0.178764E-05 -0.404243E-10  0.157284E-05  0.106993E-08  0.527805E-12
  0.187606E+05  0.211657E-05  0.790206E-09  0.216465E-18  0.853223E-15  0.000000E+00  0.177178E-05  0.177178E-05  0.177178E-05 -0.400649E-10  0.155886E-05  0.104995E-08  0.520712E-12
  0.188472E+05  0.209778E-05  0.775998E-09  0.212532E-18  0.841515E-15  0.000000E+00  0.175605E-05  0.175605E-05  0.175605E-05 -0.397082E-10  0.154498E-05  0.103035E-08  0.513708E-12
  0.189342E+05  0.207912E-05  0.762028E-09  0.208667E-18  0.829968E-15  0.000000E+00  0.174042E-05  0.174042E-05  0.174042E-05 -0.393537E-10  0.153119E-05  0.101112E-08  0.506787E-12
  0.190216E+05  0.206067E-05  0.748334E-09  0.204879E-18  0.818580E-15  0.000000E+00  0.172498E-05  0.172498E-05  0.172498E-05 -0.390038E-10  0.151757E-05  0.992317E-09  0.499975E-12
  0.191094E+05  0.204236E-05  0.734873E-09  0.201156E-18  0.807348E-15  0.000000E+00  0.170965E-05  0.170965E-05  0.170965E-05 -0.386562E-10  0.150404E-05  0.973867E-09  0.493246E-12
  0.191976E+05  0.202420E-05  0.721648E-09  0.197500E-18  0.796270E-15  0.000000E+00  0.169445E-05  0.169445E-05  0.169445E-05 -0.383114E-10  0.149063E-05  0.955778E-09  0.486604E-12
  0.192862E+05  0.200623E-05  0.708674E-09  0.193914E-18  0.785344E-15  0.000000E+00  0.167940E-05  0.167940E-05  0.167940E-05 -0.379704E-10  0.147736E-05  0.938063E-09  0.480059E-12
  0.193752E+05  0.198839E-05  0.695921E-09  0.190390E-18  0.774568E-15  0.000000E+00  0.166447E-05  0.166447E-05  0.166447E-05 -0.376317E-10  0.146418E-05  0.920683E-09  0.473594E-12
  0.194647E+05  0.197074E-05  0.683410E-09  0.186934E-18  0.763940E-15  0.000000E+00  0.164969E-05  0.164969E-05  0.164969E-05 -0.372968E-10  0.145115E-05  0.903661E-09  0.467225E-12
  0.195545E+05  0.195325E-05  0.671127E-09  0.183542E-18  0.753458E-15  0.000000E+00  0.163505E-05  0.163505E-05  0.163505E-05 -0.369650E-10  0.143824E-05  0.886977E-09  0.460944E-12
  0.196448E+05  0.193590E-05  0.659058E-09  0.180210E-18  0.743119E-15  0.000000E+00  0.162053E-05  0.162053E-05  0.162053E-05 -0.366358E-10  0.142543E-05  0.870609E-09  0.454742E-12
  0.197354E+05  0.191870E-05  0.647202E-09  0.176938E-18  0.732922E-15  0.000000E+00  0.160612E-05  0.160612E-05  0.160612E-05 -0.363093E-10  0.141273E-05  0.854555E-09  0.448621E-12
  0.198265E+05  0.190166E-05  0.635568E-09  0.173728E-18  0.722865E-15  0.000000E+00  0.159187E-05  0.159187E-05  0.159187E-05 -0.359861E-10  0.140015E-05  0.838822E-09  0.442588E-12
  0.199180E+05  0.188476E-05  0.624133E-09  0.170573E-18  0.712946E-15  0.000000E+00  0.157771E-05  0.157771E-05  0.157771E-05 -0.356653E-10  0.138767E-05  0.823380E-09  0.436629E-12
  0.200100E+05  0.186803E-05  0.612913E-09  0.167479E-18  0.703164E-15  0.000000E+00  0.156371E-05  0.156371E-05  0.156371E-05 -0.353478E-10  0.137532E-05  0.808247E-09  0.430757E-12
  0.201023E+05  0.185142E-05  0.601887E-09  0.164439E-18  0.693515E-15  0.000000E+00  0.154981E-05  0.154981E-05  0.154981E-05 -0.350328E-10  0.136306E-05  0.793394E-09  0.424959E-12
  0.201951E+05  0.183494E-05  0.591050E-09  0.161452E-18  0.683999E-15  0.000000E+00  0.153601E-05  0.153601E-05  0.153601E-05 -0.347200E-10  0.135089E-05  0.778811E-09  0.419231E-12
  0.202884E+05  0.181872E-05  0.580452E-09  0.158531E-18  0.674614E-15  0.000000E+00  0.152243E-05  0.152243E-05  0.152243E-05 -0.344126E-10  0.133893E-05  0.764565E-09  0.413612E-12
  0.203820E+05  0.180256E-05  0.570013E-09  0.155655E-18  0.665357E-15  0.000000E+00  0.150891E-05  0.150891E-05  0.150891E-05 -0.341060E-10  0.132700E-05  0.750546E-09  0.408046E-12
  0.204761E+05  0.178649E-05  0.559738E-09  0.152825E-18  0.656228E-15  0.000000E+00  0.149545E-05  0.149545E-05  0.149545E-05 -0.338007E-10  0.131512E-05  0.736762E-09  0.402538E-12
  0.205706E+05  0.177061E-05  0.549669E-09  0.150052E-18  0.647223E-15  0.000000E+00  0.148216E-05  0.148216E-05  0.148216E-05 -0.334995E-10  0.130340E-05  0.723265E-09  0.397119E-12
  0.206655E+05  0.175479E-05  0.539749E-09  0.147321E-18  0.638342E-15  0.000000E+00  0.146892E-05  0.146892E-05  0.146892E-05 -0.331989E-10  0.129171E-05  0.709979E-09  0.391750E-12
  0.207609E+05  0.173920E-05  0.530040E-09  0.144648E-18  0.629583E-15  0.000000E+00  0.145586E-05  0.145586E-05  0.145586E-05 -0.329030E-10  0.128019E-05  0.696984E-09  0.386476E-12
  0.208568E+05  0.172374E-05  0.520508E-09  0.142025E-18  0.620944E-15  0.000000E+00  0.144292E-05  0.144292E-05  0.144292E-05 -0.326099E-10  0.126879E-05  0.684236E-09  0.381275E-12
  0.209530E+05  0.170840E-05  0.511134E-09  0.139446E-18  0.612424E-15  0.000000E+00  0.143007E-05  0.143007E-05  0.143007E-05 -0.323185E-10  0.125745E-05  0.671708E-09  0.376134E-12
  0.210497E+05  0.169320E-05  0.501937E-09  0.136916E-18  0.604021E-15  0.000000E+00  0.141736E-05  0.141736E-05  0.141736E-05 -0.320303E-10  0.124623E-05  0.659424E-09  0.371069E-12
  0.211469E+05  0.167816E-05  0.492911E-09  0.134434E-18  0.595733E-15  0.000000E+00  0.140476E-05  0.140476E-05  0.140476E-05 -0.317450E-10  0.123513E-05  0.647376E-09  0.366075E-12
  0.212445E+05  0.166325E-05  0.484044E-09  0.131996E-18  0.587559E-15  0.000000E+00  0.139228E-05  0.139228E-05  0.139228E-05 -0.314620E-10  0.122412E-05  0.635546E-09  0.361147E-12
  0.213426E+05  0.164847E-05  0.475339E-09  0.129603E-18  0.579497E-15  0.000000E+00  0.137991E-05  0.137991E-05  0.137991E-05 -0.311817E-10  0.121322E-05  0.623938E-09  0.356286E-12
  0.214411E+05  0.163380E-05  0.466783E-09  0.127252E-18  0.571545E-15  0.000000E+00  0.136763E-05  0.136763E-05  0.136763E-05 -0.309034E-10  0.120239E-05  0.612535E-09  0.351486E-12
  0.215401E+05  0.161925E-05  0.458375E-09  0.124942E-18  0.563702E-15  0.000000E+00  0.135544E-05  0.135544E-05  0.135544E-05 -0.306271E-10  0.119164E-05  0.601335E-09  0.346745E-12
  0.216395E+05  0.160485E-05  0.450128E-09  0.122676E-18  0.555968E-15  0.000000E+00  0.134339E-05  0.134339E-05  0.134339E-05 -0.303540E-10  0.118101E-05  0.590353E-09  0.342075E-12
  0.217394E+05  0.159056E-05  0.442023E-09  0.120450E-18  0.548339E-15  0.000000E+00  0.133143E-05  0.133143E-05  0.133143E-05 -0.300829E-10  0.117047E-05  0.579566E-09  0.337464E-12
  0.218397E+05  0.157642E-05  0.434069E-09  0.118266E-18  0.540815E-15  0.000000E+00  0.131959E-05  0.131959E-05  0.131959E-05 -0.298146E-10  0.116002E-05  0.568984E-09  0.332919E-12
  0.219405E+05  0.156231E-05  0.426230E-09  0.116114E-18  0.533395E-15  0.000000E+00  0.130778E-05  0.130778E-05  0.130778E-05 -0.295466E-10  0.114960E-05  0.558558E-09  0.328412E-12
  0.220418E+05  0.154841E-05  0.418556E-09  0.114008E-18  0.526075E-15  0.000000E+00  0.129614E-05  0.129614E-05  0.129614E-05 -0.292828E-10  0.113933E-05  0.548357E-09  0.323986E-12
  0.221435E+05  0.153460E-05  0.411014E-09  0.111938E-18  0.518857E-15  0.000000E+00  0.128459E-05  0.128459E-05  0.128459E-05 -0.290208E-10  0.112914E-05  0.538333E-09  0.319613E-12
  0.222457E+05  0.152085E-05  0.403583E-09  0.109900E-18  0.511738E-15  0.000000E+00  0.127308E-05  0.127308E-05  0.127308E-05 -0.287595E-10  0.111897E-05  0.528462E-09  0.315281E-12
  0.223484E+05  0.150734E-05  0.396324E-09  0.107908E-18  0.504716E-15  0.000000E+00  0.126176E-05  0.126176E-05  0.126176E-05 -0.285032E-10  0.110900E-05  0.518822E-09  0.311037E-12
  0.224516E+05  0.149393E-05  0.389191E-09  0.105952E-18  0.497790E-15  0.000000E+00  0.125053E-05  0.125053E-05  0.125053E-05 -0.282488E-10  0.109910E-05  0.509352E-09  0.306846E-12
  0.225552E+05  0.148062E-05  0.382182E-09  0.104031E-18  0.490960E-15  0.000000E+00  0.123940E-05  0.123940E-05  0.123940E-05 -0.279964E-10  0.108928E-05  0.500051E-09  0.302709E-12
  0.226593E+05  0.146746E-05  0.375306E-09  0.102146E-18  0.484224E-15  0.000000E+00  0.122838E-05  0.122838E-05  0.122838E-05 -0.277468E-10  0.107957E-05  0.490929E-09  0.298632E-12
  0.227639E+05  0.145441E-05  0.368553E-09  0.100295E-18  0.477579E-15  0.000000E+00  0.121745E-05  0.121745E-05  0.121745E-05 -0.274993E-10  0.106994E-05  0.481973E-09  0.294610E-12
  0.228690E+05  0.144147E-05  0.361920E-09  0.984771E-19  0.471026E-15  0.000000E+00  0.120662E-05  0.120662E-05  0.120662E-05 -0.272539E-10  0.106039E-05  0.473177E-09  0.290641E-12
  0.229745E+05  0.142865E-05  0.355409E-09  0.966934E-19  0.464563E-15  0.000000E+00  0.119589E-05  0.119589E-05  0.119589E-05 -0.270109E-10  0.105094E-05  0.464548E-09  0.286727E-12
  0.230806E+05  0.141592E-05  0.349006E-09  0.949396E-19  0.458189E-15  0.000000E+00  0.118524E-05  0.118524E-05  0.118524E-05 -0.267694E-10  0.104154E-05  0.456065E-09  0.282859E-12
  0.231871E+05  0.140333E-05  0.342725E-09  0.932194E-19  0.451902E-15  0.000000E+00  0.117469E-05  0.117469E-05  0.117469E-05 -0.265306E-10  0.103225E-05  0.447745E-09  0.279048E-12
  0.232941E+05  0.139036E-05  0.336408E-09  0.914897E-19  0.445701E-15  0.000000E+00  0.116384E-05  0.116384E-05  0.116384E-05 -0.262822E-10  0.102259E-05  0.439383E-09  0.275167E-12
  0.234017E+05  0.137794E-05  0.330338E-09  0.898279E-19  0.439585E-15  0.000000E+00  0.115344E-05  0.115344E-05  0.115344E-05 -0.260465E-10  0.101341E-05  0.431348E-09  0.271447E-12
  0.235097E+05  0.136569E-05  0.324394E-09  0.882009E-19  0.433553E-15  0.000000E+00  0.114318E-05  0.114318E-05  0.114318E-05 -0.258141E-10  0.100437E-05  0.423482E-09  0.267791E-12
  0.236182E+05  0.135351E-05  0.318548E-09  0.866013E-19  0.427605E-15  0.000000E+00  0.113299E-05  0.113299E-05  0.113299E-05 -0.255832E-10  0.995388E-06  0.415749E-09  0.264177E-12
  0.237272E+05  0.134146E-05  0.312811E-09  0.850314E-19  0.421737E-15  0.000000E+00  0.112290E-05  0.112290E-05  0.112290E-05 -0.253546E-10  0.986491E-06  0.408162E-09  0.260614E-12
  0.238367E+05  0.132951E-05  0.307176E-09  0.834901E-19  0.415950E-15  0.000000E+00  0.111290E-05  0.111290E-05  0.111290E-05 -0.251280E-10  0.977675E-06  0.400713E-09  0.257099E-12
  0.239468E+05  0.131757E-05  0.301616E-09  0.819693E-19  0.410243E-15  0.000000E+00  0.110291E-05  0.110291E-05  0.110291E-05 -0.249012E-10  0.968849E-06  0.393366E-09  0.253609E-12
  0.240573E+05  0.130583E-05  0.296182E-09  0.804832E-19  0.404614E-15  0.000000E+00  0.109308E-05  0.109308E-05  0.109308E-05 -0.246785E-10  0.960184E-06  0.386186E-09  0.250187E-12
  0.241683E+05  0.129416E-05  0.290837E-09  0.790218E-19  0.399062E-15  0.000000E+00  0.108331E-05  0.108331E-05  0.108331E-05 -0.244571E-10  0.951569E-06  0.379127E-09  0.246804E-12
  0.242799E+05  0.128271E-05  0.285620E-09  0.775956E-19  0.393587E-15  0.000000E+00  0.107372E-05  0.107372E-05  0.107372E-05 -0.242403E-10  0.943136E-06  0.372238E-09  0.243493E-12
  0.243920E+05  0.127128E-05  0.280475E-09  0.761895E-19  0.388186E-15  0.000000E+00  0.106416E-05  0.106416E-05  0.106416E-05 -0.240237E-10  0.934706E-06  0.365448E-09  0.240209E-12
  0.245046E+05  0.125993E-05  0.275416E-09  0.748069E-19  0.382860E-15  0.000000E+00  0.105466E-05  0.105466E-05  0.105466E-05 -0.238083E-10  0.926328E-06  0.358772E-09  0.236963E-12
  0.246177E+05  0.124829E-05  0.270337E-09  0.734192E-19  0.377607E-15  0.000000E+00  0.104491E-05  0.104491E-05  0.104491E-05 -0.235853E-10  0.917650E-06  0.352076E-09  0.233665E-12
  0.247313E+05  0.123713E-05  0.265458E-09  0.720864E-19  0.372426E-15  0.000000E+00  0.103557E-05  0.103557E-05  0.103557E-05 -0.233736E-10  0.909416E-06  0.345643E-09  0.230506E-12
  0.248454E+05  0.122611E-05  0.260677E-09  0.707805E-19  0.367315E-15  0.000000E+00  0.102634E-05  0.102634E-05  0.102634E-05 -0.231648E-10  0.901289E-06  0.339340E-09  0.227397E-12
  0.249601E+05  0.121518E-05  0.255978E-09  0.694972E-19  0.362275E-15  0.000000E+00  0.101719E-05  0.101719E-05  0.101719E-05 -0.229574E-10  0.893221E-06  0.333148E-09  0.224327E-12
  0.250753E+05  0.120434E-05  0.251362E-09  0.682370E-19  0.357304E-15  0.000000E+00  0.100812E-05  0.100812E-05  0.100812E-05 -0.227518E-10  0.885222E-06  0.327069E-09  0.221297E-12
  0.251911E+05  0.119358E-05  0.246828E-09  0.669993E-19  0.352402E-15  0.000000E+00  0.999115E-06  0.999115E-06  0.999115E-06 -0.225479E-10  0.877288E-06  0.321098E-09  0.218307E-12
  0.253074E+05  0.118295E-05  0.242382E-09  0.657855E-19  0.347566E-15  0.000000E+00  0.990212E-06  0.990212E-06  0.990212E-06 -0.223464E-10  0.869445E-06  0.315244E-09  0.215362E-12
  0.254242E+05  0.117241E-05  0.238016E-09  0.645941E-19  0.342797E-15  0.000000E+00  0.981392E-06  0.981392E-06  0.981392E-06 -0.221467E-10  0.861676E-06  0.309498E-09  0.212458E-12
  0.255415E+05  0.116196E-05  0.233726E-09  0.634235E-19  0.338094E-15  0.000000E+00  0.972642E-06  0.972642E-06  0.972642E-06 -0.219485E-10  0.853966E-06  0.303855E-09  0.209590E-12
  0.256594E+05  0.115159E-05  0.229512E-09  0.622737E-19  0.333455E-15  0.000000E+00  0.963964E-06  0.963964E-06  0.963964E-06 -0.217520E-10  0.846318E-06  0.298312E-09  0.206759E-12
  0.257779E+05  0.114126E-05  0.225358E-09  0.611406E-19  0.328879E-15  0.000000E+00  0.955311E-06  0.955311E-06  0.955311E-06 -0.215557E-10  0.838681E-06  0.292850E-09  0.203953E-12
  0.258968E+05  0.113107E-05  0.221294E-09  0.600322E-19  0.324367E-15  0.000000E+00  0.946786E-06  0.946786E-06  0.946786E-06 -0.213626E-10  0.831169E-06  0.287509E-09  0.201198E-12
  0.260164E+05  0.112102E-05  0.217314E-09  0.589467E-19  0.319916E-15  0.000000E+00  0.938371E-06  0.938371E-06  0.938371E-06 -0.211723E-10  0.823762E-06  0.282278E-09  0.198489E-12
  0.261365E+05  0.111102E-05  0.213397E-09  0.578787E-19  0.315526E-15  0.000000E+00  0.930003E-06  0.930003E-06  0.930003E-06 -0.209828E-10  0.816390E-06  0.277133E-09  0.195810E-12
  0.262571E+05  0.110111E-05  0.209548E-09  0.568295E-19  0.311197E-15  0.000000E+00  0.921702E-06  0.921702E-06  0.921702E-06 -0.207948E-10  0.809076E-06  0.272078E-09  0.193164E-12
  0.263783E+05  0.109128E-05  0.205768E-09  0.557991E-19  0.306927E-15  0.000000E+00  0.913473E-06  0.913473E-06  0.913473E-06 -0.206084E-10  0.801825E-06  0.267116E-09  0.190554E-12
  0.265001E+05  0.108154E-05  0.202057E-09  0.547877E-19  0.302715E-15  0.000000E+00  0.905320E-06  0.905320E-06  0.905320E-06 -0.204238E-10  0.794640E-06  0.262245E-09  0.187980E-12
  0.266224E+05  0.107188E-05  0.198412E-09  0.537945E-19  0.298562E-15  0.000000E+00  0.897237E-06  0.897237E-06  0.897237E-06 -0.202408E-10  0.787519E-06  0.257463E-09  0.185440E-12
  0.267453E+05  0.106232E-05  0.194834E-09  0.528196E-19  0.294465E-15  0.000000E+00  0.889230E-06  0.889230E-06  0.889230E-06 -0.200595E-10  0.780465E-06  0.252769E-09  0.182935E-12
  0.268687E+05  0.105278E-05  0.191307E-09  0.518586E-19  0.290425E-15  0.000000E+00  0.881245E-06  0.881245E-06  0.881245E-06 -0.198783E-10  0.773418E-06  0.248144E-09  0.180451E-12
  0.269927E+05  0.104340E-05  0.187860E-09  0.509198E-19  0.286440E-15  0.000000E+00  0.873392E-06  0.873392E-06  0.873392E-06 -0.197006E-10  0.766503E-06  0.243625E-09  0.178016E-12
  0.271173E+05  0.103408E-05  0.184471E-09  0.499966E-19  0.282509E-15  0.000000E+00  0.865591E-06  0.865591E-06  0.865591E-06 -0.195240E-10  0.759630E-06  0.239182E-09  0.175610E-12
  0.272425E+05  0.102479E-05  0.181131E-09  0.490872E-19  0.278633E-15  0.000000E+00  0.857820E-06  0.857820E-06  0.857820E-06 -0.193478E-10  0.752773E-06  0.234807E-09  0.173226E-12
  0.273682E+05  0.101570E-05  0.177875E-09  0.482007E-19  0.274810E-15  0.000000E+00  0.850204E-06  0.850204E-06  0.850204E-06 -0.191756E-10  0.746075E-06  0.230542E-09  0.170896E-12
  0.274946E+05  0.100668E-05  0.174677E-09  0.473301E-19  0.271039E-15  0.000000E+00  0.842653E-06  0.842653E-06  0.842653E-06 -0.190049E-10  0.739433E-06  0.226353E-09  0.168597E-12
  0.276215E+05  0.997642E-06  0.171516E-09  0.464696E-19  0.267320E-15  0.000000E+00  0.835091E-06  0.835091E-06  0.835091E-06 -0.188335E-10  0.732762E-06  0.222215E-09  0.166309E-12
  0.277490E+05  0.988730E-06  0.168421E-09  0.456272E-19  0.263652E-15  0.000000E+00  0.827631E-06  0.827631E-06  0.827631E-06 -0.186645E-10  0.726190E-06  0.218164E-09  0.164060E-12
  0.278770E+05  0.979889E-06  0.165380E-09  0.447996E-19  0.260034E-15  0.000000E+00  0.820230E-06  0.820230E-06  0.820230E-06 -0.184969E-10  0.719669E-06  0.214184E-09  0.161841E-12
  0.280057E+05  0.971124E-06  0.162393E-09  0.439869E-19  0.256467E-15  0.000000E+00  0.812894E-06  0.812894E-06  0.812894E-06 -0.183308E-10  0.713204E-06  0.210277E-09  0.159650E-12
  0.281350E+05  0.962439E-06  0.159460E-09  0.431890E-19  0.252948E-15  0.000000E+00  0.805623E-06  0.805623E-06  0.805623E-06 -0.181661E-10  0.706797E-06  0.206442E-09  0.157490E-12
  0.282649E+05  0.953817E-06  0.156578E-09  0.424048E-19  0.249477E-15  0.000000E+00  0.798406E-06  0.798406E-06  0.798406E-06 -0.180026E-10  0.700435E-06  0.202672E-09  0.155355E-12
  0.283953E+05  0.945301E-06  0.153753E-09  0.416365E-19  0.246054E-15  0.000000E+00  0.791277E-06  0.791277E-06  0.791277E-06 -0.178413E-10  0.694157E-06  0.198980E-09  0.153256E-12
  0.285264E+05  0.936850E-06  0.150977E-09  0.408815E-19  0.242677E-15  0.000000E+00  0.784202E-06  0.784202E-06  0.784202E-06 -0.176811E-10  0.687925E-06  0.195352E-09  0.151183E-12
  0.286581E+05  0.928470E-06  0.148250E-09  0.401400E-19  0.239348E-15  0.000000E+00  0.777188E-06  0.777188E-06  0.777188E-06 -0.175223E-10  0.681746E-06  0.191790E-09  0.149137E-12
  0.287903E+05  0.920150E-06  0.145570E-09  0.394111E-19  0.236064E-15  0.000000E+00  0.770223E-06  0.770223E-06  0.770223E-06 -0.173645E-10  0.675606E-06  0.188288E-09  0.147115E-12
  0.289232E+05  0.912008E-06  0.142959E-09  0.387013E-19  0.232824E-15  0.000000E+00  0.763408E-06  0.763408E-06  0.763408E-06 -0.172106E-10  0.669620E-06  0.184878E-09  0.145142E-12
  0.290567E+05  0.903808E-06  0.140368E-09  0.379971E-19  0.229630E-15  0.000000E+00  0.756544E-06  0.756544E-06  0.756544E-06 -0.170550E-10  0.663565E-06  0.181496E-09  0.143169E-12
  0.291909E+05  0.895688E-06  0.137826E-09  0.373061E-19  0.226479E-15  0.000000E+00  0.749746E-06  0.749746E-06  0.749746E-06 -0.169009E-10  0.657570E-06  0.178178E-09  0.141224E-12
  0.293256E+05  0.887678E-06  0.135337E-09  0.366297E-19  0.223371E-15  0.000000E+00  0.743042E-06  0.743042E-06  0.743042E-06 -0.167491E-10  0.651665E-06  0.174931E-09  0.139313E-12
  0.294610E+05  0.879752E-06  0.132895E-09  0.359662E-19  0.220307E-15  0.000000E+00  0.736407E-06  0.736407E-06  0.736407E-06 -0.165990E-10  0.645823E-06  0.171745E-09  0.137430E-12
  0.295969E+05  0.871920E-06  0.130502E-09  0.353160E-19  0.217284E-15  0.000000E+00  0.729850E-06  0.729850E-06  0.729850E-06 -0.164508E-10  0.640056E-06  0.168624E-09  0.135578E-12
  0.297335E+05  0.864120E-06  0.128145E-09  0.346756E-19  0.214302E-15  0.000000E+00  0.723321E-06  0.723321E-06  0.723321E-06 -0.163030E-10  0.634306E-06  0.165551E-09  0.133743E-12
  0.298708E+05  0.856375E-06  0.125828E-09  0.340461E-19  0.211362E-15  0.000000E+00  0.716838E-06  0.716838E-06  0.716838E-06 -0.161562E-10  0.628593E-06  0.162530E-09  0.131929E-12
  0.300087E+05  0.848632E-06  0.123540E-09  0.334246E-19  0.208462E-15  0.000000E+00  0.710357E-06  0.710357E-06  0.710357E-06 -0.160090E-10  0.622868E-06  0.159548E-09  0.130127E-12
  0.301472E+05  0.841040E-06  0.121308E-09  0.328185E-19  0.205601E-15  0.000000E+00  0.704002E-06  0.704002E-06  0.704002E-06 -0.158652E-10  0.617271E-06  0.156640E-09  0.128366E-12
  0.302863E+05  0.833510E-06  0.119116E-09  0.322231E-19  0.202780E-15  0.000000E+00  0.697698E-06  0.697698E-06  0.697698E-06 -0.157225E-10  0.611719E-06  0.153784E-09  0.126627E-12
  0.304261E+05  0.826083E-06  0.116970E-09  0.316404E-19  0.199998E-15  0.000000E+00  0.691482E-06  0.691482E-06  0.691482E-06 -0.155820E-10  0.606251E-06  0.150989E-09  0.124919E-12
  0.305666E+05  0.818671E-06  0.114853E-09  0.310657E-19  0.197254E-15  0.000000E+00  0.685276E-06  0.685276E-06  0.685276E-06 -0.154414E-10  0.600783E-06  0.148233E-09  0.123224E-12
  0.307077E+05  0.811355E-06  0.112780E-09  0.305029E-19  0.194547E-15  0.000000E+00  0.679153E-06  0.679153E-06  0.679153E-06 -0.153029E-10  0.595393E-06  0.145535E-09  0.121557E-12
  0.308494E+05  0.804095E-06  0.110743E-09  0.299499E-19  0.191878E-15  0.000000E+00  0.673076E-06  0.673076E-06  0.673076E-06 -0.151654E-10  0.590042E-06  0.142883E-09  0.119912E-12
  0.309918E+05  0.796875E-06  0.108738E-09  0.294057E-19  0.189245E-15  0.000000E+00  0.667032E-06  0.667032E-06  0.667032E-06 -0.150285E-10  0.584716E-06  0.140274E-09  0.118284E-12
  0.311348E+05  0.789740E-06  0.106772E-09  0.288723E-19  0.186648E-15  0.000000E+00  0.661059E-06  0.661059E-06  0.661059E-06 -0.148933E-10  0.579456E-06  0.137718E-09  0.116681E-12
  0.312786E+05  0.782644E-06  0.104838E-09  0.283475E-19  0.184087E-15  0.000000E+00  0.655119E-06  0.655119E-06  0.655119E-06 -0.147587E-10  0.574221E-06  0.135203E-09  0.115096E-12
  0.314229E+05  0.775651E-06  0.102946E-09  0.278341E-19  0.181561E-15  0.000000E+00  0.649266E-06  0.649266E-06  0.649266E-06 -0.146263E-10  0.569070E-06  0.132743E-09  0.113540E-12
  0.315680E+05  0.768735E-06  0.101091E-09  0.273307E-19  0.179070E-15  0.000000E+00  0.643476E-06  0.643476E-06  0.643476E-06 -0.144955E-10  0.563978E-06  0.130331E-09  0.112007E-12
  0.317137E+05  0.761839E-06  0.992614E-10  0.268344E-19  0.176613E-15  0.000000E+00  0.637704E-06  0.637704E-06  0.637704E-06 -0.143648E-10  0.558894E-06  0.127953E-09  0.110488E-12
  0.318601E+05  0.755024E-06  0.974684E-10  0.263481E-19  0.174190E-15  0.000000E+00  0.631999E-06  0.631999E-06  0.631999E-06 -0.142357E-10  0.553872E-06  0.125624E-09  0.108992E-12
  0.320071E+05  0.748263E-06  0.957067E-10  0.258702E-19  0.171800E-15  0.000000E+00  0.626339E-06  0.626339E-06  0.626339E-06 -0.141077E-10  0.548889E-06  0.123335E-09  0.107516E-12
  0.321549E+05  0.741563E-06  0.939770E-10  0.254012E-19  0.169442E-15  0.000000E+00  0.620731E-06  0.620731E-06  0.620731E-06 -0.139808E-10  0.543953E-06  0.121089E-09  0.106059E-12
  0.323033E+05  0.734926E-06  0.922791E-10  0.249407E-19  0.167117E-15  0.000000E+00  0.615175E-06  0.615175E-06  0.615175E-06 -0.138551E-10  0.539063E-06  0.118884E-09  0.104623E-12
  0.324524E+05  0.728342E-06  0.906107E-10  0.244883E-19  0.164824E-15  0.000000E+00  0.609664E-06  0.609664E-06  0.609664E-06 -0.137304E-10  0.534211E-06  0.116718E-09  0.103205E-12
  0.326022E+05  0.721820E-06  0.889731E-10  0.240443E-19  0.162563E-15  0.000000E+00  0.604205E-06  0.604205E-06  0.604205E-06 -0.136069E-10  0.529406E-06  0.114593E-09  0.101807E-12
  0.327527E+05  0.715358E-06  0.873652E-10  0.236084E-19  0.160332E-15  0.000000E+00  0.598796E-06  0.598796E-06  0.598796E-06 -0.134846E-10  0.524645E-06  0.112506E-09  0.100428E-12
  0.329039E+05  0.708944E-06  0.857848E-10  0.231800E-19  0.158132E-15  0.000000E+00  0.593427E-06  0.593427E-06  0.593427E-06 -0.133631E-10  0.519917E-06  0.110456E-09  0.990664E-13
  0.330557E+05  0.702598E-06  0.842347E-10  0.227598E-19  0.155963E-15  0.000000E+00  0.588115E-06  0.588115E-06  0.588115E-06 -0.132429E-10  0.515243E-06  0.108445E-09  0.977248E-13
  0.332083E+05  0.696299E-06  0.827110E-10  0.223468E-19  0.153823E-15  0.000000E+00  0.582841E-06  0.582841E-06  0.582841E-06 -0.131236E-10  0.510600E-06  0.106469E-09  0.963994E-13
  0.333616E+05  0.690053E-06  0.812145E-10  0.219413E-19  0.151712E-15  0.000000E+00  0.577613E-06  0.577613E-06  0.577613E-06 -0.130053E-10  0.505998E-06  0.104529E-09  0.950917E-13
  0.335156E+05  0.683835E-06  0.797407E-10  0.215419E-19  0.149630E-15  0.000000E+00  0.572408E-06  0.572408E-06  0.572408E-06 -0.128874E-10  0.501409E-06  0.102619E-09  0.937967E-13
  0.336703E+05  0.677694E-06  0.782969E-10  0.211507E-19  0.147577E-15  0.000000E+00  0.567268E-06  0.567268E-06  0.567268E-06 -0.127710E-10  0.496882E-06  0.100747E-09  0.925230E-13
  0.338257E+05  0.671625E-06  0.768817E-10  0.207672E-19  0.145552E-15  0.000000E+00  0.562188E-06  0.562188E-06  0.562188E-06 -0.126561E-10  0.492413E-06  0.989134E-10  0.912696E-13
  0.339818E+05  0.665640E-06  0.754963E-10  0.203919E-19  0.143555E-15  0.000000E+00  0.557178E-06  0.557178E-06  0.557178E-06 -0.125430E-10  0.488010E-06  0.971185E-10  0.900382E-13
  0.341387E+05  0.659669E-06  0.741303E-10  0.200219E-19  0.141585E-15  0.000000E+00  0.552180E-06  0.552180E-06  0.552180E-06 -0.124299E-10  0.483611E-06  0.953491E-10  0.888167E-13
  0.342963E+05  0.653775E-06  0.727923E-10  0.196594E-19  0.139643E-15  0.000000E+00  0.547246E-06  0.547246E-06  0.547246E-06 -0.123184E-10  0.479273E-06  0.936163E-10  0.876158E-13
  0.344546E+05  0.647858E-06  0.714677E-10  0.193007E-19  0.137727E-15  0.000000E+00  0.542293E-06  0.542293E-06  0.542293E-06 -0.122061E-10  0.474903E-06  0.919013E-10  0.864182E-13
  0.346136E+05  0.642051E-06  0.701751E-10  0.189506E-19  0.135837E-15  0.000000E+00  0.537432E-06  0.537432E-06  0.537432E-06 -0.120962E-10  0.470625E-06  0.902279E-10  0.852464E-13
  0.347734E+05  0.636286E-06  0.689046E-10  0.186065E-19  0.133973E-15  0.000000E+00  0.532606E-06  0.532606E-06  0.532606E-06 -0.119870E-10  0.466378E-06  0.885834E-10  0.840890E-13
  0.349339E+05  0.630587E-06  0.676590E-10  0.182692E-19  0.132135E-15  0.000000E+00  0.527836E-06  0.527836E-06  0.527836E-06 -0.118792E-10  0.462181E-06  0.869715E-10  0.829497E-13
  0.350951E+05  0.624919E-06  0.664332E-10  0.179373E-19  0.130322E-15  0.000000E+00  0.523091E-06  0.523091E-06  0.523091E-06 -0.117718E-10  0.458004E-06  0.853855E-10  0.818225E-13
  0.352571E+05  0.619294E-06  0.652285E-10  0.176112E-19  0.128534E-15  0.000000E+00  0.518383E-06  0.518383E-06  0.518383E-06 -0.116652E-10  0.453857E-06  0.838271E-10  0.807092E-13
  0.354199E+05  0.613724E-06  0.640462E-10  0.172911E-19  0.126770E-15  0.000000E+00  0.513720E-06  0.513720E-06  0.513720E-06 -0.115597E-10  0.449752E-06  0.822980E-10  0.796118E-13
  0.355833E+05  0.608228E-06  0.628886E-10  0.169777E-19  0.125031E-15  0.000000E+00  0.509120E-06  0.509120E-06  0.509120E-06 -0.114557E-10  0.445706E-06  0.808010E-10  0.785333E-13
  0.357476E+05  0.602744E-06  0.617469E-10  0.166687E-19  0.123315E-15  0.000000E+00  0.504529E-06  0.504529E-06  0.504529E-06 -0.113517E-10  0.441661E-06  0.793249E-10  0.774632E-13
  0.359126E+05  0.597334E-06  0.606292E-10  0.163662E-19  0.121623E-15  0.000000E+00  0.500001E-06  0.500001E-06  0.500001E-06 -0.112493E-10  0.437677E-06  0.778800E-10  0.764118E-13
  0.360784E+05  0.592007E-06  0.595362E-10  0.160704E-19  0.119954E-15  0.000000E+00  0.495541E-06  0.495541E-06  0.495541E-06 -0.111487E-10  0.433760E-06  0.764672E-10  0.753802E-13
  0.362449E+05  0.586650E-06  0.584530E-10  0.157772E-19  0.118308E-15  0.000000E+00  0.491057E-06  0.491057E-06  0.491057E-06 -0.110471E-10  0.429806E-06  0.750674E-10  0.743500E-13
  0.364122E+05  0.581382E-06  0.573946E-10  0.154908E-19  0.116685E-15  0.000000E+00  0.486648E-06  0.486648E-06  0.486648E-06 -0.109473E-10  0.425927E-06  0.736999E-10  0.733405E-13
  0.365803E+05  0.576158E-06  0.563549E-10  0.152095E-19  0.115084E-15  0.000000E+00  0.482275E-06  0.482275E-06  0.482275E-06 -0.108484E-10  0.422079E-06  0.723569E-10  0.723441E-13
  0.367491E+05  0.570989E-06  0.553351E-10  0.149336E-19  0.113505E-15  0.000000E+00  0.477948E-06  0.477948E-06  0.477948E-06 -0.107506E-10  0.418273E-06  0.710396E-10  0.713624E-13
  0.369187E+05  0.565857E-06  0.543326E-10  0.146623E-19  0.111948E-15  0.000000E+00  0.473652E-06  0.473652E-06  0.473652E-06 -0.106535E-10  0.414493E-06  0.697449E-10  0.703927E-13
  0.370891E+05  0.560776E-06  0.533488E-10  0.143962E-19  0.110411E-15  0.000000E+00  0.469399E-06  0.469399E-06  0.469399E-06 -0.105573E-10  0.410751E-06  0.684747E-10  0.694369E-13
  0.372603E+05  0.555740E-06  0.523828E-10  0.141349E-19  0.108897E-15  0.000000E+00  0.465183E-06  0.465183E-06  0.465183E-06 -0.104620E-10  0.407043E-06  0.672276E-10  0.684940E-13
  0.374323E+05  0.550748E-06  0.514341E-10  0.138783E-19  0.107402E-15  0.000000E+00  0.461005E-06  0.461005E-06  0.461005E-06 -0.103675E-10  0.403367E-06  0.660030E-10  0.675637E-13
  0.376051E+05  0.545800E-06  0.505026E-10  0.136263E-19  0.105929E-15  0.000000E+00  0.456863E-06  0.456863E-06  0.456863E-06 -0.102739E-10  0.399724E-06  0.648008E-10  0.666460E-13
  0.377787E+05  0.540893E-06  0.495874E-10  0.133788E-19  0.104475E-15  0.000000E+00  0.452756E-06  0.452756E-06  0.452756E-06 -0.101810E-10  0.396110E-06  0.636199E-10  0.657401E-13
  0.379531E+05  0.536031E-06  0.486890E-10  0.131359E-19  0.103042E-15  0.000000E+00  0.448686E-06  0.448686E-06  0.448686E-06 -0.100890E-10  0.392530E-06  0.624608E-10  0.648467E-13
  0.381282E+05  0.531211E-06  0.478065E-10  0.128972E-19  0.101628E-15  0.000000E+00  0.444651E-06  0.444651E-06  0.444651E-06 -0.999775E-11  0.388980E-06  0.613224E-10  0.639651E-13
  0.383042E+05  0.526444E-06  0.469413E-10  0.126633E-19  0.100233E-15  0.000000E+00  0.440660E-06  0.440660E-06  0.440660E-06 -0.990758E-11  0.385472E-06  0.602064E-10  0.630970E-13
  0.384810E+05  0.521714E-06  0.460910E-10  0.124334E-19  0.988581E-16  0.000000E+00  0.436701E-06  0.436701E-06  0.436701E-06 -0.981808E-11  0.381990E-06  0.591099E-10  0.622398E-13
  0.386587E+05  0.517027E-06  0.452562E-10  0.122077E-19  0.975017E-16  0.000000E+00  0.432778E-06  0.432778E-06  0.432778E-06 -0.972941E-11  0.378540E-06  0.580336E-10  0.613944E-13
  0.388371E+05  0.512381E-06  0.444364E-10  0.119860E-19  0.961639E-16  0.000000E+00  0.428889E-06  0.428889E-06  0.428889E-06 -0.964151E-11  0.375120E-06  0.569767E-10  0.605603E-13
  0.390164E+05  0.507777E-06  0.436315E-10  0.117684E-19  0.948444E-16  0.000000E+00  0.425035E-06  0.425035E-06  0.425035E-06 -0.955442E-11  0.371731E-06  0.559391E-10  0.597376E-13
  0.391965E+05  0.503212E-06  0.428409E-10  0.115547E-19  0.935431E-16  0.000000E+00  0.421214E-06  0.421214E-06  0.421214E-06 -0.946805E-11  0.368371E-06  0.549202E-10  0.589256E-13
  0.393774E+05  0.498685E-06  0.420643E-10  0.113448E-19  0.922595E-16  0.000000E+00  0.417425E-06  0.417425E-06  0.417425E-06 -0.938240E-11  0.365038E-06  0.539195E-10  0.581244E-13
  0.395591E+05  0.494201E-06  0.413019E-10  0.111388E-19  0.909936E-16  0.000000E+00  0.413671E-06  0.413671E-06  0.413671E-06 -0.929755E-11  0.361737E-06  0.529373E-10  0.573341E-13
  0.397417E+05  0.489758E-06  0.405535E-10  0.109365E-19  0.897451E-16  0.000000E+00  0.409952E-06  0.409952E-06  0.409952E-06 -0.921350E-11  0.358467E-06  0.519731E-10  0.565549E-13
  0.399252E+05  0.485352E-06  0.398184E-10  0.107378E-19  0.885137E-16  0.000000E+00  0.406264E-06  0.406264E-06  0.406264E-06 -0.913014E-11  0.355224E-06  0.510262E-10  0.557858E-13
  0.401095E+05  0.480988E-06  0.390968E-10  0.105428E-19  0.872992E-16  0.000000E+00  0.402611E-06  0.402611E-06  0.402611E-06 -0.904759E-11  0.352012E-06  0.500969E-10  0.550275E-13
  0.402946E+05  0.476664E-06  0.383883E-10  0.103514E-19  0.861014E-16  0.000000E+00  0.398992E-06  0.398992E-06  0.398992E-06 -0.896581E-11  0.348830E-06  0.491847E-10  0.542796E-13
  0.404806E+05  0.472376E-06  0.376925E-10  0.101634E-19  0.849200E-16  0.000000E+00  0.395402E-06  0.395402E-06  0.395402E-06 -0.888470E-11  0.345674E-06  0.482887E-10  0.535414E-13
  0.406674E+05  0.468101E-06  0.370066E-10  0.997807E-20  0.837548E-16  0.000000E+00  0.391824E-06  0.391824E-06  0.391824E-06 -0.880370E-11  0.342523E-06  0.474058E-10  0.528096E-13
  0.408551E+05  0.463895E-06  0.363362E-10  0.979695E-20  0.826056E-16  0.000000E+00  0.388303E-06  0.388303E-06  0.388303E-06 -0.872417E-11  0.339428E-06  0.465429E-10  0.520922E-13
  0.410437E+05  0.459726E-06  0.356779E-10  0.961912E-20  0.814722E-16  0.000000E+00  0.384813E-06  0.384813E-06  0.384813E-06 -0.864534E-11  0.336361E-06  0.456957E-10  0.513844E-13
  0.412332E+05  0.455588E-06  0.350310E-10  0.944434E-20  0.803543E-16  0.000000E+00  0.381349E-06  0.381349E-06  0.381349E-06 -0.856707E-11  0.333316E-06  0.448632E-10  0.506853E-13
  0.414235E+05  0.451491E-06  0.343961E-10  0.927286E-20  0.792518E-16  0.000000E+00  0.377921E-06  0.377921E-06  0.377921E-06 -0.848962E-11  0.330302E-06  0.440463E-10  0.499963E-13
  0.416147E+05  0.447419E-06  0.337716E-10  0.910416E-20  0.781643E-16  0.000000E+00  0.374512E-06  0.374512E-06  0.374512E-06 -0.841256E-11  0.327304E-06  0.432429E-10  0.493149E-13
  0.418068E+05  0.443552E-06  0.331746E-10  0.894294E-20  0.770918E-16  0.000000E+00  0.371275E-06  0.371275E-06  0.371275E-06 -0.834028E-11  0.324492E-06  0.424749E-10  0.486666E-13
  0.419998E+05  0.439500E-06  0.325672E-10  0.877890E-20  0.760341E-16  0.000000E+00  0.367883E-06  0.367883E-06  0.367883E-06 -0.826331E-11  0.321497E-06  0.416938E-10  0.479960E-13
  0.421936E+05  0.435574E-06  0.319796E-10  0.862019E-20  0.749908E-16  0.000000E+00  0.364597E-06  0.364597E-06  0.364597E-06 -0.818925E-11  0.318615E-06  0.409380E-10  0.473473E-13
  0.423884E+05  0.431651E-06  0.313994E-10  0.846352E-20  0.739619E-16  0.000000E+00  0.361313E-06  0.361313E-06  0.361313E-06 -0.811505E-11  0.315728E-06  0.401920E-10  0.467027E-13
  0.425840E+05  0.427754E-06  0.308288E-10  0.830944E-20  0.729470E-16  0.000000E+00  0.358051E-06  0.358051E-06  0.358051E-06 -0.804128E-11  0.312858E-06  0.394584E-10  0.460656E-13
  0.427806E+05  0.423898E-06  0.302693E-10  0.815835E-20  0.719461E-16  0.000000E+00  0.354823E-06  0.354823E-06  0.354823E-06 -0.796835E-11  0.310021E-06  0.387392E-10  0.454382E-13
  0.429781E+05  0.420080E-06  0.297202E-10  0.801008E-20  0.709589E-16  0.000000E+00  0.351628E-06  0.351628E-06  0.351628E-06 -0.789616E-11  0.307212E-06  0.380333E-10  0.448197E-13
  0.431764E+05  0.416298E-06  0.291812E-10  0.786455E-20  0.699853E-16  0.000000E+00  0.348462E-06  0.348462E-06  0.348462E-06 -0.782465E-11  0.304430E-06  0.373406E-10  0.442098E-13
  0.433757E+05  0.412558E-06  0.286526E-10  0.772184E-20  0.690251E-16  0.000000E+00  0.345331E-06  0.345331E-06  0.345331E-06 -0.775398E-11  0.301680E-06  0.366613E-10  0.436092E-13
  0.435759E+05  0.408848E-06  0.281333E-10  0.758164E-20  0.680780E-16  0.000000E+00  0.342225E-06  0.342225E-06  0.342225E-06 -0.768386E-11  0.298952E-06  0.359941E-10  0.430163E-13
  0.437771E+05  0.405156E-06  0.276221E-10  0.744364E-20  0.671439E-16  0.000000E+00  0.339135E-06  0.339135E-06  0.339135E-06 -0.761402E-11  0.296235E-06  0.353373E-10  0.424296E-13
  0.439791E+05  0.401499E-06  0.271203E-10  0.730818E-20  0.662226E-16  0.000000E+00  0.336074E-06  0.336074E-06  0.336074E-06 -0.754484E-11  0.293543E-06  0.346927E-10  0.418509E-13
  0.441821E+05  0.397839E-06  0.266245E-10  0.717434E-20  0.653139E-16  0.000000E+00  0.333010E-06  0.333010E-06  0.333010E-06 -0.747541E-11  0.290842E-06  0.340559E-10  0.412753E-13
  0.443861E+05  0.394252E-06  0.261411E-10  0.704388E-20  0.644178E-16  0.000000E+00  0.330008E-06  0.330008E-06  0.330008E-06 -0.740759E-11  0.288204E-06  0.334352E-10  0.407130E-13
  0.445910E+05  0.390693E-06  0.256662E-10  0.691568E-20  0.635339E-16  0.000000E+00  0.327028E-06  0.327028E-06  0.327028E-06 -0.734027E-11  0.285584E-06  0.328252E-10  0.401576E-13
  0.447968E+05  0.387125E-06  0.251964E-10  0.678890E-20  0.626622E-16  0.000000E+00  0.324042E-06  0.324042E-06  0.324042E-06 -0.727258E-11  0.282951E-06  0.322221E-10  0.396046E-13
  0.450035E+05  0.383672E-06  0.247422E-10  0.666630E-20  0.618024E-16  0.000000E+00  0.321152E-06  0.321152E-06  0.321152E-06 -0.720751E-11  0.280419E-06  0.316389E-10  0.390699E-13
  0.452113E+05  0.380209E-06  0.242927E-10  0.654501E-20  0.609544E-16  0.000000E+00  0.318253E-06  0.318253E-06  0.318253E-06 -0.714204E-11  0.277872E-06  0.310619E-10  0.385371E-13
  0.454200E+05  0.376786E-06  0.238521E-10  0.642611E-20  0.601180E-16  0.000000E+00  0.315388E-06  0.315388E-06  0.315388E-06 -0.707736E-11  0.275355E-06  0.304963E-10  0.380127E-13
  0.456296E+05  0.373390E-06  0.234192E-10  0.630929E-20  0.592931E-16  0.000000E+00  0.312545E-06  0.312545E-06  0.312545E-06 -0.701318E-11  0.272858E-06  0.299407E-10  0.374950E-13
  0.458402E+05  0.369945E-06  0.229877E-10  0.619286E-20  0.584796E-16  0.000000E+00  0.309662E-06  0.309662E-06  0.309662E-06 -0.694765E-11  0.270309E-06  0.293871E-10  0.369740E-13
  0.460518E+05  0.366672E-06  0.225754E-10  0.608161E-20  0.576772E-16  0.000000E+00  0.306922E-06  0.306922E-06  0.306922E-06 -0.688613E-11  0.267915E-06  0.288579E-10  0.364783E-13
  0.462644E+05  0.363351E-06  0.221644E-10  0.597072E-20  0.568858E-16  0.000000E+00  0.304142E-06  0.304142E-06  0.304142E-06 -0.682330E-11  0.265470E-06  0.283306E-10  0.359794E-13
  0.464779E+05  0.360074E-06  0.217619E-10  0.586214E-20  0.561053E-16  0.000000E+00  0.301399E-06  0.301399E-06  0.301399E-06 -0.676137E-11  0.263061E-06  0.278142E-10  0.354891E-13
  0.466925E+05  0.356842E-06  0.213680E-10  0.575586E-20  0.553355E-16  0.000000E+00  0.298694E-06  0.298694E-06  0.298694E-06 -0.670038E-11  0.260688E-06  0.273089E-10  0.350074E-13
  0.469080E+05  0.353617E-06  0.209795E-10  0.565104E-20  0.545762E-16  0.000000E+00  0.295994E-06  0.295994E-06  0.295994E-06 -0.663940E-11  0.258315E-06  0.268105E-10  0.345294E-13
  0.471245E+05  0.350423E-06  0.205982E-10  0.554819E-20  0.538274E-16  0.000000E+00  0.293321E-06  0.293321E-06  0.293321E-06 -0.657904E-11  0.255967E-06  0.263215E-10  0.340583E-13
  0.473420E+05  0.347255E-06  0.202236E-10  0.544715E-20  0.530888E-16  0.000000E+00  0.290669E-06  0.290669E-06  0.290669E-06 -0.651914E-11  0.253636E-06  0.258412E-10  0.335932E-13
  0.475605E+05  0.344120E-06  0.198562E-10  0.534803E-20  0.523604E-16  0.000000E+00  0.288044E-06  0.288044E-06  0.288044E-06 -0.645989E-11  0.251331E-06  0.253700E-10  0.331350E-13
  0.477801E+05  0.341012E-06  0.194953E-10  0.525068E-20  0.516420E-16  0.000000E+00  0.285442E-06  0.285442E-06  0.285442E-06 -0.640114E-11  0.249045E-06  0.249072E-10  0.326828E-13
  0.480006E+05  0.337935E-06  0.191412E-10  0.515518E-20  0.509334E-16  0.000000E+00  0.282867E-06  0.282867E-06  0.282867E-06 -0.634301E-11  0.246784E-06  0.244533E-10  0.322372E-13
  0.482222E+05  0.334872E-06  0.187926E-10  0.506115E-20  0.502345E-16  0.000000E+00  0.280303E-06  0.280303E-06  0.280303E-06 -0.628509E-11  0.244530E-06  0.240064E-10  0.317961E-13
  0.484448E+05  0.331787E-06  0.184466E-10  0.496785E-20  0.495452E-16  0.000000E+00  0.277721E-06  0.277721E-06  0.277721E-06 -0.622646E-11  0.242249E-06  0.235630E-10  0.313548E-13
  0.486684E+05  0.328787E-06  0.181111E-10  0.487737E-20  0.488654E-16  0.000000E+00  0.275209E-06  0.275209E-06  0.275209E-06 -0.616977E-11  0.240044E-06  0.231330E-10  0.309266E-13
  0.488930E+05  0.325814E-06  0.177818E-10  0.478855E-20  0.481949E-16  0.000000E+00  0.272721E-06  0.272721E-06  0.272721E-06 -0.611360E-11  0.237858E-06  0.227109E-10  0.305043E-13
  0.491187E+05  0.322870E-06  0.174585E-10  0.470137E-20  0.475337E-16  0.000000E+00  0.270257E-06  0.270257E-06  0.270257E-06 -0.605797E-11  0.235694E-06  0.222966E-10  0.300879E-13
  0.493454E+05  0.319950E-06  0.171410E-10  0.461575E-20  0.468815E-16  0.000000E+00  0.267813E-06  0.267813E-06  0.267813E-06 -0.600281E-11  0.233548E-06  0.218898E-10  0.296769E-13
  0.495732E+05  0.317049E-06  0.168286E-10  0.453153E-20  0.462382E-16  0.000000E+00  0.265384E-06  0.265384E-06  0.265384E-06 -0.594794E-11  0.231413E-06  0.214896E-10  0.292706E-13
  0.498020E+05  0.314210E-06  0.165245E-10  0.444952E-20  0.456038E-16  0.000000E+00  0.263008E-06  0.263008E-06  0.263008E-06 -0.589446E-11  0.229332E-06  0.210999E-10  0.288741E-13
  0.500319E+05  0.311365E-06  0.162237E-10  0.436842E-20  0.449780E-16  0.000000E+00  0.260627E-06  0.260627E-06  0.260627E-06 -0.584070E-11  0.227241E-06  0.207147E-10  0.284794E-13
  0.502628E+05  0.308543E-06  0.159282E-10  0.428874E-20  0.443609E-16  0.000000E+00  0.258264E-06  0.258264E-06  0.258264E-06 -0.578735E-11  0.225165E-06  0.203361E-10  0.280896E-13
  0.504948E+05  0.305752E-06  0.156384E-10  0.421063E-20  0.437522E-16  0.000000E+00  0.255928E-06  0.255928E-06  0.255928E-06 -0.573464E-11  0.223114E-06  0.199650E-10  0.277059E-13
  0.507279E+05  0.302990E-06  0.153542E-10  0.413400E-20  0.431519E-16  0.000000E+00  0.253616E-06  0.253616E-06  0.253616E-06 -0.568248E-11  0.221085E-06  0.196010E-10  0.273278E-13
  0.509620E+05  0.300252E-06  0.150750E-10  0.405874E-20  0.425598E-16  0.000000E+00  0.251324E-06  0.251324E-06  0.251324E-06 -0.563077E-11  0.219073E-06  0.192435E-10  0.269547E-13
  0.511973E+05  0.297534E-06  0.148007E-10  0.398478E-20  0.419759E-16  0.000000E+00  0.249049E-06  0.249049E-06  0.249049E-06 -0.557943E-11  0.217075E-06  0.188922E-10  0.265862E-13
  0.514336E+05  0.294841E-06  0.145313E-10  0.391218E-20  0.413999E-16  0.000000E+00  0.246795E-06  0.246795E-06  0.246795E-06 -0.552857E-11  0.215097E-06  0.185474E-10  0.262229E-13
  0.516710E+05  0.292192E-06  0.142681E-10  0.384123E-20  0.408319E-16  0.000000E+00  0.244578E-06  0.244578E-06  0.244578E-06 -0.547864E-11  0.213154E-06  0.182104E-10  0.258667E-13
  0.519095E+05  0.289548E-06  0.140085E-10  0.377124E-20  0.402716E-16  0.000000E+00  0.242365E-06  0.242365E-06  0.242365E-06 -0.542871E-11  0.211211E-06  0.178781E-10  0.255132E-13
  0.521491E+05  0.286926E-06  0.137535E-10  0.370250E-20  0.397191E-16  0.000000E+00  0.240170E-06  0.240170E-06  0.240170E-06 -0.537918E-11  0.209284E-06  0.175516E-10  0.251643E-13
  0.523898E+05  0.284330E-06  0.135032E-10  0.363506E-20  0.391741E-16  0.000000E+00  0.237997E-06  0.237997E-06  0.237997E-06 -0.533016E-11  0.207377E-06  0.172314E-10  0.248204E-13
  0.526316E+05  0.281753E-06  0.132573E-10  0.356878E-20  0.386366E-16  0.000000E+00  0.235840E-06  0.235840E-06  0.235840E-06 -0.528150E-11  0.205484E-06  0.169166E-10  0.244808E-13
  0.528746E+05  0.279200E-06  0.130159E-10  0.350370E-20  0.381064E-16  0.000000E+00  0.233703E-06  0.233703E-06  0.233703E-06 -0.523327E-11  0.203607E-06  0.166077E-10  0.241458E-13
  0.531186E+05  0.276672E-06  0.127789E-10  0.343984E-20  0.375836E-16  0.000000E+00  0.231587E-06  0.231587E-06  0.231587E-06 -0.518553E-11  0.201750E-06  0.163045E-10  0.238156E-13
  0.533638E+05  0.274164E-06  0.125461E-10  0.337711E-20  0.370679E-16  0.000000E+00  0.229487E-06  0.229487E-06  0.229487E-06 -0.513816E-11  0.199907E-06  0.160066E-10  0.234897E-13
  0.536101E+05  0.271653E-06  0.123161E-10  0.331511E-20  0.365593E-16  0.000000E+00  0.227386E-06  0.227386E-06  0.227386E-06 -0.509060E-11  0.198057E-06  0.157123E-10  0.231654E-13
  0.538576E+05  0.269196E-06  0.120921E-10  0.325475E-20  0.360577E-16  0.000000E+00  0.225329E-06  0.225329E-06  0.225329E-06 -0.504425E-11  0.196253E-06  0.154257E-10  0.228490E-13
  0.541062E+05  0.266757E-06  0.118718E-10  0.319540E-20  0.355629E-16  0.000000E+00  0.223287E-06  0.223287E-06  0.223287E-06 -0.499819E-11  0.194461E-06  0.151440E-10  0.225363E-13
  0.543559E+05  0.264344E-06  0.116558E-10  0.313720E-20  0.350750E-16  0.000000E+00  0.221267E-06  0.221267E-06  0.221267E-06 -0.495265E-11  0.192689E-06  0.148677E-10  0.222284E-13
  0.546068E+05  0.261948E-06  0.114435E-10  0.307999E-20  0.345937E-16  0.000000E+00  0.219262E-06  0.219262E-06  0.219262E-06 -0.490741E-11  0.190930E-06  0.145962E-10  0.219242E-13
  0.548589E+05  0.259570E-06  0.112349E-10  0.302377E-20  0.341191E-16  0.000000E+00  0.217271E-06  0.217271E-06  0.217271E-06 -0.486250E-11  0.189182E-06  0.143294E-10  0.216238E-13
  0.551121E+05  0.257237E-06  0.110313E-10  0.296893E-20  0.336509E-16  0.000000E+00  0.215319E-06  0.215319E-06  0.215319E-06 -0.481858E-11  0.187473E-06  0.140691E-10  0.213300E-13
  0.553665E+05  0.254904E-06  0.108303E-10  0.291477E-20  0.331892E-16  0.000000E+00  0.213366E-06  0.213366E-06  0.213366E-06 -0.477453E-11  0.185759E-06  0.138120E-10  0.210379E-13
  0.556220E+05  0.252590E-06  0.106329E-10  0.286158E-20  0.327338E-16  0.000000E+00  0.211429E-06  0.211429E-06  0.211429E-06 -0.473085E-11  0.184060E-06  0.135596E-10  0.207497E-13
  0.558788E+05  0.250298E-06  0.104390E-10  0.280935E-20  0.322847E-16  0.000000E+00  0.209510E-06  0.209510E-06  0.209510E-06 -0.468757E-11  0.182376E-06  0.133117E-10  0.204654E-13
  0.561367E+05  0.248028E-06  0.102488E-10  0.275810E-20  0.318417E-16  0.000000E+00  0.207610E-06  0.207610E-06  0.207610E-06 -0.464472E-11  0.180709E-06  0.130685E-10  0.201852E-13
  0.563958E+05  0.245779E-06  0.100621E-10  0.270781E-20  0.314048E-16  0.000000E+00  0.205728E-06  0.205728E-06  0.205728E-06 -0.460229E-11  0.179058E-06  0.128299E-10  0.199089E-13
  0.566561E+05  0.243551E-06  0.987879E-11  0.265843E-20  0.309739E-16  0.000000E+00  0.203863E-06  0.203863E-06  0.203863E-06 -0.456024E-11  0.177422E-06  0.125955E-10  0.196364E-13
  0.569176E+05  0.241341E-06  0.969872E-11  0.260992E-20  0.305489E-16  0.000000E+00  0.202013E-06  0.202013E-06  0.202013E-06 -0.451853E-11  0.175800E-06  0.123654E-10  0.193674E-13
  0.571803E+05  0.239154E-06  0.952206E-11  0.256233E-20  0.301297E-16  0.000000E+00  0.200182E-06  0.200182E-06  0.200182E-06 -0.447727E-11  0.174194E-06  0.121396E-10  0.191024E-13
  0.574443E+05  0.236981E-06  0.934835E-11  0.251554E-20  0.297164E-16  0.000000E+00  0.198363E-06  0.198363E-06  0.198363E-06 -0.443625E-11  0.172598E-06  0.119176E-10  0.188404E-13
  0.577094E+05  0.234827E-06  0.917777E-11  0.246959E-20  0.293086E-16  0.000000E+00  0.196560E-06  0.196560E-06  0.196560E-06 -0.439559E-11  0.171016E-06  0.116996E-10  0.185820E-13
  0.579758E+05  0.232694E-06  0.901038E-11  0.242450E-20  0.289065E-16  0.000000E+00  0.194775E-06  0.194775E-06  0.194775E-06 -0.435534E-11  0.169450E-06  0.114857E-10  0.183272E-13
  0.582434E+05  0.230580E-06  0.884602E-11  0.238023E-20  0.285099E-16  0.000000E+00  0.193006E-06  0.193006E-06  0.193006E-06 -0.431545E-11  0.167898E-06  0.112757E-10  0.180760E-13
  0.585122E+05  0.228489E-06  0.868479E-11  0.233681E-20  0.281187E-16  0.000000E+00  0.191255E-06  0.191255E-06  0.191255E-06 -0.427599E-11  0.166363E-06  0.110697E-10  0.178284E-13
  0.587823E+05  0.226407E-06  0.852606E-11  0.229406E-20  0.277329E-16  0.000000E+00  0.189512E-06  0.189512E-06  0.189512E-06 -0.423667E-11  0.164833E-06  0.108669E-10  0.175833E-13
  0.590537E+05  0.224348E-06  0.837045E-11  0.225215E-20  0.273523E-16  0.000000E+00  0.187789E-06  0.187789E-06  0.187789E-06 -0.419782E-11  0.163322E-06  0.106681E-10  0.173420E-13
  0.593262E+05  0.222320E-06  0.821824E-11  0.221116E-20  0.269770E-16  0.000000E+00  0.186092E-06  0.186092E-06  0.186092E-06 -0.415962E-11  0.161835E-06  0.104736E-10  0.171053E-13
  0.596001E+05  0.219634E-06  0.803673E-11  0.216222E-20  0.266069E-16  0.000000E+00  0.183843E-06  0.183843E-06  0.183843E-06 -0.410538E-11  0.159727E-06  0.102419E-10  0.168048E-13
  0.598752E+05  0.217635E-06  0.788995E-11  0.212269E-20  0.262418E-16  0.000000E+00  0.182170E-06  0.182170E-06  0.182170E-06 -0.406768E-11  0.158260E-06  0.100544E-10  0.165740E-13
  0.601515E+05  0.215659E-06  0.774608E-11  0.208395E-20  0.258818E-16  0.000000E+00  0.180516E-06  0.180516E-06  0.180516E-06 -0.403045E-11  0.156811E-06  0.987065E-11  0.163469E-13
  0.604292E+05  0.213694E-06  0.760450E-11  0.204582E-20  0.255266E-16  0.000000E+00  0.178871E-06  0.178871E-06  0.178871E-06 -0.399339E-11  0.155370E-06  0.968984E-11  0.161222E-13
  0.607081E+05  0.211768E-06  0.746647E-11  0.200866E-20  0.251764E-16  0.000000E+00  0.177259E-06  0.177259E-06  0.177259E-06 -0.395718E-11  0.153961E-06  0.951355E-11  0.159026E-13
  0.609883E+05  0.209842E-06  0.733018E-11  0.197196E-20  0.248310E-16  0.000000E+00  0.175647E-06  0.175647E-06  0.175647E-06 -0.392088E-11  0.152549E-06  0.933950E-11  0.156843E-13
  0.612698E+05  0.207933E-06  0.719633E-11  0.193592E-20  0.244903E-16  0.000000E+00  0.174049E-06  0.174049E-06  0.174049E-06 -0.388490E-11  0.151148E-06  0.916859E-11  0.154690E-13
  0.615527E+05  0.206890E-06  0.710265E-11  0.191077E-20  0.241542E-16  0.000000E+00  0.173176E-06  0.173176E-06  0.173176E-06 -0.386979E-11  0.150559E-06  0.904879E-11  0.153379E-13
  0.618368E+05  0.205007E-06  0.697294E-11  0.187584E-20  0.238228E-16  0.000000E+00  0.171600E-06  0.171600E-06  0.171600E-06 -0.383427E-11  0.149177E-06  0.888321E-11  0.151272E-13
  0.621222E+05  0.203134E-06  0.684525E-11  0.184146E-20  0.234959E-16  0.000000E+00  0.170031E-06  0.170031E-06  0.170031E-06 -0.379887E-11  0.147800E-06  0.872019E-11  0.149187E-13
  0.624089E+05  0.201284E-06  0.672020E-11  0.180779E-20  0.231736E-16  0.000000E+00  0.168483E-06  0.168483E-06  0.168483E-06 -0.376398E-11  0.146442E-06  0.856056E-11  0.147138E-13
  0.626970E+05  0.199452E-06  0.659746E-11  0.177474E-20  0.228556E-16  0.000000E+00  0.166950E-06  0.166950E-06  0.166950E-06 -0.372942E-11  0.145098E-06  0.840390E-11  0.145117E-13
  0.629864E+05  0.197633E-06  0.647680E-11  0.174226E-20  0.225420E-16  0.000000E+00  0.165427E-06  0.165427E-06  0.165427E-06 -0.369508E-11  0.143762E-06  0.824990E-11  0.143121E-13
  0.632771E+05  0.195830E-06  0.635835E-11  0.171037E-20  0.222327E-16  0.000000E+00  0.163918E-06  0.163918E-06  0.163918E-06 -0.366106E-11  0.142438E-06  0.809871E-11  0.141151E-13
  0.635692E+05  0.194049E-06  0.624226E-11  0.167911E-20  0.219277E-16  0.000000E+00  0.162427E-06  0.162427E-06  0.162427E-06 -0.362747E-11  0.141131E-06  0.795056E-11  0.139214E-13
  0.638626E+05  0.192282E-06  0.612822E-11  0.164841E-20  0.216268E-16  0.000000E+00  0.160948E-06  0.160948E-06  0.160948E-06 -0.359414E-11  0.139835E-06  0.780504E-11  0.137301E-13
  0.641574E+05  0.190534E-06  0.601638E-11  0.161831E-20  0.213300E-16  0.000000E+00  0.159485E-06  0.159485E-06  0.159485E-06 -0.356119E-11  0.138553E-06  0.766234E-11  0.135417E-13
  0.644535E+05  0.188770E-06  0.590531E-11  0.158840E-20  0.210374E-16  0.000000E+00  0.158009E-06  0.158009E-06  0.158009E-06 -0.352778E-11  0.137253E-06  0.752063E-11  0.133531E-13
  0.647510E+05  0.187092E-06  0.579906E-11  0.155980E-20  0.207487E-16  0.000000E+00  0.156604E-06  0.156604E-06  0.156604E-06 -0.349636E-11  0.136030E-06  0.738506E-11  0.131733E-13
  0.650499E+05  0.185384E-06  0.569295E-11  0.153124E-20  0.204640E-16  0.000000E+00  0.155174E-06  0.155174E-06  0.155174E-06 -0.346414E-11  0.134777E-06  0.724970E-11  0.129920E-13
  0.653502E+05  0.183699E-06  0.558907E-11  0.150328E-20  0.201833E-16  0.000000E+00  0.153764E-06  0.153764E-06  0.153764E-06 -0.343239E-11  0.133541E-06  0.711718E-11  0.128138E-13
  0.656518E+05  0.182021E-06  0.548674E-11  0.147573E-20  0.199063E-16  0.000000E+00  0.152359E-06  0.152359E-06  0.152359E-06 -0.340072E-11  0.132309E-06  0.698664E-11  0.126372E-13
  0.659549E+05  0.180360E-06  0.538638E-11  0.144872E-20  0.196332E-16  0.000000E+00  0.150969E-06  0.150969E-06  0.150969E-06 -0.336940E-11  0.131091E-06  0.685863E-11  0.124633E-13
  0.662593E+05  0.178713E-06  0.528780E-11  0.142218E-20  0.193638E-16  0.000000E+00  0.149591E-06  0.149591E-06  0.149591E-06 -0.333833E-11  0.129882E-06  0.673289E-11  0.122917E-13
  0.665651E+05  0.177088E-06  0.519128E-11  0.139620E-20  0.190981E-16  0.000000E+00  0.148230E-06  0.148230E-06  0.148230E-06 -0.330771E-11  0.128691E-06  0.660978E-11  0.121230E-13
  0.668724E+05  0.175473E-06  0.509634E-11  0.137065E-20  0.188361E-16  0.000000E+00  0.146878E-06  0.146878E-06  0.146878E-06 -0.327727E-11  0.127506E-06  0.648871E-11  0.119562E-13
  0.671810E+05  0.173873E-06  0.500313E-11  0.134556E-20  0.185776E-16  0.000000E+00  0.145539E-06  0.145539E-06  0.145539E-06 -0.324709E-11  0.126332E-06  0.636983E-11  0.117917E-13
  0.674911E+05  0.172300E-06  0.491213E-11  0.132107E-20  0.183227E-16  0.000000E+00  0.144222E-06  0.144222E-06  0.144222E-06 -0.321752E-11  0.125182E-06  0.625377E-11  0.116306E-13
  0.678027E+05  0.170732E-06  0.482240E-11  0.129692E-20  0.180713E-16  0.000000E+00  0.142909E-06  0.142909E-06  0.142909E-06 -0.318797E-11  0.124032E-06  0.613936E-11  0.114709E-13
  0.681156E+05  0.169174E-06  0.473418E-11  0.127318E-20  0.178234E-16  0.000000E+00  0.141605E-06  0.141605E-06  0.141605E-06 -0.315860E-11  0.122890E-06  0.602686E-11  0.113130E-13
  0.684300E+05  0.167630E-06  0.464758E-11  0.124987E-20  0.175788E-16  0.000000E+00  0.140313E-06  0.140313E-06  0.140313E-06 -0.312951E-11  0.121758E-06  0.591643E-11  0.111573E-13
  0.687459E+05  0.166102E-06  0.456262E-11  0.122701E-20  0.173376E-16  0.000000E+00  0.139034E-06  0.139034E-06  0.139034E-06 -0.310073E-11  0.120638E-06  0.580809E-11  0.110039E-13
  0.690632E+05  0.164586E-06  0.447914E-11  0.120454E-20  0.170997E-16  0.000000E+00  0.137766E-06  0.137766E-06  0.137766E-06 -0.307215E-11  0.119526E-06  0.570165E-11  0.108524E-13
  0.693820E+05  0.163083E-06  0.439715E-11  0.118248E-20  0.168651E-16  0.000000E+00  0.136507E-06  0.136507E-06  0.136507E-06 -0.304382E-11  0.118424E-06  0.559712E-11  0.107029E-13
  0.697022E+05  0.161596E-06  0.431675E-11  0.116084E-20  0.166337E-16  0.000000E+00  0.135263E-06  0.135263E-06  0.135263E-06 -0.301581E-11  0.117334E-06  0.549461E-11  0.105557E-13
  0.700240E+05  0.160114E-06  0.423752E-11  0.113952E-20  0.164055E-16  0.000000E+00  0.134022E-06  0.134022E-06  0.134022E-06 -0.298785E-11  0.116246E-06  0.539360E-11  0.104098E-13
  0.703472E+05  0.158651E-06  0.415993E-11  0.111864E-20  0.161804E-16  0.000000E+00  0.132797E-06  0.132797E-06  0.132797E-06 -0.296027E-11  0.115173E-06  0.529468E-11  0.102664E-13
  0.706719E+05  0.157202E-06  0.408380E-11  0.109815E-20  0.159584E-16  0.000000E+00  0.131585E-06  0.131585E-06  0.131585E-06 -0.293298E-11  0.114111E-06  0.519762E-11  0.101250E-13
  0.709981E+05  0.155765E-06  0.400901E-11  0.107803E-20  0.157394E-16  0.000000E+00  0.130382E-06  0.130382E-06  0.130382E-06 -0.290590E-11  0.113058E-06  0.510228E-11  0.998541E-14
  0.713258E+05  0.154300E-06  0.393422E-11  0.105790E-20  0.155235E-16  0.000000E+00  0.129156E-06  0.129156E-06  0.129156E-06 -0.287808E-11  0.111976E-06  0.500695E-11  0.984437E-14
  0.716550E+05  0.152885E-06  0.386201E-11  0.103847E-20  0.153105E-16  0.000000E+00  0.127971E-06  0.127971E-06  0.127971E-06 -0.285139E-11  0.110937E-06  0.491490E-11  0.970828E-14
  0.719858E+05  0.151489E-06  0.379134E-11  0.101945E-20  0.151004E-16  0.000000E+00  0.126803E-06  0.126803E-06  0.126803E-06 -0.282511E-11  0.109915E-06  0.482482E-11  0.957461E-14
  0.723181E+05  0.150109E-06  0.372203E-11  0.100081E-20  0.148932E-16  0.000000E+00  0.125647E-06  0.125647E-06  0.125647E-06 -0.279912E-11  0.108904E-06  0.473648E-11  0.944296E-14
  0.726519E+05  0.148743E-06  0.365407E-11  0.982521E-21  0.146889E-16  0.000000E+00  0.124504E-06  0.124504E-06  0.124504E-06 -0.277344E-11  0.107904E-06  0.464985E-11  0.931332E-14
  0.729872E+05  0.147381E-06  0.358708E-11  0.964497E-21  0.144873E-16  0.000000E+00  0.123364E-06  0.123364E-06  0.123364E-06 -0.274778E-11  0.106906E-06  0.456447E-11  0.918478E-14
  0.733241E+05  0.146033E-06  0.352136E-11  0.946813E-21  0.142885E-16  0.000000E+00  0.122236E-06  0.122236E-06  0.122236E-06 -0.272239E-11  0.105918E-06  0.448071E-11  0.905810E-14
  0.736626E+05  0.144697E-06  0.345682E-11  0.929448E-21  0.140925E-16  0.000000E+00  0.121117E-06  0.121117E-06  0.121117E-06 -0.269722E-11  0.104939E-06  0.439845E-11  0.893311E-14
  0.740026E+05  0.143373E-06  0.339347E-11  0.912405E-21  0.138991E-16  0.000000E+00  0.120009E-06  0.120009E-06  0.120009E-06 -0.267228E-11  0.103969E-06  0.431772E-11  0.880988E-14
  0.743441E+05  0.142063E-06  0.333133E-11  0.895685E-21  0.137084E-16  0.000000E+00  0.118912E-06  0.118912E-06  0.118912E-06 -0.264762E-11  0.103009E-06  0.423853E-11  0.868846E-14
  0.746873E+05  0.140765E-06  0.327036E-11  0.879282E-21  0.135203E-16  0.000000E+00  0.117826E-06  0.117826E-06  0.117826E-06 -0.262321E-11  0.102060E-06  0.416083E-11  0.856880E-14
  0.750320E+05  0.139476E-06  0.321038E-11  0.863146E-21  0.133348E-16  0.000000E+00  0.116747E-06  0.116747E-06  0.116747E-06 -0.259892E-11  0.101115E-06  0.408441E-11  0.845047E-14
  0.753784E+05  0.138198E-06  0.315150E-11  0.847308E-21  0.131519E-16  0.000000E+00  0.115678E-06  0.115678E-06  0.115678E-06 -0.257486E-11  0.100179E-06  0.400939E-11  0.833379E-14
  0.757263E+05  0.136933E-06  0.309371E-11  0.831760E-21  0.129714E-16  0.000000E+00  0.114618E-06  0.114618E-06  0.114618E-06 -0.255103E-11  0.992515E-07  0.393576E-11  0.821871E-14
  0.760758E+05  0.135678E-06  0.303697E-11  0.816496E-21  0.127934E-16  0.000000E+00  0.113568E-06  0.113568E-06  0.113568E-06 -0.252741E-11  0.983326E-07  0.386347E-11  0.810522E-14
  0.764270E+05  0.134431E-06  0.298114E-11  0.801475E-21  0.126179E-16  0.000000E+00  0.112524E-06  0.112524E-06  0.112524E-06 -0.250390E-11  0.974179E-07  0.379234E-11  0.799293E-14
  0.767798E+05  0.133200E-06  0.292649E-11  0.786775E-21  0.124448E-16  0.000000E+00  0.111494E-06  0.111494E-06  0.111494E-06 -0.248074E-11  0.965170E-07  0.372272E-11  0.788263E-14
  0.771342E+05  0.131978E-06  0.287276E-11  0.772320E-21  0.122740E-16  0.000000E+00  0.110471E-06  0.110471E-06  0.110471E-06 -0.245772E-11  0.956213E-07  0.365428E-11  0.777360E-14
  0.774902E+05  0.130775E-06  0.282026E-11  0.758198E-21  0.121056E-16  0.000000E+00  0.109464E-06  0.109464E-06  0.109464E-06 -0.243513E-11  0.947424E-07  0.358741E-11  0.766676E-14
  0.778479E+05  0.129571E-06  0.276837E-11  0.744239E-21  0.119395E-16  0.000000E+00  0.108457E-06  0.108457E-06  0.108457E-06 -0.241244E-11  0.938595E-07  0.352131E-11  0.756042E-14
  0.782072E+05  0.128352E-06  0.271671E-11  0.730342E-21  0.117757E-16  0.000000E+00  0.107436E-06  0.107436E-06  0.107436E-06 -0.238932E-11  0.929604E-07  0.345552E-11  0.745360E-14
  0.785682E+05  0.127174E-06  0.266681E-11  0.716920E-21  0.116141E-16  0.000000E+00  0.106450E-06  0.106450E-06  0.106450E-06 -0.236714E-11  0.920973E-07  0.339198E-11  0.735047E-14
  0.789308E+05  0.126007E-06  0.261784E-11  0.703747E-21  0.114548E-16  0.000000E+00  0.105473E-06  0.105473E-06  0.105473E-06 -0.234517E-11  0.912425E-07  0.332962E-11  0.724879E-14
  0.792952E+05  0.124819E-06  0.256893E-11  0.690590E-21  0.112976E-16  0.000000E+00  0.104479E-06  0.104479E-06  0.104479E-06 -0.232265E-11  0.903664E-07  0.326734E-11  0.714620E-14
  0.796612E+05  0.123672E-06  0.252173E-11  0.677894E-21  0.111426E-16  0.000000E+00  0.103519E-06  0.103519E-06  0.103519E-06 -0.230106E-11  0.895266E-07  0.320724E-11  0.704726E-14
  0.800289E+05  0.122543E-06  0.247557E-11  0.665478E-21  0.109897E-16  0.000000E+00  0.102573E-06  0.102573E-06  0.102573E-06 -0.227984E-11  0.887009E-07  0.314846E-11  0.695019E-14
  0.803983E+05  0.121416E-06  0.243007E-11  0.653240E-21  0.108389E-16  0.000000E+00  0.101630E-06  0.101630E-06  0.101630E-06 -0.225864E-11  0.878762E-07  0.309054E-11  0.685394E-14
  0.807694E+05  0.120297E-06  0.238532E-11  0.641204E-21  0.106902E-16  0.000000E+00  0.100694E-06  0.100694E-06  0.100694E-06 -0.223756E-11  0.870561E-07  0.303357E-11  0.675878E-14
  0.811422E+05  0.119192E-06  0.234149E-11  0.629416E-21  0.105435E-16  0.000000E+00  0.997685E-07  0.997685E-07  0.997685E-07 -0.221677E-11  0.862472E-07  0.297777E-11  0.666521E-14
  0.815167E+05  0.118094E-06  0.229840E-11  0.617825E-21  0.103988E-16  0.000000E+00  0.988496E-07  0.988496E-07  0.988496E-07 -0.219610E-11  0.854431E-07  0.292291E-11  0.657274E-14
  0.818930E+05  0.117005E-06  0.225606E-11  0.606438E-21  0.102562E-16  0.000000E+00  0.979380E-07  0.979380E-07  0.979380E-07 -0.217559E-11  0.846452E-07  0.286902E-11  0.648145E-14
  0.822710E+05  0.115928E-06  0.221456E-11  0.595277E-21  0.101154E-16  0.000000E+00  0.970368E-07  0.970368E-07  0.970368E-07 -0.215533E-11  0.838570E-07  0.281619E-11  0.639159E-14
  0.826507E+05  0.114864E-06  0.217389E-11  0.584339E-21  0.997665E-17  0.000000E+00  0.961460E-07  0.961460E-07  0.961460E-07 -0.213532E-11  0.830785E-07  0.276441E-11  0.630316E-14
  0.830322E+05  0.113806E-06  0.213387E-11  0.573574E-21  0.983976E-17  0.000000E+00  0.952599E-07  0.952599E-07  0.952599E-07 -0.211540E-11  0.823034E-07  0.271346E-11  0.621566E-14
  0.834155E+05  0.112759E-06  0.209464E-11  0.563024E-21  0.970475E-17  0.000000E+00  0.943841E-07  0.943841E-07  0.943841E-07 -0.209572E-11  0.815378E-07  0.266352E-11  0.612955E-14
  0.838005E+05  0.111722E-06  0.205611E-11  0.552662E-21  0.957160E-17  0.000000E+00  0.935156E-07  0.935156E-07  0.935156E-07 -0.207621E-11  0.807785E-07  0.261447E-11  0.604458E-14
  0.841873E+05  0.110690E-06  0.201819E-11  0.542465E-21  0.944026E-17  0.000000E+00  0.926516E-07  0.926516E-07  0.926516E-07 -0.205677E-11  0.800225E-07  0.256619E-11  0.596049E-14
  0.845759E+05  0.109672E-06  0.198109E-11  0.532486E-21  0.931074E-17  0.000000E+00  0.917996E-07  0.917996E-07  0.917996E-07 -0.203764E-11  0.792780E-07  0.251896E-11  0.587791E-14
  0.849663E+05  0.108662E-06  0.194462E-11  0.522681E-21  0.918299E-17  0.000000E+00  0.909541E-07  0.909541E-07  0.909541E-07 -0.201864E-11  0.785389E-07  0.247254E-11  0.579636E-14
  0.853585E+05  0.107661E-06  0.190884E-11  0.513058E-21  0.905699E-17  0.000000E+00  0.901167E-07  0.901167E-07  0.901167E-07 -0.199983E-11  0.778071E-07  0.242699E-11  0.571596E-14
  0.857525E+05  0.106668E-06  0.187368E-11  0.503603E-21  0.893272E-17  0.000000E+00  0.892857E-07  0.892857E-07  0.892857E-07 -0.198115E-11  0.770805E-07  0.238223E-11  0.563657E-14
  0.861483E+05  0.105688E-06  0.183925E-11  0.494344E-21  0.881016E-17  0.000000E+00  0.884653E-07  0.884653E-07  0.884653E-07 -0.196274E-11  0.763641E-07  0.233840E-11  0.555853E-14
  0.865460E+05  0.104712E-06  0.180534E-11  0.485225E-21  0.868927E-17  0.000000E+00  0.876483E-07  0.876483E-07  0.876483E-07 -0.194438E-11  0.756497E-07  0.229524E-11  0.548123E-14
  0.869454E+05  0.103746E-06  0.177207E-11  0.476279E-21  0.857005E-17  0.000000E+00  0.868395E-07  0.868395E-07  0.868395E-07 -0.192620E-11  0.749427E-07  0.225290E-11  0.540506E-14
  0.873468E+05  0.102790E-06  0.173944E-11  0.467504E-21  0.845246E-17  0.000000E+00  0.860390E-07  0.860390E-07  0.860390E-07 -0.190823E-11  0.742432E-07  0.221137E-11  0.533001E-14
  0.877499E+05  0.101841E-06  0.170737E-11  0.458881E-21  0.833649E-17  0.000000E+00  0.852446E-07  0.852446E-07  0.852446E-07 -0.189038E-11  0.735488E-07  0.217057E-11  0.525590E-14
  0.881550E+05  0.100901E-06  0.167591E-11  0.450420E-21  0.822210E-17  0.000000E+00  0.844580E-07  0.844580E-07  0.844580E-07 -0.187271E-11  0.728615E-07  0.213054E-11  0.518286E-14
  0.885619E+05  0.999693E-07  0.164502E-11  0.442114E-21  0.810929E-17  0.000000E+00  0.836783E-07  0.836783E-07  0.836783E-07 -0.185520E-11  0.721801E-07  0.209123E-11  0.511080E-14
  0.889706E+05  0.990467E-07  0.161470E-11  0.433962E-21  0.799803E-17  0.000000E+00  0.829060E-07  0.829060E-07  0.829060E-07 -0.183786E-11  0.715055E-07  0.205267E-11  0.503977E-14
  0.893813E+05  0.981356E-07  0.158501E-11  0.425978E-21  0.788829E-17  0.000000E+00  0.821434E-07  0.821434E-07  0.821434E-07 -0.182075E-11  0.708399E-07  0.201489E-11  0.496992E-14
  0.897939E+05  0.972298E-07  0.155579E-11  0.418123E-21  0.778005E-17  0.000000E+00  0.813852E-07  0.813852E-07  0.813852E-07 -0.180373E-11  0.701776E-07  0.197773E-11  0.490084E-14
  0.902084E+05  0.963320E-07  0.152711E-11  0.410410E-21  0.767330E-17  0.000000E+00  0.806337E-07  0.806337E-07  0.806337E-07 -0.178685E-11  0.695212E-07  0.194125E-11  0.483269E-14
  0.906247E+05  0.954415E-07  0.149894E-11  0.402835E-21  0.756802E-17  0.000000E+00  0.798883E-07  0.798883E-07  0.798883E-07 -0.177011E-11  0.688700E-07  0.190542E-11  0.476543E-14
  0.910430E+05  0.945596E-07  0.147129E-11  0.395402E-21  0.746418E-17  0.000000E+00  0.791501E-07  0.791501E-07  0.791501E-07 -0.175354E-11  0.682252E-07  0.187025E-11  0.469913E-14
  0.914633E+05  0.936862E-07  0.144416E-11  0.388107E-21  0.736177E-17  0.000000E+00  0.784190E-07  0.784190E-07  0.784190E-07 -0.173713E-11  0.675868E-07  0.183574E-11  0.463376E-14
  0.918855E+05  0.928154E-07  0.141742E-11  0.380918E-21  0.726076E-17  0.000000E+00  0.776901E-07  0.776901E-07  0.776901E-07 -0.172074E-11  0.669492E-07  0.180174E-11  0.456896E-14
  0.923096E+05  0.919599E-07  0.139132E-11  0.373901E-21  0.716113E-17  0.000000E+00  0.769741E-07  0.769741E-07  0.769741E-07 -0.170468E-11  0.663244E-07  0.176854E-11  0.450553E-14
  0.927357E+05  0.911114E-07  0.136569E-11  0.367007E-21  0.706288E-17  0.000000E+00  0.762638E-07  0.762638E-07  0.762638E-07 -0.168875E-11  0.657046E-07  0.173593E-11  0.444292E-14
  0.931637E+05  0.902684E-07  0.134048E-11  0.360229E-21  0.696597E-17  0.000000E+00  0.755582E-07  0.755582E-07  0.755582E-07 -0.167291E-11  0.650884E-07  0.170387E-11  0.438103E-14
  0.935937E+05  0.894337E-07  0.131574E-11  0.353579E-21  0.687039E-17  0.000000E+00  0.748596E-07  0.748596E-07  0.748596E-07 -0.165724E-11  0.644785E-07  0.167240E-11  0.432004E-14
  0.940257E+05  0.886065E-07  0.129146E-11  0.347050E-21  0.677612E-17  0.000000E+00  0.741671E-07  0.741671E-07  0.741671E-07 -0.164170E-11  0.638740E-07  0.164151E-11  0.425988E-14
  0.944597E+05  0.877879E-07  0.126764E-11  0.340647E-21  0.668315E-17  0.000000E+00  0.734819E-07  0.734819E-07  0.734819E-07 -0.162633E-11  0.632761E-07  0.161122E-11  0.420061E-14
  0.948957E+05  0.869746E-07  0.124422E-11  0.334351E-21  0.659145E-17  0.000000E+00  0.728012E-07  0.728012E-07  0.728012E-07 -0.161105E-11  0.626818E-07  0.158143E-11  0.414204E-14
  0.953338E+05  0.861682E-07  0.122122E-11  0.328167E-21  0.650102E-17  0.000000E+00  0.721262E-07  0.721262E-07  0.721262E-07 -0.159590E-11  0.620923E-07  0.155217E-11  0.408424E-14
  0.957738E+05  0.853701E-07  0.119866E-11  0.322102E-21  0.641182E-17  0.000000E+00  0.714582E-07  0.714582E-07  0.714582E-07 -0.158092E-11  0.615092E-07  0.152348E-11  0.402730E-14
  0.962159E+05  0.845801E-07  0.117653E-11  0.316153E-21  0.632384E-17  0.000000E+00  0.707968E-07  0.707968E-07  0.707968E-07 -0.156608E-11  0.609322E-07  0.149533E-11  0.397119E-14
  0.966600E+05  0.837959E-07  0.115478E-11  0.310306E-21  0.623707E-17  0.000000E+00  0.701404E-07  0.701404E-07  0.701404E-07 -0.155136E-11  0.603592E-07  0.146766E-11  0.391577E-14
  0.971062E+05  0.830190E-07  0.113344E-11  0.304567E-21  0.615150E-17  0.000000E+00  0.694901E-07  0.694901E-07  0.694901E-07 -0.153677E-11  0.597916E-07  0.144051E-11  0.386113E-14
  0.975544E+05  0.822514E-07  0.111252E-11  0.298945E-21  0.606709E-17  0.000000E+00  0.688477E-07  0.688477E-07  0.688477E-07 -0.152237E-11  0.592314E-07  0.141391E-11  0.380738E-14
  0.980047E+05  0.814894E-07  0.109197E-11  0.293419E-21  0.598385E-17  0.000000E+00  0.682098E-07  0.682098E-07  0.682098E-07 -0.150807E-11  0.586750E-07  0.138777E-11  0.375428E-14
  0.984570E+05  0.807339E-07  0.107178E-11  0.287993E-21  0.590174E-17  0.000000E+00  0.675774E-07  0.675774E-07  0.675774E-07 -0.149388E-11  0.581232E-07  0.136210E-11  0.370189E-14
  0.989115E+05  0.799819E-07  0.105191E-11  0.282651E-21  0.582077E-17  0.000000E+00  0.669480E-07  0.669480E-07  0.669480E-07 -0.147975E-11  0.575734E-07  0.133683E-11  0.365003E-14
  0.993680E+05  0.792397E-07  0.103245E-11  0.277421E-21  0.574090E-17  0.000000E+00  0.663268E-07  0.663268E-07  0.663268E-07 -0.146582E-11  0.570314E-07  0.131209E-11  0.359905E-14
  0.998267E+05  0.785039E-07  0.101335E-11  0.272285E-21  0.566213E-17  0.000000E+00  0.657108E-07  0.657108E-07  0.657108E-07 -0.145201E-11  0.564941E-07  0.128779E-11  0.354876E-14
  0.100287E+06  0.777753E-07  0.994604E-12  0.267246E-21  0.558444E-17  0.000000E+00  0.651009E-07  0.651009E-07  0.651009E-07 -0.143833E-11  0.559620E-07  0.126396E-11  0.349919E-14
  0.100750E+06  0.770885E-07  0.976788E-12  0.262458E-21  0.550782E-17  0.000000E+00  0.645261E-07  0.645261E-07  0.645261E-07 -0.142564E-11  0.554680E-07  0.124130E-11  0.345237E-14
  0.101215E+06  0.763743E-07  0.958740E-12  0.257607E-21  0.543225E-17  0.000000E+00  0.639283E-07  0.639283E-07  0.639283E-07 -0.141224E-11  0.549469E-07  0.121836E-11  0.340422E-14
  0.101683E+06  0.756653E-07  0.941002E-12  0.252839E-21  0.535772E-17  0.000000E+00  0.633348E-07  0.633348E-07  0.633348E-07 -0.139894E-11  0.544293E-07  0.119581E-11  0.335666E-14
  0.102152E+06  0.749616E-07  0.923573E-12  0.248154E-21  0.528420E-17  0.000000E+00  0.627458E-07  0.627458E-07  0.627458E-07 -0.138573E-11  0.539155E-07  0.117366E-11  0.330970E-14
  0.102623E+06  0.742657E-07  0.906486E-12  0.243561E-21  0.521170E-17  0.000000E+00  0.621633E-07  0.621633E-07  0.621633E-07 -0.137268E-11  0.534076E-07  0.115194E-11  0.326346E-14
  0.103097E+06  0.735756E-07  0.889704E-12  0.239050E-21  0.514019E-17  0.000000E+00  0.615857E-07  0.615857E-07  0.615857E-07 -0.135973E-11  0.529040E-07  0.113061E-11  0.321783E-14
  0.103573E+06  0.728921E-07  0.873236E-12  0.234623E-21  0.506966E-17  0.000000E+00  0.610135E-07  0.610135E-07  0.610135E-07 -0.134691E-11  0.524052E-07  0.110968E-11  0.317285E-14
  0.104051E+06  0.722145E-07  0.857067E-12  0.230277E-21  0.500010E-17  0.000000E+00  0.604464E-07  0.604464E-07  0.604464E-07 -0.133420E-11  0.519107E-07  0.108913E-11  0.312847E-14
  0.104531E+06  0.715422E-07  0.841181E-12  0.226007E-21  0.493150E-17  0.000000E+00  0.598836E-07  0.598836E-07  0.598836E-07 -0.132159E-11  0.514199E-07  0.106894E-11  0.308466E-14
  0.105014E+06  0.708766E-07  0.825595E-12  0.221817E-21  0.486384E-17  0.000000E+00  0.593265E-07  0.593265E-07  0.593265E-07 -0.130910E-11  0.509342E-07  0.104913E-11  0.304148E-14
  0.105499E+06  0.702172E-07  0.810299E-12  0.217706E-21  0.479710E-17  0.000000E+00  0.587746E-07  0.587746E-07  0.587746E-07 -0.129673E-11  0.504531E-07  0.102969E-11  0.299891E-14
  0.105986E+06  0.695711E-07  0.795394E-12  0.213700E-21  0.473128E-17  0.000000E+00  0.582337E-07  0.582337E-07  0.582337E-07 -0.128466E-11  0.499832E-07  0.101074E-11  0.295733E-14
  0.106475E+06  0.689236E-07  0.780653E-12  0.209738E-21  0.466636E-17  0.000000E+00  0.576917E-07  0.576917E-07  0.576917E-07 -0.127252E-11  0.495108E-07  0.991998E-12  0.291592E-14
  0.106966E+06  0.682815E-07  0.766177E-12  0.205847E-21  0.460234E-17  0.000000E+00  0.571543E-07  0.571543E-07  0.571543E-07 -0.126047E-11  0.490424E-07  0.973593E-12  0.287506E-14
  0.107460E+06  0.676453E-07  0.751967E-12  0.202028E-21  0.453919E-17  0.000000E+00  0.566217E-07  0.566217E-07  0.566217E-07 -0.124854E-11  0.485782E-07  0.955517E-12  0.283476E-14
  0.107956E+06  0.670151E-07  0.738023E-12  0.198280E-21  0.447691E-17  0.000000E+00  0.560942E-07  0.560942E-07  0.560942E-07 -0.123673E-11  0.481185E-07  0.937779E-12  0.279504E-14
  0.108454E+06  0.663929E-07  0.724367E-12  0.194610E-21  0.441548E-17  0.000000E+00  0.555734E-07  0.555734E-07  0.555734E-07 -0.122507E-11  0.476651E-07  0.920401E-12  0.275598E-14
  0.108955E+06  0.657762E-07  0.710961E-12  0.191006E-21  0.435490E-17  0.000000E+00  0.550572E-07  0.550572E-07  0.550572E-07 -0.121353E-11  0.472158E-07  0.903339E-12  0.271746E-14
  0.109458E+06  0.651626E-07  0.697766E-12  0.187460E-21  0.429515E-17  0.000000E+00  0.545437E-07  0.545437E-07  0.545437E-07 -0.120202E-11  0.467683E-07  0.886545E-12  0.267934E-14
  0.109963E+06  0.645547E-07  0.684813E-12  0.183979E-21  0.423621E-17  0.000000E+00  0.540348E-07  0.540348E-07  0.540348E-07 -0.119062E-11  0.463249E-07  0.870060E-12  0.264174E-14
  0.110471E+06  0.639526E-07  0.672104E-12  0.180563E-21  0.417809E-17  0.000000E+00  0.535308E-07  0.535308E-07  0.535308E-07 -0.117934E-11  0.458858E-07  0.853883E-12  0.260468E-14
  0.110981E+06  0.633550E-07  0.659616E-12  0.177206E-21  0.412076E-17  0.000000E+00  0.530306E-07  0.530306E-07  0.530306E-07 -0.116814E-11  0.454499E-07  0.837988E-12  0.256808E-14
  0.111493E+06  0.627634E-07  0.647365E-12  0.173914E-21  0.406422E-17  0.000000E+00  0.525354E-07  0.525354E-07  0.525354E-07 -0.115705E-11  0.450186E-07  0.822397E-12  0.253202E-14
  0.112007E+06  0.621759E-07  0.635323E-12  0.170678E-21  0.400846E-17  0.000000E+00  0.520436E-07  0.520436E-07  0.520436E-07 -0.114603E-11  0.445899E-07  0.807074E-12  0.249639E-14
  0.112524E+06  0.615940E-07  0.623506E-12  0.167502E-21  0.395346E-17  0.000000E+00  0.515566E-07  0.515566E-07  0.515566E-07 -0.113512E-11  0.441655E-07  0.792038E-12  0.246127E-14
  0.113044E+06  0.610187E-07  0.611922E-12  0.164389E-21  0.389922E-17  0.000000E+00  0.510750E-07  0.510750E-07  0.510750E-07 -0.112434E-11  0.437461E-07  0.777301E-12  0.242670E-14
  0.113566E+06  0.604506E-07  0.600580E-12  0.161340E-21  0.384572E-17  0.000000E+00  0.505995E-07  0.505995E-07  0.505995E-07 -0.111371E-11  0.433325E-07  0.762873E-12  0.239271E-14
  0.114090E+06  0.598873E-07  0.589440E-12  0.158346E-21  0.379295E-17  0.000000E+00  0.501280E-07  0.501280E-07  0.501280E-07 -0.110316E-11  0.429222E-07  0.748703E-12  0.235917E-14
  0.114616E+06  0.593275E-07  0.578485E-12  0.155402E-21  0.374091E-17  0.000000E+00  0.496594E-07  0.496594E-07  0.496594E-07 -0.109268E-11  0.425143E-07  0.734769E-12  0.232601E-14
  0.115145E+06  0.587814E-07  0.567841E-12  0.152542E-21  0.368958E-17  0.000000E+00  0.492023E-07  0.492023E-07  0.492023E-07 -0.108250E-11  0.421181E-07  0.721232E-12  0.229375E-14
  0.115677E+06  0.582316E-07  0.557282E-12  0.149705E-21  0.363896E-17  0.000000E+00  0.487421E-07  0.487421E-07  0.487421E-07 -0.107220E-11  0.417175E-07  0.707805E-12  0.226149E-14
  0.116211E+06  0.576871E-07  0.546922E-12  0.146921E-21  0.358903E-17  0.000000E+00  0.482863E-07  0.482863E-07  0.482863E-07 -0.106200E-11  0.413208E-07  0.694632E-12  0.222970E-14
  0.116747E+06  0.571474E-07  0.536752E-12  0.144187E-21  0.353978E-17  0.000000E+00  0.478346E-07  0.478346E-07  0.478346E-07 -0.105190E-11  0.409277E-07  0.681700E-12  0.219833E-14
  0.117286E+06  0.566136E-07  0.526780E-12  0.141508E-21  0.349121E-17  0.000000E+00  0.473878E-07  0.473878E-07  0.473878E-07 -0.104191E-11  0.405390E-07  0.669023E-12  0.216745E-14
  0.117828E+06  0.560826E-07  0.516967E-12  0.138870E-21  0.344331E-17  0.000000E+00  0.469433E-07  0.469433E-07  0.469433E-07 -0.103196E-11  0.401519E-07  0.656545E-12  0.213690E-14
  0.118371E+06  0.555571E-07  0.507344E-12  0.136284E-21  0.339607E-17  0.000000E+00  0.465035E-07  0.465035E-07  0.465035E-07 -0.102212E-11  0.397691E-07  0.644312E-12  0.210680E-14
  0.118918E+06  0.550368E-07  0.497902E-12  0.133747E-21  0.334947E-17  0.000000E+00  0.460679E-07  0.460679E-07  0.460679E-07 -0.101238E-11  0.393902E-07  0.632309E-12  0.207714E-14
  0.119467E+06  0.545206E-07  0.488628E-12  0.131255E-21  0.330351E-17  0.000000E+00  0.456359E-07  0.456359E-07  0.456359E-07 -0.100271E-11  0.390141E-07  0.620519E-12  0.204786E-14
  0.120018E+06  0.540092E-07  0.479525E-12  0.128809E-21  0.325819E-17  0.000000E+00  0.452078E-07  0.452078E-07  0.452078E-07 -0.993138E-12  0.386416E-07  0.608949E-12  0.201898E-14
  0.120572E+06  0.535025E-07  0.470591E-12  0.126408E-21  0.321348E-17  0.000000E+00  0.447837E-07  0.447837E-07  0.447837E-07 -0.983653E-12  0.382726E-07  0.597593E-12  0.199052E-14
  0.121129E+06  0.530006E-07  0.461823E-12  0.124052E-21  0.316939E-17  0.000000E+00  0.443635E-07  0.443635E-07  0.443635E-07 -0.974256E-12  0.379071E-07  0.586450E-12  0.196245E-14
  0.121688E+06  0.525036E-07  0.453222E-12  0.121741E-21  0.312591E-17  0.000000E+00  0.439476E-07  0.439476E-07  0.439476E-07 -0.964958E-12  0.375453E-07  0.575519E-12  0.193479E-14
  0.122249E+06  0.520112E-07  0.444779E-12  0.119472E-21  0.308302E-17  0.000000E+00  0.435354E-07  0.435354E-07  0.435354E-07 -0.955745E-12  0.371869E-07  0.564791E-12  0.190751E-14
  0.122814E+06  0.515231E-07  0.436491E-12  0.117245E-21  0.304071E-17  0.000000E+00  0.431269E-07  0.431269E-07  0.431269E-07 -0.946613E-12  0.368316E-07  0.554260E-12  0.188061E-14
  0.123381E+06  0.510385E-07  0.428345E-12  0.115056E-21  0.299899E-17  0.000000E+00  0.427212E-07  0.427212E-07  0.427212E-07 -0.937541E-12  0.364787E-07  0.543909E-12  0.185403E-14
  0.123950E+06  0.505589E-07  0.420355E-12  0.112909E-21  0.295784E-17  0.000000E+00  0.423197E-07  0.423197E-07  0.423197E-07 -0.928567E-12  0.361295E-07  0.533759E-12  0.182785E-14
  0.124522E+06  0.500839E-07  0.412515E-12  0.110802E-21  0.291726E-17  0.000000E+00  0.419221E-07  0.419221E-07  0.419221E-07 -0.919680E-12  0.357838E-07  0.523800E-12  0.180204E-14
  0.125097E+06  0.496135E-07  0.404824E-12  0.108736E-21  0.287723E-17  0.000000E+00  0.415284E-07  0.415284E-07  0.415284E-07 -0.910883E-12  0.354415E-07  0.514031E-12  0.177660E-14
  0.125674E+06  0.491461E-07  0.397260E-12  0.106703E-21  0.283776E-17  0.000000E+00  0.411371E-07  0.411371E-07  0.411371E-07 -0.902134E-12  0.351012E-07  0.504425E-12  0.175146E-14
  0.126254E+06  0.486840E-07  0.389848E-12  0.104712E-21  0.279882E-17  0.000000E+00  0.407504E-07  0.407504E-07  0.407504E-07 -0.893494E-12  0.347650E-07  0.495014E-12  0.172671E-14
  0.126837E+06  0.482283E-07  0.382594E-12  0.102763E-21  0.276042E-17  0.000000E+00  0.403689E-07  0.403689E-07  0.403689E-07 -0.884983E-12  0.344339E-07  0.485804E-12  0.170241E-14
