# Evolution of |delta_b| for k = 1000 /Mpc (Fig. 5, arXiv:2604.22665)
# z+1, then |delta_b| for cases: costheta = 0.2   early subsonic; costheta = 0.47  late subsonic; v_{rm DM} = 0  no relative drift; costheta = 1   supersonic
1.000999999999999773e+03 7.797751559654235128e-05 7.797751559654235128e-05 7.797751559654235128e-05 7.797751559654235128e-05
9.975464098756544900e+02 8.070293217240147126e-05 8.070292342948931529e-05 8.070293410572717673e-05 8.070288578446117508e-05
9.941047351206877920e+02 8.341947022128239834e-05 8.341933062717106300e-05 8.341950109375463379e-05 8.341872991285931391e-05
9.906749346254053989e+02 8.612220358806799397e-05 8.612149941955039021e-05 8.612235935896698125e-05 8.611847239650211516e-05
9.872569674219508897e+02 8.880624132064703514e-05 8.880402683833911286e-05 8.880673135477905485e-05 8.879452120602761419e-05
9.838507926838095727e+02 9.146673962846479217e-05 9.146136691572336042e-05 9.146792902942383566e-05 9.143834625834029283e-05
9.804563697253269083e+02 9.409891410890658988e-05 9.408785614234937945e-05 9.410136331407569562e-05 9.404057791926660162e-05
9.770736580012161312e+02 9.669805209881991573e-05 9.667774151004140742e-05 9.670255322211686311e-05 9.659111984060052096e-05
9.737026171060803108e+02 9.925952506236906437e-05 9.922521043228647723e-05 9.926713456131109215e-05 9.907927159435979956e-05
9.703432067739265676e+02 1.017788009298554514e-04 1.017244221321312426e-04 1.017908682590458100e-04 1.014938593477749724e-04
9.669953868776829040e+02 1.042514563547282462e-04 1.041695401469169385e-04 1.042696483445054164e-04 1.038233699395347604e-04
9.636591174287244712e+02 1.066731887142486279e-04 1.065547655852677175e-04 1.066995094074577337e-04 1.060560868445336149e-04
9.603343585763897181e+02 1.090398279073250096e-04 1.088743708438983835e-04 1.090766335969739020e-04 1.081802262905441213e-04
9.570210706075105236e+02 1.113473479453168895e-04 1.111227336276793688e-04 1.113973572693774709e-04 1.101840710778053312e-04
9.537192139459317559e+02 1.135918782783355201e-04 1.132943711747975117e-04 1.136581772385196931e-04 1.120561024152498639e-04
9.504287491520435651e+02 1.157697148049351274e-04 1.153839746325891559e-04 1.158557565804792776e-04 1.137851281824961479e-04
9.471496369223089005e+02 1.178773305177330927e-04 1.173864433672688873e-04 1.179869299448182182e-04 1.153604075720745804e-04
9.438818380887903459e+02 1.199113857415084756e-04 1.192969190182793283e-04 1.200487083245043969e-04 1.167717724303634567e-04
9.406253136186887787e+02 1.218687379812451031e-04 1.211108198209080706e-04 1.220382832366126435e-04 1.180097445458189474e-04
9.373800246138708872e+02 1.237464519169442323e-04 1.228238747262930394e-04 1.239530304245494601e-04 1.190656501625133175e-04
9.341459323104095347e+02 1.255418085615866725e-04 1.244321575277475506e-04 1.257905140732521745e-04 1.199317317361655845e-04
9.309229980781180984e+02 1.272523141751712107e-04 1.259321210020724702e-04 1.275484893422275249e-04 1.206012577266314922e-04
9.277111834200876501e+02 1.288757088585192208e-04 1.273206311457598895e-04 1.292249048779969898e-04 1.210686315083993255e-04
9.245104499722319815e+02 1.304099748338810214e-04 1.285950016034529504e-04 1.308179048959759179e-04 1.213295001444396337e-04
9.213207595028231935e+02 1.318533444269114432e-04 1.297530284016434258e-04 1.323258308152724320e-04 1.213808644311625216e-04
9.181420739120416101e+02 1.332043077230258470e-04 1.307930249334414939e-04 1.337472224715603036e-04 1.212211915599304042e-04
9.149743552315135275e+02 1.344616198718720924e-04 1.317138573211200109e-04 1.350808188768711654e-04 1.208505319635115539e-04
9.118175656238645388e+02 1.356243080143341594e-04 1.325149804337890855e-04 1.363255584951280676e-04 1.202706420232040762e-04
9.086716673822638768e+02 1.366916778296704404e-04 1.331964743857655636e-04 1.374805790022623053e-04 1.194851145865353815e-04
9.055366229299723955e+02 1.376633201886759742e-04 1.337590816870681387e-04 1.385452167053968548e-04 1.184995192700701852e-04
9.024123948198993048e+02 1.385391172511335760e-04 1.342042450354997485e-04 1.395190058693606110e-04 1.173215544058058609e-04
8.992989457341482193e+02 1.393192482046794645e-04 1.345341457174681040e-04 1.404016771422696239e-04 1.159612126430202539e-04
8.961962384835780995e+02 1.400041948079866060e-04 1.347517425332901556e-04 1.411931558354312985e-04 1.144309613559774640e-04
8.931042360073520285e+02 1.405947466497935497e-04 1.348608110932336668e-04 1.418935597815712264e-04 1.127459381754390748e-04
8.900229013725008826e+02 1.410920061436572758e-04 1.348659831529602381e-04 1.425031968619955237e-04 1.109241610087424279e-04
8.869521977734793836e+02 1.414973932144105535e-04 1.347727855076091428e-04 1.430225621877527584e-04 1.089867482130506287e-04
8.838920885317244256e+02 1.418126496257288106e-04 1.345876779688961967e-04 1.434523349178679563e-04 1.069581417015214898e-04
8.808425370952217008e+02 1.420398428905896547e-04 1.343180894180186137e-04 1.437933746977240171e-04 1.048663196211434848e-04
8.778035070380634579e+02 1.421813697036842920e-04 1.339724509015435849e-04 1.440467177107240457e-04 1.027429765886856246e-04
8.747749620600200160e+02 1.422399591818421932e-04 1.335602242912794667e-04 1.442135726776084018e-04 1.006236399203455021e-04
8.717568659860988873e+02 1.422186754856033237e-04 1.330919246561630557e-04 1.442953164603891843e-04 9.854767640325461824e-05
8.687491827661190200e+02 1.421209196213732754e-04 1.325791340899485011e-04 1.442934892705837737e-04 9.655812946082241248e-05
8.657518764742776511e+02 1.419504306605591699e-04 1.320345043091852356e-04 1.442097897244178193e-04 9.470131461949821941e-05
8.627649113087181831e+02 1.417112860663488172e-04 1.314717448613923214e-04 1.440460696445925251e-04 9.302609347959892602e-05
8.597882515911092014e+02 1.414079010032146335e-04 1.309055932184371085e-04 1.438043286444120391e-04 9.158275377300974002e-05
8.568218617662108727e+02 1.410450264218987559e-04 1.303517630000220905e-04 1.434867084923231739e-04 9.042145418722884946e-05
8.538657064014574871e+02 1.406277456837215511e-04 1.298268660773585254e-04 1.430954872549237847e-04 8.959024931638578839e-05
8.509197501865271533e+02 1.401614694582081224e-04 1.293483046147488936e-04 1.426330732238524114e-04 8.913279912173543160e-05
8.479839579329262733e+02 1.396519286675112126e-04 1.289341294730079535e-04 1.421019987901210580e-04 8.908596778360257016e-05
8.450582945735659450e+02 1.391051652392903942e-04 1.286028623016318318e-04 1.415049141078009881e-04 8.947760116314191483e-05
8.421427251623418897e+02 1.385275200370786634e-04 1.283732801352616257e-04 1.408445805888822503e-04 9.032480485569603147e-05
8.392372148737214275e+02 1.379256178480878009e-04 1.282641633866328133e-04 1.401238643168550662e-04 9.163299588169360459e-05
8.363417290023219266e+02 1.373063489361171048e-04 1.282940107351941076e-04 1.393457293528252883e-04 9.339587140009876249e-05
8.334562329625014172e+02 1.366768467803072405e-04 1.284807271385502618e-04 1.385132309541341471e-04 9.559626797705116422e-05
8.305806922879434069e+02 1.360444615955993500e-04 1.288412947600561342e-04 1.376295087139306060e-04 9.820772560713784125e-05
8.277150726312426059e+02 1.354167292580513182e-04 1.293914392682401311e-04 1.366977796309352998e-04 1.011964740891468174e-04
8.248593397634999747e+02 1.348013353098762859e-04 1.301453062322979238e-04 1.357213311572753726e-04 1.045235450033557204e-04
8.220134595739085626e+02 1.342060737988753721e-04 1.311151636425996684e-04 1.347035142178243145e-04 1.081467628256376493e-04
8.191773980693503745e+02 1.336388008613239502e-04 1.323111462587527227e-04 1.336477361941980542e-04 1.120224547295256871e-04
8.163511213739865298e+02 1.331073830295137440e-04 1.337410556976630267e-04 1.325574539242162198e-04 1.161068073157084141e-04
8.135345957288562886e+02 1.326196403678659916e-04 1.354102268746967699e-04 1.314361667107304457e-04 1.203568666795028609e-04
8.107277874914719860e+02 1.321832849293200652e-04 1.373214669485901818e-04 1.302874093558719617e-04 1.247312214870344919e-04
8.079306631354152159e+02 1.318058550982813292e-04 1.394750677162803797e-04 1.291147452347104195e-04 1.291904296570358084e-04
8.051431892499412015e+02 1.314946466962467497e-04 1.418688870993414580e-04 1.279217594223172648e-04 1.336972507099168882e-04
8.023653325395741831e+02 1.312566419748664194e-04 1.444984918698025492e-04 1.267120518881446217e-04 1.382167405803035227e-04
7.995970598237149716e+02 1.310984378665554706e-04 1.473573494184786403e-04 1.254892307634321302e-04 1.427162553690082818e-04
7.968383380362397475e+02 1.310261750776831339e-04 1.504370552561242304e-04 1.242569056976838946e-04 1.471653986632222169e-04
7.940891342251092055e+02 1.310454697736317413e-04 1.537275823040177897e-04 1.230186813059775297e-04 1.515359374986619586e-04
7.913494155519732658e+02 1.311613496938520817e-04 1.572175388887981100e-04 1.217781507462866001e-04 1.558017052768129521e-04
7.886191492917768073e+02 1.313781965084466420e-04 1.608944241379149155e-04 1.205388894088104795e-04 1.599385015519540340e-04
7.858983028323731332e+02 1.316996962264064023e-04 1.647448717888783446e-04 1.193044487233202959e-04 1.639239961926247928e-04
7.831868436741299320e+02 1.321287991853975128e-04 1.687548759245721501e-04 1.180783501025682504e-04 1.677376419075832367e-04
7.804847394295442200e+02 1.326676909163480010e-04 1.729099944204139409e-04 1.168640790398253282e-04 1.713605963289640860e-04
7.777919578228556929e+02 1.333177747798381166e-04 1.771955278232189158e-04 1.156650793785949765e-04 1.747756540649649014e-04
7.751084666896566659e+02 1.340796668631349996e-04 1.815966738537472301e-04 1.144847477719143457e-04 1.779671896484688977e-04
7.724342339765146335e+02 1.349532031733052947e-04 1.860986579028339023e-04 1.133264282455152946e-04 1.809211089236084798e-04
7.697692277405831192e+02 1.359374587068201776e-04 1.906868415016001964e-04 1.121934069412104125e-04 1.836248089613361667e-04
7.671134161492252588e+02 1.370307775534121539e-04 1.953468110133890106e-04 1.110889070898313122e-04 1.860671455668126109e-04
7.644667674796293113e+02 1.382308128290513636e-04 2.000644490230570863e-04 1.100160841741110662e-04 1.882384066975566770e-04
7.618292501184325829e+02 1.395345749503083604e-04 2.048259909438632665e-04 1.089780212894334585e-04 1.901302908748092081e-04
7.592008325613438728e+02 1.409384865508929842e-04 2.096180692629482799e-04 1.079777246772788645e-04 1.917358912007358280e-04
7.565814834127639870e+02 1.424384423228679155e-04 2.144277476574639604e-04 1.070181194510517493e-04 1.930496822010591400e-04
7.539711713854151185e+02 1.440298720267313957e-04 2.192425469734265661e-04 1.061020455339735727e-04 1.940675102446423790e-04
7.513698652999629530e+02 1.457078049490250708e-04 2.240504646709589622e-04 1.052322538287165884e-04 1.947865871089899661e-04
7.487775340846483232e+02 1.474669343047425819e-04 2.288399892596811123e-04 1.044114026384675842e-04 1.952054856096334769e-04
7.461941467749117010e+02 1.493016802560548405e-04 2.336001109687529172e-04 1.036420543590959003e-04 1.953241370121616281e-04
7.436196725130274672e+02 1.512062504438553535e-04 2.383203294631681003e-04 1.029266722866423276e-04 1.951438318090820611e-04
7.410540805477336335e+02 1.531746971598021718e-04 2.429906595582598987e-04 1.022676174375480857e-04 1.946672213932333477e-04
7.384973402338619053e+02 1.552009705140498265e-04 2.476016355310450162e-04 1.016671460332472767e-04 1.938983222108093770e-04
7.359494210319776357e+02 1.572789671663911719e-04 2.521443144861214877e-04 1.011274069499788243e-04 1.928425225412748792e-04
7.334102925080078421e+02 1.594025743781056817e-04 2.566102791300790202e-04 1.006504394469946560e-04 1.915065913950376021e-04
7.308799243328847979e+02 1.615657093036606087e-04 2.609916402250513274e-04 1.002381710992658164e-04 1.898986895504492143e-04
7.283582862821772324e+02 1.637623536004541151e-04 2.652810389265581269e-04 9.989241594767368218e-05 1.880283850813907075e-04
7.258453482357344910e+02 1.659865837507418565e-04 2.694716491693990856e-04 9.961487288104737539e-05 1.859066710499909163e-04
7.233410801773246703e+02 1.682325968842970725e-04 2.735571803808760989e-04 9.940712426440195587e-05 1.835459872182509597e-04
7.208454521942741167e+02 1.704947327306292480e-04 2.775318801981147758e-04 9.927063482719501980e-05 1.809602461329548400e-04
7.183584344771145425e+02 1.727674919471331708e-04 2.813905374709939409e-04 9.920675067479359178e-05 1.781648631063011351e-04
7.158799973192220705e+02 1.750455511672885964e-04 2.851284854119437656e-04 9.921669848257902002e-05 1.751767894965026290e-04
7.134101111164675331e+02 1.773237751294278299e-04 2.887416049831481786e-04 9.930158504610553177e-05 1.720145511076057686e-04
7.109487463668572218e+02 1.795972262157824971e-04 2.922263285010311498e-04 9.946239695970869263e-05 1.686982883536497447e-04
7.084958736701856878e+02 1.818611717121187933e-04 2.955796433720204509e-04 9.970000051157496500e-05 1.652497976428894178e-04
7.060514637276820622e+02 1.841110890744543686e-04 2.987990958729344658e-04 1.000151417676851804e-04 1.616925717073013557e-04
7.036154873416586497e+02 1.863426694629618586e-04 3.018827948904673664e-04 1.004084468537378685e-04 1.580518343496578940e-04
7.011879154151661169e+02 1.885518197757989382e-04 3.048294155368330835e-04 1.008804224441571393e-04 1.543545629639327880e-04
6.987687189516416311e+02 1.907346634553826669e-04 3.076382025623086670e-04 1.014314564672933919e-04 1.506294925900377401e-04
6.963578690545665495e+02 1.928875404957684065e-04 3.103089736484542036e-04 1.020618190093289680e-04 1.469070889368221484e-04
6.939553369271169458e+02 1.950070062047957900e-04 3.128421226334889460e-04 1.027716632624176945e-04 1.432194759168387466e-04
6.915610938718240277e+02 1.970898294128092766e-04 3.152386217108062833e-04 1.035610267930645728e-04 1.396003005803840200e-04
6.891751112902292107e+02 1.991329900429878624e-04 3.175000233675536799e-04 1.044298329376114879e-04 1.360845136419743787e-04
6.867973606825403294e+02 2.011336761999747984e-04 3.196284615058572623e-04 1.053778923607429340e-04 1.327080408429327047e-04
6.844278136472964889e+02 2.030892808748682244e-04 3.216266517844966412e-04 1.064049047647538330e-04 1.295073220864416158e-04
6.820664418810233656e+02 2.049973983385708169e-04 3.234978909897620147e-04 1.075104607477323854e-04 1.265186975771172696e-04
6.797132171778994234e+02 2.068558202819553271e-04 3.252460552303023289e-04 1.086940438146711971e-04 1.237776270652867850e-04
6.773681114294153076e+02 2.086625317496612869e-04 3.268755967461045337e-04 1.099550325455356026e-04 1.213177466750569526e-04
6.750310966240416519e+02 2.104157069042875041e-04 3.283915391178573789e-04 1.112927029199304912e-04 1.191697884146853954e-04
6.727021448468926792e+02 2.121137046492236212e-04 3.297994706604259751e-04 1.127062306952576439e-04 1.173604147535072423e-04
6.703812282793910526e+02 2.137550642560391719e-04 3.311055357938689028e-04 1.141946939463356277e-04 1.159110504736613921e-04
6.680683191989398892e+02 2.153385011182266441e-04 3.323164245734846946e-04 1.157570757419276324e-04 1.148368192982950699e-04
6.657633899785868152e+02 2.168629021251545380e-04 3.334393594082154730e-04 1.173922669180702238e-04 1.141456979381166555e-04
6.634664130866980258e+02 2.183273212508930598e-04 3.344820789639343364e-04 1.190990689512800622e-04 1.138379947480304356e-04
6.611773610866276840e+02 2.197309751049622280e-04 3.354528191352067396e-04 1.208761969200875626e-04 1.139062262934682339e-04
6.588962066363884560e+02 2.210732385211259350e-04 3.363602907103496308e-04 1.227222825553494741e-04 1.143354156173504132e-04
6.566229224883290954e+02 2.223536401912527968e-04 3.372136535296551955e-04 1.246358773797903773e-04 1.151037802101835951e-04
6.543574814888042965e+02 2.235718583472243431e-04 3.380224868498837550e-04 1.266154559372403886e-04 1.161837314911314158e-04
6.520998565778545526e+02 2.247277164920206396e-04 3.387967556595022434e-04 1.286594191120091928e-04 1.175430722665825930e-04
6.498500207888793057e+02 2.258211791796234142e-04 3.395467727323659194e-04 1.307660974734334736e-04 1.191462717415579131e-04
6.476079472483178279e+02 2.268523478421106542e-04 3.402831562638278132e-04 1.329337546240855054e-04 1.209557099132962357e-04
6.453736091753270330e+02 2.278214566733345234e-04 3.410167830036278940e-04 1.351605907202726650e-04 1.229328077795000494e-04
6.431469798814599699e+02 2.287288687429273233e-04 3.417587369687536043e-04 1.374447459652559228e-04 1.250389906060124794e-04
6.409280327703505691e+02 2.295750720347532268e-04 3.425202539751409062e-04 1.397843041573580746e-04 1.272364628512928284e-04
6.387167413373916816e+02 2.303606755849156845e-04 3.433126614094669316e-04 1.421772962645413327e-04 1.294887968086073536e-04
6.365130791694228947e+02 2.310864057363403888e-04 3.441473142279067665e-04 1.446217040222071463e-04 1.317613500021334102e-04
6.343170199444124364e+02 2.317531024708690450e-04 3.450355272273405538e-04 1.471154635510693457e-04 1.340215386068398294e-04
6.321285374311414671e+02 2.323617158338055005e-04 3.459885042216859241e-04 1.496564689919299457e-04 1.362389951091145547e-04
6.299476054888953058e+02 2.329133024496182855e-04 3.470172647346533358e-04 1.522425761541873718e-04 1.383856368925829813e-04
6.277741980671455622e+02 2.334090221270804287e-04 3.481325689394876646e-04 1.548716061749284779e-04 1.404356693120116907e-04
6.256082892052446596e+02 2.338501345516739668e-04 3.493448417043381400e-04 1.575413491678340249e-04 1.423655453276662802e-04
6.234498530321098997e+02 2.342379960626321826e-04 3.506640967180141202e-04 1.602495678016336493e-04 1.441538949574396999e-04
6.212988637659199185e+02 2.345740565115341479e-04 3.520998617686072981e-04 1.629940009624142490e-04 1.457814372241614091e-04
6.191552957138036390e+02 2.348598562455054292e-04 3.536611063206181226e-04 1.657723673464514460e-04 1.472308836288864628e-04
6.170191232715326350e+02 2.350970231877532607e-04 3.553561726880275916e-04 1.685823690279928083e-04 1.484868388385087194e-04
6.148903209232187237e+02 2.352872699374455097e-04 3.571927118188514662e-04 1.714216950021795838e-04 1.495357017920959368e-04
6.127688632410050786e+02 2.354323910027050315e-04 3.591776246121090714e-04 1.742880246958874611e-04 1.503655704814377118e-04
6.106547248847663241e+02 2.355342601014090236e-04 3.613170101145497110e-04 1.771790314406048589e-04 1.509661527368934904e-04
6.085478806018024898e+02 2.355948275332458888e-04 3.636161213222597840e-04 1.800923859015129166e-04 1.513286814201332629e-04
6.064483052265402421e+02 2.356161176178353544e-04 3.660793294499494204e-04 1.830257594568857429e-04 1.514458359263399730e-04
6.043559736802307043e+02 2.356002261929255898e-04 3.687100972194273991e-04 1.859768275219695916e-04 1.513116696527065251e-04
6.022708609706492098e+02 2.355493181658364140e-04 3.715109615257782948e-04 1.889432728114752436e-04 1.509215426213844711e-04
6.001929421917993750e+02 2.354656251104439272e-04 3.744835256358466967e-04 1.919227885415197290e-04 1.502720581999906037e-04
5.981221925236122843e+02 2.353514429011032067e-04 3.776284608672375717e-04 1.949130816069842543e-04 1.493610053054020682e-04
5.960585872316534051e+02 2.352091293679975197e-04 3.809455174959576452e-04 1.979118756418228814e-04 1.481873040357065325e-04
5.940021016668238190e+02 2.350411019417320349e-04 3.844335444555540431e-04 2.009169140492990174e-04 1.467509542462684994e-04
5.919527112650687286e+02 2.348498353165852435e-04 3.880905172996830218e-04 2.039259629197709748e-04 1.450529874174213800e-04
5.899103915470826678e+02 2.346378590799696746e-04 3.919135736272751015e-04 2.069368138803127932e-04 1.430954211910768462e-04
5.878751181180161893e+02 2.344077553239968506e-04 3.958990548030739834e-04 2.099472868777263414e-04 1.408812156584287592e-04
5.858468666671867595e+02 2.341621561959432766e-04 4.000425533963454885e-04 2.129552328877130441e-04 1.384142311001305482e-04
5.838256129677857871e+02 2.339037413704454890e-04 4.043389650898720762e-04 2.159585365430002229e-04 1.356991887239328602e-04
5.818113328765921324e+02 2.336352354281265873e-04 4.087825441900982612e-04 2.189551186731739964e-04 1.327416316242930922e-04
5.798040023336802733e+02 2.333594051249990450e-04 4.133669617231568129e-04 2.219429387490190410e-04 1.295478874921754376e-04
5.778035973621363155e+02 2.330790565368367042e-04 4.180853651485906780e-04 2.249199972241170775e-04 1.261250328871058968e-04
5.758100940677701374e+02 2.327970320627906014e-04 4.229304387959048487e-04 2.278843377664992338e-04 1.224808589820675564e-04
5.738234686388283308e+02 2.325162072728808194e-04 4.278944642185395918e-04 2.308340493731202495e-04 1.186238384153302507e-04
5.718436973457132808e+02 2.322394875680953508e-04 4.329693797602076634e-04 2.337672684614987859e-04 1.145630943670977481e-04
5.698707565406961066e+02 2.319698045021627243e-04 4.381468387348119524e-04 2.366821810409598604e-04 1.103083725926430467e-04
5.679046226576374465e+02 2.317101120360012876e-04 4.434182657318509681e-04 2.395770243960195606e-04 1.058700158674631198e-04
5.659452722117030135e+02 2.314633824389053084e-04 4.487749109246878766e-04 2.424500889249250792e-04 1.012589431298730527e-04
5.639926817990854033e+02 2.312326019920166718e-04 4.542079015622965893e-04 2.452997198050579897e-04 9.648663478977555132e-05
5.620468280967239707e+02 2.310207664112669636e-04 4.597082906544673695e-04 2.481243185721634524e-04 9.156512648342674096e-05
5.601076878620241359e+02 2.308308759616182202e-04 4.652671027582053220e-04 2.509223446124176976e-04 8.650701470938804887e-05
5.581752379325839684e+02 2.306659302614276377e-04 4.708753766982045784e-04 2.536923165611951951e-04 8.132548140928106230e-05
5.562494552259125840e+02 2.305289227800252428e-04 4.765242053081609683e-04 2.564328136024243243e-04 7.603434591551003284e-05
5.543303167391591160e+02 2.304228350363625227e-04 4.822047721963514783e-04 2.591424766623769615e-04 7.064815949532366477e-05
5.524177995488339548e+02 2.303506305118121827e-04 4.879083855827047130e-04 2.618200094917855149e-04 6.518236846454241991e-05
5.505118808105378321e+02 2.303152482958357213e-04 4.936265092899391532e-04 2.644641796301340172e-04 5.965359012008757453e-05
5.486125377586881768e+02 2.303195964892044804e-04 4.993507909993409729e-04 2.670738192460104360e-04 5.408008140060510536e-05
5.467197477062451298e+02 2.303665453956771846e-04 5.050730879029272135e-04 2.696478258983597679e-04 4.848255147154956559e-05
5.448334880444446071e+02 2.304589205393879159e-04 5.107854898991645663e-04 2.721851634650990248e-04 4.288562038907834631e-05
5.429537362425236324e+02 2.305994952979475998e-04 5.164803404899728475e-04 2.746848625679091630e-04 3.732055713639413641e-05
5.410804698474556744e+02 2.307909831350773674e-04 5.221502558484796431e-04 2.771460211017673391e-04 3.183072585443974393e-05
5.392136664836781392e+02 2.310360305180575924e-04 5.277881420234039516e-04 2.795678046389529488e-04 2.648318763459365724e-05
5.373533038528289580e+02 2.313372092238310748e-04 5.333872097460105660e-04 2.819494467384626632e-04 2.139531803521956983e-05
5.354993597334783999e+02 2.316970088095747613e-04 5.389409880257851155e-04 2.842902491753297061e-04 1.679936558646259850e-05
5.336518119808621350e+02 2.321178291337299088e-04 5.444433360183215977e-04 2.865895820858966984e-04 1.318897084922592389e-05
5.318106385266204370e+02 2.326019729912309926e-04 5.498884535519478478e-04 2.888468840250937343e-04 1.147040569116930315e-05
5.299758173785315876e+02 2.331516389343846662e-04 5.552708903998795475e-04 2.910616619317892310e-04 1.237464813631434175e-05
5.281473266202496006e+02 2.337689143524153174e-04 5.605855543760195374e-04 2.932334909982643473e-04 1.536688161646559666e-05
5.263251444110442208e+02 2.344557688830552103e-04 5.658277183262120725e-04 2.953620144398623601e-04 1.943179992313385986e-05
5.245092489855371696e+02 2.352140482286331111e-04 5.709930260810209147e-04 2.974469431608832534e-04 2.395867667589890104e-05
5.226996186534455546e+02 2.360454684468669842e-04 5.760774974308264899e-04 2.994880553414854527e-04 2.866191097795518918e-05
5.208962317993190254e+02 2.369516107830168844e-04 5.810775321796105399e-04 3.014851961839400693e-04 3.340305828336478656e-05
5.190990668822852285e+02 2.379339170813677014e-04 5.859899133299358541e-04 3.034382772618499850e-04 3.810731471536485892e-05
5.173081024357907154e+02 2.389936854546157363e-04 5.908118094839079695e-04 3.053472759155330721e-04 4.272939154570609905e-05
5.155233170673431005e+02 2.401320670201995003e-04 5.955407771952703601e-04 3.072122345841364708e-04 4.723896093187765255e-05
5.137446894582591312e+02 2.413500632275392100e-04 6.001747617788701040e-04 3.090332600576399806e-04 5.161396769133603385e-05
5.119721983634061075e+02 2.426485238338351260e-04 6.047120976535861519e-04 3.108105226691086913e-04 5.583732575267506587e-05
5.102058226109518841e+02 2.440281456345804064e-04 6.091515080985466851e-04 3.125442554257268964e-04 5.989518232525594852e-05
5.084455411021080522e+02 2.454894719084142491e-04 6.134921042950883946e-04 3.142347530771772649e-04 6.377595903462872124e-05
5.066913328108816472e+02 2.470328925782061188e-04 6.177333837798853425e-04 3.158823711198986695e-04 6.746980100349917961e-05
5.049431767838220821e+02 2.486586450815258652e-04 6.218752282859300136e-04 3.174875247357819303e-04 7.096825209265484517e-05
5.032010521397700131e+02 2.503668159352774266e-04 6.259179009468159895e-04 3.190506876638472822e-04 7.426406145067178681e-05
5.014649380696105254e+02 2.521573429714881018e-04 6.298620428394209429e-04 3.205723910034473725e-04 7.735106933721274129e-05
4.997348138360214875e+02 2.540300182142140781e-04 6.337086688405883534e-04 3.220532219980596798e-04 8.022414266057151689e-05
4.980106587732291814e+02 2.559844913613322720e-04 6.374591627746229328e-04 3.234938228831247598e-04 8.287914385837429998e-05
4.962924522867577366e+02 2.580202738298214204e-04 6.411152718305583240e-04 3.248948894679415172e-04 8.531292252639790976e-05
4.945801738531866931e+02 2.601367431347793033e-04 6.446791002309844266e-04 3.262571698049854382e-04 8.752332322982911449e-05
4.928738030199039599e+02 2.623331476729373656e-04 6.481531022584225950e-04 3.275814627903391113e-04 8.950920634401843680e-05
4.911733194048610471e+02 2.646086121663066308e-04 6.515400751732419119e-04 3.288686167278741831e-04 9.127047971960247370e-05
4.894787026963314815e+02 2.669621431954051147e-04 6.548431502605615937e-04 3.301195278606968591e-04 9.280813965404937531e-05
4.877899326526657546e+02 2.693926350625967196e-04 6.580657836875231830e-04 3.313351388703748195e-04 9.412432041508406828e-05
4.861069891020524665e+02 2.718988758483379385e-04 6.612117464125633580e-04 3.325164373444414092e-04 9.522235329716291854e-05
4.844298519422741833e+02 2.744795536101598296e-04 6.642851132639490284e-04 3.336644542126970857e-04 9.610683456645814117e-05
4.827585011404701163e+02 2.771332626768949832e-04 6.672902512034710725e-04 3.347802621528055567e-04 9.678370255592645135e-05
4.810929167328956169e+02 2.798585099939417337e-04 6.702318067364730625e-04 3.358649739657002540e-04 9.726032487629319913e-05
4.794330788246826955e+02 2.826537214790008972e-04 6.731146924351779281e-04 3.369197409219745211e-04 9.754559597209277739e-05
4.777789675896047470e+02 2.855172483516886582e-04 6.759440725492420502e-04 3.379457511439949626e-04 9.765004468553134585e-05
4.761305632698371824e+02 2.884473734046087180e-04 6.787253476855616878e-04 3.389442279434006313e-04 9.758595110354492913e-05
4.744878461757240302e+02 2.914423171876650686e-04 6.814641385485508936e-04 3.399164281022286371e-04 9.736747253445999779e-05
4.728507966855399332e+02 2.945002440723533681e-04 6.841662687425251362e-04 3.408636401858756168e-04 9.701077496129654511e-05
4.712193952452581698e+02 2.976192679766269974e-04 6.868377466492449649e-04 3.417871828347027532e-04 9.653416562169628344e-05
4.695936223683166304e+02 3.007974581251689856e-04 6.894847465718194216e-04 3.426884030486436234e-04 9.595822044105097070e-05
4.679734586353827694e+02 3.040328445985827823e-04 6.921135894121610652e-04 3.435686744666135691e-04 9.530589626158949082e-05
4.663588846941255497e+02 3.073234236289651574e-04 6.947307216469526554e-04 3.444293956425191722e-04 9.460261356187510775e-05
4.647498812589803947e+02 3.106671627118964048e-04 6.973426941117855105e-04 3.452719883196746567e-04 9.387629086469125353e-05
4.631464291109222131e+02 3.140620055005004349e-04 6.999561398790044887e-04 3.460978957054202244e-04 9.315730851534122009e-05
4.615485090972326816e+02 3.175058764806451593e-04 7.025777515028124726e-04 3.469085807477489286e-04 9.247837300519325208e-05
4.599561021312741218e+02 3.209966854286886210e-04 7.052142577075697083e-04 3.477055244157383927e-04 9.187425089163309317e-05
4.583691891922605919e+02 3.245323316552746300e-04 7.078723995863607597e-04 3.484902239869384997e-04 9.138134285377736267e-05
4.567877513250292623e+02 3.281107080403900997e-04 7.105589063902065109e-04 3.492641913564990147e-04 9.103707383793015759e-05
4.552117696398169073e+02 3.317297048663299711e-04 7.132804710017339811e-04 3.500289513376696692e-04 9.087908851772637405e-05
4.536412253120309401e+02 3.353872134563996160e-04 7.160437252004594457e-04 3.507860399782394812e-04 9.094426327696701552e-05
4.520760995820277799e+02 3.390811296280310484e-04 7.188552148397460515e-04 3.515370028989991480e-04 9.126757608770368307e-05
4.505163737548859331e+02 3.428093569697052232e-04 7.217213750678688365e-04 3.522833936446223254e-04 9.188090670113162328e-05
4.489620292001849293e+02 3.465698098822326970e-04 7.246485057369766482e-04 3.530267720494880790e-04 9.281186669427861748e-05
4.474130473517819269e+02 3.503604164381625180e-04 7.276427472341520739e-04 3.537687026208851033e-04 9.408277556649619565e-05
4.458694097075887726e+02 3.541791212179666386e-04 7.307100571781238642e-04 3.545107529420326621e-04 9.570989292254464839e-05
4.443310978293536095e+02 3.580238878839161944e-04 7.338561870576719394e-04 3.552544920973519055e-04 9.770298903519780980e-05
4.427980933424375394e+02 3.618927016409963855e-04 7.370866601096958239e-04 3.560014891224293492e-04 1.000652909024753921e-04
4.412703779355983897e+02 3.657835715648875461e-04 7.404067500252204097e-04 3.567533114811024847e-04 1.027937892613428492e-04
4.397479333607687408e+02 3.696945328052016525e-04 7.438214607644784166e-04 3.575115235721100103e-04 1.058798459073052287e-04
4.382307414328406594e+02 3.736236486718558778e-04 7.473355076440904056e-04 3.582776852588582823e-04 1.093100085342833556e-04
4.367187840294474768e+02 3.775690126121580793e-04 7.509532998158665283e-04 3.590533503936786100e-04 1.130669325460155244e-04
4.352120430907460218e+02 3.815287500857511170e-04 7.546789242492979184e-04 3.598400654238312802e-04 1.171303168046745197e-04
4.337105006192036285e+02 3.855010203441358889e-04 7.585161313207054896e-04 3.606393679936557308e-04 1.214777807764367927e-04
4.322141386793800848e+02 3.894840181210906739e-04 7.624683221014363216e-04 3.614527855957710067e-04 1.260856357568248534e-04
4.307229393977162886e+02 3.934759752397987034e-04 7.665385374254807304e-04 3.622818342507943645e-04 1.309295271394561968e-04
4.292368849623191522e+02 3.974751621421029652e-04 7.707294488038119850e-04 3.631280172151029836e-04 1.359849443896449272e-04
4.277559576227480420e+02 4.014798893448310105e-04 7.750433512387004502e-04 3.639928237192418441e-04 1.412276070801016378e-04
4.262801396898056510e+02 4.054885088271861868e-04 7.794821579765686369e-04 3.648777277395801825e-04 1.466337434268388514e-04
4.248094135353228467e+02 4.094994153368947229e-04 7.840473974392772995e-04 3.657841868058291264e-04 1.521802807250724162e-04
4.233437615919517043e+02 4.135110476561218115e-04 7.887402120694320161e-04 3.667136408470177155e-04 1.578449666869460150e-04
4.218831663529539355e+02 4.175218898170604911e-04 7.935613587553369888e-04 3.676675110785393137e-04 1.636064385608741723e-04
4.204276103719908519e+02 4.215304722354607891e-04 7.985112114937294430e-04 3.686471989328712570e-04 1.694442543426979302e-04
4.189770762629175351e+02 4.255353727946722454e-04 8.035897657315245815e-04 3.696540850365708517e-04 1.753388978813812322e-04
4.175315466995721749e+02 4.295352178824305084e-04 8.087966445082733291e-04 3.706895282108760271e-04 1.812717672300653881e-04
4.160910044155722858e+02 4.335286833808231488e-04 8.141311063000417417e-04 3.717548644146039883e-04 1.872251520400118304e-04
4.146554322041051819e+02 4.375144956097205937e-04 8.195920544540341189e-04 3.728514058951629107e-04 1.931822054029751136e-04
4.132248129177253873e+02 4.414914322236959264e-04 8.251780480945057877e-04 3.739804402766914548e-04 1.991269135893707846e-04
4.117991294681482373e+02 4.454583230623506643e-04 8.308873143739619639e-04 3.751432297169601717e-04 2.050440659574117436e-04
4.103783648260451855e+02 4.494140509537738375e-04 8.367177619390312425e-04 3.763410101019717567e-04 2.109192263175759311e-04
4.089625020208425212e+02 4.533575524707408031e-04 8.426669954778864824e-04 3.775749902737951893e-04 2.167387065540281592e-04
4.075515241405161646e+02 4.572878186391875948e-04 8.487323312155992637e-04 3.788463512939119399e-04 2.224895434077151781e-04
4.061454143313920895e+02 4.612038955983587484e-04 8.549108132250297009e-04 3.801562457443339368e-04 2.281594787194114380e-04
4.047441557979424829e+02 4.651048852120351134e-04 8.611992304239960653e-04 3.815057970687738584e-04 2.337369423038811503e-04
4.033477318025875888e+02 4.689899456301392482e-04 8.675941342648081081e-04 3.828960989561270667e-04 2.392110379620613887e-04
4.019561256654945964e+02 4.728582918001598728e-04 8.740918571025259060e-04 3.843282147685430890e-04 2.445715324635054839e-04
4.005693207643772098e+02 4.767091960240007077e-04 8.806885302017988283e-04 3.858031770163541496e-04 2.498088471775510564e-04
3.991873005343001068e+02 4.805419884032510291e-04 8.873801024686000160e-04 3.873219868821256486e-04 2.549140518761460849e-04
3.978100484674776567e+02 4.843560571565440603e-04 8.941623590693468420e-04 3.888856137943087830e-04 2.598788603200846031e-04
3.964375481130797994e+02 4.881508489944172695e-04 9.010309400577681035e-04 3.904949949153460370e-04 2.646956279708650452e-04
3.950697830770328665e+02 4.919258694027756193e-04 9.079813589207117071e-04 3.921510347650933987e-04 2.693573516085280626e-04
3.937067370218260294e+02 4.956806828816802098e-04 9.150090209441812247e-04 3.938546049374565868e-04 2.738576696515823586e-04
3.923483936663150757e+02 4.994149131371265673e-04 9.221092413108072233e-04 3.956065437728499426e-04 2.781908637883195629e-04
3.909947367855271523e+02 5.031282432235089719e-04 9.292772628498938148e-04 3.974076560959370315e-04 2.823518617155725084e-04
3.896457502104690320e+02 5.068204156345451758e-04 9.365082733711874077e-04 3.992587129852375187e-04 2.863362407336345148e-04
3.883014178279315729e+02 5.104912323405605976e-04 9.437974225234861594e-04 4.011604515760419827e-04 2.901402317883814406e-04
3.869617235802997470e+02 5.141405547700872436e-04 9.511398381287735661e-04 4.031135748980522061e-04 2.937607236368632740e-04
3.856266514653581794e+02 5.177683037339068884e-04 9.585306419520238461e-04 4.051187517491941915e-04 2.971952675705635144e-04
3.842961855361023140e+02 5.213744592897522935e-04 9.659649648756566233e-04 4.071766166070190577e-04 3.004420829850092123e-04
3.829703099005471358e+02 5.249590605460777810e-04 9.734379614562124533e-04 4.092877695791370023e-04 3.035000620269987220e-04
3.816490087215362337e+02 5.285222054034493687e-04 9.809448241165480940e-04 4.114527763941101118e-04 3.063687744694664275e-04
3.803322662165546149e+02 5.320640502322861653e-04 9.884807967616058254e-04 4.136721684342303958e-04 3.090484725084805028e-04
3.790200666575383366e+02 5.355848094882848616e-04 9.960411870925621729e-04 4.159464427643436808e-04 3.115400953674376497e-04
3.777123943706882869e+02 5.390847553684752387e-04 1.003621378876498214e-03 4.182760621621778351e-04 3.138452732955778878e-04
3.764092337362812941e+02 5.425642172831537545e-04 1.011216843320239707e-03 4.206614552855439827e-04 3.159663305997530754e-04
3.751105691884851012e+02 5.460235812644683882e-04 1.018823149831676444e-03 4.231030167915699565e-04 3.179062878434059185e-04
3.738163852151718629e+02 5.494632893652737476e-04 1.026435976166807347e-03 4.256011075159915591e-04 3.196688642822578526e-04
3.725266663577317559e+02 5.528838389696747639e-04 1.034051117959826609e-03 4.281560546761971754e-04 3.212584778777475658e-04
3.712413972108905682e+02 5.562857820414413750e-04 1.041664497636888599e-03 4.307681520985254990e-04 3.226802442954768537e-04
3.699605624225232532e+02 5.596697243087511578e-04 1.049272172717287703e-03 4.334376604707664070e-04 3.239399743903753279e-04
3.686841466934729965e+02 5.630363243838873129e-04 1.056870343508490217e-03 4.361648076207791250e-04 3.250441700593434792e-04
3.674121347773658499e+02 5.663862928167891480e-04 1.064455360204131021e-03 4.389497888221835726e-04 3.260000178969952559e-04
3.661445114804310492e+02 5.697203910815500788e-04 1.072023729396316856e-03 4.417927671280369711e-04 3.268153800921893789e-04
3.648812616613184332e+02 5.730394304952569689e-04 1.079572120015858359e-03 4.446938737334487843e-04 3.274987821700616440e-04
3.636223702309166583e+02 5.763442710688103116e-04 1.087097368715970276e-03 4.476532083680597905e-04 3.280593988260980805e-04
3.623678221521748810e+02 5.796358202896557564e-04 1.094596484716838262e-03 4.506708397193138517e-04 3.285070354524785357e-04
3.611176024399222229e+02 5.829150318366857790e-04 1.102066654259628532e-03 4.537468058864890948e-04 3.288521054770351211e-04
3.598716961606879750e+02 5.861829042278659564e-04 1.109505245036547039e-03 4.568811147568230409e-04 3.291056034632964243e-04
3.586300884325242464e+02 5.894404794014876858e-04 1.116909809083411510e-03 4.600737444796562789e-04 3.292790735948800574e-04
3.573927644248282718e+02 5.926888412411051655e-04 1.124278085945995369e-03 4.633246440072716485e-04 3.293845729171227628e-04
3.561597093581651734e+02 5.959291140825911720e-04 1.131608005197739250e-03 4.666337335836091035e-04 3.294346286400423964e-04
3.549309085040902119e+02 5.991624610643156131e-04 1.138897688514969907e-03 4.700009052804129559e-04 3.294421888973918635e-04
3.537063471849747316e+02 6.023900824695240051e-04 1.146145451358655419e-03 4.734260235464402868e-04 3.294205674532704894e-04
3.524860107738298893e+02 6.056132140053797864e-04 1.153349804264931474e-03 4.769089257701053866e-04 3.293833826568234239e-04
3.512698846941315765e+02 6.088331250213417254e-04 1.160509453747062165e-03 4.804494228559138386e-04 3.293444880734403566e-04
3.500579544196464781e+02 6.120511166723581475e-04 1.167623302812079893e-03 4.840472998150429458e-04 3.293178967845932317e-04
3.488502054742596670e+02 6.152685200285511235e-04 1.174690451096028088e-03 4.877023163704334997e-04 3.293176990051381462e-04
3.476466234318007196e+02 6.184866941334026804e-04 1.181710194622505490e-03 4.914142075767559360e-04 3.293579734675682849e-04
3.464471939158705709e+02 6.217070240127927196e-04 1.188682025190063727e-03 4.951826844556102888e-04 3.294526928086904515e-04
3.452519025996717801e+02 6.249309186375858090e-04 1.195605629394965808e-03 4.990074346463100339e-04 3.296156234671724825e-04
3.440607352058362949e+02 6.281598088428326510e-04 1.202480887296936574e-03 5.028881230726275561e-04 3.298602210172093250e-04
3.428736775062543529e+02 6.313951452069960397e-04 1.209307870736654397e-03 5.068243926258529566e-04 3.301995239242424651e-04
3.416907153219051452e+02 6.346383958949652253e-04 1.216086841315201436e-03 5.108158648591906324e-04 3.306460450907506101e-04
3.405118345226881615e+02 6.378910444689901444e-04 1.222818248444847459e-03 5.148621405769898728e-04 3.312116632871766860e-04
3.393370210272536838e+02 6.411545876720191285e-04 1.229502726792907914e-03 5.189628005806265140e-04 3.319075168463765072e-04
3.381662608028335626e+02 6.444305331882664144e-04 1.236141093091207982e-03 5.231174063881120989e-04 3.327439015998126938e-04
3.369995398650758602e+02 6.477203973831903308e-04 1.242734343102098495e-03 5.273255009260864557e-04 3.337301749520080857e-04
3.358368442778764233e+02 6.510257030107697782e-04 1.249283648090358410e-03 5.315866092470162424e-04 3.348746678408185415e-04
3.346781601532117634e+02 6.543479769358494930e-04 1.255790351034242807e-03 5.359002392488364155e-04 3.361846062906835163e-04
3.335234736509751201e+02 6.576887478278349445e-04 1.262255962572318832e-03 5.402658823969341178e-04 3.376660445532725591e-04
3.323727709788089442e+02 6.610495438626701019e-04 1.268682156683846813e-03 5.446830144484150283e-04 3.393238130194974728e-04
3.312260383919424385e+02 6.644318904295436245e-04 1.275070766101570096e-03 5.491510961785258651e-04 3.411614788647400519e-04
3.300832621930248933e+02 6.678373078446758673e-04 1.281423777457247086e-03 5.536695741091837101e-04 3.431813222526839216e-04
3.289444287319644786e+02 6.712673090773604075e-04 1.287743326161623148e-03 5.582378812394846526e-04 3.453843280769994446e-04
3.278095244057638524e+02 6.747233974936461907e-04 1.294031691022274949e-03 5.628554377781326643e-04 3.477701934121092036e-04
3.266785356583571911e+02 6.782070646231492866e-04 1.300291288604424507e-03 5.675216518776890658e-04 3.503373499824331068e-04
3.255514489804501181e+02 6.817197879546137845e-04 1.306524667341699359e-03 5.722359203705403453e-04 3.530830005601580065e-04
3.244282509093560520e+02 6.852630287659493410e-04 1.312734501405817119e-03 5.769976295065253492e-04 3.560031679226429943e-04
3.233089280288376699e+02 6.888382299945042296e-04 1.318923584346158541e-03 5.818061556920958591e-04 3.590927554443566847e-04
3.221934669689445059e+02 6.924468141534196935e-04 1.325094822517996823e-03 5.866608662306058240e-04 3.623456188637689613e-04
3.210818544058550401e+02 6.960901812998744305e-04 1.331251228685064250e-03 5.915611199924296175e-04 3.657546442956848194e-04
3.199740770617169119e+02 6.997697070610573149e-04 1.337395914944756146e-03 5.965062681375565487e-04 3.693118330523168413e-04
3.188701217044873601e+02 7.034867407236364192e-04 1.343532085508836920e-03 6.014956548821496617e-04 3.730083907574672673e-04
3.177699751477769610e+02 7.072426033924137951e-04 1.349663029518327530e-03 6.065286181893523058e-04 3.768348192671847909e-04
3.166736242506902386e+02 7.110385862172813060e-04 1.355792113582284615e-03 6.116044904782115066e-04 3.807810095293182105e-04
3.155810559176707102e+02 7.148759485986344456e-04 1.361922774196109567e-03 6.167225993267077232e-04 3.848363337054564424e-04
3.144922570983423498e+02 7.187559166253375481e-04 1.368058510046279638e-03 6.218822681685748366e-04 3.889897351256110043e-04
3.134072147873554286e+02 7.226796815149156249e-04 1.374202874210002281e-03 6.270828169835091078e-04 3.932298156147355115e-04
3.123259160242306507e+02 7.266483981368862923e-04 1.380359466260172021e-03 6.323235629804406510e-04 3.975449204245032168e-04
3.112483478932032881e+02 7.306631836433567003e-04 1.386531924287790060e-03 6.376038212734952155e-04 4.019232170317344290e-04
3.101744975230709542e+02 7.347251161881737571e-04 1.392723916855861856e-03 6.429229055502722273e-04 4.063527698089419216e-04
3.091043520870375687e+02 7.388352337376302400e-04 1.398939134900738668e-03 6.482801287321140462e-04 4.108216095312797406e-04
3.080378988025623812e+02 7.429945329754076991e-04 1.405181283598657500e-03 6.536748036259647406e-04 4.153177978635363694e-04
3.069751249312050732e+02 7.472039683042050419e-04 1.411454074217202400e-03 6.591062435675010354e-04 4.198294865751023481e-04
3.059160177784757479e+02 7.514644509461368502e-04 1.417761215973160818e-03 6.645737630551361210e-04 4.243449713552587075e-04
3.048605646936820222e+02 7.557768481437389385e-04 1.424106407920099245e-03 6.700766783745681346e-04 4.288527402277828981e-04
3.038087530697775378e+02 7.601419824630541470e-04 1.430493330890671329e-03 6.756143082135018666e-04 4.333415171770043576e-04
3.027605703432129189e+02 7.645606311999584691e-04 1.436925639660219679e-03 6.811859742661695348e-04 4.378003028078889143e-04
3.017160039937838860e+02 7.690335258905950898e-04 1.443406955226304465e-03 6.867910018273254728e-04 4.422184089179021166e-04
3.006750415444835767e+02 7.735613519263958779e-04 1.449940856782542956e-03 6.924287203722044115e-04 4.465854897780164776e-04
2.996376705613515696e+02 7.781447482739187746e-04 1.456530874259225278e-03 6.980984641151860310e-04 4.508915697506855175e-04
2.986038786533271150e+02 7.827843072993354110e-04 1.463180480853241462e-03 7.037995725870151978e-04 4.551270678721472417e-04
2.975736534721002613e+02 7.874805746971543560e-04 1.469893085756009826e-03 7.095313911852068472e-04 4.592828195108189992e-04
2.965469827119638353e+02 7.922340495224142231e-04 1.476672027098827359e-03 7.152932717060445826e-04 4.633500951838928454e-04
2.955238541096676954e+02 7.970451843224747330e-04 1.483520565130400917e-03 7.210845728663466819e-04 4.673206166302192347e-04
2.945042554442717346e+02 8.019143851739899591e-04 1.490441875641646983e-03 7.269046608145182361e-04 4.711865704417116194e-04
2.934881745369992814e+02 8.068420120871309898e-04 1.497439043653023185e-03 7.327529096304424014e-04 4.749406214329660969e-04
2.924755992510920919e+02 8.118283794322393243e-04 1.504515057379791345e-03 7.386287018137692797e-04 4.785759229770423064e-04
2.914665174916659680e+02 8.168737563435608849e-04 1.511672802490689280e-03 7.445314287601737316e-04 4.820861258746811265e-04
2.904609172055658064e+02 8.219783672861720805e-04 1.518915056675454933e-03 7.504604912251550564e-04 4.854653859797968180e-04
2.894587863812207047e+02 8.271423926975171939e-04 1.526244484536526955e-03 7.564152997749366185e-04 4.887083708322280135e-04
2.884601130485022509e+02 8.323659697005270737e-04 1.533663632820022509e-03 7.623952752240171007e-04 4.918102653531342908e-04
2.874648852785806525e+02 8.376491928851919656e-04 1.541174926000870790e-03 7.683998490589658351e-04 4.947667765039213831e-04
2.864730911837815484e+02 8.429921151553170129e-04 1.548780662236541247e-03 7.744284638480107476e-04 4.975741368163263652e-04
2.854847189174449227e+02 8.483947486371168530e-04 1.556483009703379158e-03 7.804805736359811180e-04 5.002291067205032410e-04
2.844997566737837928e+02 8.538570656462335330e-04 1.564284003441815179e-03 7.865556443241752656e-04 5.027289770232299271e-04
2.835181926877428396e+02 8.593789997097177292e-04 1.572185542520868539e-03 7.926531540347249048e-04 5.050715712932768485e-04
2.825400152348571510e+02 8.649604466394650087e-04 1.580189387380559994e-03 7.987725934590165231e-04 5.072552461149695173e-04
2.815652126311134111e+02 8.706012656535699239e-04 1.588297157865187735e-03 8.049134661897196230e-04 5.092788914642026399e-04
2.805937732328099514e+02 8.763012805420983525e-04 1.596510331517392517e-03 8.110752890784579715e-04 5.111419304912680249e-04
2.796256854364169726e+02 8.820602808737551840e-04 1.604830242289817565e-03 8.172575926045931626e-04 5.128443189786195981e-04
2.786609376784384722e+02 8.878780232399540546e-04 1.613258079668984961e-03 8.234599210870656872e-04 5.143865442611797760e-04
2.776995184352745696e+02 8.937542325328567613e-04 1.621794888203290617e-03 8.296818330121854624e-04 5.157696234005556928e-04
2.767414162230834904e+02 8.996886032539927079e-04 1.630441567426192673e-03 8.359229013047788683e-04 5.169951004179127200e-04
2.757866195976436074e+02 9.056808008501351925e-04 1.639198872164914856e-03 8.421827135867170815e-04 5.180650426529742050e-04
2.748351171542180396e+02 9.117304630731645852e-04 1.648067413224321752e-03 8.484608724240168091e-04 5.189820383690731901e-04
2.738868975274180002e+02 9.178372013607830971e-04 1.657047658435136309e-03 8.547569955622338076e-04 5.197491919533157780e-04
2.729419493910660890e+02 9.240006022349937700e-04 1.666139934055141034e-03 8.610707161498257689e-04 5.203701186140626163e-04
2.720002614580627665e+02 9.302202287153550804e-04 1.675344426511654172e-03 8.674016829491599644e-04 5.208489383162960519e-04
2.710618224802497025e+02 9.364956216096420941e-04 1.684661184473373050e-03 8.737495605348970891e-04 5.211902690149249626e-04
2.701266212482770470e+02 9.428263005735906636e-04 1.694090121239381908e-03 8.801140294793933019e-04 5.213992190483846554e-04
2.691946465914680857e+02 9.492117660209221930e-04 1.703631017433208461e-03 8.864947865248627495e-04 5.214813784015556036e-04
2.682658873776869655e+02 9.556515003440660535e-04 1.713283523989653223e-03 8.928915447419420249e-04 5.214428085516989008e-04
2.673403325132053965e+02 9.621449692797902830e-04 1.723047165427352275e-03 8.993040336743887654e-04 5.212900306261025567e-04
2.664179709425692408e+02 9.686916232839858781e-04 1.732921343535705422e-03 9.057319994695895620e-04 5.210300124021617803e-04
2.654987916484681705e+02 9.752908988939217212e-04 1.742905340968858288e-03 9.121752049945508348e-04 5.206701555184365489e-04
2.645827836516022558e+02 9.819422200760701859e-04 1.752998325252854350e-03 9.186334299371072629e-04 5.202182786135150973e-04
2.636699360105525898e+02 9.886449995576383765e-04 1.763199353006249031e-03 9.251064708919865117e-04 5.196825997391670091e-04
2.627602378216487296e+02 9.953986401402047188e-04 1.773507374285858505e-03 9.315941414314743863e-04 5.190717166642281428e-04
2.618536782188400593e+02 1.002202535993883389e-03 1.783921237114182400e-03 9.380962722272830588e-04 5.183945853892859114e-04
2.609502463735655056e+02 1.009056073930667940e-03 1.794439692165900220e-03 9.446127111616011264e-04 5.176604965789927430e-04
2.600499314946232516e+02 1.015958634655687561e-03 1.805061397591529960e-03 9.511433232675440240e-04 5.168790496028061654e-04
2.591527228280435224e+02 1.022909593995218478e-03 1.815784923957210412e-03 9.576879908121244383e-04 5.160601238994572517e-04
2.582586096569585266e+02 1.029908324100488803e-03 1.826608759280634424e-03 9.642466133207543014e-04 5.152138474201640311e-04
2.573675813014758091e+02 1.036954194626321874e-03 1.837531314144083463e-03 9.708191075919023368e-04 5.143505632186861059e-04
2.564796271185493310e+02 1.044046573883894262e-03 1.848550926866799693e-03 9.774054077023659921e-04 5.134807944716779761e-04
2.555947365018536743e+02 1.051184829966860359e-03 1.859665868719983465e-03 9.840054650030048873e-04 5.126152047379493697e-04
2.547128988816566277e+02 1.058368331850315092e-03 1.870874349169086457e-03 9.906192481048793977e-04 5.117645566524275502e-04
2.538341037246925396e+02 1.065596450461510358e-03 1.882174521129272677e-03 9.972467428556769549e-04 5.109396678706491605e-04
2.529583405340378022e+02 1.072868559670267855e-03 1.893564486221232255e-03 1.003887952306311898e-03 5.101513648126901768e-04
2.520855988489836932e+02 1.080184037310119279e-03 1.905042300015973456e-03 1.010542896667639568e-03 5.094104341901212109e-04
2.512158682449135085e+02 1.087542266176255452e-03 1.916605977258387756e-03 1.017211613257135681e-03 5.087275723604571488e-04
2.503491383331757731e+02 1.094942634952683755e-03 1.928253497060931042e-03 1.023894156435492401e-03 5.081133326297243612e-04
2.494853987609621697e+02 1.102384539126463180e-03 1.939982808141269433e-03 1.030590597532982794e-03 5.075780707134995746e-04
2.486246392111829664e+02 1.109867381870049529e-03 1.951791833950185413e-03 1.037301024765533613e-03 5.071318899700113896e-04
2.477668494023431549e+02 1.117390574891912076e-03 1.963678477515093390e-03 1.044025543140392545e-03 5.067845870196777992e-04
2.469120190884212036e+02 1.124953539255624897e-03 1.975640626505902574e-03 1.050764274351273725e-03 5.065455952704698075e-04
2.460601380587449682e+02 1.132555706167775013e-03 1.987676158065395694e-03 1.057517356667956460e-03 5.064239300641512230e-04
2.452111961378713261e+02 1.140196517734957775e-03 1.999782943557053532e-03 1.064284944881863700e-03 5.064281348005739798e-04
2.443651831854631382e+02 1.147875427690306805e-03 2.011958853222892835e-03 1.071067210137890144e-03 5.065662291365942080e-04
2.435220890961692817e+02 1.155591902089914353e-03 2.024201760740748385e-03 1.077864339803585869e-03 5.068456597568823897e-04
2.426819037995036865e+02 1.163345419979652925e-03 2.036509547671798686e-03 1.084676537340759040e-03 5.072732542194846898e-04
2.418446172597242025e+02 1.171135474032857253e-03 2.048880107790214573e-03 1.091504022160459967e-03 5.078551783796512011e-04
2.410102194757139387e+02 1.178961571159366402e-03 2.061311351287978006e-03 1.098347029472074472e-03 5.085968978901203759e-04
2.401787004808613801e+02 1.186823233086490691e-03 2.073801208849176351e-03 1.105205810126605069e-03 5.095031451403214369e-04
2.393500503429407615e+02 1.194719996912444859e-03 2.086347635589117910e-03 1.112080630454168571e-03 5.105778932588814819e-04
2.385242591639937757e+02 1.202651415632799989e-03 2.098948614854745463e-03 1.118971772095759794e-03 5.118243335823692173e-04
2.377013170802119930e+02 1.210617058640546181e-03 2.111602161883946102e-03 1.125879531829328392e-03 5.132448605888564105e-04
2.368812142618185135e+02 1.218616512189003289e-03 2.124306327322389096e-03 1.132804221390232595e-03 5.148410630451544234e-04
2.360639409129498745e+02 1.226649379810620250e-03 2.137059200597544832e-03 1.139746167286106917e-03 5.166137219815435284e-04
2.352494872715402607e+02 1.234715282771039384e-03 2.149858913150475958e-03 1.146705710606178751e-03 5.185628153367211795e-04
2.344378436092045206e+02 1.242813860444479720e-03 2.162703641527049126e-03 1.153683206825110823e-03 5.206875289876341161e-04
2.336290002311212675e+02 1.250944770682008156e-03 2.175591610331020689e-03 1.160679025601404424e-03 5.229862737847072772e-04
2.328229474759176014e+02 1.259107690156303829e-03 2.188521095128642072e-03 1.167693550570402666e-03 5.254567081376874775e-04
2.320196757155542002e+02 1.267302314681952686e-03 2.201490425147594604e-03 1.174727179131950352e-03 5.280957659595142580e-04
2.312191753552096998e+02 1.275528359511941649e-03 2.214497985611525721e-03 1.181780322232769877e-03 5.308996915064396072e-04
2.304214368331657283e+02 1.283785559611019377e-03 2.227542220244548184e-03 1.188853404143589820e-03 5.338640764039662666e-04
2.296264506206937313e+02 1.292073669906571324e-03 2.240621633479848371e-03 1.195946862252863108e-03 5.369839011107700863e-04
2.288342072219406020e+02 1.300392465517727272e-03 2.253734792536864553e-03 1.203061146873610557e-03 5.402535794199307424e-04
2.280446971738148250e+02 1.308741741963346432e-03 2.266880329367999217e-03 1.210196720964494240e-03 5.436670056032360393e-04
2.272579110458739819e+02 1.317121315349554719e-03 2.280056942472660168e-03 1.217354059916072673e-03 5.472176035321840975e-04
2.264738394402122594e+02 1.325531022537504216e-03 2.293263398577047481e-03 1.224533651317557485e-03 5.508983770060338911e-04
2.256924729913480974e+02 1.333970721292038978e-03 2.306498534178785982e-03 1.231735994720487481e-03 5.547019605633862109e-04
2.249138023661113550e+02 1.342440290411914868e-03 2.319761256956086662e-03 1.238961601400173813e-03 5.586206701184390526e-04
2.241378182635333474e+02 1.350939629842215928e-03 2.333050547041768362e-03 1.246210994115049160e-03 5.626465528513045376e-04
2.233645114147350910e+02 1.359468660769653581e-03 2.346365458163154980e-03 1.253484706864109802e-03 5.667714374526341059e-04
2.225938725828158908e+02 1.368027325701379237e-03 2.359705118649418551e-03 1.260783284642591527e-03 5.709869830922100669e-04
2.218258925627443716e+02 1.376615588527926133e-03 2.373068732308537040e-03 1.268107283196013169e-03 5.752847255664612046e-04
2.210605621812471213e+02 1.385233434570405089e-03 2.386455579176752998e-03 1.275457268772793107e-03 5.796561223576628553e-04
2.202978722967004899e+02 1.393880870569981023e-03 2.399865016143820379e-03 1.282833817875531340e-03 5.840925955301498563e-04
2.195378137990200003e+02 1.402557924719738088e-03 2.413296477458116984e-03 1.290237517011176126e-03 5.885855726394445195e-04
2.187803776095528292e+02 1.411264646671002519e-03 2.426749475116064727e-03 1.297668962440172349e-03 5.931265254019413811e-04
2.180255546809687246e+02 1.420001107499530273e-03 2.440223599141010721e-03 1.305128759924790429e-03 5.977070059262096658e-04
2.172733359971514062e+02 1.428767399674664733e-03 2.453718517767155671e-03 1.312617524476775242e-03 6.023186803623604329e-04
2.165237125730923822e+02 1.437563637013316870e-03 2.467233977647373747e-03 1.320135880104451398e-03 6.069533598825751575e-04
2.157766754547816390e+02 1.446389954619311299e-03 2.480769803587405242e-03 1.327684459559486151e-03 6.116030291749842114e-04
2.150322157191028509e+02 1.455246508808559621e-03 2.494325898452175432e-03 1.335263904083405740e-03 6.162598745267726906e-04
2.142903244737246382e+02 1.464133477020644397e-03 2.507902242926575778e-03 1.342874863154287822e-03 6.209163077353406848e-04
2.135509928569961744e+02 1.473051057717268643e-03 2.521498895129893874e-03 1.350517994245255433e-03 6.255649883534332781e-04
2.128142120378404627e+02 1.481999470268153098e-03 2.535115990142350166e-03 1.358193962572731318e-03 6.301988438973088035e-04
2.120799732156484652e+02 1.490978954824900360e-03 2.548753739442828972e-03 1.365903440833187788e-03 6.348110882348588632e-04
2.113482676201751360e+02 1.499989772183327663e-03 2.562412430257305068e-03 1.373647108955507136e-03 6.393952383067654476e-04
2.106190865114333519e+02 1.509032203634877185e-03 2.576092424818090306e-03 1.381425653853431612e-03 6.439451291593695486e-04
2.098924211795908548e+02 1.518106550807573132e-03 2.589794159534304901e-03 1.389239769178431030e-03 6.484549272777301006e-04
2.091682629448648640e+02 1.527213135497158553e-03 2.603518144074671876e-03 1.397090155073256240e-03 6.529191422213336286e-04
2.084466031574194176e+02 1.536352299488886108e-03 2.617264960364020735e-03 1.404977517926330041e-03 6.573326365826455929e-04
2.077274331972620018e+02 1.545524404370592075e-03 2.631035261495594160e-03 1.412902570127235087e-03 6.616906347609955450e-04
2.070107444741394715e+02 1.554729831337590268e-03 2.644829770561596752e-03 1.420866029823488960e-03 6.659887323753651677e-04
2.062965284274370958e+02 1.563968980989939020e-03 2.658649279404975627e-03 1.428868620678797876e-03 6.702229020690558944e-04
2.055847765260747622e+02 1.573242273122714202e-03 2.672494647296018520e-03 1.436911071633047068e-03 6.743894993403000762e-04
2.048754802684064202e+02 1.582550146502597222e-03 2.686366799537670807e-03 1.444994116664179195e-03 6.784852671470067119e-04
2.041686311821172239e+02 1.591893058550040724e-03 2.700266726004215290e-03 1.453118494552232487e-03 6.825073397699059526e-04
2.034642208241235721e+02 1.601271485181701704e-03 2.714195479618200599e-03 1.461284948645689323e-03 6.864532459470913152e-04
2.027622407804716147e+02 1.610685920542962541e-03 2.728154174771220061e-03 1.469494226630393280e-03 6.903209112050455714e-04
2.020626826662362987e+02 1.620136876735687624e-03 2.742143985697532114e-03 1.477747080301227865e-03 6.941086593142681413e-04
2.013655381254224608e+02 1.629624883557146374e-03 2.756166144872739671e-03 1.486044265336743195e-03 6.978152128060085592e-04
2.006707988308635606e+02 1.639150488230152513e-03 2.770221941096797074e-03 1.494386541076996033e-03 7.014396925001786104e-04
1.999784564841237682e+02 1.648714255124750444e-03 2.784312717733645245e-03 1.502774670304748029e-03 7.049816164523744219e-04
1.992885028153970950e+02 1.658316765471963767e-03 2.798439870884363544e-03 1.511209419030296909e-03 7.084409001016098509e-04
1.986009295834102772e+02 1.667958617069975613e-03 2.812604847464544085e-03 1.519691556279908085e-03 7.118178531958017745e-04
1.979157285753234703e+02 1.677640423983265804e-03 2.826809143248452602e-03 1.528221853850262376e-03 7.151131771627715090e-04
1.972328916066317959e+02 1.687362816235163420e-03 2.841054300879803686e-03 1.536801086120617764e-03 7.183279615531952978e-04
1.965524105210686514e+02 1.697126439494289025e-03 2.855341907849417993e-03 1.545430029856660961e-03 7.214636799683147141e-04
1.958742771905075699e+02 1.706931954755452722e-03 2.869673594440558077e-03 1.554109463987916363e-03 7.245221854371539268e-04
1.951984835148649893e+02 1.716780038015505673e-03 2.884051031643079105e-03 1.562840169411849152e-03 7.275057051142068583e-04
1.945250214220037321e+02 1.726671379944696300e-03 2.898475929038009467e-03 1.571622928799819340e-03 7.304168341740293387e-04
1.938538828676370258e+02 1.736606685554096694e-03 2.912950032654651640e-03 1.580458526405123130e-03 7.332585287899283811e-04
1.931850598352319253e+02 1.746586673859700520e-03 2.927475122802741195e-03 1.589347747873351424e-03 7.360340980999790887e-04
1.925185443359132194e+02 1.756612077543770077e-03 2.942053011882645504e-03 1.598291380055284067e-03 7.387471952686294925e-04
1.918543284083689286e+02 1.766683642614030793e-03 2.956685542176996136e-03 1.607290210822520616e-03 7.414018096848019922e-04
1.911924041187546663e+02 1.776802128061376893e-03 2.971374583627685827e-03 1.616345028886111753e-03 7.440022562829091838e-04
1.905327635605986529e+02 1.786968305516715549e-03 2.986122031602549912e-03 1.625456623618390601e-03 7.465531644853632158e-04
1.898753988547074414e+02 1.797182958907584879e-03 3.000929804656441140e-03 1.634625784878224490e-03 7.490594662984492334e-04
1.892203021490723245e+02 1.807446884115247471e-03 3.015799842291918935e-03 1.643853302839915712e-03 7.515263835488585542e-04
1.885674656187751452e+02 1.817760888523295383e-03 3.030734102725136329e-03 1.653139967825986972e-03 7.539594143507439379e-04
1.879168814658941926e+02 1.828125790622759641e-03 3.045734560662931474e-03 1.662486570144066853e-03 7.563643186764374901e-04
1.872685419194123142e+02 1.838542419804737931e-03 3.060803205101745444e-03 1.671893899928076320e-03 7.587471029149044002e-04
1.866224392351233519e+02 1.849011615896132069e-03 3.075942037107176185e-03 1.681362746983980578e-03 7.611140033186432298e-04
1.859785656955394302e+02 1.859534228798988796e-03 3.091153067484721934e-03 1.690893900640308379e-03 7.634714682619925990e-04
1.853369136097991543e+02 1.870111118126688158e-03 3.106438314674801401e-03 1.700488149603654117e-03 7.658261392621106825e-04
1.846974753135759499e+02 1.880743152836719450e-03 3.121799802564908816e-03 1.710146281819395139e-03 7.681848321577453703e-04
1.840602431689862328e+02 1.891431210860514437e-03 3.137239558312098810e-03 1.719869084337858917e-03 7.705545175675762625e-04
1.834252095644976919e+02 1.902176178730812049e-03 3.152759610196662066e-03 1.729657343186154954e-03 7.729422987509331584e-04
1.827923669148394481e+02 1.912978951207039207e-03 3.168361985507147857e-03 1.739511843245873093e-03 7.753553897003898293e-04
1.821617076609107642e+02 1.923840430899272655e-03 3.184048708457357102e-03 1.749433368096846081e-03 7.778010921031874381e-04
1.815332242696903791e+02 1.934761527891308260e-03 3.199821798136102177e-03 1.759422699788656562e-03 7.802867717486614398e-04
1.809069092341477187e+02 1.945743159363375789e-03 3.215683266490857155e-03 1.769480618904478372e-03 7.828198343508524330e-04
1.802827550731518329e+02 1.956786249215149241e-03 3.231635116346875339e-03 1.779607904356001868e-03 7.854077007722080677e-04
1.796607543313833730e+02 1.967891727689566415e-03 3.247679339463434636e-03 1.789805333268416985e-03 7.880577816556899292e-04
1.790408995792442397e+02 1.979060530998175051e-03 3.263817914629453792e-03 1.800073680879007596e-03 7.907774514985769099e-04
1.784231834127699301e+02 1.990293600948535909e-03 3.280052805800734612e-03 1.810413720437626956e-03 7.935740222312936444e-04
1.778075984535407201e+02 2.001591884574429377e-03 3.296385960281665584e-03 1.820826223109322682e-03 7.964547165676189771e-04
1.771941373485929603e+02 2.012956333769480143e-03 3.312819306954331144e-03 1.831311957879303834e-03 7.994266432765399994e-04
1.765827927703324178e+02 2.024387904924866265e-03 3.329354754558270114e-03 1.841871691460425292e-03 8.024967705156874770e-04
1.759735574164453737e+02 2.035887558571876366e-03 3.345994190024544415e-03 1.852506188203473497e-03 8.056718999974479779e-04
1.753664240098127891e+02 2.047456259029928598e-03 3.362739476867822146e-03 1.863216210010378232e-03 8.089586416657341397e-04
1.747613852984221410e+02 2.059094974060865415e-03 3.379592453640663935e-03 1.874002516250646228e-03 8.123633890191456468e-04
1.741584340552817594e+02 2.070804674530166405e-03 3.396554932454208010e-03 1.884865863681144289e-03 8.158922953858605475e-04
1.735575630783341126e+02 2.082586334075885431e-03 3.413628697569885250e-03 1.895807006369512344e-03 8.195512512182504808e-04
1.729587651903692915e+02 2.094440928783606378e-03 3.430815504043152522e-03 1.906826695621385067e-03 8.233458624789777346e-04
1.723620332389404552e+02 2.106369436554676386e-03 3.448117076284902983e-03 1.917925679911609014e-03 8.272814301962269721e-04
1.717673600962770593e+02 2.118372836949421537e-03 3.465535106869520668e-03 1.929104704819733238e-03 8.313629312736234159e-04
1.711747386592009263e+02 2.130452110990072295e-03 3.483071255395214436e-03 1.940364512969898741e-03 8.355950006499218057e-04
1.705841618490402709e+02 2.142608240685476596e-03 3.500727147345395352e-03 1.951705843975424896e-03 8.399819152718822172e-04
1.699956226115462243e+02 2.154842208718032569e-03 3.518504373025021451e-03 1.963129434388217326e-03 8.445275816999484909e-04
1.694091139168079394e+02 2.167154998132484345e-03 3.536404486570638751e-03 1.974636017653279979e-03 8.492355230068788499e-04
1.688246287591684052e+02 2.179547592026942222e-03 3.554429005032424572e-03 1.986226324068508364e-03 8.541088688299800901e-04
1.682421601571416545e+02 2.192020973246552179e-03 3.572579407526750399e-03 1.997901080749955177e-03 8.591503471743991861e-04
1.676617011533282380e+02 2.204576124080330837e-03 3.590857134458138884e-03 2.009661011602837874e-03 8.643622783801082742e-04
1.670832448143333124e+02 2.217214025961536644e-03 3.609263586809425411e-03 2.021506837298422173e-03 8.697465713012379968e-04
1.665067842306826265e+02 2.229935659172158861e-03 3.627800125499460685e-03 2.033439275257074678e-03 8.753047216054321263e-04
1.659323125167410069e+02 2.242742002551910332e-03 3.646468070807572411e-03 2.045459039637611675e-03 8.810378120892954287e-04
1.653598228106296801e+02 2.255634033212315561e-03 3.665268701864524137e-03 2.057566841212928131e-03 8.869465148992147384e-04
1.647893082741438775e+02 2.268612726256369859e-03 3.684203256209717982e-03 2.069763387107228722e-03 8.930310955445654999e-04
1.642207620926722313e+02 2.281679054504264382e-03 3.703272929414623462e-03 2.082049381363952449e-03 8.992914185927046401e-04
1.636541774751140679e+02 2.294833988225794628e-03 3.722478874772817536e-03 2.094425524597591948e-03 9.057269552129900130e-04
1.630895476537995989e+02 2.308078494879889104e-03 3.741822203056895633e-03 2.106892513966829132e-03 9.123367941971184713e-04
1.625268658844078971e+02 2.321413538861921266e-03 3.761303982343121473e-03 2.119451043184451301e-03 9.191196520960794253e-04
1.619661254458872577e+02 2.334840081259260524e-03 3.780925237904487861e-03 2.132101802527014856e-03 9.260738858207793805e-04
1.614073196403745385e+02 2.348359079615701568e-03 3.800686952173421441e-03 2.144845478844545870e-03 9.331975063368197791e-04
1.608504417931147259e+02 2.361971487705324946e-03 3.820590064775308391e-03 2.157682755570458372e-03 9.404881935788068047e-04
1.602954852523823490e+02 2.375678255316316691e-03 3.840635472634282635e-03 2.170614312731865541e-03 9.479433125137622920e-04
1.597424433894005631e+02 2.389480328045423541e-03 3.860824030149573056e-03 2.183640826960584792e-03 9.555599301277341957e-04
1.591913095982634161e+02 2.403378647103512119e-03 3.881156549297150923e-03 2.196762971504938669e-03 9.633348331187604379e-04
1.586420772958556711e+02 2.417374149132934212e-03 3.901633799839754162e-03 2.209981416242672893e-03 9.712645460935840930e-04
1.580947399217751581e+02 2.431467766037175189e-03 3.922256509762935689e-03 2.223296827695103901e-03 9.793453500839448614e-04
1.575492909382540461e+02 2.445660424823466877e-03 3.943025365627799046e-03 2.236709869042780800e-03 9.875733012208037787e-04
1.570057238300802567e+02 2.459953047458911767e-03 3.963941012979811142e-03 2.250221200142850375e-03 9.959442494700250590e-04
1.564640321045205837e+02 2.474346550740679287e-03 3.985004056816825006e-03 2.263831477548302121e-03 1.004453858984150939e-03
1.559242092912425903e+02 2.488841845773191817e-03 4.006215062112579439e-03 2.277541354529364747e-03 1.013097627206691444e-03
1.553862489422371311e+02 2.503439837691898585e-03 4.027574554391987090e-03 2.291351481097233730e-03 1.021870903585215358e-03
1.548501446317416423e+02 2.518141426251318312e-03 4.049083020354760608e-03 2.305262504030332858e-03 1.030768908529541361e-03
1.543158899561636019e+02 2.532947505284836344e-03 4.070740908544299465e-03 2.319275066903330514e-03 1.039786751907276685e-03
1.537834785340037342e+02 2.547858962591425906e-03 4.092548630058927446e-03 2.333389810119139689e-03 1.048919451327519131e-03
1.532529040057794987e+02 2.562876679831846156e-03 4.114506559302812810e-03 2.347607370944105546e-03 1.058161950071337745e-03
1.527241600339497154e+02 2.578001532429991059e-03 4.136615034774174596e-03 2.361928383546549673e-03 1.067509134543414510e-03
1.521972403028387646e+02 2.593234389479653207e-03 4.158874359888732435e-03 2.376353479038954223e-03 1.076955851137361211e-03
1.516721385185607005e+02 2.608576113656872145e-03 4.181284803836516836e-03 2.390883285523955071e-03 1.086496922427163678e-03
1.511488484089442750e+02 2.624027561138084913e-03 4.203846602470463073e-03 2.405518428144353456e-03 1.096127162618820662e-03
1.506273637234584726e+02 2.639589581524306051e-03 4.226559959225511913e-03 2.420259529137362524e-03 1.105841392219103752e-03
1.501076782331374488e+02 2.655263017771599451e-03 4.249425046067211061e-03 2.435107207893321205e-03 1.115634452321246327e-03
1.495897857305056959e+02 2.671048706128071031e-03 4.272442004469085251e-03 2.450062081019076677e-03 1.125501219787334271e-03
1.490736800295048852e+02 2.686947476077581731e-03 4.295610946418206011e-03 2.465124762406207572e-03 1.135436619174081448e-03
1.485593549654194305e+02 2.702960150290518657e-03 4.318931955448871741e-03 2.480295863304363309e-03 1.145435635411520478e-03
1.480468043948024786e+02 2.719087544581840800e-03 4.342405087704400736e-03 2.495575992399904752e-03 1.155493325416993107e-03
1.475360221954031203e+02 2.735330467876654313e-03 4.366030373027309473e-03 2.510965755900035692e-03 1.165604829155838596e-03
1.470270022660932057e+02 2.751689722183604889e-03 4.389807816078492020e-03 2.526465757622654591e-03 1.175765380173690762e-03
1.465197385267943559e+02 2.768166102576386910e-03 4.413737397421044033e-03 2.542076599092158579e-03 1.185970315541314164e-03
1.460142249184049490e+02 2.784760397183630876e-03 4.437819074473851530e-03 2.557798879641395764e-03 1.196215085162265950e-03
1.455104554027284962e+02 2.801473387187418049e-03 4.462052782781679092e-03 2.573633196459364485e-03 1.206495260404681679e-03
1.450084239624011104e+02 2.818305846830791370e-03 4.486438437170475746e-03 2.589580143257374460e-03 1.216806542031085127e-03
1.445081246008192579e+02 2.835258543434511155e-03 4.510975932875094414e-03 2.605640311903498034e-03 1.227144767413877128e-03
1.440095513420691020e+02 2.852332237423316208e-03 4.535665146682194525e-03 2.621814292592204460e-03 1.237505917039159091e-03
1.435126982308539425e+02 2.869527682362093667e-03 4.560505938084638902e-03 2.638102673464839260e-03 1.247886121003642787e-03
1.430175593324242698e+02 2.886845625002128907e-03 4.585498150443732476e-03 2.654506040698213516e-03 1.258281666088159655e-03
1.425241287325057726e+02 2.904286805337876528e-03 4.610641612156345971e-03 2.671024978592200037e-03 1.268688999825109661e-03
1.420324005372295346e+02 2.921851956674427660e-03 4.635936137823848911e-03 2.687660069656332053e-03 1.279104735675529701e-03
1.415423688730614344e+02 2.939541805706084691e-03 4.661381529420389504e-03 2.704411894695628229e-03 1.289525657199497863e-03
1.410540278867312907e+02 2.957357072606315793e-03 4.686977577458189062e-03 2.721281032895738958e-03 1.299948721911240411e-03
1.405673717451642517e+02 2.975298471129351162e-03 4.712724062147744149e-03 2.738268061907479442e-03 1.310371064799184092e-03
1.400823946354097416e+02 2.993366708722956966e-03 4.738620754551382992e-03 2.755373557930996305e-03 1.320790001462647132e-03
1.395990907645732193e+02 3.011562485915065743e-03 4.764667417728565488e-03 2.772598095799546931e-03 1.331203030822686187e-03
1.391174543597459206e+02 3.029886496681784974e-03 4.790863807871969214e-03 2.789942249063160403e-03 1.341607837372461387e-03
1.386374796679368444e+02 3.048339429177862690e-03 4.817209675433337980e-03 2.807406590072170950e-03 1.352002292941543570e-03
1.381591609560036034e+02 3.066921965406049170e-03 4.843704766238672230e-03 2.824991690060849828e-03 1.362384457959413134e-03
1.376824925105835291e+02 3.085634781329340496e-03 4.870348822592446454e-03 2.842698119231226728e-03 1.372752582215307519e-03
1.372074686380264268e+02 3.104478546985944745e-03 4.897141584370748660e-03 2.860526446837171818e-03 1.383105105578227943e-03
1.367340836643254249e+02 3.123453926607077085e-03 4.924082790103833686e-03 2.878477241268980000e-03 1.393440659898324916e-03
1.362623319350502982e+02 3.142561578737428085e-03 4.951172178048368795e-03 2.896551070138436972e-03 1.403758067833165476e-03
1.357922078152789425e+02 3.161802156358483468e-03 4.978409487250447935e-03 2.914748500364644675e-03 1.414056342949058815e-03
1.353237056895307830e+02 3.181176307014549169e-03 5.005794458600179575e-03 2.933070098260580089e-03 1.424334689037938225e-03
1.348568199616995855e+02 3.200684672941647799e-03 5.033326835879355608e-03 2.951516429620631987e-03 1.434592499217308926e-03
1.343915450549859543e+02 3.220327891199265252e-03 5.061006366786762259e-03 2.970088059809194124e-03 1.444829354847099959e-03
1.339278754118317067e+02 3.240106593804951366e-03 5.088832803777373383e-03 2.988785553850392945e-03 1.455045024210441023e-03
1.334658054938529688e+02 3.260021407871929473e-03 5.116805905068398143e-03 3.007609476519163601e-03 1.465239460910545532e-03
1.330053297817737814e+02 3.280072955749713508e-03 5.144925435671134431e-03 3.026560392433748012e-03 1.475412801942523403e-03
1.325464427753605889e+02 3.300261855167809042e-03 5.173191168296868356e-03 3.045638866149728147e-03 1.485565365407167738e-03
1.320891389933564994e+02 3.320588719382575396e-03 5.201602884248885533e-03 3.064845462255732893e-03 1.495697647843408085e-03
1.316334129734158296e+02 3.341054157327390684e-03 5.230160374300222952e-03 3.084180745470969844e-03 1.505810321167046738e-03
1.311792592720383652e+02 3.361658773766164430e-03 5.258863439554921880e-03 3.103645280744683939e-03 1.515904229260602466e-03
1.307266724645050431e+02 3.382403169450284072e-03 5.287711892290747860e-03 3.123239633357625337e-03 1.525980385943063230e-03
1.302756471448129219e+02 3.403287941279171860e-03 5.316705556781782700e-03 3.142964369025732976e-03 1.536039971121806996e-03
1.298261779256102102e+02 3.424313682464546690e-03 5.345844270099323753e-03 3.162820054006114899e-03 1.546084326660222613e-03
1.293782594381323179e+02 3.445480982698467202e-03 5.375127882889862291e-03 3.182807255205430744e-03 1.556114952489051758e-03
1.289318863321377933e+02 3.466790428325343919e-03 5.404556260129141781e-03 3.202926540290820367e-03 1.566133502245632605e-03
1.284870532758443176e+02 3.488242602518053150e-03 5.434129281851597833e-03 3.223178477803529535e-03 1.576141778826543492e-03
1.280437549558646140e+02 3.509838085458298357e-03 5.463846843854647251e-03 3.243563637275331119e-03 1.586141729802196003e-03
1.276019860771436925e+02 3.531577454521300525e-03 5.493708858377485335e-03 3.264082589347825931e-03 1.596135442646325021e-03
1.271617413628951709e+02 3.553461284465089451e-03 5.523715254754500703e-03 3.284735905894832237e-03 1.606125139739313350e-03
1.267230155545381933e+02 3.575490147624484430e-03 5.553865980043431669e-03 3.305524159627186258e-03 1.616113173111540045e-03
1.262858034116347028e+02 3.597664614109925222e-03 5.584160999628703069e-03 3.326447923709663183e-03 1.626102018901601567e-03
1.258500997118270703e+02 3.619985252011346730e-03 5.614600297800630482e-03 3.347507773372740414e-03 1.636094271514179459e-03
1.254158992507755954e+02 3.642452627607287337e-03 5.645183878311419920e-03 3.368704285336008436e-03 1.646092637473379030e-03
1.249831968420959072e+02 3.665067305174640484e-03 5.675911764909072343e-03 3.390038037878832615e-03 1.656099929220092217e-03
1.245519873172977441e+02 3.687829847069232572e-03 5.706784001850430735e-03 3.411509610936372307e-03 1.666119060561469011e-03
1.241222655257228382e+02 3.710740814620235549e-03 5.737800654395074085e-03 3.433119586195089099e-03 1.676153039220546186e-03
1.236940263344831976e+02 3.733800767948029613e-03 5.768961809281717562e-03 3.454868547187708600e-03 1.686204960570585054e-03
1.232672646283999995e+02 3.757010266152273261e-03 5.800267575189057417e-03 3.476757079387640583e-03 1.696278001005554863e-03
1.228419753099427396e+02 3.780369867501906685e-03 5.831718083186702810e-03 3.498785770302892568e-03 1.706375411156970442e-03
1.224181532991681394e+02 3.803880129624152926e-03 5.863313487040659744e-03 3.520955209569531525e-03 1.716500509124326175e-03
1.219957935336590680e+02 3.827541609692509863e-03 5.895053963508227121e-03 3.543265989044684129e-03 1.726656673679081728e-03
1.215748909684647430e+02 3.851354864613627197e-03 5.926939712817332929e-03 3.565718702899046098e-03 1.736847337406692126e-03
1.211554405760402489e+02 3.875320451213205494e-03 5.958970958972182978e-03 3.588313947709024631e-03 1.747075979757065902e-03
1.207374373461860841e+02 3.899438926420835741e-03 5.991147950034796110e-03 3.611052322548467548e-03 1.757346119980797558e-03
1.203208762859887315e+02 3.923710847453801102e-03 6.023470958390863585e-03 3.633934429079993013e-03 1.767661309936749891e-03
1.199057524197611002e+02 3.948136771999873409e-03 6.055940280998552659e-03 3.656960871645955832e-03 1.778025126765785937e-03
1.194920607889829114e+02 3.972717258399157715e-03 6.088556239619043534e-03 3.680132257359094560e-03 1.788441165435704187e-03
1.190797964522411547e+02 3.997452865825027422e-03 6.121319181027738004e-03 3.703449196192863321e-03 1.798913031357821145e-03
1.186689544851717102e+02 4.022344154464107049e-03 6.154229477205187468e-03 3.726912301071409750e-03 1.809444334870241675e-03
1.182595299804002167e+02 4.047391685695492583e-03 6.187287525507231128e-03 3.750522187959323076e-03 1.820038683082604320e-03
1.178515180474832249e+02 4.072596022269198146e-03 6.220493748813756343e-03 3.774279475951116368e-03 1.830699672940527606e-03
1.174449138128499754e+02 4.097957728483885356e-03 6.253848595655807883e-03 3.798184787360439889e-03 1.841430884250884990e-03
1.170397124197444327e+02 4.123477370363968185e-03 6.287352540320918608e-03 3.822238747809075885e-03 1.852235872697479855e-03
1.166359090281670632e+02 4.149155515836219082e-03 6.321006082936858443e-03 3.846441986315752952e-03 1.863118163077434131e-03
1.162334988148167128e+02 4.174992734905926678e-03 6.354809749533993357e-03 3.870795135384786072e-03 1.874081242725775557e-03
1.158324769730335504e+02 4.200989599832653625e-03 6.388764092086679329e-03 3.895298831094499807e-03 1.885128555099083040e-03
1.154328387127414146e+02 4.227146685305806229e-03 6.422869688534484957e-03 3.919953713185562148e-03 1.896263493493630754e-03
1.150345792603904016e+02 4.253464568620064432e-03 6.457127142783993835e-03 3.944760425149194775e-03 1.907489394878956633e-03
1.146376938588998797e+02 4.279943829850753681e-03 6.491537084692213661e-03 3.969719614315256676e-03 1.918809533834324888e-03
1.142421777676024703e+02 4.306585052029300066e-03 6.526100170032749122e-03 3.994831931906003657e-03 1.930227116583002004e-03
1.138480262621861101e+02 4.333388821319003777e-03 6.560817080446359681e-03 4.020098033084898263e-03 1.941745275127603355e-03
1.134552346346383587e+02 4.360355727191064963e-03 6.595688523377096595e-03 4.045518577130358812e-03 1.953367061499299701e-03
1.130637981931903511e+02 4.387486362601118739e-03 6.630715231996009776e-03 4.071094227481274197e-03 1.965095443516343913e-03
1.126737122622604090e+02 4.414781324166419836e-03 6.665897965114262434e-03 4.096825651817348479e-03 1.976933300250499972e-03
1.122849721823981071e+02 4.442241212328615178e-03 6.701237507087684855e-03 4.122713522140099458e-03 1.988883416427112295e-03
1.118975733102286512e+02 4.469866631166199457e-03 6.736734667735398523e-03 4.148758514853218872e-03 2.000948478419757159e-03
1.115115110183981812e+02 4.497658188884421857e-03 6.772390282162329619e-03 4.174961310842243041e-03 2.013131069975481174e-03
1.111267806955172119e+02 4.525616498023025264e-03 6.808205210428973191e-03 4.201322595553720445e-03 2.025433668358324509e-03
1.107433777461063045e+02 4.553742175512069668e-03 6.844180337554065484e-03 4.227843059073590863e-03 2.037858640872488789e-03
1.103612975905412554e+02 4.582035842826346836e-03 6.880316573316282505e-03 4.254523396204938288e-03 2.050408241728539620e-03
1.099805356649982855e+02 4.610498126137376786e-03 6.916614852034166060e-03 4.281364306545096775e-03 2.063084609218823577e-03
1.096010874213990292e+02 4.639129656462960896e-03 6.953076132340228928e-03 4.308366494562079763e-03 2.075889763172137498e-03
1.092229483273570310e+02 4.667931069814241357e-03 6.989701396947991911e-03 4.335530669670253912e-03 2.088825602662485337e-03
1.088461138661231189e+02 4.696903007340383178e-03 7.026491652411166050e-03 4.362857546305371099e-03 2.101893903952485858e-03
1.084705795365314174e+02 4.726046115470859676e-03 7.063447928874020711e-03 4.390347843998893516e-03 2.115096318658400785e-03
1.080963408529456160e+02 4.755361046055309356e-03 7.100571279812247123e-03 4.418002287451557215e-03 2.128434372130945211e-03
1.077233933452057499e+02 4.784848456501051769e-03 7.137862781763803892e-03 4.445821606606215753e-03 2.141909462136427217e-03
1.073517325585745255e+02 4.814509009908294473e-03 7.175323534049399266e-03 4.473806536719970861e-03 2.155522859630229406e-03
1.069813540536837735e+02 4.844343375203082232e-03 7.212954658482384658e-03 4.501957818435560650e-03 2.169275707572719189e-03
1.066122534064820826e+02 4.874352227267942511e-03 7.250757299067846044e-03 4.530276197851928165e-03 2.183169020652504441e-03
1.062444262081816646e+02 4.904536247070402470e-03 7.288732621691185534e-03 4.558762426594085634e-03 2.197203685588868666e-03
1.058778680652054049e+02 4.934896121789390452e-03 7.326881813796330169e-03 4.587417261882195500e-03 2.211380461477148365e-03
1.055125745991347515e+02 4.965432544939516780e-03 7.365206084053932227e-03 4.616241466599840457e-03 2.225699980534341909e-03
1.051485414466574184e+02 4.996146216493365690e-03 7.403706662020144783e-03 4.645235809361492919e-03 2.240162749195590951e-03
1.047857642595151759e+02 5.027037843001880800e-03 7.442384797786736651e-03 4.674401064579211673e-03 2.254769149514332122e-03
1.044242387044515823e+02 5.058108137712897037e-03 7.481241761623355982e-03 4.703738012528887492e-03 2.269519440822091727e-03
1.040639604631609245e+02 5.089357820687826807e-03 7.520278843612886177e-03 4.733247439422230696e-03 2.284413761607876486e-03
1.037049252322361070e+02 5.120787618916713795e-03 7.559497353281185647e-03 4.762930137463403796e-03 2.299452131582168345e-03
1.033471287231172937e+02 5.152398266431667401e-03 7.598898619222495092e-03 4.792786904915703403e-03 2.314634453896105906e-03
1.029905666620407771e+02 5.184190504418751538e-03 7.638483988721854988e-03 4.822818546166812714e-03 2.329960517492842258e-03
1.026352347899880897e+02 5.216165081328444017e-03 7.678254827376260194e-03 4.853025871790699920e-03 2.345429999575156590e-03
1.022811288626349722e+02 5.248322752984800957e-03 7.718212518716243038e-03 4.883409698609062974e-03 2.361042468212146833e-03
1.019282446503004138e+02 5.280664282693405161e-03 7.758358463829822561e-03 4.913970849752256551e-03 2.376797386757267209e-03
1.015765779378966869e+02 5.313190441348128804e-03 7.798694081030803707e-03 4.944710154719600577e-03 2.392694116703427201e-03
1.012261245248786992e+02 5.345902007536948095e-03 7.839220805486765004e-03 4.975628449439204772e-03 2.408731920652055353e-03
1.008768802251936023e+02 5.378799767609192435e-03 7.879940088530754116e-03 5.006726576327181696e-03 2.424909966113172801e-03
1.005288408672310680e+02 5.411884515652215857e-03 7.920853397484212480e-03 5.038005384346226634e-03 2.441227329051050537e-03
1.001820022937735786e+02 5.445157053774451854e-03 7.961962215245763433e-03 5.069465729063555616e-03 2.457682997662847396e-03
9.983636036194658914e+01 5.478618192137192644e-03 8.003268039861476113e-03 5.101108472708216351e-03 2.474275876339597415e-03
9.949191094316876161e+01 5.512268749033323936e-03 8.044772384100959753e-03 5.132934484227727814e-03 2.491004789761652564e-03
9.914864992310326386e+01 5.546109550974024673e-03 8.086476775038105302e-03 5.164944639343941810e-03 2.507868487084206205e-03
9.880657320160824497e+01 5.580141432773425003e-03 8.128382753635659055e-03 5.197139820608244476e-03 2.524865646172953955e-03
9.846567669268777934e+01 5.614365237631140093e-03 8.170491874332698468e-03 5.229520917456004052e-03 2.541994877854851856e-03
9.812595632444318028e+01 5.648781817212648534e-03 8.212805704634208726e-03 5.262088826260208525e-03 2.559254730154580850e-03
9.778740803902455525e+01 5.683392031727580417e-03 8.255325824702234444e-03 5.294844450384305311e-03 2.576643692493582431e-03
9.745002779258219050e+01 5.718196750005949749e-03 8.298053826948120770e-03 5.327788700234250760e-03 2.594160199835219421e-03
9.711381155521793573e+01 5.753196849572331240e-03 8.340991315625470928e-03 5.360922493309732209e-03 2.611802636766753349e-03
9.677875531093758354e+01 5.788393216717909427e-03 8.384139906423466321e-03 5.394246754254436796e-03 2.629569342058565504e-03
9.644485505760272304e+01 5.823786746570597077e-03 8.427501226060674089e-03 5.427762414905514497e-03 2.647458614503711907e-03
9.611210680688266450e+01 5.859378343163139553e-03 8.471076911879198146e-03 5.461470414342115692e-03 2.665468715649989620e-03
9.578050658420707464e+01 5.895168919499246818e-03 8.514868611439352364e-03 5.495371698932956413e-03 2.683597874699871367e-03
9.545005042871855494e+01 5.931159397617785135e-03 8.558877982115147345e-03 5.529467222382926893e-03 2.701844292687445147e-03
9.512073439322524848e+01 5.967350708655133444e-03 8.603106690691045277e-03 5.563757945790143156e-03 2.720206146658910897e-03
9.479255454415341831e+01 6.003743792905708726e-03 8.647556412960543185e-03 5.598244837713688832e-03 2.738681593900024400e-03
9.446550696150092108e+01 6.040339599880616139e-03 8.692228833327046017e-03 5.632928874178042174e-03 2.757268776169820908e-03
9.413958773879021180e+01 6.077139088364626011e-03 8.737125644408120714e-03 5.667811038739402341e-03 2.775965823903244270e-03
9.381479298302144798e+01 6.114143226471479425e-03 8.782248546643894524e-03 5.702892322531181654e-03 2.794770860348834082e-03
9.349111881462609119e+01 6.151352991697491175e-03 8.827599247910614122e-03 5.738173724307554097e-03 2.813682005611983609e-03
9.316856136742119077e+01 6.188769370973543765e-03 8.873179463140517392e-03 5.773656250486729723e-03 2.832697380579035640e-03
9.284711678856214689e+01 6.226393360715743071e-03 8.918990913949603402e-03 5.809340915194158815e-03 2.851815110702892765e-03
9.252678123849730696e+01 6.264225966874426878e-03 8.965035328274235590e-03 5.845228740305272001e-03 2.871033329636187102e-03
9.220755089092214973e+01 6.302268204981857636e-03 9.011314440018418706e-03 5.881320755487961030e-03 2.890350182704390109e-03
9.188942193273345538e+01 6.340521100198621973e-03 9.057829988762599455e-03 5.917617998244729081e-03 2.909763830217492516e-03
9.157239056398360333e+01 6.378985687358795960e-03 9.104583719559191171e-03 5.954121513954452501e-03 2.929272451375000003e-03
9.125645299783521125e+01 6.417663011013901263e-03 9.151577382120823848e-03 5.990832355913694104e-03 2.948874248879147526e-03
9.094160546051649874e+01 6.456554125475517762e-03 9.198812730757864597e-03 6.027751585377492602e-03 2.968567450628742301e-03
9.062784419127528679e+01 6.495660094827214112e-03 9.246291524063266973e-03 6.064880271599842367e-03 2.988350313555261477e-03
9.031516544233453203e+01 6.534981992966233146e-03 9.294015524559204322e-03 6.102219491873464574e-03 3.008221126558901972e-03
9.000356547884777569e+01 6.574520903665409359e-03 9.341986498357881044e-03 6.139770331569064862e-03 3.028178213415076703e-03
8.969304057885423731e+01 6.614277920598022296e-03 9.390206214835324777e-03 6.177533884174023736e-03 3.048219935657356296e-03
8.938358703323429211e+01 6.654254147369697246e-03 9.438676446316933075e-03 6.215511251330450328e-03 3.068344695405032362e-03
8.907520114566524683e+01 6.694450697549150613e-03 9.487398967773815264e-03 6.253703542872541404e-03 3.088550938106147253e-03
8.876787923257766977e+01 6.734868694697767819e-03 9.536375556528874781e-03 6.292111876863169286e-03 3.108837155169943446e-03
8.846161762311051291e+01 6.775509272398224508e-03 9.585607991972208697e-03 6.330737379629920725e-03 3.129201886466459557e-03
8.815641265906778301e+01 6.816373574281785891e-03 9.635098055284585863e-03 6.369581185800174752e-03 3.149643722674681963e-03
8.785226069487490008e+01 6.857462754054502799e-03 9.684847529168687935e-03 6.408644438335425048e-03 3.170161307465402863e-03
8.754915809753509848e+01 6.898777975522291453e-03 9.734858197587629297e-03 6.447928288564789591e-03 3.190753339509579470e-03
8.724710124658565746e+01 6.940320412614860504e-03 9.785131845510266699e-03 6.487433896217650355e-03 3.211418574308050073e-03
8.694608653405522602e+01 6.982091249408380398e-03 9.835670258662897875e-03 6.527162429455283382e-03 3.232155825843820857e-03
8.664611036442045133e+01 7.024091680147100634e-03 9.886475223287416805e-03 6.567115064901636254e-03 3.252963968310497531e-03
8.634716915456289144e+01 7.066322909263801286e-03 9.937548525905656738e-03 6.607292987710016927e-03 3.273841939469074574e-03
8.604925933372635427e+01 7.108786151399064911e-03 9.988891953089997292e-03 6.647697391606492180e-03 3.294788740703529645e-03
8.575237734347442142e+01 7.151482631419407883e-03 1.004050729124033974e-02 6.688329478856913993e-03 3.315803438822650506e-03
8.545651963764778714e+01 7.194413584434338794e-03 1.009239632636781299e-02 6.729190460339097915e-03 3.336885167415025357e-03
8.516168268232161154e+01 7.237580255812346534e-03 1.014456084388551393e-02 6.770281555572976034e-03 3.358033127971706867e-03
8.486786295576386863e+01 7.280983901195664521e-03 1.019700262840659080e-02 6.811603992750389115e-03 3.379246590991110896e-03
8.457505694839299792e+01 7.324625786514111191e-03 1.024972346355050752e-02 6.853159008765144153e-03 3.400524897038974606e-03
8.428326116273582613e+01 7.368507187997859302e-03 1.030272513175803026e-02 6.894947849243198562e-03 3.421867457738073017e-03
8.399247211338594354e+01 7.412629392189150519e-03 1.035600941411567513e-02 6.936971768572888601e-03 3.443273756664918823e-03
8.370268632696222255e+01 7.456993695953019474e-03 1.040957809019055560e-02 6.979232029935187286e-03 3.464743350133554691e-03
8.341390034206722248e+01 7.501601406487120108e-03 1.046343293787668424e-02 7.021729905333996130e-03 3.486275867849848459e-03
8.312611070924556600e+01 7.546453841330628270e-03 1.051757573325378531e-02 7.064466675626393521e-03 3.507871013423241764e-03
8.283931399094316816e+01 7.591552328372165939e-03 1.057200825048426086e-02 7.107443630552673190e-03 3.529528564726822255e-03
8.255350676146606759e+01 7.636898205856966493e-03 1.062673226204249866e-02 7.150662068766331508e-03 3.551248374100976230e-03
8.226868560693918653e+01 7.682492822393239412e-03 1.068174953796398492e-02 7.194123297863837946e-03 3.573030368400233539e-03
8.198484712526587259e+01 7.728337536957706651e-03 1.073706184593060595e-02 7.237828634414120166e-03 3.594874548887659789e-03
8.170198792608728411e+01 7.774433718900417359e-03 1.079267095128878112e-02 7.281779403987743808e-03 3.616780991595364841e-03
8.142010463074178972e+01 7.820782747952548936e-03 1.084857861692347866e-02 7.325976941185800839e-03 3.638749848690693827e-03
8.113919387222441060e+01 7.867386014272455264e-03 1.090478660314848740e-02 7.370422589668414529e-03 3.660781346578965718e-03
8.085925229514704426e+01 7.914244918381108107e-03 1.096129666761155863e-02 7.415117702182698854e-03 3.682875786370492979e-03
8.058027655569809156e+01 7.961360871186420538e-03 1.101811056521331475e-02 7.460063640590345810e-03 3.705033543454985812e-03
8.030226332160249569e+01 8.008735293997740548e-03 1.107523004803866000e-02 7.505261775894655867e-03 3.727255067020392772e-03
8.002520927208195189e+01 8.056369618525119000e-03 1.113265686529949644e-02 7.550713488266950005e-03 3.749540879568091529e-03
7.974911109781548646e+01 8.104265286878607061e-03 1.119039276328778233e-02 7.596420167072341634e-03 3.771891576400959387e-03
7.947396550089975165e+01 8.152423751567629967e-03 1.124843948533809333e-02 7.642383210894893551e-03 3.794307825062685942e-03
7.919976919480937738e+01 8.200846475500343444e-03 1.130679877179871159e-02 7.688604027562048054e-03 3.816790364708869468e-03
7.892651890435820405e+01 8.249534931982802771e-03 1.136547236001042398e-02 7.735084034168188821e-03 3.839340005392963967e-03
7.865421136565993265e+01 8.298490604718145730e-03 1.142446198429253670e-02 7.781824657097489821e-03 3.861957627253187388e-03
7.838284332608897387e+01 8.347714987805654116e-03 1.148376937593545942e-02 7.828827332045876913e-03 3.884644179589552895e-03
7.811241154424172350e+01 8.397209585739586271e-03 1.154339626319923762e-02 7.876093504042041421e-03 3.907400679823686170e-03
7.784291278989807950e+01 8.446975913407818795e-03 1.160334437131781138e-02 7.923624627550305763e-03 3.930228212337904224e-03
7.757434384398260363e+01 8.497015496090354683e-03 1.166361542250863442e-02 7.971422166476935245e-03 3.953127927193959487e-03
7.730670149852591067e+01 8.547329869457559112e-03 1.172421113598752160e-02 8.019487594102840330e-03 3.976101038736046603e-03
7.703998255662679639e+01 8.597920579568074304e-03 1.178513322798839698e-02 8.067822393173381540e-03 3.999148824359136621e-03
7.677418383241376887e+01 8.648789182866533157e-03 1.184638341178822704e-02 8.116428055920662382e-03 4.022272624925829314e-03
7.650930215100696330e+01 8.699937246180979716e-03 1.190796339773706435e-02 8.165306084086424235e-03 4.045473841750139160e-03
7.624533434848021329e+01 8.751366346719920142e-03 1.196987489329336130e-02 8.214457988945440825e-03 4.068753935631343709e-03
7.598227727182356261e+01 8.803078072069047549e-03 1.203211960306484890e-02 8.263885291329433128e-03 4.092114425418660363e-03
7.572012777890530799e+01 8.855074020187687564e-03 1.209469922885545064e-02 8.313589521651494271e-03 4.115556886392146563e-03
7.545888273843439720e+01 8.907355799404898661e-03 1.215761546971864601e-02 8.363572219930897819e-03 4.139082948676464299e-03
7.519853902992332451e+01 8.959925028415097192e-03 1.222087002201766720e-02 8.413834935818150645e-03 4.162694295666468508e-03
7.493909354365071351e+01 9.012783336273455168e-03 1.228446457949346898e-02 8.464379228620423981e-03 4.186392662445359569e-03
7.468054318062407049e+01 9.065932362390907717e-03 1.234840083334109821e-02 8.515206667327187423e-03 4.210179834177767318e-03
7.442288485254275088e+01 9.119373756528745961e-03 1.241268047229520007e-02 8.566318830635985190e-03 4.234057644462422935e-03
7.416611548176156532e+01 9.173109178792772725e-03 1.247730518307810406e-02 8.617717306978205441e-03 4.258027973631501109e-03
7.391023200125327719e+01 9.227140299627362846e-03 1.254227665037028171e-02 8.669403694545168779e-03 4.282092746986624829e-03
7.365523135457236492e+01 9.281468799808869491e-03 1.260759655632597356e-02 8.721379601313937469e-03 4.306253932964134237e-03
7.340111049581858538e+01 9.336096370438804956e-03 1.267326658116375328e-02 8.773646645073138531e-03 4.330513541225814410e-03
7.314786638960053722e+01 9.391024712936662383e-03 1.273928840324568997e-02 8.826206453448687955e-03 4.354873620674516548e-03
7.289549601099915321e+01 9.446255539032465121e-03 1.280566369916573237e-02 8.879060663929336239e-03 4.379336257397743910e-03
7.264399634553171836e+01 9.501790570758904958e-03 1.287239414385043211e-02 8.932210923891919022e-03 4.403903572546000872e-03
7.239336438911628591e+01 9.557631540515743734e-03 1.293948141067063212e-02 8.985658890626215672e-03 4.428577720902585405e-03
7.214359714803505597e+01 9.613780191093174859e-03 1.300692717156334485e-02 9.039406231359717672e-03 4.453360890140404919e-03
7.189469163889899050e+01 9.670238275496866043e-03 1.307473309716193806e-02 9.093454623281699636e-03 4.478255297092800444e-03
7.164664488861232883e+01 9.727007557048092737e-03 1.314290085693397073e-02 9.147805753566901760e-03 4.503263186569263915e-03
7.139945393433688992e+01 9.784089809378272024e-03 1.321143211932560360e-02 9.202461319398709191e-03 4.528386829257007376e-03
7.115311582345648844e+01 9.841486816422060149e-03 1.328032855191158337e-02 9.257423027991748543e-03 4.553628519660363021e-03
7.090762761354211818e+01 9.899200372411275789e-03 1.334959182154974583e-02 9.312692596613712445e-03 4.578990574106467891e-03
7.066298637231653856e+01 9.957232281869938736e-03 1.341922359453952794e-02 9.368271752606580419e-03 4.604475328799140926e-03
7.041918917761911700e+01 1.001558435961011004e-02 1.348922553678364063e-02 9.424162233407067796e-03 4.630085137904116875e-03
7.017623311737112601e+01 1.007425843072852142e-02 1.355959931395213890e-02 9.480365786566181258e-03 4.655822371650544106e-03
6.993411528954105449e+01 1.013325633060392812e-02 1.363034659164847132e-02 9.536884169775199788e-03 4.681689414435682116e-03
6.969283280210976272e+01 1.019257990489522148e-02 1.370146903557702307e-02 9.593719151060730449e-03 4.707688662921890796e-03
6.945238277303582208e+01 1.025223100954019730e-02 1.377296831171179181e-02 9.650872508626577931e-03 4.733822524117437328e-03
6.921276233022143742e+01 1.031221151075474574e-02 1.384484608646559256e-02 9.708346030874283675e-03 4.760093413435175815e-03
6.897396861147792890e+01 1.037252328503271426e-02 1.391710402686004155e-02 9.766141516483015095e-03 4.786503752726212202e-03
6.873599876449146961e+01 1.043316821914622161e-02 1.398974380069583148e-02 9.824260774431992083e-03 4.813055968288429583e-03
6.849884994678912165e+01 1.049414821014633264e-02 1.406276707672331379e-02 9.882705624023793017e-03 4.839752488852991190e-03
6.826251932570495740e+01 1.055546516536409046e-02 1.413617552481341924e-02 9.941477894908536811e-03 4.866595743555165825e-03
6.802700407834619512e+01 1.061712100241194411e-02 1.420997081612914575e-02 1.000057942710893058e-02 4.893588160251933182e-03
6.779230139155922075e+01 1.067911764918544337e-02 1.428415462329771755e-02 1.006001207104606672e-02 4.920732165373552236e-03
6.755840846189634874e+01 1.074145704386506202e-02 1.435872862058356833e-02 1.011977768756575947e-02 4.948030180332392211e-03
6.732532249558222759e+01 1.080414113491828636e-02 1.443369448406277983e-02 1.017987814796563611e-02 4.975484620406982368e-03
6.709304070848028800e+01 1.086717188110189296e-02 1.450905389179930026e-02 1.024031533402272945e-02 5.003097893045616376e-03
6.686156032605960320e+01 1.093055125146421593e-02 1.458480852402341613e-02 1.030109113802150748e-02 5.030872396107239491e-03
6.663087858336190550e+01 1.099428122534749745e-02 1.466096006331311756e-02 1.036220746278229340e-02 5.058810516208754951e-03
6.640099272496841820e+01 1.105836379239033378e-02 1.473751019483967271e-02 1.042366622169010361e-02 5.086914627161608776e-03
6.617190000496674429e+01 1.112280095253011421e-02 1.481446060739449559e-02 1.048546933872375811e-02 5.115187088481568632e-03
6.594359768691847989e+01 1.118759471600527106e-02 1.489181299233123534e-02 1.054761874848507940e-02 5.143630243957011440e-03
6.571608304382628774e+01 1.125274710335761631e-02 1.496956904404688621e-02 1.061011639622836192e-02 5.172246420262884524e-03
6.548935335810125480e+01 1.131826014543452739e-02 1.504773046042602418e-02 1.067296423788989708e-02 5.201037925609111427e-03
6.526340592153053421e+01 1.138413588339096637e-02 1.512629894300079013e-02 1.073616424011746354e-02 5.230007048414325559e-03
6.503823803524507241e+01 1.145037636869130314e-02 1.520527619712022487e-02 1.079971838029974464e-02 5.259156055998098593e-03
6.481384700968735046e+01 1.151698366311104671e-02 1.528466393212772265e-02 1.086362864659568689e-02 5.288487193287143805e-03
6.459023016457898336e+01 1.158395983873836479e-02 1.536446386154542189e-02 1.092789703796369707e-02 5.318002681533537564e-03
6.436738482888908663e+01 1.165130697797522180e-02 1.544467770326418340e-02 1.099252556419042307e-02 5.347704717045519314e-03
6.414530834080224508e+01 1.171902717361852225e-02 1.552530717973838945e-02 1.105751624591937501e-02 5.377595469934479122e-03
6.392399804768654548e+01 1.178712252904493170e-02 1.560635401818442902e-02 1.112287111467912329e-02 5.407677082884319690e-03
6.370345130606200712e+01 1.185559515782616015e-02 1.568781995078180960e-02 1.118859221291098813e-02 5.437951670691327025e-03
6.348366548156918299e+01 1.192444718391685865e-02 1.576970671487607639e-02 1.125468159399620888e-02 5.468421320384863824e-03
6.326463794893748371e+01 1.199368074167970859e-02 1.585201605318285398e-02 1.132114132228258414e-02 5.499088088576398019e-03
6.304636609195372898e+01 1.206329797589156608e-02 1.593474971399210655e-02 1.138797347311048050e-02 5.529954001438247210e-03
6.282884730343122470e+01 1.213330104175108955e-02 1.601790945137181177e-02 1.145518013283796863e-02 5.561021053803407235e-03
6.261207898517841386e+01 1.220369210488802918e-02 1.610149702537071181e-02 1.152276339886531761e-02 5.592291208355141402e-03
6.239605854796774054e+01 1.227447334137398913e-02 1.618551420221946494e-02 1.159072537965863403e-02 5.623766394932679102e-03
6.218078341150486921e+01 1.234564693773448213e-02 1.626996275452958010e-02 1.165906819488839695e-02 5.655448509936321019e-03
6.196625100439793954e+01 1.241721509096227125e-02 1.635484446148983279e-02 1.172779397554972979e-02 5.687339415816401733e-03
6.175245876412678570e+01 1.248918000853201093e-02 1.644016110905995726e-02 1.179690486368242981e-02 5.719440940631912752e-03
6.153940413701207035e+01 1.256154390841599487e-02 1.652591449016120595e-02 1.186640301256665711e-02 5.751754877665953350e-03
6.132708457818522874e+01 1.263430901910082491e-02 1.661210640486338388e-02 1.193629058675644942e-02 5.784282985086854068e-03
6.111549755155778740e+01 1.270747757960518677e-02 1.669873866056870854e-02 1.200656976210890542e-02 5.817026985645802270e-03
6.090464052979110221e+01 1.278105183949850183e-02 1.678581307219211699e-02 1.207724272581448509e-02 5.849988566403607586e-03
6.069451099426608920e+01 1.285503405892033518e-02 1.687333146233805856e-02 1.214831167642830244e-02 5.883169378481324999e-03
6.048510643505359496e+01 1.292942650860041780e-02 1.696129566147385262e-02 1.221977882390232195e-02 5.916571036831742327e-03
6.027642435088375095e+01 1.300423146987968008e-02 1.704970750810021890e-02 1.229164638961879538e-02 5.950195120031247231e-03
6.006846224911645038e+01 1.307945123473152824e-02 1.713856884891850133e-02 1.236391660642421203e-02 5.984043170093507509e-03
5.986121764571169734e+01 1.315508810578370699e-02 1.722788153899542860e-02 1.243659171866412505e-02 6.018116692309367390e-03
5.965468806519974976e+01 1.323114439634070355e-02 1.731764744192567165e-02 1.250967398221873757e-02 6.052417155332553284e-03
5.944887104065147554e+01 1.330762243040647247e-02 1.740786842999273581e-02 1.258316566453911850e-02 6.086945992870535643e-03
5.924376411364895745e+01 1.338452454270742248e-02 1.749854638432850329e-02 1.265706904468392666e-02 6.121704602142766585e-03
5.903936483425646031e+01 1.346185307871553168e-02 1.758968319527935698e-02 1.273138641335649739e-02 6.156694344515577406e-03
5.883567076099057402e+01 1.353961039467193976e-02 1.768128076365807488e-02 1.280612007294270639e-02 6.191916545828064604e-03
5.863267946079139392e+01 1.361779885761032170e-02 1.777334099895898009e-02 1.288127233754883354e-02 6.227372496564024390e-03
5.843038850899350223e+01 1.369642084538038110e-02 1.786586582026715442e-02 1.295684553303978401e-02 6.263063452129668911e-03
5.822879548929692106e+01 1.377547874667137302e-02 1.795885715660780479e-02 1.303284199707758530e-02 6.298990633220600925e-03
5.802789799373812940e+01 1.385497496103555229e-02 1.805231694707583323e-02 1.310926407916003164e-02 6.335155226262487345e-03
5.782769362266151347e+01 1.393491189891131292e-02 1.814624714097247751e-02 1.318611414065920008e-02 6.371558383910983989e-03
5.762817998469064662e+01 1.401529198164624436e-02 1.824064969794824895e-02 1.326339455486014000e-02 6.408201225598036434e-03
5.742935469669956916e+01 1.409611764151995870e-02 1.833552658815093550e-02 1.334110770699943604e-02 6.445084838112916971e-03
5.723121538378444484e+01 1.417739132176646343e-02 1.843087979237760174e-02 1.341925599430356456e-02 6.482210276207947541e-03
5.703375967923526701e+01 1.425911547659619062e-02 1.852671130222961760e-02 1.349784182602697946e-02 6.519578563220745047e-03
5.683698522450756485e+01 1.434129257121765158e-02 1.862302312027002901e-02 1.357686762349001597e-02 6.557190691706558418e-03
5.664088966919396029e+01 1.442392508185864203e-02 1.871981726018221576e-02 1.365633582011640743e-02 6.595047624076220104e-03
5.644547067099649951e+01 1.450701549605173425e-02 1.881709574692884412e-02 1.373624886147019331e-02 6.633150293237108190e-03
5.625072589569847281e+01 1.459056631262536062e-02 1.891486061691073986e-02 1.381660920529229064e-02 6.671499603236927430e-03
5.605665301713644766e+01 1.467458004133560638e-02 1.901311391812477575e-02 1.389741932153644270e-02 6.710096429912003162e-03
5.586324971717257881e+01 1.475905920316523783e-02 1.911185771032002101e-02 1.397868169240444602e-02 6.748941621544017264e-03
5.567051368566702507e+01 1.484400633035176144e-02 1.921109406515158352e-02 1.406039881238062804e-02 6.788035999789605694e-03
5.547844262045023811e+01 1.492942396641640593e-02 1.931082506633186729e-02 1.414257318826560306e-02 6.827380362003150627e-03
5.528703422729535077e+01 1.501531466619502979e-02 1.941105280977849928e-02 1.422520733920918171e-02 6.866975480361479749e-03
5.509628621989102726e+01 1.510168099587061094e-02 1.951177940375835307e-02 1.430830379682712303e-02 6.906822103308640250e-03
5.490619631981403614e+01 1.518852553300755262e-02 1.961300696902773880e-02 1.439186510549501051e-02 6.946920956506378968e-03
5.471676225650192293e+01 1.527585086658765287e-02 1.971473763896819387e-02 1.447589382190251489e-02 6.987272743651506794e-03
5.452798176722600232e+01 1.536365959704736120e-02 1.981697355971753782e-02 1.456039251529179374e-02 7.027878147365286196e-03
5.433985259706440729e+01 1.545195433631645424e-02 1.991971689029611511e-02 1.464536376752655945e-02 7.068737830139810475e-03
5.415237249887499615e+01 1.554073770785815295e-02 2.002296980272831248e-02 1.473081017313116088e-02 7.109852435327448407e-03
5.396553923326864322e+01 1.563001234671017314e-02 2.012673448215879582e-02 1.481673433933077856e-02 7.151222588160211120e-03
5.377935056858237317e+01 1.571978089952707006e-02 2.023101312696402865e-02 1.490313888609303208e-02 7.192848896787525266e-03
5.359380428085277259e+01 1.581004602462344338e-02 2.033580794885867654e-02 1.499002644617061786e-02 7.234731953321913052e-03
5.340889815378940852e+01 1.590081039201804783e-02 2.044112117299727929e-02 1.507739966514509006e-02 7.276872334883735527e-03
5.322462997874838209e+01 1.599207668347871550e-02 2.054695503807132603e-02 1.516526120147164078e-02 7.319270604637611796e-03
5.304099755470591049e+01 1.608384759256796179e-02 2.065331179640194498e-02 1.525361372652481347e-02 7.361927312814764424e-03
5.285799868823202985e+01 1.617612582468919841e-02 2.076019371402857902e-02 1.534245992464508719e-02 7.404842997717285547e-03
5.267563119346448275e+01 1.626891409713339398e-02 2.086760307079392820e-02 1.543180249318618427e-02 7.448018186702011316e-03
5.249389289208248499e+01 1.636221513912628281e-02 2.097554216042579397e-02 1.552164414256320367e-02 7.491453397143658585e-03
5.231278161328077658e+01 1.645603169187574363e-02 2.108401329076716943e-02 1.561198759630127476e-02 7.535149137378566522e-03
5.213229519374367982e+01 1.655036650861948372e-02 2.119301878551944560e-02 1.570283559108482177e-02 7.579105907632484838e-03
5.195243147761926394e+01 1.664522235467287906e-02 2.130256098190877467e-02 1.579419087680730346e-02 7.623324200937667446e-03
5.177318831649355957e+01 1.674060200747681457e-02 2.141264223134913339e-02 1.588605621662136577e-02 7.667804504924671805e-03
5.159456356936500043e+01 1.683650825664549308e-02 2.152326489995927752e-02 1.597843438698928406e-02 7.712547303196732630e-03
5.141655510261870177e+01 1.693294390401419228e-02 2.163443136861699367e-02 1.607132817773375411e-02 7.757553075079730992e-03
5.123916079000107970e+01 1.702991176368670936e-02 2.174614403302082069e-02 1.616474039208877153e-02 7.802822297374647532e-03
5.106237851259442806e+01 1.712741466208260802e-02 2.185840530375838045e-02 1.625867384675067431e-02 7.848355445240640799e-03
5.088620615879158038e+01 1.722545543798398651e-02 2.197121760638034299e-02 1.635313137192917141e-02 7.894152993121683615e-03
5.071064162427072119e+01 1.732403694258188853e-02 2.208458338147899561e-02 1.644811581139839218e-02 7.940215415710523764e-03
5.053568281197022571e+01 1.742316203952211720e-02 2.219850508477065609e-02 1.654363002254776241e-02 7.986543188937371418e-03
5.036132763206368423e+01 1.752283360495038647e-02 2.231298518718087195e-02 1.663967687643266510e-02 8.033136790971676794e-03
5.018757400193482709e+01 1.762305452755692087e-02 2.242802617493187475e-02 1.673625925782494528e-02 8.079996703226535043e-03
5.001441984615269831e+01 1.772382770862010459e-02 2.254363054963116897e-02 1.683338006526294284e-02 8.127123411356218172e-03
4.984186309644690027e+01 1.782515606204941247e-02 2.265980082836074536e-02 1.693104221110116811e-02 8.174517406238672110e-03
4.966990169168281710e+01 1.792704251442733820e-02 2.277653954376611389e-02 1.702924862155948127e-02 8.222179184936151061e-03
4.949853357783707253e+01 1.802949000527584444e-02 2.289384924414457692e-02 1.712800223677170275e-02 8.270109251628477917e-03
4.932775670797296641e+01 1.813250148740745693e-02 2.301173249353195491e-02 1.722730601083351243e-02 8.318308118514835051e-03
4.915756904221598234e+01 1.823607992614040621e-02 2.313019187178751851e-02 1.732716291184975554e-02 8.366776306681665554e-03
4.898796854772947285e+01 1.834022829976813748e-02 2.324922997467624222e-02 1.742757592198085695e-02 8.415514346935507040e-03
4.881895319869035887e+01 1.844494959963509026e-02 2.336884941394811246e-02 1.752854803748837148e-02 8.464522780601474450e-03
4.865052097626492866e+01 1.855024683018692902e-02 2.348905281741405643e-02 1.763008226877962881e-02 8.513802160289503027e-03
4.848266986858475036e+01 1.865612300902278267e-02 2.360984282901805800e-02 1.773218164047944689e-02 8.563353050632216412e-03
4.831539787072257752e+01 1.876258116694938527e-02 2.373122210890517628e-02 1.783484919191906035e-02 8.613176028999912012e-03
4.814870298466851040e+01 1.886962434803690983e-02 2.385319333348512663e-02 1.793808797663373408e-02 8.663271686580835754e-03
4.798258321930600800e+01 1.897725560967658889e-02 2.397575919549133072e-02 1.804190106247563485e-02 8.713640630222485237e-03
4.781703659038817733e+01 1.908547802263978535e-02 2.409892240403510577e-02 1.814629153179483922e-02 8.764283481544678581e-03
4.765206112051404830e+01 1.919429467113853427e-02 2.422268568465499317e-02 1.825126248149005689e-02 8.815200878401449266e-03
4.748765483910497665e+01 1.930370865288742049e-02 2.434705177936106676e-02 1.835681702306076954e-02 8.866393475559640469e-03
4.732381578238104680e+01 1.941372307916665665e-02 2.447202344667431806e-02 1.846295828266081296e-02 8.917861945308743626e-03
4.716054199333775188e+01 1.952434107488622977e-02 2.459760346166096553e-02 1.856968940115315270e-02 8.969606978095574779e-03
4.699783152172241785e+01 1.963556577865116157e-02 2.472379461596209416e-02 1.867701353416604398e-02 9.021629283173219008e-03
4.683568242401108961e+01 1.974740034282750079e-02 2.485059971781841334e-02 1.878493385215021516e-02 9.073929589254106989e-03
4.667409276338520385e+01 1.985984793360919681e-02 2.497802159209055323e-02 1.889345354043716479e-02 9.126508645158362687e-03
4.651306060970848932e+01 1.997291173108557694e-02 2.510606308027512820e-02 1.900257579929847881e-02 9.179367220449352258e-03
4.635258403950395945e+01 2.008659492930942383e-02 2.523472704051680712e-02 1.911230384400603929e-02 9.232506106049398129e-03
4.619266113593081258e+01 2.020090073636547634e-02 2.536401634761680304e-02 1.922264090489309712e-02 9.285926114829928454e-03
4.603328998876173017e+01 2.031583237443921122e-02 2.549393389429234491e-02 1.933359022741603858e-02 9.339628082171241158e-03
4.587446869435984098e+01 2.043139307988603090e-02 2.562448259139227594e-02 1.944515507221698455e-02 9.393612866488569232e-03
4.571619535565614001e+01 2.054758610330037830e-02 2.575566536531459505e-02 1.955733871518685468e-02 9.447881349722089817e-03
4.555846808212675114e+01 2.066441470958499740e-02 2.588748515969279199e-02 1.967014444752902130e-02 9.502434437790132846e-03
4.540128498977039584e+01 2.078188217802005161e-02 2.601994493541162634e-02 1.978357557582344217e-02 9.557273061005910203e-03
4.524464420108584051e+01 2.089999180233209283e-02 2.615304767060557325e-02 1.989763542209111238e-02 9.612398174459651015e-03
4.508854384504949309e+01 2.101874689076272187e-02 2.628679636066556108e-02 2.001232732385890140e-02 9.667810758369279472e-03
4.493298205709309201e+01 2.113815076613680469e-02 2.642119401825299488e-02 2.012765463422446985e-02 9.723511818404194026e-03
4.477795697908136674e+01 2.125820676593032435e-02 2.655624367332042046e-02 2.024362072192152986e-02 9.779502385988207355e-03
4.462346675928986173e+01 2.137891824233751140e-02 2.669194837313756952e-02 2.036022897138500126e-02 9.835783518942592743e-03
4.446950955238285985e+01 2.150028856233729413e-02 2.682831118232229667e-02 2.047748278281624756e-02 9.892356302741184271e-03
4.431608351939128454e+01 2.162232110775906199e-02 2.696533518287541273e-02 2.059538557224818711e-02 9.949221849315426427e-03
4.416318682769075110e+01 2.174501927534738463e-02 2.710302347421872024e-02 2.071394077161028274e-02 1.000638129805295033e-02
4.401081765097975307e+01 2.186838647682582196e-02 2.724137917323531458e-02 2.083315182879320188e-02 1.006383581603289938e-02
4.385897416925770642e+01 2.199242613895969686e-02 2.738040541431179323e-02 2.095302220771329271e-02 1.012158659819812484e-02
4.370765456880332067e+01 2.211714170361759810e-02 2.752010534938130124e-02 2.107355538837655737e-02 1.017963486754789801e-02
4.355685704215287757e+01 2.224253662783165150e-02 2.766048214796697213e-02 2.119475486694217398e-02 1.023798187534216003e-02
4.340657978807867323e+01 2.236861438385641387e-02 2.780153899722514338e-02 2.131662415578549838e-02 1.029662890130891677e-02
4.325682101156748871e+01 2.249537845922635476e-02 2.794327910198768014e-02 2.143916678356039621e-02 1.035557725384726908e-02
4.310757892379913869e+01 2.262283235723283950e-02 2.808570568480298763e-02 2.156238629526093312e-02 1.041482827021938257e-02
4.295885174212516233e+01 2.275097959717433532e-02 2.822882198597502501e-02 2.168628625228215256e-02 1.047438331672563908e-02
4.281063769004744302e+01 2.287982371339211327e-02 2.837263126360018220e-02 2.181087023248019091e-02 1.053424378885824825e-02
4.266293499719704130e+01 2.300936825593290908e-02 2.851713679360118325e-02 2.193614183023127884e-02 1.059441111142940539e-02
4.251574189931304204e+01 2.313961679062837007e-02 2.866234186975798529e-02 2.206210465648980601e-02 1.065488673867140412e-02
4.236905663822146551e+01 2.327057289916184546e-02 2.880824980373513158e-02 2.218876233884527899e-02 1.071567215430690827e-02
4.222287746181428503e+01 2.340224017913735896e-02 2.895486392510541324e-02 2.231611852165661658e-02 1.077676887158897021e-02
4.207720262402852995e+01 2.353462224415035081e-02 2.910218758136934314e-02 2.244417686671106374e-02 1.083817843331121022e-02
4.193203038482533174e+01 2.366772272386052228e-02 2.925022413797062973e-02 2.257294105237243886e-02 1.089990241179008765e-02
4.178735901016922583e+01 2.380154526406612001e-02 2.939897697830705023e-02 2.270241477389368587e-02 1.096194240882194387e-02
4.164318677200741803e+01 2.393609352677993074e-02 2.954844950373691076e-02 2.283260174360967135e-02 1.102430005561904486e-02
4.149951194824912193e+01 2.407137119030675412e-02 2.969864513358086086e-02 2.296350569100124792e-02 1.108697701272979598e-02
4.135633282274502420e+01 2.420738194932218340e-02 2.984956730511912140e-02 2.309513036276084411e-02 1.114997496994958766e-02
4.121364768526672862e+01 2.434412951495264904e-02 3.000121947358411895e-02 2.322747952285958775e-02 1.121329564683019690e-02
4.107145483148644161e+01 2.448161761485651011e-02 3.015360511214844677e-02 2.336055695261572349e-02 1.127694079278460278e-02
4.092975256295647313e+01 2.461984999330626284e-02 3.030672771190860010e-02 2.349436645076453944e-02 1.134091218603869473e-02
4.078853918708904303e+01 2.475883041127149159e-02 3.046059078186426350e-02 2.362891183352936950e-02 1.140521163416471744e-02
4.064781301713600925e+01 2.489856264650264217e-02 3.061519784889355639e-02 2.376419693469386182e-02 1.146984097386698903e-02
4.050757237216878082e+01 2.503905049361542651e-02 3.077055245772444825e-02 2.390022560567529181e-02 1.153480207078841011e-02
4.036781557705816681e+01 2.518029776417572696e-02 3.092665817297480385e-02 2.403700171559894697e-02 1.160009681933801828e-02
4.022854096245446698e+01 2.532230828678484411e-02 3.108351857824389122e-02 2.417452915137332375e-02 1.166572714253193838e-02
4.008974686476742022e+01 2.546508590716520248e-02 3.124113727373357269e-02 2.431281181776638600e-02 1.173169499184087937e-02
3.995143162614639465e+01 2.560863448824604247e-02 3.139951787809608375e-02 2.445185363748239582e-02 1.179800234703776672e-02
3.981359359446058477e+01 2.575295791024918152e-02 3.155866402840080964e-02 2.459165855123957717e-02 1.186465121604022774e-02
3.967623112327925838e+01 2.589806007077482750e-02 3.171857938011050232e-02 2.473223051784833454e-02 1.193164363474315606e-02
3.953934257185210299e+01 2.604394488488704501e-02 3.187926760706685791e-02 2.487357351429005103e-02 1.199898166683763950e-02
3.940292630508961480e+01 2.619061628519905524e-02 3.204073240148475055e-02 2.501569153579635829e-02 1.206666740361326227e-02
3.926698069354361564e+01 2.633807822195797718e-02 3.220297747395386989e-02 2.515858859592871172e-02 1.213470296374172773e-02
3.913150411338771306e+01 2.648633466312923929e-02 3.236600655344756133e-02 2.530226872665844104e-02 1.220309049304083883e-02
3.899649494639794511e+01 2.663538959448011681e-02 3.252982338733736295e-02 2.544673597844686677e-02 1.227183216421849979e-02
3.886195157993346783e+01 2.678524701966267588e-02 3.269443174141296177e-02 2.559199442032565608e-02 1.234093017659769476e-02
3.872787240691725685e+01 2.693591096029578774e-02 3.285983539990663255e-02 2.573804813997723762e-02 1.241038675582415741e-02
3.859425582581692282e+01 2.708738545604614037e-02 3.302603816552131949e-02 2.588490124381522331e-02 1.248020415355956432e-02
3.846110024062563326e+01 2.723967456470813980e-02 3.319304385946179187e-02 2.603255785706466360e-02 1.255038464716391224e-02
3.832840406084295637e+01 2.739278236228274641e-02 3.336085632146819357e-02 2.618102212384233393e-02 1.262093053937203731e-02
3.819616570145591794e+01 2.754671294305481230e-02 3.352947940985120251e-02 2.633029820723658404e-02 1.269184415796978209e-02
3.806438358292006541e+01 2.770147041966910736e-02 3.369891700152818914e-02 2.648039028938698608e-02 1.276312785553544195e-02
3.793305613114060293e+01 2.785705892320476662e-02 3.386917299205990245e-02 2.663130257156353514e-02 1.283478400996410258e-02
3.780218177745356201e+01 2.801348260324814168e-02 3.404025129568696156e-02 2.678303927424541958e-02 1.290681502316050853e-02
3.767175895860709289e+01 2.817074562796387238e-02 3.421215584536574372e-02 2.693560463719923276e-02 1.297922332099151962e-02
3.754178611674280575e+01 2.832885218416408488e-02 3.438489059280288446e-02 2.708900291955645620e-02 1.305201135311024815e-02
3.741226169937712598e+01 2.848780647737574750e-02 3.455845950848841774e-02 2.724323839989046050e-02 1.312518159254572221e-02
3.728318415938274200e+01 2.864761273263505270e-02 3.473286658172652225e-02 2.739831537629249664e-02 1.319873653532244694e-02
3.715455195497018792e+01 2.880827519448383306e-02 3.490811582066392915e-02 2.755423816644691701e-02 1.327267870010304454e-02
3.702636354966934107e+01 2.896979812583562117e-02 3.508421125231529769e-02 2.771101110770548409e-02 1.334701062784756850e-02
3.689861741231116099e+01 2.913218580885516829e-02 3.526115692258544737e-02 2.786863855716058963e-02 1.342173488148369447e-02
3.677131201700930774e+01 2.929544254503960860e-02 3.543895689628805135e-02 2.802712489171745730e-02 1.349685404558274501e-02
3.664444584314203013e+01 2.945957265529679930e-02 3.561761525716037463e-02 2.818647450816503391e-02 1.357237072603706060e-02
3.651801737533387637e+01 2.962458048002615529e-02 3.579713610787417510e-02 2.834669182324583980e-02 1.364828754973515697e-02
3.639202510343766761e+01 2.979047037920127400e-02 3.597752357004228851e-02 2.850778127395206529e-02 1.372460716423160206e-02
3.626646752251644301e+01 2.995724673245466624e-02 3.615878178422071709e-02 2.866974731827317407e-02 1.380133223740948392e-02
3.614134313282549726e+01 3.012491393916431545e-02 3.634091490990636053e-02 2.883259443387791235e-02 1.387846545713407494e-02
3.601665043979443226e+01 3.029347641854189185e-02 3.652392712553011178e-02 2.899632711877226515e-02 1.395600953089711459e-02
3.589238795400935800e+01 3.046293860972252784e-02 3.670782262844521360e-02 2.916094989146893190e-02 1.403396718545186529e-02
3.576855419119505086e+01 3.063330497185622753e-02 3.689260563491121581e-02 2.932646729106565264e-02 1.411234116644013818e-02
3.564514767219724689e+01 3.080457998420040033e-02 3.707828038007320720e-02 2.949288387732501571e-02 1.419113423801294897e-02
3.552216692296496348e+01 3.097676814621372690e-02 3.726485111793646776e-02 2.966020423075588219e-02 1.427034918244769399e-02
3.539961047453291343e+01 3.114987397765105887e-02 3.745232212133687427e-02 2.982843295269635778e-02 1.434998879976531923e-02
3.527747686300394747e+01 3.132390201865929702e-02 3.764069768307202329e-02 2.999757466539814885e-02 1.443005590735185056e-02
3.515576462953153225e+01 3.149885682987414032e-02 3.782998211813907996e-02 3.016763401211228213e-02 1.451055333958955161e-02
3.503447232030242020e+01 3.167474299251740733e-02 3.802017975826697121e-02 3.033861565717600739e-02 1.459148394750359873e-02
3.491359848651917019e+01 3.185156510849516259e-02 3.821129495449101382e-02 3.051052428610109835e-02 1.467285059877166710e-02
3.479314168438292398e+01 3.202932780049611017e-02 3.840333207738231419e-02 3.068336460566301743e-02 1.475465617735998922e-02
3.467310047507611159e+01 3.220803571209036181e-02 3.859629551702974115e-02 3.085714134399127756e-02 1.483690358264488744e-02
3.455347342474530592e+01 3.238769350782848971e-02 3.879018968303257764e-02 3.103185925066069203e-02 1.491959572952160189e-02
3.443425910448404181e+01 3.256830587334060001e-02 3.898501900450238034e-02 3.120752309678354389e-02 1.500273554797797171e-02
3.431545609031582700e+01 3.274987751543527448e-02 3.918078793007368638e-02 3.138413767510243868e-02 1.508632598269774375e-02
3.419706296317706062e+01 3.293241316219858855e-02 3.937750092792279694e-02 3.156170780008411836e-02 1.517036999269367505e-02
3.407907830890011525e+01 3.311591756309261586e-02 3.957516248579346502e-02 3.174023830801366713e-02 1.525487055096444444e-02
3.396150071819642591e+01 3.330039548905355806e-02 3.977377711102907804e-02 3.191973405708943556e-02 1.533983064417013091e-02
3.384432878663969291e+01 3.348585173258941672e-02 3.997334933061046092e-02 3.210019992751837054e-02 1.542525327232155408e-02
3.372756111464906326e+01 3.367229110787692964e-02 4.017388369119863356e-02 3.228164082161184834e-02 1.551114144847925112e-02
3.361119630747243292e+01 3.385971845085779947e-02 4.037538475918162756e-02 3.246406166388177139e-02 1.559749819845867962e-02
3.349523297516983433e+01 3.404813861933379121e-02 4.057785712072479317e-02 3.264746740113685236e-02 1.568432656053861743e-02
3.337966973259673154e+01 3.423755649306121224e-02 4.078130538182416637e-02 3.283186300257932844e-02 1.577162958517074401e-02
3.326450519938754979e+01 3.442797697384378935e-02 4.098573416836171629e-02 3.301725345990146054e-02 1.585941033468863184e-02
3.314973799993917680e+01 3.461940498562458141e-02 4.119114812616228583e-02 3.320364378738229622e-02 1.594767188301544902e-02
3.303536676339451361e+01 3.481184547457639306e-02 4.139755192105140646e-02 3.339103902198424512e-02 1.603641731537007453e-02
3.292139012362609662e+01 3.500530340919064815e-02 4.160495023891355032e-02 3.357944422344958518e-02 1.612564972797224730e-02
3.280780671921984748e+01 3.519978378036458383e-02 4.181334778575003519e-02 3.376886447439664957e-02 1.621537222774786097e-02
3.269461519345869505e+01 3.539529160148695980e-02 4.202274928773641616e-02 3.395930488041597195e-02 1.630558793203646870e-02
3.258181419430646031e+01 3.559183190852156786e-02 4.223315949127850327e-02 3.415077057016575879e-02 1.639629996830350295e-02
3.246940237439167731e+01 3.578940976008890273e-02 4.244458316306662371e-02 3.434326669546713950e-02 1.648751147386061031e-02
3.235737839099150648e+01 3.598803023754577890e-02 4.265702509012789939e-02 3.453679843139880606e-02 1.657922559559812242e-02
3.224574090601566212e+01 3.618769844506263683e-02 4.287049007987579763e-02 3.473137097639103499e-02 1.667144548973436419e-02
3.213448858599047497e+01 3.638841950969858019e-02 4.308498296015683682e-02 3.492698955231914038e-02 1.676417432158725657e-02
3.202362010204297604e+01 3.659019858197434111e-02 4.330050857929378105e-02 3.512365940459594160e-02 1.685741526544100310e-02
3.191313412988494846e+01 3.679304083704083850e-02 4.351707180612544856e-02 3.532138580226373836e-02 1.695117150450813764e-02
3.180302934979717477e+01 3.699695147221311597e-02 4.373467753004240538e-02 3.552017403808506446e-02 1.704544623018417610e-02
3.169330444661364510e+01 3.720193570820522905e-02 4.395333066101829445e-02 3.572002942863263669e-02 1.714024264221527399e-02
3.158395810970587192e+01 3.740799878934665534e-02 4.417303612963702913e-02 3.592095731437813105e-02 1.723556394846192594e-02
3.147498903296721551e+01 3.761514598366948181e-02 4.439379888711501854e-02 3.612296305977989730e-02 1.733141336463323370e-02
3.136639591479724842e+01 3.782338258299818706e-02 4.461562390531875755e-02 3.632605205336941756e-02 1.742779411405312798e-02
3.125817745808632964e+01 3.803271390304156785e-02 4.483851617677717116e-02 3.653022970783639800e-02 1.752470942745323890e-02
3.115033237019995127e+01 3.824314528348713577e-02 4.506248071468922645e-02 3.673550146011266698e-02 1.762216254278758595e-02
3.104285936296340154e+01 3.845468208809734584e-02 4.528752255292611828e-02 3.694187277164070332e-02 1.772015670506445900e-02
3.093575715264636372e+01 3.866732970480792758e-02 4.551364674602825094e-02 3.714934912964049096e-02 1.781869516619192378e-02
3.082902445994755070e+01 3.888109354582794386e-02 4.574085836919709880e-02 3.735793604520604161e-02 1.791778118483342355e-02
3.072266000997944602e+01 3.909597904774167465e-02 4.596916251828187666e-02 3.756763905400661158e-02 1.801741802627081224e-02
3.061666253225310541e+01 3.931199167161184699e-02 4.619856431258758528e-02 3.777846371662527819e-02 1.811760896227254669e-02
3.051103076066290498e+01 3.952913690308458572e-02 4.642906889433100204e-02 3.799041561865199035e-02 1.821835727096557042e-02
3.040576343347148836e+01 3.974742025249551614e-02 4.666068142430316451e-02 3.820350037077811789e-02 1.831966623670966757e-02
3.030085929329466410e+01 3.996684725497701846e-02 4.689340708486809672e-02 3.841772360889281202e-02 1.842153914997395059e-02
3.019631708708638840e+01 4.018742347056661335e-02 4.712725107997615959e-02 3.863309099418102410e-02 1.852397930721565861e-02
3.009213556612380103e+01 4.040915448431624951e-02 4.736221863517530578e-02 3.884960821322305108e-02 1.862699001076196376e-02
2.998831348599230751e+01 4.063204590640239616e-02 4.759831499763283319e-02 3.906728097809560735e-02 1.873057456869616985e-02
2.988484960657075007e+01 4.085610337223669758e-02 4.783554543616642257e-02 3.928611502647413184e-02 1.883473629475019770e-02
2.978174269201651825e+01 4.108133254257739092e-02 4.807391524128430682e-02 3.950611612173678816e-02 1.893947850820609097e-02
2.967899151075085840e+01 4.130773910364086976e-02 4.831342972523305912e-02 3.972729005306930433e-02 1.904480453380935981e-02
2.957659483544412282e+01 4.153532876721367090e-02 4.855409422205290981e-02 3.994964263557129053e-02 1.915071770169816598e-02
2.947455144300112906e+01 4.176410727076456525e-02 4.879591408763958582e-02 4.017317971036347274e-02 1.925722134735248156e-02
2.937286011454652268e+01 4.199408037755668344e-02 4.903889469981194404e-02 4.039790714469611299e-02 1.936431881156810281e-02
2.927151963541030355e+01 4.222525387675937075e-02 4.928304145838474648e-02 4.062383083205816509e-02 1.947201344046237126e-02
2.917052879511318153e+01 4.245763358356012540e-02 4.952835978524603583e-02 4.085095669228759607e-02 1.958030858540555502e-02
2.906988638735221997e+01 4.269122533927583590e-02 4.977485512443823729e-02 4.107929067168222120e-02 1.968920760273501144e-02
2.896959120998640103e+01 4.292603501146362299e-02 5.002253294224223018e-02 4.130883874311146176e-02 1.979871385403427289e-02
2.886964206502225139e+01 4.316206849403107781e-02 5.027139872726422293e-02 4.153960690612858858e-02 1.990883070611392663e-02
2.877003775859954260e+01 4.339933170734570911e-02 5.052145799052425862e-02 4.177160118708370118e-02 2.001956153093516558e-02
2.867077710097702337e+01 4.363783059834348138e-02 5.077271626554623329e-02 4.200482763923707452e-02 2.013090970556327686e-02
2.857185890651825488e+01 4.387757114063627062e-02 5.102517910844826809e-02 4.223929234287288753e-02 2.024287861214608270e-02
2.847328199367737156e+01 4.411855933461832774e-02 5.127885209803365735e-02 4.247500140541350666e-02 2.035547163791305569e-02
2.837504518498501582e+01 4.436080120757130568e-02 5.153374083588105337e-02 4.271196096153383193e-02 2.046869217519083767e-02
2.827714730703426227e+01 4.460430281376793343e-02 5.178985094643386716e-02 4.295017717327585804e-02 2.058254362143180360e-02
2.817958719046661287e+01 4.484907023457410102e-02 5.204718807708820505e-02 4.318965623016342986e-02 2.069702937925252742e-02
2.808236366995799926e+01 4.509510957854944574e-02 5.230575789827889011e-02 4.343040434931699778e-02 2.081215285647957866e-02
2.798547558420492720e+01 4.534242698154577339e-02 5.256556610356303422e-02 4.367242777556821359e-02 2.092791746620048868e-02
2.788892177591051080e+01 4.559102860680408487e-02 5.282661840970100109e-02 4.391573278157467897e-02 2.104432662681849156e-02
2.779270109177074133e+01 4.584092064504911163e-02 5.308892055673394839e-02 4.416032566793424985e-02 2.116138376210973532e-02
2.769681238246064581e+01 4.609210931458186666e-02 5.335247830805781716e-02 4.440621276329917433e-02 2.127909230128248799e-02
2.760125450262059132e+01 4.634460086136988483e-02 5.361729745049340079e-02 4.465340042448988356e-02 2.139745567903833870e-02
2.750602631084258576e+01 4.659840155913505533e-02 5.388338379435209796e-02 4.490189503660836634e-02 2.151647733563571280e-02
2.741112666965666378e+01 4.685351770943887301e-02 5.415074317349696797e-02 4.515170301315103718e-02 2.163616071695684609e-02
2.731655444551731193e+01 4.710995564176493483e-02 5.441938144539895661e-02 4.540283079612091738e-02 2.175650927457941849e-02
2.722230850878987241e+01 4.736772171454239899e-02 5.468930449118799414e-02 4.565528485613949000e-02 2.187752646585520988e-02
2.712838773373709955e+01 4.762682231620025963e-02 5.496051821569861856e-02 4.590907169255746545e-02 2.199921575399781809e-02
2.703479099850569867e+01 4.788726386194770701e-02 5.523302854751005464e-02 4.616419783356491557e-02 2.212158060818277330e-02
2.694151718511292870e+01 4.814905279558309714e-02 5.550684143898044348e-02 4.642066983630056820e-02 2.224462450366322674e-02
2.684856517943322274e+01 4.841219558968302972e-02 5.578196286627523648e-02 4.667849428696006775e-02 2.236835092190535626e-02
2.675593387118495059e+01 4.867669874570070693e-02 5.605839882938941365e-02 4.693767780090313951e-02 2.249276335074761740e-02
2.666362215391707124e+01 4.894256879406728294e-02 5.633615535216379006e-02 4.719822702275989351e-02 2.261786528458905113e-02
2.657162892499596296e+01 4.920981229429545467e-02 5.661523848229482736e-02 4.746014862653571281e-02 2.274366022436107374e-02
2.647995308559224270e+01 4.947843583508558518e-02 5.689565429362463539e-02 4.772344931571495530e-02 2.287015167723574841e-02
2.638859354066764951e+01 4.974844603443420721e-02 5.717740888809743488e-02 4.798813582336333705e-02 2.299734315740527973e-02
2.629754919896195631e+01 5.001984953974453890e-02 5.746050838860655707e-02 4.825421491222890713e-02 2.312523818612845575e-02
2.620681897297992080e+01 5.029265302793922698e-02 5.774495894288190351e-02 4.852169337484155826e-02 2.325384029181009130e-02
2.611640177897834292e+01 5.056686320557473441e-02 5.803076672368808614e-02 4.879057803382898240e-02 2.338315301010906663e-02
2.602629653695306899e+01 5.084248680895792072e-02 5.831793792886416639e-02 4.906087574380094823e-02 2.351317988406730411e-02
2.593650217062610253e+01 5.111953060426390610e-02 5.860647878137308087e-02 4.933259338855452286e-02 2.364392446425532535e-02
2.584701760743277532e+01 5.139800138765562854e-02 5.889639552936085792e-02 4.960573788193967798e-02 2.377539030893104088e-02
2.575784177850890089e+01 5.167790598540483726e-02 5.918769444622427184e-02 4.988031616840330612e-02 2.390758098420849367e-02
2.566897361867803795e+01 5.195925125401422429e-02 5.948038183068685841e-02 5.015633522309878578e-02 2.404050006423376351e-02
2.558041206643873267e+01 5.224204408034088809e-02 5.977446400688214007e-02 5.043380205199762822e-02 2.417415113136572521e-02
2.549215606395189582e+01 5.252629138172049822e-02 6.006994732444353308e-02 5.071272369200274105e-02 2.430853777635963442e-02
2.540420455702809832e+01 5.281200010609278517e-02 6.036683815860050678e-02 5.099310721106380812e-02 2.444366359855238216e-02
2.531655649511502304e+01 5.309917723212734253e-02 6.066514291027984285e-02 5.127495970829408500e-02 2.457953220604791947e-02
2.522921083128490238e+01 5.338782976935028263e-02 6.096486800621177260e-02 5.155828831408891533e-02 2.471614721590262298e-02
2.514216652222202697e+01 5.367796475827132235e-02 6.126601989904018747e-02 5.184310019024588462e-02 2.485351225431030320e-02
2.505542252821024718e+01 5.396958927051122290e-02 6.156860506743631195e-02 5.212940253008636199e-02 2.499163095678717111e-02
2.496897781312062037e+01 5.426271040892931274e-02 6.187263001621502029e-02 5.241720255857839489e-02 2.513050696835734607e-02
2.488283134439896571e+01 5.455733530775144086e-02 6.217810127645385931e-02 5.270650753246122061e-02 2.527014394374044529e-02
2.479698209305355405e+01 5.485347113269746500e-02 6.248502540561317459e-02 5.299732474037074925e-02 2.541054554754226813e-02
2.471142903364284038e+01 5.515112508110887185e-02 6.279340898765763124e-02 5.328966150296633730e-02 2.555171545445110784e-02
2.462617114426318565e+01 5.545030438207588369e-02 6.310325863317815809e-02 5.358352517305874779e-02 2.569365734944180010e-02
2.454120740653665678e+01 5.575101629656424584e-02 6.341458097951381545e-02 5.387892313573905412e-02 2.583637492799041591e-02
2.445653680559887277e+01 5.605326811754141741e-02 6.372738269087313556e-02 5.417586280850862634e-02 2.597987189630292237e-02
2.437215833008689003e+01 5.635706717010188077e-02 6.404167045845420014e-02 5.447435164140981140e-02 2.612415197156118737e-02
2.428807097212709465e+01 5.666242081159193061e-02 6.435745100056353141e-02 5.477439711715778592e-02 2.626921888219075490e-02
2.420427372732317295e+01 5.696933643173319323e-02 6.467473106273236017e-02 5.507600675127283935e-02 2.641507636815423540e-02
2.412076559474413173e+01 5.727782145274517428e-02 6.499351741783081227e-02 5.537918809221346883e-02 2.656172818116186302e-02
2.403754557691231497e+01 5.758788332946649519e-02 6.531381686617879212e-02 5.568394872151008479e-02 2.670917808386563327e-02
2.395461267979150932e+01 5.789952954947490821e-02 6.563563623565367433e-02 5.599029625389927850e-02 2.685742985108430930e-02
2.387196591277509583e+01 5.821276763320543113e-02 6.595898238179383199e-02 5.629823833745833256e-02 2.700648727009882094e-02
2.378960428867413768e+01 5.852760513406745496e-02 6.628386218789851514e-02 5.660778265374055707e-02 2.715635414069616713e-02
2.370752682370567399e+01 5.884404963855943693e-02 6.661028256512253887e-02 5.691893691791048704e-02 2.730703427535446232e-02
2.362573253748090707e+01 5.916210876638212240e-02 6.693825045256633632e-02 5.723170887887957942e-02 2.745853149944433094e-02
2.354422045299353883e+01 5.948179017054955331e-02 6.726777281736076586e-02 5.754610631944197252e-02 2.761084965144285780e-02
2.346298959660806815e+01 5.980310153749797408e-02 6.759885665474620053e-02 5.786213705641041205e-02 2.776399258315698573e-02
2.338203899804816643e+01 6.012605058719239226e-02 6.793150898814587224e-02 5.817980894075217707e-02 2.791796415995359895e-02
2.330136769038512412e+01 6.045064507323069658e-02 6.826573686923290141e-02 5.849912985772477009e-02 2.807276826099357192e-02
2.322097471002624047e+01 6.077689278294538811e-02 6.860154737799131763e-02 5.882010772701191242e-02 2.822840877946815319e-02
2.314085909670335184e+01 6.110480153750246640e-02 6.893894762277009980e-02 5.914275050285890123e-02 2.838488962283547759e-02
2.306101989346136705e+01 6.143437919199750546e-02 6.927794474033061034e-02 5.946706617420791791e-02 2.854221471305621455e-02
2.298145614664680281e+01 6.176563363555462316e-02 6.961854589588713227e-02 5.979306276483292715e-02 2.870038798682729778e-02
2.290216690589641857e+01 6.209857279395639140e-02 6.996075828314006484e-02 6.012074833347422903e-02 2.885941339581314657e-02
2.282315122412589048e+01 6.243320462778623181e-02 7.030458912448742104e-02 6.045013097397229640e-02 2.901929490687422605e-02
2.274440815751842493e+01 6.276953713070083929e-02 7.065004567688265569e-02 6.078121881540145960e-02 2.918003650229318915e-02
2.266593676551355685e+01 6.310757833128055605e-02 7.099713522520983977e-02 6.111402002220254343e-02 2.934164217999898211e-02
2.258773611079587340e+01 6.344733629314108780e-02 7.134586508182047537e-02 6.144854279431499755e-02 2.950411595379006865e-02
2.250980525928383003e+01 6.378881911504798163e-02 7.169624258893059210e-02 6.178479536730820121e-02 2.966746185355791446e-02
2.243214328011860914e+01 6.413203493103399044e-02 7.204827511868047707e-02 6.212278601251190746e-02 2.983168392551239362e-02
2.235474924565296106e+01 6.447699191051903256e-02 7.240197007320461897e-02 6.246252303714580623e-02 2.999678623241127523e-02
2.227762223144017995e+01 6.482369825843270483e-02 7.275733488471068655e-02 6.280401478444785912e-02 3.016277285379584394e-02
2.220076131622301219e+01 6.517216221533955745e-02 7.311437701556773583e-02 6.314726963380200286e-02 3.032964788623581515e-02
2.212416558192266791e+01 6.552239205756611728e-02 7.347310395840236930e-02 6.349229600086422898e-02 3.049741544358598386e-02
2.204783411362786438e+01 6.587439609733063139e-02 7.383352323620231972e-02 6.383910233768770592e-02 3.066607965725845833e-02
2.197176599958388721e+01 6.622818268287451737e-02 7.419564240242712549e-02 6.418769713284656897e-02 3.083564467651381258e-02
2.189596033118171192e+01 6.658376019859604811e-02 7.455946904112505103e-02 6.453808891155823901e-02 3.100611466877524480e-02
2.182041620294711848e+01 6.694113706518568796e-02 7.492501076705572471e-02 6.489028623580446464e-02 3.117749381996998484e-02
2.174513271252994784e+01 6.730032173976299714e-02 7.529227522581760645e-02 6.524429770445057397e-02 3.134978633402846215e-02
2.167010896069322357e+01 6.766132271601556225e-02 7.566127009398042336e-02 6.560013195336354686e-02 3.152299643248311634e-02
2.159534405130248302e+01 6.802414852433889825e-02 7.603200307922108880e-02 6.595779765613991874e-02 3.169712835650267263e-02
2.152083709131506595e+01 6.838880773197794638e-02 7.640448192046300768e-02 6.631730352650065663e-02 3.187218636641585973e-02
2.144658719076941011e+01 6.875530894316951580e-02 7.677871438801822657e-02 6.667865831367461582e-02 3.204817474188980525e-02
2.137259346277445360e+01 6.912366079928623785e-02 7.715470828373161005e-02 6.704187080436435631e-02 3.222509778213156206e-02
2.129885502349905479e+01 6.949387197898074242e-02 7.753247144112658529e-02 6.740694982327116724e-02 3.240295980609918941e-02
2.122537099216138401e+01 6.986595119833144407e-02 7.791201172555224652e-02 6.777390423322537938e-02 3.258176515271993257e-02
2.115214049101844296e+01 7.023990721098845313e-02 7.829333703433048741e-02 6.814274293531824567e-02 3.276151818111254499e-02
2.107916264535557005e+01 7.061574880832012513e-02 7.867645529690352191e-02 6.851347486903605621e-02 3.294222327081192114e-02
2.100643658347599185e+01 7.099348481956022083e-02 7.906137447498060022e-02 6.888610901239616835e-02 3.312388482199404849e-02
2.093396143669040654e+01 7.137312411195509410e-02 7.944810256268382276e-02 6.926065438208470204e-02 3.330650725569970355e-02
2.086173633930661353e+01 7.175467559091130987e-02 7.983664758669244133e-02 6.963712003359628921e-02 3.349009501405590672e-02
2.078976042861918216e+01 7.213814820014288753e-02 8.022701760638477342e-02 7.001551506137508596e-02 3.367465256049393535e-02
2.071803284489913111e+01 7.252355092181893281e-02 8.061922071397840950e-02 7.039584859895800517e-02 3.386018437996377722e-02
2.064655273138365033e+01 7.291089277671064517e-02 8.101326503466659001e-02 7.077812981911899004e-02 3.404669497914440679e-02
2.057531923426589415e+01 7.330018282433807542e-02 8.140915872675179299e-02 7.116236793401503613e-02 3.423418888665022419e-02
2.050433150268477078e+01 7.369143016311643923e-02 8.180690998177532480e-02 7.154857219533358736e-02 3.442267065323405262e-02
2.043358868871477085e+01 7.408464393050173680e-02 8.220652702464260886e-02 7.193675189444137530e-02 3.461214485198738089e-02
2.036308994735585642e+01 7.447983330313531769e-02 8.260801811374392234e-02 7.232691636253418821e-02 3.480261607853888522e-02
2.029283443652335706e+01 7.487700749698833480e-02 8.301139154107030349e-02 7.271907497078849980e-02 3.499408895125279834e-02
2.022282131703790142e+01 7.527617576750428308e-02 8.341665563232386615e-02 7.311323713051365303e-02 3.518656811142842344e-02
2.015304975261541287e+01 7.567734740974081664e-02 8.382381874702239666e-02 7.350941229330537618e-02 3.538005822350308305e-02
2.008351890985710853e+01 7.608053175851023364e-02 8.423288927859816366e-02 7.390760995120033983e-02 3.557456397526048003e-02
2.001422795823954814e+01 7.648573818851849004e-02 8.464387565449008055e-02 7.430783963683154636e-02 3.577009007804723972e-02
1.994517607010471494e+01 7.689297611450261749e-02 8.505678633622940077e-02 7.471011092358476047e-02 3.596664126700017949e-02
1.987636242065013192e+01 7.730225499136637868e-02 8.547162981951822447e-02 7.511443342575538362e-02 3.616422230128740756e-02
1.980778618791901025e+01 7.771358431431435454e-02 8.588841463430132994e-02 7.552081679870661923e-02 3.636283796436682453e-02
1.973944655279040461e+01 7.812697361898386650e-02 8.630714934482988654e-02 7.592927073902784596e-02 3.656249306426511553e-02
1.967134269896947885e+01 7.854243248157471990e-02 8.672784254971806217e-02 7.633980498469375431e-02 3.676319243388134067e-02
1.960347381297770752e+01 7.895997051897693519e-02 8.715050288199133188e-02 7.675242931522401058e-02 3.696494093128164377e-02
1.953583908414317705e+01 7.937959738889609207e-02 8.757513900943111884e-02 7.716715355184346203e-02 3.716774343795684749e-02
1.946843770459094358e+01 7.980132278997580098e-02 8.800175964135439899e-02 7.758398755764236987e-02 3.737160486030250556e-02
1.940126886923330218e+01 8.022515646191828720e-02 8.843037352034821552e-02 7.800294123773762744e-02 3.757653013076060061e-02
1.933433177576023354e+01 8.065110818560156103e-02 8.886098942249939792e-02 7.842402453943360385e-02 3.778252420729179967e-02
1.926762562462979034e+01 8.107918778319396502e-02 8.929361615986036727e-02 7.884724745238344545e-02 3.798959207353744261e-02
1.920114961905856887e+01 8.150940511826575141e-02 8.972826258053140380e-02 7.927262000875051617e-02 3.819773873898982958e-02
1.913490296501216648e+01 8.194177009667333311e-02 9.016493756875237908e-02 7.970015228336979618e-02 3.840696923916823990e-02
1.906888487119570996e+01 8.237629267002308242e-02 9.060365004500356423e-02 8.012985439390936382e-02 3.861728863579857313e-02
1.900309454904443385e+01 8.281298282935126154e-02 9.104440896611405709e-02 8.056173650103147510e-02 3.882870201699434309e-02
1.893753121271419104e+01 8.325185060754601574e-02 9.148722332537902180e-02 8.099580880855411502e-02 3.904121449743795658e-02
1.887219407907213409e+01 8.369290608006622889e-02 9.193210215268315944e-02 8.143208156361164685e-02 3.925483121856013918e-02
1.880708236768731467e+01 8.413615936507493065e-02 9.237905451463125639e-02 8.187056505681553076e-02 3.946955734871696042e-02
1.874219530082139684e+01 8.458162062357577060e-02 9.282808951468482506e-02 8.231126962241458456e-02 3.968539808336334768e-02
1.867753210341933112e+01 8.502930005955212922e-02 9.327921629330408748e-02 8.275420563845493904e-02 3.990235864522272830e-02
1.861309200310014589e+01 8.547920792010867130e-02 9.373244402809505216e-02 8.319938352693903583e-02 4.012044428445227240e-02
1.854887423014766767e+01 8.593135449561628558e-02 9.418778193396114273e-02 8.364681375398480556e-02 4.033966027880415278e-02
1.848487801750136228e+01 8.638575011985837049e-02 9.464523926325844883e-02 8.409650682998354165e-02 4.056001193378271780e-02
1.842110260074715811e+01 8.684240517018042282e-02 9.510482530595461281e-02 8.454847330975734376e-02 4.078150458279825724e-02
1.835754721810831214e+01 8.730133006764122239e-02 9.556654938979029790e-02 8.500272379271574252e-02 4.100414358731832576e-02
1.829421111043632919e+01 8.776253527716641745e-02 9.603042088044309865e-02 8.545926892301153321e-02 4.122793433701745641e-02
1.823109352120187410e+01 8.822603130770423352e-02 9.649644918169329733e-02 8.591811938969561024e-02 4.145288224992690895e-02
1.816819369648576910e+01 8.869182871238234789e-02 9.696464373559042504e-02 8.637928592687060814e-02 4.167899277258548668e-02
1.810551088496990957e+01 8.915993808866796988e-02 9.743501402262154387e-02 8.684277931384434823e-02 4.190627138019424602e-02
1.804304433792839291e+01 8.963037007852767135e-02 9.790756956187843252e-02 8.730861037528073187e-02 4.213472357677573721e-02
1.798079330921852304e+01 9.010313536859027028e-02 9.838231991122550757e-02 8.777678998135068911e-02 4.236435489534148141e-02
1.791875705527186113e+01 9.057824469031079684e-02 9.885927466746713410e-02 8.824732904788165633e-02 4.259517089806951623e-02
1.785693483508543267e+01 9.105570882013470924e-02 9.933844346651239665e-02 8.872023853650470859e-02 4.282717717649427158e-02
1.779532591021277810e+01 9.153553857966516272e-02 9.981983598354011999e-02 8.919552945480208050e-02 4.306037935171315445e-02
1.773392954475523453e+01 9.201774483582909891e-02 1.003034619331596988e-01 8.967321285645107887e-02 4.329478307461108455e-02
1.767274500535303261e+01 9.250233850104662425e-02 1.007893310695712058e-01 9.015329984136874475e-02 4.353039402610827530e-02
1.761177156117665277e+01 9.298933053339877852e-02 1.012774531867207811e-01 9.063580155585276854e-02 4.376721791743294621e-02
1.755100848391802160e+01 9.347873193679789861e-02 1.017678381184537045e-01 9.112072919272207194e-02 4.400526049031496661e-02
1.749045504778179705e+01 9.397055376115785730e-02 1.022604957386633595e-01 9.160809399257520413e-02 4.424452751438614356e-02
1.743011052947679573e+01 9.446480710256399682e-02 1.027554359614349794e-01 9.209790724719804644e-02 4.448502478980638497e-02
1.736997420820721416e+01 9.496150310344494971e-02 1.032526687411862570e-01 9.259018029208901379e-02 4.472675814800571720e-02
1.731004536566417684e+01 9.546065295274269724e-02 1.037522040728010020e-01 9.308492450980622446e-02 4.496973345100632041e-02
1.725032328601699660e+01 9.596226788608477887e-02 1.042540519917591613e-01 9.358215133065840574e-02 4.521395659154842789e-02
1.719080725590475822e+01 9.646635918595435066e-02 1.047582225742591799e-01 9.408187223285821577e-02 4.545943349322101312e-02
1.713149656442773505e+01 9.697293818186149272e-02 1.052647259373355043e-01 9.458409874267878492e-02 4.570617011059678603e-02
1.707239050313886253e+01 9.748201625051403085e-02 1.057735722389693545e-01 9.508884243461256103e-02 4.595417242936928465e-02
1.701348836603537151e+01 9.799360481598673456e-02 1.062847716781913504e-01 9.559611493153069572e-02 4.620344646648955750e-02
1.695478944955025469e+01 9.850771534989175016e-02 1.067983344951789898e-01 9.610592790484642767e-02 4.645399827030296386e-02
1.689629305254395319e+01 9.902435937154643875e-02 1.073142709713445220e-01 9.661829307467817429e-02 4.670583392068290707e-02
1.683799847629589408e+01 9.954354844814210235e-02 1.078325914294168825e-01 9.713322221001662038e-02 4.695895952916279842e-02
1.677990502449621601e+01 1.000652941949101427e-01 1.083533062335139546e-01 9.765072712889157069e-02 4.721338123906362871e-02
1.672201200323743819e+01 1.005896082752882476e-01 1.088764257892075177e-01 9.817081969854173085e-02 4.746910522561845897e-02
1.666431872100610789e+01 1.011165024010853564e-01 1.094019605435797848e-01 9.869351183558623675e-02 4.772613769609305306e-02
1.660682448867464345e+01 1.016459883326439328e-01 1.099299209901589275e-01 9.921881550619632284e-02 4.798448488990216670e-02
1.654952861949300313e+01 1.021780778790028210e-01 1.104603176680467869e-01 9.974674272627055693e-02 4.824415307872337993e-02
1.649243042908057788e+01 1.027127828980562013e-01 1.109931611542036012e-01 1.002773055616092701e-01 4.850514856660723129e-02
1.643552923541791699e+01 1.032501152967130464e-01 1.115284620687053280e-01 1.008105161280926643e-01 4.876747769008632494e-02
1.637882435883867061e+01 1.037900870310527329e-01 1.120662310748661017e-01 1.013463865918580176e-01 4.903114681828252969e-02
1.632231512202142909e+01 1.043327101064797785e-01 1.126064788793470078e-01 1.018849291694796377e-01 4.929616235301520488e-02
1.626600084998160511e+01 1.048779965778766782e-01 1.131492162322735029e-01 1.024261561281498978e-01 4.956253072891114025e-02
1.620988087006344713e+01 1.054259585497528684e-01 1.136944539273591487e-01 1.029700797858600636e-01 4.983025841351718110e-02
1.615395451193191789e+01 1.059766081763936080e-01 1.142422028020389363e-01 1.035167125115842163e-01 5.009935190741920258e-02
1.609822110756475055e+01 1.065299576620040017e-01 1.147924737376073701e-01 1.040660667254621335e-01 5.036981774436730813e-02
1.604267999124447286e+01 1.070860192608518585e-01 1.153452776593646562e-01 1.046181548989843779e-01 5.064166249141115878e-02
1.598733049955037622e+01 1.076448052774077874e-01 1.159006255367684424e-01 1.051729895551783422e-01 5.091489274904738294e-02
1.593217197135069618e+01 1.082063280664809363e-01 1.164585283835900681e-01 1.057305832687936709e-01 5.118951515138061431e-02
1.587720374779462595e+01 1.087706000333537038e-01 1.170189972580775173e-01 1.062909486664904701e-01 5.146553636630285533e-02
1.582242517230452883e+01 1.093376336342078287e-01 1.175820432631209805e-01 1.068540984270259647e-01 5.174296309569189484e-02
1.576783559056800144e+01 1.099074413809648237e-01 1.181476775464244539e-01 1.074200452814440265e-01 5.202180207563388004e-02
1.571343435053015192e+01 1.104800358348364542e-01 1.187159113006787808e-01 1.079888020132631077e-01 5.230206007667132645e-02
1.565922080238577330e+01 1.110554296071633168e-01 1.192867557637393300e-01 1.085603814586660470e-01 5.258374390405933657e-02
1.560519429857152574e+01 1.116336353610900695e-01 1.198602222188060312e-01 1.091347965066903208e-01 5.286686039490382655e-02
1.555135419375831773e+01 1.122146658117217921e-01 1.204363219946042174e-01 1.097120600994171691e-01 5.315141642002194772e-02
1.549769984484347063e+01 1.127985337262851911e-01 1.210150664655691155e-01 1.102921852321631924e-01 5.343741888606937107e-02
1.544423061094316729e+01 1.133852519242900675e-01 1.215964670520293806e-01 1.108751849536698669e-01 5.372487473419768067e-02
1.539094585338466104e+01 1.139748332776957945e-01 1.221805352203933354e-01 1.114610723662955022e-01 5.401379094015910931e-02
1.533784493569876517e+01 1.145672907110780459e-01 1.227672824833334481e-01 1.120498606262050889e-01 5.430417451441488241e-02
1.528492722361219691e+01 1.151626372017994226e-01 1.233567203999718365e-01 1.126415629435616877e-01 5.459603250224671217e-02
1.523219208503996747e+01 1.157608857801824959e-01 1.239488605760654255e-01 1.132361925827177623e-01 5.488937198386988070e-02
1.517963889007791600e+01 1.163620495296831536e-01 1.245437146641878295e-01 1.138337628624049164e-01 5.518420007454515053e-02
1.512726701099509974e+01 1.169661415870688337e-01 1.251412943639124420e-01 1.144342871559256847e-01 5.548052392469102895e-02
1.507507582222637588e+01 1.175731751425958399e-01 1.257416114219909176e-01 1.150377788913427568e-01 5.577835071999268785e-02
1.502306470036483788e+01 1.181831634401912107e-01 1.263446776325310994e-01 1.156442515516702269e-01 5.607768768150961369e-02
1.497123302415446844e+01 1.187961197776340599e-01 1.269505048371705469e-01 1.162537186750623452e-01 5.637854206577899707e-02
1.491958017448266283e+01 1.194120575067400408e-01 1.275591049252477183e-01 1.168661938550031865e-01 5.668092116491682542e-02
1.486810553437280014e+01 1.200309900335473773e-01 1.281704898339692256e-01 1.174816907404960392e-01 5.698483230671549243e-02
1.481680848897697800e+01 1.206529308185027849e-01 1.287846715485719273e-01 1.181002230362505345e-01 5.729028285473770910e-02
1.476568842556853944e+01 1.212778933766512218e-01 1.294016621024823566e-01 1.187218045028715918e-01 5.759728020840868684e-02
1.471474473353486800e+01 1.219058912778242243e-01 1.300214735774688490e-01 1.193464489570452702e-01 5.790583180310509420e-02
1.466397680437004958e+01 1.225369381468311147e-01 1.306441181037900634e-01 1.199741702717255359e-01 5.821594511024329871e-02
1.461338403166755207e+01 1.231710476636512924e-01 1.312696078603375616e-01 1.206049823763201412e-01 5.852762763736705370e-02
1.456296581111308797e+01 1.238082335636255665e-01 1.318979550747708118e-01 1.212388992568740886e-01 5.884088692823499778e-02
1.451272154047728513e+01 1.244485096376509031e-01 1.325291720236479454e-01 1.218759349562545391e-01 5.915573056291130449e-02
1.446265061960860088e+01 1.250918897323730350e-01 1.331632710325472979e-01 1.225161035743321664e-01 5.947216615785815008e-02
1.441275245042604602e+01 1.257383877503824576e-01 1.338002644761841498e-01 1.231594192681640387e-01 5.979020136603460656e-02
1.436302643691213454e+01 1.263880176504081632e-01 1.344401647785177789e-01 1.238058962521729617e-01 6.010984387700077369e-02
1.431347198510572483e+01 1.270407934475134282e-01 1.350829844128518809e-01 1.244555487983271119e-01 6.043110141703156302e-02
1.426408850309488052e+01 1.276967292132918375e-01 1.357287359019272166e-01 1.251083912363186723e-01 6.075398174924097339e-02
1.421487540100990365e+01 1.283558390760616841e-01 1.363774318180040468e-01 1.257644379537392609e-01 6.107849267371851659e-02
1.416583209101617058e+01 1.290181372210626454e-01 1.370290847829379877e-01 1.264237033962566370e-01 6.140464202768206731e-02
1.411695798730722551e+01 1.296836378906499609e-01 1.376837074687013995e-01 1.270862020677872295e-01 6.173243768564715822e-02
1.406825250609767330e+01 1.303523553844906646e-01 1.383413126055986209e-01 1.277519485306697899e-01 6.206188755961780656e-02
1.401971506561630143e+01 1.310243040597571240e-01 1.390019129717413038e-01 1.284209574058349235e-01 6.239299959929925365e-02
1.397134508609908110e+01 1.316994983313214684e-01 1.396655213938830242e-01 1.290932433729749806e-01 6.272578179233728735e-02
1.392314198978222883e+01 1.323779526719498500e-01 1.403321507501840426e-01 1.297688211707117012e-01 6.306024216458638865e-02
1.387510520089535859e+01 1.330596816124934578e-01 1.410018139703325402e-01 1.304477055967608601e-01 6.339638877882504409e-02
1.382723414565453446e+01 1.337446997420820294e-01 1.416745240356757085e-01 1.311299115080975242e-01 6.373422973206807618e-02
1.377952825225550271e+01 1.344330217083129497e-01 1.423502939793559463e-01 1.318154538237486517e-01 6.407377316173207271e-02
1.373198695086676402e+01 1.351246622174422651e-01 1.430291368864565482e-01 1.325043475286342143e-01 6.441502724332595631e-02
1.368460967362285707e+01 1.358196360345718112e-01 1.437110658941515851e-01 1.331966076615045125e-01 6.475800019036205557e-02
1.363739585461753201e+01 1.365179579838364521e-01 1.443960941918636109e-01 1.338922493211943121e-01 6.510270025446665554e-02
1.359034492989695764e+01 1.372196429485901814e-01 1.450842350214272825e-01 1.345912876673104330e-01 6.544913572549287961e-02
1.354345633745307431e+01 1.379247058715883101e-01 1.457755016772564471e-01 1.352937379204093848e-01 6.579731493163318290e-02
1.349672951721678160e+01 1.386331617551711248e-01 1.464699075065189204e-01 1.359996153621795822e-01 6.614724623953310845e-02
1.345016391105134090e+01 1.393450256614421345e-01 1.471674659093130944e-01 1.367089353356228387e-01 6.649893805440217076e-02
1.340375896274561462e+01 1.400603127124476766e-01 1.478681903388510965e-01 1.374217132452406620e-01 6.685239882012454504e-02
1.335751411800750965e+01 1.407790380903513605e-01 1.485720943016435869e-01 1.381379645572199388e-01 6.720763701936589840e-02
1.331142882445731779e+01 1.415012170376081235e-01 1.492791913576888840e-01 1.388577047996220615e-01 6.756466117367844471e-02
1.326550253162108284e+01 1.422268648571358984e-01 1.499894951206654226e-01 1.395809495625741081e-01 6.792347984360300184e-02
1.321973469092410802e+01 1.429559969124828411e-01 1.507030192581247652e-01 1.403077144984597457e-01 6.828410162876732969e-02
1.317412475568430885e+01 1.436886286279944469e-01 1.514197774916890560e-01 1.410380153221147126e-01 6.864653516798302491e-02
1.312867218110576317e+01 1.444247754889756985e-01 1.521397835972474188e-01 1.417718678110210517e-01 6.901078913933866854e-02
1.308337642427217240e+01 1.451644530418512713e-01 1.528630514051554923e-01 1.425092878055048695e-01 6.937687226029186360e-02
1.303823694414034584e+01 1.459076768943233793e-01 1.535895948004351863e-01 1.432502912089354541e-01 6.974479328776007903e-02
1.299325320153380936e+01 1.466544627155241531e-01 1.543194277229734124e-01 1.439948939879240608e-01 7.011456101821003650e-02
1.294842465913627194e+01 1.474048262377197771e-01 1.550525641677230060e-01 1.447431121725267777e-01 7.048618428774894307e-02
1.290375078148531074e+01 1.481587832601333199e-01 1.557890181849001243e-01 1.454949618564458647e-01 7.085967197221570979e-02
1.285923103496588027e+01 1.489163496402662323e-01 1.565288038801838366e-01 1.462504591972351997e-01 7.123503298727658362e-02
1.281486488780400990e+01 1.496775412978508246e-01 1.572719354149113846e-01 1.470096204165040610e-01 7.161227628852338822e-02
1.277065181006042494e+01 1.504423742155262533e-01 1.580184270062731655e-01 1.477724618001240164e-01 7.199141087157837071e-02
1.272659127362418552e+01 1.512108644390202095e-01 1.587682929275058552e-01 1.485389996984368965e-01 7.237244577220638964e-02
1.268268275220644625e+01 1.519830280773298847e-01 1.595215475080807299e-01 1.493092505264616565e-01 7.275539006643515216e-02
1.263892572133409509e+01 1.527588813029092385e-01 1.602782051338918212e-01 1.500832307641052910e-01 7.314025287068770531e-02
1.259531965834356271e+01 1.535384403518546825e-01 1.610382802474372987e-01 1.508609569563713615e-01 7.352704334192644575e-02
1.255186404237450581e+01 1.543217215240964002e-01 1.618017873480003810e-01 1.516424457135724380e-01 7.391577067781350541e-02
1.250855835436364671e+01 1.551087411835885277e-01 1.625687409918225856e-01 1.524277137115405134e-01 7.430644411688683282e-02
1.246540207703855607e+01 1.558995157585034985e-01 1.633391557922747039e-01 1.532167776918398894e-01 7.469907293875688303e-02
1.242239469491142856e+01 1.566940617414280812e-01 1.641130464200221406e-01 1.540096544619807273e-01 7.509366646432504011e-02
1.237953569427301304e+01 1.574923956895592225e-01 1.648904276031831762e-01 1.548063608956311565e-01 7.549023405602534043e-02
1.233682456318637755e+01 1.582945342249046095e-01 1.656713141274843426e-01 1.556069139328330186e-01 7.588878511809468708e-02
1.229426079148089457e+01 1.591004940344816210e-01 1.664557208364059182e-01 1.564113305802145304e-01 7.628932909682412111e-02
1.225184387074604508e+01 1.599102918705209431e-01 1.672436626313245356e-01 1.572196279112068051e-01 7.669187547628611434e-02
1.220957329432543759e+01 1.607239445506685460e-01 1.680351544716454926e-01 1.580318230662575707e-01 7.709643378166225469e-02
1.216744855731070984e+01 1.615414689581910757e-01 1.688302113749295952e-01 1.588479332530470522e-01 7.750301358175443189e-02
1.212546915653547863e+01 1.623628820421822716e-01 1.696288484170127842e-01 1.596679757467041882e-01 7.791162448702847187e-02
1.208363459056939071e+01 1.631882008177684418e-01 1.704310807321149923e-01 1.604919678900207092e-01 7.832227614974499041e-02
1.204194435971206012e+01 1.640174423663182113e-01 1.712369235129442557e-01 1.613199270936687135e-01 7.873497826409273093e-02
1.200039796598716713e+01 1.648506238356499398e-01 1.720463920107884459e-01 1.621518708364146633e-01 7.914974056632075039e-02
1.195899491313648255e+01 1.656877624402416926e-01 1.728595015356007292e-01 1.629878166653357108e-01 7.956657283487054977e-02
1.191773470661390100e+01 1.665288754614424604e-01 1.736762674568294584e-01 1.638277821960358871e-01 7.998548489050699706e-02
1.187661685357961794e+01 1.673739802476814087e-01 1.744967052120648954e-01 1.646717851128596810e-01 8.040648659644585028e-02
1.183564086289414874e+01 1.682230942146809016e-01 1.753208302947593944e-01 1.655198431691090599e-01 8.082958785848057270e-02
1.179480624511255016e+01 1.690762348456663344e-01 1.761486582564893988e-01 1.663719741872561053e-01 8.125479862510448514e-02
1.175411251247849975e+01 1.699334196915799067e-01 1.769802047093790021e-01 1.672281960591593120e-01 8.168212888763159985e-02
1.171355917891852094e+01 1.707946663712909263e-01 1.778154853262362556e-01 1.680885267462757238e-01 8.211158868031320779e-02
1.167314576003616722e+01 1.716599925718086672e-01 1.786545158406981082e-01 1.689529842798750681e-01 8.254318808045232880e-02
1.163287177310619214e+01 1.725294160484946993e-01 1.794973120473820627e-01 1.698215867612530849e-01 8.297693720851584409e-02
1.159273673706886498e+01 1.734029546252732479e-01 1.803438898020415238e-01 1.706943523619420533e-01 8.341284622824340911e-02
1.155274017252413365e+01 1.742806261948442181e-01 1.811942650217297779e-01 1.715712993239241757e-01 8.385092534675635256e-02
1.151288160172598651e+01 1.751624487188923052e-01 1.820484536849664714e-01 1.724524459598401893e-01 8.429118481466391088e-02
1.147316054857665790e+01 1.760484402282991578e-01 1.829064718319122207e-01 1.733378106532012519e-01 8.473363492617110027e-02
1.143357653862102019e+01 1.769386188233513790e-01 1.837683355645444716e-01 1.742274118585961096e-01 8.517828601918570053e-02
1.139412909904088345e+01 1.778330026739501635e-01 1.846340610468402144e-01 1.751212681018997630e-01 8.562514847542818108e-02
1.135481775864931286e+01 1.787316100198197977e-01 1.855036645049623900e-01 1.760193979804812459e-01 8.607423272054468000e-02
1.131564204788507588e+01 1.796344591707128846e-01 1.863771622274478235e-01 1.769218201634078225e-01 8.652554922422291128e-02
1.127660149880695073e+01 1.805415685066181219e-01 1.872545705654018455e-01 1.778285533916516004e-01 8.697910850031541352e-02
1.123769564508822327e+01 1.814529564779624737e-01 1.881359059326917216e-01 1.787396164782911467e-01 8.743492110696821085e-02
1.119892402201102577e+01 1.823686416058164783e-01 1.890211848061467415e-01 1.796550283087157696e-01 8.789299764675953530e-02
1.116028616646086569e+01 1.832886424820936722e-01 1.899104237257566996e-01 1.805748078408248025e-01 8.835334876684754202e-02
1.112178161692105860e+01 1.842129777697513182e-01 1.908036392948745941e-01 1.814989741052276673e-01 8.881598515913081970e-02
1.108340991346718774e+01 1.851416662029891913e-01 1.917008481804202968e-01 1.824275462054429364e-01 8.928091756042293159e-02
1.104517059776168253e+01 1.860747265874435619e-01 1.926020671130834749e-01 1.833605433180931776e-01 8.974815675264165293e-02
1.100706321304825863e+01 1.870121778003838720e-01 1.935073128875299808e-01 1.842979846931017684e-01 9.021771356301737377e-02
1.096908730414654087e+01 1.879540387909020283e-01 1.944166023626052175e-01 1.852398896538844653e-01 9.068959886431994522e-02
1.093124241744656011e+01 1.889003285801043597e-01 1.953299524615407234e-01 1.861862775975428874e-01 9.116382357510877110e-02
1.089352810090338508e+01 1.898510662612968303e-01 1.962473801721568989e-01 1.871371679950527556e-01 9.164039866000590895e-02
1.085594390403170806e+01 1.908062710001705575e-01 1.971689025470666767e-01 1.880925803914527683e-01 9.211933512999616325e-02
1.081848937790043053e+01 1.917659620349843330e-01 1.980945367038786931e-01 1.890525344060312030e-01 9.260064404235457403e-02
1.078116407512736252e+01 1.927301586767420361e-01 1.990242998253951290e-01 1.900170497325087970e-01 9.308433649505218344e-02
1.074396754987381009e+01 1.936988803093708800e-01 1.999582091598121059e-01 1.909861461392225179e-01 9.357042363382608863e-02
1.070689935783931190e+01 1.946721463898926086e-01 2.008962820209132250e-01 1.919598434693042810e-01 9.405891665195142970e-02
1.066995905625631202e+01 1.956499764485940263e-01 2.018385357882629405e-01 1.929381616408593070e-01 9.454982678891386827e-02
1.063314620388482901e+01 1.966323900891946697e-01 2.027849879073963246e-01 1.939211206471429250e-01 9.504316533057068084e-02
1.059646036100726008e+01 1.976194069890075955e-01 2.037356558900028924e-01 1.949087405567320741e-01 9.553894360930981211e-02
1.055990108942305206e+01 1.986110468991010569e-01 2.046905573141098167e-01 1.959010415136985539e-01 9.603717300420902547e-02
1.052346795244354816e+01 1.996073296474625558e-01 2.056497098242568711e-01 1.968980437377757520e-01 9.653786494119091788e-02
1.048716051488668199e+01 2.006082751400873887e-01 2.066131311316701524e-01 1.978997675308302728e-01 9.704103089317697717e-02
1.045097834307185991e+01 2.016139033533164426e-01 2.075808390144270876e-01 1.989062332789869603e-01 9.754668238023693483e-02
1.041492100481474559e+01 2.026242343384683786e-01 2.085528513176178877e-01 1.999174614339611911e-01 9.805483096973581503e-02
1.037898806942207486e+01 2.036392882221345624e-01 2.095291859535013679e-01 2.009334725243636099e-01 9.856548827647762523e-02
1.034317910768656645e+01 2.046590852063625010e-01 2.105098609016513300e-01 2.019542871562443609e-01 9.907866596284420346e-02
1.030749369188172970e+01 2.056836455688446919e-01 2.114948942091003092e-01 2.029799260132727212e-01 9.959437573893294149e-02
1.027193139575683034e+01 2.067129896631047514e-01 2.124843039904716346e-01 2.040104098569149316e-01 1.001126293626888736e-01
1.023649179453171776e+01 2.077471379186891509e-01 2.134781084281081598e-01 2.050457595266177435e-01 1.006334386400365849e-01
1.020117446489182100e+01 2.087861108413567868e-01 2.144763257721894190e-01 2.060859959399897468e-01 1.011568154250074708e-01
1.016597898498306485e+01 2.098299290132718542e-01 2.154789743408424274e-01 2.071311400929869706e-01 1.016827716198667048e-01
1.013090493440680184e+01 2.108786130931988856e-01 2.164860725202442659e-01 2.081812130601000954e-01 1.022113191752391653e-01
1.009595189421485451e+01 2.119321838166950689e-01 2.174976387647126197e-01 2.092362359945402206e-01 1.027424700902336702e-01
1.006111944690444027e+01 2.129906619963088388e-01 2.185136915967911542e-01 2.102962301284302116e-01 1.032762364125696664e-01
1.002640717641325274e+01 2.140540685217740269e-01 2.195342496075426975e-01 2.113612167729930214e-01 1.038126302387033795e-01
9.991814668114425757e+00 2.151224243602102570e-01 2.205593314651848880e-01 2.124312173187454245e-01 1.043516637139585007e-01
9.957341508811639486e+00 2.161957505563189830e-01 2.215889559056755109e-01 2.135062532356888088e-01 1.048933490326587475e-01
9.922987286734160861e+00 2.172740682325836892e-01 2.226231417312732053e-01 2.145863460735038530e-01 1.054376984382663501e-01
9.888751591531894647e+00 2.183573985894702862e-01 2.236619078143000650e-01 2.156715174617460373e-01 1.059847242235268799e-01
9.854634014270546416e+00 2.194457629056254522e-01 2.247052730972766421e-01 2.167617891100392935e-01 1.065344387306203233e-01
9.820634147426668292e+00 2.205391825380791648e-01 2.257532565930648882e-01 2.178571828082746520e-01 1.070868543513229521e-01
9.786751584882859234e+00 2.216376789224433486e-01 2.268058773850127885e-01 2.189577204268049748e-01 1.076419835271777564e-01
9.752985921922848078e+00 2.227412735731150450e-01 2.278631546271072950e-01 2.200634239166451289e-01 1.081998387496790059e-01
9.719336755226713365e+00 2.238499880834753097e-01 2.289251075441275374e-01 2.211743153096681069e-01 1.087604325604686062e-01
9.685803682866044539e+00 2.249638441260908839e-01 2.299917554318052781e-01 2.222904167188045899e-01 1.093237775515491228e-01
9.652386304299117370e+00 2.260828634529161996e-01 2.310631176569891976e-01 2.234117503382430092e-01 1.098898863655142499e-01
9.619084220366167060e+00 2.272070678954912215e-01 2.321392136578093734e-01 2.245383384436268059e-01 1.104587716957966259e-01
9.585897033284545898e+00 2.283364793651443680e-01 2.332200629438501704e-01 2.256702033922564632e-01 1.110304462869389081e-01
9.552824346644044340e+00 2.294711198531895480e-01 2.343056850963210480e-01 2.268073676232870983e-01 1.116049229348853034e-01
9.519865765402119706e+00 2.306110114311262504e-01 2.353960997682333911e-01 2.279498536579291912e-01 1.121822144872995780e-01
9.487020895879156868e+00 2.317561762508386913e-01 2.364913266845796447e-01 2.290976840996491182e-01 1.127623338433285244e-01
9.454289345753824847e+00 2.329066365447906850e-01 2.375913856425114767e-01 2.302508816343669107e-01 1.133452939473925392e-01
9.421670724058323287e+00 2.340624146262246519e-01 2.386962965115242141e-01 2.314094690306578994e-01 1.139311077977366304e-01
9.389164641173774584e+00 2.352235328893545474e-01 2.398060792336380032e-01 2.325734691399494736e-01 1.145197884454721149e-01
9.356770708825512983e+00 2.363900138095620940e-01 2.409207538235846324e-01 2.337429048967224476e-01 1.151113489932683864e-01
9.324488540078498033e+00 2.375618799435875172e-01 2.420403403689908306e-01 2.349177993187071545e-01 1.157058025955335218e-01
9.292317749332665855e+00 2.387391539297213650e-01 2.431648590305650337e-01 2.360981755070821753e-01 1.163031624585932622e-01
9.260257952318305286e+00 2.399218584879957150e-01 2.442943300422840414e-01 2.372840566466725420e-01 1.169034418408664566e-01
9.228308766091524618e+00 2.411100164203691665e-01 2.454287737115764256e-01 2.384754660061441378e-01 1.175066540530348563e-01
9.196469809029602871e+00 2.423036506109159105e-01 2.465682104195099644e-01 2.396724269382018435e-01 1.181128124582114525e-01
9.164740700826509823e+00 2.435027840260071963e-01 2.477126606209731907e-01 2.408749628797819675e-01 1.187219304721015278e-01
9.133121062488289255e+00 2.447074397144956559e-01 2.488621448448604390e-01 2.420830973522487550e-01 1.193340215631618767e-01
9.101610516328589640e+00 2.459176408078931897e-01 2.500166836942506743e-01 2.432968539615851522e-01 1.199490992527534466e-01
9.070208685964132655e+00 2.471334105205489629e-01 2.511762978465871265e-01 2.445162563985854853e-01 1.205671771152908578e-01
9.038915196310188804e+00 2.483547721498255423e-01 2.523410080538546763e-01 2.457413284390471686e-01 1.211882687783881474e-01
9.007729673576161389e+00 2.495817490762685942e-01 2.535108351427514117e-01 2.469720939439578322e-01 1.218123879229988521e-01
8.976651745261040816e+00 2.508143647637792184e-01 2.546858000148610746e-01 2.482085768596859476e-01 1.224395482835554105e-01
8.945681040149040086e+00 2.520526427597777341e-01 2.558659236468178722e-01 2.494508012181649026e-01 1.230697636481025842e-01
8.914817188305084628e+00 2.532966066953700746e-01 2.570512270904713459e-01 2.506987911370806010e-01 1.237030478584314752e-01
8.884059821070444229e+00 2.545462802855052997e-01 2.582417314730428570e-01 2.519525708200527347e-01 1.243394148102092006e-01
8.853408571058322352e+00 2.558016873291342752e-01 2.594374579972801853e-01 2.532121645568177759e-01 1.249788784531092461e-01
8.822863072149429442e+00 2.570628517093636045e-01 2.606384279416071315e-01 2.544775967234096936e-01 1.256214527909413348e-01
8.792422959487673495e+00 2.583297973936036218e-01 2.618446626602641825e-01 2.557488917823362296e-01 1.262671518817807259e-01
8.762087869475731594e+00 2.596025484337172173e-01 2.630561835834483997e-01 2.570260742827575329e-01 1.269159898381012619e-01
8.731857439770770668e+00 2.608811289661595589e-01 2.642730122174417606e-01 2.583091688606585223e-01 1.275679808269085114e-01
8.701731309280086535e+00 2.621655632121174806e-01 2.654951701447365586e-01 2.595982002390217480e-01 1.282231390698782836e-01
8.671709118156773144e+00 2.634558754776447631e-01 2.667226790241529755e-01 2.608931932279986432e-01 1.288814788435003467e-01
8.641790507795480636e+00 2.647520901537892546e-01 2.679555605909466620e-01 2.621941727250750587e-01 1.295430144792254490e-01
8.611975120828065045e+00 2.660542317167209347e-01 2.691938366569125440e-01 2.635011637152391284e-01 1.302077603636232483e-01
8.582262601119381884e+00 2.673623247278498205e-01 2.704375291104760826e-01 2.648141912711419188e-01 1.308757309385454315e-01
8.552652593762974931e+00 2.686763938339446489e-01 2.716866599167796492e-01 2.661332805532605206e-01 1.315469407013015180e-01
8.523144745076885798e+00 2.699964637675372758e-01 2.729412511177563005e-01 2.674584568100537019e-01 1.322214042048435179e-01
8.493738702599406665e+00 2.713225593531362612e-01 2.742013248321966135e-01 2.687897453781183388e-01 1.328991360579651337e-01
8.464434115084854326e+00 2.726547054990973717e-01 2.754669032558053621e-01 2.701271716823427926e-01 1.335801509255149233e-01
8.435230632499418846e+00 2.739929271980517389e-01 2.767380086612454271e-01 2.714707612360544586e-01 1.342644635286238952e-01
8.406127906016926943e+00 2.753372495292507049e-01 2.780146633981747106e-01 2.728205396411692574e-01 1.349520886449528112e-01
8.377125588014733282e+00 2.766876976586932768e-01 2.792968898980791592e-01 2.741765325883327442e-01 1.356430411089555865e-01
8.348223332069510505e+00 2.780442968392585756e-01 2.805847106756803044e-01 2.755387658570636056e-01 1.363373358121663381e-01
8.319420792953163613e+00 2.794070724108328463e-01 2.818781483175533120e-01 2.769072653158889397e-01 1.370349877035056951e-01
8.290717626628678616e+00 2.807760498004405747e-01 2.831772254886601448e-01 2.782820569224795926e-01 1.377360117892185987e-01
8.262113490246001390e+00 2.821512545223751611e-01 2.844819649325736055e-01 2.796631667237823304e-01 1.384404231261041895e-01
8.233608042137984029e+00 2.835327121783255411e-01 2.857923894715694857e-01 2.810506208561449060e-01 1.391482368299854777e-01
8.205200941816247706e+00 2.849204484575082463e-01 2.871085220067263744e-01 2.824444455454432901e-01 1.398594680756981012e-01
8.176891849967178771e+00 2.863144891367924716e-01 2.884303855180235243e-01 2.838446671071992999e-01 1.405741320952071660e-01
8.148680428447812929e+00 2.877148600808314693e-01 2.897580030644448246e-01 2.852513119467003921e-01 1.412922441777875460e-01
8.120566340281843765e+00 2.891215872421865618e-01 2.910913977840815514e-01 2.866644065591104074e-01 1.420138196701960231e-01
8.092549249655590415e+00 2.905346966614550386e-01 2.924305928942386723e-01 2.880839775295801486e-01 1.427388739768393477e-01
8.064628821913943924e+00 2.919542144673962225e-01 2.937756116915442028e-01 2.895100515333539626e-01 1.434674225599365527e-01
8.036804723556436159e+00 2.933801668770534832e-01 2.951264775520558437e-01 2.909426553358686052e-01 1.441994809396731358e-01
8.009076622233193277e+00 2.948125801958805248e-01 2.964832139313737791e-01 2.923818157928538275e-01 1.449350646943521614e-01
7.981444186741023294e+00 2.962514808178597359e-01 2.978458443647495346e-01 2.938275598504227482e-01 1.456741894605361742e-01
7.953907087019402411e+00 2.976968952256263123e-01 2.992143924672006072e-01 2.952799145451639462e-01 1.464168709331861995e-01
7.926464994146585674e+00 2.991488499905842202e-01 3.005888819336205442e-01 2.967389070042235621e-01 1.471631248657926938e-01
7.899117580335650146e+00 3.006073717730245454e-01 3.019693365388917972e-01 2.982045644453869548e-01 1.479129670705021937e-01
7.871864518930566490e+00 3.020724873222422890e-01 3.033557801380001862e-01 2.996769141771559175e-01 1.486664134182400232e-01
7.844705484402338058e+00 3.035442234766472791e-01 3.047482366661435349e-01 3.011559835988171230e-01 1.494234798388255070e-01
7.817640152345066262e+00 3.050226071638785230e-01 3.061467301388457463e-01 3.026418002005122898e-01 1.501841823210864346e-01
7.790668199472114530e+00 3.065076654009107893e-01 3.075512846520647714e-01 3.041343915632973571e-01 1.509485369129673071e-01
7.763789303612234960e+00 3.079994252941634092e-01 3.089619243823022998e-01 3.056337853592010489e-01 1.517165597216359185e-01
7.737003143705688757e+00 3.094979140396049710e-01 3.103786735867114510e-01 3.071400093512781648e-01 1.524882669135885493e-01
7.710309399800469699e+00 3.110031589228532956e-01 3.118015566032003583e-01 3.086530913944487420e-01 1.532636747147509138e-01
7.683707753048424571e+00 3.125151873192772989e-01 3.132305978505366961e-01 3.101730594558682608e-01 1.540427994105818266e-01
7.657197885701494400e+00 3.140340266940902514e-01 3.146658218284457131e-01 3.116999415862249379e-01 1.548256573461737340e-01
7.630779481107872186e+00 3.155597046024463670e-01 3.161072531177094858e-01 3.132337659199521118e-01 1.556122649263574353e-01
7.604452223708260128e+00 3.170922486895280112e-01 3.175549163802585673e-01 3.147745606838661114e-01 1.564026386158055837e-01
7.578215799032089528e+00 3.186316866906332423e-01 3.190088363592630816e-01 3.163223541972164932e-01 1.571967949391415709e-01
7.552069893693733604e+00 3.201780464312610208e-01 3.204690378792189320e-01 3.178771748717357792e-01 1.579947504810519932e-01
7.526014195388818884e+00 3.217313558271872043e-01 3.219355458460276265e-01 3.194390512116845326e-01 1.587965218864023920e-01
7.500048392890438897e+00 3.232916428845443724e-01 3.234083852470749365e-01 3.210080118139015948e-01 1.596021258603621817e-01
7.474172176045493110e+00 3.248589356998900501e-01 3.248875811512993983e-01 3.225840853678468290e-01 1.604115791685336856e-01
7.448385235770920154e+00 3.264332624602778732e-01 3.263731587092614794e-01 3.241673006556488601e-01 1.612248986370928006e-01
7.422687264050063405e+00 3.280146514433184834e-01 3.278651431532000893e-01 3.257576865521458198e-01 1.620421011529366018e-01
7.397077953928965499e+00 3.296031310172394257e-01 3.293635597970871465e-01 3.273552720249284786e-01 1.628632036638434921e-01
7.371556999512679731e+00 3.311987296409417691e-01 3.308684340366753185e-01 3.289600861343816018e-01 1.636882231786463693e-01
7.346124095961672040e+00 3.328014758640462367e-01 3.323797913495345480e-01 3.305721580337198096e-01 1.645171767674165897e-01
7.320778939488118198e+00 3.344113983269418888e-01 3.338976572950868027e-01 3.321915169690271563e-01 1.653500815616661401e-01
7.295521227352328886e+00 3.360285257608228160e-01 3.354220575146266703e-01 3.338181922792886058e-01 1.661869547545626880e-01
7.270350657859086851e+00 3.376528869877257755e-01 3.369530177313391772e-01 3.354522133964251696e-01 1.670278136011658365e-01
7.245266930354082646e+00 3.392845109205568366e-01 3.384905637503043963e-01 3.370936098453213292e-01 1.678726754186785908e-01
7.220269745220305957e+00 3.409234265631161387e-01 3.400347214584943933e-01 3.387424112438532919e-01 1.687215575866315154e-01
7.195358803874450260e+00 3.425696630101172091e-01 3.415855168247625140e-01 3.403986473029149140e-01 1.695744775402205085e-01
7.170533808763384975e+00 3.442232494471958448e-01 3.431429758998177371e-01 3.420623478264366302e-01 1.704314527764249076e-01
7.145794463360559234e+00 3.458842151509198826e-01 3.447071248161936441e-01 3.437335427114078246e-01 1.712925008569767260e-01
7.121140472162494461e+00 3.475525894887855904e-01 3.462779897882021785e-01 3.454122619478892098e-01 1.721576394051985148e-01
7.096571540685242319e+00 3.492284019192121169e-01 3.478555971118776902e-01 3.470985356190266491e-01 1.730268861061365626e-01
7.072087375460846204e+00 3.509116819915297225e-01 3.494399731649114327e-01 3.487923939010616481e-01 1.739002587066855454e-01
7.047687684033880018e+00 3.526024593459565759e-01 3.510311444065672415e-01 3.504938670633334641e-01 1.747777750157021026e-01
7.023372174957906999e+00 3.543007637135750509e-01 3.526291373775928828e-01 3.522029854682843242e-01 1.756594529041133057e-01
6.999140557792044248e+00 3.560066249162936458e-01 3.542339787011645758e-01 3.539197795714537076e-01 1.765453103050129702e-01
6.974992543097443765e+00 3.577200728668094576e-01 3.558456950913889694e-01 3.556442799214758477e-01 1.774353652137525827e-01
6.950927842433883619e+00 3.594411375685556687e-01 3.574643133397572003e-01 3.573765171600657431e-01 1.783296356880213207e-01
6.926946168356299616e+00 3.611698491156459800e-01 3.590898603181817972e-01 3.591165220220063348e-01 1.792281398479197707e-01
6.903047234411338273e+00 3.629062376928114952e-01 3.607223629808857246e-01 3.608643253351300761e-01 1.801308958760259593e-01
6.879230755133970199e+00 3.646503335753243924e-01 3.623618483643482047e-01 3.626199580202923989e-01 1.810379220174520298e-01
6.855496446044036851e+00 3.664021671294584448e-01 3.640083435872555895e-01 3.643834510913462887e-01 1.819492365798970890e-01
6.831844023642902108e+00 3.681617688188414950e-01 3.656618758504445177e-01 3.661548356551055372e-01 1.828648579336899782e-01
6.808273205410015017e+00 3.699291691945324478e-01 3.673224724368499006e-01 3.679341429113092699e-01 1.837848045118298246e-01
6.784783709799577345e+00 3.717043988966040602e-01 3.689901607114458026e-01 3.697214041525753170e-01 1.847090948100174879e-01
6.761375256237162290e+00 3.734874886559586549e-01 3.706649681211884317e-01 3.715166507643521410e-01 1.856377473866848982e-01
6.738047565116350057e+00 3.752784692942477962e-01 3.723469221949572971e-01 3.733199142248653790e-01 1.865707808630196196e-01
6.714800357795422947e+00 3.770773717237848044e-01 3.740360505434899840e-01 3.751312261050545049e-01 1.875082139229841405e-01
6.691633356593991167e+00 3.788842269474600455e-01 3.757323808593212577e-01 3.769506180685099350e-01 1.884500653133355796e-01
6.668546284789728773e+00 3.806990660586449526e-01 3.774359409167126755e-01 3.787781218713971998e-01 1.893963538436395921e-01
6.645538866615014584e+00 3.825219202410998220e-01 3.791467585715864730e-01 3.806137693623823925e-01 1.903470983862873278e-01
6.622610827253681443e+00 3.843528207688704512e-01 3.808648617614497911e-01 3.824575924825441842e-01 1.913023178765074772e-01
6.599761892837717525e+00 3.861917990061850547e-01 3.825902785053203470e-01 3.843096232652842836e-01 1.922620313123822311e-01
6.576991790443977415e+00 3.880388864073465172e-01 3.843230369036482186e-01 3.861698938362309041e-01 1.932262577548639892e-01
6.554300248090958902e+00 3.898941145166162081e-01 3.860631651382298579e-01 3.880384364131316821e-01 1.941950163277919583e-01
6.531686994735513174e+00 3.917575149680989077e-01 3.878106914721249354e-01 3.899152833057455969e-01 1.951683262179158551e-01
6.509151760269651810e+00 3.936291194856161857e-01 3.895656442495607497e-01 3.918004669157214570e-01 1.961462066749196653e-01
6.486694275517272956e+00 3.955089598825816122e-01 3.913280518958402454e-01 3.936940197364760530e-01 1.971286770114547282e-01
6.464314272230985203e+00 3.973970680618640339e-01 3.930979429172377082e-01 3.955959743530580441e-01 1.981157566031749584e-01
6.442011483088891488e+00 3.992934760156496843e-01 3.948753459008941813e-01 3.975063634420094028e-01 1.991074648887821985e-01
6.419785641691373890e+00 4.011982158252989095e-01 3.966602895147068875e-01 3.994252197712186980e-01 2.001038213700793433e-01
6.397636482557954807e+00 4.031113196611923466e-01 3.984528025072084922e-01 4.013525761997625008e-01 2.011048456120305972e-01
6.375563741124074646e+00 4.050328197825775467e-01 4.002529137074467003e-01 4.032884656777455668e-01 2.021105572428357755e-01
6.353567153737981421e+00 4.069627485374035514e-01 4.020606520248502513e-01 4.052329212461258101e-01 2.031209759540120730e-01
6.331646457657553739e+00 4.089011383621521944e-01 4.038760464490934177e-01 4.071859760365360015e-01 2.041361215004911800e-01
6.309801391047151320e+00 4.108480217816641855e-01 4.056991260499516749e-01 4.091476632710971395e-01 2.051560137007298057e-01
6.288031692974529463e+00 4.128034314089527035e-01 4.075299199771461600e-01 4.111180162622183332e-01 2.061806724368323296e-01
6.266337103407669140e+00 4.147673999450176008e-01 4.093684574601866299e-01 4.130970684123951298e-01 2.072101176546932155e-01
6.244717363211723438e+00 4.167399601786446750e-01 4.112147678081980451e-01 4.150848532139919111e-01 2.082443693588811318e-01
6.223172214145873404e+00 4.187211449862051071e-01 4.130688804097462086e-01 4.170814042490221252e-01 2.092834476133783872e-01
6.201701398860285153e+00 4.207109873314395787e-01 4.149308247326468635e-01 4.190867551889130849e-01 2.103273725497867008e-01
6.180304660893016333e+00 4.227095202652411121e-01 4.168006303237694610e-01 4.211009397942655497e-01 2.113761643621521191e-01
6.158981744666936819e+00 4.247167769254273084e-01 4.186783268088308807e-01 4.231239919146044803e-01 2.124298433069546910e-01
6.137732395486717785e+00 4.267327905365015939e-01 4.205639438921739970e-01 4.251559454881150835e-01 2.134884297031030276e-01
6.116556359535741727e+00 4.287575944094129121e-01 4.224575113565418594e-01 4.271968345413765245e-01 2.145519439319205079e-01
6.095453383873115527e+00 4.307912219412972088e-01 4.243590590628328885e-01 4.292466931890777659e-01 2.156204064371140816e-01
6.074423216430607120e+00 4.328337066152210255e-01 4.262686169498518529e-01 4.313055556337316854e-01 2.166938377247355496e-01
6.053465606009670097e+00 4.348850819999050543e-01 4.281862150340410289e-01 4.333734561653711514e-01 2.177722583631267472e-01
6.032580302278426565e+00 4.369453817494464709e-01 4.301118834092032550e-01 4.354504291612399935e-01 2.188556889828551788e-01
6.011767055768667767e+00 4.390146396030290554e-01 4.320456522462114424e-01 4.375365090854736461e-01 2.199441502766390499e-01
5.991025617872901776e+00 4.410928893846208232e-01 4.339875517926998771e-01 4.396317304887636945e-01 2.210376629992581166e-01
5.970355740841348791e+00 4.431801650026671036e-01 4.359376123727473629e-01 4.417361280080197017e-01 2.221362479674580670e-01
5.949757177779018136e+00 4.452765004497671875e-01 4.378958643865391021e-01 4.438497363660118267e-01 2.232399260598406654e-01
5.929229682642723986e+00 4.473819298023470892e-01 4.398623383100195294e-01 4.459725903710105577e-01 2.243487182167484828e-01
5.908773010238179246e+00 4.494964872203148221e-01 4.418370646945235514e-01 4.481047249164074597e-01 2.254626454401365832e-01
5.888386916217049460e+00 4.516202069467092350e-01 4.438200741663941296e-01 4.502461749803296498e-01 2.265817287934383806e-01
5.868071157074020938e+00 4.537531233073386905e-01 4.458113974265857093e-01 4.523969756252432806e-01 2.277059894014234476e-01
5.847825490143930161e+00 4.558952707104018121e-01 4.478110652502422795e-01 4.545571619975393718e-01 2.288354484500456920e-01
5.827649673598819469e+00 4.580466836461055680e-01 4.498191084862674938e-01 4.567267693271164219e-01 2.299701271862884533e-01
5.807543466445093117e+00 4.602073966862621490e-01 4.518355580631039925e-01 4.589058329269418701e-01 2.311100469179995509e-01
5.787506628520596941e+00 4.623774444838826270e-01 4.538604449855861422e-01 4.610943881926109489e-01 2.322552290137254449e-01
5.767538920491784182e+00 4.645568617727502958e-01 4.558938003268039330e-01 4.632924706018841099e-01 2.334056949025363203e-01
5.747640103850843118e+00 4.667456833669862970e-01 4.579356552330515751e-01 4.655001157213953245e-01 2.345614660738503943e-01
5.727809940912830911e+00 4.689439441606030878e-01 4.599860409234223235e-01 4.677173592088219589e-01 2.357225640772551978e-01
5.708048194812872289e+00 4.711516791270383142e-01 4.620449886893892577e-01 4.699442367912960994e-01 2.368890105223231679e-01
5.688354629503289850e+00 4.733689233186841872e-01 4.641125298943854505e-01 4.721807842766271857e-01 2.380608270784303204e-01
5.668729009750815173e+00 4.755957118663952654e-01 4.661886959733690383e-01 4.744270375531758344e-01 2.392380354745697324e-01
5.649171101133772410e+00 4.778320799789868567e-01 4.682735184323855160e-01 4.766830325893495757e-01 2.404206574991678280e-01
5.629680670039254764e+00 4.800780629427199298e-01 4.703670288481219264e-01 4.789488054330875988e-01 2.416087149999015249e-01
5.610257483660373801e+00 4.823336961207661533e-01 4.724692588674474503e-01 4.812243922113311201e-01 2.428022298835138260e-01
5.590901309993436819e+00 4.845990149526663293e-01 4.745802402069535519e-01 4.835098291294910311e-01 2.440012241156368500e-01
5.571611917835217476e+00 4.868740549537645679e-01 4.767000046524767498e-01 4.858051524708961177e-01 2.452057197206124750e-01
5.552389076780151811e+00 4.891588517146372439e-01 4.788285840586212760e-01 4.881103985962399472e-01 2.464157387813226685e-01
5.533232557217623970e+00 4.914534409004969739e-01 4.809660103482645832e-01 4.904256039430076597e-01 2.476313034390198453e-01
5.514142130329204861e+00 4.937578582505873226e-01 4.831123155120582990e-01 4.927508050248970428e-01 2.488524358931657743e-01
5.495117568085906790e+00 4.960721395803463496e-01 4.852675316079202439e-01 4.950860384312286144e-01 2.500791584012776458e-01
5.476158643245494950e+00 4.983963207835597209e-01 4.874316907605107385e-01 4.974313408263372760e-01 2.513114932787777200e-01
5.457265129349729627e+00 5.007304378212497076e-01 4.896048251607066359e-01 4.997867489489608572e-01 2.525494628988564361e-01
5.438436800721706987e+00 5.030745267263317944e-01 4.917869670650569791e-01 5.021522996116070114e-01 2.537930896923391577e-01
5.419673432463116391e+00 5.054286236032786706e-01 4.939781487952351613e-01 5.045280296999165026e-01 2.550423961475682955e-01
5.400974800451597169e+00 5.077927646274543738e-01 4.961784027374733785e-01 5.069139761720048432e-01 2.562974048069416311e-01
5.382340681338037669e+00 5.101669860444418836e-01 4.983877613419893660e-01 5.093101760577964932e-01 2.575581382623278182e-01
5.363770852543900958e+00 5.125513241693591127e-01 5.006062571224029201e-01 5.117166664583457925e-01 2.588246191673615471e-01
5.345265092258594031e+00 5.149458153861564691e-01 5.028339226551334917e-01 5.141334845451379643e-01 2.600968702311489134e-01
5.326823179436784628e+00 5.173504961469113095e-01 5.050707905787944485e-01 5.165606675593847896e-01 2.613749142176283180e-01
5.308444893795793540e+00 5.197654029710987444e-01 5.073168935935640222e-01 5.189982528112970783e-01 2.626587739453009052e-01
5.290130015812932740e+00 5.221905724448612229e-01 5.095722644605541474e-01 5.214462776793513665e-01 2.639484722869482880e-01
5.271878326722908348e+00 5.246260412202529144e-01 5.118369360011548741e-01 5.239047796095334109e-01 2.652440321693271263e-01
5.253689608515200504e+00 5.270718460144792061e-01 5.141109410963715654e-01 5.263737961145721345e-01 2.665454765728486608e-01
5.235563643931440581e+00 5.295280236091204351e-01 5.163943126861471056e-01 5.288533647731583631e-01 2.678528285312417045e-01
5.217500216462851448e+00 5.319946108493363024e-01 5.186870837686631264e-01 5.313435232291418009e-01 2.691661111311945964e-01
5.199499110347621134e+00 5.344716446430647361e-01 5.209892873996352369e-01 5.338443091907214555e-01 2.704853475119863293e-01
5.181560110568360855e+00 5.369591619601967736e-01 5.233009566915824973e-01 5.363557604296101955e-01 2.718105608650958627e-01
5.163683002849523973e+00 5.394571998317424510e-01 5.256221248130866774e-01 5.388779147801895375e-01 2.731417744337996667e-01
5.145867573654828497e+00 5.419657953489822599e-01 5.279528249880356405e-01 5.414108101386473360e-01 2.744790115127544450e-01
5.128113610184739990e+00 5.444849856625946227e-01 5.302930904948417457e-01 5.439544844620924913e-01 2.758222954475613165e-01
5.110420900373895847e+00 5.470148079817803710e-01 5.326429546656527014e-01 5.465089757676614424e-01 2.771716496343215042e-01
5.092789232888606854e+00 5.495552995733566926e-01 5.350024508855335537e-01 5.490743221315976808e-01 2.785270975191731502e-01
5.075218397124294789e+00 5.521064977608487467e-01 5.373716125916402353e-01 5.516505616883229379e-01 2.798886625978206921e-01
5.057708183203012631e+00 5.546684399235513041e-01 5.397504732723634735e-01 5.542377326294809503e-01 2.812563684150466425e-01
5.040258381970918578e+00 5.572411634955830584e-01 5.421390664664600401e-01 5.568358732029697888e-01 2.826302385642156523e-01
5.022868784995770497e+00 5.598247059649209545e-01 5.445374257621627967e-01 5.594450217119547597e-01 2.840102966867668055e-01
5.005539184564463007e+00 5.624191048724109798e-01 5.469455847962639838e-01 5.620652165138565470e-01 2.853965664716928141e-01
4.988269373680512153e+00 5.650243978107717391e-01 5.493635772531852979e-01 5.646964960193298078e-01 2.867890716550142161e-01
4.971059146061618250e+00 5.676406224235677200e-01 5.517914368640172151e-01 5.673388986912119014e-01 2.881878360192386967e-01
4.953908296137168321e+00 5.702678164041751208e-01 5.542291974055438830e-01 5.699924630434625161e-01 2.895928833928178570e-01
4.936816619045807819e+00 5.729060174947190331e-01 5.566768926992372579e-01 5.726572276400732076e-01 2.910042376495907135e-01
4.919783910632984814e+00 5.755552634849967486e-01 5.591345566102314812e-01 5.753332310939638372e-01 2.924219227082230921e-01
4.902809967448494177e+00 5.782155922113833002e-01 5.616022230462743847e-01 5.780205120658580276e-01 2.938459625316413582e-01
4.885894586744081280e+00 5.808870415557078060e-01 5.640799259566469104e-01 5.807191092631314167e-01 2.952763811264553784e-01
4.869037566470982625e+00 5.835696494441224846e-01 5.665676993310657661e-01 5.834290614386492546e-01 2.967132025423829811e-01
4.852238705277549968e+00 5.862634538459375877e-01 5.690655771985505540e-01 5.861504073895710265e-01 2.981564508716626483e-01
4.835497802506808718e+00 5.889684927724477825e-01 5.715735936262735795e-01 5.888831859561456383e-01 2.996061502484689831e-01
4.818814658194090050e+00 5.916848042757265613e-01 5.740917827217683067e-01 5.916274360204736293e-01 3.010623248483187964e-01
4.802189073064634606e+00 5.944124264474055508e-01 5.766201786355540371e-01 5.943831965052541744e-01 3.025249988874780249e-01
4.785620848531193516e+00 5.971513974174320616e-01 5.791588155476586897e-01 5.971505063725106588e-01 3.039941966223668746e-01
4.769109786691688946e+00 5.999017553527974389e-01 5.817077276722951718e-01 5.999294046222853893e-01 3.054699423489596333e-01
4.752655690326816895e+00 6.026635384562532005e-01 5.842669492570274903e-01 6.027199302913226475e-01 3.069522604021885370e-01
4.736258362897723728e+00 6.054367849649923139e-01 5.868365145815725992e-01 6.055221224517175482e-01 3.084411751553420289e-01
4.719917608543626741e+00 6.082215331493193711e-01 5.894164579565923656e-01 6.083360202095522418e-01 3.099367110194686803e-01
4.703633232079501347e+00 6.110178213112851253e-01 5.920068137224576699e-01 6.111616627034980320e-01 3.114388924427767824e-01
4.687405038993738948e+00 6.138256877833052627e-01 5.946076162480009586e-01 6.139990891034003972e-01 3.129477439100380454e-01
4.671232835445811915e+00 6.166451709267540826e-01 5.972188999292489253e-01 6.168483386088405851e-01 3.144632899419942396e-01
4.655116428263984751e+00 6.194763091305262037e-01 5.998406991881299888e-01 6.197094504476642340e-01 3.159855550927699874e-01
4.639055624942975520e+00 6.223191408095838373e-01 6.024730484711720013e-01 6.225824638744973383e-01 3.175145639416264709e-01
4.623050233641685658e+00 6.251737044034676449e-01 6.051159822481704254e-01 6.254674181692256862e-01 3.190503411066398787e-01
4.607100063180893379e+00 6.280400383747896109e-01 6.077695350108431871e-01 6.283643526354558695e-01 3.205929112386216584e-01
4.591204923040961283e+00 6.309181812076988249e-01 6.104337412714658795e-01 6.312733065989517556e-01 3.221422990192260305e-01
4.575364623359587490e+00 6.338081714063135141e-01 6.131086355614788763e-01 6.341943194060368771e-01 3.236985291601897630e-01
4.559578974929503481e+00 6.367100474931367549e-01 6.157942524300846765e-01 6.371274304223508711e-01 3.252616264025529058e-01
4.543847789196251874e+00 6.396238480074346588e-01 6.184906264428121636e-01 6.400726790359951845e-01 3.268316155158454972e-01
4.528170878255895815e+00 6.425496115035959077e-01 6.211977921800722058e-01 6.430301046482560512e-01 3.284085212972558399e-01
4.512548054852806523e+00 6.454873765494546500e-01 6.239157842356796158e-01 6.459997466732304572e-01 3.299923685707679133e-01
4.496979132377412647e+00 6.484371817245903058e-01 6.266446372153601230e-01 6.489816445376782594e-01 3.315831821862774698e-01
4.481463924863961168e+00 6.513990656185999484e-01 6.293843857352355853e-01 6.519758376792791355e-01 3.331809870186851485e-01
4.466002246988320934e+00 6.543730668293333830e-01 6.321350644202790026e-01 6.549823655448584470e-01 3.347858079669608355e-01
4.450593914065740897e+00 6.573592239611091292e-01 6.348967079027563187e-01 6.580012675885977824e-01 3.363976699531920911e-01
4.435238742048673188e+00 6.603575756228898808e-01 6.376693508206344729e-01 6.610325832702077520e-01 3.380165979216034344e-01
4.419936547524543791e+00 6.633681604288101941e-01 6.404530278159750178e-01 6.640763520530876818e-01 3.396426168375595300e-01
4.404687147713591600e+00 6.663910169996151156e-01 6.432477735332943203e-01 6.671326134024456733e-01 3.412757516865425611e-01
4.389490360466668406e+00 6.694261839505514233e-01 6.460536226179046659e-01 6.702014067834010103e-01 3.429160274731107294e-01
4.374346004263054866e+00 6.724736998942711930e-01 6.488706097142303841e-01 6.732827716590583655e-01 3.445634692198389915e-01
4.359253898208321765e+00 6.755336034392719347e-01 6.516987694640913320e-01 6.763767474885468145e-01 3.462181019662343706e-01
4.344213862032131779e+00 6.786059331879469303e-01 6.545381365049699474e-01 6.794833737250428607e-01 3.478799507676390568e-01
4.329225716086123832e+00 6.816907277345951588e-01 6.573887454682403320e-01 6.826026898137521615e-01 3.495490406941080819e-01
4.314289281341731730e+00 6.847880256634162333e-01 6.602506309773821247e-01 6.857347351898753773e-01 3.512253968292770034e-01
4.299404379388074737e+00 6.878978655464655922e-01 6.631238276461542958e-01 6.888795492765330541e-01 3.529090442692041640e-01
4.284570832429815290e+00 6.910202859415889298e-01 6.660083700767488457e-01 6.920371714826692999e-01 3.546000081212015154e-01
4.269788463285022928e+00 6.941553253903275378e-01 6.689042928579154168e-01 6.952076412009251527e-01 3.562983135026496218e-01
4.255057095383083521e+00 6.973030224157865664e-01 6.718116305630484897e-01 6.983909978054743117e-01 3.580039855397914028e-01
4.240376552762564089e+00 7.004634155204862989e-01 6.747304177482564835e-01 7.015872806498402170e-01 3.597170493665189928e-01
4.225746660069130911e+00 7.036365431841713480e-01 6.776606889503880016e-01 7.047965290646700520e-01 3.614375301231375071e-01
4.211167242553450762e+00 7.068224438615972050e-01 6.806024786850350949e-01 7.080187823554859872e-01 3.631654529551211485e-01
4.196638126069085928e+00 7.100211559802867001e-01 6.835558214445048852e-01 7.112540798004044484e-01 3.649008430118546031e-01
4.182159137070445176e+00 7.132327179382487170e-01 6.865207516957502198e-01 7.145024606478160845e-01 3.666437254453570049e-01
4.167730102610678777e+00 7.164571681016748128e-01 6.894973038782794550e-01 7.177639641140445281e-01 3.683941254090004058e-01
4.153350850339640132e+00 7.196945448025945380e-01 6.924855124020207198e-01 7.210386293809603053e-01 3.701520680562095378e-01
4.139021208501803883e+00 7.229448863365105504e-01 6.954854116451629764e-01 7.243264955935747595e-01 3.719175785391556910e-01
4.124741005934233762e+00 7.262082309599888763e-01 6.984970359519516725e-01 7.276276018575882354e-01 3.736906820074343827e-01
4.110510072064530895e+00 7.294846168882249682e-01 7.015204196304555273e-01 7.309419872369126159e-01 3.754714036067353655e-01
4.096328236908783005e+00 7.327740822925776776e-01 7.045555969502984572e-01 7.342696907511598869e-01 3.772597684775033655e-01
4.082195331069560673e+00 7.360766652980604841e-01 7.076026021403459820e-01 7.376107513730880694e-01 3.790558017535842761e-01
4.068111185733866542e+00 7.393924039808119630e-01 7.106614693863648746e-01 7.409652080260249463e-01 3.808595285608675773e-01
4.054075632671144014e+00 7.427213363655196243e-01 7.137322328286336282e-01 7.443330995812430517e-01 3.826709740159139894e-01
4.040088504231241551e+00 7.460635004228211020e-01 7.168149265595258335e-01 7.477144648553125661e-01 3.844901632245798506e-01
4.026149633342436474e+00 7.494189340666593813e-01 7.199095846210417093e-01 7.511093426074062496e-01 3.863171212806273958e-01
4.012258853509425016e+00 7.527876751516107134e-01 7.230162410023072139e-01 7.545177715365756210e-01 3.881518732643310376e-01
3.998415998811325700e+00 7.561697614701773373e-01 7.261349296370324113e-01 7.579397902789917207e-01 3.899944442397645372e-01
3.984620903899722233e+00 7.595652307500349032e-01 7.292656844066347510e-01 7.613754374051395768e-01 3.918448592442234091e-01
3.970873403996657114e+00 7.629741206512582474e-01 7.324085391353174490e-01 7.648247514169886907e-01 3.937031433015077408e-01
3.957173334892697181e+00 7.663964687634943207e-01 7.355635275803036333e-01 7.682877707451116756e-01 3.955693214161837834e-01
3.943520532944936541e+00 7.698323126031140218e-01 7.387306834340353623e-01 7.717645337457794685e-01 3.974434185700794764e-01
3.929914835075074997e+00 7.732816896103129611e-01 7.419100403215442840e-01 7.752550786980039188e-01 3.993254597206913337e-01
3.916356078767453397e+00 7.767446371461820265e-01 7.451016317977927628e-01 7.787594438005519537e-01 4.012154697995594099e-01
3.902844102067101861e+00 7.802211924897415329e-01 7.483054913449829204e-01 7.822776671689195549e-01 4.031134737106062405e-01
3.889378743577836861e+00 7.837113928349266345e-01 7.515216523698237117e-01 7.858097868322577728e-01 4.050194963284365901e-01
3.875959842460295679e+00 7.872152752875472004e-01 7.547501482007753504e-01 7.893558407302723179e-01 4.069335624966088916e-01
3.862587238430049918e+00 7.907328768621952886e-01 7.579910120852473288e-01 7.929158667100684177e-01 4.088556970258658274e-01
3.849260771755659505e+00 7.942642344791254194e-01 7.612442771867746760e-01 7.964899025229703611e-01 4.107859246923383778e-01
3.835980283256792855e+00 7.978093849610824462e-01 7.645099765821479210e-01 8.000779858212858642e-01 4.127242702357103443e-01
3.822745614302312411e+00 8.013683650300968964e-01 7.677881432585165200e-01 8.036801541550381289e-01 4.146707583573552847e-01
3.809556606808368162e+00 8.049412113042403449e-01 7.710788101104573133e-01 8.072964449686572674e-01 4.166254137184420836e-01
3.796413103236535136e+00 8.085279602943296062e-01 7.743820099369984611e-01 8.109268955976198789e-01 4.185882609380043307e-01
3.783314946591906924e+00 8.121286484006031703e-01 7.776977754386235064e-01 8.145715432650599830e-01 4.205593245909864386e-01
3.770261980421239834e+00 8.157433119093415730e-01 7.810261392142233694e-01 8.182304250783245525e-01 4.225386292062533466e-01
3.757254048811076164e+00 8.193719869894540153e-01 7.843671337580239156e-01 8.219035780254934087e-01 4.245261992645755211e-01
3.744290996385871040e+00 8.230147096890224612e-01 7.877207914564759994e-01 8.255910389718580378e-01 4.265220591965849795e-01
3.731372668306160989e+00 8.266715159317935546e-01 7.910871445851010986e-01 8.292928446563456735e-01 4.285262333806990065e-01
3.718498910266686774e+00 8.303424415136386738e-01 7.944662253053121903e-01 8.330090316879135148e-01 4.305387461410237759e-01
3.705669568494576183e+00 8.340275220989565863e-01 7.978580656611855559e-01 8.367396365418846571e-01 4.325596217452228887e-01
3.692884489747483290e+00 8.377267932170471276e-01 8.012626975762070503e-01 8.404846955562526034e-01 4.345888844023676478e-01
3.680143521311779242e+00 8.414402902584220412e-01 8.046801528499694101e-01 8.442442449279279337e-01 4.366265582607548046e-01
3.667446511000718168e+00 8.451680484710840657e-01 8.081104631548386985e-01 8.480183207089477815e-01 4.386726674057034869e-01
3.654793307152609749e+00 8.489101029567571732e-01 8.115536600325842231e-01 8.518069588026404571e-01 4.407272358573275373e-01
3.642183758629030432e+00 8.526664886670622945e-01 8.150097748909591600e-01 8.556101949597335610e-01 4.427902875682795947e-01
3.629617714812994667e+00 8.564372403996598493e-01 8.184788390002565306e-01 8.594280647744300117e-01 4.448618464214780799e-01
3.617095025607177661e+00 8.602223927943299930e-01 8.219608834898113336e-01 8.632606036804220118e-01 4.469419362278040375e-01
3.604615541432096393e+00 8.640219803290212219e-01 8.254559393444761417e-01 8.671078469494711838e-01 4.490305807237832125e-01
3.592179113224352793e+00 8.678360373158353624e-01 8.289640374010450730e-01 8.709698296883711111e-01 4.511278035692384836e-01
3.579785592434834296e+00 8.716645979009461920e-01 8.324852083446433459e-01 8.748465868278934021e-01 4.532336283449255321e-01
3.567434831026936148e+00 8.755076960581958945e-01 8.360194827050785316e-01 8.787381531222701048e-01 4.553480785501484718e-01
3.555126681474811257e+00 8.793653655808504332e-01 8.395668908531392916e-01 8.826445631451257379e-01 4.574711776003478891e-01
3.542860996761586723e+00 8.832376400804424765e-01 8.431274629968666945e-01 8.865658512852846451e-01 4.596029488246784478e-01
3.530637630377630121e+00 8.871245529825894094e-01 8.467012291777676891e-01 8.905020517425125126e-01 4.617434154635564059e-01
3.518456436318774472e+00 8.910261375227769287e-01 8.502882192670023764e-01 8.944531985232269111e-01 4.638926006661977519e-01
3.506317269084599619e+00 8.949424267420845736e-01 8.538884629615115518e-01 8.984193254361447778e-01 4.660505274881278082e-01
3.494219983676678520e+00 8.988734534828717315e-01 8.575019897801114954e-01 9.024004660878914841e-01 4.682172188886781772e-01
3.482164435596842189e+00 9.028192503844190142e-01 8.611288290595440209e-01 9.063966538785623861e-01 4.703926977284654809e-01
3.470150480845473950e+00 9.067798498785103467e-01 8.647690099504722339e-01 9.104079219972267545e-01 4.725769867668452862e-01
3.458177975919759284e+00 9.107552841849854142e-01 8.684225614134450932e-01 9.144343034173979534e-01 4.747701086593579811e-01
3.446246777812005391e+00 9.147455853072286036e-01 8.720895122148014655e-01 9.184758308924403369e-01 4.769720859551467851e-01
3.434356744007900808e+00 9.187507850276277477e-01 8.757698909225424266e-01 9.225325369509448370e-01 4.791829410943681533e-01
3.422507732484839860e+00 9.227709149029692526e-01 8.794637259021436115e-01 9.266044538920399365e-01 4.814026964041924206e-01
3.410699601710212470e+00 9.268060062597991422e-01 8.831710453123278182e-01 9.306916137806668932e-01 4.836313740865012534e-01
3.398932210639708185e+00 9.308560901897361406e-01 8.868918771007917590e-01 9.347940484428061136e-01 4.858689962309837296e-01
3.387205418715650840e+00 9.349211975447266898e-01 8.906262489998735266e-01 9.389117894606453518e-01 4.881155848078276294e-01
3.375519085865296365e+00 9.390013589322718790e-01 8.943741885221856425e-01 9.430448681677161549e-01 4.903711616628377845e-01
3.363873072499178551e+00 9.430966047105878713e-01 8.981357229561840461e-01 9.471933156439666934e-01 4.926357485146052317e-01
3.352267239509437058e+00 9.472069649837341343e-01 9.019108793616974484e-01 9.513571627107976214e-01 4.949093669516372307e-01
3.340701448268142304e+00 9.513324695966923761e-01 9.056996845654039507e-01 9.555364399260494190e-01 4.971920384294450934e-01
3.329175560625663000e+00 9.554731481303888607e-01 9.095021651562487097e-01 9.597311775789323374e-01 4.994837842675827200e-01
3.317689438908991484e+00 9.596290298966869692e-01 9.133183474808233004e-01 9.639414056849243684e-01 5.017846256466518273e-01
3.306242945920122356e+00 9.638001439333139242e-01 9.171482576386764674e-01 9.681671539806040450e-01 5.040945836052572737e-01
3.294835944934392469e+00 9.679865189987602037e-01 9.209919214821365996e-01 9.724084519184530429e-01 5.064136790369302421e-01
3.283468299698864445e+00 9.721881835671146721e-01 9.248493646116432432e-01 9.766653286615956109e-01 5.087419326870042946e-01
3.272139874430694206e+00 9.764051658228645181e-01 9.287206123624458520e-01 9.809378130784996985e-01 5.110793651494565104e-01
3.260850533815499830e+00 9.806374936556472299e-01 9.326056898046301002e-01 9.852259337376318982e-01 5.134259968637115978e-01
3.249600143005760611e+00 9.848851946549471714e-01 9.365046217383519167e-01 9.895297189020533235e-01 5.157818481114025966e-01
3.238388567619192138e+00 9.891482961047597389e-01 9.404174326890047952e-01 9.938491965239842907e-01 5.181469390131033803e-01
3.227215673737154678e+00 9.934268249781923465e-01 9.443441469023247103e-01 9.981843942393038294e-01 5.205212895250158622e-01
3.216081327903037579e+00 9.977208079320358802e-01 9.482847883394696087e-01 1.002535339362019995e+00 5.229049194356316654e-01
3.204985397120683199e+00 1.002030271301272757e+00 9.522393806720373943e-01 1.006902058878674566e+00 5.252978483623507167e-01
3.193927748852786408e+00 1.006355241093549902e+00 9.562079472770533828e-01 1.011284579442713216e+00 5.277000957480723065e-01
3.182908251019309631e+00 1.010695742983603873e+00 9.601905112319121249e-01 1.015682927368806610e+00 5.301116808577525097e-01
3.171926771995918770e+00 1.015051802307629147e+00 9.641870953092686047e-01 1.020097128627113880e+00 5.325326227749251906e-01
3.160983180612390253e+00 1.019423444057615313e+00 9.681977219719000161e-01 1.024527208837515024e+00 5.349629403982002485e-01
3.150077346151070046e+00 1.023810692875620765e+00 9.722224133675106961e-01 1.028973193263777564e+00 5.374026524377210068e-01
3.139209138345285144e+00 1.028213573048015306e+00 9.762611913235103023e-01 1.033435106807694792e+00 5.398517774116035062e-01
3.128378427377808357e+00 1.032632108499663470e+00 9.803140773417352571e-01 1.037912974003158961e+00 5.423103336423361620e-01
3.117585083879302665e+00 1.037066322788064765e+00 9.843810925931395506e-01 1.042406819010197827e+00 5.447783392531586610e-01
3.106828978926763796e+00 1.041516239097455943e+00 9.884622579124430208e-01 1.046916665608965902e+00 5.472558121644142126e-01
3.096109984042000107e+00 1.045981880232847105e+00 9.925575937927296755e-01 1.051442537193674198e+00 5.497427700898668279e-01
3.085427971190077834e+00 1.050463268614033829e+00 9.966671203800204770e-01 1.055984456766491997e+00 5.522392305330053874e-01
3.074782812777808960e+00 1.054960426269540674e+00 1.000790857467789507e+00 1.060542446931383331e+00 5.547452107833109602e-01
3.064174381652221335e+00 1.059473374830532721e+00 1.004928824491452044e+00 1.065116529887906616e+00 5.572607279125080249e-01
3.053602551099028783e+00 1.064002135524677151e+00 1.009081040522810113e+00 1.069706727424969639e+00 5.597857987707911542e-01
3.043067194841138523e+00 1.068546729169948639e+00 1.013247524264450750e+00 1.074313060914522833e+00 5.623204399830232791e-01
3.032568187037119944e+00 1.073107176168403676e+00 1.017428294044118831e+00 1.078935551305224338e+00 5.648646679449216279e-01
3.022105402279724906e+00 1.077683496499889371e+00 1.021623367809034066e+00 1.083574219116038684e+00 5.674184988192122470e-01
3.011678715594366285e+00 1.082275709715723622e+00 1.025832763120187119e+00 1.088229084429807259e+00 5.699819485317739742e-01
3.001288002437645375e+00 1.086883834932311554e+00 1.030056497146580208e+00 1.092900166886753954e+00 5.725550327677535467e-01
2.990933138695855309e+00 1.091507890824724658e+00 1.034294586659438853e+00 1.097587485677954611e+00 5.751377669676674964e-01
2.980614000683491138e+00 1.096147895620235291e+00 1.038547048026388309e+00 1.102291059538760942e+00 5.777301663234860607e-01
2.970330465141789222e+00 1.100803867091789456e+00 1.042813897205579599e+00 1.107010906742163403e+00 5.803322457746930008e-01
2.960082409237238199e+00 1.105475822551451381e+00 1.047095149739793118e+00 1.111747045092126740e+00 5.829440200043373155e-01
2.949869710560128144e+00 1.110163778843781701e+00 1.051390820750488064e+00 1.116499491916857600e+00 5.855655034350588650e-01
2.939692247123069535e+00 1.114867752339187668e+00 1.055700924931834983e+00 1.121268264062045494e+00 5.881967102251083324e-01
2.929549897359554400e+00 1.119587758927206300e+00 1.060025476544689260e+00 1.126053377884038031e+00 5.908376542643412055e-01
2.919442540122496155e+00 1.124323814009755340e+00 1.064364489410543513e+00 1.130854849242981741e+00 5.934883491673845768e-01
2.909370054682775208e+00 1.129075932496378609e+00 1.068717976905440903e+00 1.135672693495942465e+00 5.961488082611738903e-01
2.899332320727814771e+00 1.133844128800482132e+00 1.073085951953842265e+00 1.140506925493382173e+00 5.988190445986869559e-01
2.889329218360121132e+00 1.138628416824547296e+00 1.077468427022473474e+00 1.145357559570109096e+00 6.014990709473907460e-01
2.879360628095877672e+00 1.143428809956439363e+00 1.081865414114117740e+00 1.150224609535751785e+00 6.041888997838432696e-01
2.869426430863489585e+00 1.148245321062818070e+00 1.086276924761391705e+00 1.155108088669272171e+00 6.068885432894784993e-01
2.859526508002185441e+00 1.153077962482266239e+00 1.090702970020469342e+00 1.160008009711988919e+00 6.095980133463428929e-01
2.849660741260589436e+00 1.157926746018387743e+00 1.095143560464779453e+00 1.164924384860570150e+00 6.123173215328007180e-01
2.839829012795302532e+00 1.162791682932863946e+00 1.099598706178671170e+00 1.169857225759980857e+00 6.150464791192035152e-01
2.830031205169512010e+00 1.167672783938462855e+00 1.104068416751029513e+00 1.174806543496379030e+00 6.177854970635161536e-01
2.820267201351567721e+00 1.172570059192026282e+00 1.108552701268877838e+00 1.179772348589987807e+00 6.205343860069194584e-01
2.810536884713605410e+00 1.177483518287404385e+00 1.113051568310923223e+00 1.184754650987911440e+00 6.232931562693685423e-01
2.800840139030133624e+00 1.182413170248373335e+00 1.117565025941088530e+00 1.189753460056931944e+00 6.260618178451298199e-01
2.791176848476662364e+00 1.187359023521502133e+00 1.122093081701989847e+00 1.194768784576253795e+00 6.288403803982773876e-01
2.781546897628313531e+00 1.192321085969000549e+00 1.126635742608397273e+00 1.199800632730225303e+00 6.316288532581663118e-01
2.771950171458430923e+00 1.197299364861536430e+00 1.131193015140655067e+00 1.204849012101027572e+00 6.344272454148770501e-01
2.762386555337228433e+00 1.202293866871010586e+00 1.135764905238061395e+00 1.209913929661321941e+00 6.372355655146275666e-01
2.752855935030398715e+00 1.207304598063324352e+00 1.140351418292229857e+00 1.214995391766883648e+00 6.400538218551682368e-01
2.743358196697764484e+00 1.212331563891100972e+00 1.144952559140401283e+00 1.220093404149190874e+00 6.428820223811434476e-01
2.733893226891916051e+00 1.217374769186394978e+00 1.149568332058732212e+00 1.225207971907999127e+00 6.457201746794365427e-01
2.724460912556842640e+00 1.222434218153378271e+00 1.154198740755800534e+00 1.230339099503890754e+00 6.485682859744926754e-01
2.715061141026604119e+00 1.227509914360989995e+00 1.158843788372833306e+00 1.235486790750787822e+00 6.514263631236153484e-01
2.705693800023964091e+00 1.232601860735588195e+00 1.163503477469362224e+00 1.240651048808462997e+00 6.542944126122546278e-01
2.696358777659066064e+00 1.237710059553556174e+00 1.168177810015307960e+00 1.245831876175007791e+00 6.571724405492661569e-01
2.687055962428082090e+00 1.242834512433915961e+00 1.172866787386694698e+00 1.251029274679304581e+00 6.600604526621656198e-01
2.677785243211893373e+00 1.247975220330903579e+00 1.177570410358926623e+00 1.256243245473460446e+00 6.629584542923588897e-01
2.668546509274758893e+00 1.253132183526542986e+00 1.182288679100052198e+00 1.261473789025237213e+00 6.658664503903661824e-01
2.659339650262983135e+00 1.258305401623204478e+00 1.187021593164017119e+00 1.266720905110469086e+00 6.687844455110338870e-01
2.650164556203616684e+00 1.263494873536139540e+00 1.191769151483887734e+00 1.271984592805452285e+00 6.717124438087314076e-01
2.641021117503122628e+00 1.268700597486021264e+00 1.196531352365079348e+00 1.277264850479344460e+00 6.746504490325475611e-01
2.631909224946086034e+00 1.273922570991458114e+00 1.201308193478555664e+00 1.282561675786531241e+00 6.775984645214719881e-01
2.622828769693891449e+00 1.279160790861516350e+00 1.206099671854033550e+00 1.287875065659007445e+00 6.805564931995804479e-01
2.613779643283438148e+00 1.284415253188218031e+00 1.210905783873164054e+00 1.293205016298729415e+00 6.835245375712066807e-01
2.604761737625839846e+00 1.289685953339044566e+00 1.215726525262715629e+00 1.298551523169977129e+00 6.865025997161191551e-01
2.595774945005123069e+00 1.294972885949438712e+00 1.220561891087754036e+00 1.303914580991710759e+00 6.894906812846984812e-01
2.586819158076961056e+00 1.300276044915287255e+00 1.225411875744804924e+00 1.309294183729912353e+00 6.924887834931066077e-01
2.577894269867369026e+00 1.305595423385425446e+00 1.230276472955030398e+00 1.314690324589945947e+00 6.954969071184723406e-01
2.569000173771446516e+00 1.310931013754116803e+00 1.235155675757388494e+00 1.320102996008897467e+00 6.985150524940673122e-01
2.560136763552087746e+00 1.316282807653557763e+00 1.240049476501810188e+00 1.325532189647937731e+00 7.015432195045012698e-01
2.551303933338724406e+00 1.321650795946364143e+00 1.244957866842359095e+00 1.330977896384668346e+00 7.045814075809135879e-01
2.542501577626057330e+00 1.327034968718074692e+00 1.249880837730412697e+00 1.336440106305487374e+00 7.076296156961813244e-01
2.533729591272789072e+00 1.332435315269661302e+00 1.254818379407842022e+00 1.341918808697960319e+00 7.106878423601385997e-01
2.524987869500382676e+00 1.337851824110030785e+00 1.259770481400190878e+00 1.347413992043186015e+00 7.137560856148007504e-01
2.516276307891792907e+00 1.343284482948556624e+00 1.264737132509880846e+00 1.352925644008193373e+00 7.168343430296150176e-01
2.507594802390235689e+00 1.348733278687600068e+00 1.269718320809407164e+00 1.358453751438326584e+00 7.199226116967146760e-01
2.498943249297935321e+00 1.354198197415054317e+00 1.274714033634560817e+00 1.363998300349658965e+00 7.230208882261989212e-01
2.490321545274883697e+00 1.359679224396902031e+00 1.279724257577662838e+00 1.369559275921418795e+00 7.261291687414325180e-01
2.481729587337617726e+00 1.365176344069774395e+00 1.284748978480802162e+00 1.375136662488418926e+00 7.292474488667758381e-01
2.473167272857972332e+00 1.370689540033543485e+00 1.289788181429110114e+00 1.380730443533522145e+00 7.323757237226546923e-01
2.464634499561874748e+00 1.376218795043909759e+00 1.294841850744029799e+00 1.386340601680104312e+00 7.355139879359436916e-01
2.456131165528100624e+00 1.381764091005032169e+00 1.299909969976633217e+00 1.391967118684560134e+00 7.386622356257238620e-01
2.447657169187077209e+00 1.387325408962153173e+00 1.304992521900933511e+00 1.397609975428807161e+00 7.418204603984241974e-01
2.439212409319659436e+00 1.392902729094261050e+00 1.310089488507240496e+00 1.403269151912830193e+00 7.449886553430827840e-01
2.430796785055916231e+00 1.398496030706772419e+00 1.315200850995537074e+00 1.408944627247248338e+00 7.481668130266064809e-01
2.422410195873941241e+00 1.404105292224227419e+00 1.320326589768872294e+00 1.414636379645892950e+00 7.513549254890230511e-01
2.414052541598632917e+00 1.409730491183027512e+00 1.325466684426803265e+00 1.420344386418437965e+00 7.545529842387478370e-01
2.405723722400517239e+00 1.415371604224178848e+00 1.330621113758847729e+00 1.426068623963032245e+00 7.577609802478418866e-01
2.397423638794538014e+00 1.421028607086086248e+00 1.335789855737985254e+00 1.431809067758989418e+00 7.609789039472890648e-01
2.389152191638880929e+00 1.426701474597353858e+00 1.340972887514180423e+00 1.437565692359484171e+00 7.642067452222700563e-01
2.380909282133786053e+00 1.432390180669633084e+00 1.346170185407949083e+00 1.443338471384300936e+00 7.674444934074536873e-01
2.372694811820360350e+00 1.438094698290498297e+00 1.351381724903967019e+00 1.449127377512614334e+00 7.706921372823024585e-01
2.364508682579415044e+00 1.443814999516347175e+00 1.356607480644701491e+00 1.454932382475792485e+00 7.739496650663830746e-01
2.356350796630279465e+00 1.449551055465351457e+00 1.361847426424105834e+00 1.460753457050261384e+00 7.772170644147077256e-01
2.348221056529646855e+00 1.455302836310425452e+00 1.367101535181336924e+00 1.466590571050384373e+00 7.804943224130788115e-01
2.340119365170395316e+00 1.461070311274531575e+00 1.372369778994536160e+00 1.472443693321406455e+00 7.837814255734716351e-01
2.332045625780443832e+00 1.466853448634160229e+00 1.377652129074640630e+00 1.478312791732419251e+00 7.870783598294253114e-01
2.323999741921586981e+00 1.472652215691845790e+00 1.382948555759252907e+00 1.484197833169384806e+00 7.903851105314695369e-01
2.315981617488338529e+00 1.478466578777201113e+00 1.388259028506564130e+00 1.490098783528205351e+00 7.937016624425793365e-01
2.307991156706799440e+00 1.484296503242322096e+00 1.393583515889312840e+00 1.496015607708575779e+00 7.970279997336519040e-01
2.300028264133493927e+00 1.490141953455195400e+00 1.398921985588821526e+00 1.501948269622313425e+00 8.003641059790298495e-01
2.292092844654248562e+00 1.496002892793156125e+00 1.404274404389064923e+00 1.507896732164446307e+00 8.037099641520447646e-01
2.284184803483039428e+00 1.501879283636446294e+00 1.409640738170816476e+00 1.513860957209213209e+00 8.070655566206155207e-01
2.276304046160873007e+00 1.507771087361829743e+00 1.415020951905837654e+00 1.519840905609603832e+00 8.104308651428703270e-01
2.268450478554652872e+00 1.513678264336307810e+00 1.420415009651140759e+00 1.525836537190879527e+00 8.138058708628236326e-01
2.260624006856048585e+00 1.519600773910914082e+00 1.425822874543310137e+00 1.531847810744185523e+00 8.171905543060973276e-01
2.252824537580390363e+00 1.525538574414586179e+00 1.431244508792882009e+00 1.537874684020240634e+00 8.205848953756810227e-01
2.245051977565534873e+00 1.531491623148146797e+00 1.436679873678806896e+00 1.543917113723146439e+00 8.239888733477568339e-01
2.237306233970767444e+00 1.537459876378355350e+00 1.442128929542971560e+00 1.549975055504269728e+00 8.274024668675644678e-01
2.229587214275686957e+00 1.543443289332069313e+00 1.447591635790631770e+00 1.556048463956242411e+00 8.308256539453303668e-01
2.221894826279094737e+00 1.549441816190500809e+00 1.453067950880578829e+00 1.562137292607063355e+00 8.342584119522564734e-01
2.214228978097906086e+00 1.555455410083562029e+00 1.458557832315582115e+00 1.568241493914289242e+00 8.377007176165610636e-01
2.206589578166040067e+00 1.561484023084328765e+00 1.464061236641497121e+00 1.574361019259358674e+00 8.411525470195959642e-01
2.198976535233337248e+00 1.567527606203590329e+00 1.469578119442237707e+00 1.580495818941999531e+00 8.446138755920186147e-01
2.191389758364457485e+00 1.573586109384528031e+00 1.475108435334878898e+00 1.586645842174773335e+00 8.480846781100456200e-01
2.183829156937805216e+00 1.579659481497479367e+00 1.480652137964830972e+00 1.592811037077713765e+00 8.515649286917663652e-01
2.176294640644442779e+00 1.585747670334831216e+00 1.486209180001137442e+00 1.598991350673094614e+00 8.550546007935407866e-01
2.168786119487005060e+00 1.591850622606027610e+00 1.491779513131879398e+00 1.605186728880320990e+00 8.585536672064739694e-01
2.161303503778637669e+00 1.597968283932678313e+00 1.497363088059671554e+00 1.611397116510924432e+00 8.620621000529633537e-01
2.153846704141911594e+00 1.604100598843808623e+00 1.502959854497291747e+00 1.617622457263708124e+00 8.655798707833426420e-01
2.146415631507769817e+00 1.610247510771210644e+00 1.508569761163401024e+00 1.623862693719991368e+00 8.691069501725974256e-01
2.139010197114447287e+00 1.616408962044938447e+00 1.514192755778402288e+00 1.630117767339012813e+00 8.726433083171843963e-01
2.131630312506426872e+00 1.622584893888911584e+00 1.519828785060392429e+00 1.636387618453437387e+00 8.761889146319286059e-01
2.124275889533374873e+00 1.628775246416660716e+00 1.525477794721253000e+00 1.642672186265016876e+00 8.797437378470266411e-01
2.116946840349081871e+00 1.634979958627207797e+00 1.531139729462859256e+00 1.648971408840385289e+00 8.833077460051438345e-01
2.109643077410428891e+00 1.641198968401061054e+00 1.536814532973400649e+00 1.655285223106978121e+00 8.868809064584202151e-01
2.102364513476324692e+00 1.647432212496374282e+00 1.542502147923850098e+00 1.661613564849117264e+00 8.904631858502947139e-01
2.095111061606680369e+00 1.653679626545221160e+00 1.548202515964538506e+00 1.667956368704214265e+00 8.940545501280438012e-01
2.087882635161354639e+00 1.659941145050031652e+00 1.553915577721884045e+00 1.674313568159145227e+00 8.976549645458572479e-01
2.080679147799131545e+00 1.666216701380154985e+00 1.559641272795232458e+00 1.680685095546750940e+00 9.012643936539876943e-01
2.073500513476685736e+00 1.672506227768581599e+00 1.565379539753848803e+00 1.687070882042504660e+00 9.048828012962721878e-01
2.066346646447546398e+00 1.678809655308817650e+00 1.571130316134046856e+00 1.693470857661332651e+00 9.085101506077261080e-01
2.059217461261089621e+00 1.685126913951892291e+00 1.576893538436441977e+00 1.699884951254575949e+00 9.121464040121982642e-01
2.052112872761498785e+00 1.691457932503547479e+00 1.582669142123374728e+00 1.706313090507133312e+00 9.157915232201172540e-01
2.045032796086764471e+00 1.697802638621555671e+00 1.588457061616447286e+00 1.712755201934741400e+00 9.194454692263015483e-01
2.037977146667655948e+00 1.704160958813224269e+00 1.594257230294237715e+00 1.719211210881441909e+00 9.231082023078658327e-01
2.030945840226724197e+00 1.710532818433039504e+00 1.600069580490138144e+00 1.725681041517192815e+00 9.267796820221985143e-01
2.023938792777288054e+00 1.716918141680488175e+00 1.605894043490360357e+00 1.732164616835660809e+00 9.304598672050347075e-01
2.016955920622427900e+00 1.723316851598049038e+00 1.611730549532095047e+00 1.738661858652188252e+00 9.341487159686203690e-01
2.009997140353997125e+00 1.729728870069335400e+00 1.617579027801812508e+00 1.745172687601913575e+00 9.378461856999604773e-01
2.003062368851610486e+00 1.736154117817438003e+00 1.623439406433742960e+00 1.751697023138093501e+00 9.415522330591747924e-01
1.996151523281667117e+00 1.742592514403413340e+00 1.629311612508498985e+00 1.758234783530578937e+00 9.452668139779409895e-01
1.989264521096351324e+00 1.749043978224968710e+00 1.635195572051870494e+00 1.764785885864485815e+00 9.489898836580464847e-01
1.982401280032646262e+00 1.755508426515327125e+00 1.641091210033790659e+00 1.771350246039050447e+00 9.527213965700446208e-01
1.975561718111359388e+00 1.761985775342254312e+00 1.646998450367449074e+00 1.777927778766653200e+00 9.564613064520079977e-01
1.968745753636130580e+00 1.768475939607301761e+00 1.652917215908600079e+00 1.784518397572054438e+00 9.602095663084070365e-01
1.961953305192471575e+00 1.774978833045204540e+00 1.658847428455021200e+00 1.791122014791793449e+00 9.639661284090826898e-01
1.955184291646778094e+00 1.781494368223497826e+00 1.664789008746163423e+00 1.797738541573807858e+00 9.677309442883518242e-01
1.948438632145373051e+00 1.788022456542301519e+00 1.670741876462962683e+00 1.804367887877221577e+00 9.715039647442127446e-01
1.941716246113536437e+00 1.794563008234314028e+00 1.676705950227839859e+00 1.811009962472347246e+00 9.752851398376843894e-01
1.935017053254536767e+00 1.801115932365006556e+00 1.682681147604884186e+00 1.817664672940889403e+00 9.790744188922630986e-01
1.928340973548684723e+00 1.807681136832997915e+00 1.688667385100205198e+00 1.824331925676330624e+00 9.828717504934997296e-01
1.921687927252363037e+00 1.814258528370657597e+00 1.694664578162491386e+00 1.831011625884551242e+00 9.866770824887164393e-01
1.915057834897087696e+00 1.820848012544887373e+00 1.700672641183732736e+00 1.837703677584624939e+00 9.904903619868378195e-01
1.908450617288545592e+00 1.827449493758136700e+00 1.706691487500158200e+00 1.844407983609853474e+00 9.943115353583721339e-01
1.901866195505659940e+00 1.834062875249601765e+00 1.712721029393340588e+00 1.851124445608988367e+00 9.981405482355129033e-01
1.895304490899643257e+00 1.840688059096657669e+00 1.718761178091515296e+00 1.857852964047681077e+00 1.001977345512386597e+00
1.888765425093051675e+00 1.847324946216498898e+00 1.724811843771089093e+00 1.864593438210152332e+00 1.005821871345442986e+00
1.882248919978861679e+00 1.853973436367987615e+00 1.730872935558339654e+00 1.871345766201063077e+00 1.009674069153975617e+00
1.875754897719522418e+00 1.860633428153740665e+00 1.736944361531332914e+00 1.878109844947632556e+00 1.013533881620805266e+00
1.869283280746040887e+00 1.867304819023847262e+00 1.743026028722020948e+00 1.884885570201951355e+00 1.017401250693092507e+00
1.862833991757041563e+00 1.873987505307290080e+00 1.749117843118574767e+00 1.891672836543551561e+00 1.021276117583317822e+00
1.856406953717854025e+00 1.880681382164446358e+00 1.755219709667891426e+00 1.898471537382176999e+00 1.025158422770397815e+00
1.850002089859587917e+00 1.887386343600280458e+00 1.761331532278337386e+00 1.905281564960803919e+00 1.029048106000967078e+00
1.843619323678212130e+00 1.894102282481450406e+00 1.767453213822695490e+00 1.912102810358894178e+00 1.032945106290816817e+00
1.837258578933650854e+00 1.900829090539274402e+00 1.773584656141314220e+00 1.918935163495867346e+00 1.036849361926480917e+00
1.830919779648861878e+00 1.907566658373012869e+00 1.779725760045498095e+00 1.925778513134838610e+00 1.040760810467002306e+00
1.824602850108937968e+00 1.914314875453414277e+00 1.785876425321087702e+00 1.932632746890956987e+00 1.044679388745844095e+00
1.818307714860200042e+00 1.921073630126562959e+00 1.792036550737388767e+00 1.939497751275197857e+00 1.048605032872978127e+00
1.812034298709288782e+00 1.927842809618012687e+00 1.798206034047098445e+00 1.946373411617727589e+00 1.052537678237144059e+00
1.805782526722280013e+00 1.934622300037183162e+00 1.804384771982468605e+00 1.953259612100831211e+00 1.056477259508264099e+00
1.799552324223775202e+00 1.941411986382066024e+00 1.810572660267962597e+00 1.960156235778139022e+00 1.060423710640049810e+00
1.793343616796023055e+00 1.948211752544178665e+00 1.816769593624740109e+00 1.967063164579158530e+00 1.064376964872763898e+00
1.787156330278016458e+00 1.955021481313822251e+00 1.822975465775354298e+00 1.973980279314152764e+00 1.068336954736178734e+00
1.780990390764620734e+00 1.961841054385591754e+00 1.829190169448665415e+00 1.980907459679307481e+00 1.072303612052694310e+00
1.774845724605682351e+00 1.968670352364170206e+00 1.835413596385012447e+00 1.987844584262228098e+00 1.076276867926207581e+00
1.768722258405148517e+00 1.975509254770398071e+00 1.841645637341629005e+00 1.994791530547745495e+00 1.080256652747431767e+00
1.762619919020196990e+00 1.982357640047589520e+00 1.847886182098280372e+00 2.001748174924007806e+00 1.084242896223577945e+00
1.756538633560354556e+00 1.989215385568144923e+00 1.854135119463168557e+00 2.008714392688902173e+00 1.088235527364398214e+00
1.750478329386634835e+00 1.996082367640396260e+00 1.860392337279045183e+00 2.015690058056748502e+00 1.092234474485871187e+00
1.744438934110660755e+00 2.002958461515745636e+00 1.866657722429592825e+00 2.022675044165310965e+00 1.096239665214175707e+00
1.738420375593809686e+00 2.009843541396032496e+00 1.872931160846014631e+00 2.029669223083083729e+00 1.100251026489774464e+00
1.732422581946347240e+00 2.016737480441184616e+00 1.879212537513877068e+00 2.036672465816874666e+00 1.104268484571633069e+00
1.726445481526564407e+00 2.023640150777115565e+00 1.885501736480188928e+00 2.043684642319679945e+00 1.108291965041567906e+00
1.720489002939932011e+00 2.030551423503864417e+00 1.891798640860690828e+00 2.050705621498822850e+00 1.112321392808713005e+00
1.714553075038235619e+00 2.037471168704013902e+00 1.898103132847409391e+00 2.057735271224393703e+00 1.116356692114138793e+00
1.708637626918738661e+00 2.044399255451324393e+00 1.904415093716406826e+00 2.064773458337942902e+00 1.120397786535586526e+00
1.702742587923322892e+00 2.051335551819648995e+00 1.910734403835792294e+00 2.071820048661469293e+00 1.124444598992358380e+00
1.696867887637654393e+00 2.058279924892064461e+00 1.917060942673930235e+00 2.078874907006656336e+00 1.128497051750330549e+00
1.691013455890338912e+00 2.065232240770264571e+00 1.923394588807896932e+00 2.085937897184386269e+00 1.132555066427116230e+00
1.685179222752079653e+00 2.072192364584194202e+00 1.929735219932153800e+00 2.093008882014520733e+00 1.136618563997376041e+00
1.679365118534849710e+00 2.079160160501900556e+00 1.936082712867435829e+00 2.100087723335918977e+00 1.140687464798253670e+00
1.673571073791051855e+00 2.086135491739656178e+00 1.942436943569876284e+00 2.107174282016745170e+00 1.144761688534981614e+00
1.667797019312696749e+00 2.093118220572278254e+00 1.948797787140331694e+00 2.114268417964989766e+00 1.148841154286610156e+00
1.662042886130568276e+00 2.100108208343717031e+00 1.955165117833946864e+00 2.121369990139279516e+00 1.152925780511903531e+00
1.656308605513406196e+00 2.107105315477840968e+00 1.961538809069911515e+00 2.128478856559897547e+00 1.157015485055368664e+00
1.650594108967084805e+00 2.114109401489471463e+00 1.967918733441447854e+00 2.135594874320068115e+00 1.161110185153443775e+00
1.644899328233786928e+00 2.121120324995644069e+00 1.974304762726009521e+00 2.142717899597482489e+00 1.165209797440837747e+00
1.639224195291200781e+00 2.128137943727071324e+00 1.980696767895674393e+00 2.149847787666038901e+00 1.169314237957009395e+00
1.633568642351694633e+00 2.135162114539857381e+00 1.987094619127769413e+00 2.156984392907843162e+00 1.173423422152813034e+00
1.627932601861518780e+00 2.142192693427402705e+00 1.993498185815680390e+00 2.164127568825415349e+00 1.177537264897282832e+00
1.622316006499993080e+00 2.149229535532547253e+00 1.999907336579875849e+00 2.171277168054133622e+00 1.181655680484576587e+00
1.616718789178698712e+00 2.156272495159919700e+00 2.006321939279138267e+00 2.178433042374908979e+00 1.185778582641073831e+00
1.611140883040687033e+00 2.163321425788494068e+00 2.012741861021976497e+00 2.185595042727055848e+00 1.189905884532616254e+00
1.605582221459670000e+00 2.170376180084371054e+00 2.019166968178264021e+00 2.192763019221406040e+00 1.194037498771913564e+00
1.600042738039234358e+00 2.177436609913744991e+00 2.025597126391037950e+00 2.199936821153611888e+00 1.198173337426087670e+00
1.594522366612038944e+00 2.184502566356105735e+00 2.032032200588528070e+00 2.207116297017680751e+00 1.202313312024384295e+00
1.589021041239032872e+00 2.191573899717613738e+00 2.038472054996346650e+00 2.214301294519695595e+00 1.206457333566020251e+00
1.583538696208664609e+00 2.198650459544694513e+00 2.044916553149882077e+00 2.221491660591750961e+00 1.210605312528191924e+00
1.578075266036092383e+00 2.205732094637838259e+00 2.051365557906884352e+00 2.228687241406091868e+00 1.214757158874236076e+00
1.572630685462411693e+00 2.212818653065566021e+00 2.057818931460213552e+00 2.235887882389432146e+00 1.218912782061929434e+00
1.567204889453864824e+00 2.219909982178629893e+00 2.064276535350794806e+00 2.243093428237488585e+00 1.223072091051950805e+00
1.561797813201075691e+00 2.227005928624369524e+00 2.070738230480732245e+00 2.250303722929680283e+00 1.227234994316478200e+00
1.556409392118263124e+00 2.234106338361285360e+00 2.077203877126617471e+00 2.257518609744042504e+00 1.231401399847948275e+00
1.551039561842480818e+00 2.241211056673780622e+00 2.083673334952993894e+00 2.264737931272294169e+00 1.235571215167946546e+00
1.545688258232843948e+00 2.248319928187097361e+00 2.090146463026007595e+00 2.271961529435106097e+00 1.239744347336252162e+00
1.540355417369757784e+00 2.255432796882441693e+00 2.096623119827226489e+00 2.279189245497546867e+00 1.243920702960029878e+00
1.535040975554164744e+00 2.262549506112266240e+00 2.103103163267611819e+00 2.286420920084678787e+00 1.248100188203150607e+00
1.529744869306772781e+00 2.269669898615765291e+00 2.109586450701677052e+00 2.293656393197357701e+00 1.252282708795671384e+00
1.524467035367307988e+00 2.276793816534508963e+00 2.116072838941782219e+00 2.300895504228164246e+00 1.256468170043436139e+00
1.519207410693746985e+00 2.283921101428285194e+00 2.122562184272615227e+00 2.308138091977534057e+00 1.260656476837833884e+00
1.513965932461575070e+00 2.291051594291082960e+00 2.129054342465799721e+00 2.315383994670014545e+00 1.264847533665675261e+00
1.508742538063030381e+00 2.298185135567266890e+00 2.135549168794681485e+00 2.322633049970701524e+00 1.269041244619216968e+00
1.503537165106353157e+00 2.305321565167910869e+00 2.142046518049256054e+00 2.329885095001826389e+00 1.273237513406316301e+00
1.498349751415048337e+00 2.312460722487286624e+00 2.148546244551236661e+00 2.337139966359477405e+00 1.277436243360708712e+00
1.493180235027133929e+00 2.319602446419536168e+00 2.155048202169284721e+00 2.344397500130493750e+00 1.281637337452429470e+00
1.488028554194409381e+00 2.326746575375475246e+00 2.161552244334363770e+00 2.351657531909477239e+00 1.285840698291954798e+00
1.482894647381713948e+00 2.333892947300556298e+00 2.168058224055246619e+00 2.358919896815962147e+00 1.290046228114103855e+00
1.477778453266187286e+00 2.341041399782445964e+00 2.174565993934160169e+00 2.366184429511720477e+00 1.294253828843705101e+00
1.472679910736547804e+00 2.348191769950723540e+00 2.181075406186191223e+00 2.373450964218186243e+00 1.298463402084589546e+00
1.467598958892350591e+00 2.355343894469285715e+00 2.187586312677795686e+00 2.380719334734033854e+00 1.302674849125343259e+00
1.462535537043270883e+00 2.362497609613684713e+00 2.194098564899092274e+00 2.387989374452857305e+00 1.306888070950378733e+00
1.457489584708369312e+00 2.369652751288247927e+00 2.200612013993953120e+00 2.395260916381001248e+00 1.311102968251069978e+00
1.452461041615377368e+00 2.376809155043357880e+00 2.207126510781720619e+00 2.402533793155484876e+00 1.315319441436908710e+00
1.447449847699974868e+00 2.383966656092905811e+00 2.213641905773500618e+00 2.409807837062063474e+00 1.319537390646717601e+00
1.442455943105068084e+00 2.391125089331918030e+00 2.220158049188568405e+00 2.417082880053400107e+00 1.323756715759903946e+00
1.437479268180083647e+00 2.398284289354307930e+00 2.226674790970853302e+00 2.424358753767333674e+00 1.327977316407747299e+00
1.432519763480245567e+00 2.405444090470811425e+00 2.233191980805552035e+00 2.431635289662144928e+00 1.332199091984745065e+00
1.427577369765876458e+00 2.412604326727031623e+00 2.239709468135805626e+00 2.438912318947036528e+00 1.336421941659985180e+00
1.422652028001678337e+00 2.419764831921645154e+00 2.246227102179496171e+00 2.446189672444359253e+00 1.340645764388577854e+00
1.417743679356037623e+00 2.426925439624707970e+00 2.252744731946100476e+00 2.453467180749193677e+00 1.344870458923115741e+00
1.412852265200317703e+00 2.434085983196103253e+00 2.259262206253645378e+00 2.460744674247776320e+00 1.349095923825185617e+00
1.407977727108155053e+00 2.441246295804096800e+00 2.265779373745733682e+00 2.468021983135765929e+00 1.353322057476919582e+00
1.403120006854770896e+00 2.448406210443988762e+00 2.272296082908627834e+00 2.475298937436617219e+00 1.357548758092583796e+00
1.398279046416264437e+00 2.455565559956879973e+00 2.278812182088427285e+00 2.482575367020109169e+00 1.361775923730212723e+00
1.393454787968930741e+00 2.462724177048514651e+00 2.285327519508276950e+00 2.489851101620956353e+00 1.366003452303275134e+00
1.388647173888559960e+00 2.469881894308227466e+00 2.291841943285662264e+00 2.497125970857562827e+00 1.370231241592389404e+00
1.383856146749757432e+00 2.477038544227947447e+00 2.298355301449729993e+00 2.504399804250845740e+00 1.374459189257062564e+00
1.379081649325253567e+00 2.484193959221288939e+00 2.304867441958674767e+00 2.511672431243175296e+00 1.378687192847473320e+00
1.374323624585218173e+00 2.491347971642706494e+00 2.311378212717164260e+00 2.518943681217401309e+00 1.382915149816290823e+00
1.369582015696586108e+00 2.498500413806691522e+00 2.317887461593789666e+00 2.526213383515943267e+00 1.387142957530515863e+00
1.364856766022369605e+00 2.505651118007043099e+00 2.324395036438570372e+00 2.533481367459978539e+00 1.391370513283365140e+00
1.360147819120991475e+00 2.512799916536156086e+00 2.330900785100457284e+00 2.540747462368673215e+00 1.395597714306173298e+00
1.355455118745600984e+00 2.519946641704371437e+00 2.337404555444890786e+00 2.548011497578495987e+00 1.399824457780334486e+00
1.350778608843409945e+00 2.527091125859330045e+00 2.343906195371341372e+00 2.555273302462560459e+00 1.404050640849253240e+00
1.346118233555021249e+00 2.534233201405368341e+00 2.350405552830885814e+00 2.562532706450031839e+00 1.408276160630335561e+00
1.341473937213755852e+00 2.541372700822921882e+00 2.356902475843785538e+00 2.569789539045569171e+00 1.412500914226989313e+00
1.336845664344997520e+00 2.548509456687929831e+00 2.363396812517048584e+00 2.577043629848783546e+00 1.416724798740644164e+00
1.332233359665521588e+00 2.555643301691255864e+00 2.369888411062011979e+00 2.584294808573746494e+00 1.420947711282795289e+00
1.327636968082839930e+00 2.562774068658084214e+00 2.376377119811889038e+00 2.591542905068486835e+00 1.425169548987049284e+00
1.323056434694542816e+00 2.569901590567312155e+00 2.382862787239319768e+00 2.598787749334520392e+00 1.429390209021189184e+00
1.318491704787637220e+00 2.577025700570930056e+00 2.389345261973890633e+00 2.606029171546378365e+00 1.433609588599250140e+00
1.313942723837902449e+00 2.584146232013349032e+00 2.395824392819622783e+00 2.613267002071117062e+00 1.437827584993585317e+00
1.309409437509229113e+00 2.591263018450724154e+00 2.402300028772442531e+00 2.620501071487839173e+00 1.442044095546956006e+00
1.304891791652980082e+00 2.598375893670204828e+00 2.408772019037592305e+00 2.627731210607175516e+00 1.446259017684599746e+00
1.300389732307333679e+00 2.605484691709164302e+00 2.415240213047021189e+00 2.634957250490762348e+00 1.450472248926315322e+00
1.295903205696647964e+00 2.612589246874349236e+00 2.421704460476699516e+00 2.642179022470665828e+00 1.454683686898519790e+00
1.291432158230813476e+00 2.619689393760975094e+00 2.428164611263898820e+00 2.649396358168782495e+00 1.458893229346312381e+00
1.286976536504611746e+00 2.626784967271763804e+00 2.434620515624404291e+00 2.656609089516194011e+00 1.463100774145522198e+00
1.282536287297084021e+00 2.633875802635869512e+00 2.441072024069647739e+00 2.663817048772449958e+00 1.467306219314725491e+00
1.278111357570886453e+00 2.640961735427759471e+00 2.447518987423788595e+00 2.671020068544820436e+00 1.471509463027264264e+00
1.273701694471666590e+00 2.648042601585966160e+00 2.453961256840689664e+00 2.678217981807446080e+00 1.475710403623219591e+00
1.269307245327421674e+00 2.655118237431767447e+00 2.460398683820837817e+00 2.685410621920451657e+00 1.479908939621376485e+00
1.264927957647878465e+00 2.662188479687740639e+00 2.466831120228141216e+00 2.692597822648941097e+00 1.484104969731141033e+00
1.260563779123862638e+00 2.669253165496209501e+00 2.473258418306652828e+00 2.699779418181930790e+00 1.488298392864431996e+00
1.256214657626670395e+00 2.676312132437578040e+00 2.479680430697184690e+00 2.706955243151181190e+00 1.492489108147535326e+00
1.251880541207453401e+00 2.683365218548513731e+00 2.486097010453802270e+00 2.714125132649911620e+00 1.496677014932903838e+00
1.247561378096590179e+00 2.690412262340021510e+00 2.492508011060218909e+00 2.721288922251429376e+00 1.500862012810927126e+00
1.243257116703075926e+00 2.697453102815347670e+00 2.498913286446053039e+00 2.728446448027616711e+00 1.505044001621631100e+00
1.238967705613897241e+00 2.704487579487759863e+00 2.505312691002975267e+00 2.735597546567319682e+00 1.509222881466341759e+00
1.234693093593426827e+00 2.711515532398142803e+00 2.511706079600700470e+00 2.742742054994579792e+00 1.513398552719273482e+00
1.230433229582806876e+00 2.718536802132447860e+00 2.518093307602853326e+00 2.749879810986749273e+00 1.517570916018408544e+00
1.226188062699336889e+00 2.725551229838968581e+00 2.524474230882693071e+00 2.757010652792455385e+00 1.521739872267147131e+00
1.221957542235872829e+00 2.732558657245418132e+00 2.530848705838659729e+00 2.764134419249399066e+00 1.525905322708737799e+00
1.217741617660213604e+00 2.739558926675851325e+00 2.537216589409796885e+00 2.771250949802022134e+00 1.530067168900758112e+00
1.213540238614503775e+00 2.746551881067357037e+00 2.543577739090971956e+00 2.778360084518976869e+00 1.534225312725075785e+00
1.209353354914630030e+00 2.753537363986576114e+00 2.549932012947953464e+00 2.785461664110445046e+00 1.538379656399055273e+00
1.205180916549618120e+00 2.760515219646001661e+00 2.556279269632302675e+00 2.792555529945274451e+00 1.542530102486638910e+00
1.201022873681042435e+00 2.767485292920053297e+00 2.562619368396066299e+00 2.799641524067910670e+00 1.546676553909287710e+00
1.196879176642423381e+00 2.774447429360946238e+00 2.568952169106301309e+00 2.806719489215162344e+00 1.550818913956808709e+00
1.192749775938641621e+00 2.781401475214311247e+00 2.575277532259380386e+00 2.813789268832734169e+00 1.554957086298038638e+00
1.188634622245338113e+00 2.788347277434592986e+00 2.581595318995119293e+00 2.820850707091582255e+00 1.559090974991411693e+00
1.184533666408333907e+00 2.795284683700186346e+00 2.587905391110662201e+00 2.827903648904028344e+00 1.563220484495386309e+00
1.180446859443037733e+00 2.802213542428331650e+00 2.594207611074180075e+00 2.834947939939663542e+00 1.567345519678744914e+00
1.176374152533860018e+00 2.809133702789752718e+00 2.600501842038334566e+00 2.841983426641029986e+00 1.571465985830772016e+00
1.172315497033635356e+00 2.816045014723006279e+00 2.606787947853501208e+00 2.849009956239044072e+00 1.575581788671281958e+00
1.168270844463033642e+00 2.822947328948589352e+00 2.613065793081718269e+00 2.856027376768201176e+00 1.579692834360536979e+00
1.164240146509989637e+00 2.829840496982726439e+00 2.619335243092937304e+00 2.863035537081506376e+00 1.583799029509014744e+00
1.160223355029117442e+00 2.836724371150907587e+00 2.625596163998814792e+00 2.870034286865170259e+00 1.587900281187061280e+00
1.156220422041142060e+00 2.843598804601090713e+00 2.631848422625209238e+00 2.877023476653016942e+00 1.591996496934393601e+00
1.152231299732324077e+00 2.850463651316626823e+00 2.638091886567892619e+00 2.884002957840635872e+00 1.596087584769485090e+00
1.148255940453885460e+00 2.857318766128868148e+00 2.644326424205480919e+00 2.890972582699256943e+00 1.600173453198812989e+00
1.144294296721446669e+00 2.864164004729443214e+00 2.650551904712140860e+00 2.897932204389320088e+00 1.604254011225966892e+00
1.140346321214451786e+00 2.870999223682229928e+00 2.656768198070112330e+00 2.904881676973778859e+00 1.608329168360636885e+00
1.136411966775612070e+00 2.877824280434966298e+00 2.662975175082007429e+00 2.911820855431074051e+00 1.612398834627452260e+00
1.132491186410333306e+00 2.884639033498893390e+00 2.669172707382911458e+00 2.918749595667833763e+00 1.616462920574706086e+00
1.128583933286162466e+00 2.891443342603817079e+00 2.675360667452265417e+00 2.925667754531225739e+00 1.620521337282925245e+00
1.124690160732225719e+00 2.898237068116489290e+00 2.681538928625549101e+00 2.932575189821010397e+00 1.624573996373323448e+00
1.120809822238665987e+00 2.905020071343232146e+00 2.687707365105747925e+00 2.939471760301266112e+00 1.628620810016115694e+00
1.116942871456096942e+00 2.911792214556929714e+00 2.693865851974602155e+00 2.946357325711757458e+00 1.632661690938690180e+00
1.113089262195039453e+00 2.918553361009199154e+00 2.700014265203660724e+00 2.953231746778993472e+00 1.636696552433661855e+00
1.109248948425378467e+00 2.925303374942296752e+00 2.706152481665096143e+00 2.960094885226901784e+00 1.640725308366774771e+00
1.105421884275805677e+00 2.932042121600813456e+00 2.712280379142339548e+00 2.966946603787178560e+00 1.644747873184687847e+00
1.101608024033278177e+00 2.938769467243103506e+00 2.718397836340461726e+00 2.973786766209248977e+00 1.648764161922608329e+00
1.097807322142469122e+00 2.945485279152488367e+00 2.724504732896370740e+00 2.980615237269871542e+00 1.652774090211804214e+00
1.094019733205221279e+00 2.952189425648222620e+00 2.730600949388781729e+00 2.987431882782366266e+00 1.656777574286981691e+00
1.090245211980011009e+00 2.958881776096196514e+00 2.736686367347955340e+00 2.994236569605441822e+00 1.660774530993516240e+00
1.086483713381400706e+00 2.965562200919423574e+00 2.742760869265251422e+00 3.001029165651656339e+00 1.664764877794564724e+00
1.082735192479506559e+00 2.972230571608262206e+00 2.748824338602423367e+00 3.007809539895450968e+00 1.668748532778033367e+00
1.078999604499459197e+00 2.978886760730407701e+00 2.754876659800724603e+00 3.014577562380799769e+00 1.672725414663412291e+00
1.075276904820866131e+00 2.985530641940639107e+00 2.760917718289785050e+00 3.021333104228441258e+00 1.676695442808482372e+00
1.071567048977284831e+00 2.992162089990307194e+00 2.766947400496255316e+00 3.028076037642677409e+00 1.680658537215877102e+00
1.067869992655684497e+00 2.998780980736603041e+00 2.772965593852247945e+00 3.034806235973371624e+00 1.684614618539523212e+00
1.064185691695924918e+00 3.005387191151547732e+00 2.778972186803539746e+00 3.041523574507705607e+00 1.688563608090931423e+00
1.060514102090220012e+00 3.011980599330770225e+00 2.784967068817563618e+00 3.048227929304853756e+00 1.692505427845370836e+00
1.056855179982620019e+00 3.018561084502008551e+00 2.790950130391164130e+00 3.054919177330943647e+00 1.696440000447891894e+00
1.053208881668483921e+00 3.025128527033378312e+00 2.796921263058138152e+00 3.061597196711500324e+00 1.700367249219226995e+00
1.049575163593955418e+00 3.031682808441400923e+00 2.802880359396547227e+00 3.068261866739621535e+00 1.704287098161558989e+00
1.045953982355448675e+00 3.038223811398756524e+00 2.808827313035797690e+00 3.074913067883878526e+00 1.708199471964139349e+00
1.042345294699122737e+00 3.044751419741817067e+00 2.814762018663507170e+00 3.081550681795989011e+00 1.712104296008796434e+00
1.038749057520371499e+00 3.051265518477906280e+00 2.820684372032123743e+00 3.088174591318207707e+00 1.716001496375287427e+00
1.035165227863303228e+00 3.057765993792329162e+00 2.826594269965340356e+00 3.094784680490487716e+00 1.719890999846536150e+00
1.031593762920232082e+00 3.064252733055131017e+00 2.832491610364256562e+00 3.101380834557364796e+00 1.723772733913723210e+00
1.028034620031164525e+00 3.070725624827615352e+00 2.838376292213327989e+00 3.107962939974603600e+00 1.727646626781248695e+00
1.024487756683287731e+00 3.077184558868617970e+00 2.844248215586081319e+00 3.114530884415591672e+00 1.731512607371568757e+00
1.020953130510467544e+00 3.083629426140505281e+00 2.850107281650587687e+00 3.121084556777462105e+00 1.735370605329883853e+00
1.017430699292734886e+00 3.090060118814943912e+00 2.855953392674722924e+00 3.127623847186991934e+00 1.739220551028710426e+00
1.013920420955789492e+00 3.096476530278394534e+00 2.861786452031172434e+00 3.134148647006218091e+00 1.743062375572309142e+00
1.010422253570489870e+00 3.102878555137376093e+00 2.867606364202230917e+00 3.140658848837830863e+00 1.746896010800986998e+00
1.006936155352358364e+00 3.109266089223446716e+00 2.873413034784334741e+00 3.147154346530291136e+00 1.750721389272574147e+00
1.003462084661079334e+00 3.115639029597949694e+00 2.879206370492393585e+00 3.153635035182714486e+00 1.754538444243619377e+00
1.000000000000000000e+00 3.121997274556503221e+00 2.884986279163865408e+00 3.160100811149500810e+00 1.758347109752843140e+00
