# Evolution of |delta_b| for k = 8000 /Mpc (Fig. 5, arXiv:2604.22665)
# z+1, then |delta_b| for cases: costheta = 0.2   early subsonic; costheta = 0.67  late subsonic; v_{rm DM} = 0  no relative drift; costheta = 1   supersonic
1.000999999999999773e+03 1.438866196049742354e-05 1.438866196049742354e-05 1.438866196049742354e-05 1.438866196049742354e-05
9.975464098756544900e+02 1.444650932436119013e-05 1.444506214221573514e-05 1.444665178979568287e-05 1.444313787257806356e-05
9.941047351206877920e+02 1.445901685403754591e-05 1.443666418669982591e-05 1.446125780195176736e-05 1.440809522530042152e-05
9.906749346254053989e+02 1.442188374472529255e-05 1.431500632951588175e-05 1.443290674302947327e-05 1.418678473422739039e-05
9.872569674219508897e+02 1.432931519761290132e-05 1.401651415462100969e-05 1.436275624709223865e-05 1.367175679205326999e-05
9.838507926838095727e+02 1.417530990761478931e-05 1.348045923267713536e-05 1.425267372759229882e-05 1.279103080373177638e-05
9.804563697253269083e+02 1.395533004779464255e-05 1.266503213721880627e-05 1.410520345218677531e-05 1.153576437445151800e-05
9.770736580012161312e+02 1.366828822682465892e-05 1.155942506491092813e-05 1.392352204879877760e-05 9.965321362034443216e-06
9.737026171060803108e+02 1.331881649726146497e-05 1.019280049160532387e-05 1.371138350989083125e-05 8.193318206344580784e-06
9.703432067739265676e+02 1.291979502212869088e-05 8.643940512616445109e-06 1.347305421422339303e-05 6.361103411067814043e-06
9.669953868776829040e+02 1.249505104883111329e-05 7.059856652361028140e-06 1.321323971499564979e-05 4.609335103197702602e-06
9.636591174287244712e+02 1.208187950310512375e-05 5.695555260440323367e-06 1.293700398016271800e-05 3.077103342111476939e-06
9.603343585763897181e+02 1.173243161361482215e-05 4.941804613067067604e-06 1.264968277608128083e-05 2.040304029224809191e-06
9.570210706075105236e+02 1.151205599945187897e-05 5.105833609894137869e-06 1.235679258115607438e-05 2.155563177416568154e-06
9.537192139459317559e+02 1.149203657567360427e-05 6.007842672991979866e-06 1.206393662801753709e-05 3.350527078192910180e-06
9.504287491520435651e+02 1.173571689483927732e-05 7.217007212803350619e-06 1.177670962954202012e-05 4.992102927007567555e-06
9.471496369223089005e+02 1.228202771533986705e-05 8.438744095095016513e-06 1.150060283514787063e-05 6.810880360061539691e-06
9.438818380887903459e+02 1.313515621998471449e-05 9.537500510182614482e-06 1.124091102846512613e-05 8.644511031673060726e-06
9.406253136186887787e+02 1.426630728039440759e-05 1.047402842817779582e-05 1.100264302775002886e-05 1.034209848298673647e-05
9.373800246138708872e+02 1.562458475317894115e-05 1.126511448635516787e-05 1.079043721239396767e-05 1.177234779903750682e-05
9.341459323104095347e+02 1.714926196150406829e-05 1.195664001863569157e-05 1.060848350521466011e-05 1.284811789312586769e-05
9.309229980781180984e+02 1.877844759138018737e-05 1.259941028104329476e-05 1.046045311498910580e-05 1.354533340010529357e-05
9.277111834200876501e+02 2.045358707119357788e-05 1.322689043969395725e-05 1.034943716347034277e-05 1.390767303993721060e-05
9.245104499722319815e+02 2.212125521546474933e-05 1.383975982376226749e-05 1.027789538662076364e-05 1.403162755708785379e-05
9.213207595028231935e+02 2.373369295385192418e-05 1.440220921712264425e-05 1.024761552831721674e-05 1.403041839446906056e-05
9.181420739120416101e+02 2.524895663664679672e-05 1.485009068923684304e-05 1.025968428062823157e-05 1.398528805023685182e-05
9.149743552315135275e+02 2.663107402042985404e-05 1.510611635446315753e-05 1.031447014900491037e-05 1.390659696405289930e-05
9.118175656238645388e+02 2.785034266153579624e-05 1.509617048631323900e-05 1.041161857069259830e-05 1.372912836008452282e-05
9.086716673822638768e+02 2.888379218931315894e-05 1.476284010333518854e-05 1.055005927649842731e-05 1.334489467665038628e-05
9.055366229299723955e+02 2.971579091749613783e-05 1.407481053872221948e-05 1.072802574705148683e-05 1.265191495079841682e-05
9.024123948198993048e+02 3.033876587249052507e-05 1.303237984117709508e-05 1.094308656605400943e-05 1.159412739300854258e-05
8.992989457341482193e+02 3.075400047226785875e-05 1.167015918815855383e-05 1.119218784860414639e-05 1.018093285747125301e-05
8.961962384835780995e+02 3.097246350687482314e-05 1.005880131390577568e-05 1.147170626277588203e-05 8.486886435009297915e-06
8.931042360073520285e+02 3.101559574182995898e-05 8.309368072892373588e-06 1.177751146315935747e-05 6.637292182147729089e-06
8.900229013725008826e+02 3.091592590570648070e-05 6.588298726720318431e-06 1.210503725138303069e-05 4.789050664673439678e-06
8.869521977734793836e+02 3.071729599401653947e-05 5.155568713112497554e-06 1.244935971137547175e-05 3.131280836781873171e-06
8.838920885317244256e+02 3.047434667793592439e-05 4.389173688162185315e-06 1.280528144730709197e-05 2.004008740639631998e-06
8.808425370952217008e+02 3.025077736412741468e-05 4.540175111203628614e-06 1.316742022183060379e-05 2.055037771896740783e-06
8.778035070380634579e+02 3.011584247446102844e-05 5.355206520031548513e-06 1.353030060262949301e-05 3.094986265258973606e-06
8.747749620600200160e+02 3.013873987104448814e-05 6.409466886270586104e-06 1.388844696016327743e-05 4.509219713092212029e-06
8.717568659860988873e+02 3.038114753052012122e-05 7.463397399229196921e-06 1.423647633620107261e-05 6.122598937240155335e-06
8.687491827661190200e+02 3.088912044837466476e-05 8.437787010744292953e-06 1.456918953176050220e-05 7.854790596083780808e-06
8.657518764742776511e+02 3.168639988282046129e-05 9.337753280366518482e-06 1.488165892206962275e-05 9.596066282654413200e-06
8.627649113087181831e+02 3.277118537023400284e-05 1.020498019197411706e-05 1.516931147672245927e-05 1.120891492847323593e-05
8.597882515911092014e+02 3.411728379448873520e-05 1.108370427557205198e-05 1.542800565739336211e-05 1.255769285355424698e-05
8.568218617662108727e+02 3.567890865976829789e-05 1.199510951466604417e-05 1.565410076166839738e-05 1.353918569245606804e-05
8.538657064014574871e+02 3.739732024341448378e-05 1.292362675034856006e-05 1.584451773108559578e-05 1.410533154579613373e-05
8.509197501865271533e+02 3.920747956575846183e-05 1.381745174209581120e-05 1.599679029343473895e-05 1.427411497155134523e-05
8.479839579329262733e+02 4.104359099134055508e-05 1.459989310218858547e-05 1.610910559073491438e-05 1.412541900000709538e-05
8.450582945735659450e+02 4.284319470219323414e-05 1.518505329328487451e-05 1.618033368467640124e-05 1.377899158036505095e-05
8.421427251623418897e+02 4.454997117550630345e-05 1.549260949448146924e-05 1.621004539876162953e-05 1.335496312332417072e-05
8.392372148737214275e+02 4.611560206974574477e-05 1.545928874882070356e-05 1.619851835297127370e-05 1.292709352588404192e-05
8.363417290023219266e+02 4.750102027832484117e-05 1.504662854695474850e-05 1.614673080859119160e-05 1.249148788996942007e-05
8.334562329625014172e+02 4.867729456395706304e-05 1.424544707162412456e-05 1.605634387116707928e-05 1.197218573420903549e-05
8.305806922879434069e+02 4.962629842353727410e-05 1.307769644603443547e-05 1.592967199316972388e-05 1.126134136671654370e-05
8.277150726312426059e+02 5.034123727414295161e-05 1.159658668960073563e-05 1.576964262918864707e-05 1.026912712644559863e-05
8.248593397634999747e+02 5.082704480929405846e-05 9.886484680048428719e-06 1.557974534562771383e-05 8.960441006892547940e-06
8.220134595739085626e+02 5.110060858538715851e-05 8.065828590813139430e-06 1.536397176391409672e-05 7.372277972844377339e-06
8.191773980693503745e+02 5.119073661367234414e-05 6.300706166815172868e-06 1.512674695668970677e-05 5.620595337364244863e-06
8.163511213739865298e+02 5.113772135775246369e-05 4.842428557245464792e-06 1.487285369477219112e-05 3.924972958251850063e-06
8.135345957288562886e+02 5.099230545479116282e-05 4.056320772501429942e-06 1.460735074743623833e-05 2.729806976281382227e-06
8.107277874914719860e+02 5.081381258436528330e-05 4.178646447465955082e-06 1.433548671500916277e-05 2.708129028506835517e-06
8.079306631354152159e+02 5.066721572067878877e-05 4.936033958085364391e-06 1.406261079025566865e-05 3.638892852377299727e-06
8.051431892499412015e+02 5.061901465218356431e-05 5.906453590275480213e-06 1.379408198224055297e-05 4.813240774244548392e-06
8.023653325395741831e+02 5.073202850852481343e-05 6.871147720424757003e-06 1.353517837837754095e-05 6.002739932935677216e-06
7.995970598237149716e+02 5.105957566290779810e-05 7.772282206658521675e-06 1.329100793790972248e-05 7.219384491538790494e-06
7.968383380362397475e+02 5.163989688888536941e-05 8.631634488291726017e-06 1.306642234358447921e-05 8.518657188689241283e-06
7.940891342251092055e+02 5.249189552750833248e-05 9.500220278534830348e-06 1.286593537536568702e-05 9.909592961265967649e-06
7.913494155519732658e+02 5.361312756936466843e-05 1.042231286796472513e-05 1.269364716177679462e-05 1.132649621025223065e-05
7.886191492917768073e+02 5.498045284678236972e-05 1.141059006068249384e-05 1.255317554704139266e-05 1.264686860664764968e-05
7.858983028323731332e+02 5.655307614575520698e-05 1.243653646142298398e-05 1.244759584340523613e-05 1.372964160587565065e-05
7.831868436741299320e+02 5.827717435137930624e-05 1.343600838426644237e-05 1.237938979622237860e-05 1.445235510728430978e-05
7.804847394295442200e+02 6.009113415602194866e-05 1.432367907539868759e-05 1.235040475012944275e-05 1.473835461107707660e-05
7.777919578228556929e+02 6.193058406337932414e-05 1.500913194339837097e-05 1.236182360225033786e-05 1.457215064941476580e-05
7.751084666896566659e+02 6.373272807538591582e-05 1.541043082614929855e-05 1.241414610675923082e-05 1.400276839703145925e-05
7.724342339765146335e+02 6.543980659548221345e-05 1.546402012389448365e-05 1.250718173477198021e-05 1.313454278571896736e-05
7.697692277405831192e+02 6.700171729059006083e-05 1.513124231697835847e-05 1.264005419880112502e-05 1.210425853569246079e-05
7.671134161492252588e+02 6.837793001828962000e-05 1.440210617319227138e-05 1.281121769147029488e-05 1.104472279973977710e-05
7.644667674796293113e+02 6.953884643383193042e-05 1.329696117134655229e-05 1.301848426667515922e-05 1.004138778761659929e-05
7.618292501184325829e+02 7.046672721378799333e-05 1.186688160773886486e-05 1.325906220397355429e-05 9.101136124453063685e-06
7.592008325613438728e+02 7.115626547687065138e-05 1.019416140286302844e-05 1.352960419920010699e-05 8.157308791759630199e-06
7.565814834127639870e+02 7.161483122167513148e-05 8.395973246588255378e-06 1.382626536063692790e-05 7.115331913554485045e-06
7.539711713854151185e+02 7.186237063861929412e-05 6.638189576270304853e-06 1.414476897441932787e-05 5.917071139914097714e-06
7.513698652999629530e+02 7.193089263255617938e-05 5.170393830328064689e-06 1.448047979414019228e-05 4.610616282734773065e-06
7.487775340846483232e+02 7.186343968506507616e-05 4.349219882951428619e-06 1.482848305834045531e-05 3.468324136655760830e-06
7.461941467749117010e+02 7.171241701871176541e-05 4.416711181947199044e-06 1.518366822274170368e-05 3.145530186483610301e-06
7.436196725130274672e+02 7.153715283161668210e-05 5.132574431435600133e-06 1.554081569561833342e-05 4.009180501857463287e-06
7.410540805477336335e+02 7.140061501387665933e-05 6.071645101258323495e-06 1.589468532936338230e-05 5.453680624291004941e-06
7.384973402338619053e+02 7.136531762030983285e-05 6.985868077768108566e-06 1.624010504996511585e-05 6.945461211249271462e-06
7.359494210319776357e+02 7.148863962954247792e-05 7.791326848957266061e-06 1.657205816028552715e-05 8.251738237398677890e-06
7.334102925080078421e+02 7.181799326634754179e-05 8.496283089340764993e-06 1.688576783287203351e-05 9.294661667498836438e-06
7.308799243328847979e+02 7.238647090774240084e-05 9.156478612068360052e-06 1.717677740251931124e-05 1.009357929256709795e-05
7.283582862821772324e+02 7.320966598930169443e-05 9.841317602254201594e-06 1.744102504115251597e-05 1.073469428318886507e-05
7.258453482357344910e+02 7.428422522377232625e-05 1.060291196528636982e-05 1.767491165066054814e-05 1.133117579249238141e-05
7.233410801773246703e+02 7.558837693842121290e-05 1.145337156451731360e-05 1.787536075182114383e-05 1.196980990859251828e-05
7.208454521942741167e+02 7.708427932308517885e-05 1.235825202064793608e-05 1.803986951115567778e-05 1.266499393091862214e-05
7.183584344771145425e+02 7.872171001056552596e-05 1.324609033074240275e-05 1.816654981452772282e-05 1.334747140277836729e-05
7.158799973192220705e+02 8.044245945738812402e-05 1.402602700516209804e-05 1.825415903411608493e-05 1.389194112091185808e-05
7.134101111164675331e+02 8.218482317147176675e-05 1.460529240097471820e-05 1.830211972496221889e-05 1.416168176348321821e-05
7.109487463668572218e+02 8.388775040508470121e-05 1.490270253629347526e-05 1.831052811740792820e-05 1.404745996996757391e-05
7.084958736701856878e+02 8.549439383848284090e-05 1.485782471832130115e-05 1.828015110217792074e-05 1.349162415555291704e-05
7.060514637276820622e+02 8.695497544053174097e-05 1.443676498110752778e-05 1.821241201363248179e-05 1.249775095212222004e-05
7.036154873416586497e+02 8.822898484112288802e-05 1.363564654465887454e-05 1.810936532831413848e-05 1.112866269315987995e-05
7.011879154151661169e+02 8.928678259266463447e-05 1.248281989335983251e-05 1.797366068301159097e-05 9.495221508451714032e-06
6.987687189516416311e+02 9.011068344913118148e-05 1.104122530643693724e-05 1.780849700851367296e-05 7.737563578816848139e-06
6.963578690545665495e+02 9.069557585847433400e-05 9.413603062150685736e-06 1.761756742480806529e-05 6.000036312391280677e-06
6.939553369271169458e+02 9.104911103259948481e-05 7.755988833737383246e-06 1.740499598171763674e-05 4.402073375721486827e-06
6.915610938718240277e+02 9.119145114317205654e-05 6.306192373087484146e-06 1.717526712881794741e-05 3.014786139132153374e-06
6.891751112902292107e+02 9.115454216209909833e-05 5.401392567939083726e-06 1.693314938691103637e-05 1.889699790457104473e-06
6.867973606825403294e+02 9.098084458814268197e-05 5.325327639497947442e-06 1.668361429575695152e-05 1.342015205476210201e-06
6.844278136472964889e+02 9.072145399218389458e-05 5.976279633530335781e-06 1.643175214156010296e-05 2.000712752099673176e-06
6.820664418810233656e+02 9.043355085982684885e-05 6.966233314803342817e-06 1.618268583312719962e-05 3.398545323926467197e-06
6.797132171778994234e+02 9.017717009729729139e-05 7.977869597708120420e-06 1.594148443534365158e-05 5.110104362481433985e-06
6.773681114294153076e+02 9.001138049247350934e-05 8.843581702893343020e-06 1.571307776228964966e-05 6.960960478417347457e-06
6.750310966240416519e+02 8.999008719937658227e-05 9.499568468141862809e-06 1.550217352693491885e-05 8.800675603778927250e-06
6.727021448468926792e+02 9.015782569125512576e-05 9.949709467709384522e-06 1.531317838938937135e-05 1.048002493356234025e-05
6.703812282793910526e+02 9.054602371209960910e-05 1.024514900702950297e-05 1.515012425921979999e-05 1.186636126599096502e-05
6.680683191989398892e+02 9.117024767964642827e-05 1.046722243350467142e-05 1.501660106437412342e-05 1.286240365890844984e-05
6.657633899785868152e+02 9.202884820284131786e-05 1.070579801790505974e-05 1.491569713584446777e-05 1.342141348084079257e-05
6.634664130866980258e+02 9.310320962318467501e-05 1.103202428408394689e-05 1.484994816410258556e-05 1.355606569790141932e-05
6.611773610866276840e+02 9.435954173391197049e-05 1.147338403657406835e-05 1.482129553857645292e-05 1.333875456066398363e-05
6.588962066363884560e+02 9.575189763557201796e-05 1.200342148679562010e-05 1.483105490333557303e-05 1.289032607402856745e-05
6.566229224883290954e+02 9.722596122831438396e-05 1.255105677857402545e-05 1.487989521008178678e-05 1.235361591443979105e-05
6.543574814888042965e+02 9.872311398118902633e-05 1.302190406783866451e-05 1.496782878330967523e-05 1.185138041790122627e-05
6.520998565778545526e+02 1.001843781933227433e-04 1.332015716609452529e-05 1.509421244822514442e-05 1.144021340950089379e-05
6.498500207888793057e+02 1.015539511612870973e-04 1.336486391188424289e-05 1.525775972695027490e-05 1.108672970510960665e-05
6.476079472483178279e+02 1.027821786378028257e-04 1.310021933696984447e-05 1.545656384865781987e-05 1.068605963145229680e-05
6.453736091753270330e+02 1.038279217634859269e-04 1.250193287186932095e-05 1.568813107397975384e-05 1.011138570094302855e-05
6.431469798814599699e+02 1.046603281751745939e-04 1.158207834371424903e-05 1.594942399663210124e-05 9.264215862538948754e-06
6.409280327703505691e+02 1.052600538995647212e-04 1.039511423371658148e-05 1.623691378604019442e-05 8.107349376931852113e-06
6.387167413373916816e+02 1.056199728431195993e-04 9.049017202795145009e-06 1.654664064605241647e-05 6.683449728332248893e-06
6.365130791694228947e+02 1.057454124669963741e-04 7.726699481034143249e-06 1.687428134783394094e-05 5.138494400790208077e-06
6.343170199444124364e+02 1.056539165046689371e-04 6.711303995031233284e-06 1.721522284841460465e-05 3.795040182175068527e-06
6.321285374311414671e+02 1.053745220625031429e-04 6.340419365057548417e-06 1.756464051370127492e-05 3.257356344832131486e-06
6.299476054888953058e+02 1.049465176079470037e-04 6.767076450255647133e-06 1.791757980349563189e-05 3.852108468522944321e-06
6.277741980671455622e+02 1.044176418323752793e-04 7.786790156534172862e-06 1.826903993651447759e-05 4.998989367708626055e-06
6.256082892052446596e+02 1.038416969056939443e-04 9.054471183864068107e-06 1.861405817868760771e-05 6.166075184023658380e-06
6.234498530321098997e+02 1.032755801637539418e-04 1.030020895730626452e-05 1.894779328067383277e-05 7.157052821894801698e-06
6.212988637659199185e+02 1.027758216388036702e-04 1.135550116792929218e-05 1.926560670621717947e-05 7.955405282457263526e-06
6.191552957138036390e+02 1.023947964145671436e-04 1.212509117508749599e-05 1.956314028111280176e-05 8.642700985348515875e-06
6.170191232715326350e+02 1.021769029088732435e-04 1.256635048976285307e-05 1.983638892200651938e-05 9.342279982674319457e-06
6.148903209232187237e+02 1.021550834586012227e-04 1.267887166104841415e-05 2.008176729532136536e-05 1.015489911643122165e-05
6.127688632410050786e+02 1.023481096150936031e-04 1.249895868973883429e-05 2.029616928936532578e-05 1.110300490542017466e-05
6.106547248847663241e+02 1.027590005218433344e-04 1.209522928594423345e-05 2.047701922354687809e-05 1.211620457865276723e-05
6.085478806018024898e+02 1.033748009042842887e-04 1.156240841463345090e-05 2.062231410698611494e-05 1.306069798322701938e-05
6.064483052265402421e+02 1.041677507943761130e-04 1.101000391594439637e-05 2.073065609653099942e-05 1.378465465402904769e-05
6.043559736802307043e+02 1.050976568850878011e-04 1.054247979837298170e-05 2.080127483182362612e-05 1.415568659105379761e-05
6.022708609706492098e+02 1.061151292895499824e-04 1.023140378787539697e-05 2.083403897169693695e-05 1.408411752084829375e-05
6.001929421917993750e+02 1.071652674053069577e-04 1.008995796808145572e-05 2.082945717420918503e-05 1.353437998294424690e-05
5.981221925236122843e+02 1.081914127592544639e-04 1.006703948088903603e-05 2.078866817115093742e-05 1.252761880515088415e-05
5.960585872316534051e+02 1.091386566493960156e-04 1.006733676907599328e-05 2.071342039807609178e-05 1.113741500078909470e-05
5.940021016668238190e+02 1.099569018442572612e-04 9.984144747112014655e-06 2.060604124675384117e-05 9.479736633737660941e-06
5.919527112650687286e+02 1.106033803245836869e-04 9.727775978990594187e-06 2.046939685409644981e-05 7.697795065436745018e-06
5.899103915470826678e+02 1.110445958798082945e-04 9.243843021692432925e-06 2.030684282309359558e-05 5.941952567330193368e-06
5.878751181180161893e+02 1.112577131990876464e-04 8.525737435806052557e-06 2.012216683750986312e-05 4.343976908404655510e-06
5.858468666671867595e+02 1.112314200474177938e-04 7.629516528602737840e-06 1.991952416670616737e-05 2.985803326350162001e-06
5.838256129677857871e+02 1.109663068702748450e-04 6.700521955881298573e-06 1.970336713957905080e-05 1.877704570117233482e-06
5.818113328765921324e+02 1.104747767578799131e-04 6.009036915572265365e-06 1.947836980291360473e-05 1.049722371469022502e-06
5.798040023336802733e+02 1.097804945006928716e-04 5.914145733064461360e-06 1.924934897964417489e-05 1.121176962138408177e-06
5.778035973621363155e+02 1.089173593980780172e-04 6.611267491554027778e-06 1.902118316656115871e-05 2.247203009731789101e-06
5.758100940677701374e+02 1.079279821877405344e-04 7.938896879122565381e-06 1.879873054118115646e-05 3.802269301201544633e-06
5.738234686388283308e+02 1.068616441390701186e-04 9.585250561563177029e-06 1.858674750935226293e-05 5.595133335528308342e-06
5.718436973457132808e+02 1.057717333953648111e-04 1.129070213113775504e-05 1.838980914236437410e-05 7.490072622599107757e-06
5.698707565406961066e+02 1.047127103507373888e-04 1.287254670025232222e-05 1.821223284495714301e-05 9.340679757062946763e-06
5.679046226576374465e+02 1.037367093526461590e-04 1.420241917731788063e-05 1.805800648922956952e-05 1.100012979966907655e-05
5.659452722117030135e+02 1.028899872543661458e-04 1.519056243394758876e-05 1.793072229534619697e-05 1.233846937705651053e-05
5.639926817990854033e+02 1.022095085726109281e-04 1.577877844245320155e-05 1.783351744511595043e-05 1.325840963000404752e-05
5.620468280967239707e+02 1.017200349857161828e-04 1.593758697792433844e-05 1.776902247831671923e-05 1.370768725896405924e-05
5.601076878620241359e+02 1.014320783037945606e-04 1.566481821553730014e-05 1.773931832107191860e-05 1.368704056908722627e-05
5.581752379325839684e+02 1.013410054288811581e-04 1.498432024379569735e-05 1.774590260143993304e-05 1.325297702285375063e-05
5.562494552259125840e+02 1.014274364580283186e-04 1.394423484329350085e-05 1.778966584558668360e-05 1.251408312273203270e-05
5.543303167391591160e+02 1.016588790206864208e-04 1.261470495573913194e-05 1.787087784014679203e-05 1.161825682349210409e-05
5.524177995488339548e+02 1.019923724474929944e-04 1.108511165213034597e-05 1.798918454498498614e-05 1.072621664726810354e-05
5.505118808105378321e+02 1.023777853992440803e-04 9.461026686755957588e-06 1.814361534573544853e-05 9.968005665089098348e-06
5.486125377586881768e+02 1.027613919831041523e-04 7.860772520498013479e-06 1.833260067296356809e-05 9.392940114186450510e-06
5.467197477062451298e+02 1.030893748654184664e-04 6.409858855277907871e-06 1.855399961211266175e-05 8.945835119026791641e-06
5.448334880444446071e+02 1.033110017088565406e-04 5.226436647947180306e-06 1.880513702140660133e-05 8.496518163555546693e-06
5.429537362425236324e+02 1.033813165388798838e-04 4.383630950555038334e-06 1.908284950502065741e-05 7.904209166513225801e-06
5.410804698474556744e+02 1.032632794389541983e-04 3.851140682147564408e-06 1.938353939689835655e-05 7.076034845398770168e-06
5.392136664836781392e+02 1.029293497124053863e-04 3.481538550282859361e-06 1.970323599568329291e-05 6.006414524570226347e-06
5.373533038528289580e+02 1.023625379081580998e-04 3.091288802074900355e-06 2.003766282683451386e-05 4.820895380361780106e-06
5.354993597334783999e+02 1.015569783305162913e-04 2.561726449361942353e-06 2.038230986645988603e-05 3.872768350661050948e-06
5.336518119808621350e+02 1.005180541278869486e-04 1.929628647172212773e-06 2.073250950940993070e-05 3.770268578553222074e-06
5.318106385266204370e+02 9.926210717665922981e-05 1.640189388902560856e-06 2.108351502494142048e-05 4.698684969360233382e-06
5.299758173785315876e+02 9.781573548308735387e-05 2.412161873308350949e-06 2.143058010372055292e-05 6.127670605170094164e-06
5.281473266202496006e+02 9.621467692410227274e-05 3.950416269490690367e-06 2.176903823459414857e-05 7.588697203948708231e-06
5.263251444110442208e+02 9.450225396441851655e-05 5.834785378091979864e-06 2.209438056765573318e-05 8.836425093761865560e-06
5.245092489855371696e+02 9.272735666878698850e-05 7.875913770842785108e-06 2.240233092228500027e-05 9.754047592153757625e-06
5.226996186534455546e+02 9.094196183132873044e-05 9.947162167443039638e-06 2.268891676258660438e-05 1.031145108086851103e-05
5.208962317993190254e+02 8.919821708351247048e-05 1.193857203028948611e-05 2.295053490971276489e-05 1.055279135422802019e-05
5.190990668822852285e+02 8.754519590694668737e-05 1.374948813458061628e-05 2.318401094359405032e-05 1.058737557582612952e-05
5.173081024357907154e+02 8.602550992577622294e-05 1.528975941938368643e-05 2.338665125661419826e-05 1.056857822144179926e-05
5.155233170673431005e+02 8.467207688182727145e-05 1.648290644980251562e-05 2.355628699005454015e-05 1.064977511032120909e-05
5.137446894582591312e+02 8.350540251446896120e-05 1.726943776684652915e-05 2.369130912704371986e-05 1.092246686041673480e-05
5.119721983634061075e+02 8.253175347171251238e-05 1.760966580598921980e-05 2.379069405188105873e-05 1.137148453168931900e-05
5.102058226109518841e+02 8.174252013974386171e-05 1.748574577766817651e-05 2.385401938922498947e-05 1.188330266554985402e-05
5.084455411021080522e+02 8.111490175363469089e-05 1.690283693765835617e-05 2.388146966597523005e-05 1.229700967184803181e-05
5.066913328108816472e+02 8.061383877051710807e-05 1.588942485610493068e-05 2.387383197832296580e-05 1.245772567578851253e-05
5.049431767838220821e+02 8.019491368017844346e-05 1.449701866255415479e-05 2.383248138489111456e-05 1.225015451920678776e-05
5.032010521397700131e+02 7.980783060347227623e-05 1.279974321704509095e-05 2.375935676512329038e-05 1.161348003030353388e-05
5.014649380696105254e+02 7.940004688327608905e-05 1.089499556201792372e-05 2.365692717334746205e-05 1.054521484235292105e-05
4.997348138360214875e+02 7.892020048050671756e-05 8.907862070132892407e-06 2.352814953135598199e-05 9.099741336852308597e-06
4.980106587732291814e+02 7.832108506206905338e-05 7.005347467143204475e-06 2.337641818511966175e-05 7.386214068147304432e-06
4.962924522867577366e+02 7.756204570097798229e-05 5.428787838189519117e-06 2.320550740060001331e-05 5.574613178326388166e-06
4.945801738531866931e+02 7.661076672169545129e-05 4.510246080850664077e-06 2.301950761828906513e-05 3.936514786588191941e-06
4.928738030199039599e+02 7.544448313837504201e-05 4.462723158443095642e-06 2.282275657918452484e-05 2.955768525123955437e-06
4.911733194048610471e+02 7.405069051719596451e-05 5.033583234721229421e-06 2.261976654355791531e-05 3.087039124687970204e-06
4.894787026963314815e+02 7.242742344699233063e-05 5.772268251925149621e-06 2.241514875418659580e-05 3.891276998702853656e-06
4.877899326526657546e+02 7.058317226478723133e-05 6.390376040328803109e-06 2.221353645430241649e-05 4.746198131633150007e-06
4.861069891020524665e+02 6.853648517837827685e-05 6.761984433888622667e-06 2.201950771982634627e-05 5.431026319196446041e-06
4.844298519422741833e+02 6.631528205851863582e-05 6.860653316963690426e-06 2.183750941973712121e-05 5.958824626342228194e-06
4.827585011404701163e+02 6.395587883446423379e-05 6.732615413273903808e-06 2.167178352849800639e-05 6.464104617017398685e-06
4.810929167328956169e+02 6.150169103324750321e-05 6.493234179367175589e-06 2.152629706436591441e-05 7.123231565472989007e-06
4.794330788246826955e+02 5.900156795032234451e-05 6.325109564669816056e-06 2.140467675245752376e-05 8.056045068874177005e-06
4.777789675896047470e+02 5.650768279805243885e-05 6.441315350291526344e-06 2.131014953171371642e-05 9.257179463786436850e-06
4.761305632698371824e+02 5.407291395358262184e-05 6.985675164863774549e-06 2.124548984370134479e-05 1.060935528100400594e-05
4.744878461757240302e+02 5.174769376315590955e-05 7.945404090253370844e-06 2.121297461423684867e-05 1.194304931538646651e-05
4.728507966855399332e+02 4.957640260872930843e-05 9.182764196213330033e-06 2.121434659452314252e-05 1.308672571601050247e-05
4.712193952452581698e+02 4.759355556291583136e-05 1.052509049197231055e-05 2.125078664997673069e-05 1.389457874953842392e-05
4.695936223683166304e+02 4.582023281712465404e-05 1.181681941360897698e-05 2.132289554598322637e-05 1.426020468148687518e-05
4.679734586353827694e+02 4.426138127363636951e-05 1.293241809194446686e-05 2.143068532103980893e-05 1.412325038242699244e-05
4.663588846941255497e+02 4.290462781653916113e-05 1.377623764015863114e-05 2.157358051517757638e-05 1.347176779614668068e-05
4.647498812589803947e+02 4.172103309735040408e-05 1.428115842324318677e-05 2.175042914687423266e-05 1.234097656920820420e-05
4.631464291109222131e+02 4.066779605866153736e-05 1.440855007806267108e-05 2.195952321794735916e-05 1.080863249694742274e-05
4.615485090972326816e+02 3.969244848795971362e-05 1.414962927202377569e-05 2.219862846165067733e-05 8.987262862161151064e-06
4.599561021312741218e+02 3.873777267066068792e-05 1.352828877905168827e-05 2.246502259753451990e-05 7.013720151741877419e-06
4.583691891922605919e+02 3.774663606608570085e-05 1.260610758796176609e-05 2.275554172944303056e-05 5.036631574893100272e-06
4.567877513250292623e+02 3.666614047891990320e-05 1.149091427217076318e-05 2.306663398111981521e-05 3.202228304546782839e-06
4.552117696398169073e+02 3.545078454079532638e-05 1.034938751324082617e-05 2.339441922778154499e-05 1.638401017140998630e-06
4.536412253120309401e+02 3.406461150266317379e-05 9.415420727524942743e-06 2.373475429201519742e-05 4.346924182975029783e-07
4.520760995820277799e+02 3.248249932425261143e-05 8.958456446490907740e-06 2.408330225865433022e-05 3.903617299023376157e-07
4.505163737548859331e+02 3.069083225957967923e-05 9.163020718656140692e-06 2.443560485722206708e-05 9.502973641938883823e-07
4.489620292001849293e+02 2.868782821194561738e-05 9.994552166076052025e-06 2.478715660552041668e-05 1.541690760629207771e-06
4.474130473517819269e+02 2.648382613354544713e-05 1.123329046563247539e-05 2.513347959040836293e-05 2.476850134850124310e-06
4.458694097075887726e+02 2.410191248484790664e-05 1.262051260655537230e-05 2.547019756916342025e-05 3.838292093530125062e-06
4.443310978293536095e+02 2.157947225304317058e-05 1.394350409530024663e-05 2.579310819787940273e-05 5.536179972975477252e-06
4.427980933424375394e+02 1.897171678640683553e-05 1.504788324849661432e-05 2.609825217191968794e-05 7.425220522948499216e-06
4.412703779355983897e+02 1.635920530420946169e-05 1.582754831852566761e-05 2.638197820600862356e-05 9.346312306137365185e-06
4.397479333607687408e+02 1.386300250267218846e-05 1.621475595467259949e-05 2.664100265752630665e-05 1.114203191588483100e-05
4.382307414328406594e+02 1.167159349323851452e-05 1.617377104741658410e-05 2.687246299587055115e-05 1.266808107583770537e-05
4.367187840294474768e+02 1.006971145172387992e-05 1.569694147577145157e-05 2.707396409576115417e-05 1.380373454222551640e-05
4.352120430907460218e+02 9.394966098868158259e-06 1.480191638359296322e-05 2.724361675173037176e-05 1.446082074502364987e-05
4.337105006192036285e+02 9.812479761918908169e-06 1.352927622344013615e-05 2.738006759874325892e-05 1.459048581149750034e-05
4.322141386793800848e+02 1.112997294267136980e-05 1.194035725463402386e-05 2.748252022804938201e-05 1.418721549627561920e-05
4.307229393977162886e+02 1.298310474538465715e-05 1.011560711394795019e-05 2.755074697590798307e-05 1.328990697769923736e-05
4.292368849623191522e+02 1.507225118398742033e-05 8.154856771793285788e-06 2.758509130283036203e-05 1.198014244009132506e-05
4.277559576227480420e+02 1.720818331616912102e-05 6.183955870689195777e-06 2.758646068411207025e-05 1.037820483089925079e-05
4.262801396898056510e+02 1.927925130314482428e-05 4.382728013607608347e-06 2.755631028313673404e-05 8.637669467231717509e-06
4.248094135353228467e+02 2.122114486230976534e-05 3.073105192027515491e-06 2.749661761710292651e-05 6.938812909569904610e-06
4.233437615919517043e+02 2.299991997886487237e-05 2.740307324479999316e-06 2.740984859234735953e-05 5.475993219538893192e-06
4.218831663529539355e+02 2.460347562855977623e-05 3.298877556403714311e-06 2.729891568128799806e-05 4.416082109249486099e-06
4.204276103719908519e+02 2.603729141088891079e-05 4.066516750124718756e-06 2.716712877963057770e-05 3.794651866833499426e-06
4.189770762629175351e+02 2.732206406557044883e-05 4.646286997832213301e-06 2.701813969866345924e-05 3.433146120049551654e-06
4.175315466995721749e+02 2.849192798185912654e-05 4.889076335308495052e-06 2.685588111389623393e-05 3.055832393989285049e-06
4.160910044155722858e+02 2.959244220547219831e-05 4.748622757610130553e-06 2.668450112073631801e-05 2.488979216206388265e-06
4.146554322041051819e+02 3.067779090237144496e-05 4.244246472579292580e-06 2.650829439182557807e-05 1.820549401437853913e-06
4.132248129177253873e+02 3.180687966094438736e-05 3.484892683295077173e-06 2.633163111294795926e-05 1.779431801757285904e-06
4.117991294681482373e+02 3.303833708468074975e-05 2.798155836151218297e-06 2.615888489276496837e-05 2.978466616321473959e-06
4.103783648260451855e+02 3.442486454288080163e-05 2.908698549483945416e-06 2.599436081110084428e-05 4.800445955689969077e-06
4.089625020208425212e+02 3.600778908884918317e-05 4.156444857814012331e-06 2.584222479959289549e-05 6.834165868348399048e-06
4.075515241405161646e+02 3.781285386175416629e-05 6.058028255879901174e-06 2.570643552282093666e-05 8.865663250714429916e-06
4.061454143313920895e+02 3.984806743993358347e-05 8.233162040641403578e-06 2.559067986069521060e-05 1.073066596488256874e-05
4.047441557979424829e+02 4.210388020351693198e-05 1.048180220543778772e-05 2.549831302597532415e-05 1.229117519098639035e-05
4.033477318025875888e+02 4.455534071982831027e-05 1.266866807268694684e-05 2.543230435359983106e-05 1.343719994315751189e-05
4.019561256654945964e+02 4.716549697844633129e-05 1.468475144546582613e-05 2.539518954058457570e-05 1.409269970018554929e-05
4.005693207643772098e+02 4.988925144019353881e-05 1.643785147108658585e-05 2.538903017419783038e-05 1.422104143596172242e-05
3.991873005343001068e+02 5.267707146085591350e-05 1.785147630929280788e-05 2.541538115814741619e-05 1.382865207843753515e-05
3.978100484674776567e+02 5.547822682951995626e-05 1.886621074940744637e-05 2.547526656527950267e-05 1.296662862534540611e-05
3.964375481130797994e+02 5.824344995853370080e-05 1.944170165571769472e-05 2.556916426612019196e-05 1.173068338539498285e-05
3.950697830770328665e+02 6.092705019023705886e-05 1.955863132232759776e-05 2.569699953738133604e-05 1.026018696889713641e-05
3.937067370218260294e+02 6.348856663441430209e-05 1.922051532946595796e-05 2.585814783193135697e-05 8.736399011317721024e-06
3.923483936663150757e+02 6.589405266328677972e-05 1.845543530622030851e-05 2.605144647225383645e-05 7.374485803286130836e-06
3.909947367855271523e+02 6.811706338999054793e-05 1.731808064942859173e-05 2.627521522101799401e-05 6.386001718383999866e-06
3.896457502104690320e+02 7.013939060984691757e-05 1.589278446546721785e-05 2.652728507594278014e-05 5.877121061300010684e-06
3.883014178279315729e+02 7.195156694719031512e-05 1.429846992929586274e-05 2.680503537775844337e-05 5.742777741909914061e-06
3.869617235802997470e+02 7.355313344859232413e-05 1.269569603293432505e-05 2.710543774653623289e-05 5.724109483926864697e-06
3.856266514653581794e+02 7.495264957577738691e-05 1.129103148061922410e-05 2.742510690370729407e-05 5.576609903070563910e-06
3.842961855361023140e+02 7.616740629139823453e-05 1.031853319841878909e-05 2.776035695313517314e-05 5.165000757633643100e-06
3.829703099005471358e+02 7.722279741000166362e-05 9.962577112874635319e-06 2.810726264688947400e-05 4.490706343316335338e-06
3.816490087215362337e+02 7.815129994310840021e-05 1.024053095809736760e-05 2.846172414659519045e-05 3.746432681506028602e-06
3.803322662165546149e+02 7.899102261186617224e-05 1.097699556870640442e-05 2.881953459814168774e-05 3.437008712475889080e-06
3.790200666575383366e+02 7.978381343743889899e-05 1.191347735081041545e-05 2.917644918111350779e-05 4.119226399931051026e-06
3.777123943706882869e+02 8.057295478971152742e-05 1.281728903008427077e-05 2.952825460604241149e-05 5.634325802238139707e-06
3.764092337362812941e+02 8.140054316983350621e-05 1.351766344957028023e-05 2.987083785056796802e-05 7.502325526195299324e-06
3.751105691884851012e+02 8.230471895297843999e-05 1.390141599972798471e-05 3.020025306616956428e-05 9.395925591765986594e-06
3.738163852151718629e+02 8.331698423400960083e-05 1.390100053672845576e-05 3.051278555980530739e-05 1.110486264558622228e-05
3.725266663577317559e+02 8.445988182299869458e-05 1.348514102667465944e-05 3.080501176468730174e-05 1.248011117562102395e-05
3.712413972108905682e+02 8.574530030438137817e-05 1.265273112630354404e-05 3.107385431710302812e-05 1.341676573378571551e-05
3.699605624225232532e+02 8.717361074623193606e-05 1.142902191260276478e-05 3.131663130879958534e-05 1.385149468709394798e-05
3.686841466934729965e+02 8.873372337308612766e-05 9.863707087440403009e-06 3.153109891970940572e-05 1.376382582708366994e-05
3.674121347773658499e+02 9.040403004727824764e-05 8.032236144041067307e-06 3.171548678177575349e-05 1.317776614831269903e-05
3.661445114804310492e+02 9.215407643985169394e-05 6.047220162731195653e-06 3.186852551786219825e-05 1.216299684956663048e-05
3.648812616613184332e+02 9.394674442436626446e-05 4.112738123869425892e-06 3.198946609190640489e-05 1.083623841203038192e-05
3.636223702309166583e+02 9.574069475429893309e-05 2.772127850811583895e-06 3.207809050122259150e-05 9.363945838911015996e-06
3.623678221521748810e+02 9.749284743345262882e-05 3.060978708617301785e-06 3.213471392171854396e-05 7.964741138822419117e-06
3.611176024399222229e+02 9.916072719369168947e-05 4.558706432287087957e-06 3.216017806807492394e-05 6.893599057505536178e-06
3.598716961606879750e+02 1.007045576202819566e-04 6.268073199895837339e-06 3.215583615026980428e-05 6.355004329472735086e-06
3.586300884325242464e+02 1.020890429282979653e-04 7.828002279297260031e-06 3.212352935779414810e-05 6.342540063527134019e-06
3.573927644248282718e+02 1.032848077449602560e-04 9.098223647220534662e-06 3.206555569246829644e-05 6.611833267180670042e-06
3.561597093581651734e+02 1.042695018695914179e-04 1.000703397760447657e-05 3.198463135563718124e-05 6.862494497671054007e-06
3.549309085040902119e+02 1.050285747203317345e-04 1.052008731805102466e-05 3.188384553478089639e-05 6.881092410475878632e-06
3.537063471849747316e+02 1.055557378536306268e-04 1.063543462272859855e-05 3.176660922428764273e-05 6.568655836803180133e-06
3.524860107738298893e+02 1.058531194215896193e-04 1.038703523440379114e-05 3.163659904732748335e-05 5.937832624448445397e-06
3.512698846941315765e+02 1.059311210807756677e-04 9.854354236598558003e-06 3.149769692771174862e-05 5.135934755828519563e-06
3.500579544196464781e+02 1.058079691110427558e-04 9.178966840798235917e-06 3.135392662048800468e-05 4.514971662021498420e-06
3.488502054742596670e+02 1.055089534376460881e-04 8.583731356688904923e-06 3.120938817659249872e-05 4.607356708060633379e-06
3.476466234318007196e+02 1.050653477941884526e-04 8.362798776929244703e-06 3.106819137169080053e-05 5.634189777573664777e-06
3.464471939158705709e+02 1.045130085890853014e-04 8.776708857926535052e-06 3.093438920404645894e-05 7.261232038176218851e-06
3.452519025996717801e+02 1.038906681621166414e-04 9.887261225637618059e-06 3.081191253171493939e-05 9.081817224178008029e-06
3.440607352058362949e+02 1.032379559069598982e-04 1.154029512062413236e-05 3.070450690908477876e-05 1.081742119980240056e-05
3.428736775062543529e+02 1.025932286789024321e-04 1.350312134945211631e-05 3.061567261502912108e-05 1.228126529751019701e-05
3.416907153219051452e+02 1.019913184060693530e-04 1.556442281581601193e-05 3.054860888016241440e-05 1.334454613009007955e-05
3.405118345226881615e+02 1.014613575394629307e-04 1.755648707800177145e-05 3.050616313958741952e-05 1.392433882395846240e-05
3.393370210272536838e+02 1.010248587985116753e-04 1.934925713471309937e-05 3.049078614207233944e-05 1.398069839654703880e-05
3.381662608028335626e+02 1.006942449276754129e-04 2.084260430785383016e-05 3.050449364612978657e-05 1.351653858216579111e-05
3.369995398650758602e+02 1.004719831183393218e-04 2.196188159457533834e-05 3.054883523384122979e-05 1.257811272785407519e-05
3.358368442778764233e+02 1.003504288494864397e-04 2.265608592247371015e-05 3.062487077808848037e-05 1.125614425919920969e-05
3.346781601532117634e+02 1.003123979756531084e-04 2.289747680227813181e-05 3.073315486430482990e-05 9.689446930170711569e-06
3.335234736509751201e+02 1.003324014119287897e-04 2.268192801897534768e-05 3.087372944873485508e-05 8.074440028987969146e-06
3.323727709788089442e+02 1.003784019299159110e-04 2.202970399339815519e-05 3.104612478104015608e-05 6.679225166580439024e-06
3.312260383919424385e+02 1.004139044929729400e-04 2.098667032976396485e-05 3.124936852870649191e-05 5.819618699610789007e-06
3.300832621930248933e+02 1.004001902216080110e-04 1.962618783405545349e-05 3.148200306327780232e-05 5.678592901820562867e-06
3.289444287319644786e+02 1.002985112299234060e-04 1.805202929917667053e-05 3.174211037816497734e-05 6.080516736480277204e-06
3.278095244057638524e+02 1.000721131007459319e-04 1.640216247855791085e-05 3.202734445382394724e-05 6.641423732299358133e-06
3.266785356583571911e+02 9.968798395051248077e-05 1.485083834197182486e-05 3.233497021637125196e-05 7.050302878773876967e-06
3.255514489804501181e+02 9.911828774028213075e-05 1.359975471921158329e-05 3.266190878799766633e-05 7.136613014595199443e-06
3.244282509093560520e+02 9.834145655621167248e-05 1.283996574999211619e-05 3.300478806219237773e-05 6.845258855515655720e-06
3.233089280288376699e+02 9.734295192321442531e-05 1.267680714853744876e-05 3.335999769717846428e-05 6.225242792468005536e-06
3.221934669689445059e+02 9.611570875375870964e-05 1.306522641776141430e-05 3.372374785915563427e-05 5.456096100770677997e-06
3.210818544058550401e+02 9.466028993420472866e-05 1.382817984477359536e-05 3.409213058220993993e-05 4.910189358606711652e-06
3.199740770617169119e+02 9.298477004309508730e-05 1.474062672960910714e-05 3.446118283742737552e-05 5.089785992891772344e-06
3.188701217044873601e+02 9.110436583781892858e-05 1.559880043237997933e-05 3.482695020678163399e-05 6.168307891570396879e-06
3.177699751477769610e+02 8.904082893684100422e-05 1.624578699525638576e-05 3.518555023772114573e-05 7.828844066521723044e-06
3.166736242506902386e+02 8.682160459470848648e-05 1.657159866632221886e-05 3.553323439080992969e-05 9.687318573711883670e-06
3.155810559176707102e+02 8.447876333300855065e-05 1.650618620566765283e-05 3.586644762775869022e-05 1.147022172341072630e-05
3.144922570983423498e+02 8.204770334404992151e-05 1.601270519836109314e-05 3.618188467440561619e-05 1.298932090599735102e-05
3.134072147873554286e+02 7.956563918531801122e-05 1.508244413820450470e-05 3.647654212774702599e-05 1.411193163394143924e-05
3.123259160242306507e+02 7.706989271786960152e-05 1.373113398112943007e-05 3.674776547126803566e-05 1.474896115358941524e-05
3.112483478932032881e+02 7.459603476303231211e-05 1.199628536960190627e-05 3.699329042272080781e-05 1.485137832274600197e-05
3.101744975230709542e+02 7.217595086672648160e-05 9.935793171129637250e-06 3.721127782501149777e-05 1.440933233200303938e-05
3.091043520870375687e+02 6.983595042076484651e-05 7.629962264804417997e-06 3.740034173556812142e-05 1.345159970032299596e-05
3.080378988025623812e+02 6.759506918783195607e-05 5.198459398747055707e-06 3.755957000906964588e-05 1.204487426131004645e-05
3.069751249312050732e+02 6.546374170809998781e-05 2.918160133727941365e-06 3.768853743237542651e-05 1.029391448763746044e-05
3.059160177784757479e+02 6.344301927524670457e-05 2.089067162042020597e-06 3.778731089666792319e-05 8.346188837940138680e-06
3.048605646936820222e+02 6.152446463957821218e-05 3.786398406246283100e-06 3.785644689563772195e-05 6.411207566718634868e-06
3.038087530697775378e+02 5.969078323112595141e-05 6.029814297289791084e-06 3.789698098266473336e-05 4.814853750854136585e-06
3.027605703432129189e+02 5.791714588407440744e-05 8.175287560281610584e-06 3.791040990524036027e-05 4.034441318076053424e-06
3.017160039937838860e+02 5.617306841884364872e-05 1.005922700764763928e-05 3.789866631011901338e-05 4.289796991322875178e-06
3.006750415444835767e+02 5.442463562729087914e-05 1.159856270126706982e-05 3.786408669110205290e-05 5.088546820636952338e-06
2.996376705613515696e+02 5.263683531097588120e-05 1.274231063363773861e-05 3.780937299815731407e-05 5.869106148450604713e-06
2.986038786533271150e+02 5.077578436850641236e-05 1.346438183182189475e-05 3.773754863164758026e-05 6.346783361263218077e-06
2.975736534721002613e+02 4.881068015714660953e-05 1.376438712091143176e-05 3.765190949364397363e-05 6.413912921624022175e-06
2.965469827119638353e+02 4.671537587272286187e-05 1.367148895883075579e-05 3.755597088747876592e-05 6.072167720943524265e-06
2.955238541096676954e+02 4.446953912183891833e-05 1.325091822085636309e-05 3.745341117625004612e-05 5.432113322826600701e-06
2.945042554442717346e+02 4.205940759807214079e-05 1.261363526574322413e-05 3.734801306134860865e-05 4.769834527563819057e-06
2.934881745369992814e+02 3.947818444730770513e-05 1.192765055814074020e-05 3.724360344019474059e-05 4.587616316331356137e-06
2.924755992510920919e+02 3.672614042157151999e-05 1.142066741941623142e-05 3.714399280743738949e-05 5.331440214744484233e-06
2.914665174916659680e+02 3.381050290576690612e-05 1.134628389353343511e-05 3.705291515053434976e-05 6.884700086475765716e-06
2.904609172055658064e+02 3.074522961716194525e-05 1.189087061447160790e-05 3.697396929422357961e-05 8.841389259422418573e-06
2.894587863812207047e+02 2.755080157629874717e-05 1.307770152846727906e-05 3.691056261629819223e-05 1.087778432223189300e-05
2.884601130485022509e+02 2.425425821679461777e-05 1.477344460571495997e-05 3.686585801265436794e-05 1.277215476092399826e-05
2.874648852785806525e+02 2.088992455427042587e-05 1.677769642544234469e-05 3.684272491836399507e-05 1.436384384619135283e-05
2.864730911837815484e+02 1.750188226135600034e-05 1.889547098901653353e-05 3.684369518594597903e-05 1.553395224229752120e-05
2.854847189174449227e+02 1.415100589634831426e-05 2.096326495532047971e-05 3.687092443477515285e-05 1.619943936962897559e-05
2.844997566737837928e+02 1.093511087456580443e-05 2.285097038730010937e-05 3.692615948566781441e-05 1.631201464946898430e-05
2.835181926877428396e+02 8.050335075920493676e-06 2.445801602402665102e-05 3.701071239527297388e-05 1.585799714318901366e-05
2.825400152348571510e+02 5.967171535648150451e-06 2.571009732353854720e-05 3.712544140144849469e-05 1.485758313862154800e-05
2.815652126311134111e+02 5.555245795178046303e-06 2.655750399898695066e-05 3.727073910398831942e-05 1.336292881172088603e-05
2.805937732328099514e+02 6.986461055161029237e-06 2.697469759202004758e-05 3.744652800618713991e-05 1.145494542437191674e-05
2.796256854364169726e+02 9.339729582733352306e-06 2.696070047666142568e-05 3.765226346122675053e-05 9.239108131251083582e-06
2.786609376784384722e+02 1.198474269909872147e-05 2.654002093424153984e-05 3.788694397281947685e-05 6.841406557658873273e-06
2.776995184352745696e+02 1.467987021287751744e-05 2.576396158372337315e-05 3.814912854921818940e-05 4.409461728354880508e-06
2.767414162230834904e+02 1.733462256816562685e-05 2.471212215316153797e-05 3.843696084898436414e-05 2.160451668768139361e-06
2.757866195976436074e+02 1.991645664582566906e-05 2.349351457771086931e-05 3.874820002051570324e-05 1.145541069927158333e-06
2.748351171542180396e+02 2.241999072887381432e-05 2.224563675165292868e-05 3.908025698197269425e-05 2.480239835049627412e-06
2.738868975274180002e+02 2.485538118709784895e-05 2.112782374239112118e-05 3.943023637869901086e-05 3.849475072020103845e-06
2.729419493910660890e+02 2.724280519976271864e-05 2.030314150125693827e-05 3.979498288196724746e-05 4.789275393554320416e-06
2.720002614580627665e+02 2.960893683951992648e-05 1.990516624513374806e-05 4.017113163296698997e-05 5.216770999604102321e-06
2.710618224802497025e+02 3.198401568100525872e-05 1.999774969831045923e-05 4.055516146831192716e-05 5.123400020331002276e-06
2.701266212482770470e+02 3.439906140925418776e-05 2.055100586945303584e-05 4.094345053911503944e-05 4.569243153914021779e-06
2.691946465914680857e+02 3.688318837391232690e-05 2.145227147167719009e-05 4.133233318369017474e-05 3.740203588361779722e-06
2.682658873776869655e+02 3.946115711977858680e-05 2.254345640572913228e-05 4.171815727681022368e-05 3.136726069105669463e-06
2.673403325132053965e+02 4.215136193283595939e-05 2.365963887234112304e-05 4.209734109236171239e-05 3.608945325050397893e-06
2.664179709425692408e+02 4.496443057457625631e-05 2.465356716613407119e-05 4.246642882976415498e-05 5.228160607907755168e-06
2.654987916484681705e+02 4.790253163262183950e-05 2.540616069497146621e-05 4.282214396914668756e-05 7.397840235259854542e-06
2.645827836516022558e+02 5.095938307232234172e-05 2.582894040803697573e-05 4.316143954420800598e-05 9.730338801322622430e-06
2.636699360105525898e+02 5.412086721555455231e-05 2.586321976940709929e-05 4.348154469474041527e-05 1.200058297770932689e-05
2.627602378216487296e+02 5.736610191858985925e-05 2.547854596888245499e-05 4.378000666194528499e-05 1.404660549167070527e-05
2.618536782188400593e+02 6.066880322863859291e-05 2.467139963936362942e-05 4.405472775878643653e-05 1.574045058108490625e-05
2.609502463735655056e+02 6.399878975075201095e-05 2.346457251479291243e-05 4.430399651937790657e-05 1.698227827685227988e-05
2.600499314946232516e+02 6.732351209925071926e-05 2.190757052923243456e-05 4.452651288625561509e-05 1.770078884264066689e-05
2.591527228280435224e+02 7.060952639176109995e-05 2.007859740233227411e-05 4.472140677519138521e-05 1.785492743936770382e-05
2.582586096569585266e+02 7.382386066499217053e-05 1.808894959674155157e-05 4.488825006824257656e-05 1.743519565990090761e-05
2.573675813014758091e+02 7.693524854844534223e-05 1.609039960970737827e-05 4.502706148251355971e-05 1.646400551110723312e-05
2.564796271185493310e+02 7.991521575635006532e-05 1.428308762331337359e-05 4.513830476015566327e-05 1.499503138427005859e-05
2.555947365018536743e+02 8.273901512513150256e-05 1.290999218997708088e-05 4.522287979092884537e-05 1.311198583345423471e-05
2.547128988816566277e+02 8.538640520955689296e-05 1.220404572012039494e-05 4.528210724567938270e-05 1.092812075582300563e-05
2.538341037246925396e+02 8.784227099290804882e-05 1.227176216013778678e-05 4.531770657056708997e-05 8.590216064917516437e-06
2.529583405340378022e+02 9.009707942875810080e-05 1.300864417188866852e-05 4.533176809424158132e-05 6.299218288077852524e-06
2.520855988489836932e+02 9.214716053700955920e-05 1.416201935866151179e-05 4.532671951782094732e-05 4.386518486653254455e-06
2.512158682449135085e+02 9.399480396648593624e-05 1.546171720395980899e-05 4.530528734688441271e-05 3.454208209639209523e-06
2.503491383331757731e+02 9.564815607628034805e-05 1.669171453067250750e-05 4.527045391488552210e-05 3.853390862159193404e-06
2.494853987609621697e+02 9.712090602367945337e-05 1.770008957150213862e-05 4.522541068929631329e-05 4.850840445407826318e-06
2.486246392111829664e+02 9.843174533808003929e-05 1.838838846319049958e-05 4.517350858006599634e-05 5.747782819296036199e-06
2.477668494023431549e+02 9.960360008228264016e-05 1.870101016588706595e-05 4.511820602996004410e-05 6.252210869580510194e-06
2.469120190884212036e+02 1.006626345559384270e-04 1.861905486588025721e-05 4.506301571265821721e-05 6.248393461725159376e-06
2.460601380587449682e+02 1.016370481617230256e-04 1.815842365154490392e-05 4.501145064639026027e-05 5.698396347884398035e-06
2.452111961378713261e+02 1.025556973715653034e-04 1.737166578137830134e-05 4.496697056182587086e-05 4.613712807032418442e-06
2.443651831854631382e+02 1.034466064387168149e-04 1.635354348887631021e-05 4.493292934319808283e-05 3.052839327139741225e-06
2.435220890961692817e+02 1.043354422291731585e-04 1.524976675801578445e-05 4.491252433461423975e-05 1.224402687839101316e-06
2.426819037995036865e+02 1.052440533253204885e-04 1.426406418171160246e-05 4.490874829166549933e-05 1.660033498925751060e-06
2.418446172597242025e+02 1.061891784494543601e-04 1.364660253818904380e-05 4.492434468030883645e-05 4.110913498379244119e-06
2.410102194757139387e+02 1.071814303265812427e-04 1.363456209457883755e-05 4.496176699223390400e-05 6.759154259141437352e-06
2.401787004808613801e+02 1.082246392510332239e-04 1.434811053495425397e-05 4.502314269190943479e-05 9.394967491828464890e-06
2.393500503429407615e+02 1.093156103583646049e-04 1.572939350051559006e-05 4.511024228933692946e-05 1.187986560641394874e-05
2.385242591639937757e+02 1.104443120910380188e-04 1.759275165826052628e-05 4.522445399841595480e-05 1.409215962939290844e-05
2.377013170802119930e+02 1.115944680681377047e-04 1.971929947268707842e-05 4.536676434350515419e-05 1.592671837927669198e-05
2.368812142618185135e+02 1.127444930519592628e-04 2.191401387001244236e-05 4.553774494589776865e-05 1.729908780910571843e-05
2.360639409129498745e+02 1.138686821357125136e-04 2.402103077093208319e-05 4.573754571002182085e-05 1.814976627158051869e-05
2.352494872715402607e+02 1.149385613810332966e-04 2.592148204488138225e-05 4.596589434261995170e-05 1.844786241451042231e-05
2.344378436092045206e+02 1.159242981131591280e-04 2.752838368859099167e-05 4.622210244446226820e-05 1.819402551484385129e-05
2.336290002311212675e+02 1.167960913097798034e-04 2.878294321702214623e-05 4.650507767762515848e-05 1.742287985641098914e-05
2.328229474759176014e+02 1.175254670222231778e-04 2.965271691731346162e-05 4.681334216301652148e-05 1.620558709189133550e-05
2.320196757155542002e+02 1.180864378492302281e-04 3.013113865765473462e-05 4.714505639468886256e-05 1.465370847786871459e-05
2.312191753552096998e+02 1.184564867724084383e-04 3.023789834698028259e-05 4.749804876256403965e-05 1.292602301733967498e-05
2.304214368331657283e+02 1.186173642733345118e-04 3.001970488910428857e-05 4.786984973038368400e-05 1.123848118173680969e-05
2.296264506206937313e+02 1.185556835544217030e-04 2.955085741986761253e-05 4.825773040502369035e-05 9.866095713225573645e-06
2.288342072219406020e+02 1.182633234908532749e-04 2.893265421597468126e-05 4.865874481145130478e-05 9.091636670454812381e-06
2.280446971738148250e+02 1.177376346781513713e-04 2.828993092761034487e-05 4.906977519066325460e-05 9.051033120347403899e-06
2.272579110458739819e+02 1.169814616425224237e-04 2.776222010056768444e-05 4.948757974442047531e-05 9.601349664214468355e-06
2.264738394402122594e+02 1.160029801443308693e-04 2.748717287897775818e-05 4.990884184588667902e-05 1.041979921677801191e-05
2.256924729913480974e+02 1.148153658691631902e-04 2.757672711523342869e-05 5.033022023478690379e-05 1.119293530509820804e-05
2.249138023661113550e+02 1.134362932083990644e-04 2.809238487039303019e-05 5.074839927131403892e-05 1.169475858098491501e-05
2.241378182635333474e+02 1.118872784824366089e-04 2.903057341725131886e-05 5.116013855596615730e-05 1.178283529383913361e-05
2.233645114147350910e+02 1.101928719052073401e-04 3.032575995740089111e-05 5.156232115562803671e-05 1.137875980383151551e-05
2.225938725828158908e+02 1.083797208383068780e-04 3.186870276204181799e-05 5.195199972277026341e-05 1.045337378489250965e-05
2.218258925627443716e+02 1.064755189789922676e-04 3.352981965499106658e-05 5.232643987784535059e-05 9.017256664474720008e-06
2.210605621812471213e+02 1.045078760672384956e-04 3.517889549099759215e-05 5.268316009229539462e-05 7.114114368286845826e-06
2.202978722967004899e+02 1.025031451046499119e-04 3.669795951793628776e-05 5.301996769087449551e-05 4.815734770124102221e-06
2.195378137990200003e+02 1.004852642556425393e-04 3.798828796488700540e-05 5.333499026132406659e-05 2.222006982208859042e-06
2.187803776095528292e+02 9.847467190241927456e-05 3.897370350640608525e-05 5.362670225002809832e-05 6.917276798214598699e-07
2.180255546809687246e+02 9.648736642036919819e-05 3.960196525888904962e-05 5.389394606406897747e-05 3.505702031844268669e-06
2.172733359971514062e+02 9.453417970146255902e-05 3.984532722670502426e-05 5.413594780030980325e-05 6.338533995220992730e-06
2.165237125730923822e+02 9.262032863994288669e-05 3.970079367737096581e-05 5.435232701041839534e-05 9.013336896683019170e-06
2.157766754547816390e+02 9.074528861701594681e-05 3.919026335841603728e-05 5.454310076883653552e-05 1.141615971918227573e-05
2.150322157191028509e+02 8.890300891319137815e-05 3.836053320097228530e-05 5.470868159947796125e-05 1.344996577973466263e-05
2.142903244737246382e+02 8.708246154904032417e-05 3.728291607241966243e-05 5.484986974133244437e-05 1.503811853615979400e-05
2.135509928569961744e+02 8.526848239002619628e-05 3.605190910848998987e-05 5.496783963646918866e-05 1.612903079829059179e-05
2.128142120378404627e+02 8.344284012839913204e-05 3.478187848602681359e-05 5.506412101191501357e-05 1.670067279404374272e-05
2.120799732156484652e+02 8.158544916308464105e-05 3.360018835362747796e-05 5.514057477580745862e-05 1.676501837415630167e-05
2.113482676201751360e+02 7.967564264764950420e-05 3.263507115989616042e-05 5.519936415998548271e-05 1.637287793932558686e-05
2.106190865114333519e+02 7.769342116405532123e-05 3.199774963238348984e-05 5.524292163392498380e-05 1.561971358598855455e-05
2.098924211795908548e+02 7.562061170194361230e-05 3.176164318130216625e-05 5.527391198869469763e-05 1.465238720263848883e-05
2.091682629448648640e+02 7.344188444256241795e-05 3.194562223689785763e-05 5.529519221699646833e-05 1.367331122581057790e-05
2.084466031574194176e+02 7.114560156660360273e-05 3.250916698039620859e-05 5.530976882166429968e-05 1.292856575774013608e-05
2.077274331972620018e+02 6.872448416462759429e-05 3.336212675383629875e-05 5.532075315729520964e-05 1.265435916116072355e-05
2.070107444741394715e+02 6.617610491288733552e-05 3.438417542726335453e-05 5.533131549508189193e-05 1.297759558549518269e-05
2.062965284274370958e+02 6.350322225957438403e-05 3.544566786370664330e-05 5.534463849160063220e-05 1.384433041908886908e-05
2.055847765260747622e+02 6.071398635364618623e-05 3.642401763017056655e-05 5.536387074329010511e-05 1.505699017972645702e-05
2.048754802684064202e+02 5.782204947510486320e-05 3.721401981779449996e-05 5.539208111115588546e-05 1.637299040430211051e-05
2.041686311821172239e+02 5.484662273314212826e-05 3.773328568647323647e-05 5.543221447540706647e-05 1.757392334222627529e-05
2.034642208241235721e+02 5.181252288943538869e-05 3.792464736110749397e-05 5.548704955652905910e-05 1.848873225228170813e-05
2.027622407804716147e+02 4.875025589017587587e-05 3.775703584798024206e-05 5.555915941033635918e-05 1.899441527000945152e-05
2.020626826662362987e+02 4.569617812029065672e-05 3.722576827437605991e-05 5.565087514915926061e-05 1.901120385316364982e-05
2.013655381254224608e+02 4.269276021792477508e-05 3.635273391751047816e-05 5.576425338740741383e-05 1.849791230306957509e-05
2.006707988308635606e+02 3.978893177416516864e-05 3.518665496395259184e-05 5.590104789083518344e-05 1.744832702264504382e-05
1.999784564841237682e+02 3.704038842756514116e-05 3.380329744178453539e-05 5.606268576774064137e-05 1.588838321418278938e-05
1.992885028153970950e+02 3.450955980141001147e-05 3.230505894947711178e-05 5.625024855830760840e-05 1.387410080131535853e-05
1.986009295834102772e+02 3.226465557715061825e-05 3.081857687130879397e-05 5.646445840744759420e-05 1.149132676839526973e-05
1.979157285753234703e+02 3.037689057150578736e-05 2.948789537318151601e-05 5.670566959103383071e-05 8.861896490856163529e-06
1.972328916066317959e+02 2.891492368389614261e-05 2.845997234930564910e-05 5.697386533005829146e-05 6.177051322608458426e-06
1.965524105210686514e+02 2.793625361850703284e-05 2.786086995208716201e-05 5.726866005969524326e-05 3.872960281635558718e-06
1.958742771905075699e+02 2.747717090815337399e-05 2.776692859683840511e-05 5.758930685207203174e-05 3.229700852125944365e-06
1.951984835148649893e+02 2.754509482014023242e-05 2.818314596953610810e-05 5.793471029201963671e-05 4.793366057720847628e-06
1.945250214220037321e+02 2.811746190901375279e-05 2.904158232749551498e-05 5.830344394162189487e-05 6.976263835367757793e-06
1.938538828676370258e+02 2.914833691355648418e-05 3.022101020797176053e-05 5.869377273057667138e-05 9.044068650936123806e-06
1.931850598352319253e+02 3.057966115910342429e-05 3.157605683877885217e-05 5.910367943698906511e-05 1.076708384017518467e-05
1.925185443359132194e+02 3.235228489604506690e-05 3.296263978495269145e-05 5.953089521849439425e-05 1.204417432360868968e-05
1.918543284083689286e+02 3.441349967068341409e-05 3.425403607847858460e-05 5.997293347934394759e-05 1.283130107022226329e-05
1.911924041187546663e+02 3.672042137349412207e-05 3.534867480919460120e-05 6.042712661461170827e-05 1.312894514552240711e-05
1.905327635605986529e+02 3.924022222220413612e-05 3.617294909293578540e-05 6.089066517653608665e-05 1.298403187727226182e-05
1.898753988547074414e+02 4.194857548457621763e-05 3.668176899680743142e-05 6.136063875374874182e-05 1.249866001608784418e-05
1.892203021490723245e+02 4.482738200326829480e-05 3.685841255583742514e-05 6.183407813589821467e-05 1.184355949799370636e-05
1.885674656187751452e+02 4.786243364254906459e-05 3.671434190203728883e-05 6.230799792453913064e-05 1.126785595866528408e-05
1.879168814658941926e+02 5.104135001741370192e-05 3.628910170395184429e-05 6.277943918927494395e-05 1.107451656301442885e-05
1.872685419194123142e+02 5.435193067237015165e-05 3.564999854282452054e-05 6.324551145902646606e-05 1.151736063988260165e-05
1.866224392351233519e+02 5.778095711433591934e-05 3.489080292890551230e-05 6.370343345077212455e-05 1.266185195742653017e-05
1.859785656955394302e+02 6.131342321288966047e-05 3.412810908526964199e-05 6.415057202227133419e-05 1.436410463768404774e-05
1.853369136097991543e+02 6.493214472424136080e-05 3.349342254254610420e-05 6.458447873894600482e-05 1.638233779878173427e-05
1.846974753135759499e+02 6.861768524312780824e-05 3.311917154102198013e-05 6.500292365102558988e-05 1.847834996307171388e-05
1.840602431689862328e+02 7.234853415345201232e-05 3.311876802253764724e-05 6.540392570191038660e-05 2.045448338072859302e-05
1.834252095644976919e+02 7.610147382650466591e-05 3.356491438763478181e-05 6.578577945407178328e-05 2.215649905715107577e-05
1.827923669148394481e+02 7.985208004405937353e-05 3.447415563421770779e-05 6.614707776987956828e-05 2.346880388278683091e-05
1.821617076609107642e+02 8.357530697137212112e-05 3.580476535067863739e-05 6.648673012207780052e-05 2.431052373698803273e-05
1.815332242696903791e+02 8.724611666397043351e-05 3.746845018016215151e-05 6.680397641070606296e-05 2.463345523138086714e-05
1.809069092341477187e+02 9.084011975151071400e-05 3.934955699880544894e-05 6.709839585119517990e-05 2.442131025843894435e-05
1.802827550731518329e+02 9.433420138637645558e-05 4.132403641910211523e-05 6.736991131977655754e-05 2.368972639133847698e-05
1.796607543313833730e+02 9.770711085591150499e-05 4.327370093899132861e-05 6.761878859589966998e-05 2.248689258307029240e-05
1.790408995792442397e+02 1.009399984952043553e-04 4.509512182462006792e-05 6.784563107170506376e-05 2.089503541338101435e-05
1.784231834127699301e+02 1.040168840953056872e-04 4.670447101699912504e-05 6.805136955117240818e-05 1.903331799696260636e-05
1.778075984535407201e+02 1.069250466636308963e-04 4.803989947456020152e-05 6.823724761040580252e-05 1.706247922812990705e-05
1.771941373485929603e+02 1.096553229931519926e-04 4.906261612624237720e-05 6.840480283107633547e-05 1.518909253393875126e-05
1.765827927703324178e+02 1.122023077489176792e-04 4.975732105795521693e-05 6.855584390685474005e-05 1.365848721401004090e-05
1.759735574164453737e+02 1.145644435603001800e-04 5.013225187250202220e-05 6.869242423987165214e-05 1.270906400825895056e-05
1.753664240098127891e+02 1.167439978638240311e-04 5.021883470918177815e-05 6.881681222566908703e-05 1.246878487761533729e-05
1.747613852984221410e+02 1.187469175268283093e-04 5.007071478312466359e-05 6.893145887171346197e-05 1.286204076071657240e-05
1.741584340552817594e+02 1.205825616785281427e-04 4.976175581642585088e-05 6.903896302751404211e-05 1.364451635047340395e-05
1.735575630783341126e+02 1.222633084264477979e-04 4.938242599131132017e-05 6.914203486198384726e-05 1.452966647736685361e-05
1.729587651903692915e+02 1.238040452734401168e-04 4.903393019221108162e-05 6.924345800398898354e-05 1.527792055761596131e-05
1.723620332389404552e+02 1.252215481400443804e-04 4.881965961403457053e-05 6.934605099220748253e-05 1.572005857071191501e-05
1.717673600962770593e+02 1.265337696332402659e-04 4.883420085439086575e-05 6.945262847331184282e-05 1.575128643661830250e-05
1.711747386592009263e+02 1.277590542954815166e-04 4.915128786092014994e-05 6.956596273986160261e-05 1.532165319149939148e-05
1.705841618490402709e+02 1.289153172011160491e-04 4.981324036376815406e-05 6.968874612222368461e-05 1.443099285483164162e-05
1.699956226115462243e+02 1.300192166407223595e-04 5.082479424772053025e-05 6.982355474211656744e-05 1.313103841895754148e-05
1.694091139168079394e+02 1.310853666742428311e-04 5.215316230101563812e-05 6.997281410834562440e-05 1.153920429201838855e-05
1.688246287591684052e+02 1.321256266274807253e-04 5.373407520427063769e-05 7.013876703577464299e-05 9.874497409888748780e-06
1.682421601571416545e+02 1.331485143535288780e-04 5.548167563479552630e-05 7.032344427152643874e-05 8.522978802206885619e-06
1.676617011533282380e+02 1.341587734021688850e-04 5.729950613522863276e-05 7.052863824985686897e-05 8.043888601291385919e-06
1.670832448143333124e+02 1.351571243487423291e-04 5.909044030451723705e-05 7.075588023806266534e-05 8.823381601152070099e-06
1.665067842306826265e+02 1.361402097986376446e-04 6.076450902076126746e-05 7.100642127862461937e-05 1.065673243976559963e-05
1.659323125167410069e+02 1.371007379410970890e-04 6.224450085869179684e-05 7.128121699564920273e-05 1.305168876020513084e-05
1.653598228106296801e+02 1.380278091636363076e-04 6.346969224911260454e-05 7.158091660614730885e-05 1.561545610605627311e-05
1.647893082741438775e+02 1.389074035154250566e-04 6.439818580996148150e-05 7.190585605136406956e-05 1.809399910285730854e-05
1.642207620926722313e+02 1.397229941933424808e-04 6.500825602717135864e-05 7.225605556190594085e-05 2.032014744466326174e-05
1.636541774751140679e+02 1.404562502498513978e-04 6.529895412492451895e-05 7.263122140532951164e-05 2.218027995395056967e-05
1.630895476537995989e+02 1.410877902439401361e-04 6.529007597683106161e-05 7.303075189290424499e-05 2.359982380288607812e-05
1.625268658844078971e+02 1.415979473163721898e-04 6.502145064948844236e-05 7.345374755359147410e-05 2.453801105562114485e-05
1.619661254458872577e+02 1.419675138577395127e-04 6.455138711234917391e-05 7.389902498762800651e-05 2.498674482472874983e-05
1.614073196403745385e+02 1.421784343256719103e-04 6.395400470300968774e-05 7.436513489848658391e-05 2.497130419379914293e-05
1.608504417931147259e+02 1.422144302286324684e-04 6.331512019317409783e-05 7.485038314593424021e-05 2.455184522405973771e-05
1.602954852523823490e+02 1.420615348412108102e-04 6.272642061073854889e-05 7.535285506736991580e-05 2.382490999132309635e-05
1.597424433894005631e+02 1.417085330810256036e-04 6.227789599839630020e-05 7.587044264672258376e-05 2.292353679614940481e-05
1.591913095982634161e+02 1.411472934919020281e-04 6.204900417639816132e-05 7.640087387030587045e-05 2.201285295780717338e-05
1.586420772958556711e+02 1.403729997894742631e-04 6.209968785579946264e-05 7.694174432681250009e-05 2.127555830333122811e-05
1.580947399217751581e+02 1.393842736275132993e-04 6.246291861986145229e-05 7.749055009778208273e-05 2.088144127403737966e-05
1.575492909382540461e+02 1.381831993876072022e-04 6.314049378071333427e-05 7.804472180805352693e-05 2.094339480539074116e-05
1.570057238300802567e+02 1.367752477208565543e-04 6.410315312354722742e-05 7.860165931075088026e-05 2.147963150856107344e-05
1.564640321045205837e+02 1.351691128901790092e-04 6.529492257627634905e-05 7.915876648081794631e-05 2.240816880250310299e-05
1.559242092912425903e+02 1.333764630278022622e-04 6.664048539219827641e-05 7.971348572157567263e-05 2.357741269432039305e-05
1.553862489422371311e+02 1.314116175944852430e-04 6.805386583137716953e-05 8.026333166877653647e-05 2.480986771749142558e-05
1.548501446317416423e+02 1.292911561652760970e-04 6.944686543268639646e-05 8.080592368801590931e-05 2.593612943680600373e-05
1.543158899561636019e+02 1.270334737154392186e-04 7.073626240552850764e-05 8.133901677399210911e-05 2.681305982582751163e-05
1.537834785340037342e+02 1.246582919338142111e-04 7.184939477849289159e-05 8.186053038226575435e-05 2.733072980042351437e-05
1.532529040057794987e+02 1.221861419065189643e-04 7.272816914465512247e-05 8.236857488061459672e-05 2.741390384348819917e-05
1.527241600339497154e+02 1.196378334540532703e-04 7.333174447495880550e-05 8.286147532795544066e-05 2.702163521934208330e-05
1.521972403028387646e+02 1.170339291715663646e-04 7.363816486152126013e-05 8.333779218870393632e-05 2.614666581900731296e-05
1.516721385185607005e+02 1.143942447786657775e-04 7.364515830715960781e-05 8.379633893295212045e-05 2.481545794258666513e-05
1.511488484089442750e+02 1.117373949602800212e-04 7.337021825632629858e-05 8.423619596910178378e-05 2.308954246397409228e-05
1.506273637234584726e+02 1.090804084617611109e-04 7.284997005115498281e-05 8.465672123424215333e-05 2.106914052817055607e-05
1.501076782331374488e+02 1.064384318097698795e-04 7.213872413012079477e-05 8.505755690111719007e-05 1.890029911850324990e-05
1.495897857305056959e+02 1.038245434669795089e-04 7.130601719611059518e-05 8.543863242100956752e-05 1.678568898243487192e-05
1.490736800295048852e+02 1.012496908898004267e-04 7.043289587691709040e-05 8.580016390993660668e-05 1.499191034338620501e-05
1.485593549654194305e+02 9.872276193299451565e-05 6.960672888170063913e-05 8.614264947018072309e-05 1.382408695104524947e-05
1.480468043948024786e+02 9.625079128305995800e-05 6.891450990180729864e-05 8.646686137290991129e-05 1.351960430837819182e-05
1.475360221954031203e+02 9.383929765553798794e-05 6.843498773359988296e-05 8.677383440148925871e-05 1.409472664158919389e-05
1.470270022660932057e+02 9.149273557302729060e-05 6.823046699977121279e-05 8.706485107937134409e-05 1.532194338257098981e-05
1.465197385267943559e+02 8.921503959171108648e-05 6.833961237622311906e-05 8.734142381637664961e-05 1.687673851940675390e-05
1.460142249184049490e+02 8.701023024685589189e-05 6.877275130785785761e-05 8.760527407637970032e-05 1.847197849222756793e-05
1.455104554027284962e+02 8.488304521982469085e-05 6.951078972703593961e-05 8.785830930275833044e-05 1.989931959944601266e-05
1.450084239624011104e+02 8.283955460394243960e-05 7.050799769842879070e-05 8.810259742141874999e-05 2.102290537746028220e-05
1.445081246008192579e+02 8.088771532870500192e-05 7.169793622782542376e-05 8.834033963621418370e-05 2.176562521048536534e-05
1.440095513420691020e+02 7.903781925331935447e-05 7.300116221627257448e-05 8.857384167172180063e-05 2.209990348190032336e-05
1.435126982308539425e+02 7.730278596089817033e-05 7.433326056568526096e-05 8.880548393031121636e-05 2.204372089938220759e-05
1.430175593324242698e+02 7.569825504054719970e-05 7.561210713805791342e-05 8.903769099699143218e-05 2.166037418926182004e-05
1.425241287325057726e+02 7.424243354117309335e-05 7.676379216009484110e-05 8.927290078085479540e-05 2.106007242248379333e-05
1.420324005372295346e+02 7.295566693900494050e-05 7.772706757906843616e-05 8.951353376874444955e-05 2.040004330938343128e-05
1.415423688730614344e+02 7.185971446030963068e-05 7.845645113759847891e-05 8.976196276049126733e-05 1.987634578468571957e-05
1.410540278867312907e+02 7.097674204984678696e-05 7.892421398347330703e-05 9.002048345308019011e-05 1.969701091052349984e-05
1.405673717451642517e+02 7.032808036936395008e-05 7.912145882127847316e-05 9.029128626283931325e-05 2.003143068876049213e-05
1.400823946354097416e+02 6.993284473179724138e-05 7.905842942617369849e-05 9.057642967974152953e-05 2.095395388134122164e-05
1.395990907645732193e+02 6.980655204873950105e-05 7.876408850433306024e-05 9.087781557009276068e-05 2.242015862497984255e-05
1.391174543597459206e+02 6.995990245470914590e-05 7.828490889455704037e-05 9.119716659104735459e-05 2.429300163050125837e-05
1.386374796679368444e+02 7.039788888629232755e-05 7.768273911917174279e-05 9.153600611118603277e-05 2.639311230119322624e-05
1.381591609560036034e+02 7.111936179815275154e-05 7.703155037628351711e-05 9.189564072749079873e-05 2.854007649313742759e-05
1.376824925105835291e+02 7.211710867312982204e-05 7.641289902119372532e-05 9.227714571802011318e-05 3.057430974116897475e-05
1.372074686380264268e+02 7.337842576970047604e-05 7.591006132595013334e-05 9.268135348020273886e-05 3.236516123819749584e-05
1.367340836643254249e+02 7.488608571403856961e-05 7.560107446241832432e-05 9.310884507051366509e-05 3.381270395505155964e-05
1.362623319350502982e+02 7.661955789609767949e-05 7.555131256331431048e-05 9.355994501804145780e-05 3.484753194017834100e-05
1.357922078152789425e+02 7.855632551251441555e-05 7.580661947911840532e-05 9.403471920135787982e-05 3.543030752443276270e-05
1.353237056895307830e+02 8.067316119745340753e-05 7.638822892366637426e-05 9.453297624275561629e-05 3.555154237154924211e-05
1.348568199616995855e+02 8.294725761780878963e-05 7.729051897836016491e-05 9.505427179005208167e-05 3.523162128271151768e-05
1.343915450549859543e+02 8.535715078715728577e-05 7.848206924106481156e-05 9.559791603183899142e-05 3.452088712534102298e-05
1.339278754118317067e+02 8.788341015281318715e-05 7.990972322117010902e-05 9.616298421776980270e-05 3.349942673546282211e-05
1.334658054938529688e+02 9.050909465001759748e-05 8.150472046504699420e-05 9.674832973359816213e-05 3.227583045868006619e-05
1.330053297817737814e+02 9.321999254531800560e-05 8.318971325734080967e-05 9.735260012076468598e-05 3.098351615971431280e-05
1.325464427753605889e+02 9.600466961677541031e-05 8.488561271732949446e-05 9.797425538222431373e-05 2.977228397756746990e-05
1.320891389933564994e+02 9.885435561195955625e-05 8.651756271809774371e-05 9.861158818014291851e-05 2.879232303344692723e-05
1.316334129734158296e+02 1.017626965481146438e-04 8.801973085367658137e-05 9.926274625069958046e-05 2.816971533856854227e-05
1.311792592720383652e+02 1.047254023396456605e-04 8.933888139864943701e-05 9.992575614490352984e-05 2.797817162749552248e-05
1.307266724645050431e+02 1.077398158954824618e-04 9.043685067292478756e-05 1.005985483172804567e-04 2.821868992159321009e-05
1.302756471448129219e+02 1.108044308818364549e-04 9.129208750411179144e-05 1.012789832838675651e-04 2.881882764226886118e-05
1.298261779256102102e+02 1.139183827190687332e-04 9.190039023929870454e-05 1.019648781301290110e-04 2.965247114951404282e-05
1.293782594381323179e+02 1.170809385012671353e-04 9.227491949896846611e-05 1.026540335309476142e-04 3.056910649884510739e-05
1.289318863321377933e+02 1.202910089783397365e-04 9.244549341446197126e-05 1.033442606345132852e-04 3.142001800382573945e-05
1.284870532758443176e+02 1.235467044065364226e-04 9.245711131689779677e-05 1.040334075946087111e-04 3.207561661797229941e-05
1.280437549558646140e+02 1.268449530899858199e-04 9.236761967117393022e-05 1.047193854170350228e-04 3.243453805969632732e-05
1.276019860771436925e+02 1.301811976288226689e-04 9.224442506274381211e-05 1.054001928209976268e-04 3.242754776515324299e-05
1.271617413628951709e+02 1.335491799362263513e-04 9.216022154590778421e-05 1.060739397990926724e-04 3.201899174478395620e-05
1.267230155545381933e+02 1.369408200509565567e-04 9.218783015389060665e-05 1.067388696777485380e-04 3.120756297573212790e-05
1.262858034116347028e+02 1.403461903425032753e-04 9.239444588769812558e-05 1.073933793596421765e-04 3.002739260021681768e-05
1.258500997118270703e+02 1.437535807675128477e-04 9.283583072027905270e-05 1.080360374791897757e-04 2.855000063973472455e-05
1.254158992507755954e+02 1.471496477083889410e-04 9.355117559254121182e-05 1.086656004947793666e-04 2.688711667670984703e-05
1.249831968420959072e+02 1.505196353606360108e-04 9.455940117203034251e-05 1.092810262351119556e-04 2.519314424263632292e-05
1.245519873172977441e+02 1.538476556618658710e-04 9.585751018493127596e-05 1.098814850737143506e-04 2.366306142539327889e-05
1.241222655257228382e+02 1.571170144596435183e-04 9.742124029298687129e-05 1.104663684490008786e-04 2.251649446779720862e-05
1.236940263344831976e+02 1.603105667924266202e-04 9.920783684265269684e-05 1.110352945096819243e-04 2.195646703382748250e-05
1.232672646283999995e+02 1.634110899280462358e-04 1.011604032115827616e-04 1.115881113768621495e-04 2.210567854381344867e-05
1.228419753099427396e+02 1.664016569588449039e-04 1.032131042030914571e-04 1.121248973483857553e-04 2.295603915787261816e-05
1.224181532991681394e+02 1.692660037764067609e-04 1.052965281096489780e-04 1.126459585424490715e-04 2.437438900533999539e-05
1.219957935336590680e+02 1.719888746375366660e-04 1.073426716093072472e-04 1.131518240477335884e-04 2.615849161924692167e-05
1.215748909684647430e+02 1.745563406671219538e-04 1.092892212448682410e-04 1.136432381042206080e-04 2.809737205145364635e-05
1.211554405760402489e+02 1.769560819295876576e-04 1.110829997114085228e-04 1.141211501318640403e-04 3.000696420961109032e-05
1.207374373461860841e+02 1.791776265397121296e-04 1.126825630051595857e-04 1.145867025395546653e-04 3.174275521259837895e-05
1.203208762859887315e+02 1.812125457812218787e-04 1.140600017369421761e-04 1.150412161417262196e-04 3.320092655600245579e-05
1.199057524197611002e+02 1.830545966198364200e-04 1.152020184493125250e-04 1.154861738630363254e-04 3.431600477839958773e-05
1.194920607889829114e+02 1.846998148729786114e-04 1.161103317989435157e-04 1.159232025883011097e-04 3.505839205084148002e-05
1.190797964522411547e+02 1.861465507243233663e-04 1.168014347158824950e-04 1.163540535436134222e-04 3.543262958432653539e-05
1.186689544851717102e+02 1.873954538837207867e-04 1.173057024676036063e-04 1.167805815168812826e-04 3.547620257098542108e-05
1.182595299804002167e+02 1.884494028780637391e-04 1.176658212264790918e-04 1.172047229776988786e-04 3.525821974122354910e-05
1.178515180474832249e+02 1.893133832780532924e-04 1.179345116230327980e-04 1.176284735435002490e-04 3.487687571800175164e-05
1.174449138128499754e+02 1.899943172957860239e-04 1.181715387418791151e-04 1.180538649465311764e-04 3.445410215797995725e-05
1.170397124197444327e+02 1.905008441113500680e-04 1.184400559130880406e-04 1.184829418192086492e-04 3.412547304535905134e-05
1.166359090281670632e+02 1.908430643666824778e-04 1.188024302820564910e-04 1.189177385820782416e-04 3.402400492131520490e-05
1.162334988148167128e+02 1.910322453601015632e-04 1.193158054420100496e-04 1.193602566574038216e-04 3.425891609067922941e-05
1.158324769730335504e+02 1.910805020157279720e-04 1.200277753241851516e-04 1.198124422660136446e-04 3.489444239489431290e-05
1.154328387127414146e+02 1.910004564609967480e-04 1.209726266423369177e-04 1.202761651151033239e-04 3.593659613644075140e-05
1.150345792603904016e+02 1.908048883002466038e-04 1.221685989642662059e-04 1.207531981314487483e-04 3.733357551082029104e-05
1.146376938588998797e+02 1.905063879370005929e-04 1.236165164614211321e-04 1.212451984975466013e-04 3.898889265750805829e-05
1.142421777676024703e+02 1.901170193745405827e-04 1.252999588909633707e-04 1.217536902086826319e-04 4.078068508959934135e-05
1.138480262621861101e+02 1.896480095232104242e-04 1.271869075224673295e-04 1.222800482277863223e-04 4.258022376197430418e-05
1.134552346346383587e+02 1.891094680435655964e-04 1.292326005325956147e-04 1.228254846210573856e-04 4.426586432342124246e-05
1.130637981931903511e+02 1.885101557306924434e-04 1.313831986349495791e-04 1.233910365137373308e-04 4.573200224239899709e-05
1.126737122622604090e+02 1.878573042247456157e-04 1.335798226166601634e-04 1.239775562131869408e-04 4.689421143226550994e-05
1.122849721823981071e+02 1.871564967759163916e-04 1.357625780793476477e-04 1.245857035088153311e-04 4.769197657394238740e-05
1.118975733102286512e+02 1.864116149133426988e-04 1.378742708382737798e-04 1.252159400571176248e-04 4.809006525090490106e-05
1.115115110183981812e+02 1.856248485952729187e-04 1.398636223060380527e-04 1.258685262781791662e-04 4.807915879101017168e-05
1.111267806955172119e+02 1.847967761676670955e-04 1.416878955971178841e-04 1.265435203499857674e-04 4.767602191851237685e-05
1.107433777461063045e+02 1.839265024362602677e-04 1.433148987271895829e-04 1.272407794142131642e-04 4.692324829381161564e-05
1.103612975905412554e+02 1.830118539217275855e-04 1.447243686630089938e-04 1.279599632362177566e-04 4.588839428042195594e-05
1.099805356649982855e+02 1.820496197556589746e-04 1.459087624581077583e-04 1.287005397340959696e-04 4.466205804300742599e-05
1.096010874213990292e+02 1.810358275172163081e-04 1.468734697334620354e-04 1.294617925370338159e-04 4.335413822220239306e-05
1.092229483273570310e+02 1.799660465416388065e-04 1.476364538808234224e-04 1.302428310193464670e-04 4.208720828307678573e-05
1.088461138661231189e+02 1.788357018948158873e-04 1.482273275674151031e-04 1.310426015556421825e-04 4.098594273705308987e-05
1.084705795365314174e+02 1.776403922633509923e-04 1.486858559920217749e-04 1.318599005834956484e-04 4.016234712319395779e-05
1.080963408529456160e+02 1.763761975004353650e-04 1.490598927782409535e-04 1.326933894306768860e-04 3.969855688643312457e-05
1.077233933452057499e+02 1.750399687476214170e-04 1.494027828679543861e-04 1.335416101973561454e-04 3.963161086421224165e-05
1.073517325585745255e+02 1.736295929030151099e-04 1.497703031101260262e-04 1.344030027643655124e-04 3.994583554721672686e-05
1.069813540536837735e+02 1.721442235236623857e-04 1.502172736204089522e-04 1.352759230689654969e-04 4.057629561969045560e-05
1.066122534064820826e+02 1.705844754610837447e-04 1.507940429272418596e-04 1.361586617624018685e-04 4.142197726568790426e-05
1.062444262081816646e+02 1.689525773082882693e-04 1.515431077102314089e-04 1.370494634275174254e-04 4.236355321043459556e-05
1.058778680652054049e+02 1.672524826766430702e-04 1.524961677798985745e-04 1.379465462493786399e-04 4.328028202722829123e-05
1.055125745991347515e+02 1.654899373852113369e-04 1.536719108358206118e-04 1.388481216480478729e-04 4.406294586330597245e-05
1.051485414466574184e+02 1.636725038934226889e-04 1.550747609507430636e-04 1.397524138104105115e-04 4.462232224485775160e-05
1.047857642595151759e+02 1.618095442027598502e-04 1.566947223939160901e-04 1.406576789140159670e-04 4.489412305468627387e-05
1.044242387044515823e+02 1.599121624994091751e-04 1.585083166363597583e-04 1.415622237528509617e-04 4.484165712519091768e-05
1.040639604631609245e+02 1.579931107851469151e-04 1.604804794656639034e-04 1.424644236685836921e-04 4.445721972253930792e-05
1.037049252322361070e+02 1.560666594962886950e-04 1.625671908414158756e-04 1.433627395469662966e-04 4.376280924468943289e-05
1.033471287231172937e+02 1.541484361938884925e-04 1.647185561801039295e-04 1.442557337810947582e-04 4.281035355044469015e-05
1.029905666620407771e+02 1.522552359915849824e-04 1.668820554432765219e-04 1.451420848937484036e-04 4.168118636539799746e-05
1.026352347899880897e+02 1.504048068652970749e-04 1.690057180509907224e-04 1.460206008446871700e-04 4.048395097028496608e-05
1.022811288626349722e+02 1.486156131878062757e-04 1.710410344325334891e-04 1.468902308627131675e-04 3.934943517042153359e-05
1.019282446503004138e+02 1.469065822684620761e-04 1.729454759254139926e-04 1.477500755537373522e-04 3.842033164304833182e-05
1.015765779378966869e+02 1.452968368208024303e-04 1.746845532444422119e-04 1.485993954490636771e-04 3.783441209986385394e-05
1.012261245248786992e+02 1.438054204112835545e-04 1.762333773644678310e-04 1.494376177711746691e-04 3.770218055865088853e-05
1.008768802251936023e+02 1.424510180677277969e-04 1.775777111786180007e-04 1.502643411530011361e-04 3.808459453852920402e-05
1.005288408672310680e+02 1.412516804748024891e-04 1.787145178003138129e-04 1.510793388898044106e-04 3.897967231854881578e-05
1.001820022937735786e+02 1.402245558198172461e-04 1.796520091709955132e-04 1.518825601016430377e-04 4.032434023760600851e-05
9.983636036194658914e+01 1.393856368119492637e-04 1.804091991109691405e-04 1.526741290170000682e-04 4.201016644889437359e-05
9.949191094316876161e+01 1.387495293762115907e-04 1.810149705370266528e-04 1.534543426670115717e-04 4.390524951356279297e-05
9.914864992310326386e+01 1.383292470982870864e-04 1.815066655035163696e-04 1.542236668036287418e-04 4.587430376262983126e-05
9.880657320160824497e+01 1.381360391646011346e-04 1.819282199931039038e-04 1.549827297083251920e-04 4.779300730294020242e-05
9.846567669268777934e+01 1.381792530699132711e-04 1.823278920533100221e-04 1.557323148607061441e-04 4.955652426672897893e-05
9.812595632444318028e+01 1.384662378915305970e-04 1.827556588949647606e-04 1.564733520530197026e-04 5.108383192613836913e-05
9.778740803902455525e+01 1.390022844772299620e-04 1.832603995014169234e-04 1.572069068358274439e-04 5.231955795071690390e-05
9.745002779258219050e+01 1.397906053160248043e-04 1.838870246371756374e-04 1.579341689174541168e-04 5.323449637559482132e-05
9.711381155521793573e+01 1.408323480559515962e-04 1.846737473160924980e-04 1.586564393911292145e-04 5.382540428541130129e-05
9.677875531093758354e+01 1.421266409793333729e-04 1.856497058186368243e-04 1.593751168149073951e-04 5.411426296506280137e-05
9.644485505760272304e+01 1.436706632731739449e-04 1.868331449237753915e-04 1.600916826939372797e-04 5.414689365840622725e-05
9.611210680688266450e+01 1.454597356026537860e-04 1.882303198805037909e-04 1.608076861235890496e-04 5.399060180302962000e-05
9.578050658420707464e+01 1.474874256552906294e-04 1.898352217507563624e-04 1.615247279622924364e-04 5.373036746714133973e-05
9.545005042871855494e+01 1.497456636372410371e-04 1.916301383614630270e-04 1.622444446737105600e-04 5.346305021239890172e-05
9.512073439322524848e+01 1.522248657061151228e-04 1.935869810879937633e-04 1.629684919745025479e-04 5.328925615176745815e-05
9.479255454415341831e+01 1.549140598785793096e-04 1.956692357144119781e-04 1.636985284670269380e-04 5.330305186103335893e-05
9.446550696150092108e+01 1.578010162538111792e-04 1.978343478923851506e-04 1.644361994496124882e-04 5.358062429487041631e-05
9.413958773879021180e+01 1.608723780201984507e-04 2.000363441345379037e-04 1.651831210298773981e-04 5.416996172403905184e-05
9.381479298302144798e+01 1.641137963163774680e-04 2.022284956180911528e-04 1.659408647040886602e-04 5.508406448634022788e-05
9.349111881462609119e+01 1.675100664397168742e-04 2.043658582150093114e-04 1.667109425237542830e-04 5.629953411909529719e-05
9.316856136742119077e+01 1.710452681059402397e-04 2.064075708175848272e-04 1.674947931179015875e-04 5.776078343630015015e-05
9.284711678856214689e+01 1.747029093489015940e-04 2.083188228414283017e-04 1.682937684906052138e-04 5.938840330057242332e-05
9.252678123849730696e+01 1.784660740386523879e-04 2.100724323513948426e-04 1.691091218679394560e-04 6.108935764560141830e-05
9.220755089092214973e+01 1.823175744030062074e-04 2.116500151086728794e-04 1.699419967042385704e-04 6.276687396809867169e-05
9.188942193273345538e+01 1.862401051905126104e-04 2.130427271938303369e-04 1.707934167740451285e-04 6.432873945118223623e-05
9.157239056398360333e+01 1.902164012410413922e-04 2.142515739292556753e-04 1.716642776285989044e-04 6.569357151999483211e-05
9.125645299783521125e+01 1.942293951591515214e-04 2.152872981436462871e-04 1.725553395264603225e-04 6.679520716915052757e-05
9.094160546051649874e+01 1.982623741184400782e-04 2.161698478179659752e-04 1.734672214679846690e-04 6.758557884943397259e-05
9.062784419127528679e+01 2.022991338644950052e-04 2.169274315208195977e-04 1.744003969457261368e-04 6.803646199680827916e-05
9.031516544233453203e+01 2.063241268183161551e-04 2.175951901746626450e-04 1.753551910908360300e-04 6.814037780163002237e-05
9.000356547884777569e+01 2.103226029731751435e-04 2.182135110107472596e-04 1.763317791208101888e-04 6.791081281812846957e-05
8.969304057885423731e+01 2.142807407360548388e-04 2.188260342917922876e-04 1.773301864173639246e-04 6.738178630225222915e-05
8.938358703323429211e+01 2.181857652698448069e-04 2.194774336126452874e-04 1.783502902919608779e-04 6.660667321487393562e-05
8.907520114566524683e+01 2.220260524048212915e-04 2.202110669062496339e-04 1.793918225342504454e-04 6.565607584112910869e-05
8.876787923257766977e+01 2.257912160297508442e-04 2.210666269138821221e-04 1.804543738558200578e-04 6.461443996655003735e-05
8.846161762311051291e+01 2.294721767203619916e-04 2.220779383456642127e-04 1.815373995379375178e-04 6.357508887585960726e-05
8.815641265906778301e+01 2.330612110591665734e-04 2.232710540052728937e-04 1.826402261180165901e-04 6.263346005762427467e-05
8.785226069487490008e+01 2.365519789089106566e-04 2.246627950946561414e-04 1.837620592332255226e-04 6.187868671727193414e-05
8.754915809753509848e+01 2.399395285958457727e-04 2.262598446127451709e-04 1.849019929245867731e-04 6.138426354592551443e-05
8.724710124658565746e+01 2.432202800671128039e-04 2.280584700803304869e-04 1.860590195764761029e-04 6.119925404899713873e-05
8.694608653405522602e+01 2.463919839928519818e-04 2.300448876337471253e-04 1.872320404732218460e-04 6.134192978668234677e-05
8.664611036442045133e+01 2.494536597128395989e-04 2.321962185346764635e-04 1.884198775889601334e-04 6.179751068571374690e-05
8.634716915456289144e+01 2.524055105889581375e-04 2.344819582609339076e-04 1.896212857255771020e-04 6.252066668559513494e-05
8.604925933372635427e+01 2.552488182367739834e-04 2.368658250083368233e-04 1.908349650948331202e-04 6.344210271404918697e-05
8.575237734347442142e+01 2.579858203641129219e-04 2.393078411203928364e-04 1.920595743630879189e-04 6.447754502297354303e-05
8.545651963764778714e+01 2.606195699839686806e-04 2.417665145972254569e-04 1.932937440993240754e-04 6.553722026858979177e-05
8.516168268232161154e+01 2.631537828428165784e-04 2.442009833102927008e-04 1.945360899272920217e-04 6.653437144188809494e-05
8.486786295576386863e+01 2.655926746677943293e-04 2.465730154415162693e-04 1.957852259945816876e-04 6.739206917796944536e-05
8.457505694839299792e+01 2.679407893798196882e-04 2.488487875131078120e-04 1.970397781890524853e-04 6.804819397994904323e-05
8.428326116273582613e+01 2.702028286369352042e-04 2.510003773828935192e-04 1.982983970992123360e-04 6.845880766381171295e-05
8.399247211338594354e+01 2.723834798958294661e-04 2.530069384295648063e-04 1.995597706022623444e-04 6.860024934899590571e-05
8.370268632696222255e+01 2.744872513291121609e-04 2.548555268803943063e-04 2.008226359627134224e-04 6.847023720570675055e-05
8.341390034206722248e+01 2.765183180546969027e-04 2.565415785880911163e-04 2.020857913363195116e-04 6.808814808468369184e-05
8.312611070924556600e+01 2.784803794268923068e-04 2.580690309043917152e-04 2.033481065982345579e-04 6.749448937493753378e-05
8.283931399094316816e+01 2.803765363747904899e-04 2.594500853056245344e-04 2.046085333468486498e-04 6.674942923889172529e-05
8.255350676146606759e+01 2.822091896310931170e-04 2.607046331647950113e-04 2.058661141036219745e-04 6.593010491125099253e-05
8.226868560693918653e+01 2.839799596999237645e-04 2.618593511313498275e-04 2.071199906045719972e-04 6.512634099917896657e-05
8.198484712526587259e+01 2.856896346208987955e-04 2.629464891073435067e-04 2.083694109742273025e-04 6.443445357666450883e-05
8.170198792608728411e+01 2.873381428881429875e-04 2.640023948247698809e-04 2.096137359225413446e-04 6.394908622281033868e-05
8.142010463074178972e+01 2.889245516524129595e-04 2.650658174276562546e-04 2.108524439662462599e-04 6.375360223782453506e-05
8.113919387222441060e+01 2.904470955161948266e-04 2.661760612585281648e-04 2.120851353401885324e-04 6.391032140256214678e-05
8.085925229514704426e+01 2.919032264010006355e-04 2.673710692442599827e-04 2.133115348468844373e-04 6.445253136979394912e-05
8.058027655569809156e+01 2.932896886026984252e-04 2.686855372949499663e-04 2.145314936799489814e-04 6.538021283899569632e-05
8.030226332160249569e+01 2.946026152711942185e-04 2.701491669790744119e-04 2.157449900278917256e-04 6.666059199198252298e-05
8.002520927208195189e+01 2.958376390015719456e-04 2.717851543230664522e-04 2.169521282803021716e-04 6.823324482058425156e-05
7.974911109781548646e+01 2.969900201709525420e-04 2.736090271190371207e-04 2.181531375293702807e-04 7.001826425521111676e-05
7.947396550089975165e+01 2.980547844518554863e-04 2.756278983327686556e-04 2.193483688695834388e-04 7.192552524321030771e-05
7.919976919480937738e+01 2.990268659831436804e-04 2.778401830042074466e-04 2.205382914814927459e-04 7.386338355699823596e-05
7.892651890435820405e+01 2.999012557912228254e-04 2.802357994059331489e-04 2.217234878754844013e-04 7.574585127998239231e-05
7.865421136565993265e+01 3.006731484069587049e-04 2.827968229029340346e-04 2.229046482541283613e-04 7.749795734317396680e-05
7.838284332608897387e+01 3.013380827014761000e-04 2.854985428291144725e-04 2.240825639025415103e-04 7.905943802573429881e-05
7.811241154424172350e+01 3.018920806392008313e-04 2.883108334840050221e-04 2.252581196103854157e-04 8.038706238811920823e-05
7.784291278989807950e+01 3.023317721971498944e-04 2.911997516270991172e-04 2.264322857919936300e-04 8.145590388527909577e-05
7.757434384398260363e+01 3.026545103927477795e-04 2.941292563408239632e-04 2.276061096333489918e-04 8.225978049613683659e-05
7.730670149852591067e+01 3.028584737689985667e-04 2.970629465639760820e-04 2.287807057603286119e-04 8.281097990725049104e-05
7.703998255662679639e+01 3.029427512430249827e-04 2.999657448554911071e-04 2.299572464756070216e-04 8.313928914246846357e-05
7.677418383241376887e+01 3.029074125553185125e-04 3.028054437516276322e-04 2.311369516190842370e-04 8.329026227977948918e-05
7.650930215100696330e+01 3.027535631664740189e-04 3.055540634119503687e-04 2.323210781021582184e-04 8.332262133631241057e-05
7.624533434848021329e+01 3.024833798669162264e-04 3.081889793033467870e-04 2.335109092529925380e-04 8.330467440154056739e-05
7.598227727182356261e+01 3.021001313431008624e-04 3.106937915414885107e-04 2.347077441531737209e-04 8.330971285186055981e-05
7.572012777890530799e+01 3.016081821898552464e-04 3.130589230543552918e-04 2.359128868754322924e-04 8.341049434686592179e-05
7.545888273843439720e+01 3.010129786684632969e-04 3.152819257575994777e-04 2.371276358768782330e-04 8.367315451748808886e-05
7.519853902992332451e+01 3.003210226837066247e-04 3.173675100644449847e-04 2.383532735171246526e-04 8.415115597011216589e-05
7.493909354365071351e+01 2.995398294601532650e-04 3.193272894793545503e-04 2.395910558679983959e-04 8.488007791408245357e-05
7.468054318062407049e+01 2.986778725843276154e-04 3.211792523219567813e-04 2.408422029538769124e-04 8.587407997392401985e-05
7.442288485254275088e+01 2.977445179442822043e-04 3.229469814471373269e-04 2.421078892722068479e-04 8.712463968986817531e-05
7.416611548176156532e+01 2.967499468112424869e-04 3.246586397451045147e-04 2.433892348980163181e-04 8.860174701495247373e-05
7.391023200125327719e+01 2.957050694263037923e-04 3.263457617133285003e-04 2.446872972001989098e-04 9.025724913974312409e-05
7.365523135457236492e+01 2.946214326997098946e-04 3.280418792544440997e-04 2.460030630949915889e-04 9.202968074752597243e-05
7.340111049581858538e+01 2.935111205621154557e-04 3.297810518008127906e-04 2.473374419610287894e-04 9.384978081491477503e-05
7.314786638960053722e+01 2.923866504309744906e-04 3.315963503060502006e-04 2.486912594664816606e-04 9.564597366182951677e-05
7.289549601099915321e+01 2.912608666050613116e-04 3.335183662893566889e-04 2.500652520757286161e-04 9.734931372835958123e-05
7.264399634553171836e+01 2.901468321063357361e-04 3.355738254764665130e-04 2.514600622001343200e-04 9.889761874879473939e-05
7.239336438911628591e+01 2.890577202473065734e-04 3.377843723316903716e-04 2.528762344503031074e-04 1.002387152021654742e-04
7.214359714803505597e+01 2.880067072646243557e-04 3.401656011207919981e-04 2.543142126594784107e-04 1.013328304268677716e-04
7.189469163889899050e+01 2.870068674103342841e-04 3.427263729282902568e-04 2.557743376235397021e-04 1.021542164765704863e-04
7.164664488861232883e+01 2.860710708213171191e-04 3.454684745788461444e-04 2.572568457757413041e-04 1.026920974739580080e-04
7.139945393433688992e+01 2.852118858803524772e-04 3.483866211137604213e-04 2.587618690479338607e-04 1.029509992369076899e-04
7.115311582345648844e+01 2.844414873951289454e-04 3.514687991961738291e-04 2.602894352291349866e-04 1.029504938668885419e-04
7.090762761354211818e+01 2.837715689899518792e-04 3.546969253808210636e-04 2.618394690853599496e-04 1.027243429377419664e-04
7.066298637231653856e+01 2.832132631107641741e-04 3.580477703376077313e-04 2.634117946556154694e-04 1.023189976513048488e-04
7.041918917761911700e+01 2.827770673928088965e-04 3.614940962434840129e-04 2.650061382439298434e-04 1.017913968337171607e-04
7.017623311737112601e+01 2.824727772401024401e-04 3.650059264260046015e-04 2.666221319493574694e-04 1.012060080153293870e-04
6.993411528954105449e+01 2.823094271510624698e-04 3.685518989483514696e-04 2.682593178867678741e-04 1.006311152545165622e-04
6.969283280210976272e+01 2.822952389615500986e-04 3.721006222864501169e-04 2.699171533425513280e-04 1.001344419802970340e-04
6.945238277303582208e+01 2.824375763761910441e-04 3.756219837677370055e-04 2.715950169370451002e-04 9.977834970790786071e-05
6.921276233022143742e+01 2.827429089328253788e-04 3.790883531514683820e-04 2.732922142113764050e-04 9.961501234212490866e-05
6.897396861147792890e+01 2.832167819640168472e-04 3.824756487158335601e-04 2.750079844849240480e-04 9.968210320299124977e-05
6.873599876449146961e+01 2.838637939298026811e-04 3.857642315906411159e-04 2.767415081835024934e-04 9.999958567710702105e-05
6.849884994678912165e+01 2.846875834931941306e-04 3.889395977797059276e-04 2.784919143726824020e-04 1.005680969671949107e-04
6.826251932570495740e+01 2.856908207559266124e-04 3.919928683543590911e-04 2.802582885260281823e-04 1.013691925365658037e-04
6.802700407834619512e+01 2.868752077995357372e-04 3.949210545892959832e-04 2.820396805673299639e-04 1.023673962382539365e-04
6.779230139155922075e+01 2.882414865780768285e-04 3.977271090569202958e-04 2.838351132866687512e-04 1.035137082929596803e-04
6.755840846189634874e+01 2.897894526695269572e-04 4.004197479867379261e-04 2.856435909412129853e-04 1.047500374809744584e-04
6.732532249558222759e+01 2.915179776038107095e-04 4.030130736291170435e-04 2.874641072462573639e-04 1.060139734361004876e-04
6.709304070848028800e+01 2.934250390663452009e-04 4.055259934052187127e-04 2.892956540602879324e-04 1.072434085492533637e-04
6.686156032605960320e+01 2.955077551967418134e-04 4.079814607339435329e-04 2.911372296730528890e-04 1.083806587946976570e-04
6.663087858336190550e+01 2.977624286982076562e-04 4.104055600530241645e-04 2.929878469709973842e-04 1.093758960593981514e-04
6.640099272496841820e+01 3.001845959365893532e-04 4.128264685734689063e-04 2.948465413838087436e-04 1.101898312423717674e-04
6.617190000496674429e+01 3.027690816774322204e-04 4.152733335230723529e-04 2.967123785789056657e-04 1.107956577668175069e-04
6.594359768691847989e+01 3.055100617252812928e-04 4.177750956408638849e-04 2.985844618603215937e-04 1.111803100768314151e-04
6.571608304382628774e+01 3.084011284419092120e-04 4.203593244025309659e-04 3.004619391059478676e-04 1.113450803075158579e-04
6.548935335810125480e+01 3.114353612598531299e-04 4.230510973331729602e-04 3.023440093524850584e-04 1.113056227260701106e-04
6.526340592153053421e+01 3.146054017763420959e-04 4.258719888169099467e-04 3.042299288658220852e-04 1.110913469137147797e-04
6.503823803524507241e+01 3.179035303242801723e-04 4.288391957962237218e-04 3.061190167183061974e-04 1.107441656693266684e-04
6.481384700968735046e+01 3.213217450049222373e-04 4.319648649085878513e-04 3.080106598607553381e-04 1.103165590031050954e-04
6.459023016457898336e+01 3.248518430906561236e-04 4.352556333825069305e-04 3.099043176002646161e-04 1.098689096988014757e-04
6.436738482888908663e+01 3.284854994356638290e-04 4.387124153139747361e-04 3.117995253984025467e-04 1.094661123822548000e-04
6.414530834080224508e+01 3.322143462956896076e-04 4.423304309517503614e-04 3.136958981222064450e-04 1.091735400673601430e-04
6.392399804768654548e+01 3.360300501312821751e-04 4.460994839236035944e-04 3.155931327577294774e-04 1.090525666329568899e-04
6.370345130606200712e+01 3.399243847391351025e-04 4.500044602522251629e-04 3.174910103249780008e-04 1.091559984802506635e-04
6.348366548156918299e+01 3.438893013456420706e-04 4.540260162250836203e-04 3.193893971555424494e-04 1.095238812879175625e-04
6.326463794893748371e+01 3.479169936423419439e-04 4.581414262067461823e-04 3.212882456098109497e-04 1.101802068096618628e-04
6.304636609195372898e+01 3.519999556368547805e-04 4.623255383146642502e-04 3.231875941958710081e-04 1.111309844027193346e-04
6.282884730343122470e+01 3.561310345126065136e-04 4.665518029554790156e-04 3.250875670016423603e-04 1.123639511284334674e-04
6.261207898517841386e+01 3.603034754031910120e-04 4.707933119225370653e-04 3.269883723517943161e-04 1.138499428462410364e-04
6.239605854796774054e+01 3.645109581220261265e-04 4.750238290563115395e-04 3.288903008667922855e-04 1.155456746105005649e-04
6.218078341150486921e+01 3.687476264609570011e-04 4.792187542581246586e-04 3.307937234871620143e-04 1.173974950969273372e-04
6.196625100439793954e+01 3.730081084203113882e-04 4.833560071681464458e-04 3.326990882757368661e-04 1.193456135959758174e-04
6.175245876412678570e+01 3.772875272584281831e-04 4.874167819430010821e-04 3.346069169972519909e-04 1.213283324372582374e-04
6.153940413701207035e+01 3.815815044898941189e-04 4.913861796691063218e-04 3.365178011970955288e-04 1.232859411871660687e-04
6.132708457818522874e+01 3.858861537841017705e-04 4.952536800930938980e-04 3.384323978460507558e-04 1.251640564911395213e-04
6.111549755155778740e+01 3.901980663293852557e-04 4.990134604976594014e-04 3.403514245459389530e-04 1.269163090811960238e-04
6.090464052979110221e+01 3.945142883718419737e-04 5.026645377606129466e-04 3.422756542927883096e-04 1.285063692928841881e-04
6.069451099426608920e+01 3.988322911600275175e-04 5.062107558262369860e-04 3.442059100209254657e-04 1.299093363256922234e-04
6.048510643505359496e+01 4.031499337240834562e-04 5.096606024482390777e-04 3.461430588799949918e-04 1.311125403701733454e-04
6.027642435088375095e+01 4.074654198076812692e-04 5.130268742134384873e-04 3.480880061677899440e-04 1.321157989387661150e-04
6.006846224911645038e+01 4.117772495357277453e-04 5.163261905133705986e-04 3.500416891604645809e-04 1.329311496785143525e-04
5.986121764571169734e+01 4.160841670408959767e-04 5.195783857969810907e-04 3.520050707628152734e-04 1.335820780636855437e-04
5.965468806519974976e+01 4.203851046040719941e-04 5.228057881891119522e-04 3.539791330603447861e-04 1.341022351599253167e-04
5.944887104065147554e+01 4.246791249506922262e-04 5.260324109046923867e-04 3.559648708510386970e-04 1.345336474367693112e-04
5.924376411364895745e+01 4.289653630953362516e-04 5.292830828724611391e-04 3.579632852019968268e-04 1.349244361978930431e-04
5.903936483425646031e+01 4.332429681327402320e-04 5.325825522417816866e-04 3.599753769557687455e-04 1.353260892048404392e-04
5.883567076099057402e+01 4.375110466581463874e-04 5.359545933066342353e-04 3.620021403932804915e-04 1.357903870744621899e-04
5.863267946079139392e+01 4.417686095589582569e-04 5.394211450327339756e-04 3.640445570567592271e-04 1.363661410464583011e-04
5.843038850899350223e+01 4.460145222090494970e-04 5.430015230989987830e-04 3.661035897065722036e-04 1.370959605394054485e-04
5.822879548929692106e+01 4.502474586943691908e-04 5.467117309642600042e-04 3.681801764368662720e-04 1.380133240606131774e-04
5.802789799373812940e+01 4.544658634836641620e-04 5.505639037141468175e-04 3.702752250895888285e-04 1.391402260158550110e-04
5.782769362266151347e+01 4.586679187100575240e-04 5.545658947013111127e-04 3.723896080971316651e-04 1.404856441060627103e-04
5.762817998469064662e+01 4.628515181955393932e-04 5.587210361159034326e-04 3.745241574483065567e-04 1.420449872571082561e-04
5.742935469669956916e+01 4.670142499988310151e-04 5.630280688062624765e-04 3.766796599666331988e-04 1.438005605063396100e-04
5.723121538378444484e+01 4.711533871296753016e-04 5.674812530797565839e-04 3.788568531480386581e-04 1.457229708658468756e-04
5.703375967923526701e+01 4.752658849905545238e-04 5.720706356097294979e-04 3.810564213475459974e-04 1.477732853598897667e-04
5.683698522450756485e+01 4.793483872055713632e-04 5.767824771515361318e-04 3.832789922679708319e-04 1.499056916727376486e-04
5.664088966919396029e+01 4.833972412812851467e-04 5.815998030710721250e-04 3.855251338662263241e-04 1.520704058448823582e-04
5.644547067099649951e+01 4.874085193124102328e-04 5.865030660189375416e-04 3.877953518520271922e-04 1.542165848608638835e-04
5.625072589569847281e+01 4.913780465395506392e-04 5.914708727376517599e-04 3.900900878393241938e-04 1.562950597952807131e-04
5.605665301713644766e+01 4.953014373309995054e-04 5.964807669811349970e-04 3.924097173697791699e-04 1.582607625325647526e-04
5.586324971717257881e+01 4.991741363728699346e-04 6.015100203096866369e-04 3.947545487916528906e-04 1.600747657079372270e-04
5.567051368566702507e+01 5.029914627408285611e-04 6.065364187502540576e-04 3.971248226491777295e-04 1.617059074509597503e-04
5.547844262045023811e+01 5.067486609245740832e-04 6.115389996424862046e-04 3.995207114993724906e-04 1.631319909952793615e-04
5.528703422729535077e+01 5.104409543739734300e-04 6.164987377520183762e-04 4.019423200195180687e-04 1.643405622604331064e-04
5.509628621989102726e+01 5.140635996261562783e-04 6.213991435783287149e-04 4.043896855429575865e-04 1.653292846545007921e-04
5.490619631981403614e+01 5.176119429601649903e-04 6.262267735356989457e-04 4.068627791966806162e-04 1.661059155830928180e-04
5.471676225650192293e+01 5.210814782218884745e-04 6.309716218011729699e-04 4.093615078048237028e-04 1.666878921473389672e-04
5.452798176722600232e+01 5.244679029533163162e-04 6.356274045897539974e-04 4.118857156698205700e-04 1.671015334262384406e-04
5.433985259706440729e+01 5.277671710498297404e-04 6.401917175462822898e-04 4.144351865046973183e-04 1.673808598950393017e-04
5.415237249887499615e+01 5.309755480866465340e-04 6.446660759933803275e-04 4.170096464429442909e-04 1.675660453496531654e-04
5.396553923326864322e+01 5.340896604261509027e-04 6.490558252919386827e-04 4.196087671163995620e-04 1.677015284388415123e-04
5.377935056858237317e+01 5.371065406588118596e-04 6.533699388443032965e-04 4.222321689924507624e-04 1.678338293383792388e-04
5.359380428085277259e+01 5.400236700481691196e-04 6.576207036922142356e-04 4.248794248789414057e-04 1.680091605544556594e-04
5.340889815378940852e+01 5.428390169939074049e-04 6.618233079689794969e-04 4.275500637225717183e-04 1.682709446804062884e-04
5.322462997874838209e+01 5.455510690638098147e-04 6.659953363404565261e-04 4.302435748265760621e-04 1.686573854198680669e-04
5.304099755470591049e+01 5.481588577158026578e-04 6.701561925231113706e-04 4.329594126030942821e-04 1.691992724921342482e-04
5.285799868823202985e+01 5.506619829751914020e-04 6.743264702721973175e-04 4.356970008216658414e-04 1.699181912118831006e-04
5.267563119346448275e+01 5.530606279721824673e-04 6.785272861238568704e-04 4.384557368502356423e-04 1.708252932889749122e-04
5.249389289208248499e+01 5.553555683134007862e-04 6.827795993109377938e-04 4.412349968366105816e-04 1.719207442545902696e-04
5.231278161328077658e+01 5.575481765148017398e-04 6.871035326473549313e-04 4.440341404837025766e-04 1.731938896001682495e-04
5.213229519374367982e+01 5.596404212397681393e-04 6.915177341743176942e-04 4.468525159152542266e-04 1.746241158839331872e-04
5.195243147761926394e+01 5.616348597760512269e-04 6.960387822916622820e-04 4.496894644904197297e-04 1.761823145013606789e-04
5.177318831649355957e+01 5.635346232340565685e-04 7.006806710604854662e-04 4.525443256185607971e-04 1.778328007993400077e-04
5.159456356936500043e+01 5.653434015584680615e-04 7.054543722828797610e-04 4.554164416256135657e-04 1.795355253247941441e-04
5.141655510261870177e+01 5.670654199687169810e-04 7.103675191017459062e-04 4.583051627105243588e-04 1.812484050147325910e-04
5.123916079000107970e+01 5.687054114157224236e-04 7.154241911463931876e-04 4.612098513811238804e-04 1.829296178014883491e-04
5.106237851259442806e+01 5.702685856162239934e-04 7.206248338155957830e-04 4.641298868242661226e-04 1.845397468382332950e-04
5.088620615879158038e+01 5.717605948259142602e-04 7.259662822396111123e-04 4.670646694198697419e-04 1.860436810217838547e-04
5.071064162427072119e+01 5.731874957517092825e-04 7.314419241049369873e-04 4.700136248522644136e-04 1.874122108695224192e-04
5.053568281197022571e+01 5.745557072854157047e-04 7.370419575119184063e-04 4.729762080517900492e-04 1.886232960664211214e-04
5.036132763206368423e+01 5.758719692477755076e-04 7.427537623793226173e-04 4.759519068928488058e-04 1.896629841234156273e-04
5.018757400193482709e+01 5.771432973066396074e-04 7.485623379174623834e-04 4.789402456508718960e-04 1.905259742547500993e-04
5.001441984615269831e+01 5.783769367234363598e-04 7.544508240757937575e-04 4.819407882206510046e-04 1.912158338277773642e-04
4.984186309644690027e+01 5.795803158424526732e-04 7.604010569668680306e-04 4.849531410902312308e-04 1.917448650197572252e-04
4.966990169168281710e+01 5.807609994952673020e-04 7.663941628222851630e-04 4.879769559011475077e-04 1.921336254279244684e-04
4.949853357783707253e+01 5.819266424766316543e-04 7.724111495051943317e-04 4.910119317960867603e-04 1.924101106431155557e-04
4.932775670797296641e+01 5.830849430170410722e-04 7.784334928110865680e-04 4.940578174371686301e-04 1.926086051605232921e-04
4.915756904221598234e+01 5.842435986789586448e-04 7.844436949314320716e-04 4.971144126822631430e-04 1.927682227300988043e-04
4.898796854772947285e+01 5.854102631521652814e-04 7.904257983650512425e-04 5.001815699606695226e-04 1.929311711640482668e-04
4.881895319869035887e+01 5.865925048820998158e-04 7.963658458905697709e-04 5.032591953245993096e-04 1.931407934370574404e-04
4.865052097626492866e+01 5.877977681416361646e-04 8.022522623316564409e-04 5.063472491696880112e-04 1.934394688375556135e-04
4.848266986858475036e+01 5.890333364582134865e-04 8.080761753667774347e-04 5.094457466177607519e-04 1.938664783709714737e-04
4.831539787072257752e+01 5.903062989491023125e-04 8.138316394002916053e-04 5.125547575550780475e-04 1.944559576585468716e-04
4.814870298466851040e+01 5.916235197317399556e-04 8.195157861744216139e-04 5.156744063331183394e-04 1.952350825985854524e-04
4.798258321930600800e+01 5.929916101722168585e-04 8.251288667348334865e-04 5.188048712829624329e-04 1.962226206435698146e-04
4.781703659038817733e+01 5.944169043476504313e-04 8.306742266604151504e-04 5.219463838129627690e-04 1.974279591397184053e-04
4.765206112051404830e+01 5.959054380454518888e-04 8.361581773971017142e-04 5.250992272097144845e-04 1.988506967826042797e-04
4.748765483910497665e+01 5.974629309577607437e-04 8.415898004983329937e-04 5.282637352056601936e-04 2.004808218820383430e-04
4.732381578238104680e+01 5.990947716052976617e-04 8.469806612000315739e-04 5.314402902619503200e-04 2.022994478918251321e-04
4.716054199333775188e+01 6.008060056530353929e-04 8.523444655276321731e-04 5.346293215907994617e-04 2.042800411301837476e-04
4.699783152172241785e+01 6.026013281144881883e-04 8.576966552366347210e-04 5.378313029397444782e-04 2.063900244702848556e-04
4.683568242401108961e+01 6.044850777002094225e-04 8.630539580824941100e-04 5.410467501601907980e-04 2.085926225464584060e-04
4.667409276338520385e+01 6.064612331892827498e-04 8.684339065841520941e-04 5.442762185813913812e-04 2.108488254877419893e-04
4.651306060970848932e+01 6.085334137931546579e-04 8.738543257065723617e-04 5.475203001742039773e-04 2.131193438731625604e-04
4.635258403950395945e+01 6.107048815101575115e-04 8.793328328974427772e-04 5.507796205685744394e-04 2.153664499313981938e-04
4.619266113593081258e+01 6.129785449515705482e-04 8.848863314032433735e-04 5.540548359003497026e-04 2.175556386328518965e-04
4.603328998876173017e+01 6.153569651965567480e-04 8.905305438108604378e-04 5.573466295889846923e-04 2.196570497706069620e-04
4.587446869435984098e+01 6.178423645550822595e-04 8.962795626869206464e-04 5.606557089696758995e-04 2.216466142443327368e-04
4.571619535565614001e+01 6.204366370927461060e-04 9.021454748498055568e-04 5.639828018107163280e-04 2.235069177759853071e-04
4.555846808212675114e+01 6.231413575659694708e-04 9.081380314172660985e-04 5.673286527794803996e-04 2.252277695129527790e-04
4.540128498977039584e+01 6.259577947567198644e-04 9.142644019250980485e-04 5.706940199204391670e-04 2.268064714849092167e-04
4.524464420108584051e+01 6.288869249291698712e-04 9.205289998575426737e-04 5.740796711912658865e-04 2.282478036975287743e-04
4.508854384504949309e+01 6.319294455511614362e-04 9.269333895099011230e-04 5.774863807586604883e-04 2.295637256550791139e-04
4.493298205709309201e+01 6.350857894179318163e-04 9.334762876847096371e-04 5.809149254284413184e-04 2.307727995545097780e-04
4.477795697908136674e+01 6.383561403394235386e-04 9.401536372273574648e-04 5.843660811764658401e-04 2.318993596200555601e-04
4.462346675928986173e+01 6.417404505884682486e-04 9.469587735900948915e-04 5.878406197336297125e-04 2.329724410965652436e-04
4.446950955238285985e+01 6.452384548255451916e-04 9.538826426292836350e-04 5.913393051784024846e-04 2.340244928081087138e-04
4.431608351939128454e+01 6.488496871356368633e-04 9.609141070712737178e-04 5.948628905831118523e-04 2.350899241694958796e-04
4.416318682769075110e+01 6.525734980830034861e-04 9.680402870784383679e-04 5.984121148084789021e-04 2.362035329311048333e-04
4.401081765097975307e+01 6.564090711494281966e-04 9.752469571790507892e-04 6.019876995409016674e-04 2.373988751766315701e-04
4.385897416925770642e+01 6.603554385936321724e-04 9.825189629456181420e-04 6.055903465642210404e-04 2.387066669438104151e-04
4.370765456880332067e+01 6.644114978175266273e-04 9.898406545331907454e-04 6.092207346607664102e-04 2.401532960453964249e-04
4.355685704215287757e+01 6.685760292166582170e-04 9.971963335017152829e-04 6.128795171396628910e-04 2.417595259897245953e-04
4.340657978807867323e+01 6.728477110246773585e-04 1.004570680085673743e-03 6.165673194654975068e-04 2.435394830151881495e-04
4.325682101156748871e+01 6.772251343064711587e-04 1.011949175635149488e-03 6.202847370915058047e-04 2.454999828035024146e-04
4.310757892379913869e+01 6.817068190648864663e-04 1.019318472745786271e-03 6.240323333781886122e-04 2.476402333867002998e-04
4.295885174212516233e+01 6.862912288687466602e-04 1.026666752140855104e-03 6.278106376767526777e-04 2.499519384240533556e-04
4.281063769004744302e+01 6.909767842709118235e-04 1.033984013405825223e-03 6.316201436875683002e-04 2.524197773496167883e-04
4.266293499719704130e+01 6.957618756924572765e-04 1.041262325969786150e-03 6.354613082038208967e-04 2.550222164804266689e-04
4.251574189931304204e+01 7.006448768940455986e-04 1.048496017027222621e-03 6.393345502181627810e-04 2.577325983444670094e-04
4.236905663822146551e+01 7.056241569507601874e-04 1.055681791743909737e-03 6.432402494407803151e-04 2.605204264274539822e-04
4.222287746181428503e+01 7.106980888285532958e-04 1.062818807750271930e-03 6.471787457516461894e-04 2.633527628980098564e-04
4.207720262402852995e+01 7.158650600896854970e-04 1.069908669112757879e-03 6.511503387469500578e-04 2.661956701146975051e-04
4.193203038482533174e+01 7.211234811984475711e-04 1.076955376532654331e-03 6.551552875454356344e-04 2.690156206641224177e-04
4.178735901016922583e+01 7.264717921989374350e-04 1.083965196500338022e-03 6.591938106860022444e-04 2.717808174341860986e-04
4.164318677200741803e+01 7.319084678378386458e-04 1.090946494019141540e-03 6.632660861672288717e-04 2.744623838313900682e-04
4.149951194824912193e+01 7.374320220527939406e-04 1.097909504168443967e-03 6.673722517371047467e-04 2.770353871033371979e-04
4.135633282274502420e+01 7.430410122519698953e-04 1.104866061695091448e-03 6.715124055412534420e-04 2.794796731464877816e-04
4.121364768526672862e+01 7.487340388169329893e-04 1.111829299044196032e-03 6.756866072379400477e-04 2.817805002012971328e-04
4.107145483148644161e+01 7.545097454715145920e-04 1.118813295024867352e-03 6.798948789365752204e-04 2.839289633812567908e-04
4.092975256295647313e+01 7.603668181084550625e-04 1.125832729236588654e-03 6.841372057994621336e-04 2.859222095272925205e-04
4.078853918708904303e+01 7.663039817749033164e-04 1.132902501613242997e-03 6.884135376992525516e-04 2.877634390523218046e-04
4.064781301713600925e+01 7.723199958793564544e-04 1.140037366256849280e-03 6.927237906793274735e-04 2.894617049767946320e-04
4.050757237216878082e+01 7.784136481578842869e-04 1.147251562347597047e-03 6.970678488630917963e-04 2.910315151631879594e-04
4.036781557705816681e+01 7.845837483068798324e-04 1.154558458896962720e-03 7.014455662406925487e-04 2.924922406390472536e-04
4.022854096245446698e+01 7.908291206861527492e-04 1.161970239529001251e-03 7.058567684363711067e-04 2.938673569859014080e-04
4.008974686476742022e+01 7.971485931757461710e-04 1.169497603900120260e-03 7.103012545614149041e-04 2.951835326175015041e-04
3.995143162614639465e+01 8.035409883584197863e-04 1.177149528910697088e-03 7.147787992576608209e-04 2.964695831964902833e-04
3.981359359446058477e+01 8.100051126723917423e-04 1.184933055667249449e-03 7.192891550365185802e-04 2.977553398041493616e-04
3.967623112327925838e+01 8.165397450826789548e-04 1.192853145970347367e-03 7.238320550184699142e-04 2.990704613049777454e-04
3.953934257185210299e+01 8.231436251081161249e-04 1.200912587771671772e-03 7.284072161780082546e-04 3.004432342696165196e-04
3.940292630508961480e+01 8.298154407368303013e-04 1.209111955653714493e-03 7.330143410124008658e-04 3.018994231232625600e-04
3.926698069354361564e+01 8.365538170178162198e-04 1.217449639908845752e-03 7.376531185285864749e-04 3.034612146368038683e-04
3.913150411338771306e+01 8.433573049121214672e-04 1.225921906999229887e-03 7.423232286676971102e-04 3.051463097037882314e-04
3.899649494639794511e+01 8.502243684558643535e-04 1.234523041617109239e-03 7.470243443216261110e-04 3.069672131555412358e-04
3.886195157993346783e+01 8.571533750520098863e-04 1.243245514693501171e-03 7.517561340422676455e-04 3.089307537437325883e-04
3.872787240691725685e+01 8.641425852983425967e-04 1.252080205324474903e-03 7.565182645816320717e-04 3.110378625823590664e-04
3.859425582581692282e+01 8.711901440121398721e-04 1.261016659472042082e-03 7.613104033244911693e-04 3.132836126401171060e-04
3.846110024062563326e+01 8.782940722646990573e-04 1.270043358857415568e-03 7.661322206753753148e-04 3.156575193143659817e-04
3.832840406084295637e+01 8.854522606203836781e-04 1.279148038635873064e-03 7.709833924617594215e-04 3.181440789832572940e-04
3.819616570145591794e+01 8.926624639911560563e-04 1.288317992577861894e-03 7.758636024152519139e-04 3.207235012822406235e-04
3.806438358292006541e+01 8.999222983901420704e-04 1.297540399845991191e-03 7.807725447926231214e-04 3.233726076515755889e-04
3.793305613114060293e+01 9.072292380792300066e-04 1.306802641187346844e-03 7.857099271465027958e-04 3.260658378562805606e-04
3.780218177745356201e+01 9.145806155989974658e-04 1.316092594816231252e-03 7.906754714093834407e-04 3.287763104869050913e-04
3.767175895860709289e+01 9.219736229644189592e-04 1.325398937165828865e-03 7.956689160961186950e-04 3.314769031385838660e-04
3.754178611674280575e+01 9.294053147182407357e-04 1.334711396267106295e-03 8.006900187224489989e-04 3.341412980769615897e-04
3.741226169937712598e+01 9.368726129501267963e-04 1.344020995390727983e-03 8.057385575401047580e-04 3.367449593796482477e-04
3.728318415938274200e+01 9.443723139784758859e-04 1.353320249233195150e-03 8.108143333547396248e-04 3.392660137214575781e-04
3.715455195497018792e+01 9.519010965746758880e-04 1.362603321591612055e-03 8.159171711284220760e-04 3.416860080023077545e-04
3.702636354966934107e+01 9.594555317944442096e-04 1.371866158255969758e-03 8.210469214065621319e-04 3.439905322095135115e-04
3.689861741231116099e+01 9.670320947900450017e-04 1.381106557778457103e-03 8.262034616091533173e-04 3.461696842376549375e-04
3.677131201700930774e+01 9.746271779219372114e-04 1.390324219149019535e-03 8.313866972262107247e-04 3.482183836185874363e-04
3.664444584314203013e+01 9.822371051310585435e-04 1.399520728770813245e-03 8.365965629572806161e-04 3.501365236638722170e-04
3.651801737533387637e+01 9.898581472809902821e-04 1.408699510777432955e-03 8.418330238349116396e-04 3.519289541149228065e-04
3.639202510343766761e+01 9.974865390327992010e-04 1.417865746605312654e-03 8.470960763157460221e-04 3.536053135444967356e-04
3.626646752251644301e+01 1.005118496796615505e-03 1.427026239958833261e-03 8.523857481344717909e-04 3.551797035031908781e-04
3.614134313282549726e+01 1.012750237206976912e-03 1.436189266643403146e-03 8.577020990151888518e-04 3.566702162014705841e-04
3.601665043979443226e+01 1.020377995703613790e-03 1.445364373938774673e-03 8.630452212532401229e-04 3.580983308770981262e-04
3.589238795400935800e+01 1.027998045252389095e-03 1.454562162830657984e-03 8.684152398347452567e-04 3.594881900203711128e-04
3.576855419119505086e+01 1.035606717267954346e-03 1.463794055692531565e-03 8.738123125004976623e-04 3.608657826767980282e-04
3.564514767219724689e+01 1.043200420955634486e-03 1.473072033304958801e-03 8.792366296275381859e-04 3.622580458914388289e-04
3.552216692296496348e+01 1.050775662583718897e-03 1.482408381308013973e-03 8.846884139636720544e-04 3.636919306155577845e-04
3.539961047453291343e+01 1.058329064500806386e-03 1.491815412607047121e-03 8.901679202501808306e-04 3.651934555474712035e-04
3.527747686300394747e+01 1.065857384255977864e-03 1.501305201355498335e-03 8.956754347679870935e-04 3.667867797521898675e-04
3.515576462953153225e+01 1.073357533234264947e-03 1.510889331918391061e-03 9.012112748410765076e-04 3.684933466283936963e-04
3.503447232030242020e+01 1.080826594166384722e-03 1.520578646084348425e-03 9.067757879731923017e-04 3.703311223079110343e-04
3.491359848651917019e+01 1.088261836973270728e-03 1.530383029164885094e-03 9.123693508545985265e-04 3.723139700304956912e-04
3.479314168438292398e+01 1.095660733136565382e-03 1.540311201211059036e-03 9.179923685228863223e-04 3.744511830385822667e-04
3.467310047507611159e+01 1.103020972411960761e-03 1.550370543170763709e-03 9.236452732711699721e-04 3.767472024244223608e-04
3.455347342474530592e+01 1.110340475029532011e-03 1.560566965791532895e-03 9.293285234882843948e-04 3.792015320208906299e-04
3.443425910448404181e+01 1.117617403113742259e-03 1.570904794756512258e-03 9.350426023549271914e-04 3.818088387290529263e-04
3.431545609031582700e+01 1.124850170719307119e-03 1.581386712813915262e-03 9.407880164425038447e-04 3.845592504039344332e-04
3.419706296317706062e+01 1.132037452949474169e-03 1.592013723420723694e-03 9.465652942614498572e-04 3.874388173203726629e-04
3.407907830890011525e+01 1.139178193742800254e-03 1.602785152292943464e-03 9.523749848057808413e-04 3.904301163355822137e-04
3.396150071819642591e+01 1.146271611773547541e-03 1.613698703572277911e-03 9.582176561382401260e-04 3.935129694576215979e-04
3.384432878663969291e+01 1.153317203970555564e-03 1.624750527987979401e-03 9.640938936438810765e-04 3.966652386178690461e-04
3.372756111464906326e+01 1.160314746425747780e-03 1.635935344242320233e-03 9.700042982358847779e-04 3.998636696415997427e-04
3.361119630747243292e+01 1.167264297353627286e-03 1.647246578778886143e-03 9.759494847864127716e-04 4.030847350252029257e-04
3.349523297516983433e+01 1.174166196645309553e-03 1.658676522276023848e-03 9.819300804082880998e-04 4.063054666691885697e-04
3.337966973259673154e+01 1.181021062603713860e-03 1.670216534078046303e-03 9.879467227330688845e-04 4.095042355290474793e-04
3.326450519938754979e+01 1.187829788047326451e-03 1.681857235624576201e-03 9.940000581040702582e-04 4.126614575673676066e-04
3.314973799993917680e+01 1.194593535156089235e-03 1.693588734933561702e-03 1.000090739744967025e-03 4.157602141221418825e-04
3.303536676339451361e+01 1.201313729243387324e-03 1.705400854328411328e-03 1.006219425964595014e-03 4.187867643336771182e-04
3.292139012362609662e+01 1.207992051099633819e-03 1.717283340924531231e-03 1.012386778458568542e-03 4.217309501215258782e-04
3.280780671921984748e+01 1.214630427569698577e-03 1.729226108819430620e-03 1.018593460768334874e-03 4.245864687293977066e-04
3.269461519345869505e+01 1.221231020050242205e-03 1.741219443962165004e-03 1.024840136486869285e-03 4.273510325616101144e-04
3.258181419430646031e+01 1.227796212505460460e-03 1.753254212376459615e-03 1.031127467238445372e-03 4.300263987370437821e-04
3.246940237439167731e+01 1.234328602010289306e-03 1.765322057690600285e-03 1.037456111316838745e-03 4.326182735721737687e-04
3.235737839099150648e+01 1.240830983231690568e-03 1.777415553318117090e-03 1.043826722053907852e-03 4.351361011319700156e-04
3.224574090601566212e+01 1.247306334630994681e-03 1.789528367128704906e-03 1.050239946322343524e-03 4.375927359383915472e-04
3.213448858599047497e+01 1.253757803638150476e-03 1.801655378903761545e-03 1.056696422994335719e-03 4.400040187843356023e-04
3.202362010204297604e+01 1.260188691577058184e-03 1.813792776166856533e-03 1.063196781426039954e-03 4.423882483050551673e-04
3.191313412988494846e+01 1.266602438251190899e-03 1.825938135504523224e-03 1.069741640037775087e-03 4.447655877669068835e-04
3.180302934979717477e+01 1.273002606054129699e-03 1.838090450888518919e-03 1.076331605059852297e-03 4.471574043867850186e-04
3.169330444661364510e+01 1.279392863456600997e-03 1.850250151277073448e-03 1.082967269513961496e-03 4.495855696953515073e-04
3.158395810970587192e+01 1.285776967831177156e-03 1.862419090778114550e-03 1.089649212236060366e-03 4.520717393799055157e-04
3.147498903296721551e+01 1.292158750570712201e-03 1.874600496536628792e-03 1.096377996121458915e-03 4.546366394460959158e-04
3.136639591479724842e+01 1.298542101121979899e-03 1.886798910193181536e-03 1.103154167588830253e-03 4.572993857067736900e-04
3.125817745808632964e+01 1.304930950483437551e-03 1.899020090277065732e-03 1.109978255627007589e-03 4.600768462942250920e-04
3.115033237019995127e+01 1.311329255930971695e-03 1.911270885625962826e-03 1.116850771082361334e-03 4.629830935748405663e-04
3.104285936296340154e+01 1.317740986008521112e-03 1.923559116153172400e-03 1.123772205931134653e-03 4.660289454017330318e-04
3.093575715264636372e+01 1.324170106086940612e-03 1.935893406849507154e-03 1.130743032577233688e-03 4.692216280944921871e-04
3.082902445994755070e+01 1.330620564527334841e-03 1.948283026785109376e-03 1.137763703247459584e-03 4.725645566482932392e-04
3.072266000997944602e+01 1.337096279452589615e-03 1.960737718240647236e-03 1.144834649556173345e-03 4.760572583626583609e-04
3.061666253225310541e+01 1.343601126097885212e-03 1.973267493242496663e-03 1.151956282311374135e-03 4.796954279257328066e-04
3.051103076066290498e+01 1.350138924909158019e-03 1.985882464877302030e-03 1.159128991624790682e-03 4.834711077299951921e-04
3.040576343347148836e+01 1.356713431363412931e-03 1.998592651668699028e-03 1.166353146362680620e-03 4.873729935197499449e-04
3.030085929329466410e+01 1.363328325482619178e-03 2.011407792786581820e-03 1.173629093814861513e-03 4.913868391386009594e-04
3.019631708708638840e+01 1.369987202873928622e-03 2.024337183954566608e-03 1.180957160159221662e-03 4.954959555030316078e-04
3.009213556612380103e+01 1.376693566735566693e-03 2.037389501088365373e-03 1.188337650515589559e-03 4.996817611451672683e-04
2.998831348599230751e+01 1.383450820597143666e-03 2.050572650029084017e-03 1.195770849175530970e-03 5.039243905541265778e-04
2.988484960657075007e+01 1.390262261955492419e-03 2.063893643076993804e-03 1.203257019848563225e-03 5.082033145717254792e-04
2.978174269201651825e+01 1.397131076928049675e-03 2.077358472808008959e-03 1.210796405984189503e-03 5.124979682484550421e-04
2.967899151075085840e+01 1.404060336011658111e-03 2.090972027637836433e-03 1.218389231229119463e-03 5.167883507090404891e-04
2.957659483544412282e+01 1.411052990998013998e-03 2.104738023835599822e-03 1.226035700079078578e-03 5.210555988713139533e-04
2.947455144300112906e+01 1.418111872303093367e-03 2.118658940227196707e-03 1.233735998650611768e-03 5.252825073747494902e-04
2.937286011454652268e+01 1.425239686842927171e-03 2.132736016915992138e-03 1.241490295011445652e-03 5.294539824553099643e-04
2.927151963541030355e+01 1.432439017505916399e-03 2.146969244692224256e-03 1.249298740374803164e-03 5.335574282383357845e-04
2.917052879511318153e+01 1.439712323283894773e-03 2.161357390651410127e-03 1.257161469143724649e-03 5.375830501470393050e-04
2.906988638735221997e+01 1.447061940134438101e-03 2.175898057281498450e-03 1.265078600222272051e-03 5.415240814528711824e-04
2.896959120998640103e+01 1.454490082217957826e-03 2.190587738545174586e-03 1.273050238241953038e-03 5.453769097004239081e-04
2.886964206502225139e+01 1.461998843724370261e-03 2.205421910791914922e-03 1.281076474575622856e-03 5.491411294852425757e-04
2.877003775859954260e+01 1.469590201487035175e-03 2.220395149159663795e-03 1.289157388219151464e-03 5.528194977159582579e-04
2.867077710097702337e+01 1.477266018560079771e-03 2.235501237611555846e-03 1.297293046621139602e-03 5.564178149520726448e-04
2.857185890651825488e+01 1.485028048876958036e-03 2.250733311962925965e-03 1.305483506540965717e-03 5.599447118051539265e-04
2.847328199367737156e+01 1.492877940516410288e-03 2.266084008229392668e-03 1.313728815015459102e-03 5.634113765936222705e-04
2.837504518498501582e+01 1.500817239642251348e-03 2.281545593837933095e-03 1.322029010514467508e-03 5.668312061383012608e-04
2.827714730703426227e+01 1.508847396152709604e-03 2.297110144182574511e-03 1.330384124365616757e-03 5.702194049054803027e-04
2.817958719046661287e+01 1.516969768970852228e-03 2.312769688420764080e-03 1.338794182528541248e-03 5.735925281195743781e-04
2.808236366995799926e+01 1.525185631492963038e-03 2.328516361552758745e-03 1.347259207798874201e-03 5.769679990645664889e-04
2.798547558420492720e+01 1.533496176825817304e-03 2.344342565477079351e-03 1.355779221347781565e-03 5.803636002375902898e-04
2.788892177591051080e+01 1.541902523088297229e-03 2.360241103092084250e-03 1.364354238327900731e-03 5.837969546265505847e-04
2.779270109177074133e+01 1.550405719054910592e-03 2.376205303816481245e-03 1.372984273990668965e-03 5.872850153596145123e-04
2.769681238246064581e+01 1.559006750415468847e-03 2.392229162303680101e-03 1.381669343916901984e-03 5.908435771096380400e-04
2.760125450262059132e+01 1.567706546741338275e-03 2.408307432417797472e-03 1.390409465149073341e-03 5.944868283230545425e-04
2.750602631084258576e+01 1.576505985183889293e-03 2.424435724864150432e-03 1.399204657552272427e-03 5.982269437110744430e-04
2.741112666965666378e+01 1.585405895985202065e-03 2.440610593021693558e-03 1.408054944976300064e-03 6.020737504708713805e-04
2.731655444551731193e+01 1.594407068573366762e-03 2.456829574009565791e-03 1.416960356279378924e-03 6.060344589606033328e-04
2.722230850878987241e+01 1.603510256892073200e-03 2.473091240262948170e-03 1.425920926273981353e-03 6.101134847818360032e-04
2.712838773373709955e+01 1.612716184375752662e-03 2.489395225866247296e-03 1.434936696655236040e-03 6.143123413276974391e-04
2.703479099850569867e+01 1.622025548341574433e-03 2.505742221104255169e-03 1.444007716972414571e-03 6.186296360550414160e-04
2.694151718511292870e+01 1.631439024115310379e-03 2.522133968380018288e-03 1.453134045703977084e-03 6.230611409396837009e-04
2.684856517943322274e+01 1.640957269227483802e-03 2.538573234633452556e-03 1.462315751496661830e-03 6.275999576961942186e-04
2.675593387118495059e+01 1.650580928029977534e-03 2.555063742873426615e-03 1.471552914629098256e-03 6.322367410224059760e-04
2.666362215391707124e+01 1.660310636566738468e-03 2.571610131259275799e-03 1.480845628749597040e-03 6.369600059301773563e-04
2.657162892499596296e+01 1.670147023021755807e-03 2.588217865595435034e-03 1.490193999630132909e-03 6.417564764283341210e-04
2.647995308559224270e+01 1.680090711629490547e-03 2.604893145143980654e-03 1.499598145172314915e-03 6.466114893376064118e-04
2.638859354066764951e+01 1.690142325523898582e-03 2.621642812103625216e-03 1.509058198526267228e-03 6.515094104092985453e-04
2.629754919896195631e+01 1.700302489110567476e-03 2.638474237028932967e-03 1.518574307927329434e-03 6.564340853083153269e-04
2.620681897297992080e+01 1.710571829796926407e-03 2.655395185022754994e-03 1.528146637351372825e-03 6.613692804106878096e-04
2.611640177897834292e+01 1.720950979056846616e-03 2.672413715479075511e-03 1.537775367071927881e-03 6.662991267339450326e-04
2.602629653695306899e+01 1.731440573158789633e-03 2.689538041281673824e-03 1.547460694153538971e-03 6.712085275274863897e-04
2.593650217062610253e+01 1.742041253920488530e-03 2.706776401636062663e-03 1.557202832915716368e-03 6.760835541358626959e-04
2.584701760743277532e+01 1.752753669882038201e-03 2.724136947237535637e-03 1.567002015401899873e-03 6.809117901772734124e-04
2.575784177850890089e+01 1.763578477476266011e-03 2.741627607866040008e-03 1.576858491869920654e-03 6.856826411544781003e-04
2.566897361867803795e+01 1.774516337474834823e-03 2.759255966367053607e-03 1.586772530897568060e-03 6.903875770122963303e-04
2.558041206643873267e+01 1.785567915851979165e-03 2.777029167689037004e-03 1.596744419630672426e-03 6.950203366741136875e-04
2.549215606395189582e+01 1.796733882779976517e-03 2.794953802560216395e-03 1.606774464035392843e-03 6.995770609150492097e-04
2.540420455702809832e+01 1.808014911480900237e-03 2.813035819137638550e-03 1.616862989039174721e-03 7.040563755582437879e-04
2.531655649511502304e+01 1.819411676467927192e-03 2.831280454792797427e-03 1.627010338605000073e-03 7.084593983300432538e-04
2.522921083128490238e+01 1.830924851218906392e-03 2.849692156813677518e-03 1.637216875716350929e-03 7.127897033892651498e-04
2.514216652222202697e+01 1.842555105593476949e-03 2.868274527356966339e-03 1.647482982307676633e-03 7.170532144115526882e-04
2.505542252821024718e+01 1.854303103350994934e-03 2.887030301776901276e-03 1.657809059175172246e-03 7.212580535382934937e-04
2.496897781312062037e+01 1.866169500168249904e-03 2.905961311242626598e-03 1.668195525902663135e-03 7.254143229799176222e-04
2.488283134439896571e+01 1.878154942108615014e-03 2.925068479005655739e-03 1.678642820774777075e-03 7.295338590923095348e-04
2.479698209305355405e+01 1.890260059495752019e-03 2.944351837929863082e-03 1.689151400279582981e-03 7.336299322967481220e-04
2.471142903364284038e+01 1.902485464642282315e-03 2.963810537281712058e-03 1.699721738935295505e-03 7.377169262409024675e-04
2.462617114426318565e+01 1.914831748786047791e-03 2.983442878102838917e-03 1.710354328942350005e-03 7.418099742258728920e-04
2.454120740653665678e+01 1.927299478669838731e-03 3.003246376243688762e-03 1.721049679852254891e-03 7.459245989535323021e-04
2.445653680559887277e+01 1.939889192932701045e-03 3.023217808492782623e-03 1.731808318145468565e-03 7.500763292489557015e-04
2.437215833008689003e+01 1.952601398127082723e-03 3.043353288237629021e-03 1.742630786728709960e-03 7.542803326252194365e-04
2.428807097212709465e+01 1.965436564617162579e-03 3.063648356535221898e-03 1.753517644391430850e-03 7.585510400975313018e-04
2.420427372732317295e+01 1.978395122667851117e-03 3.084098056040407519e-03 1.764469465261129600e-03 7.629018132775054186e-04
2.412076559474413173e+01 1.991477459084809408e-03 3.104697025080298094e-03 1.775486838297235829e-03 7.673446245224765840e-04
2.403754557691231497e+01 2.004683914812909178e-03 3.125439612954559760e-03 1.786570366863166927e-03 7.718897906074209973e-04
2.395461267979150932e+01 2.018014781191817663e-03 3.146319967985658061e-03 1.797720667985987317e-03 7.765457311663725775e-04
2.387196591277509583e+01 2.031470293485869785e-03 3.167332145321229576e-03 1.808938371482205409e-03 7.813188002050940571e-04
2.378960428867413768e+01 2.045050630120203057e-03 3.188470221659748822e-03 1.820224119501454149e-03 7.862131558063551384e-04
2.370752682370567399e+01 2.058755908899755158e-03 3.209728384604196381e-03 1.831578565802848956e-03 7.912307039724641696e-04
2.362573253748090707e+01 2.072586184276363225e-03 3.231101026096389051e-03 1.843002375107075010e-03 7.963710812762893375e-04
2.354422045299353883e+01 2.086541444492400702e-03 3.252582855601622493e-03 1.854496222353317365e-03 8.016317164324520154e-04
2.346298959660806815e+01 2.100621608736432788e-03 3.274168972546700768e-03 1.866060791905778480e-03 8.070079314228416258e-04
2.338203899804816643e+01 2.114826524513075540e-03 3.295854948719936350e-03 1.877696776754519091e-03 8.124931086743499703e-04
2.330136769038512412e+01 2.129155965484298176e-03 3.317636911846570148e-03 1.889404877755355289e-03 8.180788876431039540e-04
2.322097471002624047e+01 2.143609630091849235e-03 3.339511599955758987e-03 1.901185802953570501e-03 8.237554151635087312e-04
2.314085909670335184e+01 2.158187141319793320e-03 3.361476401577748012e-03 1.913040267036153355e-03 8.295116184722322022e-04
2.306101989346136705e+01 2.172888045830610997e-03 3.383529422772423977e-03 1.924968990564669127e-03 8.353355102063362561e-04
2.298145614664680281e+01 2.187711809595422989e-03 3.405669502831993115e-03 1.936972698646509481e-03 8.412145011008005701e-04
2.290216690589641857e+01 2.202657820537297622e-03 3.427896233768558051e-03 1.949052120679686242e-03 8.471357222408333826e-04
2.282315122412589048e+01 2.217725387754582601e-03 3.450209980576964333e-03 1.961207989485748079e-03 8.530863501719402426e-04
2.274440815751842493e+01 2.232913742077847520e-03 3.472611876509172982e-03 1.973441040664506742e-03 8.590539203096949098e-04
2.266593676551355685e+01 2.248222036821569906e-03 3.495103788884477546e-03 1.985752011869739483e-03 8.650266289313668063e-04
2.258773611079587340e+01 2.263649348719023666e-03 3.517688323170549934e-03 1.998141642044389595e-03 8.709936017998659357e-04
2.250980525928383003e+01 2.279194679132972960e-03 3.540368775728604082e-03 2.010610670662571400e-03 8.769451525812014311e-04
2.243214328011860914e+01 2.294856955687602906e-03 3.563149086263430257e-03 2.023159837025701423e-03 8.828729946196207544e-04
2.235474924565296106e+01 2.310635034518315842e-03 3.586033795602489461e-03 2.035789879660067098e-03 8.887704313081235376e-04
2.227762223144017995e+01 2.326527703385292394e-03 3.609027990026207177e-03 2.048501535863151042e-03 8.946324865447142626e-04
2.220076131622301219e+01 2.342533685916110744e-03 3.632137212339885818e-03 2.061295541361648966e-03 9.004560188688023534e-04
2.212416558192266791e+01 2.358651643169801509e-03 3.655367407875125246e-03 2.074172629000833618e-03 9.062397737110233992e-04
2.204783411362786438e+01 2.374880176097105867e-03 3.678724847831215793e-03 2.087133528490434705e-03 9.119844111821766471e-04
2.197176599958388721e+01 2.391217831447411957e-03 3.702216038219473954e-03 2.100178965933263784e-03 9.176924706274599717e-04
2.189596033118171192e+01 2.407663105343079302e-03 3.725847643734544416e-03 2.113309663348831007e-03 9.233683149496856209e-04
2.182041620294711848e+01 2.424214447915317306e-03 3.749626413494020968e-03 2.126526338235218590e-03 9.290180214949576029e-04
2.174513271252994784e+01 2.440870268102723548e-03 3.773559081980609048e-03 2.139829703084741679e-03 9.346492478116168916e-04
2.167010896069322357e+01 2.457628938574000967e-03 3.797652284800429653e-03 2.153220464900311350e-03 9.402710560475193921e-04
2.159534405130248302e+01 2.474488800784246587e-03 3.821912497988363445e-03 2.166699324759378039e-03 9.458937084678019531e-04
2.152083709131506595e+01 2.491448170221649983e-03 3.846345946025764382e-03 2.180266977472368820e-03 9.515284458323728517e-04
2.144658719076941011e+01 2.508505341948005785e-03 3.870958531229216730e-03 2.193924111382519401e-03 9.571872379472216820e-04
2.137259346277445360e+01 2.525658596581986139e-03 3.895755779182258523e-03 2.207671408353995175e-03 9.628825303710569425e-04
2.129885502349905479e+01 2.542906206918291254e-03 3.920742775684213539e-03 2.221509543401846507e-03 9.686269630730335320e-04
2.122537099216138401e+01 2.560246443931703426e-03 3.945924092587429002e-03 2.235439183833833228e-03 9.744331113383662875e-04
2.115214049101844296e+01 2.577677580072876892e-03 3.971303772265875193e-03 2.249460989718779589e-03 9.803132090334997287e-04
2.107916264535557005e+01 2.595197897807655519e-03 3.996885277839292740e-03 2.263575613579821809e-03 9.862789004040713355e-04
2.100643658347599185e+01 2.612805694936126601e-03 4.022671459834504908e-03 2.277783700334194521e-03 9.923409846987860279e-04
2.093396143669040654e+01 2.630499290574065795e-03 4.048664545418351537e-03 2.292085887193989844e-03 9.985092026178149591e-04
2.086173633930661353e+01 2.648277031179980135e-03 4.074866134942820711e-03 2.306482803566578619e-03 1.004792034238836604e-03
2.078976042861918216e+01 2.666137296483986948e-03 4.101277181112158651e-03 2.320975070996065658e-03 1.011196536098459475e-03
2.071803284489913111e+01 2.684078505256703995e-03 4.127898002164070643e-03 2.335563303187193802e-03 1.017728207832661099e-03
2.064655273138365033e+01 2.702099120897273003e-03 4.154728311299462663e-03 2.350248106153050420e-03 1.024390887821367445e-03
2.057531923426589415e+01 2.720197656860642854e-03 4.181767225606917993e-03 2.365030078515936111e-03 1.031186702714717487e-03
2.050433150268477078e+01 2.738372681984620454e-03 4.209013299584054776e-03 2.379909811303833941e-03 1.038116039759275902e-03
2.043358868871477085e+01 2.756622825817073383e-03 4.236464575267578914e-03 2.394887888029298591e-03 1.045177574895479961e-03
2.036308994735585642e+01 2.774946784082638149e-03 4.264118623745526485e-03 2.409964885027894837e-03 1.052368313346163176e-03
2.029283443652335706e+01 2.793343323487787119e-03 4.291972573823570059e-03 2.425141371652767171e-03 1.059683693242335131e-03
2.022282131703790142e+01 2.811811284528794620e-03 4.320023197768388563e-03 2.440417910544095265e-03 1.067117700073224890e-03
2.015304975261541287e+01 2.830349587424893249e-03 4.348266958808772766e-03 2.455795057852542401e-03 1.074663025912648336e-03
2.008351890985710853e+01 2.848957235568164853e-03 4.376700068026236415e-03 2.471273363456745562e-03 1.082311242602163916e-03
2.001422795823954814e+01 2.867633319108111537e-03 4.405318557072333656e-03 2.486853371214911481e-03 1.090052995168268096e-03
1.994517607010471494e+01 2.886377018380415545e-03 4.434118353339124366e-03 2.502535619290585569e-03 1.097878220641890657e-03
1.987636242065013192e+01 2.905187607056423406e-03 4.463095331478742281e-03 2.518320640592644141e-03 1.105776364754956862e-03
1.980778618791901025e+01 2.924064454945491526e-03 4.492245375725423609e-03 2.534208963369606778e-03 1.113736619753846703e-03
1.973944655279040461e+01 2.943007030415752037e-03 4.521564468329194487e-03 2.550201111415984715e-03 1.121748137335374079e-03
1.967134269896947885e+01 2.962014902432367775e-03 4.551048736106984641e-03 2.566297604144366848e-03 1.129800266367387163e-03
1.960347381297770752e+01 2.981087742245437308e-03 4.580694509840994681e-03 2.582498957331226790e-03 1.137882758862540080e-03
1.953583908414317705e+01 3.000225324792568302e-03 4.610498392053898227e-03 2.598805683431979017e-03 1.145985979439923886e-03
1.946843770459094358e+01 3.019427529913267221e-03 4.640457312843766259e-03 2.615218292168961650e-03 1.154101088675931657e-03
1.940126886923330218e+01 3.038694343502316205e-03 4.670568555205512583e-03 2.631737291009917431e-03 1.162220204008044232e-03
1.933433177576023354e+01 3.058025857647757740e-03 4.700829813690765059e-03 2.648363185579500050e-03 1.170336552433061221e-03
1.926762562462979034e+01 3.077422270268044286e-03 4.731239237480256744e-03 2.665096480046687342e-03 1.178444582612295276e-03
1.920114961905856887e+01 3.096883885619823064e-03 4.761795448076130109e-03 2.681937677530925150e-03 1.186540069758815295e-03
1.913490296501216648e+01 3.116411113421970087e-03 4.792497566472806760e-03 2.698887280569851714e-03 1.194620167045050505e-03
1.906888487119570996e+01 3.136004468021853005e-03 4.823345242571190281e-03 2.715945791691447633e-03 1.202683457002023644e-03
1.900309454904443385e+01 3.155664567327289612e-03 4.854338663924130659e-03 2.733113714133438704e-03 1.210729955514629023e-03
1.893753121271419104e+01 3.175392131452458699e-03 4.885478537005944442e-03 2.750391552752832255e-03 1.218761099165276965e-03
1.887219407907213409e+01 3.195187981051134368e-03 4.916766114407877634e-03 2.767779814042157192e-03 1.226779705358671752e-03
1.880708236768731467e+01 3.215053035335683432e-03 4.948203178602606639e-03 2.785279005838393884e-03 1.234789891711912018e-03
1.874219530082139684e+01 3.234988309804905961e-03 4.979792019163883400e-03 2.802889638890915247e-03 1.242796997564131131e-03
1.867753210341933112e+01 3.254994913728097294e-03 5.011535417537256627e-03 2.820612226980097597e-03 1.250807459330899318e-03
1.861309200310014589e+01 3.275074047456398400e-03 5.043436631681296779e-03 2.838447287569016795e-03 1.258828687796449816e-03
1.854887423014766767e+01 3.295226999655668197e-03 5.075499357727076936e-03 2.856395342330344048e-03 1.266868908902827988e-03
1.848487801750136228e+01 3.315455144577353266e-03 5.107727673466171993e-03 2.874456917587008605e-03 1.274937001917386030e-03
1.842110260074715811e+01 3.335759938804265436e-03 5.140126031998207973e-03 2.892632544706815693e-03 1.283042328478187439e-03
1.835754721810831214e+01 3.356142916891144065e-03 5.172699202560756583e-03 2.910922760491158577e-03 1.291194546187416758e-03
1.829421111043632919e+01 3.376605688799756786e-03 5.205452218552434999e-03 2.929328107597971038e-03 1.299403434254420807e-03
1.823109352120187410e+01 3.397149935800980458e-03 5.238390334714730645e-03 2.947849135039081261e-03 1.307678691559027110e-03
1.816819369648576910e+01 3.417777406808518610e-03 5.271518985740662050e-03 2.966486398792091313e-03 1.316029769638508550e-03
1.810551088496990957e+01 3.438489914600298143e-03 5.304843724220490060e-03 2.985240462566995674e-03 1.324465689226627090e-03
1.804304433792839291e+01 3.459289331906143568e-03 5.338370149667026436e-03 3.004111898459834156e-03 1.332994879596783320e-03
1.798079330921852304e+01 3.480177587376775353e-03 5.372103890090926780e-03 3.023101285716997197e-03 1.341625031422553731e-03
1.791875705527186113e+01 3.501156661466638901e-03 5.406050531934858058e-03 3.042209212332900540e-03 1.350362947315279739e-03
1.785693483508543267e+01 3.522228582280053678e-03 5.440215565090455313e-03 3.061436275350929836e-03 1.359214440612971321e-03
1.779532591021277810e+01 3.543395421446647944e-03 5.474604340644174429e-03 3.080783081167908465e-03 1.368184227595488833e-03
1.773392954475523453e+01 3.564659290107258498e-03 5.509222033657093856e-03 3.100250245887488897e-03 1.377275862594353438e-03
1.767274500535303261e+01 3.586022335106514927e-03 5.544073589530672599e-03 3.119838395619024731e-03 1.386491683031458111e-03
1.761177156117665277e+01 3.607486735501761518e-03 5.579163665161751030e-03 3.139548166751661342e-03 1.395832776335286917e-03
1.755100848391802160e+01 3.629054698779536452e-03 5.614496627465729618e-03 3.159380206233686639e-03 1.405298987523857313e-03
1.749045504778179705e+01 3.650728454852742930e-03 5.650076502957213608e-03 3.179335171886984394e-03 1.414888929666642059e-03
1.743011052947679573e+01 3.672510254207976641e-03 5.685906945394066103e-03 3.199413732786446883e-03 1.424600038949808915e-03
1.736997420820721416e+01 3.694402363553386023e-03 5.721991218594558309e-03 3.219616569608157747e-03 1.434428627941315010e-03
1.731004536566417684e+01 3.716407062412148930e-03 5.758332187795423864e-03 3.239944374424136471e-03 1.444369973614644236e-03
1.725032328601699660e+01 3.738526639799402088e-03 5.794932298406116691e-03 3.260397851193841921e-03 1.454418422540849605e-03
1.719080725590475822e+01 3.760763390879880846e-03 5.831793546008530969e-03 3.280977715912928357e-03 1.464567502372548027e-03
1.713149656442773505e+01 3.783119613650933605e-03 5.868917508074061526e-03 3.301684696821360204e-03 1.474810063951546976e-03
1.707239050313886253e+01 3.805597605708763501e-03 5.906305330819671719e-03 3.322519534557381773e-03 1.485138405517550525e-03
1.701348836603537151e+01 3.828199661168263813e-03 5.943957729731004502e-03 3.343482982259011593e-03 1.495544431767991279e-03
1.695478944955025469e+01 3.850928067818541571e-03 5.981875005408190601e-03 3.364575805642111908e-03 1.506019802080586127e-03
1.689629305254395319e+01 3.873785104606502095e-03 6.020057070003518272e-03 3.385798783083761223e-03 1.516556082540762703e-03
1.683799847629589408e+01 3.896773039550818860e-03 6.058503463529038742e-03 3.407152705740022075e-03 1.527144908828173336e-03
1.677990502449621601e+01 3.919894128196742440e-03 6.097213353573353520e-03 3.428638377726835832e-03 1.537778116648210900e-03
1.672201200323743819e+01 3.943150611980320019e-03 6.136185592002333170e-03 3.450256616232198585e-03 1.548447900212930129e-03
1.666431872100610789e+01 3.966544712704085651e-03 6.175418741025359357e-03 3.472008251133675005e-03 1.559146937778177998e-03
1.660682448867464345e+01 3.990078633655877102e-03 6.214911096833869962e-03 3.493894125310686299e-03 1.569868516534876158e-03
1.654952861949300313e+01 4.013754557358984940e-03 6.254660727615385038e-03 3.515915094586770807e-03 1.580606652299884922e-03
1.649243042908057788e+01 4.037574644310079619e-03 6.294665522583887257e-03 3.538072027733355288e-03 1.591356167805154905e-03
1.643552923541791699e+01 4.061541031985534990e-03 6.334923232866314022e-03 3.560365806423225737e-03 1.602112792599891256e-03
1.637882435883867061e+01 4.085655833802658531e-03 6.375431489427236566e-03 3.582797325145709380e-03 1.612873218177282141e-03
1.632231512202142909e+01 4.109921138096875835e-03 6.416187856858926973e-03 3.605367491110636046e-03 1.623635150010616134e-03
1.626600084998160511e+01 4.134339007187843099e-03 6.457189888193151303e-03 3.628077224167964524e-03 1.634397346767369266e-03
1.620988087006344713e+01 4.158911476618511530e-03 6.498435150237569236e-03 3.650927456769937837e-03 1.645159615530703652e-03
1.615395451193191789e+01 4.183640554661471889e-03 6.539921262397976366e-03 3.673919133981365815e-03 1.655922827298333348e-03
1.609822110756475055e+01 4.208528222195406614e-03 6.581645945498399743e-03 3.697053213134550865e-03 1.666688885358355576e-03
1.604267999124447286e+01 4.233576433062680514e-03 6.623607065736393865e-03 3.720330663746840901e-03 1.677460692282189449e-03
1.598733049955037622e+01 4.258787115025524685e-03 6.665802655795199580e-03 3.743752467389863288e-03 1.688242105452259943e-03
1.593217197135069618e+01 4.284162170928256137e-03 6.708230935507297418e-03 3.767319617565780508e-03 1.699037851236105288e-03
1.587720374779462595e+01 4.309703474333606912e-03 6.750890378190209026e-03 3.791033119565399324e-03 1.709853464396299521e-03
1.582242517230452883e+01 4.335412872869147047e-03 6.793779717678229135e-03 3.814893990266771118e-03 1.720695185248274136e-03
1.576783559056800144e+01 4.361292188772271372e-03 6.836897969846607304e-03 3.838903257903914217e-03 1.731569861080957916e-03
1.571343435053015192e+01 4.387343219407689211e-03 6.880244459615269224e-03 3.863061961834904790e-03 1.742484844819889699e-03
1.565922080238577330e+01 4.413567738336733083e-03 6.923818849163464358e-03 3.887371152338919833e-03 1.753447858738245869e-03
1.560519429857152574e+01 4.439967496214686053e-03 6.967621148748586596e-03 3.911831890471617612e-03 1.764466892219201857e-03
1.555135419375831773e+01 4.466544221585494988e-03 7.011651702971096085e-03 3.936445248008215748e-03 1.775550067963510125e-03
1.549769984484347063e+01 4.493299621656046162e-03 7.055911224985808410e-03 3.961212307184250672e-03 1.786705519084473516e-03
1.544423061094316729e+01 4.520235383143261960e-03 7.100400799772022681e-03 3.986134160048409106e-03 1.797941276647580661e-03
1.539094585338466104e+01 4.547353173298122019e-03 7.145121872345139638e-03 4.011211908614528872e-03 1.809265130818043686e-03
1.533784493569876517e+01 4.574654641219440439e-03 7.190076243866674356e-03 4.036446664515745339e-03 1.820684533128838099e-03
1.528492722361219691e+01 4.602141419578773332e-03 7.235266074709640997e-03 4.061839548833671466e-03 1.832206482998227203e-03
1.523219208503996747e+01 4.629815126884466274e-03 7.280693879227746572e-03 4.087391691859869856e-03 1.843837427609152594e-03
1.517963889007791600e+01 4.657677370054112177e-03 7.326362496623385970e-03 4.113104232814312339e-03 1.855583185942323446e-03
1.512726701099509974e+01 4.685729740789069432e-03 7.372275062573821307e-03 4.138978319551093674e-03 1.867448855250030369e-03
1.507507582222637588e+01 4.713973819319049012e-03 7.418435026356612338e-03 4.165015108281286058e-03 1.879438757290413523e-03
1.502306470036483788e+01 4.742411176446469610e-03 7.464846107029392969e-03 4.191215763343233112e-03 1.891556388283142150e-03
1.497123302415446844e+01 4.771043374501200002e-03 7.511512265966181073e-03 4.217581457050178714e-03 1.903804375990406604e-03
1.491958017448266283e+01 4.799871969011942560e-03 7.558437685063094241e-03 4.244113369645491178e-03 1.916184470619813332e-03
1.486810553437280014e+01 4.828898510087270037e-03 7.605626748994893764e-03 4.270812688928074877e-03 1.928697525813486769e-03
1.481680848897697800e+01 4.858124543580612936e-03 7.653084014607696231e-03 4.297680609576244419e-03 1.941343505698237080e-03
1.476568842556853944e+01 4.887551612127066444e-03 7.700814156797488458e-03 4.324718333381478638e-03 1.954121515599586533e-03
1.471474473353486800e+01 4.917181256151780845e-03 7.748821953080286054e-03 4.351927068878112641e-03 1.967029824983868459e-03
1.466397680437004958e+01 4.947015014961322031e-03 7.797112264736872321e-03 4.379308031183934934e-03 1.980065926019866727e-03
1.461338403166755207e+01 4.977054428039247996e-03 7.845689989121858512e-03 4.406862441777828834e-03 1.993226588669988041e-03
1.456296581111308797e+01 5.007301036676158230e-03 7.894560025487225297e-03 4.434591528242139147e-03 2.006507918081775355e-03
1.451272154047728513e+01 5.037756386072657355e-03 7.943727251993710006e-03 4.462496523999447823e-03 2.019905450951384532e-03
1.446265061960860088e+01 5.068422027566492870e-03 7.993196503524663959e-03 4.490578668073061559e-03 2.033414227113836299e-03
1.441275245042604602e+01 5.099299514410696177e-03 8.042972535081311519e-03 4.518839204900921940e-03 2.047028888826006067e-03
1.436302643691213454e+01 5.130390405577522385e-03 8.093059969231054460e-03 4.547279384232248006e-03 2.060743782830556318e-03
1.431347198510572483e+01 5.161696266939987815e-03 8.143463303075431162e-03 4.575900461136590651e-03 2.074553039271311711e-03
1.426408850309488052e+01 5.193218671766267926e-03 8.194186876648046694e-03 4.604703695740022806e-03 2.088450694727089600e-03
1.421487540100990365e+01 5.224959201737637386e-03 8.245234840389742761e-03 4.633690352521124475e-03 2.102430780577558504e-03
1.416583209101617058e+01 5.256919447627085226e-03 8.296611133694490117e-03 4.662861700683321176e-03 2.116487423200134454e-03
1.411695798730722551e+01 5.289101009714969326e-03 8.348319476155444813e-03 4.692219013848301055e-03 2.130614951614774686e-03
1.406825250609767330e+01 5.321505498032588072e-03 8.400363357853992199e-03 4.721763569967275982e-03 2.144807970996607648e-03
1.401971506561630143e+01 5.354134532536886093e-03 8.452746014715283376e-03 4.751496651182699794e-03 2.159061458575025922e-03
1.397134508609908110e+01 5.386989743332031358e-03 8.505470396609853684e-03 4.781419543662933543e-03 2.173370844882184603e-03
1.392314198978222883e+01 5.420072771064243441e-03 8.558539199684576590e-03 4.811533537437385176e-03 2.187732076392209790e-03
1.387510520089535859e+01 5.453385267626182330e-03 8.611954843851698377e-03 4.841839926259673688e-03 2.202141690704184727e-03
1.382723414565453446e+01 5.486928897316458408e-03 8.665719464369584998e-03 4.872340007526606252e-03 2.216596864439630485e-03
1.377952825225550271e+01 5.520705338082038810e-03 8.719834912230092772e-03 4.903035082280358774e-03 2.231095446164186539e-03
1.373198695086676402e+01 5.554716276202271465e-03 8.774302766795933489e-03 4.933926455319212825e-03 2.245636008690904840e-03
1.368460967362285707e+01 5.588963409258840102e-03 8.829124346077008023e-03 4.965015434854994601e-03 2.260217857156225467e-03
1.363739585461753201e+01 5.623448446203315257e-03 8.884300701477138018e-03 4.996303332265844728e-03 2.274841047786595530e-03
1.359034492989695764e+01 5.658173106856467099e-03 8.939832608905720970e-03 5.027791462358164980e-03 2.289506397375499439e-03
1.354345633745307431e+01 5.693139121943815995e-03 8.995720623039098196e-03 5.059481143244744412e-03 2.304215452396246415e-03
1.349672951721678160e+01 5.728348232800896910e-03 9.051965071371079544e-03 5.091373696336393660e-03 2.318970490453913218e-03
1.345016391105134090e+01 5.763802190821175862e-03 9.108566065983115037e-03 5.123470446303626628e-03 2.333774483453646739e-03
1.340375896274561462e+01 5.799502756734597510e-03 9.165523521955419931e-03 5.155772721032508311e-03 2.348631055992402451e-03
1.335751411800750965e+01 5.835451699817609424e-03 9.222837186714358607e-03 5.188281851598283527e-03 2.363544451719492949e-03
1.331142882445731779e+01 5.871650797148767094e-03 9.280506665893190413e-03 5.220999172280854118e-03 2.378519468821280354e-03
1.326550253162108284e+01 5.908101833035380931e-03 9.338531433022006015e-03 5.253926020645878145e-03 2.393561393463370605e-03
1.321973469092410802e+01 5.944806598747551067e-03 9.396910831798813493e-03 5.287063737697389118e-03 2.408675948976148409e-03
1.317412475568430885e+01 5.981766892706090813e-03 9.455644141620341350e-03 5.320413667674574881e-03 2.423869209114594501e-03
1.312867218110576317e+01 6.018984521269918515e-03 9.514730583055335672e-03 5.353977158126570213e-03 2.439147529815099795e-03
1.308337642427217240e+01 6.056461294634571044e-03 9.574169336757589258e-03 5.387755560050160042e-03 2.454517477714300219e-03
1.303823694414034584e+01 6.094199024635507840e-03 9.633959567119737555e-03 5.421750227946220413e-03 2.469985727106420274e-03
1.299325320153380936e+01 6.132199527455419255e-03 9.694100455696297303e-03 5.455962519897672620e-03 2.485559000151080136e-03
1.294842465913627194e+01 6.170464621285611136e-03 9.754591231014140065e-03 5.490393797630076234e-03 2.501243978367985368e-03
1.290375078148531074e+01 6.208996125911309637e-03 9.815431182341318589e-03 5.525045426575976061e-03 2.517047219163167770e-03
1.285923103496588027e+01 6.247795861992750180e-03 9.876619657954161316e-03 5.559918775964628121e-03 2.532975092234628165e-03
1.281486488780400990e+01 6.286865650100958297e-03 9.938156123496208125e-03 5.595015218958215332e-03 2.549033699639259749e-03
1.277065181006042494e+01 6.326207309582584752e-03 1.000004017335973279e-02 5.630336132855589051e-03 2.565228796828179954e-03
1.272659127362418552e+01 6.365822657341954453e-03 1.006227154066571990e-02 5.665882899139431002e-03 2.581565750787556766e-03
1.268268275220644625e+01 6.405713506641938851e-03 1.012485011253624542e-02 5.701656903521746395e-03 2.598049468086624861e-03
1.263892572133409509e+01 6.445881666038162650e-03 1.018777595429149786e-02 5.737659536151183334e-03 2.614684350142291395e-03
1.259531965834356271e+01 6.486328938572321831e-03 1.025104933175886683e-02 5.773892191752312032e-03 2.631474261972541282e-03
1.255186404237450581e+01 6.527057121361931960e-03 1.031467071934538508e-02 5.810356269814456395e-03 2.648422478115782311e-03
1.250855835436364671e+01 6.568068005733235758e-03 1.037864078666319786e-02 5.847053174737035230e-03 2.665531667846159514e-03
1.246540207703855607e+01 6.609363378050450363e-03 1.044296042723470708e-02 5.883984315954961936e-03 2.682803881713217292e-03
1.242239469491142856e+01 6.650945014929352146e-03 1.050763077854607354e-02 5.921151108067333226e-03 2.700240531621637789e-03
1.237953569427301304e+01 6.692814680579746260e-03 1.057265321078522217e-02 5.958554970992636576e-03 2.717842401190478235e-03
1.233682456318637755e+01 6.734974130665451891e-03 1.063802932664570204e-02 5.996197330174024391e-03 2.735609657053402529e-03
1.229426079148089457e+01 6.777425109434041806e-03 1.070376096804707793e-02 6.034079616857697219e-03 2.753541842286208203e-03
1.225184387074604508e+01 6.820169349541647420e-03 1.076985022500083142e-02 6.072203268429113981e-03 2.771637926108820246e-03
1.220957329432543759e+01 6.863208571622467224e-03 1.083629943422073812e-02 6.110569728193658741e-03 2.789896322681157878e-03
1.216744855731070984e+01 6.906544483647895742e-03 1.090311115776461219e-02 6.149180445731975385e-03 2.808314926237643564e-03
1.212546915653547863e+01 6.950178780134742829e-03 1.097028816599949878e-02 6.188036877125814746e-03 2.826891167677366996e-03
1.208363459056939071e+01 6.994113141276380938e-03 1.103783347321528677e-02 6.227140485169460962e-03 2.845622057413935493e-03
1.204194435971206012e+01 7.038349232084636399e-03 1.110575030229578666e-02 6.266492739605717191e-03 2.864504225375453031e-03
1.200039796598716713e+01 7.082888701642645751e-03 1.117404207231948061e-02 6.306095117316020890e-03 2.883534002518242222e-03
1.195899491313648255e+01 7.127733182581707377e-03 1.124271238647262146e-02 6.345949102488038923e-03 2.902707465399815071e-03
1.191773470661390100e+01 7.172884290906267855e-03 1.131176502803690580e-02 6.386056186783763133e-03 2.922020501125230287e-03
1.187661685357961794e+01 7.218343626301844049e-03 1.138120395225431826e-02 6.426417869531093202e-03 2.941468883888602968e-03
1.183564086289414874e+01 7.264112773071033924e-03 1.145103326365062499e-02 6.467035657962283933e-03 2.961048325223179963e-03
1.179480624511255016e+01 7.310193301851127846e-03 1.152125717524835578e-02 6.507911067522043416e-03 2.980754535675153929e-03
1.175411251247849975e+01 7.356586765733720383e-03 1.159188002101747307e-02 6.549045622267572406e-03 3.000583304619951468e-03
1.171355917891852094e+01 7.403294695022022073e-03 1.166290624210445694e-02 6.590440854803982298e-03 3.020530545656702117e-03
1.167314576003616722e+01 7.450318605838624104e-03 1.173434035572641643e-02 6.632098306310577063e-03 3.040592360738820707e-03
1.163287177310619214e+01 7.497659996333086614e-03 1.180618693357152887e-02 6.674019527071607498e-03 3.060765106204025188e-03
1.159273673706886498e+01 7.545320347419162341e-03 1.187845058913454890e-02 6.716206076594542947e-03 3.081045424812042018e-03
1.155274017252413365e+01 7.593301123319647246e-03 1.195113596878092169e-02 6.758659523876651455e-03 3.101430299581577500e-03
1.151288160172598651e+01 7.641603771905385381e-03 1.202424773541889771e-02 6.801381447617042830e-03 3.121917105416887120e-03
1.147316054857665790e+01 7.690229724869416042e-03 1.209779053601375658e-02 6.844373436396474462e-03 3.142503631851601906e-03
1.143357653862102019e+01 7.739180397790746541e-03 1.217176896686939826e-02 6.887637088846541508e-03 3.163188121891018049e-03
1.139412909904088345e+01 7.788457190156442174e-03 1.224618760353552230e-02 6.931174013830487118e-03 3.183969306393869079e-03
1.135481775864931286e+01 7.838061485423498606e-03 1.232105096120228623e-02 6.974985830657472012e-03 3.204846401475933571e-03
1.131564204788507588e+01 7.887994651214225508e-03 1.239636347654994412e-02 7.019074169352167852e-03 3.225819134280804353e-03
1.127660149880695073e+01 7.938258039751214593e-03 1.247212949107314763e-02 7.063440671001896230e-03 3.246887754667650804e-03
1.123769564508822327e+01 7.988852988648247749e-03 1.254835324558948272e-02 7.108086988033288436e-03 3.268053023400313301e-03
1.119892402201102577e+01 8.039780822184747211e-03 1.262503887577591868e-02 7.153014783813722334e-03 3.289316215403292453e-03
1.116028616646086569e+01 8.091042853200206345e-03 1.270219039872233502e-02 7.198225733314205302e-03 3.310679116841483936e-03
1.112178161692105860e+01 8.142640385754676066e-03 1.277981168294674286e-02 7.243721523206542168e-03 3.332143985645713135e-03
1.108340991346718774e+01 8.194574717219385920e-03 1.285790643800977656e-02 7.289503852086758919e-03 3.353713543972089081e-03
1.104517059776168253e+01 8.246847125087802821e-03 1.293647824586187899e-02 7.335574430676953389e-03 3.375390954564378744e-03
1.100706321304825863e+01 8.299458879425880217e-03 1.301553052736312277e-02 7.381934981988863206e-03 3.397179776769481373e-03
1.096908730414654087e+01 8.352411242672086109e-03 1.309506653663360283e-02 7.428587241469061277e-03 3.419083939105571363e-03
1.093124241744656011e+01 8.405705469134282931e-03 1.317508935729025561e-02 7.475532957146392536e-03 3.441107708264170510e-03
1.089352810090338508e+01 8.459342806636739945e-03 1.325560190895389533e-02 7.522773889801547507e-03 3.463255624158797716e-03
1.085594390403170806e+01 8.513324497931830381e-03 1.333660695314376095e-02 7.570311813179314391e-03 3.485532467144369581e-03
1.081848937790043053e+01 8.567651781894374680e-03 1.341810708934520341e-02 7.618148514263647225e-03 3.507943216609922619e-03
1.078116407512736252e+01 8.622325894530338819e-03 1.350010473463626910e-02 7.666285793565695908e-03 3.530492988741633798e-03
1.074396754987381009e+01 8.677348069845399955e-03 1.358260213627976963e-02 7.714725464804211147e-03 3.553186994110920163e-03
1.070689935783931190e+01 8.732719540630902791e-03 1.366560140432142821e-02 7.763469355331094682e-03 3.576030497405058121e-03
1.066995905625631202e+01 8.788441539237766553e-03 1.374910449368669900e-02 7.812519306287362200e-03 3.599028747446668570e-03
1.063314620388482901e+01 8.844515298420188576e-03 1.383311320874765042e-02 7.861877172753037324e-03 3.622186934256263393e-03
1.059646036100726008e+01 8.900942052342044122e-03 1.391762921169214379e-02 7.911544823903588972e-03 3.645510153591734193e-03
1.055990108942305206e+01 8.957723037850126580e-03 1.400265403970769526e-02 7.961524143131237102e-03 3.669003345658837165e-03
1.052346795244354816e+01 9.014859496127309441e-03 1.408818912065073863e-02 8.011817028149180106e-03 3.692671256807526000e-03
1.048716051488668199e+01 9.072352674849118101e-03 1.417423577850624068e-02 8.062425391097520488e-03 3.716518410416169184e-03
1.045097834307185991e+01 9.130203830974882584e-03 1.426079522234100123e-02 8.113351158668902219e-03 3.740549054062223579e-03
1.041492100481474559e+01 9.188414234313442563e-03 1.434786856633527355e-02 8.164596272272610367e-03 3.764767120991155489e-03
1.037898806942207486e+01 9.246985169549158667e-03 1.443545687215997547e-02 8.216162688255377114e-03 3.789176221468537088e-03
1.034317910768656645e+01 9.305917918458618543e-03 1.452356113674250007e-02 8.268052378027428498e-03 3.813779599643202494e-03
1.030749369188172970e+01 9.365213779040837752e-03 1.461218230361736869e-02 8.320267327827542136e-03 3.838580113935907007e-03
1.027193139575683034e+01 9.424874064039651805e-03 1.470132127595968896e-02 8.372809539121079531e-03 3.863580232933547156e-03
1.023649179453171776e+01 9.484900100313945620e-03 1.479097893801071054e-02 8.425681028627000912e-03 3.888782015707486443e-03
1.020117446489182100e+01 9.545293230744189214e-03 1.488115617500697374e-02 8.478883828445773346e-03 3.914187086184910298e-03
1.016597898498306485e+01 9.606054815874762870e-03 1.497185388321449311e-02 8.532419986152504562e-03 3.939796661055875587e-03
1.013090493440680184e+01 9.667186235303623296e-03 1.506307296378291138e-02 8.586291564863254497e-03 3.965611533916318238e-03
1.009595189421485451e+01 9.728688888843109450e-03 1.515481433084123371e-02 8.640500643291729524e-03 3.991632079613570243e-03
1.006111944690444027e+01 9.790564197488214881e-03 1.524707896868128174e-02 8.695049315813992846e-03 4.017858277013951727e-03
1.002640717641325274e+01 9.852813604239313294e-03 1.533986791309969316e-02 8.749939692558101126e-03 4.044289725703900142e-03
9.991814668114425757e+00 9.915438574838241620e-03 1.543318226382781738e-02 8.805173899536423987e-03 4.070925639375210306e-03
9.957341508811639486e+00 9.978440598486442575e-03 1.552702319317044236e-02 8.860754078827999883e-03 4.097764895366767975e-03
9.922987286734160861e+00 1.004182118862467950e-02 1.562139196374948483e-02 8.916682388422043221e-03 4.124806053847375302e-03
9.888751591531894647e+00 1.010558188386305629e-02 1.571628994605705348e-02 8.972961002291460209e-03 4.152047377886701821e-03
9.854634014270546416e+00 1.016972424915898489e-02 1.581171862754611468e-02 9.029592110533024921e-03 4.179486873620551386e-03
9.820634147426668292e+00 1.023424987735007015e-02 1.590767960684054752e-02 9.086577919410959020e-03 4.207122333343127178e-03
9.786751584882859234e+00 1.029916039115577088e-02 1.600417458169235002e-02 9.143920651434347263e-03 4.234951351300315914e-03
9.752985921922848078e+00 1.036445744577030315e-02 1.610120540449687734e-02 9.201622545396696135e-03 4.262971364629721330e-03
9.719336755226713365e+00 1.043014273217504270e-02 1.619877406693646590e-02 9.259685856394353140e-03 4.291179708309147446e-03
9.685803682866044539e+00 1.049621797875675833e-02 1.629688270132589878e-02 9.318112855841239814e-03 4.319573637220351300e-03
9.652386304299117370e+00 1.056268493011429908e-02 1.639553358025051463e-02 9.376905831496959443e-03 4.348150367578346512e-03
9.619084220366167060e+00 1.062954536840885790e-02 1.649472912456054902e-02 9.436067087525210409e-03 4.376907128508479225e-03
9.585897033284545898e+00 1.069680111183299656e-02 1.659447191401638988e-02 9.495598944600086577e-03 4.405841194707669009e-03
9.552824346644044340e+00 1.076445401274198424e-02 1.669476469232669333e-02 9.555503740060561357e-03 4.434949901274850420e-03
9.519865765402119706e+00 1.083250595894139599e-02 1.679561035986228829e-02 9.615783827649476007e-03 4.464230713547332786e-03
9.487020895879156868e+00 1.090095887470464257e-02 1.689701194999813222e-02 9.676441577607284086e-03 4.493681244571477891e-03
9.454289345753824847e+00 1.096981472153397627e-02 1.699897264829584864e-02 9.737479376766782976e-03 4.523299282987333809e-03
9.421670724058323287e+00 1.103907549868957116e-02 1.710149580983572060e-02 9.798899628565399186e-03 4.553082832981225625e-03
9.389164641173774584e+00 1.110874324352004519e-02 1.720458493490889182e-02 9.860704753095667074e-03 4.583030148996821047e-03
9.356770708825512983e+00 1.117882003163862825e-02 1.730824366331506006e-02 9.922897187117385789e-03 4.613139738214402409e-03
9.324488540078498033e+00 1.124930797699714470e-02 1.741247576963260435e-02 9.985479384047901349e-03 4.643410391122916765e-03
9.292317749332665855e+00 1.132020923191986474e-02 1.751728516550205700e-02 1.004845381394782466e-02 4.673841213963746653e-03
9.260257952318305286e+00 1.139152598716700222e-02 1.762267590063721148e-02 1.011182296351898456e-02 4.704431628048535291e-03
9.228308766091524618e+00 1.146326047210557281e-02 1.772865215546343826e-02 1.017558933613136631e-02 4.735181384481567009e-03
9.196469809029602871e+00 1.153541495507355227e-02 1.783521821994824008e-02 1.023975545189636897e-02 4.766090585843743913e-03
9.164740700826509823e+00 1.160799174402934661e-02 1.794237846610559697e-02 1.030432384780281992e-02 4.797159687935711493e-03
9.133121062488289255e+00 1.168099318758627526e-02 1.805013738935765111e-02 1.036929707764988780e-02 4.828389477163757930e-03
9.101610516328589640e+00 1.175442167653690563e-02 1.815849957959584163e-02 1.043467771173656536e-02 4.859781103327659446e-03
9.070208685964132655e+00 1.182827964597869298e-02 1.826746970843456594e-02 1.050046833721261438e-02 4.891336061799415880e-03
9.038915196310188804e+00 1.190256957757207176e-02 1.837705251532444420e-02 1.056667155797666804e-02 4.923056179404394425e-03
9.007729673576161389e+00 1.197729398184003632e-02 1.848725280178254229e-02 1.063328999473226073e-02 4.954943611997401388e-03
8.976651745261040816e+00 1.205245540840439201e-02 1.859807542998453619e-02 1.070032628500298608e-02 4.987000841158293306e-03
8.945681040149040086e+00 1.212805645126702019e-02 1.870952531825446907e-02 1.076778308311973804e-02 5.019230642091475868e-03
8.914817188305084628e+00 1.220409974414558667e-02 1.882160742724748106e-02 1.083566306019708055e-02 5.051636057709253148e-03
8.884059821070444229e+00 1.228058796096085682e-02 1.893432673230214733e-02 1.090396890411455232e-02 5.084220405840886477e-03
8.853408571058322352e+00 1.235752381607707617e-02 1.904768820591401166e-02 1.097270331951983452e-02 5.116987237445204915e-03
8.822863072149429442e+00 1.243491006431267192e-02 1.916169685948807683e-02 1.104186902786999207e-02 5.149940310306885642e-03
8.792422959487673495e+00 1.251274950074686594e-02 1.927635770004896762e-02 1.111146876752703433e-02 5.183083574480632123e-03
8.762087869475731594e+00 1.259104496035653650e-02 1.939167572394636871e-02 1.118150529390716033e-02 5.216421149885619273e-03
8.731857439770770668e+00 1.266979931752428880e-02 1.950765590353092938e-02 1.125198137912132058e-02 5.249957273923555254e-03
8.701731309280086535e+00 1.274901548546715675e-02 1.962430318378224209e-02 1.132289981207370427e-02 5.283696285189537836e-03
8.671709118156773144e+00 1.282869641564173858e-02 1.974162248220531074e-02 1.139426339858104313e-02 5.317642605948048710e-03
8.641790507795480636e+00 1.290884509718825957e-02 1.985961868513989870e-02 1.146607496135187282e-02 5.351800696444581999e-03
8.611975120828065045e+00 1.298946455648317816e-02 1.997829663487129398e-02 1.153833734003337219e-02 5.386175026964412464e-03
8.582262601119381884e+00 1.307055785687466151e-02 2.009766110355254778e-02 1.161105339122199369e-02 5.420770061281360297e-03
8.552652593762974931e+00 1.315212809868235300e-02 2.021771678636349184e-02 1.168422598845413572e-02 5.455590228078243537e-03
8.523144745076885798e+00 1.323417841954663970e-02 2.033846834273303830e-02 1.175785802219193009e-02 5.490639866658130093e-03
8.493738702599406665e+00 1.331671199521874266e-02 2.045992035605822407e-02 1.183195239982027212e-02 5.525923227142857767e-03
8.464434115084854326e+00 1.339973204088660934e-02 2.058207733297269873e-02 1.190651204567055345e-02 5.561444443732341258e-03
8.435230632499418846e+00 1.348324181187789995e-02 2.070494369508883367e-02 1.198153990108655371e-02 5.597207499161896589e-03
8.406127906016926943e+00 1.356724458729831849e-02 2.082852378084099759e-02 1.205703892454864160e-02 5.633216206711583532e-03
8.377125588014733282e+00 1.365174368257026510e-02 2.095282185052290899e-02 1.213301209179508573e-02 5.669474202655185903e-03
8.348223332069510505e+00 1.373674244917542225e-02 2.107784208806376056e-02 1.220946239537908616e-02 5.705984924708201386e-03
8.319420792953163613e+00 1.382224427172728913e-02 2.120358859424804204e-02 1.228639284500390901e-02 5.742751569904696284e-03
8.290717626628678616e+00 1.390825256798869716e-02 2.133006536759185848e-02 1.236380646751879947e-02 5.779777114599391440e-03
8.262113490246001390e+00 1.399477078867792691e-02 2.145727629857911364e-02 1.244170630696139583e-02 5.817064294059051677e-03
8.233608042137984029e+00 1.408180241708545562e-02 2.158522522176070657e-02 1.252009542461264210e-02 5.854615584582765521e-03
8.205200941816247706e+00 1.416935096853096446e-02 2.171391588025892855e-02 1.259897689902261461e-02 5.892433202087740511e-03
8.176891849967178771e+00 1.425741998969549083e-02 2.184335193146635240e-02 1.267835382602139002e-02 5.930519110356195084e-03
8.148680428447812929e+00 1.434601305787117607e-02 2.197353694394238444e-02 1.275822931873029330e-02 5.968875014604166189e-03
8.120566340281843765e+00 1.443513378017570979e-02 2.210447440415233555e-02 1.283860650758764273e-02 6.007502336451329104e-03
8.092549249655590415e+00 1.452478579278535138e-02 2.223616772709615524e-02 1.291948854040420903e-02 6.046402252725518664e-03
8.064628821913943924e+00 1.461497276024507908e-02 2.236862026460606501e-02 1.300087858246292381e-02 6.085575689780495061e-03
8.036804723556436159e+00 1.470569837491933832e-02 2.250183530612411345e-02 1.308277981667733438e-02 6.125023322828244444e-03
8.009076622233193277e+00 1.479696635665251822e-02 2.263581606811828489e-02 1.316519544364791287e-02 6.164745590510684742e-03
7.981444186741023294e+00 1.488878045271128416e-02 2.277056568162282024e-02 1.324812868129177090e-02 6.204742718772990849e-03
7.953907087019402411e+00 1.498114443808652024e-02 2.290608725136081270e-02 1.333158276528084545e-02 6.245014730379042957e-03
7.926464994146585674e+00 1.507406211623492365e-02 2.304238383469257856e-02 1.341556094899039667e-02 6.285561433419433429e-03
7.899117580335650146e+00 1.516753732034499362e-02 2.317945844619361678e-02 1.350006650359412801e-02 6.326382471657903024e-03
7.871864518930566490e+00 1.526157390996962446e-02 2.331731405836502333e-02 1.358510271813815826e-02 6.367477334681219230e-03
7.844705484402338058e+00 1.535617575942566093e-02 2.345595360957909367e-02 1.367067289959093303e-02 6.408845367164017759e-03
7.817640152345066262e+00 1.545134677308695505e-02 2.359538001738590088e-02 1.375678037288337666e-02 6.450485792418847279e-03
7.790668199472114530e+00 1.554709087918604987e-02 2.373559619109630314e-02 1.384342848095246152e-02 6.492397745539694662e-03
7.763789303612234960e+00 1.564341202948548587e-02 2.387660503842085544e-02 1.393062058480249929e-02 6.534580293756471307e-03
7.737003143705688757e+00 1.574031419927609046e-02 2.401840946209769789e-02 1.401836006359775955e-02 6.577032431258687632e-03
7.710309399800469699e+00 1.583780138719604463e-02 2.416101234440313356e-02 1.410665031479996570e-02 6.619753126842089705e-03
7.683707753048424571e+00 1.593587761489729734e-02 2.430441658067345953e-02 1.419549475436501958e-02 6.662741348224525406e-03
7.657197885701494400e+00 1.603454692659005143e-02 2.444862510293646651e-02 1.428489681668877395e-02 6.705996070339424048e-03
7.630779481107872186e+00 1.613381338850304950e-02 2.459364086311988454e-02 1.437485995445918381e-02 6.749516297866806416e-03
7.604452223708260128e+00 1.623368108830071724e-02 2.473946683989582118e-02 1.446538763903906094e-02 6.793301098215942177e-03
7.578215799032089528e+00 1.633415413450477888e-02 2.488610604206539095e-02 1.455648336045254482e-02 6.837349625042850321e-03
7.552069893693733604e+00 1.643523665597141151e-02 2.503356151967005977e-02 1.464815062751547575e-02 6.881661113891570508e-03
7.526014195388818884e+00 1.653693280147944256e-02 2.518183637684968251e-02 1.474039296793264002e-02 6.926234909257054061e-03
7.500048392890438897e+00 1.663924673949012875e-02 2.533093378113209643e-02 1.483321392837514199e-02 6.971070501666802935e-03
7.474172176045493110e+00 1.674218265814121642e-02 2.548085696477372236e-02 1.492661707455020421e-02 7.016167525309784624e-03
7.448385235770920154e+00 1.684574476554329472e-02 2.563160921496142677e-02 1.502060599127717083e-02 7.061525770845960767e-03
7.422687264050063405e+00 1.694993729044802847e-02 2.578319386143234498e-02 1.511518428258198585e-02 7.107145209090067785e-03
7.397077953928965499e+00 1.705476448336223569e-02 2.593561433591803564e-02 1.521035557182376201e-02 7.153026010747385449e-03
7.371556999512679731e+00 1.716023061796464327e-02 2.608887414938369093e-02 1.530612350186624435e-02 7.199168541764041328e-03
7.346124095961672040e+00 1.726633998026156497e-02 2.624297689456338636e-02 1.540249173530570427e-02 7.245573355900020336e-03
7.320778939488118198e+00 1.737309687324362084e-02 2.639792624420923134e-02 1.549946395436012717e-02 7.292241242148948116e-03
7.295521227352328886e+00 1.748050562127095170e-02 2.655372595465888344e-02 1.559704386088485439e-02 7.339173207076563413e-03
7.270350657859086851e+00 1.758857056664631796e-02 2.671037987461238189e-02 1.569523517669551768e-02 7.386370474752911204e-03
7.245266930354082646e+00 1.769729607001241031e-02 2.686789195371842853e-02 1.579404164360900115e-02 7.433834494432973138e-03
7.220269745220305957e+00 1.780668651056830851e-02 2.702626624627088581e-02 1.589346702359840588e-02 7.481566952083766250e-03
7.195358803874450260e+00 1.791674628612762582e-02 2.718550690625270647e-02 1.599351509891591694e-02 7.529569765044217058e-03
7.170533808763384975e+00 1.802747981304587271e-02 2.734561817112272572e-02 1.609418967219563776e-02 7.577845051497659155e-03
7.145794463360559234e+00 1.813889152605020066e-02 2.750660435529066541e-02 1.619549456654948566e-02 7.626395156310548061e-03
7.121140472162494461e+00 1.825098587800760494e-02 2.766846990702861997e-02 1.629743362566774337e-02 7.675222643883809759e-03
7.096571540685242319e+00 1.836376733967358746e-02 2.783121936833210866e-02 1.640001071393730123e-02 7.724330278060262921e-03
7.072087375460846204e+00 1.847724039946632008e-02 2.799485738054718550e-02 1.650322971658972279e-02 7.773721013376141270e-03
7.047687684033880018e+00 1.859140956331503322e-02 2.815938867731589482e-02 1.660709453989128032e-02 7.823397996380257111e-03
7.023372174957906999e+00 1.870627935463625019e-02 2.832481808508025695e-02 1.671160911138800872e-02 7.873364559989923239e-03
6.999140557792044248e+00 1.882185431449286128e-02 2.849115052781794194e-02 1.681677737992282387e-02 7.923624192983131850e-03
6.974992543097443765e+00 1.893813900199636108e-02 2.865839103106354591e-02 1.692260331548749858e-02 7.974180517034997265e-03
6.950927842433883619e+00 1.905513799501336314e-02 2.882654472094087553e-02 1.702909090970032222e-02 8.025037310608560195e-03
6.926946168356299616e+00 1.917285589124191961e-02 2.899561681482068845e-02 1.713624417581765397e-02 8.076198470623255354e-03
6.903047234411338273e+00 1.929129730972458864e-02 2.916561260129830677e-02 1.724406714891607920e-02 8.127667993805926319e-03
6.879230755133970199e+00 1.941046689047398049e-02 2.933653743124350552e-02 1.735256388604148464e-02 8.179449966677578357e-03
6.855496446044036851e+00 1.953036928269037686e-02 2.950839677152837515e-02 1.746173846633558915e-02 8.231548560577122906e-03
6.831844023642902108e+00 1.965100915803562678e-02 2.968119615989593327e-02 1.757159499115087953e-02 8.283968012748315485e-03
6.808273205410015017e+00 1.977239120743058340e-02 2.985494120835064866e-02 1.768213758416666698e-02 8.336712582714235834e-03
6.784783709799577345e+00 1.989452014055984388e-02 3.002963759292425622e-02 1.779337039151714789e-02 8.389786559529394810e-03
6.761375256237162290e+00 2.001740068645551165e-02 3.020529105094101746e-02 1.790529758194403867e-02 8.443194253323392864e-03
6.738047565116350057e+00 2.014103759390832929e-02 3.038190738277925587e-02 1.801792334698522347e-02 8.496939963744730082e-03
6.714800357795422947e+00 2.026543563172959750e-02 3.055949245349394439e-02 1.813125190121103042e-02 8.551027962425848325e-03
6.691633356593991167e+00 2.039059958889296795e-02 3.073805219027350710e-02 1.824528748246402945e-02 8.605462487690231435e-03
6.668546284789728773e+00 2.051653427458706089e-02 3.091759257249899681e-02 1.836003435154741348e-02 8.660247738347646301e-03
6.645538866615014584e+00 2.064324451821611742e-02 3.109811961215027537e-02 1.847549679266662082e-02 8.715387849460074984e-03
6.622610827253681443e+00 2.077073516938720069e-02 3.127963933453802026e-02 1.859167911355368019e-02 8.770886853812982428e-03
6.599761892837717525e+00 2.089901109792795253e-02 3.146215783211837175e-02 1.870858564561263954e-02 8.826748712047033027e-03
6.576991790443977415e+00 2.102807719398096589e-02 3.164568122745491097e-02 1.882622074409788515e-02 8.882977285736001066e-03
6.554300248090958902e+00 2.115793836822382409e-02 3.183021567008479519e-02 1.894458878826280751e-02 8.939576319307257143e-03
6.531686994735513174e+00 2.128859955226807335e-02 3.201576732695039784e-02 1.906369418149080064e-02 8.996549431090374721e-03
6.509151760269651810e+00 2.142006569929100906e-02 3.220234237739519334e-02 1.918354135141876401e-02 9.053900116064737824e-03
6.486694275517272956e+00 2.155234178495885750e-02 3.238994701386063019e-02 1.930413475006532292e-02 9.111631743989134433e-03
6.464314272230985203e+00 2.168543280870000381e-02 3.257858744384842936e-02 1.942547885397396742e-02 9.169747537321535150e-03
6.442011483088891488e+00 2.181934379539094901e-02 3.276826988922434264e-02 1.954757816438307261e-02 9.228250548915824594e-03
6.419785641691373890e+00 2.195407979291195966e-02 3.295900057962009716e-02 1.967043720743363519e-02 9.287143703546480930e-03
6.397636482557954807e+00 2.208964586333011029e-02 3.315078573753344610e-02 1.979406053442566565e-02 9.346429770297580777e-03
6.375563741124074646e+00 2.222604709652701779e-02 3.334363155421127961e-02 1.991845272199398512e-02 9.406111357521217478e-03
6.353567153737981421e+00 2.236328860534020704e-02 3.353754421898989813e-02 2.004361837176932976e-02 9.466190914744035054e-03
6.331646457657553739e+00 2.250137552597398366e-02 3.373252992948561763e-02 2.016956211097018989e-02 9.526670744752354508e-03
6.309801391047151320e+00 2.264031301863765264e-02 3.392859486350301157e-02 2.029628859242959757e-02 9.587553009028219539e-03
6.288031692974529463e+00 2.278010626801342878e-02 3.412574517951516562e-02 2.042380249477416393e-02 9.648839712071512198e-03
6.266337103407669140e+00 2.292076048357842913e-02 3.432398700948924991e-02 2.055210852259963666e-02 9.710532694228762168e-03
6.244717363211723438e+00 2.306228089980669888e-02 3.452332645932190691e-02 2.068121140661849031e-02 9.772633679697209294e-03
6.223172214145873404e+00 2.320467277628313757e-02 3.472376961259174277e-02 2.081111590379111989e-02 9.835144256067424734e-03
6.201701398860285153e+00 2.334794139776223340e-02 3.492532253372180456e-02 2.094182679745008532e-02 9.898065878416070079e-03
6.180304660893016333e+00 2.349209207420965839e-02 3.512799126719700488e-02 2.107334889742885214e-02 9.961399879753423878e-03
6.158981744666936819e+00 2.363713014086677236e-02 3.533178183017676721e-02 2.120568704020515255e-02 1.002514749052944160e-02
6.137732395486717785e+00 2.378306095838056758e-02 3.553670019667801161e-02 2.133884608906920152e-02 1.008930985089621750e-02
6.116556359535741727e+00 2.392988991304596108e-02 3.574275228210040817e-02 2.147283093432811665e-02 1.015388800199570722e-02
6.095453383873115527e+00 2.407762241720749069e-02 3.594994400189164413e-02 2.160764649355604444e-02 1.021888288353735817e-02
6.074423216430607120e+00 2.422626390987234896e-02 3.615828123820214596e-02 2.174329771179766072e-02 1.028429538931825878e-02
6.053465606009670097e+00 2.437581985758635952e-02 3.636776984076634661e-02 2.187978956119339055e-02 1.035012635113807464e-02
6.032580302278426565e+00 2.452629575562877140e-02 3.657841562251653439e-02 2.201712704155564873e-02 1.041637654748309334e-02
6.011767055768667767e+00 2.467769712958208309e-02 3.679022435817594361e-02 2.215531518041814057e-02 1.048304671686451500e-02
5.991025617872901776e+00 2.483002953416964600e-02 3.700320178877169325e-02 2.229435903319358300e-02 1.055013758034115991e-02
5.970355740841348791e+00 2.498329854273609665e-02 3.721735362816964987e-02 2.243426368334760362e-02 1.061764985766654873e-02
5.949757177779018136e+00 2.513750976105676854e-02 3.743268556813209719e-02 2.257503424254360749e-02 1.068558426372175768e-02
5.929229682642723986e+00 2.529266882314778683e-02 3.764920327894445001e-02 2.271667585076964785e-02 1.075394149976119720e-02
5.908773010238179246e+00 2.544878139120006905e-02 3.786691240332334257e-02 2.285919367645604383e-02 1.082272231308614198e-02
5.888386916217049460e+00 2.560585315618299496e-02 3.808581854211030848e-02 2.300259291659449007e-02 1.089192748391521783e-02
5.868071157074020938e+00 2.576388983827731724e-02 3.830592724848257136e-02 2.314687879686821992e-02 1.096155783212462119e-02
5.847825490143930161e+00 2.592289718715854938e-02 3.852724409116718707e-02 2.329205657180268355e-02 1.103161422730400062e-02
5.827649673598819469e+00 2.608288098215659143e-02 3.874977461180831306e-02 2.343813152494751695e-02 1.110209760902416791e-02
5.807543466445093117e+00 2.624384703231819743e-02 3.897352433543366940e-02 2.358510896909859350e-02 1.117300900319517613e-02
5.787506628520596941e+00 2.640580117640463700e-02 3.919849876671482880e-02 2.373299424656330828e-02 1.124434952131365267e-02
5.767538920491784182e+00 2.656874928285692800e-02 3.942470339140803637e-02 2.388179272890552512e-02 1.131612034179167725e-02
5.747640103850843118e+00 2.673269724976617273e-02 3.965214368298409370e-02 2.403150981714340453e-02 1.138832275791171016e-02
5.727809940912830911e+00 2.689765100488765437e-02 3.988082511085581233e-02 2.418215094207217669e-02 1.146095817724764911e-02
5.708048194812872289e+00 2.706361650573964328e-02 4.011075314698937799e-02 2.433372156430550770e-02 1.153402811758669731e-02
5.688354629503289850e+00 2.723059973983176993e-02 4.034193326818784342e-02 2.448622717445098074e-02 1.160753420977981253e-02
5.668729009750815173e+00 2.739860672506742173e-02 4.057437095194538906e-02 2.463967329325316910e-02 1.168147821099765546e-02
5.649171101133772410e+00 2.756764351036920802e-02 4.080807166449072071e-02 2.479406547171454298e-02 1.175586201824252094e-02
5.629680670039254764e+00 2.773771617657653371e-02 4.104304085270736591e-02 2.494940929120300147e-02 1.183068766890144410e-02
5.610257483660373801e+00 2.790883083766635894e-02 4.127928400930191283e-02 2.510571036355483190e-02 1.190595731835667782e-02
5.590901309993436819e+00 2.808099364234145981e-02 4.151680663503189150e-02 2.526297433118333477e-02 1.198167325268083630e-02
5.571611917835217476e+00 2.825421076602811776e-02 4.175561424701258045e-02 2.542120686720104189e-02 1.205783791640424422e-02
5.552389076780151811e+00 2.842848841140489108e-02 4.199571237683255576e-02 2.558041367556609241e-02 1.213445389023536276e-02
5.533232557217623970e+00 2.860383281646593223e-02 4.223710657150791387e-02 2.574060049126062136e-02 1.221152388738751433e-02
5.514142130329204861e+00 2.878025025008314197e-02 4.247980239974655237e-02 2.590177308051151012e-02 1.228905075607084063e-02
5.495117568085906790e+00 2.895774701260283787e-02 4.272380546016205788e-02 2.606393724098332934e-02 1.236703748807228657e-02
5.476158643245494950e+00 2.913632943626741703e-02 4.296912138840304485e-02 2.622709880134220170e-02 1.244548722017639261e-02
5.457265129349729627e+00 2.931600388548124062e-02 4.321575586060097396e-02 2.639126362180269775e-02 1.252440321722691520e-02
5.438436800721706987e+00 2.949677675694038423e-02 4.346371459107185170e-02 2.655643759417484345e-02 1.260378884452076007e-02
5.419673432463116391e+00 2.967865447965135905e-02 4.371300332284026868e-02 2.672262664197025059e-02 1.268364761211015004e-02
5.400974800451597169e+00 2.986164351486403357e-02 4.396362781178898838e-02 2.688983672054892984e-02 1.276398315012135590e-02
5.382340681338037669e+00 3.004575035594890531e-02 4.421559387497053101e-02 2.705807381723795979e-02 1.284479919737431530e-02
5.363770852543900958e+00 3.023098152824982982e-02 4.446890738863219783e-02 2.722734395143020306e-02 1.292609959259230501e-02
5.345265092258594031e+00 3.041734358894562090e-02 4.472357427241705624e-02 2.739765317467113270e-02 1.300788827629144155e-02
5.326823179436784628e+00 3.060484312695777032e-02 4.497960049456829756e-02 2.756900757074346245e-02 1.309016929289996689e-02
5.308444893795793540e+00 3.079348676294105941e-02 4.523699206904990139e-02 2.774141325575673472e-02 1.317294678131860665e-02
5.290130015812932740e+00 3.098328114939875519e-02 4.549575505888227289e-02 2.791487637825182042e-02 1.325622494448910893e-02
5.271878326722908348e+00 3.117423297096286530e-02 4.575589558250948985e-02 2.808940311932756409e-02 1.334000804298662510e-02
5.253689608515200504e+00 3.136634894488447151e-02 4.601741982027431066e-02 2.826499969279916424e-02 1.342430042540837185e-02
5.235563643931440581e+00 3.155963582177898075e-02 4.628033401842831379e-02 2.844167234539646608e-02 1.350910649236853819e-02
5.217500216462851448e+00 3.175410038667263180e-02 4.654464448854967601e-02 2.861942735693811038e-02 1.359443068655160139e-02
5.199499110347621134e+00 3.194974946039959990e-02 4.681035760077320584e-02 2.879827103985847792e-02 1.368027748521621033e-02
5.181560110568360855e+00 3.214658989500995823e-02 4.707747976984007904e-02 2.897820973973769254e-02 1.376665140166363072e-02
5.163683002849523973e+00 3.234462856658149726e-02 4.734601744974278187e-02 2.915924983533715875e-02 1.385355698354642437e-02
5.145867573654828497e+00 3.254387238923084347e-02 4.761597719787776656e-02 2.934139773867262130e-02 1.394099879746480905e-02
5.128113610184739990e+00 3.274432830891701313e-02 4.788736562691741500e-02 2.952465989513954406e-02 1.402898139392390157e-02
5.110420900373895847e+00 3.294600330377080166e-02 4.816018941537333897e-02 2.970904278361108722e-02 1.411750932561971379e-02
5.092789232888606854e+00 3.314890438446656262e-02 4.843445530240380464e-02 2.989455291651516716e-02 1.420658715244528698e-02
5.075218397124294789e+00 3.335303859444405106e-02 4.871017008574214657e-02 3.008119683989992840e-02 1.429621941574385317e-02
5.057708183203012631e+00 3.355841300999690829e-02 4.898734062441493370e-02 3.026898113349408420e-02 1.438641062744682418e-02
5.040258381970918578e+00 3.376503474025004115e-02 4.926597384340333091e-02 3.045791241077116726e-02 1.447716526683183805e-02
5.022868784995770497e+00 3.397291092704850246e-02 4.954607673766074638e-02 3.064799731902510815e-02 1.456848778385259717e-02
5.005539184564463007e+00 3.418204874478282529e-02 4.982765637324454433e-02 3.083924253946452448e-02 1.466038259778864108e-02
4.988269373680512153e+00 3.439245540017970421e-02 5.011071988374595637e-02 3.103165478733482807e-02 1.475285408158660827e-02
4.971059146061618250e+00 3.460413813208609857e-02 5.039527446069328592e-02 3.122524081207451660e-02 1.484590652941425795e-02
4.953908296137168321e+00 3.481710421128012684e-02 5.068132733716859684e-02 3.142000739751355659e-02 1.493954418870720516e-02
4.936816619045807819e+00 3.503136094034058762e-02 5.096888579022825633e-02 3.161596136157567710e-02 1.503377125613858216e-02
4.919783910632984814e+00 3.524691565361173090e-02 5.125795719819248308e-02 3.181310955630591714e-02 1.512859185992220488e-02
4.902809967448494177e+00 3.546377571729961847e-02 5.154854898515846134e-02 3.201145886825248338e-02 1.522401005223472138e-02
4.885894586744081280e+00 3.568194852973811948e-02 5.184066863508679512e-02 3.221101621837890727e-02 1.532002981058526100e-02
4.869037566470982625e+00 3.590144152186571652e-02 5.213432368372673126e-02 3.241178856217464405e-02 1.541665504497072986e-02
4.852238705277549968e+00 3.612226215795282663e-02 5.242952171555577412e-02 3.261378288973498102e-02 1.551388960024280977e-02
4.835497802506808718e+00 3.634441793662378933e-02 5.272627036508218540e-02 3.281700622581915083e-02 1.561173724466183646e-02
4.818814658194090050e+00 3.656791639221547430e-02 5.302457731991544465e-02 3.302146562989213829e-02 1.571020164192576257e-02
4.802189073064634606e+00 3.679276508840226279e-02 5.332445032325495299e-02 3.322716819615872952e-02 1.580928638678338535e-02
4.785620848531193516e+00 3.701897161315692575e-02 5.362589717375696591e-02 3.343412105359648556e-02 1.590899500725579535e-02
4.769109786691688946e+00 3.724654359230818862e-02 5.392892572112067961e-02 3.364233136599422552e-02 1.600933095052586158e-02
4.752655690326816895e+00 3.747548868292286534e-02 5.423354385617989298e-02 3.385180633200460948e-02 1.611029757982868071e-02
4.736258362897723728e+00 3.770581457370762724e-02 5.453975949478214597e-02 3.406255318521628911e-02 1.621189817934667529e-02
4.719917608543626741e+00 3.793752898533979401e-02 5.484758057128971687e-02 3.427457919425459798e-02 1.631413596544042596e-02
4.703633232079501347e+00 3.817063967065836838e-02 5.515701510120558926e-02 3.448789166291624936e-02 1.641701409414509510e-02
4.687405038993738948e+00 3.840515441473313363e-02 5.546807112711391735e-02 3.470249793030018293e-02 1.652053565623885431e-02
4.671232835445811915e+00 3.864108103482973705e-02 5.578075672867793128e-02 3.491840537027120217e-02 1.662470365418540832e-02
4.655116428263984751e+00 3.887842738029068101e-02 5.609508001569665087e-02 3.513562139188522448e-02 1.672952102756907963e-02
4.639055624942975520e+00 3.911720133235599417e-02 5.641104912338917171e-02 3.535415343942983207e-02 1.683499067682981548e-02
4.623050233641685658e+00 3.935741080394613428e-02 5.672867221236948393e-02 3.557400899240122094e-02 1.694111544511199205e-02
4.607100063180893379e+00 3.959906373943469782e-02 5.704795747090837810e-02 3.579519556557117510e-02 1.704789811991704387e-02
4.591204923040961283e+00 3.984216811443791473e-02 5.736891311727729259e-02 3.601772070902735379e-02 1.715534143851637702e-02
4.575364623359587490e+00 4.008673193564975257e-02 5.769154740023389044e-02 3.624159200819270649e-02 1.726344810145622258e-02
4.559578974929503481e+00 4.033276324075488889e-02 5.801586859603659330e-02 3.646681708383205794e-02 1.737222078447423629e-02
4.543847789196251874e+00 4.058027009844992344e-02 5.834188500075040279e-02 3.669340359205040814e-02 1.748166214027292026e-02
4.528170878255895815e+00 4.082926060860845446e-02 5.866960491704166503e-02 3.692135922429135714e-02 1.759177478333307648e-02
4.512548054852806523e+00 4.107974290262280531e-02 5.899903663619606581e-02 3.715069170734026233e-02 1.770256128717727015e-02
4.496979132377412647e+00 4.133172514396015601e-02 5.933018848412242169e-02 3.738140880334014926e-02 1.781402424221268169e-02
4.481463924863961168e+00 4.158521552896942558e-02 5.966306881435667203e-02 3.761351830982610778e-02 1.792616622597808032e-02
4.466002246988320934e+00 4.184022228797639603e-02 5.999768598509554879e-02 3.784702805978424484e-02 1.803898981025566992e-02
4.450593914065740897e+00 4.209675368636497939e-02 6.033404836463450438e-02 3.808194592174297954e-02 1.815249756289083471e-02
4.435238742048673188e+00 4.235481801169607707e-02 6.067216432415961647e-02 3.831827979987088850e-02 1.826669206006664367e-02
4.419936547524543791e+00 4.261442358221058380e-02 6.101204223613600902e-02 3.855603763342566742e-02 1.838157590024440749e-02
4.404687147713591600e+00 4.287557875059270357e-02 6.135369047602860781e-02 3.879522739707299411e-02 1.849715171126601471e-02
4.389490360466668406e+00 4.313829189997019087e-02 6.169711742524595227e-02 3.903585710094548827e-02 1.861342214350091007e-02
4.374346004263054866e+00 4.340257144433420922e-02 6.204233147340320470e-02 3.927793479055317200e-02 1.873038984898353285e-02
4.359253898208321765e+00 4.366842582882135559e-02 6.238934101825975576e-02 3.952146854680780447e-02 1.884805752925008612e-02
4.344213862032131779e+00 4.393586352987235988e-02 6.273815446200095569e-02 3.976646648602229217e-02 1.896642793531312307e-02
4.329225716086123832e+00 4.420489305528041424e-02 6.308878020288363753e-02 4.001293675988895626e-02 1.908550386006910293e-02
4.314289281341731730e+00 4.447552294414739565e-02 6.344122662166812310e-02 4.026088755544443565e-02 1.920528813842560870e-02
4.299404379388074737e+00 4.474776176676437123e-02 6.379550207040611542e-02 4.051032709502505602e-02 1.932578365366081907e-02
4.284570832429815290e+00 4.502161812443773725e-02 6.415161493635695988e-02 4.076126363621979803e-02 1.944699334980933003e-02
4.269788463285022928e+00 4.529710064928139934e-02 6.450957359868629559e-02 4.101370547182615900e-02 1.956892024164214733e-02
4.255057095383083521e+00 4.557421800399726747e-02 6.486938643116435532e-02 4.126766092981387635e-02 1.969156741480699094e-02
4.240376552762564089e+00 4.585297888166990632e-02 6.523106180082235972e-02 4.152313837330388890e-02 1.981493801018911413e-02
4.225746660069130911e+00 4.613339200559841979e-02 6.559460806327017945e-02 4.178014620056629685e-02 1.993903521316148925e-02
4.211167242553450762e+00 4.641546612919435211e-02 6.596003356281826546e-02 4.203869284504475196e-02 2.006386231320385696e-02
4.196638126069085928e+00 4.669921003597261172e-02 6.632734663536955788e-02 4.229878677541222542e-02 2.018942267103165239e-02
4.182159137070445176e+00 4.698463253966364550e-02 6.669655561219220430e-02 4.256043649531117412e-02 2.031571972209256574e-02
4.167730102610678777e+00 4.727174248447885835e-02 6.706766882287898413e-02 4.282365054297233159e-02 2.044275697313328866e-02
4.153350850339640132e+00 4.756054874555788042e-02 6.744069459603142802e-02 4.308843749169389420e-02 2.057053800849245953e-02
4.139021208501803883e+00 4.785106022963210581e-02 6.781564125649153230e-02 4.335480594954695122e-02 2.069906649954297503e-02
4.124741005934233762e+00 4.814328587593486725e-02 6.819251711825582984e-02 4.362276455934900599e-02 2.082834620964583300e-02
4.110510072064530895e+00 4.843723465739367684e-02 6.857133047256459835e-02 4.389232199861590328e-02 2.095838098802907043e-02
4.096328236908783005e+00 4.873291557662839252e-02 6.895208957672635530e-02 4.416348697949232238e-02 2.108917474749006857e-02
4.082195331069560673e+00 4.903033765527685384e-02 6.933480271773609371e-02 4.443626824866490216e-02 2.122073146757573817e-02
4.068111185733866542e+00 4.932950995205678812e-02 6.971947817438656214e-02 4.471067458726494387e-02 2.135305523982988785e-02
4.054075632671144014e+00 4.963044155543941405e-02 7.010612421690154417e-02 4.498671481076328693e-02 2.148615023054602224e-02
4.040088504231241551e+00 4.993314158348050036e-02 7.049474910863434696e-02 4.526439776886471977e-02 2.162002068295055743e-02
4.026149633342436474e+00 5.023761918411884242e-02 7.088536110183861483e-02 4.554373234540463888e-02 2.175467091188131724e-02
4.012258853509425016e+00 5.054388353535520934e-02 7.127796843810835226e-02 4.582472745825472843e-02 2.189010530802507071e-02
3.998415998811325700e+00 5.085194384532297496e-02 7.167257935163448557e-02 4.610739205924187234e-02 2.202632834418778718e-02
3.984620903899722233e+00 5.116180935226304072e-02 7.206920207354729213e-02 4.639173513408460792e-02 2.216334457659046783e-02
3.970873403996657114e+00 5.147348932441988406e-02 7.246784483578155855e-02 4.667776570235390027e-02 2.230115863519156749e-02
3.957173334892697181e+00 5.178699305987216617e-02 7.286851587309720046e-02 4.696549281745217991e-02 2.243977519842942775e-02
3.943520532944936541e+00 5.210232988631802870e-02 7.327122342213321371e-02 4.725492556604553307e-02 2.257919899818049830e-02
3.929914835075074997e+00 5.241950916083104595e-02 7.367597571663794809e-02 4.754607306808576739e-02 2.271943485925655495e-02
3.916356078767453397e+00 5.273854026960848179e-02 7.408278097832622644e-02 4.783894447687488116e-02 2.286048766061759413e-02
3.902844102067101861e+00 5.305943262773212682e-02 7.449164740313937716e-02 4.813354897880268990e-02 2.300236233565810737e-02
3.889378743577836861e+00 5.338219567896249768e-02 7.490258319276379972e-02 4.842989579324007837e-02 2.314506386489349060e-02
3.875959842460295679e+00 5.370683889559149660e-02 7.531559658091330212e-02 4.872799417240968045e-02 2.328859727804317645e-02
3.862587238430049918e+00 5.403337177837475719e-02 7.573069578765724563e-02 4.902785340123592267e-02 2.343296765845490071e-02
3.849260771755659505e+00 5.436180385657101571e-02 7.614788903827779398e-02 4.932948279718091245e-02 2.357818014332719453e-02
3.835980283256792855e+00 5.469214468811132296e-02 7.656718455713736049e-02 4.963289171006814160e-02 2.372423991407989277e-02
3.822745614302312411e+00 5.502440385992690003e-02 7.698859056658936828e-02 4.993808952190003508e-02 2.387115217246642274e-02
3.809556606808368162e+00 5.535859098846130505e-02 7.741211528924749063e-02 5.024508564667280047e-02 2.401892213175610413e-02
3.796413103236535136e+00 5.569471572039428470e-02 7.783776695200035622e-02 5.055388953019203380e-02 2.416755506869525810e-02
3.783314946591906924e+00 5.603278773360731435e-02 7.826555379028923842e-02 5.086451064989513937e-02 2.431705627924202889e-02
3.770261980421239834e+00 5.637281673577769492e-02 7.869548405132011093e-02 5.117695851468252038e-02 2.446743107993299554e-02
3.757254048811076164e+00 5.671481245019725087e-02 7.912756599508011246e-02 5.149124266476363954e-02 2.461868479863370263e-02
3.744290996385871040e+00 5.705878463346339413e-02 7.956180789224555350e-02 5.180737267152134284e-02 2.477082277483277570e-02
3.731372668306160989e+00 5.740474307058955616e-02 7.999821801831664969e-02 5.212535813739292700e-02 2.492385036372091536e-02
3.718498910266686774e+00 5.775269757351744748e-02 8.043680464359105609e-02 5.244520869526527601e-02 2.507777293784872394e-02
3.705669568494576183e+00 5.810265798130632292e-02 8.087757602106566968e-02 5.276693400835157088e-02 2.523259588088821656e-02
3.692884489747483290e+00 5.845463416021135644e-02 8.132054044426341444e-02 5.309054377018681409e-02 2.538832456907188367e-02
3.680143521311779242e+00 5.880863600365852234e-02 8.176570622454382153e-02 5.341604770426428700e-02 2.554496434669779534e-02
3.667446511000718168e+00 5.916467343212909041e-02 8.221308167823933311e-02 5.374345556382933986e-02 2.570252057897516595e-02
3.654793307152609749e+00 5.952275639296503162e-02 8.266267513446529103e-02 5.407277713165088706e-02 2.586099862596362778e-02
3.642183758629030432e+00 5.988289486010767854e-02 8.311449493014395895e-02 5.440402221977305025e-02 2.602040383532037288e-02
3.629617714812994667e+00 6.024509883378591224e-02 8.356854940934144160e-02 5.473720066925256283e-02 2.618074153472931334e-02
3.617095025607177661e+00 6.060937834016630332e-02 8.402484692540386491e-02 5.507232234988272690e-02 2.634201702997733541e-02
3.604615541432096393e+00 6.097574343098421945e-02 8.448339584447316086e-02 5.540939715990998715e-02 2.650423560915871057e-02
3.592179113224352793e+00 6.134420418316983981e-02 8.494420454907018747e-02 5.574843502574404475e-02 2.666740254707894789e-02
3.579785592434834296e+00 6.171477069848937264e-02 8.540728144058272464e-02 5.608944590166688171e-02 2.683152310446925218e-02
3.567434831026936148e+00 6.208745310321892724e-02 8.587263493966187933e-02 5.643243976954349234e-02 2.699660251744270822e-02
3.555126681474811257e+00 6.246226154786949092e-02 8.634027348372270982e-02 5.677742663853665300e-02 2.716264597371220030e-02
3.542860996761586723e+00 6.283920620698553450e-02 8.681020552096653520e-02 5.712441654483148279e-02 2.732965862058718554e-02
3.530637630377630121e+00 6.321829727903477414e-02 8.728243950057092138e-02 5.747341955137043323e-02 2.749764560686944817e-02
3.518456436318774472e+00 6.359954498641365306e-02 8.775698385952052094e-02 5.782444574760495920e-02 2.766661204253418119e-02
3.506317269084599619e+00 6.398295957558759739e-02 8.823384707114491354e-02 5.817750524903932130e-02 2.783656300354014554e-02
3.494219983676678520e+00 6.436855131739056823e-02 8.871303763929667963e-02 5.853260819657821190e-02 2.800750352566529905e-02
3.482164435596842189e+00 6.475633050750637110e-02 8.919456407099095319e-02 5.888976475665505528e-02 2.817943860745096563e-02
3.470150480845473950e+00 6.514630746715388554e-02 8.967843488914241379e-02 5.924898512068832446e-02 2.835237321668011498e-02
3.458177975919759284e+00 6.553849254086711873e-02 9.016465862639660989e-02 5.961027950474387382e-02 2.852631229508834076e-02
3.446246777812005391e+00 6.593289608328714579e-02 9.065324382313499907e-02 5.997365814918243637e-02 2.870126075658241752e-02
3.434356744007900808e+00 6.632952847674518371e-02 9.114419902830618592e-02 6.033913131828956555e-02 2.887722347506776338e-02
3.422507732484839860e+00 6.672840012536229715e-02 9.163753280179777472e-02 6.070670929988764009e-02 2.905420526086053418e-02
3.410699601710212470e+00 6.712952145370523760e-02 9.213325371716446499e-02 6.107640240493503181e-02 2.923221090047101525e-02
3.398932210639708185e+00 6.753290290672599172e-02 9.263137036364221810e-02 6.144822096711411580e-02 2.941124516138139688e-02
3.387205418715650840e+00 6.793855494959924468e-02 9.313189134651719825e-02 6.182217534240987133e-02 2.959131277351799427e-02
3.375519085865296365e+00 6.834648806746911054e-02 9.363482528508416947e-02 6.219827590868399342e-02 2.977241842955071979e-02
3.363873072499178551e+00 6.875671276511126362e-02 9.414018080760075402e-02 6.257653306524446624e-02 2.995456678299172198e-02
3.352267239509437058e+00 6.916923956652254457e-02 9.464796654284812760e-02 6.295695723241552522e-02 3.013776245372080595e-02
3.340701448268142304e+00 6.958407901444819965e-02 9.515819110811610249e-02 6.333955885110977013e-02 3.032201003581976723e-02
3.329175560625663000e+00 7.000124166985710605e-02 9.567086311131210719e-02 6.372434838240409460e-02 3.050731410292627580e-02
3.317689438908991484e+00 7.042073811137972150e-02 9.618599121480521374e-02 6.411133630712451126e-02 3.069367920687144854e-02
3.306242945920122356e+00 7.084257893471856971e-02 9.670358406881046642e-02 6.450053312542261552e-02 3.088110986612650419e-02
3.294835944934392469e+00 7.126677475204823420e-02 9.722365033037222437e-02 6.489194935594176650e-02 3.106961054450341556e-02
3.283468299698864445e+00 7.169333619141574077e-02 9.774619865922994089e-02 6.528559553553837935e-02 3.125918569846202616e-02
3.272139874430694206e+00 7.212227389615899487e-02 9.827123771313317491e-02 6.568148221883883531e-02 3.144983977416384441e-02
3.260850533815499830e+00 7.255359852435742940e-02 9.879877614643887973e-02 6.607961997766183260e-02 3.164157719429316895e-02
3.249600143005760611e+00 7.298732074832983696e-02 9.932882261081990571e-02 6.648001940051395664e-02 3.183440235868286589e-02
3.238388567619192138e+00 7.342345125419864893e-02 9.986138575698766395e-02 6.688269109206729235e-02 3.202831964355990629e-02
3.227215673737154678e+00 7.386200074153416451e-02 1.003964742364131801e-01 6.728764567261814877e-02 3.222333340766155019e-02
3.216081327903037579e+00 7.430297992309943533e-02 1.009340967021458285e-01 6.769489377753197534e-02 3.241944800055362313e-02
3.204985397120683199e+00 7.474639952471089088e-02 1.014742618079464836e-01 6.810444605667309581e-02 3.261666776876235435e-02
3.193927748852786408e+00 7.519227028523466083e-02 1.020169782051003754e-01 6.851631317382400610e-02 3.281499705581132631e-02
3.182908251019309631e+00 7.564060295673721845e-02 1.025622545364265198e-01 6.893050580609491607e-02 3.301444019291562698e-02
3.171926771995918770e+00 7.609140830480705386e-02 1.031100994271712257e-01 6.934703464332445111e-02 3.321500147841814632e-02
3.160983180612390253e+00 7.654469710233548219e-02 1.036605214726601942e-01 6.976591038747616269e-02 3.341668521117639734e-02
3.150077346151070046e+00 7.700048012301299871e-02 1.042135292465520002e-01 7.018714375202927958e-02 3.361949570928874503e-02
3.139209138345285144e+00 7.745876815585119035e-02 1.047691313579055816e-01 7.061074546136933416e-02 3.382343728469944938e-02
3.128378427377808357e+00 7.791957199741586515e-02 1.053273363813605756e-01 7.103672625017691533e-02 3.402851424839106742e-02
3.117585083879302665e+00 7.838290245129195255e-02 1.058881528798894800e-01 7.146509686281941887e-02 3.423473090779410866e-02
3.106828978926763796e+00 7.884877032764991966e-02 1.064515893989642914e-01 7.189586805269063130e-02 3.444209157148021144e-02
3.096109984042000107e+00 7.931718644272443830e-02 1.070176544617158498e-01 7.232905058124858289e-02 3.465060055687171209e-02
3.085427971190077834e+00 7.978816161821487840e-02 1.075863565670727440e-01 7.276465521762845445e-02 3.486026219690541161e-02
3.074782812777808960e+00 8.026170668061188840e-02 1.081577041898507119e-01 7.320269273787825826e-02 3.507108084195666164e-02
3.064174381652221335e+00 8.073783246046059570e-02 1.087317057818315003e-01 7.364317392424073183e-02 3.528306085386630209e-02
3.053602551099028783e+00 8.121654979156824050e-02 1.093083697729380632e-01 7.408610956444718065e-02 3.549620658959708880e-02
3.043067194841138523e+00 8.169786951016404231e-02 1.098877045717026463e-01 7.453151045099239147e-02 3.571052239694003788e-02
3.032568187037119944e+00 8.218180245402377515e-02 1.104697185643347124e-01 7.497938738039465478e-02 3.592601267660742309e-02
3.022105402279724906e+00 8.266835946156589343e-02 1.110544201118030955e-01 7.542975115243887030e-02 3.614268183709411913e-02
3.011678715594366285e+00 8.315755137093328031e-02 1.116418175444865574e-01 7.588261256940728727e-02 3.636053430459879748e-02
3.001288002437645375e+00 8.364938901906825153e-02 1.122319191540781663e-01 7.633798243529590910e-02 3.657957451782119229e-02
2.990933138695855309e+00 8.414388324079519199e-02 1.128247331825882466e-01 7.679587155502044793e-02 3.679980692901408529e-02
2.980614000683491138e+00 8.464104486792169146e-02 1.134202678140799614e-01 7.725629073361195420e-02 3.702123600961290673e-02
2.970330465141789222e+00 8.514088472836915666e-02 1.140185312390628730e-01 7.771925077540241256e-02 3.724386625667366890e-02
2.960082409237238199e+00 8.564341364534885925e-02 1.146195316037761369e-01 7.818476248320406496e-02 3.746770219659996404e-02
2.949869710560128144e+00 8.614864243659216270e-02 1.152232770110371840e-01 7.865283665748051822e-02 3.769274838302614367e-02
2.939692247123069535e+00 8.665658191365309404e-02 1.158297755236291637e-01 7.912348409551431261e-02 3.791900938625195061e-02
2.929549897359554400e+00 8.716724288129211462e-02 1.164390351581753164e-01 7.959671559056870349e-02 3.814648977253898982e-02
2.919442540122496155e+00 8.768063613695883940e-02 1.170510638820967397e-01 8.007254193100162010e-02 3.837519413476089825e-02
2.909370054682775208e+00 8.819677247038650025e-02 1.176658696127449721e-01 8.055097389918192130e-02 3.860512711174268752e-02
2.899332320727814771e+00 8.871566266331123995e-02 1.182834602178454014e-01 8.103202227079558950e-02 3.883629335802230020e-02
2.889329218360121132e+00 8.923731748902802297e-02 1.189038435164476160e-01 8.151569781387198177e-02 3.906869754950986068e-02
2.879360628095877672e+00 8.976174770026798533e-02 1.195270272796394723e-01 8.200201128784700977e-02 3.930234437831141292e-02
2.869426430863489585e+00 9.028896403686322014e-02 1.201530192303719713e-01 8.249097344262772136e-02 3.953723855422563993e-02
2.859526508002185441e+00 9.081897722772389048e-02 1.207818270418226925e-01 8.298259501763853574e-02 3.977338480946616961e-02
2.849660741260589436e+00 9.135179798613855817e-02 1.214134583338372791e-01 8.347688674085253224e-02 4.001078790328287116e-02
2.839829012795302532e+00 9.188743700896492839e-02 1.220479206670923300e-01 8.397385932780747353e-02 4.024945262339423013e-02
2.830031205169512010e+00 9.242590497574353081e-02 1.226852215347443847e-01 8.447352348060578608e-02 4.048938378150276213e-02
2.820267201351567721e+00 9.296721254774256704e-02 1.233253683514605875e-01 8.497588988690248091e-02 4.073058620063962215e-02
2.810536884713605410e+00 9.351137036693513149e-02 1.239683684540174996e-01 8.548096921887760047e-02 4.097306469404129320e-02
2.800840139030133624e+00 9.405838905491896440e-02 1.246142291653228457e-01 8.598877213219802140e-02 4.121682410643055100e-02
2.791176848476662364e+00 9.460827921178051325e-02 1.252629577251949122e-01 8.649930926496531003e-02 4.146186931444247048e-02
2.781546897628313531e+00 9.516105141491333630e-02 1.259145613080404347e-01 8.701259123665341932e-02 4.170820520499906453e-02
2.771950171458430923e+00 9.571671621779635764e-02 1.265690470208380158e-01 8.752862864703574164e-02 4.195583667737401434e-02
2.762386555337228433e+00 9.627528414873766371e-02 1.272264218978819139e-01 8.804743207510073999e-02 4.220476863773791470e-02
2.752855935030398715e+00 9.683676570959519336e-02 1.278866928981788886e-01 8.856901207796019637e-02 4.245500599967944044e-02
2.743358196697764484e+00 9.740117137447759643e-02 1.285498669047179243e-01 8.909337918974670478e-02 4.270655368764655901e-02
2.733893226891916051e+00 9.796851158843737639e-02 1.292159507248788752e-01 8.962054392041243767e-02 4.295941664035146657e-02
2.724460912556842640e+00 9.853879676616299210e-02 1.298849510912860883e-01 9.015051675456058067e-02 4.321359981138101630e-02
2.715061141026604119e+00 9.911203729067759316e-02 1.305568746624710119e-01 9.068330815037169146e-02 4.346910816455334947e-02
2.705693800023964091e+00 9.968824351205690659e-02 1.312317280227791594e-01 9.121892853838740878e-02 4.372594666195794150e-02
2.696358777659066064e+00 1.002674257461706880e-01 1.319095176810208270e-01 9.175738832032313830e-02 4.398412024314127949e-02
2.687055962428082090e+00 1.008495942734625728e-01 1.325902500674605022e-01 9.229869786786780439e-02 4.424363385016530370e-02
2.677785243211893373e+00 1.014347593377729201e-01 1.332739315288161974e-01 9.284286752146678201e-02 4.450449245083399480e-02
2.668546509274758893e+00 1.020229311452184734e-01 1.339605683210479126e-01 9.338990758909150591e-02 4.476670100151677184e-02
2.659339650262983135e+00 1.026141198631376206e-01 1.346501665998111885e-01 9.393982834499450818e-02 4.503026445436731501e-02
2.650164556203616684e+00 1.032083356191097756e-01 1.353427324115548669e-01 9.449264002844881549e-02 4.529518775006882020e-02
2.641021117503122628e+00 1.038055885000633005e-01 1.360382717539180275e-01 9.504835284247513394e-02 4.556147581664540119e-02
2.631909224946086034e+00 1.044058885514779211e-01 1.367367905347627866e-01 9.560697695255275519e-02 4.582913357164716817e-02
2.622828769693891449e+00 1.050092457752298952e-01 1.374382945637009079e-01 9.616852248531888858e-02 4.609816592507452043e-02
2.613779643283438148e+00 1.056156701176432372e-01 1.381427895604989964e-01 9.673299952725199213e-02 4.636857778054143814e-02
2.604761737625839846e+00 1.062251714813317593e-01 1.388502811492769440e-01 9.730041812334311313e-02 4.664037403240445939e-02
2.595774945005123069e+00 1.068377597209817509e-01 1.395607748552883942e-01 9.787078827575365625e-02 4.691355955688307489e-02
2.586819158076961056e+00 1.074534446403874466e-01 1.402742761036138430e-01 9.844411994245849673e-02 4.718813919557533765e-02
2.577894269867369026e+00 1.080722359911563263e-01 1.409907902191316065e-01 9.902042303587822725e-02 4.746411774501969189e-02
2.569000173771446516e+00 1.086941434713550730e-01 1.417103224271550055e-01 9.959970742149595879e-02 4.774150001684909772e-02
2.560136763552087746e+00 1.093191767241051826e-01 1.424328778541786023e-01 1.001819829164638243e-01 4.802029079114596144e-02
2.551303933338724406e+00 1.099473453361269198e-01 1.431584615282148754e-01 1.007672592881922319e-01 4.830049482222111695e-02
2.542501577626057330e+00 1.105786588362392964e-01 1.438870783782688068e-01 1.013555462528978185e-01 4.858211683279324566e-02
2.533729591272789072e+00 1.112131266938192614e-01 1.446187332325542529e-01 1.019468534741882065e-01 4.886516151020435517e-02
2.524987869500382676e+00 1.118507583172223124e-01 1.453534308151246401e-01 1.025411905616152725e-01 4.914963350696241462e-02
2.516276307891792907e+00 1.124915630521739901e-01 1.460911757406711808e-01 1.031385670692034767e-01 4.943553744328194749e-02
2.507594802390235689e+00 1.131355501801316193e-01 1.468319725073095605e-01 1.037389924939653568e-01 4.972287790935964874e-02
2.498943249297935321e+00 1.137827289166257888e-01 1.475758254872707176e-01 1.043424762744075973e-01 5.001165946526604789e-02
2.490321545274883697e+00 1.144331084095853851e-01 1.483227389244664851e-01 1.049490277890259560e-01 5.030188663653793052e-02
2.481729587337617726e+00 1.150866977376498734e-01 1.490727169988356471e-01 1.055586563547870060e-01 5.059356390382608454e-02
2.473167272857972332e+00 1.157435059084784140e-01 1.498257637623695848e-01 1.061713712256003722e-01 5.088669568528606663e-02
2.464634499561874748e+00 1.164035418570570773e-01 1.505818831503945299e-01 1.067871815907762839e-01 5.118128634440319291e-02
2.456131165528100624e+00 1.170668144440149966e-01 1.513410789836943660e-01 1.074060965734730810e-01 5.147734023656676955e-02
2.447657169187077209e+00 1.177333324539506232e-01 1.521033549635127935e-01 1.080281252291296346e-01 5.177486165790058659e-02
2.439212409319659436e+00 1.184031045937788545e-01 1.528687146687279508e-01 1.086532765438859849e-01 5.207385485825309634e-02
2.430796785055916231e+00 1.190761394911033222e-01 1.536371615546427982e-01 1.092815594329907408e-01 5.237432403398641079e-02
2.422410195873941241e+00 1.197524456926192388e-01 1.544086989528556664e-01 1.099129827391928799e-01 5.267627332562555692e-02
2.414052541598632917e+00 1.204320316625572124e-01 1.551833300717120889e-01 1.105475552311219190e-01 5.297970681902542528e-02
2.405723722400517239e+00 1.211149057811702900e-01 1.559610579968598587e-01 1.111852856016510710e-01 5.328462854805096627e-02
2.397423638794538014e+00 1.218010763432759713e-01 1.567418856914827852e-01 1.118261824662481890e-01 5.359104249683060289e-02
2.389152191638880929e+00 1.224905515568552733e-01 1.575258159958185245e-01 1.124702543613091826e-01 5.389895259975251846e-02
2.380909282133786053e+00 1.231833395417201577e-01 1.583128516256272489e-01 1.131175097424776538e-01 5.420836273754576357e-02
2.372694811820360350e+00 1.238794483277310815e-01 1.591029951693231637e-01 1.137679569829495030e-01 5.451927672800414848e-02
2.364508682579415044e+00 1.245788858443026420e-01 1.598962490835381667e-01 1.144216043719843284e-01 5.483169831017766643e-02
2.356350796630279465e+00 1.252816599274845788e-01 1.606926156869554478e-01 1.150784601130871443e-01 5.514563114882170547e-02
2.348221056529646855e+00 1.259877783183762923e-01 1.614920971523020887e-01 1.157385323222011458e-01 5.546107888505585198e-02
2.340119365170395316e+00 1.266972486592164437e-01 1.622946954967554034e-01 1.164018290261121386e-01 5.577804508438645448e-02
2.332045625780443832e+00 1.274100784916755991e-01 1.631004126280561906e-01 1.170683581606944274e-01 5.609653325044354488e-02
2.323999741921586981e+00 1.281262752551171058e-01 1.639092503328732631e-01 1.177381275691562479e-01 5.641654681886024147e-02
2.315981617488338529e+00 1.288458462848262598e-01 1.647212102438091741e-01 1.184111450002817700e-01 5.673808915494515936e-02
2.307991156706799440e+00 1.295687988102085797e-01 1.655362938571950382e-01 1.190874181066678555e-01 5.706116355470674389e-02
2.300028264133493927e+00 1.302951399529635734e-01 1.663545025274982825e-01 1.197669544429584565e-01 5.738577324752899139e-02
2.292092844654248562e+00 1.310248767252310820e-01 1.671758374637892786e-01 1.204497614640711312e-01 5.771192139882724836e-02
2.284184803483039428e+00 1.317580160277180001e-01 1.680002997278114696e-01 1.211358465234201737e-01 5.803961111109497834e-02
2.276304046160873007e+00 1.324945646478034034e-01 1.688278902332023823e-01 1.218252168711302375e-01 5.836884542186648178e-02
2.268450478554652872e+00 1.332345292576285201e-01 1.696586097454446385e-01 1.225178796522442409e-01 5.869962729728451373e-02
2.260624006856048585e+00 1.339779164121729371e-01 1.704924588821430387e-01 1.232138419049228356e-01 5.903195962015680281e-02
2.252824537580390363e+00 1.347247325473182322e-01 1.713294381132504374e-01 1.239131105586331744e-01 5.936584517724970839e-02
2.245051977565534873e+00 1.354749839779069986e-01 1.721695477609073155e-01 1.246156924323304493e-01 5.970128671367112838e-02
2.237306233970767444e+00 1.362286768957941263e-01 1.730127879985791928e-01 1.253215942326262877e-01 6.003828690206871460e-02
2.229587214275686957e+00 1.369858173678994706e-01 1.738591588492306439e-01 1.260308225519476133e-01 6.037684833964669651e-02
2.221894826279094737e+00 1.377464113342621588e-01 1.747086601823054641e-01 1.267433838666834900e-01 6.071697354871458813e-02
2.214228978097906086e+00 1.385104646060993649e-01 1.755612917093272163e-01 1.274592845353173798e-01 6.105866497300989348e-02
2.206589578166040067e+00 1.392779828638769091e-01 1.764170529779899577e-01 1.281785307965487841e-01 6.140192497760761647e-02
2.198976535233337248e+00 1.400489716553897646e-01 1.772759433646434735e-01 1.289011287673974271e-01 6.174675585099635711e-02
2.191389758364457485e+00 1.408234363938626887e-01 1.781379620655901275e-01 1.296270844412956702e-01 6.209315980790978962e-02
2.183829156937805216e+00 1.416013823560682283e-01 1.790031081441946781e-01 1.303564036861622200e-01 6.244113899153309888e-02
2.176294640644442779e+00 1.423828146804709815e-01 1.798713805136876731e-01 1.310890922427999927e-01 6.279069547377837124e-02
2.168786119487005060e+00 1.431677383654005042e-01 1.807427779081707819e-01 1.318251557235028681e-01 6.314183125242070482e-02
2.161303503778637669e+00 1.439561582672541917e-01 1.816172988993746407e-01 1.325645996090830669e-01 6.349454824401774833e-02
2.153846704141911594e+00 1.447480790987398513e-01 1.824949418915196853e-01 1.333074292475702194e-01 6.384884827169842736e-02
2.146415631507769817e+00 1.455435054271551898e-01 1.833757051179207564e-01 1.340536498523078046e-01 6.420473306262886037e-02
2.139010197114447287e+00 1.463424416727155952e-01 1.842595866389715453e-01 1.348032665000248598e-01 6.456220430276231326e-02
2.131630312506426872e+00 1.471448921065292292e-01 1.851465843411420342e-01 1.355562841289152110e-01 6.492126358870824177e-02
2.124275889533374873e+00 1.479508608426819138e-01 1.860366959366513973e-01 1.363127075367279450e-01 6.528191243875755556e-02
2.116946840349081871e+00 1.487603518424668592e-01 1.869299189634881231e-01 1.370725413788659031e-01 6.564415228981368422e-02
2.109643077410428891e+00 1.495733689126232668e-01 1.878262507854698282e-01 1.378357901664897800e-01 6.600798449487112196e-02
2.102364513476324692e+00 1.503899157020554544e-01 1.887256885920681193e-01 1.386024582646311343e-01 6.637341032334161117e-02
2.095111061606680369e+00 1.512099956999298778e-01 1.896282293977346878e-01 1.393725498903074511e-01 6.674043096306774003e-02
2.087882635161354639e+00 1.520336122337728746e-01 1.905338700405086738e-01 1.401460691106444223e-01 6.710904752286990516e-02
2.080679147799131545e+00 1.528607684675632461e-01 1.914426071797007411e-01 1.409230198409985868e-01 6.747926103449210233e-02
2.073500513476685736e+00 1.536914673998262260e-01 1.923544372924924084e-01 1.417034058430836907e-01 6.785107245286607636e-02
2.066346646447546398e+00 1.545257118617268111e-01 1.932693566693171883e-01 1.424872307230982404e-01 6.822448265368244447e-02
2.059217461261089621e+00 1.553635045151621208e-01 1.941873614079218380e-01 1.432744979298511412e-01 6.859949242735206842e-02
2.052112872761498785e+00 1.562048478508581140e-01 1.951084474060534590e-01 1.440652107528891390e-01 6.897610246856052119e-02
2.045032796086764471e+00 1.570497441864661392e-01 1.960326103614791760e-01 1.448593723206190731e-01 6.935431336900679811e-02
2.037977146667655948e+00 1.578981956646660911e-01 1.969598458300391430e-01 1.456569855984302109e-01 6.973412567023502817e-02
2.030945840226724197e+00 1.587502042512715372e-01 1.978901491616330832e-01 1.464580533868093670e-01 7.011553982463061829e-02
2.023938792777288054e+00 1.596057717333427550e-01 1.988235155127993925e-01 1.472625783194530802e-01 7.049855619953537822e-02
2.016955920622427900e+00 1.604648997173067915e-01 1.997599398496984480e-01 1.480705628613733782e-01 7.088317507699738729e-02
2.009997140353997125e+00 1.613275896270843224e-01 2.006994169441334852e-01 1.488820093069943562e-01 7.126939665084108810e-02
2.003062368851610486e+00 1.621938427022282525e-01 2.016419413709294728e-01 1.496969197782435645e-01 7.165722102631091883e-02
1.996151523281667117e+00 1.630636599960711419e-01 2.025875075063733599e-01 1.505152962226311564e-01 7.204664822136862268e-02
1.989264521096351324e+00 1.639370423738862603e-01 2.035361095274426657e-01 1.513371404113203478e-01 7.243767816872080656e-02
1.982401280032646262e+00 1.648139905110622971e-01 2.044877414115549852e-01 1.521624539376647267e-01 7.283031071765944109e-02
1.975561718111359388e+00 1.656945048912915053e-01 2.054423969365834490e-01 1.529912382171168261e-01 7.322454563482268253e-02
1.968745753636130580e+00 1.665785858047765799e-01 2.064000696809093205e-01 1.538234944824869443e-01 7.362038260303044312e-02
1.961953305192471575e+00 1.674662333464528308e-01 2.073607530232855489e-01 1.546592237833645522e-01 7.401782121740109466e-02
1.955184291646778094e+00 1.683574474142326971e-01 2.083244401423207937e-01 1.554984269844922606e-01 7.441686097803694444e-02
1.948438632145373051e+00 1.692522277072679993e-01 2.092911240153963737e-01 1.563411047639244322e-01 7.481750127864790489e-02
1.941716246113536437e+00 1.701505737242370309e-01 2.102607974168664573e-01 1.571872576112175457e-01 7.521974142334943159e-02
1.935017053254536767e+00 1.710524847616556043e-01 2.112334529154031304e-01 1.580368858256490094e-01 7.562358065426595666e-02
1.928340973548684723e+00 1.719579599122115221e-01 2.122090828703729615e-01 1.588899895144608998e-01 7.602901811059964432e-02
1.921687927252363037e+00 1.728669980631296343e-01 2.131876794271652387e-01 1.597465685911332589e-01 7.643605284272506073e-02
1.915057834897087696e+00 1.737795978945625708e-01 2.141692345114011020e-01 1.606066227736785978e-01 7.684468380796387332e-02
1.908450617288545592e+00 1.746957578780152787e-01 2.151537398223917485e-01 1.614701515829638501e-01 7.725490986875455102e-02
1.901866195505659940e+00 1.756154762747988984e-01 2.161411868764905875e-01 1.623371543410515039e-01 7.766672979265384913e-02
1.895304490899643257e+00 1.765387511337516147e-01 2.171315669894397782e-01 1.632076301695645215e-01 7.808014225346067427e-02
1.888765425093051675e+00 1.774655802886392630e-01 2.181248712498765896e-01 1.640815779880714365e-01 7.849514583274382062e-02
1.882248919978861679e+00 1.783959613583286363e-01 2.191210905360264360e-01 1.649589965124885482e-01 7.891173902106084215e-02
1.875754897719522418e+00 1.793298917450216190e-01 2.201202155120679238e-01 1.658398842535032391e-01 7.932992021817669714e-02
1.869283280746040887e+00 1.802673686326501101e-01 2.211222366256898331e-01 1.667242395150107248e-01 7.974968773161228430e-02
1.862833991757041563e+00 1.812083889853133567e-01 2.221271441066226260e-01 1.676120603925700947e-01 8.017103977289999350e-02
1.856406953717854025e+00 1.821529495457455128e-01 2.231349279659196050e-01 1.685033447718712607e-01 8.059397445096450063e-02
1.850002089859587917e+00 1.831010468338200858e-01 2.241455779957861882e-01 1.693980903272178651e-01 8.101848976211348252e-02
1.843619323678212130e+00 1.840526771450878285e-01 2.251590837697583225e-01 1.702962945200222067e-01 8.144458360464258695e-02
1.837258578933650854e+00 1.850078365493453836e-01 2.261754346430423224e-01 1.711979545973089101e-01 8.187225380523212304e-02
1.830919779648861878e+00 1.859665208892413713e-01 2.271946197528493527e-01 1.721030675902322227e-01 8.230149807952116814e-02
1.824602850108937968e+00 1.869287257789108425e-01 2.282166280185582985e-01 1.730116303125982247e-01 8.273231404568386071e-02
1.818307714860200042e+00 1.878944466026452598e-01 2.292414481415671057e-01 1.739236393593972252e-01 8.316469922073070620e-02
1.812034298709288782e+00 1.888636785135945073e-01 2.302690686047002833e-01 1.748390911053425423e-01 8.359865101863876713e-02
1.805782526722280013e+00 1.898364164324981840e-01 2.312994776710541323e-01 1.757579817034121694e-01 8.403416674998712144e-02
1.799552324223775202e+00 1.908126550464527005e-01 2.323326633821863885e-01 1.766803070833982137e-01 8.447124362257153740e-02
1.793343616796023055e+00 1.917923888077050221e-01 2.333686135555591845e-01 1.776060629504553623e-01 8.490987874245842226e-02
1.787156330278016458e+00 1.927756119324816886e-01 2.344073157811769337e-01 1.785352447836551781e-01 8.535006911494635862e-02
1.780990390764620734e+00 1.937623183998449516e-01 2.354487574173599329e-01 1.794678478367311980e-01 8.579181164490352896e-02
1.774845724605682351e+00 1.947525019505812471e-01 2.364929255856292878e-01 1.804038671380199799e-01 8.623510313596920163e-02
1.768722258405148517e+00 1.957461560861198102e-01 2.375398071975668990e-01 1.813432974840282763e-01 8.667994028812540941e-02
1.762619919020196990e+00 1.967432740674784630e-01 2.385893889675084478e-01 1.822861334412891610e-01 8.712631969317123637e-02
1.756538633560354556e+00 1.977438489142427369e-01 2.396416573656172944e-01 1.832323693451877455e-01 8.757423782766944609e-02
1.750478329386634835e+00 1.987478734035693362e-01 2.406965986412960001e-01 1.841819992987547561e-01 8.802369104683178958e-02
1.744438934110660755e+00 1.997553400692228254e-01 2.417541988207286552e-01 1.851350171715148984e-01 8.847467562348386438e-02
1.738420375593809686e+00 2.007662412006367414e-01 2.428144437052730809e-01 1.860914165983819923e-01 8.892718772110308478e-02
1.732422581946347240e+00 2.017805688420050980e-01 2.438773188706688522e-01 1.870511909786052862e-01 8.938122339241050263e-02
1.726445481526564407e+00 2.027983147914016460e-01 2.449428096668925803e-01 1.880143334747637063e-01 8.983677858171588981e-02
1.720489002939932011e+00 2.038194705999241685e-01 2.460109012185029698e-01 1.889808370118041259e-01 9.029384912252044759e-02
1.714553075038235619e+00 2.048440275708692804e-01 2.470815784253317660e-01 1.899506942761288175e-01 9.075243073649202907e-02
1.708637626918738661e+00 2.058719767589300143e-01 2.481548259633761244e-01 1.909238977147233451e-01 9.121251903343603751e-02
1.702742587923322892e+00 2.069033089694241878e-01 2.492306282857694733e-01 1.919004395343311964e-01 9.167410951188578738e-02
1.696867887637654393e+00 2.079380147575446980e-01 2.503089696237055239e-01 1.928803117006670786e-01 9.213719755992610949e-02
1.691013455890338912e+00 2.089760844276380702e-01 2.513898339872106535e-01 1.938635059376731529e-01 9.260177845587072576e-02
1.685179222752079653e+00 2.100175080325092647e-01 2.524732051656656817e-01 1.948500137268148469e-01 9.306784736841471062e-02
1.679365118534849710e+00 2.110622753727480205e-01 2.535590667279848942e-01 1.958398263064129174e-01 9.353539935589079424e-02
1.673571073791051855e+00 2.121103759963772484e-01 2.546474020223823409e-01 1.968329346710162020e-01 9.400442936427451379e-02
1.667797019312696749e+00 2.131617992041674736e-01 2.557381941756517452e-01 1.978293295708066224e-01 9.447493222359087950e-02
1.662042886130568276e+00 2.142165340412778007e-01 2.568314260919115077e-01 1.988290015110431019e-01 9.494690264240146504e-02
1.656308605513406196e+00 2.152745692978405567e-01 2.579270804507650117e-01 1.998319407515354862e-01 9.542033520231539556e-02
1.650594108967084805e+00 2.163358935107238534e-01 2.590251397048472515e-01 2.008381373061535191e-01 9.589522439022880873e-02
1.644899328233786928e+00 2.174004949630830297e-01 2.601255860767348049e-01 2.018475809423673772e-01 9.637156457880603766e-02
1.639224195291200781e+00 2.184683616839755149e-01 2.612284015781666247e-01 2.028602611808158485e-01 9.684935002212717581e-02
1.633568642351694633e+00 2.195394814480448320e-01 2.623335680322588792e-01 2.038761672949073456e-01 9.732857485924978347e-02
1.627932601861518780e+00 2.206138417752655512e-01 2.634410670251403075e-01 2.048952883104450950e-01 9.780923311241282447e-02
1.622316006499993080e+00 2.216914299307534419e-01 2.645508799293347368e-01 2.059176130052817744e-01 9.829131868626196644e-02
1.616718789178698712e+00 2.227722329246382416e-01 2.656629879032173513e-01 2.069431299089994347e-01 9.877482536784040756e-02
1.611140883040687033e+00 2.238562375119941272e-01 2.667773718906189528e-01 2.079718273026115449e-01 9.925974682708835206e-02
1.605582221459670000e+00 2.249434301928342761e-01 2.678940126210817008e-01 2.090036932182920137e-01 9.974607661759664345e-02
1.600042738039234358e+00 2.260337972121594374e-01 2.690128906106346585e-01 2.100387154391222810e-01 1.002338081773553186e-01
1.594522366612038944e+00 2.271273245600675950e-01 2.701339861629789563e-01 2.110768814988632225e-01 1.007229348292470600e-01
1.589021041239032872e+00 2.282239979719157541e-01 2.712572793709669416e-01 2.121181786817433190e-01 1.012134497810318751e-01
1.583538696208664609e+00 2.293238029285385449e-01 2.723827501182800592e-01 2.131625940222675597e-01 1.017053461245813195e-01
1.578075266036092383e+00 2.304267246565199767e-01 2.735103780812101482e-01 2.142101143054214452e-01 1.021986168341228463e-01
1.572630685462411693e+00 2.315327481285141542e-01 2.746401427304555609e-01 2.152607260745411921e-01 1.026932547632620624e-01
1.567204889453864824e+00 2.326418580636198108e-01 2.757720233328637693e-01 2.163144156218208547e-01 1.031892526405651378e-01
1.561797813201075691e+00 2.337540389277996677e-01 2.769059989530419652e-01 2.173711689889317733e-01 1.036866030715417747e-01
1.556409392118263124e+00 2.348692749343510300e-01 2.780420484547839743e-01 2.184309719698806218e-01 1.041852985652729074e-01
1.551039561842480818e+00 2.359875500444178209e-01 2.791801505022531438e-01 2.194938101111613138e-01 1.046853315062471895e-01
1.545688258232843948e+00 2.371088479675497185e-01 2.803202835608828436e-01 2.205596687119754928e-01 1.051866941619608586e-01
1.540355417369757784e+00 2.382331521623035908e-01 2.814624258979550042e-01 2.216285328245177211e-01 1.056893786829847942e-01
1.535040975554164744e+00 2.393604458368832621e-01 2.826065555828248255e-01 2.227003872543215635e-01 1.061933771022696427e-01
1.529744869306772781e+00 2.404907119498224943e-01 2.837526504867771138e-01 2.237752165606719801e-01 1.066986813350933178e-01
1.524467035367307988e+00 2.416239332107015803e-01 2.849006882824913767e-01 2.248530050570744787e-01 1.072052831794815531e-01
1.519207410693746985e+00 2.427600920809040996e-01 2.860506464431157858e-01 2.259337368117884381e-01 1.077131743169437161e-01
1.513965932461575070e+00 2.438991707744040394e-01 2.872025022540109496e-01 2.270173956484150823e-01 1.082223463133610286e-01
1.508742538063030381e+00 2.450411512585883578e-01 2.883562328418025067e-01 2.281039651465456286e-01 1.087327906198749805e-01
1.503537165106353157e+00 2.461860152551105796e-01 2.895118151296343090e-01 2.291934286424655021e-01 1.092444985736224644e-01
1.498349751415048337e+00 2.473337442407708142e-01 2.906692258575679921e-01 2.302857692299111747e-01 1.097574613981676800e-01
1.493180235027133929e+00 2.484843194484279705e-01 2.918284415845924795e-01 2.313809697608845417e-01 1.102716702034891999e-01
1.488028554194409381e+00 2.496377218679328991e-01 2.929894386894817959e-01 2.324790128465159533e-01 1.107871159853760779e-01
1.482894647381713948e+00 2.507939322470889021e-01 2.941521933721670257e-01 2.335798808579813701e-01 1.113037896240979957e-01
1.477778453266187286e+00 2.519529310926348908e-01 2.953166816555202190e-01 2.346835559274697558e-01 1.118216818822135028e-01
1.472679910736547804e+00 2.531146986712459745e-01 2.964828793874595969e-01 2.357900199491964333e-01 1.123407834024085089e-01
1.467598958892350591e+00 2.542792150105568361e-01 2.976507622433013367e-01 2.368992545804684824e-01 1.128610847269671258e-01
1.462535537043270883e+00 2.554464599001983194e-01 2.988203057282741160e-01 2.380112412427922153e-01 1.133825762876182891e-01
1.457489584708369312e+00 2.566164128928535293e-01 2.999914851801386284e-01 2.391259611230304727e-01 1.139052484021911005e-01
1.452461041615377368e+00 2.577890533074051471e-01 3.011642757718432373e-01 2.402433951745995833e-01 1.144290912782443131e-01
1.447449847699974868e+00 2.589643602450966697e-01 3.023386525141706360e-01 2.413635241187122027e-01 1.149540950130112371e-01
1.442455943105068084e+00 2.601423125673381076e-01 3.035145902583255006e-01 2.424863284456619250e-01 1.154802495937776452e-01
1.437479268180083647e+00 2.613228889036716684e-01 3.046920636984226105e-01 2.436117884161450586e-01 1.160075448985856267e-01
1.432519763480245567e+00 2.625060676563631956e-01 3.058710473738496249e-01 2.447398840626265892e-01 1.165359706971671738e-01
1.427577369765876458e+00 2.636918270018689947e-01 3.070515156714705429e-01 2.458705951907389220e-01 1.170655166520127854e-01
1.422652028001678337e+00 2.648801448923771562e-01 3.082334428276580773e-01 2.470039013807224237e-01 1.175961723194937636e-01
1.417743679356037623e+00 2.660709990574118833e-01 3.094168029301345713e-01 2.481397819888971623e-01 1.181279271509558110e-01
1.412852265200317703e+00 2.672643670055068199e-01 3.106015699196195134e-01 2.492782161491718385e-01 1.186607704937131941e-01
1.407977727108155053e+00 2.684602260259427720e-01 3.117877175912797671e-01 2.504191827745859134e-01 1.191946915918728894e-01
1.403120006854770896e+00 2.696585531905451028e-01 3.129752195959829009e-01 2.515626605588808795e-01 1.197296795869225439e-01
1.398279046416264437e+00 2.708593253555473535e-01 3.141640494413697193e-01 2.527086279781065592e-01 1.202657235180226020e-01
1.393454787968930741e+00 2.720625191635087647e-01 3.153541804954459460e-01 2.538570632922522163e-01 1.208028123219391653e-01
1.388647173888559960e+00 2.732681110452948592e-01 3.165455860177082137e-01 2.550079445469107253e-01 1.213409348325634740e-01
1.383856146749757432e+00 2.744760772221089828e-01 3.177382391298967934e-01 2.561612495749653329e-01 1.218800797801161545e-01
1.379081649325253567e+00 2.756863937075812454e-01 3.189321128234399172e-01 2.573169559983055077e-01 1.224202358019287618e-01
1.374323624585218173e+00 2.768990363099095298e-01 3.201271799668141682e-01 2.584750412295673261e-01 1.229613914411543246e-01
1.369582015696586108e+00 2.781139806340481302e-01 3.213234133073448739e-01 2.596354824738939526e-01 1.235035351419433713e-01
1.364856766022369605e+00 2.793312020839490151e-01 3.225207854734304380e-01 2.607982567307235433e-01 1.240466552532792366e-01
1.360147819120991475e+00 2.805506758648451116e-01 3.237192689771011267e-01 2.619633407977468020e-01 1.245907400297067702e-01
1.355455118745600984e+00 2.817723769855824401e-01 3.249188362168490829e-01 2.631307112839771922e-01 1.251357776323086812e-01
1.350778608843409945e+00 2.829962802609912731e-01 3.261194594806524627e-01 2.643003445924583805e-01 1.256817561298534947e-01
1.346118233555021249e+00 2.842223603142999822e-01 3.273211109491451776e-01 2.654722169285130273e-01 1.262286635000575696e-01
1.341473937213755852e+00 2.854505915795880755e-01 3.285237626988722348e-01 2.666463043038361236e-01 1.267764876309107336e-01
1.336845664344997520e+00 2.866809483042719875e-01 3.297273867055859897e-01 2.678225825386508219e-01 1.273252163220223165e-01
1.332233359665521588e+00 2.879134045516306140e-01 3.309319548475482820e-01 2.690010272639173361e-01 1.278748372859608018e-01
1.327636968082839930e+00 2.891479342033581590e-01 3.321374389087980994e-01 2.701816139235845293e-01 1.284253381495582547e-01
1.323056434694542816e+00 2.903845109621503440e-01 3.333438105823655073e-01 2.713643177768910175e-01 1.289767064551664288e-01
1.318491704787637220e+00 2.916231083543185387e-01 3.345510414734077509e-01 2.725491139007112373e-01 1.295289296618519215e-01
1.313942723837902449e+00 2.928636997324270408e-01 3.357591031022496564e-01 2.737359771919419815e-01 1.300819951465229940e-01
1.309409437509229113e+00 2.941062582779587764e-01 3.369679669073279982e-01 2.749248823699368405e-01 1.306358902049894744e-01
1.304891791652980082e+00 2.953507570039969887e-01 3.381776042480258426e-01 2.761158039789766705e-01 1.311906020529521599e-01
1.300389732307333679e+00 2.965971687579319060e-01 3.393879864074091923e-01 2.773087163907858033e-01 1.317461178269294930e-01
1.295903205696647964e+00 2.978454662241800666e-01 3.405990845948630441e-01 2.785035938070826167e-01 1.323024245851543157e-01
1.291432158230813476e+00 2.990956219269207406e-01 3.418108699486469559e-01 2.797004102621712396e-01 1.328595093122191262e-01
1.286976536504611746e+00 3.003476082328465080e-01 3.430233135383828347e-01 2.808991396255700601e-01 1.334173589202043708e-01
1.282536287297084021e+00 3.016013973539194981e-01 3.442363863674931523e-01 2.820997556046730970e-01 1.339759602475213141e-01
1.278111357570886453e+00 3.028569613501422841e-01 3.454500593756226756e-01 2.833022317474500618e-01 1.345353000611854422e-01
1.273701694471666590e+00 3.041142721323282783e-01 3.466643034476590279e-01 2.845065414451753982e-01 1.350953650581820098e-01
1.269307245327421674e+00 3.053733014648816191e-01 3.478790894312657755e-01 2.857126579351939588e-01 1.356561418669524899e-01
1.264927957647878465e+00 3.066340209685735618e-01 3.490943881122810510e-01 2.869205543037132156e-01 1.362176170489429738e-01
1.260563779123862638e+00 3.078964021233212001e-01 3.503101702301651965e-01 2.881302034886287222e-01 1.367797771001768026e-01
1.256214657626670395e+00 3.091604162709626902e-01 3.515264064814120348e-01 2.893415782823776650e-01 1.373426084528203694e-01
1.251880541207453401e+00 3.104260346180242602e-01 3.527430675220239453e-01 2.905546513348173931e-01 1.379060974767236381e-01
1.247561378096590179e+00 3.116932282384837771e-01 3.539601239703066837e-01 2.917693951561345367e-01 1.384702304809313500e-01
1.243257116703075926e+00 3.129619680765196588e-01 3.551775464099103385e-01 2.929857821197744405e-01 1.390349937151637016e-01
1.238967705613897241e+00 3.142322249575338344e-01 3.563953053930647985e-01 2.942037844653997425e-01 1.396003733712820327e-01
1.234693093593426827e+00 3.155039696024656282e-01 3.576133714439488909e-01 2.954233743018669922e-01 1.401663555847554310e-01
1.230433229582806876e+00 3.167771725989886322e-01 3.588317150621512797e-01 2.966445236102278615e-01 1.407329264361580345e-01
1.226188062699336889e+00 3.180518044191871230e-01 3.600503067261795476e-01 2.978672042467512271e-01 1.413000719527285343e-01
1.221957542235872829e+00 3.193278354236449013e-01 3.612691168969777711e-01 2.990913879459611291e-01 1.418677781100284030e-01
1.217741617660213604e+00 3.206052358645715694e-01 3.624881160214303288e-01 3.003170463236976562e-01 1.424360308337452585e-01
1.213540238614503775e+00 3.218839758889531777e-01 3.637072745358184145e-01 3.015441508801904313e-01 1.430048160016823555e-01
1.209353354914630030e+00 3.231640255417340124e-01 3.649265628692181518e-01 3.027726730031504720e-01 1.435741194459734249e-01
1.205180916549618120e+00 3.244453547690250295e-01 3.661459514468220489e-01 3.040025839708771493e-01 1.441439269523462352e-01
1.201022873681042435e+00 3.257279334213323829e-01 3.673654106931747987e-01 3.052338549553754721e-01 1.447142242623131736e-01
1.196879176642423381e+00 3.270117312568163737e-01 3.685849110353263680e-01 3.064664570254899689e-01 1.452849970766044163e-01
1.192749775938641621e+00 3.282967179445646644e-01 3.698044229058941035e-01 3.077003611500453428e-01 1.458562310553836172e-01
1.188634622245338113e+00 3.295828630678920290e-01 3.710239167460530063e-01 3.089355382010015583e-01 1.464279118199575958e-01
1.184533666408333907e+00 3.308701361276544795e-01 3.722433630084525102e-01 3.101719589566133140e-01 1.470000249545452831e-01
1.180446859443037733e+00 3.321585065455819330e-01 3.734627321600859085e-01 3.114095941046001181e-01 1.475725560080608512e-01
1.176374152533860018e+00 3.334479436676287545e-01 3.746819946851285277e-01 3.126484142453231363e-01 1.481454904958736107e-01
1.172315497033635356e+00 3.347384167673326250e-01 3.759011210877655218e-01 3.138883898949637596e-01 1.487188139015200583e-01
1.168270844463033642e+00 3.360298950491935055e-01 3.771200818950465883e-01 3.151294914887113885e-01 1.492925116783596906e-01
1.164240146509989637e+00 3.373223476520558761e-01 3.783388476597887018e-01 3.163716893839489952e-01 1.498665692511698955e-01
1.160223355029117442e+00 3.386157436525069619e-01 3.795573889654909050e-01 3.176149538634454039e-01 1.504409720176936582e-01
1.156220422041142060e+00 3.399100520682780124e-01 3.807756764440707320e-01 3.188592551385437956e-01 1.510157053501560986e-01
1.152231299732324077e+00 3.412052418616539629e-01 3.819936807567999026e-01 3.201045633523523781e-01 1.515907545967815351e-01
1.148255940453885460e+00 3.425012819428892019e-01 3.832113726046009194e-01 3.213508485829336125e-01 1.521661050833469364e-01
1.144294296721446669e+00 3.437981411736220627e-01 3.844287227334300949e-01 3.225980808464876115e-01 1.527417421148156984e-01
1.140346321214451786e+00 3.450957883702968076e-01 3.856457019365001071e-01 3.238462301005355926e-01 1.533176509771062568e-01
1.136411966775612070e+00 3.463941923075796181e-01 3.868622810567793890e-01 3.250952662470936172e-01 1.538938169390502986e-01
1.132491186410333306e+00 3.476933217217789696e-01 3.880784309897247208e-01 3.263451591376295702e-01 1.544702252546079346e-01
1.128583933286162466e+00 3.489931453142572360e-01 3.892941226861824644e-01 3.275958785861973754e-01 1.550468611654044482e-01
1.124690160732225719e+00 3.502936317548415723e-01 3.905093271554215817e-01 3.288473943559416246e-01 1.556237099036642257e-01
1.120809822238665987e+00 3.515947496852287468e-01 3.917240154682503084e-01 3.300996761667935320e-01 1.562007566903811373e-01
1.116942871456096942e+00 3.528964677223778712e-01 3.929381587601774029e-01 3.313526937004747097e-01 1.567779867316084486e-01
1.113089262195039453e+00 3.541987544619000783e-01 3.941517282345911588e-01 3.326064166037991376e-01 1.573553852304367118e-01
1.109248948425378467e+00 3.555015784814310464e-01 3.953646951659170461e-01 3.338608144919661402e-01 1.579329373842969508e-01
1.105421884275805677e+00 3.568049083439970293e-01 3.965770309027413787e-01 3.351158569518545294e-01 1.585106283865631849e-01
1.101608024033278177e+00 3.581087126013614563e-01 3.977887068708692575e-01 3.363715135453073657e-01 1.590884434283184601e-01
1.097807322142469122e+00 3.594129597973596546e-01 3.989996945763108482e-01 3.376277538124143884e-01 1.596663677001407544e-01
1.094019733205221279e+00 3.607176184712165279e-01 4.002099656081800072e-01 3.388845472747887277e-01 1.602443863938682322e-01
1.090245211980011009e+00 3.620226571608421984e-01 4.014194916414964287e-01 3.401418634388332363e-01 1.608224847043152883e-01
1.086483713381400706e+00 3.633280444061121606e-01 4.026282444398964211e-01 3.413996717990045449e-01 1.614006478309263914e-01
1.082735192479506559e+00 3.646337487521216225e-01 4.038361958582420974e-01 3.426579418410641842e-01 1.619788609793559320e-01
1.078999604499459197e+00 3.659397387524191414e-01 4.050433178451456340e-01 3.439166430453242107e-01 1.625571093629814001e-01
1.075276904820866131e+00 3.672459829722159452e-01 4.062495824454119275e-01 3.451757448898833402e-01 1.631353782043602207e-01
1.071567048977284831e+00 3.685524499915655561e-01 4.074549618024105313e-01 3.464352168538497034e-01 1.637136527366505889e-01
1.067869992655684497e+00 3.698591084085206537e-01 4.086594281604021273e-01 3.476950284205580499e-01 1.642919182050291693e-01
1.064185691695924918e+00 3.711659268422554114e-01 4.098629538668291938e-01 3.489551490807699663e-01 1.648701598681397706e-01
1.060514102090220012e+00 3.724728739361624075e-01 4.110655113746061740e-01 3.502155483358672106e-01 1.654483629996222060e-01
1.056855179982620019e+00 3.737799183609117337e-01 4.122670732444251862e-01 3.514761957010278937e-01 1.660265128897699671e-01
1.053208881668483921e+00 3.750870288174806833e-01 4.134676121471173027e-01 3.527370607083917253e-01 1.666045948473791061e-01
1.049575163593955418e+00 3.763941740401467451e-01 4.146671008680763437e-01 3.539981129102116042e-01 1.671825942018520805e-01
1.045953982355448675e+00 3.777013227994421296e-01 4.158655123240548868e-01 3.552593218819872778e-01 1.677604963056264498e-01
1.042345294699122737e+00 3.790084439094103530e-01 4.170628195453197073e-01 3.565206572255880113e-01 1.683382865370071091e-01
1.038749057520371499e+00 3.803155062419545374e-01 4.182589956817460153e-01 3.577820885723542177e-01 1.689159503027652665e-01
1.035165227863303228e+00 3.816224787061204271e-01 4.194540140075605494e-01 3.590435855861874304e-01 1.694934730272422418e-01
1.031593762920232082e+00 3.829293302598253956e-01 4.206478479236751555e-01 3.603051179666179049e-01 1.700708401624444477e-01
1.028034620031164525e+00 3.842360299141596713e-01 4.218404709600134805e-01 3.615666554518571219e-01 1.706480371921362260e-01
1.024487756683287731e+00 3.855425467364272385e-01 4.230318567778201810e-01 3.628281678218319151e-01 1.712250496308101444e-01
1.020953130510467544e+00 3.868488498531639230e-01 4.242219791719336608e-01 3.640896249011955632e-01 1.718018630251533507e-01
1.017430699292734886e+00 3.881549084531346616e-01 4.254108120730243914e-01 3.653509965623233380e-01 1.723784629554972192e-01
1.013920420955789492e+00 3.894606917903038479e-01 4.265983295497830508e-01 3.666122527282827392e-01 1.729548350372447085e-01
1.010422253570489870e+00 3.907661691867853615e-01 4.277845058110616994e-01 3.678733633757865773e-01 1.735309649222833428e-01
1.006936155352358364e+00 3.920713100357635095e-01 4.289693152079585570e-01 3.691342985381196873e-01 1.741068383003874787e-01
1.003462084661079334e+00 3.933760838043907637e-01 4.301527322358516536e-01 3.703950283080454930e-01 1.746824409006270951e-01
1.000000000000000000e+00 3.946804600366601856e-01 4.313347315363818546e-01 3.716555228406895894e-01 1.752577584927976218e-01
