# Evolution of |delta_b| for k = 10000 /Mpc (Fig. 5, arXiv:2604.22665)
# z+1, then |delta_b| for cases: costheta = 0.2   early subsonic; costheta = 0.47  late subsonic; v_{rm DM} = 0  no relative drift; costheta = 1   supersonic
1.000999999999999773e+03 9.200577853829183922e-06 9.200577853829183922e-06 9.200577853829183922e-06 9.200577853829183922e-06
9.975464098756544900e+02 9.229634856584434868e-06 9.228609759495046258e-06 9.229862619472220401e-06 9.224286570719970508e-06
9.941047351206877920e+02 9.218112158850495772e-06 9.202372012875316106e-06 9.221657472209242594e-06 9.139857031703144948e-06
9.906749346254053989e+02 9.159731628899303040e-06 9.085206874226388202e-06 9.176862046763811044e-06 8.815334500988847766e-06
9.872569674219508897e+02 9.046714201319236006e-06 8.831660065471751562e-06 9.097346680928564155e-06 8.139539737570869923e-06
9.838507926838095727e+02 8.872896713316338467e-06 8.404496915988608248e-06 8.985901023481348304e-06 7.091266720249882088e-06
9.804563697253269083e+02 8.637663301325605473e-06 7.792103430960318794e-06 8.846158482371421468e-06 5.755152630906921438e-06
9.770736580012161312e+02 8.350518400706008492e-06 7.026976120439638477e-06 8.682498208772802947e-06 4.291452251564052815e-06
9.737026171060803108e+02 8.036107945441517978e-06 6.209576530806344032e-06 8.499927742085368825e-06 2.882967295648453506e-06
9.703432067739265676e+02 7.738966422170277654e-06 5.537226270200058920e-06 8.303949085524751618e-06 1.722711312030740090e-06
9.669953868776829040e+02 7.525593260700056748e-06 5.292923952469170100e-06 8.100411926781024349e-06 1.279848432860099640e-06
9.636591174287244712e+02 7.478650986805153884e-06 5.681585173565801335e-06 7.895357970162343646e-06 2.021745766704100639e-06
9.603343585763897181e+02 7.677771367709015278e-06 6.628926503964070316e-06 7.694860436647412544e-06 3.311697632186542358e-06
9.570210706075105236e+02 8.171136420650053716e-06 7.877340558530439884e-06 7.504863039401521777e-06 4.773987939796245623e-06
9.537192139459317559e+02 8.956937674382521594e-06 9.180874776346097273e-06 7.331022705174012200e-06 6.205416666982266011e-06
9.504287491520435651e+02 9.989080562345291502e-06 1.036077995903838395e-05 7.178560173120984706e-06 7.423858195642306199e-06
9.471496369223089005e+02 1.119782107039519778e-05 1.129456235285384230e-05 7.052122467673575922e-06 8.300282281925190753e-06
9.438818380887903459e+02 1.250798902967070128e-05 1.190246663432527490e-05 6.955660810643467308e-06 8.800378930217360582e-06
9.406253136186887787e+02 1.384856238647653861e-05 1.214035736710975841e-05 6.892327203575133421e-06 8.994413236745349993e-06
9.373800246138708872e+02 1.515616863764593493e-05 1.199598924187588569e-05 6.864392413524532125e-06 9.018005674523272319e-06
9.341459323104095347e+02 1.637610110416302630e-05 1.148603375355834014e-05 6.873187429319487841e-06 8.987375142797862215e-06
9.309229980781180984e+02 1.746281391689434820e-05 1.065253245119526667e-05 6.919069956256638518e-06 8.916609758728466471e-06
9.277111834200876501e+02 1.838060646068189198e-05 9.558258900560934884e-06 7.001416757281349734e-06 8.707850498496739816e-06
9.245104499722318678e+02 1.910464630761142180e-05 8.280943733185989718e-06 7.118641978517924581e-06 8.224005045031505324e-06
9.213207595028231935e+02 1.962229103000352875e-05 6.906675467056446624e-06 7.268240984947626311e-06 7.378359298578516624e-06
9.181420739120416101e+02 1.993461511720953414e-05 5.523308704582665006e-06 7.446858429676671420e-06 6.184144047724294501e-06
9.149743552315135275e+02 2.005800475482012371e-05 4.216065664709943339e-06 7.650378678363962858e-06 4.754479088069579861e-06
9.118175656238645388e+02 2.002557885669909411e-05 3.071833950280808873e-06 7.874036336221957368e-06 3.269722834767283355e-06
9.086716673822638768e+02 1.988796659049763200e-05 2.210236188165193884e-06 8.112543629598812077e-06 1.954285069308242084e-06
9.055366229299723955e+02 1.971258365476731883e-05 1.842731479404359449e-06 8.360231461547266827e-06 1.235041098329861138e-06
9.024123948198993048e+02 1.958008688547738832e-05 2.117446389115735063e-06 8.611200288022869057e-06 1.694739024951611606e-06
8.992989457341482193e+02 1.957655682263087794e-05 2.847630582001171271e-06 8.859476789826886293e-06 2.777767686395886889e-06
8.961962384835780995e+02 1.978095406687423036e-05 3.828222537175490776e-06 9.099172215372444369e-06 4.094562553221514093e-06
8.931042360073520285e+02 2.025003997395550582e-05 4.969454120816264511e-06 9.324638170969491699e-06 5.511399705845948283e-06
8.900229013725008826e+02 2.100598768016211651e-05 6.214757764619654451e-06 9.530615747105874370e-06 6.868408815763617634e-06
8.869521977734793836e+02 2.203216489973857333e-05 7.501324571197779603e-06 9.712374063333223612e-06 7.990566327594103536e-06
8.838920885317244256e+02 2.327857508968365124e-05 8.754334069129963657e-06 9.865834527244956044e-06 8.746233608771941941e-06
8.808425370952217008e+02 2.467344760298877422e-05 9.892193237118534482e-06 9.987677614043937721e-06 9.092987814998578221e-06
8.778035070380634579e+02 2.613577510862401981e-05 1.083444369044529863e-05 1.007542936135807663e-05 9.092587165345236984e-06
8.747749620600200160e+02 2.758541565282120417e-05 1.150964680973021414e-05 1.012752523742651749e-05 8.883660924680067809e-06
8.717568659860988873e+02 2.894994899258272506e-05 1.186240444553642602e-05 1.014334988331952427e-05 8.609361589364524441e-06
8.687491827661190200e+02 3.016893936818710087e-05 1.185929506398347099e-05 1.012325165398544912e-05 8.328877064836976777e-06
8.657518764742776511e+02 3.119656624900457852e-05 1.149382755210248078e-05 1.006853153335870847e-05 7.979976004099987609e-06
8.627649113087181831e+02 3.200335417463917961e-05 1.079089688862349082e-05 9.981406942059453070e-06 7.430997432647791830e-06
8.597882515911092014e+02 3.257740595460713225e-05 9.811870539336305951e-06 9.864951380476622705e-06 6.574844974161943397e-06
8.568218617662108727e+02 3.292527074120379628e-05 8.662391824737153555e-06 9.723011384126105969e-06 5.396070278365918088e-06
8.538657064014574871e+02 3.307236197127398354e-05 7.505016701667006738e-06 9.560103349026251597e-06 3.992004446176861637e-06
8.509197501865271533e+02 3.306264366342550671e-05 6.569777379959497296e-06 9.381292762351864340e-06 2.580216232722958180e-06
8.479839579329262733e+02 3.295709699586417028e-05 6.116530304172968822e-06 9.192059086652509790e-06 1.616491516747895402e-06
8.450582945735659450e+02 3.283030503108340213e-05 6.279967421475418728e-06 8.998150042821640094e-06 1.793724256494777968e-06
8.421427251623418897e+02 3.276448528046229899e-05 6.934369829226996972e-06 8.805429024864692573e-06 2.657566613587850278e-06
8.392372148737214275e+02 3.284069362744546262e-05 7.809636999740933398e-06 8.619719755574991812e-06 3.656589485287396730e-06
8.363417290023219266e+02 3.312791511007021653e-05 8.667860007427485598e-06 8.446652313037421149e-06 4.748574230345769498e-06
8.334562329625014172e+02 3.367214236536247179e-05 9.353803517661224485e-06 8.291514559773380174e-06 5.946681553287766379e-06
8.305806922879434069e+02 3.448849621426989544e-05 9.781684220257424133e-06 8.159112934305130977e-06 7.169777182304998748e-06
8.277150726312424922e+02 3.555896238347289510e-05 9.917340021184465267e-06 8.053646233136756602e-06 8.257054294123940941e-06
8.248593397634999747e+02 3.683631284308577151e-05 9.766393385211122362e-06 7.978595721314802526e-06 9.038555149334648309e-06
8.220134595739083352e+02 3.825251060916841041e-05 9.366062514776559979e-06 7.936634440255011078e-06 9.400169039186516060e-06
8.191773980693503745e+02 3.972881776286141101e-05 8.777773234265096904e-06 7.929558046871009830e-06 9.322354041145270738e-06
8.163511213739865298e+02 4.118524875377431275e-05 8.078487647055016067e-06 7.958239030771359671e-06 8.887169972944773067e-06
8.135345957288562886e+02 4.254816093516658741e-05 7.349012910055297588e-06 8.022605401703463050e-06 8.249207985722560818e-06
8.107277874914719860e+02 4.375578042656286221e-05 6.658292338061235616e-06 8.121644385211940193e-06 7.568626323627759550e-06
8.079306631354152159e+02 4.476197979443316880e-05 6.045674277484914671e-06 8.253431040409942330e-06 6.926090389229489420e-06
8.051431892499412015e+02 4.553873607717203684e-05 5.508942338368698142e-06 8.415180895621305617e-06 6.278856482041772740e-06
8.023653325395741831e+02 4.607758796187853134e-05 5.008923577439410935e-06 8.603325158987643233e-06 5.508263798148456525e-06
7.995970598237149716e+02 4.639023143068899270e-05 4.494400621960837052e-06 8.813606663306303119e-06 4.524281168307801092e-06
7.968383380362397475e+02 4.650820611560454684e-05 3.941376480820090830e-06 9.041193656682338194e-06 3.362515473660107287e-06
7.940891342251092055e+02 4.648144885912419672e-05 3.405376823838785739e-06 9.280808625389655897e-06 2.308870921699569918e-06
7.913494155519732658e+02 4.637536171608690167e-05 3.088383402721442608e-06 9.526868683159438926e-06 2.093451984257513520e-06
7.886191492917768073e+02 4.626600930096681693e-05 3.305862790097604341e-06 9.773633674961693126e-06 2.906552274261857834e-06
7.858983028323731332e+02 4.623322734575917124e-05 4.164333824287972536e-06 1.001535819515658837e-05 3.970152561800042826e-06
7.831868436741299320e+02 4.635189802824102751e-05 5.464457710953387312e-06 1.024644342828071206e-05 4.912109512010845132e-06
7.804847394295442200e+02 4.668239893941262376e-05 6.973946175054443623e-06 1.046158480598037856e-05 5.695095284808967447e-06
7.777919578228555793e+02 4.726200422660276036e-05 8.521825839398878519e-06 1.065591162095952752e-05 6.416827770775644016e-06
7.751084666896566659e+02 4.809931196243260638e-05 9.978338699589887846e-06 1.082511485863019614e-05 7.181974523035098535e-06
7.724342339765146335e+02 4.917318768350083268e-05 1.123845178545216987e-05 1.096555996569323212e-05 7.997599204584643698e-06
7.697692277405831192e+02 5.043640198246152138e-05 1.221726349520874718e-05 1.107438159119164972e-05 8.750510553827577412e-06
7.671134161492252588e+02 5.182278120646420901e-05 1.285070945827740144e-05 1.114955775345422428e-05 9.268888188069628043e-06
7.644667674796293113e+02 5.325598745379471407e-05 1.309792022896847936e-05 1.118996164676637382e-05 9.403527104480231160e-06
7.618292501184325829e+02 5.465818516281540957e-05 1.294371064968935801e-05 1.119538969853069505e-05 9.083292263133496965e-06
7.592008325613438728e+02 5.595748815276850558e-05 1.240071134022054596e-05 1.116656512109375972e-05 8.336616357801138037e-06
7.565814834127639870e+02 5.709375526058964117e-05 1.151130806151096810e-05 1.110511705916964708e-05 7.282953735043855951e-06
7.539711713854151185e+02 5.802275550507911224e-05 1.035023978485216504e-05 1.101353582627789354e-05 6.097050895858511828e-06
7.513698652999629530e+02 5.871890274451809801e-05 9.029590129684364502e-06 1.089510547203424685e-05 4.947621341570214199e-06
7.487775340846483232e+02 5.917675606208769659e-05 7.708213694171554738e-06 1.075381555850894246e-05 3.923447035503535717e-06
7.461941467749117010e+02 5.941138730149667096e-05 6.601422032961434382e-06 1.059425448896610335e-05 2.999199355840113011e-06
7.436196725130274672e+02 5.945758087463936717e-05 5.955228603080486617e-06 1.042148720810010093e-05 2.127028190860489449e-06
7.410540805477336335e+02 5.936771433856208015e-05 5.914583328973203337e-06 1.024092061438859425e-05 1.562966815509081108e-06
7.384973402338619053e+02 5.920810351324770312e-05 6.375149913829872340e-06 1.005816019290647361e-05 2.059274838375521380e-06
7.359494210319776357e+02 5.905363436528010524e-05 7.069360040410780824e-06 9.878861704123862025e-06 3.339711154490595120e-06
7.334102925080078421e+02 5.898072077961654194e-05 7.753775827052690394e-06 9.708581847150449571e-06 4.773721691900760823e-06
7.308799243328847979e+02 5.905904421946448011e-05 8.273495596246904362e-06 9.552631841850557892e-06 6.060803665198887269e-06
7.283582862821772324e+02 5.934308134707639096e-05 8.549502417120440282e-06 9.415937788201864247e-06 7.039071906491338003e-06
7.258453482357344910e+02 5.986489566122814185e-05 8.558432441493596089e-06 9.302911455948167891e-06 7.650818790062912796e-06
7.233410801773246703e+02 6.062973416767435244e-05 8.319523274826890575e-06 9.217334938590365166e-06 7.943946242564091021e-06
7.208454521942741167e+02 6.161545575148802054e-05 7.886432792688013465e-06 9.162262128546761652e-06 8.051267381009920919e-06
7.183584344771145425e+02 6.277586621565222019e-05 7.340107731441767091e-06 9.139939590772296033e-06 8.127017078926221825e-06
7.158799973192220705e+02 6.404706392392807294e-05 6.778517974491454195e-06 9.151748947569981785e-06 8.253586631869363647e-06
7.134101111164675331e+02 6.535535890514578342e-05 6.297976145284184488e-06 9.198172134922437735e-06 8.383183539397931158e-06
7.109487463668572218e+02 6.662534940169471747e-05 5.963512218513159467e-06 9.278780475290371793e-06 8.369709953539798523e-06
7.084958736701855742e+02 6.778713603374762764e-05 5.779523596021252839e-06 9.392247807278985479e-06 8.056904379671087050e-06
7.060514637276820622e+02 6.878215264556099273e-05 5.685696606914705177e-06 9.536387249500498736e-06 7.352395895364370855e-06
7.036154873416586497e+02 6.956747716646517407e-05 5.586880637191851048e-06 9.708210491562244070e-06 6.259955973775481166e-06
7.011879154151661169e+02 7.011868651863426721e-05 5.394444805375803295e-06 9.904008287106190459e-06 4.877555411724273983e-06
6.987687189516416311e+02 7.043137373327443436e-05 5.058026423064274902e-06 1.011944958881651937e-05 3.377362524787230786e-06
6.963578690545665495e+02 7.052139970326822980e-05 4.590071820723556036e-06 1.034969692921407526e-05 1.999386148074747708e-06
6.939553369271169458e+02 7.042386619537597799e-05 4.098897848255999269e-06 1.058953500520330298e-05 1.198080771017386446e-06
6.915610938718240277e+02 7.019072518247810395e-05 3.828539718574937310e-06 1.083350880880523811e-05 1.522016589068262525e-06
6.891751112902292107e+02 6.988690358824451202e-05 4.091039121803261903e-06 1.107606787605019906e-05 2.329524677961939679e-06
6.867973606825403294e+02 6.958488568850653409e-05 4.983037482206007514e-06 1.131171273617234673e-05 3.281307972547788430e-06
6.844278136472964889e+02 6.935790247538146068e-05 6.317652482111737925e-06 1.153513969142202991e-05 4.404167294331235894e-06
6.820664418810233656e+02 6.927221441952786550e-05 7.858387249286717926e-06 1.174138016860703716e-05 5.674572175252950533e-06
6.797132171778994234e+02 6.937939698253918182e-05 9.422234640008693578e-06 1.192593091598541277e-05 6.961943517460423806e-06
6.773681114294153076e+02 6.970987194351351902e-05 1.087192790168294438e-05 1.208487169485007563e-05 8.083743260448563247e-06
6.750310966240416519e+02 7.026894108302518646e-05 1.210081531299482908e-05 1.221496738565675091e-05 8.870218319078342360e-06
6.727021448468926792e+02 7.103617139345613828e-05 1.302681706986165139e-05 1.231375177950258811e-05 9.211333562090426479e-06
6.703812282793910526e+02 7.196823821137270517e-05 1.359165479084111339e-05 1.237959100142440405e-05 9.083980937996420299e-06
6.680683191989398892e+02 7.300455047874179412e-05 1.376214642393686531e-05 1.241172488549456439e-05 8.559387883034718121e-06
6.657633899785868152e+02 7.407449247932595168e-05 1.353210045490159093e-05 1.241028519900947554e-05 7.787997677206155703e-06
6.634664130866980258e+02 7.510504460404850244e-05 1.292438399353521824e-05 1.237629041537291224e-05 6.955745423529195142e-06
6.611773610866276840e+02 7.602780446253049442e-05 1.199345097548407696e-05 1.231161714091323357e-05 6.208783634962110302e-06
6.588962066363884560e+02 7.678482650013615507e-05 1.082925980694559106e-05 1.221894897944186821e-05 5.574831724850231197e-06
6.566229224883290954e+02 7.733304115329539790e-05 9.563792200534346815e-06 1.210170430336426625e-05 4.953844778432533479e-06
6.543574814888042965e+02 7.764723105883411807e-05 8.378851396300513550e-06 1.196394486675738450e-05 4.209195628929578102e-06
6.520998565778545526e+02 7.772163792862318507e-05 7.500038485557389112e-06 1.181026759171305700e-05 3.294760820726893560e-06
6.498500207888793057e+02 7.757026241430146094e-05 7.133022703319025664e-06 1.164568260966094242e-05 2.401877796835489328e-06
6.476079472483178279e+02 7.722586851197527644e-05 7.329444315011886837e-06 1.147548063648773187e-05 2.179092026688816620e-06
6.453736091753270330e+02 7.673765708478860574e-05 7.931103039674693804e-06 1.130509325074033671e-05 3.002169570895663833e-06
6.431469798814599699e+02 7.616754257594565681e-05 8.688513186197862755e-06 1.113994978625732250e-05 4.212375218746857109e-06
6.409280327703505691e+02 7.558502232662026401e-05 9.386406325346336105e-06 1.098533457557775042e-05 5.325286790468911733e-06
6.387167413373916816e+02 7.506079699837654598e-05 9.879047819877294595e-06 1.084624832022930406e-05 6.154738200891276227e-06
6.365130791694228947e+02 7.465957173333472529e-05 1.008147961113869381e-05 1.072727720641249688e-05 6.675096331705971655e-06
6.343170199444124364e+02 7.443281835053362717e-05 9.955807064507701213e-06 1.063247321623045192e-05 6.978118240083347447e-06
6.321285374311414671e+02 7.441256910203496600e-05 9.501476335223852832e-06 1.056524872993080464e-05 7.223798927892074988e-06
6.299476054888953058e+02 7.460736193249216798e-05 8.748960725148955981e-06 1.052828815036472567e-05 7.549509578909136669e-06
6.277741980671455622e+02 7.500116569963451033e-05 7.755550050745241381e-06 1.052347889956825484e-05 7.974371120080659238e-06
6.256082892052446596e+02 7.555551113005819089e-05 6.602942736668267428e-06 1.055186346129379258e-05 8.381843557250679696e-06
6.234498530321098997e+02 7.621435865989270499e-05 5.397584140799478253e-06 1.061361373331275682e-05 8.591365970018844400e-06
6.212988637659199185e+02 7.691072991462183427e-05 4.275331737821400668e-06 1.070802835492762639e-05 8.445355804506606852e-06
6.191552957138036390e+02 7.757396426424219510e-05 3.404830539642301192e-06 1.083355292001823008e-05 7.861726116712438480e-06
6.170191232715326350e+02 7.813661708836316803e-05 2.943483327964989527e-06 1.098782259305289485e-05 6.850780118916521621e-06
6.148903209232187237e+02 7.854035018452360775e-05 2.886083723480007349e-06 1.116772591088378825e-05 5.508320892368712840e-06
6.127688632410050786e+02 7.874049248994150971e-05 3.012116832675704861e-06 1.136948803031309402e-05 3.994095834212901241e-06
6.106547248847663241e+02 7.870918919395513411e-05 3.081272016826794117e-06 1.158877124890232959e-05 2.505748209794016165e-06
6.085478806018024898e+02 7.843718970053259357e-05 2.956224671385363556e-06 1.182079005589565476e-05 1.290361444673062828e-06
6.064483052265402421e+02 7.793434414696404891e-05 2.604646272940068237e-06 1.206043769494393639e-05 9.029816754861978558e-07
6.043559736802307043e+02 7.722884956710310918e-05 2.122734863595777526e-06 1.230242087903176223e-05 1.471124696376728063e-06
6.022708609706492098e+02 7.636524706229814215e-05 1.875134835000481220e-06 1.254139911072612773e-05 2.273131803634455367e-06
6.001929421917993750e+02 7.540112962900301233e-05 2.406249994000071384e-06 1.277212492408670935e-05 3.266173400603770407e-06
5.981221925236121706e+02 7.440254506355269332e-05 3.629447203118503883e-06 1.298958138219151809e-05 4.483890273633355482e-06
5.960585872316534051e+02 7.343819590680115462e-05 5.183745156208710537e-06 1.318911321622739716e-05 5.837020080877445848e-06
5.940021016668238190e+02 7.257274972813438827e-05 6.859112417220358739e-06 1.336654819484625957e-05 7.152640944982267905e-06
5.919527112650687286e+02 7.185988371788393616e-05 8.521441434962448398e-06 1.351830554184372645e-05 8.241126017691185240e-06
5.899103915470826678e+02 7.133599282423593046e-05 1.006438010192395060e-05 1.364148860539252335e-05 8.945438321066237480e-06
5.878751181180161893e+02 7.101563112007073836e-05 1.139805647861591246e-05 1.373395939617500613e-05 9.173467504017662535e-06
5.858468666671867595e+02 7.088960429043533664e-05 1.244871743325994081e-05 1.379439303166483980e-05 8.916313018783345468e-06
5.838256129677857871e+02 7.092614635626788957e-05 1.316146101639874006e-05 1.382231077151093789e-05 8.252565699921297158e-06
5.818113328765921324e+02 7.107494709371811191e-05 1.350381796636466076e-05 1.381809080873681914e-05 7.336757591738819197e-06
5.798040023336802733e+02 7.127321779119674585e-05 1.346958395570902004e-05 1.378295652394235798e-05 6.366448834287543599e-06
5.778035973621363155e+02 7.145269388721154377e-05 1.308298147547311339e-05 1.371894267124413559e-05 5.517855571067295093e-06
5.758100940677701374e+02 7.154652731291645843e-05 1.240363424287780273e-05 1.362884037696935869e-05 4.857028030249361917e-06
5.738234686388283308e+02 7.149531512525585163e-05 1.153283901211324957e-05 1.351612239276689175e-05 4.296854995313179215e-06
5.718436973457132808e+02 7.125185461987127615e-05 1.061992146671563389e-05 1.338485072758013376e-05 3.676539495911438884e-06
5.698707565406961066e+02 7.078449876705102182e-05 9.860468233466499307e-06 1.323956902819681672e-05 2.913099849531989936e-06
5.679046226576374465e+02 7.007916232762806906e-05 9.463876828114385387e-06 1.308518257461940490e-05 2.182098317992553599e-06
5.659452722117030135e+02 6.914008034142568354e-05 9.570267338420553955e-06 1.292682911073393413e-05 2.145614230264255644e-06
5.639926817990854033e+02 6.798940701169519643e-05 1.016556540914381085e-05 1.276974386602157943e-05 3.110135950776525344e-06
5.620468280967239707e+02 6.666569764995322850e-05 1.109297256566652412e-05 1.261912233315552502e-05 4.446543855865008746e-06
5.601076878620241359e+02 6.522124944625461802e-05 1.214420797881536202e-05 1.247998441150566198e-05 5.707476306046169449e-06
5.581752379325839684e+02 6.371825140486688378e-05 1.313142137112744361e-05 1.235704344077041760e-05 6.675322040272914621e-06
5.562494552259125840e+02 6.222373702604836355e-05 1.391112663901295564e-05 1.225458357889696796e-05 7.255645035977564568e-06
5.543303167391591160e+02 6.080347150428549226e-05 1.438411791031624231e-05 1.217634867457602810e-05 7.459287929458577322e-06
5.524177995488339548e+02 5.951517975806507022e-05 1.449007438918316297e-05 1.212544552858789589e-05 7.396510976283651259e-06
5.505118808105378321e+02 5.840187715657842903e-05 1.420278614162123282e-05 1.210426406196594733e-05 7.249117499595247988e-06
5.486125377586881768e+02 5.748636957574074994e-05 1.352669682317426139e-05 1.211441638881762074e-05 7.197057933161624752e-06
5.467197477062451298e+02 5.676805574660416710e-05 1.249442168925379688e-05 1.215669638927646513e-05 7.312990262982323323e-06
5.448334880444446071e+02 5.622283250990688249e-05 1.116518728050215911e-05 1.223106076141556278e-05 7.510810114735090129e-06
5.429537362425236324e+02 5.580621904265000598e-05 9.624937727493399351e-06 1.233663198458117699e-05 7.606192628267275379e-06
5.410804698474556744e+02 5.545905331880858198e-05 7.990311574130436534e-06 1.247172311426380857e-05 7.420414334852738392e-06
5.392136664836781392e+02 5.511459139158805240e-05 6.420950092834505148e-06 1.263388364981670212e-05 6.847935385571033233e-06
5.373533038528289580e+02 5.470575211323798747e-05 5.141930936589918049e-06 1.281996519455673763e-05 5.880702702058460664e-06
5.354993597334783999e+02 5.417153625900433171e-05 4.431391974696335984e-06 1.302620532186263787e-05 4.612350100262247247e-06
5.336518119808621350e+02 5.346207756863228052e-05 4.425959426862642544e-06 1.324832714247503159e-05 3.252726882015578738e-06
5.318106385266204370e+02 5.254217616458058961e-05 4.901403958194646001e-06 1.348165213879035527e-05 2.222223705205908200e-06
5.299758173785315876e+02 5.139341792277580715e-05 5.492133414876056302e-06 1.372122323452299734e-05 2.153912854787416305e-06
5.281473266202496006e+02 5.001507719007812903e-05 5.943480428956297317e-06 1.396193479923298469e-05 2.832358773486171959e-06
5.263251444110442208e+02 4.842399742355232107e-05 6.121072119600072777e-06 1.419866625300995812e-05 3.559261834064546239e-06
5.245092489855371696e+02 4.665357525715046306e-05 5.965253103121800065e-06 1.442641573354610825e-05 4.110557932951983240e-06
5.226996186534455546e+02 4.475186918662375665e-05 5.464580005340727843e-06 1.464043034325101663e-05 4.550413281378389825e-06
5.208962317993190254e+02 4.277874658045358280e-05 4.645838032896226454e-06 1.483632960496305186e-05 5.062828141136394704e-06
5.190990668822852285e+02 4.080188857259953780e-05 3.578691695258607397e-06 1.501021888182134421e-05 5.796176933831119478e-06
5.173081024357907154e+02 3.889145109454343016e-05 2.424113175882915641e-06 1.515878987279511504e-05 6.737485599632711838e-06
5.155233170673431005e+02 3.711333021653031672e-05 1.698952763398740780e-06 1.527940559296549108e-05 7.726048428463210273e-06
5.137446894582591312e+02 3.552138679388330031e-05 2.280259399780899370e-06 1.537016759235949857e-05 8.551379193008725496e-06
5.119721983634061075e+02 3.414966777929231306e-05 3.622149179648452643e-06 1.542996381329671436e-05 9.029826660582517336e-06
5.102058226109517705e+02 3.300636441279348153e-05 5.078720564246010369e-06 1.545849584366736768e-05 9.042008459204944150e-06
5.084455411021080522e+02 3.207143499412688531e-05 6.430764207098853597e-06 1.545628482659466493e-05 8.547353599298350020e-06
5.066913328108816472e+02 3.129905590043078191e-05 7.569407889394855454e-06 1.542465608630814555e-05 7.585184719952345370e-06
5.049431767838220821e+02 3.062451285396540111e-05 8.425159375612262461e-06 1.536570283363511855e-05 6.265320522268477764e-06
5.032010521397700131e+02 2.997368410658762783e-05 8.956616181852614125e-06 1.528222988607076132e-05 4.749673746521265640e-06
5.014649380696105254e+02 2.927276835459675472e-05 9.151356263523189818e-06 1.517767908973342320e-05 3.226418720974991962e-06
4.997348138360214875e+02 2.845646286934976540e-05 9.031164320583328072e-06 1.505603830731046518e-05 1.877539306970788365e-06
4.980106587732291814e+02 2.747382615499029425e-05 8.660923527443060762e-06 1.492173637557434946e-05 8.359630184916745862e-07
4.962924522867577366e+02 2.629194019438455858e-05 8.161468696225148629e-06 1.477952691077869275e-05 1.456972572467254412e-07
4.945801738531866931e+02 2.489795734080300178e-05 7.720945655276928286e-06 1.463436391659309077e-05 5.445115540344637812e-07
4.928738030199039599e+02 2.330026899616545783e-05 7.578311937279173941e-06 1.449127248130747474e-05 1.364047403878391051e-06
4.911733194048610471e+02 2.152953431738086090e-05 7.935268461352506221e-06 1.435521797004706197e-05 2.520555004091571774e-06
4.894787026963314815e+02 1.964027543328842568e-05 8.833523843323592408e-06 1.423097707667473719e-05 3.945986641978091103e-06
4.877899326526657546e+02 1.771363245592100328e-05 1.014390523551379072e-05 1.412301411556654793e-05 5.480392335659077939e-06
4.861069891020524665e+02 1.586121195986350238e-05 1.166872131913030132e-05 1.403536573450103599e-05 6.933622399114505757e-06
4.844298519422741833e+02 1.422742016639766590e-05 1.322260061368380614e-05 1.397153703665342246e-05 8.123037018062384201e-06
4.827585011404701163e+02 1.298105868381117068e-05 1.465643343250281836e-05 1.393441177897239816e-05 8.901836892057937522e-06
4.810929167328956169e+02 1.227903298169823782e-05 1.585705336295732700e-05 1.392617892182553339e-05 9.180648995941071170e-06
4.794330788246826955e+02 1.219825774778365953e-05 1.674350670782400016e-05 1.394827744317607311e-05 8.941527112556265120e-06
4.777789675896047470e+02 1.268405153339365907e-05 1.726508622096671497e-05 1.400136074150168332e-05 8.243516827164302461e-06
4.761305632698371824e+02 1.357607449992631381e-05 1.740123784044515180e-05 1.408528152109973119e-05 7.219630892375884551e-06
4.744878461757240302e+02 1.468532746337956226e-05 1.716274411818237484e-05 1.419909753791543847e-05 6.064368274438044590e-06
4.728507966855399332e+02 1.585134770520764494e-05 1.659381341609253053e-05 1.434109795344243103e-05 5.003752119707466389e-06
4.712193952452581698e+02 1.696071449225454244e-05 1.577480981184731527e-05 1.450884945854291715e-05 4.222242993578057204e-06
4.695936223683166304e+02 1.794534053632505866e-05 1.482470998393751727e-05 1.469926125542244474e-05 3.740883940809312687e-06
4.679734586353827694e+02 1.877616646538521927e-05 1.389988565615922372e-05 1.490866667899861597e-05 3.380318725252480733e-06
4.663588846941255497e+02 1.945771571860960254e-05 1.318055084024441902e-05 1.513291967573660769e-05 2.921062400788726432e-06
4.647498812589803947e+02 2.002383859829250342e-05 1.283249642870502673e-05 1.536750344828351003e-05 2.303303677026618152e-06
4.631464291109222131e+02 2.053328425325737767e-05 1.294613168541543671e-05 1.560764840136608171e-05 1.849677724789880173e-06
4.615485090972326816e+02 2.106331610088881280e-05 1.349199124651689885e-05 1.584845634871056790e-05 2.308422259112915589e-06
4.599561021312741218e+02 2.169990550929705439e-05 1.433617609563106777e-05 1.608502772636417603e-05 3.576933292323556493e-06
4.583691891922605919e+02 2.252439386972358929e-05 1.529952086373769009e-05 1.631258851069601579e-05 5.066225931007018542e-06
4.567877513250292623e+02 2.359888971547378743e-05 1.621015370623760696e-05 1.652661355264907660e-05 6.442838041268950531e-06
4.552117696398169073e+02 2.495473293621609860e-05 1.692872855728039369e-05 1.672294314644781873e-05 7.506305633453265145e-06
4.536412253120309401e+02 2.658801123402321304e-05 1.735470641882708387e-05 1.689788982797054144e-05 8.134928802951471165e-06
4.520760995820277799e+02 2.846300442494971030e-05 1.742527015678180930e-05 1.704833268003299348e-05 8.284029644618100453e-06
4.505163737548859331e+02 3.052098621438307981e-05 1.711276755554565356e-05 1.717179671841485622e-05 7.992079444007103717e-06
4.489620292001849293e+02 3.269059024301880192e-05 1.642264825240755352e-05 1.726651536316789942e-05 7.383391508349971580e-06
4.474130473517819269e+02 3.489700332694553207e-05 1.539245227809257595e-05 1.733147443348297554e-05 6.659779560501877749e-06
4.458694097075887726e+02 3.706895052208451546e-05 1.409225447563125287e-05 1.736643655106952404e-05 6.060410493454151410e-06
4.443310978293536095e+02 3.914358279628331365e-05 1.262716820574617394e-05 1.737194541327798515e-05 5.757094638617101341e-06
4.427980933424375394e+02 4.106978598150289370e-05 1.114202813987451230e-05 1.734930987400608941e-05 5.728072402472910244e-06
4.412703779355983897e+02 4.281039714906563980e-05 9.824203385696542081e-06 1.730056827558142143e-05 5.770663172417655321e-06
4.397479333607687408e+02 4.434363859320039934e-05 8.886451208012295950e-06 1.722843405318860951e-05 5.652967915764572274e-06
4.382307414328406594e+02 4.566389719561560499e-05 8.495646337979005210e-06 1.713622405060957079e-05 5.231099974386568786e-06
4.367187840294474768e+02 4.678183084617983122e-05 8.661863384830620176e-06 1.702777143533767951e-05 4.492249195169222571e-06
4.352120430907460218e+02 4.772368307825994760e-05 9.214326303195833422e-06 1.690732553866631846e-05 3.592261427464151446e-06
4.337105006192036285e+02 4.852962008607039748e-05 9.908627649214911862e-06 1.677944122457360421e-05 2.953837881715806025e-06
4.322141386793800848e+02 4.925089555818494021e-05 1.053087078225774656e-05 1.664886067036578420e-05 3.159107277789995011e-06
4.307229393977162886e+02 4.994572697615150183e-05 1.093001202926876766e-05 1.652039065076361376e-05 4.119358614858821009e-06
4.292368849623191522e+02 5.067395412237623415e-05 1.101236612045166818e-05 1.639877848389103334e-05 5.262462215951037432e-06
4.277559576227480420e+02 5.149086134834906760e-05 1.073011231356118057e-05 1.628858985664489938e-05 6.216929987907883976e-06
4.262801396898056510e+02 5.244090527028515228e-05 1.007310812381087575e-05 1.619409166850017078e-05 6.806414471565033066e-06
4.248094135353228467e+02 5.355235253086724855e-05 9.064956644558560934e-06 1.611914288669046854e-05 6.979428417615156511e-06
4.233437615919517043e+02 5.483383462213537585e-05 7.764204577147506666e-06 1.606709623537567338e-05 6.791455553022911529e-06
4.218831663529539355e+02 5.627348116693259988e-05 6.276282715791009796e-06 1.604071317329106830e-05 6.401870491657083544e-06
4.204276103719908519e+02 5.784070615266825594e-05 4.796908186163507450e-06 1.604209433802698700e-05 6.053278101072258049e-06
4.189770762629175351e+02 5.949014255970623549e-05 3.732774971147115243e-06 1.607262720499467849e-05 5.982391707477677647e-06
4.175315466995721749e+02 6.116686588187197112e-05 3.707157415468591812e-06 1.613295222312709429e-05 6.259883130599990269e-06
4.160910044155722858e+02 6.281200739615281693e-05 4.746214421423622442e-06 1.622294828781428207e-05 6.729943968139529167e-06
4.146554322041051819e+02 6.436805511034017816e-05 6.234191251725321181e-06 1.634173782502707970e-05 7.138146723443435805e-06
4.132248129177253873e+02 6.578341108688361290e-05 7.751609915345048296e-06 1.648771130106905684e-05 7.269420737602117990e-06
4.117991294681482373e+02 6.701601545322825263e-05 9.096647007432468997e-06 1.665857051200624075e-05 7.000830421841822087e-06
4.103783648260451855e+02 6.803600574050687607e-05 1.016132160860571331e-05 1.685138943101110843e-05 6.309984689509923558e-06
4.089625020208425212e+02 6.882744283001835175e-05 1.088586969118280548e-05 1.706269094405173285e-05 5.278349802730312611e-06
4.075515241405161646e+02 6.938914349356873474e-05 1.124626332193347228e-05 1.728853767690432671e-05 4.115037486547109824e-06
4.061454143313920895e+02 6.973463697852623348e-05 1.125306726349325802e-05 1.752463420902455104e-05 3.229618550006770882e-06
4.047441557979424829e+02 6.989122549546748504e-05 1.095554406352495781e-05 1.776643828210790820e-05 3.157308789922807927e-06
4.033477318025875888e+02 6.989810860962408898e-05 1.044954266183455544e-05 1.800927800202008244e-05 3.845300500899630268e-06
4.019561256654945964e+02 6.980353981297063206e-05 9.886930436716769469e-06 1.824847201425455477e-05 4.710408241309926360e-06
4.005693207643772098e+02 6.966103755697780088e-05 9.475777340602267046e-06 1.847944958696366656e-05 5.368306973710675582e-06
3.991873005343001068e+02 6.952479303228878383e-05 9.443540841987029398e-06 1.869786750113634256e-05 5.673815830850934203e-06
3.978100484674776567e+02 6.944459062362197161e-05 9.944242354344590495e-06 1.889972076984533457e-05 5.637876979581809439e-06
3.964375481130797994e+02 6.946075303539809187e-05 1.097362701394842184e-05 1.908144437529589454e-05 5.405354576558372935e-06
3.950697830770328665e+02 6.959977807955379904e-05 1.238944482563996028e-05 1.924000342320675804e-05 5.237687580118782078e-06
3.937067370218260294e+02 6.987135152273487985e-05 1.400039722746681090e-05 1.937296946713448696e-05 5.409260492083914995e-06
3.923483936663150757e+02 7.026725439303098343e-05 1.562927808329041268e-05 1.947858109154138986e-05 5.998673010290144340e-06
3.909947367855271523e+02 7.076235765829594891e-05 1.713334550078684471e-05 1.955578722193381755e-05 6.824977554831505543e-06
3.896457502104690320e+02 7.131749884904092763e-05 1.840554274973803692e-05 1.960427215481619085e-05 7.612719737507550503e-06
3.883014178279315729e+02 7.188371365487545921e-05 1.937210222297389075e-05 1.962446170784370073e-05 8.130431868241584059e-06
3.869617235802997470e+02 7.240714871611320862e-05 1.999118656260057207e-05 1.961751037370121627e-05 8.229997869804243148e-06
3.856266514653581794e+02 7.283400392121926659e-05 2.025306359051732660e-05 1.958526990773558260e-05 7.849220018623270285e-06
3.842961855361023140e+02 7.311500402292318292e-05 2.018136640608936020e-05 1.953024019447220278e-05 7.009035547178355944e-06
3.829703099005471358e+02 7.320909883052900290e-05 1.983478221279572274e-05 1.945550369384089456e-05 5.813430405885671385e-06
3.816490087215361768e+02 7.308625124492976600e-05 1.930802983707873951e-05 1.936464522548284108e-05 4.463060780639008558e-06
3.803322662165546149e+02 7.272928586861372117e-05 1.872968229165339172e-05 1.926165917409343291e-05 3.311000118398158789e-06
3.790200666575383366e+02 7.213483505919792143e-05 1.825224463026679572e-05 1.915084651136791081e-05 2.886015830565771864e-06
3.777123943706882869e+02 7.131342343220328122e-05 1.802883226194900142e-05 1.903670433188366451e-05 3.317514055468792348e-06
3.764092337362812941e+02 7.028872109319675248e-05 1.817604471987845218e-05 1.892381071697272278e-05 4.027690583866864351e-06
3.751105691884851012e+02 6.909598363295898062e-05 1.873681260181380827e-05 1.881670788602701506e-05 4.560989787224677549e-06
3.738163852151718629e+02 6.777967647288888427e-05 1.966663835360471163e-05 1.871978663127941351e-05 4.756700338762993600e-06
3.725266663577317559e+02 6.639029686911756547e-05 2.085261886816319052e-05 1.863717495666432735e-05 4.643718950971104246e-06
3.712413972108905682e+02 6.498046846886706973e-05 2.214964632729575139e-05 1.857263376692407032e-05 4.415335883045922458e-06
3.699605624225232532e+02 6.360048283723350731e-05 2.341255526639390529e-05 1.852946221484935355e-05 4.404340254600105934e-06
3.686841466934729965e+02 6.229362030771569653e-05 2.451562659372636947e-05 1.851041510169033300e-05 4.890059726404448710e-06
3.674121347773658499e+02 6.109175706791922082e-05 2.536171687511870162e-05 1.851763438556819146e-05 5.829809288089934028e-06
3.661445114804310492e+02 6.001187696964909265e-05 2.588579759137432486e-05 1.855259647384901951e-05 6.942484745585747059e-06
3.648812616613184332e+02 5.905409523490359568e-05 2.605622028360888844e-05 1.861607662943698025e-05 7.940880095056807925e-06
3.636223702309166583e+02 5.820160966525379483e-05 2.587527485146644472e-05 1.870813127858886814e-05 8.613670073985529158e-06
3.623678221521748810e+02 5.742264352277173242e-05 2.537951229220234428e-05 1.882809864027760354e-05 8.829947868168867394e-06
3.611176024399222229e+02 5.667405645719190797e-05 2.463959223745074018e-05 1.897461760488858192e-05 8.534988862585450603e-06
3.598716961606879750e+02 5.590600742622919714e-05 2.375863973141352240e-05 1.914566431646193796e-05 7.747675014023055974e-06
3.586300884325242464e+02 5.506694637041918884e-05 2.286693013519932815e-05 1.933860534528250330e-05 6.559386182683032435e-06
3.573927644248282718e+02 5.410829709746962294e-05 2.210940340996787702e-05 1.955026636693934006e-05 5.139341813499098944e-06
3.561597093581651734e+02 5.298839218609537521e-05 2.162274428364349972e-05 1.977701411102566231e-05 3.766529787422985821e-06
3.549309085040902119e+02 5.167544119903553303e-05 2.150373621548044918e-05 2.001484978417948497e-05 2.903010068267723485e-06
3.537063471849747316e+02 5.014949549687441037e-05 2.178045714206622765e-05 2.025951147391789675e-05 2.956870804716402241e-06
3.524860107738298893e+02 4.840348153433962137e-05 2.240304272410919867e-05 2.050658281172087745e-05 3.563813345547937671e-06
3.512698846941315765e+02 4.644342130058837838e-05 2.326033505983139259e-05 2.075160523964233105e-05 4.127834144156323188e-06
3.500579544196464781e+02 4.428796503388204067e-05 2.421125442522296779e-05 2.099019096180308288e-05 4.375942173630155550e-06
3.488502054742596670e+02 4.196733205979649560e-05 2.511443315752555805e-05 2.121813373314730374e-05 4.267689792048876396e-06
3.476466234318007196e+02 3.952171616886132572e-05 2.584778183065821960e-05 2.143151469953220327e-05 3.942152021760576769e-06
3.464471939158705709e+02 3.699916888043261058e-05 2.631847775045135639e-05 2.162680061426697640e-05 3.736637151354272929e-06
3.452519025996717801e+02 3.445292105128471520e-05 2.646704225490032931e-05 2.180093199084707798e-05 4.067320360976042163e-06
3.440607352058362949e+02 3.193806946783271590e-05 2.626863068448433966e-05 2.195139900261940385e-05 5.013136108975894213e-06
3.428736775062543529e+02 2.950756136225819894e-05 2.573329455314034129e-05 2.207630324005751160e-05 6.273053502146635185e-06
3.416907153219051452e+02 2.720749829857305372e-05 2.490591169548320987e-05 2.217440384052504797e-05 7.513431045603492121e-06
3.405118345226881615e+02 2.507202245399460289e-05 2.386568649833465593e-05 2.224514687755024060e-05 8.491641605477108441e-06
3.393370210272536269e+02 2.311845135145105780e-05 2.272418500830189597e-05 2.228867732980350898e-05 9.048767745388421220e-06
3.381662608028335626e+02 2.134377753675279580e-05 2.161941606870651050e-05 2.230583338571044829e-05 9.098559411375461596e-06
3.369995398650758602e+02 1.972385001237789834e-05 2.070175396818267074e-05 2.229812331368439689e-05 8.624107580748036937e-06
3.358368442778764233e+02 1.821615713981637017e-05 2.010778426562933615e-05 2.226768555273963293e-05 7.677190763266453279e-06
3.346781601532117634e+02 1.676612488701692164e-05 1.992476555843196310e-05 2.221723302933029958e-05 6.380082631103027484e-06
3.335234736509751201e+02 1.531577353211614948e-05 2.016100855587281957e-05 2.214998326523387286e-05 4.938533112341332325e-06
3.323727709788089442e+02 1.381321210571094304e-05 2.074196904415588936e-05 2.206957601345372984e-05 3.688181366088871187e-06
3.312260383919424385e+02 1.222226118836075735e-05 2.153553992701342419e-05 2.197998055214445237e-05 3.118673064044448911e-06
3.300832621930248933e+02 1.053365549579098527e-05 2.238922040145956670e-05 2.188539504605599539e-05 3.412097808336294530e-06
3.289444287319644786e+02 8.783840030568211110e-06 2.316037931884313569e-05 2.179014049247097223e-05 4.051091363704919627e-06
3.278095244057638524e+02 7.098235361831497429e-06 2.373342917563702311e-05 2.169855196223620286e-05 4.538533307285383666e-06
3.266785356583571343e+02 5.791182896165809588e-06 2.402704692273659282e-05 2.161486986543593799e-05 4.661668435513548175e-06
3.255514489804501181e+02 5.444172564789379976e-06 2.399631242138283705e-05 2.154313397927185708e-05 4.395299731081915769e-06
3.244282509093560520e+02 6.439951992701625857e-06 2.363303799943643121e-05 2.148708287929295980e-05 3.878025367459174212e-06
3.233089280288376699e+02 8.440059957964785134e-06 2.296584250225596299e-05 2.145006126796803419e-05 3.468645826041954522e-06
3.221934669689445059e+02 1.096551220518145267e-05 2.206036227606552954e-05 2.143493751786264037e-05 3.683396717068601216e-06
3.210818544058550401e+02 1.373851359172339463e-05 2.101895236000489483e-05 2.144403341630345982e-05 4.649558465424040703e-06
3.199740770617169119e+02 1.660887282616405739e-05 1.997761124622436324e-05 2.147906785001574883e-05 5.989757380052235464e-06
3.188701217044873601e+02 1.948286961569493532e-05 1.909534812875302758e-05 2.154111577699102087e-05 7.322572791300549388e-06
3.177699751477769610e+02 2.229414539729101930e-05 1.852957429108513404e-05 2.163058343227670797e-05 8.395450828101451947e-06
3.166736242506902386e+02 2.499314742910965396e-05 1.839627493686626407e-05 2.174720035575535649e-05 9.049131031781329357e-06
3.155810559176707102e+02 2.754358697245367485e-05 1.872985175926389909e-05 2.189002834500379922e-05 9.197147922540529401e-06
3.144922570983423498e+02 2.992154348489716917e-05 1.946974100563632641e-05 2.205748700744316438e-05 8.820972363337873531e-06
3.134072147873554286e+02 3.211548449041961895e-05 2.048471150244016506e-05 2.224739533570707127e-05 7.970576515706208649e-06
3.123259160242306507e+02 3.412641432480744579e-05 2.161546229705427777e-05 2.245702802308720627e-05 6.769266513495890888e-06
3.112483478932032881e+02 3.596771615153759085e-05 2.271018135137835994e-05 2.268318516188303163e-05 5.430640011850593578e-06
3.101744975230709542e+02 3.766438790198634680e-05 2.364418444298159157e-05 2.292227354978787149e-05 4.299070075175689062e-06
3.091043520870375687e+02 3.925144759171761682e-05 2.432766972003106608e-05 2.317039745333183964e-05 3.825396655596895732e-06
3.080378988025623812e+02 4.077136753677810459e-05 2.470778245613995260e-05 2.342345656871234398e-05 4.148616739798763316e-06
3.069751249312050732e+02 4.227052879461080102e-05 2.476885042060960481e-05 2.367724870577851649e-05 4.832928776657298539e-06
3.059160177784757479e+02 4.379488602561473521e-05 2.453237274399012124e-05 2.392757464359211654e-05 5.412118325781365565e-06
3.048605646936820790e+02 4.538526739643509935e-05 2.405692272119543904e-05 2.417034248112521339e-05 5.638943926063037690e-06
3.038087530697775378e+02 4.707293268228779229e-05 2.343703509244968392e-05 2.440166896428064673e-05 5.428242354590563312e-06
3.027605703432129189e+02 4.887608464690572038e-05 2.279881646165554806e-05 2.461797521652699713e-05 4.818938735852920827e-06
3.017160039937838860e+02 5.079790190191837800e-05 2.228851651303066027e-05 2.481607456855157044e-05 3.996791326166814334e-06
3.006750415444835767e+02 5.282636253724523167e-05 2.205025199780910860e-05 2.499325034810686839e-05 3.390633736515718307e-06
2.996376705613515696e+02 5.493576532532351618e-05 2.219383773649184630e-05 2.514732165659588808e-05 3.600846996245408859e-06
2.986038786533271150e+02 5.708955522763226438e-05 2.276379376992256225e-05 2.527669567644579487e-05 4.656968069938590168e-06
2.975736534721002613e+02 5.924391770282990809e-05 2.372670045881932729e-05 2.538040522627609232e-05 6.038644400563610006e-06
2.965469827119638353e+02 6.135162430036481137e-05 2.498457630057672826e-05 2.545813059545969109e-05 7.339491166499715690e-06
2.955238541096676954e+02 6.336572502863179108e-05 2.640433964448791893e-05 2.551020537544728152e-05 8.324447142025349566e-06
2.945042554442717346e+02 6.524282870167494601e-05 2.784710544764022278e-05 2.553760610171378713e-05 8.859506189142230331e-06
2.934881745369992814e+02 6.694583805033155416e-05 2.918843881894460683e-05 2.554192597071409129e-05 8.885839369796565552e-06
2.924755992510920919e+02 6.844608607331305653e-05 3.032943160262713617e-05 2.552533353547866552e-05 8.415366579898682402e-06
2.914665174916659680e+02 6.972486275428347300e-05 3.120189248760512263e-05 2.549051730877145033e-05 7.535195822073839846e-06
2.904609172055658064e+02 7.077433417039047988e-05 3.177058143016465064e-05 2.544061775577083400e-05 6.422065451728716026e-06
2.894587863812207047e+02 7.159784978322207409e-05 3.203409183330431943e-05 2.537914844149927478e-05 5.371441865787159229e-06
2.884601130485022509e+02 7.220962492846883570e-05 3.202486696553012501e-05 2.530990828407037965e-05 4.792716539791496216e-06
2.874648852785806525e+02 7.263377873439341042e-05 3.180802117319917117e-05 2.523688713328753588e-05 4.960629708531707327e-06
2.864730911837815484e+02 7.290271189284189095e-05 3.147793052299670638e-05 2.516416703567271647e-05 5.671335239622170106e-06
2.854847189174449227e+02 7.305483524598529966e-05 3.115094971928980875e-05 2.509582162610871480e-05 6.484630923777233381e-06
2.844997566737837928e+02 7.313170984611103772e-05 3.095251089398621245e-05 2.503581613791045418e-05 7.069952694077731149e-06
2.835181926877428396e+02 7.317473616645323736e-05 3.099817357215567555e-05 2.498791047736791031e-05 7.245630675856638431e-06
2.825400152348571510e+02 7.322162868680092437e-05 3.137154024613262834e-05 2.495556774496422532e-05 6.939611980440491288e-06
2.815652126311134111e+02 7.330300521930678407e-05 3.210593607955392276e-05 2.494187040738705925e-05 6.169035997110440141e-06
2.805937732328099514e+02 7.343948029872066237e-05 3.317751534095899772e-05 2.494944615096013753e-05 5.044949933513897797e-06
2.796256854364169726e+02 7.363964636761202601e-05 3.451263578979861383e-05 2.498040519517242630e-05 3.826517047498022574e-06
2.786609376784384722e+02 7.389923109411466117e-05 3.600532711878487782e-05 2.503629052907752655e-05 3.081860277114157054e-06
2.776995184352745696e+02 7.420155040020555881e-05 3.753738076697406571e-05 2.511804225721857704e-05 3.481603495071251055e-06
2.767414162230834904e+02 7.451917727160671859e-05 3.899540054977854820e-05 2.522597683656511731e-05 4.702296674667732449e-06
2.757866195976436074e+02 7.481656686206113952e-05 4.028282721225693642e-05 2.535978163144927118e-05 6.055261210623475510e-06
2.748351171542180396e+02 7.505326984037213466e-05 4.132745629061913866e-05 2.551852490781247269e-05 7.176183417447741922e-06
2.738868975274180002e+02 7.518734524712807012e-05 4.208575331864928946e-05 2.570068088164181364e-05 7.889818003750073529e-06
2.729419493910660890e+02 7.517863175762879953e-05 4.254504264621291611e-05 2.590416909696971446e-05 8.120469073273606412e-06
2.720002614580627665e+02 7.499162578590883781e-05 4.272411584737462761e-05 2.612640731215781464e-05 7.871965492094013827e-06
2.710618224802497025e+02 7.459781351982514442e-05 4.267225894698386483e-05 2.636437623796000388e-05 7.231741401159724457e-06
2.701266212482770470e+02 7.397738435814921697e-05 4.246623155787648693e-05 2.661469474936236558e-05 6.390316562828289994e-06
2.691946465914680857e+02 7.312031030279183489e-05 4.220437549213767922e-05 2.687370349189702477e-05 5.667862569227866725e-06
2.682658873776869655e+02 7.202680941478348015e-05 4.199699257236912695e-05 2.713755502050406158e-05 5.461709246647767202e-06
2.673403325132053965e+02 7.070722367016114048e-05 4.195272571312259896e-05 2.740230798808948221e-05 5.958290777041419155e-06
2.664179709425692408e+02 6.918134303067690293e-05 4.216219600418665686e-05 2.766402329077864621e-05 6.928514616158295532e-06
2.654987916484681705e+02 6.747720542465461351e-05 4.268221988061349529e-05 2.791885971468600672e-05 7.989138185358684793e-06
2.645827836516022558e+02 6.562940111798633790e-05 4.352523880561406466e-05 2.816316678258940192e-05 8.840042656571297258e-06
2.636699360105525898e+02 6.367691767992607256e-05 4.465759273953192568e-05 2.839357259027765594e-05 9.291768820150903680e-06
2.627602378216487296e+02 6.166058546174454382e-05 4.600700832481021692e-05 2.860706447310120039e-05 9.242097416134900946e-06
2.618536782188400593e+02 5.962022564965258368e-05 4.747626935702089747e-05 2.880106064523162848e-05 8.659734472664844601e-06
2.609502463735655056e+02 5.759166467652666616e-05 4.895869438432871754e-05 2.897347109404435069e-05 7.575809697275933985e-06
2.600499314946232516e+02 5.560385338762828002e-05 5.035199370074178112e-05 2.912274628613873833e-05 6.080543237587941333e-06
2.591527228280435224e+02 5.367639445171520690e-05 5.156892835778877364e-05 2.924791262543534985e-05 4.333516465634259122e-06
2.582586096569585266e+02 5.181780852056255528e-05 5.254465610334893431e-05 2.934859382629535101e-05 2.653400302549315173e-06
2.573675813014758091e+02 5.002482989275462211e-05 5.324129710429499038e-05 2.942501780314243432e-05 1.982943390776576067e-06
2.564796271185493310e+02 4.828289973808735485e-05 5.365030146967049901e-05 2.947800891229492820e-05 3.001475827461040944e-06
2.555947365018536175e+02 4.656783928458117441e-05 5.379294414872885327e-05 2.950896590186835843e-05 4.412689688631740871e-06
2.547128988816566277e+02 4.484848757094540454e-05 5.371894594625908404e-05 2.951982614692189925e-05 5.583188497471286864e-06
2.538341037246925396e+02 4.308993598352030388e-05 5.350290669508863528e-05 2.951301700369494068e-05 6.326369086671003397e-06
2.529583405340378022e+02 4.125693094358627024e-05 5.323806533034901447e-05 2.949139571218783965e-05 6.585338057433328250e-06
2.520855988489836932e+02 3.931705417199636647e-05 5.302699281438029856e-05 2.945817918075332542e-05 6.391850565816093252e-06
2.512158682449135085e+02 3.724339407187401187e-05 5.296938686574640868e-05 2.941686548352376429e-05 5.879654411726111917e-06
2.503491383331757731e+02 3.501655376731826076e-05 5.314821867495427010e-05 2.937114897836883319e-05 5.322710765478057630e-06
2.494853987609621697e+02 3.262596584858717133e-05 5.361677161009991414e-05 2.932483111130877813e-05 5.140424287255639263e-06
2.486246392111829664e+02 3.007057798811533445e-05 5.438981670519647658e-05 2.928172907952464424e-05 5.668680585161846628e-06
2.477668494023431549e+02 2.735904712429335585e-05 5.544148620714405132e-05 2.924558454445243570e-05 6.823080281496030848e-06
2.469120190884212036e+02 2.450965382533743320e-05 5.671037449692875875e-05 2.921997458611120749e-05 8.248958573489979438e-06
2.460601380587449682e+02 2.155026615493239861e-05 5.811010199708904251e-05 2.920822700991478475e-05 9.618886209014646663e-06
2.452111961378713261e+02 1.851896283120804698e-05 5.954234008774017572e-05 2.921334201828376710e-05 1.070079237897231779e-05
2.443651831854631382e+02 1.546666868297399660e-05 6.090949131682786165e-05 2.923792206853137262e-05 1.134103811276455534e-05
2.435220890961692817e+02 1.246530184633819742e-05 6.212529746332039302e-05 2.928411155496014393e-05 1.144957440112040428e-05
2.426819037995036865e+02 9.631562465374863679e-06 6.312275371893036390e-05 2.935354770147975223e-05 1.099296589097660037e-05
2.418446172597242025e+02 7.195625713726598176e-06 6.385941006296857959e-05 2.944732375719012564e-05 9.989980643273050647e-06
2.410102194757139387e+02 5.653241455549707086e-06 6.432037848067054503e-05 2.956596532735909669e-05 8.506576870041870702e-06
2.401787004808613801e+02 5.668118002411736648e-06 6.451930568206913142e-05 2.970942031276909288e-05 6.649221706743804592e-06
2.393500503429407615e+02 7.111381471425784430e-06 6.449737671943986601e-05 2.987706258297939603e-05 4.557362197174379271e-06
2.385242591639937757e+02 9.236450737814550841e-06 6.432020031476321105e-05 3.006770933998322761e-05 2.403677091532782000e-06
2.377013170802119930e+02 1.159206537919773585e-05 6.407230483680478460e-05 3.027965151369416949e-05 6.486288538039617193e-07
2.368812142618185135e+02 1.400231875699145336e-05 6.384903364891529685e-05 3.051069652090869275e-05 1.792822088955907902e-06
2.360639409129498745e+02 1.640673513786868889e-05 6.374601469781873643e-05 3.075822224327059317e-05 3.268370571263561915e-06
2.352494872715402607e+02 1.879333003083471709e-05 6.384710055607952254e-05 3.101924093890463319e-05 4.312806918998482783e-06
2.344378436092045206e+02 2.117302947350303683e-05 6.421259132029600648e-05 3.129047142653481321e-05 4.839156367322010572e-06
2.336290002311212675e+02 2.356777656723821798e-05 6.487017383531571064e-05 3.156841783769086571e-05 4.839809130115273242e-06
2.328229474759176014e+02 2.600334026065975445e-05 6.581081654424838991e-05 3.184945311415855241e-05 4.394331373551424159e-06
2.320196757155542002e+02 2.850407572027242569e-05 6.699066774733800815e-05 3.212990507823786427e-05 3.735258877640503716e-06
2.312191753552096998e+02 3.108892711242877048e-05 6.833830954628485358e-05 3.240614319640877899e-05 3.388694800498399308e-06
2.304214368331657283e+02 3.376861560599385371e-05 6.976539722899339861e-05 3.267466389464935791e-05 3.991917995965527781e-06
2.296264506206937313e+02 3.654407624313361349e-05 7.117831305010781091e-05 3.293217245751555583e-05 5.463940369781732330e-06
2.288342072219406020e+02 3.940611738680234065e-05 7.248893282478908009e-05 3.317565959946529758e-05 7.301282361021376303e-06
2.280446971738148250e+02 4.233613887172962267e-05 7.362341594375247319e-05 3.340247094421844006e-05 9.142857147263221246e-06
2.272579110458739819e+02 4.530764754488794145e-05 7.452865625311355300e-05 3.361036780720605676e-05 1.075777978708879806e-05
2.264738394402122594e+02 4.828827873942003672e-05 7.517643956458595607e-05 3.379757792239054820e-05 1.198576201439291671e-05
2.256924729913480974e+02 5.124205967102881450e-05 7.556547832095677564e-05 3.396283502639686216e-05 1.271821968033581116e-05
2.249138023661113550e+02 5.413170846071804955e-05 7.572143666121420159e-05 3.410540630056381733e-05 1.289516326643315503e-05
2.241378182635333474e+02 5.692082328927592250e-05 7.569492235758420095e-05 3.422510728602037779e-05 1.250605555267548857e-05
2.233645114147350910e+02 5.957586717290387635e-05 7.555732198688495786e-05 3.432230392328682733e-05 1.159102813242986207e-05
2.225938725828158908e+02 6.206788863445534122e-05 7.539434915161692381e-05 3.439790162105081227e-05 1.024238899376284778e-05
2.218258925627443716e+02 6.437393770759009914e-05 7.529738581990447492e-05 3.445332194669652610e-05 8.609317570732133657e-06
2.210605621812470929e+02 6.647814649743352428e-05 7.535313729666006570e-05 3.449046734435491662e-05 6.913097287476988753e-06
2.202978722967004899e+02 6.837244545981793330e-05 7.563276482549136136e-05 3.451167485372380194e-05 5.479902427475885401e-06
2.195378137990200003e+02 7.005688552332912412e-05 7.618225568774914110e-05 3.451965999844252132e-05 4.725639083721781885e-06
2.187803776095528292e+02 7.153953765472737393e-05 7.701597817536798263e-05 3.451745217242800152e-05 4.836639773058506002e-06
2.180255546809687246e+02 7.283594466507544243e-05 7.811488530730696048e-05 3.450832309157971065e-05 5.449605352487543085e-06
2.172733359971514062e+02 7.396811107769807228e-05 7.942972633082115940e-05 3.449571002420005294e-05 6.058501676061329671e-06
2.165237125730923822e+02 7.496303944332453602e-05 8.088839730627333223e-05 3.448313560100684498e-05 6.346742545680820738e-06
2.157766754547816390e+02 7.585085390608383620e-05 8.240572737411740710e-05 3.447412609196459676e-05 6.162333679636968084e-06
2.150322157191028509e+02 7.666259710731842928e-05 8.389385448019275667e-05 3.447213004864421471e-05 5.456500985261824505e-06
2.142903244737246382e+02 7.742783898615377357e-05 8.527173738317486934e-05 3.448043919234265205e-05 4.258377663235688332e-06
2.135509928569961744e+02 7.817228588856696653e-05 8.647294687793227134e-05 3.450211335905548261e-05 2.696842860274633280e-06
2.128142120378404627e+02 7.891561273717104599e-05 8.745140060164246186e-05 3.453991121110132670e-05 1.390171290816842874e-06
2.120799732156484652e+02 7.966974464523514799e-05 8.818500114958904704e-05 3.459622826902702459e-05 2.440618157780574833e-06
2.113482676201751360e+02 8.043778260388999334e-05 8.867725231062248675e-05 3.467304365168403835e-05 4.591867321430431193e-06
2.106190865114333519e+02 8.121369487023417065e-05 8.895689611134859759e-05 3.477187668863373316e-05 6.804743891532882315e-06
2.098924211795908548e+02 8.198279767932317719e-05 8.907555073451931926e-05 3.489375432376393306e-05 8.828375145770416259e-06
2.091682629448648640e+02 8.272295415060562402e-05 8.910329316834116975e-05 3.503919002509224063e-05 1.051095418602625238e-05
2.084466031574194176e+02 8.340633507894590717e-05 8.912219133447333512e-05 3.520817457471491250e-05 1.174360832380826542e-05
2.077274331972620018e+02 8.400153619729424509e-05 8.921802196875829982e-05 3.540017883176647278e-05 1.245889719789204528e-05
2.070107444741394431e+02 8.447584350141367512e-05 8.947078919374500431e-05 3.561416848052400793e-05 1.263586322600798140e-05
2.062965284274370958e+02 8.479745199317694415e-05 8.994514689239895412e-05 3.584863013454940459e-05 1.230597595810248064e-05
2.055847765260747622e+02 8.493748236808467441e-05 9.068219726617337726e-05 3.610160825045048022e-05 1.155977089177968729e-05
2.048754802684064202e+02 8.487169392252231592e-05 9.169417710110313072e-05 3.637075195191031716e-05 1.055493734481674929e-05
2.041686311821172239e+02 8.458182501541664227e-05 9.296309880786558701e-05 3.665337055910433927e-05 9.522818148288611959e-06
2.034642208241235721e+02 8.405652802215338160e-05 9.444356723661280039e-05 3.694649652595610137e-05 8.752160132862187681e-06
2.027622407804716147e+02 8.329189589916708065e-05 9.606909416236367487e-05 3.724695427248025866e-05 8.498367732450249755e-06
2.020626826662362987e+02 8.229158388420972829e-05 9.776059700776539366e-05 3.755143343482763430e-05 8.820069578340197254e-06
2.013655381254224608e+02 8.106654235163652795e-05 9.943561631584543086e-05 3.785656462442870519e-05 9.525069000393126485e-06
2.006707988308635606e+02 7.963438516301105368e-05 1.010170177959377093e-04 3.815899615261546311e-05 1.031182883115776939e-05
1.999784564841237682e+02 7.801841765770695992e-05 1.024403591908213887e-04 3.845546987214691837e-05 1.091322978673543490e-05
1.992885028153970950e+02 7.624635846734653308e-05 1.036595091196616087e-04 3.874289445632238656e-05 1.114274649833557832e-05
1.986009295834102772e+02 7.434879992444452768e-05 1.046503657684293886e-04 3.901841446243705882e-05 1.089132441889406157e-05
1.979157285753234703e+02 7.235746747695791280e-05 1.054126642877175523e-04 3.927947369350078699e-05 1.011595878395726951e-05
1.972328916066317959e+02 7.030336158800970460e-05 1.059698824555438607e-04 3.952387136925040339e-05 8.830609420887980710e-06
1.965524105210686514e+02 6.821488931461711319e-05 1.063672422508100219e-04 3.974981001099061587e-05 7.100891443629201107e-06
1.958742771905075699e+02 6.611612164114133471e-05 1.066678114269202439e-04 3.995593397149899584e-05 5.048486051641510077e-06
1.951984835148649609e+02 6.402532740475522807e-05 1.069467723054407659e-04 4.014135773180863356e-05 2.916887285617308202e-06
1.945250214220037321e+02 6.195393541118951399e-05 1.072841146554086192e-04 4.030568356331815994e-05 1.733364399717131261e-06
1.938538828676369974e+02 5.990605844958343557e-05 1.077562851694206054e-04 4.044900807879469820e-05 3.133973391392611329e-06
1.931850598352319253e+02 5.787865954305021699e-05 1.084276716825489332e-04 4.057191776169305318e-05 5.192222045879051060e-06
1.925185443359132194e+02 5.586237179396138272e-05 1.093430730275318975e-04 4.067547342349514186e-05 7.079544193571787315e-06
1.918543284083689286e+02 5.384290889649326881e-05 1.105223495360944279e-04 4.076118431132442024e-05 8.593042775643918243e-06
1.911924041187546663e+02 5.180293030959645830e-05 1.119581910777357205e-04 4.083097231482680432e-05 9.638777497206934327e-06
1.905327635605986529e+02 4.972418390525154872e-05 1.136173656887595540e-04 4.088712714340859782e-05 1.018295663390055217e-05
1.898753988547074414e+02 4.758974317654160913e-05 1.154451451932116780e-04 4.093225369077482909e-05 1.025132575489642814e-05
1.892203021490723245e+02 4.538617815740906815e-05 1.173720491989611490e-04 4.096921266663771147e-05 9.938421806186047516e-06
1.885674656187751452e+02 4.310555230092172731e-05 1.193217744202105808e-04 4.100105593072577207e-05 9.420745097213667314e-06
1.879168814658941926e+02 4.074720401440233775e-05 1.212192237065272263e-04 4.103095800937010796e-05 8.961590884777724750e-06
1.872685419194123142e+02 3.831933695367525185e-05 1.229977739230851111e-04 4.106214532319924887e-05 8.866168560277136693e-06
1.866224392351233519e+02 3.584050556567663269e-05 1.246052319926847915e-04 4.109782471992441552e-05 9.342388630227284517e-06
1.859785656955394302e+02 3.334112469050803891e-05 1.260081835975073589e-04 4.114111290392612186e-05 1.036311300070828014e-05
1.853369136097991543e+02 3.086512845080047575e-05 1.271946030625779184e-04 4.119496830852286762e-05 1.170635749452213358e-05
1.846974753135759499e+02 2.847179367477549382e-05 1.281746909290124861e-04 4.126212690478646948e-05 1.310083056825826196e-05
1.840602431689862328e+02 2.623738343070713017e-05 1.289799267737091397e-04 4.134504332432407286e-05 1.431406559458885499e-05
1.834252095644976919e+02 2.425543537175593750e-05 1.296603600661602935e-04 4.144583856358883433e-05 1.517389949373964978e-05
1.827923669148394481e+02 2.263309519485054254e-05 1.302802146295604685e-04 4.156625536193398574e-05 1.556699721876917290e-05
1.821617076609107642e+02 2.147961567617358907e-05 1.309119922152723403e-04 4.170762216457558831e-05 1.543475483918908760e-05
1.815332242696903791e+02 2.088477412610528184e-05 1.316294597598372939e-04 4.187082643458865465e-05 1.477068548077808080e-05
1.809069092341477187e+02 2.089273801689304011e-05 1.325001249128609203e-04 4.205629777339696228e-05 1.361948340259432187e-05
1.802827550731518329e+02 2.148654229469228291e-05 1.335780343910512055e-04 4.226400117220832029e-05 1.207851900047876838e-05
1.796607543313833730e+02 2.259564820392768718e-05 1.348978429491404002e-04 4.249344046721699540e-05 1.030473785325900466e-05
1.790408995792442397e+02 2.412155414111984668e-05 1.364710187862203160e-04 4.274367182798679079e-05 8.532527738696727454e-06
1.784231834127699301e+02 2.596461257977622901e-05 1.382847723116138511e-04 4.301332694599037138e-05 7.099001998611935534e-06
1.778075984535407201e+02 2.804065082090656221e-05 1.403038303081326210e-04 4.330064516478885706e-05 6.396610075171350639e-06
1.771941373485929603e+02 3.028672242695891996e-05 1.424747081644128169e-04 4.360351417421933764e-05 6.582811535539790293e-06
1.765827927703324178e+02 3.266019191537873287e-05 1.447317693285585347e-04 4.391951780611520306e-05 7.351799536846994485e-06
1.759735574164453737e+02 3.513498740351339008e-05 1.470041861233579951e-04 4.424599026839385024e-05 8.241265198124632794e-06
1.753664240098127891e+02 3.769714890994106096e-05 1.492229604740899528e-04 4.458007528432311089e-05 8.922406740319683576e-06
1.747613852984221410e+02 4.034057397976762891e-05 1.513273116427576168e-04 4.491878909971501319e-05 9.218196900743399607e-06
1.741584340552817594e+02 4.306327745633086400e-05 1.532699512236462228e-04 4.525908565653393031e-05 9.061699570134980545e-06
1.735575630783341126e+02 4.586427070847583839e-05 1.550209576485798643e-04 4.559792275999267452e-05 8.477225111830972409e-06
1.729587651903692915e+02 4.874110473407272578e-05 1.565700899179921061e-04 4.593232767215842929e-05 7.589953193736650262e-06
1.723620332389404552e+02 5.168809859049153493e-05 1.579274796595784756e-04 4.625946076159202617e-05 6.667647123375694117e-06
1.717673600962770593e+02 5.469524883839683212e-05 1.591226872854178259e-04 4.657667584262421774e-05 6.163439584707866869e-06
1.711747386592008979e+02 5.774778068537856756e-05 1.602021571521628331e-04 4.688157597851449722e-05 6.544775576714942312e-06
1.705841618490402709e+02 6.082626575869576764e-05 1.612251879149788271e-04 4.717206349134029974e-05 7.841009024471172763e-06
1.699956226115462243e+02 6.390720343511196013e-05 1.622586277319541218e-04 4.744638328168565209e-05 9.671275945131348060e-06
1.694091139168079394e+02 6.696394777156831500e-05 1.633706630907126849e-04 4.770315847560729840e-05 1.164621595740244288e-05
1.688246287591684052e+02 6.996786159513214334e-05 1.646242349876633488e-04 4.794141780776833649e-05 1.349332723777714814e-05
1.682421601571416545e+02 7.288958862129150571e-05 1.660707535884258608e-04 4.816061406833291862e-05 1.503063894073254198e-05
1.676617011533282380e+02 7.570035021595965003e-05 1.677448630558866572e-04 4.836063348730299042e-05 1.614010803256257575e-05
1.670832448143333124e+02 7.837319065490262174e-05 1.696609284358410372e-04 4.854179583473655944e-05 1.675676466672627375e-05
1.665067842306826265e+02 8.088411128117990224e-05 1.718117155938224372e-04 4.870484524118057478e-05 1.686618699625147839e-05
1.659323125167410069e+02 8.321304777889567176e-05 1.741694216070156895e-04 4.885093217314079620e-05 1.650550470077016501e-05
1.653598228106296517e+02 8.534465347681950589e-05 1.766888544527869939e-04 4.898158689175107638e-05 1.576580747805557311e-05
1.647893082741438775e+02 8.726886282258926027e-05 1.793122826142210273e-04 4.909868514490770339e-05 1.479421497841593095e-05
1.642207620926722313e+02 8.898121332748385912e-05 1.819752978097036200e-04 4.920440669302161103e-05 1.379086028692871541e-05
1.636541774751140679e+02 9.048290766382520933e-05 1.846129963019364187e-04 4.930118786935521239e-05 1.298797657722067585e-05
1.630895476537995989e+02 9.178060991408405983e-05 1.871658732178165105e-04 4.939166900819887774e-05 1.259182715583530643e-05
1.625268658844078971e+02 9.288597125279623643e-05 1.895849405758881642e-04 4.947863798836821307e-05 1.269313486637867171e-05
1.619661254458872577e+02 9.381489116568832891e-05 1.918357344458298998e-04 4.956497111122167839e-05 1.321374342049584861e-05
1.614073196403745385e+02 9.458653800437103940e-05 1.939010037782698374e-04 4.965357255346902580e-05 1.394967198030327002e-05
1.608504417931147259e+02 9.522216208857325328e-05 1.957819604547439364e-04 4.974731369145165611e-05 1.466407673915183270e-05
1.602954852523823490e+02 9.574375707883866094e-05 1.974980558852514219e-04 4.984897356504243432e-05 1.515342209234599997e-05
1.597424433894005631e+02 9.617264276897780030e-05 1.990853017691428457e-04 4.996118171242044519e-05 1.527225832109096730e-05
1.591913095982634161e+02 9.652805937929653194e-05 2.005932172329585590e-04 5.008636455386493419e-05 1.493660186458099964e-05
1.586420772958556711e+02 9.682587530469478226e-05 2.020805856802457734e-04 5.022669640486488314e-05 1.412178083423767891e-05
1.580947399217751581e+02 9.707750610646179905e-05 2.036102936760599892e-04 5.038405609805310717e-05 1.286182342713051994e-05
1.575492909382540461e+02 9.728914124188172568e-05 2.052436544025038382e-04 5.055999006420967449e-05 1.125498476575247816e-05
1.570057238300802567e+02 9.746134268812117361e-05 2.070347306048993708e-04 5.075568258562827644e-05 9.483260576501601518e-06
1.564640321045205837e+02 9.758904824749201057e-05 2.090252294268956658e-04 5.097193377683765581e-05 7.858007056716662884e-06
1.559242092912425903e+02 9.766197906593604341e-05 2.112405452340964686e-04 5.120914561635894053e-05 6.862739598428142358e-06
1.553862489422371311e+02 9.766540477609878229e-05 2.136874148600078401e-04 5.146731640332195942e-05 6.953962981411242233e-06
1.548501446317416423e+02 9.758119484876101341e-05 2.163534512676419544e-04 5.174604346579300598e-05 8.052779185627596771e-06
1.543158899561636019e+02 9.738906143335043027e-05 2.192085930127165476e-04 5.204453414558704637e-05 9.644149881797883558e-06
1.537834785340037342e+02 9.706789457132310259e-05 2.222082424461816451e-04 5.236162466983264763e-05 1.127866183635839166e-05
1.532529040057794987e+02 9.659709437352449496e-05 2.252976777510860016e-04 5.269580657923453049e-05 1.268682517677015208e-05
1.527241600339497154e+02 9.595781310259732678e-05 2.284172238214327607e-04 5.304525987907122276e-05 1.372270620283999768e-05
1.521972403028387646e+02 9.513404876302936834e-05 2.315076327239674761e-04 5.340789235845066081e-05 1.432342345666070720e-05
1.516721385185607005e+02 9.411354005616562530e-05 2.345151868122554166e-04 5.378138418104471644e-05 1.449387482755836635e-05
1.511488484089442750e+02 9.288843613365868374e-05 2.373961285980610619e-04 5.416323673169887631e-05 1.430400556300147948e-05
1.506273637234584726e+02 9.145573224441706263e-05 2.401201176956967739e-04 5.455082471513836236e-05 1.389034023173854725e-05
1.501076782331374204e+02 8.981746960401491928e-05 2.426725296281732511e-04 5.494145041258831775e-05 1.345261973843968039e-05
1.495897857305056959e+02 8.798071290700095100e-05 2.450554825967240211e-04 5.533239901022945725e-05 1.322854278942006540e-05
1.490736800295048852e+02 8.595731983883340044e-05 2.472875464779330070e-04 5.572099379123048935e-05 1.342773191944299024e-05
1.485593549654194021e+02 8.376353017318483138e-05 2.494021727434724890e-04 5.610465013698389102e-05 1.414176549310173113e-05
1.480468043948024786e+02 8.141939978331088127e-05 2.514449318957087936e-04 5.648092725530042332e-05 1.530221745291795332e-05
1.475360221954031203e+02 7.894811086545654871e-05 2.534697288794435449e-04 5.684757654757630247e-05 1.672636020002074903e-05
1.470270022660932057e+02 7.637519827937384940e-05 2.555342650629039412e-04 5.720258577048668055e-05 1.819690413224129720e-05
1.465197385267943559e+02 7.372773037489608206e-05 2.576950874124798747e-04 5.754421805982430361e-05 1.951645985057923001e-05
1.460142249184049490e+02 7.103349214443800458e-05 2.600026511352546100e-04 5.787104515683864507e-05 2.052992226992998451e-05
1.455104554027284962e+02 6.832022216001829690e-05 2.624968621633670413e-04 5.818197410981309364e-05 2.113035692978104918e-05
1.450084239624011104e+02 6.561495830989230911e-05 2.652035433035979540e-04 5.847626713531286710e-05 2.125964282421529634e-05
1.445081246008192579e+02 6.294354917549031760e-05 2.681322017500640024e-04 5.875355421018091937e-05 2.090829581957444713e-05
1.440095513420691020e+02 6.033038373057769525e-05 2.712753289238809375e-04 5.901383821112802868e-05 2.011569198388082341e-05
1.435126982308539425e+02 5.779838364650847365e-05 2.746092801602022606e-04 5.925749259070897776e-05 1.897084847902935891e-05
1.430175593324242698e+02 5.536928174578356859e-05 2.780966175778264724e-04 5.948525174151094179e-05 1.761310817838840589e-05
1.425241287325057726e+02 5.306418209558298233e-05 2.816896253072042971e-04 5.969819430319977421e-05 1.622969895751792522e-05
1.420324005372295346e+02 5.090435417331992999e-05 2.853346023811046219e-04 5.989771977563979218e-05 1.504121745085668199e-05
1.415423688730614344e+02 4.891215991332443271e-05 2.889765165476196524e-04 6.008551889568086344e-05 1.425894229668306101e-05
1.410540278867312907e+02 4.711194955819261097e-05 2.925635924748818425e-04 6.026353870858617830e-05 1.400841142135769802e-05
1.405673717451642517e+02 4.553069522429347126e-05 2.960514653248251418e-04 6.043394274605830453e-05 1.426189425536674388e-05
1.400823946354097416e+02 4.419808233885436874e-05 2.994066194789884506e-04 6.059906730967783774e-05 1.484836413868705398e-05
1.395990907645732193e+02 4.314577481738433265e-05 3.026088913235855230e-04 6.076137476680962290e-05 1.553474592537473854e-05
1.391174543597459206e+02 4.240565523993775223e-05 3.056528989839210576e-04 6.092340474590215776e-05 1.610476024499736070e-05
1.386374796679368444e+02 4.200705413546193436e-05 3.085483372155852226e-04 6.108772425233630586e-05 1.639763451611845225e-05
1.381591609560036034e+02 4.197330862406482095e-05 3.113191273088460336e-04 6.125687766308800968e-05 1.631816345317722066e-05
1.376824925105835291e+02 4.231832848110751185e-05 3.140014840770479279e-04 6.143333760801055084e-05 1.583714718415639406e-05
1.372074686380264268e+02 4.304401575845866206e-05 3.166410265708378079e-04 6.161945765107069333e-05 1.499254388894571990e-05
1.367340836643254249e+02 4.413923143299615192e-05 3.192891210337687265e-04 6.181742771501532309e-05 1.389556537863974024e-05
1.362623319350502982e+02 4.558054880940851593e-05 3.219987250462168476e-04 6.202923304670820471e-05 1.274166246039392972e-05
1.357922078152789425e+02 4.733450030478230096e-05 3.248200547363960496e-04 6.225661751725135816e-05 1.181399700967063700e-05
1.353237056895307830e+02 4.936067463270441821e-05 3.277964319034320085e-04 6.250105188035370851e-05 1.143595825090193024e-05
1.348568199616995855e+02 5.161497392862952752e-05 3.309606925595603619e-04 6.276370762439078697e-05 1.182558834681671318e-05
1.343915450549859543e+02 5.405252560294675576e-05 3.343324876336883759e-04 6.304543677925138841e-05 1.294836599433041027e-05
1.339278754118317067e+02 5.663000162576709186e-05 3.379167251885979283e-04 6.334675802771431476e-05 1.455775609447602315e-05
1.334658054938529403e+02 5.930730459598674545e-05 3.417033093504759584e-04 6.366784940324915162e-05 1.635594227148214226e-05
1.330053297817737814e+02 6.204869671222961553e-05 3.456681741037408487e-04 6.400854750831765560e-05 1.809319092032008860e-05
1.325464427753605889e+02 6.482348419911585999e-05 3.497754772854688829e-04 6.436835334365654377e-05 1.958934636874508858e-05
1.320891389933564994e+02 6.760635946531931637e-05 3.539807336302437895e-04 6.474644436599485346e-05 2.072821590490195044e-05
1.316334129734158296e+02 7.037747824670147125e-05 3.582345662000214104e-04 6.514169277226538105e-05 2.145020184255055337e-05
1.311792592720383652e+02 7.312232151780820874e-05 3.624867257470016919e-04 6.555268932095956408e-05 2.174820135185517454e-05
1.307266724645050431e+02 7.583137138601844134e-05 3.666900596015392269e-04 6.597777230324649634e-05 2.166587563199085889e-05
1.302756471448129219e+02 7.849962027346961272e-05 3.708041192456047871e-04 6.641506103074971555e-05 2.129618347736361643e-05
1.298261779256102102e+02 8.112592854644293499e-05 3.747981517855619011e-04 6.686249320415645471e-05 2.077704639300438205e-05
1.293782594381323179e+02 8.371224934546719388e-05 3.786533075325372046e-04 6.731786536951216583e-05 2.027908710328958433e-05
1.289318863321377933e+02 8.626274658683247179e-05 3.823639291748532005e-04 6.777887562658751423e-05 1.997915914535012996e-05
1.284870532758443176e+02 8.878284120080552340e-05 3.859378512278600513e-04 6.824316784707089485e-05 2.001815074815327283e-05
1.280437549558646140e+02 9.127823030557128791e-05 3.893957222793769410e-04 6.870837649773394297e-05 2.045635788327275915e-05
1.276019860771436925e+02 9.375393078974904998e-05 3.927693904779677833e-04 6.917217124546169358e-05 2.125266985737556770e-05
1.271617413628951709e+02 9.621340288628258536e-05 3.960994525687900778e-04 6.963230046869853316e-05 2.228213342930196101e-05
1.267230155545381933e+02 9.865780524534754816e-05 3.994321491835124607e-04 7.008663294014330994e-05 2.337762509574212928e-05
1.262858034116346886e+02 1.010854289289578209e-04 4.028158138973675232e-04 7.053319686016908650e-05 2.437029666660714880e-05
1.258500997118270703e+02 1.034913423531387739e-04 4.062971310557052045e-04 7.097021556852057373e-05 2.511593586406480483e-05
1.254158992507755954e+02 1.058672641102797698e-04 4.099175123350948528e-04 7.139613930776364027e-05 2.550821958640987384e-05
1.249831968420959072e+02 1.082016647487425048e-04 4.137098789064230157e-04 7.180967251502830186e-05 2.548426345325183092e-05
1.245519873172977441e+02 1.104800797056089336e-04 4.176961142791042530e-04 7.220979612040486959e-05 2.502673179158626903e-05
1.241222655257228382e+02 1.126856051108421803e-04 4.218854250984012942e-04 7.259578454183997307e-05 2.416478842796379296e-05
1.236940263344831976e+02 1.147995330014434605e-04 4.262737373009769072e-04 7.296721713323796560e-05 2.297477769554662669e-05
1.232672646283999995e+02 1.168020852723310231e-04 4.308441588197952569e-04 7.332398392315675180e-05 2.158034927292886045e-05
1.228419753099427396e+02 1.186731967988526796e-04 4.355684671216412279e-04 7.366628561162284891e-05 2.014972245621733055e-05
1.224181532991681394e+02 1.203933050452949565e-04 4.404094590227007676e-04 7.399462775509119204e-05 1.888383921930038796e-05
1.219957935336590680e+02 1.219441068205455561e-04 4.453239322274028756e-04 7.430980963444077183e-05 1.798476602222807372e-05
1.215748909684647430e+02 1.233092493220498166e-04 4.502660572514327088e-04 7.461290768725307456e-05 1.759878626404099989e-05
1.211554405760402489e+02 1.244749302627180549e-04 4.551908535558809882e-04 7.490525424668043292e-05 1.775584851338418409e-05
1.207374373461860841e+02 1.254303826994255047e-04 4.600574974641042422e-04 7.518841152677562770e-05 1.835300952140604853e-05
1.203208762859887315e+02 1.261682369948606823e-04 4.648322535024109955e-04 7.546414203752248512e-05 1.920002912153942790e-05
1.199057524197611002e+02 1.266847453278020081e-04 4.694908284041454986e-04 7.573437539812495622e-05 2.008804621874570360e-05
1.194920607889829114e+02 1.269798697380094415e-04 4.740199979992094264e-04 7.600117260757064471e-05 2.083864890225215873e-05
1.190797964522411547e+02 1.270572280728077914e-04 4.784184426412371803e-04 7.626668815785378507e-05 2.132564718542526641e-05
1.186689544851717102e+02 1.269239094742516372e-04 4.826967389567241138e-04 7.653313094328068056e-05 2.148103481494006100e-05
1.182595299804002167e+02 1.265901620925711558e-04 4.868765094353919476e-04 7.680272451158770151e-05 2.129557042679977778e-05
1.178515180474832249e+02 1.260689673237551270e-04 4.909888148548656938e-04 7.707766744602000998e-05 2.081868292645597598e-05
1.174449138128499754e+02 1.253755166463630863e-04 4.950718817227473629e-04 7.736009459327474619e-05 2.015807963746841589e-05
1.170397124197444327e+02 1.245266120870348859e-04 4.991683084570192877e-04 7.765203979216608442e-05 1.947558624309506304e-05
1.166359090281670632e+02 1.235400156276882978e-04 5.033219652987994857e-04 7.795540078661550580e-05 1.897096377292767177e-05
1.162334988148167128e+02 1.224337725878526053e-04 5.075747935950268271e-04 7.827190686115124659e-05 1.884306016420639988e-05
1.158324769730335504e+02 1.212255466026293348e-04 5.119637354223045876e-04 7.860308985874761914e-05 1.922917506215900843e-05
1.154328387127414146e+02 1.199319943958375781e-04 5.165180474128698443e-04 7.895025890210734839e-05 2.015223731101471410e-05
1.150345792603904016e+02 1.185682188343363877e-04 5.212571946240402050e-04 7.931447937028880484e-05 2.151575047844685312e-05
1.146376938588998797e+02 1.171473264727568368e-04 5.261894867288401069e-04 7.969655629394091555e-05 2.314772184119511089e-05
1.142421777676024703e+02 1.156801230727824107e-04 5.313115727572758750e-04 8.009702265126199911e-05 2.485605948765196043e-05
1.138480262621861101e+02 1.141749613815595338e-04 5.366088134209863253e-04 8.051613238636811645e-05 2.646659230970165578e-05
1.134552346346383587e+02 1.126377548046928010e-04 5.420564858245055864e-04 8.095385855614804619e-05 2.784104983150565490e-05
1.130637981931903511e+02 1.110721542004711410e-04 5.476217123410340127e-04 8.140989619412171354e-05 2.888333125103576432e-05
1.126737122622604090e+02 1.094798790630040160e-04 5.532659409826915561e-04 8.188367032910384485e-05 2.954096126146271009e-05
1.122849721823981071e+02 1.078611794251748074e-04 5.589477784810059635e-04 8.237434828648398455e-05 2.980495680169491555e-05
1.118975733102286512e+02 1.062153985920524563e-04 5.646259517699928109e-04 8.288085660485813768e-05 2.970894948071756754e-05
1.115115110183981812e+02 1.045416023346385474e-04 5.702621924411785349e-04 8.340190179393931064e-05 2.932711949064163693e-05
1.111267806955172119e+02 1.028392348394762979e-04 5.758238498076702436e-04 8.393599475886851424e-05 2.876956282792565513e-05
1.107433777461062760e+02 1.011087645187640189e-04 5.812860521745705222e-04 8.448147849009323004e-05 2.817283053645721196e-05
1.103612975905412554e+02 9.935228279127355936e-05 5.866333119716595846e-04 8.503655809771503208e-05 2.768304094007019423e-05
1.099805356649982855e+02 9.757402674097633379e-05 5.918604773650799076e-04 8.559933316332023331e-05 2.743068539590813650e-05
1.096010874213990292e+02 9.578079825020200354e-05 5.969729674505785001e-04 8.616783140708859153e-05 2.750140789711180155e-05
1.092229483273570310e+02 9.398226028466870547e-05 6.019863188651567104e-04 8.674004340542671343e-05 2.791346748542719870e-05
1.088461138661231189e+02 9.219109462202382450e-05 6.069250607547328627e-04 8.731395744172215959e-05 2.861325830478183223e-05
1.084705795365314174e+02 9.042301066659342039e-05 6.118209830985505988e-04 8.788759412630725478e-05 2.949121547353730384e-05
1.080963408529456160e+02 8.869659799065608989e-05 6.167109400139002924e-04 8.845904010075151028e-05 3.040922525641086803e-05
1.077233933452057499e+02 8.703302058392600759e-05 6.216343103437075787e-04 8.902648026338244613e-05 3.122769122955061237e-05
1.073517325585745255e+02 8.545555383132349503e-05 6.266302842798291512e-04 8.958822800255299167e-05 3.182552463212736754e-05
1.069813540536837735e+02 8.398897309602676778e-05 6.317351772456370265e-04 9.014275295213349567e-05 3.211234248211616014e-05
1.066122534064820826e+02 8.265880973420692548e-05 6.369799446516362937e-04 9.068870581868661524e-05 3.203500091551626653e-05
1.062444262081816646e+02 8.149050470957158818e-05 6.423880818375072872e-04 9.122493994745135403e-05 3.158078507960186590e-05
1.058778680652054049e+02 8.050849965932740427e-05 6.479740551638881602e-04 9.175052913712164525e-05 3.077876728046345141e-05
1.055125745991347515e+02 7.973532316358825068e-05 6.537423798494481362e-04 9.226478174548726906e-05 2.969987842669917605e-05
1.051485414466574184e+02 7.919073966596784436e-05 6.596874099341581803e-04 9.276725055571451021e-05 2.845516055390155165e-05
1.047857642595151759e+02 7.889103163889561927e-05 6.657938231490235798e-04 9.325773866403871319e-05 2.719022478952449399e-05
1.044242387044515823e+02 7.884848117714001760e-05 6.720377829114538779e-04 9.373630087594336661e-05 2.607218559340863977e-05
1.040639604631609245e+02 7.907109640382240022e-05 6.783886639321978860e-04 9.420324113630546860e-05 2.526481383211916834e-05
1.037049252322361070e+02 7.956260048549742127e-05 6.848111881537868352e-04 9.465910574097381410e-05 2.489207723318259232e-05
1.033471287231172937e+02 8.032266440790935364e-05 6.912678472715676507e-04 9.510467255751386148e-05 2.500154420308756180e-05
1.029905666620407771e+02 8.134733433053163536e-05 6.977214133843661226e-04 9.554093686886014315e-05 2.554819828156965045e-05
1.026352347899880897e+02 8.262958211511386790e-05 7.041373687943111408e-04 9.596909325415724679e-05 2.641036485688258038e-05
1.022811288626349722e+02 8.415989783743096702e-05 7.104861188166737042e-04 9.639051471482694346e-05 2.742728591729416058e-05
1.019282446503004138e+02 8.592685162780061862e-05 7.167448363815870967e-04 9.680672919459977043e-05 2.843733843427020426e-05
1.015765779378966869e+02 8.791757004493030493e-05 7.228988469595386658e-04 9.721939355031385718e-05 2.930429156595656506e-05
1.012261245248786992e+02 9.011809363136383179e-05 7.289424665565870940e-04 9.763026587227302165e-05 2.993100808619812876e-05
1.008768802251936023e+02 9.251360903867422941e-05 7.348792681046868031e-04 9.804117634851656484e-05 3.026506927862023042e-05
1.005288408672310680e+02 9.508856743510704819e-05 7.407217694731135478e-04 9.845399736595568027e-05 3.030033163641748328e-05
1.001820022937735786e+02 9.782671493797688393e-05 7.464905420653551033e-04 9.887061318732481645e-05 3.007636859595517814e-05
9.983636036194658914e+01 1.007110681499534457e-04 7.522128416151955448e-04 9.929288977704155356e-05 2.967583878910530452e-05
9.949191094316876161e+01 1.037238681968670695e-04 7.579208195892721354e-04 9.972264526759080255e-05 2.921820988359337157e-05
9.914864992310326386e+01 1.068465452070504589e-04 7.636494218388507763e-04 1.001616214917305212e-04 2.884706395009217688e-05
9.880657320160824497e+01 1.100597154529519395e-04 7.694341345125883976e-04 1.006114570825589254e-04 2.870844576319577849e-05
9.846567669268777934e+01 1.133432295307920532e-04 7.753086951995977021e-04 1.010736624705783936e-04 2.892129084194818784e-05
9.812595632444318028e+01 1.166762792722055188e-04 7.813029335566942920e-04 1.015495972700027560e-04 2.954797623990883812e-05
9.778740803902455525e+01 1.200375658689410360e-04 7.874408694890582634e-04 1.020404502787157269e-04 3.057795544257100955e-05
9.745002779258219050e+01 1.234055240695870043e-04 7.937392077893693811e-04 1.025472224335303409e-04 3.193272485957999112e-05
9.711381155521793573e+01 1.267585945911453170e-04 8.002063289125592189e-04 1.030707129317141396e-04 3.348812459005911027e-05
9.677875531093758354e+01 1.300755321984237893e-04 8.068418085095119263e-04 1.036115086633275311e-04 3.510203274604664137e-05
9.644485505760272304e+01 1.333357361830030368e-04 8.136365382811504071e-04 1.041699772767328171e-04 3.663760092754543096e-05
9.611210680688266450e+01 1.365195884198400461e-04 8.205733968798330398e-04 1.047462635433702490e-04 3.797868839218831289e-05
9.578050658420707464e+01 1.396087854961914970e-04 8.276284159568820685e-04 1.053402895234194713e-04 3.903860862992336410e-05
9.545005042871855494e+01 1.425866498088671896e-04 8.347723743541836210e-04 1.059517579606172871e-04 3.976448231502920452e-05
9.512073439322524848e+01 1.454384090913901162e-04 8.419726828234252655e-04 1.065801593079314429e-04 4.013896079107878457e-05
9.479255454415341831e+01 1.481514316192125507e-04 8.491954541288141605e-04 1.072247819888901205e-04 4.018020080678105251e-05
9.446550696150092108e+01 1.507154100673265809e-04 8.564075917468432593e-04 1.078847254621676465e-04 3.994020864050477578e-05
9.413958773879021180e+01 1.531224832742743335e-04 8.635788054092022673e-04 1.085589163874335194e-04 3.950107782100078287e-05
9.381479298302144798e+01 1.553672945722927787e-04 8.706834162727428638e-04 1.092461270082096988e-04 3.896820745270260304e-05
9.349111881462609119e+01 1.574469794606478379e-04 8.777018313537721106e-04 1.099449959837795301e-04 3.845946466136801592e-05
9.316856136742119077e+01 1.593610853206198533e-04 8.846216523035600569e-04 1.106540509367513460e-04 3.808987203485313512e-05
9.284711678856214689e+01 1.611114191878995844e-04 8.914383248380748810e-04 1.113717323855103531e-04 3.795315919007716368e-05
9.252678123849730696e+01 1.627018330898408595e-04 8.981553223071682412e-04 1.120964189015615154e-04 3.810410755560701213e-05
9.220755089092214973e+01 1.641379474347475355e-04 9.047838444426189531e-04 1.128264528024078533e-04 3.854733696195709804e-05
9.188942193273345538e+01 1.654268259300327925e-04 9.113420710353761387e-04 1.135601662364770208e-04 3.923689101173411588e-05
9.157239056398360333e+01 1.665766069687964711e-04 9.178540186619303567e-04 1.142959070426428746e-04 4.008669181389723415e-05
9.125645299783521125e+01 1.675961109454359701e-04 9.243480356877716063e-04 1.150320641011112928e-04 4.098762416802513906e-05
9.094160546051649874e+01 1.684944329004389827e-04 9.308550801138211397e-04 1.157670917928848892e-04 4.182567186883037356e-05
9.062784419127528679e+01 1.692805411231610693e-04 9.374068379628647902e-04 1.164995332057247146e-04 4.249717290299545900e-05
9.031516544233453203e+01 1.699628936451618951e-04 9.440338137967157171e-04 1.172280416742144907e-04 4.291978580408185222e-05
9.000356547884777569e+01 1.705490934579622178e-04 9.507635025271835797e-04 1.179514004998486403e-04 4.303949816203564237e-05
8.969304057885423731e+01 1.710455950343023617e-04 9.576187564531749800e-04 1.186685404135007834e-04 4.283461491317874261e-05
8.938358703323429211e+01 1.714574768349576360e-04 9.646164572970219271e-04 1.193785546920107424e-04 4.231755195970140284e-05
8.907520114566524683e+01 1.717882883072589827e-04 9.717665317175846681e-04 1.200807116813124356e-04 4.153482479989108444e-05
8.876787923257766977e+01 1.720399783056221650e-04 9.790714274496756762e-04 1.207744644128177109e-04 4.056506991586391264e-05
8.846161762311051291e+01 1.722129089097724618e-04 9.865260286817595977e-04 1.214594576071477351e-04 3.951433924463463020e-05
8.815641265906778301e+01 1.723059500593569348e-04 9.941180299436905374e-04 1.221355315085480525e-04 3.850739537719027287e-05
8.785226069487490008e+01 1.723166511918923960e-04 1.001828729562186234e-03 1.228027229578676786e-04 3.767375334534040442e-05
8.754915809753508427e+01 1.722414766486274752e-04 1.009634191147873060e-03 1.234612635441200692e-04 3.712849707182419313e-05
8.724710124658565746e+01 1.720760981009762734e-04 1.017506704037446667e-03 1.241115746077582301e-04 3.695089946072359810e-05
8.694608653405522602e+01 1.718157233167717877e-04 1.025416407556515143e-03 1.247542599970875583e-04 3.716732533002238038e-05
8.664611036442045133e+01 1.714554511166586405e-04 1.033333040921190693e-03 1.253900958299217336e-04 3.774552592136157383e-05
8.634716915456289144e+01 1.709906307925186024e-04 1.041227662778373888e-03 1.260200180456592218e-04 3.860309310941224592e-05
8.604925933372635427e+01 1.704172190209451434e-04 1.049074273896121162e-03 1.266451077985568288e-04 3.962622163264623265e-05
8.575237734347442142e+01 1.697321134393032192e-04 1.056851230107799279e-03 1.272665746542235772e-04 4.069138764509111673e-05
8.545651963764778714e+01 1.689334574885566036e-04 1.064542398822182229e-03 1.278857384710899148e-04 4.168392065614753063e-05
8.516168268232161154e+01 1.680209014333410380e-04 1.072137993526873318e-03 1.285040096370734352e-04 4.251104889568208607e-05
8.486786295576386863e+01 1.669958190623917454e-04 1.079635019365708052e-03 1.291228683319546947e-04 4.310974718758730481e-05
8.457505694839299792e+01 1.658614699607832102e-04 1.087037366504478141e-03 1.297438430344218473e-04 4.345071189711686429e-05
8.428326116273582613e+01 1.646231087775432329e-04 1.094355501751522039e-03 1.303684885165991715e-04 4.353961776968336101e-05
8.399247211338592933e+01 1.632880381550723761e-04 1.101605822759264006e-03 1.309983638123009861e-04 4.341618861792192590e-05
8.370268632696220834e+01 1.618656084533942727e-04 1.108809662774182204e-03 1.316350103321793489e-04 4.315095689047787733e-05
8.341390034206722248e+01 1.603671661309687005e-04 1.115992063065485889e-03 1.322799304993273141e-04 4.283905842924308005e-05
8.312611070924556600e+01 1.588059541171415849e-04 1.123180340045632159e-03 1.329345671775550015e-04 4.259023021514916007e-05
8.283931399094316816e+01 1.571969691397845544e-04 1.130402530865458333e-03 1.336002842650478020e-04 4.251468394756680822e-05
8.255350676146606759e+01 1.555567803642234352e-04 1.137685823700608197e-03 1.342783485272437585e-04 4.270601644371605914e-05
8.226868560693918653e+01 1.539033158601332894e-04 1.145055037469470309e-03 1.349699131333853401e-04 4.322448539959210077e-05
8.198484712526587259e+01 1.522556212129868246e-04 1.152531266867229528e-03 1.356760028897043111e-04 4.408544927459552896e-05
8.170198792608728411e+01 1.506335965257829047e-04 1.160130711128373087e-03 1.363975015071100527e-04 4.525688957559970133e-05
8.142010463074178972e+01 1.490577173343633429e-04 1.167863825478169864e-03 1.371351410848228956e-04 4.666657984558913617e-05
8.113919387222441060e+01 1.475487440873068565e-04 1.175734776293508969e-03 1.378894936448224549e-04 4.821583447821742741e-05
8.085925229514704426e+01 1.461274259014546935e-04 1.183741270557295841e-03 1.386609652362779267e-04 4.979524818468588325e-05
8.058027655569809156e+01 1.448142022128668662e-04 1.191874720273195356e-03 1.394497922058371571e-04 5.129877630397780905e-05
8.030226332160248148e+01 1.436289088822803378e-04 1.200120776722390231e-03 1.402560399720221727e-04 5.263446407806032752e-05
8.002520927208195189e+01 1.425904901720863533e-04 1.208460164628747660e-03 1.410796043710016315e-04 5.373169618708379601e-05
7.974911109781548646e+01 1.417167236870789685e-04 1.216869759081568849e-03 1.419202149053248418e-04 5.454555945793841150e-05
7.947396550089975165e+01 1.410239597107366028e-04 1.225323867680530024e-03 1.427774406783769193e-04 5.505897966453657331e-05
7.919976919480937738e+01 1.405268827454206001e-04 1.233795614337049318e-03 1.436506982527484494e-04 5.528307465985872520e-05
7.892651890435820405e+01 1.402382950718400034e-04 1.242258383269620675e-03 1.445392613152531069e-04 5.525585855799239240e-05
7.865421136565993265e+01 1.401689307049243469e-04 1.250687184665427156e-03 1.454422727043850011e-04 5.503916931375090550e-05
7.838284332608895966e+01 1.403273001493258716e-04 1.259059950366347123e-03 1.463587577583436996e-04 5.471351598741282712e-05
7.811241154424172350e+01 1.407195739415164704e-04 1.267358625187814608e-03 1.472876388893376077e-04 5.437055485183686242e-05
7.784291278989807950e+01 1.413495030519949759e-04 1.275570057412740970e-03 1.482277518416584181e-04 5.410320820762366150e-05
7.757434384398260363e+01 1.422183829967525574e-04 1.283686585451041841e-03 1.491778626146190697e-04 5.399411937296867518e-05
7.730670149852591067e+01 1.433250589998243953e-04 1.291706371504779951e-03 1.501366851345132104e-04 5.410407585424095457e-05
7.703998255662679639e+01 1.446659764524244084e-04 1.299633411053238664e-03 1.511028997154653425e-04 5.446278513889565159e-05
7.677418383241376887e+01 1.462352704597216877e-04 1.307477251537999445e-03 1.520751713559221512e-04 5.506436515421769470e-05
7.650930215100696330e+01 1.480248963520855909e-04 1.315252421508211192e-03 1.530521682332222047e-04 5.586879212886574362e-05
7.624533434848021329e+01 1.500247939318828411e-04 1.322977624518072593e-03 1.540325799149869538e-04 5.680879884626369750e-05
7.598227727182356261e+01 1.522230848685295719e-04 1.330674731539221349e-03 1.550151350398682501e-04 5.780024454645998184e-05
7.572012777890530799e+01 1.546062937267963610e-04 1.338367601000984902e-03 1.559986182732995207e-04 5.875351104461082238e-05
7.545888273843439720e+01 1.571595911436113335e-04 1.346080832778155829e-03 1.569818863133110129e-04 5.958395458679023783e-05
7.519853902992332451e+01 1.598670503215923581e-04 1.353838476858348384e-03 1.579638827634686116e-04 6.022034314696438480e-05
7.493909354365071351e+01 1.627119147197976631e-04 1.361662808794811101e-03 1.589436516400896660e-04 6.061098849501836693e-05
7.468054318062407049e+01 1.656768677700946229e-04 1.369573167047131350e-03 1.599203494683899092e-04 6.072772938644255709e-05
7.442288485254275088e+01 1.687443028292965198e-04 1.377584995624463573e-03 1.608932557288475279e-04 6.056804451796795935e-05
7.416611548176156532e+01 1.718965860134241154e-04 1.385709063900440003e-03 1.618617814578702163e-04 6.015549376766295597e-05
7.391023200125327719e+01 1.751163096566411305e-04 1.393950967236655706e-03 1.628254762530316816e-04 5.953850982282804960e-05
7.365523135457236492e+01 1.783865300778289845e-04 1.402310852516473793e-03 1.637840331833361406e-04 5.878736234112193491e-05
7.340111049581858538e+01 1.816909871681991577e-04 1.410783472627340782e-03 1.647372918637621134e-04 5.798898403758899066e-05
7.314786638960053722e+01 1.850143015177333080e-04 1.419358479874462120e-03 1.656852397211150798e-04 5.723936872415655286e-05
7.289549601099915321e+01 1.883421461333631484e-04 1.428021000398156572e-03 1.666280110822023126e-04 5.663359164305901917e-05
7.264399634553171836e+01 1.916613900058189337e-04 1.436752388205563523e-03 1.675658845020668302e-04 5.625421538605744636e-05
7.239336438911628591e+01 1.949602103911795116e-04 1.445531197130092531e-03 1.684992784461383124e-04 5.615983536304257632e-05
7.214359714803505597e+01 1.982281728208616525e-04 1.454334247923170977e-03 1.694287449447198746e-04 5.637626784058926338e-05
7.189469163889899050e+01 2.014562768528495415e-04 1.463137779039147632e-03 1.703549618264812288e-04 5.689278056753011692e-05
7.164664488861232883e+01 2.046369671039918704e-04 1.471918580353595921e-03 1.712787234759936275e-04 5.766449724700021661e-05
7.139945393433688992e+01 2.077641096189305624e-04 1.480655109707936304e-03 1.722009299663269390e-04 5.862023524065745666e-05
7.115311582345648844e+01 2.108329341708144785e-04 1.489328493355553075e-03 1.731225752708105074e-04 5.967356196054573395e-05
7.090762761354211818e+01 2.138399449984834200e-04 1.497923384817572952e-03 1.740447343665917231e-04 6.073449678251307383e-05
7.066298637231653856e+01 2.167828011830951265e-04 1.506428631059763016e-03 1.749685493962330250e-04 6.171989724048997745e-05
7.041918917761911700e+01 2.196601714831509968e-04 1.514837744247073473e-03 1.758952152510953181e-04 6.256155153024452924e-05
7.017623311737112601e+01 2.224715673336129685e-04 1.523149141414023187e-03 1.768259646551211927e-04 6.321178918489542720e-05
6.993411528954105449e+01 2.252171589867341464e-04 1.531366140836936014e-03 1.777620529167747048e-04 6.364683288824343396e-05
6.969283280210976272e+01 2.278975817199862717e-04 1.539496731592221055e-03 1.787047426796007765e-04 6.386818767056512923e-05
6.945238277303582208e+01 2.305137353461920665e-04 1.547553129910126399e-03 1.796552887160956548e-04 6.390225280925704819e-05
6.921276233022143742e+01 2.330665882570149389e-04 1.555551148614943988e-03 1.806149230481443775e-04 6.379816424712436620e-05
6.897396861147792890e+01 2.355569878151451307e-04 1.563509387660798680e-03 1.815848404755358630e-04 6.362373281223786335e-05
6.873599876449146961e+01 2.379854872558917413e-04 1.571448316811584591e-03 1.825661848437488413e-04 6.345932204114389111e-05
6.849884994678912165e+01 2.403521928322871308e-04 1.579389274928718950e-03 1.835600360767785386e-04 6.338969450152859178e-05
6.826251932570495740e+01 2.426566356213188730e-04 1.587353451805688896e-03 1.845673980939311753e-04 6.349430793813805470e-05
6.802700407834619512e+01 2.448976763771308412e-04 1.595360864547173529e-03 1.855891879472688607e-04 6.383718841673779749e-05
6.779230139155922075e+01 2.470734407307882880e-04 1.603429419242380577e-03 1.866262260153955929e-04 6.445810586364562054e-05
6.755840846189634874e+01 2.491812922943977904e-04 1.611574071658092820e-03 1.876792275314215501e-04 6.536692100868027506e-05
6.732532249558222759e+01 2.512178388180302032e-04 1.619806151542723576e-03 1.887487957101431505e-04 6.654241373514904691e-05
6.709304070848028800e+01 2.531789739515061493e-04 1.628132839664561422e-03 1.898354159393116265e-04 6.793575094607563313e-05
6.686156032605960320e+01 2.550599527258672452e-04 1.636556865560321282e-03 1.909394517784018211e-04 6.947756437623708186e-05
6.663087858336190550e+01 2.568554942865772781e-04 1.645076406168942103e-03 1.920611424068671311e-04 7.108691152593725352e-05
6.640099272496841820e+01 2.585599128369419969e-04 1.653685212449878227e-03 1.932006014016877070e-04 7.268040995998283332e-05
6.617190000496674429e+01 2.601672649894822388e-04 1.662372915925349305e-03 1.943578172741708746e-04 7.418031858724742850e-05
6.594359768691847989e+01 2.616715154970918945e-04 1.671125536733457026e-03 1.955326556220775129e-04 7.552095981683699380e-05
6.571608304382628774e+01 2.630667111575952740e-04 1.679926142990740114e-03 1.967248621764535041e-04 7.665333747525614086e-05
6.548935335810125480e+01 2.643471580560499733e-04 1.688755644142450217e-03 1.979340677717788361e-04 7.754806376641534902e-05
6.526340592153053421e+01 2.655075997152104932e-04 1.697593652030372682e-03 1.991597944801581162e-04 7.819676439547028238e-05
6.503823803524507241e+01 2.665433840750774594e-04 1.706419393022732449e-03 2.004014626795441810e-04 7.861209937759724173e-05
6.481384700968735046e+01 2.674506242748815404e-04 1.715212625221641850e-03 2.016583993676500743e-04 7.882644635088669220e-05
6.459023016457898336e+01 2.682263413469061341e-04 1.723954517096637409e-03 2.029298480313744199e-04 7.888923338261410686e-05
6.436738482888908663e+01 2.688685891961357976e-04 1.732628442922105839e-03 2.042149784706984877e-04 7.886287936494463591e-05
6.414530834080224508e+01 2.693765604242353835e-04 1.741220660889203744e-03 2.055128977661813626e-04 7.881737618907597143e-05
6.392399804768654548e+01 2.697506647626796606e-04 1.749720872350789876e-03 2.068226620035380943e-04 7.882371400259225336e-05
6.370345130606200712e+01 2.699925886719730782e-04 1.758122609421673482e-03 2.081432882074470191e-04 7.894663939924570744e-05
6.348366548156918299e+01 2.701053268053356989e-04 1.766423459837828010e-03 2.094737665500017560e-04 7.923754620690754411e-05
6.326463794893748371e+01 2.700931898996888599e-04 1.774625088302037934e-03 2.108130729311328286e-04 7.972853511661512869e-05
6.304636609195372898e+01 2.699617900297157863e-04 1.782733118570202155e-03 2.121601815114135942e-04 8.042866156557755769e-05
6.282884730343122470e+01 2.697179992758336762e-04 1.790756818094341521e-03 2.135140768303712370e-04 8.132307144663103514e-05
6.261207898517841386e+01 2.693698914680536078e-04 1.798708656733178897e-03 2.148737659952891445e-04 8.237514651773199844e-05
6.239605854796774054e+01 2.689266616624028799e-04 1.806603690723179332e-03 2.162382902933708832e-04 8.353117464644727117e-05
6.218078341150486921e+01 2.683985293203193338e-04 1.814458897016582670e-03 2.176067362996172679e-04 8.472663337577297348e-05
6.196625100439793954e+01 2.677966276856711216e-04 1.822292390061419892e-03 2.189782463286451338e-04 8.589305958358524362e-05
6.175245876412678570e+01 2.671328788281840567e-04 1.830122639371005574e-03 2.203520281203181336e-04 8.696462690594350116e-05
6.153940413701207035e+01 2.664198622348337145e-04 1.837967625204276400e-03 2.217273636814987481e-04 8.788383884343984470e-05
6.132708457818522874e+01 2.656706752481775456e-04 1.845844087639661284e-03 2.231036171516907762e-04 8.860603464047733390e-05
6.111549755155778740e+01 2.648987904282598021e-04 1.853766787268557601e-03 2.244802416560278627e-04 8.910261181251493139e-05
6.090464052979110221e+01 2.641179123321139009e-04 1.861747905162877996e-03 2.258567851495971396e-04 8.936298351675142800e-05
6.069451099426608920e+01 2.633418352008594257e-04 1.869796503023833266e-03 2.272328950492330350e-04 8.939531351406475985e-05
6.048510643505359496e+01 2.625843055975170780e-04 1.877918181766919129e-03 2.286083216210908612e-04 8.922605727267610620e-05
6.027642435088373674e+01 2.618588906591920278e-04 1.886114846351755539e-03 2.299829204513526644e-04 8.889829427755142530e-05
6.006846224911645038e+01 2.611788543733544387e-04 1.894384669082410395e-03 2.313566534856427946e-04 8.846882211631311682e-05
5.986121764571169734e+01 2.605570430154158473e-04 1.902722171659948979e-03 2.327295889102535848e-04 8.800399811427497766e-05
5.965468806519974976e+01 2.600057816875656438e-04 1.911118487617407451e-03 2.341019000066896585e-04 8.757442002303361867e-05
5.944887104065147554e+01 2.595367811194257499e-04 1.919561750826348327e-03 2.354738628806056315e-04 8.724871136106376586e-05
5.924376411364895745e+01 2.591610567566944990e-04 1.928037610343904173e-03 2.368458528650367720e-04 8.708694195615700835e-05
5.903936483425646031e+01 2.588888590176499052e-04 1.936529837434671072e-03 2.382183399367752367e-04 8.713445503009103609e-05
5.883567076099057402e+01 2.587296143936228601e-04 1.945020980772726050e-03 2.395918835852340223e-04 8.741702804746713344e-05
5.863267946079139392e+01 2.586918792814183669e-04 1.953493096780347781e-03 2.409671262585856707e-04 8.793819775121406921e-05
5.843038850899350223e+01 2.587833016309645687e-04 1.961928454599330338e-03 2.423447862539345951e-04 8.867925360408163247e-05
5.822879548929692106e+01 2.590105941450322746e-04 1.970310254940743286e-03 2.437256498850939022e-04 8.960187623624634671e-05
5.802789799373812940e+01 2.593795154536526998e-04 1.978623244568029124e-03 2.451105629929548708e-04 9.065290454792968087e-05
5.782769362266151347e+01 2.598948589217227973e-04 1.986854323499907989e-03 2.465004218628312634e-04 9.177038244880931334e-05
5.762817998469064662e+01 2.605604518044042314e-04 1.994993002505821966e-03 2.478961638857271458e-04 9.288998022739614416e-05
5.742935469669956916e+01 2.613791580687865271e-04 2.003031797655693835e-03 2.492987577783832933e-04 9.395103100069540083e-05
5.723121538378444484e+01 2.623528910402717703e-04 2.010966443755377378e-03 2.507091936692678528e-04 9.490167635724937355e-05
5.703375967923526701e+01 2.634826315591823885e-04 2.018796031340681571e-03 2.521284730536430332e-04 9.570286151630400136e-05
5.683698522450756485e+01 2.647684523852432219e-04 2.026522973278188731e-03 2.535575987631748501e-04 9.633109266474329307e-05
5.664088966919396029e+01 2.662095524116233334e-04 2.034152867998552383e-03 2.549975651409575484e-04 9.677996760104498565e-05
5.644547067099649951e+01 2.678042937072955309e-04 2.041694225010425804e-03 2.564493483427535245e-04 9.706050960456153441e-05
5.625072589569847281e+01 2.695502487714547903e-04 2.049158071815620867e-03 2.579138969702701083e-04 9.720033270132008444e-05
5.605665301713644766e+01 2.714442530852592640e-04 2.056557498358500824e-03 2.593921232094587481e-04 9.724163864349638978e-05
5.586324971717257881e+01 2.734824639864009174e-04 2.063907096346241123e-03 2.608848943736152251e-04 9.723806407098200622e-05
5.567051368566702507e+01 2.756604285276177419e-04 2.071222383500222631e-03 2.623930249857096613e-04 9.725043398289289517e-05
5.547844262045023811e+01 2.779731530650303125e-04 2.078519141525040845e-03 2.639172697180267903e-04 9.734160728071856604e-05
5.528703422729535077e+01 2.804151808287389230e-04 2.085812820751313523e-03 2.654583169183263717e-04 9.757075683755421893e-05
5.509628621989102726e+01 2.829806715716286615e-04 2.093117908948500042e-03 2.670167827819425297e-04 9.798763364811548639e-05
5.490619631981403614e+01 2.856634835303862143e-04 2.100447391770201861e-03 2.685932066057905489e-04 9.862750442693606913e-05
5.471676225650192293e+01 2.884572585608221056e-04 2.107812233069162201e-03 2.701880467588446081e-04 9.950748239798355959e-05
5.452798176722598811e+01 2.913555032256852210e-04 2.115220970920526390e-03 2.718016774016898175e-04 1.006248163644350409e-04
5.433985259706440729e+01 2.943516703680926759e-04 2.122679402973874901e-03 2.734343863075941201e-04 1.019573848344043334e-04
5.415237249887499615e+01 2.974392351853876403e-04 2.130190379653130670e-03 2.750863738000000830e-04 1.034662584418472026e-04
5.396553923326864322e+01 3.006117655163471425e-04 2.137753728686306223e-03 2.767577519407809421e-04 1.050998487365475189e-04
5.377935056858237317e+01 3.038629868304849619e-04 2.145366251267367269e-03 2.784485451817192013e-04 1.067989844654369759e-04
5.359380428085277259e+01 3.071868355743922661e-04 2.153021896155738781e-03 2.801586918198805949e-04 1.085022309332368199e-04
5.340889815378940852e+01 3.105775050697040822e-04 2.160711983617107090e-03 2.818880460972241235e-04 1.101509027233357063e-04
5.322462997874838209e+01 3.140294795172447165e-04 2.168425574231256595e-03 2.836363810466466890e-04 1.116933829926650644e-04
5.304099755470591049e+01 3.175375562231281092e-04 2.176149863124165942e-03 2.854033924542714916e-04 1.130885482644836706e-04
5.285799868823202985e+01 3.210968577477351336e-04 2.183870681935717178e-03 2.871887037376126875e-04 1.143082137293541381e-04
5.267563119346448275e+01 3.247028299189521467e-04 2.191573020217432808e-03 2.889918704483812866e-04 1.153385947726017879e-04
5.249389289208248499e+01 3.283512299349914038e-04 2.199241576536712251e-03 2.908123864121415895e-04 1.161808103379401570e-04
5.231278161328077658e+01 3.320381031178935047e-04 2.206861322177926764e-03 2.926496900690555777e-04 1.168504558300476114e-04
5.213229519374367982e+01 3.357597493610344690e-04 2.214418001760057059e-03 2.945031711781895658e-04 1.173762783409263528e-04
5.195243147761926394e+01 3.395126817476295795e-04 2.221898660957757638e-03 2.963721778488916884e-04 1.177979822300247837e-04
5.177318831649355957e+01 3.432935774030302224e-04 2.229292061518078297e-03 2.982560241120657497e-04 1.181632340064476692e-04
5.159456356936500043e+01 3.470992228761831310e-04 2.236589076726825179e-03 3.001539979545192038e-04 1.185239747244008193e-04
5.141655510261870177e+01 3.509264562591099144e-04 2.243782956715381985e-03 3.020653686857178760e-04 1.189322475020928145e-04
5.123916079000107970e+01 3.547721076335879123e-04 2.250869538058716899e-03 3.039893951224930529e-04 1.194358337757565371e-04
5.106237851259442806e+01 3.586329398164505786e-04 2.257847350244843003e-03 3.059253335447540681e-04 1.200740915374046662e-04
5.088620615879158038e+01 3.625055917900363539e-04 2.264717618186419014e-03 3.078724455362833725e-04 1.208744351706540776e-04
5.071064162427072119e+01 3.663865263825395106e-04 2.271484195204469606e-03 3.098300056425720012e-04 1.218498697726291146e-04
5.053568281197022571e+01 3.702719840742173837e-04 2.278153348795976686e-03 3.117973088832352835e-04 1.229978903962455732e-04
5.036132763206368423e+01 3.741579447271390366e-04 2.284733536574270855e-03 3.137736780838541414e-04 1.243008639107458235e-04
5.018757400193482709e+01 3.780400988043561413e-04 2.291235049920972277e-03 3.157584705358587249e-04 1.257278168113142892e-04
5.001441984615269831e+01 3.819138277363150918e-04 2.297669640850851132e-03 3.177510844989706604e-04 1.272373512172097088e-04
4.984186309644690027e+01 3.857741962134897070e-04 2.304050077878288649e-03 3.197509651510212171e-04 1.287813095605739374e-04
4.966990169168281710e+01 3.896159558397937106e-04 2.310389666850989291e-03 3.217576100260599830e-04 1.303087647718609787e-04
4.949853357783707253e+01 3.934335593806406565e-04 2.316701793821332889e-03 3.237705739015404112e-04 1.317699557000671039e-04
4.932775670797296641e+01 3.972211875877081273e-04 2.322999430502235927e-03 3.257894730773527306e-04 1.331198724314504441e-04
4.915756904221598234e+01 4.009727863718858302e-04 2.329294706449425417e-03 3.278139890040186960e-04 1.343212819519834793e-04
4.898796854772947285e+01 4.046821120678306682e-04 2.335598457768035645e-03 3.298438713063097825e-04 1.353470817897041499e-04
4.881895319869035887e+01 4.083427887663971557e-04 2.341919881776011614e-03 3.318789401336403396e-04 1.361819143166772227e-04
4.865052097626492866e+01 4.119483708634486007e-04 2.348266221382553677e-03 3.339190877693905637e-04 1.368230290317252941e-04
4.848266986858475036e+01 4.154924120077211247e-04 2.354642530517239186e-03 3.359642795980065421e-04 1.372803860727137427e-04
4.831539787072257752e+01 4.189685402799519392e-04 2.361051534908828464e-03 3.380145544389720350e-04 1.375760115881507800e-04
4.814870298466851040e+01 4.223705347917369735e-04 2.367493522139350881e-03 3.400700241955531013e-04 1.377426245170641718e-04
4.798258321930600800e+01 4.256924022058894462e-04 2.373966388078052690e-03 3.421308727633126353e-04 1.378215639504787034e-04
4.781703659038817733e+01 4.289284572732181755e-04 2.380465704664448331e-03 3.441973542351415161e-04 1.378600902903840677e-04
4.765206112051404830e+01 4.320733973163915875e-04 2.386984905029532200e-03 3.462697908282140187e-04 1.379081660523401266e-04
4.748765483910497665e+01 4.351223748369746364e-04 2.393515521524258380e-03 3.483485699053990832e-04 1.380149036733159431e-04
4.732381578238104680e+01 4.380710669378219311e-04 2.400047463421793332e-03 3.504341405595783531e-04 1.382249241880726385e-04
4.716054199333775188e+01 4.409157363149569797e-04 2.406569394161825470e-03 3.525270097095674544e-04 1.385749374510532588e-04
4.699783152172241785e+01 4.436532845496634703e-04 2.413069091823249850e-03 3.546277377282871959e-04 1.390908823732504190e-04
4.683568242401108961e+01 4.462813020168055313e-04 2.419533879848422605e-03 3.567369336487586956e-04 1.397859328549480367e-04
4.667409276338520385e+01 4.487981041266052686e-04 2.425951023863961130e-03 3.588552499901859335e-04 1.406596073845360140e-04
4.651306060970848932e+01 4.512027604385519656e-04 2.432308142061600544e-03 3.609833773088715883e-04 1.416980722706138074e-04
4.635258403950395234e+01 4.534951156681995134e-04 2.438593609760928999e-03 3.631220384660344591e-04 1.428755932646342674e-04
4.619266113593081258e+01 4.556757983654876015e-04 2.444796904244781865e-03 3.652719827032146669e-04 1.441569402635759498e-04
4.603328998876173017e+01 4.577462190203483846e-04 2.450908949052226036e-03 3.674339795909294408e-04 1.455004573613567266e-04
4.587446869435984098e+01 4.597085637892711521e-04 2.456922350801780258e-03 3.696088128192276715e-04 1.468614758346026793e-04
4.571619535565614001e+01 4.615657734676890294e-04 2.462831628143422220e-03 3.717972739762719992e-04 1.481957494947551586e-04
4.555846808212675114e+01 4.633215159101806155e-04 2.468633353416805828e-03 3.740001564653106349e-04 1.494626598433458967e-04
4.540128498977039584e+01 4.649801515599570048e-04 2.474326225120357034e-03 3.762182493922551605e-04 1.506279882185762716e-04
4.524464420108584051e+01 4.665466896827561382e-04 2.479911100370288477e-03 3.784523314815640277e-04 1.516661313676359341e-04
4.508854384504949309e+01 4.680267362965752180e-04 2.485390900935942251e-03 3.807031653592783302e-04 1.525616861757331006e-04
4.493298205709309201e+01 4.694264419945237189e-04 2.490770523255871581e-03 3.829714920137709420e-04 1.533103630884841725e-04
4.477795697908136674e+01 4.707524397518104953e-04 2.496056642303050993e-03 3.852580254106751680e-04 1.539192243858926261e-04
4.462346675928986173e+01 4.720117810221220213e-04 2.501257480296280832e-03 3.875634474305504574e-04 1.544062424939830357e-04
4.446950955238285985e+01 4.732118700303629324e-04 2.506382546932688516e-03 3.898884033651625245e-04 1.547992035965429516e-04
4.431608351939127743e+01 4.743603956527222870e-04 2.511442288842961282e-03 3.922334977190797332e-04 1.551339870828395717e-04
4.416318682769075110e+01 4.754652608987156655e-04 2.516447787521215122e-03 3.945992900877227038e-04 1.554522820879020162e-04
4.401081765097975307e+01 4.765345172045372564e-04 2.521410386287538819e-03 3.969862918995757965e-04 1.557988458070482484e-04
4.385897416925770642e+01 4.775762966472877442e-04 2.526341341351474087e-03 3.993949635214855435e-04 1.562184440857609902e-04
4.370765456880332067e+01 4.785987477485058013e-04 2.531251489174438356e-03 4.018257116918122766e-04 1.567526841182684022e-04
4.355685704215287757e+01 4.796099748377695708e-04 2.536150881385899197e-03 4.042788874035042434e-04 1.574369770303421035e-04
4.340657978807867323e+01 4.806179812312349597e-04 2.541048520875578091e-03 4.067547845082471582e-04 1.582978999400239833e-04
4.325682101156748871e+01 4.816306158694855992e-04 2.545952076236846027e-03 4.092536390612492789e-04 1.593512149793201659e-04
4.310757892379913869e+01 4.826555269043449363e-04 2.550867670749605663e-03 4.117756283347360417e-04 1.606007385256978453e-04
4.295885174212516233e+01 4.837001194475510192e-04 2.555799727694317656e-03 4.143208710002550788e-04 1.620381813036591071e-04
4.281063769004743591e+01 4.847715194140084921e-04 2.560750821667272074e-03 4.168894277370772429e-04 1.636439507033561191e-04
4.266293499719704130e+01 4.858765430571094753e-04 2.565721659271568734e-03 4.194813022183364881e-04 1.653888105889628776e-04
4.251574189931304204e+01 4.870216724084323987e-04 2.570711059312744649e-03 4.220964423841713472e-04 1.672362050710642924e-04
4.236905663822146551e+01 4.882130365364976054e-04 2.575716019106434780e-03 4.247347422329319252e-04 1.691449961530084754e-04
4.222287746181428503e+01 4.894563980566248636e-04 2.580731841849644419e-03 4.273960443822914877e-04 1.710723724300625972e-04
4.207720262402852995e+01 4.907571448233392789e-04 2.585752263439585440e-03 4.300801430531662117e-04 1.729766907615933296e-04
4.193203038482533174e+01 4.921202868213677339e-04 2.590769694803160897e-03 4.327867863943958364e-04 1.748200703290553879e-04
4.178735901016922583e+01 4.935504568157344802e-04 2.595775443764262568e-03 4.355156802660940861e-04 1.765706038757376348e-04
4.164318677200741803e+01 4.950519146786409213e-04 2.600759991115976413e-03 4.382664919865623650e-04 1.782040911508871346e-04
4.149951194824911482e+01 4.966285562401709375e-04 2.605713298131754480e-03 4.410388543230401963e-04 1.797052535394280063e-04
4.135633282274502420e+01 4.982839241045731093e-04 2.610625072755579871e-03 4.438323695107047103e-04 1.810683979737916390e-04
4.121364768526672862e+01 5.000212200749007017e-04 2.615485106289369959e-03 4.466466134843503216e-04 1.822975319358772833e-04
4.107145483148644161e+01 5.018433209206676167e-04 2.620283553507552887e-03 4.494811405123705123e-04 1.834059412249602590e-04
4.092975256295647313e+01 5.037527945448632772e-04 2.625011214023411851e-03 4.523354883862766769e-04 1.844152479412851538e-04
4.078853918708904303e+01 5.057519163344584290e-04 2.629659809300478532e-03 4.552091826987820860e-04 1.853539982589127327e-04
4.064781301713600925e+01 5.078426875284355446e-04 2.634222178267294455e-03 4.581017412926595097e-04 1.862558299933335815e-04
4.050757237216878082e+01 5.100268541370440913e-04 2.638692493392275160e-03 4.610126794248826845e-04 1.871573083199971346e-04
4.036781557705816681e+01 5.123059227914082909e-04 2.643066406127686074e-03 4.639415144508666675e-04 1.880955442454291810e-04
4.022854096245446698e+01 5.146811794732953976e-04 2.647341147921785168e-03 4.668877704331442333e-04 1.891057298612097855e-04
4.008974686476742022e+01 5.171537066425446229e-04 2.651515612945457966e-03 4.698509825722965933e-04 1.902187660616770930e-04
3.995143162614639465e+01 5.197243986135974790e-04 2.655590349954866508e-03 4.728307015501265697e-04 1.914591498884982037e-04
3.981359359446058477e+01 5.223939772060556689e-04 2.659567539366680059e-03 4.758264978750746579e-04 1.928432923330444869e-04
3.967623112327925838e+01 5.251630085363178518e-04 2.663450927614909296e-03 4.788379661430356609e-04 1.943784092379461986e-04
3.953934257185210299e+01 5.280319143905417862e-04 2.667245695382871890e-03 4.818647282784085332e-04 1.960620675939995377e-04
3.940292630508961480e+01 5.310009862325160146e-04 2.670958322971287921e-03 4.849064372992783404e-04 1.978824256782475883e-04
3.926698069354361564e+01 5.340703976159481836e-04 2.674596393733583502e-03 4.879627805463775743e-04 1.998191233775358411e-04
3.913150411338771306e+01 5.372402143222344655e-04 2.678168368336360412e-03 4.910334826222127963e-04 2.018447270202094839e-04
3.899649494639794511e+01 5.405104037549708770e-04 2.681683376008474600e-03 4.941183079725981492e-04 2.039265965834865765e-04
3.886195157993346783e+01 5.438808458218322281e-04 2.685150945248409356e-03 4.972170631221455245e-04 2.060290072017165609e-04
3.872787240691725685e+01 5.473513390104660327e-04 2.688580762450135889e-03 5.003295986033539375e-04 2.081153700779907764e-04
3.859425582581692282e+01 5.509216067289936583e-04 2.691982421958624173e-03 5.034558106189448903e-04 2.101504026125680527e-04
3.846110024062563326e+01 5.545913034362887940e-04 2.695365149228235151e-03 5.065956422980081664e-04 2.121021183937317858e-04
3.832840406084295637e+01 5.583600179515147734e-04 2.698737600557120624e-03 5.097490843460363279e-04 2.139435515898159448e-04
3.819616570145591794e+01 5.622272750238544890e-04 2.702107627504935633e-03 5.129161756754706779e-04 2.156541382514019908e-04
3.806438358292006541e+01 5.661925376771153717e-04 2.705482091647881497e-03 5.160970035130686088e-04 2.172207140789576504e-04
3.793305613114060293e+01 5.702552067253069921e-04 2.708866720218968543e-03 5.192917031904023496e-04 2.186381061642869727e-04
3.780218177745355490e+01 5.744146170533177094e-04 2.712265949953685754e-03 5.225004575481062433e-04 2.199093008145013039e-04
3.767175895860709289e+01 5.786700352330475866e-04 2.715682859167907037e-03 5.257234960021953379e-04 2.210452009384377455e-04
3.754178611674280575e+01 5.830206541029438585e-04 2.719119111342983321e-03 5.289610933220478903e-04 2.220639808821746016e-04
3.741226169937712598e+01 5.874655850709373500e-04 2.722574933337488200e-03 5.322135681657992612e-04 2.229900634207837931e-04
3.728318415938274200e+01 5.920038500817866641e-04 2.726049157808854446e-03 5.354812811854602018e-04 2.238527672792347471e-04
3.715455195497018792e+01 5.966343738374870831e-04 2.729539273435141293e-03 5.387646328686962038e-04 2.246846737621954824e-04
3.702636354966934107e+01 6.013559704514834193e-04 2.733041511668025513e-03 5.420640612057918244e-04 2.255197933598385249e-04
3.689861741231116099e+01 6.061673329328557758e-04 2.736550997554336798e-03 5.453800391299980016e-04 2.263916274430432900e-04
3.677131201700930774e+01 6.110670208309764524e-04 2.740061884942548293e-03 5.487130716974845815e-04 2.273312279056261974e-04
3.664444584314203013e+01 6.160534467396732274e-04 2.743567544502956753e-03 5.520636930351860861e-04 2.283653877627272143e-04
3.651801737533387637e+01 6.211248624716839400e-04 2.747060767533865844e-03 5.554324631565696465e-04 2.295150775268104792e-04
3.639202510343766761e+01 6.262793470911000955e-04 2.750533942880080754e-03 5.588199647453378745e-04 2.307942380589082386e-04
3.626646752251644301e+01 6.315147941780342201e-04 2.753979302041314418e-03 5.622267999053934219e-04 2.322090257648476246e-04
3.614134313282549726e+01 6.368288986385179642e-04 2.757389118330285955e-03 5.656535863867624431e-04 2.337575561076540582e-04
3.601665043979443226e+01 6.422191469287847568e-04 2.760755914992318611e-03 5.691009541557642826e-04 2.354301634103378742e-04
3.589238795400935800e+01 6.476828076637629198e-04 2.764072681234423269e-03 5.725695418642561419e-04 2.372101485010595266e-04
3.576855419119505086e+01 6.532169237139986030e-04 2.767333042486277376e-03 5.760599933030618406e-04 2.390749389736764356e-04
3.564514767219724689e+01 6.588183065676904296e-04 2.770531423705148346e-03 5.795729537730302675e-04 2.409975776148825838e-04
3.552216692296496348e+01 6.644835344121476734e-04 2.773663211959793030e-03 5.831090665028198020e-04 2.429484200670290047e-04
3.539961047453291343e+01 6.702089509895300078e-04 2.776724857534196809e-03 5.866689692631607686e-04 2.448969214693270924e-04
3.527747686300394037e+01 6.759906678595101106e-04 2.779713974658310719e-03 5.902532912731911149e-04 2.468134116018586314e-04
3.515576462953152515e+01 6.818245702006385869e-04 2.782629411487250529e-03 5.938626496842538917e-04 2.486707523563472418e-04
3.503447232030241310e+01 6.877063252484207035e-04 2.785471253009219779e-03 5.974976464659537958e-04 2.504458010625995731e-04
3.491359848651917019e+01 6.936313938426987968e-04 2.788240850195235817e-03 6.011588655772658616e-04 2.521206214281625007e-04
3.479314168438292398e+01 6.995950450089414652e-04 2.790940779280865966e-03 6.048468702520307322e-04 2.536833916913261737e-04
3.467310047507611159e+01 7.055923740888807522e-04 2.793574780492503150e-03 6.085622003387926391e-04 2.551289901919372074e-04
3.455347342474530592e+01 7.116183231524766907e-04 2.796147688256653621e-03 6.123053698061717417e-04 2.564592414313164592e-04
3.443425910448404181e+01 7.176677044354926429e-04 2.798665315723609243e-03 6.160768645941654825e-04 2.576828127286642789e-04
3.431545609031582700e+01 7.237352261979678901e-04 2.801134312429442389e-03 6.198771409845415473e-04 2.588147821829036308e-04
3.419706296317706062e+01 7.298155208512697523e-04 2.803562042901205920e-03 6.237066237989434027e-04 2.598758882386950132e-04
3.407907830890011525e+01 7.359031753722757203e-04 2.805956408747926206e-03 6.275657046152308127e-04 2.608914883716188272e-04
3.396150071819642591e+01 7.419927629481928161e-04 2.808325683454528186e-03 6.314547408134596647e-04 2.618902791730628424e-04
3.384432878663969291e+01 7.480788753796112486e-04 2.810678349312593222e-03 6.353740546930852036e-04 2.629028254585395459e-04
3.372756111464906326e+01 7.541561572214860142e-04 2.813022900122362589e-03 6.393239327463334223e-04 2.639599711002628369e-04
3.361119630747243292e+01 7.602193403048041051e-04 2.815367676561220719e-03 6.433046250696620788e-04 2.650912163458117219e-04
3.349523297516983433e+01 7.662632775733543757e-04 2.817720706120198024e-03 6.473163450989422550e-04 2.663231463488418497e-04
3.337966973259673154e+01 7.722829768086056845e-04 2.820089534166818433e-03 6.513592698540041689e-04 2.676780114397168844e-04
3.326450519938754979e+01 7.782736344209090435e-04 2.822481090761233113e-03 6.554335406767731803e-04 2.691725475048769699e-04
3.314973799993917680e+01 7.842306678051336926e-04 2.824901571813131455e-03 6.595392630859346584e-04 2.708171063093119048e-04
3.303536676339451361e+01 7.901497449380492618e-04 2.827356308831755795e-03 6.636765077622275343e-04 2.726151644016242361e-04
3.292139012362609662e+01 7.960268125868868007e-04 2.829849709692699739e-03 6.678453116117935790e-04 2.745632338232326607e-04
3.280780671921984748e+01 8.018581247611542267e-04 2.832385189100194468e-03 6.720456791845299269e-04 2.766511685612030725e-04
3.269461519345869505e+01 8.076402657490954580e-04 2.834965127460337044e-03 6.762775840375070263e-04 2.788628504184679060e-04
3.258181419430646031e+01 8.133701711295103021e-04 2.837590869851370698e-03 6.805409701377312026e-04 2.811771901407701213e-04
3.246940237439167731e+01 8.190451468171147968e-04 2.840262738559880869e-03 6.848357534851885883e-04 2.835693672277824796e-04
3.235737839099150648e+01 8.246628854177549426e-04 2.842980048561907259e-03 6.891618241370951400e-04 2.860122333904410730e-04
3.224574090601566212e+01 8.302214782802069077e-04 2.845741193155205528e-03 6.935190488142826655e-04 2.884777840368715957e-04
3.213448858599047497e+01 8.357194223937888496e-04 2.848543707680730244e-03 6.979072735407731466e-04 2.909386155200702683e-04
3.202362010204297604e+01 8.411556281349885818e-04 2.851384365991976953e-03 7.023263244410672982e-04 2.933692978590366190e-04
3.191313412988494846e+01 8.465294219893159397e-04 2.854259303661051215e-03 7.067760111059318180e-04 2.957475955601468931e-04
3.180302934979717477e+01 8.518405444141642245e-04 2.857164138468599145e-03 7.112561287728190766e-04 2.980554913365957904e-04
3.169330444661364510e+01 8.570891454481602495e-04 2.860094090742232396e-03 7.157664613529628357e-04 3.002799777785438709e-04
3.158395810970587192e+01 8.622757781743399822e-04 2.863044148352478224e-03 7.203067841220294441e-04 3.024135878410069570e-04
3.147498903296720840e+01 8.674013890455141863e-04 2.866009196411905061e-03 7.248768661520478204e-04 3.044546592166814687e-04
3.136639591479724842e+01 8.724673037924099905e-04 2.868984162494475978e-03 7.294764726460437835e-04 3.064073267559541311e-04
3.125817745808632964e+01 8.774752092387083473e-04 2.871964167973012957e-03 7.341053673367933406e-04 3.082812424612275666e-04
3.115033237019995127e+01 8.824271387803471044e-04 2.874944656448804106e-03 7.387633151111275406e-04 3.100910490571198263e-04
3.104285936296340154e+01 8.873254505025087845e-04 2.877921508747457655e-03 7.434500850211967805e-04 3.118556240459145952e-04
3.093575715264636372e+01 8.921728042066593778e-04 2.880891178782452391e-03 7.481654538441252214e-04 3.135971194377615875e-04
3.082902445994755070e+01 8.969721374198784316e-04 2.883850780822634283e-03 7.529092091800698152e-04 3.153398519040773759e-04
3.072266000997944602e+01 9.017266407971295979e-04 2.886798176433772855e-03 7.576811475236479862e-04 3.171090845219875966e-04
3.061666253225310541e+01 9.064397322034175664e-04 2.889732052841943819e-03 7.624810797743038823e-04 3.189297506495132736e-04
3.051103076066290498e+01 9.111150285875026927e-04 2.892651968204825331e-03 7.673088329092471807e-04 3.208251976992484707e-04
3.040576343347148836e+01 9.157563166868300719e-04 2.895558373239203332e-03 7.721642520588289840e-04 3.228160068525051294e-04
3.030085929329466410e+01 9.203675289718546600e-04 2.898452645693843591e-03 7.770472024374780245e-04 3.249189463886322242e-04
3.019631708708638840e+01 9.249527141917155771e-04 2.901337072605941585e-03 7.819575709917763297e-04 3.271461314413864224e-04
3.009213556612380103e+01 9.295160102089962146e-04 2.904214828121192728e-03 7.868952678659708530e-04 3.295044279430274720e-04
2.998831348599230751e+01 9.340616176902346007e-04 2.907089941843907406e-03 7.918602277852142182e-04 3.319951273162416645e-04
2.988484960657075007e+01 9.385937751607411955e-04 2.909967239518822593e-03 7.968524114568256624e-04 3.346139209640517547e-04
2.978174269201651825e+01 9.431167350369048510e-04 2.912852258600783211e-03 8.018718070898760587e-04 3.373511618029295645e-04
2.967899151075085840e+01 9.476347400713640420e-04 2.915751185977553516e-03 8.069184319390564639e-04 3.401923855811999557e-04
2.957659483544412282e+01 9.521520010744132911e-04 2.918670751136377434e-03 8.119923315133895352e-04 3.431190681234995909e-04
2.947455144300112906e+01 9.566726797440223452e-04 2.921618122349468188e-03 8.170935808423053157e-04 3.461095615077069650e-04
2.937286011454652268e+01 9.612008694708458522e-04 2.924600803614003323e-03 8.222222851715791161e-04 3.491401478529566654e-04
2.927151963541030355e+01 9.657405797313040659e-04 2.927626520878941988e-03 8.273785801375368922e-04 3.521861647180658393e-04
2.917052879511318153e+01 9.702957223368276467e-04 2.930703089610992886e-03 8.325626318407730771e-04 3.552231373867026517e-04
2.906988638735221997e+01 9.748700998236523507e-04 2.933838318668522370e-03 8.377746366924302291e-04 3.582278599299021588e-04
2.896959120998640103e+01 9.794673958638199472e-04 2.937039888247308835e-03 8.430148211133567816e-04 3.611793915175939449e-04
2.886964206502225139e+01 9.840911673976921511e-04 2.940315239148165016e-03 8.482834411664486648e-04 3.640599229497355370e-04
2.877003775859954260e+01 9.887448385661236089e-04 2.943671476255756321e-03 8.535807822018239791e-04 3.668554779370882587e-04
2.867077710097702337e+01 9.934316978447263642e-04 2.947115279606032055e-03 8.589071580456965468e-04 3.695564404515329360e-04
2.857185890651825488e+01 9.981548954816933661e-04 2.950652807950932075e-03 8.642629098273283588e-04 3.721578874263446160e-04
2.847328199367737156e+01 1.002917443565647408e-03 2.954289638426436417e-03 8.696484052327294175e-04 3.746597137180865899e-04
2.837504518498501582e+01 1.007722217442299367e-03 2.958030709838460962e-03 8.750640373558800497e-04 3.770665631313436508e-04
2.827714730703426227e+01 1.012571958384196093e-03 2.961880272527425608e-03 8.805102234548964433e-04 3.793875644359758956e-04
2.817958719046661287e+01 1.017469277697611229e-03 2.965841861433990857e-03 8.859874035155563361e-04 3.816358774429987532e-04
2.808236366995799926e+01 1.022416662305954821e-03 2.969918286542131379e-03 8.914960387164488605e-04 3.838280827629803461e-04
2.798547558420492720e+01 1.027416481395631871e-03 2.974111625055982436e-03 8.970366098900092993e-04 3.859834312468206504e-04
2.788892177591051080e+01 1.032470992882507941e-03 2.978423231615437775e-03 9.026096160737116488e-04 3.881229750290408182e-04
2.779270109177074133e+01 1.037582351412453391e-03 2.982853777922974455e-03 9.082155728015406599e-04 3.902686324365319480e-04
2.769681238246064581e+01 1.042752616951811992e-03 2.987403283977533349e-03 9.138550099709670700e-04 3.924422168669657995e-04
2.760125450262058422e+01 1.047983763511327890e-03 2.992071170432799611e-03 9.195284702739329368e-04 3.946644639664389186e-04
2.750602631084258576e+01 1.053277687532687933e-03 2.996856325933136816e-03 9.252365073463912062e-04 3.969541196424472974e-04
2.741112666965666378e+01 1.058636216443845438e-03 3.001757178921250508e-03 9.309796839203830733e-04 3.993271208533923371e-04
2.731655444551731193e+01 1.064061117848394281e-03 3.006771764718596703e-03 9.367585698454326598e-04 4.017959005397477371e-04
2.722230850878987241e+01 1.069554109209305565e-03 3.011897824487321657e-03 9.425737400947213369e-04 4.043688690806720130e-04
2.712838773373709955e+01 1.075116864213433113e-03 3.017132888867935913e-03 9.484257728716382436e-04 4.070500848052536406e-04
2.703479099850569867e+01 1.080751020915377090e-03 3.022474367035486026e-03 9.543152479323261045e-04 4.098391214234986470e-04
2.694151718511292870e+01 1.086458189365144440e-03 3.027919641062107488e-03 9.602427449574547046e-04 4.127311537546008509e-04
2.684856517943322274e+01 1.092239958300727891e-03 3.033466160683259086e-03 9.662088410835442589e-04 4.157172412297203534e-04
2.675593387118495059e+01 1.098097900449165236e-03 3.039111525303213410e-03 9.722141094996255119e-04 4.187847864246659014e-04
2.666362215391707124e+01 1.104033577095785146e-03 3.044853565946553653e-03 9.782591177288594165e-04 4.219181561949543447e-04
2.657162892499596296e+01 1.110048542751121154e-03 3.050690433043240155e-03 9.843444260558070150e-04 4.250994204344737655e-04
2.647995308559224270e+01 1.116144350297536975e-03 3.056620660831577737e-03 9.904705858791336415e-04 4.283091691251306567e-04
2.638859354066764951e+01 1.122322551501442420e-03 3.062643230981506367e-03 9.966381380939017594e-04 4.315273775081237368e-04
2.629754919896195631e+01 1.128584698734346392e-03 3.068757630333481239e-03 1.002847611632912790e-03 4.347342727810303369e-04
2.620681897297992080e+01 1.134932346573451099e-03 3.074963896936804345e-03 1.009099522296556762e-03 4.379111672971000850e-04
2.611640177897834292e+01 1.141367051912209026e-03 3.081262645861332274e-03 1.015394371933616259e-03 4.410412279437680625e-04
2.602629653695306899e+01 1.147890372499362236e-03 3.087655100461368738e-03 1.021732646736216903e-03 4.441101519209135137e-04
2.593650217062610253e+01 1.154503864524961468e-03 3.094143105376786444e-03 1.028114816250270177e-03 4.471067298870345041e-04
2.584701760743277532e+01 1.161209080286101838e-03 3.100729125413930528e-03 1.034541332707255559e-03 4.500232714358950526e-04
2.575784177850890089e+01 1.168007566735270245e-03 3.107416238054922127e-03 1.041012630215185824e-03 4.528558911345880508e-04
2.566897361867803795e+01 1.174900859589547101e-03 3.114208117760861212e-03 1.047529124036443394e-03 4.556046464131811987e-04
2.558041206643873267e+01 1.181890477879699898e-03 3.121109006688079293e-03 1.054091209949622413e-03 4.582735130141524617e-04
2.549215606395189226e+01 1.188977919585205642e-03 3.128123670123291941e-03 1.060699263810231056e-03 4.608702214263177624e-04
2.540420455702809832e+01 1.196164655746945454e-03 3.135257360725079382e-03 1.067353641424110492e-03 4.634059512681143684e-04
2.531655649511502304e+01 1.203452123412835761e-03 3.142515760850330894e-03 1.074054678333443303e-03 4.658948854690901490e-04
2.522921083128490238e+01 1.210841717848745985e-03 3.149904922395938521e-03 1.080802689440486970e-03 4.683536634447863791e-04
2.514216652222202697e+01 1.218334785093581245e-03 3.157431203181657303e-03 1.087597969250860171e-03 4.708007378388745306e-04
2.505542252821024718e+01 1.225932615978554728e-03 3.165101200451472287e-03 1.094440792029118198e-03 4.732556557086039584e-04
2.496897781312062037e+01 1.233636437299953387e-03 3.172921677449126298e-03 1.101331412035414349e-03 4.757383072484564586e-04
2.488283134439896571e+01 1.241447401665369057e-03 3.180899485651368565e-03 1.108270063805705686e-03 4.782681582040661217e-04
2.479698209305355405e+01 1.249366580717985219e-03 3.189041499346419346e-03 1.115256962581746315e-03 4.808635003689902673e-04
2.471142903364284038e+01 1.257394956838197870e-03 3.197354537956817455e-03 1.122292304997132145e-03 4.835407538719739291e-04
2.462617114426318565e+01 1.265533414523176527e-03 3.205845295091374648e-03 1.129376269845358159e-03 4.863138469093497692e-04
2.454120740653665678e+01 1.273782731415707510e-03 3.214520271449570945e-03 1.136509018657571321e-03 4.891937058254246544e-04
2.445653680559887277e+01 1.282143569957234315e-03 3.223385712486035934e-03 1.143690696482127121e-03 4.921878634286742027e-04
2.437215833008689003e+01 1.290616470799093793e-03 3.232447547889294535e-03 1.150921432673891352e-03 4.953002186328361780e-04
2.428807097212709465e+01 1.299201846837331640e-03 3.241711335447748990e-03 1.158201342302877211e-03 4.985309498290804719e-04
2.420427372732317295e+01 1.307899972406885436e-03 3.251182220845165102e-03 1.165530527267711822e-03 5.018765699160138540e-04
2.412076559474413173e+01 1.316710979044546405e-03 3.260864894666017956e-03 1.172909077230023999e-03 5.053301432119638959e-04
2.403754557691231497e+01 1.325634849589829708e-03 3.270763560981599597e-03 1.180337070510828566e-03 5.088816337775960326e-04
2.395461267979150932e+01 1.334671413105091966e-03 3.280881914353831180e-03 1.187814575089992481e-03 5.125183646740333766e-04
2.387196591277509583e+01 1.343820339865393334e-03 3.291223125559988427e-03 1.195341649849861144e-03 5.162255807324898048e-04
2.378960428867413768e+01 1.353081137066029001e-03 3.301789833649593220e-03 1.202918346204142046e-03 5.199870740987267955e-04
2.370752682370567399e+01 1.362453146136559032e-03 3.312584144512735907e-03 1.210544710253110045e-03 5.237858530253518795e-04
2.362573253748090707e+01 1.371935542650200290e-03 3.323607644653660004e-03 1.218220784904131817e-03 5.276048200865732880e-04
2.354422045299353883e+01 1.381527334167269392e-03 3.334861415546916483e-03 1.225946607587716577e-03 5.314274389728154604e-04
2.346298959660806815e+01 1.391227358380820334e-03 3.346346057853162408e-03 1.233722214219661138e-03 5.352383678834712454e-04
2.338203899804816643e+01 1.401034285670792797e-03 3.358061722601435577e-03 1.241547639668364247e-03 5.390240192124319193e-04
2.330136769038512412e+01 1.410946620872441295e-03 3.370008148832569390e-03 1.249422919500851794e-03 5.427730551535597543e-04
2.322097471002623692e+01 1.420962706117601896e-03 3.382184705740786876e-03 1.257348091702807603e-03 5.464767867689599356e-04
2.314085909670335184e+01 1.431080724243827176e-03 3.394590437832980222e-03 1.265323197994927366e-03 5.501294614687451652e-04
2.306101989346136705e+01 1.441298703217994397e-03 3.407224118113817268e-03 1.273348284880205248e-03 5.537284506723263566e-04
2.298145614664680281e+01 1.451614522217572947e-03 3.420084300942825666e-03 1.281423404556731281e-03 5.572743163536464763e-04
2.290216690589641857e+01 1.462025920129806809e-03 3.433169377402007019e-03 1.289548615830600226e-03 5.607707672942833805e-04
2.282315122412589048e+01 1.472530502155983134e-03 3.446477632344668255e-03 1.297723985163507822e-03 5.642244993380825984e-04
2.274440815751842493e+01 1.483125746947558127e-03 3.460007301816988689e-03 1.305949587989647248e-03 5.676449356134824833e-04
2.266593676551355685e+01 1.493809017665256433e-03 3.473756629546238209e-03 1.314225510436471114e-03 5.710438769496896513e-04
2.258773611079587340e+01 1.504577571917005722e-03 3.487723921294538353e-03 1.322551851583927875e-03 5.744350558479603555e-04
2.250980525928383003e+01 1.515428572752293163e-03 3.501907598185543483e-03 1.330928725978166357e-03 5.778336402431870616e-04
2.243214328011860914e+01 1.526359100024949830e-03 3.516306246932315600e-03 1.339356258111489744e-03 5.812556820823538452e-04
2.235474924565296106e+01 1.537366162222354986e-03 3.530918665526752709e-03 1.347834586014009248e-03 5.847175331761834396e-04
2.227762223144017995e+01 1.548446709051307883e-03 3.545743905400445227e-03 1.356363863887363307e-03 5.882352596380732972e-04
2.220076131622301219e+01 1.559597645258975615e-03 3.560781308799077297e-03 1.364944261776018710e-03 5.918240635988633895e-04
2.212416558192266791e+01 1.570815844765047773e-03 3.576030540681906806e-03 1.373575966182402240e-03 5.954977482075565201e-04
2.204783411362786438e+01 1.582098161648097349e-03 3.591491615018123709e-03 1.382259180574192583e-03 5.992682226489218916e-04
2.197176599958388721e+01 1.593441445790994742e-03 3.607164915764329328e-03 1.390994125853570185e-03 6.031450937368213914e-04
2.189596033118171192e+01 1.604842556221875403e-03 3.623051211336068833e-03 1.399781040858230109e-03 6.071353425352404810e-04
2.182041620294711848e+01 1.616298374900796775e-03 3.639151663105257093e-03 1.408620182832516455e-03 6.112430912214895928e-04
2.174513271252994784e+01 1.627805820428925932e-03 3.655467827812098301e-03 1.417511827377261526e-03 6.154694895563582327e-04
2.167010896069322357e+01 1.639361861420684770e-03 3.672001654150912082e-03 1.426456268789273816e-03 6.198127024059658235e-04
2.159534405130248302e+01 1.650963529484014876e-03 3.688755473121926344e-03 1.435453820177286276e-03 6.242680133489587457e-04
2.152083709131506595e+01 1.662607931930757581e-03 3.705731982538349595e-03 1.444504813514395705e-03 6.288280191197594907e-04
2.144658719076941011e+01 1.674292264511723473e-03 3.722934227224663356e-03 1.453609599554150054e-03 6.334829266516935195e-04
2.137259346277445360e+01 1.686013823151174488e-03 3.740365573809552660e-03 1.462768547668350698e-03 6.382209289525353360e-04
2.129885502349905479e+01 1.697770014315607865e-03 3.758029680036427313e-03 1.471982045676851992e-03 6.430286314992160078e-04
2.122537099216138401e+01 1.709558366378348794e-03 3.775930461400115422e-03 1.481250499737857143e-03 6.478915389876016692e-04
2.115214049101844296e+01 1.721376538872564348e-03 3.794072053807660914e-03 1.490574333980926834e-03 6.527945584795548633e-04
2.107916264535557005e+01 1.733222331470851609e-03 3.812458773453272255e-03 1.499953989973926019e-03 6.577225186411581395e-04
2.100643658347599185e+01 1.745093692353575808e-03 3.831095073768304906e-03 1.509389926378170658e-03 6.626606682558843593e-04
2.093396143669040654e+01 1.756988725654547645e-03 3.849985500914109449e-03 1.518882618491845457e-03 6.675951588390264526e-04
2.086173633930661353e+01 1.768905697822067795e-03 3.869134650126544381e-03 1.528432557716021076e-03 6.725134863331160484e-04
2.078976042861918216e+01 1.780843042885703938e-03 3.888547118558630371e-03 1.538040250886909188e-03 6.774048667525857685e-04
2.071803284489913111e+01 1.792799366773101125e-03 3.908227460033528861e-03 1.547706219555129107e-03 6.822605628636861782e-04
2.064655273138365033e+01 1.804773451179803121e-03 3.928180140611314125e-03 1.557430999292716773e-03 6.870741275238928959e-04
2.057531923426589415e+01 1.816764256549192489e-03 3.948409495565705606e-03 1.567215139108651739e-03 6.918415793611789374e-04
2.050433150268477078e+01 1.828770923642256390e-03 3.968919688209885353e-03 1.577059200883965074e-03 6.965614824212124079e-04
2.043358868871477085e+01 1.840792774097506313e-03 3.989714670541320493e-03 1.586963758051498355e-03 7.012349584101628796e-04
2.036308994735585642e+01 1.852829310053983203e-03 4.010798147633732810e-03 1.596929395027949124e-03 7.058656146245431738e-04
2.029283443652335706e+01 1.864880213316980799e-03 4.032173547532991176e-03 1.606956706348681247e-03 7.104593866670713903e-04
2.022282131703790142e+01 1.876945343749070964e-03 4.053843990135426456e-03 1.617046295886154141e-03 7.150243217036064388e-04
2.015304975261541287e+01 1.889024736674048367e-03 4.075812264400385972e-03 1.627198775936975969e-03 7.195702882305458729e-04
2.008351890985710853e+01 1.901118599197319835e-03 4.098080808214537435e-03 1.637414766229905927e-03 7.241086445945531897e-04
2.001422795823954814e+01 1.913227305464661795e-03 4.120651693575936615e-03 1.647694892944695077e-03 7.286518442140037981e-04
1.994517607010471494e+01 1.925351391022242422e-03 4.143526616167883883e-03 1.658039787831660627e-03 7.332130302887066844e-04
1.987636242065013192e+01 1.937491548303994608e-03 4.166706888956724260e-03 1.668450087521876173e-03 7.378056020178702483e-04
1.980778618791901025e+01 1.949648620737851968e-03 4.190193441616792656e-03 1.678926432901397744e-03 7.424427789080260270e-04
1.973944655279040461e+01 1.961823595243081947e-03 4.213986826605161350e-03 1.689469467430313940e-03 7.471371736242115105e-04
1.967134269896947885e+01 1.974017594882920487e-03 4.238087224602665216e-03 1.700079836681589419e-03 7.519003902783508771e-04
1.960347381297770752e+01 1.986231871116153798e-03 4.262494459445682372e-03 1.710758187452763538e-03 7.567426659852157867e-04
1.953583908414317705e+01 1.998467795991061991e-03 4.287208014605283814e-03 1.721505167012127129e-03 7.616725436856585816e-04
1.946843770459094358e+01 2.010726854093321248e-03 4.312227054794132847e-03 1.732321422254596947e-03 7.666966228749166629e-04
1.940126886923330218e+01 2.023010634133174356e-03 4.337550450754589816e-03 1.743207598800315412e-03 7.718193626216932838e-04
1.933433177576023354e+01 2.035320820132535853e-03 4.363176806286976281e-03 1.754164340129977032e-03 7.770429697775779352e-04
1.926762562462979034e+01 2.047659182249274984e-03 4.389104488963376308e-03 1.765192286850924804e-03 7.823673429958109653e-04
1.920114961905856887e+01 2.060027567373631883e-03 4.415331665263029330e-03 1.776292076188036844e-03 7.877901112548455235e-04
1.913490296501216648e+01 2.072427891483533211e-03 4.441856332521089759e-03 1.787464341707458012e-03 7.933067354263268487e-04
1.906888487119570996e+01 2.084862131366722882e-03 4.468676357115364609e-03 1.798709711929634067e-03 7.989106774029376776e-04
1.900309454904443385e+01 2.097332315162604710e-03 4.495789510748613577e-03 1.810028809909773129e-03 8.045936303323306419e-04
1.893753121271419104e+01 2.109840514194301266e-03 4.523193508697677737e-03 1.821422252839354113e-03 8.103458004762809303e-04
1.887219407907213409e+01 2.122388834901432503e-03 4.550886047849278006e-03 1.832890651581769873e-03 8.161562374893274220e-04
1.880708236768731467e+01 2.134979411168009752e-03 4.578864843059631852e-03 1.844434610217045994e-03 8.220131768702315872e-04
1.874219530082139684e+01 2.147614396978470008e-03 4.607127662963910256e-03 1.856054725531345933e-03 8.279044200513637755e-04
1.867753210341933112e+01 2.160295959376708728e-03 4.635672366923545770e-03 1.867751586543438345e-03 8.338177053802755005e-04
1.861309200310014589e+01 2.173026271744329940e-03 4.664496935902633784e-03 1.879525774160287687e-03 8.397410895729684769e-04
1.854887423014766767e+01 2.185807507455022562e-03 4.693599504802028859e-03 1.891377861053967569e-03 8.456632897142526669e-04
1.848487801750136228e+01 2.198641834002136759e-03 4.722978389909256863e-03 1.903308411830383420e-03 8.515740230272199037e-04
1.842110260074715811e+01 2.211531408024059505e-03 4.752632115004725918e-03 1.915317982352508514e-03 8.574642961538662435e-04
1.835754721810831214e+01 2.224478370815819676e-03 4.782559434745054655e-03 1.927407119411666441e-03 8.633266617873838799e-04
1.829421111043632919e+01 2.237484843552407700e-03 4.812759353412269722e-03 1.939576361034860575e-03 8.691554134568854097e-04
1.823109352120187410e+01 2.250552923737839973e-03 4.843231139833684487e-03 1.951826236390529368e-03 8.749467420327178583e-04
1.816819369648576910e+01 2.263684682120315709e-03 4.873974341246903666e-03 1.964157265795225902e-03 8.806988309056357081e-04
1.810551088496990957e+01 2.276882159997054272e-03 4.904988791334390259e-03 1.976569960700539155e-03 8.864118898300557027e-04
1.804304433792839291e+01 2.290147366939223553e-03 4.936274615600694596e-03 1.989064823738655868e-03 8.920881359113023686e-04
1.798079330921852304e+01 2.303482278993988861e-03 4.967832231975027012e-03 2.001642348905073327e-03 8.977317165955668761e-04
1.791875705527186113e+01 2.316888837444721228e-03 4.999662348450060675e-03 2.014303021956295996e-03 9.033485884716647334e-04
1.785693483508543267e+01 2.330368948232063812e-03 5.031765958393020002e-03 2.027047320567267313e-03 9.089463295594694438e-04
1.779532591021277810e+01 2.343924482157737181e-03 5.064144331123165803e-03 2.039875714341695626e-03 9.145339281538011379e-04
1.773392954475523453e+01 2.357557274934282514e-03 5.096798998017745309e-03 2.052788665288690292e-03 9.201215193375495089e-04
1.767274500535303261e+01 2.371269126763362895e-03 5.129731737143099386e-03 2.065786628200220586e-03 9.257201100210971523e-04
1.761177156117665277e+01 2.385061804030055594e-03 5.162944556158156027e-03 2.078870051097326480e-03 9.313412577146214797e-04
1.755100848391802160e+01 2.398937040414661926e-03 5.196439670740667614e-03 2.092039375578690942e-03 9.369967631914086692e-04
1.749045504778179705e+01 2.412896538790575834e-03 5.230219481301507690e-03 2.105295037154851761e-03 9.426983403374271375e-04
1.743011052947679573e+01 2.426941973045763489e-03 5.264286546966824229e-03 2.118637465651325696e-03 9.484573103851045434e-04
1.736997420820721416e+01 2.441074989939925714e-03 5.298643560271484171e-03 2.132067085764038743e-03 9.542842853226129888e-04
1.731004536566417684e+01 2.455297211141794535e-03 5.333293319785051105e-03 2.145584317850266366e-03 9.601889019983304678e-04
1.725032328601699660e+01 2.469610235613922591e-03 5.368238699980982902e-03 2.159189578704855898e-03 9.661795678835092670e-04
1.719080725590475822e+01 2.484015642530856219e-03 5.403482620456868425e-03 2.172883281210326312e-03 9.722632606467867178e-04
1.713149656442773505e+01 2.498514994931466063e-03 5.439028018267785987e-03 2.186665835491665832e-03 9.784453490716263011e-04
1.707239050313886253e+01 2.513109843130671532e-03 5.474877818236623811e-03 2.200537649350038389e-03 9.847294863049795184e-04
1.701348836603537151e+01 2.527801724334988783e-03 5.511034904006948884e-03 2.214499129060704813e-03 9.911175371339583148e-04
1.695478944955025469e+01 2.542592167762314660e-03 5.547502088188061183e-03 2.228550680018694281e-03 9.976095682625047562e-04
1.689629305254395319e+01 2.557482697055910199e-03 5.584282086334877056e-03 2.242692707259115112e-03 1.004203872908295079e-03
1.683799847629589408e+01 2.572474833483600221e-03 5.621377492806516399e-03 2.256925615939018442e-03 1.010897064428763073e-03
1.677990502449621601e+01 2.587570098656905970e-03 5.658790756415293596e-03 2.271249811867501970e-03 1.017684203362731205e-03
1.672201200323743819e+01 2.602770016807077775e-03 5.696524156477963952e-03 2.285665702170948648e-03 1.024558972079149229e-03
1.666431872100610789e+01 2.618076116844673257e-03 5.734579783041505834e-03 2.300173696180159502e-03 1.031513873056646470e-03
1.660682448867464345e+01 2.633489934459501240e-03 5.772959522391554743e-03 2.314774206626144925e-03 1.038540470922519202e-03
1.654952861949300313e+01 2.649013014543089798e-03 5.811665041314142792e-03 2.329467649848963699e-03 1.045629647293992671e-03
1.649243042908057788e+01 2.664646914235763164e-03 5.850697773838130049e-03 2.344254445267063280e-03 1.052771872193439089e-03
1.643552923541791699e+01 2.680393205997431451e-03 5.890058911572529365e-03 2.359135017225701385e-03 1.059957473780705900e-03
1.637882435883867061e+01 2.696253474665928976e-03 5.929749399263198675e-03 2.374109795235651750e-03 1.067176918446336754e-03
1.632231512202142909e+01 2.712229321152779312e-03 5.969769932061272551e-03 2.389179214731896282e-03 1.074421076030725869e-03
1.626600084998160511e+01 2.728322363379633280e-03 6.010120953272708906e-03 2.404343717630933169e-03 1.081681470354683072e-03
1.620988087006344713e+01 2.744534237336062558e-03 6.050802654120064628e-03 2.419603752765593120e-03 1.088950502114548928e-03
1.615395451193191789e+01 2.760866597636322216e-03 6.091814981674014730e-03 2.434959776278531034e-03 1.096221655570169852e-03
1.609822110756475055e+01 2.777321117396974650e-03 6.133157647471063935e-03 2.450412252055355657e-03 1.103489668273049343e-03
1.604267999124447286e+01 2.793899487718910259e-03 6.174830136648642130e-03 2.465961652278562347e-03 1.110750666793484118e-03
1.598733049955037266e+01 2.810603417096734814e-03 6.216831718725448867e-03 2.481608458183316105e-03 1.118002258054033539e-03
1.593217197135069618e+01 2.827434631112853147e-03 6.259161463758442304e-03 2.497353161091725796e-03 1.125243593502115889e-03
1.587720374779462595e+01 2.844394872802618462e-03 6.301818261265240174e-03 2.513196262054450281e-03 1.132475386261439692e-03
1.582242517230452883e+01 2.861485903136517378e-03 6.344800838775829441e-03 2.529138271517950270e-03 1.139699892044229593e-03
1.576783559056800144e+01 2.878709494756280345e-03 6.388107779448658034e-03 2.545179710855620305e-03 1.146920841445875057e-03
1.571343435053015192e+01 2.896067432920416095e-03 6.431737541834095691e-03 2.561321112377349697e-03 1.154143351741626546e-03
1.565922080238577330e+01 2.913561513689310982e-03 6.475688488235088053e-03 2.577563019649458005e-03 1.161373794331532240e-03
1.560519429857152574e+01 2.931193542144163670e-03 6.519958906466078591e-03 2.593905987739394264e-03 1.168619640237217273e-03
1.555135419375831773e+01 2.948965330199062110e-03 6.564547032522743616e-03 2.610350583441491297e-03 1.175889264153236234e-03
1.549769984484347063e+01 2.966878693784006423e-03 6.609451073846976839e-03 2.626897385540191351e-03 1.183191749472921328e-03
1.544423061094316729e+01 2.984935449707059110e-03 6.654669235937070437e-03 2.643546985159475789e-03 1.190536661541596094e-03
1.539094585338466104e+01 3.003137412552034109e-03 6.700199748169307322e-03 2.660299985825461712e-03 1.197933825130815004e-03
1.533784493569876517e+01 3.021486392010571884e-03 6.746040886318623551e-03 2.677157003518857836e-03 1.205393075077458923e-03
1.528492722361219691e+01 3.039984191085185351e-03 6.792190991832891024e-03 2.694118666900722700e-03 1.212924037269626611e-03
1.523219208503996391e+01 3.058632604663300697e-03 6.838648493972986769e-03 2.711185617414704936e-03 1.220535894972034872e-03
1.517963889007791600e+01 3.077433411044191817e-03 6.885411936834341141e-03 2.728358509341345314e-03 1.228237188859400636e-03
1.512726701099509974e+01 3.096388371207437450e-03 6.932479995103646257e-03 2.745638009786415500e-03 1.236035606139258489e-03
1.507507582222637588e+01 3.115499225492513423e-03 6.979851490407321113e-03 2.763024798658406112e-03 1.243937826656371908e-03
1.502306470036483788e+01 3.134767690429413403e-03 7.027525407447948388e-03 2.780519568690561615e-03 1.251949369106164934e-03
1.497123302415446844e+01 3.154195455421541453e-03 7.075500910977304200e-03 2.798123025539823311e-03 1.260074492603751543e-03
1.491958017448266283e+01 3.173784178979382337e-03 7.123777359429782352e-03 2.815835887541736325e-03 1.268316098147061676e-03
1.486810553437280014e+01 3.193535484800407668e-03 7.172354313277806183e-03 2.833658885606315896e-03 1.276675699651829213e-03
1.481680848897697800e+01 3.213450958045202272e-03 7.221231538713677664e-03 2.851592763144515479e-03 1.285153402018645620e-03
1.476568842556853767e+01 3.233532142209844928e-03 7.270409017006745217e-03 2.869638275971481221e-03 1.293747938958408460e-03
1.471474473353486800e+01 3.253780537039217303e-03 7.319886952529571118e-03 2.887796192137196110e-03 1.302456713682520863e-03
1.466397680437004958e+01 3.274197597655125434e-03 7.369665770900853639e-03 2.906067291684378499e-03 1.311275900055085784e-03
1.461338403166755207e+01 3.294784727178875529e-03 7.419746116467347552e-03 2.924452366393067056e-03 1.320200550658066994e-03
1.456296581111308797e+01 3.315543274457660380e-03 7.470128850454855335e-03 2.942952219571321176e-03 1.329224747834784710e-03
1.451272154047728513e+01 3.336474532761896528e-03 7.520815049073633317e-03 2.961567665951632834e-03 1.338341757768498827e-03
1.446265061960860088e+01 3.357579737109113623e-03 7.571805997781025366e-03 2.980299531549349731e-03 1.347544210345708081e-03
1.441275245042604602e+01 3.378860062245946701e-03 7.623103180135399649e-03 2.999148652963812452e-03 1.356824290816370949e-03
1.436302643691213454e+01 3.400316620308106112e-03 7.674708262282031734e-03 3.018115877346164069e-03 1.366173937097490357e-03
1.431347198510572483e+01 3.421950458393810748e-03 7.726623086580540652e-03 3.037202062063564922e-03 1.375585042437995524e-03
1.426408850309488052e+01 3.443762556346125804e-03 7.778849660879770186e-03 3.056408074462024262e-03 1.385049639469889977e-03
1.421487540100990365e+01 3.465753825095686889e-03 7.831390140285426210e-03 3.075734791520675932e-03 1.394560102323682063e-03
1.416583209101617058e+01 3.487925105967303301e-03 7.884246809043000265e-03 3.095183099445724707e-03 1.404109315146606033e-03
1.411695798730722551e+01 3.510277171400889157e-03 7.937422064789454584e-03 3.114753893267647403e-03 1.413690847868029040e-03
1.406825250609767330e+01 3.532810725617448015e-03 7.990918403807651879e-03 3.134448076505528223e-03 1.423299080160524100e-03
1.401971506561629788e+01 3.555526397172064593e-03 8.044738403654527401e-03 3.154266560962112886e-03 1.432929342885306406e-03
1.397134508609908110e+01 3.578424743503016286e-03 8.098884701636865566e-03 3.174210266645953807e-03 1.442578004546516725e-03
1.392314198978222883e+01 3.601506250080095499e-03 8.153359970108717963e-03 3.194280120850990536e-03 1.452242560632406240e-03
1.387510520089535859e+01 3.624771331077090378e-03 8.208166903760966485e-03 3.214477057957269499e-03 1.461921664623417856e-03
1.382723414565453446e+01 3.648220330145183956e-03 8.263308203936595500e-03 3.234802019146728203e-03 1.471615161824804110e-03
1.377952825225550271e+01 3.671853520986252933e-03 8.318786556158978135e-03 3.255255952092889205e-03 1.481324077051398907e-03
1.373198695086676402e+01 3.695671107909323169e-03 8.374604609958299917e-03 3.275839810623794660e-03 1.491050589968111531e-03
1.368460967362285707e+01 3.719673226614984320e-03 8.430764962613968017e-03 3.296554554305117148e-03 1.500797977577875532e-03
1.363739585461753201e+01 3.743859945511446904e-03 8.487270145811114802e-03 3.317401148008150644e-03 1.510570526677264660e-03
1.359034492989695764e+01 3.768231267920678189e-03 8.544122611424597932e-03 3.338380561527205109e-03 1.520373444236481145e-03
1.354345633745307431e+01 3.792787135584033738e-03 8.601324714588883327e-03 3.359493769310924714e-03 1.530212729856054695e-03
1.349672951721678160e+01 3.817527433625330334e-03 8.658878694381781302e-03 3.380741750372241814e-03 1.540095054261418281e-03
1.345016391105134090e+01 3.842451986869390226e-03 8.716786666380520882e-03 3.402125488100165521e-03 1.550027590154867511e-03
1.340375896274561462e+01 3.867560563357409689e-03 8.775050618911097236e-03 3.423645969157080877e-03 1.560017875161741818e-03
1.335751411800750965e+01 3.892852879554857797e-03 8.833672398462633427e-03 3.445304183746461350e-03 1.570073635093875448e-03
1.331142882445731779e+01 3.918328602582244087e-03 8.892653700585059079e-03 3.467101125218048814e-03 1.580202633573462093e-03
1.326550253162108284e+01 3.943987353952167416e-03 8.951996064513547541e-03 3.489037789864036978e-03 1.590412494696209593e-03
1.321973469092410802e+01 3.969828713006936377e-03 9.011700872340145524e-03 3.511115176633999076e-03 1.600710551056317528e-03
1.317412475568430530e+01 3.995852220133431706e-03 9.071769348548362408e-03 3.533334286804835911e-03 1.611103692918184217e-03
1.312867218110576317e+01 4.022057379895184644e-03 9.132202557497260884e-03 3.555696123668163067e-03 1.621598229544525885e-03
1.308337642427217240e+01 4.048443664283224441e-03 9.193001398416838707e-03 3.578201692297857534e-03 1.632199772816501091e-03
1.303823694414034584e+01 4.075010516345401769e-03 9.254166606819984320e-03 3.600851999460286199e-03 1.642913111663724243e-03
1.299325320153380936e+01 4.101757354509402882e-03 9.315698771771454764e-03 3.623648053723084721e-03 1.653742143265617614e-03
1.294842465913627194e+01 4.128683577966941846e-03 9.377598332860328720e-03 3.646590864932165721e-03 1.664689791049183635e-03
1.290375078148531074e+01 4.155788573534957911e-03 9.439865586303454112e-03 3.669681443763923769e-03 1.675757975513266244e-03
1.285923103496588027e+01 4.183071716283731124e-03 9.502500691960416579e-03 3.692920802009556566e-03 1.686947571897126933e-03
1.281486488780400990e+01 4.210532368413681843e-03 9.565503685699618119e-03 3.716309952332311640e-03 1.698258422066904012e-03
1.277065181006042494e+01 4.238169890625149983e-03 9.628874492667145735e-03 3.739849908140610406e-03 1.709689349849914360e-03
1.272659127362418552e+01 4.265983643547948539e-03 9.692612938373425593e-03 3.763541683457445174e-03 1.721238206360040318e-03
1.268268275220644625e+01 4.293972992447985838e-03 9.756718756307279986e-03 3.787386292831542659e-03 1.732901938189667680e-03
1.263892572133409509e+01 4.322137311536850338e-03 9.821191594882859935e-03 3.811384751336011761e-03 1.744676649920573431e-03
1.259531965834356271e+01 4.350475987875786731e-03 9.886031045438503639e-03 3.835538074537685367e-03 1.756557720396939321e-03
1.255186404237450581e+01 4.378988424929100044e-03 9.951236652192730833e-03 3.859847278342408167e-03 1.768539897847894084e-03
1.250855835436364671e+01 4.407674045881898421e-03 1.001680792452174472e-02 3.884313379062864779e-03 1.780617438089261879e-03
1.246540207703855607e+01 4.436532296895643462e-03 1.008274434934016382e-02 3.908937393422297693e-03 1.792784216091169221e-03
1.242239469491142856e+01 4.465562650530790871e-03 1.014904540782564542e-02 3.933720338565815065e-03 1.805033871591354803e-03
1.237953569427301304e+01 4.494764609619212800e-03 1.021571059360161689e-02 3.958663232064194536e-03 1.817359943917141443e-03
1.233682456318637755e+01 4.524137711920077701e-03 1.028273942864565797e-02 3.983767091953712911e-03 1.829756008956800453e-03
1.229426079148089457e+01 4.553681535940190192e-03 1.035013147478540223e-02 4.009032936855175082e-03 1.842215823872645581e-03
1.225184387074604508e+01 4.583395703970805785e-03 1.041788634041645491e-02 4.034461786079395623e-03 1.854733433627123044e-03
1.220957329432543759e+01 4.613279873676622879e-03 1.048600369678440690e-02 4.060054659621589561e-03 1.867303314470571607e-03
1.216744855731070984e+01 4.643333751982232048e-03 1.055448330249177460e-02 4.085812578304575532e-03 1.879920468242925755e-03
1.212546915653547863e+01 4.673557094319431664e-03 1.062332500604501115e-02 4.111736563930573629e-03 1.892580535312365659e-03
1.208363459056939071e+01 4.703949707282568254e-03 1.069252875626458196e-02 4.137827639448021615e-03 1.905279869511792169e-03
1.204194435971206012e+01 4.734511451332280851e-03 1.076209461162828777e-02 4.164086829062898197e-03 1.918015605066281494e-03
1.200039796598716713e+01 4.765242243016681693e-03 1.083202275261234415e-02 4.190515158345009539e-03 1.930785719268214833e-03
1.195899491313648255e+01 4.796142056706718948e-03 1.090231349273476473e-02 4.217113654380206036e-03 1.943589058834234050e-03
1.191773470661390100e+01 4.827210925898802255e-03 1.097296728536677028e-02 4.243883346019297793e-03 1.956425376384270023e-03
1.187661685357961794e+01 4.858448944192930025e-03 1.104398472493513077e-02 4.270825264263226548e-03 1.969295307514625556e-03
1.183564086289414874e+01 4.889856266108211572e-03 1.111536654410314427e-02 4.297940442253431886e-03 1.982200376768051588e-03
1.179480624511255016e+01 4.921433107948630301e-03 1.118711363160486763e-02 4.325229915418635739e-03 1.995142954647215108e-03
1.175411251247849975e+01 4.953179748981633053e-03 1.125922703298003549e-02 4.352694721794540637e-03 2.008126216125579074e-03
1.171355917891852094e+01 4.985096533238433936e-03 1.133170794802750535e-02 4.380335902291622452e-03 2.021154086529534238e-03
1.167314576003616367e+01 5.017183872289635201e-03 1.140455772836355096e-02 4.408154500971104943e-03 2.034231145953462050e-03
1.163287177310619214e+01 5.049442248960720435e-03 1.147777787726967855e-02 4.436151565246828667e-03 2.047362567560201581e-03
1.159273673706886498e+01 5.081872205402315247e-03 1.155137005088427600e-02 4.464328146066084621e-03 2.060554005200874051e-03
1.155274017252413365e+01 5.114474346966896116e-03 1.162533605706912027e-02 4.492685298122785741e-03 2.073811505612456908e-03
1.151288160172598651e+01 5.147249346593935418e-03 1.169967784959425813e-02 4.521224080155895712e-03 2.087141392235555056e-03
1.147316054857665790e+01 5.180197941633752842e-03 1.177439751676521290e-02 4.549945555386535924e-03 2.100550146851307230e-03
1.143357653862102019e+01 5.213320933990001245e-03 1.184949726928295928e-02 4.578850792021627730e-03 2.114044310410071598e-03
1.139412909904088345e+01 5.246619189854663350e-03 1.192497945189711049e-02 4.607940862870185499e-03 2.127630356672310322e-03
1.135481775864931286e+01 5.280093639004573673e-03 1.200084652663081439e-02 4.637216845952607004e-03 2.141314601093275913e-03
1.131564204788507588e+01 5.313745273678147779e-03 1.207710106309453461e-02 4.666679824768203352e-03 2.155103075132852423e-03
1.127660149880695073e+01 5.347575147099794396e-03 1.215374572657314592e-02 4.696330888637876254e-03 2.169001439547539253e-03
1.123769564508822327e+01 5.381584371765947040e-03 1.223078326995678637e-02 4.726171133001107021e-03 2.183014893745382871e-03
1.119892402201102577e+01 5.415774117652610679e-03 1.230821652695326604e-02 4.756201659640914639e-03 2.197148091073949493e-03
1.116028616646086569e+01 5.450145610547250767e-03 1.238604840330247842e-02 4.786423576888693653e-03 2.211405086872202195e-03
1.112178161692105860e+01 5.484700130749860063e-03 1.246428186393853249e-02 4.816837999861263257e-03 2.225789255099741831e-03
1.108340991346718774e+01 5.519439012427138427e-03 1.254291991541838479e-02 4.847446050782196203e-03 2.240303269422951743e-03
1.104517059776168253e+01 5.554363643940698168e-03 1.262196559009039556e-02 4.878248859439500429e-03 2.254949061187997827e-03
1.100706321304825863e+01 5.589475469505162178e-03 1.270142195508953964e-02 4.909247563729540742e-03 2.269727808309408151e-03
1.096908730414654087e+01 5.624775983692998846e-03 1.278129209005187707e-02 4.940443309190609839e-03 2.284639945497978289e-03
1.093124241744656011e+01 5.660266715936896308e-03 1.286157907617687529e-02 4.971837249591872995e-03 2.299685150558793828e-03
1.089352810090338508e+01 5.695949246317803458e-03 1.294228598297475497e-02 5.003430547245591407e-03 2.314862397939258798e-03
1.085594390403170806e+01 5.731825197318935784e-03 1.302341585985821761e-02 5.035224373291561327e-03 2.330169980134928938e-03
1.081848937790043053e+01 5.767896232373989629e-03 1.310497172977059983e-02 5.067219907967540106e-03 2.345605567429093468e-03
1.078116407512736252e+01 5.804164054403522163e-03 1.318695658171583490e-02 5.099418340805568321e-03 2.361166274529069228e-03
1.074396754987381009e+01 5.840630404036409665e-03 1.326937336017005621e-02 5.131820870803374332e-03 2.376848707574781734e-03
1.070689935783931190e+01 5.877297057543882930e-03 1.335222495060599951e-02 5.164428706619576641e-03 2.392649068925012997e-03
1.066995905625631202e+01 5.914165824552921474e-03 1.343551416605570127e-02 5.197243066841865204e-03 2.408563222359352569e-03
1.063314620388482901e+01 5.951238545642796758e-03 1.351924376096773524e-02 5.230265180377034924e-03 2.424586794140611620e-03
1.059646036100726008e+01 5.988517089964390597e-03 1.360341641494029752e-02 5.263496286901497671e-03 2.440715265855349439e-03
1.055990108942305206e+01 6.026003353056384737e-03 1.368803472685117470e-02 5.296937636387894464e-03 2.456944047385316125e-03
1.052346795244354816e+01 6.063699255064319144e-03 1.377310120760628920e-02 5.330590489630063558e-03 2.473268594998675584e-03
1.048716051488668199e+01 6.101606739599530795e-03 1.385861827783881756e-02 5.364456118473952088e-03 2.489684482353862402e-03
1.045097834307185991e+01 6.139727773502914702e-03 1.394458826852166405e-02 5.398535806016199409e-03 2.506187501493542871e-03
1.041492100481474559e+01 6.178064347805359638e-03 1.403101342132087939e-02 5.432830846780869853e-03 2.522773743659067341e-03
1.037898806942207486e+01 6.216618477531195286e-03 1.411789588650874845e-02 5.467342546838781757e-03 2.539439656998856033e-03
1.034317910768656645e+01 6.255392183821256204e-03 1.420523771737840224e-02 5.502072223913639579e-03 2.556182140137897539e-03
1.030749369188172970e+01 6.294387506215146436e-03 1.429304086260239220e-02 5.537021207519477774e-03 2.572998582568879807e-03
1.027193139575683034e+01 6.333606499198151003e-03 1.438130718473087238e-02 5.572190839173431567e-03 2.589886930071655553e-03
1.023649179453171776e+01 6.373051230021250547e-03 1.447003845991660410e-02 5.607582472726968525e-03 2.606845724423980434e-03
1.020117446489182100e+01 6.412723778031995982e-03 1.455923637654729305e-02 5.643197474324394836e-03 2.623874115441430718e-03
1.016597898498306485e+01 6.452626233735142720e-03 1.464890253673890169e-02 5.679037222276495447e-03 2.640971906997899299e-03
1.013090493440680184e+01 6.492760697626751704e-03 1.473903846068834976e-02 5.715103107447992367e-03 2.658139546203775253e-03
1.009595189421485451e+01 6.533129278876801359e-03 1.482964559472747801e-02 5.751396533306299928e-03 2.675378135763758700e-03
1.006111944690444027e+01 6.573734093965605610e-03 1.492072531977751276e-02 5.787918916025405237e-03 2.692689422915564394e-03
1.002640717641325274e+01 6.614577265407187504e-03 1.501227895776459202e-02 5.824671684534618241e-03 2.710075755699624563e-03
9.991814668114425757e+00 6.655660920720250784e-03 1.510430777454694305e-02 5.861656280551892292e-03 2.727540079369452069e-03
9.957341508811639486e+00 6.696987191831984057e-03 1.519681297899689275e-02 5.898874158640827169e-03 2.745085875310378405e-03
9.922987286734160861e+00 6.738558215123913869e-03 1.528979573308041594e-02 5.936326786330986018e-03 2.762717124026800586e-03
9.888751591531894647e+00 6.780376132350385276e-03 1.538325717716932869e-02 5.974015644304926306e-03 2.780438254487033103e-03
9.854634014270546416e+00 6.822443092680002645e-03 1.547719842316322078e-02 6.011942226192119008e-03 2.798254055647363039e-03
9.820634147426668292e+00 6.864761253163247784e-03 1.557162056433045866e-02 6.050108038662064223e-03 2.816169639857196618e-03
9.786751584882859234e+00 6.907332764192443235e-03 1.566652468112893909e-02 6.088514601486561678e-03 2.834190351577202567e-03
9.752985921922846302e+00 6.950159782232161881e-03 1.576191185157475166e-02 6.127163447586574281e-03 2.852321701461549546e-03
9.719336755226711588e+00 6.993244467032744965e-03 1.585778316284137263e-02 6.166056123041359707e-03 2.870569302025290960e-03
9.685803682866044539e+00 7.036588981304390047e-03 1.595413972137559380e-02 6.205194187052338710e-03 2.888938760879697972e-03
9.652386304299117370e+00 7.080195491325570571e-03 1.605098265966350968e-02 6.244579211901055832e-03 2.907435637510734621e-03
9.619084220366167060e+00 7.124066167237606655e-03 1.614831313873207885e-02 6.284212782940582116e-03 2.926065352780144336e-03
9.585897033284545898e+00 7.168203183089602235e-03 1.624613234777620013e-02 6.324096498660045952e-03 2.944833121927234367e-03
9.552824346644044340e+00 7.212608716723894337e-03 1.634444152999558683e-02 6.364231970814342686e-03 2.963743905640714785e-03
9.519865765402119706e+00 7.257284949617932163e-03 1.644324198666290843e-02 6.404620824093298567e-03 2.982802319785672878e-03
9.487020895879156868e+00 7.302234066821886027e-03 1.654253507960161060e-02 6.445264696190885351e-03 3.002012604471243542e-03
9.454289345753824847e+00 7.347458257153392618e-03 1.664232223578696740e-02 6.486165237789991156e-03 3.021378570113202652e-03
9.421670724058323287e+00 7.392959713831951177e-03 1.674260495294737500e-02 6.527324112561920869e-03 3.040903551071657673e-03
9.389164641173774584e+00 7.438740635753818622e-03 1.684338480787635206e-02 6.568742997127240829e-03 3.060590393273921860e-03
9.356770708825512983e+00 7.484803229626290147e-03 1.694466346449319608e-02 6.610423580964299058e-03 3.080441409381937373e-03
9.324488540078498033e+00 7.531149713195167857e-03 1.704644267938837734e-02 6.652367566305467106e-03 3.100458368016503503e-03
9.292317749332665855e+00 7.577782311610768359e-03 1.714872430339466416e-02 6.694576668061731628e-03 3.120642499112138198e-03
9.260257952318305286e+00 7.624703250129678291e-03 1.725151027861612785e-02 6.737052613815926357e-03 3.140994479131574944e-03
9.228308766091524618e+00 7.671914766361137041e-03 1.735480263555197813e-02 6.779797143924849202e-03 3.161514459643658456e-03
9.196469809029602871e+00 7.719419106413610496e-03 1.745860351854006468e-02 6.822812011438122298e-03 3.182202079720882967e-03
9.164740700826509823e+00 7.767218526267737934e-03 1.756291517516779532e-02 6.866098981639969130e-03 3.203056474004190197e-03
9.133121062488289255e+00 7.815315292793603361e-03 1.766773995759373522e-02 6.909659832307710019e-03 3.224076334664690256e-03
9.101610516328589640e+00 7.863711684405813931e-03 1.777308032032857976e-02 6.953496353570521801e-03 3.245259928790718718e-03
9.070208685964132655e+00 7.912409991441556045e-03 1.787893882059329864e-02 6.997610347892592800e-03 3.266605154340951160e-03
9.038915196310188804e+00 7.961412516369521103e-03 1.798531812063005123e-02 7.042003629983027355e-03 3.288109600475162646e-03
9.007729673576161389e+00 8.010721573959787845e-03 1.809222098934936199e-02 7.086678026669743571e-03 3.309770568761263854e-03
8.976651745261040816e+00 8.060339491565626444e-03 1.819965030134593556e-02 7.131635376777730427e-03 3.331585164132586183e-03
8.945681040149040086e+00 8.110268609686678218e-03 1.830760903205235976e-02 7.176877531051392006e-03 3.353550337260253859e-03
8.914817188305082851e+00 8.160511283001471716e-03 1.841610024861668055e-02 7.222406352161451701e-03 3.375662944281850823e-03
8.884059821070444229e+00 8.211069882072499770e-03 1.852512710181919778e-02 7.268223714835504896e-03 3.397919826864404750e-03
8.853408571058322352e+00 8.261946795942455221e-03 1.863469284629202041e-02 7.314331505603689429e-03 3.420317848724714182e-03
8.822863072149429442e+00 8.313144434085225840e-03 1.874480082275319787e-02 7.360731622466375884e-03 3.442853961427923010e-03
8.792422959487673495e+00 8.364665214598783483e-03 1.885545445470172138e-02 7.407425975118952198e-03 3.465525272883474180e-03
8.762087869475731594e+00 8.416511574129278625e-03 1.896665724097433212e-02 7.454416484826720604e-03 3.488329083318219594e-03
8.731857439770770668e+00 8.468685967158322281e-03 1.907841275111469073e-02 7.501705084402575212e-03 3.511262952530689110e-03
8.701731309280086535e+00 8.521190865818390608e-03 1.919072462293335696e-02 7.549293718118758358e-03 3.534324744896293231e-03
8.671709118156773144e+00 8.574028760752559070e-03 1.930359655984460396e-02 7.597184341591292460e-03 3.557512643742752334e-03
8.641790507795480636e+00 8.627202161542507283e-03 1.941703232614620106e-02 7.645378921675689311e-03 3.580825221700359613e-03
8.611975120828065045e+00 8.680713596786869546e-03 1.953103573906957852e-02 7.693879436412961147e-03 3.604261447861994549e-03
8.582262601119381884e+00 8.734565613933382988e-03 1.964561065715518876e-02 7.742687875064276949e-03 3.627820715761996898e-03
8.552652593762974931e+00 8.788760778990068259e-03 1.976076096747779454e-02 7.791806238268776316e-03 3.651502877794172031e-03
8.523144745076885798e+00 8.843301676259433461e-03 1.987649060151419622e-02 7.841236537735066237e-03 3.675308226455460681e-03
8.493738702599406665e+00 8.898190908258747991e-03 1.999280352072263511e-02 7.890980796035907893e-03 3.699237514813434255e-03
8.464434115084854326e+00 8.953431096006032527e-03 2.010970370870519136e-02 7.941041046814579368e-03 3.723291958741787016e-03
8.435230632499418846e+00 9.009024879866822655e-03 2.022719516347075419e-02 7.991419334705603117e-03 3.747473213112523151e-03
8.406127906016926943e+00 9.064974921171600752e-03 2.034528189116465574e-02 8.042117715333493497e-03 3.771783375247516560e-03
8.377125588014733282e+00 9.121283904717801538e-03 2.046396790283122949e-02 8.093138255256366112e-03 3.796224963098565695e-03
8.348223332069510505e+00 9.177954530512285464e-03 2.058325721187322446e-02 8.144483031891275315e-03 3.820800862588576152e-03
8.319420792953163613e+00 9.234989513962800142e-03 2.070315383037283838e-02 8.196154133457311808e-03 3.845514333986417479e-03
8.290717626628678616e+00 9.292391590965863590e-03 2.082366176301712890e-02 8.248153658973210456e-03 3.870368954273574122e-03
8.262113490246001390e+00 9.350163515109930282e-03 2.094478499800843732e-02 8.300483718345800371e-03 3.895368581569858858e-03
8.233608042137984029e+00 9.408308058071249841e-03 2.106652749503175673e-02 8.353146432547357836e-03 3.920517331845303939e-03
8.205200941816247706e+00 9.466828009558232726e-03 2.118889319054824416e-02 8.406143933219785772e-03 3.945819508729321405e-03
8.176891849967178771e+00 9.525726176879545717e-03 2.131188600550875528e-02 8.459478362773432264e-03 3.971279563645294802e-03
8.148680428447812929e+00 9.585005384233373157e-03 2.143550982827940876e-02 8.513151874481972997e-03 3.996902062562826541e-03
8.120566340281843765e+00 9.644668471834526649e-03 2.155976851401758890e-02 8.567166632494776363e-03 4.022691617388811196e-03
8.092549249655590415e+00 9.704718295016000543e-03 2.168466587950880833e-02 8.621524811860717744e-03 4.048652852159014166e-03
8.064628821913943924e+00 9.765157723458903899e-03 2.181020570214994153e-02 8.676228598515352969e-03 4.074790363229596583e-03
8.036804723556436159e+00 9.825989640721316531e-03 2.193639172073491225e-02 8.731280189264811406e-03 4.101108637313726109e-03
8.009076622233193277e+00 9.887216944252572720e-03 2.206322763612225332e-02 8.786681791800329475e-03 4.127612043593415457e-03
7.981444186741023294e+00 9.948842546092736411e-03 2.219071711035203176e-02 8.842435624776486675e-03 4.154304775922101033e-03
7.953907087019402411e+00 1.001086937447080716e-02 2.231886376333040017e-02 8.898543917987153384e-03 4.181190807586913569e-03
7.926464994146585674e+00 1.007330037311584409e-02 2.244767116679721383e-02 8.955008912380687039e-03 4.208273874853070418e-03
7.899117580335650146e+00 1.013613848891976865e-02 2.257714283841706637e-02 9.011832859811727894e-03 4.235557436000986220e-03
7.871864518930566490e+00 1.019938668285249803e-02 2.270728226476155867e-02 9.069018023358266581e-03 4.263044621905795646e-03
7.844705484402338058e+00 1.026304792602045386e-02 2.283809289137517587e-02 9.126566677328510138e-03 4.290738248823235124e-03
7.817640152345066262e+00 1.032712519919171991e-02 2.296957812302125729e-02 9.184481107351920304e-03 4.318640775337058771e-03
7.790668199472114530e+00 1.039162149263932709e-02 2.310174132328282962e-02 9.242763610426855958e-03 4.346754292382291537e-03
7.763789303612234960e+00 1.045653980559780281e-02 2.323458581551051533e-02 9.301416494955506986e-03 4.375080533267703374e-03
7.737003143705688757e+00 1.052188314541489464e-02 2.336811488679419943e-02 9.360442080797164166e-03 4.403620846035734976e-03
7.710309399800469699e+00 1.058765452650017175e-02 2.350233179291800686e-02 9.419842699370835001e-03 4.432376194954724263e-03
7.683707753048424571e+00 1.065385696919157396e-02 2.363723976266294755e-02 9.479620693838741036e-03 4.461347188332785187e-03
7.657197885701494400e+00 1.072049349867768529e-02 2.377284200027946631e-02 9.539778419259844350e-03 4.490534066071387963e-03
7.630779481107872186e+00 1.078756714413139049e-02 2.390914168546310128e-02 9.600318242372460689e-03 4.519936725365988200e-03
7.604452223708260128e+00 1.085508093822480820e-02 2.404614197071321818e-02 9.661242541903151265e-03 4.549554754604286100e-03
7.578215799032089528e+00 1.092303791721094264e-02 2.418384598195237600e-02 9.722553708632898986e-03 4.579387423508291671e-03
7.552069893693733604e+00 1.099144112176995633e-02 2.432225684608154553e-02 9.784254145539312414e-03 4.609433729546804498e-03
7.526014195388818884e+00 1.106029359883013881e-02 2.446137767811852951e-02 9.846346267895085200e-03 4.639692433095371146e-03
7.500048392890438897e+00 1.112959839899711756e-02 2.460121158799566388e-02 9.908832503343432269e-03 4.670162071766946824e-03
7.474172176045493110e+00 1.119935856495456357e-02 2.474176168192202332e-02 9.971715291980577656e-03 4.700841009590755147e-03
7.448385235770921931e+00 1.126957714404297137e-02 2.488303106616398044e-02 1.003499708647635422e-02 4.731727482817548770e-03
7.422687264050063405e+00 1.134025718302222180e-02 2.502502285315671982e-02 1.009868035226293634e-02 4.762819600716904772e-03
7.397077953928965499e+00 1.141140172813452820e-02 2.516774016812107356e-02 1.016276756780720540e-02 4.794115416221530167e-03
7.371556999512679731e+00 1.148301382514196889e-02 2.531118615473050906e-02 1.022726122449977779e-02 4.825612957599022604e-03
7.346124095961672040e+00 1.155509651901291159e-02 2.545536397879230583e-02 1.029216382679017799e-02 4.857310253775077441e-03
7.320778939488118198e+00 1.162765285333306788e-02 2.560027682936912019e-02 1.035747789240074393e-02 4.889205388500879670e-03
7.295521227352328886e+00 1.170068586953465495e-02 2.574592791725979074e-02 1.042320595247272184e-02 4.921296542648933084e-03
7.270350657859086851e+00 1.177419860605617014e-02 2.589232047546978846e-02 1.048935055172526762e-02 4.953581991818719471e-03
7.245266930354082646e+00 1.184819409756101942e-02 2.603945778663321192e-02 1.055591424856998188e-02 4.986060177962161125e-03
7.220269745220305957e+00 1.192267537436026738e-02 2.618734317120773383e-02 1.062289961521156213e-02 5.018729726948918148e-03
7.195358803874450260e+00 1.199764546219905283e-02 2.633597999328534528e-02 1.069030923776460168e-02 5.051589466673537913e-03
7.170533808763384975e+00 1.207310738258020669e-02 2.648537166175195939e-02 1.075814571641650619e-02 5.084638469563213664e-03
7.145794463360559234e+00 1.214906415381210650e-02 2.663552163289934632e-02 1.082641166566717522e-02 5.117876079218496715e-03
7.121140472162494461e+00 1.222551879297864748e-02 2.678643341518358381e-02 1.089510971463508900e-02 5.151301891767366171e-03
7.096571540685242319e+00 1.230247431828819168e-02 2.693811057444339685e-02 1.096424250684884145e-02 5.184915811604716603e-03
7.072087375460846204e+00 1.237993373520142500e-02 2.709055673822164875e-02 1.103381270052039044e-02 5.218718048872243720e-03
7.047687684033880018e+00 1.245790004417085713e-02 2.724377559820548300e-02 1.110382296874064256e-02 5.252709117813938663e-03
7.023372174957906999e+00 1.253637624273544991e-02 2.739777091021011052e-02 1.117427599965321178e-02 5.286889858231037798e-03
6.999140557792044248e+00 1.261536532328758065e-02 2.755254649156765184e-02 1.124517449662745285e-02 5.321261442109614416e-03
6.974992543097443765e+00 1.269487027392991914e-02 2.770810621687077799e-02 1.131652117838724027e-02 5.355825332963364167e-03
6.950927842433883619e+00 1.277489407896550619e-02 2.786445403764155684e-02 1.138831877912426307e-02 5.390583317666451310e-03
6.926946168356299616e+00 1.285543971907649255e-02 2.802159398011045202e-02 1.146057004862564496e-02 5.425537486563445158e-03
6.903047234411338273e+00 1.293651017126441413e-02 2.817953014088799002e-02 1.153327775244502446e-02 5.460690208469338829e-03
6.879230755133970199e+00 1.301810840864219346e-02 2.833826668825789249e-02 1.160644467214625754e-02 5.496044130569972645e-03
6.855496446044036851e+00 1.310023740018532307e-02 2.849780786089770382e-02 1.168007360563554087e-02 5.531602169249348958e-03
6.831844023642902997e+00 1.318290011056427909e-02 2.865815796912244903e-02 1.175416736701147269e-02 5.567367452074353795e-03
6.808273205410015017e+00 1.326609950019631487e-02 2.881932139704086390e-02 1.182872878671687583e-02 5.603343324169827479e-03
6.784783709799577345e+00 1.334983852566742207e-02 2.898130260429548216e-02 1.190376071182916613e-02 5.639533323341395718e-03
6.761375256237162290e+00 1.343412014068952505e-02 2.914410612638200851e-02 1.197926600620405520e-02 5.675941136234610718e-03
6.738047565116350057e+00 1.351894729776926228e-02 2.930773657289567277e-02 1.205524755066145204e-02 5.712570583189649498e-03
6.714800357795422947e+00 1.360432295077588193e-02 2.947219862343332039e-02 1.213170824312104039e-02 5.749425603385714505e-03
6.691633356593991167e+00 1.369025005857933339e-02 2.963749702128450764e-02 1.220865099871615463e-02 5.786510193292448805e-03
6.668546284789728773e+00 1.377673157435533279e-02 2.980363657199338115e-02 1.228607874991348263e-02 5.823828389315383394e-03
6.645538866615014584e+00 1.386377044491608930e-02 2.997062216374497129e-02 1.236399444666732607e-02 5.861384255642318811e-03
6.622610827253681443e+00 1.395136962203034729e-02 3.013845874729451091e-02 1.244240105663597593e-02 5.899181831774310755e-03
6.599761892837717525e+00 1.403953205749102623e-02 3.030715133884732612e-02 1.252130156548877937e-02 5.937225111743043605e-03
6.576991790443977415e+00 1.412826070468494420e-02 3.047670501544600882e-02 1.260069897698723462e-02 5.975518034772730677e-03
6.554300248090958902e+00 1.421755851978287119e-02 3.064712491234714356e-02 1.268059631278742154e-02 6.014064438026927618e-03
6.531686994735513174e+00 1.430742846259111870e-02 3.081841622222336249e-02 1.276099661292747628e-02 6.052868019628521341e-03
6.509151760269651810e+00 1.439787349712143109e-02 3.099058419483739085e-02 1.284190293588678353e-02 6.091932353358470512e-03
6.486694275517272956e+00 1.448889659195389500e-02 3.116363413610739527e-02 1.292331835877932704e-02 6.131260840717170715e-03
6.464314272230985203e+00 1.458050072048149189e-02 3.133757140577880795e-02 1.300524597749051423e-02 6.170856692817665821e-03
6.442011483088891488e+00 1.467268886114147901e-02 3.151240141324546801e-02 1.308768890678335683e-02 6.210722933584602971e-03
6.419785641691373890e+00 1.476546399775180256e-02 3.168812961140682338e-02 1.317065028040057852e-02 6.250862381097684051e-03
6.397636482557954807e+00 1.485882912008436481e-02 3.186476148881105253e-02 1.325413325118925470e-02 6.291277600321392924e-03
6.375563741124074646e+00 1.495278722482031551e-02 3.204230257134762366e-02 1.333814099127527721e-02 6.331970943887133517e-03
6.353567153737981421e+00 1.504734131704299829e-02 3.222075843627114633e-02 1.342267669231383964e-02 6.372944523415358976e-03
6.331646457657553739e+00 1.514249441243656000e-02 3.240013469132810298e-02 1.350774356574745497e-02 6.414200198829663781e-03
6.309801391047151320e+00 1.523824954036741980e-02 3.258043697763194496e-02 1.359334484247551496e-02 6.455739593436697621e-03
6.288031692974529463e+00 1.533460974803324030e-02 3.276167096400183637e-02 1.367948377326372138e-02 6.497564105970334881e-03
6.266337103407669140e+00 1.543157808929287132e-02 3.294384234400991179e-02 1.376616362884370247e-02 6.539674879371828488e-03
6.244717363211723438e+00 1.552915762217046448e-02 3.312695683471519187e-02 1.385338770007119892e-02 6.582072829054205071e-03
6.223172214145873404e+00 1.562735142427802357e-02 3.331102017589433056e-02 1.394115929806353724e-02 6.624758664522121913e-03
6.201701398860285153e+00 1.572616258636300862e-02 3.349603812882229886e-02 1.402948175429571953e-02 6.667732878951620687e-03
6.180304660893016333e+00 1.582559421413416018e-02 3.368201647392872478e-02 1.411835842068134492e-02 6.710995769992666830e-03
6.158981744666936819e+00 1.592564942969862743e-02 3.386896100694487127e-02 1.420779266966364432e-02 6.754547474010589962e-03
6.137732395486717785e+00 1.602633137264318844e-02 3.405687753346472307e-02 1.429778789434206152e-02 6.798387968118826778e-03
6.116556359535741727e+00 1.612764320080867578e-02 3.424577186216690855e-02 1.438834750866046369e-02 6.842517063613201729e-03
6.095453383873115527e+00 1.622958809082002130e-02 3.443564980461534530e-02 1.447947494768140470e-02 6.886934474864972802e-03
6.074423216430607120e+00 1.633216923845032253e-02 3.462651719228770908e-02 1.457117366751725825e-02 6.931639811798236128e-03
6.053465606009670097e+00 1.643538985890927520e-02 3.481837985627268817e-02 1.466344714524422943e-02 6.976632597770596883e-03
6.032580302278426565e+00 1.653925318716067613e-02 3.501124363115441784e-02 1.475629887926269493e-02 7.021912308835094596e-03
6.011767055768667767e+00 1.664376247838527181e-02 3.520511435078830381e-02 1.484973238933973670e-02 7.067478403852141267e-03
5.991025617872901776e+00 1.674892100871665582e-02 3.539999784627278351e-02 1.494375121675561510e-02 7.113330309723607178e-03
5.970355740841348791e+00 1.685473207638996801e-02 3.559589994577398719e-02 1.503835892439685760e-02 7.159467468743747030e-03
5.949757177779018136e+00 1.696119900345176984e-02 3.579282647509052229e-02 1.513355909681976877e-02 7.205889370937446602e-03
5.929229682642723986e+00 1.706832513819068337e-02 3.599078325806594897e-02 1.522935534030971788e-02 7.252595553687285826e-03
5.908773010238179246e+00 1.717611385845546276e-02 3.618977611619197260e-02 1.532575128296003071e-02 7.299585628408095453e-03
5.888386916217049460e+00 1.728456857524610785e-02 3.638981086700438655e-02 1.542275057479565101e-02 7.346859319167453606e-03
5.868071157074020938e+00 1.739369271281693968e-02 3.659089332114339593e-02 1.552035688796591338e-02 7.394416471102810418e-03
5.847825490143930161e+00 1.750348972125445948e-02 3.679302927823249053e-02 1.561857391699174140e-02 7.442257033355447610e-03
5.827649673598818580e+00 1.761396308207996073e-02 3.699622452317381793e-02 1.571740537843473173e-02 7.490381128820207922e-03
5.807543466445093117e+00 1.772511630409515093e-02 3.720048484472991690e-02 1.581685501114042311e-02 7.538789042203505181e-03
5.787506628520596941e+00 1.783695292489757139e-02 3.740581602588356064e-02 1.591692657637159766e-02 7.587481225246004227e-03
5.767538920491784182e+00 1.794947651201551572e-02 3.761222384293754634e-02 1.601762385789559651e-02 7.636458320917681800e-03
5.747640103850843118e+00 1.806269066369615289e-02 3.781971406593378354e-02 1.611895066209339394e-02 7.685721185978103970e-03
5.727809940912830911e+00 1.817659900939311290e-02 3.802829245747852555e-02 1.622091081802190873e-02 7.735270870307384139e-03
5.708048194812872289e+00 1.829120521001276548e-02 3.823796477377455066e-02 1.632350817745299026e-02 7.785108617355640352e-03
5.688354629503289850e+00 1.840651295799176912e-02 3.844873676677438429e-02 1.642674661491334842e-02 7.835235904953819636e-03
5.668729009750815173e+00 1.852252597728888325e-02 3.866061418655316467e-02 1.653063002774834631e-02 7.885654418209958605e-03
5.649171101133772410e+00 1.863924802338683476e-02 3.887360278320916435e-02 1.663516233623390378e-02 7.936366047158825709e-03
5.629680670039254764e+00 1.875668288340990100e-02 3.908770830782028194e-02 1.674034748375997916e-02 7.987372902152994197e-03
5.610257483660373801e+00 1.887483437647299520e-02 3.930293651222041551e-02 1.684618943704953298e-02 8.038677315536023674e-03
5.590901309993436819e+00 1.899370635438862517e-02 3.951929314760811718e-02 1.695269218574570885e-02 8.090281797893098328e-03
5.571611917835216587e+00 1.911330270286546937e-02 3.973678396225060333e-02 1.705985974271990308e-02 8.142189053908573115e-03
5.552389076780151811e+00 1.923362734334251728e-02 3.995541470339433049e-02 1.716769614414785303e-02 8.194401987379281230e-03
5.533232557217623970e+00 1.935468423560849499e-02 4.017519113737118980e-02 1.727620544958761648e-02 8.246923667152945489e-03
5.514142130329204861e+00 1.947647738136523005e-02 4.039611903403220877e-02 1.738539174207059945e-02 8.299757318001017500e-03
5.495117568085906790e+00 1.959901081417482829e-02 4.061820417337882322e-02 1.749525912814713438e-02 8.352906326365039380e-03
5.476158643245494950e+00 1.972228858923167141e-02 4.084145234523628432e-02 1.760581173790894474e-02 8.406374225315116702e-03
5.457265129349729627e+00 1.984631480630794087e-02 4.106586935001146910e-02 1.771705372501197057e-02 8.460164638858836544e-03
5.438436800721706987e+00 1.997109359977006574e-02 4.129146100112413009e-02 1.782898926672133594e-02 8.514281307521902320e-03
5.419673432463116391e+00 2.009662913966511755e-02 4.151823312817561062e-02 1.794162256400206809e-02 8.568728068385628172e-03
5.400974800451597169e+00 2.022292563255062570e-02 4.174619158008886083e-02 1.805495784167741521e-02 8.623508820384520948e-03
5.382340681338037669e+00 2.034998732198494559e-02 4.197534222764674056e-02 1.816899934866022387e-02 8.678627512770221639e-03
5.363770852543900958e+00 2.047781848871794985e-02 4.220569096505458889e-02 1.828375135760243117e-02 8.734088146438121272e-03
5.345265092258594031e+00 2.060642345063265837e-02 4.243724371036536325e-02 1.839921816501108309e-02 8.789894751704944303e-03
5.326823179436784628e+00 2.073580656250074636e-02 4.267000640482779272e-02 1.851540409143894589e-02 8.846051330938657295e-03
5.308444893795793540e+00 2.086597221562315127e-02 4.290398501144009752e-02 1.863231348150341804e-02 8.902561891144598893e-03
5.290130015812932740e+00 2.099692483743893084e-02 4.313918551715954092e-02 1.874995070397893898e-02 8.959430415571624853e-03
5.271878326722908348e+00 2.112866889119303232e-02 4.337561395232229083e-02 1.886832015183980901e-02 9.016660833333954919e-03
5.253689608515200504e+00 2.126120887576406909e-02 4.361327637585584588e-02 1.898742624227589201e-02 9.074257010945909613e-03
5.235563643931440581e+00 2.139454932576078522e-02 4.385217888180085316e-02 1.910727341670249643e-02 9.132222756523910093e-03
5.217500216462851448e+00 2.152869481200344812e-02 4.409232759915062555e-02 1.922786614078574735e-02 9.190561800943517975e-03
5.199499110347621134e+00 2.166364994251512854e-02 4.433372869234961794e-02 1.934920890450590736e-02 9.249277745354441554e-03
5.181560110568360855e+00 2.179941936415278475e-02 4.457638836329467363e-02 1.947130622227929986e-02 9.308374100234571846e-03
5.163683002849523973e+00 2.193600776501609950e-02 4.482031285399202397e-02 1.959416263316127171e-02 9.367854263646736498e-03
5.145867573654828497e+00 2.207341987710056269e-02 4.506550844917792120e-02 1.971778270084583937e-02 9.427721497819563368e-03
5.128113610184739990e+00 2.221166045536229761e-02 4.531198147837884466e-02 1.984217101322914914e-02 9.487978927471055896e-03
5.110420900373895847e+00 2.235073428954648805e-02 4.555973831706930377e-02 1.996733218292857590e-02 9.548629552270589821e-03
5.092789232888606854e+00 2.249064621010627568e-02 4.580878538676904504e-02 2.009327084718129375e-02 9.609676239298689526e-03
5.075218397124294789e+00 2.263140108269707379e-02 4.605912915411946446e-02 2.021999166794730129e-02 9.671121678996499188e-03
5.057708183203012631e+00 2.277300380890556405e-02 4.631077612917412073e-02 2.034749933196493624e-02 9.732968426454085414e-03
5.040258381970918578e+00 2.291545932664888416e-02 4.656373286381164378e-02 2.047579855077088368e-02 9.795218898641796026e-03
5.022868784995770497e+00 2.305877261027543257e-02 4.681800596753264015e-02 2.060489406070484600e-02 9.857875356896117144e-03
5.005539184564463007e+00 2.320294867040840342e-02 4.707360210115371646e-02 2.073479062291904221e-02 9.920939912059346596e-03
4.988269373680512153e+00 2.334799255358395442e-02 4.733052797499984199e-02 2.086549302341378712e-02 9.984414546218912598e-03
4.971059146061618250e+00 2.349390934174257900e-02 4.758879035078815434e-02 2.099700607311862435e-02 1.004830111971592548e-02
4.953908296137168321e+00 2.364070415164341507e-02 4.784839604026086546e-02 2.112933460804059319e-02 1.011260133845654462e-02
4.936816619045807819e+00 2.378838213427686074e-02 4.810935190549082974e-02 2.126248348948188080e-02 1.017731678514642232e-02
4.919783910632984814e+00 2.393694847436080020e-02 4.837166486005376603e-02 2.139645760364719193e-02 1.024244894542968368e-02
4.902809967448494177e+00 2.408640839001179382e-02 4.863534187039496304e-02 2.153126186175743223e-02 1.030799919186288320e-02
4.885894586744081280e+00 2.423676713268944211e-02 4.890038995686583206e-02 2.166690120024563140e-02 1.037396879236341871e-02
4.869037566470982625e+00 2.438802998752000878e-02 4.916681619406430143e-02 2.180338058075061494e-02 1.044035893730542106e-02
4.852238705277549968e+00 2.454020227410919422e-02 4.943462771027250235e-02 2.194070499020080167e-02 1.050717075942620739e-02
4.835497802506808718e+00 2.469328934796208297e-02 4.970383168595941814e-02 2.207887944085179868e-02 1.057440531622705002e-02
4.818814658194090050e+00 2.484729660263095344e-02 4.997443535148522742e-02 2.221790897029599435e-02 1.064206359401519315e-02
4.802189073064634606e+00 2.500222947154036313e-02 5.024644598432399106e-02 2.235779864146426876e-02 1.071014656765296134e-02
4.785620848531193516e+00 2.515809340646449691e-02 5.051987090896809668e-02 2.249855354263873702e-02 1.077865518085760824e-02
4.769109786691688946e+00 2.531489389289076977e-02 5.079471751211760838e-02 2.264017878749541995e-02 1.084759035376174283e-02
4.752655690326816895e+00 2.547263645223407647e-02 5.107099322727425006e-02 2.278267951519698936e-02 1.091695300738966708e-02
4.736258362897723728e+00 2.563132663745050152e-02 5.134870553847430824e-02 2.292606089055376772e-02 1.098674409095505219e-02
4.719917608543626741e+00 2.579097003361723386e-02 5.162786197839003277e-02 2.307032810419815116e-02 1.105696458098901630e-02
4.703633232079501347e+00 2.595157225821271424e-02 5.190847012636837232e-02 2.321548637205246568e-02 1.112761545511120262e-02
4.687405038993738948e+00 2.611313896112990932e-02 5.219053760782125378e-02 2.336154093570882301e-02 1.119869776331826501e-02
4.671232835445811915e+00 2.627567582446231620e-02 5.247407209427782521e-02 2.350849706244976384e-02 1.127021261669480280e-02
4.655116428263984751e+00 2.643918856211032592e-02 5.275908130353378772e-02 2.365636004529094241e-02 1.134216118645442299e-02
4.639055624942975520e+00 2.660368291926416828e-02 5.304557299946906224e-02 2.380513520305068201e-02 1.141454471743311681e-02
4.623050233641685658e+00 2.676916467182473974e-02 5.333355499124189242e-02 2.395482788037752928e-02 1.148736455478723169e-02
4.607100063180893379e+00 2.693563962583274407e-02 5.362303513171701869e-02 2.410544344775473330e-02 1.156062215490036120e-02
4.591204923040961283e+00 2.710311361698130445e-02 5.391402131513375884e-02 2.425698730149938170e-02 1.163431905655014191e-02
4.575364623359587490e+00 2.727159251029367265e-02 5.420652147417268085e-02 2.440946486377372840e-02 1.170845690208753218e-02
4.559578974929503481e+00 2.744108220005455137e-02 5.450054357673680960e-02 2.456288158262778451e-02 1.178303747398655107e-02
4.543847789196251874e+00 2.761158861008673054e-02 5.479609562473615469e-02 2.471724293208990217e-02 1.185806267148946901e-02
4.528170878255895815e+00 2.778311769447244436e-02 5.509318566758859143e-02 2.487255441232472108e-02 1.193353451075127719e-02
4.512548054852806523e+00 2.795567543882061107e-02 5.539182178760973518e-02 2.502882154978471399e-02 1.200945514138650888e-02
4.496979132377412647e+00 2.812926786218811204e-02 5.569201210231559257e-02 2.518604989665809701e-02 1.208582686254943903e-02
4.481463924863961168e+00 2.830390101946058876e-02 5.599376476253481449e-02 2.534424503128790071e-02 1.216265211083550866e-02
4.466002246988320934e+00 2.847958098366974722e-02 5.629708794986391235e-02 2.550341255815705491e-02 1.223993342209258976e-02
4.450593914065740897e+00 2.865631385354593108e-02 5.660198987548160920e-02 2.566355810793064657e-02 1.231767349130068537e-02
4.435238742048673188e+00 2.883410576154571761e-02 5.690847877969247570e-02 2.582468733751657960e-02 1.239587515066740454e-02
4.419936547524543791e+00 2.901296286784274189e-02 5.721656293168603941e-02 2.598680593008695708e-02 1.247454135524141312e-02
4.404687147713591600e+00 2.919289136098036919e-02 5.752625062911079223e-02 2.614991959507573932e-02 1.255367518130893340e-02
4.389490360466668406e+00 2.937389745824371332e-02 5.783755019719063334e-02 2.631403406817049012e-02 1.263327983934981781e-02
4.374346004263054866e+00 2.955598740578022771e-02 5.815046998723692739e-02 2.647915511131460412e-02 1.271335867601048296e-02
4.359253898208321765e+00 2.973916747850517683e-02 5.846501837454132211e-02 2.664528851273630788e-02 1.279391514067487919e-02
4.344213862032131779e+00 2.992344397983627211e-02 5.878120375577076256e-02 2.681244008702236489e-02 1.287495276599591280e-02
4.329225716086123832e+00 3.010882324130561422e-02 5.909903454611764584e-02 2.698061567525188512e-02 1.295647521887271537e-02
4.314289281341731730e+00 3.029531162210597969e-02 5.941851917659746879e-02 2.714982114517045658e-02 1.303848625693072166e-02
4.299404379388074737e+00 3.048291550863116428e-02 5.973966610160031526e-02 2.732006239068785272e-02 1.312098971628632496e-02
4.284570832429815290e+00 3.067164131407839125e-02 6.006248379893908140e-02 2.749134533213033749e-02 1.320398951048042807e-02
4.269788463285022928e+00 3.086149547818394651e-02 6.038698076071368631e-02 2.766367591632431719e-02 1.328748963856825858e-02
4.255057095383083521e+00 3.105248446716836475e-02 6.071316549670639079e-02 2.783706011658375334e-02 1.337149417617168427e-02
4.240376552762564089e+00 3.124461477397349682e-02 6.104104653138911485e-02 2.801150393276576750e-02 1.345600722961544718e-02
4.225746660069130911e+00 3.143789291887536669e-02 6.137063240251432877e-02 2.818701339128390840e-02 1.354103294312910058e-02
4.211167242553450762e+00 3.163232545056345740e-02 6.170193166068463353e-02 2.836359454509580422e-02 1.362657552178796021e-02
4.196638126069085928e+00 3.182791894777880354e-02 6.203495286938769115e-02 2.854125347368023993e-02 1.371263919304269510e-02
4.182159137070445176e+00 3.202468002160675092e-02 6.236970460508482056e-02 2.871999628301880048e-02 1.379922819283318017e-02
4.167730102610677889e+00 3.222261530974093041e-02 6.270619545705244380e-02 2.889982910559876772e-02 1.388634676719169292e-02
4.153350850339640132e+00 3.242173146228150699e-02 6.304443402678133745e-02 2.908075810045137807e-02 1.397399917850195364e-02
4.139021208501803883e+00 3.262203516452167468e-02 6.338442892685924868e-02 2.926278945324248607e-02 1.406218969214131920e-02
4.124741005934233762e+00 3.282353312772284121e-02 6.372618877937293036e-02 2.944592937642974764e-02 1.415092252830549117e-02
4.110510072064530895e+00 3.302623208938523097e-02 6.406972221398880840e-02 2.963018410906768929e-02 1.424020188577909338e-02
4.096328236908783005e+00 3.323013881377959861e-02 6.441503786598676284e-02 2.981555991648071266e-02 1.433003195160599888e-02
4.082195331069560673e+00 3.343526009222953788e-02 6.476214437478533537e-02 3.000206309070336738e-02 1.442041686878957688e-02
4.068111185733866542e+00 3.364160274317746363e-02 6.511105039439935016e-02 3.018969995031262066e-02 1.451136072508716311e-02
4.054075632671143126e+00 3.384917361207015474e-02 6.546176458739151605e-02 3.037847684047683197e-02 1.460286755826495017e-02
4.040088504231241551e+00 3.405797957110839186e-02 6.581429562210401596e-02 3.056840013296029807e-02 1.469494136461975409e-02
4.026149633342436474e+00 3.426802751890715981e-02 6.616865217463291371e-02 3.075947622609534818e-02 1.478758608796433560e-02
4.012258853509425016e+00 3.447932438012021872e-02 6.652484292685102718e-02 3.095171154473746328e-02 1.488080557507943588e-02
3.998415998811325700e+00 3.469187710508648409e-02 6.688287656581354268e-02 3.114511254021727973e-02 1.497460360477532830e-02
3.984620903899722233e+00 3.490569266955909078e-02 6.724276178400866166e-02 3.133968569030329970e-02 1.506898390122364713e-02
3.970873403996657114e+00 3.512077807458474643e-02 6.760450728000515219e-02 3.153543749919081318e-02 1.516395010610501956e-02
3.957173334892697181e+00 3.533714034660144498e-02 6.796812175913449772e-02 3.173237449752985134e-02 1.525950577166629296e-02
3.943520532944936541e+00 3.555478653782989662e-02 6.833361393394572769e-02 3.193050324250807509e-02 1.535565436978326287e-02
3.929914835075074997e+00 3.577372372703380848e-02 6.870099252426405123e-02 3.212983031795488276e-02 1.545239930546004475e-02
3.916356078767453397e+00 3.599395902073054127e-02 6.907026625678902576e-02 3.233036233376113122e-02 1.554974391302082863e-02
3.902844102067101861e+00 3.621549955493432588e-02 6.944144386426794047e-02 3.253210592613547947e-02 1.564769141880226894e-02
3.889378743577836861e+00 3.643835249741613630e-02 6.981453408438206831e-02 3.273506775759917747e-02 1.574624496145735075e-02
3.875959842460295679e+00 3.666252503293741111e-02 7.018954565859045203e-02 3.293925451691696177e-02 1.584540762524399085e-02
3.862587238430049918e+00 3.688802436731707102e-02 7.056648733127221518e-02 3.314467291908971408e-02 1.594518241188066024e-02
3.849260771755659505e+00 3.711485773757365603e-02 7.094536785573810067e-02 3.335132970530870627e-02 1.604557223791643755e-02
3.835980283256792855e+00 3.734303240545852609e-02 7.132619599819786660e-02 3.355923164288285993e-02 1.614657994544296468e-02
3.822745614302312411e+00 3.757255565813726050e-02 7.170898052792373800e-02 3.376838552515336322e-02 1.624820832063869971e-02
3.809556606808368162e+00 3.780343480861636518e-02 7.209373022293880107e-02 3.397879817140826014e-02 1.635046009916593657e-02
3.796413103236535136e+00 3.803567719594081603e-02 7.248045386826224012e-02 3.419047642680943244e-02 1.645333794074854694e-02
3.783314946591906924e+00 3.826929018519473896e-02 7.286916025542350406e-02 3.440342716234641440e-02 1.655684442239744800e-02
3.770261980421239834e+00 3.850428116733925488e-02 7.325985818287177043e-02 3.461765727482851024e-02 1.666098210604312346e-02
3.757254048811076164e+00 3.874065755892861646e-02 7.365255645685538088e-02 3.483317368692959159e-02 1.676575350270203060e-02
3.744290996385871040e+00 3.897842680174837954e-02 7.404726389242144435e-02 3.504998334718568975e-02 1.687116107510699611e-02
3.731372668306160989e+00 3.921759636242297398e-02 7.444398931426829402e-02 3.526809322932364377e-02 1.697720724526113195e-02
3.718498910266686774e+00 3.945817373204622835e-02 7.484274155727199673e-02 3.548751033264134491e-02 1.708389441519859303e-02
3.705669568494576183e+00 3.970016642588839600e-02 7.524352946658922903e-02 3.570824168182545888e-02 1.719122498067082727e-02
3.692884489747483290e+00 3.994358198324061970e-02 7.564636189733435490e-02 3.593029432687067093e-02 1.729920131997870689e-02
3.680143521311779242e+00 4.018842796745703688e-02 7.605124771391087724e-02 3.615367534301265617e-02 1.740782576282398283e-02
3.667446511000718168e+00 4.043471196626102077e-02 7.645819578917291415e-02 3.637839183062568926e-02 1.751710066193744655e-02
3.654793307152609749e+00 4.068244159238308677e-02 7.686721500367778293e-02 3.660445091509621079e-02 1.762702837774677428e-02
3.642183758629030432e+00 4.093162448459987390e-02 7.727831424555944850e-02 3.683185974668352208e-02 1.773761127309112992e-02
3.629617714812994667e+00 4.118226830924898857e-02 7.769150242076473811e-02 3.706062550038080605e-02 1.784885171517091446e-02
3.617095025607176773e+00 4.143438076229231937e-02 7.810678844620108641e-02 3.729075537578654259e-02 1.796075209313206800e-02
3.604615541432096393e+00 4.168796955735783877e-02 7.852418124907852015e-02 3.752225659699988392e-02 1.807331483657783483e-02
3.592179113224352793e+00 4.194304242423872731e-02 7.894368976911456115e-02 3.775513641254998193e-02 1.818654241709942790e-02
3.579785592434834296e+00 4.219960712316339624e-02 7.936532295711140605e-02 3.798940209537260415e-02 1.830043731845570204e-02
3.567434831026936148e+00 4.245767143687304013e-02 7.978908977465992702e-02 3.822506094275210375e-02 1.841500205188344869e-02
3.555126681474811257e+00 4.271724317118603953e-02 8.021499919453881078e-02 3.846212027560496488e-02 1.853023920545724540e-02
3.542860996761586723e+00 4.297833015532061263e-02 8.064306020144684783e-02 3.870058743876550467e-02 1.864615141284495931e-02
3.530637630377630121e+00 4.324094024199743452e-02 8.107328179277022151e-02 3.894046980075992898e-02 1.876274135357798231e-02
3.518456436318774472e+00 4.350508130735186718e-02 8.150567297916579135e-02 3.918177475364879869e-02 1.888001175994380790e-02
3.506317269084599619e+00 4.377076125068520007e-02 8.194024278480861734e-02 3.942450971289290784e-02 1.899796543461644213e-02
3.494219983676678520e+00 4.403798799409159442e-02 8.237700024723387804e-02 3.966868211718493908e-02 1.911660526121702203e-02
3.482164435596842189e+00 4.430676948199862436e-02 8.281595441677645775e-02 3.991429942825661104e-02 1.923593419215558278e-02
3.470150480845473950e+00 4.457711368066254176e-02 8.325711435568862451e-02 4.016136913067135800e-02 1.935595521208000394e-02
3.458177975919759284e+00 4.484902857766510931e-02 8.370048913709719762e-02 4.040989873161447005e-02 1.947667139749098553e-02
3.446246777812005391e+00 4.512252218145771515e-02 8.414608784403219965e-02 4.065989576068933242e-02 1.959808590981071061e-02
3.434356744007900808e+00 4.539760252100601828e-02 8.459391956884175501e-02 4.091136776973224726e-02 1.972020198039465058e-02
3.422507732484839860e+00 4.567427764558634751e-02 8.504399342052849919e-02 4.116432233265435864e-02 1.984302290584380804e-02
3.410699601710212470e+00 4.595255562479170358e-02 8.549631852285188849e-02 4.141876704532280323e-02 1.996655205683897996e-02
3.398932210639708185e+00 4.623244454880486021e-02 8.595090400842742007e-02 4.167470952546994956e-02 2.009079289169977273e-02
3.387205418715650840e+00 4.651395252899869631e-02 8.640775902274519527e-02 4.193215741201218594e-02 2.021574895853038914e-02
3.375519085865296365e+00 4.679708769892757664e-02 8.686689272209872914e-02 4.219111836500009233e-02 2.034142387214141548e-02
3.363873072499178551e+00 4.708185821577241803e-02 8.732831427261675272e-02 4.245160006549395654e-02 2.046782128269393139e-02
3.352267239509437058e+00 4.736827226052739426e-02 8.779203285000772294e-02 4.271361021526076662e-02 2.059494494819325006e-02
3.340701448268142304e+00 4.765633801874707282e-02 8.825805763967885242e-02 4.297715653656388607e-02 2.072279869690205750e-02
3.329175560625663000e+00 4.794606369845934996e-02 8.872639783695081273e-02 4.324224677191660510e-02 2.085138642032384471e-02
3.317689438908991484e+00 4.823745752813723281e-02 8.919706264715512867e-02 4.350888868381042052e-02 2.098071206606366701e-02
3.306242945920122356e+00 4.853052775354677745e-02 8.967006128545866595e-02 4.377709005442516343e-02 2.111077964547307048e-02
3.294835944934392469e+00 4.882528263801200197e-02 9.014540297633101551e-02 4.404685868533240317e-02 2.124159324321561737e-02
3.283468299698864445e+00 4.912173046246088443e-02 9.062309695262973919e-02 4.431820239719913568e-02 2.137315701399700521e-02
3.272139874430694206e+00 4.941987952527715500e-02 9.110315245435046672e-02 4.459112902950278928e-02 2.150547515397405879e-02
3.260850533815499830e+00 4.971973814198240443e-02 9.158557872715138160e-02 4.486564644026595772e-02 2.163855187377930131e-02
3.249600143005760611e+00 5.002131464477672929e-02 9.207038502082724729e-02 4.514176250581945077e-02 2.177239147008173600e-02
3.238388567619192138e+00 5.032461738197129691e-02 9.255758058797751431e-02 4.541948512060465376e-02 2.190699827863196517e-02
3.227215673737154678e+00 5.062965471734474227e-02 9.304717468392438573e-02 4.569882219676197482e-02 2.204237666887714706e-02
3.216081327903037579e+00 5.093643502946317014e-02 9.353917657614893577e-02 4.597978166341478573e-02 2.217853103528310069e-02
3.204985397120683199e+00 5.124496671100067097e-02 9.403359553217874311e-02 4.626237146680857448e-02 2.231546580340222283e-02
3.193927748852786408e+00 5.155525816810441198e-02 9.453044082207875953e-02 4.654659956980275459e-02 2.245318543766686159e-02
3.182908251019309631e+00 5.186731781984769973e-02 9.502972171817768154e-02 4.683247395156349413e-02 2.259169443721906201e-02
3.171926771995918770e+00 5.218115409781663022e-02 9.553144749285923110e-02 4.712000260722779693e-02 2.273099730813250841e-02
3.160983180612390253e+00 5.249677544588067513e-02 9.603562741726379137e-02 4.740919354753986292e-02 2.287109853203274368e-02
3.150077346151070046e+00 5.281419032019477738e-02 9.654227076056164092e-02 4.770005479846551460e-02 2.301200263781597033e-02
3.139209138345285144e+00 5.313340718948785651e-02 9.705138678951724662e-02 4.799259440079488293e-02 2.315371415762385726e-02
3.128378427377808357e+00 5.345443453568844705e-02 9.756298476810711107e-02 4.828682040973904244e-02 2.329623762011505395e-02
3.117585083879302665e+00 5.377728085494470900e-02 9.807707395701344144e-02 4.858274089453042122e-02 2.343957754083774922e-02
3.106828978926763796e+00 5.410195465898862133e-02 9.859366361286650560e-02 4.888036393803410484e-02 2.358373842700881365e-02
3.096109984042000107e+00 5.442846445978684333e-02 9.911276298716266420e-02 4.917969763637723007e-02 2.372872478591157158e-02
3.085427971190077834e+00 5.475681877448445450e-02 9.963438132484675469e-02 4.948075009860639778e-02 2.387454112403838632e-02
3.074782812777808960e+00 5.508702613461646802e-02 1.001585278625948539e-01 4.978352944636599275e-02 2.402119192580347631e-02
3.064174381652221335e+00 5.541909507891499415e-02 1.006852118268987822e-01 5.008804381309023279e-02 2.416868161459629488e-02
3.053602551099028783e+00 5.575303415339483842e-02 1.012144424321030911e-01 5.039430134368016317e-02 2.431701461452226778e-02
3.043067194841138523e+00 5.608885191123535313e-02 1.017462288786013663e-01 5.070231019417792417e-02 2.446619533071990593e-02
3.032568187037119944e+00 5.642655691247933092e-02 1.022805803516310674e-01 5.101207853123991554e-02 2.461622813409219263e-02
3.022105402279724906e+00 5.676615772356771034e-02 1.028175060298729404e-01 5.132361453169930615e-02 2.476711735269507275e-02
3.011678715594366285e+00 5.710766291673650963e-02 1.033570150760800693e-01 5.163692638209857466e-02 2.491886727448930014e-02
3.001288002437645375e+00 5.745108106929952552e-02 1.038991166353812612e-01 5.195202227819634144e-02 2.507148215726893309e-02
2.990933138695855309e+00 5.779642076284727953e-02 1.044438198365726378e-01 5.226891042445721419e-02 2.522496623357582679e-02
2.980614000683490250e+00 5.814369058239174382e-02 1.049911337893279090e-01 5.258759903353055903e-02 2.537932369968419130e-02
2.970330465141789222e+00 5.849289911548864046e-02 1.055410675823305333e-01 5.290809632572399807e-02 2.553455868002993401e-02
2.960082409237238199e+00 5.884405495137395858e-02 1.060936302820270905e-01 5.323041052848052207e-02 2.569067524513992187e-02
2.949869710560128144e+00 5.919716668014807226e-02 1.066488309317339817e-01 5.355454987586320131e-02 2.584767745243429435e-02
2.939692247123069535e+00 5.955224289204862076e-02 1.072066785508815623e-01 5.388052260805704236e-02 2.600556930728874575e-02
2.929549897359554400e+00 5.990929217684882319e-02 1.077671821342145453e-01 5.420833697089187664e-02 2.616435476190739212e-02
2.919442540122496155e+00 6.026832312342479681e-02 1.083303506508207920e-01 5.453800121534880391e-02 2.632403771319427599e-02
2.909370054682775208e+00 6.062934431953347775e-02 1.088961930429019065e-01 5.486952359658255063e-02 2.648462201264762880e-02
2.899332320727814771e+00 6.099236435184441502e-02 1.094647182242451111e-01 5.520291237363367937e-02 2.664611147678726949e-02
2.889329218360121132e+00 6.135739180627254596e-02 1.100359350784085449e-01 5.553817580882263599e-02 2.680850988742822932e-02
2.879360628095877672e+00 6.172443526865576541e-02 1.106098524566707791e-01 5.587532216713360367e-02 2.697182097257662392e-02
2.869426430863489585e+00 6.209350332582711657e-02 1.111864791758512688e-01 5.621435971563329415e-02 2.713604837481951512e-02
2.859526508002185441e+00 6.246460455241917287e-02 1.117658240161461397e-01 5.655529672286052634e-02 2.730119572277280721e-02
2.849660741260589436e+00 6.283774751025805738e-02 1.123478957191777899e-01 5.689814145819441227e-02 2.746726660629154187e-02
2.839829012795302532e+00 6.321294076218204883e-02 1.129327029879730326e-01 5.724290219120575784e-02 2.763426456938907275e-02
2.830031205169511566e+00 6.359019286296156703e-02 1.135202544963261201e-01 5.758958719099638995e-02 2.780219310527558621e-02
2.820267201351567721e+00 6.396951235914091760e-02 1.141105588731437942e-01 5.793820472553416756e-02 2.797105566174067082e-02
2.810536884713605410e+00 6.435090778869777262e-02 1.147036247064694009e-01 5.828876306098643156e-02 2.814085565365767941e-02
2.800840139030133624e+00 6.473438768053868531e-02 1.152994605421920199e-01 5.864127046106043517e-02 2.831159647230353099e-02
2.791176848476662364e+00 6.511996055384584869e-02 1.158980748813770306e-01 5.899573518635332914e-02 2.848328148208595714e-02
2.781546897628313531e+00 6.550763491729631738e-02 1.164994761783986477e-01 5.935216549371972322e-02 2.865591399674160752e-02
2.771950171458430923e+00 6.589741926817446749e-02 1.171036728396136484e-01 5.971056963563532022e-02 2.882949726529122902e-02
2.762386555337228433e+00 6.628932209139952458e-02 1.177106732223478919e-01 6.007095585912834712e-02 2.900403455063895602e-02
2.752855935030398715e+00 6.668335185849519342e-02 1.183204856340095146e-01 6.043333240526944927e-02 2.917952908190701855e-02
2.743358196697764484e+00 6.707951702652469039e-02 1.189331183311693463e-01 6.079770750845677613e-02 2.935598406027803767e-02
2.733893226891916051e+00 6.747782603702140447e-02 1.195485795184962757e-01 6.116408939563662550e-02 2.953340265447566490e-02
2.724460912556842640e+00 6.787828731494331691e-02 1.201668773474663804e-01 6.153248628557270172e-02 2.971178800876101908e-02
2.715061141026604119e+00 6.828090926768033697e-02 1.207880199148040762e-01 6.190290638808780554e-02 2.989114325564602367e-02
2.705693800023964091e+00 6.868570028414935913e-02 1.214120152606580350e-01 6.227535790328484616e-02 3.007147152405738669e-02
2.696358777659066064e+00 6.909266873400618514e-02 1.220388713665432473e-01 6.264984902074872963e-02 3.025277593453783859e-02
2.687055962428082090e+00 6.950182296701216955e-02 1.226685961531311375e-01 6.302638791873678425e-02 3.043505957441772561e-02
2.677785243211893373e+00 6.991317131258698025e-02 1.233011974779963937e-01 6.340498276335929106e-02 3.061832549181780008e-02
2.668546509274758893e+00 7.032672207958652610e-02 1.239366831334777902e-01 6.378564170775688491e-02 3.080257677028989602e-02
2.659339650262983135e+00 7.074248355634163432e-02 1.245750608449947838e-01 6.416837289127860777e-02 3.098781647837820299e-02
2.650164556203616684e+00 7.116046401099423990e-02 1.252163382810631276e-01 6.455318443866413236e-02 3.117404767750014266e-02
2.641021117503122628e+00 7.158067169217244285e-02 1.258605230430206723e-01 6.494008445923703243e-02 3.136127341718460138e-02
2.631909224946086034e+00 7.200311481667596991e-02 1.265076226616399513e-01 6.532908104611058475e-02 3.154949674237573359e-02
2.622828769693891005e+00 7.242780156648141732e-02 1.271576445995347415e-01 6.572018227528872436e-02 3.173872070508834686e-02
2.613779643283438148e+00 7.285474010450919413e-02 1.278105962481777269e-01 6.611339620445644272e-02 3.192894837203071740e-02
2.604761737625839846e+00 7.328393856454754052e-02 1.284664849257572405e-01 6.650873087245756654e-02 3.212018282052516577e-02
2.595774945005123069e+00 7.371540505080362293e-02 1.291253178756342768e-01 6.690619429826355491e-02 3.231242711618586422e-02
2.586819158076961056e+00 7.414914763731239589e-02 1.297871022651879425e-01 6.730579448007804888e-02 3.250568429612903792e-02
2.577894269867369026e+00 7.458517436720508986e-02 1.304518451848715732e-01 6.770753939443426017e-02 3.269995744773544766e-02
2.569000173771446516e+00 7.502349325184809459e-02 1.311195536473203083e-01 6.811143699526696349e-02 3.289524966088377272e-02
2.560136763552087746e+00 7.546411226987093102e-02 1.317902345863926905e-01 6.851749521296644774e-02 3.309156403282896564e-02
2.551303933338724406e+00 7.590703936609648206e-02 1.324638948560472596e-01 6.892572195341445385e-02 3.328890366194025424e-02
2.542501577626057330e+00 7.635228245039435424e-02 1.331405412289967949e-01 6.933612509700848303e-02 3.348727165180209048e-02
2.533729591272789072e+00 7.679984939647538367e-02 1.338201803951063473e-01 6.974871249767695958e-02 3.368667112090498877e-02
2.524987869500382676e+00 7.724974804064609069e-02 1.345028189595348644e-01 7.016349198188785719e-02 3.388710521032353012e-02
2.516276307891792907e+00 7.770198618054750817e-02 1.351884634406554375e-01 7.058047134765704778e-02 3.408857708228710953e-02
2.507594802390235245e+00 7.815657157389749310e-02 1.358771202678126788e-01 7.099965836355667803e-02 3.429108990341375729e-02
2.498943249297935321e+00 7.861351193726230646e-02 1.365687957790155671e-01 7.142106076772997136e-02 3.449464681390821547e-02
2.490321545274883697e+00 7.907281494488112294e-02 1.372634962186889962e-01 7.184468626691488391e-02 3.469925098879273612e-02
2.481729587337617726e+00 7.953448822756706282e-02 1.379612277360756922e-01 7.227054253547597618e-02 3.490490562547165360e-02
2.473167272857972332e+00 7.999853937171394480e-02 1.386619963979405790e-01 7.269863721408080515e-02 3.511161392871904596e-02
2.464634499561874748e+00 8.046497591843168595e-02 1.393658081743095745e-01 7.312897790870558079e-02 3.531937910673280112e-02
2.456131165528100624e+00 8.093380536284185134e-02 1.400726689369906353e-01 7.356157218972370071e-02 3.552820436961257045e-02
2.447657169187077209e+00 8.140503515355758390e-02 1.407825844616934774e-01 7.399642759073285503e-02 3.573809293583395108e-02
2.439212409319659436e+00 8.187867269237980583e-02 1.414955604251048049e-01 7.443355160749522137e-02 3.594904803987742509e-02
2.430796785055916231e+00 8.235472533423794650e-02 1.422116024027340331e-01 7.487295169685516394e-02 3.616107293443977105e-02
2.422410195873941241e+00 8.283320038740354940e-02 1.429307158673224498e-01 7.531463527563632410e-02 3.637417088123634512e-02
2.414052541598632917e+00 8.331410510489942189e-02 1.436529061876379021e-01 7.575860971952332046e-02 3.658834512527960742e-02
2.405723722400517239e+00 8.379744667406789638e-02 1.443781786274870305e-01 7.620488236192747566e-02 3.680359888710393879e-02
2.397423638794538014e+00 8.428323223716613355e-02 1.451065383448124912e-01 7.665346049284277319e-02 3.701993543367895767e-02
2.389152191638880929e+00 8.477146888021350191e-02 1.458379903907523478e-01 7.710435135769115600e-02 3.723735802253019117e-02
2.380909282133786053e+00 8.526216363194168146e-02 1.465725397085758663e-01 7.755756215616285698e-02 3.745586990898914365e-02
2.372694811820360350e+00 8.575532346295296204e-02 1.473101911324243840e-01 7.801310004105321827e-02 3.767547433753094116e-02
2.364508682579415044e+00 8.625095528476237061e-02 1.480509493858130632e-01 7.847097211709744280e-02 3.789617454283124298e-02
2.356350796630279465e+00 8.674906594873675603e-02 1.487948190798785431e-01 7.893118543980906510e-02 3.811797375589225101e-02
2.348221056529646855e+00 8.724966224493828360e-02 1.495418047113737936e-01 7.939374701432105885e-02 3.834087520925121007e-02
2.340119365170395316e+00 8.775275090088895114e-02 1.502919106604462818e-01 7.985866379423611772e-02 3.856488213558167261e-02
2.332045625780443832e+00 8.825833858026455037e-02 1.510451411882498263e-01 8.032594268046133745e-02 3.878999775454061716e-02
2.323999741921586981e+00 8.876643188153565678e-02 1.518015004344747954e-01 8.079559051962932614e-02 3.901622524350931848e-02
2.315981617488338529e+00 8.927703733656870699e-02 1.525609924148993990e-01 8.126761410313647349e-02 3.924356775541586878e-02
2.307991156706799440e+00 8.979016140920142997e-02 1.533236210237853003e-01 8.174202016592609088e-02 3.947202846115902691e-02
2.300028264133493927e+00 9.030581049381179726e-02 1.540893900468666422e-01 8.221881538519047739e-02 3.970161050234936873e-02
2.292092844654248562e+00 9.082399091389312118e-02 1.548583031367608276e-01 8.269800637913952979e-02 3.993231699697134124e-02
2.284184803483039428e+00 9.134470892065743586e-02 1.556303638216459950e-01 8.317959970575483641e-02 4.016415103157720129e-02
2.276304046160872563e+00 9.186797069168019247e-02 1.564055755034471917e-01 8.366360186152749234e-02 4.039711566270812876e-02
2.268450478554652872e+00 9.239378232960912540e-02 1.571839414551725045e-01 8.415001928018424338e-02 4.063121392229924328e-02
2.260624006856048585e+00 9.292214986095406748e-02 1.579654648188988930e-01 8.463885833140263881e-02 4.086644882185132277e-02
2.252824537580390363e+00 9.345307923497710167e-02 1.587501486042373344e-01 8.513012531951563711e-02 4.110282335039255192e-02
2.245051977565534873e+00 9.398657632270528139e-02 1.595379956871297300e-01 8.562382648221054937e-02 4.134034046170211030e-02
2.237306233970767444e+00 9.452264691608343317e-02 1.603290088088344112e-01 8.611996798922021135e-02 4.157900304690866772e-02
2.229587214275686957e+00 9.506129672729063396e-02 1.611231905749872795e-01 8.661855594101158795e-02 4.181881394791522877e-02
2.221894826279094737e+00 9.560253138824076347e-02 1.619205434546339695e-01 8.711959636747190761e-02 4.205977600505396430e-02
2.214228978097906086e+00 9.614635645028690725e-02 1.627210697791472982e-01 8.762309522659308958e-02 4.230189200626969376e-02
2.206589578166040067e+00 9.669277738238804543e-02 1.635247717409713808e-01 8.812905840315933548e-02 4.254516469520142757e-02
2.198976535233337248e+00 9.724179955252781893e-02 1.643316513921378452e-01 8.863749170743565053e-02 4.278959676313196653e-02
2.191389758364457485e+00 9.779342824586897964e-02 1.651417106425339953e-01 8.914840087386312339e-02 4.303519084961371366e-02
2.183829156937805216e+00 9.834766866076427583e-02 1.659549512579078512e-01 8.966179155975867454e-02 4.328194954730459065e-02
2.176294640644442779e+00 9.890452590446739689e-02 1.667713748576251653e-01 9.017766934376025834e-02 4.352987540649228687e-02
2.168786119487005060e+00 9.946400499209137602e-02 1.675909829122058381e-01 9.069603972445192119e-02 4.377897093492991165e-02
2.161303503778637669e+00 1.000261108454823106e-01 1.684137767406862773e-01 9.121690811922492093e-02 4.402923858891937686e-02
2.153846704141911594e+00 1.005908482920182118e-01 1.692397575078790350e-01 9.174027986280132441e-02 4.428068075205632975e-02
2.146415631507769817e+00 1.011582220633367862e-01 1.700689262227880194e-01 9.226616020587459499e-02 4.453329972161373940e-02
2.139010197114447287e+00 1.017282367940037513e-01 1.709012837583315514e-01 9.279455431374447616e-02 4.478709777973910455e-02
2.131630312506426872e+00 1.023008970201264023e-01 1.717368308287260392e-01 9.332546726494288236e-02 4.504207714155251258e-02
2.124275889533374873e+00 1.028762071779247000e-01 1.725755679898169359e-01 9.385890404985498814e-02 4.529823996153450882e-02
2.116946840349081871e+00 1.034541716022678998e-01 1.734174956419307356e-01 9.439486956933505757e-02 4.555558832657884832e-02
2.109643077410428891e+00 1.040347945251853118e-01 1.742626140269465385e-01 9.493336863331637565e-02 4.581412425450849535e-02
2.102364513476324692e+00 1.046180800743650163e-01 1.751109232260372461e-01 9.547440595941963926e-02 4.607384969786040840e-02
2.095111061606680369e+00 1.052040322716470550e-01 1.759624231579269282e-01 9.601798617155642146e-02 4.633476654907794229e-02
2.087882635161354639e+00 1.057926550315266556e-01 1.768171135775369884e-01 9.656411379853284405e-02 4.659687664329274781e-02
2.080679147799131545e+00 1.063839521596746662e-01 1.776749940748898748e-01 9.711279327265012751e-02 4.686018175504583216e-02
2.073500513476685736e+00 1.069779273514909063e-01 1.785360640741656957e-01 9.766402892830620963e-02 4.712468358560279597e-02
2.066346646447546398e+00 1.075745841907009281e-01 1.794003228328093502e-01 9.821782500059798859e-02 4.739038373821593403e-02
2.059217461261089621e+00 1.081739261480077346e-01 1.802677694406013276e-01 9.877418562392364931e-02 4.765728374964511849e-02
2.052112872761498785e+00 1.087759565798142591e-01 1.811384028186233952e-01 9.933311483058929192e-02 4.792538511333285095e-02
2.045032796086764471e+00 1.093806787270262260e-01 1.820122217180540347e-01 9.989461654941640678e-02 4.819468924309468910e-02
2.037977146667655948e+00 1.099880957139527243e-01 1.828892247187549336e-01 1.004586946043556361e-01 4.846519747995088612e-02
2.030945840226724197e+00 1.105982105473136134e-01 1.837694102276087871e-01 1.010253527131030615e-01 4.873691108656216797e-02
2.023938792777288054e+00 1.112110261153720220e-01 1.846527764765972524e-01 1.015945944856233851e-01 4.900983124835923271e-02
2.016955920622427900e+00 1.118265451872038491e-01 1.855393215206122826e-01 1.021664234227050161e-01 4.928395907818586968e-02
2.009997140353997125e+00 1.124447704121172703e-01 1.864290432350081128e-01 1.027408429146786234e-01 4.955929562121197396e-02
2.003062368851610486e+00 1.130657043173613485e-01 1.873219393129247901e-01 1.033178562399918038e-01 4.983584185691594670e-02
1.996151523281666673e+00 1.136893492922410320e-01 1.882180072624131395e-01 1.038974665638061623e-01 5.011359869507451409e-02
1.989264521096351324e+00 1.143157076046486531e-01 1.891172444038361211e-01 1.044796769366007766e-01 5.039256696294352328e-02
1.982401280032646262e+00 1.149447813963909160e-01 1.900196478918635412e-01 1.050644902927803243e-01 5.067274738275719115e-02
1.975561718111359166e+00 1.155765726796340598e-01 1.909252146973640651e-01 1.056519094492865685e-01 5.095414061681858425e-02
1.968745753636130580e+00 1.162110833357571371e-01 1.918339415995137520e-01 1.062419371042169908e-01 5.123674726905496496e-02
1.961953305192471575e+00 1.168483151141613413e-01 1.927458251928663158e-01 1.068345758354456998e-01 5.152056786192062143e-02
1.955184291646777650e+00 1.174882696310441121e-01 1.936608618845293561e-01 1.074298280992517507e-01 5.180560284069480464e-02
1.948438632145373051e+00 1.181309483681380890e-01 1.945790478919779409e-01 1.080276962289499348e-01 5.209185256939562192e-02
1.941716246113536437e+00 1.187763526714221557e-01 1.955003792413897157e-01 1.086281824335280366e-01 5.237931733226006831e-02
1.935017053254536767e+00 1.194244837498091572e-01 1.964248517663852445e-01 1.092312887962889334e-01 5.266799733818142842e-02
1.928340973548684723e+00 1.200753426738125074e-01 1.973524611070655299e-01 1.098370172734960265e-01 5.295789272542916065e-02
1.921687927252363037e+00 1.207289303742017234e-01 1.982832027092534533e-01 1.104453696930259438e-01 5.324900356398892115e-02
1.915057834897087696e+00 1.213852476406468567e-01 1.992170718238435723e-01 1.110563477530236431e-01 5.354132985294404040e-02
1.908450617288545592e+00 1.220442951203633136e-01 2.001540635061851425e-01 1.116699530205648994e-01 5.383487151048652053e-02
1.901866195505659940e+00 1.227060733167571471e-01 2.010941726154198972e-01 1.122861869303214688e-01 5.412962835437553494e-02
1.895304490899643257e+00 1.233705825880817702e-01 2.020373938137181302e-01 1.129050507832326938e-01 5.442560012472000969e-02
1.888765425093051675e+00 1.240378231461103237e-01 2.029837215653556015e-01 1.135265457451820892e-01 5.472278651648426750e-02
1.882248919978861235e+00 1.247077950548286379e-01 2.039331501355865217e-01 1.141506728456773145e-01 5.502118713824185464e-02
1.875754897719521974e+00 1.253804982291596981e-01 2.048856735892839454e-01 1.147774329765381407e-01 5.532080152349058699e-02
1.869283280746040887e+00 1.260559324337209297e-01 2.058412857893144599e-01 1.154068268908565592e-01 5.562162912569205975e-02
1.862833991757041563e+00 1.267340972816272671e-01 2.067999803946420079e-01 1.160388552015406832e-01 5.592366931851043554e-02
1.856406953717853803e+00 1.274149922333412677e-01 2.077617508581469929e-01 1.166735183799371689e-01 5.622692139918857718e-02
1.850002089859587917e+00 1.280986165955820266e-01 2.087265904241722980e-01 1.173108167547469299e-01 5.653138459291945361e-02
1.843619323678212130e+00 1.287849695202985811e-01 2.096944921258083183e-01 1.179507505107530579e-01 5.683705805603994632e-02
1.837258578933650854e+00 1.294740500037137865e-01 2.106654487823067801e-01 1.185933196875674778e-01 5.714394087590157073e-02
1.830919779648861878e+00 1.301658568854499598e-01 2.116394530252543593e-01 1.192385241783999739e-01 5.745203206535819812e-02
1.824602850108937968e+00 1.308603888477394006e-01 2.126164972799587938e-01 1.198863637288438699e-01 5.776133054994155025e-02
1.818307714860200042e+00 1.315576444147318336e-01 2.135965737541652698e-01 1.205368379356819009e-01 5.807183515404044233e-02
1.812034298709288782e+00 1.322576219519046858e-01 2.145796744480298890e-01 1.211899462457098481e-01 5.838354465909424001e-02
1.805782526722280013e+00 1.329603196628156292e-01 2.155657911518099046e-01 1.218456879545756627e-01 5.869645777092349914e-02
1.799552324223775202e+00 1.336657355792862101e-01 2.165549154441521185e-01 1.225040622056376982e-01 5.901057311883756151e-02
1.793343616796023055e+00 1.343738675744655942e-01 2.175470386908727738e-01 1.231650679888359468e-01 5.932588925536612379e-02
1.787156330278016458e+00 1.350847133572261882e-01 2.185421520441448995e-01 1.238287041395812887e-01 5.964240465386241863e-02
1.780990390764620734e+00 1.357982704704365773e-01 2.195402464419965449e-01 1.244949693376564831e-01 5.996011770973770638e-02
1.774845724605682351e+00 1.365145362900292703e-01 2.205413126080435215e-01 1.251638621061329504e-01 6.027902674369044200e-02
1.768722258405148517e+00 1.372335080240714433e-01 2.215453410513752719e-01 1.258353808103004623e-01 6.059913000523009519e-02
1.762619919020197434e+00 1.379551827118381535e-01 2.225523220665211743e-01 1.265095236566078363e-01 6.092042567477280735e-02
1.756538633560354556e+00 1.386795572228952667e-01 2.235622457334343893e-01 1.271862886916179658e-01 6.124291186260517883e-02
1.750478329386634835e+00 1.394066282561864378e-01 2.245751019174272722e-01 1.278656738009710803e-01 6.156658660306152386e-02
1.744438934110660755e+00 1.401363923391328870e-01 2.255908802690105575e-01 1.285476767083616190e-01 6.189144784235599273e-02
1.738420375593809686e+00 1.408688458267415566e-01 2.266095702235806642e-01 1.292322949745219884e-01 6.221749342921302495e-02
1.732422581946347240e+00 1.416039849007281193e-01 2.276311610009195130e-01 1.299195259962175886e-01 6.254472117045078994e-02
1.726445481526564407e+00 1.423418055686552219e-01 2.286556416044689399e-01 1.306093670052498601e-01 6.287312879257299369e-02
1.720489002939932011e+00 1.430823036630854694e-01 2.296830008203474549e-01 1.313018150674659379e-01 6.320271394581576663e-02
1.714553075038235619e+00 1.438254748407563066e-01 2.307132272160938857e-01 1.319968670821188295e-01 6.353347420297404680e-02
1.708637626918738661e+00 1.445713145817734135e-01 2.317463091391137597e-01 1.326945197818003019e-01 6.386540705725410327e-02
1.702742587923322892e+00 1.453198181888295804e-01 2.327822347148268411e-01 1.333947697300023327e-01 6.419850992303244297e-02
1.696867887637654393e+00 1.460709807864470355e-01 2.338209918445048607e-01 1.340976133210276811e-01 6.453278013827805359e-02
1.691013455890338912e+00 1.468247973202488066e-01 2.348625682030884565e-01 1.348030467792000475e-01 6.486821496734458681e-02
1.685179222752079653e+00 1.475812625562606117e-01 2.359069512694796089e-01 1.355110661580183062e-01 6.520481160280804100e-02
1.679365118534849710e+00 1.483403710802427555e-01 2.369541283087112371e-01 1.362216673393448485e-01 6.554256716502070146e-02
1.673571073791051855e+00 1.491021172970601605e-01 2.380040863564903408e-01 1.369348460326320627e-01 6.588147869807695067e-02
1.667797019312696749e+00 1.498664954300863994e-01 2.390568122328018685e-01 1.376505977741795117e-01 6.622154316092644655e-02
1.662042886130568276e+00 1.506334995206505822e-01 2.401122925404844122e-01 1.383689179264271929e-01 6.656275741369740984e-02
1.656308605513406196e+00 1.514031234275236559e-01 2.411705136643395586e-01 1.390898016772773305e-01 6.690511825461463447e-02
1.650594108967084805e+00 1.521753608264514723e-01 2.422314617707038431e-01 1.398132440394488085e-01 6.724862241501539106e-02
1.644899328233786928e+00 1.529502052097353459e-01 2.432951228074071715e-01 1.405392398498608031e-01 6.759326654232244991e-02
1.639224195291200781e+00 1.537276498858605733e-01 2.443614825040429650e-01 1.412677837690429761e-01 6.793904720556900867e-02
1.633568642351694633e+00 1.545076879791807134e-01 2.454305263724880504e-01 1.419988702805752567e-01 6.828596089236081690e-02
1.627932601861518780e+00 1.552903124296542703e-01 2.465022397076002125e-01 1.427324936905509933e-01 6.863400400845007243e-02
1.622316006499993080e+00 1.560755159926413005e-01 2.475766075880365680e-01 1.434686481270668057e-01 6.898317287903905914e-02
1.616718789178698712e+00 1.568632912381764943e-01 2.486536148771340271e-01 1.442073275397358079e-01 6.933346375087871827e-02
1.611140883040687033e+00 1.576536305467156340e-01 2.497332462237925321e-01 1.449485256992218141e-01 6.968487279419201263e-02
1.605582221459670000e+00 1.584465261134699043e-01 2.508154860633176608e-01 1.456922361967975255e-01 7.003739610343627520e-02
1.600042738039234358e+00 1.592419699477234940e-01 2.519003186181683063e-01 1.464384524439199531e-01 7.039102969590849135e-02
1.594522366612038944e+00 1.600399538720873871e-01 2.529877278985730449e-01 1.471871676718280175e-01 7.074576950721413182e-02
1.589021041239032872e+00 1.608404695222397096e-01 2.540776977029691186e-01 1.479383749311551921e-01 7.110161138263988712e-02
1.583538696208664609e+00 1.616435083467091527e-01 2.551702116182355540e-01 1.486920670915608256e-01 7.145855106865660333e-02
1.578075266036092383e+00 1.624490616066980586e-01 2.562652530196867229e-01 1.494482368413772577e-01 7.181658425549995728e-02
1.572630685462411693e+00 1.632571203759427270e-01 2.573628050707959525e-01 1.502068766872692862e-01 7.217570655092164777e-02
1.567204889453864824e+00 1.640676755406158538e-01 2.584628507226351402e-01 1.509679789539101480e-01 7.253591347897540842e-02
1.561797813201075691e+00 1.648807177992638040e-01 2.595653727130015076e-01 1.517315357836664935e-01 7.289720048138734199e-02
1.556409392118262902e+00 1.656962376627848510e-01 2.606703535652271086e-01 1.524975391363583288e-01 7.325956291554108768e-02
1.551039561842480818e+00 1.665142254544415834e-01 2.617777755866518286e-01 1.532659807914228400e-01 7.362299605431520122e-02
1.545688258232843948e+00 1.673346713099115590e-01 2.628876208935518322e-01 1.540368523454970218e-01 7.398749508715050938e-02
1.540355417369757784e+00 1.681575651773739855e-01 2.639998714159082494e-01 1.548101452120076715e-01 7.435305512168838282e-02
1.535040975554164744e+00 1.689828968176294854e-01 2.651145088603812372e-01 1.555858506220287596e-01 7.471967118529580787e-02
1.529744869306772781e+00 1.698106558042571101e-01 2.662315147330797660e-01 1.563639596241777896e-01 7.508733822577974559e-02
1.524467035367307988e+00 1.706408315238023277e-01 2.673508703392821761e-01 1.571444630845574286e-01 7.545605111057800130e-02
1.519207410693746985e+00 1.714734131760008995e-01 2.684725567835540283e-01 1.579273516867473470e-01 7.582580462371996122e-02
1.513965932461575070e+00 1.723083897740321224e-01 2.695965549702772357e-01 1.587126159318387741e-01 7.619659345985049792e-02
1.508742538063030381e+00 1.731457501448060154e-01 2.707228456045424614e-01 1.595002461385152948e-01 7.656841221516863527e-02
1.503537165106353157e+00 1.739854829292807048e-01 2.718514091933416088e-01 1.602902324431766390e-01 7.694125541365830212e-02
1.498349751415048337e+00 1.748275765828085360e-01 2.729822260470047834e-01 1.610825648001017463e-01 7.731511750591173182e-02
1.493180235027133929e+00 1.756720193755138271e-01 2.741152762808347076e-01 1.618772329816551003e-01 7.768999285333313964e-02
1.488028554194409381e+00 1.765187993926965737e-01 2.752505398168790252e-01 1.626742265785287023e-01 7.806587573427477278e-02
1.482894647381713948e+00 1.773679045352655193e-01 2.763879963857991950e-01 1.634735350000231791e-01 7.844276034216506044e-02
1.477778453266187286e+00 1.782193225201981479e-01 2.775276255287859040e-01 1.642751474743650575e-01 7.882064078509018468e-02
1.472679910736547804e+00 1.790730408810249363e-01 2.786694065994745340e-01 1.650790530490562624e-01 7.919951108641812287e-02
1.467598958892350591e+00 1.799290469683411386e-01 2.798133187658252141e-01 1.658852405912599193e-01 7.957936518603887788e-02
1.462535537043270883e+00 1.807873279503405817e-01 2.809593410119192169e-01 1.666936987882144117e-01 7.996019694177171344e-02
1.457489584708369312e+00 1.816478708133752451e-01 2.821074521396447210e-01 1.675044161476812454e-01 8.034200013048395372e-02
1.452461041615377368e+00 1.825106623625351032e-01 2.832576307702271423e-01 1.683173809984185032e-01 8.072476844844919674e-02
1.447449847699974868e+00 1.833756892222515311e-01 2.844098553455803868e-01 1.691325814906839975e-01 8.110849551047287498e-02
1.442455943105068084e+00 1.842429378369211668e-01 2.855641041294463278e-01 1.699500055967645140e-01 8.149317484730492223e-02
1.437479268180083647e+00 1.851123944715483416e-01 2.867203552082929763e-01 1.707696411115276203e-01 8.187879990086126269e-02
1.432519763480245567e+00 1.859840452129950805e-01 2.878785864919536919e-01 1.715914756529998975e-01 8.226536401882268701e-02
1.427577369765876458e+00 1.868578759752183294e-01 2.890387757139786795e-01 1.724154966629639352e-01 8.265286048252845630e-02
1.422652028001678337e+00 1.877338724928158398e-01 2.902009004316862817e-01 1.732416914075788628e-01 8.304128249298448061e-02
1.417743679356037623e+00 1.886120203242934446e-01 2.913649380258913624e-01 1.740700469780171455e-01 8.343062316676767842e-02
1.412852265200317703e+00 1.894923048539663424e-01 2.925308657066121309e-01 1.749005502911210042e-01 8.382087553920405942e-02
1.407977727108155053e+00 1.903747112927787200e-01 2.936986605576377696e-01 1.757331880900752652e-01 8.421203256353859690e-02
1.403120006854770896e+00 1.912592246791783857e-01 2.948682994824295966e-01 1.765679469450929240e-01 8.460408711103449553e-02
1.398279046416264437e+00 1.921458298800493847e-01 2.960397592200464389e-01 1.774048132541174716e-01 8.499703197174221514e-02
1.393454787968930741e+00 1.930345115916944632e-01 2.972130163529032587e-01 1.782437732435339928e-01 8.539085985566766124e-02
1.388647173888559960e+00 1.939252543408727936e-01 2.983880473077845097e-01 1.790848129701571034e-01 8.578556339406978593e-02
1.383856146749757432e+00 1.948180424858841353e-01 2.995648283572240889e-01 1.799279183255435011e-01 8.618113514060747604e-02
1.379081649325253567e+00 1.957128602177029830e-01 3.007433356212123043e-01 1.807730750300421130e-01 8.657756757205681275e-02
1.374323624585218173e+00 1.966096915611588725e-01 3.019235450691835632e-01 1.816202686367569819e-01 8.697485308831261197e-02
1.369582015696586108e+00 1.975085203761590691e-01 3.031054325222363177e-01 1.824694845328962700e-01 8.737298401138589299e-02
1.364856766022369605e+00 1.984093303589559709e-01 3.042889736555500213e-01 1.833207079407440376e-01 8.777195258310832582e-02
1.360147819120991475e+00 1.993121050434517871e-01 3.054741440009504649e-01 1.841739239186750698e-01 8.817175096124840739e-02
1.355455118745600984e+00 2.002168278025448500e-01 3.066609189495910770e-01 1.850291173622188867e-01 8.857237122711733579e-02
1.350778608843409945e+00 2.011234818495084009e-01 3.078492737547040003e-01 1.858862730051642209e-01 8.897380540028418383e-02
1.346118233555021249e+00 2.020320502394058193e-01 3.090391835343920812e-01 1.867453754207082928e-01 8.937604541916015222e-02
1.341473937213755852e+00 2.029425158705377708e-01 3.102306232744228010e-01 1.876064090226473580e-01 8.977908314841766269e-02
1.336845664344997520e+00 2.038548614859163333e-01 3.114235678309872912e-01 1.884693580666048918e-01 9.018291037872532001e-02
1.332233359665521588e+00 2.047690696747707373e-01 3.126179919334027835e-01 1.893342066513010735e-01 9.058751882701482350e-02
1.327636968082839930e+00 2.056851228740739779e-01 3.138138701867159708e-01 1.902009387198564383e-01 9.099290013722267922e-02
1.323056434694542816e+00 2.066030033700957391e-01 3.150111770741889083e-01 1.910695380611329985e-01 9.139904588135286390e-02
1.318491704787637220e+00 2.075226932999751361e-01 3.162098869596366990e-01 1.919399883111095606e-01 9.180594756070707685e-02
1.313942723837902449e+00 2.084441746533101658e-01 3.174099740895892086e-01 1.928122729542877667e-01 9.221359660713356055e-02
1.309409437509229113e+00 2.093674292737663922e-01 3.186114125952618226e-01 1.936863753251324705e-01 9.262198438415258916e-02
1.304891791652980082e+00 2.102924388606959849e-01 3.198141764943028820e-01 1.945622786095391188e-01 9.303110218781322771e-02
1.300389732307333679e+00 2.112191849707712732e-01 3.210182396923099701e-01 1.954399658463325251e-01 9.344094124714327765e-02
1.295903205696647964e+00 2.121476490196247122e-01 3.222235759840853531e-01 1.963194199287901509e-01 9.385149272404866294e-02
1.291432158230813254e+00 2.130778122834968979e-01 3.234301590546238003e-01 1.972006236061928375e-01 9.426274771252343698e-02
1.286976536504611746e+00 2.140096559008894672e-01 3.246379624798143015e-01 1.980835594854002679e-01 9.467469723702563733e-02
1.282536287297084021e+00 2.149431608742169431e-01 3.258469597339848089e-01 1.989682100324469960e-01 9.508733225564126867e-02
1.278111357570886453e+00 2.158783080714618829e-01 3.270571242352580676e-01 1.998545575741633717e-01 9.550064367337261773e-02
1.273701694471666590e+00 2.168150782278226718e-01 3.282684292886572930e-01 2.007425842998130927e-01 9.591462232861763804e-02
1.269307245327421674e+00 2.177534519473601216e-01 3.294808481049846804e-01 2.016322722627530983e-01 9.632925899812801174e-02
1.264927957647878465e+00 2.186934097046317471e-01 3.306943538090894585e-01 2.025236033821074255e-01 9.674454439773613745e-02
1.260563779123862638e+00 2.196349318463186595e-01 3.319089194416755539e-01 2.034165594444592717e-01 9.716046918307612301e-02
1.256214657626670395e+00 2.205779985928388309e-01 3.331245179613995244e-01 2.043111221055575744e-01 9.757702395056162825e-02
1.251880541207453179e+00 2.215225900429613204e-01 3.343411222472210120e-01 2.052072728920346367e-01 9.799419923852649428e-02
1.247561378096590179e+00 2.224686861870152910e-01 3.355587051009764066e-01 2.061049932031386589e-01 9.841198552845056846e-02
1.243257116703075926e+00 2.234162668878806879e-01 3.367772392501336420e-01 2.070042643124731518e-01 9.883037324619868558e-02
1.238967705613897241e+00 2.243653118906413502e-01 3.379966973507045891e-01 2.079050673697489526e-01 9.924935276321715516e-02
1.234693093593426827e+00 2.253158008260909007e-01 3.392170519902732995e-01 2.088073834025402364e-01 9.966891439763436722e-02
1.230433229582806876e+00 2.262677132126294233e-01 3.404382756911177310e-01 2.097111933180489940e-01 1.000890484152251875e-01
1.226188062699336889e+00 2.272210284582021067e-01 3.416603409133910363e-01 2.106164779048743940e-01 1.005097450301998818e-01
1.221957542235872829e+00 2.281757258622753859e-01 3.428832200583327161e-01 2.115232178347830061e-01 1.009309944057832781e-01
1.217741617660213604e+00 2.291317846178546891e-01 3.441068854714883218e-01 2.124313936644844913e-01 1.013527866545547579e-01
1.213540238614503775e+00 2.300891838135350753e-01 3.453313094459038446e-01 2.133409858404302917e-01 1.017751118385157444e-01
1.209353354914630030e+00 2.310479024355886757e-01 3.465564642252766392e-01 2.142519747044682454e-01 1.021979599720273940e-01
1.205180916549618120e+00 2.320079193700837483e-01 3.477823220070379029e-01 2.151643404845165752e-01 1.026213210278899557e-01
1.201022873681042435e+00 2.329692134050323216e-01 3.490088549453391198e-01 2.160780633022298114e-01 1.030451849317480933e-01
1.196879176642423381e+00 2.339317632325692842e-01 3.502360351539320904e-01 2.169931231753137180e-01 1.034695415650546124e-01
1.192749775938641621e+00 2.348955474511541797e-01 3.514638347089110715e-01 2.179095000194983534e-01 1.038943807661038415e-01
1.188634622245338113e+00 2.358605445678006729e-01 3.526922256513099208e-01 2.188271736505401632e-01 1.043196923311536378e-01
1.184533666408333685e+00 2.368267330003248627e-01 3.539211799895271571e-01 2.197461237862454453e-01 1.047454660156394018e-01
1.180446859443037733e+00 2.377940910796159657e-01 3.551506697015713310e-01 2.206663300485193768e-01 1.051716915354249104e-01
1.176374152533860018e+00 2.387625970519249019e-01 3.563806667371086645e-01 2.215877719654376632e-01 1.055983585680472653e-01
1.172315497033635356e+00 2.397322290811663148e-01 3.576111430192974172e-01 2.225104289733370322e-01 1.060254567539288262e-01
1.168270844463033642e+00 2.407029652512381601e-01 3.588420704464048150e-01 2.234342804189299314e-01 1.064529756975472335e-01
1.164240146509989637e+00 2.416747835683487888e-01 3.600734208931851144e-01 2.243593055614344078e-01 1.068809049685614104e-01
1.160223355029117442e+00 2.426476619633577136e-01 3.613051662120216889e-01 2.252854835747263029e-01 1.073092341029094066e-01
1.156220422041142060e+00 2.436215782941198171e-01 3.625372782550645989e-01 2.262127935495050757e-01 1.077379526038968888e-01
1.152231299732324077e+00 2.445965103478372760e-01 3.637697288940577312e-01 2.271412144954780554e-01 1.081670499433101812e-01
1.148255940453885460e+00 2.455724358434150933e-01 3.650024899694000458e-01 2.280707253435600435e-01 1.085965155625899931e-01
1.144294296721446669e+00 2.465493324338140224e-01 3.662355333198114571e-01 2.290013049480845164e-01 1.090263388741074119e-01
1.140346321214451786e+00 2.475271777084069869e-01 3.674688307850401126e-01 2.299329320890314832e-01 1.094565092625918307e-01
1.136411966775612070e+00 2.485059491953275357e-01 3.687023542079427285e-01 2.308655854742635849e-01 1.098870160862010642e-01
1.132491186410333306e+00 2.494856243638170767e-01 3.699360754367747584e-01 2.317992437417770168e-01 1.103178486778287476e-01
1.128583933286162466e+00 2.504661806265602308e-01 3.711699663276545325e-01 2.327338854619586672e-01 1.107489963463986760e-01
1.124690160732225719e+00 2.514475953420132193e-01 3.724039987471818303e-01 2.336694891398546914e-01 1.111804483775790109e-01
1.120809822238665987e+00 2.524298458167197889e-01 3.736381445751834063e-01 2.346060332174469687e-01 1.116121940350383313e-01
1.116942871456096942e+00 2.534129093076107342e-01 3.748723757075567709e-01 2.355434960759337504e-01 1.120442225617673676e-01
1.113089262195039453e+00 2.543967630242904843e-01 3.761066640591970711e-01 2.364818560380200219e-01 1.124765231814086330e-01
1.109248948425378467e+00 2.553813841313012367e-01 3.773409815669737100e-01 2.374210913702083370e-01 1.129090850995482787e-01
1.105421884275805677e+00 2.563667497503702708e-01 3.785753001927454342e-01 2.383611802850976458e-01 1.133418975049485661e-01
1.101608024033278177e+00 2.573528369626307821e-01 3.798095919263820841e-01 2.393021009436807067e-01 1.137749495707096464e-01
1.097807322142469122e+00 2.583396228108199022e-01 3.810438287887814579e-01 2.402438314576458567e-01 1.142082304553705685e-01
1.094019733205221279e+00 2.593270843014496285e-01 3.822779828348587539e-01 2.411863498916791970e-01 1.146417293039703189e-01
1.090245211980011009e+00 2.603151984069456137e-01 3.835120261564858302e-01 2.421296342657638379e-01 1.150754352491030474e-01
1.086483713381400706e+00 2.613039420677586988e-01 3.847459308853735105e-01 2.430736625574814458e-01 1.155093374120177568e-01
1.082735192479506559e+00 2.622932921944384765e-01 3.859796691958675696e-01 2.440184127043072693e-01 1.159434249038179127e-01
1.078999604499459197e+00 2.632832256697696383e-01 3.872132133076539029e-01 2.449638626059043589e-01 1.163776868268316528e-01
1.075276904820866131e+00 2.642737193656665151e-01 3.884465354883534505e-01 2.459099901264127641e-01 1.168121122762292852e-01
1.071567048977284831e+00 2.652647501352275450e-01 3.896796080559905562e-01 2.468567730967310414e-01 1.172466903419704803e-01
1.067869992655684497e+00 2.662562948053216472e-01 3.909124033813311527e-01 2.478041893167942100e-01 1.176814101111151589e-01
1.064185691695924918e+00 2.672483301864893024e-01 3.921448938900678471e-01 2.487522165578403277e-01 1.181162606645068530e-01
1.060514102090220012e+00 2.682408330752995562e-01 3.933770520648526281e-01 2.497008325646722371e-01 1.185512310787957407e-01
1.056855179982620019e+00 2.692337802566997507e-01 3.946088504471575997e-01 2.506500150579054065e-01 1.189863104306444069e-01
1.053208881668483921e+00 2.702271485063650336e-01 3.958402616389630202e-01 2.515997417362077493e-01 1.194214877961150556e-01
1.049575163593955418e+00 2.712209145930429832e-01 3.970712583042615984e-01 2.525499902785271478e-01 1.198567522519399797e-01
1.045953982355448675e+00 2.722150552808907942e-01 3.983018131703692788e-01 2.535007383463038777e-01 1.202920928768152625e-01
1.042345294699122737e+00 2.732095473318096324e-01 3.995318990290454009e-01 2.544519635856722917e-01 1.207274987526730653e-01
1.038749057520371499e+00 2.742043675077679987e-01 4.007614887399619241e-01 2.554036436296439061e-01 1.211629589658966832e-01
1.035165227863303228e+00 2.751994925731207631e-01 4.019905552725249742e-01 2.563557561002780538e-01 1.215984626084657266e-01
1.031593762920232082e+00 2.761948992969159300e-01 4.032190716661838148e-01 2.573082786108318309e-01 1.220339987790253211e-01
1.028034620031164525e+00 2.771905644551939663e-01 4.044470110310160460e-01 2.582611887678940565e-01 1.224695565838935518e-01
1.024487756683287731e+00 2.781864648332760259e-01 4.056743465593422582e-01 2.592144641735004695e-01 1.229051251380314930e-01
1.020953130510467544e+00 2.791825772280386864e-01 4.069010515280606644e-01 2.601680824272256110e-01 1.233406935660114334e-01
1.017430699292734886e+00 2.801788784501798579e-01 4.081270993009694648e-01 2.611220211351077403e-01 1.237762510030359225e-01
1.013920420955789492e+00 2.811753453264674851e-01 4.093524633310606231e-01 2.620762579121367342e-01 1.242117865960638695e-01
1.010422253570489870e+00 2.821719547019780339e-01 4.105771171627902727e-01 2.630307703713866130e-01 1.246472895051179142e-01
1.006936155352358364e+00 2.831686834423166599e-01 4.118010344343119300e-01 2.639855361333307560e-01 1.250827489048496333e-01
1.003462084661079334e+00 2.841655084358244987e-01 4.130241888796754024e-01 2.649405328281024263e-01 1.255181539864529405e-01
1.000000000000000000e+00 2.851624065957685250e-01 4.142465543309859499e-01 2.658957380976842977e-01 1.259534939600213954e-01
