  0.526580E-05  0.198694E+08  0.198694E+08  0.264889E+08  0.264889E+08  0.000000E+00  0.198694E+08  0.198694E+08  0.198773E+08 -0.469703E+00  0.103049E+08  0.103049E+08  0.298307E-02
  0.534872E-05  0.198694E+08  0.198694E+08  0.264888E+08  0.264888E+08  0.000000E+00  0.198694E+08  0.198694E+08  0.198773E+08 -0.469703E+00  0.103049E+08  0.103049E+08  0.303005E-02
  0.543295E-05  0.198694E+08  0.198694E+08  0.264887E+08  0.264887E+08  0.000000E+00  0.198694E+08  0.198694E+08  0.198773E+08 -0.469703E+00  0.103049E+08  0.103049E+08  0.307776E-02
  0.551851E-05  0.198694E+08  0.198694E+08  0.264886E+08  0.264886E+08  0.000000E+00  0.198694E+08  0.198694E+08  0.198773E+08 -0.469703E+00  0.103049E+08  0.103049E+08  0.312623E-02
  0.560541E-05  0.198694E+08  0.198694E+08  0.264884E+08  0.264884E+08  0.000000E+00  0.198694E+08  0.198694E+08  0.198773E+08 -0.469703E+00  0.103049E+08  0.103049E+08  0.317546E-02
  0.569369E-05  0.198694E+08  0.198694E+08  0.264883E+08  0.264883E+08  0.000000E+00  0.198694E+08  0.198694E+08  0.198773E+08 -0.469703E+00  0.103049E+08  0.103049E+08  0.322547E-02
  0.578335E-05  0.198694E+08  0.198694E+08  0.264882E+08  0.264882E+08  0.000000E+00  0.198694E+08  0.198694E+08  0.198773E+08 -0.469703E+00  0.103049E+08  0.103049E+08  0.327626E-02
  0.587442E-05  0.198694E+08  0.198694E+08  0.264880E+08  0.264880E+08  0.000000E+00  0.198694E+08  0.198694E+08  0.198773E+08 -0.469703E+00  0.103049E+08  0.103049E+08  0.332785E-02
  0.596693E-05  0.198694E+08  0.198694E+08  0.264879E+08  0.264879E+08  0.000000E+00  0.198694E+08  0.198694E+08  0.198773E+08 -0.469703E+00  0.103049E+08  0.103049E+08  0.338026E-02
  0.606090E-05  0.198694E+08  0.198694E+08  0.264877E+08  0.264877E+08  0.000000E+00  0.198694E+08  0.198694E+08  0.198773E+08 -0.469703E+00  0.103049E+08  0.103049E+08  0.343349E-02
  0.615634E-05  0.198694E+08  0.198694E+08  0.264876E+08  0.264876E+08  0.000000E+00  0.198694E+08  0.198694E+08  0.198773E+08 -0.469703E+00  0.103049E+08  0.103049E+08  0.348756E-02
  0.625329E-05  0.198694E+08  0.198694E+08  0.264874E+08  0.264874E+08  0.000000E+00  0.198694E+08  0.198694E+08  0.198773E+08 -0.469703E+00  0.103049E+08  0.103049E+08  0.354248E-02
  0.635177E-05  0.198694E+08  0.198694E+08  0.264873E+08  0.264872E+08  0.000000E+00  0.198694E+08  0.198694E+08  0.198773E+08 -0.469703E+00  0.103049E+08  0.103049E+08  0.359826E-02
  0.645179E-05  0.198694E+08  0.198694E+08  0.264871E+08  0.264871E+08  0.000000E+00  0.198694E+08  0.198694E+08  0.198773E+08 -0.469703E+00  0.103049E+08  0.103049E+08  0.365492E-02
  0.655339E-05  0.198694E+08  0.198694E+08  0.264869E+08  0.264869E+08  0.000000E+00  0.198694E+08  0.198694E+08  0.198773E+08 -0.469703E+00  0.103049E+08  0.103049E+08  0.371248E-02
  0.665659E-05  0.198694E+08  0.198694E+08  0.264867E+08  0.264867E+08  0.000000E+00  0.198694E+08  0.198694E+08  0.198773E+08 -0.469703E+00  0.103049E+08  0.103049E+08  0.377094E-02
  0.676142E-05  0.198694E+08  0.198694E+08  0.264866E+08  0.264865E+08  0.000000E+00  0.198694E+08  0.198694E+08  0.198773E+08 -0.469703E+00  0.103049E+08  0.103049E+08  0.383032E-02
  0.686790E-05  0.198694E+08  0.198694E+08  0.264864E+08  0.264863E+08  0.000000E+00  0.198694E+08  0.198694E+08  0.198773E+08 -0.469703E+00  0.103049E+08  0.103049E+08  0.389064E-02
  0.697605E-05  0.198694E+08  0.198694E+08  0.264862E+08  0.264862E+08  0.000000E+00  0.198694E+08  0.198694E+08  0.198773E+08 -0.469703E+00  0.103049E+08  0.103049E+08  0.395191E-02
  0.708591E-05  0.198694E+08  0.198694E+08  0.264860E+08  0.264859E+08  0.000000E+00  0.198694E+08  0.198694E+08  0.198773E+08 -0.469703E+00  0.103049E+08  0.103049E+08  0.401414E-02
  0.719749E-05  0.198694E+08  0.198694E+08  0.264857E+08  0.264857E+08  0.000000E+00  0.198694E+08  0.198694E+08  0.198773E+08 -0.469703E+00  0.103049E+08  0.103049E+08  0.407735E-02
  0.731084E-05  0.198694E+08  0.198694E+08  0.264855E+08  0.264855E+08  0.000000E+00  0.198694E+08  0.198694E+08  0.198773E+08 -0.469703E+00  0.103049E+08  0.103049E+08  0.414156E-02
  0.742597E-05  0.198694E+08  0.198694E+08  0.264853E+08  0.264853E+08  0.000000E+00  0.198694E+08  0.198694E+08  0.198773E+08 -0.469703E+00  0.103049E+08  0.103049E+08  0.420678E-02
  0.754291E-05  0.198694E+08  0.198694E+08  0.264851E+08  0.264851E+08  0.000000E+00  0.198694E+08  0.198694E+08  0.198773E+08 -0.469703E+00  0.103049E+08  0.103049E+08  0.427302E-02
  0.766169E-05  0.198694E+08  0.198694E+08  0.264848E+08  0.264848E+08  0.000000E+00  0.198694E+08  0.198694E+08  0.198773E+08 -0.469703E+00  0.103049E+08  0.103049E+08  0.434031E-02
  0.778235E-05  0.198694E+08  0.198694E+08  0.264846E+08  0.264846E+08  0.000000E+00  0.198694E+08  0.198694E+08  0.198773E+08 -0.469703E+00  0.103049E+08  0.103049E+08  0.440866E-02
  0.790490E-05  0.198694E+08  0.198694E+08  0.264843E+08  0.264843E+08  0.000000E+00  0.198694E+08  0.198694E+08  0.198773E+08 -0.469703E+00  0.103049E+08  0.103049E+08  0.447808E-02
  0.802938E-05  0.198694E+08  0.198694E+08  0.264841E+08  0.264841E+08  0.000000E+00  0.198694E+08  0.198694E+08  0.198773E+08 -0.469703E+00  0.103049E+08  0.103049E+08  0.454860E-02
  0.815583E-05  0.198694E+08  0.198694E+08  0.264838E+08  0.264838E+08  0.000000E+00  0.198694E+08  0.198694E+08  0.198773E+08 -0.469703E+00  0.103049E+08  0.103049E+08  0.462023E-02
  0.828426E-05  0.198694E+08  0.198694E+08  0.264835E+08  0.264835E+08  0.000000E+00  0.198694E+08  0.198694E+08  0.198773E+08 -0.469703E+00  0.103049E+08  0.103049E+08  0.469298E-02
  0.841472E-05  0.198694E+08  0.198694E+08  0.264832E+08  0.264832E+08  0.000000E+00  0.198694E+08  0.198694E+08  0.198773E+08 -0.469703E+00  0.103049E+08  0.103049E+08  0.476689E-02
  0.854723E-05  0.198694E+08  0.198694E+08  0.264829E+08  0.264829E+08  0.000000E+00  0.198694E+08  0.198694E+08  0.198773E+08 -0.469703E+00  0.103049E+08  0.103049E+08  0.484195E-02
  0.868183E-05  0.198694E+08  0.198694E+08  0.264826E+08  0.264826E+08  0.000000E+00  0.198694E+08  0.198694E+08  0.198773E+08 -0.469703E+00  0.103049E+08  0.103049E+08  0.491820E-02
  0.881855E-05  0.198694E+08  0.198694E+08  0.264823E+08  0.264823E+08  0.000000E+00  0.198694E+08  0.198694E+08  0.198773E+08 -0.469703E+00  0.103049E+08  0.103049E+08  0.499565E-02
  0.895743E-05  0.198694E+08  0.198694E+08  0.264820E+08  0.264820E+08  0.000000E+00  0.198694E+08  0.198694E+08  0.198773E+08 -0.469703E+00  0.103049E+08  0.103049E+08  0.507431E-02
  0.909848E-05  0.198694E+08  0.198694E+08  0.264816E+08  0.264816E+08  0.000000E+00  0.198694E+08  0.198694E+08  0.198773E+08 -0.469703E+00  0.103049E+08  0.103049E+08  0.515422E-02
  0.924176E-05  0.198694E+08  0.198694E+08  0.264813E+08  0.264813E+08  0.000000E+00  0.198694E+08  0.198694E+08  0.198773E+08 -0.469703E+00  0.103049E+08  0.103049E+08  0.523538E-02
  0.938730E-05  0.198694E+08  0.198694E+08  0.264809E+08  0.264809E+08  0.000000E+00  0.198694E+08  0.198694E+08  0.198773E+08 -0.469703E+00  0.103049E+08  0.103049E+08  0.531782E-02
  0.953513E-05  0.198694E+08  0.198694E+08  0.264806E+08  0.264806E+08  0.000000E+00  0.198694E+08  0.198694E+08  0.198773E+08 -0.469703E+00  0.103049E+08  0.103049E+08  0.540156E-02
  0.968529E-05  0.198694E+08  0.198694E+08  0.264802E+08  0.264802E+08  0.000000E+00  0.198694E+08  0.198694E+08  0.198773E+08 -0.469703E+00  0.103049E+08  0.103049E+08  0.548662E-02
  0.983781E-05  0.198694E+08  0.198694E+08  0.264798E+08  0.264798E+08  0.000000E+00  0.198694E+08  0.198694E+08  0.198772E+08 -0.469703E+00  0.103049E+08  0.103049E+08  0.557302E-02
  0.999273E-05  0.198694E+08  0.198694E+08  0.264794E+08  0.264794E+08  0.000000E+00  0.198694E+08  0.198694E+08  0.198772E+08 -0.469702E+00  0.103049E+08  0.103049E+08  0.566078E-02
  0.101501E-04  0.198694E+08  0.198694E+08  0.264790E+08  0.264790E+08  0.000000E+00  0.198694E+08  0.198694E+08  0.198772E+08 -0.469702E+00  0.103049E+08  0.103049E+08  0.574992E-02
  0.103099E-04  0.198694E+08  0.198694E+08  0.264785E+08  0.264785E+08  0.000000E+00  0.198694E+08  0.198694E+08  0.198772E+08 -0.469702E+00  0.103049E+08  0.103049E+08  0.584046E-02
  0.104723E-04  0.198694E+08  0.198694E+08  0.264781E+08  0.264781E+08  0.000000E+00  0.198694E+08  0.198694E+08  0.198772E+08 -0.469702E+00  0.103049E+08  0.103049E+08  0.593243E-02
  0.106372E-04  0.198694E+08  0.198694E+08  0.264776E+08  0.264776E+08  0.000000E+00  0.198694E+08  0.198694E+08  0.198772E+08 -0.469702E+00  0.103049E+08  0.103049E+08  0.602585E-02
  0.108047E-04  0.198694E+08  0.198694E+08  0.264772E+08  0.264771E+08  0.000000E+00  0.198694E+08  0.198694E+08  0.198772E+08 -0.469702E+00  0.103049E+08  0.103049E+08  0.612074E-02
  0.109749E-04  0.198694E+08  0.198694E+08  0.264767E+08  0.264766E+08  0.000000E+00  0.198694E+08  0.198694E+08  0.198772E+08 -0.469702E+00  0.103049E+08  0.103049E+08  0.621712E-02
  0.111477E-04  0.198694E+08  0.198694E+08  0.264762E+08  0.264761E+08  0.000000E+00  0.198694E+08  0.198694E+08  0.198772E+08 -0.469702E+00  0.103049E+08  0.103049E+08  0.631502E-02
  0.113232E-04  0.198694E+08  0.198694E+08  0.264756E+08  0.264756E+08  0.000000E+00  0.198694E+08  0.198694E+08  0.198772E+08 -0.469702E+00  0.103049E+08  0.103049E+08  0.641446E-02
  0.115016E-04  0.198694E+08  0.198694E+08  0.264751E+08  0.264751E+08  0.000000E+00  0.198694E+08  0.198694E+08  0.198772E+08 -0.469702E+00  0.103049E+08  0.103049E+08  0.651546E-02
  0.116827E-04  0.198694E+08  0.198694E+08  0.264746E+08  0.264745E+08  0.000000E+00  0.198694E+08  0.198694E+08  0.198772E+08 -0.469702E+00  0.103049E+08  0.103049E+08  0.661806E-02
  0.118667E-04  0.198694E+08  0.198694E+08  0.264740E+08  0.264740E+08  0.000000E+00  0.198694E+08  0.198694E+08  0.198772E+08 -0.469702E+00  0.103049E+08  0.103049E+08  0.672227E-02
  0.120535E-04  0.198694E+08  0.198694E+08  0.264734E+08  0.264734E+08  0.000000E+00  0.198694E+08  0.198694E+08  0.198772E+08 -0.469702E+00  0.103049E+08  0.103049E+08  0.682813E-02
  0.122433E-04  0.198694E+08  0.198694E+08  0.264728E+08  0.264727E+08  0.000000E+00  0.198694E+08  0.198694E+08  0.198772E+08 -0.469702E+00  0.103049E+08  0.103049E+08  0.693565E-02
  0.124362E-04  0.198694E+08  0.198694E+08  0.264722E+08  0.264721E+08  0.000000E+00  0.198694E+08  0.198694E+08  0.198772E+08 -0.469702E+00  0.103049E+08  0.103049E+08  0.704486E-02
  0.126320E-04  0.198694E+08  0.198694E+08  0.264715E+08  0.264715E+08  0.000000E+00  0.198694E+08  0.198694E+08  0.198772E+08 -0.469702E+00  0.103049E+08  0.103049E+08  0.715579E-02
  0.128309E-04  0.198694E+08  0.198694E+08  0.264708E+08  0.264708E+08  0.000000E+00  0.198694E+08  0.198694E+08  0.198772E+08 -0.469702E+00  0.103049E+08  0.103049E+08  0.726847E-02
  0.130330E-04  0.198694E+08  0.198694E+08  0.264701E+08  0.264701E+08  0.000000E+00  0.198694E+08  0.198694E+08  0.198772E+08 -0.469702E+00  0.103049E+08  0.103049E+08  0.738292E-02
  0.132382E-04  0.198694E+08  0.198694E+08  0.264694E+08  0.264694E+08  0.000000E+00  0.198694E+08  0.198694E+08  0.198772E+08 -0.469702E+00  0.103049E+08  0.103049E+08  0.749918E-02
  0.134467E-04  0.198694E+08  0.198694E+08  0.264687E+08  0.264687E+08  0.000000E+00  0.198694E+08  0.198694E+08  0.198772E+08 -0.469702E+00  0.103049E+08  0.103049E+08  0.761726E-02
  0.136584E-04  0.198694E+08  0.198694E+08  0.264679E+08  0.264679E+08  0.000000E+00  0.198694E+08  0.198694E+08  0.198772E+08 -0.469702E+00  0.103049E+08  0.103049E+08  0.773721E-02
  0.138735E-04  0.198694E+08  0.198694E+08  0.264672E+08  0.264671E+08  0.000000E+00  0.198694E+08  0.198694E+08  0.198772E+08 -0.469702E+00  0.103049E+08  0.103049E+08  0.785904E-02
  0.140920E-04  0.198694E+08  0.198694E+08  0.264663E+08  0.264663E+08  0.000000E+00  0.198694E+08  0.198694E+08  0.198772E+08 -0.469702E+00  0.103049E+08  0.103049E+08  0.798279E-02
  0.143139E-04  0.198694E+08  0.198694E+08  0.264655E+08  0.264655E+08  0.000000E+00  0.198694E+08  0.198694E+08  0.198772E+08 -0.469702E+00  0.103049E+08  0.103049E+08  0.810849E-02
  0.145393E-04  0.198694E+08  0.198694E+08  0.264647E+08  0.264646E+08  0.000000E+00  0.198694E+08  0.198694E+08  0.198772E+08 -0.469702E+00  0.103049E+08  0.103049E+08  0.823616E-02
  0.147683E-04  0.198694E+08  0.198694E+08  0.264638E+08  0.264637E+08  0.000000E+00  0.198694E+08  0.198694E+08  0.198772E+08 -0.469702E+00  0.103049E+08  0.103049E+08  0.836585E-02
  0.150009E-04  0.198694E+08  0.198694E+08  0.264629E+08  0.264628E+08  0.000000E+00  0.198694E+08  0.198694E+08  0.198772E+08 -0.469702E+00  0.103049E+08  0.103049E+08  0.849758E-02
  0.152371E-04  0.198694E+08  0.198694E+08  0.264619E+08  0.264619E+08  0.000000E+00  0.198694E+08  0.198694E+08  0.198772E+08 -0.469701E+00  0.103048E+08  0.103048E+08  0.863138E-02
  0.154770E-04  0.198694E+08  0.198694E+08  0.264609E+08  0.264609E+08  0.000000E+00  0.198694E+08  0.198694E+08  0.198772E+08 -0.469701E+00  0.103048E+08  0.103048E+08  0.876729E-02
  0.157208E-04  0.198694E+08  0.198694E+08  0.264599E+08  0.264599E+08  0.000000E+00  0.198694E+08  0.198694E+08  0.198772E+08 -0.469701E+00  0.103048E+08  0.103048E+08  0.890534E-02
  0.159683E-04  0.198694E+08  0.198694E+08  0.264589E+08  0.264588E+08  0.000000E+00  0.198694E+08  0.198694E+08  0.198772E+08 -0.469701E+00  0.103048E+08  0.103048E+08  0.904556E-02
  0.162198E-04  0.198694E+08  0.198694E+08  0.264578E+08  0.264578E+08  0.000000E+00  0.198694E+08  0.198694E+08  0.198772E+08 -0.469701E+00  0.103048E+08  0.103048E+08  0.918799E-02
  0.164752E-04  0.198694E+08  0.198694E+08  0.264567E+08  0.264567E+08  0.000000E+00  0.198694E+08  0.198694E+08  0.198772E+08 -0.469701E+00  0.103048E+08  0.103048E+08  0.933266E-02
  0.167347E-04  0.198694E+08  0.198694E+08  0.264556E+08  0.264555E+08  0.000000E+00  0.198694E+08  0.198694E+08  0.198772E+08 -0.469701E+00  0.103048E+08  0.103048E+08  0.947961E-02
  0.169982E-04  0.198694E+08  0.198694E+08  0.264544E+08  0.264544E+08  0.000000E+00  0.198694E+08  0.198694E+08  0.198772E+08 -0.469701E+00  0.103048E+08  0.103048E+08  0.962887E-02
  0.172659E-04  0.198694E+08  0.198694E+08  0.264532E+08  0.264531E+08  0.000000E+00  0.198694E+08  0.198694E+08  0.198772E+08 -0.469701E+00  0.103048E+08  0.103048E+08  0.978048E-02
  0.175378E-04  0.198694E+08  0.198694E+08  0.264519E+08  0.264519E+08  0.000000E+00  0.198694E+08  0.198694E+08  0.198772E+08 -0.469701E+00  0.103048E+08  0.103048E+08  0.993448E-02
  0.178140E-04  0.198694E+08  0.198694E+08  0.264507E+08  0.264506E+08  0.000000E+00  0.198694E+08  0.198694E+08  0.198772E+08 -0.469701E+00  0.103048E+08  0.103048E+08  0.100909E-01
  0.180945E-04  0.198694E+08  0.198694E+08  0.264493E+08  0.264493E+08  0.000000E+00  0.198694E+08  0.198694E+08  0.198772E+08 -0.469701E+00  0.103048E+08  0.103048E+08  0.102498E-01
  0.183794E-04  0.198694E+08  0.198694E+08  0.264480E+08  0.264479E+08  0.000000E+00  0.198694E+08  0.198694E+08  0.198772E+08 -0.469701E+00  0.103048E+08  0.103048E+08  0.104112E-01
  0.186689E-04  0.198694E+08  0.198694E+08  0.264465E+08  0.264465E+08  0.000000E+00  0.198694E+08  0.198694E+08  0.198772E+08 -0.469701E+00  0.103048E+08  0.103048E+08  0.105751E-01
  0.189629E-04  0.198694E+08  0.198694E+08  0.264451E+08  0.264450E+08  0.000000E+00  0.198694E+08  0.198694E+08  0.198772E+08 -0.469701E+00  0.103048E+08  0.103048E+08  0.107416E-01
  0.192615E-04  0.198694E+08  0.198694E+08  0.264436E+08  0.264435E+08  0.000000E+00  0.198694E+08  0.198694E+08  0.198772E+08 -0.469700E+00  0.103048E+08  0.103048E+08  0.109107E-01
  0.195648E-04  0.198694E+08  0.198694E+08  0.264420E+08  0.264419E+08  0.000000E+00  0.198694E+08  0.198694E+08  0.198772E+08 -0.469700E+00  0.103048E+08  0.103048E+08  0.110825E-01
  0.198729E-04  0.198693E+08  0.198693E+08  0.264404E+08  0.264403E+08  0.000000E+00  0.198693E+08  0.198693E+08  0.198772E+08 -0.469700E+00  0.103048E+08  0.103048E+08  0.112570E-01
  0.201859E-04  0.198693E+08  0.198693E+08  0.264388E+08  0.264387E+08  0.000000E+00  0.198693E+08  0.198693E+08  0.198772E+08 -0.469700E+00  0.103048E+08  0.103048E+08  0.114342E-01
  0.205038E-04  0.198693E+08  0.198693E+08  0.264371E+08  0.264370E+08  0.000000E+00  0.198693E+08  0.198693E+08  0.198772E+08 -0.469700E+00  0.103048E+08  0.103048E+08  0.116143E-01
  0.208266E-04  0.198693E+08  0.198693E+08  0.264353E+08  0.264352E+08  0.000000E+00  0.198693E+08  0.198693E+08  0.198772E+08 -0.469700E+00  0.103048E+08  0.103048E+08  0.117971E-01
  0.211546E-04  0.198693E+08  0.198693E+08  0.264335E+08  0.264334E+08  0.000000E+00  0.198693E+08  0.198693E+08  0.198771E+08 -0.469700E+00  0.103048E+08  0.103048E+08  0.119829E-01
  0.214877E-04  0.198693E+08  0.198693E+08  0.264316E+08  0.264315E+08  0.000000E+00  0.198693E+08  0.198693E+08  0.198771E+08 -0.469700E+00  0.103048E+08  0.103048E+08  0.121715E-01
  0.218261E-04  0.198693E+08  0.198693E+08  0.264297E+08  0.264296E+08  0.000000E+00  0.198693E+08  0.198693E+08  0.198771E+08 -0.469700E+00  0.103048E+08  0.103048E+08  0.123632E-01
  0.221698E-04  0.198693E+08  0.198693E+08  0.264277E+08  0.264276E+08  0.000000E+00  0.198693E+08  0.198693E+08  0.198771E+08 -0.469699E+00  0.103048E+08  0.103048E+08  0.125578E-01
  0.225190E-04  0.198693E+08  0.198693E+08  0.264256E+08  0.264255E+08  0.000000E+00  0.198693E+08  0.198693E+08  0.198771E+08 -0.469699E+00  0.103048E+08  0.103048E+08  0.127555E-01
  0.228736E-04  0.198693E+08  0.198693E+08  0.264235E+08  0.264234E+08  0.000000E+00  0.198693E+08  0.198693E+08  0.198771E+08 -0.469699E+00  0.103048E+08  0.103048E+08  0.129563E-01
  0.232338E-04  0.198693E+08  0.198693E+08  0.264213E+08  0.264212E+08  0.000000E+00  0.198693E+08  0.198693E+08  0.198771E+08 -0.469699E+00  0.103048E+08  0.103048E+08  0.131603E-01
  0.235997E-04  0.198693E+08  0.198693E+08  0.264190E+08  0.264189E+08  0.000000E+00  0.198693E+08  0.198693E+08  0.198771E+08 -0.469699E+00  0.103048E+08  0.103048E+08  0.133675E-01
  0.239713E-04  0.198693E+08  0.198693E+08  0.264167E+08  0.264166E+08  0.000000E+00  0.198693E+08  0.198693E+08  0.198771E+08 -0.469699E+00  0.103048E+08  0.103048E+08  0.135780E-01
  0.243488E-04  0.198693E+08  0.198693E+08  0.264143E+08  0.264142E+08  0.000000E+00  0.198693E+08  0.198693E+08  0.198771E+08 -0.469699E+00  0.103048E+08  0.103048E+08  0.137917E-01
  0.247322E-04  0.198693E+08  0.198693E+08  0.264118E+08  0.264117E+08  0.000000E+00  0.198693E+08  0.198693E+08  0.198771E+08 -0.469699E+00  0.103048E+08  0.103048E+08  0.140088E-01
  0.251217E-04  0.198693E+08  0.198693E+08  0.264093E+08  0.264091E+08  0.000000E+00  0.198693E+08  0.198693E+08  0.198771E+08 -0.469698E+00  0.103048E+08  0.103048E+08  0.142294E-01
  0.255173E-04  0.198693E+08  0.198693E+08  0.264066E+08  0.264065E+08  0.000000E+00  0.198693E+08  0.198693E+08  0.198771E+08 -0.469698E+00  0.103048E+08  0.103048E+08  0.144534E-01
  0.259192E-04  0.198693E+08  0.198693E+08  0.264039E+08  0.264038E+08  0.000000E+00  0.198693E+08  0.198693E+08  0.198771E+08 -0.469698E+00  0.103048E+08  0.103048E+08  0.146809E-01
  0.263273E-04  0.198693E+08  0.198693E+08  0.264011E+08  0.264009E+08  0.000000E+00  0.198693E+08  0.198693E+08  0.198771E+08 -0.469698E+00  0.103048E+08  0.103048E+08  0.149120E-01
  0.267419E-04  0.198693E+08  0.198693E+08  0.263982E+08  0.263980E+08  0.000000E+00  0.198693E+08  0.198693E+08  0.198771E+08 -0.469698E+00  0.103048E+08  0.103048E+08  0.151468E-01
  0.271631E-04  0.198693E+08  0.198693E+08  0.263952E+08  0.263950E+08  0.000000E+00  0.198693E+08  0.198693E+08  0.198771E+08 -0.469698E+00  0.103048E+08  0.103048E+08  0.153852E-01
  0.275908E-04  0.198693E+08  0.198693E+08  0.263921E+08  0.263919E+08  0.000000E+00  0.198693E+08  0.198693E+08  0.198771E+08 -0.469697E+00  0.103048E+08  0.103048E+08  0.156274E-01
  0.280253E-04  0.198692E+08  0.198692E+08  0.263889E+08  0.263888E+08  0.000000E+00  0.198692E+08  0.198692E+08  0.198770E+08 -0.469697E+00  0.103048E+08  0.103048E+08  0.158734E-01
  0.284666E-04  0.198692E+08  0.198692E+08  0.263856E+08  0.263855E+08  0.000000E+00  0.198692E+08  0.198692E+08  0.198770E+08 -0.469697E+00  0.103048E+08  0.103048E+08  0.161233E-01
  0.289149E-04  0.198692E+08  0.198692E+08  0.263822E+08  0.263821E+08  0.000000E+00  0.198692E+08  0.198692E+08  0.198770E+08 -0.469697E+00  0.103048E+08  0.103048E+08  0.163771E-01
  0.293703E-04  0.198692E+08  0.198692E+08  0.263787E+08  0.263786E+08  0.000000E+00  0.198692E+08  0.198692E+08  0.198770E+08 -0.469697E+00  0.103048E+08  0.103048E+08  0.166349E-01
  0.298328E-04  0.198692E+08  0.198692E+08  0.263751E+08  0.263750E+08  0.000000E+00  0.198692E+08  0.198692E+08  0.198770E+08 -0.469696E+00  0.103048E+08  0.103048E+08  0.168968E-01
  0.303026E-04  0.198692E+08  0.198692E+08  0.263714E+08  0.263712E+08  0.000000E+00  0.198692E+08  0.198692E+08  0.198770E+08 -0.469696E+00  0.103048E+08  0.103048E+08  0.171627E-01
  0.307798E-04  0.198692E+08  0.198692E+08  0.263676E+08  0.263674E+08  0.000000E+00  0.198692E+08  0.198692E+08  0.198770E+08 -0.469696E+00  0.103048E+08  0.103048E+08  0.174329E-01
  0.312645E-04  0.198692E+08  0.198692E+08  0.263636E+08  0.263634E+08  0.000000E+00  0.198692E+08  0.198692E+08  0.198770E+08 -0.469696E+00  0.103048E+08  0.103048E+08  0.177073E-01
  0.317568E-04  0.198692E+08  0.198692E+08  0.263595E+08  0.263593E+08  0.000000E+00  0.198692E+08  0.198692E+08  0.198770E+08 -0.469696E+00  0.103047E+08  0.103047E+08  0.179860E-01
  0.322569E-04  0.198692E+08  0.198692E+08  0.263553E+08  0.263551E+08  0.000000E+00  0.198692E+08  0.198692E+08  0.198770E+08 -0.469695E+00  0.103047E+08  0.103047E+08  0.182691E-01
  0.327649E-04  0.198692E+08  0.198692E+08  0.263510E+08  0.263508E+08  0.000000E+00  0.198692E+08  0.198692E+08  0.198770E+08 -0.469695E+00  0.103047E+08  0.103047E+08  0.185567E-01
  0.332809E-04  0.198692E+08  0.198692E+08  0.263465E+08  0.263463E+08  0.000000E+00  0.198692E+08  0.198692E+08  0.198770E+08 -0.469695E+00  0.103047E+08  0.103047E+08  0.188487E-01
  0.338050E-04  0.198692E+08  0.198692E+08  0.263419E+08  0.263416E+08  0.000000E+00  0.198692E+08  0.198692E+08  0.198769E+08 -0.469694E+00  0.103047E+08  0.103047E+08  0.191454E-01
  0.343373E-04  0.198691E+08  0.198691E+08  0.263371E+08  0.263369E+08  0.000000E+00  0.198691E+08  0.198691E+08  0.198769E+08 -0.469694E+00  0.103047E+08  0.103047E+08  0.194467E-01
  0.348781E-04  0.198691E+08  0.198691E+08  0.263322E+08  0.263319E+08  0.000000E+00  0.198691E+08  0.198691E+08  0.198769E+08 -0.469694E+00  0.103047E+08  0.103047E+08  0.197528E-01
  0.354273E-04  0.198691E+08  0.198691E+08  0.263271E+08  0.263268E+08  0.000000E+00  0.198691E+08  0.198691E+08  0.198769E+08 -0.469694E+00  0.103047E+08  0.103047E+08  0.200637E-01
  0.359852E-04  0.198691E+08  0.198691E+08  0.263219E+08  0.263216E+08  0.000000E+00  0.198691E+08  0.198691E+08  0.198769E+08 -0.469693E+00  0.103047E+08  0.103047E+08  0.203794E-01
  0.365519E-04  0.198691E+08  0.198691E+08  0.263164E+08  0.263162E+08  0.000000E+00  0.198691E+08  0.198691E+08  0.198769E+08 -0.469693E+00  0.103047E+08  0.103047E+08  0.207001E-01
  0.371275E-04  0.198691E+08  0.198691E+08  0.263109E+08  0.263106E+08  0.000000E+00  0.198691E+08  0.198691E+08  0.198769E+08 -0.469693E+00  0.103047E+08  0.103047E+08  0.210259E-01
  0.377122E-04  0.198691E+08  0.198691E+08  0.263051E+08  0.263048E+08  0.000000E+00  0.198691E+08  0.198691E+08  0.198769E+08 -0.469692E+00  0.103047E+08  0.103047E+08  0.213568E-01
  0.383060E-04  0.198691E+08  0.198691E+08  0.262992E+08  0.262989E+08  0.000000E+00  0.198691E+08  0.198691E+08  0.198768E+08 -0.469692E+00  0.103047E+08  0.103047E+08  0.216929E-01
  0.389093E-04  0.198691E+08  0.198691E+08  0.262931E+08  0.262928E+08  0.000000E+00  0.198691E+08  0.198691E+08  0.198768E+08 -0.469692E+00  0.103047E+08  0.103047E+08  0.220343E-01
  0.395220E-04  0.198690E+08  0.198690E+08  0.262868E+08  0.262865E+08  0.000000E+00  0.198690E+08  0.198690E+08  0.198768E+08 -0.469691E+00  0.103047E+08  0.103047E+08  0.223810E-01
  0.401444E-04  0.198690E+08  0.198690E+08  0.262803E+08  0.262799E+08  0.000000E+00  0.198690E+08  0.198690E+08  0.198768E+08 -0.469691E+00  0.103047E+08  0.103047E+08  0.227332E-01
  0.407766E-04  0.198690E+08  0.198690E+08  0.262735E+08  0.262732E+08  0.000000E+00  0.198690E+08  0.198690E+08  0.198768E+08 -0.469691E+00  0.103047E+08  0.103047E+08  0.230909E-01
  0.414187E-04  0.198690E+08  0.198690E+08  0.262666E+08  0.262663E+08  0.000000E+00  0.198690E+08  0.198690E+08  0.198768E+08 -0.469690E+00  0.103047E+08  0.103047E+08  0.234542E-01
  0.420710E-04  0.198690E+08  0.198690E+08  0.262595E+08  0.262591E+08  0.000000E+00  0.198690E+08  0.198690E+08  0.198768E+08 -0.469690E+00  0.103046E+08  0.103046E+08  0.238233E-01
  0.427335E-04  0.198690E+08  0.198690E+08  0.262521E+08  0.262517E+08  0.000000E+00  0.198690E+08  0.198690E+08  0.198767E+08 -0.469689E+00  0.103046E+08  0.103046E+08  0.241981E-01
  0.434064E-04  0.198690E+08  0.198690E+08  0.262445E+08  0.262441E+08  0.000000E+00  0.198690E+08  0.198690E+08  0.198767E+08 -0.469689E+00  0.103046E+08  0.103046E+08  0.245788E-01
  0.440900E-04  0.198690E+08  0.198690E+08  0.262367E+08  0.262363E+08  0.000000E+00  0.198690E+08  0.198690E+08  0.198767E+08 -0.469688E+00  0.103046E+08  0.103046E+08  0.249655E-01
  0.447843E-04  0.198689E+08  0.198689E+08  0.262286E+08  0.262282E+08  0.000000E+00  0.198689E+08  0.198689E+08  0.198767E+08 -0.469688E+00  0.103046E+08  0.103046E+08  0.253583E-01
  0.454896E-04  0.198689E+08  0.198689E+08  0.262202E+08  0.262198E+08  0.000000E+00  0.198689E+08  0.198689E+08  0.198767E+08 -0.469687E+00  0.103046E+08  0.103046E+08  0.257572E-01
  0.462059E-04  0.198689E+08  0.198689E+08  0.262116E+08  0.262112E+08  0.000000E+00  0.198689E+08  0.198689E+08  0.198767E+08 -0.469687E+00  0.103046E+08  0.103046E+08  0.261624E-01
  0.469336E-04  0.198689E+08  0.198689E+08  0.262028E+08  0.262023E+08  0.000000E+00  0.198689E+08  0.198689E+08  0.198766E+08 -0.469686E+00  0.103046E+08  0.103046E+08  0.265740E-01
  0.476726E-04  0.198689E+08  0.198689E+08  0.261936E+08  0.261932E+08  0.000000E+00  0.198689E+08  0.198689E+08  0.198766E+08 -0.469686E+00  0.103046E+08  0.103046E+08  0.269920E-01
  0.484234E-04  0.198689E+08  0.198689E+08  0.261842E+08  0.261837E+08  0.000000E+00  0.198689E+08  0.198689E+08  0.198766E+08 -0.469685E+00  0.103046E+08  0.103046E+08  0.274166E-01
  0.491859E-04  0.198688E+08  0.198688E+08  0.261744E+08  0.261739E+08  0.000000E+00  0.198688E+08  0.198688E+08  0.198766E+08 -0.469685E+00  0.103046E+08  0.103046E+08  0.278479E-01
  0.499605E-04  0.198688E+08  0.198688E+08  0.261644E+08  0.261639E+08  0.000000E+00  0.198688E+08  0.198688E+08  0.198765E+08 -0.469684E+00  0.103045E+08  0.103045E+08  0.282859E-01
  0.507473E-04  0.198688E+08  0.198688E+08  0.261540E+08  0.261535E+08  0.000000E+00  0.198688E+08  0.198688E+08  0.198765E+08 -0.469684E+00  0.103045E+08  0.103045E+08  0.287308E-01
  0.515464E-04  0.198688E+08  0.198688E+08  0.261433E+08  0.261428E+08  0.000000E+00  0.198688E+08  0.198688E+08  0.198765E+08 -0.469683E+00  0.103045E+08  0.103045E+08  0.291827E-01
  0.523582E-04  0.198688E+08  0.198688E+08  0.261323E+08  0.261318E+08  0.000000E+00  0.198688E+08  0.198688E+08  0.198765E+08 -0.469682E+00  0.103045E+08  0.103045E+08  0.296417E-01
  0.531827E-04  0.198687E+08  0.198687E+08  0.261210E+08  0.261204E+08  0.000000E+00  0.198687E+08  0.198687E+08  0.198765E+08 -0.469682E+00  0.103045E+08  0.103045E+08  0.301078E-01
  0.540202E-04  0.198687E+08  0.198687E+08  0.261092E+08  0.261087E+08  0.000000E+00  0.198687E+08  0.198687E+08  0.198764E+08 -0.469681E+00  0.103045E+08  0.103045E+08  0.305813E-01
  0.548709E-04  0.198687E+08  0.198687E+08  0.260972E+08  0.260966E+08  0.000000E+00  0.198687E+08  0.198687E+08  0.198764E+08 -0.469680E+00  0.103045E+08  0.103045E+08  0.310622E-01
  0.557350E-04  0.198687E+08  0.198687E+08  0.260847E+08  0.260841E+08  0.000000E+00  0.198687E+08  0.198687E+08  0.198764E+08 -0.469679E+00  0.103045E+08  0.103045E+08  0.315506E-01
  0.566127E-04  0.198686E+08  0.198686E+08  0.260718E+08  0.260712E+08  0.000000E+00  0.198686E+08  0.198686E+08  0.198763E+08 -0.469679E+00  0.103045E+08  0.103045E+08  0.320467E-01
  0.575042E-04  0.198686E+08  0.198686E+08  0.260586E+08  0.260579E+08  0.000000E+00  0.198686E+08  0.198686E+08  0.198763E+08 -0.469678E+00  0.103044E+08  0.103044E+08  0.325506E-01
  0.584097E-04  0.198686E+08  0.198686E+08  0.260449E+08  0.260442E+08  0.000000E+00  0.198686E+08  0.198686E+08  0.198763E+08 -0.469677E+00  0.103044E+08  0.103044E+08  0.330624E-01
  0.593296E-04  0.198686E+08  0.198686E+08  0.260308E+08  0.260301E+08  0.000000E+00  0.198686E+08  0.198686E+08  0.198762E+08 -0.469676E+00  0.103044E+08  0.103044E+08  0.335822E-01
  0.602639E-04  0.198685E+08  0.198685E+08  0.260163E+08  0.260156E+08  0.000000E+00  0.198685E+08  0.198685E+08  0.198762E+08 -0.469675E+00  0.103044E+08  0.103044E+08  0.341101E-01
  0.612129E-04  0.198685E+08  0.198685E+08  0.260013E+08  0.260006E+08  0.000000E+00  0.198685E+08  0.198685E+08  0.198762E+08 -0.469675E+00  0.103044E+08  0.103044E+08  0.346463E-01
  0.621769E-04  0.198685E+08  0.198685E+08  0.259858E+08  0.259851E+08  0.000000E+00  0.198685E+08  0.198685E+08  0.198761E+08 -0.469674E+00  0.103044E+08  0.103044E+08  0.351909E-01
  0.631560E-04  0.198684E+08  0.198684E+08  0.259699E+08  0.259691E+08  0.000000E+00  0.198684E+08  0.198684E+08  0.198761E+08 -0.469673E+00  0.103043E+08  0.103043E+08  0.357440E-01
  0.641506E-04  0.198684E+08  0.198684E+08  0.259534E+08  0.259526E+08  0.000000E+00  0.198684E+08  0.198684E+08  0.198761E+08 -0.469672E+00  0.103043E+08  0.103043E+08  0.363058E-01
  0.651608E-04  0.198684E+08  0.198684E+08  0.259365E+08  0.259357E+08  0.000000E+00  0.198684E+08  0.198684E+08  0.198760E+08 -0.469671E+00  0.103043E+08  0.103043E+08  0.368764E-01
  0.661869E-04  0.198683E+08  0.198683E+08  0.259190E+08  0.259182E+08  0.000000E+00  0.198683E+08  0.198683E+08  0.198760E+08 -0.469670E+00  0.103043E+08  0.103043E+08  0.374559E-01
  0.672292E-04  0.198683E+08  0.198683E+08  0.259010E+08  0.259001E+08  0.000000E+00  0.198683E+08  0.198683E+08  0.198760E+08 -0.469669E+00  0.103043E+08  0.103043E+08  0.380445E-01
  0.682879E-04  0.198683E+08  0.198683E+08  0.258824E+08  0.258815E+08  0.000000E+00  0.198683E+08  0.198683E+08  0.198759E+08 -0.469668E+00  0.103043E+08  0.103043E+08  0.386423E-01
  0.693633E-04  0.198682E+08  0.198682E+08  0.258633E+08  0.258623E+08  0.000000E+00  0.198682E+08  0.198682E+08  0.198759E+08 -0.469666E+00  0.103042E+08  0.103042E+08  0.392495E-01
  0.704556E-04  0.198682E+08  0.198682E+08  0.258435E+08  0.258425E+08  0.000000E+00  0.198682E+08  0.198682E+08  0.198758E+08 -0.469665E+00  0.103042E+08  0.103042E+08  0.398661E-01
  0.715651E-04  0.198681E+08  0.198681E+08  0.258231E+08  0.258222E+08  0.000000E+00  0.198681E+08  0.198681E+08  0.198758E+08 -0.469664E+00  0.103042E+08  0.103042E+08  0.404924E-01
  0.726921E-04  0.198681E+08  0.198681E+08  0.258021E+08  0.258011E+08  0.000000E+00  0.198681E+08  0.198681E+08  0.198757E+08 -0.469663E+00  0.103042E+08  0.103042E+08  0.411285E-01
  0.738368E-04  0.198681E+08  0.198681E+08  0.257805E+08  0.257794E+08  0.000000E+00  0.198681E+08  0.198681E+08  0.198757E+08 -0.469662E+00  0.103042E+08  0.103042E+08  0.417745E-01
  0.749996E-04  0.198680E+08  0.198680E+08  0.257582E+08  0.257571E+08  0.000000E+00  0.198680E+08  0.198680E+08  0.198756E+08 -0.469660E+00  0.103041E+08  0.103041E+08  0.424306E-01
  0.761807E-04  0.198680E+08  0.198680E+08  0.257352E+08  0.257341E+08  0.000000E+00  0.198680E+08  0.198680E+08  0.198756E+08 -0.469659E+00  0.103041E+08  0.103041E+08  0.430970E-01
  0.773803E-04  0.198679E+08  0.198679E+08  0.257115E+08  0.257103E+08  0.000000E+00  0.198679E+08  0.198679E+08  0.198755E+08 -0.469657E+00  0.103041E+08  0.103041E+08  0.437737E-01
  0.785989E-04  0.198679E+08  0.198679E+08  0.256870E+08  0.256858E+08  0.000000E+00  0.198679E+08  0.198679E+08  0.198755E+08 -0.469656E+00  0.103041E+08  0.103041E+08  0.444610E-01
  0.798367E-04  0.198678E+08  0.198678E+08  0.256618E+08  0.256606E+08  0.000000E+00  0.198678E+08  0.198678E+08  0.198754E+08 -0.469655E+00  0.103040E+08  0.103040E+08  0.451591E-01
  0.810939E-04  0.198678E+08  0.198678E+08  0.256358E+08  0.256346E+08  0.000000E+00  0.198678E+08  0.198678E+08  0.198754E+08 -0.469653E+00  0.103040E+08  0.103040E+08  0.458681E-01
  0.823709E-04  0.198677E+08  0.198677E+08  0.256091E+08  0.256078E+08  0.000000E+00  0.198677E+08  0.198677E+08  0.198753E+08 -0.469651E+00  0.103040E+08  0.103040E+08  0.465881E-01
  0.836681E-04  0.198677E+08  0.198677E+08  0.255814E+08  0.255801E+08  0.000000E+00  0.198677E+08  0.198677E+08  0.198752E+08 -0.469650E+00  0.103039E+08  0.103039E+08  0.473193E-01
  0.849857E-04  0.198676E+08  0.198676E+08  0.255530E+08  0.255516E+08  0.000000E+00  0.198676E+08  0.198676E+08  0.198752E+08 -0.469648E+00  0.103039E+08  0.103039E+08  0.480620E-01
  0.863240E-04  0.198676E+08  0.198676E+08  0.255237E+08  0.255223E+08  0.000000E+00  0.198676E+08  0.198676E+08  0.198751E+08 -0.469646E+00  0.103039E+08  0.103039E+08  0.488162E-01
  0.876834E-04  0.198675E+08  0.198675E+08  0.254935E+08  0.254920E+08  0.000000E+00  0.198675E+08  0.198675E+08  0.198750E+08 -0.469644E+00  0.103039E+08  0.103039E+08  0.495821E-01
  0.890642E-04  0.198674E+08  0.198674E+08  0.254623E+08  0.254608E+08  0.000000E+00  0.198674E+08  0.198674E+08  0.198750E+08 -0.469643E+00  0.103038E+08  0.103038E+08  0.503600E-01
  0.904668E-04  0.198674E+08  0.198674E+08  0.254302E+08  0.254287E+08  0.000000E+00  0.198674E+08  0.198674E+08  0.198749E+08 -0.469641E+00  0.103038E+08  0.103038E+08  0.511500E-01
  0.918914E-04  0.198673E+08  0.198673E+08  0.253971E+08  0.253956E+08  0.000000E+00  0.198673E+08  0.198673E+08  0.198748E+08 -0.469639E+00  0.103038E+08  0.103038E+08  0.519523E-01
  0.933385E-04  0.198672E+08  0.198672E+08  0.253631E+08  0.253614E+08  0.000000E+00  0.198672E+08  0.198672E+08  0.198747E+08 -0.469637E+00  0.103037E+08  0.103037E+08  0.527671E-01
  0.948084E-04  0.198672E+08  0.198672E+08  0.253279E+08  0.253262E+08  0.000000E+00  0.198672E+08  0.198672E+08  0.198747E+08 -0.469635E+00  0.103037E+08  0.103037E+08  0.535946E-01
  0.963014E-04  0.198671E+08  0.198671E+08  0.252917E+08  0.252900E+08  0.000000E+00  0.198671E+08  0.198671E+08  0.198746E+08 -0.469632E+00  0.103036E+08  0.103036E+08  0.544349E-01
  0.978179E-04  0.198670E+08  0.198670E+08  0.252544E+08  0.252527E+08  0.000000E+00  0.198670E+08  0.198670E+08  0.198745E+08 -0.469630E+00  0.103036E+08  0.103036E+08  0.552883E-01
  0.993583E-04  0.198669E+08  0.198669E+08  0.252160E+08  0.252142E+08  0.000000E+00  0.198669E+08  0.198669E+08  0.198744E+08 -0.469628E+00  0.103036E+08  0.103036E+08  0.561549E-01
  0.100923E-03  0.198669E+08  0.198669E+08  0.251764E+08  0.251745E+08  0.000000E+00  0.198669E+08  0.198669E+08  0.198743E+08 -0.469626E+00  0.103035E+08  0.103035E+08  0.570350E-01
  0.102512E-03  0.198668E+08  0.198668E+08  0.251356E+08  0.251337E+08  0.000000E+00  0.198668E+08  0.198668E+08  0.198742E+08 -0.469623E+00  0.103035E+08  0.103035E+08  0.579288E-01
  0.104127E-03  0.198667E+08  0.198667E+08  0.250936E+08  0.250916E+08  0.000000E+00  0.198667E+08  0.198667E+08  0.198741E+08 -0.469620E+00  0.103034E+08  0.103034E+08  0.588364E-01
  0.105766E-03  0.198666E+08  0.198666E+08  0.250503E+08  0.250483E+08  0.000000E+00  0.198666E+08  0.198666E+08  0.198740E+08 -0.469618E+00  0.103034E+08  0.103034E+08  0.597581E-01
  0.107432E-03  0.198665E+08  0.198665E+08  0.250058E+08  0.250036E+08  0.000000E+00  0.198665E+08  0.198665E+08  0.198739E+08 -0.469615E+00  0.103033E+08  0.103033E+08  0.606941E-01
  0.109124E-03  0.198664E+08  0.198664E+08  0.249598E+08  0.249576E+08  0.000000E+00  0.198664E+08  0.198664E+08  0.198738E+08 -0.469612E+00  0.103033E+08  0.103033E+08  0.616446E-01
  0.110842E-03  0.198663E+08  0.198663E+08  0.249125E+08  0.249103E+08  0.000000E+00  0.198663E+08  0.198663E+08  0.198737E+08 -0.469610E+00  0.103032E+08  0.103032E+08  0.626097E-01
  0.112588E-03  0.198662E+08  0.198662E+08  0.248638E+08  0.248615E+08  0.000000E+00  0.198662E+08  0.198662E+08  0.198736E+08 -0.469607E+00  0.103032E+08  0.103032E+08  0.635899E-01
  0.114361E-03  0.198661E+08  0.198661E+08  0.248136E+08  0.248113E+08  0.000000E+00  0.198661E+08  0.198661E+08  0.198735E+08 -0.469604E+00  0.103031E+08  0.103031E+08  0.645852E-01
  0.116162E-03  0.198660E+08  0.198660E+08  0.247620E+08  0.247595E+08  0.000000E+00  0.198660E+08  0.198660E+08  0.198734E+08 -0.469600E+00  0.103031E+08  0.103031E+08  0.655958E-01
  0.117991E-03  0.198659E+08  0.198659E+08  0.247088E+08  0.247062E+08  0.000000E+00  0.198659E+08  0.198659E+08  0.198732E+08 -0.469597E+00  0.103030E+08  0.103030E+08  0.666221E-01
  0.119849E-03  0.198658E+08  0.198658E+08  0.246540E+08  0.246514E+08  0.000000E+00  0.198658E+08  0.198658E+08  0.198731E+08 -0.469594E+00  0.103030E+08  0.103030E+08  0.676643E-01
  0.121736E-03  0.198657E+08  0.198657E+08  0.245976E+08  0.245949E+08  0.000000E+00  0.198657E+08  0.198657E+08  0.198730E+08 -0.469590E+00  0.103029E+08  0.103029E+08  0.687225E-01
  0.123653E-03  0.198656E+08  0.198656E+08  0.245395E+08  0.245367E+08  0.000000E+00  0.198656E+08  0.198656E+08  0.198728E+08 -0.469587E+00  0.103028E+08  0.103028E+08  0.697970E-01
  0.125601E-03  0.198655E+08  0.198655E+08  0.244797E+08  0.244769E+08  0.000000E+00  0.198655E+08  0.198655E+08  0.198727E+08 -0.469583E+00  0.103028E+08  0.103028E+08  0.708881E-01
  0.127579E-03  0.198653E+08  0.198653E+08  0.244182E+08  0.244153E+08  0.000000E+00  0.198653E+08  0.198653E+08  0.198726E+08 -0.469579E+00  0.103027E+08  0.103027E+08  0.719960E-01
  0.129588E-03  0.198652E+08  0.198652E+08  0.243548E+08  0.243518E+08  0.000000E+00  0.198652E+08  0.198652E+08  0.198724E+08 -0.469576E+00  0.103026E+08  0.103026E+08  0.731209E-01
  0.131628E-03  0.198651E+08  0.198651E+08  0.242896E+08  0.242865E+08  0.000000E+00  0.198651E+08  0.198651E+08  0.198723E+08 -0.469572E+00  0.103026E+08  0.103026E+08  0.742631E-01
  0.133701E-03  0.198649E+08  0.198649E+08  0.242225E+08  0.242193E+08  0.000000E+00  0.198649E+08  0.198649E+08  0.198721E+08 -0.469567E+00  0.103025E+08  0.103025E+08  0.754229E-01
  0.135807E-03  0.198648E+08  0.198648E+08  0.241534E+08  0.241502E+08  0.000000E+00  0.198648E+08  0.198648E+08  0.198719E+08 -0.469563E+00  0.103024E+08  0.103024E+08  0.766005E-01
  0.137945E-03  0.198646E+08  0.198646E+08  0.240824E+08  0.240790E+08  0.000000E+00  0.198646E+08  0.198646E+08  0.198718E+08 -0.469559E+00  0.103024E+08  0.103024E+08  0.777962E-01
  0.140118E-03  0.198645E+08  0.198645E+08  0.240093E+08  0.240058E+08  0.000000E+00  0.198645E+08  0.198645E+08  0.198716E+08 -0.469554E+00  0.103023E+08  0.103023E+08  0.790102E-01
  0.142324E-03  0.198643E+08  0.198643E+08  0.239340E+08  0.239305E+08  0.000000E+00  0.198643E+08  0.198643E+08  0.198714E+08 -0.469550E+00  0.103022E+08  0.103022E+08  0.802428E-01
  0.144566E-03  0.198642E+08  0.198642E+08  0.238567E+08  0.238530E+08  0.000000E+00  0.198642E+08  0.198642E+08  0.198712E+08 -0.469545E+00  0.103021E+08  0.103021E+08  0.814943E-01
  0.146842E-03  0.198640E+08  0.198640E+08  0.237770E+08  0.237733E+08  0.000000E+00  0.198640E+08  0.198640E+08  0.198710E+08 -0.469540E+00  0.103020E+08  0.103020E+08  0.827648E-01
  0.149155E-03  0.198638E+08  0.198638E+08  0.236952E+08  0.236914E+08  0.000000E+00  0.198638E+08  0.198638E+08  0.198708E+08 -0.469535E+00  0.103019E+08  0.103019E+08  0.840549E-01
  0.151503E-03  0.198637E+08  0.198637E+08  0.236110E+08  0.236070E+08  0.000000E+00  0.198637E+08  0.198637E+08  0.198706E+08 -0.469529E+00  0.103018E+08  0.103018E+08  0.853646E-01
  0.153889E-03  0.198635E+08  0.198635E+08  0.235244E+08  0.235203E+08  0.000000E+00  0.198635E+08  0.198635E+08  0.198704E+08 -0.469524E+00  0.103017E+08  0.103017E+08  0.866942E-01
  0.156313E-03  0.198633E+08  0.198633E+08  0.234353E+08  0.234312E+08  0.000000E+00  0.198633E+08  0.198633E+08  0.198702E+08 -0.469518E+00  0.103016E+08  0.103016E+08  0.880441E-01
  0.158774E-03  0.198631E+08  0.198631E+08  0.233438E+08  0.233396E+08  0.000000E+00  0.198631E+08  0.198631E+08  0.198700E+08 -0.469513E+00  0.103015E+08  0.103015E+08  0.894146E-01
  0.161274E-03  0.198629E+08  0.198629E+08  0.232497E+08  0.232453E+08  0.000000E+00  0.198629E+08  0.198629E+08  0.198698E+08 -0.469507E+00  0.103014E+08  0.103014E+08  0.908059E-01
  0.163814E-03  0.198627E+08  0.198627E+08  0.231530E+08  0.231485E+08  0.000000E+00  0.198627E+08  0.198627E+08  0.198695E+08 -0.469500E+00  0.103013E+08  0.103013E+08  0.922183E-01
  0.166394E-03  0.198625E+08  0.198625E+08  0.230536E+08  0.230490E+08  0.000000E+00  0.198625E+08  0.198625E+08  0.198693E+08 -0.469494E+00  0.103012E+08  0.103012E+08  0.936522E-01
  0.169014E-03  0.198623E+08  0.198623E+08  0.229514E+08  0.229467E+08  0.000000E+00  0.198623E+08  0.198623E+08  0.198690E+08 -0.469488E+00  0.103011E+08  0.103011E+08  0.951078E-01
  0.171676E-03  0.198620E+08  0.198620E+08  0.228465E+08  0.228416E+08  0.000000E+00  0.198620E+08  0.198620E+08  0.198688E+08 -0.469481E+00  0.103010E+08  0.103010E+08  0.965854E-01
  0.174379E-03  0.198618E+08  0.198618E+08  0.227386E+08  0.227337E+08  0.000000E+00  0.198618E+08  0.198618E+08  0.198685E+08 -0.469474E+00  0.103009E+08  0.103009E+08  0.980853E-01
  0.177125E-03  0.198616E+08  0.198616E+08  0.226279E+08  0.226228E+08  0.000000E+00  0.198616E+08  0.198616E+08  0.198682E+08 -0.469467E+00  0.103007E+08  0.103007E+08  0.996079E-01
  0.179915E-03  0.198613E+08  0.198613E+08  0.225141E+08  0.225089E+08  0.000000E+00  0.198613E+08  0.198613E+08  0.198680E+08 -0.469459E+00  0.103006E+08  0.103006E+08  0.101153E+00
  0.182748E-03  0.198611E+08  0.198611E+08  0.223973E+08  0.223919E+08  0.000000E+00  0.198611E+08  0.198611E+08  0.198677E+08 -0.469452E+00  0.103005E+08  0.103005E+08  0.102722E+00
  0.185626E-03  0.198608E+08  0.198608E+08  0.222773E+08  0.222719E+08  0.000000E+00  0.198608E+08  0.198608E+08  0.198674E+08 -0.469444E+00  0.103003E+08  0.103003E+08  0.104315E+00
  0.188549E-03  0.198605E+08  0.198605E+08  0.221542E+08  0.221486E+08  0.000000E+00  0.198605E+08  0.198605E+08  0.198671E+08 -0.469436E+00  0.103002E+08  0.103002E+08  0.105931E+00
  0.191518E-03  0.198602E+08  0.198602E+08  0.220278E+08  0.220221E+08  0.000000E+00  0.198602E+08  0.198602E+08  0.198668E+08 -0.469428E+00  0.103000E+08  0.103000E+08  0.107572E+00
  0.194534E-03  0.198600E+08  0.198599E+08  0.218981E+08  0.218922E+08  0.000000E+00  0.198600E+08  0.198600E+08  0.198664E+08 -0.469419E+00  0.102999E+08  0.102999E+08  0.109237E+00
  0.197598E-03  0.198597E+08  0.198596E+08  0.217650E+08  0.217590E+08  0.000000E+00  0.198597E+08  0.198597E+08  0.198661E+08 -0.469410E+00  0.102997E+08  0.102997E+08  0.110927E+00
  0.200709E-03  0.198593E+08  0.198593E+08  0.216284E+08  0.216223E+08  0.000000E+00  0.198593E+08  0.198593E+08  0.198657E+08 -0.469401E+00  0.102996E+08  0.102996E+08  0.112642E+00
  0.203870E-03  0.198590E+08  0.198590E+08  0.214884E+08  0.214821E+08  0.000000E+00  0.198590E+08  0.198590E+08  0.198654E+08 -0.469392E+00  0.102994E+08  0.102994E+08  0.114383E+00
  0.207081E-03  0.198587E+08  0.198587E+08  0.213448E+08  0.213384E+08  0.000000E+00  0.198587E+08  0.198587E+08  0.198650E+08 -0.469382E+00  0.102992E+08  0.102992E+08  0.116149E+00
  0.210342E-03  0.198584E+08  0.198584E+08  0.211975E+08  0.211910E+08  0.000000E+00  0.198584E+08  0.198584E+08  0.198646E+08 -0.469372E+00  0.102990E+08  0.102990E+08  0.117942E+00
  0.213654E-03  0.198580E+08  0.198580E+08  0.210465E+08  0.210399E+08  0.000000E+00  0.198580E+08  0.198580E+08  0.198642E+08 -0.469362E+00  0.102989E+08  0.102989E+08  0.119762E+00
  0.217019E-03  0.198577E+08  0.198577E+08  0.208918E+08  0.208850E+08  0.000000E+00  0.198577E+08  0.198577E+08  0.198638E+08 -0.469352E+00  0.102987E+08  0.102987E+08  0.121608E+00
  0.220436E-03  0.198573E+08  0.198573E+08  0.207333E+08  0.207263E+08  0.000000E+00  0.198573E+08  0.198573E+08  0.198634E+08 -0.469341E+00  0.102985E+08  0.102985E+08  0.123482E+00
  0.223907E-03  0.198569E+08  0.198569E+08  0.205709E+08  0.205638E+08  0.000000E+00  0.198569E+08  0.198569E+08  0.198630E+08 -0.469330E+00  0.102983E+08  0.102983E+08  0.125383E+00
  0.227434E-03  0.198565E+08  0.198565E+08  0.204046E+08  0.203973E+08  0.000000E+00  0.198565E+08  0.198565E+08  0.198626E+08 -0.469318E+00  0.102981E+08  0.102981E+08  0.127313E+00
  0.231015E-03  0.198561E+08  0.198561E+08  0.202343E+08  0.202269E+08  0.000000E+00  0.198561E+08  0.198561E+08  0.198621E+08 -0.469306E+00  0.102979E+08  0.102979E+08  0.129270E+00
  0.234653E-03  0.198557E+08  0.198557E+08  0.200600E+08  0.200524E+08  0.000000E+00  0.198557E+08  0.198557E+08  0.198616E+08 -0.469294E+00  0.102976E+08  0.102976E+08  0.131257E+00
  0.238348E-03  0.198553E+08  0.198553E+08  0.198815E+08  0.198738E+08  0.000000E+00  0.198553E+08  0.198553E+08  0.198611E+08 -0.469282E+00  0.102974E+08  0.102974E+08  0.133272E+00
  0.242102E-03  0.198548E+08  0.198548E+08  0.196990E+08  0.196911E+08  0.000000E+00  0.198548E+08  0.198548E+08  0.198607E+08 -0.469269E+00  0.102972E+08  0.102972E+08  0.135317E+00
  0.245914E-03  0.198544E+08  0.198544E+08  0.195123E+08  0.195043E+08  0.000000E+00  0.198544E+08  0.198544E+08  0.198601E+08 -0.469255E+00  0.102969E+08  0.102969E+08  0.137392E+00
  0.249787E-03  0.198539E+08  0.198539E+08  0.193213E+08  0.193132E+08  0.000000E+00  0.198539E+08  0.198539E+08  0.198596E+08 -0.469242E+00  0.102967E+08  0.102967E+08  0.139497E+00
  0.253720E-03  0.198534E+08  0.198534E+08  0.191261E+08  0.191179E+08  0.000000E+00  0.198534E+08  0.198534E+08  0.198591E+08 -0.469228E+00  0.102964E+08  0.102964E+08  0.141632E+00
  0.257716E-03  0.198529E+08  0.198529E+08  0.189267E+08  0.189182E+08  0.000000E+00  0.198529E+08  0.198529E+08  0.198585E+08 -0.469213E+00  0.102962E+08  0.102962E+08  0.143798E+00
  0.261774E-03  0.198524E+08  0.198524E+08  0.187229E+08  0.187143E+08  0.000000E+00  0.198524E+08  0.198524E+08  0.198579E+08 -0.469198E+00  0.102959E+08  0.102959E+08  0.145996E+00
  0.265897E-03  0.198519E+08  0.198519E+08  0.185147E+08  0.185061E+08  0.000000E+00  0.198519E+08  0.198519E+08  0.198574E+08 -0.469183E+00  0.102956E+08  0.102956E+08  0.148225E+00
  0.270084E-03  0.198513E+08  0.198513E+08  0.183022E+08  0.182934E+08  0.000000E+00  0.198513E+08  0.198513E+08  0.198567E+08 -0.469167E+00  0.102953E+08  0.102953E+08  0.150486E+00
  0.274337E-03  0.198508E+08  0.198508E+08  0.180854E+08  0.180764E+08  0.000000E+00  0.198508E+08  0.198508E+08  0.198561E+08 -0.469151E+00  0.102950E+08  0.102950E+08  0.152779E+00
  0.278657E-03  0.198502E+08  0.198502E+08  0.178641E+08  0.178550E+08  0.000000E+00  0.198502E+08  0.198502E+08  0.198555E+08 -0.469134E+00  0.102947E+08  0.102947E+08  0.155105E+00
  0.283046E-03  0.198496E+08  0.198496E+08  0.176384E+08  0.176293E+08  0.000000E+00  0.198496E+08  0.198496E+08  0.198548E+08 -0.469117E+00  0.102944E+08  0.102944E+08  0.157465E+00
  0.287503E-03  0.198490E+08  0.198490E+08  0.174084E+08  0.173991E+08  0.000000E+00  0.198490E+08  0.198490E+08  0.198541E+08 -0.469099E+00  0.102941E+08  0.102941E+08  0.159857E+00
  0.292030E-03  0.198483E+08  0.198483E+08  0.171740E+08  0.171646E+08  0.000000E+00  0.198483E+08  0.198483E+08  0.198534E+08 -0.469081E+00  0.102938E+08  0.102938E+08  0.162284E+00
  0.296629E-03  0.198477E+08  0.198477E+08  0.169352E+08  0.169257E+08  0.000000E+00  0.198477E+08  0.198477E+08  0.198527E+08 -0.469062E+00  0.102934E+08  0.102934E+08  0.164745E+00
  0.301300E-03  0.198470E+08  0.198470E+08  0.166920E+08  0.166824E+08  0.000000E+00  0.198470E+08  0.198470E+08  0.198520E+08 -0.469043E+00  0.102931E+08  0.102931E+08  0.167241E+00
  0.306045E-03  0.198463E+08  0.198463E+08  0.164446E+08  0.164349E+08  0.000000E+00  0.198463E+08  0.198463E+08  0.198512E+08 -0.469023E+00  0.102927E+08  0.102927E+08  0.169771E+00
  0.310865E-03  0.198456E+08  0.198456E+08  0.161929E+08  0.161831E+08  0.000000E+00  0.198456E+08  0.198456E+08  0.198504E+08 -0.469002E+00  0.102923E+08  0.102923E+08  0.172337E+00
  0.315760E-03  0.198449E+08  0.198449E+08  0.159369E+08  0.159271E+08  0.000000E+00  0.198449E+08  0.198449E+08  0.198496E+08 -0.468981E+00  0.102919E+08  0.102919E+08  0.174939E+00
  0.320733E-03  0.198441E+08  0.198441E+08  0.156768E+08  0.156669E+08  0.000000E+00  0.198441E+08  0.198441E+08  0.198488E+08 -0.468960E+00  0.102915E+08  0.102915E+08  0.177577E+00
  0.325783E-03  0.198433E+08  0.198433E+08  0.154126E+08  0.154027E+08  0.000000E+00  0.198433E+08  0.198433E+08  0.198479E+08 -0.468937E+00  0.102911E+08  0.102911E+08  0.180252E+00
  0.330914E-03  0.198425E+08  0.198425E+08  0.151444E+08  0.151344E+08  0.000000E+00  0.198425E+08  0.198425E+08  0.198470E+08 -0.468915E+00  0.102907E+08  0.102907E+08  0.182963E+00
  0.336125E-03  0.198417E+08  0.198417E+08  0.148723E+08  0.148622E+08  0.000000E+00  0.198417E+08  0.198417E+08  0.198461E+08 -0.468891E+00  0.102903E+08  0.102903E+08  0.185712E+00
  0.341418E-03  0.198409E+08  0.198408E+08  0.145963E+08  0.145862E+08  0.000000E+00  0.198409E+08  0.198409E+08  0.198452E+08 -0.468867E+00  0.102898E+08  0.102898E+08  0.188499E+00
  0.346795E-03  0.198400E+08  0.198400E+08  0.143166E+08  0.143065E+08  0.000000E+00  0.198400E+08  0.198400E+08  0.198442E+08 -0.468842E+00  0.102894E+08  0.102894E+08  0.191323E+00
  0.352256E-03  0.198391E+08  0.198391E+08  0.140333E+08  0.140232E+08  0.000000E+00  0.198391E+08  0.198391E+08  0.198432E+08 -0.468817E+00  0.102889E+08  0.102889E+08  0.194186E+00
  0.357803E-03  0.198382E+08  0.198381E+08  0.137465E+08  0.137364E+08  0.000000E+00  0.198381E+08  0.198381E+08  0.198422E+08 -0.468791E+00  0.102884E+08  0.102884E+08  0.197088E+00
  0.363438E-03  0.198372E+08  0.198372E+08  0.134565E+08  0.134464E+08  0.000000E+00  0.198372E+08  0.198372E+08  0.198412E+08 -0.468764E+00  0.102879E+08  0.102879E+08  0.200029E+00
  0.369161E-03  0.198362E+08  0.198362E+08  0.131633E+08  0.131532E+08  0.000000E+00  0.198362E+08  0.198362E+08  0.198401E+08 -0.468736E+00  0.102874E+08  0.102874E+08  0.203010E+00
  0.374974E-03  0.198352E+08  0.198352E+08  0.128671E+08  0.128571E+08  0.000000E+00  0.198352E+08  0.198352E+08  0.198390E+08 -0.468708E+00  0.102868E+08  0.102868E+08  0.206031E+00
  0.380879E-03  0.198342E+08  0.198341E+08  0.125681E+08  0.125582E+08  0.000000E+00  0.198341E+08  0.198341E+08  0.198379E+08 -0.468678E+00  0.102863E+08  0.102863E+08  0.209092E+00
  0.386877E-03  0.198331E+08  0.198331E+08  0.122666E+08  0.122568E+08  0.000000E+00  0.198331E+08  0.198331E+08  0.198367E+08 -0.468648E+00  0.102857E+08  0.102857E+08  0.212193E+00
  0.392970E-03  0.198320E+08  0.198320E+08  0.119628E+08  0.119530E+08  0.000000E+00  0.198320E+08  0.198320E+08  0.198355E+08 -0.468618E+00  0.102851E+08  0.102851E+08  0.215336E+00
  0.399158E-03  0.198308E+08  0.198308E+08  0.116568E+08  0.116471E+08  0.000000E+00  0.198308E+08  0.198308E+08  0.198343E+08 -0.468586E+00  0.102845E+08  0.102845E+08  0.218521E+00
  0.405444E-03  0.198297E+08  0.198296E+08  0.113489E+08  0.113394E+08  0.000000E+00  0.198297E+08  0.198297E+08  0.198330E+08 -0.468554E+00  0.102839E+08  0.102839E+08  0.221747E+00
  0.411829E-03  0.198285E+08  0.198284E+08  0.110395E+08  0.110301E+08  0.000000E+00  0.198285E+08  0.198285E+08  0.198317E+08 -0.468521E+00  0.102833E+08  0.102833E+08  0.225015E+00
  0.418314E-03  0.198272E+08  0.198272E+08  0.107287E+08  0.107195E+08  0.000000E+00  0.198272E+08  0.198272E+08  0.198304E+08 -0.468486E+00  0.102826E+08  0.102826E+08  0.228327E+00
  0.424902E-03  0.198259E+08  0.198259E+08  0.104169E+08  0.104079E+08  0.000000E+00  0.198259E+08  0.198259E+08  0.198290E+08 -0.468451E+00  0.102820E+08  0.102820E+08  0.231681E+00
  0.431593E-03  0.198246E+08  0.198246E+08  0.101044E+08  0.100957E+08  0.000000E+00  0.198246E+08  0.198246E+08  0.198276E+08 -0.468415E+00  0.102813E+08  0.102813E+08  0.235078E+00
  0.438390E-03  0.198233E+08  0.198233E+08  0.979154E+07  0.978301E+07  0.000000E+00  0.198233E+08  0.198233E+08  0.198262E+08 -0.468378E+00  0.102805E+08  0.102805E+08  0.238519E+00
  0.445293E-03  0.198219E+08  0.198219E+08  0.947862E+07  0.947034E+07  0.000000E+00  0.198219E+08  0.198219E+08  0.198247E+08 -0.468341E+00  0.102798E+08  0.102798E+08  0.242005E+00
  0.452306E-03  0.198205E+08  0.198204E+08  0.916602E+07  0.915801E+07  0.000000E+00  0.198205E+08  0.198205E+08  0.198232E+08 -0.468302E+00  0.102791E+08  0.102791E+08  0.245535E+00
  0.459428E-03  0.198190E+08  0.198190E+08  0.885411E+07  0.884638E+07  0.000000E+00  0.198190E+08  0.198190E+08  0.198216E+08 -0.468262E+00  0.102783E+08  0.102783E+08  0.249110E+00
  0.466663E-03  0.198175E+08  0.198175E+08  0.854326E+07  0.853584E+07  0.000000E+00  0.198175E+08  0.198175E+08  0.198200E+08 -0.468221E+00  0.102775E+08  0.102775E+08  0.252730E+00
  0.474012E-03  0.198159E+08  0.198159E+08  0.823387E+07  0.822679E+07  0.000000E+00  0.198159E+08  0.198159E+08  0.198184E+08 -0.468179E+00  0.102767E+08  0.102767E+08  0.256395E+00
  0.481477E-03  0.198143E+08  0.198143E+08  0.792636E+07  0.791962E+07  0.000000E+00  0.198143E+08  0.198143E+08  0.198167E+08 -0.468136E+00  0.102758E+08  0.102758E+08  0.260107E+00
  0.489059E-03  0.198127E+08  0.198127E+08  0.762113E+07  0.761476E+07  0.000000E+00  0.198127E+08  0.198127E+08  0.198150E+08 -0.468092E+00  0.102750E+08  0.102750E+08  0.263866E+00
  0.496760E-03  0.198110E+08  0.198110E+08  0.731862E+07  0.731264E+07  0.000000E+00  0.198110E+08  0.198110E+08  0.198132E+08 -0.468047E+00  0.102741E+08  0.102741E+08  0.267671E+00
  0.504583E-03  0.198093E+08  0.198093E+08  0.701927E+07  0.701369E+07  0.000000E+00  0.198093E+08  0.198093E+08  0.198114E+08 -0.468001E+00  0.102732E+08  0.102732E+08  0.271523E+00
  0.512529E-03  0.198075E+08  0.198075E+08  0.672350E+07  0.671834E+07  0.000000E+00  0.198075E+08  0.198075E+08  0.198095E+08 -0.467954E+00  0.102722E+08  0.102722E+08  0.275423E+00
  0.520600E-03  0.198057E+08  0.198056E+08  0.643178E+07  0.642705E+07  0.000000E+00  0.198057E+08  0.198057E+08  0.198076E+08 -0.467905E+00  0.102713E+08  0.102713E+08  0.279371E+00
  0.528799E-03  0.198038E+08  0.198038E+08  0.614454E+07  0.614026E+07  0.000000E+00  0.198038E+08  0.198038E+08  0.198056E+08 -0.467856E+00  0.102703E+08  0.102703E+08  0.283367E+00
  0.537126E-03  0.198019E+08  0.198018E+08  0.586224E+07  0.585843E+07  0.000000E+00  0.198019E+08  0.198019E+08  0.198036E+08 -0.467805E+00  0.102692E+08  0.102692E+08  0.287413E+00
  0.545585E-03  0.197999E+08  0.197998E+08  0.558533E+07  0.558200E+07  0.000000E+00  0.197999E+08  0.197999E+08  0.198015E+08 -0.467752E+00  0.102682E+08  0.102682E+08  0.291507E+00
  0.554176E-03  0.197978E+08  0.197978E+08  0.531426E+07  0.531140E+07  0.000000E+00  0.197978E+08  0.197978E+08  0.197994E+08 -0.467699E+00  0.102671E+08  0.102671E+08  0.295651E+00
  0.562903E-03  0.197957E+08  0.197957E+08  0.504945E+07  0.504709E+07  0.000000E+00  0.197957E+08  0.197957E+08  0.197972E+08 -0.467644E+00  0.102660E+08  0.102660E+08  0.299846E+00
  0.571768E-03  0.197936E+08  0.197935E+08  0.479136E+07  0.478949E+07  0.000000E+00  0.197936E+08  0.197936E+08  0.197950E+08 -0.467588E+00  0.102649E+08  0.102649E+08  0.304091E+00
  0.580772E-03  0.197914E+08  0.197913E+08  0.454038E+07  0.453901E+07  0.000000E+00  0.197914E+08  0.197914E+08  0.197927E+08 -0.467531E+00  0.102637E+08  0.102637E+08  0.308387E+00
  0.589918E-03  0.197891E+08  0.197891E+08  0.429693E+07  0.429606E+07  0.000000E+00  0.197891E+08  0.197891E+08  0.197904E+08 -0.467472E+00  0.102625E+08  0.102625E+08  0.312734E+00
  0.599207E-03  0.197868E+08  0.197867E+08  0.406140E+07  0.406103E+07  0.000000E+00  0.197868E+08  0.197868E+08  0.197880E+08 -0.467412E+00  0.102613E+08  0.102613E+08  0.317133E+00
  0.608644E-03  0.197844E+08  0.197843E+08  0.383414E+07  0.383426E+07  0.000000E+00  0.197844E+08  0.197844E+08  0.197855E+08 -0.467351E+00  0.102600E+08  0.102600E+08  0.321585E+00
  0.618228E-03  0.197819E+08  0.197819E+08  0.361551E+07  0.361611E+07  0.000000E+00  0.197819E+08  0.197819E+08  0.197830E+08 -0.467288E+00  0.102587E+08  0.102587E+08  0.326090E+00
  0.627964E-03  0.197794E+08  0.197794E+08  0.340581E+07  0.340688E+07  0.000000E+00  0.197794E+08  0.197794E+08  0.197804E+08 -0.467224E+00  0.102574E+08  0.102574E+08  0.330648E+00
  0.637853E-03  0.197768E+08  0.197768E+08  0.320532E+07  0.320684E+07  0.000000E+00  0.197768E+08  0.197768E+08  0.197778E+08 -0.467158E+00  0.102560E+08  0.102560E+08  0.335261E+00
  0.647898E-03  0.197742E+08  0.197741E+08  0.301429E+07  0.301625E+07  0.000000E+00  0.197742E+08  0.197742E+08  0.197750E+08 -0.467091E+00  0.102546E+08  0.102546E+08  0.339927E+00
  0.658101E-03  0.197714E+08  0.197714E+08  0.283294E+07  0.283531E+07  0.000000E+00  0.197714E+08  0.197714E+08  0.197723E+08 -0.467022E+00  0.102532E+08  0.102532E+08  0.344649E+00
  0.668464E-03  0.197686E+08  0.197686E+08  0.266142E+07  0.266418E+07  0.000000E+00  0.197686E+08  0.197686E+08  0.197694E+08 -0.466951E+00  0.102517E+08  0.102517E+08  0.349427E+00
  0.678991E-03  0.197658E+08  0.197657E+08  0.249986E+07  0.250298E+07  0.000000E+00  0.197658E+08  0.197658E+08  0.197665E+08 -0.466879E+00  0.102502E+08  0.102502E+08  0.354261E+00
  0.689684E-03  0.197628E+08  0.197628E+08  0.234834E+07  0.235178E+07  0.000000E+00  0.197628E+08  0.197628E+08  0.197635E+08 -0.466806E+00  0.102487E+08  0.102487E+08  0.359151E+00
  0.700544E-03  0.197598E+08  0.197598E+08  0.220687E+07  0.221061E+07  0.000000E+00  0.197598E+08  0.197598E+08  0.197605E+08 -0.466730E+00  0.102471E+08  0.102471E+08  0.364099E+00
  0.711576E-03  0.197567E+08  0.197567E+08  0.207544E+07  0.207943E+07  0.000000E+00  0.197567E+08  0.197567E+08  0.197573E+08 -0.466653E+00  0.102455E+08  0.102455E+08  0.369105E+00
  0.722782E-03  0.197536E+08  0.197535E+08  0.195396E+07  0.195815E+07  0.000000E+00  0.197535E+08  0.197535E+08  0.197541E+08 -0.466574E+00  0.102438E+08  0.102438E+08  0.374170E+00
  0.734164E-03  0.197503E+08  0.197502E+08  0.184228E+07  0.184664E+07  0.000000E+00  0.197503E+08  0.197503E+08  0.197508E+08 -0.466494E+00  0.102421E+08  0.102421E+08  0.379295E+00
  0.745726E-03  0.197470E+08  0.197469E+08  0.174022E+07  0.174469E+07  0.000000E+00  0.197470E+08  0.197470E+08  0.197475E+08 -0.466411E+00  0.102403E+08  0.102403E+08  0.384479E+00
  0.757469E-03  0.197436E+08  0.197435E+08  0.164750E+07  0.165204E+07  0.000000E+00  0.197435E+08  0.197435E+08  0.197440E+08 -0.466327E+00  0.102385E+08  0.102385E+08  0.389724E+00
  0.769398E-03  0.197401E+08  0.197400E+08  0.156383E+07  0.156838E+07  0.000000E+00  0.197400E+08  0.197400E+08  0.197405E+08 -0.466241E+00  0.102367E+08  0.102367E+08  0.395031E+00
  0.781514E-03  0.197365E+08  0.197364E+08  0.148883E+07  0.149333E+07  0.000000E+00  0.197364E+08  0.197364E+08  0.197369E+08 -0.466153E+00  0.102348E+08  0.102348E+08  0.400401E+00
  0.793821E-03  0.197328E+08  0.197327E+08  0.142206E+07  0.142647E+07  0.000000E+00  0.197328E+08  0.197328E+08  0.197332E+08 -0.466063E+00  0.102329E+08  0.102329E+08  0.405833E+00
  0.806322E-03  0.197290E+08  0.197289E+08  0.136305E+07  0.136731E+07  0.000000E+00  0.197290E+08  0.197290E+08  0.197294E+08 -0.465971E+00  0.102309E+08  0.102309E+08  0.411330E+00
  0.819019E-03  0.197251E+08  0.197251E+08  0.131125E+07  0.131532E+07  0.000000E+00  0.197251E+08  0.197251E+08  0.197255E+08 -0.465877E+00  0.102288E+08  0.102288E+08  0.416891E+00
  0.831917E-03  0.197212E+08  0.197211E+08  0.126610E+07  0.126992E+07  0.000000E+00  0.197212E+08  0.197212E+08  0.197216E+08 -0.465781E+00  0.102268E+08  0.102268E+08  0.422518E+00
  0.845018E-03  0.197171E+08  0.197170E+08  0.122697E+07  0.123048E+07  0.000000E+00  0.197171E+08  0.197171E+08  0.197175E+08 -0.465683E+00  0.102246E+08  0.102246E+08  0.428211E+00
  0.858325E-03  0.197130E+08  0.197129E+08  0.119319E+07  0.119636E+07  0.000000E+00  0.197130E+08  0.197130E+08  0.197133E+08 -0.465582E+00  0.102225E+08  0.102225E+08  0.433971E+00
  0.871842E-03  0.197087E+08  0.197086E+08  0.116408E+07  0.116687E+07  0.000000E+00  0.197087E+08  0.197087E+08  0.197091E+08 -0.465480E+00  0.102202E+08  0.102202E+08  0.439800E+00
  0.885571E-03  0.197044E+08  0.197043E+08  0.113893E+07  0.114130E+07  0.000000E+00  0.197044E+08  0.197044E+08  0.197047E+08 -0.465375E+00  0.102179E+08  0.102179E+08  0.445698E+00
  0.899517E-03  0.196999E+08  0.196998E+08  0.111702E+07  0.111893E+07  0.000000E+00  0.196999E+08  0.196999E+08  0.197002E+08 -0.465267E+00  0.102156E+08  0.102156E+08  0.451666E+00
  0.913682E-03  0.196954E+08  0.196953E+08  0.109762E+07  0.109905E+07  0.000000E+00  0.196953E+08  0.196953E+08  0.196957E+08 -0.465158E+00  0.102132E+08  0.102132E+08  0.457705E+00
  0.928071E-03  0.196907E+08  0.196906E+08  0.108000E+07  0.108094E+07  0.000000E+00  0.196907E+08  0.196907E+08  0.196910E+08 -0.465046E+00  0.102108E+08  0.102108E+08  0.463815E+00
  0.942686E-03  0.196859E+08  0.196858E+08  0.106347E+07  0.106390E+07  0.000000E+00  0.196859E+08  0.196859E+08  0.196862E+08 -0.464931E+00  0.102083E+08  0.102083E+08  0.469999E+00
  0.957531E-03  0.196810E+08  0.196809E+08  0.104734E+07  0.104727E+07  0.000000E+00  0.196810E+08  0.196810E+08  0.196813E+08 -0.464814E+00  0.102057E+08  0.102057E+08  0.476256E+00
  0.972610E-03  0.196760E+08  0.196759E+08  0.103097E+07  0.103042E+07  0.000000E+00  0.196760E+08  0.196760E+08  0.196763E+08 -0.464694E+00  0.102031E+08  0.102031E+08  0.482588E+00
  0.987926E-03  0.196709E+08  0.196707E+08  0.101379E+07  0.101276E+07  0.000000E+00  0.196708E+08  0.196708E+08  0.196711E+08 -0.464571E+00  0.102004E+08  0.102004E+08  0.488996E+00
  0.100348E-02  0.196656E+08  0.196655E+08  0.995253E+06  0.993776E+06  0.000000E+00  0.196656E+08  0.196656E+08  0.196659E+08 -0.464446E+00  0.101976E+08  0.101976E+08  0.495481E+00
  0.101929E-02  0.196602E+08  0.196601E+08  0.974907E+06  0.973022E+06  0.000000E+00  0.196602E+08  0.196602E+08  0.196605E+08 -0.464318E+00  0.101948E+08  0.101948E+08  0.502043E+00
  0.103534E-02  0.196547E+08  0.196546E+08  0.952373E+06  0.950127E+06  0.000000E+00  0.196547E+08  0.196547E+08  0.196550E+08 -0.464187E+00  0.101920E+08  0.101920E+08  0.508684E+00
  0.105164E-02  0.196491E+08  0.196490E+08  0.927362E+06  0.924808E+06  0.000000E+00  0.196491E+08  0.196491E+08  0.196494E+08 -0.464053E+00  0.101890E+08  0.101890E+08  0.515404E+00
  0.106820E-02  0.196434E+08  0.196432E+08  0.899676E+06  0.896880E+06  0.000000E+00  0.196433E+08  0.196433E+08  0.196436E+08 -0.463916E+00  0.101860E+08  0.101860E+08  0.522205E+00
  0.108502E-02  0.196375E+08  0.196373E+08  0.869222E+06  0.866253E+06  0.000000E+00  0.196375E+08  0.196375E+08  0.196377E+08 -0.463776E+00  0.101829E+08  0.101829E+08  0.529088E+00
  0.110211E-02  0.196315E+08  0.196313E+08  0.836008E+06  0.832940E+06  0.000000E+00  0.196314E+08  0.196314E+08  0.196317E+08 -0.463633E+00  0.101798E+08  0.101798E+08  0.536053E+00
  0.111947E-02  0.196253E+08  0.196252E+08  0.800144E+06  0.797057E+06  0.000000E+00  0.196253E+08  0.196253E+08  0.196255E+08 -0.463486E+00  0.101766E+08  0.101766E+08  0.543101E+00
  0.113710E-02  0.196190E+08  0.196189E+08  0.761845E+06  0.758820E+06  0.000000E+00  0.196190E+08  0.196190E+08  0.196192E+08 -0.463337E+00  0.101733E+08  0.101733E+08  0.550234E+00
  0.115500E-02  0.196126E+08  0.196124E+08  0.721422E+06  0.718538E+06  0.000000E+00  0.196125E+08  0.196125E+08  0.196128E+08 -0.463184E+00  0.101700E+08  0.101700E+08  0.557452E+00
  0.117319E-02  0.196060E+08  0.196058E+08  0.679274E+06  0.676610E+06  0.000000E+00  0.196060E+08  0.196060E+08  0.196062E+08 -0.463027E+00  0.101665E+08  0.101665E+08  0.564757E+00
  0.119167E-02  0.195993E+08  0.195991E+08  0.635880E+06  0.633509E+06  0.000000E+00  0.195992E+08  0.195992E+08  0.195994E+08 -0.462867E+00  0.101630E+08  0.101630E+08  0.572149E+00
  0.121043E-02  0.195924E+08  0.195922E+08  0.591787E+06  0.589774E+06  0.000000E+00  0.195924E+08  0.195924E+08  0.195925E+08 -0.462704E+00  0.101594E+08  0.101594E+08  0.579629E+00
  0.122949E-02  0.195853E+08  0.195852E+08  0.547588E+06  0.545990E+06  0.000000E+00  0.195853E+08  0.195853E+08  0.195855E+08 -0.462537E+00  0.101558E+08  0.101558E+08  0.587198E+00
  0.124886E-02  0.195782E+08  0.195780E+08  0.503911E+06  0.502771E+06  0.000000E+00  0.195781E+08  0.195781E+08  0.195783E+08 -0.462366E+00  0.101520E+08  0.101520E+08  0.594858E+00
  0.126852E-02  0.195708E+08  0.195706E+08  0.461393E+06  0.460741E+06  0.000000E+00  0.195708E+08  0.195708E+08  0.195709E+08 -0.462191E+00  0.101482E+08  0.101482E+08  0.602609E+00
  0.128850E-02  0.195633E+08  0.195631E+08  0.420660E+06  0.420510E+06  0.000000E+00  0.195633E+08  0.195633E+08  0.195634E+08 -0.462013E+00  0.101443E+08  0.101443E+08  0.610452E+00
  0.130879E-02  0.195556E+08  0.195554E+08  0.382306E+06  0.382655E+06  0.000000E+00  0.195556E+08  0.195556E+08  0.195557E+08 -0.461831E+00  0.101403E+08  0.101403E+08  0.618388E+00
  0.132940E-02  0.195478E+08  0.195476E+08  0.346866E+06  0.347694E+06  0.000000E+00  0.195477E+08  0.195477E+08  0.195478E+08 -0.461645E+00  0.101362E+08  0.101362E+08  0.626418E+00
  0.135033E-02  0.195397E+08  0.195395E+08  0.314799E+06  0.316066E+06  0.000000E+00  0.195397E+08  0.195397E+08  0.195398E+08 -0.461454E+00  0.101320E+08  0.101320E+08  0.634544E+00
  0.137160E-02  0.195316E+08  0.195313E+08  0.286464E+06  0.288115E+06  0.000000E+00  0.195315E+08  0.195315E+08  0.195316E+08 -0.461260E+00  0.101278E+08  0.101278E+08  0.642766E+00
  0.139320E-02  0.195232E+08  0.195230E+08  0.262105E+06  0.264068E+06  0.000000E+00  0.195231E+08  0.195231E+08  0.195232E+08 -0.461061E+00  0.101234E+08  0.101234E+08  0.651085E+00
  0.141514E-02  0.195146E+08  0.195144E+08  0.241838E+06  0.244026E+06  0.000000E+00  0.195146E+08  0.195146E+08  0.195147E+08 -0.460858E+00  0.101190E+08  0.101190E+08  0.659502E+00
  0.143742E-02  0.195059E+08  0.195056E+08  0.225638E+06  0.227956E+06  0.000000E+00  0.195058E+08  0.195058E+08  0.195059E+08 -0.460651E+00  0.101144E+08  0.101144E+08  0.668019E+00
  0.146006E-02  0.194970E+08  0.194967E+08  0.213342E+06  0.215685E+06  0.000000E+00  0.194969E+08  0.194969E+08  0.194970E+08 -0.460440E+00  0.101098E+08  0.101098E+08  0.676636E+00
  0.148305E-02  0.194878E+08  0.194876E+08  0.204645E+06  0.206907E+06  0.000000E+00  0.194878E+08  0.194878E+08  0.194879E+08 -0.460223E+00  0.101051E+08  0.101050E+08  0.685356E+00
  0.150641E-02  0.194785E+08  0.194783E+08  0.199117E+06  0.201194E+06  0.000000E+00  0.194785E+08  0.194785E+08  0.194785E+08 -0.460003E+00  0.101002E+08  0.101002E+08  0.694178E+00
  0.153013E-02  0.194690E+08  0.194687E+08  0.196213E+06  0.198006E+06  0.000000E+00  0.194690E+08  0.194690E+08  0.194690E+08 -0.459778E+00  0.100953E+08  0.100953E+08  0.703104E+00
  0.155423E-02  0.194593E+08  0.194590E+08  0.195296E+06  0.196722E+06  0.000000E+00  0.194593E+08  0.194593E+08  0.194593E+08 -0.459547E+00  0.100902E+08  0.100902E+08  0.712136E+00
  0.157870E-02  0.194494E+08  0.194491E+08  0.195672E+06  0.196663E+06  0.000000E+00  0.194493E+08  0.194493E+08  0.194494E+08 -0.459313E+00  0.100851E+08  0.100851E+08  0.721274E+00
  0.160356E-02  0.194392E+08  0.194389E+08  0.196615E+06  0.197126E+06  0.000000E+00  0.194392E+08  0.194392E+08  0.194393E+08 -0.459073E+00  0.100798E+08  0.100798E+08  0.730520E+00
  0.162881E-02  0.194289E+08  0.194286E+08  0.197411E+06  0.197421E+06  0.000000E+00  0.194289E+08  0.194289E+08  0.194289E+08 -0.458828E+00  0.100744E+08  0.100744E+08  0.739875E+00
  0.165446E-02  0.194183E+08  0.194180E+08  0.197391E+06  0.196907E+06  0.000000E+00  0.194183E+08  0.194183E+08  0.194184E+08 -0.458578E+00  0.100689E+08  0.100689E+08  0.749341E+00
  0.168052E-02  0.194076E+08  0.194072E+08  0.195971E+06  0.195031E+06  0.000000E+00  0.194075E+08  0.194075E+08  0.194076E+08 -0.458323E+00  0.100633E+08  0.100633E+08  0.758918E+00
  0.170698E-02  0.193966E+08  0.193962E+08  0.192689E+06  0.191357E+06  0.000000E+00  0.193965E+08  0.193965E+08  0.193966E+08 -0.458063E+00  0.100576E+08  0.100576E+08  0.768608E+00
  0.173386E-02  0.193853E+08  0.193850E+08  0.187231E+06  0.185596E+06  0.000000E+00  0.193853E+08  0.193853E+08  0.193853E+08 -0.457797E+00  0.100518E+08  0.100518E+08  0.778412E+00
  0.176117E-02  0.193739E+08  0.193735E+08  0.179455E+06  0.177627E+06  0.000000E+00  0.193738E+08  0.193738E+08  0.193739E+08 -0.457526E+00  0.100458E+08  0.100458E+08  0.788331E+00
  0.178890E-02  0.193622E+08  0.193618E+08  0.169402E+06  0.167505E+06  0.000000E+00  0.193621E+08  0.193621E+08  0.193621E+08 -0.457249E+00  0.100398E+08  0.100397E+08  0.798368E+00
  0.181707E-02  0.193502E+08  0.193498E+08  0.157293E+06  0.155460E+06  0.000000E+00  0.193502E+08  0.193502E+08  0.193502E+08 -0.456967E+00  0.100336E+08  0.100335E+08  0.808522E+00
  0.184569E-02  0.193380E+08  0.193376E+08  0.143523E+06  0.141880E+06  0.000000E+00  0.193380E+08  0.193380E+08  0.193380E+08 -0.456678E+00  0.100272E+08  0.100272E+08  0.818796E+00
  0.187475E-02  0.193256E+08  0.193252E+08  0.128628E+06  0.127292E+06  0.000000E+00  0.193255E+08  0.193255E+08  0.193256E+08 -0.456384E+00  0.100208E+08  0.100208E+08  0.829190E+00
  0.190428E-02  0.193129E+08  0.193125E+08  0.113250E+06  0.112316E+06  0.000000E+00  0.193128E+08  0.193128E+08  0.193129E+08 -0.456084E+00  0.100142E+08  0.100142E+08  0.839706E+00
  0.193427E-02  0.193000E+08  0.192995E+08  0.980906E+05  0.976241E+05  0.000000E+00  0.192999E+08  0.192999E+08  0.192999E+08 -0.455778E+00  0.100075E+08  0.100075E+08  0.850346E+00
  0.196473E-02  0.192868E+08  0.192863E+08  0.838537E+05  0.838820E+05  0.000000E+00  0.192867E+08  0.192867E+08  0.192867E+08 -0.455466E+00  0.100006E+08  0.100006E+08  0.861109E+00
  0.199567E-02  0.192733E+08  0.192728E+08  0.711868E+05  0.716970E+05  0.000000E+00  0.192732E+08  0.192732E+08  0.192732E+08 -0.455148E+00  0.999362E+07  0.999361E+07  0.871999E+00
  0.202709E-02  0.192596E+08  0.192591E+08  0.606249E+05  0.615619E+05  0.000000E+00  0.192595E+08  0.192595E+08  0.192595E+08 -0.454823E+00  0.998648E+07  0.998648E+07  0.883016E+00
  0.205901E-02  0.192455E+08  0.192450E+08  0.525401E+05  0.538094E+05  0.000000E+00  0.192455E+08  0.192455E+08  0.192455E+08 -0.454491E+00  0.997921E+07  0.997920E+07  0.894161E+00
  0.209144E-02  0.192312E+08  0.192307E+08  0.471039E+05  0.485778E+05  0.000000E+00  0.192312E+08  0.192312E+08  0.192312E+08 -0.454154E+00  0.997179E+07  0.997179E+07  0.905436E+00
  0.212437E-02  0.192167E+08  0.192162E+08  0.442651E+05  0.457929E+05  0.000000E+00  0.192166E+08  0.192166E+08  0.192166E+08 -0.453809E+00  0.996423E+07  0.996422E+07  0.916843E+00
  0.215783E-02  0.192018E+08  0.192013E+08  0.437493E+05  0.451701E+05  0.000000E+00  0.192017E+08  0.192017E+08  0.192017E+08 -0.453458E+00  0.995652E+07  0.995651E+07  0.928382E+00
  0.219181E-02  0.191867E+08  0.191861E+08  0.450798E+05  0.462374E+05  0.000000E+00  0.191866E+08  0.191866E+08  0.191866E+08 -0.453100E+00  0.994865E+07  0.994865E+07  0.940056E+00
  0.222633E-02  0.191712E+08  0.191706E+08  0.476207E+05  0.483790E+05  0.000000E+00  0.191711E+08  0.191711E+08  0.191711E+08 -0.452734E+00  0.994064E+07  0.994063E+07  0.951865E+00
  0.226139E-02  0.191555E+08  0.191549E+08  0.506390E+05  0.508965E+05  0.000000E+00  0.191554E+08  0.191554E+08  0.191554E+08 -0.452362E+00  0.993246E+07  0.993246E+07  0.963811E+00
  0.229700E-02  0.191394E+08  0.191388E+08  0.533812E+05  0.530822E+05  0.000000E+00  0.191393E+08  0.191393E+08  0.191393E+08 -0.451983E+00  0.992413E+07  0.992412E+07  0.975896E+00
  0.233317E-02  0.191230E+08  0.191224E+08  0.551562E+05  0.542978E+05  0.000000E+00  0.191229E+08  0.191229E+08  0.191230E+08 -0.451596E+00  0.991564E+07  0.991563E+07  0.988121E+00
  0.236991E-02  0.191064E+08  0.191057E+08  0.554157E+05  0.540485E+05  0.000000E+00  0.191063E+08  0.191063E+08  0.191063E+08 -0.451202E+00  0.990698E+07  0.990698E+07  0.100049E+01
  0.240723E-02  0.190894E+08  0.190887E+08  0.538219E+05  0.520443E+05  0.000000E+00  0.190893E+08  0.190893E+08  0.190893E+08 -0.450800E+00  0.989816E+07  0.989816E+07  0.101300E+01
  0.244514E-02  0.190720E+08  0.190714E+08  0.502926E+05  0.482382E+05  0.000000E+00  0.190719E+08  0.190719E+08  0.190720E+08 -0.450391E+00  0.988917E+07  0.988917E+07  0.102565E+01
  0.248365E-02  0.190544E+08  0.190537E+08  0.450173E+05  0.428364E+05  0.000000E+00  0.190543E+08  0.190543E+08  0.190543E+08 -0.449974E+00  0.988001E+07  0.988001E+07  0.103845E+01
  0.252276E-02  0.190364E+08  0.190357E+08  0.384368E+05  0.362742E+05  0.000000E+00  0.190363E+08  0.190363E+08  0.190363E+08 -0.449549E+00  0.987068E+07  0.987067E+07  0.105140E+01
  0.256249E-02  0.190181E+08  0.190173E+08  0.311890E+05  0.291605E+05  0.000000E+00  0.190180E+08  0.190180E+08  0.190180E+08 -0.449116E+00  0.986117E+07  0.986116E+07  0.106450E+01
  0.260284E-02  0.189994E+08  0.189986E+08  0.240229E+05  0.221946E+05  0.000000E+00  0.189993E+08  0.189993E+08  0.189993E+08 -0.448674E+00  0.985149E+07  0.985148E+07  0.107775E+01
  0.264383E-02  0.189804E+08  0.189796E+08  0.176923E+05  0.160653E+05  0.000000E+00  0.189803E+08  0.189803E+08  0.189803E+08 -0.448225E+00  0.984162E+07  0.984161E+07  0.109115E+01
  0.268546E-02  0.189610E+08  0.189602E+08  0.128424E+05  0.113468E+05  0.000000E+00  0.189609E+08  0.189609E+08  0.189609E+08 -0.447767E+00  0.983157E+07  0.983156E+07  0.110471E+01
  0.272775E-02  0.189413E+08  0.189404E+08  0.990700E+04  0.840742E+04  0.000000E+00  0.189412E+08  0.189412E+08  0.189412E+08 -0.447301E+00  0.982133E+07  0.982132E+07  0.111842E+01
  0.277071E-02  0.189212E+08  0.189203E+08  0.903259E+04  0.734548E+04  0.000000E+00  0.189211E+08  0.189211E+08  0.189211E+08 -0.446826E+00  0.981091E+07  0.981090E+07  0.113229E+01
  0.281434E-02  0.189007E+08  0.188998E+08  0.100456E+05  0.796755E+04  0.000000E+00  0.189006E+08  0.189006E+08  0.189006E+08 -0.446343E+00  0.980029E+07  0.980028E+07  0.114631E+01
  0.285866E-02  0.188799E+08  0.188790E+08  0.124712E+05  0.981459E+04  0.000000E+00  0.188797E+08  0.188797E+08  0.188797E+08 -0.445850E+00  0.978948E+07  0.978947E+07  0.116050E+01
  0.290368E-02  0.188587E+08  0.188577E+08  0.156055E+05  0.122362E+05  0.000000E+00  0.188585E+08  0.188585E+08  0.188585E+08 -0.445349E+00  0.977847E+07  0.977846E+07  0.117485E+01
  0.294940E-02  0.188371E+08  0.188361E+08  0.186325E+05  0.145035E+05  0.000000E+00  0.188369E+08  0.188369E+08  0.188369E+08 -0.444839E+00  0.976726E+07  0.976726E+07  0.118936E+01
  0.299585E-02  0.188151E+08  0.188141E+08  0.207686E+05  0.159419E+05  0.000000E+00  0.188149E+08  0.188149E+08  0.188149E+08 -0.444319E+00  0.975586E+07  0.975585E+07  0.120404E+01
  0.304303E-02  0.187927E+08  0.187916E+08  0.214085E+05  0.160610E+05  0.000000E+00  0.187925E+08  0.187925E+08  0.187925E+08 -0.443790E+00  0.974424E+07  0.974423E+07  0.121888E+01
  0.309095E-02  0.187699E+08  0.187688E+08  0.202453E+05  0.146541E+05  0.000000E+00  0.187697E+08  0.187697E+08  0.187697E+08 -0.443252E+00  0.973242E+07  0.973241E+07  0.123390E+01
  0.313962E-02  0.187467E+08  0.187456E+08  0.173362E+05  0.118447E+05  0.000000E+00  0.187465E+08  0.187465E+08  0.187465E+08 -0.442704E+00  0.972039E+07  0.972038E+07  0.124908E+01
  0.318906E-02  0.187231E+08  0.187220E+08  0.130978E+05  0.806591E+04  0.000000E+00  0.187229E+08  0.187229E+08  0.187229E+08 -0.442146E+00  0.970815E+07  0.970813E+07  0.126444E+01
  0.323928E-02  0.186991E+08  0.186979E+08  0.822400E+04  0.397134E+04  0.000000E+00  0.186989E+08  0.186989E+08  0.186989E+08 -0.441579E+00  0.969569E+07  0.969567E+07  0.127996E+01
  0.329030E-02  0.186746E+08  0.186734E+08  0.353906E+04  0.292081E+03  0.000000E+00  0.186745E+08  0.186745E+08  0.186745E+08 -0.441001E+00  0.968301E+07  0.968299E+07  0.129567E+01
  0.334211E-02  0.186498E+08  0.186485E+08 -0.185133E+03 -0.233161E+04  0.000000E+00  0.186496E+08  0.186496E+08  0.186496E+08 -0.440414E+00  0.967011E+07  0.967009E+07  0.131155E+01
  0.339474E-02  0.186245E+08  0.186232E+08 -0.240832E+04 -0.350524E+04  0.000000E+00  0.186243E+08  0.186243E+08  0.186243E+08 -0.439816E+00  0.965698E+07  0.965697E+07  0.132761E+01
  0.344820E-02  0.185987E+08  0.185974E+08 -0.295275E+04 -0.318231E+04  0.000000E+00  0.185985E+08  0.185985E+08  0.185985E+08 -0.439208E+00  0.964363E+07  0.964362E+07  0.134385E+01
  0.350250E-02  0.185726E+08  0.185712E+08 -0.204898E+04 -0.168332E+04  0.000000E+00  0.185723E+08  0.185723E+08  0.185723E+08 -0.438590E+00  0.963005E+07  0.963003E+07  0.136027E+01
  0.355766E-02  0.185459E+08  0.185445E+08 -0.277717E+03  0.380516E+03  0.000000E+00  0.185457E+08  0.185457E+08  0.185457E+08 -0.437960E+00  0.961624E+07  0.961622E+07  0.137687E+01
  0.361368E-02  0.185188E+08  0.185174E+08  0.158496E+04  0.226583E+04  0.000000E+00  0.185186E+08  0.185186E+08  0.185186E+08 -0.437321E+00  0.960218E+07  0.960217E+07  0.139366E+01
  0.367059E-02  0.184913E+08  0.184898E+08  0.278325E+04  0.330045E+04  0.000000E+00  0.184911E+08  0.184911E+08  0.184911E+08 -0.436670E+00  0.958790E+07  0.958788E+07  0.141064E+01
  0.372839E-02  0.184633E+08  0.184617E+08  0.280105E+04  0.307652E+04  0.000000E+00  0.184630E+08  0.184630E+08  0.184630E+08 -0.436008E+00  0.957337E+07  0.957335E+07  0.142780E+01
  0.378711E-02  0.184348E+08  0.184332E+08  0.151964E+04  0.157502E+04  0.000000E+00  0.184346E+08  0.184346E+08  0.184346E+08 -0.435335E+00  0.955859E+07  0.955858E+07  0.144516E+01
  0.384675E-02  0.184058E+08  0.184042E+08 -0.740125E+03 -0.822031E+03  0.000000E+00  0.184056E+08  0.184056E+08  0.184056E+08 -0.434651E+00  0.954357E+07  0.954356E+07  0.146271E+01
  0.390732E-02  0.183764E+08  0.183747E+08 -0.331459E+04 -0.344493E+04  0.000000E+00  0.183761E+08  0.183761E+08  0.183761E+08 -0.433956E+00  0.952830E+07  0.952828E+07  0.148045E+01
  0.396886E-02  0.183465E+08  0.183447E+08 -0.541329E+04 -0.554861E+04  0.000000E+00  0.183462E+08  0.183462E+08  0.183462E+08 -0.433249E+00  0.951278E+07  0.951276E+07  0.149838E+01
  0.403136E-02  0.183161E+08  0.183142E+08 -0.639114E+04 -0.656047E+04  0.000000E+00  0.183158E+08  0.183158E+08  0.183158E+08 -0.432530E+00  0.949700E+07  0.949698E+07  0.151651E+01
  0.409484E-02  0.182851E+08  0.182833E+08 -0.598641E+04 -0.628105E+04  0.000000E+00  0.182848E+08  0.182848E+08  0.182848E+08 -0.431800E+00  0.948096E+07  0.948094E+07  0.153484E+01
  0.415932E-02  0.182537E+08  0.182518E+08 -0.443481E+04 -0.496200E+04  0.000000E+00  0.182534E+08  0.182534E+08  0.182534E+08 -0.431057E+00  0.946466E+07  0.946464E+07  0.155337E+01
  0.422482E-02  0.182218E+08  0.182198E+08 -0.240487E+04 -0.322262E+04  0.000000E+00  0.182215E+08  0.182215E+08  0.182215E+08 -0.430303E+00  0.944810E+07  0.944808E+07  0.157210E+01
  0.429136E-02  0.181893E+08  0.181873E+08 -0.761692E+03 -0.182354E+04  0.000000E+00  0.181890E+08  0.181890E+08  0.181890E+08 -0.429536E+00  0.943127E+07  0.943125E+07  0.159103E+01
  0.435893E-02  0.181564E+08  0.181543E+08 -0.234714E+03 -0.137443E+04  0.000000E+00  0.181560E+08  0.181560E+08  0.181560E+08 -0.428758E+00  0.941417E+07  0.941415E+07  0.161017E+01
  0.442758E-02  0.181229E+08  0.181207E+08 -0.111483E+04 -0.208791E+04  0.000000E+00  0.181225E+08  0.181225E+08  0.181225E+08 -0.427966E+00  0.939679E+07  0.939677E+07  0.162951E+01
  0.449730E-02  0.180889E+08  0.180866E+08 -0.311029E+04 -0.368555E+04  0.000000E+00  0.180885E+08  0.180885E+08  0.180885E+08 -0.427162E+00  0.937914E+07  0.937912E+07  0.164906E+01
  0.456812E-02  0.180543E+08  0.180520E+08 -0.544020E+04 -0.550840E+04  0.000000E+00  0.180539E+08  0.180539E+08  0.180539E+08 -0.426346E+00  0.936122E+07  0.936119E+07  0.166882E+01
  0.464006E-02  0.180192E+08  0.180168E+08 -0.714961E+04 -0.679977E+04  0.000000E+00  0.180188E+08  0.180188E+08  0.180188E+08 -0.425517E+00  0.934300E+07  0.934298E+07  0.168879E+01
  0.471313E-02  0.179835E+08  0.179811E+08 -0.752722E+04 -0.704571E+04  0.000000E+00  0.179831E+08  0.179831E+08  0.179831E+08 -0.424674E+00  0.932451E+07  0.932448E+07  0.170897E+01
  0.478735E-02  0.179473E+08  0.179448E+08 -0.644263E+04 -0.621868E+04  0.000000E+00  0.179469E+08  0.179469E+08  0.179469E+08 -0.423819E+00  0.930572E+07  0.930570E+07  0.172936E+01
  0.486274E-02  0.179105E+08  0.179079E+08 -0.443389E+04 -0.479926E+04  0.000000E+00  0.179101E+08  0.179101E+08  0.179101E+08 -0.422950E+00  0.928665E+07  0.928662E+07  0.174996E+01
  0.493932E-02  0.178732E+08  0.178705E+08 -0.247658E+04 -0.354762E+04  0.000000E+00  0.178728E+08  0.178728E+08  0.178728E+08 -0.422068E+00  0.926728E+07  0.926725E+07  0.177078E+01
  0.501710E-02  0.178353E+08  0.178325E+08 -0.151808E+04 -0.312163E+04  0.000000E+00  0.178348E+08  0.178348E+08  0.178348E+08 -0.421172E+00  0.924762E+07  0.924759E+07  0.179182E+01
  0.509611E-02  0.177968E+08  0.177940E+08 -0.199386E+04 -0.373084E+04  0.000000E+00  0.177964E+08  0.177964E+08  0.177963E+08 -0.420263E+00  0.922765E+07  0.922762E+07  0.181307E+01
  0.517636E-02  0.177577E+08  0.177548E+08 -0.358077E+04 -0.501656E+04  0.000000E+00  0.177573E+08  0.177573E+08  0.177573E+08 -0.419340E+00  0.920738E+07  0.920736E+07  0.183454E+01
  0.525788E-02  0.177181E+08  0.177151E+08 -0.534518E+04 -0.624297E+04  0.000000E+00  0.177176E+08  0.177176E+08  0.177176E+08 -0.418403E+00  0.918681E+07  0.918678E+07  0.185623E+01
  0.534068E-02  0.176778E+08  0.176747E+08 -0.624070E+04 -0.671340E+04  0.000000E+00  0.176773E+08  0.176773E+08  0.176773E+08 -0.417452E+00  0.916593E+07  0.916590E+07  0.187814E+01
  0.542478E-02  0.176370E+08  0.176338E+08 -0.570184E+04 -0.618253E+04  0.000000E+00  0.176365E+08  0.176365E+08  0.176365E+08 -0.416487E+00  0.914474E+07  0.914471E+07  0.190027E+01
  0.551021E-02  0.175955E+08  0.175922E+08 -0.399135E+04 -0.501277E+04  0.000000E+00  0.175950E+08  0.175950E+08  0.175950E+08 -0.415508E+00  0.912324E+07  0.912320E+07  0.192263E+01
  0.559698E-02  0.175534E+08  0.175500E+08 -0.206843E+04 -0.395677E+04  0.000000E+00  0.175529E+08  0.175529E+08  0.175529E+08 -0.414514E+00  0.910141E+07  0.910138E+07  0.194520E+01
  0.568512E-02  0.175108E+08  0.175073E+08 -0.101955E+04 -0.367814E+04  0.000000E+00  0.175102E+08  0.175102E+08  0.175102E+08 -0.413505E+00  0.907927E+07  0.907924E+07  0.196800E+01
  0.577465E-02  0.174674E+08  0.174638E+08 -0.138140E+04 -0.430992E+04  0.000000E+00  0.174669E+08  0.174669E+08  0.174669E+08 -0.412482E+00  0.905680E+07  0.905677E+07  0.199102E+01
  0.586559E-02  0.174235E+08  0.174198E+08 -0.279487E+04 -0.526780E+04  0.000000E+00  0.174229E+08  0.174229E+08  0.174229E+08 -0.411444E+00  0.903401E+07  0.903398E+07  0.201426E+01
  0.595796E-02  0.173789E+08  0.173751E+08 -0.424939E+04 -0.482155E+04  0.000000E+00  0.173783E+08  0.173783E+08  0.173783E+08 -0.410391E+00  0.901089E+07  0.901086E+07  0.203773E+01
  0.605178E-02  0.173337E+08  0.173298E+08 -0.478743E+04 -0.195572E+04  0.000000E+00  0.173331E+08  0.173331E+08  0.173331E+08 -0.409323E+00  0.898744E+07  0.898740E+07  0.206142E+01
  0.614708E-02  0.172879E+08  0.172838E+08 -0.419002E+04  0.230687E+04  0.000000E+00  0.172872E+08  0.172872E+08  0.172872E+08 -0.408240E+00  0.896366E+07  0.896362E+07  0.208534E+01
  0.624388E-02  0.172414E+08  0.172372E+08 -0.312825E+04  0.586140E+04  0.000000E+00  0.172407E+08  0.172407E+08  0.172407E+08 -0.407141E+00  0.893953E+07  0.893949E+07  0.210947E+01
  0.634221E-02  0.171942E+08  0.171899E+08 -0.262683E+04  0.719394E+04  0.000000E+00  0.171935E+08  0.171935E+08  0.171935E+08 -0.406027E+00  0.891507E+07  0.891503E+07  0.213384E+01
  0.644209E-02  0.171464E+08  0.171420E+08 -0.322023E+04  0.648492E+04  0.000000E+00  0.171457E+08  0.171457E+08  0.171457E+08 -0.404897E+00  0.889026E+07  0.889022E+07  0.215842E+01
  0.654354E-02  0.170979E+08  0.170933E+08 -0.447617E+04  0.532942E+04  0.000000E+00  0.170972E+08  0.170972E+08  0.170972E+08 -0.403751E+00  0.886511E+07  0.886507E+07  0.218323E+01
  0.664658E-02  0.170487E+08  0.170440E+08 -0.532237E+04  0.535378E+04  0.000000E+00  0.170480E+08  0.170480E+08  0.170480E+08 -0.402590E+00  0.883961E+07  0.883956E+07  0.220826E+01
  0.675125E-02  0.169989E+08  0.169941E+08 -0.495885E+04  0.689405E+04  0.000000E+00  0.169981E+08  0.169981E+08  0.169981E+08 -0.401413E+00  0.881375E+07  0.881371E+07  0.223352E+01
  0.685757E-02  0.169484E+08  0.169434E+08 -0.358914E+04  0.884004E+04  0.000000E+00  0.169476E+08  0.169476E+08  0.169476E+08 -0.400219E+00  0.878754E+07  0.878750E+07  0.225899E+01
  0.696556E-02  0.168972E+08  0.168920E+08 -0.228680E+04  0.974326E+04  0.000000E+00  0.168963E+08  0.168963E+08  0.168963E+08 -0.399009E+00  0.876098E+07  0.876093E+07  0.228468E+01
  0.707525E-02  0.168453E+08  0.168400E+08 -0.205374E+04  0.916653E+04  0.000000E+00  0.168444E+08  0.168444E+08  0.168444E+08 -0.397783E+00  0.873405E+07  0.873400E+07  0.231059E+01
  0.718667E-02  0.167926E+08  0.167872E+08 -0.290925E+04  0.802827E+04  0.000000E+00  0.167918E+08  0.167918E+08  0.167918E+08 -0.396540E+00  0.870676E+07  0.870671E+07  0.233671E+01
  0.729984E-02  0.167393E+08  0.167338E+08 -0.389484E+04  0.763431E+04  0.000000E+00  0.167384E+08  0.167384E+08  0.167384E+08 -0.395280E+00  0.867910E+07  0.867905E+07  0.236305E+01
  0.741480E-02  0.166853E+08  0.166796E+08 -0.403005E+04  0.836716E+04  0.000000E+00  0.166844E+08  0.166844E+08  0.166844E+08 -0.394004E+00  0.865108E+07  0.865102E+07  0.238960E+01
  0.753156E-02  0.166306E+08  0.166247E+08 -0.327382E+04  0.936313E+04  0.000000E+00  0.166296E+08  0.166296E+08  0.166296E+08 -0.392710E+00  0.862268E+07  0.862262E+07  0.241636E+01
  0.765017E-02  0.165751E+08  0.165690E+08 -0.248079E+04  0.950710E+04  0.000000E+00  0.165741E+08  0.165741E+08  0.165741E+08 -0.391400E+00  0.859390E+07  0.859385E+07  0.244333E+01
  0.777064E-02  0.165189E+08  0.165127E+08 -0.239151E+04  0.866751E+04  0.000000E+00  0.165179E+08  0.165179E+08  0.165179E+08 -0.390072E+00  0.856475E+07  0.856470E+07  0.247050E+01
  0.789301E-02  0.164620E+08  0.164555E+08 -0.279704E+04  0.779820E+04  0.000000E+00  0.164610E+08  0.164610E+08  0.164610E+08 -0.388727E+00  0.853522E+07  0.853516E+07  0.249788E+01
  0.801731E-02  0.164043E+08  0.163977E+08 -0.286930E+04  0.778701E+04  0.000000E+00  0.164033E+08  0.164033E+08  0.164033E+08 -0.387365E+00  0.850530E+07  0.850524E+07  0.252545E+01
  0.814356E-02  0.163459E+08  0.163391E+08 -0.226748E+04  0.840609E+04  0.000000E+00  0.163448E+08  0.163448E+08  0.163448E+08 -0.385985E+00  0.847500E+07  0.847494E+07  0.255321E+01
  0.827180E-02  0.162868E+08  0.162797E+08 -0.161295E+04  0.864552E+04  0.000000E+00  0.162856E+08  0.162856E+08  0.162856E+08 -0.384587E+00  0.844431E+07  0.844425E+07  0.258117E+01
  0.840207E-02  0.162268E+08  0.162196E+08 -0.165937E+04  0.802733E+04  0.000000E+00  0.162257E+08  0.162257E+08  0.162257E+08 -0.383171E+00  0.841323E+07  0.841316E+07  0.260931E+01
  0.853438E-02  0.161662E+08  0.161587E+08 -0.222562E+04  0.721134E+04  0.000000E+00  0.161650E+08  0.161650E+08  0.161650E+08 -0.381737E+00  0.838175E+07  0.838168E+07  0.263763E+01
  0.866877E-02  0.161047E+08  0.160971E+08 -0.241014E+04  0.707213E+04  0.000000E+00  0.161035E+08  0.161035E+08  0.161035E+08 -0.380286E+00  0.834988E+07  0.834981E+07  0.266613E+01
  0.880529E-02  0.160425E+08  0.160347E+08 -0.190221E+04  0.748712E+04  0.000000E+00  0.160413E+08  0.160413E+08  0.160413E+08 -0.378816E+00  0.831760E+07  0.831753E+07  0.269480E+01
  0.894395E-02  0.159795E+08  0.159714E+08 -0.152251E+04  0.754532E+04  0.000000E+00  0.159782E+08  0.159782E+08  0.159782E+08 -0.377327E+00  0.828492E+07  0.828485E+07  0.272364E+01
  0.908480E-02  0.159157E+08  0.159074E+08 -0.204638E+04  0.690473E+04  0.000000E+00  0.159144E+08  0.159144E+08  0.159144E+08 -0.375820E+00  0.825184E+07  0.825176E+07  0.275263E+01
  0.922786E-02  0.158512E+08  0.158426E+08 -0.292932E+04  0.629190E+04  0.000000E+00  0.158498E+08  0.158498E+08  0.158498E+08 -0.374295E+00  0.821834E+07  0.821826E+07  0.278178E+01
  0.937318E-02  0.157858E+08  0.157771E+08 -0.296129E+04  0.635186E+04  0.000000E+00  0.157844E+08  0.157844E+08  0.157844E+08 -0.372751E+00  0.818443E+07  0.818435E+07  0.281107E+01
  0.952079E-02  0.157197E+08  0.157107E+08 -0.205444E+04  0.662751E+04  0.000000E+00  0.157182E+08  0.157182E+08  0.157182E+08 -0.371188E+00  0.815011E+07  0.815003E+07  0.284050E+01
  0.967072E-02  0.156527E+08  0.156434E+08 -0.141414E+04  0.633435E+04  0.000000E+00  0.156512E+08  0.156512E+08  0.156512E+08 -0.369606E+00  0.811537E+07  0.811529E+07  0.287006E+01
  0.982301E-02  0.155850E+08  0.155754E+08 -0.169947E+04  0.568402E+04  0.000000E+00  0.155834E+08  0.155834E+08  0.155834E+08 -0.368004E+00  0.808022E+07  0.808013E+07  0.289974E+01
  0.997770E-02  0.155164E+08  0.155066E+08 -0.208944E+04  0.549747E+04  0.000000E+00  0.155148E+08  0.155148E+08  0.155148E+08 -0.366384E+00  0.804463E+07  0.804455E+07  0.292953E+01
  0.101348E-01  0.154470E+08  0.154369E+08 -0.180338E+04  0.574177E+04  0.000000E+00  0.154454E+08  0.154454E+08  0.154454E+08 -0.364744E+00  0.800863E+07  0.800854E+07  0.295942E+01
  0.102944E-01  0.153768E+08  0.153664E+08 -0.142266E+04  0.561001E+04  0.000000E+00  0.153751E+08  0.153751E+08  0.153751E+08 -0.363084E+00  0.797219E+07  0.797210E+07  0.298941E+01
  0.104565E-01  0.153057E+08  0.152951E+08 -0.165288E+04  0.503953E+04  0.000000E+00  0.153040E+08  0.153040E+08  0.153040E+08 -0.361405E+00  0.793533E+07  0.793523E+07  0.301947E+01
  0.106212E-01  0.152338E+08  0.152229E+08 -0.187540E+04  0.481486E+04  0.000000E+00  0.152321E+08  0.152321E+08  0.152321E+08 -0.359707E+00  0.789803E+07  0.789793E+07  0.304961E+01
  0.107885E-01  0.151611E+08  0.151498E+08 -0.134587E+04  0.501520E+04  0.000000E+00  0.151593E+08  0.151593E+08  0.151593E+08 -0.357988E+00  0.786029E+07  0.786019E+07  0.307980E+01
  0.109584E-01  0.150875E+08  0.150760E+08 -0.761387E+03  0.487247E+04  0.000000E+00  0.150857E+08  0.150857E+08  0.150857E+08 -0.356249E+00  0.782212E+07  0.782202E+07  0.311004E+01
  0.111309E-01  0.150131E+08  0.150012E+08 -0.988479E+03  0.436787E+04  0.000000E+00  0.150112E+08  0.150112E+08  0.150112E+08 -0.354491E+00  0.778351E+07  0.778340E+07  0.314031E+01
  0.113062E-01  0.149378E+08  0.149256E+08 -0.140961E+04  0.425338E+04  0.000000E+00  0.149359E+08  0.149359E+08  0.149359E+08 -0.352712E+00  0.774445E+07  0.774434E+07  0.317060E+01
  0.114843E-01  0.148617E+08  0.148492E+08 -0.126163E+04  0.441406E+04  0.000000E+00  0.148597E+08  0.148597E+08  0.148597E+08 -0.350913E+00  0.770494E+07  0.770483E+07  0.320089E+01
  0.116651E-01  0.147847E+08  0.147718E+08 -0.111903E+04  0.414370E+04  0.000000E+00  0.147826E+08  0.147826E+08  0.147826E+08 -0.349093E+00  0.766499E+07  0.766488E+07  0.323116E+01
  0.118488E-01  0.147068E+08  0.146936E+08 -0.142828E+04  0.375249E+04  0.000000E+00  0.147047E+08  0.147047E+08  0.147047E+08 -0.347253E+00  0.762459E+07  0.762447E+07  0.326141E+01
  0.120354E-01  0.146281E+08  0.146145E+08 -0.154022E+04  0.382341E+04  0.000000E+00  0.146259E+08  0.146259E+08  0.146259E+08 -0.345392E+00  0.758373E+07  0.758361E+07  0.329161E+01
  0.122249E-01  0.145485E+08  0.145345E+08 -0.131906E+04  0.382979E+04  0.000000E+00  0.145462E+08  0.145462E+08  0.145462E+08 -0.343511E+00  0.754242E+07  0.754230E+07  0.332174E+01
  0.124174E-01  0.144680E+08  0.144537E+08 -0.127022E+04  0.343814E+04  0.000000E+00  0.144657E+08  0.144657E+08  0.144657E+08 -0.341608E+00  0.750065E+07  0.750053E+07  0.335179E+01
  0.126130E-01  0.143866E+08  0.143719E+08 -0.109308E+04  0.332289E+04  0.000000E+00  0.143842E+08  0.143842E+08  0.143842E+08 -0.339685E+00  0.745842E+07  0.745829E+07  0.338174E+01
  0.128116E-01  0.143043E+08  0.142892E+08 -0.713335E+03  0.343638E+04  0.000000E+00  0.143019E+08  0.143019E+08  0.143019E+08 -0.337741E+00  0.741573E+07  0.741560E+07  0.341156E+01
  0.130134E-01  0.142212E+08  0.142057E+08 -0.952657E+03  0.315651E+04  0.000000E+00  0.142187E+08  0.142187E+08  0.142187E+08 -0.335775E+00  0.737258E+07  0.737245E+07  0.344124E+01
  0.132183E-01  0.141371E+08  0.141212E+08 -0.132159E+04  0.293796E+04  0.000000E+00  0.141346E+08  0.141346E+08  0.141346E+08 -0.333789E+00  0.732896E+07  0.732882E+07  0.347074E+01
  0.134265E-01  0.140521E+08  0.140358E+08 -0.807948E+03  0.305441E+04  0.000000E+00  0.140495E+08  0.140495E+08  0.140495E+08 -0.331781E+00  0.728488E+07  0.728474E+07  0.350006E+01
  0.136379E-01  0.139663E+08  0.139496E+08 -0.437474E+03  0.285979E+04  0.000000E+00  0.139636E+08  0.139636E+08  0.139636E+08 -0.329752E+00  0.724033E+07  0.724018E+07  0.352915E+01
  0.138527E-01  0.138795E+08  0.138624E+08 -0.781848E+03  0.262302E+04  0.000000E+00  0.138768E+08  0.138768E+08  0.138768E+08 -0.327701E+00  0.719530E+07  0.719516E+07  0.355800E+01
  0.140708E-01  0.137919E+08  0.137743E+08 -0.726432E+03  0.272454E+04  0.000000E+00  0.137891E+08  0.137891E+08  0.137891E+08 -0.325630E+00  0.714981E+07  0.714966E+07  0.358659E+01
  0.142924E-01  0.137033E+08  0.136853E+08 -0.680798E+03  0.255411E+04  0.000000E+00  0.137004E+08  0.137004E+08  0.137004E+08 -0.323536E+00  0.710385E+07  0.710369E+07  0.361487E+01
  0.145175E-01  0.136138E+08  0.135953E+08 -0.109943E+04  0.235149E+04  0.000000E+00  0.136109E+08  0.136109E+08  0.136109E+08 -0.321421E+00  0.705741E+07  0.705725E+07  0.364283E+01
  0.147461E-01  0.135234E+08  0.135045E+08 -0.908474E+03  0.244462E+04  0.000000E+00  0.135204E+08  0.135204E+08  0.135204E+08 -0.319285E+00  0.701050E+07  0.701034E+07  0.367043E+01
  0.149783E-01  0.134321E+08  0.134127E+08 -0.701259E+03  0.224933E+04  0.000000E+00  0.134290E+08  0.134290E+08  0.134290E+08 -0.317127E+00  0.696312E+07  0.696296E+07  0.369764E+01
  0.152142E-01  0.133399E+08  0.133200E+08 -0.906897E+03  0.212532E+04  0.000000E+00  0.133367E+08  0.133367E+08  0.133367E+08 -0.314947E+00  0.691527E+07  0.691510E+07  0.372443E+01
  0.154538E-01  0.132467E+08  0.132264E+08 -0.542601E+03  0.218916E+04  0.000000E+00  0.132435E+08  0.132435E+08  0.132435E+08 -0.312746E+00  0.686694E+07  0.686676E+07  0.375077E+01
  0.156971E-01  0.131527E+08  0.131318E+08 -0.465292E+03  0.196012E+04  0.000000E+00  0.131494E+08  0.131494E+08  0.131494E+08 -0.310523E+00  0.681813E+07  0.681795E+07  0.377661E+01
  0.159443E-01  0.130577E+08  0.130363E+08 -0.736575E+03  0.195217E+04  0.000000E+00  0.130543E+08  0.130543E+08  0.130543E+08 -0.308279E+00  0.676886E+07  0.676867E+07  0.380193E+01
  0.161954E-01  0.129619E+08  0.129400E+08 -0.511399E+03  0.191900E+04  0.000000E+00  0.129584E+08  0.129584E+08  0.129584E+08 -0.306013E+00  0.671911E+07  0.671892E+07  0.382669E+01
  0.164504E-01  0.128651E+08  0.128427E+08 -0.445074E+03  0.173012E+04  0.000000E+00  0.128615E+08  0.128615E+08  0.128615E+08 -0.303726E+00  0.666889E+07  0.666870E+07  0.385084E+01
  0.167095E-01  0.127674E+08  0.127445E+08 -0.319061E+03  0.179748E+04  0.000000E+00  0.127638E+08  0.127638E+08  0.127638E+08 -0.301418E+00  0.661820E+07  0.661801E+07  0.387435E+01
  0.169726E-01  0.126689E+08  0.126454E+08 -0.545334E+03  0.163107E+04  0.000000E+00  0.126651E+08  0.126651E+08  0.126651E+08 -0.299088E+00  0.656704E+07  0.656685E+07  0.389717E+01
  0.172399E-01  0.125694E+08  0.125453E+08 -0.821013E+03  0.160233E+04  0.000000E+00  0.125656E+08  0.125656E+08  0.125656E+08 -0.296737E+00  0.651542E+07  0.651522E+07  0.391927E+01
  0.175114E-01  0.124690E+08  0.124444E+08 -0.440736E+03  0.157223E+04  0.000000E+00  0.124651E+08  0.124651E+08  0.124651E+08 -0.294364E+00  0.646334E+07  0.646313E+07  0.394060E+01
  0.177872E-01  0.123678E+08  0.123426E+08 -0.627622E+03  0.143167E+04  0.000000E+00  0.123638E+08  0.123638E+08  0.123638E+08 -0.291971E+00  0.641080E+07  0.641058E+07  0.396111E+01
  0.180673E-01  0.122657E+08  0.122399E+08 -0.407985E+03  0.147986E+04  0.000000E+00  0.122616E+08  0.122616E+08  0.122616E+08 -0.289558E+00  0.635780E+07  0.635758E+07  0.398076E+01
  0.183518E-01  0.121627E+08  0.121364E+08 -0.308663E+03  0.131725E+04  0.000000E+00  0.121585E+08  0.121585E+08  0.121585E+08 -0.287123E+00  0.630435E+07  0.630413E+07  0.399950E+01
  0.186408E-01  0.120588E+08  0.120319E+08 -0.464217E+03  0.135630E+04  0.000000E+00  0.120545E+08  0.120545E+08  0.120545E+08 -0.284668E+00  0.625045E+07  0.625022E+07  0.401728E+01
  0.189343E-01  0.119541E+08  0.119266E+08 -0.267275E+03  0.123537E+04  0.000000E+00  0.119497E+08  0.119497E+08  0.119497E+08 -0.282194E+00  0.619611E+07  0.619588E+07  0.403405E+01
  0.192325E-01  0.118485E+08  0.118205E+08 -0.400436E+03  0.122999E+04  0.000000E+00  0.118441E+08  0.118441E+08  0.118441E+08 -0.279699E+00  0.614133E+07  0.614110E+07  0.404977E+01
  0.195354E-01  0.117422E+08  0.117135E+08 -0.168648E+03  0.116039E+04  0.000000E+00  0.117376E+08  0.117376E+08  0.117376E+08 -0.277184E+00  0.608612E+07  0.608588E+07  0.406437E+01
  0.198430E-01  0.116350E+08  0.116057E+08 -0.532997E+03  0.111770E+04  0.000000E+00  0.116303E+08  0.116303E+08  0.116303E+08 -0.274651E+00  0.603049E+07  0.603025E+07  0.407780E+01
  0.201555E-01  0.115270E+08  0.114971E+08 -0.476842E+03  0.108254E+04  0.000000E+00  0.115222E+08  0.115222E+08  0.115222E+08 -0.272098E+00  0.597445E+07  0.597420E+07  0.409001E+01
  0.204729E-01  0.114182E+08  0.113878E+08 -0.333305E+03  0.102222E+04  0.000000E+00  0.114134E+08  0.114134E+08  0.114134E+08 -0.269527E+00  0.591800E+07  0.591774E+07  0.410095E+01
  0.207953E-01  0.113086E+08  0.112776E+08 -0.257860E+03  0.100176E+04  0.000000E+00  0.113037E+08  0.113037E+08  0.113037E+08 -0.266938E+00  0.586114E+07  0.586089E+07  0.411056E+01
  0.211228E-01  0.111984E+08  0.111667E+08 -0.297526E+03  0.941170E+03  0.000000E+00  0.111933E+08  0.111933E+08  0.111933E+08 -0.264331E+00  0.580391E+07  0.580365E+07  0.411877E+01
  0.214554E-01  0.110873E+08  0.110551E+08 -0.180213E+03  0.919841E+03  0.000000E+00  0.110822E+08  0.110822E+08  0.110822E+08 -0.261707E+00  0.574629E+07  0.574602E+07  0.412554E+01
  0.217933E-01  0.109756E+08  0.109427E+08 -0.311325E+03  0.872346E+03  0.000000E+00  0.109704E+08  0.109704E+08  0.109704E+08 -0.259066E+00  0.568831E+07  0.568804E+07  0.413080E+01
  0.221365E-01  0.108632E+08  0.108297E+08 -0.139111E+03  0.837745E+03  0.000000E+00  0.108579E+08  0.108579E+08  0.108579E+08 -0.256409E+00  0.562997E+07  0.562970E+07  0.413450E+01
  0.224851E-01  0.107501E+08  0.107161E+08 -0.335879E+03  0.814010E+03  0.000000E+00  0.107447E+08  0.107447E+08  0.107447E+08 -0.253737E+00  0.557130E+07  0.557102E+07  0.413657E+01
  0.228392E-01  0.106364E+08  0.106018E+08 -0.336699E+03  0.757292E+03  0.000000E+00  0.106309E+08  0.106309E+08  0.106309E+08 -0.251050E+00  0.551230E+07  0.551201E+07  0.413696E+01
  0.231988E-01  0.105221E+08  0.104869E+08 -0.287187E+03  0.761746E+03  0.000000E+00  0.105165E+08  0.105165E+08  0.105165E+08 -0.248348E+00  0.545299E+07  0.545270E+07  0.413560E+01
  0.235642E-01  0.104073E+08  0.103714E+08 -0.106771E+03  0.685044E+03  0.000000E+00  0.104016E+08  0.104016E+08  0.104016E+08 -0.245634E+00  0.539338E+07  0.539309E+07  0.413244E+01
  0.239353E-01  0.102919E+08  0.102554E+08 -0.238043E+03  0.705179E+03  0.000000E+00  0.102861E+08  0.102861E+08  0.102861E+08 -0.242906E+00  0.533350E+07  0.533320E+07  0.412742E+01
  0.243122E-01  0.101760E+08  0.101389E+08 -0.134075E+03  0.632662E+03  0.000000E+00  0.101701E+08  0.101701E+08  0.101701E+08 -0.240167E+00  0.527336E+07  0.527306E+07  0.412047E+01
  0.246950E-01  0.100596E+08  0.100220E+08 -0.184116E+03  0.633551E+03  0.000000E+00  0.100536E+08  0.100536E+08  0.100536E+08 -0.237418E+00  0.521298E+07  0.521268E+07  0.411154E+01
  0.250839E-01  0.994286E+07  0.990466E+07 -0.186984E+03  0.602972E+03  0.000000E+00  0.993678E+07  0.993678E+07  0.993678E+07 -0.234658E+00  0.515238E+07  0.515208E+07  0.410057E+01
  0.254789E-01  0.982570E+07  0.978694E+07 -0.262189E+03  0.557108E+03  0.000000E+00  0.981953E+07  0.981953E+07  0.981953E+07 -0.231889E+00  0.509159E+07  0.509128E+07  0.408750E+01
  0.258802E-01  0.970821E+07  0.966890E+07 -0.203285E+03  0.568774E+03  0.000000E+00  0.970195E+07  0.970195E+07  0.970195E+07 -0.229112E+00  0.503063E+07  0.503031E+07  0.407228E+01
  0.262877E-01  0.959043E+07  0.955058E+07 -0.104058E+03  0.512440E+03  0.000000E+00  0.958409E+07  0.958409E+07  0.958409E+07 -0.226329E+00  0.496951E+07  0.496919E+07  0.405486E+01
  0.267017E-01  0.947241E+07  0.943204E+07 -0.121642E+03  0.501196E+03  0.000000E+00  0.946598E+07  0.946598E+07  0.946598E+07 -0.223540E+00  0.490827E+07  0.490795E+07  0.403517E+01
  0.271222E-01  0.935420E+07  0.931333E+07 -0.150341E+03  0.496176E+03  0.000000E+00  0.934770E+07  0.934770E+07  0.934770E+07 -0.220746E+00  0.484694E+07  0.484661E+07  0.401318E+01
  0.275493E-01  0.923586E+07  0.919450E+07 -0.123585E+03  0.445390E+03  0.000000E+00  0.922927E+07  0.922927E+07  0.922927E+07 -0.217950E+00  0.478554E+07  0.478521E+07  0.398882E+01
  0.279832E-01  0.911743E+07  0.907560E+07 -0.164131E+03  0.442536E+03  0.000000E+00  0.911078E+07  0.911078E+07  0.911078E+07 -0.215152E+00  0.472410E+07  0.472376E+07  0.396207E+01
  0.284238E-01  0.899899E+07  0.895671E+07 -0.201157E+03  0.434352E+03  0.000000E+00  0.899226E+07  0.899226E+07  0.899226E+07 -0.212353E+00  0.466264E+07  0.466231E+07  0.393287E+01
  0.288714E-01  0.888059E+07  0.883788E+07 -0.815723E+02  0.391129E+03  0.000000E+00  0.887379E+07  0.887379E+07  0.887379E+07 -0.209555E+00  0.460122E+07  0.460088E+07  0.390118E+01
  0.293261E-01  0.876229E+07  0.871918E+07 -0.752591E+02  0.381897E+03  0.000000E+00  0.875543E+07  0.875543E+07  0.875543E+07 -0.206760E+00  0.453984E+07  0.453950E+07  0.386698E+01
  0.297879E-01  0.864416E+07  0.860067E+07 -0.121147E+03  0.381959E+03  0.000000E+00  0.863723E+07  0.863723E+07  0.863723E+07 -0.203969E+00  0.447856E+07  0.447822E+07  0.383023E+01
  0.302570E-01  0.852626E+07  0.848242E+07 -0.120097E+03  0.350051E+03  0.000000E+00  0.851928E+07  0.851928E+07  0.851928E+07 -0.201183E+00  0.441740E+07  0.441706E+07  0.379091E+01
  0.307335E-01  0.840866E+07  0.836450E+07 -0.116185E+03  0.325187E+03  0.000000E+00  0.840164E+07  0.840164E+07  0.840164E+07 -0.198405E+00  0.435640E+07  0.435605E+07  0.374899E+01
  0.312175E-01  0.829145E+07  0.824699E+07 -0.114959E+03  0.325861E+03  0.000000E+00  0.828437E+07  0.828437E+07  0.828437E+07 -0.195636E+00  0.429560E+07  0.429525E+07  0.370446E+01
  0.317091E-01  0.817468E+07  0.812996E+07 -0.877486E+02  0.318096E+03  0.000000E+00  0.816756E+07  0.816756E+07  0.816756E+07 -0.192878E+00  0.423503E+07  0.423468E+07  0.365730E+01
  0.322084E-01  0.805843E+07  0.801349E+07 -0.780138E+02  0.291483E+03  0.000000E+00  0.805128E+07  0.805128E+07  0.805128E+07 -0.190132E+00  0.417474E+07  0.417439E+07  0.360753E+01
  0.327156E-01  0.794279E+07  0.789766E+07 -0.657523E+02  0.270520E+03  0.000000E+00  0.793561E+07  0.793561E+07  0.793561E+07 -0.187400E+00  0.411476E+07  0.411441E+07  0.355513E+01
  0.332308E-01  0.782782E+07  0.778254E+07 -0.104327E+03  0.266050E+03  0.000000E+00  0.782061E+07  0.782061E+07  0.782061E+07 -0.184684E+00  0.405513E+07  0.405479E+07  0.350013E+01
  0.337541E-01  0.771361E+07  0.766821E+07 -0.103492E+03  0.263956E+03  0.000000E+00  0.770638E+07  0.770638E+07  0.770638E+07 -0.181987E+00  0.399590E+07  0.399556E+07  0.344253E+01
  0.342857E-01  0.760023E+07  0.755477E+07 -0.762253E+02  0.251701E+03  0.000000E+00  0.759300E+07  0.759300E+07  0.759300E+07 -0.179309E+00  0.393711E+07  0.393676E+07  0.338237E+01
  0.348256E-01  0.748777E+07  0.744228E+07 -0.570159E+02  0.232381E+03  0.000000E+00  0.748053E+07  0.748053E+07  0.748053E+07 -0.176653E+00  0.387880E+07  0.387845E+07  0.331968E+01
  0.353740E-01  0.737631E+07  0.733083E+07 -0.657910E+02  0.215576E+03  0.000000E+00  0.736907E+07  0.736907E+07  0.736907E+07 -0.174021E+00  0.382100E+07  0.382066E+07  0.325450E+01
  0.359311E-01  0.726592E+07  0.722050E+07 -0.588380E+02  0.205825E+03  0.000000E+00  0.725869E+07  0.725869E+07  0.725869E+07 -0.171414E+00  0.376377E+07  0.376343E+07  0.318690E+01
  0.364969E-01  0.715668E+07  0.711137E+07 -0.878081E+02  0.201026E+03  0.000000E+00  0.714947E+07  0.714947E+07  0.714947E+07 -0.168835E+00  0.370714E+07  0.370680E+07  0.311692E+01
  0.370716E-01  0.704868E+07  0.700353E+07 -0.593571E+02  0.196973E+03  0.000000E+00  0.704150E+07  0.704150E+07  0.704150E+07 -0.166285E+00  0.365115E+07  0.365081E+07  0.304466E+01
  0.376554E-01  0.694200E+07  0.689705E+07 -0.538150E+02  0.191065E+03  0.000000E+00  0.693484E+07  0.693484E+07  0.693484E+07 -0.163767E+00  0.359585E+07  0.359551E+07  0.297018E+01
  0.382484E-01  0.683670E+07  0.679201E+07 -0.646298E+02  0.182987E+03  0.000000E+00  0.682959E+07  0.682959E+07  0.682959E+07 -0.161281E+00  0.354127E+07  0.354094E+07  0.289360E+01
  0.388508E-01  0.673286E+07  0.668848E+07 -0.743038E+02  0.173671E+03  0.000000E+00  0.672580E+07  0.672580E+07  0.672580E+07 -0.158830E+00  0.348746E+07  0.348713E+07  0.281501E+01
  0.394626E-01  0.663056E+07  0.658654E+07 -0.493144E+02  0.164193E+03  0.000000E+00  0.662355E+07  0.662355E+07  0.662355E+07 -0.156416E+00  0.343444E+07  0.343412E+07  0.273453E+01
  0.400840E-01  0.652986E+07  0.648625E+07 -0.555130E+02  0.155257E+03  0.000000E+00  0.652292E+07  0.652292E+07  0.652292E+07 -0.154039E+00  0.338226E+07  0.338194E+07  0.265230E+01
  0.407152E-01  0.643082E+07  0.638768E+07 -0.468431E+02  0.147163E+03  0.000000E+00  0.642396E+07  0.642396E+07  0.642396E+07 -0.151702E+00  0.333094E+07  0.333063E+07  0.256845E+01
  0.413564E-01  0.633351E+07  0.629089E+07 -0.413780E+02  0.139956E+03  0.000000E+00  0.632673E+07  0.632673E+07  0.632673E+07 -0.149406E+00  0.328053E+07  0.328022E+07  0.248314E+01
  0.420077E-01  0.623798E+07  0.619593E+07 -0.542217E+02  0.133580E+03  0.000000E+00  0.623129E+07  0.623129E+07  0.623129E+07 -0.147152E+00  0.323104E+07  0.323074E+07  0.239654E+01
  0.426692E-01  0.614429E+07  0.610285E+07 -0.491412E+02  0.127964E+03  0.000000E+00  0.613769E+07  0.613769E+07  0.613769E+07 -0.144942E+00  0.318251E+07  0.318222E+07  0.230883E+01
  0.433412E-01  0.605246E+07  0.601170E+07 -0.465122E+02  0.123021E+03  0.000000E+00  0.604598E+07  0.604598E+07  0.604598E+07 -0.142776E+00  0.313495E+07  0.313467E+07  0.222018E+01
  0.440237E-01  0.596255E+07  0.592252E+07 -0.473141E+02  0.118597E+03  0.000000E+00  0.595618E+07  0.595618E+07  0.595618E+07 -0.140656E+00  0.308839E+07  0.308811E+07  0.213081E+01
  0.447169E-01  0.587458E+07  0.583532E+07 -0.453993E+02  0.114377E+03  0.000000E+00  0.586833E+07  0.586833E+07  0.586833E+07 -0.138581E+00  0.304284E+07  0.304257E+07  0.204093E+01
  0.454211E-01  0.578857E+07  0.575014E+07 -0.407565E+02  0.109836E+03  0.000000E+00  0.578245E+07  0.578245E+07  0.578245E+07 -0.136553E+00  0.299831E+07  0.299805E+07  0.195075E+01
  0.461364E-01  0.570454E+07  0.566697E+07 -0.337053E+02  0.104367E+03  0.000000E+00  0.569856E+07  0.569856E+07  0.569856E+07 -0.134572E+00  0.295481E+07  0.295455E+07  0.186051E+01
  0.468630E-01  0.562249E+07  0.558583E+07 -0.420554E+02  0.977202E+02  0.000000E+00  0.561665E+07  0.561665E+07  0.561665E+07 -0.132638E+00  0.291234E+07  0.291209E+07  0.177044E+01
  0.476009E-01  0.554241E+07  0.550670E+07 -0.369175E+02  0.906509E+02  0.000000E+00  0.553673E+07  0.553673E+07  0.553673E+07 -0.130750E+00  0.287090E+07  0.287066E+07  0.168081E+01
  0.483505E-01  0.546429E+07  0.542958E+07 -0.401392E+02  0.850625E+02  0.000000E+00  0.545877E+07  0.545877E+07  0.545877E+07 -0.128909E+00  0.283047E+07  0.283024E+07  0.159186E+01
  0.491120E-01  0.538811E+07  0.535442E+07 -0.114538E+02  0.826289E+02  0.000000E+00  0.538275E+07  0.538275E+07  0.538275E+07 -0.127114E+00  0.279105E+07  0.279083E+07  0.150385E+01
  0.498854E-01  0.531383E+07  0.528119E+07 -0.218216E+02  0.822494E+02  0.000000E+00  0.530864E+07  0.530864E+07  0.530864E+07 -0.125364E+00  0.275262E+07  0.275241E+07  0.141705E+01
  0.506709E-01  0.524140E+07  0.520984E+07 -0.324448E+02  0.797973E+02  0.000000E+00  0.523638E+07  0.523638E+07  0.523638E+07 -0.123657E+00  0.271515E+07  0.271495E+07  0.133173E+01
  0.514689E-01  0.517076E+07  0.514030E+07 -0.313933E+02  0.733670E+02  0.000000E+00  0.516591E+07  0.516591E+07  0.516591E+07 -0.121993E+00  0.267862E+07  0.267842E+07  0.124815E+01
  0.522794E-01  0.510184E+07  0.507249E+07 -0.278549E+02  0.679607E+02  0.000000E+00  0.509717E+07  0.509717E+07  0.509717E+07 -0.120370E+00  0.264297E+07  0.264279E+07  0.116657E+01
  0.531027E-01  0.503457E+07  0.500634E+07 -0.201019E+02  0.678926E+02  0.000000E+00  0.503008E+07  0.503008E+07  0.503008E+07 -0.118786E+00  0.260818E+07  0.260801E+07  0.108728E+01
  0.539389E-01  0.496885E+07  0.494176E+07 -0.253905E+02  0.666874E+02  0.000000E+00  0.496453E+07  0.496453E+07  0.496453E+07 -0.117238E+00  0.257419E+07  0.257403E+07  0.101055E+01
  0.547884E-01  0.490457E+07  0.487861E+07 -0.127954E+02  0.602473E+02  0.000000E+00  0.490044E+07  0.490044E+07  0.490044E+07 -0.115724E+00  0.254096E+07  0.254081E+07  0.936605E+00
  0.556511E-01  0.484163E+07  0.481680E+07 -0.185784E+02  0.582905E+02  0.000000E+00  0.483768E+07  0.483768E+07  0.483768E+07 -0.114242E+00  0.250842E+07  0.250827E+07  0.865708E+00
  0.565275E-01  0.477990E+07  0.475618E+07 -0.339787E+02  0.585205E+02  0.000000E+00  0.477613E+07  0.477613E+07  0.477613E+07 -0.112789E+00  0.247650E+07  0.247636E+07  0.798087E+00
  0.574177E-01  0.471925E+07  0.469663E+07 -0.192520E+02  0.525190E+02  0.000000E+00  0.471565E+07  0.471565E+07  0.471565E+07 -0.111360E+00  0.244514E+07  0.244501E+07  0.733962E+00
  0.583219E-01  0.465954E+07  0.463799E+07 -0.205504E+02  0.522319E+02  0.000000E+00  0.465611E+07  0.465611E+07  0.465611E+07 -0.109954E+00  0.241427E+07  0.241415E+07  0.673536E+00
  0.592403E-01  0.460062E+07  0.458011E+07 -0.289627E+02  0.501207E+02  0.000000E+00  0.459736E+07  0.459736E+07  0.459736E+07 -0.108567E+00  0.238380E+07  0.238369E+07  0.616991E+00
  0.601732E-01  0.454235E+07  0.452283E+07 -0.139357E+02  0.462731E+02  0.000000E+00  0.453924E+07  0.453924E+07  0.453924E+07 -0.107194E+00  0.235366E+07  0.235356E+07  0.564489E+00
  0.611208E-01  0.448455E+07  0.446599E+07 -0.230251E+02  0.467838E+02  0.000000E+00  0.448160E+07  0.448160E+07  0.448160E+07 -0.105833E+00  0.232377E+07  0.232368E+07  0.516164E+00
  0.620833E-01  0.442708E+07  0.440942E+07 -0.251637E+02  0.420054E+02  0.000000E+00  0.442427E+07  0.442427E+07  0.442427E+07 -0.104479E+00  0.229405E+07  0.229396E+07  0.472127E+00
  0.630610E-01  0.436977E+07  0.435296E+07 -0.163947E+02  0.429190E+02  0.000000E+00  0.436710E+07  0.436710E+07  0.436710E+07 -0.103129E+00  0.226440E+07  0.226432E+07  0.432457E+00
  0.640541E-01  0.431248E+07  0.429645E+07 -0.175419E+02  0.385489E+02  0.000000E+00  0.430993E+07  0.430993E+07  0.430993E+07 -0.101779E+00  0.223476E+07  0.223468E+07  0.397202E+00
  0.650628E-01  0.425503E+07  0.423973E+07 -0.105802E+02  0.389100E+02  0.000000E+00  0.425260E+07  0.425260E+07  0.425260E+07 -0.100425E+00  0.220503E+07  0.220496E+07  0.366376E+00
  0.660874E-01  0.419730E+07  0.418264E+07 -0.176777E+02  0.360117E+02  0.000000E+00  0.419496E+07  0.419496E+07  0.419496E+07 -0.990644E-01  0.217515E+07  0.217508E+07  0.339956E+00
  0.671281E-01  0.413913E+07  0.412504E+07 -0.108538E+02  0.343348E+02  0.000000E+00  0.413689E+07  0.413689E+07  0.413689E+07 -0.976929E-01  0.214503E+07  0.214497E+07  0.317884E+00
  0.681852E-01  0.408040E+07  0.406680E+07 -0.977137E+01  0.342491E+02  0.000000E+00  0.407824E+07  0.407824E+07  0.407824E+07 -0.963079E-01  0.211462E+07  0.211456E+07  0.300062E+00
  0.692590E-01  0.402100E+07  0.400781E+07 -0.687181E+01  0.307161E+02  0.000000E+00  0.401890E+07  0.401890E+07  0.401890E+07 -0.949066E-01  0.208386E+07  0.208380E+07  0.286355E+00
  0.703496E-01  0.396083E+07  0.394797E+07 -0.116354E+02  0.302813E+02  0.000000E+00  0.395878E+07  0.395878E+07  0.395878E+07 -0.934868E-01  0.205268E+07  0.205262E+07  0.276587E+00
  0.714575E-01  0.389980E+07  0.388719E+07 -0.166525E+02  0.298549E+02  0.000000E+00  0.389779E+07  0.389779E+07  0.389779E+07 -0.920466E-01  0.202106E+07  0.202100E+07  0.270545E+00
  0.725828E-01  0.383786E+07  0.382542E+07 -0.109059E+02  0.271208E+02  0.000000E+00  0.383588E+07  0.383588E+07  0.383588E+07 -0.905846E-01  0.198896E+07  0.198890E+07  0.267978E+00
  0.737258E-01  0.377499E+07  0.376262E+07 -0.149309E+02  0.254261E+02  0.000000E+00  0.377302E+07  0.377302E+07  0.377302E+07 -0.891001E-01  0.195636E+07  0.195630E+07  0.268598E+00
  0.748868E-01  0.371115E+07  0.369879E+07  0.641905E+00  0.252288E+02  0.000000E+00  0.370919E+07  0.370919E+07  0.370919E+07 -0.875927E-01  0.192327E+07  0.192320E+07  0.272084E+00
  0.760661E-01  0.364639E+07  0.363396E+07 -0.705640E+01  0.246605E+02  0.000000E+00  0.364441E+07  0.364441E+07  0.364441E+07 -0.860629E-01  0.188968E+07  0.188961E+07  0.278083E+00
  0.772640E-01  0.358073E+07  0.356816E+07 -0.575023E+01  0.231902E+02  0.000000E+00  0.357873E+07  0.357873E+07  0.357873E+07 -0.845119E-01  0.185562E+07  0.185556E+07  0.286216E+00
  0.784807E-01  0.351426E+07  0.350150E+07 -0.685717E+01  0.214600E+02  0.000000E+00  0.351223E+07  0.351223E+07  0.351223E+07 -0.829414E-01  0.182114E+07  0.182107E+07  0.296078E+00
  0.797166E-01  0.344707E+07  0.343406E+07 -0.425119E+01  0.199781E+02  0.000000E+00  0.344500E+07  0.344500E+07  0.344500E+07 -0.813539E-01  0.178628E+07  0.178621E+07  0.307250E+00
  0.809719E-01  0.337931E+07  0.336600E+07 -0.756800E+01  0.188056E+02  0.000000E+00  0.337719E+07  0.337719E+07  0.337719E+07 -0.797527E-01  0.175113E+07  0.175105E+07  0.319296E+00
  0.822471E-01  0.331114E+07  0.329750E+07 -0.897986E+01  0.178152E+02  0.000000E+00  0.330897E+07  0.330897E+07  0.330897E+07 -0.781414E-01  0.171575E+07  0.171567E+07  0.331776E+00
  0.835423E-01  0.324273E+07  0.322874E+07 -0.624608E+01  0.168994E+02  0.000000E+00  0.324051E+07  0.324051E+07  0.324051E+07 -0.765247E-01  0.168025E+07  0.168017E+07  0.344251E+00
  0.848579E-01  0.317431E+07  0.315995E+07 -0.889749E+01  0.160272E+02  0.000000E+00  0.317203E+07  0.317203E+07  0.317203E+07 -0.749076E-01  0.164475E+07  0.164466E+07  0.356287E+00
  0.861942E-01  0.310612E+07  0.309138E+07 -0.808364E+01  0.152392E+02  0.000000E+00  0.310377E+07  0.310377E+07  0.310377E+07 -0.732957E-01  0.160936E+07  0.160926E+07  0.367467E+00
  0.875515E-01  0.303839E+07  0.302328E+07 -0.900911E+01  0.146210E+02  0.000000E+00  0.303598E+07  0.303598E+07  0.303598E+07 -0.716950E-01  0.157421E+07  0.157411E+07  0.377397E+00
  0.889303E-01  0.297139E+07  0.295595E+07 -0.804095E+01  0.142151E+02  0.000000E+00  0.296894E+07  0.296894E+07  0.296894E+07 -0.701116E-01  0.153944E+07  0.153934E+07  0.385712E+00
  0.903307E-01  0.290541E+07  0.288966E+07 -0.301978E+01  0.138469E+02  0.000000E+00  0.290290E+07  0.290290E+07  0.290290E+07 -0.685522E-01  0.150520E+07  0.150510E+07  0.392087E+00
  0.917532E-01  0.284070E+07  0.282469E+07 -0.746698E+01  0.130891E+02  0.000000E+00  0.283815E+07  0.283815E+07  0.283815E+07 -0.670231E-01  0.147163E+07  0.147152E+07  0.396242E+00
  0.931981E-01  0.277753E+07  0.276132E+07 -0.129051E+01  0.118403E+02  0.000000E+00  0.277495E+07  0.277495E+07  0.277495E+07 -0.655307E-01  0.143886E+07  0.143875E+07  0.397948E+00
  0.946658E-01  0.271617E+07  0.269982E+07 -0.558431E+01  0.110051E+02  0.000000E+00  0.271357E+07  0.271357E+07  0.271357E+07 -0.640811E-01  0.140704E+07  0.140692E+07  0.397036E+00
  0.961565E-01  0.265685E+07  0.264044E+07 -0.105738E+01  0.110692E+02  0.000000E+00  0.265424E+07  0.265424E+07  0.265424E+07 -0.626800E-01  0.137627E+07  0.137616E+07  0.393400E+00
  0.976708E-01  0.259978E+07  0.258338E+07 -0.130609E+01  0.104039E+02  0.000000E+00  0.259717E+07  0.259717E+07  0.259717E+07 -0.613323E-01  0.134668E+07  0.134657E+07  0.387002E+00
  0.992089E-01  0.254513E+07  0.252884E+07 -0.440608E+01  0.935051E+01  0.000000E+00  0.254254E+07  0.254254E+07  0.254254E+07 -0.600422E-01  0.131835E+07  0.131824E+07  0.377871E+00
  0.100771E+00  0.249305E+07  0.247695E+07 -0.328078E+01  0.956295E+01  0.000000E+00  0.249048E+07  0.249048E+07  0.249048E+07 -0.588129E-01  0.129136E+07  0.129125E+07  0.366108E+00
  0.102358E+00  0.244361E+07  0.242780E+07 -0.469221E+01  0.850965E+01  0.000000E+00  0.244110E+07  0.244110E+07  0.244110E+07 -0.576467E-01  0.126575E+07  0.126565E+07  0.351886E+00
  0.103970E+00  0.239687E+07  0.238143E+07 -0.496038E+01  0.852721E+01  0.000000E+00  0.239442E+07  0.239442E+07  0.239442E+07 -0.565443E-01  0.124155E+07  0.124144E+07  0.335440E+00
  0.105607E+00  0.235281E+07  0.233782E+07 -0.175122E+01  0.771294E+01  0.000000E+00  0.235042E+07  0.235042E+07  0.235042E+07 -0.555054E-01  0.121874E+07  0.121864E+07  0.317070E+00
  0.107270E+00  0.231134E+07  0.229688E+07 -0.102139E+01  0.780817E+01  0.000000E+00  0.230904E+07  0.230904E+07  0.230904E+07 -0.545281E-01  0.119728E+07  0.119718E+07  0.297130E+00
  0.108960E+00  0.227234E+07  0.225848E+07 -0.253830E+01  0.690292E+01  0.000000E+00  0.227014E+07  0.227014E+07  0.227014E+07 -0.536094E-01  0.117711E+07  0.117702E+07  0.276021E+00
  0.110676E+00  0.223562E+07  0.222241E+07 -0.317197E+01  0.702686E+01  0.000000E+00  0.223352E+07  0.223352E+07  0.223352E+07 -0.527447E-01  0.115812E+07  0.115803E+07  0.254177E+00
  0.112418E+00  0.220093E+07  0.218841E+07 -0.426323E+01  0.665828E+01  0.000000E+00  0.219894E+07  0.219894E+07  0.219894E+07 -0.519280E-01  0.114019E+07  0.114011E+07  0.232059E+00
  0.114189E+00  0.216798E+07  0.215617E+07 -0.227455E+01  0.600779E+01  0.000000E+00  0.216610E+07  0.216610E+07  0.216610E+07 -0.511525E-01  0.112316E+07  0.112309E+07  0.210135E+00
  0.115987E+00  0.213643E+07  0.212535E+07 -0.109911E+01  0.590290E+01  0.000000E+00  0.213466E+07  0.213466E+07  0.213466E+07 -0.504102E-01  0.110686E+07  0.110679E+07  0.188870E+00
  0.117813E+00  0.210591E+07  0.209555E+07 -0.228817E+01  0.589319E+01  0.000000E+00  0.210426E+07  0.210426E+07  0.210426E+07 -0.496923E-01  0.109109E+07  0.109103E+07  0.168707E+00
  0.119669E+00  0.207605E+07  0.206638E+07 -0.240426E+01  0.566424E+01  0.000000E+00  0.207451E+07  0.207451E+07  0.207451E+07 -0.489896E-01  0.107566E+07  0.107561E+07  0.150056E+00
  0.121553E+00  0.204644E+07  0.203742E+07 -0.148451E+00  0.532901E+01  0.000000E+00  0.204500E+07  0.204500E+07  0.204500E+07 -0.482928E-01  0.106036E+07  0.106032E+07  0.133274E+00
  0.123467E+00  0.201670E+07  0.200827E+07 -0.112981E+01  0.502036E+01  0.000000E+00  0.201536E+07  0.201536E+07  0.201536E+07 -0.475928E-01  0.104499E+07  0.104495E+07  0.118659E+00
  0.125412E+00  0.198647E+07  0.197857E+07 -0.279046E+01  0.477598E+01  0.000000E+00  0.198522E+07  0.198522E+07  0.198522E+07 -0.468810E-01  0.102936E+07  0.102932E+07  0.106430E+00
  0.127387E+00  0.195544E+07  0.194797E+07 -0.765147E+00  0.459277E+01  0.000000E+00  0.195425E+07  0.195425E+07  0.195425E+07 -0.461497E-01  0.101331E+07  0.101327E+07  0.967247E-01
  0.129393E+00  0.192333E+07  0.191620E+07 -0.155399E+01  0.445219E+01  0.000000E+00  0.192219E+07  0.192219E+07  0.192219E+07 -0.453927E-01  0.996684E+06  0.996649E+06  0.895870E-01
  0.131430E+00  0.188993E+07  0.188306E+07  0.233431E-01  0.428932E+01  0.000000E+00  0.188884E+07  0.188884E+07  0.188884E+07 -0.446051E-01  0.979390E+06  0.979357E+06  0.849690E-01
  0.133500E+00  0.185514E+07  0.184842E+07 -0.322904E+01  0.399168E+01  0.000000E+00  0.185407E+07  0.185407E+07  0.185407E+07 -0.437840E-01  0.961362E+06  0.961329E+06  0.827288E-01
  0.135602E+00  0.181891E+07  0.181225E+07 -0.235852E+01  0.360379E+01  0.000000E+00  0.181785E+07  0.181785E+07  0.181785E+07 -0.429287E-01  0.942583E+06  0.942549E+06  0.826366E-01
  0.137738E+00  0.178131E+07  0.177462E+07 -0.629709E+00  0.348012E+01  0.000000E+00  0.178024E+07  0.178024E+07  0.178024E+07 -0.420405E-01  0.923081E+06  0.923046E+06  0.843833E-01
  0.139907E+00  0.174247E+07  0.173568E+07 -0.107722E+01  0.348900E+01  0.000000E+00  0.174139E+07  0.174139E+07  0.174139E+07 -0.411230E-01  0.902936E+06  0.902900E+06  0.875934E-01
  0.142110E+00  0.170264E+07  0.169569E+07 -0.985287E+00  0.307120E+01  0.000000E+00  0.170154E+07  0.170154E+07  0.170154E+07 -0.401819E-01  0.882273E+06  0.882234E+06  0.918413E-01
  0.144348E+00  0.166214E+07  0.165498E+07 -0.515125E+00  0.306152E+01  0.000000E+00  0.166100E+07  0.166100E+07  0.166100E+07 -0.392247E-01  0.861256E+06  0.861214E+06  0.966714E-01
  0.146621E+00  0.162135E+07  0.161395E+07 -0.955827E+00  0.278587E+01  0.000000E+00  0.162017E+07  0.162017E+07  0.162017E+07 -0.382604E-01  0.840084E+06  0.840040E+06  0.101619E+00
  0.148930E+00  0.158069E+07  0.157305E+07 -0.103612E+01  0.275207E+01  0.000000E+00  0.157947E+07  0.157947E+07  0.157947E+07 -0.372993E-01  0.818982E+06  0.818935E+06  0.106234E+00
  0.151275E+00  0.154061E+07  0.153276E+07 -0.410513E+00  0.242296E+01  0.000000E+00  0.153936E+07  0.153936E+07  0.153936E+07 -0.363522E-01  0.798186E+06  0.798136E+06  0.110102E+00
  0.153658E+00  0.150158E+07  0.149354E+07 -0.214509E+01  0.246129E+01  0.000000E+00  0.150030E+07  0.150030E+07  0.150030E+07 -0.354297E-01  0.777931E+06  0.777879E+06  0.112870E+00
  0.156077E+00  0.146401E+07  0.145584E+07 -0.113751E+01  0.230378E+01  0.000000E+00  0.146271E+07  0.146271E+07  0.146271E+07 -0.345419E-01  0.758438E+06  0.758385E+06  0.114258E+00
  0.158535E+00  0.142826E+07  0.142004E+07 -0.968038E+00  0.205688E+01  0.000000E+00  0.142696E+07  0.142696E+07  0.142696E+07 -0.336976E-01  0.739901E+06  0.739847E+06  0.114084E+00
  0.161032E+00  0.139465E+07  0.138644E+07 -0.275928E+00  0.193169E+01  0.000000E+00  0.139334E+07  0.139334E+07  0.139334E+07 -0.329038E-01  0.722472E+06  0.722418E+06  0.112264E+00
  0.163568E+00  0.136335E+07  0.135524E+07 -0.253551E+00  0.186612E+01  0.000000E+00  0.136206E+07  0.136206E+07  0.136206E+07 -0.321651E-01  0.706251E+06  0.706198E+06  0.108823E+00
  0.166144E+00  0.133444E+07  0.132652E+07 -0.872830E+00  0.179176E+01  0.000000E+00  0.133318E+07  0.133318E+07  0.133318E+07 -0.314832E-01  0.691278E+06  0.691227E+06  0.103891E+00
  0.168760E+00  0.130789E+07  0.130023E+07 -0.748164E+00  0.169440E+01  0.000000E+00  0.130667E+07  0.130667E+07  0.130667E+07 -0.308570E-01  0.677530E+06  0.677480E+06  0.976927E-01
  0.171418E+00  0.128351E+07  0.127618E+07 -0.742987E+00  0.158107E+01  0.000000E+00  0.128234E+07  0.128234E+07  0.128234E+07 -0.302826E-01  0.664917E+06  0.664870E+06  0.905322E-01
  0.174117E+00  0.126103E+07  0.125408E+07 -0.381327E-01  0.148807E+01  0.000000E+00  0.125992E+07  0.125992E+07  0.125992E+07 -0.297531E-01  0.653291E+06  0.653248E+06  0.827727E-01
  0.176859E+00  0.124006E+07  0.123352E+07 -0.418271E+00  0.147903E+01  0.000000E+00  0.123902E+07  0.123902E+07  0.123902E+07 -0.292595E-01  0.642452E+06  0.642413E+06  0.748100E-01
  0.179644E+00  0.122015E+07  0.121404E+07 -0.109956E-01  0.148227E+01  0.000000E+00  0.121918E+07  0.121918E+07  0.121918E+07 -0.287910E-01  0.632164E+06  0.632128E+06  0.670439E-01
  0.182473E+00  0.120081E+07  0.119511E+07  0.412683E-01  0.131593E+01  0.000000E+00  0.119991E+07  0.119991E+07  0.119991E+07 -0.283359E-01  0.622170E+06  0.622137E+06  0.598490E-01
  0.185347E+00  0.118155E+07  0.117622E+07 -0.219998E+00  0.129517E+01  0.000000E+00  0.118070E+07  0.118070E+07  0.118070E+07 -0.278823E-01  0.612212E+06  0.612182E+06  0.535472E-01
  0.188265E+00  0.116191E+07  0.115689E+07 -0.379224E+00  0.123335E+01  0.000000E+00  0.116111E+07  0.116111E+07  0.116111E+07 -0.274197E-01  0.602053E+06  0.602025E+06  0.483827E-01
  0.191230E+00  0.114150E+07  0.113674E+07 -0.378988E+00  0.118647E+01  0.000000E+00  0.114074E+07  0.114074E+07  0.114074E+07 -0.269387E-01  0.591493E+06  0.591468E+06  0.445046E-01
  0.194242E+00  0.112006E+07  0.111549E+07 -0.462418E+00  0.107067E+01  0.000000E+00  0.111934E+07  0.111934E+07  0.111934E+07 -0.264332E-01  0.580392E+06  0.580368E+06  0.419560E-01
  0.197300E+00  0.109745E+07  0.109298E+07 -0.419607E+00  0.109638E+01  0.000000E+00  0.109674E+07  0.109674E+07  0.109674E+07 -0.258996E-01  0.568678E+06  0.568653E+06  0.406725E-01
  0.200407E+00  0.107368E+07  0.106924E+07 -0.362904E+00  0.103783E+01  0.000000E+00  0.107297E+07  0.107297E+07  0.107297E+07 -0.253384E-01  0.556353E+06  0.556329E+06  0.404902E-01
  0.203563E+00  0.104890E+07  0.104443E+07 -0.646634E-01  0.943048E+00  0.000000E+00  0.104819E+07  0.104819E+07  0.104819E+07 -0.247530E-01  0.543500E+06  0.543475E+06  0.411620E-01
  0.206769E+00  0.102339E+07  0.101885E+07 -0.150909E+00  0.872225E+00  0.000000E+00  0.102266E+07  0.102266E+07  0.102266E+07 -0.241503E-01  0.530267E+06  0.530241E+06  0.423827E-01
  0.210025E+00  0.997539E+06  0.992906E+06 -0.608226E+00  0.823063E+00  0.000000E+00  0.996801E+06  0.996801E+06  0.996801E+06 -0.235395E-01  0.516857E+06  0.516830E+06  0.438190E-01
  0.213333E+00  0.971809E+06  0.967077E+06  0.658461E-01  0.793330E+00  0.000000E+00  0.971056E+06  0.971056E+06  0.971056E+06 -0.229316E-01  0.503508E+06  0.503480E+06  0.451424E-01
  0.216692E+00  0.946668E+06  0.941854E+06 -0.266609E+00  0.781833E+00  0.000000E+00  0.945902E+06  0.945902E+06  0.945902E+06 -0.223375E-01  0.490466E+06  0.490436E+06  0.460619E-01
  0.220105E+00  0.922553E+06  0.917693E+06 -0.211629E+00  0.739573E+00  0.000000E+00  0.921780E+06  0.921780E+06  0.921780E+06 -0.217679E-01  0.477958E+06  0.477928E+06  0.463522E-01
  0.223571E+00  0.899819E+06  0.894962E+06 -0.117199E+00  0.643157E+00  0.000000E+00  0.899046E+06  0.899046E+06  0.899046E+06 -0.212310E-01  0.466171E+06  0.466140E+06  0.458752E-01
  0.227091E+00  0.878699E+06  0.873900E+06 -0.165251E+00  0.654959E+00  0.000000E+00  0.877935E+06  0.877935E+06  0.877935E+06 -0.207325E-01  0.455224E+06  0.455194E+06  0.445921E-01
  0.230668E+00  0.859275E+06  0.854593E+06 -0.190049E+00  0.589651E+00  0.000000E+00  0.858530E+06  0.858530E+06  0.858530E+06 -0.202742E-01  0.445162E+06  0.445133E+06  0.425631E-01
  0.234300E+00  0.841473E+06  0.836957E+06 -0.212259E+00  0.597831E+00  0.000000E+00  0.840754E+06  0.840754E+06  0.840754E+06 -0.198545E-01  0.435945E+06  0.435917E+06  0.399366E-01
  0.237990E+00  0.825066E+06  0.820754E+06 -0.180408E+00  0.519886E+00  0.000000E+00  0.824380E+06  0.824380E+06  0.824380E+06 -0.194678E-01  0.427455E+06  0.427428E+06  0.369280E-01
  0.241737E+00  0.809712E+06  0.805625E+06  0.115824E+00  0.506932E+00  0.000000E+00  0.809062E+06  0.809062E+06  0.809062E+06 -0.191060E-01  0.419512E+06  0.419487E+06  0.337896E-01
  0.245544E+00  0.794990E+06  0.791130E+06 -0.137889E+00  0.506490E+00  0.000000E+00  0.794376E+06  0.794376E+06  0.794376E+06 -0.187592E-01  0.411897E+06  0.411874E+06  0.307772E-01
  0.249411E+00  0.780464E+06  0.776813E+06 -0.450547E-01  0.489395E+00  0.000000E+00  0.779883E+06  0.779883E+06  0.779883E+06 -0.184170E-01  0.404382E+06  0.404361E+06  0.281167E-01
  0.253339E+00  0.765739E+06  0.762264E+06 -0.235975E+00  0.462807E+00  0.000000E+00  0.765186E+06  0.765186E+06  0.765186E+06 -0.180699E-01  0.396761E+06  0.396741E+06  0.259750E-01
  0.257328E+00  0.750512E+06  0.747171E+06 -0.230301E+00  0.424148E+00  0.000000E+00  0.749980E+06  0.749980E+06  0.749980E+06 -0.177108E-01  0.388876E+06  0.388858E+06  0.244400E-01
  0.261381E+00  0.734620E+06  0.731365E+06 -0.410369E+00  0.382002E+00  0.000000E+00  0.734102E+06  0.734102E+06  0.734102E+06 -0.173359E-01  0.380643E+06  0.380625E+06  0.235119E-01
  0.265497E+00  0.718056E+06  0.714842E+06 -0.165729E+00  0.386846E+00  0.000000E+00  0.717544E+06  0.717544E+06  0.717544E+06 -0.169449E-01  0.372058E+06  0.372039E+06  0.231082E-01
  0.269678E+00  0.700963E+06  0.697756E+06 -0.112183E+00  0.366180E+00  0.000000E+00  0.700453E+06  0.700453E+06  0.700453E+06 -0.165412E-01  0.363196E+06  0.363177E+06  0.230804E-01
  0.273925E+00  0.683613E+06  0.680392E+06 -0.144427E+00  0.338721E+00  0.000000E+00  0.683100E+06  0.683100E+06  0.683100E+06 -0.161314E-01  0.354198E+06  0.354179E+06  0.232405E-01
  0.278238E+00  0.666351E+06  0.663111E+06 -0.236051E-01  0.312453E+00  0.000000E+00  0.665835E+06  0.665835E+06  0.665835E+06 -0.157237E-01  0.345246E+06  0.345227E+06  0.233933E-01
  0.282620E+00  0.649540E+06  0.646293E+06 -0.388288E-01  0.319705E+00  0.000000E+00  0.649024E+06  0.649024E+06  0.649024E+06 -0.153267E-01  0.336529E+06  0.336510E+06  0.233682E-01
  0.287070E+00  0.633495E+06  0.630263E+06 -0.181776E+00  0.301228E+00  0.000000E+00  0.632981E+06  0.632981E+06  0.632981E+06 -0.149479E-01  0.328211E+06  0.328191E+06  0.230465E-01
  0.291591E+00  0.618426E+06  0.615241E+06 -0.964045E-01  0.281034E+00  0.000000E+00  0.617919E+06  0.617919E+06  0.617919E+06 -0.145922E-01  0.320401E+06  0.320382E+06  0.223775E-01
  0.296183E+00  0.604408E+06  0.601302E+06 -0.818887E-01  0.269536E+00  0.000000E+00  0.603914E+06  0.603914E+06  0.603914E+06 -0.142615E-01  0.313139E+06  0.313120E+06  0.213832E-01
  0.300847E+00  0.591367E+06  0.588366E+06 -0.543679E-02  0.258028E+00  0.000000E+00  0.590889E+06  0.590889E+06  0.590889E+06 -0.139539E-01  0.306386E+06  0.306368E+06  0.201483E-01
  0.305585E+00  0.579103E+06  0.576224E+06 -0.788799E-01  0.226638E+00  0.000000E+00  0.578645E+06  0.578645E+06  0.578645E+06 -0.136647E-01  0.300037E+06  0.300019E+06  0.187996E-01
  0.310397E+00  0.567332E+06  0.564579E+06 -0.148793E-01  0.217830E+00  0.000000E+00  0.566894E+06  0.566894E+06  0.566894E+06 -0.133872E-01  0.293944E+06  0.293927E+06  0.174777E-01
  0.315285E+00  0.555751E+06  0.553112E+06 -0.684171E-01  0.212416E+00  0.000000E+00  0.555331E+06  0.555331E+06  0.555331E+06 -0.131142E-01  0.287948E+06  0.287932E+06  0.163081E-01
  0.320250E+00  0.544094E+06  0.541551E+06 -0.106989E+00  0.204945E+00  0.000000E+00  0.543689E+06  0.543689E+06  0.543689E+06 -0.128392E-01  0.281911E+06  0.281897E+06  0.153762E-01
  0.325293E+00  0.532192E+06  0.529721E+06 -0.754207E-01  0.179055E+00  0.000000E+00  0.531799E+06  0.531799E+06  0.531799E+06 -0.125585E-01  0.275746E+06  0.275732E+06  0.147126E-01
  0.330416E+00  0.520003E+06  0.517578E+06 -0.676211E-01  0.169025E+00  0.000000E+00  0.519617E+06  0.519617E+06  0.519617E+06 -0.122708E-01  0.269430E+06  0.269416E+06  0.142911E-01
  0.335619E+00  0.507610E+06  0.505212E+06 -0.109791E+00  0.160160E+00  0.000000E+00  0.507228E+06  0.507228E+06  0.507228E+06 -0.119782E-01  0.263006E+06  0.262992E+06  0.140395E-01
  0.340905E+00  0.495195E+06  0.492814E+06 -0.497248E-01  0.150669E+00  0.000000E+00  0.494816E+06  0.494816E+06  0.494816E+06 -0.116851E-01  0.256570E+06  0.256556E+06  0.138601E-01
  0.346273E+00  0.482988E+06  0.480625E+06 -0.668397E-01  0.152929E+00  0.000000E+00  0.482612E+06  0.482612E+06  0.482612E+06 -0.113969E-01  0.250242E+06  0.250228E+06  0.136553E-01
  0.351726E+00  0.471203E+06  0.468868E+06 -0.392815E-01  0.148025E+00  0.000000E+00  0.470831E+06  0.470831E+06  0.470831E+06 -0.111187E-01  0.244134E+06  0.244120E+06  0.133507E-01
  0.357265E+00  0.459988E+06  0.457696E+06 -0.171734E-01  0.130496E+00  0.000000E+00  0.459623E+06  0.459623E+06  0.459623E+06 -0.108540E-01  0.238322E+06  0.238308E+06  0.129116E-01
  0.362891E+00  0.449388E+06  0.447154E+06 -0.212861E-01  0.126122E+00  0.000000E+00  0.449033E+06  0.449033E+06  0.449033E+06 -0.106039E-01  0.232831E+06  0.232817E+06  0.123471E-01
  0.368606E+00  0.439339E+06  0.437175E+06 -0.258576E-01  0.128403E+00  0.000000E+00  0.438995E+06  0.438995E+06  0.438995E+06 -0.103669E-01  0.227626E+06  0.227613E+06  0.117035E-01
  0.374410E+00  0.429695E+06  0.427605E+06 -0.470191E-01  0.122206E+00  0.000000E+00  0.429362E+06  0.429362E+06  0.429362E+06 -0.101394E-01  0.222631E+06  0.222619E+06  0.110468E-01
  0.380307E+00  0.420273E+06  0.418254E+06 -0.187970E-01  0.115947E+00  0.000000E+00  0.419952E+06  0.419952E+06  0.419952E+06 -0.991719E-02  0.217752E+06  0.217740E+06  0.104423E-01
  0.386295E+00  0.410910E+06  0.408953E+06 -0.598593E-01  0.104784E+00  0.000000E+00  0.410599E+06  0.410599E+06  0.410599E+06 -0.969631E-02  0.212902E+06  0.212890E+06  0.993569E-02
  0.392379E+00  0.401508E+06  0.399600E+06 -0.281214E-01  0.919236E-01  0.000000E+00  0.401204E+06  0.401204E+06  0.401204E+06 -0.947447E-02  0.208031E+06  0.208020E+06  0.954164E-02
  0.398558E+00  0.392057E+06  0.390186E+06 -0.507555E-01  0.985304E-01  0.000000E+00  0.391759E+06  0.391759E+06  0.391759E+06 -0.925141E-02  0.203133E+06  0.203122E+06  0.924299E-02
  0.404834E+00  0.382627E+06  0.380786E+06 -0.227314E-01  0.849531E-01  0.000000E+00  0.382334E+06  0.382334E+06  0.382334E+06 -0.902885E-02  0.198246E+06  0.198236E+06  0.899989E-02
  0.411209E+00  0.373340E+06  0.371526E+06 -0.229899E-01  0.775206E-01  0.000000E+00  0.373051E+06  0.373051E+06  0.373051E+06 -0.880962E-02  0.193433E+06  0.193422E+06  0.876530E-02
  0.417685E+00  0.364317E+06  0.362535E+06 -0.397883E-01  0.741084E-01  0.000000E+00  0.364033E+06  0.364033E+06  0.364033E+06 -0.859666E-02  0.188757E+06  0.188746E+06  0.850125E-02
  0.424263E+00  0.355640E+06  0.353896E+06 -0.339197E-01  0.691006E-01  0.000000E+00  0.355362E+06  0.355362E+06  0.355362E+06 -0.839191E-02  0.184261E+06  0.184251E+06  0.819031E-02
  0.430944E+00  0.347324E+06  0.345626E+06 -0.303193E-01  0.702489E-01  0.000000E+00  0.347054E+06  0.347054E+06  0.347054E+06 -0.819571E-02  0.179953E+06  0.179943E+06  0.783868E-02
  0.437730E+00  0.339320E+06  0.337670E+06 -0.346964E-01  0.686976E-01  0.000000E+00  0.339057E+06  0.339057E+06  0.339057E+06 -0.800686E-02  0.175807E+06  0.175797E+06  0.747045E-02
  0.444623E+00  0.331534E+06  0.329933E+06 -0.255803E-01  0.629489E-01  0.000000E+00  0.331280E+06  0.331280E+06  0.331280E+06 -0.782319E-02  0.171774E+06  0.171764E+06  0.711603E-02
  0.451625E+00  0.323875E+06  0.322318E+06 -0.125690E-01  0.553720E-01  0.000000E+00  0.323627E+06  0.323627E+06  0.323627E+06 -0.764248E-02  0.167806E+06  0.167797E+06  0.679953E-02
  0.458737E+00  0.316282E+06  0.314763E+06 -0.192133E-01  0.529176E-01  0.000000E+00  0.316040E+06  0.316040E+06  0.316040E+06 -0.746331E-02  0.163872E+06  0.163863E+06  0.653026E-02
  0.465961E+00  0.308747E+06  0.307260E+06 -0.249067E-01  0.495053E-01  0.000000E+00  0.308510E+06  0.308510E+06  0.308510E+06 -0.728549E-02  0.159967E+06  0.159959E+06  0.630111E-02
  0.473299E+00  0.301308E+06  0.299852E+06 -0.152332E-01  0.508849E-01  0.000000E+00  0.301076E+06  0.301076E+06  0.301076E+06 -0.710994E-02  0.156113E+06  0.156104E+06  0.609392E-02
  0.480752E+00  0.294028E+06  0.292601E+06 -0.217165E-01  0.485969E-01  0.000000E+00  0.293801E+06  0.293801E+06  0.293801E+06 -0.693813E-02  0.152340E+06  0.152332E+06  0.588879E-02
  0.488323E+00  0.286958E+06  0.285563E+06 -0.149526E-01  0.467663E-01  0.000000E+00  0.286736E+06  0.286736E+06  0.286736E+06 -0.677129E-02  0.148677E+06  0.148669E+06  0.567274E-02
  0.496013E+00  0.280120E+06  0.278758E+06 -0.156456E-01  0.405793E-01  0.000000E+00  0.279903E+06  0.279903E+06  0.279903E+06 -0.660992E-02  0.145134E+06  0.145126E+06  0.544421E-02
  0.503824E+00  0.273493E+06  0.272167E+06 -0.165880E-01  0.382378E-01  0.000000E+00  0.273282E+06  0.273282E+06  0.273282E+06 -0.645356E-02  0.141701E+06  0.141693E+06  0.521156E-02
  0.511758E+00  0.267034E+06  0.265743E+06 -0.156536E-01  0.392089E-01  0.000000E+00  0.266829E+06  0.266829E+06  0.266829E+06 -0.630118E-02  0.138355E+06  0.138347E+06  0.498729E-02
  0.519817E+00  0.260699E+06  0.259441E+06 -0.158940E-01  0.374235E-01  0.000000E+00  0.260499E+06  0.260499E+06  0.260499E+06 -0.615169E-02  0.135073E+06  0.135065E+06  0.478109E-02
  0.528003E+00  0.254461E+06  0.253233E+06 -0.138440E-01  0.340565E-01  0.000000E+00  0.254266E+06  0.254266E+06  0.254266E+06 -0.600450E-02  0.131841E+06  0.131833E+06  0.459550E-02
  0.536318E+00  0.248323E+06  0.247123E+06 -0.104786E-01  0.297954E-01  0.000000E+00  0.248132E+06  0.248132E+06  0.248132E+06 -0.585966E-02  0.128661E+06  0.128653E+06  0.442578E-02
  0.544764E+00  0.242309E+06  0.241136E+06 -0.944535E-02  0.281934E-01  0.000000E+00  0.242122E+06  0.242122E+06  0.242122E+06 -0.571773E-02  0.125544E+06  0.125537E+06  0.426370E-02
  0.553343E+00  0.236443E+06  0.235297E+06 -0.109747E-01  0.274121E-01  0.000000E+00  0.236261E+06  0.236261E+06  0.236261E+06 -0.557931E-02  0.122505E+06  0.122498E+06  0.410245E-02
  0.562057E+00  0.230739E+06  0.229621E+06 -0.853908E-02  0.295679E-01  0.000000E+00  0.230561E+06  0.230561E+06  0.230561E+06 -0.544471E-02  0.119550E+06  0.119543E+06  0.393995E-02
  0.570908E+00  0.225189E+06  0.224098E+06 -0.950221E-02  0.241497E-01  0.000000E+00  0.225015E+06  0.225015E+06  0.225015E+06 -0.531374E-02  0.116674E+06  0.116667E+06  0.377887E-02
  0.579898E+00  0.219772E+06  0.218709E+06 -0.812737E-02  0.228095E-01  0.000000E+00  0.219602E+06  0.219602E+06  0.219602E+06 -0.518593E-02  0.113867E+06  0.113861E+06  0.362398E-02
  0.589030E+00  0.214468E+06  0.213431E+06 -0.823627E-02  0.214362E-01  0.000000E+00  0.214303E+06  0.214303E+06  0.214303E+06 -0.506077E-02  0.111119E+06  0.111113E+06  0.347869E-02
  0.598306E+00  0.209267E+06  0.208255E+06 -0.744355E-02  0.208569E-01  0.000000E+00  0.209106E+06  0.209106E+06  0.209106E+06 -0.493805E-02  0.108425E+06  0.108419E+06  0.334320E-02
  0.607728E+00  0.204173E+06  0.203185E+06 -0.729103E-02  0.219609E-01  0.000000E+00  0.204016E+06  0.204016E+06  0.204016E+06 -0.481784E-02  0.105785E+06  0.105780E+06  0.321493E-02
  0.617298E+00  0.199196E+06  0.198232E+06 -0.674733E-02  0.201850E-01  0.000000E+00  0.199043E+06  0.199043E+06  0.199043E+06 -0.470041E-02  0.103207E+06  0.103201E+06  0.309072E-02
  0.627019E+00  0.194343E+06  0.193403E+06 -0.620684E-02  0.183131E-01  0.000000E+00  0.194194E+06  0.194194E+06  0.194194E+06 -0.458589E-02  0.100692E+06  0.100687E+06  0.296885E-02
  0.636894E+00  0.189612E+06  0.188695E+06 -0.644237E-02  0.186626E-01  0.000000E+00  0.189466E+06  0.189466E+06  0.189466E+06 -0.447426E-02  0.982413E+05  0.982359E+05  0.284979E-02
  0.646923E+00  0.184994E+06  0.184100E+06 -0.545738E-02  0.161808E-01  0.000000E+00  0.184852E+06  0.184852E+06  0.184852E+06 -0.436529E-02  0.958487E+05  0.958434E+05  0.273512E-02
  0.657111E+00  0.180479E+06  0.179607E+06 -0.561977E-02  0.168644E-01  0.000000E+00  0.180340E+06  0.180340E+06  0.180340E+06 -0.425875E-02  0.935094E+05  0.935042E+05  0.262610E-02
  0.667459E+00  0.176063E+06  0.175211E+06 -0.516280E-02  0.152443E-01  0.000000E+00  0.175927E+06  0.175927E+06  0.175927E+06 -0.415453E-02  0.912211E+05  0.912160E+05  0.252266E-02
  0.677970E+00  0.171745E+06  0.170914E+06 -0.489743E-02  0.151516E-01  0.000000E+00  0.171613E+06  0.171613E+06  0.171613E+06 -0.405265E-02  0.889840E+05  0.889791E+05  0.242370E-02
  0.688646E+00  0.167529E+06  0.166719E+06 -0.466019E-02  0.125765E-01  0.000000E+00  0.167400E+06  0.167400E+06  0.167400E+06 -0.395317E-02  0.867998E+05  0.867949E+05  0.232808E-02
  0.699491E+00  0.163416E+06  0.162625E+06 -0.428385E-02  0.136194E-01  0.000000E+00  0.163290E+06  0.163290E+06  0.163290E+06 -0.385610E-02  0.846684E+05  0.846637E+05  0.223540E-02
  0.710506E+00  0.159401E+06  0.158630E+06 -0.404791E-02  0.126266E-01  0.000000E+00  0.159278E+06  0.159278E+06  0.159278E+06 -0.376136E-02  0.825882E+05  0.825836E+05  0.214598E-02
  0.721695E+00  0.155479E+06  0.154727E+06 -0.406942E-02  0.121130E-01  0.000000E+00  0.155359E+06  0.155359E+06  0.155359E+06 -0.366882E-02  0.805564E+05  0.805519E+05  0.206030E-02
  0.733060E+00  0.151647E+06  0.150914E+06 -0.372845E-02  0.949868E-02  0.000000E+00  0.151531E+06  0.151531E+06  0.151531E+06 -0.357841E-02  0.785711E+05  0.785668E+05  0.197842E-02
  0.744604E+00  0.147904E+06  0.147189E+06 -0.356792E-02  0.100656E-01  0.000000E+00  0.147790E+06  0.147790E+06  0.147790E+06 -0.349008E-02  0.766317E+05  0.766274E+05  0.189995E-02
  0.756330E+00  0.144249E+06  0.143552E+06 -0.327995E-02  0.951574E-02  0.000000E+00  0.144138E+06  0.144138E+06  0.144138E+06 -0.340384E-02  0.747380E+05  0.747339E+05  0.182442E-02
  0.768240E+00  0.140682E+06  0.140002E+06 -0.314072E-02  0.798796E-02  0.000000E+00  0.140573E+06  0.140573E+06  0.140573E+06 -0.331965E-02  0.728896E+05  0.728856E+05  0.175161E-02
  0.780338E+00  0.137199E+06  0.136536E+06 -0.293218E-02  0.912103E-02  0.000000E+00  0.137093E+06  0.137093E+06  0.137093E+06 -0.323747E-02  0.710851E+05  0.710812E+05  0.168156E-02
  0.792627E+00  0.133798E+06  0.133151E+06 -0.275918E-02  0.868254E-02  0.000000E+00  0.133695E+06  0.133695E+06  0.133695E+06 -0.315722E-02  0.693230E+05  0.693192E+05  0.161436E-02
  0.805109E+00  0.130477E+06  0.129846E+06 -0.264509E-02  0.809257E-02  0.000000E+00  0.130376E+06  0.130376E+06  0.130376E+06 -0.307884E-02  0.676021E+05  0.675984E+05  0.154992E-02
  0.817787E+00  0.127234E+06  0.126619E+06 -0.251535E-02  0.639845E-02  0.000000E+00  0.127136E+06  0.127136E+06  0.127136E+06 -0.300232E-02  0.659219E+05  0.659183E+05  0.148804E-02
  0.830666E+00  0.124068E+06  0.123468E+06 -0.236931E-02  0.631759E-02  0.000000E+00  0.123973E+06  0.123973E+06  0.123973E+06 -0.292762E-02  0.642818E+05  0.642782E+05  0.142853E-02
  0.843747E+00  0.120978E+06  0.120393E+06 -0.222884E-02  0.573017E-02  0.000000E+00  0.120885E+06  0.120885E+06  0.120885E+06 -0.285471E-02  0.626808E+05  0.626773E+05  0.137131E-02
  0.857034E+00  0.117962E+06  0.117391E+06 -0.211517E-02  0.620345E-02  0.000000E+00  0.117871E+06  0.117871E+06  0.117871E+06 -0.278353E-02  0.611179E+05  0.611145E+05  0.131636E-02
  0.870530E+00  0.115017E+06  0.114461E+06 -0.200537E-02  0.502855E-02  0.000000E+00  0.114928E+06  0.114928E+06  0.114928E+06 -0.271404E-02  0.595922E+05  0.595889E+05  0.126362E-02
  0.884239E+00  0.112142E+06  0.111600E+06 -0.188656E-02  0.479362E-02  0.000000E+00  0.112056E+06  0.112056E+06  0.112056E+06 -0.264621E-02  0.581028E+05  0.580996E+05  0.121297E-02
  0.898164E+00  0.109337E+06  0.108808E+06 -0.179670E-02  0.555112E-02  0.000000E+00  0.109252E+06  0.109252E+06  0.109252E+06 -0.258000E-02  0.566491E+05  0.566460E+05  0.116431E-02
  0.912308E+00  0.106598E+06  0.106083E+06 -0.168990E-02  0.445550E-02  0.000000E+00  0.106516E+06  0.106516E+06  0.106516E+06 -0.251539E-02  0.552305E+05  0.552274E+05  0.111756E-02
  0.926675E+00  0.103926E+06  0.103424E+06 -0.160231E-02  0.436078E-02  0.000000E+00  0.103846E+06  0.103846E+06  0.103846E+06 -0.245233E-02  0.538459E+05  0.538429E+05  0.107266E-02
  0.941268E+00  0.101318E+06  0.100828E+06 -0.150992E-02  0.460176E-02  0.000000E+00  0.101240E+06  0.101240E+06  0.101240E+06 -0.239079E-02  0.524946E+05  0.524917E+05  0.102955E-02
  0.956090E+00  0.987727E+05  0.982953E+05 -0.142853E-02  0.430457E-02  0.000000E+00  0.986967E+05  0.986967E+05  0.986967E+05 -0.233073E-02  0.511758E+05  0.511730E+05  0.988160E-03
  0.971147E+00  0.962888E+05  0.958234E+05 -0.134830E-02  0.421232E-02  0.000000E+00  0.962147E+05  0.962147E+05  0.962147E+05 -0.227212E-02  0.498889E+05  0.498861E+05  0.948403E-03
  0.986440E+00  0.938649E+05  0.934113E+05 -0.127327E-02  0.316112E-02  0.000000E+00  0.937927E+05  0.937927E+05  0.937927E+05 -0.221492E-02  0.486330E+05  0.486303E+05  0.910222E-03
  0.100197E+01  0.914996E+05  0.910574E+05 -0.120535E-02  0.324575E-02  0.000000E+00  0.914292E+05  0.914292E+05  0.914292E+05 -0.215911E-02  0.474075E+05  0.474049E+05  0.873560E-03
  0.101775E+01  0.891916E+05  0.887605E+05 -0.113673E-02  0.279706E-02  0.000000E+00  0.891230E+05  0.891230E+05  0.891230E+05 -0.210464E-02  0.462117E+05  0.462091E+05  0.838359E-03
  0.103378E+01  0.869394E+05  0.865193E+05 -0.107382E-02  0.326677E-02  0.000000E+00  0.868726E+05  0.868726E+05  0.868726E+05 -0.205150E-02  0.450448E+05  0.450423E+05  0.804556E-03
  0.105006E+01  0.847419E+05  0.843324E+05 -0.101507E-02  0.310248E-02  0.000000E+00  0.846767E+05  0.846767E+05  0.846767E+05 -0.199965E-02  0.439062E+05  0.439038E+05  0.772098E-03
  0.106660E+01  0.825977E+05  0.821985E+05 -0.958879E-03  0.234187E-02  0.000000E+00  0.825342E+05  0.825342E+05  0.825342E+05 -0.194905E-02  0.427953E+05  0.427929E+05  0.740932E-03
  0.108339E+01  0.805057E+05  0.801166E+05 -0.905190E-03  0.247281E-02  0.000000E+00  0.804438E+05  0.804438E+05  0.804438E+05 -0.189968E-02  0.417114E+05  0.417091E+05  0.711010E-03
  0.110045E+01  0.784647E+05  0.780855E+05 -0.855674E-03  0.208783E-02  0.000000E+00  0.784043E+05  0.784043E+05  0.784043E+05 -0.185152E-02  0.406539E+05  0.406516E+05  0.682281E-03
  0.111778E+01  0.764734E+05  0.761039E+05 -0.807973E-03  0.251675E-02  0.000000E+00  0.764146E+05  0.764146E+05  0.764146E+05 -0.180454E-02  0.396222E+05  0.396200E+05  0.654699E-03
  0.113539E+01  0.745309E+05  0.741708E+05 -0.763639E-03  0.236232E-02  0.000000E+00  0.744736E+05  0.744736E+05  0.744736E+05 -0.175870E-02  0.386158E+05  0.386136E+05  0.628220E-03
  0.115327E+01  0.726360E+05  0.722850E+05 -0.721077E-03  0.174777E-02  0.000000E+00  0.725801E+05  0.725801E+05  0.725801E+05 -0.171398E-02  0.376340E+05  0.376319E+05  0.602799E-03
  0.117143E+01  0.707875E+05  0.704455E+05 -0.681085E-03  0.168059E-02  0.000000E+00  0.707331E+05  0.707331E+05  0.707331E+05 -0.167037E-02  0.366762E+05  0.366742E+05  0.578396E-03
  0.118987E+01  0.689845E+05  0.686511E+05 -0.643220E-03  0.175423E-02  0.000000E+00  0.689314E+05  0.689314E+05  0.689314E+05 -0.162782E-02  0.357420E+05  0.357401E+05  0.554970E-03
  0.120861E+01  0.672257E+05  0.669009E+05 -0.607592E-03  0.145841E-02  0.000000E+00  0.671740E+05  0.671740E+05  0.671740E+05 -0.158632E-02  0.348308E+05  0.348289E+05  0.532483E-03
  0.122764E+01  0.655103E+05  0.651937E+05 -0.573917E-03  0.153350E-02  0.000000E+00  0.654599E+05  0.654599E+05  0.654599E+05 -0.154584E-02  0.339420E+05  0.339401E+05  0.510897E-03
  0.124698E+01  0.638370E+05  0.635286E+05 -0.542139E-03  0.134918E-02  0.000000E+00  0.637879E+05  0.637879E+05  0.637879E+05 -0.150636E-02  0.330751E+05  0.330732E+05  0.490177E-03
  0.126661E+01  0.622050E+05  0.619044E+05 -0.511945E-03  0.122205E-02  0.000000E+00  0.621571E+05  0.621571E+05  0.621571E+05 -0.146784E-02  0.322295E+05  0.322277E+05  0.470288E-03
  0.128656E+01  0.606132E+05  0.603204E+05 -0.483526E-03  0.145770E-02  0.000000E+00  0.605666E+05  0.605666E+05  0.605666E+05 -0.143028E-02  0.314048E+05  0.314030E+05  0.451198E-03
  0.130682E+01  0.590608E+05  0.587754E+05 -0.456620E-03  0.127170E-02  0.000000E+00  0.590153E+05  0.590153E+05  0.590153E+05 -0.139365E-02  0.306004E+05  0.305987E+05  0.432874E-03
  0.132740E+01  0.575467E+05  0.572687E+05 -0.431263E-03  0.127940E-02  0.000000E+00  0.575025E+05  0.575025E+05  0.575025E+05 -0.135792E-02  0.298160E+05  0.298143E+05  0.415287E-03
  0.134830E+01  0.560702E+05  0.557993E+05 -0.407273E-03  0.127087E-02  0.000000E+00  0.560271E+05  0.560271E+05  0.560271E+05 -0.132308E-02  0.290509E+05  0.290493E+05  0.398408E-03
  0.136954E+01  0.546303E+05  0.543664E+05 -0.384607E-03  0.904970E-03  0.000000E+00  0.545883E+05  0.545883E+05  0.545883E+05 -0.128911E-02  0.283049E+05  0.283034E+05  0.382208E-03
  0.139110E+01  0.532263E+05  0.529691E+05 -0.363191E-03  0.891790E-03  0.000000E+00  0.531854E+05  0.531854E+05  0.531854E+05 -0.125598E-02  0.275775E+05  0.275759E+05  0.366661E-03
  0.141301E+01  0.518572E+05  0.516067E+05 -0.342950E-03  0.949690E-03  0.000000E+00  0.518173E+05  0.518173E+05  0.518173E+05 -0.122367E-02  0.268681E+05  0.268666E+05  0.351741E-03
  0.143526E+01  0.505222E+05  0.502781E+05 -0.323840E-03  0.780327E-03  0.000000E+00  0.504834E+05  0.504834E+05  0.504834E+05 -0.119217E-02  0.261764E+05  0.261750E+05  0.337423E-03
  0.145786E+01  0.492205E+05  0.489827E+05 -0.305798E-03  0.949251E-03  0.000000E+00  0.491827E+05  0.491827E+05  0.491827E+05 -0.116145E-02  0.255020E+05  0.255006E+05  0.323683E-03
  0.148082E+01  0.479513E+05  0.477196E+05 -0.288743E-03  0.729042E-03  0.000000E+00  0.479144E+05  0.479144E+05  0.479144E+05 -0.113150E-02  0.248444E+05  0.248430E+05  0.310498E-03
  0.150414E+01  0.467137E+05  0.464880E+05 -0.272634E-03  0.828910E-03  0.000000E+00  0.466778E+05  0.466778E+05  0.466778E+05 -0.110230E-02  0.242032E+05  0.242018E+05  0.297844E-03
  0.152783E+01  0.455071E+05  0.452872E+05 -0.257421E-03  0.593736E-03  0.000000E+00  0.454721E+05  0.454721E+05  0.454721E+05 -0.107383E-02  0.235780E+05  0.235767E+05  0.285702E-03
  0.155189E+01  0.443306E+05  0.441165E+05 -0.243051E-03  0.570481E-03  0.000000E+00  0.442965E+05  0.442965E+05  0.442965E+05 -0.104607E-02  0.229685E+05  0.229672E+05  0.274051E-03
  0.157633E+01  0.431836E+05  0.429750E+05 -0.229479E-03  0.725406E-03  0.000000E+00  0.431504E+05  0.431504E+05  0.431504E+05 -0.101900E-02  0.223742E+05  0.223729E+05  0.262871E-03
  0.160115E+01  0.420654E+05  0.418622E+05 -0.216662E-03  0.688627E-03  0.000000E+00  0.420331E+05  0.420331E+05  0.420331E+05 -0.992614E-03  0.217948E+05  0.217936E+05  0.252144E-03
  0.162636E+01  0.409753E+05  0.407774E+05 -0.204552E-03  0.559301E-03  0.000000E+00  0.409438E+05  0.409438E+05  0.409438E+05 -0.966891E-03  0.212300E+05  0.212289E+05  0.241852E-03
  0.165198E+01  0.399127E+05  0.397198E+05 -0.193119E-03  0.611201E-03  0.000000E+00  0.398820E+05  0.398820E+05  0.398820E+05 -0.941815E-03  0.206794E+05  0.206783E+05  0.231976E-03
  0.167799E+01  0.388768E+05  0.386889E+05 -0.182319E-03  0.583956E-03  0.000000E+00  0.388469E+05  0.388469E+05  0.388469E+05 -0.917371E-03  0.201427E+05  0.201416E+05  0.222502E-03
  0.170442E+01  0.378670E+05  0.376840E+05 -0.172119E-03  0.393811E-03  0.000000E+00  0.378378E+05  0.378378E+05  0.378378E+05 -0.893543E-03  0.196195E+05  0.196184E+05  0.213411E-03
  0.173126E+01  0.368826E+05  0.367044E+05 -0.162488E-03  0.447869E-03  0.000000E+00  0.368542E+05  0.368542E+05  0.368542E+05 -0.870315E-03  0.191095E+05  0.191085E+05  0.204690E-03
  0.175852E+01  0.359231E+05  0.357496E+05 -0.153391E-03  0.360552E-03  0.000000E+00  0.358955E+05  0.358955E+05  0.358955E+05 -0.847674E-03  0.186124E+05  0.186113E+05  0.196322E-03
  0.178621E+01  0.349878E+05  0.348188E+05 -0.144801E-03  0.446821E-03  0.000000E+00  0.349609E+05  0.349609E+05  0.349609E+05 -0.825604E-03  0.181278E+05  0.181268E+05  0.188295E-03
  0.181434E+01  0.340762E+05  0.339116E+05 -0.136690E-03  0.352805E-03  0.000000E+00  0.340500E+05  0.340500E+05  0.340500E+05 -0.804093E-03  0.176555E+05  0.176545E+05  0.180594E-03
  0.184291E+01  0.331877E+05  0.330274E+05 -0.129030E-03  0.387493E-03  0.000000E+00  0.331622E+05  0.331622E+05  0.331622E+05 -0.783127E-03  0.171951E+05  0.171942E+05  0.173206E-03
  0.187193E+01  0.323217E+05  0.321656E+05 -0.121796E-03  0.312583E-03  0.000000E+00  0.322969E+05  0.322969E+05  0.322969E+05 -0.762693E-03  0.167465E+05  0.167455E+05  0.166119E-03
  0.190141E+01  0.314778E+05  0.313257E+05 -0.114967E-03  0.368019E-03  0.000000E+00  0.314536E+05  0.314536E+05  0.314536E+05 -0.742778E-03  0.163092E+05  0.163083E+05  0.159320E-03
  0.193136E+01  0.306552E+05  0.305072E+05 -0.108518E-03  0.342304E-03  0.000000E+00  0.306317E+05  0.306317E+05  0.306317E+05 -0.723369E-03  0.158830E+05  0.158821E+05  0.152798E-03
  0.196177E+01  0.298536E+05  0.297094E+05 -0.102429E-03  0.234519E-03  0.000000E+00  0.298307E+05  0.298307E+05  0.298307E+05 -0.704453E-03  0.154677E+05  0.154668E+05  0.146542E-03
  0.199266E+01  0.290724E+05  0.289319E+05 -0.966793E-04  0.311942E-03  0.000000E+00  0.290500E+05  0.290500E+05  0.290500E+05 -0.686018E-03  0.150629E+05  0.150621E+05  0.140541E-03
  0.202404E+01  0.283110E+05  0.281742E+05 -0.912507E-04  0.263760E-03  0.000000E+00  0.282892E+05  0.282892E+05  0.282892E+05 -0.668052E-03  0.146684E+05  0.146676E+05  0.134785E-03
  0.205592E+01  0.275691E+05  0.274359E+05 -0.861254E-04  0.266382E-03  0.000000E+00  0.275479E+05  0.275479E+05  0.275479E+05 -0.650545E-03  0.142840E+05  0.142832E+05  0.129263E-03
  0.208829E+01  0.268461E+05  0.267164E+05 -0.812864E-04  0.237401E-03  0.000000E+00  0.268254E+05  0.268254E+05  0.268254E+05 -0.633484E-03  0.139094E+05  0.139086E+05  0.123967E-03
  0.212118E+01  0.261415E+05  0.260152E+05 -0.767178E-04  0.194255E-03  0.000000E+00  0.261214E+05  0.261214E+05  0.261214E+05 -0.616859E-03  0.135444E+05  0.135436E+05  0.118887E-03
  0.215458E+01  0.254550E+05  0.253320E+05 -0.724047E-04  0.158690E-03  0.000000E+00  0.254354E+05  0.254354E+05  0.254354E+05 -0.600660E-03  0.131887E+05  0.131880E+05  0.114015E-03
  0.218851E+01  0.247861E+05  0.246663E+05 -0.683327E-04  0.162142E-03  0.000000E+00  0.247670E+05  0.247670E+05  0.247670E+05 -0.584875E-03  0.128421E+05  0.128414E+05  0.109341E-03
  0.222298E+01  0.241342E+05  0.240177E+05 -0.644886E-04  0.138915E-03  0.000000E+00  0.241157E+05  0.241157E+05  0.241157E+05 -0.569494E-03  0.125044E+05  0.125037E+05  0.104859E-03
  0.225798E+01  0.234991E+05  0.233856E+05 -0.608596E-04  0.153722E-03  0.000000E+00  0.234811E+05  0.234811E+05  0.234811E+05 -0.554507E-03  0.121753E+05  0.121746E+05  0.100560E-03
  0.229354E+01  0.228803E+05  0.227698E+05 -0.574337E-04  0.177583E-03  0.000000E+00  0.228627E+05  0.228627E+05  0.228627E+05 -0.539904E-03  0.118547E+05  0.118540E+05  0.964373E-04
  0.232966E+01  0.222774E+05  0.221698E+05 -0.541997E-04  0.131914E-03  0.000000E+00  0.222603E+05  0.222603E+05  0.222603E+05 -0.525677E-03  0.115423E+05  0.115417E+05  0.924831E-04
  0.236635E+01  0.216900E+05  0.215852E+05 -0.511470E-04  0.116288E-03  0.000000E+00  0.216733E+05  0.216733E+05  0.216733E+05 -0.511816E-03  0.112380E+05  0.112373E+05  0.886909E-04
  0.240361E+01  0.211177E+05  0.210157E+05 -0.482653E-04  0.143436E-03  0.000000E+00  0.211014E+05  0.211014E+05  0.211014E+05 -0.498312E-03  0.109414E+05  0.109408E+05  0.850541E-04
  0.244146E+01  0.205601E+05  0.204608E+05 -0.455451E-04  0.146875E-03  0.000000E+00  0.205443E+05  0.205443E+05  0.205443E+05 -0.485155E-03  0.106526E+05  0.106520E+05  0.815662E-04
  0.247991E+01  0.200169E+05  0.199202E+05 -0.429775E-04  0.139673E-03  0.000000E+00  0.200015E+05  0.200015E+05  0.200015E+05 -0.472337E-03  0.103711E+05  0.103705E+05  0.782214E-04
  0.251896E+01  0.194877E+05  0.193936E+05 -0.405540E-04  0.128252E-03  0.000000E+00  0.194727E+05  0.194727E+05  0.194727E+05 -0.459850E-03  0.100969E+05  0.100964E+05  0.750137E-04
  0.255863E+01  0.189722E+05  0.188805E+05 -0.382664E-04  0.107896E-03  0.000000E+00  0.189576E+05  0.189576E+05  0.189576E+05 -0.447685E-03  0.982983E+04  0.982928E+04  0.719376E-04
  0.259892E+01  0.184700E+05  0.183808E+05 -0.361073E-04  0.814296E-04  0.000000E+00  0.184558E+05  0.184558E+05  0.184558E+05 -0.435835E-03  0.956963E+04  0.956909E+04  0.689877E-04
  0.263985E+01  0.179808E+05  0.178939E+05 -0.340694E-04  0.689934E-04  0.000000E+00  0.179670E+05  0.179670E+05  0.179670E+05 -0.424291E-03  0.931616E+04  0.931563E+04  0.661590E-04
  0.268142E+01  0.175042E+05  0.174197E+05 -0.321459E-04  0.813579E-04  0.000000E+00  0.174908E+05  0.174908E+05  0.174908E+05 -0.413045E-03  0.906924E+04  0.906873E+04  0.634464E-04
  0.272365E+01  0.170400E+05  0.169577E+05 -0.303306E-04  0.964489E-04  0.000000E+00  0.170269E+05  0.170269E+05  0.170269E+05 -0.402091E-03  0.882872E+04  0.882822E+04  0.608452E-04
  0.276654E+01  0.165878E+05  0.165077E+05 -0.286172E-04  0.928715E-04  0.000000E+00  0.165750E+05  0.165750E+05  0.165750E+05 -0.391421E-03  0.859443E+04  0.859394E+04  0.583509E-04
  0.281011E+01  0.161473E+05  0.160693E+05 -0.270002E-04  0.778183E-04  0.000000E+00  0.161349E+05  0.161349E+05  0.161349E+05 -0.381027E-03  0.836622E+04  0.836575E+04  0.559591E-04
  0.285436E+01  0.157183E+05  0.156424E+05 -0.254742E-04  0.658802E-04  0.000000E+00  0.157062E+05  0.157062E+05  0.157062E+05 -0.370903E-03  0.814393E+04  0.814347E+04  0.536657E-04
  0.289931E+01  0.153004E+05  0.152265E+05 -0.240340E-04  0.618814E-04  0.000000E+00  0.152887E+05  0.152887E+05  0.152887E+05 -0.361043E-03  0.792742E+04  0.792697E+04  0.514665E-04
  0.294497E+01  0.148934E+05  0.148215E+05 -0.226748E-04  0.663514E-04  0.000000E+00  0.148820E+05  0.148820E+05  0.148820E+05 -0.351439E-03  0.771654E+04  0.771610E+04  0.493579E-04
  0.299134E+01  0.144970E+05  0.144269E+05 -0.213922E-04  0.709339E-04  0.000000E+00  0.144859E+05  0.144859E+05  0.144859E+05 -0.342084E-03  0.751115E+04  0.751072E+04  0.473361E-04
  0.303845E+01  0.141109E+05  0.140427E+05 -0.201818E-04  0.466924E-04  0.000000E+00  0.141001E+05  0.141001E+05  0.141001E+05 -0.332974E-03  0.731110E+04  0.731069E+04  0.453974E-04
  0.308630E+01  0.137349E+05  0.136685E+05 -0.190396E-04  0.513409E-04  0.000000E+00  0.137243E+05  0.137243E+05  0.137243E+05 -0.324101E-03  0.711628E+04  0.711588E+04  0.435386E-04
  0.313490E+01  0.133687E+05  0.133041E+05 -0.179617E-04  0.377638E-04  0.000000E+00  0.133584E+05  0.133584E+05  0.133584E+05 -0.315459E-03  0.692653E+04  0.692614E+04  0.417564E-04
  0.318427E+01  0.130120E+05  0.129491E+05 -0.169446E-04  0.511509E-04  0.000000E+00  0.130020E+05  0.130020E+05  0.130020E+05 -0.307043E-03  0.674174E+04  0.674136E+04  0.400475E-04
  0.323441E+01  0.126646E+05  0.126034E+05 -0.159848E-04  0.497727E-04  0.000000E+00  0.126549E+05  0.126549E+05  0.126549E+05 -0.298846E-03  0.656177E+04  0.656140E+04  0.384091E-04
  0.328535E+01  0.123264E+05  0.122668E+05 -0.150792E-04  0.348322E-04  0.000000E+00  0.123169E+05  0.123169E+05  0.123169E+05 -0.290864E-03  0.638651E+04  0.638615E+04  0.368381E-04
  0.333708E+01  0.119970E+05  0.119390E+05 -0.142246E-04  0.354855E-04  0.000000E+00  0.119877E+05  0.119877E+05  0.119877E+05 -0.283091E-03  0.621583E+04  0.621548E+04  0.353320E-04
  0.338964E+01  0.116762E+05  0.116197E+05 -0.134183E-04  0.265871E-04  0.000000E+00  0.116672E+05  0.116672E+05  0.116672E+05 -0.275521E-03  0.604962E+04  0.604927E+04  0.338879E-04
  0.344301E+01  0.113638E+05  0.113088E+05 -0.126575E-04  0.277747E-04  0.000000E+00  0.113550E+05  0.113550E+05  0.113550E+05 -0.268149E-03  0.588776E+04  0.588742E+04  0.325033E-04
  0.349723E+01  0.110595E+05  0.110061E+05 -0.119396E-04  0.222196E-04  0.000000E+00  0.110510E+05  0.110510E+05  0.110510E+05 -0.260971E-03  0.573014E+04  0.572981E+04  0.311759E-04
  0.355231E+01  0.107633E+05  0.107113E+05 -0.112623E-04  0.361285E-04  0.000000E+00  0.107550E+05  0.107550E+05  0.107550E+05 -0.253981E-03  0.557666E+04  0.557634E+04  0.299032E-04
  0.360825E+01  0.104749E+05  0.104242E+05 -0.106232E-04  0.356174E-04  0.000000E+00  0.104668E+05  0.104668E+05  0.104668E+05 -0.247174E-03  0.542721E+04  0.542690E+04  0.286830E-04
  0.366507E+01  0.101940E+05  0.101447E+05 -0.100203E-04  0.285319E-04  0.000000E+00  0.101862E+05  0.101862E+05  0.101862E+05 -0.240547E-03  0.528169E+04  0.528138E+04  0.275132E-04
  0.372279E+01  0.992051E+04  0.987255E+04 -0.945141E-05  0.260682E-04  0.000000E+00  0.991288E+04  0.991288E+04  0.991288E+04 -0.234093E-03  0.513999E+04  0.513969E+04  0.263917E-04
  0.378141E+01  0.965422E+04  0.960755E+04 -0.891472E-05  0.241363E-04  0.000000E+00  0.964679E+04  0.964679E+04  0.964679E+04 -0.227810E-03  0.500202E+04  0.500173E+04  0.253165E-04
  0.384096E+01  0.939494E+04  0.934953E+04 -0.840838E-05  0.241616E-04  0.000000E+00  0.938772E+04  0.938772E+04  0.938772E+04 -0.221692E-03  0.486768E+04  0.486740E+04  0.242856E-04
  0.390145E+01  0.914250E+04  0.909829E+04 -0.793068E-05  0.267081E-04  0.000000E+00  0.913546E+04  0.913546E+04  0.913546E+04 -0.215734E-03  0.473688E+04  0.473661E+04  0.232973E-04
  0.396289E+01  0.889670E+04  0.885368E+04 -0.748000E-05  0.154452E-04  0.000000E+00  0.888985E+04  0.888985E+04  0.888985E+04 -0.209934E-03  0.460953E+04  0.460927E+04  0.223498E-04
  0.402529E+01  0.865739E+04  0.861553E+04 -0.705484E-05  0.217736E-04  0.000000E+00  0.865072E+04  0.865072E+04  0.865072E+04 -0.204287E-03  0.448554E+04  0.448528E+04  0.214415E-04
  0.408868E+01  0.842439E+04  0.838365E+04 -0.665375E-05  0.114372E-04  0.000000E+00  0.841791E+04  0.841791E+04  0.841791E+04 -0.198789E-03  0.436482E+04  0.436457E+04  0.205706E-04
  0.415307E+01  0.819754E+04  0.815790E+04 -0.627537E-05  0.148689E-04  0.000000E+00  0.819124E+04  0.819124E+04  0.819124E+04 -0.193437E-03  0.424729E+04  0.424704E+04  0.197357E-04
  0.421847E+01  0.797669E+04  0.793812E+04 -0.591842E-05  0.124179E-04  0.000000E+00  0.797056E+04  0.797056E+04  0.797056E+04 -0.188225E-03  0.413286E+04  0.413262E+04  0.189353E-04
  0.428490E+01  0.776169E+04  0.772415E+04 -0.558170E-05  0.109450E-04  0.000000E+00  0.775571E+04  0.775571E+04  0.775571E+04 -0.183152E-03  0.402146E+04  0.402123E+04  0.181680E-04
  0.435238E+01  0.755237E+04  0.751584E+04 -0.526406E-05  0.140507E-04  0.000000E+00  0.754656E+04  0.754656E+04  0.754656E+04 -0.178212E-03  0.391301E+04  0.391278E+04  0.174323E-04
  0.442092E+01  0.734860E+04  0.731305E+04 -0.496443E-05  0.830045E-05  0.000000E+00  0.734294E+04  0.734294E+04  0.734294E+04 -0.173404E-03  0.380743E+04  0.380721E+04  0.167270E-04
  0.449054E+01  0.715022E+04  0.711564E+04 -0.468179E-05  0.103958E-04  0.000000E+00  0.714472E+04  0.714472E+04  0.714472E+04 -0.168723E-03  0.370465E+04  0.370444E+04  0.160509E-04
  0.456125E+01  0.695711E+04  0.692346E+04 -0.441519E-05  0.134263E-04  0.000000E+00  0.695175E+04  0.695175E+04  0.695175E+04 -0.164166E-03  0.360460E+04  0.360439E+04  0.154027E-04
  0.463308E+01  0.676912E+04  0.673638E+04 -0.416371E-05  0.134530E-04  0.000000E+00  0.676391E+04  0.676391E+04  0.676391E+04 -0.159730E-03  0.350720E+04  0.350699E+04  0.147813E-04
  0.470604E+01  0.658612E+04  0.655426E+04 -0.392649E-05  0.127589E-04  0.000000E+00  0.658105E+04  0.658105E+04  0.658105E+04 -0.155412E-03  0.341238E+04  0.341218E+04  0.141855E-04
  0.478015E+01  0.640799E+04  0.637698E+04 -0.370275E-05  0.115071E-04  0.000000E+00  0.640305E+04  0.640305E+04  0.640305E+04 -0.151209E-03  0.332009E+04  0.331989E+04  0.136144E-04
  0.485543E+01  0.623458E+04  0.620442E+04 -0.349170E-05  0.571638E-05  0.000000E+00  0.622978E+04  0.622978E+04  0.622978E+04 -0.147117E-03  0.323024E+04  0.323005E+04  0.130668E-04
  0.493189E+01  0.606579E+04  0.603644E+04 -0.329264E-05  0.880374E-05  0.000000E+00  0.606112E+04  0.606112E+04  0.606112E+04 -0.143134E-03  0.314279E+04  0.314260E+04  0.125418E-04
  0.500956E+01  0.590149E+04  0.587293E+04 -0.310489E-05  0.107569E-04  0.000000E+00  0.589694E+04  0.589694E+04  0.589694E+04 -0.139257E-03  0.305766E+04  0.305748E+04  0.120385E-04
  0.508844E+01  0.574156E+04  0.571377E+04 -0.292781E-05  0.961402E-05  0.000000E+00  0.573714E+04  0.573714E+04  0.573714E+04 -0.135483E-03  0.297480E+04  0.297462E+04  0.115560E-04
  0.516858E+01  0.558590E+04  0.555886E+04 -0.276078E-05  0.904495E-05  0.000000E+00  0.558159E+04  0.558159E+04  0.558159E+04 -0.131810E-03  0.289415E+04  0.289397E+04  0.110934E-04
  0.524997E+01  0.543438E+04  0.540808E+04 -0.260326E-05  0.897171E-05  0.000000E+00  0.543019E+04  0.543019E+04  0.543019E+04 -0.128234E-03  0.281564E+04  0.281548E+04  0.106499E-04
  0.533264E+01  0.528691E+04  0.526132E+04 -0.245469E-05  0.842311E-05  0.000000E+00  0.528284E+04  0.528284E+04  0.528284E+04 -0.124755E-03  0.273924E+04  0.273907E+04  0.102247E-04
  0.541662E+01  0.514337E+04  0.511847E+04 -0.231457E-05  0.712666E-05  0.000000E+00  0.513941E+04  0.513941E+04  0.513941E+04 -0.121368E-03  0.266487E+04  0.266471E+04  0.981707E-05
  0.550192E+01  0.500367E+04  0.497945E+04 -0.218242E-05  0.588107E-05  0.000000E+00  0.499982E+04  0.499982E+04  0.499982E+04 -0.118071E-03  0.259249E+04  0.259233E+04  0.942624E-05
  0.558856E+01  0.486770E+04  0.484413E+04 -0.205779E-05  0.551661E-05  0.000000E+00  0.486395E+04  0.486395E+04  0.486395E+04 -0.114863E-03  0.252204E+04  0.252189E+04  0.905152E-05
  0.567657E+01  0.473537E+04  0.471244E+04 -0.194025E-05  0.623928E-05  0.000000E+00  0.473172E+04  0.473172E+04  0.473172E+04 -0.111740E-03  0.245347E+04  0.245333E+04  0.869225E-05
  0.576596E+01  0.460657E+04  0.458426E+04 -0.182940E-05  0.603168E-05  0.000000E+00  0.460302E+04  0.460302E+04  0.460302E+04 -0.108701E-03  0.238674E+04  0.238660E+04  0.834779E-05
  0.585676E+01  0.448122E+04  0.445952E+04 -0.172487E-05  0.222508E-05  0.000000E+00  0.447777E+04  0.447777E+04  0.447777E+04 -0.105743E-03  0.232180E+04  0.232166E+04  0.801753E-05
  0.594899E+01  0.435923E+04  0.433812E+04 -0.162628E-05  0.561215E-05  0.000000E+00  0.435587E+04  0.435587E+04  0.435587E+04 -0.102864E-03  0.225859E+04  0.225845E+04  0.770087E-05
  0.604268E+01  0.424051E+04  0.421996E+04 -0.153332E-05  0.479732E-05  0.000000E+00  0.423724E+04  0.423724E+04  0.423724E+04 -0.100063E-03  0.219708E+04  0.219694E+04  0.739725E-05
  0.613784E+01  0.412497E+04  0.410498E+04 -0.144564E-05  0.496235E-05  0.000000E+00  0.412179E+04  0.412179E+04  0.412179E+04 -0.973363E-04  0.213721E+04  0.213708E+04  0.710613E-05
  0.623449E+01  0.401253E+04  0.399309E+04 -0.136297E-05  0.272000E-05  0.000000E+00  0.400944E+04  0.400944E+04  0.400944E+04 -0.946831E-04  0.207896E+04  0.207883E+04  0.682699E-05
  0.633267E+01  0.390311E+04  0.388419E+04 -0.128501E-05  0.455453E-05  0.000000E+00  0.390010E+04  0.390010E+04  0.390010E+04 -0.921011E-04  0.202227E+04  0.202214E+04  0.655934E-05
  0.643240E+01  0.379663E+04  0.377822E+04 -0.121149E-05  0.408381E-05  0.000000E+00  0.379370E+04  0.379370E+04  0.379370E+04 -0.895884E-04  0.196710E+04  0.196697E+04  0.630270E-05
  0.653369E+01  0.369301E+04  0.367510E+04 -0.114217E-05  0.147866E-05  0.000000E+00  0.369016E+04  0.369016E+04  0.369016E+04 -0.871433E-04  0.191341E+04  0.191329E+04  0.605660E-05
  0.663658E+01  0.359217E+04  0.357475E+04 -0.107680E-05  0.122123E-05  0.000000E+00  0.358940E+04  0.358940E+04  0.358940E+04 -0.847639E-04  0.186116E+04  0.186105E+04  0.582062E-05
  0.674110E+01  0.349404E+04  0.347710E+04 -0.101516E-05  0.355183E-05  0.000000E+00  0.349135E+04  0.349135E+04  0.349135E+04 -0.824484E-04  0.181032E+04  0.181021E+04  0.559432E-05
  0.684725E+01  0.339856E+04  0.338208E+04 -0.957033E-06  0.318747E-05  0.000000E+00  0.339594E+04  0.339594E+04  0.339594E+04 -0.801952E-04  0.176085E+04  0.176074E+04  0.537731E-05
  0.695508E+01  0.330564E+04  0.328961E+04 -0.902226E-06  0.110777E-05  0.000000E+00  0.330309E+04  0.330309E+04  0.330309E+04 -0.780027E-04  0.171271E+04  0.171260E+04  0.516920E-05
  0.706461E+01  0.321523E+04  0.319963E+04 -0.850548E-06  0.926434E-06  0.000000E+00  0.321275E+04  0.321275E+04  0.321275E+04 -0.758693E-04  0.166586E+04  0.166576E+04  0.496963E-05
  0.717586E+01  0.312726E+04  0.311208E+04 -0.801821E-06  0.142917E-05  0.000000E+00  0.312484E+04  0.312484E+04  0.312484E+04 -0.737934E-04  0.162028E+04  0.162018E+04  0.477823E-05
  0.728886E+01  0.304166E+04  0.302690E+04 -0.755878E-06  0.191219E-05  0.000000E+00  0.303931E+04  0.303931E+04  0.303931E+04 -0.717735E-04  0.157593E+04  0.157583E+04  0.459468E-05
  0.740364E+01  0.295837E+04  0.294401E+04 -0.712559E-06  0.255347E-05  0.000000E+00  0.295608E+04  0.295608E+04  0.295608E+04 -0.698081E-04  0.153278E+04  0.153268E+04  0.441863E-05
  0.752023E+01  0.287733E+04  0.286336E+04 -0.671714E-06  0.236099E-05  0.000000E+00  0.287510E+04  0.287510E+04  0.287510E+04 -0.678957E-04  0.149079E+04  0.149069E+04  0.424979E-05
  0.763866E+01  0.279847E+04  0.278488E+04 -0.633204E-06  0.131186E-05  0.000000E+00  0.279631E+04  0.279631E+04  0.279631E+04 -0.660350E-04  0.144993E+04  0.144984E+04  0.408784E-05
  0.775895E+01  0.272175E+04  0.270853E+04 -0.596895E-06  0.778024E-06  0.000000E+00  0.271964E+04  0.271964E+04  0.271964E+04 -0.642245E-04  0.141018E+04  0.141009E+04  0.393251E-05
  0.788114E+01  0.264709E+04  0.263424E+04 -0.562661E-06  0.197699E-05  0.000000E+00  0.264505E+04  0.264505E+04  0.264505E+04 -0.624630E-04  0.137150E+04  0.137141E+04  0.378351E-05
  0.800525E+01  0.257446E+04  0.256195E+04 -0.530385E-06  0.499408E-06  0.000000E+00  0.257247E+04  0.257247E+04  0.257247E+04 -0.607491E-04  0.133387E+04  0.133378E+04  0.364058E-05
  0.813131E+01  0.250380E+04  0.249163E+04 -0.499955E-06  0.179512E-05  0.000000E+00  0.250186E+04  0.250186E+04  0.250186E+04 -0.590816E-04  0.129726E+04  0.129717E+04  0.350348E-05
  0.825936E+01  0.243504E+04  0.242321E+04 -0.471265E-06  0.387520E-06  0.000000E+00  0.243316E+04  0.243316E+04  0.243316E+04 -0.574592E-04  0.126163E+04  0.126155E+04  0.337196E-05
  0.838943E+01  0.236815E+04  0.235664E+04 -0.444218E-06  0.129337E-05  0.000000E+00  0.236632E+04  0.236632E+04  0.236632E+04 -0.558808E-04  0.122698E+04  0.122689E+04  0.324579E-05
  0.852154E+01  0.230308E+04  0.229188E+04 -0.418718E-06  0.151900E-05  0.000000E+00  0.230129E+04  0.230129E+04  0.230129E+04 -0.543452E-04  0.119326E+04  0.119318E+04  0.312475E-05
  0.865574E+01  0.223976E+04  0.222887E+04 -0.394678E-06  0.142681E-05  0.000000E+00  0.223803E+04  0.223803E+04  0.223803E+04 -0.528512E-04  0.116045E+04  0.116038E+04  0.300862E-05
  0.879204E+01  0.217817E+04  0.216757E+04 -0.372013E-06  0.100655E-05  0.000000E+00  0.217648E+04  0.217648E+04  0.217648E+04 -0.513977E-04  0.112854E+04  0.112846E+04  0.289719E-05
  0.893050E+01  0.211824E+04  0.210793E+04 -0.350647E-06  0.679117E-06  0.000000E+00  0.211660E+04  0.211660E+04  0.211660E+04 -0.499836E-04  0.109749E+04  0.109742E+04  0.279028E-05
  0.907113E+01  0.205994E+04  0.204991E+04 -0.330504E-06  0.318498E-06  0.000000E+00  0.205834E+04  0.205834E+04  0.205834E+04 -0.486079E-04  0.106729E+04  0.106721E+04  0.268769E-05
  0.921398E+01  0.200323E+04  0.199347E+04 -0.311515E-06  0.101689E-05  0.000000E+00  0.200167E+04  0.200167E+04  0.200167E+04 -0.472696E-04  0.103790E+04  0.103783E+04  0.258924E-05
  0.935908E+01  0.194805E+04  0.193856E+04 -0.293614E-06  0.281241E-06  0.000000E+00  0.194654E+04  0.194654E+04  0.194654E+04 -0.459677E-04  0.100931E+04  0.100924E+04  0.249477E-05
  0.950647E+01  0.189438E+04  0.188515E+04 -0.276739E-06  0.837898E-06  0.000000E+00  0.189291E+04  0.189291E+04  0.189291E+04 -0.447012E-04  0.981505E+03  0.981437E+03  0.240411E-05
  0.965617E+01  0.184216E+04  0.183319E+04 -0.260831E-06  0.308784E-06  0.000000E+00  0.184074E+04  0.184074E+04  0.184074E+04 -0.434691E-04  0.954452E+03  0.954385E+03  0.231710E-05
  0.980823E+01  0.179137E+04  0.178264E+04 -0.245835E-06  0.880044E-06  0.000000E+00  0.178998E+04  0.178998E+04  0.178998E+04 -0.422705E-04  0.928135E+03  0.928070E+03  0.223359E-05
  0.996269E+01  0.174196E+04  0.173346E+04 -0.231698E-06  0.687059E-06  0.000000E+00  0.174061E+04  0.174061E+04  0.174061E+04 -0.411046E-04  0.902535E+03  0.902470E+03  0.215342E-05
  0.101196E+02  0.169389E+04  0.168563E+04 -0.218372E-06  0.812062E-06  0.000000E+00  0.169258E+04  0.169258E+04  0.169258E+04 -0.399704E-04  0.877631E+03  0.877568E+03  0.207648E-05
  0.102789E+02  0.164714E+04  0.163910E+04 -0.205811E-06  0.175273E-06  0.000000E+00  0.164586E+04  0.164586E+04  0.164586E+04 -0.388671E-04  0.853406E+03  0.853344E+03  0.200261E-05
  0.104408E+02  0.160166E+04  0.159384E+04 -0.193970E-06  0.678652E-06  0.000000E+00  0.160041E+04  0.160041E+04  0.160041E+04 -0.377938E-04  0.829841E+03  0.829780E+03  0.193169E-05
  0.106052E+02  0.155742E+04  0.154981E+04 -0.182809E-06  0.793116E-07  0.000000E+00  0.155621E+04  0.155621E+04  0.155621E+04 -0.367499E-04  0.806919E+03  0.806860E+03  0.186361E-05
  0.107722E+02  0.151438E+04  0.150698E+04 -0.172288E-06  0.501138E-06  0.000000E+00  0.151320E+04  0.151320E+04  0.151320E+04 -0.357344E-04  0.784622E+03  0.784564E+03  0.179823E-05
  0.109419E+02  0.147252E+04  0.146533E+04 -0.162371E-06  0.363731E-06  0.000000E+00  0.147138E+04  0.147138E+04  0.147138E+04 -0.347467E-04  0.762934E+03  0.762877E+03  0.173546E-05
  0.111142E+02  0.143181E+04  0.142481E+04 -0.153023E-06  0.281971E-06  0.000000E+00  0.143069E+04  0.143069E+04  0.143069E+04 -0.337859E-04  0.741838E+03  0.741782E+03  0.167518E-05
  0.112892E+02  0.139220E+04  0.138539E+04 -0.144212E-06  0.953452E-07  0.000000E+00  0.139112E+04  0.139112E+04  0.139112E+04 -0.328513E-04  0.721318E+03  0.721264E+03  0.161729E-05
  0.114670E+02  0.135368E+04  0.134705E+04 -0.135907E-06  0.214898E-06  0.000000E+00  0.135262E+04  0.135262E+04  0.135262E+04 -0.319423E-04  0.701359E+03  0.701305E+03  0.156169E-05
  0.116476E+02  0.131621E+04  0.130977E+04 -0.128079E-06  0.324604E-07  0.000000E+00  0.131518E+04  0.131518E+04  0.131518E+04 -0.310582E-04  0.681946E+03  0.681893E+03  0.150828E-05
  0.118310E+02  0.127977E+04  0.127350E+04 -0.120701E-06  0.448611E-06  0.000000E+00  0.127877E+04  0.127877E+04  0.127877E+04 -0.301982E-04  0.663063E+03  0.663012E+03  0.145698E-05
  0.120173E+02  0.124432E+04  0.123822E+04 -0.113747E-06  0.425575E-06  0.000000E+00  0.124335E+04  0.124335E+04  0.124335E+04 -0.293618E-04  0.644698E+03  0.644647E+03  0.140769E-05
  0.122065E+02  0.120984E+04  0.120391E+04 -0.107192E-06  0.195940E-07  0.000000E+00  0.120890E+04  0.120890E+04  0.120890E+04 -0.285482E-04  0.626835E+03  0.626785E+03  0.136034E-05
  0.123988E+02  0.117631E+04  0.117054E+04 -0.101014E-06  0.458197E-07  0.000000E+00  0.117539E+04  0.117539E+04  0.117539E+04 -0.277569E-04  0.609461E+03  0.609412E+03  0.131484E-05
  0.125940E+02  0.114369E+04  0.113808E+04 -0.951914E-07  0.116878E-06  0.000000E+00  0.114280E+04  0.114280E+04  0.114280E+04 -0.269873E-04  0.592562E+03  0.592514E+03  0.127112E-05
  0.127923E+02  0.111197E+04  0.110651E+04 -0.897034E-07  0.174626E-06  0.000000E+00  0.111110E+04  0.111110E+04  0.111110E+04 -0.262388E-04  0.576127E+03  0.576080E+03  0.122911E-05
  0.129938E+02  0.108112E+04  0.107581E+04 -0.845310E-07  0.319864E-06  0.000000E+00  0.108028E+04  0.108028E+04  0.108028E+04 -0.255108E-04  0.560143E+03  0.560096E+03  0.118873E-05
  0.131984E+02  0.105112E+04  0.104595E+04 -0.796561E-07  0.282725E-06  0.000000E+00  0.105030E+04  0.105030E+04  0.105030E+04 -0.248028E-04  0.544597E+03  0.544551E+03  0.114991E-05
  0.134063E+02  0.102194E+04  0.101691E+04 -0.750616E-07  0.239300E-06  0.000000E+00  0.102114E+04  0.102114E+04  0.102114E+04 -0.241142E-04  0.529477E+03  0.529433E+03  0.111260E-05
  0.136174E+02  0.993557E+03  0.988667E+03 -0.707316E-07  0.172216E-06  0.000000E+00  0.992778E+03  0.992778E+03  0.992778E+03 -0.234445E-04  0.514773E+03  0.514729E+03  0.107672E-05
  0.138318E+02  0.965955E+03  0.961198E+03 -0.666506E-07  0.307174E-07  0.000000E+00  0.965198E+03  0.965198E+03  0.965198E+03 -0.227932E-04  0.500472E+03  0.500429E+03  0.104223E-05
  0.140496E+02  0.939112E+03  0.934484E+03 -0.628045E-07  0.106988E-06  0.000000E+00  0.938375E+03  0.938375E+03  0.938375E+03 -0.221598E-04  0.486564E+03  0.486522E+03  0.100906E-05
  0.142709E+02  0.913006E+03  0.908504E+03 -0.591798E-07  0.331487E-07  0.000000E+00  0.912290E+03  0.912290E+03  0.912290E+03 -0.215438E-04  0.473038E+03  0.472997E+03  0.977158E-06
  0.144956E+02  0.887619E+03  0.883239E+03 -0.557639E-07  0.461353E-07  0.000000E+00  0.886922E+03  0.886922E+03  0.886922E+03 -0.209447E-04  0.459885E+03  0.459844E+03  0.946475E-06
  0.147239E+02  0.862929E+03  0.858668E+03 -0.525446E-07  0.870964E-07  0.000000E+00  0.862251E+03  0.862251E+03  0.862251E+03 -0.203621E-04  0.447093E+03  0.447052E+03  0.916959E-06
  0.149558E+02  0.838919E+03  0.834774E+03 -0.495107E-07  0.349098E-07  0.000000E+00  0.838260E+03  0.838260E+03  0.838260E+03 -0.197956E-04  0.434653E+03  0.434613E+03  0.888563E-06
  0.151913E+02  0.815570E+03  0.811537E+03 -0.466516E-07  0.120511E-06  0.000000E+00  0.814928E+03  0.814928E+03  0.814928E+03 -0.192446E-04  0.422555E+03  0.422516E+03  0.861240E-06
  0.154305E+02  0.792863E+03  0.788939E+03 -0.439572E-07  0.274445E-08  0.000000E+00  0.792239E+03  0.792239E+03  0.792239E+03 -0.187088E-04  0.410790E+03  0.410751E+03  0.834947E-06
  0.156735E+02  0.770781E+03  0.766964E+03 -0.414180E-07 -0.122537E-08  0.000000E+00  0.770174E+03  0.770174E+03  0.770174E+03 -0.181877E-04  0.399349E+03  0.399311E+03  0.809641E-06
  0.159203E+02  0.749308E+03  0.745594E+03 -0.390251E-07  0.450908E-07  0.000000E+00  0.748717E+03  0.748717E+03  0.748717E+03 -0.176810E-04  0.388223E+03  0.388186E+03  0.785282E-06
  0.161710E+02  0.728427E+03  0.724813E+03 -0.367702E-07  0.112646E-06  0.000000E+00  0.727852E+03  0.727852E+03  0.727852E+03 -0.171883E-04  0.377405E+03  0.377368E+03  0.761833E-06
  0.164257E+02  0.708122E+03  0.704606E+03 -0.346453E-07  0.129213E-06  0.000000E+00  0.707562E+03  0.707562E+03  0.707562E+03 -0.167091E-04  0.366884E+03  0.366848E+03  0.739254E-06
  0.166844E+02  0.688377E+03  0.684955E+03 -0.326429E-07  0.109696E-06  0.000000E+00  0.687832E+03  0.687832E+03  0.687832E+03 -0.162432E-04  0.356654E+03  0.356618E+03  0.717512E-06
  0.169471E+02  0.669176E+03  0.665847E+03 -0.307559E-07 -0.618045E-08  0.000000E+00  0.668646E+03  0.668646E+03  0.668646E+03 -0.157901E-04  0.346705E+03  0.346670E+03  0.696571E-06
  0.172140E+02  0.650505E+03  0.647266E+03 -0.289778E-07  0.101798E-06  0.000000E+00  0.649990E+03  0.649990E+03  0.649990E+03 -0.153496E-04  0.337032E+03  0.336997E+03  0.676400E-06
  0.174851E+02  0.632350E+03  0.629198E+03 -0.273022E-07  0.622953E-07  0.000000E+00  0.631849E+03  0.631849E+03  0.631849E+03 -0.149211E-04  0.327625E+03  0.327591E+03  0.656967E-06
  0.177604E+02  0.614697E+03  0.611630E+03 -0.257233E-07  0.803336E-07  0.000000E+00  0.614209E+03  0.614209E+03  0.614209E+03 -0.145046E-04  0.318479E+03  0.318445E+03  0.638243E-06
  0.180401E+02  0.597531E+03  0.594547E+03 -0.242355E-07  0.563677E-07  0.000000E+00  0.597056E+03  0.597056E+03  0.597056E+03 -0.140995E-04  0.309585E+03  0.309551E+03  0.620198E-06
  0.183242E+02  0.580840E+03  0.577935E+03 -0.228336E-07  0.259433E-07  0.000000E+00  0.580378E+03  0.580378E+03  0.580378E+03 -0.137057E-04  0.300937E+03  0.300904E+03  0.602805E-06
  0.186128E+02  0.564610E+03  0.561783E+03 -0.215125E-07  0.371795E-07  0.000000E+00  0.564160E+03  0.564160E+03  0.564160E+03 -0.133227E-04  0.292528E+03  0.292495E+03  0.586038E-06
  0.189059E+02  0.548828E+03  0.546078E+03 -0.202677E-07  0.532931E-07  0.000000E+00  0.548391E+03  0.548391E+03  0.548391E+03 -0.129503E-04  0.284351E+03  0.284319E+03  0.569871E-06
  0.192036E+02  0.533484E+03  0.530808E+03 -0.190948E-07  0.461714E-07  0.000000E+00  0.533058E+03  0.533058E+03  0.533058E+03 -0.125882E-04  0.276401E+03  0.276369E+03  0.554281E-06
  0.195060E+02  0.518565E+03  0.515960E+03 -0.179896E-07 -0.532773E-08  0.000000E+00  0.518150E+03  0.518150E+03  0.518150E+03 -0.122361E-04  0.268671E+03  0.268639E+03  0.539244E-06
  0.198132E+02  0.504058E+03  0.501523E+03 -0.169483E-07  0.593657E-07  0.000000E+00  0.503655E+03  0.503655E+03  0.503655E+03 -0.118938E-04  0.261155E+03  0.261123E+03  0.524738E-06
  0.201252E+02  0.489953E+03  0.487486E+03 -0.159671E-07  0.487615E-07  0.000000E+00  0.489560E+03  0.489560E+03  0.489560E+03 -0.115610E-04  0.253847E+03  0.253816E+03  0.510742E-06
  0.204421E+02  0.476239E+03  0.473837E+03 -0.150425E-07 -0.661606E-09  0.000000E+00  0.475857E+03  0.475857E+03  0.475857E+03 -0.112374E-04  0.246741E+03  0.246711E+03  0.497235E-06
  0.207640E+02  0.462905E+03  0.460567E+03 -0.141714E-07 -0.116607E-07  0.000000E+00  0.462533E+03  0.462533E+03  0.462533E+03 -0.109227E-04  0.239832E+03  0.239802E+03  0.484198E-06
  0.210910E+02  0.449941E+03  0.447665E+03 -0.133506E-07 -0.103005E-07  0.000000E+00  0.449579E+03  0.449579E+03  0.449579E+03 -0.106168E-04  0.233115E+03  0.233086E+03  0.471613E-06
  0.214232E+02  0.437336E+03  0.435121E+03 -0.125772E-07  0.937014E-08  0.000000E+00  0.436984E+03  0.436984E+03  0.436984E+03 -0.103194E-04  0.226585E+03  0.226555E+03  0.459460E-06
  0.217605E+02  0.425081E+03  0.422925E+03 -0.118486E-07  0.300237E-07  0.000000E+00  0.424738E+03  0.424738E+03  0.424738E+03 -0.100302E-04  0.220235E+03  0.220206E+03  0.447724E-06
  0.221032E+02  0.413166E+03  0.411067E+03 -0.111621E-07  0.244306E-07  0.000000E+00  0.412832E+03  0.412832E+03  0.412832E+03 -0.974905E-05  0.214062E+03  0.214033E+03  0.436387E-06
  0.224513E+02  0.401582E+03  0.399538E+03 -0.105152E-07 -0.100487E-07  0.000000E+00  0.401256E+03  0.401256E+03  0.401256E+03 -0.947569E-05  0.208060E+03  0.208031E+03  0.425433E-06
  0.228048E+02  0.390319E+03  0.388330E+03 -0.990579E-08  0.170076E-07  0.000000E+00  0.390003E+03  0.390003E+03  0.390003E+03 -0.920993E-05  0.202224E+03  0.202196E+03  0.414849E-06
  0.231640E+02  0.379369E+03  0.377433E+03 -0.933160E-08 -0.928661E-08  0.000000E+00  0.379061E+03  0.379061E+03  0.379061E+03 -0.895155E-05  0.196551E+03  0.196523E+03  0.404618E-06
  0.235287E+02  0.368724E+03  0.366838E+03 -0.879061E-08 -0.777462E-08  0.000000E+00  0.368424E+03  0.368424E+03  0.368424E+03 -0.870035E-05  0.191035E+03  0.191008E+03  0.394728E-06
  0.238993E+02  0.358374E+03  0.356538E+03 -0.828093E-08  0.140800E-07  0.000000E+00  0.358082E+03  0.358082E+03  0.358082E+03 -0.845613E-05  0.185673E+03  0.185645E+03  0.385164E-06
  0.242756E+02  0.348312E+03  0.346525E+03 -0.780073E-08  0.263593E-07  0.000000E+00  0.348028E+03  0.348028E+03  0.348028E+03 -0.821870E-05  0.180460E+03  0.180432E+03  0.375915E-06
  0.246579E+02  0.338530E+03  0.336790E+03 -0.734832E-08  0.110979E-07  0.000000E+00  0.338253E+03  0.338253E+03  0.338253E+03 -0.798788E-05  0.175392E+03  0.175364E+03  0.366967E-06
  0.250462E+02  0.329021E+03  0.327325E+03 -0.692210E-08  0.167261E-07  0.000000E+00  0.328751E+03  0.328751E+03  0.328751E+03 -0.776347E-05  0.170464E+03  0.170437E+03  0.358310E-06
  0.254406E+02  0.319775E+03  0.318125E+03 -0.652054E-08  0.356671E-08  0.000000E+00  0.319513E+03  0.319513E+03  0.319513E+03 -0.754531E-05  0.165674E+03  0.165648E+03  0.349931E-06
  0.258413E+02  0.310788E+03  0.309180E+03 -0.614222E-08  0.398024E-08  0.000000E+00  0.310532E+03  0.310532E+03  0.310532E+03 -0.733322E-05  0.161017E+03  0.160991E+03  0.341821E-06
  0.262482E+02  0.302050E+03  0.300484E+03 -0.578581E-08  0.190590E-07  0.000000E+00  0.301801E+03  0.301801E+03  0.301801E+03 -0.712704E-05  0.156490E+03  0.156464E+03  0.333968E-06
  0.266615E+02  0.293556E+03  0.292030E+03 -0.545004E-08 -0.607976E-08  0.000000E+00  0.293313E+03  0.293313E+03  0.293313E+03 -0.692660E-05  0.152089E+03  0.152063E+03  0.326363E-06
  0.270814E+02  0.285298E+03  0.283812E+03 -0.513371E-08  0.168039E-07  0.000000E+00  0.285062E+03  0.285062E+03  0.285062E+03 -0.673175E-05  0.147811E+03  0.147785E+03  0.318996E-06
  0.275079E+02  0.277271E+03  0.275823E+03 -0.483570E-08 -0.147458E-08  0.000000E+00  0.277040E+03  0.277040E+03  0.277040E+03 -0.654233E-05  0.143652E+03  0.143626E+03  0.311858E-06
  0.279411E+02  0.269467E+03  0.268057E+03 -0.455496E-08 -0.294165E-08  0.000000E+00  0.269243E+03  0.269243E+03  0.269243E+03 -0.635819E-05  0.139608E+03  0.139583E+03  0.304941E-06
  0.283811E+02  0.261881E+03  0.260508E+03 -0.429048E-08  0.130533E-07  0.000000E+00  0.261663E+03  0.261663E+03  0.261663E+03 -0.617918E-05  0.135678E+03  0.135653E+03  0.298236E-06
  0.288280E+02  0.254507E+03  0.253169E+03 -0.404132E-08  0.983844E-08  0.000000E+00  0.254294E+03  0.254294E+03  0.254294E+03 -0.600517E-05  0.131857E+03  0.131832E+03  0.291736E-06
  0.292820E+02  0.247338E+03  0.246034E+03 -0.380660E-08  0.116477E-07  0.000000E+00  0.247131E+03  0.247131E+03  0.247131E+03 -0.583601E-05  0.128143E+03  0.128118E+03  0.285431E-06
  0.297431E+02  0.240370E+03  0.239099E+03 -0.358549E-08  0.837906E-08  0.000000E+00  0.240168E+03  0.240168E+03  0.240168E+03 -0.567157E-05  0.124533E+03  0.124508E+03  0.279316E-06
  0.302115E+02  0.233596E+03  0.232358E+03 -0.337720E-08  0.784917E-08  0.000000E+00  0.233399E+03  0.233399E+03  0.233399E+03 -0.551173E-05  0.121023E+03  0.120998E+03  0.273382E-06
  0.306872E+02  0.227011E+03  0.225804E+03 -0.318097E-08  0.490615E-08  0.000000E+00  0.226819E+03  0.226819E+03  0.226819E+03 -0.535635E-05  0.117611E+03  0.117587E+03  0.267623E-06
  0.311705E+02  0.220610E+03  0.219434E+03 -0.299613E-08  0.842560E-08  0.000000E+00  0.220423E+03  0.220423E+03  0.220423E+03 -0.520531E-05  0.114295E+03  0.114270E+03  0.262033E-06
  0.316614E+02  0.214388E+03  0.213242E+03 -0.282201E-08 -0.299976E-08  0.000000E+00  0.214206E+03  0.214206E+03  0.214206E+03 -0.505849E-05  0.111071E+03  0.111047E+03  0.256606E-06
  0.321600E+02  0.208340E+03  0.207223E+03 -0.265797E-08  0.693821E-08  0.000000E+00  0.208162E+03  0.208162E+03  0.208162E+03 -0.491577E-05  0.107937E+03  0.107913E+03  0.251335E-06
  0.326664E+02  0.202461E+03  0.201372E+03 -0.250346E-08 -0.165440E-08  0.000000E+00  0.202288E+03  0.202288E+03  0.202288E+03 -0.477705E-05  0.104891E+03  0.104867E+03  0.246214E-06
  0.331808E+02  0.196747E+03  0.195685E+03 -0.235791E-08  0.580871E-08  0.000000E+00  0.196578E+03  0.196578E+03  0.196578E+03 -0.464220E-05  0.101931E+03  0.101907E+03  0.241238E-06
  0.337034E+02  0.191192E+03  0.190156E+03 -0.222081E-08  0.321253E-08  0.000000E+00  0.191027E+03  0.191027E+03  0.191027E+03 -0.451113E-05  0.990526E+02  0.990288E+02  0.236403E-06
  0.342341E+02  0.185793E+03  0.184783E+03 -0.209166E-08  0.497366E-08  0.000000E+00  0.185632E+03  0.185632E+03  0.185632E+03 -0.438372E-05  0.962552E+02  0.962314E+02  0.231702E-06
  0.347732E+02  0.180545E+03  0.179560E+03 -0.197000E-08 -0.224028E-08  0.000000E+00  0.180388E+03  0.180388E+03  0.180388E+03 -0.425988E-05  0.935360E+02  0.935124E+02  0.227130E-06
  0.353208E+02  0.175444E+03  0.174483E+03 -0.185541E-08  0.301890E-08  0.000000E+00  0.175291E+03  0.175291E+03  0.175291E+03 -0.413951E-05  0.908930E+02  0.908695E+02  0.222684E-06
  0.358770E+02  0.170486E+03  0.169548E+03 -0.174747E-08  0.400477E-08  0.000000E+00  0.170336E+03  0.170336E+03  0.170336E+03 -0.402251E-05  0.883240E+02  0.883005E+02  0.218359E-06
  0.364420E+02  0.165666E+03  0.164752E+03 -0.164579E-08 -0.476408E-09  0.000000E+00  0.165521E+03  0.165521E+03  0.165521E+03 -0.390878E-05  0.858270E+02  0.858036E+02  0.214150E-06
  0.370159E+02  0.160982E+03  0.160090E+03 -0.155002E-08 -0.160462E-09  0.000000E+00  0.160840E+03  0.160840E+03  0.160840E+03 -0.379824E-05  0.833999E+02  0.833766E+02  0.210054E-06
  0.375988E+02  0.156429E+03  0.155559E+03 -0.145981E-08  0.191372E-08  0.000000E+00  0.156290E+03  0.156290E+03  0.156290E+03 -0.369080E-05  0.810409E+02  0.810176E+02  0.206065E-06
  0.381909E+02  0.152003E+03  0.151154E+03 -0.137484E-08  0.223983E-08  0.000000E+00  0.151868E+03  0.151868E+03  0.151868E+03 -0.358638E-05  0.787479E+02  0.787248E+02  0.202181E-06
  0.387923E+02  0.147702E+03  0.146873E+03 -0.129480E-08 -0.993397E-09  0.000000E+00  0.147570E+03  0.147570E+03  0.147570E+03 -0.348488E-05  0.765193E+02  0.764962E+02  0.198398E-06
  0.394032E+02  0.143521E+03  0.142712E+03 -0.121942E-08  0.102423E-08  0.000000E+00  0.143393E+03  0.143393E+03  0.143393E+03 -0.338622E-05  0.743532E+02  0.743302E+02  0.194713E-06
  0.400237E+02  0.139458E+03  0.138668E+03 -0.114841E-08  0.804000E-09  0.000000E+00  0.139332E+03  0.139332E+03  0.139332E+03 -0.329034E-05  0.722479E+02  0.722250E+02  0.191121E-06
  0.406540E+02  0.135509E+03  0.134738E+03 -0.108153E-08 -0.840711E-09  0.000000E+00  0.135386E+03  0.135386E+03  0.135386E+03 -0.319715E-05  0.702016E+02  0.701788E+02  0.187620E-06
  0.412942E+02  0.131670E+03  0.130918E+03 -0.101853E-08  0.577742E-09  0.000000E+00  0.131550E+03  0.131550E+03  0.131550E+03 -0.310657E-05  0.682128E+02  0.681900E+02  0.184207E-06
  0.419445E+02  0.127939E+03  0.127205E+03 -0.959202E-09 -0.111154E-08  0.000000E+00  0.127822E+03  0.127822E+03  0.127822E+03 -0.301854E-05  0.662799E+02  0.662571E+02  0.180878E-06
  0.426050E+02  0.124313E+03  0.123596E+03 -0.903318E-09 -0.920715E-09  0.000000E+00  0.124199E+03  0.124199E+03  0.124199E+03 -0.293297E-05  0.644012E+02  0.643785E+02  0.177632E-06
  0.432760E+02  0.120789E+03  0.120088E+03 -0.850682E-09 -0.806305E-09  0.000000E+00  0.120678E+03  0.120678E+03  0.120678E+03 -0.284981E-05  0.625753E+02  0.625527E+02  0.174464E-06
  0.439575E+02  0.117364E+03  0.116680E+03 -0.801107E-09  0.755493E-09  0.000000E+00  0.117255E+03  0.117255E+03  0.117255E+03 -0.276899E-05  0.608007E+02  0.607781E+02  0.171373E-06
  0.446497E+02  0.114036E+03  0.113367E+03 -0.754415E-09 -0.852874E-09  0.000000E+00  0.113929E+03  0.113929E+03  0.113929E+03 -0.269044E-05  0.590760E+02  0.590535E+02  0.168355E-06
  0.453528E+02  0.110800E+03  0.110147E+03 -0.710438E-09  0.990168E-09  0.000000E+00  0.110696E+03  0.110696E+03  0.110696E+03 -0.261410E-05  0.573998E+02  0.573773E+02  0.165409E-06
  0.460670E+02  0.107656E+03  0.107017E+03 -0.669019E-09 -0.916344E-09  0.000000E+00  0.107555E+03  0.107555E+03  0.107555E+03 -0.253991E-05  0.557707E+02  0.557482E+02  0.162532E-06
  0.467925E+02  0.104600E+03  0.103976E+03 -0.630011E-09 -0.515047E-10  0.000000E+00  0.104501E+03  0.104501E+03  0.104501E+03 -0.246780E-05  0.541874E+02  0.541650E+02  0.159722E-06
  0.475293E+02  0.101631E+03  0.101020E+03 -0.593270E-09 -0.834906E-09  0.000000E+00  0.101534E+03  0.101534E+03  0.101534E+03 -0.239772E-05  0.526487E+02  0.526263E+02  0.156977E-06
  0.482778E+02  0.987444E+02  0.981479E+02 -0.558668E-09 -0.537328E-09  0.000000E+00  0.986495E+02  0.986495E+02  0.986495E+02 -0.232961E-05  0.511533E+02  0.511309E+02  0.154294E-06
  0.490381E+02  0.959395E+02  0.953561E+02 -0.526080E-09  0.394364E-09  0.000000E+00  0.958466E+02  0.958466E+02  0.958466E+02 -0.226342E-05  0.496999E+02  0.496776E+02  0.151672E-06
  0.498103E+02  0.932135E+02  0.926430E+02 -0.495390E-09 -0.776703E-09  0.000000E+00  0.931227E+02  0.931227E+02  0.931227E+02 -0.219910E-05  0.482875E+02  0.482653E+02  0.149109E-06
  0.505947E+02  0.905642E+02  0.900062E+02 -0.466482E-09 -0.273914E-09  0.000000E+00  0.904754E+02  0.904754E+02  0.904754E+02 -0.213658E-05  0.469149E+02  0.468927E+02  0.146602E-06
  0.513915E+02  0.879896E+02  0.874438E+02 -0.439260E-09  0.496847E-09  0.000000E+00  0.879027E+02  0.879027E+02  0.879027E+02 -0.207583E-05  0.455809E+02  0.455587E+02  0.144150E-06
  0.522008E+02  0.854875E+02  0.849535E+02 -0.413623E-09 -0.713210E-09  0.000000E+00  0.854025E+02  0.854025E+02  0.854025E+02 -0.201679E-05  0.442845E+02  0.442624E+02  0.141752E-06
  0.530228E+02  0.830560E+02  0.825334E+02 -0.389478E-09 -0.756068E-09  0.000000E+00  0.829728E+02  0.829728E+02  0.829728E+02 -0.195941E-05  0.430247E+02  0.430025E+02  0.139406E-06
  0.538578E+02  0.806929E+02  0.801815E+02 -0.366740E-09 -0.698366E-09  0.000000E+00  0.806115E+02  0.806115E+02  0.806115E+02 -0.190365E-05  0.418003E+02  0.417782E+02  0.137109E-06
  0.547059E+02  0.783965E+02  0.778959E+02 -0.345325E-09 -0.675200E-09  0.000000E+00  0.783169E+02  0.783169E+02  0.783169E+02 -0.184946E-05  0.406105E+02  0.405884E+02  0.134862E-06
  0.555674E+02  0.761649E+02  0.756747E+02 -0.325159E-09  0.316266E-11  0.000000E+00  0.760869E+02  0.760869E+02  0.760869E+02 -0.179680E-05  0.394543E+02  0.394322E+02  0.132661E-06
  0.564425E+02  0.739962E+02  0.735162E+02 -0.306166E-09 -0.432131E-09  0.000000E+00  0.739198E+02  0.739198E+02  0.739198E+02 -0.174562E-05  0.383306E+02  0.383085E+02  0.130506E-06
  0.573313E+02  0.718887E+02  0.714186E+02 -0.288282E-09 -0.311182E-09  0.000000E+00  0.718139E+02  0.718139E+02  0.718139E+02 -0.169589E-05  0.372386E+02  0.372166E+02  0.128395E-06
  0.582342E+02  0.698407E+02  0.693802E+02 -0.271440E-09 -0.571261E-09  0.000000E+00  0.697674E+02  0.697674E+02  0.697674E+02 -0.164756E-05  0.361775E+02  0.361555E+02  0.126328E-06
  0.591512E+02  0.678505E+02  0.673993E+02 -0.255577E-09 -0.430131E-09  0.000000E+00  0.677787E+02  0.677787E+02  0.677787E+02 -0.160060E-05  0.351463E+02  0.351243E+02  0.124302E-06
  0.600827E+02  0.659165E+02  0.654744E+02 -0.240640E-09 -0.612626E-09  0.000000E+00  0.658461E+02  0.658461E+02  0.658461E+02 -0.155496E-05  0.341443E+02  0.341222E+02  0.122317E-06
  0.610289E+02  0.640371E+02  0.636038E+02 -0.226574E-09  0.246011E-09  0.000000E+00  0.639682E+02  0.639682E+02  0.639682E+02 -0.151061E-05  0.331705E+02  0.331485E+02  0.120372E-06
  0.619899E+02  0.622108E+02  0.617860E+02 -0.213329E-09 -0.576040E-09  0.000000E+00  0.621432E+02  0.621432E+02  0.621432E+02 -0.146752E-05  0.322242E+02  0.322022E+02  0.118464E-06
  0.629662E+02  0.604361E+02  0.600196E+02 -0.200855E-09 -0.376955E-09  0.000000E+00  0.603698E+02  0.603698E+02  0.603698E+02 -0.142564E-05  0.313047E+02  0.312827E+02  0.116594E-06
  0.639577E+02  0.587115E+02  0.583031E+02 -0.189110E-09 -0.366654E-09  0.000000E+00  0.586465E+02  0.586465E+02  0.586465E+02 -0.138494E-05  0.304112E+02  0.303892E+02  0.114760E-06
  0.649649E+02  0.570357E+02  0.566350E+02 -0.178048E-09  0.229988E-09  0.000000E+00  0.569719E+02  0.569719E+02  0.569719E+02 -0.134540E-05  0.295429E+02  0.295209E+02  0.112961E-06
  0.659880E+02  0.554072E+02  0.550142E+02 -0.167633E-09 -0.382418E-09  0.000000E+00  0.553447E+02  0.553447E+02  0.553447E+02 -0.130697E-05  0.286991E+02  0.286771E+02  0.111197E-06
  0.670271E+02  0.538248E+02  0.534392E+02 -0.157826E-09  0.179105E-09  0.000000E+00  0.537634E+02  0.537634E+02  0.537634E+02 -0.126963E-05  0.278792E+02  0.278572E+02  0.109466E-06
  0.680826E+02  0.522872E+02  0.519087E+02 -0.148590E-09 -0.486286E-09  0.000000E+00  0.522269E+02  0.522269E+02  0.522269E+02 -0.123334E-05  0.270825E+02  0.270605E+02  0.107767E-06
  0.691548E+02  0.507930E+02  0.504215E+02 -0.139893E-09 -0.420954E-09  0.000000E+00  0.507339E+02  0.507339E+02  0.507339E+02 -0.119808E-05  0.263084E+02  0.262864E+02  0.106099E-06
  0.702438E+02  0.493412E+02  0.489764E+02 -0.131704E-09 -0.462607E-09  0.000000E+00  0.492831E+02  0.492831E+02  0.492831E+02 -0.116382E-05  0.255561E+02  0.255341E+02  0.104462E-06
  0.713500E+02  0.479304E+02  0.475721E+02 -0.123993E-09  0.897907E-10  0.000000E+00  0.478734E+02  0.478734E+02  0.478734E+02 -0.113053E-05  0.248252E+02  0.248032E+02  0.102855E-06
  0.724736E+02  0.465596E+02  0.462076E+02 -0.116732E-09  0.123939E-09  0.000000E+00  0.465036E+02  0.465036E+02  0.465036E+02 -0.109818E-05  0.241149E+02  0.240929E+02  0.101277E-06
  0.736149E+02  0.452275E+02  0.448818E+02 -0.109895E-09  0.726432E-10  0.000000E+00  0.451725E+02  0.451725E+02  0.451725E+02 -0.106675E-05  0.234247E+02  0.234027E+02  0.997276E-07
  0.747741E+02  0.439332E+02  0.435935E+02 -0.103458E-09  0.116404E-09  0.000000E+00  0.438792E+02  0.438792E+02  0.438792E+02 -0.103621E-05  0.227541E+02  0.227321E+02  0.982054E-07
  0.759517E+02  0.426756E+02  0.423416E+02 -0.973957E-10 -0.149230E-09  0.000000E+00  0.426224E+02  0.426224E+02  0.426224E+02 -0.100653E-05  0.221025E+02  0.220804E+02  0.967102E-07
  0.771477E+02  0.414536E+02  0.411253E+02 -0.916885E-10  0.132140E-09  0.000000E+00  0.414013E+02  0.414013E+02  0.414013E+02 -0.977695E-06  0.214693E+02  0.214473E+02  0.952411E-07
  0.783626E+02  0.402662E+02  0.399433E+02 -0.863150E-10 -0.157802E-09  0.000000E+00  0.402148E+02  0.402148E+02  0.402148E+02 -0.949675E-06  0.208541E+02  0.208320E+02  0.937976E-07
  0.795967E+02  0.391124E+02  0.387949E+02 -0.812550E-10  0.817787E-11  0.000000E+00  0.390619E+02  0.390619E+02  0.390619E+02 -0.922449E-06  0.202563E+02  0.202342E+02  0.923789E-07
  0.808501E+02  0.379914E+02  0.376791E+02 -0.764901E-10 -0.147915E-09  0.000000E+00  0.379417E+02  0.379417E+02  0.379417E+02 -0.895996E-06  0.196755E+02  0.196534E+02  0.909845E-07
  0.821233E+02  0.369022E+02  0.365948E+02 -0.720043E-10  0.121869E-09  0.000000E+00  0.368532E+02  0.368532E+02  0.368532E+02 -0.870292E-06  0.191111E+02  0.190890E+02  0.896138E-07
  0.834166E+02  0.358438E+02  0.355413E+02 -0.677806E-10 -0.378588E-09  0.000000E+00  0.357957E+02  0.357957E+02  0.357957E+02 -0.845317E-06  0.185627E+02  0.185406E+02  0.882661E-07
  0.847302E+02  0.348155E+02  0.345177E+02 -0.638039E-10 -0.151532E-09  0.000000E+00  0.347681E+02  0.347681E+02  0.347681E+02 -0.821051E-06  0.180299E+02  0.180078E+02  0.869410E-07
  0.860645E+02  0.338163E+02  0.335232E+02 -0.600601E-10 -0.597630E-10  0.000000E+00  0.337697E+02  0.337697E+02  0.337697E+02 -0.797473E-06  0.175122E+02  0.174901E+02  0.856380E-07
  0.874198E+02  0.328455E+02  0.325568E+02 -0.565350E-10 -0.319582E-09  0.000000E+00  0.327996E+02  0.327996E+02  0.327996E+02 -0.774564E-06  0.170092E+02  0.169871E+02  0.843564E-07
  0.887965E+02  0.319023E+02  0.316179E+02 -0.532165E-10  0.226548E-10  0.000000E+00  0.318570E+02  0.318570E+02  0.318570E+02 -0.752306E-06  0.165205E+02  0.164984E+02  0.830958E-07
  0.901948E+02  0.309858E+02  0.307056E+02 -0.500913E-10  0.994817E-10  0.000000E+00  0.309412E+02  0.309412E+02  0.309412E+02 -0.730679E-06  0.160456E+02  0.160235E+02  0.818556E-07
  0.916152E+02  0.300954E+02  0.298192E+02 -0.471493E-10 -0.255485E-09  0.000000E+00  0.300514E+02  0.300514E+02  0.300514E+02 -0.709666E-06  0.155842E+02  0.155621E+02  0.806355E-07
  0.930579E+02  0.292302E+02  0.289580E+02 -0.443791E-10 -0.255667E-09  0.000000E+00  0.291869E+02  0.291869E+02  0.291869E+02 -0.689250E-06  0.151360E+02  0.151138E+02  0.794350E-07
  0.945234E+02  0.283896E+02  0.281213E+02 -0.417721E-10 -0.298177E-09  0.000000E+00  0.283469E+02  0.283469E+02  0.283469E+02 -0.669414E-06  0.147004E+02  0.146783E+02  0.782536E-07
  0.960119E+02  0.275729E+02  0.273083E+02 -0.393171E-10 -0.573940E-10  0.000000E+00  0.275308E+02  0.275308E+02  0.275308E+02 -0.650142E-06  0.142773E+02  0.142551E+02  0.770908E-07
  0.975239E+02  0.267794E+02  0.265184E+02 -0.370056E-10  0.639862E-10  0.000000E+00  0.267379E+02  0.267379E+02  0.267379E+02 -0.631417E-06  0.138661E+02  0.138439E+02  0.759463E-07
  0.990597E+02  0.260085E+02  0.257509E+02 -0.348293E-10  0.609007E-10  0.000000E+00  0.259675E+02  0.259675E+02  0.259675E+02 -0.613224E-06  0.134667E+02  0.134445E+02  0.748197E-07
  0.100620E+03  0.252595E+02  0.250053E+02 -0.327814E-10  0.342181E-10  0.000000E+00  0.252190E+02  0.252190E+02  0.252190E+02 -0.595549E-06  0.130786E+02  0.130564E+02  0.737106E-07
  0.102204E+03  0.245317E+02  0.242809E+02 -0.308529E-10 -0.234097E-09  0.000000E+00  0.244918E+02  0.244918E+02  0.244918E+02 -0.578376E-06  0.127015E+02  0.126793E+02  0.726186E-07
  0.103814E+03  0.238247E+02  0.235771E+02 -0.290371E-10 -0.233522E-09  0.000000E+00  0.237853E+02  0.237853E+02  0.237853E+02 -0.561691E-06  0.123352E+02  0.123129E+02  0.715432E-07
  0.105448E+03  0.231378E+02  0.228932E+02 -0.273280E-10 -0.240177E-09  0.000000E+00  0.230989E+02  0.230989E+02  0.230989E+02 -0.545481E-06  0.119793E+02  0.119570E+02  0.704843E-07
  0.107109E+03  0.224704E+02  0.222289E+02 -0.257192E-10  0.536129E-10  0.000000E+00  0.224320E+02  0.224320E+02  0.224320E+02 -0.529732E-06  0.116335E+02  0.116112E+02  0.694413E-07
  0.108796E+03  0.218220E+02  0.215834E+02 -0.242044E-10 -0.225388E-09  0.000000E+00  0.217840E+02  0.217840E+02  0.217840E+02 -0.514432E-06  0.112975E+02  0.112752E+02  0.684141E-07
  0.110509E+03  0.211921E+02  0.209563E+02 -0.227788E-10  0.226463E-10  0.000000E+00  0.211546E+02  0.211546E+02  0.211546E+02 -0.499566E-06  0.109711E+02  0.109488E+02  0.674022E-07
  0.112249E+03  0.205801E+02  0.203471E+02 -0.214367E-10 -0.146344E-09  0.000000E+00  0.205430E+02  0.205430E+02  0.205430E+02 -0.485124E-06  0.106540E+02  0.106317E+02  0.664053E-07
  0.114017E+03  0.199855E+02  0.197552E+02 -0.201732E-10 -0.203455E-09  0.000000E+00  0.199488E+02  0.199488E+02  0.199488E+02 -0.471093E-06  0.103459E+02  0.103236E+02  0.654231E-07
  0.115812E+03  0.194078E+02  0.191801E+02 -0.189836E-10  0.322238E-10  0.000000E+00  0.193716E+02  0.193716E+02  0.193716E+02 -0.457462E-06  0.100466E+02  0.100243E+02  0.644554E-07
  0.117636E+03  0.188467E+02  0.186215E+02 -0.178640E-10  0.332975E-10  0.000000E+00  0.188108E+02  0.188108E+02  0.188108E+02 -0.444219E-06  0.975587E+01  0.973347E+01  0.635018E-07
  0.119489E+03  0.183015E+02  0.180787E+02 -0.168100E-10 -0.238715E-10  0.000000E+00  0.182660E+02  0.182660E+02  0.182660E+02 -0.431353E-06  0.947337E+01  0.945096E+01  0.625620E-07
  0.121370E+03  0.177718E+02  0.175514E+02 -0.158184E-10  0.489139E-10  0.000000E+00  0.177367E+02  0.177367E+02  0.177367E+02 -0.418854E-06  0.919893E+01  0.917651E+01  0.616358E-07
  0.123282E+03  0.172572E+02  0.170392E+02 -0.148843E-10 -0.162549E-09  0.000000E+00  0.172225E+02  0.172225E+02  0.172225E+02 -0.406711E-06  0.893231E+01  0.890987E+01  0.607229E-07
  0.125223E+03  0.167573E+02  0.165415E+02 -0.140058E-10  0.514825E-10  0.000000E+00  0.167230E+02  0.167230E+02  0.167230E+02 -0.394914E-06  0.867329E+01  0.865083E+01  0.598230E-07
  0.127195E+03  0.162716E+02  0.160580E+02 -0.131786E-10 -0.151163E-09  0.000000E+00  0.162376E+02  0.162376E+02  0.162376E+02 -0.383453E-06  0.842165E+01  0.839918E+01  0.589359E-07
  0.129198E+03  0.157998E+02  0.155884E+02 -0.123995E-10 -0.322231E-10  0.000000E+00  0.157662E+02  0.157662E+02  0.157662E+02 -0.372319E-06  0.817719E+01  0.815470E+01  0.580613E-07
  0.131233E+03  0.153415E+02  0.151321E+02 -0.116668E-10 -0.136178E-09  0.000000E+00  0.153082E+02  0.153082E+02  0.153082E+02 -0.361503E-06  0.793970E+01  0.791720E+01  0.571990E-07
  0.133299E+03  0.148962E+02  0.146888E+02 -0.109767E-10 -0.308190E-10  0.000000E+00  0.148632E+02  0.148632E+02  0.148632E+02 -0.350995E-06  0.770899E+01  0.768647E+01  0.563488E-07
  0.135399E+03  0.144636E+02  0.142582E+02 -0.103277E-10  0.497661E-10  0.000000E+00  0.144309E+02  0.144309E+02  0.144309E+02 -0.340788E-06  0.748486E+01  0.746232E+01  0.555104E-07
  0.137531E+03  0.140434E+02  0.138398E+02 -0.971664E-11 -0.138222E-09  0.000000E+00  0.140110E+02  0.140110E+02  0.140110E+02 -0.330871E-06  0.726712E+01  0.724458E+01  0.546836E-07
  0.139697E+03  0.136352E+02  0.134335E+02 -0.914127E-11 -0.121533E-09  0.000000E+00  0.136031E+02  0.136031E+02  0.136031E+02 -0.321238E-06  0.705560E+01  0.703305E+01  0.538681E-07
  0.141896E+03  0.132386E+02  0.130387E+02 -0.860002E-11  0.451631E-10  0.000000E+00  0.132068E+02  0.132068E+02  0.132068E+02 -0.311879E-06  0.685012E+01  0.682755E+01  0.530639E-07
  0.144131E+03  0.128534E+02  0.126552E+02 -0.809061E-11 -0.835744E-10  0.000000E+00  0.128218E+02  0.128218E+02  0.128218E+02 -0.302788E-06  0.665051E+01  0.662793E+01  0.522705E-07
  0.146401E+03  0.124791E+02  0.122826E+02 -0.761107E-11 -0.710643E-10  0.000000E+00  0.124479E+02  0.124479E+02  0.124479E+02 -0.293957E-06  0.645660E+01  0.643400E+01  0.514880E-07
  0.148706E+03  0.121156E+02  0.119207E+02 -0.715995E-11  0.290380E-11  0.000000E+00  0.120846E+02  0.120846E+02  0.120846E+02 -0.285378E-06  0.626823E+01  0.624562E+01  0.507160E-07
  0.151048E+03  0.117624E+02  0.115691E+02 -0.673511E-11  0.280144E-10  0.000000E+00  0.117317E+02  0.117317E+02  0.117317E+02 -0.277044E-06  0.608524E+01  0.606262E+01  0.499543E-07
  0.153427E+03  0.114193E+02  0.112276E+02 -0.633556E-11  0.406007E-10  0.000000E+00  0.113888E+02  0.113888E+02  0.113888E+02 -0.268948E-06  0.590749E+01  0.588486E+01  0.492028E-07
  0.155843E+03  0.110861E+02  0.108959E+02 -0.595936E-11 -0.859256E-10  0.000000E+00  0.110558E+02  0.110558E+02  0.110558E+02 -0.261084E-06  0.573481E+01  0.571217E+01  0.484614E-07
  0.158297E+03  0.107623E+02  0.105736E+02 -0.560562E-11 -0.762902E-11  0.000000E+00  0.107323E+02  0.107323E+02  0.107323E+02 -0.253444E-06  0.556707E+01  0.554442E+01  0.477297E-07
  0.160790E+03  0.104479E+02  0.102606E+02 -0.527232E-11 -0.664531E-10  0.000000E+00  0.104181E+02  0.104181E+02  0.104181E+02 -0.246023E-06  0.540413E+01  0.538147E+01  0.470077E-07
  0.163322E+03  0.101424E+02  0.995652E+01 -0.495890E-11 -0.309287E-10  0.000000E+00  0.101128E+02  0.101128E+02  0.101128E+02 -0.238814E-06  0.524585E+01  0.522318E+01  0.462952E-07
  0.165894E+03  0.984564E+01  0.966115E+01 -0.466410E-11 -0.784582E-10  0.000000E+00  0.981628E+01  0.981628E+01  0.981628E+01 -0.231812E-06  0.509210E+01  0.506943E+01  0.455919E-07
  0.168506E+03  0.955739E+01  0.937424E+01 -0.438654E-11 -0.675442E-11  0.000000E+00  0.952824E+01  0.952824E+01  0.952824E+01 -0.225010E-06  0.494275E+01  0.492007E+01  0.448978E-07
  0.171160E+03  0.927739E+01  0.909555E+01 -0.412532E-11  0.457648E-11  0.000000E+00  0.924845E+01  0.924845E+01  0.924845E+01 -0.218403E-06  0.479768E+01  0.477499E+01  0.442127E-07
  0.173855E+03  0.900541E+01  0.882485E+01 -0.387960E-11 -0.377191E-10  0.000000E+00  0.897668E+01  0.897668E+01  0.897668E+01 -0.211985E-06  0.465676E+01  0.463407E+01  0.435364E-07
  0.176593E+03  0.874122E+01  0.856190E+01 -0.364854E-11 -0.726920E-10  0.000000E+00  0.871268E+01  0.871268E+01  0.871268E+01 -0.205751E-06  0.451987E+01  0.449718E+01  0.428688E-07
  0.179374E+03  0.848460E+01  0.830650E+01 -0.343100E-11  0.281466E-10  0.000000E+00  0.845625E+01  0.845625E+01  0.845625E+01 -0.199695E-06  0.438691E+01  0.436421E+01  0.422097E-07
  0.182199E+03  0.823533E+01  0.805842E+01 -0.322625E-11 -0.137591E-10  0.000000E+00  0.820718E+01  0.820718E+01  0.820718E+01 -0.193813E-06  0.425776E+01  0.423506E+01  0.415591E-07
  0.185068E+03  0.799321E+01  0.781746E+01 -0.303373E-11 -0.127565E-10  0.000000E+00  0.796524E+01  0.796524E+01  0.796524E+01 -0.188100E-06  0.413231E+01  0.410961E+01  0.409166E-07
  0.187982E+03  0.775803E+01  0.758342E+01 -0.285242E-11  0.967476E-11  0.000000E+00  0.773024E+01  0.773024E+01  0.773024E+01 -0.182550E-06  0.401046E+01  0.398776E+01  0.402823E-07
  0.190942E+03  0.752959E+01  0.735610E+01 -0.268207E-11  0.293162E-10  0.000000E+00  0.750198E+01  0.750198E+01  0.750198E+01 -0.177160E-06  0.389210E+01  0.386940E+01  0.396560E-07
  0.193949E+03  0.730770E+01  0.713531E+01 -0.252170E-11 -0.570652E-10  0.000000E+00  0.728027E+01  0.728027E+01  0.728027E+01 -0.171924E-06  0.377714E+01  0.375445E+01  0.390375E-07
  0.197004E+03  0.709219E+01  0.692087E+01 -0.237077E-11 -0.639983E-10  0.000000E+00  0.706492E+01  0.706492E+01  0.706492E+01 -0.166839E-06  0.366548E+01  0.364279E+01  0.384267E-07
  0.200106E+03  0.688285E+01  0.671259E+01 -0.222884E-11 -0.612937E-10  0.000000E+00  0.685576E+01  0.685576E+01  0.685576E+01 -0.161899E-06  0.355703E+01  0.353434E+01  0.378235E-07
  0.203257E+03  0.667953E+01  0.651031E+01 -0.209531E-11 -0.538351E-10  0.000000E+00  0.665260E+01  0.665260E+01  0.665260E+01 -0.157102E-06  0.345169E+01  0.342900E+01  0.372278E-07
  0.206458E+03  0.648205E+01  0.631385E+01 -0.196980E-11 -0.535728E-10  0.000000E+00  0.645528E+01  0.645528E+01  0.645528E+01 -0.152442E-06  0.334937E+01  0.332670E+01  0.366394E-07
  0.209709E+03  0.629025E+01  0.612304E+01 -0.185151E-11  0.187879E-10  0.000000E+00  0.626363E+01  0.626363E+01  0.626363E+01 -0.147916E-06  0.325000E+01  0.322733E+01  0.360583E-07
  0.213012E+03  0.610395E+01  0.593773E+01 -0.174046E-11 -0.137207E-10  0.000000E+00  0.607750E+01  0.607750E+01  0.607750E+01 -0.143520E-06  0.315348E+01  0.313083E+01  0.354843E-07
  0.216366E+03  0.592301E+01  0.575777E+01 -0.163580E-11 -0.552704E-11  0.000000E+00  0.589671E+01  0.589671E+01  0.589671E+01 -0.139251E-06  0.305974E+01  0.303710E+01  0.349174E-07
  0.219773E+03  0.574728E+01  0.558299E+01 -0.153755E-11 -0.250394E-10  0.000000E+00  0.572113E+01  0.572113E+01  0.572113E+01 -0.135105E-06  0.296870E+01  0.294607E+01  0.343573E-07
  0.223234E+03  0.557660E+01  0.541326E+01 -0.144509E-11 -0.641207E-11  0.000000E+00  0.555060E+01  0.555060E+01  0.555060E+01 -0.131078E-06  0.288028E+01  0.285766E+01  0.338041E-07
  0.226750E+03  0.541083E+01  0.524843E+01 -0.135807E-11  0.183834E-10  0.000000E+00  0.538499E+01  0.538499E+01  0.538499E+01 -0.127167E-06  0.279440E+01  0.277180E+01  0.332576E-07
  0.230321E+03  0.524984E+01  0.508836E+01 -0.127623E-11  0.208238E-10  0.000000E+00  0.522414E+01  0.522414E+01  0.522414E+01 -0.123368E-06  0.271100E+01  0.268841E+01  0.327176E-07
  0.233948E+03  0.509349E+01  0.493292E+01 -0.119938E-11 -0.440215E-10  0.000000E+00  0.506793E+01  0.506793E+01  0.506793E+01 -0.119680E-06  0.263000E+01  0.260743E+01  0.321842E-07
  0.237632E+03  0.494164E+01  0.478198E+01 -0.112702E-11 -0.373191E-10  0.000000E+00  0.491623E+01  0.491623E+01  0.491623E+01 -0.116097E-06  0.255134E+01  0.252879E+01  0.316573E-07
  0.241374E+03  0.479417E+01  0.463541E+01 -0.105894E-11 -0.379617E-12  0.000000E+00  0.476891E+01  0.476891E+01  0.476891E+01 -0.112618E-06  0.247495E+01  0.245242E+01  0.311366E-07
  0.245175E+03  0.465096E+01  0.449309E+01 -0.994898E-12 -0.370183E-10  0.000000E+00  0.462583E+01  0.462583E+01  0.462583E+01 -0.109239E-06  0.240076E+01  0.237825E+01  0.306222E-07
  0.249036E+03  0.451188E+01  0.435489E+01 -0.934779E-12  0.171581E-10  0.000000E+00  0.448689E+01  0.448689E+01  0.448689E+01 -0.105958E-06  0.232871E+01  0.230623E+01  0.301139E-07
  0.252958E+03  0.437681E+01  0.422071E+01 -0.878126E-12  0.190253E-10  0.000000E+00  0.435197E+01  0.435197E+01  0.435197E+01 -0.102772E-06  0.225875E+01  0.223629E+01  0.296118E-07
  0.256941E+03  0.424565E+01  0.409042E+01 -0.825046E-12 -0.273477E-11  0.000000E+00  0.422094E+01  0.422094E+01  0.422094E+01 -0.996778E-07  0.219081E+01  0.216838E+01  0.291156E-07
  0.260987E+03  0.411828E+01  0.396392E+01 -0.775023E-12  0.543134E-11  0.000000E+00  0.409371E+01  0.409371E+01  0.409371E+01 -0.966732E-07  0.212483E+01  0.210243E+01  0.286253E-07
  0.265097E+03  0.399459E+01  0.384110E+01 -0.727950E-12 -0.175037E-10  0.000000E+00  0.397016E+01  0.397016E+01  0.397016E+01 -0.937556E-07  0.206077E+01  0.203840E+01  0.281409E-07
  0.269272E+03  0.387448E+01  0.372186E+01 -0.683716E-12  0.151943E-10  0.000000E+00  0.385019E+01  0.385019E+01  0.385019E+01 -0.909225E-07  0.199856E+01  0.197623E+01  0.276622E-07
  0.273512E+03  0.375785E+01  0.360610E+01 -0.642151E-12  0.144438E-10  0.000000E+00  0.373370E+01  0.373370E+01  0.373370E+01 -0.881716E-07  0.193815E+01  0.191586E+01  0.271893E-07
  0.277820E+03  0.364460E+01  0.349372E+01 -0.603058E-12 -0.738847E-11  0.000000E+00  0.362059E+01  0.362059E+01  0.362059E+01 -0.855004E-07  0.187949E+01  0.185724E+01  0.267220E-07
  0.282195E+03  0.353464E+01  0.338462E+01 -0.566346E-12 -0.278055E-10  0.000000E+00  0.351076E+01  0.351076E+01  0.351076E+01 -0.829068E-07  0.182254E+01  0.180033E+01  0.262602E-07
  0.286639E+03  0.342786E+01  0.327871E+01 -0.531786E-12  0.413199E-11  0.000000E+00  0.340412E+01  0.340412E+01  0.340412E+01 -0.803886E-07  0.176724E+01  0.174507E+01  0.258040E-07
  0.291152E+03  0.332419E+01  0.317591E+01 -0.499351E-12  0.150705E-11  0.000000E+00  0.330059E+01  0.330059E+01  0.330059E+01 -0.779436E-07  0.171355E+01  0.169143E+01  0.253532E-07
  0.295737E+03  0.322353E+01  0.307612E+01 -0.468835E-12 -0.178113E-10  0.000000E+00  0.320007E+01  0.320007E+01  0.320007E+01 -0.755698E-07  0.166143E+01  0.163934E+01  0.249078E-07
  0.300395E+03  0.312579E+01  0.297926E+01 -0.440184E-12 -0.210544E-10  0.000000E+00  0.310247E+01  0.310247E+01  0.310247E+01 -0.732651E-07  0.161082E+01  0.158878E+01  0.244677E-07
  0.305125E+03  0.303090E+01  0.288525E+01 -0.413244E-12  0.139610E-10  0.000000E+00  0.300772E+01  0.300772E+01  0.300772E+01 -0.710276E-07  0.156168E+01  0.153970E+01  0.240329E-07
  0.309930E+03  0.293878E+01  0.279401E+01 -0.387900E-12  0.135969E-10  0.000000E+00  0.291574E+01  0.291574E+01  0.291574E+01 -0.688553E-07  0.151398E+01  0.149205E+01  0.236033E-07
  0.314811E+03  0.284934E+01  0.270546E+01 -0.364149E-12  0.329650E-11  0.000000E+00  0.282644E+01  0.282644E+01  0.282644E+01 -0.667466E-07  0.146767E+01  0.144580E+01  0.231789E-07
  0.319768E+03  0.276251E+01  0.261952E+01 -0.341806E-12 -0.134245E-10  0.000000E+00  0.273976E+01  0.273976E+01  0.273976E+01 -0.646995E-07  0.142272E+01  0.140090E+01  0.227597E-07
  0.324804E+03  0.267822E+01  0.253613E+01 -0.320755E-12 -0.147681E-10  0.000000E+00  0.265561E+01  0.265561E+01  0.265561E+01 -0.627123E-07  0.137908E+01  0.135732E+01  0.223455E-07
  0.329919E+03  0.259640E+01  0.245521E+01 -0.301011E-12  0.832970E-11  0.000000E+00  0.257393E+01  0.257393E+01  0.257393E+01 -0.607834E-07  0.133672E+01  0.131502E+01  0.219364E-07
  0.335115E+03  0.251697E+01  0.237669E+01 -0.282516E-12 -0.202199E-10  0.000000E+00  0.249464E+01  0.249464E+01  0.249464E+01 -0.589111E-07  0.129560E+01  0.127397E+01  0.215323E-07
  0.340392E+03  0.243986E+01  0.230051E+01 -0.265069E-12 -0.185521E-10  0.000000E+00  0.241768E+01  0.241768E+01  0.241768E+01 -0.570938E-07  0.125569E+01  0.123413E+01  0.211332E-07
  0.345752E+03  0.236502E+01  0.222660E+01 -0.248730E-12  0.827346E-12  0.000000E+00  0.234299E+01  0.234299E+01  0.234299E+01 -0.553299E-07  0.121695E+01  0.119546E+01  0.207390E-07
  0.351197E+03  0.229238E+01  0.215490E+01 -0.233363E-12 -0.161578E-10  0.000000E+00  0.227050E+01  0.227050E+01  0.227050E+01 -0.536180E-07  0.117936E+01  0.115793E+01  0.203497E-07
  0.356728E+03  0.222187E+01  0.208534E+01 -0.218947E-12 -0.477460E-11  0.000000E+00  0.220014E+01  0.220014E+01  0.220014E+01 -0.519566E-07  0.114287E+01  0.112152E+01  0.199653E-07
  0.362345E+03  0.215344E+01  0.201787E+01 -0.205358E-12  0.315734E-11  0.000000E+00  0.213187E+01  0.213187E+01  0.213187E+01 -0.503442E-07  0.110746E+01  0.108618E+01  0.195858E-07
  0.368051E+03  0.208703E+01  0.195242E+01 -0.192645E-12  0.304831E-12  0.000000E+00  0.206561E+01  0.206561E+01  0.206561E+01 -0.487795E-07  0.107309E+01  0.105190E+01  0.192110E-07
  0.373847E+03  0.202258E+01  0.188895E+01 -0.180691E-12 -0.151007E-10  0.000000E+00  0.200131E+01  0.200131E+01  0.200131E+01 -0.472612E-07  0.103975E+01  0.101863E+01  0.188411E-07
  0.379734E+03  0.196004E+01  0.182739E+01 -0.169452E-12  0.961275E-11  0.000000E+00  0.193893E+01  0.193893E+01  0.193893E+01 -0.457879E-07  0.100739E+01  0.986355E+00  0.184759E-07
  0.385714E+03  0.189934E+01  0.176769E+01 -0.158943E-12  0.131010E-11  0.000000E+00  0.187839E+01  0.187839E+01  0.187839E+01 -0.443584E-07  0.975990E+00  0.955043E+00  0.181155E-07
  0.391789E+03  0.184045E+01  0.170981E+01 -0.149048E-12  0.418431E-13  0.000000E+00  0.181966E+01  0.181966E+01  0.181966E+01 -0.429714E-07  0.945526E+00  0.924667E+00  0.177599E-07
  0.397958E+03  0.178331E+01  0.165369E+01 -0.139721E-12 -0.134631E-10  0.000000E+00  0.176268E+01  0.176268E+01  0.176268E+01 -0.416258E-07  0.915970E+00  0.895202E+00  0.174090E-07
  0.404225E+03  0.172786E+01  0.159927E+01 -0.131016E-12  0.109982E-11  0.000000E+00  0.170740E+01  0.170740E+01  0.170740E+01 -0.403203E-07  0.887297E+00  0.866620E+00  0.170627E-07
  0.410591E+03  0.167407E+01  0.154652E+01 -0.122845E-12 -0.158664E-11  0.000000E+00  0.165377E+01  0.165377E+01  0.165377E+01 -0.390540E-07  0.859480E+00  0.838899E+00  0.167212E-07
  0.417057E+03  0.162189E+01  0.149539E+01 -0.115175E-12 -0.121485E-10  0.000000E+00  0.160176E+01  0.160176E+01  0.160176E+01 -0.378256E-07  0.832497E+00  0.812013E+00  0.163843E-07
  0.423624E+03  0.157126E+01  0.144583E+01 -0.107946E-12 -0.377239E-11  0.000000E+00  0.155130E+01  0.155130E+01  0.155130E+01 -0.366341E-07  0.806324E+00  0.785939E+00  0.160521E-07
  0.430296E+03  0.152215E+01  0.139780E+01 -0.101183E-12 -0.544118E-11  0.000000E+00  0.150236E+01  0.150236E+01  0.150236E+01 -0.354784E-07  0.780938E+00  0.760654E+00  0.157246E-07
  0.437072E+03  0.147452E+01  0.135125E+01 -0.948561E-13  0.504706E-11  0.000000E+00  0.145490E+01  0.145490E+01  0.145490E+01 -0.343576E-07  0.756317E+00  0.736137E+00  0.154017E-07
  0.443955E+03  0.142832E+01  0.130615E+01 -0.888830E-13  0.707125E-11  0.000000E+00  0.140888E+01  0.140888E+01  0.140888E+01 -0.332707E-07  0.732440E+00  0.712365E+00  0.150835E-07
  0.450946E+03  0.138351E+01  0.126245E+01 -0.833147E-13 -0.968194E-11  0.000000E+00  0.136424E+01  0.136424E+01  0.136424E+01 -0.322167E-07  0.709285E+00  0.689318E+00  0.147699E-07
  0.458047E+03  0.134005E+01  0.122011E+01 -0.780658E-13  0.601594E-11  0.000000E+00  0.132096E+01  0.132096E+01  0.132096E+01 -0.311946E-07  0.686832E+00  0.666975E+00  0.144609E-07
  0.465260E+03  0.129791E+01  0.117910E+01 -0.731506E-13  0.531049E-11  0.000000E+00  0.127900E+01  0.127900E+01  0.127900E+01 -0.302037E-07  0.665062E+00  0.645317E+00  0.141566E-07
  0.472587E+03  0.125705E+01  0.113938E+01 -0.685329E-13 -0.832911E-11  0.000000E+00  0.123832E+01  0.123832E+01  0.123832E+01 -0.292430E-07  0.643955E+00  0.624323E+00  0.138569E-07
  0.480029E+03  0.121743E+01  0.110091E+01 -0.642233E-13 -0.751371E-12  0.000000E+00  0.119888E+01  0.119888E+01  0.119888E+01 -0.283117E-07  0.623492E+00  0.603976E+00  0.135618E-07
  0.487589E+03  0.117901E+01  0.106366E+01 -0.601418E-13  0.139051E-11  0.000000E+00  0.116065E+01  0.116065E+01  0.116065E+01 -0.274088E-07  0.603656E+00  0.584257E+00  0.132713E-07
  0.495267E+03  0.114177E+01  0.102758E+01 -0.563612E-13  0.131959E-11  0.000000E+00  0.112359E+01  0.112359E+01  0.112359E+01 -0.265337E-07  0.584428E+00  0.565148E+00  0.129854E-07
  0.503066E+03  0.110566E+01  0.992660E+00 -0.527974E-13 -0.367786E-11  0.000000E+00  0.108768E+01  0.108768E+01  0.108768E+01 -0.256856E-07  0.565791E+00  0.546632E+00  0.127041E-07
  0.510989E+03  0.107066E+01  0.958852E+00 -0.494386E-13  0.393245E-11  0.000000E+00  0.105287E+01  0.105287E+01  0.105287E+01 -0.248636E-07  0.547729E+00  0.528692E+00  0.124274E-07
  0.519036E+03  0.103674E+01  0.926127E+00 -0.463246E-13  0.511579E-11  0.000000E+00  0.101914E+01  0.101914E+01  0.101914E+01 -0.240670E-07  0.530225E+00  0.511312E+00  0.121553E-07
  0.527209E+03  0.100387E+01  0.894455E+00 -0.433783E-13 -0.383121E-11  0.000000E+00  0.986453E+00  0.986453E+00  0.986453E+00 -0.232952E-07  0.513263E+00  0.494475E+00  0.118877E-07
  0.535511E+03  0.972004E+00  0.863805E+00 -0.406379E-13  0.492437E-11  0.000000E+00  0.954784E+00  0.954784E+00  0.954784E+00 -0.225473E-07  0.496828E+00  0.478166E+00  0.116248E-07
  0.543945E+03  0.941128E+00  0.834148E+00 -0.380644E-13  0.416330E-11  0.000000E+00  0.924102E+00  0.924102E+00  0.924102E+00 -0.218227E-07  0.480905E+00  0.462370E+00  0.113664E-07
  0.552510E+03  0.911210E+00  0.805453E+00 -0.356481E-13 -0.966862E-12  0.000000E+00  0.894379E+00  0.894379E+00  0.894379E+00 -0.211208E-07  0.465478E+00  0.447073E+00  0.111125E-07
  0.561211E+03  0.882222E+00  0.777694E+00 -0.333840E-13 -0.213028E-11  0.000000E+00  0.865586E+00  0.865586E+00  0.865586E+00 -0.204409E-07  0.450535E+00  0.432258E+00  0.108632E-07
  0.570049E+03  0.854138E+00  0.750843E+00 -0.312628E-13  0.431131E-11  0.000000E+00  0.837698E+00  0.837698E+00  0.837698E+00 -0.197823E-07  0.436059E+00  0.417914E+00  0.106184E-07
  0.579026E+03  0.826931E+00  0.724872E+00 -0.292715E-13  0.450946E-11  0.000000E+00  0.810688E+00  0.810688E+00  0.810688E+00 -0.191444E-07  0.422040E+00  0.404025E+00  0.103781E-07
  0.588144E+03  0.800575E+00  0.699756E+00 -0.273984E-13  0.339067E-11  0.000000E+00  0.784530E+00  0.784530E+00  0.784530E+00 -0.185267E-07  0.408462E+00  0.390579E+00  0.101423E-07
  0.597406E+03  0.775047E+00  0.675469E+00 -0.256701E-13 -0.563776E-11  0.000000E+00  0.759199E+00  0.759199E+00  0.759199E+00 -0.179285E-07  0.395313E+00  0.377563E+00  0.991097E-08
  0.606814E+03  0.750322E+00  0.651986E+00 -0.240298E-13  0.416816E-11  0.000000E+00  0.734672E+00  0.734672E+00  0.734672E+00 -0.173493E-07  0.382580E+00  0.364964E+00  0.968406E-08
  0.616370E+03  0.726376E+00  0.629283E+00 -0.225037E-13  0.306186E-11  0.000000E+00  0.710924E+00  0.710924E+00  0.710924E+00 -0.167885E-07  0.370251E+00  0.352769E+00  0.946157E-08
  0.626076E+03  0.703187E+00  0.607335E+00 -0.210649E-13  0.412100E-12  0.000000E+00  0.687932E+00  0.687932E+00  0.687932E+00 -0.162456E-07  0.358315E+00  0.340966E+00  0.924345E-08
  0.635936E+03  0.680732E+00  0.586121E+00 -0.197299E-13 -0.393991E-11  0.000000E+00  0.665675E+00  0.665675E+00  0.665675E+00 -0.157199E-07  0.346759E+00  0.329545E+00  0.902968E-08
  0.645950E+03  0.658989E+00  0.565616E+00 -0.184738E-13 -0.336330E-11  0.000000E+00  0.644129E+00  0.644129E+00  0.644129E+00 -0.152111E-07  0.335572E+00  0.318493E+00  0.882021E-08
  0.656122E+03  0.637938E+00  0.545799E+00 -0.172894E-13 -0.430235E-11  0.000000E+00  0.623274E+00  0.623274E+00  0.623274E+00 -0.147186E-07  0.324744E+00  0.307799E+00  0.861502E-08
  0.666455E+03  0.617556E+00  0.526649E+00 -0.161991E-13 -0.359510E-11  0.000000E+00  0.603088E+00  0.603088E+00  0.603088E+00 -0.142420E-07  0.314263E+00  0.297452E+00  0.841405E-08
  0.676950E+03  0.597825E+00  0.508144E+00 -0.151604E-13  0.810617E-12  0.000000E+00  0.583552E+00  0.583552E+00  0.583552E+00 -0.137806E-07  0.304118E+00  0.287443E+00  0.821725E-08
  0.687610E+03  0.578725E+00  0.490263E+00 -0.142002E-13 -0.755353E-12  0.000000E+00  0.564646E+00  0.564646E+00  0.564646E+00 -0.133342E-07  0.294300E+00  0.277759E+00  0.802459E-08
  0.698439E+03  0.560236E+00  0.472988E+00 -0.132919E-13  0.316033E-11  0.000000E+00  0.546350E+00  0.546350E+00  0.546350E+00 -0.129021E-07  0.284799E+00  0.268392E+00  0.783600E-08
  0.709437E+03  0.542339E+00  0.456298E+00 -0.124483E-13  0.309958E-11  0.000000E+00  0.528646E+00  0.528646E+00  0.528646E+00 -0.124840E-07  0.275604E+00  0.259331E+00  0.765142E-08
  0.720609E+03  0.525017E+00  0.440174E+00 -0.116564E-13  0.244599E-11  0.000000E+00  0.511514E+00  0.511514E+00  0.511514E+00 -0.120794E-07  0.266706E+00  0.250568E+00  0.747080E-08
  0.731957E+03  0.508251E+00  0.424599E+00 -0.109190E-13  0.175341E-11  0.000000E+00  0.494938E+00  0.494938E+00  0.494938E+00 -0.116880E-07  0.258097E+00  0.242092E+00  0.729408E-08
  0.743484E+03  0.492025E+00  0.409553E+00 -0.102174E-13 -0.299157E-11  0.000000E+00  0.478899E+00  0.478899E+00  0.478899E+00 -0.113092E-07  0.249766E+00  0.233894E+00  0.712118E-08
  0.755192E+03  0.476321E+00  0.395020E+00 -0.956790E-14 -0.119310E-11  0.000000E+00  0.463381E+00  0.463381E+00  0.463381E+00 -0.109428E-07  0.241705E+00  0.225967E+00  0.695204E-08
  0.767085E+03  0.461123E+00  0.380982E+00 -0.896670E-14  0.210984E-11  0.000000E+00  0.448368E+00  0.448368E+00  0.448368E+00 -0.105882E-07  0.233906E+00  0.218300E+00  0.678659E-08
  0.779165E+03  0.446414E+00  0.367423E+00 -0.839725E-14 -0.240375E-11  0.000000E+00  0.433843E+00  0.433843E+00  0.433843E+00 -0.102452E-07  0.226361E+00  0.210887E+00  0.662475E-08
  0.791435E+03  0.432181E+00  0.354328E+00 -0.786107E-14 -0.231979E-11  0.000000E+00  0.419791E+00  0.419791E+00  0.419791E+00 -0.991338E-08  0.219060E+00  0.203718E+00  0.646646E-08
  0.803898E+03  0.418407E+00  0.341680E+00 -0.736509E-14 -0.143629E-11  0.000000E+00  0.406196E+00  0.406196E+00  0.406196E+00 -0.959233E-08  0.211997E+00  0.196786E+00  0.631163E-08
  0.816557E+03  0.405077E+00  0.329465E+00 -0.689507E-14 -0.288382E-11  0.000000E+00  0.393043E+00  0.393043E+00  0.393043E+00 -0.928173E-08  0.205163E+00  0.190084E+00  0.616018E-08
  0.829416E+03  0.392177E+00  0.317667E+00 -0.646045E-14 -0.134896E-11  0.000000E+00  0.380319E+00  0.380319E+00  0.380319E+00 -0.898125E-08  0.198551E+00  0.183603E+00  0.601204E-08
  0.842478E+03  0.379694E+00  0.306274E+00 -0.605092E-14  0.217932E-11  0.000000E+00  0.368009E+00  0.368009E+00  0.368009E+00 -0.869056E-08  0.192155E+00  0.177337E+00  0.586713E-08
  0.855745E+03  0.367613E+00  0.295271E+00 -0.566508E-14 -0.241381E-11  0.000000E+00  0.356100E+00  0.356100E+00  0.356100E+00 -0.840932E-08  0.185966E+00  0.171278E+00  0.572537E-08
  0.869221E+03  0.355923E+00  0.284645E+00 -0.530157E-14  0.266264E-12  0.000000E+00  0.344579E+00  0.344579E+00  0.344579E+00 -0.813725E-08  0.179978E+00  0.165421E+00  0.558668E-08
  0.882909E+03  0.344609E+00  0.274384E+00 -0.496793E-14  0.122402E-11  0.000000E+00  0.333432E+00  0.333432E+00  0.333432E+00 -0.787403E-08  0.174185E+00  0.159757E+00  0.545099E-08
  0.896813E+03  0.333660E+00  0.264475E+00 -0.465325E-14  0.160070E-11  0.000000E+00  0.322649E+00  0.322649E+00  0.322649E+00 -0.761937E-08  0.168580E+00  0.154282E+00  0.531822E-08
  0.910936E+03  0.323063E+00  0.254906E+00 -0.435856E-14  0.123269E-11  0.000000E+00  0.312216E+00  0.312216E+00  0.312216E+00 -0.737300E-08  0.163157E+00  0.148989E+00  0.518829E-08
  0.925281E+03  0.312808E+00  0.245667E+00 -0.408092E-14 -0.149331E-11  0.000000E+00  0.302122E+00  0.302122E+00  0.302122E+00 -0.713464E-08  0.157909E+00  0.143871E+00  0.506114E-08
  0.939852E+03  0.302882E+00  0.236745E+00 -0.383002E-14  0.174340E-11  0.000000E+00  0.292357E+00  0.292357E+00  0.292357E+00 -0.690402E-08  0.152832E+00  0.138923E+00  0.493670E-08
  0.954652E+03  0.293276E+00  0.228131E+00 -0.358452E-14 -0.952898E-12  0.000000E+00  0.282908E+00  0.282908E+00  0.282908E+00 -0.668089E-08  0.147920E+00  0.134140E+00  0.481490E-08
  0.969686E+03  0.283978E+00  0.219815E+00 -0.335305E-14  0.168995E-11  0.000000E+00  0.273767E+00  0.273767E+00  0.273767E+00 -0.646502E-08  0.143166E+00  0.129516E+00  0.469568E-08
  0.984956E+03  0.274979E+00  0.211786E+00 -0.314427E-14  0.709230E-12  0.000000E+00  0.264922E+00  0.264922E+00  0.264922E+00 -0.625614E-08  0.138567E+00  0.125046E+00  0.457897E-08
  0.100047E+04  0.266268E+00  0.204035E+00 -0.294864E-14 -0.762690E-12  0.000000E+00  0.256364E+00  0.256364E+00  0.256364E+00 -0.605405E-08  0.134116E+00  0.120725E+00  0.446473E-08
  0.101622E+04  0.257837E+00  0.196554E+00 -0.276104E-14 -0.186326E-11  0.000000E+00  0.248083E+00  0.248083E+00  0.248083E+00 -0.585851E-08  0.129809E+00  0.116548E+00  0.435291E-08
  0.103223E+04  0.249675E+00  0.189332E+00 -0.258676E-14 -0.856762E-12  0.000000E+00  0.240072E+00  0.240072E+00  0.240072E+00 -0.566931E-08  0.125642E+00  0.112511E+00  0.424345E-08
  0.104848E+04  0.241775E+00  0.182362E+00 -0.242352E-14 -0.743400E-12  0.000000E+00  0.232320E+00  0.232320E+00  0.232320E+00 -0.548625E-08  0.121609E+00  0.108608E+00  0.413631E-08
  0.106499E+04  0.234128E+00  0.175636E+00 -0.227062E-14 -0.165349E-11  0.000000E+00  0.224819E+00  0.224819E+00  0.224819E+00 -0.530912E-08  0.117706E+00  0.104835E+00  0.403145E-08
  0.108176E+04  0.226726E+00  0.169146E+00 -0.212745E-14 -0.105207E-11  0.000000E+00  0.217562E+00  0.217562E+00  0.217562E+00 -0.513775E-08  0.113930E+00  0.101189E+00  0.392884E-08
  0.109880E+04  0.219561E+00  0.162883E+00 -0.198997E-14 -0.921198E-12  0.000000E+00  0.210540E+00  0.210540E+00  0.210540E+00 -0.497192E-08  0.110276E+00  0.976652E-01  0.382843E-08
  0.111610E+04  0.212624E+00  0.156842E+00 -0.186877E-14 -0.345327E-12  0.000000E+00  0.203746E+00  0.203746E+00  0.203746E+00 -0.481148E-08  0.106740E+00  0.942593E-01  0.373020E-08
  0.113368E+04  0.205910E+00  0.151013E+00 -0.174803E-14 -0.140915E-11  0.000000E+00  0.197173E+00  0.197173E+00  0.197173E+00 -0.465625E-08  0.103318E+00  0.909676E-01  0.363412E-08
  0.115153E+04  0.199410E+00  0.145391E+00 -0.163600E-14 -0.185641E-13  0.000000E+00  0.190813E+00  0.190813E+00  0.190813E+00 -0.450606E-08  0.100007E+00  0.877865E-01  0.354015E-08
  0.116966E+04  0.193118E+00  0.139968E+00 -0.153576E-14 -0.118223E-11  0.000000E+00  0.184659E+00  0.184659E+00  0.184659E+00 -0.436074E-08  0.968035E-01  0.847124E-01  0.344828E-08
  0.118808E+04  0.187027E+00  0.134739E+00 -0.143830E-14 -0.122922E-11  0.000000E+00  0.178706E+00  0.178706E+00  0.178706E+00 -0.422015E-08  0.937034E-01  0.817418E-01  0.335847E-08
  0.120679E+04  0.181132E+00  0.129696E+00 -0.134955E-14 -0.129427E-11  0.000000E+00  0.172946E+00  0.172946E+00  0.172946E+00 -0.408412E-08  0.907037E-01  0.788712E-01  0.327070E-08
  0.122580E+04  0.175425E+00  0.124833E+00 -0.126477E-14  0.646244E-12  0.000000E+00  0.167373E+00  0.167373E+00  0.167373E+00 -0.395252E-08  0.878012E-01  0.760975E-01  0.318495E-08
  0.124510E+04  0.169900E+00  0.120143E+00 -0.118463E-14  0.974645E-12  0.000000E+00  0.161982E+00  0.161982E+00  0.161982E+00 -0.382520E-08  0.849927E-01  0.734174E-01  0.310118E-08
  0.126471E+04  0.164553E+00  0.115622E+00 -0.111034E-14 -0.357046E-12  0.000000E+00  0.156766E+00  0.156766E+00  0.156766E+00 -0.370203E-08  0.822754E-01  0.708280E-01  0.301936E-08
  0.128463E+04  0.159377E+00  0.111264E+00 -0.104143E-14 -0.116159E-11  0.000000E+00  0.151720E+00  0.151720E+00  0.151720E+00 -0.358287E-08  0.796461E-01  0.683261E-01  0.293947E-08
  0.130486E+04  0.154366E+00  0.107062E+00 -0.974874E-15 -0.437123E-12  0.000000E+00  0.146838E+00  0.146838E+00  0.146838E+00 -0.346758E-08  0.771022E-01  0.659090E-01  0.286147E-08
  0.132540E+04  0.149516E+00  0.103010E+00 -0.914508E-15  0.878434E-12  0.000000E+00  0.142115E+00  0.142115E+00  0.142115E+00 -0.335605E-08  0.746407E-01  0.635738E-01  0.278534E-08
  0.134628E+04  0.144822E+00  0.991049E-01 -0.857338E-15  0.818982E-12  0.000000E+00  0.137546E+00  0.137546E+00  0.137546E+00 -0.324816E-08  0.722591E-01  0.613178E-01  0.271102E-08
  0.136748E+04  0.140277E+00  0.953400E-01 -0.803784E-15  0.655661E-12  0.000000E+00  0.133126E+00  0.133126E+00  0.133126E+00 -0.314377E-08  0.699547E-01  0.591385E-01  0.263849E-08
  0.138901E+04  0.135879E+00  0.917107E-01 -0.753627E-15  0.605615E-12  0.000000E+00  0.128849E+00  0.128849E+00  0.128849E+00 -0.304278E-08  0.677250E-01  0.570332E-01  0.256770E-08
  0.141088E+04  0.131620E+00  0.882120E-01 -0.707156E-15  0.188255E-12  0.000000E+00  0.124712E+00  0.124712E+00  0.124712E+00 -0.294508E-08  0.655676E-01  0.549996E-01  0.249861E-08
  0.143310E+04  0.127499E+00  0.848395E-01 -0.661626E-15  0.299738E-13  0.000000E+00  0.120709E+00  0.120709E+00  0.120709E+00 -0.285056E-08  0.634800E-01  0.530353E-01  0.243118E-08
  0.145567E+04  0.123508E+00  0.815886E-01 -0.620428E-15 -0.209288E-12  0.000000E+00  0.116837E+00  0.116837E+00  0.116837E+00 -0.275911E-08  0.614600E-01  0.511380E-01  0.236537E-08
  0.147859E+04  0.119645E+00  0.784551E-01 -0.583640E-15  0.861299E-13  0.000000E+00  0.113090E+00  0.113090E+00  0.113090E+00 -0.267063E-08  0.595053E-01  0.493055E-01  0.230113E-08
  0.150188E+04  0.115906E+00  0.754348E-01 -0.546528E-15  0.284675E-12  0.000000E+00  0.109465E+00  0.109465E+00  0.109465E+00 -0.258502E-08  0.576137E-01  0.475356E-01  0.223843E-08
  0.152553E+04  0.112285E+00  0.725240E-01 -0.512593E-15 -0.570902E-13  0.000000E+00  0.105957E+00  0.105957E+00  0.105957E+00 -0.250218E-08  0.557832E-01  0.458263E-01  0.217722E-08
  0.154955E+04  0.108780E+00  0.697187E-01 -0.480009E-15 -0.494622E-12  0.000000E+00  0.102563E+00  0.102563E+00  0.102563E+00 -0.242204E-08  0.540117E-01  0.441756E-01  0.211745E-08
  0.157396E+04  0.105386E+00  0.670155E-01 -0.450232E-15 -0.518493E-12  0.000000E+00  0.992793E-01  0.992793E-01  0.992793E-01 -0.234449E-08  0.522973E-01  0.425816E-01  0.205911E-08
  0.159874E+04  0.102100E+00  0.644109E-01 -0.423042E-15  0.640997E-12  0.000000E+00  0.961018E-01  0.961018E-01  0.961018E-01 -0.226945E-08  0.506381E-01  0.410425E-01  0.200215E-08
  0.162392E+04  0.989183E-01  0.619017E-01 -0.396852E-15 -0.734272E-12  0.000000E+00  0.930271E-01  0.930271E-01  0.930271E-01 -0.219684E-08  0.490324E-01  0.395563E-01  0.194654E-08
  0.164949E+04  0.958375E-01  0.594846E-01 -0.370994E-15  0.450446E-12  0.000000E+00  0.900519E-01  0.900519E-01  0.900519E-01 -0.212658E-08  0.474783E-01  0.381214E-01  0.189226E-08
  0.167547E+04  0.928543E-01  0.571566E-01 -0.349275E-15 -0.589788E-12  0.000000E+00  0.871730E-01  0.871730E-01  0.871730E-01 -0.205859E-08  0.459741E-01  0.367360E-01  0.183928E-08
  0.170185E+04  0.899655E-01  0.549146E-01 -0.327672E-15  0.595028E-12  0.000000E+00  0.843872E-01  0.843872E-01  0.843872E-01 -0.199281E-08  0.445184E-01  0.353985E-01  0.178757E-08
  0.172865E+04  0.871682E-01  0.527559E-01 -0.307936E-15 -0.550831E-12  0.000000E+00  0.816915E-01  0.816915E-01  0.816915E-01 -0.192915E-08  0.431094E-01  0.341074E-01  0.173712E-08
  0.175587E+04  0.844594E-01  0.506775E-01 -0.287896E-15  0.422821E-12  0.000000E+00  0.790830E-01  0.790830E-01  0.790830E-01 -0.186755E-08  0.417457E-01  0.328610E-01  0.168791E-08
  0.178353E+04  0.818364E-01  0.486767E-01 -0.270156E-15 -0.608666E-12  0.000000E+00  0.765590E-01  0.765590E-01  0.765590E-01 -0.180795E-08  0.404259E-01  0.316578E-01  0.163992E-08
  0.181161E+04  0.792962E-01  0.467507E-01 -0.254009E-15 -0.243539E-12  0.000000E+00  0.741166E-01  0.741166E-01  0.741166E-01 -0.175027E-08  0.391485E-01  0.304964E-01  0.159314E-08
  0.184014E+04  0.768364E-01  0.448970E-01 -0.237471E-15  0.377024E-12  0.000000E+00  0.717532E-01  0.717532E-01  0.717532E-01 -0.169446E-08  0.379121E-01  0.293754E-01  0.154753E-08
  0.186912E+04  0.744543E-01  0.431128E-01 -0.222880E-15 -0.546196E-12  0.000000E+00  0.694663E-01  0.694663E-01  0.694663E-01 -0.164045E-08  0.367155E-01  0.282934E-01  0.150308E-08
  0.189855E+04  0.721475E-01  0.413956E-01 -0.208767E-15  0.428722E-12  0.000000E+00  0.672533E-01  0.672533E-01  0.672533E-01 -0.158819E-08  0.355574E-01  0.272491E-01  0.145978E-08
  0.192845E+04  0.699136E-01  0.397429E-01 -0.197578E-15 -0.142780E-12  0.000000E+00  0.651120E-01  0.651120E-01  0.651120E-01 -0.153762E-08  0.344364E-01  0.262412E-01  0.141760E-08
  0.195882E+04  0.677503E-01  0.381524E-01 -0.185883E-15 -0.435176E-12  0.000000E+00  0.630398E-01  0.630398E-01  0.630398E-01 -0.148869E-08  0.333515E-01  0.252685E-01  0.137650E-08
  0.198967E+04  0.656552E-01  0.366217E-01 -0.173063E-15 -0.318487E-12  0.000000E+00  0.610345E-01  0.610345E-01  0.610345E-01 -0.144133E-08  0.323013E-01  0.243298E-01  0.133647E-08
  0.202100E+04  0.636262E-01  0.351486E-01 -0.163880E-15  0.243938E-12  0.000000E+00  0.590940E-01  0.590940E-01  0.590940E-01 -0.139551E-08  0.312849E-01  0.234240E-01  0.129748E-08
  0.205283E+04  0.616612E-01  0.337310E-01 -0.153234E-15 -0.456364E-12  0.000000E+00  0.572161E-01  0.572161E-01  0.572161E-01 -0.135116E-08  0.303009E-01  0.225501E-01  0.125949E-08
  0.208515E+04  0.597580E-01  0.323669E-01 -0.144223E-15 -0.216010E-12  0.000000E+00  0.553987E-01  0.553987E-01  0.553987E-01 -0.130824E-08  0.293485E-01  0.217069E-01  0.122249E-08
  0.211799E+04  0.579147E-01  0.310545E-01 -0.135446E-15  0.740090E-13  0.000000E+00  0.536399E-01  0.536399E-01  0.536399E-01 -0.126671E-08  0.284265E-01  0.208935E-01  0.118644E-08
  0.215134E+04  0.561293E-01  0.297918E-01 -0.126631E-15  0.232443E-12  0.000000E+00  0.519377E-01  0.519377E-01  0.519377E-01 -0.122651E-08  0.275340E-01  0.201088E-01  0.115132E-08
  0.218522E+04  0.544000E-01  0.285773E-01 -0.119769E-15 -0.394233E-12  0.000000E+00  0.502903E-01  0.502903E-01  0.502903E-01 -0.118761E-08  0.266700E-01  0.193520E-01  0.111710E-08
  0.221963E+04  0.527249E-01  0.274092E-01 -0.111722E-15 -0.101719E-12  0.000000E+00  0.486959E-01  0.486959E-01  0.486959E-01 -0.114996E-08  0.258335E-01  0.186221E-01  0.108377E-08
  0.225459E+04  0.511023E-01  0.262860E-01 -0.105448E-15  0.205584E-12  0.000000E+00  0.471527E-01  0.471527E-01  0.471527E-01 -0.111352E-08  0.250238E-01  0.179183E-01  0.105130E-08
  0.229009E+04  0.495305E-01  0.252062E-01 -0.983389E-16 -0.403307E-13  0.000000E+00  0.456592E-01  0.456592E-01  0.456592E-01 -0.107825E-08  0.242398E-01  0.172395E-01  0.101967E-08
  0.232616E+04  0.480079E-01  0.241682E-01 -0.923792E-16  0.287326E-12  0.000000E+00  0.442138E-01  0.442138E-01  0.442138E-01 -0.104411E-08  0.234808E-01  0.165850E-01  0.988884E-09
  0.236279E+04  0.465329E-01  0.231705E-01 -0.872288E-16  0.265974E-12  0.000000E+00  0.428148E-01  0.428148E-01  0.428148E-01 -0.101107E-08  0.227460E-01  0.159539E-01  0.958912E-09
  0.240000E+04  0.451041E-01  0.222118E-01 -0.815514E-16 -0.938011E-13  0.000000E+00  0.414607E-01  0.414607E-01  0.414607E-01 -0.979098E-09  0.220347E-01  0.153454E-01  0.929746E-09
  0.243779E+04  0.437199E-01  0.212905E-01 -0.768210E-16  0.266599E-12  0.000000E+00  0.401502E-01  0.401502E-01  0.401502E-01 -0.948150E-09  0.213460E-01  0.147588E-01  0.901370E-09
  0.247618E+04  0.423790E-01  0.204053E-01 -0.720037E-16 -0.209189E-13  0.000000E+00  0.388818E-01  0.388818E-01  0.388818E-01 -0.918197E-09  0.206792E-01  0.141931E-01  0.873770E-09
  0.251517E+04  0.410799E-01  0.195547E-01 -0.676612E-16 -0.297636E-12  0.000000E+00  0.376542E-01  0.376542E-01  0.376542E-01 -0.889206E-09  0.200336E-01  0.136478E-01  0.846928E-09
  0.255478E+04  0.398215E-01  0.187373E-01 -0.642796E-16 -0.244456E-12  0.000000E+00  0.364659E-01  0.364659E-01  0.364659E-01 -0.861145E-09  0.194086E-01  0.131222E-01  0.820826E-09
  0.259501E+04  0.386022E-01  0.179520E-01 -0.599288E-16  0.120590E-12  0.000000E+00  0.353157E-01  0.353157E-01  0.353157E-01 -0.833984E-09  0.188035E-01  0.126155E-01  0.795445E-09
  0.263588E+04  0.374211E-01  0.171974E-01 -0.558612E-16 -0.230735E-12  0.000000E+00  0.342025E-01  0.342025E-01  0.342025E-01 -0.807693E-09  0.182176E-01  0.121271E-01  0.770763E-09
  0.267739E+04  0.362767E-01  0.164725E-01 -0.529559E-16 -0.873113E-13  0.000000E+00  0.331248E-01  0.331248E-01  0.331248E-01 -0.782245E-09  0.176502E-01  0.116565E-01  0.746762E-09
  0.271955E+04  0.351679E-01  0.157762E-01 -0.500690E-16 -0.249803E-12  0.000000E+00  0.320817E-01  0.320817E-01  0.320817E-01 -0.757611E-09  0.171009E-01  0.112031E-01  0.723420E-09
  0.276238E+04  0.340936E-01  0.151074E-01 -0.470791E-16  0.185551E-12  0.000000E+00  0.310719E-01  0.310719E-01  0.310719E-01 -0.733765E-09  0.165689E-01  0.107662E-01  0.700720E-09
  0.280588E+04  0.330526E-01  0.144652E-01 -0.442686E-16 -0.218265E-12  0.000000E+00  0.300944E-01  0.300944E-01  0.300944E-01 -0.710682E-09  0.160538E-01  0.103454E-01  0.678646E-09
  0.285007E+04  0.320440E-01  0.138487E-01 -0.416258E-16 -0.189478E-12  0.000000E+00  0.291482E-01  0.291482E-01  0.291482E-01 -0.688337E-09  0.155550E-01  0.994010E-02  0.657184E-09
  0.289495E+04  0.310667E-01  0.132569E-01 -0.389073E-16 -0.855982E-13  0.000000E+00  0.282323E-01  0.282323E-01  0.282323E-01 -0.666707E-09  0.150720E-01  0.954971E-02  0.636321E-09
  0.294054E+04  0.301197E-01  0.126890E-01 -0.361348E-16  0.204443E-12  0.000000E+00  0.273456E-01  0.273456E-01  0.273456E-01 -0.645768E-09  0.146042E-01  0.917371E-02  0.616046E-09
  0.298684E+04  0.292020E-01  0.121441E-01 -0.341916E-16  0.194514E-12  0.000000E+00  0.264872E-01  0.264872E-01  0.264872E-01 -0.625497E-09  0.141513E-01  0.881160E-02  0.596349E-09
  0.303388E+04  0.283127E-01  0.116212E-01 -0.325643E-16 -0.192086E-12  0.000000E+00  0.256563E-01  0.256563E-01  0.256563E-01 -0.605875E-09  0.137126E-01  0.846287E-02  0.577217E-09
  0.308166E+04  0.274510E-01  0.111196E-01 -0.300399E-16  0.159422E-12  0.000000E+00  0.248519E-01  0.248519E-01  0.248519E-01 -0.586879E-09  0.132878E-01  0.812704E-02  0.558638E-09
  0.313018E+04  0.266160E-01  0.106383E-01 -0.284388E-16  0.131555E-12  0.000000E+00  0.240731E-01  0.240731E-01  0.240731E-01 -0.568489E-09  0.128764E-01  0.780365E-02  0.540599E-09
  0.317948E+04  0.258068E-01  0.101765E-01 -0.267471E-16  0.239179E-13  0.000000E+00  0.233192E-01  0.233192E-01  0.233192E-01 -0.550685E-09  0.124780E-01  0.749230E-02  0.523085E-09
  0.322955E+04  0.250226E-01  0.973349E-02 -0.254983E-16 -0.136079E-12  0.000000E+00  0.225893E-01  0.225893E-01  0.225893E-01 -0.533448E-09  0.120922E-01  0.719257E-02  0.506080E-09
  0.328041E+04  0.242626E-01  0.930852E-02 -0.236592E-16 -0.661611E-14  0.000000E+00  0.218826E-01  0.218826E-01  0.218826E-01 -0.516760E-09  0.117185E-01  0.690408E-02  0.489568E-09
  0.333206E+04  0.235261E-01  0.890093E-02 -0.225642E-16  0.159438E-12  0.000000E+00  0.211985E-01  0.211985E-01  0.211985E-01 -0.500603E-09  0.113565E-01  0.662646E-02  0.473537E-09
  0.338454E+04  0.228122E-01  0.851010E-02 -0.210619E-16  0.219409E-13  0.000000E+00  0.205361E-01  0.205361E-01  0.205361E-01 -0.484960E-09  0.110060E-01  0.635933E-02  0.457971E-09
  0.343784E+04  0.221204E-01  0.813543E-02 -0.199600E-16 -0.130024E-12  0.000000E+00  0.198947E-01  0.198947E-01  0.198947E-01 -0.469815E-09  0.106664E-01  0.610233E-02  0.442861E-09
  0.349197E+04  0.214499E-01  0.777632E-02 -0.186465E-16 -0.395609E-14  0.000000E+00  0.192737E-01  0.192737E-01  0.192737E-01 -0.455150E-09  0.103375E-01  0.585509E-02  0.428196E-09
  0.354696E+04  0.208000E-01  0.743221E-02 -0.175471E-16 -0.534657E-13  0.000000E+00  0.186725E-01  0.186725E-01  0.186725E-01 -0.440952E-09  0.100190E-01  0.561724E-02  0.413968E-09
  0.360282E+04  0.201701E-01  0.710248E-02 -0.167633E-16  0.100278E-12  0.000000E+00  0.180904E-01  0.180904E-01  0.180904E-01 -0.427205E-09  0.971042E-02  0.538843E-02  0.400166E-09
  0.365956E+04  0.195596E-01  0.678654E-02 -0.155448E-16 -0.120943E-12  0.000000E+00  0.175267E-01  0.175267E-01  0.175267E-01 -0.413895E-09  0.941155E-02  0.516832E-02  0.386782E-09
  0.371719E+04  0.189678E-01  0.648383E-02 -0.145181E-16  0.123954E-12  0.000000E+00  0.169810E-01  0.169810E-01  0.169810E-01 -0.401006E-09  0.912204E-02  0.495661E-02  0.373804E-09
  0.377572E+04  0.183942E-01  0.619379E-02 -0.136634E-16 -0.804951E-13  0.000000E+00  0.164525E-01  0.164525E-01  0.164525E-01 -0.388527E-09  0.884161E-02  0.475301E-02  0.361221E-09
  0.383518E+04  0.178382E-01  0.591592E-02 -0.128579E-16 -0.101748E-12  0.000000E+00  0.159408E-01  0.159408E-01  0.159408E-01 -0.376442E-09  0.856995E-02  0.455724E-02  0.349020E-09
  0.389558E+04  0.172993E-01  0.564975E-02 -0.120050E-16 -0.973027E-13  0.000000E+00  0.154452E-01  0.154452E-01  0.154452E-01 -0.364740E-09  0.830679E-02  0.436904E-02  0.337190E-09
  0.395692E+04  0.167768E-01  0.539485E-02 -0.115820E-16  0.264512E-13  0.000000E+00  0.149654E-01  0.149654E-01  0.149654E-01 -0.353408E-09  0.805185E-02  0.418815E-02  0.325720E-09
  0.401924E+04  0.162704E-01  0.515080E-02 -0.108173E-16 -0.801546E-13  0.000000E+00  0.145007E-01  0.145007E-01  0.145007E-01 -0.342435E-09  0.780487E-02  0.401430E-02  0.314600E-09
  0.408253E+04  0.157795E-01  0.491719E-02 -0.103558E-16  0.276875E-13  0.000000E+00  0.140507E-01  0.140507E-01  0.140507E-01 -0.331809E-09  0.756560E-02  0.384724E-02  0.303823E-09
  0.414682E+04  0.153036E-01  0.469361E-02 -0.967094E-17 -0.795345E-13  0.000000E+00  0.136150E-01  0.136150E-01  0.136150E-01 -0.321519E-09  0.733380E-02  0.368669E-02  0.293381E-09
  0.421212E+04  0.148422E-01  0.447965E-02 -0.887224E-17 -0.977230E-13  0.000000E+00  0.131930E-01  0.131930E-01  0.131930E-01 -0.311553E-09  0.710923E-02  0.353241E-02  0.283266E-09
  0.427846E+04  0.143949E-01  0.427489E-02 -0.864770E-17 -0.905009E-13  0.000000E+00  0.127843E-01  0.127843E-01  0.127843E-01 -0.301903E-09  0.689166E-02  0.338417E-02  0.273469E-09
  0.434583E+04  0.139613E-01  0.407895E-02 -0.793234E-17 -0.772950E-13  0.000000E+00  0.123886E-01  0.123886E-01  0.123886E-01 -0.292556E-09  0.668086E-02  0.324174E-02  0.263981E-09
  0.441427E+04  0.135410E-01  0.389146E-02 -0.747174E-17  0.569520E-13  0.000000E+00  0.120053E-01  0.120053E-01  0.120053E-01 -0.283505E-09  0.647663E-02  0.310494E-02  0.254793E-09
  0.448378E+04  0.131334E-01  0.371207E-02 -0.703822E-17  0.577580E-13  0.000000E+00  0.116340E-01  0.116340E-01  0.116340E-01 -0.274738E-09  0.627875E-02  0.297356E-02  0.245895E-09
  0.455439E+04  0.127383E-01  0.354050E-02 -0.650396E-17 -0.820049E-13  0.000000E+00  0.112745E-01  0.112745E-01  0.112745E-01 -0.266248E-09  0.608701E-02  0.284742E-02  0.237279E-09
  0.462611E+04  0.123552E-01  0.337643E-02 -0.630056E-17 -0.819911E-13  0.000000E+00  0.109263E-01  0.109263E-01  0.109263E-01 -0.258024E-09  0.590123E-02  0.272632E-02  0.228936E-09
  0.469896E+04  0.119838E-01  0.321957E-02 -0.587955E-17  0.450798E-14  0.000000E+00  0.105890E-01  0.105890E-01  0.105890E-01 -0.250060E-09  0.572122E-02  0.261006E-02  0.220861E-09
  0.477296E+04  0.116237E-01  0.306963E-02 -0.564255E-17 -0.804367E-13  0.000000E+00  0.102623E-01  0.102623E-01  0.102623E-01 -0.242345E-09  0.554679E-02  0.249845E-02  0.213047E-09
  0.484812E+04  0.112745E-01  0.292629E-02 -0.506092E-17 -0.549131E-13  0.000000E+00  0.994592E-02  0.994592E-02  0.994592E-02 -0.234874E-09  0.537778E-02  0.239131E-02  0.205487E-09
  0.492447E+04  0.109360E-01  0.278928E-02 -0.500522E-17 -0.180843E-14  0.000000E+00  0.963945E-02  0.963945E-02  0.963945E-02 -0.227636E-09  0.521400E-02  0.228847E-02  0.198173E-09
  0.500202E+04  0.106078E-01  0.265832E-02 -0.462069E-17 -0.503555E-13  0.000000E+00  0.934260E-02  0.934260E-02  0.934260E-02 -0.220626E-09  0.505529E-02  0.218978E-02  0.191097E-09
  0.508079E+04  0.102895E-01  0.253317E-02 -0.422344E-17 -0.725685E-13  0.000000E+00  0.905505E-02  0.905505E-02  0.905505E-02 -0.213835E-09  0.490149E-02  0.209511E-02  0.184252E-09
  0.516080E+04  0.998084E-02  0.241360E-02 -0.423189E-17  0.233581E-13  0.000000E+00  0.877651E-02  0.877651E-02  0.877651E-02 -0.207258E-09  0.475244E-02  0.200430E-02  0.177632E-09
  0.524207E+04  0.968157E-02  0.229939E-02 -0.386540E-17  0.655107E-13  0.000000E+00  0.850669E-02  0.850669E-02  0.850669E-02 -0.200886E-09  0.460800E-02  0.191720E-02  0.171229E-09
  0.532462E+04  0.939138E-02  0.219032E-02 -0.371999E-17  0.633439E-13  0.000000E+00  0.824533E-02  0.824533E-02  0.824533E-02 -0.194714E-09  0.446802E-02  0.183366E-02  0.165038E-09
  0.540847E+04  0.910998E-02  0.208616E-02 -0.346886E-17 -0.115275E-13  0.000000E+00  0.799214E-02  0.799214E-02  0.799214E-02 -0.188735E-09  0.433237E-02  0.175354E-02  0.159055E-09
  0.549365E+04  0.883710E-02  0.198670E-02 -0.319773E-17  0.125989E-13  0.000000E+00  0.774686E-02  0.774686E-02  0.774686E-02 -0.182943E-09  0.420089E-02  0.167670E-02  0.153271E-09
  0.558016E+04  0.857249E-02  0.189172E-02 -0.301219E-17  0.134322E-14  0.000000E+00  0.750924E-02  0.750924E-02  0.750924E-02 -0.177331E-09  0.407347E-02  0.160304E-02  0.147682E-09
  0.566803E+04  0.831588E-02  0.180105E-02 -0.293396E-17 -0.275652E-14  0.000000E+00  0.727904E-02  0.727904E-02  0.727904E-02 -0.171895E-09  0.394998E-02  0.153243E-02  0.142280E-09
  0.575729E+04  0.806703E-02  0.171451E-02 -0.270246E-17  0.295880E-13  0.000000E+00  0.705603E-02  0.705603E-02  0.705603E-02 -0.166629E-09  0.383028E-02  0.146476E-02  0.137059E-09
  0.584796E+04  0.782571E-02  0.163193E-02 -0.248714E-17 -0.271835E-13  0.000000E+00  0.683997E-02  0.683997E-02  0.683997E-02 -0.161526E-09  0.371427E-02  0.139991E-02  0.132016E-09
  0.594005E+04  0.759167E-02  0.155314E-02 -0.245573E-17  0.320282E-13  0.000000E+00  0.663064E-02  0.663064E-02  0.663064E-02 -0.156583E-09  0.360183E-02  0.133776E-02  0.127145E-09
  0.603359E+04  0.736471E-02  0.147796E-02 -0.215369E-17  0.484477E-13  0.000000E+00  0.642783E-02  0.642783E-02  0.642783E-02 -0.151794E-09  0.349284E-02  0.127821E-02  0.122440E-09
  0.612860E+04  0.714459E-02  0.140624E-02 -0.218224E-17  0.279208E-13  0.000000E+00  0.623133E-02  0.623133E-02  0.623133E-02 -0.147153E-09  0.338720E-02  0.122116E-02  0.117897E-09
  0.622512E+04  0.693112E-02  0.133783E-02 -0.200751E-17  0.463320E-13  0.000000E+00  0.604094E-02  0.604094E-02  0.604094E-02 -0.142657E-09  0.328480E-02  0.116652E-02  0.113510E-09
  0.632315E+04  0.672408E-02  0.127258E-02 -0.193788E-17  0.428942E-13  0.000000E+00  0.585647E-02  0.585647E-02  0.585647E-02 -0.138301E-09  0.318554E-02  0.111419E-02  0.109274E-09
  0.642272E+04  0.652328E-02  0.121038E-02 -0.178110E-17  0.379264E-14  0.000000E+00  0.567773E-02  0.567773E-02  0.567773E-02 -0.134080E-09  0.308932E-02  0.106409E-02  0.105185E-09
  0.652387E+04  0.632853E-02  0.115108E-02 -0.171993E-17  0.187219E-13  0.000000E+00  0.550454E-02  0.550454E-02  0.550454E-02 -0.129990E-09  0.299605E-02  0.101611E-02  0.101239E-09
  0.662660E+04  0.613965E-02  0.109454E-02 -0.153824E-17  0.300101E-13  0.000000E+00  0.533672E-02  0.533672E-02  0.533672E-02 -0.126027E-09  0.290564E-02  0.970169E-03  0.974303E-10
  0.673095E+04  0.595645E-02  0.104065E-02 -0.152556E-17 -0.163132E-13  0.000000E+00  0.517410E-02  0.517410E-02  0.517410E-02 -0.122187E-09  0.281799E-02  0.926193E-03  0.937554E-10
  0.683695E+04  0.577877E-02  0.989290E-03 -0.139532E-17  0.355219E-13  0.000000E+00  0.501652E-02  0.501652E-02  0.501652E-02 -0.118465E-09  0.273302E-02  0.884108E-03  0.902096E-10
  0.694462E+04  0.560643E-02  0.940352E-03 -0.131463E-17 -0.279166E-13  0.000000E+00  0.486382E-02  0.486382E-02  0.486382E-02 -0.114859E-09  0.265065E-02  0.843838E-03  0.867887E-10
  0.705398E+04  0.543927E-02  0.893730E-03 -0.120578E-17 -0.192309E-14  0.000000E+00  0.471584E-02  0.471584E-02  0.471584E-02 -0.111365E-09  0.257079E-02  0.805305E-03  0.834890E-10
  0.716506E+04  0.527713E-02  0.849318E-03 -0.120066E-17  0.749150E-14  0.000000E+00  0.457244E-02  0.457244E-02  0.457244E-02 -0.107979E-09  0.249337E-02  0.768434E-03  0.803068E-10
  0.727790E+04  0.511986E-02  0.807012E-03 -0.113205E-17 -0.919414E-14  0.000000E+00  0.443347E-02  0.443347E-02  0.443347E-02 -0.104697E-09  0.241832E-02  0.733162E-03  0.772383E-10
  0.739251E+04  0.496732E-02  0.766720E-03 -0.103800E-17  0.331028E-13  0.000000E+00  0.429879E-02  0.429879E-02  0.429879E-02 -0.101516E-09  0.234555E-02  0.699428E-03  0.742794E-10
  0.750892E+04  0.481936E-02  0.728354E-03 -0.977916E-18 -0.518671E-14  0.000000E+00  0.416827E-02  0.416827E-02  0.416827E-02 -0.984340E-10  0.227500E-02  0.667170E-03  0.714266E-10
  0.762717E+04  0.467583E-02  0.691829E-03 -0.975649E-18 -0.476999E-14  0.000000E+00  0.404177E-02  0.404177E-02  0.404177E-02 -0.954468E-10  0.220659E-02  0.636323E-03  0.686767E-10
  0.774728E+04  0.453661E-02  0.657058E-03 -0.893817E-18 -0.295062E-13  0.000000E+00  0.391918E-02  0.391918E-02  0.391918E-02 -0.925516E-10  0.214027E-02  0.606828E-03  0.660264E-10
  0.786928E+04  0.440156E-02  0.623960E-03 -0.842267E-18  0.250644E-13  0.000000E+00  0.380036E-02  0.380036E-02  0.380036E-02 -0.897456E-10  0.207597E-02  0.578631E-03  0.634722E-10
  0.799321E+04  0.427056E-02  0.592458E-03 -0.700087E-18  0.248077E-13  0.000000E+00  0.368519E-02  0.368519E-02  0.368519E-02 -0.870260E-10  0.201362E-02  0.551680E-03  0.610108E-10
  0.811908E+04  0.414348E-02  0.562484E-03 -0.724924E-18  0.142844E-14  0.000000E+00  0.357357E-02  0.357357E-02  0.357357E-02 -0.843900E-10  0.195316E-02  0.525925E-03  0.586393E-10
  0.824694E+04  0.402021E-02  0.533965E-03 -0.704972E-18 -0.229923E-13  0.000000E+00  0.346538E-02  0.346538E-02  0.346538E-02 -0.818351E-10  0.189454E-02  0.501312E-03  0.563547E-10
  0.837681E+04  0.390063E-02  0.506834E-03 -0.645076E-18 -0.264162E-13  0.000000E+00  0.336051E-02  0.336051E-02  0.336051E-02 -0.793586E-10  0.183770E-02  0.477793E-03  0.541541E-10
  0.850872E+04  0.378463E-02  0.481026E-03 -0.627658E-18 -0.159401E-13  0.000000E+00  0.325886E-02  0.325886E-02  0.325886E-02 -0.769582E-10  0.178259E-02  0.455325E-03  0.520345E-10
  0.864272E+04  0.367210E-02  0.456481E-03 -0.536424E-18  0.239432E-13  0.000000E+00  0.316033E-02  0.316033E-02  0.316033E-02 -0.746315E-10  0.172914E-02  0.433866E-03  0.499933E-10
  0.877882E+04  0.356294E-02  0.433140E-03 -0.507221E-18  0.436979E-14  0.000000E+00  0.306483E-02  0.306483E-02  0.306483E-02 -0.723761E-10  0.167732E-02  0.413369E-03  0.480278E-10
  0.891707E+04  0.345703E-02  0.410947E-03 -0.561690E-18  0.216767E-13  0.000000E+00  0.297225E-02  0.297225E-02  0.297225E-02 -0.701898E-10  0.162706E-02  0.393794E-03  0.461355E-10
  0.905749E+04  0.335430E-02  0.389847E-03 -0.465421E-18 -0.202363E-13  0.000000E+00  0.288250E-02  0.288250E-02  0.288250E-02 -0.680705E-10  0.157833E-02  0.375103E-03  0.443138E-10
  0.920012E+04  0.325463E-02  0.369790E-03 -0.454417E-18 -0.924463E-14  0.000000E+00  0.279551E-02  0.279551E-02  0.279551E-02 -0.660161E-10  0.153107E-02  0.357259E-03  0.425602E-10
