  0.526580E-05  0.888045E+05  0.888045E+05  0.118406E+06  0.118406E+06  0.000000E+00  0.888045E+05  0.888045E+05  0.975915E+05 -0.607626E+00  0.887245E+05  0.887245E+05  0.420499E+00
  0.534872E-05  0.888045E+05  0.888045E+05  0.118406E+06  0.118406E+06  0.000000E+00  0.888045E+05  0.888045E+05  0.975915E+05 -0.607626E+00  0.887245E+05  0.887245E+05  0.427121E+00
  0.543295E-05  0.888045E+05  0.888045E+05  0.118406E+06  0.118406E+06  0.000000E+00  0.888045E+05  0.888045E+05  0.975915E+05 -0.607626E+00  0.887245E+05  0.887245E+05  0.433847E+00
  0.551851E-05  0.888045E+05  0.888045E+05  0.118406E+06  0.118406E+06  0.000000E+00  0.888045E+05  0.888045E+05  0.975915E+05 -0.607626E+00  0.887245E+05  0.887245E+05  0.440679E+00
  0.560541E-05  0.888045E+05  0.888045E+05  0.118406E+06  0.118406E+06  0.000000E+00  0.888045E+05  0.888045E+05  0.975915E+05 -0.607626E+00  0.887245E+05  0.887245E+05  0.447619E+00
  0.569369E-05  0.888045E+05  0.888045E+05  0.118406E+06  0.118406E+06  0.000000E+00  0.888045E+05  0.888045E+05  0.975915E+05 -0.607626E+00  0.887245E+05  0.887245E+05  0.454668E+00
  0.578335E-05  0.888045E+05  0.888045E+05  0.118406E+06  0.118406E+06  0.000000E+00  0.888045E+05  0.888045E+05  0.975915E+05 -0.607626E+00  0.887245E+05  0.887245E+05  0.461828E+00
  0.587442E-05  0.888045E+05  0.888045E+05  0.118406E+06  0.118406E+06  0.000000E+00  0.888045E+05  0.888045E+05  0.975915E+05 -0.607626E+00  0.887245E+05  0.887245E+05  0.469101E+00
  0.596693E-05  0.888045E+05  0.888045E+05  0.118406E+06  0.118406E+06  0.000000E+00  0.888045E+05  0.888045E+05  0.975915E+05 -0.607626E+00  0.887245E+05  0.887245E+05  0.476488E+00
  0.606090E-05  0.888045E+05  0.888045E+05  0.118406E+06  0.118406E+06  0.000000E+00  0.888045E+05  0.888045E+05  0.975915E+05 -0.607626E+00  0.887245E+05  0.887245E+05  0.483991E+00
  0.615634E-05  0.888045E+05  0.888045E+05  0.118406E+06  0.118406E+06  0.000000E+00  0.888045E+05  0.888045E+05  0.975915E+05 -0.607626E+00  0.887245E+05  0.887245E+05  0.491613E+00
  0.625329E-05  0.888045E+05  0.888045E+05  0.118406E+06  0.118406E+06  0.000000E+00  0.888045E+05  0.888045E+05  0.975915E+05 -0.607626E+00  0.887245E+05  0.887245E+05  0.499355E+00
  0.635177E-05  0.888045E+05  0.888045E+05  0.118406E+06  0.118406E+06  0.000000E+00  0.888045E+05  0.888045E+05  0.975915E+05 -0.607626E+00  0.887245E+05  0.887245E+05  0.507219E+00
  0.645179E-05  0.888045E+05  0.888045E+05  0.118406E+06  0.118406E+06  0.000000E+00  0.888045E+05  0.888045E+05  0.975915E+05 -0.607626E+00  0.887245E+05  0.887245E+05  0.515206E+00
  0.655339E-05  0.888045E+05  0.888045E+05  0.118406E+06  0.118406E+06  0.000000E+00  0.888045E+05  0.888045E+05  0.975915E+05 -0.607626E+00  0.887245E+05  0.887245E+05  0.523320E+00
  0.665659E-05  0.888045E+05  0.888045E+05  0.118406E+06  0.118406E+06  0.000000E+00  0.888045E+05  0.888045E+05  0.975915E+05 -0.607626E+00  0.887245E+05  0.887245E+05  0.531561E+00
  0.676142E-05  0.888045E+05  0.888045E+05  0.118406E+06  0.118406E+06  0.000000E+00  0.888045E+05  0.888045E+05  0.975915E+05 -0.607626E+00  0.887245E+05  0.887245E+05  0.539932E+00
  0.686790E-05  0.888045E+05  0.888045E+05  0.118406E+06  0.118406E+06  0.000000E+00  0.888045E+05  0.888045E+05  0.975915E+05 -0.607626E+00  0.887245E+05  0.887245E+05  0.548434E+00
  0.697605E-05  0.888045E+05  0.888045E+05  0.118406E+06  0.118406E+06  0.000000E+00  0.888045E+05  0.888045E+05  0.975915E+05 -0.607626E+00  0.887245E+05  0.887245E+05  0.557071E+00
  0.708591E-05  0.888045E+05  0.888045E+05  0.118406E+06  0.118406E+06  0.000000E+00  0.888045E+05  0.888045E+05  0.975915E+05 -0.607626E+00  0.887245E+05  0.887245E+05  0.565843E+00
  0.719749E-05  0.888045E+05  0.888045E+05  0.118406E+06  0.118406E+06  0.000000E+00  0.888045E+05  0.888045E+05  0.975915E+05 -0.607626E+00  0.887245E+05  0.887245E+05  0.574754E+00
  0.731084E-05  0.888045E+05  0.888045E+05  0.118406E+06  0.118406E+06  0.000000E+00  0.888045E+05  0.888045E+05  0.975915E+05 -0.607626E+00  0.887245E+05  0.887245E+05  0.583805E+00
  0.742597E-05  0.888045E+05  0.888045E+05  0.118406E+06  0.118406E+06  0.000000E+00  0.888045E+05  0.888045E+05  0.975915E+05 -0.607626E+00  0.887245E+05  0.887245E+05  0.592999E+00
  0.754291E-05  0.888045E+05  0.888045E+05  0.118406E+06  0.118406E+06  0.000000E+00  0.888045E+05  0.888045E+05  0.975915E+05 -0.607626E+00  0.887245E+05  0.887245E+05  0.602337E+00
  0.766169E-05  0.888045E+05  0.888045E+05  0.118406E+06  0.118406E+06  0.000000E+00  0.888045E+05  0.888045E+05  0.975915E+05 -0.607626E+00  0.887245E+05  0.887245E+05  0.611823E+00
  0.778235E-05  0.888045E+05  0.888045E+05  0.118406E+06  0.118406E+06  0.000000E+00  0.888045E+05  0.888045E+05  0.975915E+05 -0.607626E+00  0.887245E+05  0.887245E+05  0.621457E+00
  0.790490E-05  0.888045E+05  0.888045E+05  0.118406E+06  0.118406E+06  0.000000E+00  0.888045E+05  0.888045E+05  0.975915E+05 -0.607626E+00  0.887245E+05  0.887245E+05  0.631244E+00
  0.802938E-05  0.888045E+05  0.888045E+05  0.118406E+06  0.118406E+06  0.000000E+00  0.888045E+05  0.888045E+05  0.975915E+05 -0.607626E+00  0.887245E+05  0.887245E+05  0.641185E+00
  0.815583E-05  0.888045E+05  0.888045E+05  0.118406E+06  0.118406E+06  0.000000E+00  0.888045E+05  0.888045E+05  0.975915E+05 -0.607626E+00  0.887245E+05  0.887245E+05  0.651282E+00
  0.828426E-05  0.888045E+05  0.888045E+05  0.118406E+06  0.118406E+06  0.000000E+00  0.888045E+05  0.888045E+05  0.975915E+05 -0.607626E+00  0.887245E+05  0.887245E+05  0.661538E+00
  0.841472E-05  0.888045E+05  0.888045E+05  0.118406E+06  0.118406E+06  0.000000E+00  0.888045E+05  0.888045E+05  0.975915E+05 -0.607626E+00  0.887245E+05  0.887245E+05  0.671956E+00
  0.854723E-05  0.888045E+05  0.888045E+05  0.118406E+06  0.118406E+06  0.000000E+00  0.888045E+05  0.888045E+05  0.975915E+05 -0.607626E+00  0.887245E+05  0.887245E+05  0.682537E+00
  0.868183E-05  0.888045E+05  0.888045E+05  0.118406E+06  0.118406E+06  0.000000E+00  0.888045E+05  0.888045E+05  0.975915E+05 -0.607626E+00  0.887245E+05  0.887245E+05  0.693286E+00
  0.881855E-05  0.888045E+05  0.888045E+05  0.118406E+06  0.118406E+06  0.000000E+00  0.888045E+05  0.888045E+05  0.975915E+05 -0.607626E+00  0.887245E+05  0.887245E+05  0.704203E+00
  0.895743E-05  0.888045E+05  0.888045E+05  0.118406E+06  0.118406E+06  0.000000E+00  0.888045E+05  0.888045E+05  0.975915E+05 -0.607626E+00  0.887245E+05  0.887245E+05  0.715293E+00
  0.909848E-05  0.888045E+05  0.888045E+05  0.118406E+06  0.118406E+06  0.000000E+00  0.888045E+05  0.888045E+05  0.975915E+05 -0.607626E+00  0.887245E+05  0.887245E+05  0.726557E+00
  0.924176E-05  0.888045E+05  0.888045E+05  0.118406E+06  0.118406E+06  0.000000E+00  0.888045E+05  0.888045E+05  0.975915E+05 -0.607626E+00  0.887245E+05  0.887245E+05  0.737999E+00
  0.938730E-05  0.888045E+05  0.888045E+05  0.118406E+06  0.118406E+06  0.000000E+00  0.888045E+05  0.888045E+05  0.975915E+05 -0.607626E+00  0.887245E+05  0.887245E+05  0.749621E+00
  0.953513E-05  0.888045E+05  0.888045E+05  0.118406E+06  0.118406E+06  0.000000E+00  0.888045E+05  0.888045E+05  0.975915E+05 -0.607626E+00  0.887245E+05  0.887245E+05  0.761425E+00
  0.968529E-05  0.888045E+05  0.888045E+05  0.118406E+06  0.118406E+06  0.000000E+00  0.888045E+05  0.888045E+05  0.975915E+05 -0.607626E+00  0.887245E+05  0.887245E+05  0.773416E+00
  0.983781E-05  0.888045E+05  0.888045E+05  0.118406E+06  0.118406E+06  0.000000E+00  0.888045E+05  0.888045E+05  0.975915E+05 -0.607626E+00  0.887245E+05  0.887245E+05  0.785596E+00
  0.999273E-05  0.888045E+05  0.888045E+05  0.118406E+06  0.118406E+06  0.000000E+00  0.888045E+05  0.888045E+05  0.975915E+05 -0.607626E+00  0.887245E+05  0.887245E+05  0.797967E+00
  0.101501E-04  0.888045E+05  0.888045E+05  0.118406E+06  0.118406E+06  0.000000E+00  0.888045E+05  0.888045E+05  0.975915E+05 -0.607626E+00  0.887245E+05  0.887245E+05  0.810533E+00
  0.103099E-04  0.888045E+05  0.888045E+05  0.118406E+06  0.118406E+06  0.000000E+00  0.888045E+05  0.888045E+05  0.975915E+05 -0.607626E+00  0.887245E+05  0.887245E+05  0.823297E+00
  0.104723E-04  0.888045E+05  0.888045E+05  0.118406E+06  0.118406E+06  0.000000E+00  0.888045E+05  0.888045E+05  0.975915E+05 -0.607626E+00  0.887245E+05  0.887245E+05  0.836262E+00
  0.106372E-04  0.888045E+05  0.888045E+05  0.118406E+06  0.118406E+06  0.000000E+00  0.888045E+05  0.888045E+05  0.975915E+05 -0.607626E+00  0.887245E+05  0.887245E+05  0.849431E+00
  0.108047E-04  0.888045E+05  0.888045E+05  0.118406E+06  0.118406E+06  0.000000E+00  0.888045E+05  0.888045E+05  0.975915E+05 -0.607626E+00  0.887245E+05  0.887245E+05  0.862808E+00
  0.109749E-04  0.888045E+05  0.888045E+05  0.118406E+06  0.118406E+06  0.000000E+00  0.888045E+05  0.888045E+05  0.975915E+05 -0.607626E+00  0.887245E+05  0.887245E+05  0.876395E+00
  0.111477E-04  0.888045E+05  0.888045E+05  0.118406E+06  0.118406E+06  0.000000E+00  0.888045E+05  0.888045E+05  0.975915E+05 -0.607626E+00  0.887245E+05  0.887245E+05  0.890196E+00
  0.113232E-04  0.888045E+05  0.888045E+05  0.118406E+06  0.118406E+06  0.000000E+00  0.888045E+05  0.888045E+05  0.975915E+05 -0.607626E+00  0.887245E+05  0.887245E+05  0.904215E+00
  0.115016E-04  0.888045E+05  0.888045E+05  0.118406E+06  0.118406E+06  0.000000E+00  0.888045E+05  0.888045E+05  0.975915E+05 -0.607626E+00  0.887245E+05  0.887245E+05  0.918454E+00
  0.116827E-04  0.888045E+05  0.888045E+05  0.118406E+06  0.118406E+06  0.000000E+00  0.888045E+05  0.888045E+05  0.975915E+05 -0.607626E+00  0.887245E+05  0.887245E+05  0.932918E+00
  0.118667E-04  0.888045E+05  0.888045E+05  0.118406E+06  0.118406E+06  0.000000E+00  0.888045E+05  0.888045E+05  0.975915E+05 -0.607626E+00  0.887245E+05  0.887245E+05  0.947609E+00
  0.120535E-04  0.888045E+05  0.888045E+05  0.118406E+06  0.118406E+06  0.000000E+00  0.888045E+05  0.888045E+05  0.975914E+05 -0.607626E+00  0.887245E+05  0.887245E+05  0.962532E+00
  0.122433E-04  0.888045E+05  0.888045E+05  0.118406E+06  0.118406E+06  0.000000E+00  0.888045E+05  0.888045E+05  0.975914E+05 -0.607626E+00  0.887245E+05  0.887245E+05  0.977689E+00
  0.124362E-04  0.888045E+05  0.888045E+05  0.118406E+06  0.118406E+06  0.000000E+00  0.888045E+05  0.888045E+05  0.975914E+05 -0.607626E+00  0.887245E+05  0.887245E+05  0.993086E+00
  0.126320E-04  0.888045E+05  0.888045E+05  0.118406E+06  0.118406E+06  0.000000E+00  0.888045E+05  0.888045E+05  0.975914E+05 -0.607626E+00  0.887245E+05  0.887245E+05  0.100872E+01
  0.128309E-04  0.888045E+05  0.888045E+05  0.118406E+06  0.118406E+06  0.000000E+00  0.888045E+05  0.888045E+05  0.975914E+05 -0.607626E+00  0.887245E+05  0.887245E+05  0.102461E+01
  0.130330E-04  0.888045E+05  0.888045E+05  0.118406E+06  0.118406E+06  0.000000E+00  0.888045E+05  0.888045E+05  0.975914E+05 -0.607626E+00  0.887245E+05  0.887245E+05  0.104075E+01
  0.132382E-04  0.888045E+05  0.888045E+05  0.118406E+06  0.118406E+06  0.000000E+00  0.888045E+05  0.888045E+05  0.975914E+05 -0.607626E+00  0.887245E+05  0.887245E+05  0.105713E+01
  0.134467E-04  0.888045E+05  0.888045E+05  0.118406E+06  0.118406E+06  0.000000E+00  0.888045E+05  0.888045E+05  0.975914E+05 -0.607626E+00  0.887245E+05  0.887245E+05  0.107378E+01
  0.136584E-04  0.888045E+05  0.888045E+05  0.118406E+06  0.118406E+06  0.000000E+00  0.888045E+05  0.888045E+05  0.975914E+05 -0.607626E+00  0.887245E+05  0.887245E+05  0.109069E+01
  0.138735E-04  0.888045E+05  0.888045E+05  0.118406E+06  0.118406E+06  0.000000E+00  0.888045E+05  0.888045E+05  0.975914E+05 -0.607626E+00  0.887245E+05  0.887245E+05  0.110787E+01
  0.140920E-04  0.888045E+05  0.888045E+05  0.118406E+06  0.118406E+06  0.000000E+00  0.888045E+05  0.888045E+05  0.975914E+05 -0.607626E+00  0.887245E+05  0.887245E+05  0.112531E+01
  0.143139E-04  0.888045E+05  0.888045E+05  0.118406E+06  0.118406E+06  0.000000E+00  0.888045E+05  0.888045E+05  0.975914E+05 -0.607626E+00  0.887245E+05  0.887245E+05  0.114303E+01
  0.145393E-04  0.888045E+05  0.888045E+05  0.118406E+06  0.118406E+06  0.000000E+00  0.888045E+05  0.888045E+05  0.975914E+05 -0.607626E+00  0.887245E+05  0.887245E+05  0.116103E+01
  0.147683E-04  0.888045E+05  0.888045E+05  0.118406E+06  0.118406E+06  0.000000E+00  0.888045E+05  0.888045E+05  0.975914E+05 -0.607626E+00  0.887245E+05  0.887245E+05  0.117932E+01
  0.150009E-04  0.888045E+05  0.888045E+05  0.118406E+06  0.118406E+06  0.000000E+00  0.888045E+05  0.888045E+05  0.975914E+05 -0.607626E+00  0.887245E+05  0.887245E+05  0.119789E+01
  0.152371E-04  0.888045E+05  0.888045E+05  0.118406E+06  0.118406E+06  0.000000E+00  0.888045E+05  0.888045E+05  0.975914E+05 -0.607626E+00  0.887245E+05  0.887245E+05  0.121675E+01
  0.154770E-04  0.888045E+05  0.888045E+05  0.118406E+06  0.118406E+06  0.000000E+00  0.888045E+05  0.888045E+05  0.975914E+05 -0.607626E+00  0.887245E+05  0.887245E+05  0.123592E+01
  0.157208E-04  0.888045E+05  0.888045E+05  0.118406E+06  0.118406E+06  0.000000E+00  0.888045E+05  0.888045E+05  0.975914E+05 -0.607626E+00  0.887245E+05  0.887245E+05  0.125538E+01
  0.159683E-04  0.888045E+05  0.888045E+05  0.118406E+06  0.118406E+06  0.000000E+00  0.888045E+05  0.888045E+05  0.975914E+05 -0.607626E+00  0.887245E+05  0.887245E+05  0.127515E+01
  0.162198E-04  0.888045E+05  0.888045E+05  0.118406E+06  0.118406E+06  0.000000E+00  0.888045E+05  0.888045E+05  0.975914E+05 -0.607626E+00  0.887245E+05  0.887245E+05  0.129523E+01
  0.164752E-04  0.888045E+05  0.888045E+05  0.118406E+06  0.118406E+06  0.000000E+00  0.888045E+05  0.888045E+05  0.975914E+05 -0.607626E+00  0.887245E+05  0.887245E+05  0.131562E+01
  0.167347E-04  0.888045E+05  0.888045E+05  0.118406E+06  0.118406E+06  0.000000E+00  0.888045E+05  0.888045E+05  0.975914E+05 -0.607626E+00  0.887245E+05  0.887245E+05  0.133634E+01
  0.169982E-04  0.888045E+05  0.888045E+05  0.118406E+06  0.118406E+06  0.000000E+00  0.888045E+05  0.888045E+05  0.975914E+05 -0.607626E+00  0.887245E+05  0.887245E+05  0.135739E+01
  0.172659E-04  0.888045E+05  0.888045E+05  0.118406E+06  0.118405E+06  0.000000E+00  0.888045E+05  0.888045E+05  0.975914E+05 -0.607626E+00  0.887245E+05  0.887245E+05  0.137876E+01
  0.175378E-04  0.888045E+05  0.888045E+05  0.118406E+06  0.118405E+06  0.000000E+00  0.888045E+05  0.888045E+05  0.975914E+05 -0.607626E+00  0.887245E+05  0.887245E+05  0.140048E+01
  0.178140E-04  0.888045E+05  0.888045E+05  0.118406E+06  0.118405E+06  0.000000E+00  0.888045E+05  0.888045E+05  0.975914E+05 -0.607626E+00  0.887245E+05  0.887245E+05  0.142253E+01
  0.180945E-04  0.888045E+05  0.888045E+05  0.118406E+06  0.118405E+06  0.000000E+00  0.888045E+05  0.888045E+05  0.975914E+05 -0.607626E+00  0.887245E+05  0.887245E+05  0.144493E+01
  0.183794E-04  0.888045E+05  0.888045E+05  0.118406E+06  0.118405E+06  0.000000E+00  0.888045E+05  0.888045E+05  0.975914E+05 -0.607626E+00  0.887245E+05  0.887245E+05  0.146769E+01
  0.186689E-04  0.888045E+05  0.888045E+05  0.118406E+06  0.118405E+06  0.000000E+00  0.888045E+05  0.888045E+05  0.975914E+05 -0.607626E+00  0.887245E+05  0.887245E+05  0.149080E+01
  0.189629E-04  0.888045E+05  0.888045E+05  0.118406E+06  0.118405E+06  0.000000E+00  0.888045E+05  0.888045E+05  0.975914E+05 -0.607626E+00  0.887245E+05  0.887245E+05  0.151427E+01
  0.192615E-04  0.888045E+05  0.888045E+05  0.118406E+06  0.118405E+06  0.000000E+00  0.888045E+05  0.888045E+05  0.975914E+05 -0.607626E+00  0.887245E+05  0.887245E+05  0.153812E+01
  0.195648E-04  0.888045E+05  0.888045E+05  0.118406E+06  0.118405E+06  0.000000E+00  0.888045E+05  0.888045E+05  0.975914E+05 -0.607626E+00  0.887245E+05  0.887245E+05  0.156234E+01
  0.198729E-04  0.888045E+05  0.888045E+05  0.118405E+06  0.118405E+06  0.000000E+00  0.888045E+05  0.888045E+05  0.975914E+05 -0.607626E+00  0.887245E+05  0.887245E+05  0.158695E+01
  0.201859E-04  0.888045E+05  0.888045E+05  0.118405E+06  0.118405E+06  0.000000E+00  0.888045E+05  0.888045E+05  0.975914E+05 -0.607626E+00  0.887245E+05  0.887245E+05  0.161194E+01
  0.205038E-04  0.888045E+05  0.888045E+05  0.118405E+06  0.118405E+06  0.000000E+00  0.888045E+05  0.888045E+05  0.975914E+05 -0.607626E+00  0.887245E+05  0.887245E+05  0.163732E+01
  0.208266E-04  0.888045E+05  0.888045E+05  0.118405E+06  0.118405E+06  0.000000E+00  0.888045E+05  0.888045E+05  0.975914E+05 -0.607626E+00  0.887245E+05  0.887245E+05  0.166311E+01
  0.211546E-04  0.888045E+05  0.888045E+05  0.118405E+06  0.118405E+06  0.000000E+00  0.888045E+05  0.888045E+05  0.975914E+05 -0.607626E+00  0.887245E+05  0.887245E+05  0.168930E+01
  0.214877E-04  0.888045E+05  0.888045E+05  0.118405E+06  0.118405E+06  0.000000E+00  0.888045E+05  0.888045E+05  0.975914E+05 -0.607625E+00  0.887245E+05  0.887245E+05  0.171590E+01
  0.218261E-04  0.888045E+05  0.888044E+05  0.118405E+06  0.118405E+06  0.000000E+00  0.888045E+05  0.888045E+05  0.975914E+05 -0.607626E+00  0.887245E+05  0.887245E+05  0.174292E+01
  0.221698E-04  0.888045E+05  0.888044E+05  0.118405E+06  0.118405E+06  0.000000E+00  0.888045E+05  0.888045E+05  0.975914E+05 -0.607625E+00  0.887245E+05  0.887245E+05  0.177037E+01
  0.225190E-04  0.888045E+05  0.888044E+05  0.118405E+06  0.118405E+06  0.000000E+00  0.888045E+05  0.888045E+05  0.975914E+05 -0.607625E+00  0.887245E+05  0.887245E+05  0.179825E+01
  0.228736E-04  0.888045E+05  0.888044E+05  0.118405E+06  0.118405E+06  0.000000E+00  0.888045E+05  0.888045E+05  0.975914E+05 -0.607625E+00  0.887245E+05  0.887245E+05  0.182656E+01
  0.232338E-04  0.888045E+05  0.888044E+05  0.118405E+06  0.118405E+06  0.000000E+00  0.888045E+05  0.888045E+05  0.975914E+05 -0.607625E+00  0.887245E+05  0.887245E+05  0.185533E+01
  0.235997E-04  0.888045E+05  0.888044E+05  0.118405E+06  0.118405E+06  0.000000E+00  0.888045E+05  0.888045E+05  0.975914E+05 -0.607625E+00  0.887245E+05  0.887245E+05  0.188454E+01
  0.239713E-04  0.888045E+05  0.888044E+05  0.118405E+06  0.118405E+06  0.000000E+00  0.888045E+05  0.888045E+05  0.975914E+05 -0.607625E+00  0.887245E+05  0.887244E+05  0.191422E+01
  0.243488E-04  0.888045E+05  0.888044E+05  0.118405E+06  0.118405E+06  0.000000E+00  0.888045E+05  0.888045E+05  0.975913E+05 -0.607625E+00  0.887245E+05  0.887244E+05  0.194437E+01
  0.247322E-04  0.888045E+05  0.888044E+05  0.118405E+06  0.118405E+06  0.000000E+00  0.888045E+05  0.888045E+05  0.975913E+05 -0.607625E+00  0.887245E+05  0.887244E+05  0.197499E+01
  0.251217E-04  0.888045E+05  0.888044E+05  0.118405E+06  0.118405E+06  0.000000E+00  0.888045E+05  0.888045E+05  0.975913E+05 -0.607625E+00  0.887245E+05  0.887244E+05  0.200609E+01
  0.255173E-04  0.888045E+05  0.888044E+05  0.118405E+06  0.118405E+06  0.000000E+00  0.888044E+05  0.888044E+05  0.975913E+05 -0.607625E+00  0.887245E+05  0.887244E+05  0.203768E+01
  0.259192E-04  0.888045E+05  0.888044E+05  0.118405E+06  0.118405E+06  0.000000E+00  0.888044E+05  0.888044E+05  0.975913E+05 -0.607625E+00  0.887245E+05  0.887244E+05  0.206977E+01
  0.263273E-04  0.888044E+05  0.888044E+05  0.118405E+06  0.118405E+06  0.000000E+00  0.888044E+05  0.888044E+05  0.975913E+05 -0.607625E+00  0.887245E+05  0.887244E+05  0.210236E+01
  0.267419E-04  0.888044E+05  0.888044E+05  0.118405E+06  0.118405E+06  0.000000E+00  0.888044E+05  0.888044E+05  0.975913E+05 -0.607625E+00  0.887244E+05  0.887244E+05  0.213547E+01
  0.271631E-04  0.888044E+05  0.888044E+05  0.118405E+06  0.118405E+06  0.000000E+00  0.888044E+05  0.888044E+05  0.975913E+05 -0.607625E+00  0.887244E+05  0.887244E+05  0.216910E+01
  0.275908E-04  0.888044E+05  0.888044E+05  0.118405E+06  0.118405E+06  0.000000E+00  0.888044E+05  0.888044E+05  0.975913E+05 -0.607625E+00  0.887244E+05  0.887244E+05  0.220326E+01
  0.280253E-04  0.888044E+05  0.888044E+05  0.118405E+06  0.118405E+06  0.000000E+00  0.888044E+05  0.888044E+05  0.975913E+05 -0.607625E+00  0.887244E+05  0.887244E+05  0.223795E+01
  0.284666E-04  0.888044E+05  0.888044E+05  0.118405E+06  0.118405E+06  0.000000E+00  0.888044E+05  0.888044E+05  0.975913E+05 -0.607625E+00  0.887244E+05  0.887244E+05  0.227319E+01
  0.289149E-04  0.888044E+05  0.888044E+05  0.118405E+06  0.118405E+06  0.000000E+00  0.888044E+05  0.888044E+05  0.975913E+05 -0.607625E+00  0.887244E+05  0.887244E+05  0.230899E+01
  0.293703E-04  0.888044E+05  0.888044E+05  0.118405E+06  0.118404E+06  0.000000E+00  0.888044E+05  0.888044E+05  0.975913E+05 -0.607625E+00  0.887244E+05  0.887244E+05  0.234535E+01
  0.298328E-04  0.888044E+05  0.888044E+05  0.118405E+06  0.118404E+06  0.000000E+00  0.888044E+05  0.888044E+05  0.975913E+05 -0.607625E+00  0.887244E+05  0.887244E+05  0.238229E+01
  0.303026E-04  0.888044E+05  0.888044E+05  0.118405E+06  0.118404E+06  0.000000E+00  0.888044E+05  0.888044E+05  0.975913E+05 -0.607625E+00  0.887244E+05  0.887244E+05  0.241980E+01
  0.307798E-04  0.888044E+05  0.888044E+05  0.118405E+06  0.118404E+06  0.000000E+00  0.888044E+05  0.888044E+05  0.975913E+05 -0.607625E+00  0.887244E+05  0.887244E+05  0.245791E+01
  0.312645E-04  0.888044E+05  0.888044E+05  0.118405E+06  0.118404E+06  0.000000E+00  0.888044E+05  0.888044E+05  0.975913E+05 -0.607625E+00  0.887244E+05  0.887244E+05  0.249661E+01
  0.317568E-04  0.888044E+05  0.888044E+05  0.118405E+06  0.118404E+06  0.000000E+00  0.888044E+05  0.888044E+05  0.975912E+05 -0.607625E+00  0.887244E+05  0.887244E+05  0.253593E+01
  0.322569E-04  0.888044E+05  0.888044E+05  0.118405E+06  0.118404E+06  0.000000E+00  0.888044E+05  0.888044E+05  0.975912E+05 -0.607625E+00  0.887244E+05  0.887244E+05  0.257587E+01
  0.327649E-04  0.888044E+05  0.888044E+05  0.118405E+06  0.118404E+06  0.000000E+00  0.888044E+05  0.888044E+05  0.975912E+05 -0.607625E+00  0.887244E+05  0.887244E+05  0.261643E+01
  0.332809E-04  0.888044E+05  0.888043E+05  0.118404E+06  0.118404E+06  0.000000E+00  0.888044E+05  0.888044E+05  0.975912E+05 -0.607625E+00  0.887244E+05  0.887244E+05  0.265763E+01
  0.338050E-04  0.888044E+05  0.888043E+05  0.118404E+06  0.118404E+06  0.000000E+00  0.888044E+05  0.888044E+05  0.975912E+05 -0.607625E+00  0.887244E+05  0.887244E+05  0.269948E+01
  0.343373E-04  0.888044E+05  0.888043E+05  0.118404E+06  0.118404E+06  0.000000E+00  0.888044E+05  0.888044E+05  0.975912E+05 -0.607624E+00  0.887244E+05  0.887244E+05  0.274199E+01
  0.348781E-04  0.888044E+05  0.888043E+05  0.118404E+06  0.118404E+06  0.000000E+00  0.888044E+05  0.888044E+05  0.975912E+05 -0.607624E+00  0.887244E+05  0.887244E+05  0.278517E+01
  0.354273E-04  0.888044E+05  0.888043E+05  0.118404E+06  0.118404E+06  0.000000E+00  0.888044E+05  0.888044E+05  0.975912E+05 -0.607624E+00  0.887244E+05  0.887244E+05  0.282903E+01
  0.359852E-04  0.888044E+05  0.888043E+05  0.118404E+06  0.118404E+06  0.000000E+00  0.888044E+05  0.888044E+05  0.975912E+05 -0.607624E+00  0.887244E+05  0.887244E+05  0.287358E+01
  0.365519E-04  0.888044E+05  0.888043E+05  0.118404E+06  0.118404E+06  0.000000E+00  0.888044E+05  0.888044E+05  0.975912E+05 -0.607624E+00  0.887244E+05  0.887243E+05  0.291884E+01
  0.371275E-04  0.888044E+05  0.888043E+05  0.118404E+06  0.118404E+06  0.000000E+00  0.888044E+05  0.888044E+05  0.975912E+05 -0.607624E+00  0.887244E+05  0.887243E+05  0.296480E+01
  0.377122E-04  0.888044E+05  0.888043E+05  0.118404E+06  0.118403E+06  0.000000E+00  0.888044E+05  0.888044E+05  0.975911E+05 -0.607624E+00  0.887244E+05  0.887243E+05  0.301149E+01
  0.383060E-04  0.888044E+05  0.888043E+05  0.118404E+06  0.118403E+06  0.000000E+00  0.888044E+05  0.888044E+05  0.975911E+05 -0.607624E+00  0.887244E+05  0.887243E+05  0.305891E+01
  0.389093E-04  0.888044E+05  0.888043E+05  0.118404E+06  0.118403E+06  0.000000E+00  0.888044E+05  0.888044E+05  0.975911E+05 -0.607624E+00  0.887244E+05  0.887243E+05  0.310708E+01
  0.395220E-04  0.888044E+05  0.888043E+05  0.118404E+06  0.118403E+06  0.000000E+00  0.888043E+05  0.888043E+05  0.975911E+05 -0.607624E+00  0.887244E+05  0.887243E+05  0.315601E+01
  0.401444E-04  0.888044E+05  0.888043E+05  0.118404E+06  0.118403E+06  0.000000E+00  0.888043E+05  0.888043E+05  0.975911E+05 -0.607624E+00  0.887244E+05  0.887243E+05  0.320571E+01
  0.407766E-04  0.888043E+05  0.888042E+05  0.118404E+06  0.118403E+06  0.000000E+00  0.888043E+05  0.888043E+05  0.975911E+05 -0.607624E+00  0.887243E+05  0.887243E+05  0.325620E+01
  0.414187E-04  0.888043E+05  0.888042E+05  0.118404E+06  0.118403E+06  0.000000E+00  0.888043E+05  0.888043E+05  0.975911E+05 -0.607624E+00  0.887243E+05  0.887243E+05  0.330747E+01
  0.420710E-04  0.888043E+05  0.888042E+05  0.118404E+06  0.118403E+06  0.000000E+00  0.888043E+05  0.888043E+05  0.975911E+05 -0.607624E+00  0.887243E+05  0.887243E+05  0.335956E+01
  0.427335E-04  0.888043E+05  0.888042E+05  0.118403E+06  0.118403E+06  0.000000E+00  0.888043E+05  0.888043E+05  0.975911E+05 -0.607624E+00  0.887243E+05  0.887243E+05  0.341246E+01
  0.434064E-04  0.888043E+05  0.888042E+05  0.118403E+06  0.118403E+06  0.000000E+00  0.888043E+05  0.888043E+05  0.975910E+05 -0.607623E+00  0.887243E+05  0.887243E+05  0.346620E+01
  0.440900E-04  0.888043E+05  0.888042E+05  0.118403E+06  0.118403E+06  0.000000E+00  0.888043E+05  0.888043E+05  0.975910E+05 -0.607623E+00  0.887243E+05  0.887243E+05  0.352079E+01
  0.447843E-04  0.888043E+05  0.888042E+05  0.118403E+06  0.118402E+06  0.000000E+00  0.888043E+05  0.888043E+05  0.975910E+05 -0.607623E+00  0.887243E+05  0.887242E+05  0.357623E+01
  0.454896E-04  0.888043E+05  0.888042E+05  0.118403E+06  0.118402E+06  0.000000E+00  0.888043E+05  0.888043E+05  0.975910E+05 -0.607623E+00  0.887243E+05  0.887242E+05  0.363255E+01
  0.462059E-04  0.888043E+05  0.888042E+05  0.118403E+06  0.118402E+06  0.000000E+00  0.888043E+05  0.888043E+05  0.975910E+05 -0.607623E+00  0.887243E+05  0.887242E+05  0.368975E+01
  0.469336E-04  0.888043E+05  0.888042E+05  0.118403E+06  0.118402E+06  0.000000E+00  0.888043E+05  0.888043E+05  0.975910E+05 -0.607623E+00  0.887243E+05  0.887242E+05  0.374786E+01
  0.476726E-04  0.888043E+05  0.888042E+05  0.118403E+06  0.118402E+06  0.000000E+00  0.888043E+05  0.888043E+05  0.975910E+05 -0.607623E+00  0.887243E+05  0.887242E+05  0.380688E+01
  0.484234E-04  0.888043E+05  0.888041E+05  0.118403E+06  0.118402E+06  0.000000E+00  0.888043E+05  0.888043E+05  0.975909E+05 -0.607623E+00  0.887243E+05  0.887242E+05  0.386683E+01
  0.491859E-04  0.888043E+05  0.888041E+05  0.118403E+06  0.118402E+06  0.000000E+00  0.888042E+05  0.888042E+05  0.975909E+05 -0.607623E+00  0.887243E+05  0.887242E+05  0.392772E+01
  0.499605E-04  0.888043E+05  0.888041E+05  0.118403E+06  0.118402E+06  0.000000E+00  0.888042E+05  0.888042E+05  0.975909E+05 -0.607623E+00  0.887242E+05  0.887242E+05  0.398957E+01
  0.507473E-04  0.888042E+05  0.888041E+05  0.118402E+06  0.118401E+06  0.000000E+00  0.888042E+05  0.888042E+05  0.975909E+05 -0.607623E+00  0.887242E+05  0.887242E+05  0.405240E+01
  0.515464E-04  0.888042E+05  0.888041E+05  0.118402E+06  0.118401E+06  0.000000E+00  0.888042E+05  0.888042E+05  0.975909E+05 -0.607622E+00  0.887242E+05  0.887242E+05  0.411621E+01
  0.523582E-04  0.888042E+05  0.888041E+05  0.118402E+06  0.118401E+06  0.000000E+00  0.888042E+05  0.888042E+05  0.975908E+05 -0.607622E+00  0.887242E+05  0.887241E+05  0.418103E+01
  0.531827E-04  0.888042E+05  0.888041E+05  0.118402E+06  0.118401E+06  0.000000E+00  0.888042E+05  0.888042E+05  0.975908E+05 -0.607622E+00  0.887242E+05  0.887241E+05  0.424687E+01
  0.540202E-04  0.888042E+05  0.888040E+05  0.118402E+06  0.118401E+06  0.000000E+00  0.888042E+05  0.888042E+05  0.975908E+05 -0.607622E+00  0.887242E+05  0.887241E+05  0.431375E+01
  0.548709E-04  0.888042E+05  0.888040E+05  0.118402E+06  0.118401E+06  0.000000E+00  0.888042E+05  0.888042E+05  0.975908E+05 -0.607622E+00  0.887242E+05  0.887241E+05  0.438168E+01
  0.557350E-04  0.888042E+05  0.888040E+05  0.118402E+06  0.118400E+06  0.000000E+00  0.888042E+05  0.888042E+05  0.975908E+05 -0.607622E+00  0.887242E+05  0.887241E+05  0.445068E+01
  0.566127E-04  0.888042E+05  0.888040E+05  0.118402E+06  0.118400E+06  0.000000E+00  0.888042E+05  0.888042E+05  0.975907E+05 -0.607622E+00  0.887242E+05  0.887241E+05  0.452077E+01
  0.575042E-04  0.888042E+05  0.888040E+05  0.118401E+06  0.118400E+06  0.000000E+00  0.888041E+05  0.888041E+05  0.975907E+05 -0.607621E+00  0.887242E+05  0.887241E+05  0.459196E+01
  0.584097E-04  0.888042E+05  0.888040E+05  0.118401E+06  0.118400E+06  0.000000E+00  0.888041E+05  0.888041E+05  0.975907E+05 -0.607621E+00  0.887241E+05  0.887241E+05  0.466427E+01
  0.593296E-04  0.888041E+05  0.888040E+05  0.118401E+06  0.118400E+06  0.000000E+00  0.888041E+05  0.888041E+05  0.975907E+05 -0.607621E+00  0.887241E+05  0.887240E+05  0.473773E+01
  0.602639E-04  0.888041E+05  0.888039E+05  0.118401E+06  0.118399E+06  0.000000E+00  0.888041E+05  0.888041E+05  0.975906E+05 -0.607621E+00  0.887241E+05  0.887240E+05  0.481233E+01
  0.612129E-04  0.888041E+05  0.888039E+05  0.118401E+06  0.118399E+06  0.000000E+00  0.888041E+05  0.888041E+05  0.975906E+05 -0.607621E+00  0.887241E+05  0.887240E+05  0.488812E+01
  0.621769E-04  0.888041E+05  0.888039E+05  0.118401E+06  0.118399E+06  0.000000E+00  0.888041E+05  0.888041E+05  0.975906E+05 -0.607621E+00  0.887241E+05  0.887240E+05  0.496509E+01
  0.631560E-04  0.888041E+05  0.888039E+05  0.118400E+06  0.118399E+06  0.000000E+00  0.888041E+05  0.888041E+05  0.975906E+05 -0.607620E+00  0.887241E+05  0.887240E+05  0.504328E+01
  0.641506E-04  0.888041E+05  0.888039E+05  0.118400E+06  0.118399E+06  0.000000E+00  0.888041E+05  0.888041E+05  0.975905E+05 -0.607620E+00  0.887241E+05  0.887240E+05  0.512270E+01
  0.651608E-04  0.888041E+05  0.888038E+05  0.118400E+06  0.118398E+06  0.000000E+00  0.888040E+05  0.888040E+05  0.975905E+05 -0.607620E+00  0.887241E+05  0.887239E+05  0.520337E+01
  0.661869E-04  0.888041E+05  0.888038E+05  0.118400E+06  0.118398E+06  0.000000E+00  0.888040E+05  0.888040E+05  0.975905E+05 -0.607620E+00  0.887240E+05  0.887239E+05  0.528531E+01
  0.672292E-04  0.888040E+05  0.888038E+05  0.118400E+06  0.118398E+06  0.000000E+00  0.888040E+05  0.888040E+05  0.975904E+05 -0.607620E+00  0.887240E+05  0.887239E+05  0.536854E+01
  0.682879E-04  0.888040E+05  0.888038E+05  0.118400E+06  0.118398E+06  0.000000E+00  0.888040E+05  0.888040E+05  0.975904E+05 -0.607619E+00  0.887240E+05  0.887239E+05  0.545308E+01
  0.693633E-04  0.888040E+05  0.888037E+05  0.118399E+06  0.118397E+06  0.000000E+00  0.888040E+05  0.888040E+05  0.975904E+05 -0.607619E+00  0.887240E+05  0.887239E+05  0.553895E+01
  0.704556E-04  0.888040E+05  0.888037E+05  0.118399E+06  0.118397E+06  0.000000E+00  0.888040E+05  0.888040E+05  0.975903E+05 -0.607619E+00  0.887240E+05  0.887238E+05  0.562618E+01
  0.715651E-04  0.888040E+05  0.888037E+05  0.118399E+06  0.118397E+06  0.000000E+00  0.888039E+05  0.888039E+05  0.975903E+05 -0.607619E+00  0.887240E+05  0.887238E+05  0.571478E+01
  0.726921E-04  0.888040E+05  0.888037E+05  0.118399E+06  0.118396E+06  0.000000E+00  0.888039E+05  0.888039E+05  0.975903E+05 -0.607619E+00  0.887239E+05  0.887238E+05  0.580477E+01
  0.738368E-04  0.888039E+05  0.888036E+05  0.118398E+06  0.118396E+06  0.000000E+00  0.888039E+05  0.888039E+05  0.975902E+05 -0.607618E+00  0.887239E+05  0.887238E+05  0.589618E+01
  0.749996E-04  0.888039E+05  0.888036E+05  0.118398E+06  0.118396E+06  0.000000E+00  0.888039E+05  0.888039E+05  0.975902E+05 -0.607618E+00  0.887239E+05  0.887238E+05  0.598903E+01
  0.761807E-04  0.888039E+05  0.888036E+05  0.118398E+06  0.118396E+06  0.000000E+00  0.888039E+05  0.888039E+05  0.975901E+05 -0.607618E+00  0.887239E+05  0.887237E+05  0.608334E+01
  0.773803E-04  0.888039E+05  0.888035E+05  0.118398E+06  0.118395E+06  0.000000E+00  0.888038E+05  0.888038E+05  0.975901E+05 -0.607617E+00  0.887239E+05  0.887237E+05  0.617914E+01
  0.785989E-04  0.888039E+05  0.888035E+05  0.118397E+06  0.118395E+06  0.000000E+00  0.888038E+05  0.888038E+05  0.975901E+05 -0.607617E+00  0.887238E+05  0.887237E+05  0.627644E+01
  0.798367E-04  0.888039E+05  0.888035E+05  0.118397E+06  0.118395E+06  0.000000E+00  0.888038E+05  0.888038E+05  0.975900E+05 -0.607617E+00  0.887238E+05  0.887236E+05  0.637528E+01
  0.810939E-04  0.888038E+05  0.888034E+05  0.118397E+06  0.118394E+06  0.000000E+00  0.888038E+05  0.888038E+05  0.975900E+05 -0.607617E+00  0.887238E+05  0.887236E+05  0.647568E+01
  0.823709E-04  0.888038E+05  0.888034E+05  0.118397E+06  0.118394E+06  0.000000E+00  0.888037E+05  0.888037E+05  0.975899E+05 -0.607616E+00  0.887238E+05  0.887236E+05  0.657765E+01
  0.836681E-04  0.888038E+05  0.888034E+05  0.118396E+06  0.118393E+06  0.000000E+00  0.888037E+05  0.888037E+05  0.975899E+05 -0.607616E+00  0.887237E+05  0.887236E+05  0.668123E+01
  0.849857E-04  0.888038E+05  0.888033E+05  0.118396E+06  0.118393E+06  0.000000E+00  0.888037E+05  0.888037E+05  0.975898E+05 -0.607616E+00  0.887237E+05  0.887235E+05  0.678644E+01
  0.863240E-04  0.888037E+05  0.888033E+05  0.118396E+06  0.118393E+06  0.000000E+00  0.888037E+05  0.888037E+05  0.975898E+05 -0.607615E+00  0.887237E+05  0.887235E+05  0.689331E+01
  0.876834E-04  0.888037E+05  0.888033E+05  0.118395E+06  0.118392E+06  0.000000E+00  0.888036E+05  0.888036E+05  0.975897E+05 -0.607615E+00  0.887237E+05  0.887235E+05  0.700186E+01
  0.890642E-04  0.888037E+05  0.888032E+05  0.118395E+06  0.118392E+06  0.000000E+00  0.888036E+05  0.888036E+05  0.975897E+05 -0.607615E+00  0.887236E+05  0.887234E+05  0.711213E+01
  0.904668E-04  0.888037E+05  0.888032E+05  0.118395E+06  0.118391E+06  0.000000E+00  0.888036E+05  0.888036E+05  0.975896E+05 -0.607614E+00  0.887236E+05  0.887234E+05  0.722412E+01
  0.918914E-04  0.888036E+05  0.888031E+05  0.118394E+06  0.118391E+06  0.000000E+00  0.888036E+05  0.888036E+05  0.975895E+05 -0.607614E+00  0.887236E+05  0.887234E+05  0.733788E+01
  0.933385E-04  0.888036E+05  0.888031E+05  0.118394E+06  0.118390E+06  0.000000E+00  0.888035E+05  0.888035E+05  0.975895E+05 -0.607614E+00  0.887236E+05  0.887233E+05  0.745344E+01
  0.948084E-04  0.888036E+05  0.888031E+05  0.118393E+06  0.118390E+06  0.000000E+00  0.888035E+05  0.888035E+05  0.975894E+05 -0.607613E+00  0.887235E+05  0.887233E+05  0.757081E+01
  0.963014E-04  0.888035E+05  0.888030E+05  0.118393E+06  0.118389E+06  0.000000E+00  0.888035E+05  0.888035E+05  0.975893E+05 -0.607613E+00  0.887235E+05  0.887232E+05  0.769003E+01
  0.978179E-04  0.888035E+05  0.888030E+05  0.118393E+06  0.118389E+06  0.000000E+00  0.888034E+05  0.888034E+05  0.975893E+05 -0.607612E+00  0.887235E+05  0.887232E+05  0.781112E+01
  0.993583E-04  0.888035E+05  0.888029E+05  0.118392E+06  0.118388E+06  0.000000E+00  0.888034E+05  0.888034E+05  0.975892E+05 -0.607612E+00  0.887234E+05  0.887232E+05  0.793413E+01
  0.100923E-03  0.888034E+05  0.888029E+05  0.118392E+06  0.118388E+06  0.000000E+00  0.888034E+05  0.888034E+05  0.975891E+05 -0.607611E+00  0.887234E+05  0.887231E+05  0.805907E+01
  0.102512E-03  0.888034E+05  0.888028E+05  0.118391E+06  0.118387E+06  0.000000E+00  0.888033E+05  0.888033E+05  0.975891E+05 -0.607611E+00  0.887234E+05  0.887231E+05  0.818598E+01
  0.104127E-03  0.888034E+05  0.888028E+05  0.118391E+06  0.118386E+06  0.000000E+00  0.888033E+05  0.888033E+05  0.975890E+05 -0.607610E+00  0.887233E+05  0.887230E+05  0.831489E+01
  0.105766E-03  0.888033E+05  0.888027E+05  0.118390E+06  0.118386E+06  0.000000E+00  0.888032E+05  0.888032E+05  0.975889E+05 -0.607610E+00  0.887233E+05  0.887230E+05  0.844582E+01
  0.107432E-03  0.888033E+05  0.888026E+05  0.118390E+06  0.118385E+06  0.000000E+00  0.888032E+05  0.888032E+05  0.975888E+05 -0.607609E+00  0.887232E+05  0.887229E+05  0.857882E+01
  0.109124E-03  0.888033E+05  0.888026E+05  0.118389E+06  0.118385E+06  0.000000E+00  0.888031E+05  0.888031E+05  0.975887E+05 -0.607609E+00  0.887232E+05  0.887229E+05  0.871391E+01
  0.110842E-03  0.888032E+05  0.888025E+05  0.118389E+06  0.118384E+06  0.000000E+00  0.888031E+05  0.888031E+05  0.975886E+05 -0.607608E+00  0.887231E+05  0.887228E+05  0.885113E+01
  0.112588E-03  0.888032E+05  0.888025E+05  0.118388E+06  0.118383E+06  0.000000E+00  0.888031E+05  0.888031E+05  0.975886E+05 -0.607608E+00  0.887231E+05  0.887228E+05  0.899051E+01
  0.114361E-03  0.888031E+05  0.888024E+05  0.118388E+06  0.118382E+06  0.000000E+00  0.888030E+05  0.888030E+05  0.975885E+05 -0.607607E+00  0.887231E+05  0.887227E+05  0.913209E+01
  0.116162E-03  0.888031E+05  0.888023E+05  0.118387E+06  0.118382E+06  0.000000E+00  0.888030E+05  0.888030E+05  0.975884E+05 -0.607607E+00  0.887230E+05  0.887227E+05  0.927589E+01
  0.117991E-03  0.888031E+05  0.888022E+05  0.118387E+06  0.118381E+06  0.000000E+00  0.888029E+05  0.888029E+05  0.975883E+05 -0.607606E+00  0.887230E+05  0.887226E+05  0.942196E+01
  0.119849E-03  0.888030E+05  0.888022E+05  0.118386E+06  0.118380E+06  0.000000E+00  0.888029E+05  0.888029E+05  0.975882E+05 -0.607605E+00  0.887229E+05  0.887225E+05  0.957033E+01
  0.121736E-03  0.888030E+05  0.888021E+05  0.118385E+06  0.118379E+06  0.000000E+00  0.888028E+05  0.888028E+05  0.975881E+05 -0.607605E+00  0.887229E+05  0.887225E+05  0.972103E+01
  0.123653E-03  0.888029E+05  0.888020E+05  0.118385E+06  0.118378E+06  0.000000E+00  0.888028E+05  0.888028E+05  0.975880E+05 -0.607604E+00  0.887228E+05  0.887224E+05  0.987411E+01
  0.125601E-03  0.888029E+05  0.888019E+05  0.118384E+06  0.118378E+06  0.000000E+00  0.888027E+05  0.888027E+05  0.975878E+05 -0.607603E+00  0.887228E+05  0.887223E+05  0.100296E+02
  0.127579E-03  0.888028E+05  0.888019E+05  0.118383E+06  0.118377E+06  0.000000E+00  0.888027E+05  0.888027E+05  0.975877E+05 -0.607603E+00  0.887227E+05  0.887223E+05  0.101875E+02
  0.129588E-03  0.888027E+05  0.888018E+05  0.118383E+06  0.118376E+06  0.000000E+00  0.888026E+05  0.888026E+05  0.975876E+05 -0.607602E+00  0.887226E+05  0.887222E+05  0.103480E+02
  0.131628E-03  0.888027E+05  0.888017E+05  0.118382E+06  0.118375E+06  0.000000E+00  0.888025E+05  0.888025E+05  0.975875E+05 -0.607601E+00  0.887226E+05  0.887221E+05  0.105109E+02
  0.133701E-03  0.888026E+05  0.888016E+05  0.118381E+06  0.118374E+06  0.000000E+00  0.888025E+05  0.888025E+05  0.975874E+05 -0.607600E+00  0.887225E+05  0.887221E+05  0.106764E+02
  0.135807E-03  0.888026E+05  0.888015E+05  0.118380E+06  0.118373E+06  0.000000E+00  0.888024E+05  0.888024E+05  0.975872E+05 -0.607599E+00  0.887225E+05  0.887220E+05  0.108445E+02
  0.137945E-03  0.888025E+05  0.888014E+05  0.118380E+06  0.118372E+06  0.000000E+00  0.888023E+05  0.888023E+05  0.975871E+05 -0.607599E+00  0.887224E+05  0.887219E+05  0.110153E+02
  0.140118E-03  0.888024E+05  0.888013E+05  0.118379E+06  0.118371E+06  0.000000E+00  0.888023E+05  0.888023E+05  0.975870E+05 -0.607598E+00  0.887223E+05  0.887218E+05  0.111888E+02
  0.142324E-03  0.888024E+05  0.888012E+05  0.118378E+06  0.118370E+06  0.000000E+00  0.888022E+05  0.888022E+05  0.975868E+05 -0.607597E+00  0.887223E+05  0.887217E+05  0.113650E+02
  0.144566E-03  0.888023E+05  0.888011E+05  0.118377E+06  0.118368E+06  0.000000E+00  0.888021E+05  0.888021E+05  0.975867E+05 -0.607596E+00  0.887222E+05  0.887216E+05  0.115439E+02
  0.146842E-03  0.888022E+05  0.888010E+05  0.118376E+06  0.118367E+06  0.000000E+00  0.888020E+05  0.888020E+05  0.975865E+05 -0.607595E+00  0.887221E+05  0.887215E+05  0.117257E+02
  0.149155E-03  0.888022E+05  0.888009E+05  0.118375E+06  0.118366E+06  0.000000E+00  0.888020E+05  0.888020E+05  0.975864E+05 -0.607594E+00  0.887220E+05  0.887215E+05  0.119103E+02
  0.151503E-03  0.888021E+05  0.888008E+05  0.118374E+06  0.118365E+06  0.000000E+00  0.888019E+05  0.888019E+05  0.975862E+05 -0.607593E+00  0.887220E+05  0.887214E+05  0.120979E+02
  0.153889E-03  0.888020E+05  0.888007E+05  0.118373E+06  0.118363E+06  0.000000E+00  0.888018E+05  0.888018E+05  0.975860E+05 -0.607592E+00  0.887219E+05  0.887213E+05  0.122884E+02
  0.156313E-03  0.888019E+05  0.888005E+05  0.118372E+06  0.118362E+06  0.000000E+00  0.888017E+05  0.888017E+05  0.975859E+05 -0.607591E+00  0.887218E+05  0.887212E+05  0.124819E+02
  0.158774E-03  0.888019E+05  0.888004E+05  0.118371E+06  0.118361E+06  0.000000E+00  0.888016E+05  0.888016E+05  0.975857E+05 -0.607590E+00  0.887217E+05  0.887210E+05  0.126784E+02
  0.161274E-03  0.888018E+05  0.888003E+05  0.118370E+06  0.118359E+06  0.000000E+00  0.888015E+05  0.888015E+05  0.975855E+05 -0.607588E+00  0.887216E+05  0.887209E+05  0.128781E+02
  0.163814E-03  0.888017E+05  0.888001E+05  0.118369E+06  0.118358E+06  0.000000E+00  0.888014E+05  0.888014E+05  0.975853E+05 -0.607587E+00  0.887215E+05  0.887208E+05  0.130809E+02
  0.166394E-03  0.888016E+05  0.888000E+05  0.118367E+06  0.118356E+06  0.000000E+00  0.888013E+05  0.888013E+05  0.975851E+05 -0.607586E+00  0.887214E+05  0.887207E+05  0.132868E+02
  0.169014E-03  0.888015E+05  0.887999E+05  0.118366E+06  0.118355E+06  0.000000E+00  0.888012E+05  0.888012E+05  0.975849E+05 -0.607585E+00  0.887213E+05  0.887206E+05  0.134961E+02
  0.171676E-03  0.888014E+05  0.887997E+05  0.118365E+06  0.118353E+06  0.000000E+00  0.888011E+05  0.888011E+05  0.975847E+05 -0.607583E+00  0.887212E+05  0.887205E+05  0.137086E+02
  0.174379E-03  0.888013E+05  0.887996E+05  0.118364E+06  0.118351E+06  0.000000E+00  0.888010E+05  0.888010E+05  0.975845E+05 -0.607582E+00  0.887211E+05  0.887203E+05  0.139244E+02
  0.177125E-03  0.888012E+05  0.887994E+05  0.118362E+06  0.118349E+06  0.000000E+00  0.888009E+05  0.888009E+05  0.975842E+05 -0.607581E+00  0.887210E+05  0.887202E+05  0.141437E+02
  0.179915E-03  0.888011E+05  0.887992E+05  0.118361E+06  0.118348E+06  0.000000E+00  0.888008E+05  0.888008E+05  0.975840E+05 -0.607579E+00  0.887209E+05  0.887201E+05  0.143664E+02
  0.182748E-03  0.888010E+05  0.887991E+05  0.118359E+06  0.118346E+06  0.000000E+00  0.888007E+05  0.888007E+05  0.975838E+05 -0.607578E+00  0.887208E+05  0.887199E+05  0.145926E+02
  0.185626E-03  0.888009E+05  0.887989E+05  0.118358E+06  0.118344E+06  0.000000E+00  0.888006E+05  0.888006E+05  0.975835E+05 -0.607576E+00  0.887207E+05  0.887198E+05  0.148224E+02
  0.188549E-03  0.888008E+05  0.887987E+05  0.118356E+06  0.118342E+06  0.000000E+00  0.888004E+05  0.888004E+05  0.975833E+05 -0.607575E+00  0.887205E+05  0.887196E+05  0.150558E+02
  0.191518E-03  0.888006E+05  0.887985E+05  0.118355E+06  0.118340E+06  0.000000E+00  0.888003E+05  0.888003E+05  0.975830E+05 -0.607573E+00  0.887204E+05  0.887195E+05  0.152929E+02
  0.194534E-03  0.888005E+05  0.887983E+05  0.118353E+06  0.118338E+06  0.000000E+00  0.888002E+05  0.888002E+05  0.975828E+05 -0.607571E+00  0.887203E+05  0.887193E+05  0.155337E+02
  0.197598E-03  0.888004E+05  0.887981E+05  0.118352E+06  0.118336E+06  0.000000E+00  0.888000E+05  0.888000E+05  0.975825E+05 -0.607570E+00  0.887202E+05  0.887191E+05  0.157783E+02
  0.200709E-03  0.888003E+05  0.887979E+05  0.118350E+06  0.118333E+06  0.000000E+00  0.887999E+05  0.887999E+05  0.975822E+05 -0.607568E+00  0.887200E+05  0.887190E+05  0.160267E+02
  0.203870E-03  0.888001E+05  0.887977E+05  0.118348E+06  0.118331E+06  0.000000E+00  0.887998E+05  0.887998E+05  0.975819E+05 -0.607566E+00  0.887199E+05  0.887188E+05  0.162791E+02
  0.207081E-03  0.888000E+05  0.887975E+05  0.118346E+06  0.118329E+06  0.000000E+00  0.887996E+05  0.887996E+05  0.975816E+05 -0.607564E+00  0.887197E+05  0.887186E+05  0.165354E+02
  0.210342E-03  0.887998E+05  0.887973E+05  0.118344E+06  0.118326E+06  0.000000E+00  0.887994E+05  0.887994E+05  0.975813E+05 -0.607562E+00  0.887196E+05  0.887184E+05  0.167958E+02
  0.213654E-03  0.887997E+05  0.887971E+05  0.118342E+06  0.118324E+06  0.000000E+00  0.887993E+05  0.887993E+05  0.975810E+05 -0.607560E+00  0.887194E+05  0.887182E+05  0.170602E+02
  0.217019E-03  0.887995E+05  0.887968E+05  0.118340E+06  0.118321E+06  0.000000E+00  0.887991E+05  0.887991E+05  0.975806E+05 -0.607558E+00  0.887193E+05  0.887180E+05  0.173288E+02
  0.220436E-03  0.887994E+05  0.887966E+05  0.118338E+06  0.118318E+06  0.000000E+00  0.887989E+05  0.887989E+05  0.975803E+05 -0.607556E+00  0.887191E+05  0.887178E+05  0.176017E+02
  0.223907E-03  0.887992E+05  0.887963E+05  0.118336E+06  0.118316E+06  0.000000E+00  0.887988E+05  0.887988E+05  0.975799E+05 -0.607553E+00  0.887189E+05  0.887176E+05  0.178789E+02
  0.227434E-03  0.887991E+05  0.887961E+05  0.118334E+06  0.118313E+06  0.000000E+00  0.887986E+05  0.887986E+05  0.975795E+05 -0.607551E+00  0.887187E+05  0.887174E+05  0.181604E+02
  0.231015E-03  0.887989E+05  0.887958E+05  0.118332E+06  0.118310E+06  0.000000E+00  0.887984E+05  0.887984E+05  0.975792E+05 -0.607549E+00  0.887186E+05  0.887172E+05  0.184463E+02
  0.234653E-03  0.887987E+05  0.887955E+05  0.118329E+06  0.118307E+06  0.000000E+00  0.887982E+05  0.887982E+05  0.975788E+05 -0.607546E+00  0.887184E+05  0.887169E+05  0.187367E+02
  0.238348E-03  0.887985E+05  0.887952E+05  0.118327E+06  0.118304E+06  0.000000E+00  0.887980E+05  0.887980E+05  0.975784E+05 -0.607544E+00  0.887182E+05  0.887167E+05  0.190318E+02
  0.242102E-03  0.887983E+05  0.887950E+05  0.118324E+06  0.118300E+06  0.000000E+00  0.887978E+05  0.887978E+05  0.975780E+05 -0.607541E+00  0.887180E+05  0.887164E+05  0.193314E+02
  0.245914E-03  0.887981E+05  0.887946E+05  0.118322E+06  0.118297E+06  0.000000E+00  0.887976E+05  0.887976E+05  0.975775E+05 -0.607538E+00  0.887178E+05  0.887162E+05  0.196358E+02
  0.249787E-03  0.887979E+05  0.887943E+05  0.118319E+06  0.118294E+06  0.000000E+00  0.887974E+05  0.887974E+05  0.975771E+05 -0.607536E+00  0.887175E+05  0.887159E+05  0.199450E+02
  0.253720E-03  0.887977E+05  0.887940E+05  0.118316E+06  0.118290E+06  0.000000E+00  0.887971E+05  0.887971E+05  0.975766E+05 -0.607533E+00  0.887173E+05  0.887156E+05  0.202590E+02
  0.257716E-03  0.887975E+05  0.887937E+05  0.118313E+06  0.118286E+06  0.000000E+00  0.887969E+05  0.887969E+05  0.975762E+05 -0.607530E+00  0.887171E+05  0.887153E+05  0.205780E+02
  0.261774E-03  0.887973E+05  0.887933E+05  0.118311E+06  0.118283E+06  0.000000E+00  0.887966E+05  0.887966E+05  0.975757E+05 -0.607527E+00  0.887169E+05  0.887151E+05  0.209020E+02
  0.265897E-03  0.887970E+05  0.887930E+05  0.118307E+06  0.118279E+06  0.000000E+00  0.887964E+05  0.887964E+05  0.975752E+05 -0.607524E+00  0.887166E+05  0.887148E+05  0.212311E+02
  0.270084E-03  0.887968E+05  0.887926E+05  0.118304E+06  0.118275E+06  0.000000E+00  0.887961E+05  0.887961E+05  0.975746E+05 -0.607520E+00  0.887164E+05  0.887144E+05  0.215653E+02
  0.274337E-03  0.887966E+05  0.887922E+05  0.118301E+06  0.118270E+06  0.000000E+00  0.887959E+05  0.887959E+05  0.975741E+05 -0.607517E+00  0.887161E+05  0.887141E+05  0.219049E+02
  0.278657E-03  0.887963E+05  0.887918E+05  0.118298E+06  0.118266E+06  0.000000E+00  0.887956E+05  0.887956E+05  0.975736E+05 -0.607514E+00  0.887158E+05  0.887138E+05  0.222497E+02
  0.283046E-03  0.887961E+05  0.887914E+05  0.118294E+06  0.118262E+06  0.000000E+00  0.887953E+05  0.887953E+05  0.975730E+05 -0.607510E+00  0.887156E+05  0.887135E+05  0.226001E+02
  0.287503E-03  0.887958E+05  0.887910E+05  0.118291E+06  0.118257E+06  0.000000E+00  0.887950E+05  0.887950E+05  0.975724E+05 -0.607506E+00  0.887153E+05  0.887131E+05  0.229559E+02
  0.292030E-03  0.887955E+05  0.887906E+05  0.118287E+06  0.118252E+06  0.000000E+00  0.887947E+05  0.887947E+05  0.975718E+05 -0.607502E+00  0.887150E+05  0.887127E+05  0.233173E+02
  0.296629E-03  0.887952E+05  0.887902E+05  0.118283E+06  0.118248E+06  0.000000E+00  0.887944E+05  0.887944E+05  0.975712E+05 -0.607499E+00  0.887147E+05  0.887124E+05  0.236844E+02
  0.301300E-03  0.887949E+05  0.887897E+05  0.118279E+06  0.118242E+06  0.000000E+00  0.887941E+05  0.887941E+05  0.975705E+05 -0.607494E+00  0.887144E+05  0.887120E+05  0.240573E+02
  0.306045E-03  0.887946E+05  0.887892E+05  0.118275E+06  0.118237E+06  0.000000E+00  0.887938E+05  0.887938E+05  0.975699E+05 -0.607490E+00  0.887140E+05  0.887116E+05  0.244360E+02
  0.310865E-03  0.887943E+05  0.887888E+05  0.118271E+06  0.118232E+06  0.000000E+00  0.887934E+05  0.887934E+05  0.975692E+05 -0.607486E+00  0.887137E+05  0.887112E+05  0.248207E+02
  0.315760E-03  0.887940E+05  0.887882E+05  0.118267E+06  0.118226E+06  0.000000E+00  0.887931E+05  0.887931E+05  0.975685E+05 -0.607482E+00  0.887134E+05  0.887107E+05  0.252115E+02
  0.320733E-03  0.887936E+05  0.887877E+05  0.118263E+06  0.118221E+06  0.000000E+00  0.887927E+05  0.887927E+05  0.975678E+05 -0.607477E+00  0.887130E+05  0.887103E+05  0.256084E+02
  0.325783E-03  0.887933E+05  0.887872E+05  0.118258E+06  0.118215E+06  0.000000E+00  0.887923E+05  0.887923E+05  0.975670E+05 -0.607472E+00  0.887127E+05  0.887099E+05  0.260116E+02
  0.330914E-03  0.887929E+05  0.887866E+05  0.118253E+06  0.118209E+06  0.000000E+00  0.887919E+05  0.887919E+05  0.975662E+05 -0.607467E+00  0.887123E+05  0.887094E+05  0.264211E+02
  0.336125E-03  0.887926E+05  0.887861E+05  0.118249E+06  0.118203E+06  0.000000E+00  0.887915E+05  0.887915E+05  0.975654E+05 -0.607462E+00  0.887119E+05  0.887089E+05  0.268370E+02
  0.341418E-03  0.887922E+05  0.887855E+05  0.118244E+06  0.118196E+06  0.000000E+00  0.887911E+05  0.887911E+05  0.975646E+05 -0.607457E+00  0.887115E+05  0.887084E+05  0.272595E+02
  0.346795E-03  0.887918E+05  0.887849E+05  0.118238E+06  0.118189E+06  0.000000E+00  0.887907E+05  0.887907E+05  0.975637E+05 -0.607452E+00  0.887111E+05  0.887079E+05  0.276886E+02
  0.352256E-03  0.887914E+05  0.887843E+05  0.118233E+06  0.118183E+06  0.000000E+00  0.887903E+05  0.887903E+05  0.975629E+05 -0.607446E+00  0.887106E+05  0.887074E+05  0.281245E+02
  0.357803E-03  0.887910E+05  0.887836E+05  0.118228E+06  0.118175E+06  0.000000E+00  0.887898E+05  0.887898E+05  0.975620E+05 -0.607440E+00  0.887102E+05  0.887068E+05  0.285673E+02
  0.363438E-03  0.887906E+05  0.887830E+05  0.118222E+06  0.118168E+06  0.000000E+00  0.887893E+05  0.887893E+05  0.975610E+05 -0.607435E+00  0.887098E+05  0.887063E+05  0.290170E+02
  0.369161E-03  0.887901E+05  0.887823E+05  0.118216E+06  0.118161E+06  0.000000E+00  0.887889E+05  0.887889E+05  0.975600E+05 -0.607428E+00  0.887093E+05  0.887057E+05  0.294738E+02
  0.374974E-03  0.887897E+05  0.887816E+05  0.118210E+06  0.118153E+06  0.000000E+00  0.887884E+05  0.887884E+05  0.975590E+05 -0.607422E+00  0.887088E+05  0.887051E+05  0.299377E+02
  0.380879E-03  0.887892E+05  0.887808E+05  0.118204E+06  0.118145E+06  0.000000E+00  0.887879E+05  0.887879E+05  0.975580E+05 -0.607416E+00  0.887083E+05  0.887045E+05  0.304090E+02
  0.386877E-03  0.887887E+05  0.887801E+05  0.118197E+06  0.118136E+06  0.000000E+00  0.887873E+05  0.887873E+05  0.975570E+05 -0.607409E+00  0.887078E+05  0.887038E+05  0.308877E+02
  0.392970E-03  0.887882E+05  0.887793E+05  0.118191E+06  0.118128E+06  0.000000E+00  0.887868E+05  0.887868E+05  0.975559E+05 -0.607402E+00  0.887072E+05  0.887032E+05  0.313739E+02
  0.399158E-03  0.887877E+05  0.887785E+05  0.118184E+06  0.118119E+06  0.000000E+00  0.887862E+05  0.887862E+05  0.975547E+05 -0.607395E+00  0.887067E+05  0.887025E+05  0.318677E+02
  0.405444E-03  0.887871E+05  0.887777E+05  0.118177E+06  0.118110E+06  0.000000E+00  0.887856E+05  0.887856E+05  0.975536E+05 -0.607388E+00  0.887061E+05  0.887018E+05  0.323694E+02
  0.411829E-03  0.887866E+05  0.887768E+05  0.118170E+06  0.118101E+06  0.000000E+00  0.887850E+05  0.887850E+05  0.975524E+05 -0.607380E+00  0.887055E+05  0.887011E+05  0.328789E+02
  0.418314E-03  0.887860E+05  0.887760E+05  0.118162E+06  0.118091E+06  0.000000E+00  0.887844E+05  0.887844E+05  0.975511E+05 -0.607372E+00  0.887050E+05  0.887003E+05  0.333964E+02
  0.424902E-03  0.887854E+05  0.887751E+05  0.118154E+06  0.118081E+06  0.000000E+00  0.887838E+05  0.887838E+05  0.975498E+05 -0.607364E+00  0.887043E+05  0.886996E+05  0.339220E+02
  0.431593E-03  0.887848E+05  0.887741E+05  0.118147E+06  0.118071E+06  0.000000E+00  0.887831E+05  0.887831E+05  0.975485E+05 -0.607356E+00  0.887037E+05  0.886988E+05  0.344560E+02
  0.438390E-03  0.887842E+05  0.887732E+05  0.118138E+06  0.118060E+06  0.000000E+00  0.887824E+05  0.887824E+05  0.975472E+05 -0.607347E+00  0.887030E+05  0.886980E+05  0.349983E+02
  0.445293E-03  0.887836E+05  0.887722E+05  0.118130E+06  0.118049E+06  0.000000E+00  0.887817E+05  0.887817E+05  0.975458E+05 -0.607339E+00  0.887023E+05  0.886971E+05  0.355491E+02
  0.452306E-03  0.887829E+05  0.887711E+05  0.118121E+06  0.118038E+06  0.000000E+00  0.887810E+05  0.887810E+05  0.975443E+05 -0.607329E+00  0.887016E+05  0.886962E+05  0.361086E+02
  0.459428E-03  0.887822E+05  0.887701E+05  0.118112E+06  0.118026E+06  0.000000E+00  0.887803E+05  0.887803E+05  0.975428E+05 -0.607320E+00  0.887009E+05  0.886954E+05  0.366769E+02
  0.466663E-03  0.887815E+05  0.887690E+05  0.118103E+06  0.118014E+06  0.000000E+00  0.887795E+05  0.887795E+05  0.975413E+05 -0.607310E+00  0.887002E+05  0.886944E+05  0.372542E+02
  0.474012E-03  0.887808E+05  0.887679E+05  0.118093E+06  0.118002E+06  0.000000E+00  0.887787E+05  0.887787E+05  0.975397E+05 -0.607300E+00  0.886994E+05  0.886935E+05  0.378405E+02
  0.481477E-03  0.887800E+05  0.887667E+05  0.118083E+06  0.117989E+06  0.000000E+00  0.887779E+05  0.887779E+05  0.975380E+05 -0.607290E+00  0.886986E+05  0.886925E+05  0.384360E+02
  0.489059E-03  0.887792E+05  0.887655E+05  0.118073E+06  0.117976E+06  0.000000E+00  0.887770E+05  0.887770E+05  0.975363E+05 -0.607279E+00  0.886978E+05  0.886915E+05  0.390409E+02
  0.496760E-03  0.887784E+05  0.887642E+05  0.118062E+06  0.117962E+06  0.000000E+00  0.887762E+05  0.887762E+05  0.975346E+05 -0.607268E+00  0.886969E+05  0.886904E+05  0.396553E+02
  0.504583E-03  0.887776E+05  0.887630E+05  0.118051E+06  0.117948E+06  0.000000E+00  0.887753E+05  0.887753E+05  0.975328E+05 -0.607257E+00  0.886960E+05  0.886893E+05  0.402793E+02
  0.512529E-03  0.887768E+05  0.887617E+05  0.118040E+06  0.117933E+06  0.000000E+00  0.887744E+05  0.887744E+05  0.975309E+05 -0.607245E+00  0.886951E+05  0.886882E+05  0.409132E+02
  0.520600E-03  0.887759E+05  0.887603E+05  0.118029E+06  0.117918E+06  0.000000E+00  0.887734E+05  0.887734E+05  0.975290E+05 -0.607233E+00  0.886942E+05  0.886871E+05  0.415570E+02
  0.528799E-03  0.887750E+05  0.887589E+05  0.118017E+06  0.117903E+06  0.000000E+00  0.887724E+05  0.887724E+05  0.975270E+05 -0.607221E+00  0.886932E+05  0.886859E+05  0.422109E+02
  0.537126E-03  0.887740E+05  0.887574E+05  0.118004E+06  0.117887E+06  0.000000E+00  0.887714E+05  0.887714E+05  0.975250E+05 -0.607208E+00  0.886922E+05  0.886846E+05  0.428751E+02
  0.545585E-03  0.887731E+05  0.887559E+05  0.117992E+06  0.117870E+06  0.000000E+00  0.887703E+05  0.887703E+05  0.975229E+05 -0.607195E+00  0.886912E+05  0.886834E+05  0.435498E+02
  0.554176E-03  0.887721E+05  0.887544E+05  0.117978E+06  0.117854E+06  0.000000E+00  0.887692E+05  0.887692E+05  0.975207E+05 -0.607181E+00  0.886902E+05  0.886821E+05  0.442350E+02
  0.562903E-03  0.887710E+05  0.887528E+05  0.117965E+06  0.117836E+06  0.000000E+00  0.887681E+05  0.887681E+05  0.975184E+05 -0.607167E+00  0.886891E+05  0.886807E+05  0.449310E+02
  0.571768E-03  0.887700E+05  0.887512E+05  0.117951E+06  0.117818E+06  0.000000E+00  0.887670E+05  0.887670E+05  0.975161E+05 -0.607152E+00  0.886880E+05  0.886793E+05  0.456380E+02
  0.580772E-03  0.887689E+05  0.887495E+05  0.117936E+06  0.117799E+06  0.000000E+00  0.887658E+05  0.887658E+05  0.975137E+05 -0.607137E+00  0.886868E+05  0.886779E+05  0.463560E+02
  0.589918E-03  0.887677E+05  0.887477E+05  0.117922E+06  0.117780E+06  0.000000E+00  0.887646E+05  0.887646E+05  0.975113E+05 -0.607122E+00  0.886856E+05  0.886764E+05  0.470853E+02
  0.599207E-03  0.887666E+05  0.887459E+05  0.117906E+06  0.117760E+06  0.000000E+00  0.887633E+05  0.887633E+05  0.975087E+05 -0.607106E+00  0.886844E+05  0.886749E+05  0.478261E+02
  0.608644E-03  0.887654E+05  0.887441E+05  0.117890E+06  0.117740E+06  0.000000E+00  0.887620E+05  0.887620E+05  0.975061E+05 -0.607089E+00  0.886831E+05  0.886733E+05  0.485785E+02
  0.618228E-03  0.887641E+05  0.887422E+05  0.117874E+06  0.117719E+06  0.000000E+00  0.887606E+05  0.887606E+05  0.975034E+05 -0.607072E+00  0.886818E+05  0.886717E+05  0.493427E+02
  0.627964E-03  0.887628E+05  0.887402E+05  0.117857E+06  0.117697E+06  0.000000E+00  0.887592E+05  0.887592E+05  0.975006E+05 -0.607055E+00  0.886804E+05  0.886700E+05  0.501189E+02
  0.637853E-03  0.887615E+05  0.887381E+05  0.117840E+06  0.117675E+06  0.000000E+00  0.887578E+05  0.887578E+05  0.974977E+05 -0.607037E+00  0.886790E+05  0.886683E+05  0.509073E+02
  0.647898E-03  0.887602E+05  0.887360E+05  0.117822E+06  0.117651E+06  0.000000E+00  0.887563E+05  0.887563E+05  0.974948E+05 -0.607018E+00  0.886776E+05  0.886665E+05  0.517080E+02
  0.658101E-03  0.887588E+05  0.887339E+05  0.117803E+06  0.117628E+06  0.000000E+00  0.887548E+05  0.887548E+05  0.974917E+05 -0.606999E+00  0.886761E+05  0.886647E+05  0.525213E+02
  0.668464E-03  0.887573E+05  0.887316E+05  0.117784E+06  0.117603E+06  0.000000E+00  0.887532E+05  0.887532E+05  0.974885E+05 -0.606979E+00  0.886745E+05  0.886628E+05  0.533474E+02
  0.678991E-03  0.887558E+05  0.887293E+05  0.117765E+06  0.117577E+06  0.000000E+00  0.887516E+05  0.887516E+05  0.974853E+05 -0.606958E+00  0.886730E+05  0.886608E+05  0.541865E+02
  0.689684E-03  0.887542E+05  0.887269E+05  0.117744E+06  0.117551E+06  0.000000E+00  0.887499E+05  0.887499E+05  0.974819E+05 -0.606937E+00  0.886713E+05  0.886588E+05  0.550387E+02
  0.700544E-03  0.887527E+05  0.887245E+05  0.117723E+06  0.117524E+06  0.000000E+00  0.887482E+05  0.887482E+05  0.974784E+05 -0.606915E+00  0.886696E+05  0.886567E+05  0.559043E+02
  0.711576E-03  0.887510E+05  0.887219E+05  0.117702E+06  0.117496E+06  0.000000E+00  0.887464E+05  0.887464E+05  0.974748E+05 -0.606893E+00  0.886679E+05  0.886546E+05  0.567834E+02
  0.722782E-03  0.887493E+05  0.887193E+05  0.117679E+06  0.117468E+06  0.000000E+00  0.887445E+05  0.887445E+05  0.974711E+05 -0.606869E+00  0.886661E+05  0.886523E+05  0.576763E+02
  0.734164E-03  0.887476E+05  0.887166E+05  0.117656E+06  0.117438E+06  0.000000E+00  0.887426E+05  0.887426E+05  0.974673E+05 -0.606845E+00  0.886642E+05  0.886500E+05  0.585833E+02
  0.745726E-03  0.887458E+05  0.887138E+05  0.117633E+06  0.117407E+06  0.000000E+00  0.887407E+05  0.887407E+05  0.974634E+05 -0.606821E+00  0.886623E+05  0.886477E+05  0.595045E+02
  0.757469E-03  0.887439E+05  0.887109E+05  0.117608E+06  0.117376E+06  0.000000E+00  0.887386E+05  0.887386E+05  0.974593E+05 -0.606795E+00  0.886604E+05  0.886452E+05  0.604401E+02
  0.769398E-03  0.887420E+05  0.887080E+05  0.117583E+06  0.117343E+06  0.000000E+00  0.887366E+05  0.887366E+05  0.974552E+05 -0.606769E+00  0.886583E+05  0.886427E+05  0.613903E+02
  0.781514E-03  0.887400E+05  0.887049E+05  0.117557E+06  0.117310E+06  0.000000E+00  0.887344E+05  0.887344E+05  0.974508E+05 -0.606742E+00  0.886562E+05  0.886401E+05  0.623555E+02
  0.793821E-03  0.887379E+05  0.887017E+05  0.117530E+06  0.117275E+06  0.000000E+00  0.887322E+05  0.887322E+05  0.974464E+05 -0.606714E+00  0.886541E+05  0.886375E+05  0.633358E+02
  0.806322E-03  0.887358E+05  0.886985E+05  0.117502E+06  0.117239E+06  0.000000E+00  0.887299E+05  0.887299E+05  0.974418E+05 -0.606685E+00  0.886518E+05  0.886347E+05  0.643314E+02
  0.819019E-03  0.887337E+05  0.886951E+05  0.117474E+06  0.117202E+06  0.000000E+00  0.887275E+05  0.887275E+05  0.974370E+05 -0.606655E+00  0.886495E+05  0.886319E+05  0.653426E+02
  0.831917E-03  0.887314E+05  0.886916E+05  0.117444E+06  0.117164E+06  0.000000E+00  0.887251E+05  0.887251E+05  0.974322E+05 -0.606624E+00  0.886471E+05  0.886289E+05  0.663697E+02
  0.845018E-03  0.887291E+05  0.886881E+05  0.117414E+06  0.117125E+06  0.000000E+00  0.887226E+05  0.887226E+05  0.974271E+05 -0.606592E+00  0.886447E+05  0.886259E+05  0.674128E+02
  0.858325E-03  0.887267E+05  0.886844E+05  0.117382E+06  0.117084E+06  0.000000E+00  0.887200E+05  0.887200E+05  0.974219E+05 -0.606560E+00  0.886421E+05  0.886228E+05  0.684723E+02
  0.871842E-03  0.887242E+05  0.886806E+05  0.117350E+06  0.117043E+06  0.000000E+00  0.887173E+05  0.887173E+05  0.974165E+05 -0.606526E+00  0.886395E+05  0.886195E+05  0.695484E+02
  0.885571E-03  0.887217E+05  0.886766E+05  0.117317E+06  0.117000E+06  0.000000E+00  0.887145E+05  0.887145E+05  0.974110E+05 -0.606491E+00  0.886368E+05  0.886162E+05  0.706413E+02
  0.899517E-03  0.887191E+05  0.886726E+05  0.117282E+06  0.116955E+06  0.000000E+00  0.887117E+05  0.887117E+05  0.974053E+05 -0.606455E+00  0.886341E+05  0.886128E+05  0.717513E+02
  0.913682E-03  0.887163E+05  0.886684E+05  0.117247E+06  0.116910E+06  0.000000E+00  0.887087E+05  0.887087E+05  0.973994E+05 -0.606418E+00  0.886312E+05  0.886092E+05  0.728786E+02
  0.928071E-03  0.887136E+05  0.886641E+05  0.117210E+06  0.116862E+06  0.000000E+00  0.887057E+05  0.887057E+05  0.973933E+05 -0.606380E+00  0.886282E+05  0.886056E+05  0.740236E+02
  0.942686E-03  0.887107E+05  0.886596E+05  0.117172E+06  0.116814E+06  0.000000E+00  0.887025E+05  0.887025E+05  0.973871E+05 -0.606340E+00  0.886252E+05  0.886018E+05  0.751865E+02
  0.957531E-03  0.887077E+05  0.886550E+05  0.117133E+06  0.116763E+06  0.000000E+00  0.886993E+05  0.886993E+05  0.973806E+05 -0.606299E+00  0.886220E+05  0.885979E+05  0.763676E+02
  0.972610E-03  0.887046E+05  0.886503E+05  0.117093E+06  0.116712E+06  0.000000E+00  0.886960E+05  0.886960E+05  0.973739E+05 -0.606257E+00  0.886188E+05  0.885939E+05  0.775671E+02
  0.987926E-03  0.887015E+05  0.886454E+05  0.117052E+06  0.116658E+06  0.000000E+00  0.886925E+05  0.886925E+05  0.973670E+05 -0.606214E+00  0.886154E+05  0.885897E+05  0.787854E+02
  0.100348E-02  0.886982E+05  0.886404E+05  0.117009E+06  0.116603E+06  0.000000E+00  0.886890E+05  0.886890E+05  0.973599E+05 -0.606169E+00  0.886120E+05  0.885855E+05  0.800227E+02
  0.101929E-02  0.886948E+05  0.886352E+05  0.116965E+06  0.116546E+06  0.000000E+00  0.886853E+05  0.886853E+05  0.973526E+05 -0.606123E+00  0.886084E+05  0.885811E+05  0.812793E+02
  0.103534E-02  0.886914E+05  0.886298E+05  0.116919E+06  0.116488E+06  0.000000E+00  0.886816E+05  0.886816E+05  0.973451E+05 -0.606076E+00  0.886047E+05  0.885765E+05  0.825555E+02
  0.105164E-02  0.886878E+05  0.886243E+05  0.116872E+06  0.116427E+06  0.000000E+00  0.886777E+05  0.886777E+05  0.973373E+05 -0.606027E+00  0.886009E+05  0.885718E+05  0.838517E+02
  0.106820E-02  0.886841E+05  0.886185E+05  0.116824E+06  0.116365E+06  0.000000E+00  0.886736E+05  0.886736E+05  0.973292E+05 -0.605976E+00  0.885970E+05  0.885670E+05  0.851681E+02
  0.108502E-02  0.886802E+05  0.886127E+05  0.116774E+06  0.116301E+06  0.000000E+00  0.886695E+05  0.886695E+05  0.973210E+05 -0.605924E+00  0.885930E+05  0.885620E+05  0.865050E+02
  0.110211E-02  0.886763E+05  0.886066E+05  0.116722E+06  0.116234E+06  0.000000E+00  0.886652E+05  0.886652E+05  0.973124E+05 -0.605870E+00  0.885888E+05  0.885568E+05  0.878628E+02
  0.111947E-02  0.886722E+05  0.886003E+05  0.116669E+06  0.116166E+06  0.000000E+00  0.886608E+05  0.886608E+05  0.973036E+05 -0.605815E+00  0.885845E+05  0.885515E+05  0.892417E+02
  0.113710E-02  0.886681E+05  0.885938E+05  0.116614E+06  0.116095E+06  0.000000E+00  0.886562E+05  0.886562E+05  0.972945E+05 -0.605757E+00  0.885801E+05  0.885460E+05  0.906421E+02
  0.115500E-02  0.886637E+05  0.885871E+05  0.116558E+06  0.116023E+06  0.000000E+00  0.886516E+05  0.886516E+05  0.972851E+05 -0.605698E+00  0.885755E+05  0.885404E+05  0.920644E+02
  0.117319E-02  0.886593E+05  0.885803E+05  0.116500E+06  0.115948E+06  0.000000E+00  0.886467E+05  0.886467E+05  0.972754E+05 -0.605637E+00  0.885708E+05  0.885345E+05  0.935087E+02
  0.119167E-02  0.886547E+05  0.885732E+05  0.116440E+06  0.115870E+06  0.000000E+00  0.886417E+05  0.886417E+05  0.972655E+05 -0.605575E+00  0.885659E+05  0.885285E+05  0.949756E+02
  0.121043E-02  0.886499E+05  0.885658E+05  0.116378E+06  0.115791E+06  0.000000E+00  0.886365E+05  0.886365E+05  0.972552E+05 -0.605510E+00  0.885609E+05  0.885223E+05  0.964653E+02
  0.122949E-02  0.886450E+05  0.885583E+05  0.116314E+06  0.115709E+06  0.000000E+00  0.886312E+05  0.886312E+05  0.972446E+05 -0.605443E+00  0.885557E+05  0.885159E+05  0.979782E+02
  0.124886E-02  0.886400E+05  0.885505E+05  0.116248E+06  0.115624E+06  0.000000E+00  0.886258E+05  0.886258E+05  0.972336E+05 -0.605374E+00  0.885503E+05  0.885093E+05  0.995146E+02
  0.126852E-02  0.886348E+05  0.885424E+05  0.116180E+06  0.115537E+06  0.000000E+00  0.886201E+05  0.886201E+05  0.972223E+05 -0.605303E+00  0.885448E+05  0.885025E+05  0.101075E+03
  0.128850E-02  0.886294E+05  0.885341E+05  0.116110E+06  0.115446E+06  0.000000E+00  0.886142E+05  0.886142E+05  0.972107E+05 -0.605229E+00  0.885391E+05  0.884955E+05  0.102659E+03
  0.130879E-02  0.886239E+05  0.885256E+05  0.116037E+06  0.115354E+06  0.000000E+00  0.886082E+05  0.886082E+05  0.971987E+05 -0.605154E+00  0.885332E+05  0.884882E+05  0.104269E+03
  0.132940E-02  0.886182E+05  0.885167E+05  0.115963E+06  0.115258E+06  0.000000E+00  0.886020E+05  0.886020E+05  0.971863E+05 -0.605076E+00  0.885272E+05  0.884807E+05  0.105903E+03
  0.135033E-02  0.886123E+05  0.885076E+05  0.115886E+06  0.115159E+06  0.000000E+00  0.885956E+05  0.885956E+05  0.971735E+05 -0.604995E+00  0.885209E+05  0.884730E+05  0.107562E+03
  0.137160E-02  0.886062E+05  0.884982E+05  0.115807E+06  0.115057E+06  0.000000E+00  0.885890E+05  0.885890E+05  0.971603E+05 -0.604912E+00  0.885145E+05  0.884650E+05  0.109247E+03
  0.139320E-02  0.885999E+05  0.884885E+05  0.115725E+06  0.114953E+06  0.000000E+00  0.885822E+05  0.885822E+05  0.971467E+05 -0.604827E+00  0.885078E+05  0.884568E+05  0.110959E+03
  0.141514E-02  0.885934E+05  0.884785E+05  0.115641E+06  0.114844E+06  0.000000E+00  0.885751E+05  0.885751E+05  0.971327E+05 -0.604738E+00  0.885010E+05  0.884483E+05  0.112697E+03
  0.143742E-02  0.885868E+05  0.884682E+05  0.115554E+06  0.114733E+06  0.000000E+00  0.885679E+05  0.885679E+05  0.971183E+05 -0.604647E+00  0.884939E+05  0.884396E+05  0.114461E+03
  0.146006E-02  0.885799E+05  0.884576E+05  0.115464E+06  0.114618E+06  0.000000E+00  0.885604E+05  0.885604E+05  0.971034E+05 -0.604553E+00  0.884866E+05  0.884306E+05  0.116254E+03
  0.148305E-02  0.885728E+05  0.884466E+05  0.115372E+06  0.114500E+06  0.000000E+00  0.885527E+05  0.885527E+05  0.970880E+05 -0.604456E+00  0.884791E+05  0.884213E+05  0.118073E+03
  0.150641E-02  0.885654E+05  0.884352E+05  0.115277E+06  0.114377E+06  0.000000E+00  0.885447E+05  0.885447E+05  0.970722E+05 -0.604357E+00  0.884713E+05  0.884117E+05  0.119921E+03
  0.153013E-02  0.885579E+05  0.884236E+05  0.115179E+06  0.114252E+06  0.000000E+00  0.885365E+05  0.885365E+05  0.970558E+05 -0.604254E+00  0.884633E+05  0.884018E+05  0.121798E+03
  0.155423E-02  0.885501E+05  0.884115E+05  0.115077E+06  0.114122E+06  0.000000E+00  0.885280E+05  0.885280E+05  0.970390E+05 -0.604147E+00  0.884550E+05  0.883916E+05  0.123703E+03
  0.157870E-02  0.885420E+05  0.883991E+05  0.114973E+06  0.113988E+06  0.000000E+00  0.885193E+05  0.885193E+05  0.970216E+05 -0.604038E+00  0.884465E+05  0.883810E+05  0.125638E+03
  0.160356E-02  0.885337E+05  0.883863E+05  0.114865E+06  0.113850E+06  0.000000E+00  0.885103E+05  0.885103E+05  0.970037E+05 -0.603925E+00  0.884377E+05  0.883701E+05  0.127603E+03
  0.162881E-02  0.885252E+05  0.883730E+05  0.114755E+06  0.113708E+06  0.000000E+00  0.885010E+05  0.885010E+05  0.969852E+05 -0.603808E+00  0.884286E+05  0.883589E+05  0.129598E+03
  0.165446E-02  0.885164E+05  0.883594E+05  0.114640E+06  0.113562E+06  0.000000E+00  0.884914E+05  0.884914E+05  0.969661E+05 -0.603688E+00  0.884192E+05  0.883474E+05  0.131624E+03
  0.168052E-02  0.885072E+05  0.883453E+05  0.114522E+06  0.113411E+06  0.000000E+00  0.884815E+05  0.884815E+05  0.969465E+05 -0.603564E+00  0.884096E+05  0.883354E+05  0.133681E+03
  0.170698E-02  0.884979E+05  0.883308E+05  0.114401E+06  0.113256E+06  0.000000E+00  0.884713E+05  0.884713E+05  0.969262E+05 -0.603436E+00  0.883996E+05  0.883231E+05  0.135769E+03
  0.173386E-02  0.884882E+05  0.883158E+05  0.114276E+06  0.113096E+06  0.000000E+00  0.884607E+05  0.884607E+05  0.969054E+05 -0.603305E+00  0.883894E+05  0.883105E+05  0.137890E+03
  0.176117E-02  0.884782E+05  0.883004E+05  0.114146E+06  0.112930E+06  0.000000E+00  0.884499E+05  0.884499E+05  0.968838E+05 -0.603169E+00  0.883788E+05  0.882974E+05  0.140043E+03
  0.178890E-02  0.884679E+05  0.882845E+05  0.114013E+06  0.112760E+06  0.000000E+00  0.884387E+05  0.884387E+05  0.968617E+05 -0.603029E+00  0.883678E+05  0.882839E+05  0.142229E+03
  0.181707E-02  0.884573E+05  0.882680E+05  0.113876E+06  0.112585E+06  0.000000E+00  0.884271E+05  0.884271E+05  0.968388E+05 -0.602884E+00  0.883566E+05  0.882699E+05  0.144449E+03
  0.184569E-02  0.884463E+05  0.882511E+05  0.113735E+06  0.112405E+06  0.000000E+00  0.884152E+05  0.884152E+05  0.968152E+05 -0.602736E+00  0.883449E+05  0.882556E+05  0.146703E+03
  0.187475E-02  0.884350E+05  0.882336E+05  0.113589E+06  0.112219E+06  0.000000E+00  0.884029E+05  0.884029E+05  0.967909E+05 -0.602582E+00  0.883329E+05  0.882408E+05  0.148991E+03
  0.190428E-02  0.884233E+05  0.882156E+05  0.113439E+06  0.112027E+06  0.000000E+00  0.883903E+05  0.883903E+05  0.967658E+05 -0.602424E+00  0.883206E+05  0.882255E+05  0.151315E+03
  0.193427E-02  0.884113E+05  0.881970E+05  0.113284E+06  0.111830E+06  0.000000E+00  0.883772E+05  0.883772E+05  0.967399E+05 -0.602261E+00  0.883078E+05  0.882097E+05  0.153673E+03
  0.196473E-02  0.883989E+05  0.881778E+05  0.113125E+06  0.111626E+06  0.000000E+00  0.883637E+05  0.883637E+05  0.967133E+05 -0.602092E+00  0.882946E+05  0.881934E+05  0.156068E+03
  0.199567E-02  0.883861E+05  0.881580E+05  0.112960E+06  0.111417E+06  0.000000E+00  0.883498E+05  0.883498E+05  0.966858E+05 -0.601919E+00  0.882811E+05  0.881767E+05  0.158499E+03
  0.202709E-02  0.883730E+05  0.881376E+05  0.112791E+06  0.111201E+06  0.000000E+00  0.883355E+05  0.883355E+05  0.966575E+05 -0.601740E+00  0.882671E+05  0.881594E+05  0.160968E+03
  0.205901E-02  0.883594E+05  0.881165E+05  0.112616E+06  0.110979E+06  0.000000E+00  0.883207E+05  0.883207E+05  0.966283E+05 -0.601556E+00  0.882526E+05  0.881415E+05  0.163473E+03
  0.209144E-02  0.883453E+05  0.880948E+05  0.112437E+06  0.110750E+06  0.000000E+00  0.883055E+05  0.883055E+05  0.965983E+05 -0.601366E+00  0.882377E+05  0.881231E+05  0.166017E+03
  0.212437E-02  0.883309E+05  0.880724E+05  0.112251E+06  0.110515E+06  0.000000E+00  0.882897E+05  0.882897E+05  0.965673E+05 -0.601170E+00  0.882224E+05  0.881041E+05  0.168600E+03
  0.215783E-02  0.883160E+05  0.880494E+05  0.112061E+06  0.110272E+06  0.000000E+00  0.882735E+05  0.882735E+05  0.965353E+05 -0.600968E+00  0.882065E+05  0.880846E+05  0.171222E+03
  0.219181E-02  0.883006E+05  0.880256E+05  0.111864E+06  0.110022E+06  0.000000E+00  0.882568E+05  0.882568E+05  0.965024E+05 -0.600760E+00  0.881902E+05  0.880644E+05  0.173883E+03
  0.222633E-02  0.882847E+05  0.880010E+05  0.111661E+06  0.109765E+06  0.000000E+00  0.882396E+05  0.882396E+05  0.964684E+05 -0.600545E+00  0.881733E+05  0.880436E+05  0.176585E+03
  0.226139E-02  0.882684E+05  0.879757E+05  0.111453E+06  0.109500E+06  0.000000E+00  0.882218E+05  0.882218E+05  0.964335E+05 -0.600324E+00  0.881559E+05  0.880221E+05  0.179327E+03
  0.229700E-02  0.882515E+05  0.879496E+05  0.111238E+06  0.109228E+06  0.000000E+00  0.882034E+05  0.882034E+05  0.963974E+05 -0.600096E+00  0.881380E+05  0.880000E+05  0.182111E+03
  0.233317E-02  0.882341E+05  0.879226E+05  0.111016E+06  0.108947E+06  0.000000E+00  0.881845E+05  0.881845E+05  0.963603E+05 -0.599861E+00  0.881195E+05  0.879771E+05  0.184937E+03
  0.236991E-02  0.882162E+05  0.878949E+05  0.110788E+06  0.108658E+06  0.000000E+00  0.881650E+05  0.881650E+05  0.963220E+05 -0.599619E+00  0.881005E+05  0.879536E+05  0.187805E+03
  0.240723E-02  0.881977E+05  0.878662E+05  0.110553E+06  0.108361E+06  0.000000E+00  0.881449E+05  0.881449E+05  0.962826E+05 -0.599370E+00  0.880808E+05  0.879293E+05  0.190716E+03
  0.244514E-02  0.881786E+05  0.878367E+05  0.110311E+06  0.108055E+06  0.000000E+00  0.881242E+05  0.881242E+05  0.962420E+05 -0.599113E+00  0.880605E+05  0.879042E+05  0.193671E+03
  0.248365E-02  0.881589E+05  0.878062E+05  0.110062E+06  0.107740E+06  0.000000E+00  0.881028E+05  0.881028E+05  0.962001E+05 -0.598848E+00  0.880396E+05  0.878784E+05  0.196670E+03
  0.252276E-02  0.881387E+05  0.877748E+05  0.109805E+06  0.107415E+06  0.000000E+00  0.880808E+05  0.880808E+05  0.961570E+05 -0.598574E+00  0.880180E+05  0.878518E+05  0.199714E+03
  0.256249E-02  0.881178E+05  0.877424E+05  0.109541E+06  0.107082E+06  0.000000E+00  0.880580E+05  0.880580E+05  0.961125E+05 -0.598293E+00  0.879958E+05  0.878243E+05  0.202804E+03
  0.260284E-02  0.880962E+05  0.877090E+05  0.109269E+06  0.106739E+06  0.000000E+00  0.880346E+05  0.880346E+05  0.960667E+05 -0.598003E+00  0.879729E+05  0.877960E+05  0.205939E+03
  0.264383E-02  0.880740E+05  0.876746E+05  0.108989E+06  0.106386E+06  0.000000E+00  0.880104E+05  0.880104E+05  0.960196E+05 -0.597704E+00  0.879492E+05  0.877668E+05  0.209121E+03
  0.268546E-02  0.880511E+05  0.876391E+05  0.108701E+06  0.106023E+06  0.000000E+00  0.879855E+05  0.879855E+05  0.959710E+05 -0.597397E+00  0.879249E+05  0.877366E+05  0.212350E+03
  0.272775E-02  0.880275E+05  0.876025E+05  0.108404E+06  0.105650E+06  0.000000E+00  0.879599E+05  0.879599E+05  0.959210E+05 -0.597080E+00  0.878997E+05  0.877056E+05  0.215627E+03
  0.277071E-02  0.880032E+05  0.875647E+05  0.108099E+06  0.105265E+06  0.000000E+00  0.879334E+05  0.879334E+05  0.958695E+05 -0.596753E+00  0.878738E+05  0.876736E+05  0.218953E+03
  0.281434E-02  0.879781E+05  0.875258E+05  0.107784E+06  0.104871E+06  0.000000E+00  0.879061E+05  0.879061E+05  0.958164E+05 -0.596416E+00  0.878471E+05  0.876406E+05  0.222328E+03
  0.285866E-02  0.879522E+05  0.874857E+05  0.107461E+06  0.104464E+06  0.000000E+00  0.878780E+05  0.878780E+05  0.957617E+05 -0.596070E+00  0.878195E+05  0.876065E+05  0.225752E+03
  0.290368E-02  0.879255E+05  0.874443E+05  0.107128E+06  0.104047E+06  0.000000E+00  0.878490E+05  0.878490E+05  0.957055E+05 -0.595712E+00  0.877911E+05  0.875714E+05  0.229226E+03
  0.294940E-02  0.878981E+05  0.874017E+05  0.106785E+06  0.103618E+06  0.000000E+00  0.878190E+05  0.878190E+05  0.956475E+05 -0.595345E+00  0.877618E+05  0.875352E+05  0.232752E+03
  0.299585E-02  0.878697E+05  0.873577E+05  0.106432E+06  0.103177E+06  0.000000E+00  0.877882E+05  0.877882E+05  0.955878E+05 -0.594966E+00  0.877316E+05  0.874979E+05  0.236329E+03
  0.304303E-02  0.878405E+05  0.873124E+05  0.106069E+06  0.102723E+06  0.000000E+00  0.877565E+05  0.877565E+05  0.955264E+05 -0.594575E+00  0.877004E+05  0.874594E+05  0.239958E+03
  0.309095E-02  0.878104E+05  0.872656E+05  0.105696E+06  0.102257E+06  0.000000E+00  0.877237E+05  0.877237E+05  0.954631E+05 -0.594174E+00  0.876683E+05  0.874198E+05  0.243640E+03
  0.313962E-02  0.877794E+05  0.872174E+05  0.105312E+06  0.101778E+06  0.000000E+00  0.876900E+05  0.876900E+05  0.953980E+05 -0.593760E+00  0.876352E+05  0.873789E+05  0.247375E+03
  0.318906E-02  0.877474E+05  0.871678E+05  0.104917E+06  0.101287E+06  0.000000E+00  0.876552E+05  0.876552E+05  0.953309E+05 -0.593334E+00  0.876011E+05  0.873367E+05  0.251165E+03
  0.323928E-02  0.877145E+05  0.871166E+05  0.104511E+06  0.100781E+06  0.000000E+00  0.876193E+05  0.876193E+05  0.952619E+05 -0.592895E+00  0.875659E+05  0.872933E+05  0.255009E+03
  0.329030E-02  0.876805E+05  0.870638E+05  0.104094E+06  0.100263E+06  0.000000E+00  0.875823E+05  0.875823E+05  0.951909E+05 -0.592443E+00  0.875297E+05  0.872485E+05  0.258908E+03
  0.334211E-02  0.876455E+05  0.870094E+05  0.103664E+06  0.997296E+05  0.000000E+00  0.875443E+05  0.875443E+05  0.951178E+05 -0.591978E+00  0.874923E+05  0.872023E+05  0.262863E+03
  0.339474E-02  0.876094E+05  0.869533E+05  0.103223E+06  0.991825E+05  0.000000E+00  0.875050E+05  0.875050E+05  0.950426E+05 -0.591499E+00  0.874537E+05  0.871547E+05  0.266875E+03
  0.344820E-02  0.875722E+05  0.868956E+05  0.102769E+06  0.986208E+05  0.000000E+00  0.874645E+05  0.874645E+05  0.949652E+05 -0.591006E+00  0.874140E+05  0.871057E+05  0.270944E+03
  0.350250E-02  0.875339E+05  0.868360E+05  0.102302E+06  0.980442E+05  0.000000E+00  0.874229E+05  0.874229E+05  0.948856E+05 -0.590499E+00  0.873731E+05  0.870551E+05  0.275071E+03
  0.355766E-02  0.874945E+05  0.867746E+05  0.101823E+06  0.974525E+05  0.000000E+00  0.873799E+05  0.873799E+05  0.948036E+05 -0.589977E+00  0.873309E+05  0.870030E+05  0.279256E+03
  0.361368E-02  0.874538E+05  0.867113E+05  0.101330E+06  0.968454E+05  0.000000E+00  0.873356E+05  0.873356E+05  0.947193E+05 -0.589439E+00  0.872874E+05  0.869493E+05  0.283500E+03
  0.367059E-02  0.874119E+05  0.866461E+05  0.100824E+06  0.962225E+05  0.000000E+00  0.872900E+05  0.872900E+05  0.946326E+05 -0.588886E+00  0.872426E+05  0.868939E+05  0.287804E+03
  0.372839E-02  0.873688E+05  0.865789E+05  0.100304E+06  0.955836E+05  0.000000E+00  0.872431E+05  0.872431E+05  0.945434E+05 -0.588317E+00  0.871964E+05  0.868368E+05  0.292168E+03
  0.378711E-02  0.873243E+05  0.865097E+05  0.997697E+05  0.949284E+05  0.000000E+00  0.871946E+05  0.871946E+05  0.944517E+05 -0.587731E+00  0.871487E+05  0.867780E+05  0.296593E+03
  0.384675E-02  0.872785E+05  0.864383E+05  0.992209E+05  0.942567E+05  0.000000E+00  0.871448E+05  0.871448E+05  0.943574E+05 -0.587129E+00  0.870997E+05  0.867174E+05  0.301080E+03
  0.390732E-02  0.872313E+05  0.863648E+05  0.986574E+05  0.935680E+05  0.000000E+00  0.870934E+05  0.870934E+05  0.942604E+05 -0.586509E+00  0.870491E+05  0.866550E+05  0.305628E+03
  0.396886E-02  0.871827E+05  0.862891E+05  0.980788E+05  0.928622E+05  0.000000E+00  0.870405E+05  0.870405E+05  0.941606E+05 -0.585871E+00  0.869970E+05  0.865906E+05  0.310239E+03
  0.403136E-02  0.871326E+05  0.862110E+05  0.974849E+05  0.921390E+05  0.000000E+00  0.869859E+05  0.869859E+05  0.940581E+05 -0.585216E+00  0.869433E+05  0.865243E+05  0.314913E+03
  0.409484E-02  0.870810E+05  0.861306E+05  0.968752E+05  0.913982E+05  0.000000E+00  0.869298E+05  0.869298E+05  0.939527E+05 -0.584541E+00  0.868880E+05  0.864560E+05  0.319651E+03
  0.415932E-02  0.870279E+05  0.860477E+05  0.962495E+05  0.906394E+05  0.000000E+00  0.868719E+05  0.868719E+05  0.938444E+05 -0.583848E+00  0.868310E+05  0.863856E+05  0.324454E+03
  0.422482E-02  0.869732E+05  0.859624E+05  0.956075E+05  0.898624E+05  0.000000E+00  0.868124E+05  0.868124E+05  0.937331E+05 -0.583134E+00  0.867723E+05  0.863130E+05  0.329321E+03
  0.429136E-02  0.869169E+05  0.858744E+05  0.949489E+05  0.890670E+05  0.000000E+00  0.867510E+05  0.867510E+05  0.936187E+05 -0.582401E+00  0.867118E+05  0.862383E+05  0.334254E+03
  0.435893E-02  0.868589E+05  0.857839E+05  0.942733E+05  0.882530E+05  0.000000E+00  0.866878E+05  0.866878E+05  0.935012E+05 -0.581647E+00  0.866494E+05  0.861614E+05  0.339252E+03
  0.442758E-02  0.867992E+05  0.856906E+05  0.935805E+05  0.874202E+05  0.000000E+00  0.866227E+05  0.866227E+05  0.933804E+05 -0.580872E+00  0.865852E+05  0.860820E+05  0.344317E+03
  0.449730E-02  0.867377E+05  0.855945E+05  0.928702E+05  0.865682E+05  0.000000E+00  0.865557E+05  0.865557E+05  0.932564E+05 -0.580076E+00  0.865191E+05  0.860004E+05  0.349449E+03
  0.456812E-02  0.866744E+05  0.854955E+05  0.921421E+05  0.856971E+05  0.000000E+00  0.864867E+05  0.864867E+05  0.931291E+05 -0.579257E+00  0.864509E+05  0.859162E+05  0.354648E+03
  0.464006E-02  0.866092E+05  0.853936E+05  0.913958E+05  0.848065E+05  0.000000E+00  0.864157E+05  0.864157E+05  0.929983E+05 -0.578416E+00  0.863808E+05  0.858296E+05  0.359915E+03
  0.471313E-02  0.865421E+05  0.852886E+05  0.906311E+05  0.838964E+05  0.000000E+00  0.863426E+05  0.863426E+05  0.928640E+05 -0.577552E+00  0.863085E+05  0.857403E+05  0.365250E+03
  0.478735E-02  0.864730E+05  0.851805E+05  0.898478E+05  0.829665E+05  0.000000E+00  0.862673E+05  0.862673E+05  0.927261E+05 -0.576665E+00  0.862340E+05  0.856484E+05  0.370654E+03
  0.486274E-02  0.864019E+05  0.850692E+05  0.890455E+05  0.820169E+05  0.000000E+00  0.861898E+05  0.861898E+05  0.925846E+05 -0.575753E+00  0.861574E+05  0.855537E+05  0.376127E+03
  0.493932E-02  0.863288E+05  0.849545E+05  0.882240E+05  0.810473E+05  0.000000E+00  0.861100E+05  0.861100E+05  0.924394E+05 -0.574816E+00  0.860784E+05  0.854562E+05  0.381670E+03
  0.501710E-02  0.862535E+05  0.848365E+05  0.873831E+05  0.800577E+05  0.000000E+00  0.860279E+05  0.860279E+05  0.922904E+05 -0.573855E+00  0.859972E+05  0.853559E+05  0.387282E+03
  0.509611E-02  0.861760E+05  0.847150E+05  0.865225E+05  0.790481E+05  0.000000E+00  0.859435E+05  0.859435E+05  0.921375E+05 -0.572867E+00  0.859135E+05  0.852525E+05  0.392964E+03
  0.517636E-02  0.860962E+05  0.845899E+05  0.856419E+05  0.780185E+05  0.000000E+00  0.858565E+05  0.858565E+05  0.919807E+05 -0.571854E+00  0.858273E+05  0.851461E+05  0.398717E+03
  0.525788E-02  0.860142E+05  0.844612E+05  0.847413E+05  0.769688E+05  0.000000E+00  0.857670E+05  0.857670E+05  0.918199E+05 -0.570813E+00  0.857386E+05  0.850366E+05  0.404541E+03
  0.534068E-02  0.859298E+05  0.843287E+05  0.838204E+05  0.758991E+05  0.000000E+00  0.856750E+05  0.856750E+05  0.916550E+05 -0.569746E+00  0.856473E+05  0.849238E+05  0.410435E+03
  0.542478E-02  0.858430E+05  0.841922E+05  0.828789E+05  0.748095E+05  0.000000E+00  0.855803E+05  0.855803E+05  0.914859E+05 -0.568650E+00  0.855533E+05  0.848077E+05  0.416400E+03
  0.551021E-02  0.857537E+05  0.840519E+05  0.819168E+05  0.737001E+05  0.000000E+00  0.854829E+05  0.854829E+05  0.913126E+05 -0.567526E+00  0.854565E+05  0.846882E+05  0.422437E+03
  0.559698E-02  0.856619E+05  0.839074E+05  0.809339E+05  0.725710E+05  0.000000E+00  0.853827E+05  0.853827E+05  0.911350E+05 -0.566373E+00  0.853569E+05  0.845653E+05  0.428545E+03
  0.568512E-02  0.855674E+05  0.837587E+05  0.799301E+05  0.714224E+05  0.000000E+00  0.852796E+05  0.852796E+05  0.909531E+05 -0.565191E+00  0.852544E+05  0.844387E+05  0.434724E+03
  0.577465E-02  0.854703E+05  0.836057E+05  0.789054E+05  0.702545E+05  0.000000E+00  0.851736E+05  0.851736E+05  0.907667E+05 -0.563979E+00  0.851490E+05  0.843085E+05  0.440975E+03
  0.586559E-02  0.853704E+05  0.834484E+05  0.778595E+05  0.690677E+05  0.000000E+00  0.850645E+05  0.850645E+05  0.905758E+05 -0.562736E+00  0.850405E+05  0.841745E+05  0.447298E+03
  0.595796E-02  0.852678E+05  0.832865E+05  0.767926E+05  0.678621E+05  0.000000E+00  0.849525E+05  0.849525E+05  0.903803E+05 -0.561462E+00  0.849288E+05  0.840367E+05  0.453692E+03
  0.605178E-02  0.851622E+05  0.831199E+05  0.757045E+05  0.666382E+05  0.000000E+00  0.848372E+05  0.848372E+05  0.901801E+05 -0.560157E+00  0.848140E+05  0.838949E+05  0.460157E+03
  0.614708E-02  0.850537E+05  0.829486E+05  0.745953E+05  0.653964E+05  0.000000E+00  0.847187E+05  0.847187E+05  0.899753E+05 -0.558819E+00  0.846958E+05  0.837490E+05  0.466694E+03
  0.624388E-02  0.849422E+05  0.827724E+05  0.734651E+05  0.641372E+05  0.000000E+00  0.845969E+05  0.845969E+05  0.897657E+05 -0.557449E+00  0.845743E+05  0.835989E+05  0.473302E+03
  0.634221E-02  0.848276E+05  0.825912E+05  0.723139E+05  0.628610E+05  0.000000E+00  0.844717E+05  0.844717E+05  0.895513E+05 -0.556046E+00  0.844493E+05  0.834446E+05  0.479980E+03
  0.644209E-02  0.847099E+05  0.824049E+05  0.711419E+05  0.615684E+05  0.000000E+00  0.843431E+05  0.843431E+05  0.893320E+05 -0.554609E+00  0.843208E+05  0.832859E+05  0.486729E+03
  0.654354E-02  0.845889E+05  0.822133E+05  0.699492E+05  0.602601E+05  0.000000E+00  0.842109E+05  0.842109E+05  0.891078E+05 -0.553138E+00  0.841886E+05  0.831227E+05  0.493549E+03
  0.664658E-02  0.844647E+05  0.820164E+05  0.687360E+05  0.589367E+05  0.000000E+00  0.840750E+05  0.840750E+05  0.888786E+05 -0.551633E+00  0.840527E+05  0.829549E+05  0.500438E+03
  0.675125E-02  0.843370E+05  0.818139E+05  0.675027E+05  0.575991E+05  0.000000E+00  0.839355E+05  0.839355E+05  0.886444E+05 -0.550093E+00  0.839130E+05  0.827824E+05  0.507396E+03
  0.685757E-02  0.842060E+05  0.816058E+05  0.662494E+05  0.562479E+05  0.000000E+00  0.837921E+05  0.837921E+05  0.884050E+05 -0.548518E+00  0.837694E+05  0.826051E+05  0.514423E+03
  0.696556E-02  0.840713E+05  0.813920E+05  0.649766E+05  0.548842E+05  0.000000E+00  0.836449E+05  0.836449E+05  0.881606E+05 -0.546906E+00  0.836218E+05  0.824229E+05  0.521518E+03
  0.707525E-02  0.839331E+05  0.811722E+05  0.636846E+05  0.535088E+05  0.000000E+00  0.834937E+05  0.834937E+05  0.879110E+05 -0.545259E+00  0.834702E+05  0.822356E+05  0.528680E+03
  0.718667E-02  0.837912E+05  0.809464E+05  0.623739E+05  0.521228E+05  0.000000E+00  0.833385E+05  0.833385E+05  0.876562E+05 -0.543575E+00  0.833143E+05  0.820431E+05  0.535909E+03
  0.729984E-02  0.836456E+05  0.807143E+05  0.610451E+05  0.507273E+05  0.000000E+00  0.831791E+05  0.831791E+05  0.873962E+05 -0.541855E+00  0.831542E+05  0.818454E+05  0.543204E+03
  0.741480E-02  0.834961E+05  0.804760E+05  0.596986E+05  0.493234E+05  0.000000E+00  0.830155E+05  0.830155E+05  0.871309E+05 -0.540097E+00  0.829897E+05  0.816423E+05  0.550563E+03
  0.753156E-02  0.833428E+05  0.802312E+05  0.583351E+05  0.479123E+05  0.000000E+00  0.828476E+05  0.828476E+05  0.868604E+05 -0.538302E+00  0.828207E+05  0.814336E+05  0.557986E+03
  0.765017E-02  0.831854E+05  0.799798E+05  0.569553E+05  0.464953E+05  0.000000E+00  0.826752E+05  0.826752E+05  0.865845E+05 -0.536469E+00  0.826471E+05  0.812194E+05  0.565472E+03
  0.777064E-02  0.830240E+05  0.797216E+05  0.555600E+05  0.450739E+05  0.000000E+00  0.824984E+05  0.824984E+05  0.863034E+05 -0.534598E+00  0.824689E+05  0.809993E+05  0.573020E+03
  0.789301E-02  0.828585E+05  0.794566E+05  0.541500E+05  0.436495E+05  0.000000E+00  0.823170E+05  0.823170E+05  0.860169E+05 -0.532689E+00  0.822860E+05  0.807734E+05  0.580627E+03
  0.801731E-02  0.826887E+05  0.791845E+05  0.527262E+05  0.422235E+05  0.000000E+00  0.821310E+05  0.821310E+05  0.857251E+05 -0.530742E+00  0.820982E+05  0.805415E+05  0.588294E+03
  0.814356E-02  0.825146E+05  0.789052E+05  0.512896E+05  0.407976E+05  0.000000E+00  0.819402E+05  0.819402E+05  0.854280E+05 -0.528756E+00  0.819054E+05  0.803034E+05  0.596017E+03
  0.827180E-02  0.823362E+05  0.786186E+05  0.498413E+05  0.393734E+05  0.000000E+00  0.817445E+05  0.817445E+05  0.851256E+05 -0.526732E+00  0.817076E+05  0.800591E+05  0.603796E+03
  0.840207E-02  0.821533E+05  0.783245E+05  0.483822E+05  0.379527E+05  0.000000E+00  0.815440E+05  0.815440E+05  0.848180E+05 -0.524669E+00  0.815046E+05  0.798085E+05  0.611630E+03
  0.853438E-02  0.819659E+05  0.780227E+05  0.469138E+05  0.365372E+05  0.000000E+00  0.813384E+05  0.813384E+05  0.845050E+05 -0.522568E+00  0.812964E+05  0.795513E+05  0.619515E+03
  0.866877E-02  0.817739E+05  0.777132E+05  0.454372E+05  0.351287E+05  0.000000E+00  0.811277E+05  0.811277E+05  0.841868E+05 -0.520428E+00  0.810828E+05  0.792876E+05  0.627450E+03
  0.880529E-02  0.815773E+05  0.773958E+05  0.439538E+05  0.337291E+05  0.000000E+00  0.809118E+05  0.809118E+05  0.838634E+05 -0.518250E+00  0.808638E+05  0.790171E+05  0.635434E+03
  0.894395E-02  0.813759E+05  0.770702E+05  0.424650E+05  0.323405E+05  0.000000E+00  0.806906E+05  0.806906E+05  0.835348E+05 -0.516033E+00  0.806392E+05  0.787397E+05  0.643463E+03
  0.908480E-02  0.811696E+05  0.767365E+05  0.409724E+05  0.309648E+05  0.000000E+00  0.804641E+05  0.804641E+05  0.832010E+05 -0.513779E+00  0.804090E+05  0.784554E+05  0.651536E+03
  0.922786E-02  0.809585E+05  0.763944E+05  0.394776E+05  0.296039E+05  0.000000E+00  0.802321E+05  0.802321E+05  0.828622E+05 -0.511486E+00  0.801731E+05  0.781640E+05  0.659651E+03
  0.937318E-02  0.807425E+05  0.760437E+05  0.379822E+05  0.282601E+05  0.000000E+00  0.799946E+05  0.799946E+05  0.825183E+05 -0.509156E+00  0.799313E+05  0.778654E+05  0.667804E+03
  0.952079E-02  0.805213E+05  0.756844E+05  0.364880E+05  0.269353E+05  0.000000E+00  0.797515E+05  0.797515E+05  0.821695E+05 -0.506788E+00  0.796836E+05  0.775594E+05  0.675993E+03
  0.967072E-02  0.802951E+05  0.753163E+05  0.349968E+05  0.256316E+05  0.000000E+00  0.795028E+05  0.795028E+05  0.818157E+05 -0.504383E+00  0.794299E+05  0.772461E+05  0.684214E+03
  0.982301E-02  0.800638E+05  0.749392E+05  0.335106E+05  0.243513E+05  0.000000E+00  0.792482E+05  0.792482E+05  0.814571E+05 -0.501941E+00  0.791702E+05  0.769251E+05  0.692466E+03
  0.997770E-02  0.798272E+05  0.745530E+05  0.320314E+05  0.230963E+05  0.000000E+00  0.789878E+05  0.789878E+05  0.810937E+05 -0.499464E+00  0.789042E+05  0.765966E+05  0.700745E+03
  0.101348E-01  0.795853E+05  0.741576E+05  0.305611E+05  0.218688E+05  0.000000E+00  0.787215E+05  0.787215E+05  0.807257E+05 -0.496951E+00  0.786320E+05  0.762602E+05  0.709048E+03
  0.102944E-01  0.793381E+05  0.737528E+05  0.291019E+05  0.206709E+05  0.000000E+00  0.784492E+05  0.784492E+05  0.803530E+05 -0.494402E+00  0.783534E+05  0.759160E+05  0.717371E+03
  0.104565E-01  0.790855E+05  0.733386E+05  0.276560E+05  0.195046E+05  0.000000E+00  0.781709E+05  0.781709E+05  0.799759E+05 -0.491819E+00  0.780684E+05  0.755639E+05  0.725710E+03
  0.106212E-01  0.788274E+05  0.729146E+05  0.262256E+05  0.183718E+05  0.000000E+00  0.778864E+05  0.778864E+05  0.795943E+05 -0.489203E+00  0.777770E+05  0.752037E+05  0.734062E+03
  0.107885E-01  0.785638E+05  0.724809E+05  0.248130E+05  0.172744E+05  0.000000E+00  0.775957E+05  0.775957E+05  0.792084E+05 -0.486553E+00  0.774789E+05  0.748354E+05  0.742424E+03
  0.109584E-01  0.782947E+05  0.720374E+05  0.234205E+05  0.162144E+05  0.000000E+00  0.772988E+05  0.772988E+05  0.788182E+05 -0.483871E+00  0.771743E+05  0.744588E+05  0.750790E+03
  0.111309E-01  0.780199E+05  0.715838E+05  0.220505E+05  0.151935E+05  0.000000E+00  0.769956E+05  0.769956E+05  0.784239E+05 -0.481157E+00  0.768629E+05  0.740739E+05  0.759156E+03
  0.113062E-01  0.777396E+05  0.711200E+05  0.207053E+05  0.142132E+05  0.000000E+00  0.766861E+05  0.766861E+05  0.780256E+05 -0.478412E+00  0.765448E+05  0.736807E+05  0.767519E+03
  0.114843E-01  0.774535E+05  0.706461E+05  0.193873E+05  0.132750E+05  0.000000E+00  0.763701E+05  0.763701E+05  0.776234E+05 -0.475638E+00  0.762199E+05  0.732790E+05  0.775874E+03
  0.116651E-01  0.771617E+05  0.701618E+05  0.180989E+05  0.123805E+05  0.000000E+00  0.760476E+05  0.760476E+05  0.772173E+05 -0.472835E+00  0.758881E+05  0.728689E+05  0.784215E+03
  0.118488E-01  0.768641E+05  0.696670E+05  0.168425E+05  0.115306E+05  0.000000E+00  0.757187E+05  0.757187E+05  0.768074E+05 -0.470004E+00  0.755495E+05  0.724501E+05  0.792538E+03
  0.120354E-01  0.765608E+05  0.691617E+05  0.156204E+05  0.107265E+05  0.000000E+00  0.753832E+05  0.753832E+05  0.763939E+05 -0.467145E+00  0.752039E+05  0.720228E+05  0.800839E+03
  0.122249E-01  0.762517E+05  0.686458E+05  0.144349E+05  0.996895E+04  0.000000E+00  0.750412E+05  0.750412E+05  0.759769E+05 -0.464261E+00  0.748514E+05  0.715868E+05  0.809110E+03
  0.124174E-01  0.759367E+05  0.681191E+05  0.132884E+05  0.925863E+04  0.000000E+00  0.746925E+05  0.746925E+05  0.755564E+05 -0.461352E+00  0.744919E+05  0.711421E+05  0.817348E+03
  0.126130E-01  0.756159E+05  0.675816E+05  0.121830E+05  0.859592E+04  0.000000E+00  0.743372E+05  0.743372E+05  0.751325E+05 -0.458419E+00  0.741254E+05  0.706888E+05  0.825545E+03
  0.128116E-01  0.752892E+05  0.670333E+05  0.111209E+05  0.798098E+04  0.000000E+00  0.739753E+05  0.739753E+05  0.747053E+05 -0.455462E+00  0.737519E+05  0.702267E+05  0.833698E+03
  0.130134E-01  0.749567E+05  0.664740E+05  0.101040E+05  0.741373E+04  0.000000E+00  0.736067E+05  0.736067E+05  0.742748E+05 -0.452484E+00  0.733714E+05  0.697559E+05  0.841798E+03
  0.132183E-01  0.746183E+05  0.659037E+05  0.913429E+04  0.689383E+04  0.000000E+00  0.732313E+05  0.732313E+05  0.738412E+05 -0.449485E+00  0.729839E+05  0.692764E+05  0.849840E+03
  0.134265E-01  0.742740E+05  0.653224E+05  0.821347E+04  0.642069E+04  0.000000E+00  0.728493E+05  0.728493E+05  0.734044E+05 -0.446466E+00  0.725894E+05  0.687881E+05  0.857819E+03
  0.136379E-01  0.739238E+05  0.647301E+05  0.734317E+04  0.599340E+04  0.000000E+00  0.724606E+05  0.724606E+05  0.729646E+05 -0.443428E+00  0.721880E+05  0.682912E+05  0.865726E+03
  0.138527E-01  0.735677E+05  0.641266E+05  0.652483E+04  0.561082E+04  0.000000E+00  0.720652E+05  0.720652E+05  0.725217E+05 -0.440373E+00  0.717795E+05  0.677856E+05  0.873555E+03
  0.140708E-01  0.732058E+05  0.635120E+05  0.575966E+04  0.527150E+04  0.000000E+00  0.716631E+05  0.716631E+05  0.720757E+05 -0.437300E+00  0.713642E+05  0.672714E+05  0.881298E+03
  0.142924E-01  0.728381E+05  0.628863E+05  0.504870E+04  0.497374E+04  0.000000E+00  0.712543E+05  0.712543E+05  0.716267E+05 -0.434212E+00  0.709420E+05  0.667487E+05  0.888950E+03
  0.145175E-01  0.724645E+05  0.622495E+05  0.439273E+04  0.471553E+04  0.000000E+00  0.708388E+05  0.708388E+05  0.711746E+05 -0.431108E+00  0.705130E+05  0.662174E+05  0.896501E+03
  0.147461E-01  0.720852E+05  0.616015E+05  0.379228E+04  0.449463E+04  0.000000E+00  0.704167E+05  0.704167E+05  0.707194E+05 -0.427990E+00  0.700772E+05  0.656778E+05  0.903945E+03
  0.149783E-01  0.717000E+05  0.609425E+05  0.324762E+04  0.430853E+04  0.000000E+00  0.699880E+05  0.699880E+05  0.702612E+05 -0.424858E+00  0.696348E+05  0.651298E+05  0.911274E+03
  0.152142E-01  0.713091E+05  0.602723E+05  0.275873E+04  0.415450E+04  0.000000E+00  0.695526E+05  0.695526E+05  0.697997E+05 -0.421713E+00  0.691857E+05  0.645737E+05  0.918479E+03
  0.154538E-01  0.709125E+05  0.595912E+05  0.232529E+04  0.402958E+04  0.000000E+00  0.691107E+05  0.691107E+05  0.693350E+05 -0.418556E+00  0.687301E+05  0.640094E+05  0.925551E+03
  0.156971E-01  0.705103E+05  0.588992E+05  0.194669E+04  0.393065E+04  0.000000E+00  0.686624E+05  0.686624E+05  0.688670E+05 -0.415387E+00  0.682681E+05  0.634371E+05  0.932483E+03
  0.159443E-01  0.701023E+05  0.581962E+05  0.162196E+04  0.385441E+04  0.000000E+00  0.682075E+05  0.682075E+05  0.683956E+05 -0.412206E+00  0.677997E+05  0.628569E+05  0.939266E+03
  0.161954E-01  0.696889E+05  0.574825E+05  0.134982E+04  0.379745E+04  0.000000E+00  0.677462E+05  0.677462E+05  0.679207E+05 -0.409014E+00  0.673251E+05  0.622691E+05  0.945889E+03
  0.164504E-01  0.692698E+05  0.567581E+05  0.112865E+04  0.375629E+04  0.000000E+00  0.672786E+05  0.672786E+05  0.674421E+05 -0.405812E+00  0.668444E+05  0.616737E+05  0.952345E+03
  0.167095E-01  0.688453E+05  0.560231E+05  0.956507E+03  0.372740E+04  0.000000E+00  0.668046E+05  0.668046E+05  0.669597E+05 -0.402598E+00  0.663577E+05  0.610709E+05  0.958623E+03
  0.169726E-01  0.684153E+05  0.552777E+05  0.831086E+03  0.370724E+04  0.000000E+00  0.663245E+05  0.663245E+05  0.664734E+05 -0.399374E+00  0.658651E+05  0.604610E+05  0.964713E+03
  0.172399E-01  0.679800E+05  0.545220E+05  0.749770E+03  0.369237E+04  0.000000E+00  0.658381E+05  0.658381E+05  0.659831E+05 -0.396139E+00  0.653668E+05  0.598440E+05  0.970606E+03
  0.175114E-01  0.675393E+05  0.537562E+05  0.709620E+03  0.367941E+04  0.000000E+00  0.653457E+05  0.653457E+05  0.654885E+05 -0.392893E+00  0.648629E+05  0.592203E+05  0.976292E+03
  0.177872E-01  0.670933E+05  0.529804E+05  0.707394E+03  0.366518E+04  0.000000E+00  0.648473E+05  0.648473E+05  0.649895E+05 -0.389636E+00  0.643535E+05  0.585899E+05  0.981759E+03
  0.180673E-01  0.666422E+05  0.521949E+05  0.739565E+03  0.364669E+04  0.000000E+00  0.643429E+05  0.643429E+05  0.644860E+05 -0.386367E+00  0.638388E+05  0.579532E+05  0.986996E+03
  0.183518E-01  0.661859E+05  0.513999E+05  0.802353E+03  0.362123E+04  0.000000E+00  0.638327E+05  0.638327E+05  0.639778E+05 -0.383087E+00  0.633189E+05  0.573104E+05  0.991993E+03
  0.186408E-01  0.657245E+05  0.505956E+05  0.891748E+03  0.358640E+04  0.000000E+00  0.633167E+05  0.633167E+05  0.634647E+05 -0.379793E+00  0.627941E+05  0.566618E+05  0.996739E+03
  0.189343E-01  0.652581E+05  0.497822E+05  0.100355E+04  0.354017E+04  0.000000E+00  0.627951E+05  0.627951E+05  0.629466E+05 -0.376487E+00  0.622644E+05  0.560075E+05  0.100122E+04
  0.192325E-01  0.647868E+05  0.489601E+05  0.113343E+04  0.348091E+04  0.000000E+00  0.622680E+05  0.622680E+05  0.624233E+05 -0.373167E+00  0.617300E+05  0.553478E+05  0.100543E+04
  0.195354E-01  0.643106E+05  0.481295E+05  0.127692E+04  0.340746E+04  0.000000E+00  0.617354E+05  0.617354E+05  0.618948E+05 -0.369832E+00  0.611910E+05  0.546831E+05  0.100935E+04
  0.198430E-01  0.638296E+05  0.472908E+05  0.142954E+04  0.331909E+04  0.000000E+00  0.611974E+05  0.611974E+05  0.613609E+05 -0.366482E+00  0.606477E+05  0.540136E+05  0.101296E+04
  0.201555E-01  0.633439E+05  0.464444E+05  0.158680E+04  0.321560E+04  0.000000E+00  0.606543E+05  0.606543E+05  0.608215E+05 -0.363116E+00  0.601002E+05  0.533396E+05  0.101627E+04
  0.204729E-01  0.628535E+05  0.455904E+05  0.174428E+04  0.309728E+04  0.000000E+00  0.601061E+05  0.601061E+05  0.602766E+05 -0.359734E+00  0.595486E+05  0.526614E+05  0.101925E+04
  0.207953E-01  0.623585E+05  0.447295E+05  0.189770E+04  0.296492E+04  0.000000E+00  0.595528E+05  0.595528E+05  0.597261E+05 -0.356334E+00  0.589931E+05  0.519794E+05  0.102189E+04
  0.211228E-01  0.618590E+05  0.438619E+05  0.204296E+04  0.281979E+04  0.000000E+00  0.589948E+05  0.589948E+05  0.591700E+05 -0.352916E+00  0.584339E+05  0.512938E+05  0.102418E+04
  0.214554E-01  0.613551E+05  0.429882E+05  0.217623E+04  0.266362E+04  0.000000E+00  0.584320E+05  0.584320E+05  0.586083E+05 -0.349480E+00  0.578711E+05  0.506049E+05  0.102610E+04
  0.217933E-01  0.608469E+05  0.421089E+05  0.229402E+04  0.249856E+04  0.000000E+00  0.578647E+05  0.578647E+05  0.580412E+05 -0.346024E+00  0.573049E+05  0.499132E+05  0.102764E+04
  0.221365E-01  0.603344E+05  0.412243E+05  0.239322E+04  0.232711E+04  0.000000E+00  0.572930E+05  0.572930E+05  0.574686E+05 -0.342549E+00  0.567354E+05  0.492189E+05  0.102879E+04
  0.224851E-01  0.598177E+05  0.403351E+05  0.247118E+04  0.215205E+04  0.000000E+00  0.567171E+05  0.567171E+05  0.568908E+05 -0.339054E+00  0.561628E+05  0.485225E+05  0.102952E+04
  0.228392E-01  0.592970E+05  0.394418E+05  0.252574E+04  0.197638E+04  0.000000E+00  0.561370E+05  0.561370E+05  0.563078E+05 -0.335538E+00  0.555872E+05  0.478242E+05  0.102984E+04
  0.231988E-01  0.587722E+05  0.385450E+05  0.255533E+04  0.180321E+04  0.000000E+00  0.555531E+05  0.555531E+05  0.557199E+05 -0.332003E+00  0.550088E+05  0.471245E+05  0.102971E+04
  0.235642E-01  0.582436E+05  0.376454E+05  0.255895E+04  0.163563E+04  0.000000E+00  0.549654E+05  0.549654E+05  0.551273E+05 -0.328447E+00  0.544277E+05  0.464238E+05  0.102913E+04
  0.239353E-01  0.577111E+05  0.367437E+05  0.253625E+04  0.147665E+04  0.000000E+00  0.543742E+05  0.543742E+05  0.545302E+05 -0.324871E+00  0.538441E+05  0.457224E+05  0.102808E+04
  0.243122E-01  0.571750E+05  0.358405E+05  0.248751E+04  0.132909E+04  0.000000E+00  0.537796E+05  0.537796E+05  0.539291E+05 -0.321276E+00  0.532581E+05  0.450208E+05  0.102655E+04
  0.246950E-01  0.566353E+05  0.349365E+05  0.241366E+04  0.119541E+04  0.000000E+00  0.531819E+05  0.531819E+05  0.533241E+05 -0.317663E+00  0.526699E+05  0.443195E+05  0.102452E+04
  0.250839E-01  0.560921E+05  0.340326E+05  0.231628E+04  0.107768E+04  0.000000E+00  0.525813E+05  0.525813E+05  0.527156E+05 -0.314031E+00  0.520796E+05  0.436187E+05  0.102198E+04
  0.254789E-01  0.555456E+05  0.331295E+05  0.219756E+04  0.977442E+03  0.000000E+00  0.519781E+05  0.519781E+05  0.521041E+05 -0.310383E+00  0.514875E+05  0.429191E+05  0.101891E+04
  0.258802E-01  0.549958E+05  0.322282E+05  0.206022E+04  0.895646E+03  0.000000E+00  0.513723E+05  0.513723E+05  0.514899E+05 -0.306719E+00  0.508935E+05  0.422211E+05  0.101530E+04
  0.262877E-01  0.544430E+05  0.313295E+05  0.190753E+04  0.832602E+03  0.000000E+00  0.507645E+05  0.507645E+05  0.508734E+05 -0.303042E+00  0.502980E+05  0.415252E+05  0.101113E+04
  0.267017E-01  0.538872E+05  0.304343E+05  0.174315E+04  0.787936E+03  0.000000E+00  0.501546E+05  0.501546E+05  0.502550E+05 -0.299352E+00  0.497011E+05  0.408319E+05  0.100640E+04
  0.271222E-01  0.533286E+05  0.295437E+05  0.157107E+04  0.760592E+03  0.000000E+00  0.495432E+05  0.495432E+05  0.496352E+05 -0.295651E+00  0.491030E+05  0.401417E+05  0.100108E+04
  0.275493E-01  0.527673E+05  0.286585E+05  0.139549E+04  0.748855E+03  0.000000E+00  0.489304E+05  0.489304E+05  0.490144E+05 -0.291942E+00  0.485039E+05  0.394552E+05  0.995167E+03
  0.279832E-01  0.522036E+05  0.277799E+05  0.122071E+04  0.750414E+03  0.000000E+00  0.483166E+05  0.483166E+05  0.483929E+05 -0.288226E+00  0.479039E+05  0.387730E+05  0.988646E+03
  0.284238E-01  0.516376E+05  0.269090E+05  0.105098E+04  0.762448E+03  0.000000E+00  0.477020E+05  0.477020E+05  0.477713E+05 -0.284507E+00  0.473033E+05  0.380956E+05  0.981507E+03
  0.288714E-01  0.510694E+05  0.260468E+05  0.890366E+03  0.781753E+03  0.000000E+00  0.470871E+05  0.470871E+05  0.471499E+05 -0.280785E+00  0.467024E+05  0.374237E+05  0.973740E+03
  0.293261E-01  0.504994E+05  0.251945E+05  0.742610E+03  0.804885E+03  0.000000E+00  0.464721E+05  0.464721E+05  0.465291E+05 -0.277064E+00  0.461014E+05  0.367578E+05  0.965336E+03
  0.297879E-01  0.499275E+05  0.243533E+05  0.611002E+03  0.828332E+03  0.000000E+00  0.458574E+05  0.458574E+05  0.459093E+05 -0.273347E+00  0.455005E+05  0.360988E+05  0.956285E+03
  0.302570E-01  0.493542E+05  0.235244E+05  0.498245E+03  0.848695E+03  0.000000E+00  0.452434E+05  0.452434E+05  0.452910E+05 -0.269635E+00  0.448999E+05  0.354471E+05  0.946583E+03
  0.307335E-01  0.487795E+05  0.227089E+05  0.406347E+03  0.862875E+03  0.000000E+00  0.446304E+05  0.446304E+05  0.446744E+05 -0.265931E+00  0.443001E+05  0.348035E+05  0.936222E+03
  0.312175E-01  0.482037E+05  0.219083E+05  0.336534E+03  0.868253E+03  0.000000E+00  0.440188E+05  0.440188E+05  0.440599E+05 -0.262239E+00  0.437013E+05  0.341687E+05  0.925200E+03
  0.317091E-01  0.476271E+05  0.211237E+05  0.289182E+03  0.862848E+03  0.000000E+00  0.434091E+05  0.434091E+05  0.434479E+05 -0.258560E+00  0.431037E+05  0.335433E+05  0.913513E+03
  0.322084E-01  0.470498E+05  0.203564E+05  0.263791E+03  0.845450E+03  0.000000E+00  0.428016E+05  0.428016E+05  0.428388E+05 -0.254898E+00  0.425078E+05  0.329282E+05  0.901161E+03
  0.327156E-01  0.464722E+05  0.196078E+05  0.258987E+03  0.815708E+03  0.000000E+00  0.421967E+05  0.421967E+05  0.422328E+05 -0.251255E+00  0.419139E+05  0.323239E+05  0.888145E+03
  0.332308E-01  0.458945E+05  0.188791E+05  0.272569E+03  0.774163E+03  0.000000E+00  0.415950E+05  0.415950E+05  0.416304E+05 -0.247634E+00  0.413223E+05  0.317313E+05  0.874468E+03
  0.337541E-01  0.453169E+05  0.181717E+05  0.301591E+03  0.722231E+03  0.000000E+00  0.409967E+05  0.409967E+05  0.410318E+05 -0.244036E+00  0.407334E+05  0.311510E+05  0.860134E+03
  0.342857E-01  0.447397E+05  0.174868E+05  0.342488E+03  0.662117E+03  0.000000E+00  0.404024E+05  0.404024E+05  0.404375E+05 -0.240466E+00  0.401475E+05  0.305838E+05  0.845152E+03
  0.348256E-01  0.441632E+05  0.168257E+05  0.391235E+03  0.596670E+03  0.000000E+00  0.398124E+05  0.398124E+05  0.398477E+05 -0.236924E+00  0.395650E+05  0.300302E+05  0.829531E+03
  0.353740E-01  0.435877E+05  0.161897E+05  0.443540E+03  0.529182E+03  0.000000E+00  0.392273E+05  0.392273E+05  0.392628E+05 -0.233414E+00  0.389863E+05  0.294911E+05  0.813281E+03
  0.359311E-01  0.430134E+05  0.155800E+05  0.495058E+03  0.463141E+03  0.000000E+00  0.386474E+05  0.386474E+05  0.386831E+05 -0.229938E+00  0.384118E+05  0.289671E+05  0.796418E+03
  0.364969E-01  0.424407E+05  0.149978E+05  0.541619E+03  0.401961E+03  0.000000E+00  0.380731E+05  0.380731E+05  0.381091E+05 -0.226499E+00  0.378418E+05  0.284587E+05  0.778957E+03
  0.370716E-01  0.418698E+05  0.144443E+05  0.579462E+03  0.348695E+03  0.000000E+00  0.375050E+05  0.375050E+05  0.375410E+05 -0.223098E+00  0.372768E+05  0.279667E+05  0.760918E+03
  0.376554E-01  0.413011E+05  0.139205E+05  0.605449E+03  0.305775E+03  0.000000E+00  0.369434E+05  0.369434E+05  0.369793E+05 -0.219738E+00  0.367172E+05  0.274915E+05  0.742322E+03
  0.382484E-01  0.407348E+05  0.134275E+05  0.617259E+03  0.274780E+03  0.000000E+00  0.363888E+05  0.363888E+05  0.364242E+05 -0.216421E+00  0.361632E+05  0.270337E+05  0.723194E+03
  0.388508E-01  0.401712E+05  0.129662E+05  0.613538E+03  0.256281E+03  0.000000E+00  0.358415E+05  0.358415E+05  0.358762E+05 -0.213149E+00  0.356153E+05  0.265938E+05  0.703561E+03
  0.394626E-01  0.396107E+05  0.125375E+05  0.593999E+03  0.249766E+03  0.000000E+00  0.353020E+05  0.353020E+05  0.353356E+05 -0.209924E+00  0.350738E+05  0.261721E+05  0.683452E+03
  0.400840E-01  0.390535E+05  0.121422E+05  0.559451E+03  0.253665E+03  0.000000E+00  0.347705E+05  0.347705E+05  0.348028E+05 -0.206748E+00  0.345391E+05  0.257691E+05  0.662901E+03
  0.407152E-01  0.384999E+05  0.117809E+05  0.511762E+03  0.265482E+03  0.000000E+00  0.342476E+05  0.342476E+05  0.342781E+05 -0.203622E+00  0.340115E+05  0.253850E+05  0.641942E+03
  0.413564E-01  0.379503E+05  0.114542E+05  0.453742E+03  0.282034E+03  0.000000E+00  0.337334E+05  0.337334E+05  0.337619E+05 -0.200549E+00  0.334913E+05  0.250201E+05  0.620616E+03
  0.420077E-01  0.374048E+05  0.111624E+05  0.388953E+03  0.299765E+03  0.000000E+00  0.332283E+05  0.332283E+05  0.332545E+05 -0.197531E+00  0.329789E+05  0.246745E+05  0.598961E+03
  0.426692E-01  0.368639E+05  0.109059E+05  0.321456E+03  0.315123E+03  0.000000E+00  0.327326E+05  0.327326E+05  0.327563E+05 -0.194567E+00  0.324745E+05  0.243483E+05  0.577024E+03
  0.433412E-01  0.363276E+05  0.106848E+05  0.255508E+03  0.324956E+03  0.000000E+00  0.322466E+05  0.322466E+05  0.322676E+05 -0.191661E+00  0.319783E+05  0.240413E+05  0.554852E+03
  0.440237E-01  0.357965E+05  0.104989E+05  0.195229E+03  0.326879E+03  0.000000E+00  0.317703E+05  0.317703E+05  0.317888E+05 -0.188813E+00  0.314907E+05  0.237535E+05  0.532494E+03
  0.447169E-01  0.352705E+05  0.103481E+05  0.144260E+03  0.319567E+03  0.000000E+00  0.313041E+05  0.313041E+05  0.313201E+05 -0.186024E+00  0.310117E+05  0.234847E+05  0.510003E+03
  0.454211E-01  0.347501E+05  0.102319E+05  0.105452E+03  0.302929E+03  0.000000E+00  0.308480E+05  0.308480E+05  0.308618E+05 -0.183295E+00  0.305416E+05  0.232344E+05  0.487435E+03
  0.461364E-01  0.342354E+05  0.101496E+05  0.806087E+02  0.278141E+03  0.000000E+00  0.304021E+05  0.304021E+05  0.304141E+05 -0.180628E+00  0.300805E+05  0.230021E+05  0.464848E+03
  0.468630E-01  0.337266E+05  0.101006E+05  0.703061E+02  0.247507E+03  0.000000E+00  0.299665E+05  0.299665E+05  0.299771E+05 -0.178021E+00  0.296285E+05  0.227874E+05  0.442302E+03
  0.476009E-01  0.332239E+05  0.100837E+05  0.738234E+02  0.214157E+03  0.000000E+00  0.295411E+05  0.295411E+05  0.295508E+05 -0.175477E+00  0.291856E+05  0.225893E+05  0.419860E+03
  0.483505E-01  0.327275E+05  0.100976E+05  0.891916E+02  0.181623E+03  0.000000E+00  0.291259E+05  0.291259E+05  0.291353E+05 -0.172994E+00  0.287519E+05  0.224072E+05  0.397586E+03
  0.491120E-01  0.322375E+05  0.101408E+05  0.113369E+03  0.153327E+03  0.000000E+00  0.287208E+05  0.287208E+05  0.287304E+05 -0.170572E+00  0.283273E+05  0.222400E+05  0.375546E+03
  0.498854E-01  0.317541E+05  0.102117E+05  0.142534E+03  0.132070E+03  0.000000E+00  0.283256E+05  0.283256E+05  0.283358E+05 -0.168211E+00  0.279119E+05  0.220866E+05  0.353807E+03
  0.506709E-01  0.312773E+05  0.103082E+05  0.172469E+03  0.119584E+03  0.000000E+00  0.279400E+05  0.279400E+05  0.279512E+05 -0.165909E+00  0.275054E+05  0.219457E+05  0.332436E+03
  0.514689E-01  0.308072E+05  0.104281E+05  0.199009E+03  0.116239E+03  0.000000E+00  0.275639E+05  0.275639E+05  0.275761E+05 -0.163664E+00  0.271077E+05  0.218161E+05  0.311503E+03
  0.522794E-01  0.303438E+05  0.105691E+05  0.218509E+03  0.120956E+03  0.000000E+00  0.271967E+05  0.271967E+05  0.272099E+05 -0.161474E+00  0.267186E+05  0.216963E+05  0.291068E+03
  0.531027E-01  0.298873E+05  0.107284E+05  0.228229E+03  0.131365E+03  0.000000E+00  0.268382E+05  0.268382E+05  0.268522E+05 -0.159337E+00  0.263380E+05  0.215847E+05  0.271211E+03
  0.539389E-01  0.294376E+05  0.109031E+05  0.226710E+03  0.144198E+03  0.000000E+00  0.264879E+05  0.264879E+05  0.265022E+05 -0.157250E+00  0.259656E+05  0.214795E+05  0.251991E+03
  0.547884E-01  0.289946E+05  0.110903E+05  0.213921E+03  0.155855E+03  0.000000E+00  0.261452E+05  0.261452E+05  0.261593E+05 -0.155208E+00  0.256009E+05  0.213791E+05  0.233473E+03
  0.556511E-01  0.285583E+05  0.112866E+05  0.191280E+03  0.163071E+03  0.000000E+00  0.258095E+05  0.258095E+05  0.258229E+05 -0.153209E+00  0.252438E+05  0.212815E+05  0.215718E+03
  0.565275E-01  0.281286E+05  0.114886E+05  0.161461E+03  0.163538E+03  0.000000E+00  0.254803E+05  0.254803E+05  0.254924E+05 -0.151247E+00  0.248936E+05  0.211849E+05  0.198785E+03
  0.574177E-01  0.277052E+05  0.116927E+05  0.128038E+03  0.156377E+03  0.000000E+00  0.251568E+05  0.251568E+05  0.251672E+05 -0.149319E+00  0.245500E+05  0.210872E+05  0.182729E+03
  0.583219E-01  0.272882E+05  0.118953E+05  0.949732E+02  0.142333E+03  0.000000E+00  0.248384E+05  0.248384E+05  0.248469E+05 -0.147420E+00  0.242125E+05  0.209864E+05  0.167600E+03
  0.592403E-01  0.268772E+05  0.120925E+05  0.660364E+02  0.123638E+03  0.000000E+00  0.245242E+05  0.245242E+05  0.245309E+05 -0.145546E+00  0.238805E+05  0.208803E+05  0.153445E+03
  0.601732E-01  0.264721E+05  0.122805E+05  0.442294E+02  0.103544E+03  0.000000E+00  0.242135E+05  0.242135E+05  0.242186E+05 -0.143691E+00  0.235534E+05  0.207669E+05  0.140304E+03
  0.611208E-01  0.260726E+05  0.124556E+05  0.313063E+02  0.856059E+02  0.000000E+00  0.239054E+05  0.239054E+05  0.239094E+05 -0.141852E+00  0.232305E+05  0.206442E+05  0.128209E+03
  0.620833E-01  0.256784E+05  0.126138E+05  0.274814E+02  0.728629E+02  0.000000E+00  0.235992E+05  0.235992E+05  0.236026E+05 -0.140025E+00  0.229113E+05  0.205100E+05  0.117191E+03
  0.630610E-01  0.252893E+05  0.127515E+05  0.313842E+02  0.671002E+02  0.000000E+00  0.232939E+05  0.232939E+05  0.232973E+05 -0.138203E+00  0.225950E+05  0.203625E+05  0.107267E+03
  0.640541E-01  0.249050E+05  0.128651E+05  0.402952E+02  0.683920E+02  0.000000E+00  0.229888E+05  0.229888E+05  0.229927E+05 -0.136384E+00  0.222811E+05  0.201998E+05  0.984512E+02
  0.650628E-01  0.245251E+05  0.129511E+05  0.506428E+02  0.750555E+02  0.000000E+00  0.226831E+05  0.226831E+05  0.226876E+05 -0.134562E+00  0.219688E+05  0.200202E+05  0.907464E+02
  0.660874E-01  0.241494E+05  0.130064E+05  0.586930E+02  0.840659E+02  0.000000E+00  0.223760E+05  0.223760E+05  0.223811E+05 -0.132733E+00  0.216576E+05  0.198222E+05  0.841477E+02
  0.671281E-01  0.237775E+05  0.130281E+05  0.613180E+02  0.918513E+02  0.000000E+00  0.220667E+05  0.220667E+05  0.220722E+05 -0.130894E+00  0.213469E+05  0.196045E+05  0.786404E+02
  0.681852E-01  0.234090E+05  0.130138E+05  0.567007E+02  0.952791E+02  0.000000E+00  0.217546E+05  0.217546E+05  0.217600E+05 -0.129038E+00  0.210360E+05  0.193661E+05  0.742002E+02
  0.692590E-01  0.230437E+05  0.129611E+05  0.448262E+02  0.925580E+02  0.000000E+00  0.214391E+05  0.214391E+05  0.214439E+05 -0.127164E+00  0.207245E+05  0.191062E+05  0.707932E+02
  0.703496E-01  0.226813E+05  0.128686E+05  0.276357E+02  0.837852E+02  0.000000E+00  0.211196E+05  0.211196E+05  0.211234E+05 -0.125267E+00  0.204119E+05  0.188243E+05  0.683751E+02
  0.714575E-01  0.223214E+05  0.127351E+05  0.877590E+01  0.709395E+02  0.000000E+00  0.207958E+05  0.207958E+05  0.207983E+05 -0.123346E+00  0.200978E+05  0.185202E+05  0.668923E+02
  0.725828E-01  0.219639E+05  0.125599E+05 -0.704958E+01  0.572815E+02  0.000000E+00  0.204672E+05  0.204672E+05  0.204687E+05 -0.121397E+00  0.197819E+05  0.181940E+05  0.662815E+02
  0.737258E-01  0.216084E+05  0.123432E+05 -0.150225E+02  0.463107E+02  0.000000E+00  0.201338E+05  0.201338E+05  0.201346E+05 -0.119421E+00  0.194638E+05  0.178464E+05  0.664700E+02
  0.748868E-01  0.212547E+05  0.120856E+05 -0.112907E+02  0.405963E+02  0.000000E+00  0.197954E+05  0.197954E+05  0.197962E+05 -0.117417E+00  0.191435E+05  0.174782E+05  0.673772E+02
  0.760661E-01  0.209027E+05  0.117884E+05  0.608778E+01  0.408790E+02  0.000000E+00  0.194522E+05  0.194522E+05  0.194537E+05 -0.115385E+00  0.188208E+05  0.170906E+05  0.689142E+02
  0.772640E-01  0.205523E+05  0.114538E+05  0.365032E+02  0.457843E+02  0.000000E+00  0.191043E+05  0.191043E+05  0.191073E+05 -0.113328E+00  0.184957E+05  0.166855E+05  0.709858E+02
  0.784807E-01  0.202034E+05  0.110843E+05  0.766759E+02  0.523014E+02  0.000000E+00  0.187521E+05  0.187521E+05  0.187571E+05 -0.111246E+00  0.181683E+05  0.162647E+05  0.734909E+02
  0.797166E-01  0.198560E+05  0.106835E+05  0.121117E+03  0.569011E+02  0.000000E+00  0.183962E+05  0.183962E+05  0.184033E+05 -0.109143E+00  0.178389E+05  0.158308E+05  0.763237E+02
  0.809719E-01  0.195101E+05  0.102555E+05  0.163107E+03  0.569058E+02  0.000000E+00  0.180372E+05  0.180372E+05  0.180461E+05 -0.107022E+00  0.175079E+05  0.153866E+05  0.793757E+02
  0.822471E-01  0.191658E+05  0.980500E+04  0.196003E+03  0.515739E+02  0.000000E+00  0.176760E+05  0.176760E+05  0.176862E+05 -0.104886E+00  0.171757E+05  0.149352E+05  0.825365E+02
  0.835423E-01  0.188233E+05  0.933729E+04  0.214565E+03  0.424292E+02  0.000000E+00  0.173136E+05  0.173136E+05  0.173243E+05 -0.102740E+00  0.168429E+05  0.144800E+05  0.856958E+02
  0.848579E-01  0.184827E+05  0.885818E+04  0.216007E+03  0.326352E+02  0.000000E+00  0.169510E+05  0.169510E+05  0.169614E+05 -0.100590E+00  0.165102E+05  0.140247E+05  0.887451E+02
  0.861942E-01  0.181443E+05  0.837392E+04  0.200491E+03  0.256212E+02  0.000000E+00  0.165894E+05  0.165894E+05  0.165990E+05 -0.984429E-01  0.161783E+05  0.135731E+05  0.915794E+02
  0.875515E-01  0.178085E+05  0.789105E+04  0.170960E+03  0.235308E+02  0.000000E+00  0.162302E+05  0.162302E+05  0.162384E+05 -0.963058E-01  0.158482E+05  0.131291E+05  0.940996E+02
  0.889303E-01  0.174756E+05  0.741631E+04  0.132359E+03  0.262066E+02  0.000000E+00  0.158747E+05  0.158747E+05  0.158813E+05 -0.941875E-01  0.155206E+05  0.126966E+05  0.962139E+02
  0.903307E-01  0.171460E+05  0.695648E+04  0.904960E+02  0.312427E+02  0.000000E+00  0.155243E+05  0.155243E+05  0.155292E+05 -0.920975E-01  0.151967E+05  0.122797E+05  0.978404E+02
  0.917532E-01  0.168200E+05  0.651827E+04  0.508532E+02  0.351557E+02  0.000000E+00  0.151805E+05  0.151805E+05  0.151838E+05 -0.900457E-01  0.148773E+05  0.118821E+05  0.989083E+02
  0.931981E-01  0.164983E+05  0.610810E+04  0.176894E+02  0.351547E+02  0.000000E+00  0.148447E+05  0.148447E+05  0.148465E+05 -0.880419E-01  0.145635E+05  0.115072E+05  0.993603E+02
  0.946658E-01  0.161811E+05  0.573200E+04 -0.637825E+01  0.306169E+02  0.000000E+00  0.145181E+05  0.145181E+05  0.145188E+05 -0.860953E-01  0.142564E+05  0.111584E+05  0.991536E+02
  0.961565E-01  0.158690E+05  0.539538E+04 -0.203067E+02  0.234453E+02  0.000000E+00  0.142021E+05  0.142021E+05  0.142019E+05 -0.842144E-01  0.139569E+05  0.108384E+05  0.982615E+02
  0.976708E-01  0.155624E+05  0.510291E+04 -0.242632E+02  0.170264E+02  0.000000E+00  0.138978E+05  0.138978E+05  0.138972E+05 -0.824061E-01  0.136659E+05  0.105495E+05  0.966742E+02
  0.992089E-01  0.152618E+05  0.485830E+04 -0.192499E+02  0.142926E+02  0.000000E+00  0.136060E+05  0.136060E+05  0.136056E+05 -0.806761E-01  0.133842E+05  0.102932E+05  0.943996E+02
  0.100771E+00  0.149674E+05  0.466422E+04 -0.694585E+01  0.159776E+02  0.000000E+00  0.133276E+05  0.133276E+05  0.133278E+05 -0.790278E-01  0.131125E+05  0.100704E+05  0.914629E+02
  0.102358E+00  0.146797E+05  0.452213E+04  0.101911E+02  0.201501E+02  0.000000E+00  0.130631E+05  0.130631E+05  0.130641E+05 -0.774631E-01  0.128512E+05  0.988144E+04  0.879073E+02
  0.103970E+00  0.143988E+05  0.443215E+04  0.287620E+02  0.234068E+02  0.000000E+00  0.128126E+05  0.128126E+05  0.128146E+05 -0.759818E-01  0.126008E+05  0.972546E+04  0.837923E+02
  0.105607E+00  0.141250E+05  0.439306E+04  0.445565E+02  0.230644E+02  0.000000E+00  0.125761E+05  0.125761E+05  0.125788E+05 -0.745823E-01  0.123613E+05  0.960097E+04  0.791934E+02
  0.107270E+00  0.138582E+05  0.440220E+04  0.532714E+02  0.189521E+02  0.000000E+00  0.123533E+05  0.123533E+05  0.123562E+05 -0.732616E-01  0.121326E+05  0.950562E+04  0.741997E+02
  0.108960E+00  0.135986E+05  0.445551E+04  0.518202E+02  0.135361E+02  0.000000E+00  0.121435E+05  0.121435E+05  0.121462E+05 -0.720155E-01  0.119144E+05  0.943621E+04  0.689118E+02
  0.110676E+00  0.133460E+05  0.454758E+04  0.398075E+02  0.101777E+02  0.000000E+00  0.119457E+05  0.119457E+05  0.119478E+05 -0.708388E-01  0.117062E+05  0.938883E+04  0.634393E+02
  0.112418E+00  0.131001E+05  0.467174E+04  0.204149E+02  0.106955E+02  0.000000E+00  0.117587E+05  0.117587E+05  0.117599E+05 -0.697251E-01  0.115071E+05  0.935888E+04  0.578974E+02
  0.114189E+00  0.128606E+05  0.482027E+04 -0.460938E-01  0.139912E+02  0.000000E+00  0.115810E+05  0.115810E+05  0.115814E+05 -0.686668E-01  0.113162E+05  0.934123E+04  0.524038E+02
  0.115987E+00  0.126271E+05  0.498455E+04 -0.141673E+02  0.168793E+02  0.000000E+00  0.114108E+05  0.114108E+05  0.114107E+05 -0.676546E-01  0.111324E+05  0.933035E+04  0.470749E+02
  0.117813E+00  0.123991E+05  0.515535E+04 -0.165021E+02  0.166055E+02  0.000000E+00  0.112462E+05  0.112462E+05  0.112460E+05 -0.666778E-01  0.109545E+05  0.932050E+04  0.420221E+02
  0.119669E+00  0.121759E+05  0.532314E+04 -0.631963E+01  0.130980E+02  0.000000E+00  0.110853E+05  0.110853E+05  0.110854E+05 -0.657243E-01  0.107810E+05  0.930587E+04  0.373480E+02
  0.121553E+00  0.119571E+05  0.547841E+04  0.114842E+02  0.903434E+01  0.000000E+00  0.109260E+05  0.109260E+05  0.109268E+05 -0.647813E-01  0.106105E+05  0.928081E+04  0.331431E+02
  0.123467E+00  0.117419E+05  0.561202E+04  0.282050E+02  0.752611E+01  0.000000E+00  0.107663E+05  0.107663E+05  0.107678E+05 -0.638357E-01  0.104415E+05  0.924009E+04  0.294819E+02
  0.125412E+00  0.115296E+05  0.571562E+04  0.354017E+02  0.933989E+01  0.000000E+00  0.106043E+05  0.106043E+05  0.106061E+05 -0.628754E-01  0.102726E+05  0.917906E+04  0.264203E+02
  0.127387E+00  0.113196E+05  0.578195E+04  0.293119E+02  0.121834E+02  0.000000E+00  0.104383E+05  0.104383E+05  0.104399E+05 -0.618901E-01  0.101026E+05  0.909390E+04  0.239925E+02
  0.129393E+00  0.111113E+05  0.580525E+04  0.131267E+02  0.128605E+02  0.000000E+00  0.102668E+05  0.102668E+05  0.102678E+05 -0.608714E-01  0.993034E+04  0.898185E+04  0.222098E+02
  0.131430E+00  0.109042E+05  0.578150E+04 -0.450499E+01  0.103734E+02  0.000000E+00  0.100889E+05  0.100889E+05  0.100890E+05 -0.598139E-01  0.975484E+04  0.884130E+04  0.210600E+02
  0.133500E+00  0.106978E+05  0.570871E+04 -0.142830E+02  0.692255E+01  0.000000E+00  0.990383E+04  0.990383E+04  0.990341E+04 -0.587143E-01  0.957550E+04  0.867193E+04  0.205070E+02
  0.135602E+00  0.104920E+05  0.558708E+04 -0.117312E+02  0.564711E+01  0.000000E+00  0.971136E+04  0.971136E+04  0.971101E+04 -0.575722E-01  0.939198E+04  0.847480E+04  0.204931E+02
  0.137738E+00  0.102864E+05  0.541906E+04  0.102362E+00  0.730708E+01  0.000000E+00  0.951176E+04  0.951176E+04  0.951199E+04 -0.563892E-01  0.920427E+04  0.825229E+04  0.209407E+02
  0.139907E+00  0.100811E+05  0.520934E+04  0.127290E+02  0.945821E+01  0.000000E+00  0.930578E+04  0.930578E+04  0.930662E+04 -0.551692E-01  0.901270E+04  0.800810E+04  0.217558E+02
  0.142110E+00  0.987630E+04  0.496466E+04  0.180166E+02  0.918798E+01  0.000000E+00  0.909461E+04  0.909461E+04  0.909568E+04 -0.539185E-01  0.881796E+04  0.774709E+04  0.228315E+02
  0.144348E+00  0.967223E+04  0.469359E+04  0.138693E+02  0.646490E+01  0.000000E+00  0.887988E+04  0.887988E+04  0.888068E+04 -0.526462E-01  0.862106E+04  0.747510E+04  0.240536E+02
  0.146621E+00  0.946935E+04  0.440613E+04  0.565971E+01  0.417156E+01  0.000000E+00  0.866354E+04  0.866354E+04  0.866392E+04 -0.513641E-01  0.842326E+04  0.719870E+04  0.253051E+02
  0.148930E+00  0.926822E+04  0.411325E+04  0.208471E+01  0.459910E+01  0.000000E+00  0.844780E+04  0.844780E+04  0.844804E+04 -0.500858E-01  0.822603E+04  0.692479E+04  0.264726E+02
  0.151275E+00  0.906948E+04  0.382627E+04  0.830126E+01  0.659359E+01  0.000000E+00  0.823502E+04  0.823502E+04  0.823558E+04 -0.488258E-01  0.803095E+04  0.666031E+04  0.274522E+02
  0.153658E+00  0.887381E+04  0.355630E+04  0.215811E+02  0.705326E+01  0.000000E+00  0.802753E+04  0.802753E+04  0.802869E+04 -0.475977E-01  0.783967E+04  0.641181E+04  0.281547E+02
  0.156077E+00  0.868194E+04  0.331359E+04  0.330848E+02  0.502677E+01  0.000000E+00  0.782756E+04  0.782756E+04  0.782917E+04 -0.464138E-01  0.765378E+04  0.618510E+04  0.285107E+02
  0.158535E+00  0.849451E+04  0.310684E+04  0.345658E+02  0.299008E+01  0.000000E+00  0.763706E+04  0.763706E+04  0.763867E+04 -0.452844E-01  0.747471E+04  0.598483E+04  0.284739E+02
  0.161032E+00  0.831211E+04  0.294271E+04  0.246482E+02  0.338324E+01  0.000000E+00  0.745757E+04  0.745757E+04  0.745875E+04 -0.442183E-01  0.730366E+04  0.581424E+04  0.280237E+02
  0.163568E+00  0.813520E+04  0.282527E+04  0.952434E+01  0.512641E+01  0.000000E+00  0.729013E+04  0.729013E+04  0.729070E+04 -0.432221E-01  0.714147E+04  0.567489E+04  0.271663E+02
  0.166144E+00  0.796408E+04  0.275575E+04 -0.232114E+01  0.522920E+01  0.000000E+00  0.713517E+04  0.713517E+04  0.713523E+04 -0.422996E-01  0.698862E+04  0.556652E+04  0.259339E+02
  0.168760E+00  0.779886E+04  0.273232E+04 -0.651485E+01  0.330687E+01  0.000000E+00  0.699252E+04  0.699252E+04  0.699233E+04 -0.414512E-01  0.684512E+04  0.548702E+04  0.243828E+02
  0.171418E+00  0.763943E+04  0.275020E+04 -0.472311E+01  0.214966E+01  0.000000E+00  0.686131E+04  0.686131E+04  0.686117E+04 -0.406725E-01  0.671055E+04  0.543252E+04  0.225896E+02
  0.174117E+00  0.748552E+04  0.280189E+04 -0.112145E+01  0.326399E+01  0.000000E+00  0.674012E+04  0.674012E+04  0.674017E+04 -0.399548E-01  0.658406E+04  0.539761E+04  0.206457E+02
  0.176859E+00  0.733662E+04  0.287766E+04  0.215012E+01  0.443063E+01  0.000000E+00  0.662697E+04  0.662697E+04  0.662720E+04 -0.392858E-01  0.646440E+04  0.537574E+04  0.186504E+02
  0.179644E+00  0.719210E+04  0.296623E+04  0.560789E+01  0.344616E+01  0.000000E+00  0.651955E+04  0.651955E+04  0.651990E+04 -0.386506E-01  0.635002E+04  0.535960E+04  0.167043E+02
  0.182473E+00  0.705120E+04  0.305560E+04  0.923912E+01  0.188923E+01  0.000000E+00  0.641530E+04  0.641530E+04  0.641576E+04 -0.380332E-01  0.623915E+04  0.534171E+04  0.149014E+02
  0.185347E+00  0.691309E+04  0.313397E+04  0.104399E+02  0.229469E+01  0.000000E+00  0.631165E+04  0.631165E+04  0.631217E+04 -0.374182E-01  0.612997E+04  0.531497E+04  0.133228E+02
  0.188265E+00  0.677697E+04  0.319068E+04  0.659193E+01  0.357551E+01  0.000000E+00  0.620621E+04  0.620621E+04  0.620661E+04 -0.367917E-01  0.602073E+04  0.527324E+04  0.120299E+02
  0.191230E+00  0.664208E+04  0.321708E+04 -0.576623E+00  0.308103E+01  0.000000E+00  0.609699E+04  0.609699E+04  0.609706E+04 -0.361426E-01  0.590993E+04  0.521188E+04  0.110600E+02
  0.194242E+00  0.650780E+04  0.320735E+04 -0.506767E+01  0.162887E+01  0.000000E+00  0.598254E+04  0.598254E+04  0.598236E+04 -0.354633E-01  0.579643E+04  0.512815E+04  0.104240E+02
  0.197300E+00  0.637372E+04  0.315896E+04 -0.254930E+01  0.185670E+01  0.000000E+00  0.586209E+04  0.586209E+04  0.586203E+04 -0.347497E-01  0.567952E+04  0.502146E+04  0.101056E+02
  0.200407E+00  0.623961E+04  0.307299E+04  0.428950E+01  0.295629E+01  0.000000E+00  0.573564E+04  0.573564E+04  0.573592E+04 -0.340011E-01  0.555904E+04  0.489340E+04  0.100636E+02
  0.203563E+00  0.610552E+04  0.295400E+04  0.803609E+01  0.238884E+01  0.000000E+00  0.560396E+04  0.560396E+04  0.560438E+04 -0.332211E-01  0.543537E+04  0.474764E+04  0.102362E+02
  0.206769E+00  0.597172E+04  0.280965E+04  0.476808E+01  0.120362E+01  0.000000E+00  0.546848E+04  0.546848E+04  0.546872E+04 -0.324175E-01  0.530936E+04  0.458962E+04  0.105467E+02
  0.210025E+00  0.583870E+04  0.264994E+04 -0.139840E+01  0.171909E+01  0.000000E+00  0.533120E+04  0.533120E+04  0.533119E+04 -0.316027E-01  0.518232E+04  0.442596E+04  0.109114E+02
  0.213333E+00  0.570708E+04  0.248623E+04 -0.321674E+01  0.244264E+01  0.000000E+00  0.519448E+04  0.519448E+04  0.519441E+04 -0.307918E-01  0.505583E+04  0.426389E+04  0.112475E+02
  0.216692E+00  0.557759E+04  0.233007E+04  0.117265E+01  0.150481E+01  0.000000E+00  0.506075E+04  0.506075E+04  0.506084E+04 -0.299998E-01  0.493157E+04  0.411040E+04  0.114819E+02
  0.220105E+00  0.545097E+04  0.219193E+04  0.659723E+01  0.935115E+00  0.000000E+00  0.493229E+04  0.493229E+04  0.493261E+04 -0.292395E-01  0.481121E+04  0.397156E+04  0.115582E+02
  0.223571E+00  0.532787E+04  0.208012E+04  0.769642E+01  0.181354E+01  0.000000E+00  0.481099E+04  0.481099E+04  0.481138E+04 -0.285210E-01  0.469611E+04  0.385185E+04  0.114416E+02
  0.227091E+00  0.520877E+04  0.199983E+04  0.501589E+01  0.172731E+01  0.000000E+00  0.469807E+04  0.469807E+04  0.469834E+04 -0.278513E-01  0.458726E+04  0.375363E+04  0.111224E+02
  0.230668E+00  0.509396E+04  0.195256E+04  0.280665E+01  0.763677E+00  0.000000E+00  0.459400E+04  0.459400E+04  0.459415E+04 -0.272337E-01  0.448511E+04  0.367693E+04  0.106156E+02
  0.234300E+00  0.498345E+04  0.193596E+04  0.261794E+01  0.120562E+01  0.000000E+00  0.449844E+04  0.449844E+04  0.449859E+04 -0.266666E-01  0.438954E+04  0.361943E+04  0.995866E+01
  0.237990E+00  0.487700E+04  0.194417E+04  0.199728E+01  0.165168E+01  0.000000E+00  0.441024E+04  0.441024E+04  0.441038E+04 -0.261431E-01  0.429985E+04  0.357677E+04  0.920553E+01
  0.241737E+00  0.477414E+04  0.196859E+04 -0.545588E+00  0.786932E+00  0.000000E+00  0.432763E+04  0.432763E+04  0.432763E+04 -0.256528E-01  0.421490E+04  0.354314E+04  0.841968E+01
  0.245544E+00  0.467422E+04  0.199903E+04 -0.241871E+01  0.853882E+00  0.000000E+00  0.424846E+04  0.424846E+04  0.424838E+04 -0.251831E-01  0.413322E+04  0.351200E+04  0.766538E+01
  0.249411E+00  0.457650E+04  0.202510E+04 -0.647821E+00  0.145411E+01  0.000000E+00  0.417045E+04  0.417045E+04  0.417046E+04 -0.247212E-01  0.405320E+04  0.347703E+04  0.699933E+01
  0.253339E+00  0.448028E+04  0.203761E+04  0.319187E+01  0.757404E+00  0.000000E+00  0.409153E+04  0.409153E+04  0.409169E+04 -0.242543E-01  0.397335E+04  0.343291E+04  0.646350E+01
  0.257328E+00  0.438492E+04  0.202986E+04  0.451475E+01  0.689302E+00  0.000000E+00  0.401011E+04  0.401011E+04  0.401033E+04 -0.237720E-01  0.389245E+04  0.337607E+04  0.608003E+01
  0.261381E+00  0.429001E+04  0.199852E+04  0.188007E+01  0.125594E+01  0.000000E+00  0.392532E+04  0.392532E+04  0.392544E+04 -0.232687E-01  0.380977E+04  0.330518E+04  0.584904E+01
  0.265497E+00  0.419536E+04  0.194408E+04 -0.111001E+01  0.625947E+00  0.000000E+00  0.383707E+04  0.383707E+04  0.383704E+04 -0.227447E-01  0.372511E+04  0.322128E+04  0.574976E+01
  0.269678E+00  0.410106E+04  0.187064E+04 -0.940491E+00  0.635416E+00  0.000000E+00  0.374609E+04  0.374609E+04  0.374606E+04 -0.222053E-01  0.363888E+04  0.312755E+04  0.574480E+01
  0.273925E+00  0.400743E+04  0.178517E+04  0.121550E+01  0.106478E+01  0.000000E+00  0.365375E+04  0.365375E+04  0.365384E+04 -0.216585E-01  0.355194E+04  0.302875E+04  0.578699E+01
  0.278238E+00  0.391495E+04  0.169631E+04  0.197069E+01  0.438197E+00  0.000000E+00  0.356186E+04  0.356186E+04  0.356196E+04 -0.211140E-01  0.346552E+04  0.293039E+04  0.582729E+01
  0.282620E+00  0.382422E+04  0.161282E+04  0.858437E+00  0.676633E+00  0.000000E+00  0.347228E+04  0.347228E+04  0.347234E+04 -0.205828E-01  0.338093E+04  0.283778E+04  0.582289E+01
  0.287070E+00  0.373578E+04  0.154212E+04  0.152511E+00  0.822072E+00  0.000000E+00  0.338666E+04  0.338666E+04  0.338669E+04 -0.200751E-01  0.329936E+04  0.275514E+04  0.574387E+01
  0.291591E+00  0.365006E+04  0.148902E+04  0.848049E+00  0.308806E+00  0.000000E+00  0.330613E+04  0.330613E+04  0.330617E+04 -0.195978E-01  0.322167E+04  0.268489E+04  0.557754E+01
  0.296183E+00  0.356726E+04  0.145494E+04  0.181827E+01  0.761485E+00  0.000000E+00  0.323108E+04  0.323108E+04  0.323119E+04 -0.191533E-01  0.314823E+04  0.262726E+04  0.532938E+01
  0.300847E+00  0.348737E+04  0.143780E+04  0.189172E+01  0.488647E+00  0.000000E+00  0.316118E+04  0.316118E+04  0.316128E+04 -0.187389E-01  0.307890E+04  0.258037E+04  0.502071E+01
  0.305585E+00  0.341012E+04  0.143255E+04  0.755078E+00  0.386838E+00  0.000000E+00  0.309539E+04  0.309539E+04  0.309543E+04 -0.183485E-01  0.301300E+04  0.254064E+04  0.468337E+01
  0.310397E+00  0.333508E+04  0.143235E+04 -0.568796E+00  0.688565E+00  0.000000E+00  0.303226E+04  0.303226E+04  0.303225E+04 -0.179738E-01  0.294954E+04  0.250362E+04  0.435273E+01
  0.315285E+00  0.326171E+04  0.142999E+04 -0.375163E+00  0.236414E+00  0.000000E+00  0.297019E+04  0.297019E+04  0.297018E+04 -0.176060E-01  0.288742E+04  0.246491E+04  0.406027E+01
  0.320250E+00  0.318952E+04  0.141946E+04  0.696547E+00  0.595906E+00  0.000000E+00  0.290782E+04  0.290782E+04  0.290787E+04 -0.172365E-01  0.282560E+04  0.242105E+04  0.382747E+01
  0.325293E+00  0.311813E+04  0.139715E+04  0.810533E+00  0.336837E+00  0.000000E+00  0.284424E+04  0.284424E+04  0.284428E+04 -0.168597E-01  0.276339E+04  0.237023E+04  0.366204E+01
  0.330416E+00  0.304735E+04  0.136248E+04  0.774123E+00  0.371984E+00  0.000000E+00  0.277920E+04  0.277920E+04  0.277924E+04 -0.164742E-01  0.270054E+04  0.231259E+04  0.355740E+01
  0.335619E+00  0.297720E+04  0.131791E+04  0.901146E+00  0.458920E+00  0.000000E+00  0.271312E+04  0.271312E+04  0.271317E+04 -0.160824E-01  0.263724E+04  0.225005E+04  0.349540E+01
  0.340905E+00  0.290791E+04  0.126809E+04 -0.934202E-01  0.211282E+00  0.000000E+00  0.264693E+04  0.264693E+04  0.264693E+04 -0.156898E-01  0.257410E+04  0.218575E+04  0.345153E+01
  0.346273E+00  0.283983E+04  0.121867E+04 -0.259630E+00  0.488059E+00  0.000000E+00  0.258182E+04  0.258182E+04  0.258182E+04 -0.153039E-01  0.251194E+04  0.212322E+04  0.340121E+01
  0.351726E+00  0.277331E+04  0.117478E+04  0.101769E+01  0.150830E+00  0.000000E+00  0.251891E+04  0.251891E+04  0.251895E+04 -0.149312E-01  0.245156E+04  0.206548E+04  0.332578E+01
  0.357265E+00  0.270865E+04  0.113981E+04  0.628384E+00  0.445602E+00  0.000000E+00  0.245897E+04  0.245897E+04  0.245901E+04 -0.145759E-01  0.239355E+04  0.201427E+04  0.321651E+01
  0.362891E+00  0.264597E+04  0.111461E+04 -0.103380E+00  0.143684E+00  0.000000E+00  0.240226E+04  0.240226E+04  0.240226E+04 -0.142395E-01  0.233813E+04  0.196975E+04  0.307573E+01
  0.368606E+00  0.258523E+04  0.109749E+04  0.660453E+00  0.384237E+00  0.000000E+00  0.234846E+04  0.234846E+04  0.234850E+04 -0.139207E-01  0.228514E+04  0.193051E+04  0.291499E+01
  0.374410E+00  0.252620E+04  0.108486E+04  0.611862E+00  0.144850E+00  0.000000E+00  0.229681E+04  0.229681E+04  0.229684E+04 -0.136146E-01  0.223408E+04  0.189413E+04  0.275093E+01
  0.380307E+00  0.246858E+04  0.107242E+04 -0.390305E-01  0.334594E+00  0.000000E+00  0.224638E+04  0.224638E+04  0.224639E+04 -0.133155E-01  0.218427E+04  0.185792E+04  0.259996E+01
  0.386295E+00  0.241205E+04  0.105648E+04 -0.549938E-01  0.134139E+00  0.000000E+00  0.219631E+04  0.219631E+04  0.219631E+04 -0.130186E-01  0.213509E+04  0.181973E+04  0.247354E+01
  0.392379E+00  0.235638E+04  0.103496E+04  0.266244E+00  0.304027E+00  0.000000E+00  0.214607E+04  0.214607E+04  0.214609E+04 -0.127210E-01  0.208614E+04  0.177852E+04  0.237536E+01
  0.398558E+00  0.230147E+04  0.100795E+04  0.514233E+00  0.109901E+00  0.000000E+00  0.209561E+04  0.209561E+04  0.209563E+04 -0.124219E-01  0.203731E+04  0.173461E+04  0.230113E+01
  0.404834E+00  0.224740E+04  0.977394E+03  0.271142E+00  0.286958E+00  0.000000E+00  0.204527E+04  0.204527E+04  0.204530E+04 -0.121235E-01  0.198882E+04  0.168941E+04  0.224084E+01
  0.411209E+00  0.219431E+04  0.946330E+03  0.123509E+00  0.822980E-01  0.000000E+00  0.199569E+04  0.199569E+04  0.199570E+04 -0.118295E-01  0.194107E+04  0.164484E+04  0.218265E+01
  0.417685E+00  0.214240E+04  0.917723E+03  0.122952E+00  0.268425E+00  0.000000E+00  0.194749E+04  0.194749E+04  0.194751E+04 -0.115438E-01  0.189452E+04  0.160267E+04  0.211704E+01
  0.424263E+00  0.209184E+04  0.893471E+03  0.240897E+00  0.717683E-01  0.000000E+00  0.190112E+04  0.190112E+04  0.190113E+04 -0.112689E-01  0.184950E+04  0.156390E+04  0.203962E+01
  0.430944E+00  0.204266E+04  0.873842E+03  0.306427E+00  0.225249E+00  0.000000E+00  0.185664E+04  0.185664E+04  0.185666E+04 -0.110053E-01  0.180609E+04  0.152846E+04  0.195194E+01
  0.437730E+00  0.199481E+04  0.857561E+03  0.105121E+00  0.100834E+00  0.000000E+00  0.181382E+04  0.181382E+04  0.181383E+04 -0.107514E-01  0.176414E+04  0.149541E+04  0.186007E+01
  0.444623E+00  0.194814E+04  0.842463E+03  0.185019E+00  0.143417E+00  0.000000E+00  0.177217E+04  0.177217E+04  0.177219E+04 -0.105046E-01  0.172332E+04  0.146334E+04  0.177164E+01
  0.451625E+00  0.190247E+04  0.826422E+03  0.187622E+00  0.162721E+00  0.000000E+00  0.173122E+04  0.173122E+04  0.173123E+04 -0.102618E-01  0.168328E+04  0.143096E+04  0.169272E+01
  0.458737E+00  0.185767E+04  0.808178E+03 -0.334568E-01  0.594555E-01  0.000000E+00  0.169064E+04  0.169064E+04  0.169064E+04 -0.100212E-01  0.164376E+04  0.139763E+04  0.162564E+01
  0.465961E+00  0.181366E+04  0.787733E+03  0.223412E+00  0.186652E+00  0.000000E+00  0.165039E+04  0.165039E+04  0.165040E+04 -0.978269E-02  0.160472E+04  0.136348E+04  0.156861E+01
  0.473299E+00  0.177049E+04  0.766176E+03  0.207753E+00  0.611056E-01  0.000000E+00  0.161065E+04  0.161065E+04  0.161066E+04 -0.954717E-02  0.156625E+04  0.132926E+04  0.151709E+01
  0.480752E+00  0.172823E+04  0.745070E+03  0.698365E-01  0.106080E+00  0.000000E+00  0.157176E+04  0.157176E+04  0.157176E+04 -0.931657E-02  0.152858E+04  0.129596E+04  0.146607E+01
  0.488323E+00  0.168696E+04  0.725699E+03  0.108224E+00  0.141177E+00  0.000000E+00  0.153397E+04  0.153397E+04  0.153398E+04 -0.909261E-02  0.149191E+04  0.126429E+04  0.141228E+01
  0.496013E+00  0.164673E+04  0.708526E+03  0.124484E+00  0.334341E-01  0.000000E+00  0.149741E+04  0.149741E+04  0.149742E+04 -0.887590E-02  0.145631E+04  0.123443E+04  0.135534E+01
  0.503824E+00  0.160750E+04  0.693102E+03  0.136469E+00  0.116626E+00  0.000000E+00  0.146198E+04  0.146198E+04  0.146199E+04 -0.866585E-02  0.142174E+04  0.120601E+04  0.129735E+01
  0.511758E+00  0.156921E+04  0.678411E+03  0.788865E-01  0.106639E+00  0.000000E+00  0.142744E+04  0.142744E+04  0.142745E+04 -0.846114E-02  0.138804E+04  0.117835E+04  0.124144E+01
  0.519817E+00  0.153177E+04  0.663448E+03  0.950497E-01  0.264323E-01  0.000000E+00  0.139357E+04  0.139357E+04  0.139358E+04 -0.826039E-02  0.135503E+04  0.115085E+04  0.119005E+01
  0.528003E+00  0.149510E+04  0.647718E+03  0.739350E-01  0.960219E-01  0.000000E+00  0.136024E+04  0.136024E+04  0.136024E+04 -0.806277E-02  0.132260E+04  0.112327E+04  0.114383E+01
  0.536318E+00  0.145918E+04  0.631400E+03  0.675736E-01  0.101227E+00  0.000000E+00  0.132744E+04  0.132744E+04  0.132744E+04 -0.786836E-02  0.129076E+04  0.109576E+04  0.110158E+01
  0.544764E+00  0.142403E+04  0.615132E+03  0.128510E+00  0.249741E-01  0.000000E+00  0.129530E+04  0.129530E+04  0.129530E+04 -0.767785E-02  0.125956E+04  0.106875E+04  0.106124E+01
  0.553343E+00  0.138969E+04  0.599586E+03  0.411228E-01  0.530124E-01  0.000000E+00  0.126395E+04  0.126395E+04  0.126395E+04 -0.749200E-02  0.122911E+04  0.104263E+04  0.102109E+01
  0.562057E+00  0.135617E+04  0.585084E+03  0.813443E-01  0.996080E-01  0.000000E+00  0.123345E+04  0.123345E+04  0.123346E+04 -0.731126E-02  0.119944E+04  0.101753E+04  0.980612E+00
  0.570908E+00  0.132346E+04  0.571476E+03  0.722621E-01  0.541401E-01  0.000000E+00  0.120378E+04  0.120378E+04  0.120379E+04 -0.713538E-02  0.117055E+04  0.993335E+03  0.940479E+00
  0.579898E+00  0.129151E+04  0.558312E+03  0.676338E-01  0.147651E-01  0.000000E+00  0.117482E+04  0.117482E+04  0.117483E+04 -0.696372E-02  0.114234E+04  0.969726E+03  0.901886E+00
  0.589030E+00  0.126028E+04  0.545166E+03  0.518683E-01  0.485880E-01  0.000000E+00  0.114647E+04  0.114647E+04  0.114647E+04 -0.679566E-02  0.111475E+04  0.946450E+03  0.865695E+00
  0.598306E+00  0.122974E+04  0.531886E+03  0.581446E-01  0.803174E-01  0.000000E+00  0.111867E+04  0.111867E+04  0.111868E+04 -0.663089E-02  0.108772E+04  0.923435E+03  0.831952E+00
  0.607728E+00  0.119987E+04  0.518634E+03  0.482078E-01  0.557328E-01  0.000000E+00  0.109145E+04  0.109145E+04  0.109145E+04 -0.646951E-02  0.106126E+04  0.900798E+03  0.800015E+00
  0.617298E+00  0.117068E+04  0.505708E+03  0.632230E-01  0.167903E-01  0.000000E+00  0.106485E+04  0.106485E+04  0.106485E+04 -0.631184E-02  0.103541E+04  0.878719E+03  0.769083E+00
  0.627019E+00  0.114217E+04  0.493315E+03  0.383936E-01  0.134967E-01  0.000000E+00  0.103891E+04  0.103891E+04  0.103891E+04 -0.615807E-02  0.101018E+04  0.857306E+03  0.738734E+00
  0.636894E+00  0.111434E+04  0.481444E+03  0.507143E-01  0.394135E-01  0.000000E+00  0.101362E+04  0.101362E+04  0.101362E+04 -0.600817E-02  0.985578E+03  0.836526E+03  0.709075E+00
  0.646923E+00  0.108717E+04  0.469921E+03  0.442468E-01  0.593644E-01  0.000000E+00  0.988931E+03  0.988931E+03  0.988935E+03 -0.586184E-02  0.961556E+03  0.816255E+03  0.680514E+00
  0.657111E+00  0.106061E+04  0.458562E+03  0.403205E-01  0.553961E-01  0.000000E+00  0.964797E+03  0.964797E+03  0.964800E+03 -0.571878E-02  0.938078E+03  0.796378E+03  0.653361E+00
  0.667459E+00  0.103467E+04  0.447311E+03  0.359015E-01  0.354153E-01  0.000000E+00  0.941189E+03  0.941189E+03  0.941192E+03 -0.557884E-02  0.915122E+03  0.776866E+03  0.627600E+00
  0.677970E+00  0.100932E+04  0.436241E+03  0.376901E-01  0.156621E-01  0.000000E+00  0.918111E+03  0.918111E+03  0.918113E+03 -0.544205E-02  0.892685E+03  0.757766E+03  0.602957E+00
  0.688646E+00  0.984555E+03  0.425466E+03  0.360757E-01  0.564494E-02  0.000000E+00  0.895576E+03  0.895576E+03  0.895578E+03 -0.530847E-02  0.870774E+03  0.739142E+03  0.579146E+00
  0.699491E+00  0.960378E+03  0.415034E+03  0.296502E-01  0.562582E-02  0.000000E+00  0.873586E+03  0.873586E+03  0.873588E+03 -0.517813E-02  0.849388E+03  0.721011E+03  0.556064E+00
  0.710506E+00  0.936771E+03  0.404903E+03  0.338680E-01  0.112063E-01  0.000000E+00  0.852124E+03  0.852124E+03  0.852126E+03 -0.505091E-02  0.828511E+03  0.703335E+03  0.533795E+00
  0.721695E+00  0.913716E+03  0.394994E+03  0.282338E-01  0.179230E-01  0.000000E+00  0.831161E+03  0.831161E+03  0.831163E+03 -0.492665E-02  0.808122E+03  0.686057E+03  0.512457E+00
  0.733060E+00  0.891199E+03  0.385264E+03  0.277997E-01  0.231960E-01  0.000000E+00  0.810679E+03  0.810679E+03  0.810681E+03 -0.480525E-02  0.788204E+03  0.669150E+03  0.492067E+00
  0.744604E+00  0.869208E+03  0.375728E+03  0.252927E-01  0.262291E-01  0.000000E+00  0.790670E+03  0.790670E+03  0.790672E+03 -0.468664E-02  0.768748E+03  0.652622E+03  0.472527E+00
  0.756330E+00  0.847734E+03  0.366427E+03  0.253113E-01  0.271964E-01  0.000000E+00  0.771133E+03  0.771133E+03  0.771135E+03 -0.457084E-02  0.749750E+03  0.636490E+03  0.453719E+00
  0.768240E+00  0.826767E+03  0.357374E+03  0.230295E-01  0.265304E-01  0.000000E+00  0.752063E+03  0.752063E+03  0.752065E+03 -0.445780E-02  0.731204E+03  0.620758E+03  0.435587E+00
  0.780338E+00  0.806295E+03  0.348550E+03  0.220423E-01  0.245344E-01  0.000000E+00  0.733445E+03  0.733445E+03  0.733447E+03 -0.434744E-02  0.713098E+03  0.605405E+03  0.418144E+00
  0.792627E+00  0.786307E+03  0.339925E+03  0.210382E-01  0.212866E-01  0.000000E+00  0.715265E+03  0.715265E+03  0.715266E+03 -0.423968E-02  0.695418E+03  0.590407E+03  0.401410E+00
  0.805109E+00  0.766789E+03  0.331486E+03  0.198511E-01  0.167628E-01  0.000000E+00  0.697510E+03  0.697510E+03  0.697512E+03 -0.413444E-02  0.678153E+03  0.575752E+03  0.385365E+00
  0.817787E+00  0.747733E+03  0.323241E+03  0.182488E-01  0.111418E-01  0.000000E+00  0.680175E+03  0.680175E+03  0.680176E+03 -0.403169E-02  0.661296E+03  0.561441E+03  0.369957E+00
  0.830666E+00  0.729130E+03  0.315201E+03  0.177113E-01  0.525234E-02  0.000000E+00  0.663253E+03  0.663253E+03  0.663254E+03 -0.393138E-02  0.644841E+03  0.547476E+03  0.355139E+00
  0.843747E+00  0.710970E+03  0.307360E+03  0.164342E-01  0.929803E-03  0.000000E+00  0.646735E+03  0.646735E+03  0.646736E+03 -0.383347E-02  0.628778E+03  0.533847E+03  0.340892E+00
  0.857034E+00  0.693242E+03  0.299705E+03  0.159335E-01  0.697306E-03  0.000000E+00  0.630611E+03  0.630611E+03  0.630611E+03 -0.373789E-02  0.613098E+03  0.520543E+03  0.327209E+00
  0.870530E+00  0.675936E+03  0.292227E+03  0.147064E-01  0.608775E-02  0.000000E+00  0.614869E+03  0.614869E+03  0.614870E+03 -0.364458E-02  0.597791E+03  0.507551E+03  0.314076E+00
  0.884239E+00  0.659044E+03  0.284923E+03  0.141598E-01  0.148816E-01  0.000000E+00  0.599502E+03  0.599502E+03  0.599504E+03 -0.355350E-02  0.582849E+03  0.494868E+03  0.301466E+00
  0.898164E+00  0.642556E+03  0.277797E+03  0.132583E-01  0.200879E-01  0.000000E+00  0.584505E+03  0.584505E+03  0.584506E+03 -0.346460E-02  0.568265E+03  0.482490E+03  0.289351E+00
  0.912308E+00  0.626464E+03  0.270845E+03  0.124163E-01  0.150509E-01  0.000000E+00  0.569867E+03  0.569867E+03  0.569868E+03 -0.337784E-02  0.554032E+03  0.470411E+03  0.277711E+00
  0.926675E+00  0.610759E+03  0.264061E+03  0.118942E-01  0.342690E-02  0.000000E+00  0.555582E+03  0.555582E+03  0.555583E+03 -0.329316E-02  0.540141E+03  0.458622E+03  0.266533E+00
  0.941268E+00  0.595432E+03  0.257438E+03  0.111617E-01 -0.609922E-04  0.000000E+00  0.541640E+03  0.541640E+03  0.541641E+03 -0.321052E-02  0.526584E+03  0.447116E+03  0.255802E+00
  0.956090E+00  0.580474E+03  0.250972E+03  0.106043E-01  0.100942E-01  0.000000E+00  0.528034E+03  0.528034E+03  0.528034E+03 -0.312987E-02  0.513354E+03  0.435886E+03  0.245496E+00
  0.971147E+00  0.565877E+03  0.244664E+03  0.997027E-02  0.151147E-01  0.000000E+00  0.514756E+03  0.514756E+03  0.514757E+03 -0.305117E-02  0.500443E+03  0.424927E+03  0.235599E+00
  0.986440E+00  0.551632E+03  0.238508E+03  0.939481E-02  0.358773E-02  0.000000E+00  0.501798E+03  0.501798E+03  0.501799E+03 -0.297436E-02  0.487844E+03  0.414234E+03  0.226094E+00
  0.100197E+01  0.537732E+03  0.232501E+03  0.893628E-02  0.764964E-03  0.000000E+00  0.489154E+03  0.489154E+03  0.489155E+03 -0.289942E-02  0.475549E+03  0.403798E+03  0.216968E+00
  0.101775E+01  0.524168E+03  0.226639E+03  0.842222E-02  0.123723E-01  0.000000E+00  0.476816E+03  0.476816E+03  0.476817E+03 -0.282628E-02  0.463552E+03  0.393615E+03  0.208205E+00
  0.103378E+01  0.510932E+03  0.220918E+03  0.795793E-02  0.536896E-02  0.000000E+00  0.464777E+03  0.464777E+03  0.464777E+03 -0.275492E-02  0.451846E+03  0.383678E+03  0.199790E+00
  0.105006E+01  0.498018E+03  0.215336E+03  0.751617E-02  0.428518E-03  0.000000E+00  0.453029E+03  0.453029E+03  0.453029E+03 -0.268529E-02  0.440424E+03  0.373982E+03  0.191711E+00
  0.106660E+01  0.485417E+03  0.209890E+03  0.710120E-02  0.111824E-01  0.000000E+00  0.441567E+03  0.441567E+03  0.441568E+03 -0.261735E-02  0.429279E+03  0.364522E+03  0.183953E+00
  0.108339E+01  0.473123E+03  0.204576E+03  0.670561E-02  0.297166E-03  0.000000E+00  0.430383E+03  0.430383E+03  0.430384E+03 -0.255106E-02  0.418405E+03  0.355291E+03  0.176506E+00
  0.110045E+01  0.461128E+03  0.199392E+03  0.633901E-02  0.633529E-02  0.000000E+00  0.419473E+03  0.419473E+03  0.419473E+03 -0.248638E-02  0.407796E+03  0.346286E+03  0.169355E+00
  0.111778E+01  0.449426E+03  0.194334E+03  0.598214E-02  0.428009E-02  0.000000E+00  0.408828E+03  0.408828E+03  0.408828E+03 -0.242329E-02  0.397446E+03  0.337500E+03  0.162490E+00
  0.113539E+01  0.438010E+03  0.189400E+03  0.565016E-02  0.267385E-02  0.000000E+00  0.398444E+03  0.398444E+03  0.398444E+03 -0.236174E-02  0.387350E+03  0.328929E+03  0.155900E+00
  0.115327E+01  0.426874E+03  0.184587E+03  0.534051E-02  0.522058E-02  0.000000E+00  0.388314E+03  0.388314E+03  0.388314E+03 -0.230169E-02  0.377501E+03  0.320568E+03  0.149573E+00
  0.117143E+01  0.416011E+03  0.179892E+03  0.504652E-02  0.227771E-02  0.000000E+00  0.378432E+03  0.378432E+03  0.378433E+03 -0.224312E-02  0.367893E+03  0.312412E+03  0.143500E+00
  0.118987E+01  0.405415E+03  0.175311E+03  0.476381E-02  0.339093E-02  0.000000E+00  0.368793E+03  0.368793E+03  0.368794E+03 -0.218599E-02  0.358521E+03  0.304456E+03  0.137670E+00
  0.120861E+01  0.395079E+03  0.170844E+03  0.449925E-02  0.443174E-02  0.000000E+00  0.359392E+03  0.359392E+03  0.359392E+03 -0.213026E-02  0.349380E+03  0.296695E+03  0.132074E+00
  0.122764E+01  0.384997E+03  0.166486E+03  0.425078E-02 -0.221284E-03  0.000000E+00  0.350221E+03  0.350221E+03  0.350221E+03 -0.207590E-02  0.340464E+03  0.289126E+03  0.126703E+00
  0.124698E+01  0.375164E+03  0.162235E+03  0.401517E-02  0.653457E-02  0.000000E+00  0.341276E+03  0.341276E+03  0.341276E+03 -0.202288E-02  0.331767E+03  0.281742E+03  0.121547E+00
  0.126661E+01  0.365573E+03  0.158088E+03  0.379108E-02 -0.367612E-04  0.000000E+00  0.332552E+03  0.332552E+03  0.332552E+03 -0.197116E-02  0.323284E+03  0.274541E+03  0.116598E+00
  0.128656E+01  0.356218E+03  0.154044E+03  0.358078E-02  0.150715E-02  0.000000E+00  0.324042E+03  0.324042E+03  0.324042E+03 -0.192073E-02  0.315011E+03  0.267517E+03  0.111848E+00
  0.130682E+01  0.347095E+03  0.150100E+03  0.338230E-02  0.551564E-02  0.000000E+00  0.315743E+03  0.315743E+03  0.315743E+03 -0.187153E-02  0.306942E+03  0.260667E+03  0.107289E+00
  0.132740E+01  0.338197E+03  0.146253E+03  0.319384E-02  0.813648E-03  0.000000E+00  0.307649E+03  0.307649E+03  0.307649E+03 -0.182356E-02  0.299073E+03  0.253986E+03  0.102914E+00
  0.134830E+01  0.329520E+03  0.142502E+03  0.301581E-02 -0.791772E-03  0.000000E+00  0.299756E+03  0.299756E+03  0.299756E+03 -0.177677E-02  0.291399E+03  0.247470E+03  0.987145E-01
  0.136954E+01  0.321058E+03  0.138844E+03  0.284832E-02  0.285667E-02  0.000000E+00  0.292059E+03  0.292059E+03  0.292059E+03 -0.173115E-02  0.283915E+03  0.241116E+03  0.946845E-01
  0.139110E+01  0.312806E+03  0.135277E+03  0.268988E-02  0.447083E-02  0.000000E+00  0.284553E+03  0.284553E+03  0.284553E+03 -0.168666E-02  0.276617E+03  0.234920E+03  0.908171E-01
  0.141301E+01  0.304760E+03  0.131799E+03  0.253977E-02  0.254637E-02  0.000000E+00  0.277234E+03  0.277234E+03  0.277234E+03 -0.164327E-02  0.269502E+03  0.228879E+03  0.871058E-01
  0.143526E+01  0.296915E+03  0.128407E+03  0.239833E-02  0.129669E-03  0.000000E+00  0.270097E+03  0.270097E+03  0.270097E+03 -0.160097E-02  0.262563E+03  0.222988E+03  0.835444E-01
  0.145786E+01  0.289265E+03  0.125100E+03  0.226482E-02 -0.946254E-03  0.000000E+00  0.263138E+03  0.263138E+03  0.263138E+03 -0.155972E-02  0.255798E+03  0.217243E+03  0.801269E-01
  0.148082E+01  0.281806E+03  0.121875E+03  0.213840E-02 -0.889531E-03  0.000000E+00  0.256353E+03  0.256353E+03  0.256353E+03 -0.151950E-02  0.249201E+03  0.211642E+03  0.768475E-01
  0.150414E+01  0.274533E+03  0.118730E+03  0.201910E-02 -0.477006E-03  0.000000E+00  0.249737E+03  0.249737E+03  0.249737E+03 -0.148029E-02  0.242769E+03  0.206181E+03  0.737007E-01
  0.152783E+01  0.267442E+03  0.115664E+03  0.190653E-02 -0.205077E-03  0.000000E+00  0.243286E+03  0.243286E+03  0.243286E+03 -0.144205E-02  0.236498E+03  0.200856E+03  0.706812E-01
  0.155189E+01  0.260528E+03  0.112675E+03  0.180005E-02 -0.232840E-03  0.000000E+00  0.236997E+03  0.236997E+03  0.236997E+03 -0.140477E-02  0.230383E+03  0.195664E+03  0.677839E-01
  0.157633E+01  0.253787E+03  0.109760E+03  0.169952E-02 -0.516155E-03  0.000000E+00  0.230865E+03  0.230865E+03  0.230865E+03 -0.136843E-02  0.224422E+03  0.190603E+03  0.650040E-01
  0.160115E+01  0.247216E+03  0.106919E+03  0.160463E-02 -0.834224E-03  0.000000E+00  0.224887E+03  0.224887E+03  0.224887E+03 -0.133300E-02  0.218610E+03  0.185668E+03  0.623368E-01
  0.162636E+01  0.240809E+03  0.104149E+03  0.151494E-02 -0.749038E-03  0.000000E+00  0.219060E+03  0.219060E+03  0.219060E+03 -0.129845E-02  0.212945E+03  0.180857E+03  0.597778E-01
  0.165198E+01  0.234564E+03  0.101449E+03  0.143024E-02  0.200191E-03  0.000000E+00  0.213379E+03  0.213379E+03  0.213379E+03 -0.126478E-02  0.207422E+03  0.176167E+03  0.573228E-01
  0.167799E+01  0.228476E+03  0.988169E+02  0.135029E-02  0.172389E-02  0.000000E+00  0.207841E+03  0.207841E+03  0.207841E+03 -0.123195E-02  0.202038E+03  0.171596E+03  0.549675E-01
  0.170442E+01  0.222542E+03  0.962508E+02  0.127474E-02  0.214344E-02  0.000000E+00  0.202443E+03  0.202443E+03  0.202443E+03 -0.119996E-02  0.196790E+03  0.167139E+03  0.527079E-01
  0.173126E+01  0.216757E+03  0.937494E+02  0.120341E-02  0.349892E-03  0.000000E+00  0.197180E+03  0.197180E+03  0.197180E+03 -0.116876E-02  0.191674E+03  0.162795E+03  0.505401E-01
  0.175852E+01  0.211118E+03  0.913111E+02  0.113606E-02 -0.677776E-03  0.000000E+00  0.192051E+03  0.192051E+03  0.192051E+03 -0.113836E-02  0.186687E+03  0.158561E+03  0.484605E-01
  0.178621E+01  0.205622E+03  0.889343E+02  0.107243E-02  0.139802E-02  0.000000E+00  0.187051E+03  0.187051E+03  0.187051E+03 -0.110872E-02  0.181826E+03  0.154433E+03  0.464655E-01
  0.181434E+01  0.200264E+03  0.866177E+02  0.101236E-02  0.947816E-03  0.000000E+00  0.182177E+03  0.182177E+03  0.182177E+03 -0.107984E-02  0.177088E+03  0.150410E+03  0.445518E-01
  0.184291E+01  0.195042E+03  0.843598E+02  0.955637E-03 -0.562084E-03  0.000000E+00  0.177427E+03  0.177427E+03  0.177427E+03 -0.105168E-02  0.172471E+03  0.146489E+03  0.427161E-01
  0.187193E+01  0.189953E+03  0.821592E+02  0.902070E-03  0.160692E-02  0.000000E+00  0.172798E+03  0.172798E+03  0.172798E+03 -0.102424E-02  0.167970E+03  0.142667E+03  0.409552E-01
  0.190141E+01  0.184993E+03  0.800145E+02  0.851495E-03 -0.575268E-03  0.000000E+00  0.168286E+03  0.168286E+03  0.168286E+03 -0.997496E-03  0.163584E+03  0.138942E+03  0.392662E-01
  0.193136E+01  0.180160E+03  0.779243E+02  0.803733E-03  0.135285E-02  0.000000E+00  0.163889E+03  0.163889E+03  0.163889E+03 -0.971432E-03  0.159309E+03  0.135312E+03  0.376462E-01
  0.196177E+01  0.175448E+03  0.758870E+02  0.758641E-03 -0.581747E-03  0.000000E+00  0.159603E+03  0.159603E+03  0.159603E+03 -0.946030E-03  0.155143E+03  0.131774E+03  0.360922E-01
  0.199266E+01  0.170857E+03  0.739016E+02  0.716060E-03  0.127820E-02  0.000000E+00  0.155427E+03  0.155427E+03  0.155427E+03 -0.921274E-03  0.151083E+03  0.128326E+03  0.346018E-01
  0.202404E+01  0.166383E+03  0.719667E+02  0.675859E-03 -0.229859E-03  0.000000E+00  0.151356E+03  0.151356E+03  0.151356E+03 -0.897148E-03  0.147126E+03  0.124966E+03  0.331722E-01
  0.205592E+01  0.162022E+03  0.700811E+02  0.637901E-03  0.667498E-04  0.000000E+00  0.147390E+03  0.147390E+03  0.147390E+03 -0.873637E-03  0.143270E+03  0.121691E+03  0.318011E-01
  0.208829E+01  0.157773E+03  0.682437E+02  0.602064E-03  0.110255E-02  0.000000E+00  0.143525E+03  0.143525E+03  0.143525E+03 -0.850726E-03  0.139512E+03  0.118500E+03  0.304862E-01
  0.212118E+01  0.153633E+03  0.664532E+02  0.568230E-03  0.139728E-03  0.000000E+00  0.139758E+03  0.139758E+03  0.139758E+03 -0.828401E-03  0.135851E+03  0.115391E+03  0.292250E-01
  0.215458E+01  0.149598E+03  0.647085E+02  0.536288E-03 -0.499592E-03  0.000000E+00  0.136088E+03  0.136088E+03  0.136088E+03 -0.806646E-03  0.132283E+03  0.112361E+03  0.280156E-01
  0.218851E+01  0.145667E+03  0.630084E+02  0.506132E-03 -0.988070E-04  0.000000E+00  0.132512E+03  0.132512E+03  0.132512E+03 -0.785449E-03  0.128807E+03  0.109408E+03  0.268556E-01
  0.222298E+01  0.141836E+03  0.613517E+02  0.477662E-03  0.449082E-03  0.000000E+00  0.129027E+03  0.129027E+03  0.129027E+03 -0.764794E-03  0.125419E+03  0.106531E+03  0.257433E-01
  0.225798E+01  0.138104E+03  0.597375E+02  0.450785E-03  0.707098E-03  0.000000E+00  0.125632E+03  0.125632E+03  0.125632E+03 -0.744668E-03  0.122118E+03  0.103728E+03  0.246765E-01
  0.229354E+01  0.134467E+03  0.581647E+02  0.425413E-03  0.751384E-03  0.000000E+00  0.122323E+03  0.122323E+03  0.122323E+03 -0.725058E-03  0.118902E+03  0.100997E+03  0.236536E-01
  0.232966E+01  0.130924E+03  0.566323E+02  0.401462E-03  0.704696E-03  0.000000E+00  0.119100E+03  0.119100E+03  0.119100E+03 -0.705953E-03  0.115769E+03  0.983359E+02  0.226726E-01
  0.236635E+01  0.127472E+03  0.551393E+02  0.378853E-03  0.564925E-03  0.000000E+00  0.115960E+03  0.115960E+03  0.115960E+03 -0.687339E-03  0.112716E+03  0.957432E+02  0.217320E-01
  0.240361E+01  0.124108E+03  0.536848E+02  0.357511E-03  0.242746E-03  0.000000E+00  0.112900E+03  0.112900E+03  0.112900E+03 -0.669203E-03  0.109742E+03  0.932173E+02  0.208300E-01
  0.244146E+01  0.120831E+03  0.522676E+02  0.337365E-03 -0.215844E-03  0.000000E+00  0.109919E+03  0.109919E+03  0.109919E+03 -0.651535E-03  0.106844E+03  0.907563E+02  0.199651E-01
  0.247991E+01  0.117639E+03  0.508870E+02  0.318349E-03 -0.320020E-03  0.000000E+00  0.107016E+03  0.107016E+03  0.107016E+03 -0.634322E-03  0.104021E+03  0.883588E+02  0.191358E-01
  0.251896E+01  0.114529E+03  0.495420E+02  0.300399E-03  0.305531E-03  0.000000E+00  0.104186E+03  0.104186E+03  0.104186E+03 -0.617553E-03  0.101271E+03  0.860231E+02  0.183406E-01
  0.255863E+01  0.111499E+03  0.482317E+02  0.283456E-03  0.434443E-03  0.000000E+00  0.101430E+03  0.101430E+03  0.101430E+03 -0.601217E-03  0.985920E+02  0.837477E+02  0.175782E-01
  0.259892E+01  0.108548E+03  0.469552E+02  0.267465E-03 -0.318767E-03  0.000000E+00  0.987455E+02  0.987455E+02  0.987455E+02 -0.585303E-03  0.959821E+02  0.815311E+02  0.168472E-01
  0.263985E+01  0.105673E+03  0.457118E+02  0.252371E-03  0.374396E-03  0.000000E+00  0.961301E+02  0.961301E+02  0.961301E+02 -0.569800E-03  0.934397E+02  0.793718E+02  0.161463E-01
  0.268142E+01  0.102872E+03  0.445005E+02  0.238125E-03 -0.109135E-03  0.000000E+00  0.935823E+02  0.935823E+02  0.935823E+02 -0.554698E-03  0.909631E+02  0.772683E+02  0.154743E-01
  0.272365E+01  0.100144E+03  0.433205E+02  0.224680E-03  0.284089E-03  0.000000E+00  0.911005E+02  0.911005E+02  0.911005E+02 -0.539988E-03  0.885505E+02  0.752193E+02  0.148300E-01
  0.276654E+01  0.974865E+02  0.421711E+02  0.211990E-03 -0.231281E-03  0.000000E+00  0.886830E+02  0.886830E+02  0.886830E+02 -0.525658E-03  0.862005E+02  0.732233E+02  0.142123E-01
  0.281011E+01  0.948979E+02  0.410516E+02  0.200013E-03  0.389285E-03  0.000000E+00  0.863282E+02  0.863282E+02  0.863283E+02 -0.511701E-03  0.839115E+02  0.712792E+02  0.136202E-01
  0.285436E+01  0.923765E+02  0.399610E+02  0.188710E-03 -0.146715E-05  0.000000E+00  0.840346E+02  0.840346E+02  0.840346E+02 -0.498105E-03  0.816819E+02  0.693855E+02  0.130524E-01
  0.289931E+01  0.899207E+02  0.388988E+02  0.178043E-03 -0.241281E-03  0.000000E+00  0.818006E+02  0.818006E+02  0.818006E+02 -0.484863E-03  0.795103E+02  0.675410E+02  0.125082E-01
  0.294497E+01  0.875287E+02  0.378642E+02  0.167976E-03  0.349949E-04  0.000000E+00  0.796246E+02  0.796246E+02  0.796246E+02 -0.471966E-03  0.773951E+02  0.657445E+02  0.119864E-01
  0.299134E+01  0.851990E+02  0.368566E+02  0.158475E-03  0.251872E-03  0.000000E+00  0.775053E+02  0.775053E+02  0.775053E+02 -0.459404E-03  0.753350E+02  0.639947E+02  0.114863E-01
  0.303845E+01  0.829300E+02  0.358751E+02  0.149510E-03  0.299187E-03  0.000000E+00  0.754412E+02  0.754412E+02  0.754412E+02 -0.447169E-03  0.733285E+02  0.622905E+02  0.110068E-01
  0.308630E+01  0.807201E+02  0.349193E+02  0.141049E-03  0.288448E-03  0.000000E+00  0.734309E+02  0.734309E+02  0.734309E+02 -0.435253E-03  0.713744E+02  0.606307E+02  0.105472E-01
  0.313490E+01  0.785678E+02  0.339884E+02  0.133065E-03  0.258342E-03  0.000000E+00  0.714730E+02  0.714730E+02  0.714730E+02 -0.423648E-03  0.694712E+02  0.590142E+02  0.101066E-01
  0.318427E+01  0.764717E+02  0.330818E+02  0.125532E-03  0.146498E-03  0.000000E+00  0.695662E+02  0.695662E+02  0.695662E+02 -0.412346E-03  0.676177E+02  0.574399E+02  0.968424E-02
  0.323441E+01  0.744304E+02  0.321988E+02  0.118422E-03 -0.869682E-04  0.000000E+00  0.677092E+02  0.677092E+02  0.677092E+02 -0.401339E-03  0.658126E+02  0.559067E+02  0.927941E-02
  0.328535E+01  0.724424E+02  0.313390E+02  0.111714E-03 -0.161491E-03  0.000000E+00  0.659008E+02  0.659008E+02  0.659008E+02 -0.390619E-03  0.640547E+02  0.544136E+02  0.889136E-02
  0.333708E+01  0.705064E+02  0.305016E+02  0.105384E-03  0.167018E-03  0.000000E+00  0.641396E+02  0.641396E+02  0.641396E+02 -0.380180E-03  0.623428E+02  0.529595E+02  0.851942E-02
  0.338964E+01  0.686211E+02  0.296861E+02  0.994112E-04  0.189966E-04  0.000000E+00  0.624246E+02  0.624246E+02  0.624246E+02 -0.370014E-03  0.606757E+02  0.515434E+02  0.816290E-02
  0.344301E+01  0.667851E+02  0.288920E+02  0.937754E-04 -0.471461E-04  0.000000E+00  0.607544E+02  0.607544E+02  0.607544E+02 -0.360115E-03  0.590522E+02  0.501645E+02  0.782119E-02
  0.349723E+01  0.649973E+02  0.281186E+02  0.884577E-04  0.670955E-04  0.000000E+00  0.591281E+02  0.591281E+02  0.591281E+02 -0.350475E-03  0.574713E+02  0.488217E+02  0.749367E-02
  0.355231E+01  0.632564E+02  0.273656E+02  0.834404E-04  0.492126E-04  0.000000E+00  0.575444E+02  0.575444E+02  0.575444E+02 -0.341087E-03  0.559319E+02  0.475141E+02  0.717976E-02
  0.360825E+01  0.615612E+02  0.266323E+02  0.787064E-04 -0.133328E-03  0.000000E+00  0.560022E+02  0.560022E+02  0.560022E+02 -0.331947E-03  0.544329E+02  0.462408E+02  0.687890E-02
  0.366507E+01  0.599105E+02  0.259183E+02  0.742399E-04  0.875302E-04  0.000000E+00  0.545007E+02  0.545007E+02  0.545007E+02 -0.323046E-03  0.529733E+02  0.450010E+02  0.659055E-02
  0.372279E+01  0.583033E+02  0.252231E+02  0.700259E-04  0.149873E-03  0.000000E+00  0.530385E+02  0.530385E+02  0.530386E+02 -0.314380E-03  0.515521E+02  0.437938E+02  0.631419E-02
  0.378141E+01  0.567383E+02  0.245461E+02  0.660501E-04  0.842637E-04  0.000000E+00  0.516149E+02  0.516149E+02  0.516149E+02 -0.305941E-03  0.501683E+02  0.426184E+02  0.604934E-02
  0.384096E+01  0.552146E+02  0.238870E+02  0.622992E-04  0.455742E-04  0.000000E+00  0.502288E+02  0.502288E+02  0.502288E+02 -0.297725E-03  0.488209E+02  0.414739E+02  0.579552E-02
  0.390145E+01  0.537309E+02  0.232453E+02  0.587603E-04  0.657544E-04  0.000000E+00  0.488791E+02  0.488791E+02  0.488791E+02 -0.289725E-03  0.475090E+02  0.403595E+02  0.555226E-02
  0.396289E+01  0.522864E+02  0.226204E+02  0.554217E-04  0.115729E-03  0.000000E+00  0.475650E+02  0.475650E+02  0.475650E+02 -0.281936E-03  0.462317E+02  0.392745E+02  0.531914E-02
  0.402529E+01  0.508800E+02  0.220120E+02  0.522720E-04  0.802415E-04  0.000000E+00  0.462856E+02  0.462856E+02  0.462856E+02 -0.274353E-03  0.449880E+02  0.382181E+02  0.509574E-02
  0.408868E+01  0.495106E+02  0.214197E+02  0.493007E-04 -0.867430E-04  0.000000E+00  0.450400E+02  0.450400E+02  0.450400E+02 -0.266969E-03  0.437772E+02  0.371896E+02  0.488165E-02
  0.415307E+01  0.481775E+02  0.208430E+02  0.464975E-04  0.106832E-04  0.000000E+00  0.438272E+02  0.438272E+02  0.438272E+02 -0.259781E-03  0.425984E+02  0.361883E+02  0.467648E-02
  0.421847E+01  0.468796E+02  0.202816E+02  0.438531E-04  0.300482E-04  0.000000E+00  0.426465E+02  0.426465E+02  0.426465E+02 -0.252782E-03  0.414507E+02  0.352134E+02  0.447988E-02
  0.428490E+01  0.456160E+02  0.197350E+02  0.413585E-04 -0.105644E-04  0.000000E+00  0.414970E+02  0.414970E+02  0.414970E+02 -0.245969E-03  0.403334E+02  0.342643E+02  0.429149E-02
  0.435238E+01  0.443858E+02  0.192028E+02  0.390053E-04 -0.492360E-04  0.000000E+00  0.403779E+02  0.403779E+02  0.403779E+02 -0.239335E-03  0.392457E+02  0.333403E+02  0.411096E-02
  0.442092E+01  0.431883E+02  0.186848E+02  0.367855E-04  0.820335E-04  0.000000E+00  0.392885E+02  0.392885E+02  0.392885E+02 -0.232878E-03  0.381868E+02  0.324408E+02  0.393797E-02
  0.449054E+01  0.420224E+02  0.181804E+02  0.346915E-04  0.422045E-04  0.000000E+00  0.382280E+02  0.382280E+02  0.382280E+02 -0.226592E-03  0.371559E+02  0.315651E+02  0.377222E-02
  0.456125E+01  0.408875E+02  0.176895E+02  0.327163E-04 -0.151789E-04  0.000000E+00  0.371955E+02  0.371955E+02  0.371955E+02 -0.220472E-03  0.361524E+02  0.307126E+02  0.361339E-02
  0.463308E+01  0.397827E+02  0.172116E+02  0.308531E-04 -0.258624E-04  0.000000E+00  0.361905E+02  0.361905E+02  0.361905E+02 -0.214515E-03  0.351755E+02  0.298828E+02  0.346120E-02
  0.470604E+01  0.387072E+02  0.167463E+02  0.290957E-04  0.551255E-05  0.000000E+00  0.352122E+02  0.352122E+02  0.352122E+02 -0.208716E-03  0.342245E+02  0.290750E+02  0.331538E-02
  0.478015E+01  0.376603E+02  0.162934E+02  0.274379E-04  0.595162E-04  0.000000E+00  0.342598E+02  0.342598E+02  0.342598E+02 -0.203071E-03  0.332988E+02  0.282886E+02  0.317566E-02
  0.485543E+01  0.366413E+02  0.158526E+02  0.258743E-04  0.202730E-04  0.000000E+00  0.333327E+02  0.333327E+02  0.333327E+02 -0.197576E-03  0.323977E+02  0.275231E+02  0.304179E-02
  0.493189E+01  0.356493E+02  0.154235E+02  0.243995E-04 -0.602364E-04  0.000000E+00  0.324303E+02  0.324303E+02  0.324303E+02 -0.192227E-03  0.315206E+02  0.267780E+02  0.291352E-02
  0.500956E+01  0.346837E+02  0.150057E+02  0.230084E-04  0.558573E-04  0.000000E+00  0.315519E+02  0.315519E+02  0.315519E+02 -0.187020E-03  0.306668E+02  0.260527E+02  0.279063E-02
  0.508844E+01  0.337438E+02  0.145991E+02  0.216963E-04 -0.519545E-04  0.000000E+00  0.306969E+02  0.306969E+02  0.306969E+02 -0.181952E-03  0.298357E+02  0.253467E+02  0.267289E-02
  0.516858E+01  0.328289E+02  0.142034E+02  0.204588E-04 -0.119903E-05  0.000000E+00  0.298647E+02  0.298647E+02  0.298647E+02 -0.177019E-03  0.290268E+02  0.246596E+02  0.256008E-02
  0.524997E+01  0.319385E+02  0.138182E+02  0.192916E-04  0.477023E-04  0.000000E+00  0.290546E+02  0.290546E+02  0.290546E+02 -0.172218E-03  0.282394E+02  0.239907E+02  0.245200E-02
  0.533264E+01  0.310718E+02  0.134432E+02  0.181908E-04  0.351860E-04  0.000000E+00  0.282662E+02  0.282662E+02  0.282662E+02 -0.167545E-03  0.274731E+02  0.233397E+02  0.234846E-02
  0.541662E+01  0.302283E+02  0.130783E+02  0.171526E-04  0.307288E-04  0.000000E+00  0.274988E+02  0.274988E+02  0.274988E+02 -0.162996E-03  0.267272E+02  0.227061E+02  0.224926E-02
  0.550192E+01  0.294072E+02  0.127231E+02  0.161734E-04  0.405236E-04  0.000000E+00  0.267519E+02  0.267519E+02  0.267520E+02 -0.158569E-03  0.260012E+02  0.220894E+02  0.215422E-02
  0.558856E+01  0.286081E+02  0.123774E+02  0.152500E-04  0.135306E-04  0.000000E+00  0.260250E+02  0.260250E+02  0.260250E+02 -0.154260E-03  0.252947E+02  0.214891E+02  0.206318E-02
  0.567657E+01  0.278304E+02  0.120410E+02  0.143791E-04 -0.435822E-04  0.000000E+00  0.253175E+02  0.253175E+02  0.253175E+02 -0.150067E-03  0.246070E+02  0.209050E+02  0.197596E-02
  0.576596E+01  0.270735E+02  0.117135E+02  0.135577E-04  0.326066E-04  0.000000E+00  0.246289E+02  0.246289E+02  0.246289E+02 -0.145985E-03  0.239377E+02  0.203364E+02  0.189240E-02
  0.585676E+01  0.263368E+02  0.113948E+02  0.127831E-04 -0.400370E-04  0.000000E+00  0.239588E+02  0.239588E+02  0.239588E+02 -0.142013E-03  0.232863E+02  0.197830E+02  0.181235E-02
  0.594899E+01  0.256199E+02  0.110846E+02  0.120526E-04  0.134953E-04  0.000000E+00  0.233066E+02  0.233066E+02  0.233066E+02 -0.138147E-03  0.226524E+02  0.192445E+02  0.173567E-02
  0.604268E+01  0.249221E+02  0.107828E+02  0.113637E-04  0.290883E-04  0.000000E+00  0.226719E+02  0.226719E+02  0.226719E+02 -0.134385E-03  0.220355E+02  0.187204E+02  0.166222E-02
  0.613784E+01  0.242431E+02  0.104890E+02  0.107141E-04  0.197976E-04  0.000000E+00  0.220542E+02  0.220542E+02  0.220542E+02 -0.130723E-03  0.214351E+02  0.182103E+02  0.159185E-02
  0.623449E+01  0.235823E+02  0.102031E+02  0.101014E-04  0.233283E-04  0.000000E+00  0.214530E+02  0.214530E+02  0.214530E+02 -0.127160E-03  0.208508E+02  0.177140E+02  0.152445E-02
  0.633267E+01  0.229393E+02  0.992492E+01  0.952374E-05  0.212501E-04  0.000000E+00  0.208680E+02  0.208680E+02  0.208680E+02 -0.123693E-03  0.202822E+02  0.172309E+02  0.145988E-02
  0.643240E+01  0.223135E+02  0.965419E+01  0.897896E-05 -0.240419E-04  0.000000E+00  0.202987E+02  0.202987E+02  0.202987E+02 -0.120318E-03  0.197289E+02  0.167608E+02  0.139803E-02
  0.653369E+01  0.217045E+02  0.939072E+01  0.846524E-05  0.673968E-05  0.000000E+00  0.197447E+02  0.197447E+02  0.197447E+02 -0.117035E-03  0.191904E+02  0.163034E+02  0.133879E-02
  0.663658E+01  0.211119E+02  0.913434E+01  0.798082E-05 -0.206477E-04  0.000000E+00  0.192056E+02  0.192056E+02  0.192056E+02 -0.113839E-03  0.186664E+02  0.158582E+02  0.128204E-02
  0.674110E+01  0.205352E+02  0.888485E+01  0.752403E-05  0.187699E-04  0.000000E+00  0.186810E+02  0.186810E+02  0.186810E+02 -0.110730E-03  0.181565E+02  0.154251E+02  0.122768E-02
  0.684725E+01  0.199740E+02  0.864207E+01  0.709330E-05  0.151831E-04  0.000000E+00  0.181705E+02  0.181705E+02  0.181705E+02 -0.107704E-03  0.176603E+02  0.150035E+02  0.117562E-02
  0.695508E+01  0.194280E+02  0.840582E+01  0.668715E-05  0.116767E-04  0.000000E+00  0.176738E+02  0.176738E+02  0.176738E+02 -0.104759E-03  0.171775E+02  0.145933E+02  0.112575E-02
  0.706461E+01  0.188966E+02  0.817593E+01  0.630418E-05  0.176484E-04  0.000000E+00  0.171904E+02  0.171904E+02  0.171904E+02 -0.101894E-03  0.167077E+02  0.141942E+02  0.107798E-02
  0.717586E+01  0.183796E+02  0.795225E+01  0.594308E-05 -0.110949E-05  0.000000E+00  0.167201E+02  0.167201E+02  0.167201E+02 -0.991064E-04  0.162506E+02  0.138058E+02  0.103223E-02
  0.728886E+01  0.178765E+02  0.773460E+01  0.560260E-05 -0.153682E-04  0.000000E+00  0.162624E+02  0.162624E+02  0.162624E+02 -0.963937E-04  0.158057E+02  0.134279E+02  0.988411E-03
  0.740364E+01  0.173870E+02  0.752282E+01  0.528157E-05  0.433704E-05  0.000000E+00  0.158171E+02  0.158171E+02  0.158171E+02 -0.937543E-04  0.153729E+02  0.130602E+02  0.946442E-03
  0.752023E+01  0.169108E+02  0.731675E+01  0.497888E-05  0.101200E-04  0.000000E+00  0.153839E+02  0.153839E+02  0.153839E+02 -0.911861E-04  0.149518E+02  0.127025E+02  0.906245E-03
  0.763866E+01  0.164473E+02  0.711625E+01  0.469348E-05 -0.412372E-05  0.000000E+00  0.149623E+02  0.149623E+02  0.149623E+02 -0.886872E-04  0.145421E+02  0.123544E+02  0.867746E-03
  0.775895E+01  0.159964E+02  0.692117E+01  0.442439E-05 -0.327806E-05  0.000000E+00  0.145521E+02  0.145521E+02  0.145521E+02 -0.862558E-04  0.141434E+02  0.120156E+02  0.830873E-03
  0.788114E+01  0.155577E+02  0.673135E+01  0.417067E-05  0.100025E-04  0.000000E+00  0.141530E+02  0.141530E+02  0.141530E+02 -0.838901E-04  0.137554E+02  0.116861E+02  0.795559E-03
  0.800525E+01  0.151308E+02  0.654667E+01  0.393147E-05 -0.106666E-05  0.000000E+00  0.137647E+02  0.137647E+02  0.137647E+02 -0.815884E-04  0.133780E+02  0.113654E+02  0.761738E-03
  0.813131E+01  0.147155E+02  0.636698E+01  0.370594E-05 -0.492021E-05  0.000000E+00  0.133869E+02  0.133869E+02  0.133869E+02 -0.793490E-04  0.130108E+02  0.110534E+02  0.729347E-03
  0.825936E+01  0.143115E+02  0.619216E+01  0.349331E-05 -0.115501E-04  0.000000E+00  0.130193E+02  0.130193E+02  0.130193E+02 -0.771702E-04  0.126536E+02  0.107499E+02  0.698327E-03
  0.838943E+01  0.139184E+02  0.602208E+01  0.329285E-05  0.191871E-05  0.000000E+00  0.126617E+02  0.126617E+02  0.126617E+02 -0.750505E-04  0.123060E+02  0.104546E+02  0.668619E-03
  0.852154E+01  0.135359E+02  0.585660E+01  0.310386E-05  0.242383E-05  0.000000E+00  0.123137E+02  0.123137E+02  0.123137E+02 -0.729882E-04  0.119678E+02  0.101673E+02  0.640168E-03
  0.865574E+01  0.131638E+02  0.569561E+01  0.292568E-05 -0.880662E-05  0.000000E+00  0.119752E+02  0.119752E+02  0.119752E+02 -0.709818E-04  0.116388E+02  0.988780E+01  0.612923E-03
  0.879204E+01  0.128018E+02  0.553899E+01  0.275770E-05 -0.619367E-05  0.000000E+00  0.116459E+02  0.116459E+02  0.116459E+02 -0.690299E-04  0.113187E+02  0.961587E+01  0.586830E-03
  0.893050E+01  0.124496E+02  0.538661E+01  0.259934E-05  0.660304E-06  0.000000E+00  0.113255E+02  0.113255E+02  0.113255E+02 -0.671308E-04  0.110073E+02  0.935131E+01  0.561843E-03
  0.907113E+01  0.121070E+02  0.523837E+01  0.245005E-05  0.616660E-05  0.000000E+00  0.110139E+02  0.110139E+02  0.110139E+02 -0.652833E-04  0.107044E+02  0.909393E+01  0.537914E-03
  0.921398E+01  0.117737E+02  0.509415E+01  0.230930E-05  0.412375E-06  0.000000E+00  0.107106E+02  0.107106E+02  0.107106E+02 -0.634860E-04  0.104097E+02  0.884354E+01  0.515000E-03
  0.935908E+01  0.114494E+02  0.495386E+01  0.217662E-05  0.387705E-05  0.000000E+00  0.104157E+02  0.104157E+02  0.104157E+02 -0.617376E-04  0.101230E+02  0.859996E+01  0.493057E-03
  0.950647E+01  0.111340E+02  0.481738E+01  0.205154E-05  0.426669E-05  0.000000E+00  0.101287E+02  0.101287E+02  0.101287E+02 -0.600367E-04  0.984409E+01  0.836300E+01  0.472045E-03
  0.965617E+01  0.108271E+02  0.468461E+01  0.193363E-05 -0.898641E-05  0.000000E+00  0.984955E+01  0.984955E+01  0.984955E+01 -0.583821E-04  0.957277E+01  0.813249E+01  0.451924E-03
  0.980823E+01  0.105286E+02  0.455545E+01  0.182248E-05 -0.639859E-06  0.000000E+00  0.957800E+01  0.957800E+01  0.957800E+01 -0.567724E-04  0.930884E+01  0.790825E+01  0.432656E-03
  0.996269E+01  0.102382E+02  0.442981E+01  0.171770E-05  0.488201E-05  0.000000E+00  0.931383E+01  0.931383E+01  0.931383E+01 -0.552066E-04  0.905209E+01  0.769010E+01  0.414206E-03
  0.101196E+02  0.995576E+01  0.430758E+01  0.161892E-05  0.324734E-05  0.000000E+00  0.905685E+01  0.905685E+01  0.905685E+01 -0.536834E-04  0.880233E+01  0.747790E+01  0.396539E-03
  0.102789E+02  0.968098E+01  0.418869E+01  0.152581E-05 -0.667414E-05  0.000000E+00  0.880688E+01  0.880688E+01  0.880688E+01 -0.522017E-04  0.855937E+01  0.727148E+01  0.379622E-03
  0.104408E+02  0.941368E+01  0.407304E+01  0.143804E-05  0.236466E-05  0.000000E+00  0.856372E+01  0.856372E+01  0.856372E+01 -0.507604E-04  0.832304E+01  0.707069E+01  0.363424E-03
  0.106052E+02  0.915368E+01  0.396054E+01  0.135531E-05 -0.748709E-05  0.000000E+00  0.832719E+01  0.832719E+01  0.832719E+01 -0.493584E-04  0.809315E+01  0.687537E+01  0.347913E-03
  0.107722E+02  0.890077E+01  0.385111E+01  0.127733E-05 -0.663606E-05  0.000000E+00  0.809712E+01  0.809712E+01  0.809712E+01 -0.479947E-04  0.786954E+01  0.668538E+01  0.333062E-03
  0.109419E+02  0.865477E+01  0.374466E+01  0.120382E-05 -0.680235E-05  0.000000E+00  0.787332E+01  0.787332E+01  0.787332E+01 -0.466682E-04  0.765203E+01  0.650057E+01  0.318842E-03
  0.111142E+02  0.841548E+01  0.364113E+01  0.113452E-05  0.238814E-05  0.000000E+00  0.765564E+01  0.765564E+01  0.765564E+01 -0.453779E-04  0.744045E+01  0.632081E+01  0.305226E-03
  0.112892E+02  0.818272E+01  0.354042E+01  0.106921E-05 -0.591669E-05  0.000000E+00  0.744390E+01  0.744390E+01  0.744390E+01 -0.441228E-04  0.723466E+01  0.614596E+01  0.292189E-03
  0.114670E+02  0.795633E+01  0.344246E+01  0.100765E-05 -0.398239E-06  0.000000E+00  0.723794E+01  0.723794E+01  0.723794E+01 -0.429020E-04  0.703449E+01  0.597589E+01  0.279707E-03
  0.116476E+02  0.773612E+01  0.334718E+01  0.949619E-06 -0.104971E-05  0.000000E+00  0.703762E+01  0.703762E+01  0.703762E+01 -0.417147E-04  0.683979E+01  0.581047E+01  0.267756E-03
  0.118310E+02  0.752194E+01  0.325450E+01  0.894924E-06 -0.556362E-05  0.000000E+00  0.684278E+01  0.684278E+01  0.684278E+01 -0.405597E-04  0.665042E+01  0.564957E+01  0.256313E-03
  0.120173E+02  0.731362E+01  0.316436E+01  0.843372E-06  0.311118E-05  0.000000E+00  0.665326E+01  0.665326E+01  0.665326E+01 -0.394364E-04  0.646623E+01  0.549307E+01  0.245357E-03
  0.122065E+02  0.711100E+01  0.307669E+01  0.794782E-06 -0.112170E-05  0.000000E+00  0.646894E+01  0.646894E+01  0.646894E+01 -0.383439E-04  0.628708E+01  0.534086E+01  0.234868E-03
  0.123988E+02  0.691393E+01  0.299142E+01  0.748984E-06 -0.128437E-05  0.000000E+00  0.628966E+01  0.628966E+01  0.628966E+01 -0.372812E-04  0.611284E+01  0.519281E+01  0.224825E-03
  0.125940E+02  0.672226E+01  0.290848E+01  0.705818E-06  0.265156E-05  0.000000E+00  0.611529E+01  0.611529E+01  0.611529E+01 -0.362477E-04  0.594337E+01  0.504882E+01  0.215210E-03
  0.127923E+02  0.653583E+01  0.282782E+01  0.665134E-06 -0.442635E-05  0.000000E+00  0.594570E+01  0.594570E+01  0.594570E+01 -0.352424E-04  0.577854E+01  0.490877E+01  0.206004E-03
  0.129938E+02  0.635453E+01  0.274936E+01  0.626789E-06 -0.731278E-06  0.000000E+00  0.578076E+01  0.578076E+01  0.578076E+01 -0.342648E-04  0.561823E+01  0.477256E+01  0.197191E-03
  0.131984E+02  0.617819E+01  0.267306E+01  0.590649E-06 -0.116463E-05  0.000000E+00  0.562035E+01  0.562035E+01  0.562035E+01 -0.333139E-04  0.546233E+01  0.464009E+01  0.188753E-03
  0.134063E+02  0.600669E+01  0.259885E+01  0.556588E-06 -0.370778E-05  0.000000E+00  0.546433E+01  0.546433E+01  0.546433E+01 -0.323892E-04  0.531070E+01  0.451126E+01  0.180675E-03
  0.136174E+02  0.583990E+01  0.252668E+01  0.524486E-06  0.130948E-05  0.000000E+00  0.531260E+01  0.531260E+01  0.531260E+01 -0.314898E-04  0.516323E+01  0.438596E+01  0.172941E-03
  0.138318E+02  0.567769E+01  0.245649E+01  0.494232E-06  0.187914E-05  0.000000E+00  0.516504E+01  0.516504E+01  0.516504E+01 -0.306151E-04  0.501981E+01  0.426410E+01  0.165537E-03
  0.140496E+02  0.551993E+01  0.238823E+01  0.465718E-06  0.155564E-05  0.000000E+00  0.502152E+01  0.502152E+01  0.502152E+01 -0.297645E-04  0.488033E+01  0.414558E+01  0.158449E-03
  0.142709E+02  0.536651E+01  0.232184E+01  0.438845E-06 -0.323695E-05  0.000000E+00  0.488195E+01  0.488195E+01  0.488195E+01 -0.289372E-04  0.474468E+01  0.403033E+01  0.151664E-03
  0.144956E+02  0.521731E+01  0.225728E+01  0.413519E-06  0.297763E-06  0.000000E+00  0.474622E+01  0.474622E+01  0.474622E+01 -0.281327E-04  0.461276E+01  0.391824E+01  0.145168E-03
  0.147239E+02  0.507221E+01  0.219450E+01  0.389652E-06  0.401460E-06  0.000000E+00  0.461422E+01  0.461422E+01  0.461422E+01 -0.273503E-04  0.448447E+01  0.380923E+01  0.138949E-03
  0.149558E+02  0.493111E+01  0.213344E+01  0.367159E-06 -0.277253E-05  0.000000E+00  0.448586E+01  0.448586E+01  0.448586E+01 -0.265894E-04  0.435971E+01  0.370323E+01  0.132995E-03
  0.151913E+02  0.479388E+01  0.207406E+01  0.345961E-06  0.133677E-05  0.000000E+00  0.436102E+01  0.436102E+01  0.436102E+01 -0.258494E-04  0.423839E+01  0.360014E+01  0.127296E-03
  0.154305E+02  0.466044E+01  0.201631E+01  0.325984E-06  0.131190E-05  0.000000E+00  0.423962E+01  0.423962E+01  0.423962E+01 -0.251299E-04  0.412040E+01  0.349989E+01  0.121841E-03
  0.156735E+02  0.453066E+01  0.196016E+01  0.307157E-06  0.315949E-06  0.000000E+00  0.412157E+01  0.412157E+01  0.412157E+01 -0.244301E-04  0.400566E+01  0.340239E+01  0.116618E-03
  0.159203E+02  0.440447E+01  0.190555E+01  0.289416E-06 -0.105670E-05  0.000000E+00  0.400676E+01  0.400676E+01  0.400676E+01 -0.237496E-04  0.389408E+01  0.330759E+01  0.111618E-03
  0.161710E+02  0.428175E+01  0.185245E+01  0.272697E-06 -0.213174E-05  0.000000E+00  0.389513E+01  0.389513E+01  0.389513E+01 -0.230879E-04  0.378559E+01  0.321540E+01  0.106832E-03
  0.164257E+02  0.416242E+01  0.180081E+01  0.256942E-06 -0.536266E-06  0.000000E+00  0.378657E+01  0.378657E+01  0.378657E+01 -0.224444E-04  0.368008E+01  0.312574E+01  0.102251E-03
  0.166844E+02  0.404638E+01  0.175060E+01  0.242095E-06 -0.660454E-06  0.000000E+00  0.368100E+01  0.368100E+01  0.368100E+01 -0.218187E-04  0.357748E+01  0.303857E+01  0.978657E-04
  0.169471E+02  0.393354E+01  0.170177E+01  0.228104E-06  0.588365E-06  0.000000E+00  0.357835E+01  0.357835E+01  0.357835E+01 -0.212102E-04  0.347771E+01  0.295379E+01  0.936677E-04
  0.172140E+02  0.382381E+01  0.165429E+01  0.214919E-06 -0.112038E-05  0.000000E+00  0.347853E+01  0.347853E+01  0.347853E+01 -0.206186E-04  0.338070E+01  0.287136E+01  0.896493E-04
  0.174851E+02  0.371711E+01  0.160812E+01  0.202495E-06  0.548923E-06  0.000000E+00  0.338147E+01  0.338147E+01  0.338147E+01 -0.200432E-04  0.328636E+01  0.279120E+01  0.858028E-04
  0.177604E+02  0.361337E+01  0.156322E+01  0.190788E-06 -0.133851E-06  0.000000E+00  0.328709E+01  0.328709E+01  0.328709E+01 -0.194838E-04  0.319464E+01  0.271326E+01  0.821209E-04
  0.180401E+02  0.351248E+01  0.151957E+01  0.179756E-06  0.771383E-06  0.000000E+00  0.319531E+01  0.319531E+01  0.319531E+01 -0.189398E-04  0.310544E+01  0.263747E+01  0.785965E-04
  0.183242E+02  0.341439E+01  0.147712E+01  0.169360E-06 -0.846550E-06  0.000000E+00  0.310607E+01  0.310607E+01  0.310607E+01 -0.184109E-04  0.301871E+01  0.256377E+01  0.752230E-04
  0.186128E+02  0.331901E+01  0.143584E+01  0.159564E-06 -0.768677E-06  0.000000E+00  0.301930E+01  0.301930E+01  0.301930E+01 -0.178966E-04  0.293438E+01  0.249211E+01  0.719938E-04
  0.189059E+02  0.322626E+01  0.139571E+01  0.150334E-06  0.597387E-06  0.000000E+00  0.293493E+01  0.293493E+01  0.293493E+01 -0.173965E-04  0.285238E+01  0.242244E+01  0.689029E-04
  0.192036E+02  0.313609E+01  0.135669E+01  0.141636E-06  0.239219E-06  0.000000E+00  0.285290E+01  0.285290E+01  0.285290E+01 -0.169102E-04  0.277265E+01  0.235469E+01  0.659444E-04
  0.195060E+02  0.304841E+01  0.131874E+01  0.133441E-06  0.653611E-06  0.000000E+00  0.277313E+01  0.277313E+01  0.277313E+01 -0.164374E-04  0.269513E+01  0.228882E+01  0.631127E-04
  0.198132E+02  0.296315E+01  0.128185E+01  0.125719E-06 -0.119189E-05  0.000000E+00  0.269557E+01  0.269557E+01  0.269557E+01 -0.159777E-04  0.261975E+01  0.222477E+01  0.604022E-04
  0.201252E+02  0.288026E+01  0.124598E+01  0.118442E-06 -0.119451E-05  0.000000E+00  0.262016E+01  0.262016E+01  0.262016E+01 -0.155307E-04  0.254647E+01  0.216249E+01  0.578079E-04
  0.204421E+02  0.279966E+01  0.121110E+01  0.111586E-06  0.335060E-06  0.000000E+00  0.254684E+01  0.254684E+01  0.254684E+01 -0.150961E-04  0.247521E+01  0.210194E+01  0.553247E-04
  0.207640E+02  0.272130E+01  0.117719E+01  0.105126E-06 -0.707936E-06  0.000000E+00  0.247556E+01  0.247556E+01  0.247556E+01 -0.146736E-04  0.240592E+01  0.204306E+01  0.529480E-04
  0.210910E+02  0.264511E+01  0.114422E+01  0.990394E-07  0.244234E-06  0.000000E+00  0.240624E+01  0.240624E+01  0.240624E+01 -0.142627E-04  0.233856E+01  0.198582E+01  0.506732E-04
  0.214232E+02  0.257104E+01  0.111217E+01  0.933043E-07 -0.998608E-06  0.000000E+00  0.233886E+01  0.233886E+01  0.233886E+01 -0.138633E-04  0.227307E+01  0.193017E+01  0.484959E-04
  0.217605E+02  0.249901E+01  0.108100E+01  0.879005E-07 -0.902009E-06  0.000000E+00  0.227334E+01  0.227334E+01  0.227334E+01 -0.134749E-04  0.220939E+01  0.187606E+01  0.464120E-04
  0.221032E+02  0.242899E+01  0.105070E+01  0.828091E-07  0.375380E-06  0.000000E+00  0.220963E+01  0.220963E+01  0.220963E+01 -0.130973E-04  0.214748E+01  0.182345E+01  0.444174E-04
  0.224513E+02  0.236091E+01  0.102123E+01  0.780119E-07  0.408731E-06  0.000000E+00  0.214770E+01  0.214770E+01  0.214770E+01 -0.127302E-04  0.208729E+01  0.177230E+01  0.425084E-04
  0.228048E+02  0.229472E+01  0.992591E+00  0.734922E-07 -0.788440E-06  0.000000E+00  0.208749E+01  0.208749E+01  0.208749E+01 -0.123733E-04  0.202877E+01  0.172258E+01  0.406814E-04
  0.231640E+02  0.223037E+01  0.964744E+00  0.692337E-07 -0.444359E-06  0.000000E+00  0.202895E+01  0.202895E+01  0.202895E+01 -0.120264E-04  0.197188E+01  0.167423E+01  0.389327E-04
  0.235287E+02  0.216781E+01  0.937670E+00  0.652215E-07 -0.492269E-06  0.000000E+00  0.197203E+01  0.197203E+01  0.197203E+01 -0.116890E-04  0.191657E+01  0.162723E+01  0.372591E-04
  0.238993E+02  0.210699E+01  0.911348E+00  0.614413E-07 -0.723866E-06  0.000000E+00  0.191670E+01  0.191670E+01  0.191670E+01 -0.113610E-04  0.186279E+01  0.158153E+01  0.356573E-04
  0.242756E+02  0.204786E+01  0.885758E+00  0.578798E-07 -0.350856E-07  0.000000E+00  0.186291E+01  0.186291E+01  0.186291E+01 -0.110422E-04  0.181051E+01  0.153710E+01  0.341243E-04
  0.246579E+02  0.199037E+01  0.860880E+00  0.545243E-07 -0.569109E-06  0.000000E+00  0.181061E+01  0.181061E+01  0.181061E+01 -0.107322E-04  0.175968E+01  0.149391E+01  0.326571E-04
  0.250462E+02  0.193448E+01  0.836694E+00  0.513630E-07  0.213542E-06  0.000000E+00  0.175977E+01  0.175977E+01  0.175977E+01 -0.104308E-04  0.171027E+01  0.145192E+01  0.312530E-04
  0.254406E+02  0.188015E+01  0.813181E+00  0.483846E-07 -0.253959E-06  0.000000E+00  0.171034E+01  0.171034E+01  0.171034E+01 -0.101378E-04  0.166224E+01  0.141110E+01  0.299091E-04
  0.258413E+02  0.182733E+01  0.790322E+00  0.455785E-07  0.249995E-06  0.000000E+00  0.166229E+01  0.166229E+01  0.166229E+01 -0.985302E-05  0.161554E+01  0.137141E+01  0.286230E-04
  0.262482E+02  0.177598E+01  0.768100E+00  0.429349E-07  0.177759E-06  0.000000E+00  0.161558E+01  0.161558E+01  0.161558E+01 -0.957613E-05  0.157014E+01  0.133283E+01  0.273921E-04
  0.266615E+02  0.172606E+01  0.746497E+00  0.404443E-07 -0.232213E-06  0.000000E+00  0.157016E+01  0.157016E+01  0.157016E+01 -0.930696E-05  0.152600E+01  0.129533E+01  0.262141E-04
  0.270814E+02  0.167753E+01  0.725496E+00  0.380979E-07 -0.592977E-07  0.000000E+00  0.152602E+01  0.152602E+01  0.152602E+01 -0.904528E-05  0.148310E+01  0.125887E+01  0.250868E-04
  0.275079E+02  0.163036E+01  0.705079E+00  0.358874E-07 -0.248153E-06  0.000000E+00  0.148310E+01  0.148310E+01  0.148310E+01 -0.879090E-05  0.144139E+01  0.122342E+01  0.240079E-04
  0.279411E+02  0.158450E+01  0.685232E+00  0.338049E-07 -0.160589E-06  0.000000E+00  0.144138E+01  0.144138E+01  0.144138E+01 -0.854361E-05  0.140084E+01  0.118897E+01  0.229754E-04
  0.283811E+02  0.153992E+01  0.665939E+00  0.318430E-07 -0.287353E-06  0.000000E+00  0.140082E+01  0.140082E+01  0.140082E+01 -0.830322E-05  0.136143E+01  0.115547E+01  0.219872E-04
  0.288280E+02  0.149658E+01  0.647184E+00  0.299947E-07 -0.416370E-06  0.000000E+00  0.136140E+01  0.136140E+01  0.136140E+01 -0.806953E-05  0.132311E+01  0.112291E+01  0.210416E-04
  0.292820E+02  0.145445E+01  0.628952E+00  0.282536E-07 -0.176193E-06  0.000000E+00  0.132307E+01  0.132307E+01  0.132307E+01 -0.784236E-05  0.128587E+01  0.109126E+01  0.201366E-04
  0.297431E+02  0.141350E+01  0.611228E+00  0.266133E-07 -0.270026E-06  0.000000E+00  0.128582E+01  0.128582E+01  0.128582E+01 -0.762154E-05  0.124966E+01  0.106049E+01  0.192706E-04
  0.302115E+02  0.137369E+01  0.594000E+00  0.250680E-07 -0.299668E-06  0.000000E+00  0.124960E+01  0.124960E+01  0.124960E+01 -0.740688E-05  0.121446E+01  0.103057E+01  0.184418E-04
  0.306872E+02  0.133500E+01  0.577253E+00  0.236123E-07 -0.889975E-08  0.000000E+00  0.121440E+01  0.121440E+01  0.121440E+01 -0.719822E-05  0.118025E+01  0.100150E+01  0.176487E-04
  0.311705E+02  0.129738E+01  0.560973E+00  0.222410E-07 -0.283777E-06  0.000000E+00  0.118018E+01  0.118018E+01  0.118018E+01 -0.699538E-05  0.114699E+01  0.973237E+00  0.168897E-04
  0.316614E+02  0.126082E+01  0.545148E+00  0.209492E-07 -0.637430E-07  0.000000E+00  0.114692E+01  0.114692E+01  0.114692E+01 -0.679821E-05  0.111467E+01  0.945763E+00  0.161633E-04
  0.321600E+02  0.122527E+01  0.529766E+00  0.197322E-07 -0.136652E-06  0.000000E+00  0.111458E+01  0.111458E+01  0.111458E+01 -0.660655E-05  0.108324E+01  0.919057E+00  0.154682E-04
  0.326664E+02  0.119072E+01  0.514813E+00  0.185859E-07  0.352393E-07  0.000000E+00  0.108315E+01  0.108315E+01  0.108315E+01 -0.642026E-05  0.105270E+01  0.893098E+00  0.148031E-04
  0.331808E+02  0.115714E+01  0.500279E+00  0.175060E-07 -0.204780E-06  0.000000E+00  0.105260E+01  0.105260E+01  0.105260E+01 -0.623917E-05  0.102301E+01  0.867865E+00  0.141665E-04
  0.337034E+02  0.112450E+01  0.486152E+00  0.164887E-07  0.726973E-07  0.000000E+00  0.102291E+01  0.102291E+01  0.102291E+01 -0.606315E-05  0.994146E+00  0.843337E+00  0.135574E-04
  0.342341E+02  0.109277E+01  0.472419E+00  0.155305E-07 -0.865157E-07  0.000000E+00  0.994040E+00  0.994040E+00  0.994040E+00 -0.589206E-05  0.966094E+00  0.819496E+00  0.129745E-04
  0.347732E+02  0.106193E+01  0.459071E+00  0.146278E-07  0.632405E-07  0.000000E+00  0.965983E+00  0.965983E+00  0.965983E+00 -0.572575E-05  0.938827E+00  0.796322E+00  0.124167E-04
  0.353208E+02  0.103195E+01  0.446097E+00  0.137775E-07 -0.146039E-06  0.000000E+00  0.938712E+00  0.938712E+00  0.938712E+00 -0.556410E-05  0.912323E+00  0.773797E+00  0.118829E-04
  0.358770E+02  0.100281E+01  0.433486E+00  0.129766E-07  0.846461E-07  0.000000E+00  0.912204E+00  0.912204E+00  0.912204E+00 -0.540698E-05  0.886561E+00  0.751902E+00  0.113721E-04
  0.364420E+02  0.974491E+00  0.421228E+00  0.122221E-07  0.811796E-07  0.000000E+00  0.886439E+00  0.886439E+00  0.886439E+00 -0.525426E-05  0.861522E+00  0.730621E+00  0.108833E-04
  0.370159E+02  0.946963E+00  0.409313E+00  0.115114E-07 -0.113573E-06  0.000000E+00  0.861396E+00  0.861396E+00  0.861396E+00 -0.510582E-05  0.837184E+00  0.709936E+00  0.104156E-04
  0.375988E+02  0.920206E+00  0.397733E+00  0.108420E-07  0.398907E-08  0.000000E+00  0.837055E+00  0.837055E+00  0.837055E+00 -0.496154E-05  0.813528E+00  0.689831E+00  0.996797E-05
  0.381909E+02  0.894200E+00  0.386477E+00  0.102114E-07 -0.172759E-06  0.000000E+00  0.813396E+00  0.813396E+00  0.813396E+00 -0.482131E-05  0.790535E+00  0.670289E+00  0.953966E-05
  0.387923E+02  0.868923E+00  0.375537E+00  0.961741E-08 -0.172428E-06  0.000000E+00  0.790400E+00  0.790400E+00  0.790400E+00 -0.468500E-05  0.768187E+00  0.651295E+00  0.912980E-05
  0.394032E+02  0.844355E+00  0.364903E+00  0.905794E-08 -0.786042E-07  0.000000E+00  0.768050E+00  0.768050E+00  0.768050E+00 -0.455252E-05  0.746466E+00  0.632834E+00  0.873761E-05
  0.400237E+02  0.820476E+00  0.354568E+00  0.853095E-08  0.510037E-07  0.000000E+00  0.746327E+00  0.746327E+00  0.746327E+00 -0.442376E-05  0.725355E+00  0.614891E+00  0.836231E-05
  0.406540E+02  0.797268E+00  0.344523E+00  0.803457E-08 -0.106047E-06  0.000000E+00  0.725213E+00  0.725213E+00  0.725213E+00 -0.429861E-05  0.704836E+00  0.597451E+00  0.800319E-05
  0.412942E+02  0.774711E+00  0.334760E+00  0.756702E-08 -0.122421E-06  0.000000E+00  0.704692E+00  0.704692E+00  0.704692E+00 -0.417698E-05  0.684893E+00  0.580500E+00  0.765955E-05
  0.419445E+02  0.752787E+00  0.325271E+00  0.712664E-08 -0.667743E-07  0.000000E+00  0.684748E+00  0.684748E+00  0.684748E+00 -0.405876E-05  0.665510E+00  0.564026E+00  0.733072E-05
  0.426050E+02  0.731480E+00  0.316048E+00  0.671184E-08 -0.900294E-07  0.000000E+00  0.665364E+00  0.665364E+00  0.665364E+00 -0.394386E-05  0.646672E+00  0.548014E+00  0.701606E-05
  0.432760E+02  0.710770E+00  0.307085E+00  0.632114E-08 -0.125098E-06  0.000000E+00  0.646524E+00  0.646524E+00  0.646524E+00 -0.383219E-05  0.628363E+00  0.532452E+00  0.671496E-05
  0.439575E+02  0.690643E+00  0.298373E+00  0.595315E-08  0.671133E-08  0.000000E+00  0.628214E+00  0.628214E+00  0.628214E+00 -0.372366E-05  0.610568E+00  0.517327E+00  0.642685E-05
  0.446497E+02  0.671082E+00  0.289906E+00  0.560654E-08 -0.302395E-07  0.000000E+00  0.610418E+00  0.610418E+00  0.610418E+00 -0.361818E-05  0.593274E+00  0.502627E+00  0.615115E-05
  0.453528E+02  0.652071E+00  0.281678E+00  0.528008E-08 -0.327372E-07  0.000000E+00  0.593123E+00  0.593123E+00  0.593123E+00 -0.351566E-05  0.576466E+00  0.488340E+00  0.588734E-05
  0.460670E+02  0.633594E+00  0.273680E+00  0.497259E-08 -0.677426E-07  0.000000E+00  0.576314E+00  0.576314E+00  0.576314E+00 -0.341603E-05  0.560131E+00  0.474455E+00  0.563491E-05
  0.467925E+02  0.615638E+00  0.265908E+00  0.468299E-08  0.409184E-07  0.000000E+00  0.559978E+00  0.559978E+00  0.559978E+00 -0.331920E-05  0.544255E+00  0.460961E+00  0.539335E-05
  0.475293E+02  0.598186E+00  0.258354E+00  0.441022E-08 -0.572541E-07  0.000000E+00  0.544102E+00  0.544102E+00  0.544102E+00 -0.322510E-05  0.528826E+00  0.447846E+00  0.516222E-05
  0.482778E+02  0.581226E+00  0.251013E+00  0.415331E-08 -0.817847E-07  0.000000E+00  0.528672E+00  0.528672E+00  0.528672E+00 -0.313364E-05  0.513831E+00  0.435100E+00  0.494105E-05
  0.490381E+02  0.564743E+00  0.243878E+00  0.391135E-08  0.593440E-08  0.000000E+00  0.513677E+00  0.513677E+00  0.513677E+00 -0.304476E-05  0.499258E+00  0.422713E+00  0.472941E-05
  0.498103E+02  0.548724E+00  0.236944E+00  0.368345E-08  0.267925E-07  0.000000E+00  0.499104E+00  0.499104E+00  0.499104E+00 -0.295838E-05  0.485096E+00  0.410674E+00  0.452690E-05
  0.505947E+02  0.533156E+00  0.230205E+00  0.346881E-08 -0.522925E-07  0.000000E+00  0.484941E+00  0.484941E+00  0.484941E+00 -0.287443E-05  0.471332E+00  0.398975E+00  0.433312E-05
  0.513915E+02  0.518027E+00  0.223657E+00  0.326666E-08 -0.616704E-07  0.000000E+00  0.471178E+00  0.471178E+00  0.471178E+00 -0.279285E-05  0.457957E+00  0.387605E+00  0.414770E-05
  0.522008E+02  0.503324E+00  0.217292E+00  0.307628E-08  0.265475E-07  0.000000E+00  0.457802E+00  0.457802E+00  0.457802E+00 -0.271357E-05  0.444958E+00  0.376555E+00  0.397027E-05
  0.530228E+02  0.489036E+00  0.211107E+00  0.289696E-08 -0.450428E-07  0.000000E+00  0.444803E+00  0.444803E+00  0.444803E+00 -0.263652E-05  0.432325E+00  0.365816E+00  0.380049E-05
  0.538578E+02  0.475150E+00  0.205097E+00  0.272809E-08 -0.585003E-08  0.000000E+00  0.432171E+00  0.432171E+00  0.432171E+00 -0.256164E-05  0.420049E+00  0.355380E+00  0.363804E-05
  0.547059E+02  0.461656E+00  0.199255E+00  0.256904E-08 -0.462691E-07  0.000000E+00  0.419895E+00  0.419895E+00  0.419895E+00 -0.248888E-05  0.408119E+00  0.345239E+00  0.348259E-05
  0.555674E+02  0.448543E+00  0.193579E+00  0.241925E-08  0.236599E-07  0.000000E+00  0.407965E+00  0.407965E+00  0.407965E+00 -0.241817E-05  0.396525E+00  0.335383E+00  0.333384E-05
  0.564425E+02  0.435799E+00  0.188062E+00  0.227818E-08  0.851719E-09  0.000000E+00  0.396372E+00  0.396372E+00  0.396372E+00 -0.234945E-05  0.385259E+00  0.325805E+00  0.319150E-05
  0.573313E+02  0.423416E+00  0.182702E+00  0.214532E-08 -0.119169E-07  0.000000E+00  0.385106E+00  0.385106E+00  0.385106E+00 -0.228267E-05  0.374310E+00  0.316497E+00  0.305530E-05
  0.582342E+02  0.411381E+00  0.177492E+00  0.202020E-08  0.105487E-07  0.000000E+00  0.374158E+00  0.374158E+00  0.374158E+00 -0.221778E-05  0.363671E+00  0.307452E+00  0.292497E-05
  0.591512E+02  0.399687E+00  0.172430E+00  0.190236E-08  0.200025E-08  0.000000E+00  0.363519E+00  0.363519E+00  0.363519E+00 -0.215471E-05  0.353331E+00  0.298662E+00  0.280026E-05
  0.600827E+02  0.388322E+00  0.167510E+00  0.179139E-08 -0.319542E-07  0.000000E+00  0.353180E+00  0.353180E+00  0.353180E+00 -0.209343E-05  0.343284E+00  0.290121E+00  0.268093E-05
  0.610289E+02  0.377279E+00  0.162729E+00  0.168688E-08 -0.361746E-07  0.000000E+00  0.343134E+00  0.343134E+00  0.343134E+00 -0.203388E-05  0.333521E+00  0.281820E+00  0.256674E-05
  0.619899E+02  0.366548E+00  0.158084E+00  0.158845E-08 -0.273482E-07  0.000000E+00  0.333371E+00  0.333371E+00  0.333371E+00 -0.197602E-05  0.324033E+00  0.273754E+00  0.245747E-05
  0.629662E+02  0.356120E+00  0.153569E+00  0.149576E-08 -0.405712E-07  0.000000E+00  0.323884E+00  0.323884E+00  0.323884E+00 -0.191978E-05  0.314813E+00  0.265915E+00  0.235291E-05
  0.639577E+02  0.345986E+00  0.149182E+00  0.140847E-08  0.150868E-07  0.000000E+00  0.314665E+00  0.314665E+00  0.314665E+00 -0.186514E-05  0.305854E+00  0.258298E+00  0.225286E-05
  0.649649E+02  0.336139E+00  0.144919E+00  0.132627E-08 -0.869801E-11  0.000000E+00  0.305707E+00  0.305707E+00  0.305707E+00 -0.181204E-05  0.297149E+00  0.250897E+00  0.215712E-05
  0.659880E+02  0.326571E+00  0.140777E+00  0.124885E-08  0.118494E-07  0.000000E+00  0.297002E+00  0.297002E+00  0.297002E+00 -0.176044E-05  0.288689E+00  0.243704E+00  0.206550E-05
  0.670271E+02  0.317273E+00  0.136752E+00  0.117595E-08 -0.280329E-07  0.000000E+00  0.288543E+00  0.288543E+00  0.288543E+00 -0.171030E-05  0.280469E+00  0.236715E+00  0.197783E-05
  0.680826E+02  0.308238E+00  0.132840E+00  0.110730E-08 -0.182563E-08  0.000000E+00  0.280323E+00  0.280323E+00  0.280323E+00 -0.166158E-05  0.272481E+00  0.229923E+00  0.189394E-05
  0.691548E+02  0.299459E+00  0.129039E+00  0.104265E-08 -0.259667E-07  0.000000E+00  0.272337E+00  0.272337E+00  0.272337E+00 -0.161424E-05  0.264720E+00  0.223324E+00  0.181366E-05
  0.702438E+02  0.290928E+00  0.125346E+00  0.981766E-09  0.115580E-07  0.000000E+00  0.264576E+00  0.264576E+00  0.264576E+00 -0.156824E-05  0.257178E+00  0.216911E+00  0.173684E-05
  0.713500E+02  0.282639E+00  0.121757E+00  0.924432E-09  0.110796E-07  0.000000E+00  0.257034E+00  0.257034E+00  0.257034E+00 -0.152354E-05  0.249849E+00  0.210679E+00  0.166332E-05
  0.724736E+02  0.274584E+00  0.118270E+00  0.870442E-09 -0.271819E-07  0.000000E+00  0.249707E+00  0.249707E+00  0.249707E+00 -0.148011E-05  0.242728E+00  0.204624E+00  0.159297E-05
  0.736149E+02  0.266758E+00  0.114882E+00  0.819600E-09 -0.243122E-07  0.000000E+00  0.242587E+00  0.242587E+00  0.242587E+00 -0.143790E-05  0.235809E+00  0.198741E+00  0.152565E-05
  0.747741E+02  0.259153E+00  0.111589E+00  0.771723E-09  0.428573E-08  0.000000E+00  0.235668E+00  0.235668E+00  0.235668E+00 -0.139689E-05  0.229085E+00  0.193023E+00  0.146123E-05
  0.759517E+02  0.251764E+00  0.108390E+00  0.726638E-09  0.831039E-09  0.000000E+00  0.228946E+00  0.228946E+00  0.228946E+00 -0.135705E-05  0.222552E+00  0.187468E+00  0.139958E-05
  0.771477E+02  0.244584E+00  0.105281E+00  0.684184E-09 -0.149653E-07  0.000000E+00  0.222414E+00  0.222414E+00  0.222414E+00 -0.131833E-05  0.216204E+00  0.182070E+00  0.134058E-05
  0.783626E+02  0.237607E+00  0.102260E+00  0.644205E-09 -0.190494E-07  0.000000E+00  0.216067E+00  0.216067E+00  0.216067E+00 -0.128071E-05  0.210036E+00  0.176825E+00  0.128412E-05
  0.795967E+02  0.230828E+00  0.993252E-01  0.606559E-09  0.664730E-08  0.000000E+00  0.209900E+00  0.209900E+00  0.209900E+00 -0.124416E-05  0.204043E+00  0.171728E+00  0.123008E-05
  0.808501E+02  0.224242E+00  0.964734E-01  0.571110E-09 -0.137502E-07  0.000000E+00  0.203908E+00  0.203908E+00  0.203908E+00 -0.120864E-05  0.198220E+00  0.166776E+00  0.117837E-05
  0.821233E+02  0.217842E+00  0.937023E-01  0.537729E-09 -0.713295E-08  0.000000E+00  0.198085E+00  0.198085E+00  0.198085E+00 -0.117413E-05  0.192562E+00  0.161964E+00  0.112889E-05
  0.834166E+02  0.211624E+00  0.910099E-01  0.506296E-09  0.200722E-08  0.000000E+00  0.192428E+00  0.192428E+00  0.192428E+00 -0.114060E-05  0.187065E+00  0.157289E+00  0.108153E-05
  0.847302E+02  0.205582E+00  0.883937E-01  0.476697E-09  0.235065E-08  0.000000E+00  0.186932E+00  0.186932E+00  0.186932E+00 -0.110802E-05  0.181723E+00  0.152746E+00  0.103620E-05
  0.860645E+02  0.199712E+00  0.858518E-01  0.448827E-09  0.203882E-08  0.000000E+00  0.181591E+00  0.181591E+00  0.181591E+00 -0.107636E-05  0.176534E+00  0.148332E+00  0.992821E-06
  0.874198E+02  0.194009E+00  0.833821E-01  0.422583E-09  0.355310E-08  0.000000E+00  0.176402E+00  0.176402E+00  0.176402E+00 -0.104560E-05  0.171491E+00  0.144043E+00  0.951305E-06
  0.887965E+02  0.188467E+00  0.809823E-01  0.397871E-09 -0.136098E-07  0.000000E+00  0.171361E+00  0.171361E+00  0.171361E+00 -0.101572E-05  0.166592E+00  0.139876E+00  0.911571E-06
  0.901948E+02  0.183082E+00  0.786507E-01  0.374602E-09 -0.431858E-08  0.000000E+00  0.166462E+00  0.166462E+00  0.166462E+00 -0.986684E-06  0.161831E+00  0.135827E+00  0.873542E-06
  0.916152E+02  0.177851E+00  0.763853E-01  0.352692E-09  0.376639E-08  0.000000E+00  0.161703E+00  0.161703E+00  0.161703E+00 -0.958473E-06  0.157206E+00  0.131893E+00  0.837145E-06
  0.930579E+02  0.172768E+00  0.741842E-01  0.332062E-09  0.418094E-08  0.000000E+00  0.157078E+00  0.157078E+00  0.157078E+00 -0.931064E-06  0.152712E+00  0.128071E+00  0.802308E-06
  0.945234E+02  0.167830E+00  0.720456E-01  0.312636E-09  0.119470E-08  0.000000E+00  0.152586E+00  0.152586E+00  0.152586E+00 -0.904433E-06  0.148346E+00  0.124357E+00  0.768965E-06
  0.960119E+02  0.163032E+00  0.699677E-01  0.294345E-09 -0.687023E-08  0.000000E+00  0.148220E+00  0.148220E+00  0.148220E+00 -0.878559E-06  0.144104E+00  0.120748E+00  0.737051E-06
  0.975239E+02  0.158370E+00  0.679488E-01  0.277122E-09 -0.110777E-07  0.000000E+00  0.143979E+00  0.143979E+00  0.143979E+00 -0.853421E-06  0.139983E+00  0.117242E+00  0.706504E-06
  0.990597E+02  0.153841E+00  0.659873E-01  0.260905E-09 -0.261951E-08  0.000000E+00  0.139859E+00  0.139859E+00  0.139859E+00 -0.828997E-06  0.135979E+00  0.113836E+00  0.677265E-06
  0.100620E+03  0.149440E+00  0.640816E-01  0.245636E-09  0.378197E-08  0.000000E+00  0.135855E+00  0.135855E+00  0.135855E+00 -0.805267E-06  0.132088E+00  0.110526E+00  0.649277E-06
  0.102204E+03  0.145165E+00  0.622300E-01  0.231259E-09  0.192369E-09  0.000000E+00  0.131966E+00  0.131966E+00  0.131966E+00 -0.782213E-06  0.128309E+00  0.107311E+00  0.622487E-06
  0.103814E+03  0.141011E+00  0.604311E-01  0.217722E-09 -0.385738E-08  0.000000E+00  0.128187E+00  0.128187E+00  0.128187E+00 -0.759814E-06  0.124636E+00  0.104186E+00  0.596842E-06
  0.105448E+03  0.136976E+00  0.586832E-01  0.204977E-09 -0.347694E-08  0.000000E+00  0.124516E+00  0.124516E+00  0.124516E+00 -0.738052E-06  0.121069E+00  0.101151E+00  0.572294E-06
  0.107109E+03  0.133055E+00  0.569851E-01  0.192976E-09  0.151162E-08  0.000000E+00  0.120949E+00  0.120949E+00  0.120949E+00 -0.716909E-06  0.117602E+00  0.982019E-01  0.548794E-06
  0.108796E+03  0.129246E+00  0.553353E-01  0.181677E-09 -0.882307E-09  0.000000E+00  0.117483E+00  0.117483E+00  0.117483E+00 -0.696369E-06  0.114235E+00  0.953366E-01  0.526297E-06
  0.110509E+03  0.125546E+00  0.537325E-01  0.171038E-09 -0.300899E-08  0.000000E+00  0.114117E+00  0.114117E+00  0.114117E+00 -0.676413E-06  0.110963E+00  0.925528E-01  0.504761E-06
  0.112249E+03  0.121950E+00  0.521752E-01  0.161021E-09 -0.733971E-08  0.000000E+00  0.110846E+00  0.110846E+00  0.110846E+00 -0.657025E-06  0.107785E+00  0.898482E-01  0.484143E-06
  0.114017E+03  0.118458E+00  0.506622E-01  0.151590E-09 -0.660203E-08  0.000000E+00  0.107668E+00  0.107668E+00  0.107668E+00 -0.638189E-06  0.104697E+00  0.872205E-01  0.464404E-06
  0.115812E+03  0.115064E+00  0.491923E-01  0.142710E-09  0.209631E-08  0.000000E+00  0.104581E+00  0.104581E+00  0.104581E+00 -0.619890E-06  0.101697E+00  0.846676E-01  0.445506E-06
  0.117636E+03  0.111768E+00  0.477643E-01  0.134350E-09 -0.431395E-08  0.000000E+00  0.101581E+00  0.101581E+00  0.101581E+00 -0.602112E-06  0.987820E-01  0.821873E-01  0.427413E-06
  0.119489E+03  0.108565E+00  0.463769E-01  0.126478E-09 -0.128169E-08  0.000000E+00  0.986676E-01  0.986676E-01  0.986676E-01 -0.584840E-06  0.959504E-01  0.797777E-01  0.410089E-06
  0.121370E+03  0.105453E+00  0.450290E-01  0.119068E-09 -0.342235E-08  0.000000E+00  0.958368E-01  0.958368E-01  0.958368E-01 -0.568061E-06  0.931996E-01  0.774366E-01  0.393502E-06
  0.123282E+03  0.102431E+00  0.437195E-01  0.112090E-09 -0.337208E-08  0.000000E+00  0.930867E-01  0.930867E-01  0.930867E-01 -0.551760E-06  0.905271E-01  0.751621E-01  0.377620E-06
  0.125223E+03  0.994940E-01  0.424473E-01  0.105521E-09  0.709084E-10  0.000000E+00  0.904150E-01  0.904150E-01  0.904150E-01 -0.535924E-06  0.879309E-01  0.729524E-01  0.362412E-06
  0.127195E+03  0.966411E-01  0.412113E-01  0.993358E-10  0.955740E-09  0.000000E+00  0.878194E-01  0.878194E-01  0.878194E-01 -0.520539E-06  0.854086E-01  0.708057E-01  0.347849E-06
  0.129198E+03  0.938695E-01  0.400106E-01  0.935128E-10 -0.477446E-08  0.000000E+00  0.852979E-01  0.852979E-01  0.852979E-01 -0.505593E-06  0.829583E-01  0.687201E-01  0.333904E-06
  0.131233E+03  0.911771E-01  0.388441E-01  0.880306E-10 -0.835555E-09  0.000000E+00  0.828483E-01  0.828483E-01  0.828483E-01 -0.491073E-06  0.805779E-01  0.666939E-01  0.320549E-06
  0.133299E+03  0.885614E-01  0.377108E-01  0.828692E-10 -0.216211E-08  0.000000E+00  0.804686E-01  0.804686E-01  0.804686E-01 -0.476968E-06  0.782654E-01  0.647255E-01  0.307760E-06
  0.135399E+03  0.860204E-01  0.366099E-01  0.780098E-10 -0.289752E-08  0.000000E+00  0.781567E-01  0.781567E-01  0.781567E-01 -0.463265E-06  0.760189E-01  0.628131E-01  0.295511E-06
  0.137531E+03  0.835520E-01  0.355403E-01  0.734350E-10 -0.169497E-08  0.000000E+00  0.759109E-01  0.759109E-01  0.759109E-01 -0.449953E-06  0.738366E-01  0.609553E-01  0.283780E-06
  0.139697E+03  0.811539E-01  0.345013E-01  0.691280E-10  0.872998E-09  0.000000E+00  0.737292E-01  0.737292E-01  0.737292E-01 -0.437021E-06  0.717165E-01  0.591504E-01  0.272544E-06
  0.141896E+03  0.788244E-01  0.334918E-01  0.650731E-10  0.949529E-09  0.000000E+00  0.716097E-01  0.716097E-01  0.716097E-01 -0.424458E-06  0.696569E-01  0.573970E-01  0.261781E-06
  0.144131E+03  0.765613E-01  0.325112E-01  0.612556E-10 -0.206331E-09  0.000000E+00  0.695507E-01  0.695507E-01  0.695507E-01 -0.412254E-06  0.676561E-01  0.556935E-01  0.251472E-06
  0.146401E+03  0.743629E-01  0.315585E-01  0.576617E-10 -0.250698E-08  0.000000E+00  0.675506E-01  0.675506E-01  0.675506E-01 -0.400398E-06  0.657125E-01  0.540387E-01  0.241597E-06
  0.148706E+03  0.722273E-01  0.306331E-01  0.542783E-10 -0.296075E-08  0.000000E+00  0.656076E-01  0.656076E-01  0.656076E-01 -0.388881E-06  0.638244E-01  0.524311E-01  0.232137E-06
  0.151048E+03  0.701527E-01  0.297340E-01  0.510930E-10 -0.100760E-08  0.000000E+00  0.637201E-01  0.637201E-01  0.637201E-01 -0.377693E-06  0.619903E-01  0.508693E-01  0.223074E-06
  0.153427E+03  0.681374E-01  0.288606E-01  0.480943E-10  0.307403E-09  0.000000E+00  0.618865E-01  0.618865E-01  0.618865E-01 -0.366825E-06  0.602086E-01  0.493521E-01  0.214392E-06
  0.155843E+03  0.661797E-01  0.280122E-01  0.452713E-10  0.268472E-09  0.000000E+00  0.601053E-01  0.601053E-01  0.601053E-01 -0.356267E-06  0.584777E-01  0.478782E-01  0.206073E-06
  0.158297E+03  0.642779E-01  0.271880E-01  0.426137E-10 -0.148415E-08  0.000000E+00  0.583751E-01  0.583751E-01  0.583751E-01 -0.346011E-06  0.567964E-01  0.464464E-01  0.198102E-06
  0.160790E+03  0.624306E-01  0.263873E-01  0.401118E-10 -0.139600E-08  0.000000E+00  0.566943E-01  0.566943E-01  0.566943E-01 -0.336048E-06  0.551631E-01  0.450555E-01  0.190464E-06
  0.163322E+03  0.606360E-01  0.256094E-01  0.377565E-10 -0.162993E-08  0.000000E+00  0.550615E-01  0.550615E-01  0.550615E-01 -0.326370E-06  0.535765E-01  0.437043E-01  0.183145E-06
  0.165894E+03  0.588927E-01  0.248538E-01  0.355392E-10 -0.127542E-08  0.000000E+00  0.534754E-01  0.534754E-01  0.534754E-01 -0.316969E-06  0.520353E-01  0.423916E-01  0.176130E-06
  0.168506E+03  0.571994E-01  0.241198E-01  0.334519E-10 -0.159627E-08  0.000000E+00  0.519347E-01  0.519347E-01  0.519347E-01 -0.307837E-06  0.505382E-01  0.411165E-01  0.169408E-06
  0.171160E+03  0.555544E-01  0.234068E-01  0.314869E-10 -0.178500E-08  0.000000E+00  0.504381E-01  0.504381E-01  0.504381E-01 -0.298966E-06  0.490839E-01  0.398778E-01  0.162965E-06
  0.173855E+03  0.539566E-01  0.227141E-01  0.296371E-10 -0.150191E-08  0.000000E+00  0.489843E-01  0.489843E-01  0.489843E-01 -0.290349E-06  0.476712E-01  0.386745E-01  0.156790E-06
  0.176593E+03  0.524044E-01  0.220413E-01  0.278958E-10 -0.162385E-08  0.000000E+00  0.475721E-01  0.475721E-01  0.475721E-01 -0.281978E-06  0.462990E-01  0.375056E-01  0.150870E-06
  0.179374E+03  0.508967E-01  0.213877E-01  0.262566E-10 -0.558923E-09  0.000000E+00  0.462003E-01  0.462003E-01  0.462003E-01 -0.273847E-06  0.449660E-01  0.363701E-01  0.145195E-06
  0.182199E+03  0.494322E-01  0.207528E-01  0.247135E-10 -0.565486E-09  0.000000E+00  0.448678E-01  0.448678E-01  0.448678E-01 -0.265949E-06  0.436712E-01  0.352671E-01  0.139754E-06
  0.185068E+03  0.480095E-01  0.201360E-01  0.232609E-10 -0.154156E-08  0.000000E+00  0.435735E-01  0.435735E-01  0.435735E-01 -0.258277E-06  0.424134E-01  0.341957E-01  0.134538E-06
  0.187982E+03  0.466277E-01  0.195369E-01  0.218935E-10  0.315582E-09  0.000000E+00  0.423162E-01  0.423162E-01  0.423162E-01 -0.250824E-06  0.411917E-01  0.331548E-01  0.129536E-06
  0.190942E+03  0.452854E-01  0.189549E-01  0.206063E-10 -0.434391E-10  0.000000E+00  0.410949E-01  0.410949E-01  0.410949E-01 -0.243585E-06  0.400050E-01  0.321438E-01  0.124740E-06
  0.193949E+03  0.439815E-01  0.183895E-01  0.193946E-10 -0.886539E-09  0.000000E+00  0.399086E-01  0.399086E-01  0.399086E-01 -0.236553E-06  0.388522E-01  0.311617E-01  0.120140E-06
  0.197004E+03  0.427150E-01  0.178404E-01  0.182540E-10 -0.120522E-08  0.000000E+00  0.387562E-01  0.387562E-01  0.387562E-01 -0.229723E-06  0.377325E-01  0.302077E-01  0.115729E-06
  0.200106E+03  0.414848E-01  0.173070E-01  0.171804E-10 -0.125915E-08  0.000000E+00  0.376369E-01  0.376369E-01  0.376369E-01 -0.223088E-06  0.366449E-01  0.292810E-01  0.111497E-06
  0.203257E+03  0.402899E-01  0.167888E-01  0.161697E-10 -0.804644E-09  0.000000E+00  0.365497E-01  0.365497E-01  0.365497E-01 -0.216644E-06  0.355884E-01  0.283809E-01  0.107439E-06
  0.206458E+03  0.391292E-01  0.162855E-01  0.152184E-10  0.338515E-09  0.000000E+00  0.354936E-01  0.354936E-01  0.354936E-01 -0.210384E-06  0.345622E-01  0.275066E-01  0.103545E-06
  0.209709E+03  0.380018E-01  0.157966E-01  0.143229E-10 -0.102293E-08  0.000000E+00  0.344678E-01  0.344678E-01  0.344678E-01 -0.204304E-06  0.335655E-01  0.266573E-01  0.998087E-07
  0.213012E+03  0.369067E-01  0.153217E-01  0.134800E-10 -0.218959E-10  0.000000E+00  0.334714E-01  0.334714E-01  0.334714E-01 -0.198398E-06  0.325973E-01  0.258323E-01  0.962239E-07
  0.216366E+03  0.358430E-01  0.148604E-01  0.126866E-10 -0.272671E-09  0.000000E+00  0.325036E-01  0.325036E-01  0.325036E-01 -0.192661E-06  0.316569E-01  0.250310E-01  0.927839E-07
  0.219773E+03  0.348098E-01  0.144123E-01  0.119397E-10 -0.532893E-09  0.000000E+00  0.315635E-01  0.315635E-01  0.315635E-01 -0.187089E-06  0.307434E-01  0.242527E-01  0.894825E-07
  0.223234E+03  0.338063E-01  0.139770E-01  0.112367E-10 -0.738865E-09  0.000000E+00  0.306504E-01  0.306504E-01  0.306504E-01 -0.181677E-06  0.298562E-01  0.234967E-01  0.863137E-07
  0.226750E+03  0.328315E-01  0.135543E-01  0.105750E-10  0.203784E-09  0.000000E+00  0.297635E-01  0.297635E-01  0.297635E-01 -0.176420E-06  0.289944E-01  0.227624E-01  0.832719E-07
  0.230321E+03  0.318847E-01  0.131437E-01  0.995218E-11  0.598763E-10  0.000000E+00  0.289021E-01  0.289021E-01  0.289021E-01 -0.171314E-06  0.281573E-01  0.220492E-01  0.803516E-07
  0.233948E+03  0.309651E-01  0.127448E-01  0.936593E-11  0.108284E-09  0.000000E+00  0.280653E-01  0.280653E-01  0.280653E-01 -0.166354E-06  0.273443E-01  0.213565E-01  0.775478E-07
  0.237632E+03  0.300719E-01  0.123574E-01  0.881413E-11 -0.591533E-09  0.000000E+00  0.272526E-01  0.272526E-01  0.272526E-01 -0.161537E-06  0.265546E-01  0.206837E-01  0.748553E-07
  0.241374E+03  0.292044E-01  0.119811E-01  0.829475E-11 -0.405600E-09  0.000000E+00  0.264633E-01  0.264633E-01  0.264633E-01 -0.156858E-06  0.257876E-01  0.200302E-01  0.722696E-07
  0.245175E+03  0.283617E-01  0.116156E-01  0.780590E-11  0.138547E-09  0.000000E+00  0.256965E-01  0.256965E-01  0.256965E-01 -0.152313E-06  0.250426E-01  0.193955E-01  0.697860E-07
  0.249036E+03  0.275432E-01  0.112606E-01  0.734577E-11  0.879247E-10  0.000000E+00  0.249518E-01  0.249518E-01  0.249518E-01 -0.147899E-06  0.243190E-01  0.187791E-01  0.674002E-07
  0.252958E+03  0.267483E-01  0.109157E-01  0.691270E-11 -0.493865E-09  0.000000E+00  0.242285E-01  0.242285E-01  0.242285E-01 -0.143612E-06  0.236161E-01  0.181804E-01  0.651080E-07
  0.256941E+03  0.259762E-01  0.105808E-01  0.650508E-11 -0.137577E-09  0.000000E+00  0.235260E-01  0.235260E-01  0.235260E-01 -0.139447E-06  0.229335E-01  0.175989E-01  0.629055E-07
  0.260987E+03  0.252262E-01  0.102555E-01  0.612142E-11 -0.473395E-09  0.000000E+00  0.228436E-01  0.228436E-01  0.228436E-01 -0.135403E-06  0.222705E-01  0.170342E-01  0.607889E-07
  0.265097E+03  0.244978E-01  0.993957E-02  0.576034E-11 -0.311498E-09  0.000000E+00  0.221809E-01  0.221809E-01  0.221809E-01 -0.131475E-06  0.216265E-01  0.164857E-01  0.587545E-07
  0.269272E+03  0.237904E-01  0.963271E-02  0.542048E-11 -0.417116E-09  0.000000E+00  0.215372E-01  0.215372E-01  0.215372E-01 -0.127659E-06  0.210010E-01  0.159531E-01  0.567989E-07
  0.273512E+03  0.231033E-01  0.933467E-02  0.510062E-11 -0.395417E-09  0.000000E+00  0.209120E-01  0.209120E-01  0.209120E-01 -0.123953E-06  0.203935E-01  0.154359E-01  0.549186E-07
  0.277820E+03  0.224359E-01  0.904520E-02  0.479957E-11 -0.230279E-09  0.000000E+00  0.203048E-01  0.203048E-01  0.203048E-01 -0.120354E-06  0.198035E-01  0.149336E-01  0.531106E-07
  0.282195E+03  0.217877E-01  0.876406E-02  0.451624E-11 -0.268722E-09  0.000000E+00  0.197150E-01  0.197150E-01  0.197150E-01 -0.116858E-06  0.192304E-01  0.144458E-01  0.513718E-07
  0.286639E+03  0.211582E-01  0.849100E-02  0.424958E-11 -0.339208E-09  0.000000E+00  0.191422E-01  0.191422E-01  0.191422E-01 -0.113463E-06  0.186738E-01  0.139721E-01  0.496992E-07
  0.291152E+03  0.205468E-01  0.822582E-02  0.399861E-11  0.662313E-10  0.000000E+00  0.185859E-01  0.185859E-01  0.185859E-01 -0.110166E-06  0.181333E-01  0.135121E-01  0.480901E-07
  0.295737E+03  0.199529E-01  0.796827E-02  0.376242E-11 -0.262455E-09  0.000000E+00  0.180455E-01  0.180455E-01  0.180455E-01 -0.106963E-06  0.176082E-01  0.130654E-01  0.465417E-07
  0.300395E+03  0.193761E-01  0.771814E-02  0.354012E-11 -0.731725E-10  0.000000E+00  0.175208E-01  0.175208E-01  0.175208E-01 -0.103852E-06  0.170983E-01  0.126317E-01  0.450516E-07
  0.305125E+03  0.188160E-01  0.747522E-02  0.333092E-11 -0.228273E-09  0.000000E+00  0.170111E-01  0.170111E-01  0.170111E-01 -0.100831E-06  0.166030E-01  0.122105E-01  0.436173E-07
  0.309930E+03  0.182719E-01  0.723930E-02  0.313404E-11  0.601028E-10  0.000000E+00  0.165161E-01  0.165161E-01  0.165161E-01 -0.978970E-07  0.161220E-01  0.118016E-01  0.422364E-07
  0.314811E+03  0.177435E-01  0.701019E-02  0.294875E-11  0.287267E-10  0.000000E+00  0.160353E-01  0.160353E-01  0.160353E-01 -0.950473E-07  0.156549E-01  0.114045E-01  0.409067E-07
  0.319768E+03  0.172303E-01  0.678769E-02  0.277438E-11 -0.275553E-09  0.000000E+00  0.155684E-01  0.155684E-01  0.155684E-01 -0.922797E-07  0.152012E-01  0.110191E-01  0.396261E-07
  0.324804E+03  0.167319E-01  0.657162E-02  0.261028E-11 -0.269550E-09  0.000000E+00  0.151149E-01  0.151149E-01  0.151149E-01 -0.895918E-07  0.147605E-01  0.106448E-01  0.383924E-07
  0.329919E+03  0.162478E-01  0.636180E-02  0.245586E-11  0.650919E-10  0.000000E+00  0.146745E-01  0.146745E-01  0.146745E-01 -0.869812E-07  0.143325E-01  0.102814E-01  0.372038E-07
  0.335115E+03  0.157777E-01  0.615804E-02  0.231053E-11 -0.745336E-10  0.000000E+00  0.142467E-01  0.142467E-01  0.142467E-01 -0.844459E-07  0.139169E-01  0.992870E-02  0.360583E-07
  0.340392E+03  0.153211E-01  0.596017E-02  0.217377E-11 -0.101822E-09  0.000000E+00  0.138313E-01  0.138313E-01  0.138313E-01 -0.819836E-07  0.135132E-01  0.958626E-02  0.349542E-07
  0.345752E+03  0.148777E-01  0.576803E-02  0.204507E-11 -0.528755E-10  0.000000E+00  0.134279E-01  0.134279E-01  0.134279E-01 -0.795923E-07  0.131212E-01  0.925385E-02  0.338898E-07
  0.351197E+03  0.144470E-01  0.558145E-02  0.192396E-11 -0.274272E-10  0.000000E+00  0.130361E-01  0.130361E-01  0.130361E-01 -0.772699E-07  0.127404E-01  0.893119E-02  0.328633E-07
  0.356728E+03  0.140288E-01  0.540029E-02  0.181000E-11 -0.104460E-09  0.000000E+00  0.126556E-01  0.126556E-01  0.126556E-01 -0.750144E-07  0.123707E-01  0.861800E-02  0.318732E-07
  0.362345E+03  0.136226E-01  0.522437E-02  0.170275E-11 -0.148434E-09  0.000000E+00  0.122860E-01  0.122860E-01  0.122860E-01 -0.728239E-07  0.120115E-01  0.831401E-02  0.309180E-07
  0.368051E+03  0.132281E-01  0.505357E-02  0.160184E-11 -0.131032E-09  0.000000E+00  0.119271E-01  0.119271E-01  0.119271E-01 -0.706966E-07  0.116628E-01  0.801898E-02  0.299963E-07
  0.373847E+03  0.128450E-01  0.488772E-02  0.150688E-11 -0.167606E-09  0.000000E+00  0.115786E-01  0.115786E-01  0.115786E-01 -0.686307E-07  0.113241E-01  0.773266E-02  0.291066E-07
  0.379734E+03  0.124729E-01  0.472670E-02  0.141752E-11 -0.980104E-10  0.000000E+00  0.112401E-01  0.112401E-01  0.112401E-01 -0.666243E-07  0.109951E-01  0.745480E-02  0.282477E-07
  0.385714E+03  0.121116E-01  0.457037E-02  0.133344E-11 -0.318546E-10  0.000000E+00  0.109114E-01  0.109114E-01  0.109114E-01 -0.646759E-07  0.106757E-01  0.718518E-02  0.274183E-07
  0.391789E+03  0.117606E-01  0.441858E-02  0.125432E-11  0.289454E-11  0.000000E+00  0.105921E-01  0.105921E-01  0.105921E-01 -0.627836E-07  0.103654E-01  0.692356E-02  0.266171E-07
  0.397958E+03  0.114198E-01  0.427123E-02  0.117988E-11 -0.124897E-09  0.000000E+00  0.102821E-01  0.102821E-01  0.102821E-01 -0.609460E-07  0.100641E-01  0.666973E-02  0.258430E-07
  0.404225E+03  0.110888E-01  0.412817E-02  0.110983E-11 -0.391143E-10  0.000000E+00  0.998104E-02  0.998104E-02  0.998104E-02 -0.591615E-07  0.977149E-02  0.642347E-02  0.250950E-07
  0.410591E+03  0.107674E-01  0.398930E-02  0.104393E-11 -0.960525E-10  0.000000E+00  0.968867E-02  0.968867E-02  0.968867E-02 -0.574284E-07  0.948732E-02  0.618457E-02  0.243718E-07
  0.417057E+03  0.104552E-01  0.385449E-02  0.981913E-12 -0.587888E-10  0.000000E+00  0.940473E-02  0.940473E-02  0.940473E-02 -0.557454E-07  0.921135E-02  0.595284E-02  0.236726E-07
  0.423624E+03  0.101521E-01  0.372363E-02  0.923566E-12 -0.779140E-10  0.000000E+00  0.912900E-02  0.912900E-02  0.912900E-02 -0.541111E-07  0.894335E-02  0.572808E-02  0.229963E-07
  0.430296E+03  0.985769E-02  0.359660E-02  0.868668E-12 -0.749727E-10  0.000000E+00  0.886123E-02  0.886123E-02  0.886123E-02 -0.525239E-07  0.868308E-02  0.551009E-02  0.223421E-07
  0.437072E+03  0.957178E-02  0.347331E-02  0.817017E-12 -0.874380E-10  0.000000E+00  0.860121E-02  0.860121E-02  0.860121E-02 -0.509826E-07  0.843033E-02  0.529871E-02  0.217089E-07
  0.443955E+03  0.929413E-02  0.335365E-02  0.768422E-12  0.141417E-10  0.000000E+00  0.834870E-02  0.834870E-02  0.834870E-02 -0.494859E-07  0.818488E-02  0.509374E-02  0.210960E-07
  0.450946E+03  0.902449E-02  0.323751E-02  0.722701E-12 -0.693291E-10  0.000000E+00  0.810349E-02  0.810349E-02  0.810349E-02 -0.480325E-07  0.794651E-02  0.489502E-02  0.205026E-07
  0.458047E+03  0.876264E-02  0.312480E-02  0.679687E-12 -0.799894E-10  0.000000E+00  0.786537E-02  0.786537E-02  0.786537E-02 -0.466211E-07  0.771503E-02  0.470238E-02  0.199278E-07
  0.465260E+03  0.850835E-02  0.301542E-02  0.639219E-12 -0.784221E-10  0.000000E+00  0.763415E-02  0.763415E-02  0.763415E-02 -0.452505E-07  0.749024E-02  0.451565E-02  0.193710E-07
  0.472587E+03  0.826140E-02  0.290929E-02  0.601147E-12  0.470276E-11  0.000000E+00  0.740961E-02  0.740961E-02  0.740961E-02 -0.439196E-07  0.727194E-02  0.433469E-02  0.188313E-07
  0.480029E+03  0.802159E-02  0.280630E-02  0.565330E-12 -0.228394E-10  0.000000E+00  0.719157E-02  0.719157E-02  0.719157E-02 -0.426272E-07  0.705995E-02  0.415932E-02  0.183082E-07
  0.487589E+03  0.778871E-02  0.270638E-02  0.531636E-12 -0.129686E-11  0.000000E+00  0.697985E-02  0.697985E-02  0.697985E-02 -0.413722E-07  0.685409E-02  0.398942E-02  0.178009E-07
  0.495267E+03  0.756255E-02  0.260943E-02  0.499937E-12  0.288242E-12  0.000000E+00  0.677426E-02  0.677426E-02  0.677426E-02 -0.401536E-07  0.665418E-02  0.382483E-02  0.173089E-07
  0.503066E+03  0.734293E-02  0.251538E-02  0.470118E-12 -0.226616E-10  0.000000E+00  0.657462E-02  0.657462E-02  0.657462E-02 -0.389703E-07  0.646005E-02  0.366540E-02  0.168315E-07
  0.510989E+03  0.712965E-02  0.242415E-02  0.442067E-12 -0.799815E-11  0.000000E+00  0.638077E-02  0.638077E-02  0.638077E-02 -0.378213E-07  0.627153E-02  0.351102E-02  0.163681E-07
  0.519036E+03  0.692254E-02  0.233566E-02  0.415680E-12 -0.359712E-10  0.000000E+00  0.619254E-02  0.619254E-02  0.619254E-02 -0.367055E-07  0.608846E-02  0.336155E-02  0.159183E-07
  0.527209E+03  0.672142E-02  0.224983E-02  0.390858E-12 -0.341702E-10  0.000000E+00  0.600976E-02  0.600976E-02  0.600976E-02 -0.356222E-07  0.591069E-02  0.321685E-02  0.154814E-07
  0.535511E+03  0.652611E-02  0.216660E-02  0.367510E-12  0.159252E-11  0.000000E+00  0.583229E-02  0.583229E-02  0.583229E-02 -0.345702E-07  0.573807E-02  0.307681E-02  0.150570E-07
  0.543945E+03  0.633645E-02  0.208588E-02  0.345548E-12 -0.389774E-10  0.000000E+00  0.565997E-02  0.565997E-02  0.565997E-02 -0.335488E-07  0.557044E-02  0.294131E-02  0.146446E-07
  0.552510E+03  0.615228E-02  0.200762E-02  0.324890E-12 -0.207638E-10  0.000000E+00  0.549265E-02  0.549265E-02  0.549265E-02 -0.325571E-07  0.540766E-02  0.281023E-02  0.142438E-07
  0.561211E+03  0.597343E-02  0.193174E-02  0.305460E-12 -0.465420E-11  0.000000E+00  0.533019E-02  0.533019E-02  0.533019E-02 -0.315941E-07  0.524960E-02  0.268345E-02  0.138540E-07
  0.570049E+03  0.579976E-02  0.185819E-02  0.287184E-12 -0.320676E-10  0.000000E+00  0.517245E-02  0.517245E-02  0.517245E-02 -0.306591E-07  0.509611E-02  0.256087E-02  0.134750E-07
  0.579026E+03  0.563111E-02  0.178689E-02  0.269995E-12 -0.145891E-10  0.000000E+00  0.501930E-02  0.501930E-02  0.501930E-02 -0.297513E-07  0.494707E-02  0.244239E-02  0.131062E-07
  0.588144E+03  0.546734E-02  0.171780E-02  0.253828E-12 -0.968737E-11  0.000000E+00  0.487060E-02  0.487060E-02  0.487060E-02 -0.288699E-07  0.480234E-02  0.232789E-02  0.127473E-07
  0.597406E+03  0.530831E-02  0.165084E-02  0.238623E-12 -0.271556E-10  0.000000E+00  0.472622E-02  0.472622E-02  0.472622E-02 -0.280141E-07  0.466181E-02  0.221728E-02  0.123979E-07
  0.606814E+03  0.515388E-02  0.158596E-02  0.224323E-12 -0.333758E-11  0.000000E+00  0.458604E-02  0.458604E-02  0.458604E-02 -0.271832E-07  0.452535E-02  0.211046E-02  0.120576E-07
  0.616370E+03  0.500392E-02  0.152311E-02  0.210875E-12 -0.433768E-11  0.000000E+00  0.444995E-02  0.444995E-02  0.444995E-02 -0.263765E-07  0.439284E-02  0.200734E-02  0.117263E-07
  0.626076E+03  0.485830E-02  0.146224E-02  0.198227E-12 -0.220527E-10  0.000000E+00  0.431782E-02  0.431782E-02  0.431782E-02 -0.255933E-07  0.426418E-02  0.190783E-02  0.114034E-07
  0.635936E+03  0.471690E-02  0.140328E-02  0.186333E-12 -0.498571E-11  0.000000E+00  0.418954E-02  0.418954E-02  0.418954E-02 -0.248330E-07  0.413925E-02  0.181183E-02  0.110887E-07
  0.645950E+03  0.457960E-02  0.134619E-02  0.175148E-12 -0.411114E-11  0.000000E+00  0.406500E-02  0.406500E-02  0.406500E-02 -0.240948E-07  0.401794E-02  0.171927E-02  0.107820E-07
  0.656122E+03  0.444627E-02  0.129092E-02  0.164631E-12 -0.192132E-10  0.000000E+00  0.394409E-02  0.394409E-02  0.394409E-02 -0.233781E-07  0.390015E-02  0.163005E-02  0.104829E-07
  0.666455E+03  0.431680E-02  0.123743E-02  0.154740E-12 -0.329707E-11  0.000000E+00  0.382672E-02  0.382672E-02  0.382672E-02 -0.226824E-07  0.378578E-02  0.154410E-02  0.101912E-07
  0.676950E+03  0.419109E-02  0.118566E-02  0.145441E-12 -0.844719E-11  0.000000E+00  0.371277E-02  0.371277E-02  0.371277E-02 -0.220070E-07  0.367473E-02  0.146134E-02  0.990658E-08
  0.687610E+03  0.406901E-02  0.113558E-02  0.136696E-12 -0.552711E-11  0.000000E+00  0.360215E-02  0.360215E-02  0.360215E-02 -0.213513E-07  0.356690E-02  0.138168E-02  0.962886E-08
  0.698439E+03  0.395048E-02  0.108713E-02  0.128474E-12 -0.360549E-11  0.000000E+00  0.349477E-02  0.349477E-02  0.349477E-02 -0.207149E-07  0.346221E-02  0.130506E-02  0.935779E-08
  0.709437E+03  0.383538E-02  0.104027E-02  0.120743E-12 -0.507014E-11  0.000000E+00  0.339053E-02  0.339053E-02  0.339053E-02 -0.200970E-07  0.336056E-02  0.123141E-02  0.909314E-08
  0.720609E+03  0.372361E-02  0.994973E-03  0.113475E-12 -0.134177E-10  0.000000E+00  0.328935E-02  0.328935E-02  0.328935E-02 -0.194972E-07  0.326186E-02  0.116064E-02  0.883473E-08
  0.731957E+03  0.361509E-02  0.951188E-03  0.106641E-12 -0.820953E-11  0.000000E+00  0.319113E-02  0.319113E-02  0.319113E-02 -0.189150E-07  0.316603E-02  0.109269E-02  0.858233E-08
  0.743484E+03  0.350971E-02  0.908878E-03  0.100217E-12 -0.712160E-11  0.000000E+00  0.309579E-02  0.309579E-02  0.309579E-02 -0.183499E-07  0.307299E-02  0.102750E-02  0.833578E-08
  0.755192E+03  0.340739E-02  0.868005E-03  0.941771E-13 -0.408440E-11  0.000000E+00  0.300325E-02  0.300325E-02  0.300325E-02 -0.178014E-07  0.298265E-02  0.964997E-03  0.809488E-08
  0.767085E+03  0.330804E-02  0.828534E-03  0.884993E-13 -0.111883E-10  0.000000E+00  0.291342E-02  0.291342E-02  0.291342E-02 -0.172690E-07  0.289494E-02  0.905115E-03  0.785947E-08
  0.779165E+03  0.321157E-02  0.790427E-03  0.831618E-13 -0.112294E-10  0.000000E+00  0.282624E-02  0.282624E-02  0.282624E-02 -0.167522E-07  0.280978E-02  0.847792E-03  0.762939E-08
  0.791435E+03  0.311789E-02  0.753652E-03  0.781445E-13 -0.943116E-11  0.000000E+00  0.274162E-02  0.274162E-02  0.274162E-02 -0.162506E-07  0.272711E-02  0.792968E-03  0.740448E-08
  0.803898E+03  0.302694E-02  0.718173E-03  0.734283E-13 -0.850127E-11  0.000000E+00  0.265950E-02  0.265950E-02  0.265950E-02 -0.157639E-07  0.264684E-02  0.740580E-03  0.718460E-08
  0.816557E+03  0.293862E-02  0.683959E-03  0.689952E-13 -0.817221E-11  0.000000E+00  0.257979E-02  0.257979E-02  0.257979E-02 -0.152914E-07  0.256891E-02  0.690569E-03  0.696962E-08
  0.829416E+03  0.285287E-02  0.650976E-03  0.648284E-13 -0.890646E-11  0.000000E+00  0.250244E-02  0.250244E-02  0.250244E-02 -0.148329E-07  0.249325E-02  0.642878E-03  0.675940E-08
  0.842478E+03  0.276961E-02  0.619195E-03  0.609121E-13 -0.715891E-11  0.000000E+00  0.242737E-02  0.242737E-02  0.242737E-02 -0.143880E-07  0.241980E-02  0.597449E-03  0.655382E-08
  0.855745E+03  0.268877E-02  0.588585E-03  0.572314E-13 -0.492389E-11  0.000000E+00  0.235452E-02  0.235452E-02  0.235452E-02 -0.139561E-07  0.234849E-02  0.554225E-03  0.635277E-08
  0.869221E+03  0.261027E-02  0.559117E-03  0.537721E-13 -0.783674E-11  0.000000E+00  0.228383E-02  0.228383E-02  0.228383E-02 -0.135371E-07  0.227926E-02  0.513150E-03  0.615614E-08
  0.882909E+03  0.253405E-02  0.530761E-03  0.505211E-13 -0.709844E-11  0.000000E+00  0.221523E-02  0.221523E-02  0.221523E-02 -0.131305E-07  0.221205E-02  0.474170E-03  0.596383E-08
  0.896813E+03  0.246005E-02  0.503490E-03  0.474659E-13 -0.528154E-11  0.000000E+00  0.214866E-02  0.214866E-02  0.214866E-02 -0.127359E-07  0.214680E-02  0.437230E-03  0.577574E-08
  0.910936E+03  0.238820E-02  0.477276E-03  0.445949E-13 -0.618950E-11  0.000000E+00  0.208407E-02  0.208407E-02  0.208407E-02 -0.123531E-07  0.208346E-02  0.402276E-03  0.559178E-08
  0.925281E+03  0.231843E-02  0.452093E-03  0.418971E-13 -0.237014E-11  0.000000E+00  0.202140E-02  0.202140E-02  0.202140E-02 -0.119816E-07  0.202198E-02  0.369257E-03  0.541187E-08
  0.939852E+03  0.225070E-02  0.427914E-03  0.393619E-13 -0.558268E-11  0.000000E+00  0.196060E-02  0.196060E-02  0.196060E-02 -0.116212E-07  0.196229E-02  0.338117E-03  0.523592E-08
  0.954652E+03  0.218493E-02  0.404714E-03  0.369799E-13 -0.282870E-11  0.000000E+00  0.190161E-02  0.190161E-02  0.190161E-02 -0.112716E-07  0.190434E-02  0.308805E-03  0.506388E-08
  0.969686E+03  0.212107E-02  0.382468E-03  0.347418E-13 -0.401604E-11  0.000000E+00  0.184437E-02  0.184437E-02  0.184437E-02 -0.109323E-07  0.184809E-02  0.281269E-03  0.489566E-08
  0.984956E+03  0.205908E-02  0.361152E-03  0.326390E-13 -0.436380E-11  0.000000E+00  0.178885E-02  0.178885E-02  0.178885E-02 -0.106032E-07  0.179350E-02  0.255457E-03  0.473121E-08
  0.100047E+04  0.199888E-02  0.340740E-03  0.306632E-13 -0.196031E-11  0.000000E+00  0.173499E-02  0.173499E-02  0.173499E-02 -0.102839E-07  0.174049E-02  0.231316E-03  0.457046E-08
  0.101622E+04  0.194044E-02  0.321209E-03  0.288071E-13 -0.233563E-11  0.000000E+00  0.168274E-02  0.168274E-02  0.168274E-02 -0.997421E-08  0.168905E-02  0.208795E-03  0.441336E-08
  0.103223E+04  0.188369E-02  0.302537E-03  0.270633E-13 -0.462522E-11  0.000000E+00  0.163205E-02  0.163205E-02  0.163205E-02 -0.967379E-08  0.163911E-02  0.187842E-03  0.425985E-08
  0.104848E+04  0.182860E-02  0.284700E-03  0.254251E-13 -0.153325E-11  0.000000E+00  0.158289E-02  0.158289E-02  0.158289E-02 -0.938238E-08  0.159064E-02  0.168405E-03  0.410991E-08
  0.106499E+04  0.177511E-02  0.267677E-03  0.238862E-13 -0.249951E-11  0.000000E+00  0.153520E-02  0.153520E-02  0.153520E-02 -0.909973E-08  0.154359E-02  0.150434E-03  0.396347E-08
  0.108176E+04  0.172318E-02  0.251444E-03  0.224406E-13 -0.288248E-11  0.000000E+00  0.148895E-02  0.148895E-02  0.148895E-02 -0.882559E-08  0.149792E-02  0.133874E-03  0.382050E-08
  0.109880E+04  0.167276E-02  0.235979E-03  0.210826E-13 -0.298682E-11  0.000000E+00  0.144410E-02  0.144410E-02  0.144410E-02 -0.855971E-08  0.145360E-02  0.118675E-03  0.368096E-08
  0.111610E+04  0.162381E-02  0.221262E-03  0.198071E-13 -0.388049E-11  0.000000E+00  0.140059E-02  0.140059E-02  0.140059E-02 -0.830185E-08  0.141058E-02  0.104783E-03  0.354482E-08
  0.113368E+04  0.157628E-02  0.207271E-03  0.186090E-13 -0.126132E-11  0.000000E+00  0.135841E-02  0.135841E-02  0.135841E-02 -0.805179E-08  0.136883E-02  0.921462E-04  0.341204E-08
  0.115153E+04  0.153015E-02  0.193985E-03  0.174836E-13 -0.325980E-11  0.000000E+00  0.131749E-02  0.131749E-02  0.131749E-02 -0.780929E-08  0.132830E-02  0.807117E-04  0.328260E-08
  0.116966E+04  0.148535E-02  0.181383E-03  0.164266E-13 -0.217095E-11  0.000000E+00  0.127782E-02  0.127782E-02  0.127782E-02 -0.757414E-08  0.128897E-02  0.704263E-04  0.315648E-08
  0.118808E+04  0.144186E-02  0.169444E-03  0.154338E-13 -0.125822E-11  0.000000E+00  0.123935E-02  0.123935E-02  0.123935E-02 -0.734613E-08  0.125080E-02  0.612364E-04  0.303364E-08
  0.120679E+04  0.139964E-02  0.158147E-03  0.145014E-13 -0.279089E-11  0.000000E+00  0.120205E-02  0.120205E-02  0.120205E-02 -0.712504E-08  0.121376E-02  0.530884E-04  0.291406E-08
  0.122580E+04  0.135865E-02  0.147472E-03  0.136256E-13 -0.932455E-12  0.000000E+00  0.116589E-02  0.116589E-02  0.116589E-02 -0.691067E-08  0.117781E-02  0.459283E-04  0.279772E-08
  0.124510E+04  0.131885E-02  0.137399E-03  0.128032E-13 -0.892892E-12  0.000000E+00  0.113082E-02  0.113082E-02  0.113082E-02 -0.670283E-08  0.114292E-02  0.397022E-04  0.268459E-08
  0.126471E+04  0.128022E-02  0.127908E-03  0.120307E-13 -0.273198E-11  0.000000E+00  0.109683E-02  0.109683E-02  0.109683E-02 -0.650132E-08  0.110906E-02  0.343555E-04  0.257467E-08
  0.128463E+04  0.124271E-02  0.118978E-03  0.113052E-13 -0.181287E-11  0.000000E+00  0.106387E-02  0.106387E-02  0.106387E-02 -0.630597E-08  0.107621E-02  0.298339E-04  0.246793E-08
  0.130486E+04  0.120630E-02  0.110590E-03  0.106238E-13 -0.579995E-12  0.000000E+00  0.103192E-02  0.103192E-02  0.103192E-02 -0.611658E-08  0.104433E-02  0.260827E-04  0.236434E-08
  0.132540E+04  0.117095E-02  0.102724E-03  0.998387E-14 -0.147367E-11  0.000000E+00  0.100094E-02  0.100094E-02  0.100094E-02 -0.593298E-08  0.101339E-02  0.230475E-04  0.226390E-08
  0.134628E+04  0.113664E-02  0.953592E-04  0.938286E-14 -0.232855E-11  0.000000E+00  0.970917E-03  0.970917E-03  0.970917E-03 -0.575500E-08  0.983365E-03  0.206738E-04  0.216658E-08
  0.136748E+04  0.110332E-02  0.884766E-04  0.881839E-14 -0.229300E-11  0.000000E+00  0.941810E-03  0.941810E-03  0.941810E-03 -0.558246E-08  0.954233E-03  0.189071E-04  0.207236E-08
  0.138901E+04  0.107098E-02  0.820564E-04  0.828824E-14 -0.159589E-11  0.000000E+00  0.913594E-03  0.913594E-03  0.913594E-03 -0.541522E-08  0.925966E-03  0.176935E-04  0.198122E-08
  0.141088E+04  0.103959E-02  0.760789E-04  0.779030E-14 -0.173805E-11  0.000000E+00  0.886244E-03  0.886244E-03  0.886244E-03 -0.525310E-08  0.898537E-03  0.169793E-04  0.189313E-08
  0.143310E+04  0.100911E-02  0.705247E-04  0.732263E-14 -0.370835E-12  0.000000E+00  0.859732E-03  0.859732E-03  0.859732E-03 -0.509596E-08  0.871923E-03  0.167113E-04  0.180808E-08
  0.145567E+04  0.979521E-03  0.653743E-04  0.688335E-14 -0.709085E-12  0.000000E+00  0.834034E-03  0.834034E-03  0.834034E-03 -0.494364E-08  0.846100E-03  0.168370E-04  0.172604E-08
  0.147859E+04  0.950799E-03  0.606084E-04  0.647073E-14 -0.918200E-12  0.000000E+00  0.809125E-03  0.809125E-03  0.809125E-03 -0.479599E-08  0.821045E-03  0.173048E-04  0.164698E-08
  0.150188E+04  0.922918E-03  0.562077E-04  0.608314E-14 -0.152503E-11  0.000000E+00  0.784980E-03  0.784980E-03  0.784980E-03 -0.465288E-08  0.796734E-03  0.180640E-04  0.157087E-08
  0.152553E+04  0.895851E-03  0.521533E-04  0.571905E-14 -0.168750E-11  0.000000E+00  0.761577E-03  0.761577E-03  0.761577E-03 -0.451415E-08  0.773148E-03  0.190650E-04  0.149768E-08
  0.154955E+04  0.869577E-03  0.484260E-04  0.537702E-14 -0.166121E-11  0.000000E+00  0.738891E-03  0.738891E-03  0.738891E-03 -0.437969E-08  0.750263E-03  0.202596E-04  0.142738E-08
  0.157396E+04  0.844072E-03  0.450072E-04  0.505568E-14 -0.433250E-12  0.000000E+00  0.716901E-03  0.716901E-03  0.716901E-03 -0.424934E-08  0.728060E-03  0.216012E-04  0.135993E-08
  0.159874E+04  0.819313E-03  0.418783E-04  0.475377E-14 -0.818324E-12  0.000000E+00  0.695584E-03  0.695584E-03  0.695584E-03 -0.412299E-08  0.706518E-03  0.230449E-04  0.129528E-08
  0.162392E+04  0.795280E-03  0.390209E-04  0.447010E-14 -0.240173E-12  0.000000E+00  0.674921E-03  0.674921E-03  0.674921E-03 -0.400051E-08  0.685618E-03  0.245477E-04  0.123340E-08
  0.164949E+04  0.771950E-03  0.364170E-04  0.420356E-14 -0.229173E-12  0.000000E+00  0.654890E-03  0.654890E-03  0.654890E-03 -0.388178E-08  0.665342E-03  0.260689E-04  0.117424E-08
  0.167547E+04  0.749304E-03  0.340487E-04  0.395306E-14 -0.786231E-12  0.000000E+00  0.635471E-03  0.635471E-03  0.635471E-03 -0.376668E-08  0.645669E-03  0.275699E-04  0.111775E-08
  0.170185E+04  0.727321E-03  0.318988E-04  0.371766E-14 -0.110033E-11  0.000000E+00  0.616644E-03  0.616644E-03  0.616644E-03 -0.365508E-08  0.626583E-03  0.290150E-04  0.106387E-08
  0.172865E+04  0.705982E-03  0.299499E-04  0.349641E-14 -0.116212E-11  0.000000E+00  0.598391E-03  0.598391E-03  0.598391E-03 -0.354689E-08  0.608066E-03  0.303710E-04  0.101254E-08
  0.175587E+04  0.685268E-03  0.281856E-04  0.328845E-14 -0.927867E-12  0.000000E+00  0.580693E-03  0.580693E-03  0.580693E-03 -0.344199E-08  0.590101E-03  0.316080E-04  0.963709E-09
  0.178353E+04  0.665162E-03  0.265896E-04  0.309296E-14 -0.105476E-11  0.000000E+00  0.563533E-03  0.563533E-03  0.563533E-03 -0.334028E-08  0.572672E-03  0.326990E-04  0.917307E-09
  0.181161E+04  0.645645E-03  0.251462E-04  0.290917E-14 -0.952791E-12  0.000000E+00  0.546893E-03  0.546893E-03  0.546893E-03 -0.324164E-08  0.555763E-03  0.336204E-04  0.873264E-09
  0.184014E+04  0.626701E-03  0.238403E-04  0.273639E-14 -0.238729E-12  0.000000E+00  0.530755E-03  0.530755E-03  0.530755E-03 -0.314599E-08  0.539357E-03  0.343522E-04  0.831508E-09
  0.186912E+04  0.608312E-03  0.226573E-04  0.257391E-14 -0.629661E-12  0.000000E+00  0.515105E-03  0.515105E-03  0.515105E-03 -0.305322E-08  0.523441E-03  0.348780E-04  0.791963E-09
  0.189855E+04  0.590462E-03  0.215833E-04  0.242113E-14 -0.913403E-12  0.000000E+00  0.499925E-03  0.499925E-03  0.499925E-03 -0.296325E-08  0.507998E-03  0.351851E-04  0.754551E-09
  0.192845E+04  0.573136E-03  0.206052E-04  0.227743E-14 -0.603585E-13  0.000000E+00  0.485201E-03  0.485201E-03  0.485201E-03 -0.287597E-08  0.493016E-03  0.352646E-04  0.719188E-09
  0.195882E+04  0.556319E-03  0.197104E-04  0.214229E-14 -0.750603E-13  0.000000E+00  0.470917E-03  0.470917E-03  0.470917E-03 -0.279131E-08  0.478480E-03  0.351117E-04  0.685791E-09
  0.198967E+04  0.539994E-03  0.188873E-04  0.201518E-14 -0.843595E-12  0.000000E+00  0.457060E-03  0.457060E-03  0.457060E-03 -0.270917E-08  0.464376E-03  0.347252E-04  0.654270E-09
  0.202100E+04  0.524149E-03  0.181249E-04  0.189559E-14 -0.652141E-12  0.000000E+00  0.443615E-03  0.443615E-03  0.443615E-03 -0.262948E-08  0.450691E-03  0.341079E-04  0.624536E-09
  0.205283E+04  0.508768E-03  0.174132E-04  0.178310E-14 -0.275704E-12  0.000000E+00  0.430569E-03  0.430569E-03  0.430569E-03 -0.255215E-08  0.437413E-03  0.332663E-04  0.596498E-09
  0.208515E+04  0.493839E-03  0.167430E-04  0.167726E-14 -0.673494E-12  0.000000E+00  0.417909E-03  0.417909E-03  0.417909E-03 -0.247711E-08  0.424530E-03  0.322106E-04  0.570064E-09
  0.211799E+04  0.479348E-03  0.161062E-04  0.157768E-14 -0.221325E-12  0.000000E+00  0.405623E-03  0.405623E-03  0.405623E-03 -0.240428E-08  0.412029E-03  0.309546E-04  0.545140E-09
  0.215134E+04  0.465283E-03  0.154952E-04  0.148399E-14  0.250129E-13  0.000000E+00  0.393699E-03  0.393699E-03  0.393699E-03 -0.233360E-08  0.399899E-03  0.295152E-04  0.521632E-09
  0.218522E+04  0.451630E-03  0.149038E-04  0.139582E-14 -0.128302E-13  0.000000E+00  0.382125E-03  0.382125E-03  0.382125E-03 -0.226500E-08  0.388129E-03  0.279123E-04  0.499447E-09
  0.221963E+04  0.438377E-03  0.143264E-04  0.131286E-14 -0.267340E-12  0.000000E+00  0.370890E-03  0.370890E-03  0.370890E-03 -0.219840E-08  0.376707E-03  0.261684E-04  0.478493E-09
  0.225459E+04  0.425514E-03  0.137585E-04  0.123478E-14 -0.575738E-12  0.000000E+00  0.359983E-03  0.359983E-03  0.359983E-03 -0.213376E-08  0.365623E-03  0.243086E-04  0.458679E-09
  0.229009E+04  0.413028E-03  0.131965E-04  0.116132E-14 -0.176093E-12  0.000000E+00  0.349395E-03  0.349395E-03  0.349395E-03 -0.207100E-08  0.354867E-03  0.223595E-04  0.439916E-09
  0.232616E+04  0.400909E-03  0.126376E-04  0.109218E-14 -0.603840E-12  0.000000E+00  0.339115E-03  0.339115E-03  0.339115E-03 -0.201006E-08  0.344428E-03  0.203493E-04  0.422118E-09
  0.236279E+04  0.389145E-03  0.120799E-04  0.102712E-14 -0.582364E-12  0.000000E+00  0.329135E-03  0.329135E-03  0.329135E-03 -0.195091E-08  0.334298E-03  0.183070E-04  0.405202E-09
  0.240000E+04  0.377726E-03  0.115225E-04  0.965900E-15 -0.549271E-12  0.000000E+00  0.319445E-03  0.319445E-03  0.319445E-03 -0.189347E-08  0.324467E-03  0.162620E-04  0.389090E-09
  0.243779E+04  0.366642E-03  0.109648E-04  0.908290E-15 -0.111295E-12  0.000000E+00  0.310036E-03  0.310036E-03  0.310036E-03 -0.183770E-08  0.314925E-03  0.142434E-04  0.373708E-09
  0.247618E+04  0.355884E-03  0.104075E-04  0.854087E-15 -0.489943E-12  0.000000E+00  0.300901E-03  0.300901E-03  0.300901E-03 -0.178356E-08  0.305665E-03  0.122797E-04  0.358986E-09
  0.251517E+04  0.345441E-03  0.985151E-05  0.803087E-15  0.538001E-13  0.000000E+00  0.292032E-03  0.292032E-03  0.292032E-03 -0.173098E-08  0.296677E-03  0.103979E-04  0.344860E-09
  0.255478E+04  0.335304E-03  0.929840E-05  0.755102E-15 -0.424664E-12  0.000000E+00  0.283420E-03  0.283420E-03  0.283420E-03 -0.167994E-08  0.287953E-03  0.862303E-05  0.331273E-09
  0.259501E+04  0.325465E-03  0.875024E-05  0.709968E-15 -0.524817E-13  0.000000E+00  0.275060E-03  0.275060E-03  0.275060E-03 -0.163038E-08  0.279486E-03  0.697775E-05  0.318172E-09
  0.263588E+04  0.315914E-03  0.820942E-05  0.667513E-15 -0.412734E-12  0.000000E+00  0.266943E-03  0.266943E-03  0.266943E-03 -0.158227E-08  0.271268E-03  0.548167E-05  0.305512E-09
  0.267739E+04  0.306644E-03  0.767865E-05  0.627576E-15 -0.116205E-12  0.000000E+00  0.259063E-03  0.259063E-03  0.259063E-03 -0.153557E-08  0.263291E-03  0.415096E-05  0.293255E-09
  0.271955E+04  0.297645E-03  0.716076E-05  0.590017E-15 -0.364914E-12  0.000000E+00  0.251414E-03  0.251414E-03  0.251414E-03 -0.149023E-08  0.255549E-03  0.299792E-05  0.281367E-09
  0.276238E+04  0.288910E-03  0.665866E-05  0.554698E-15 -0.456307E-13  0.000000E+00  0.243990E-03  0.243990E-03  0.243990E-03 -0.144622E-08  0.248034E-03  0.203073E-05  0.269823E-09
  0.280588E+04  0.280432E-03  0.617522E-05  0.521489E-15 -0.334618E-12  0.000000E+00  0.236784E-03  0.236784E-03  0.236784E-03 -0.140351E-08  0.240739E-03  0.125317E-05  0.258602E-09
  0.285007E+04  0.272201E-03  0.571318E-05  0.490266E-15  0.414603E-13  0.000000E+00  0.229790E-03  0.229790E-03  0.229790E-03 -0.136205E-08  0.233659E-03  0.664549E-06  0.247692E-09
  0.289495E+04  0.264212E-03  0.527503E-05  0.460913E-15 -0.295416E-12  0.000000E+00  0.223003E-03  0.223003E-03  0.223003E-03 -0.132182E-08  0.226786E-03  0.259692E-06  0.237083E-09
  0.294054E+04  0.256458E-03  0.486296E-05  0.433322E-15 -0.282060E-12  0.000000E+00  0.216416E-03  0.216416E-03  0.216416E-03 -0.128278E-08  0.220116E-03  0.290783E-07  0.226772E-09
  0.298684E+04  0.248930E-03  0.447874E-05  0.407383E-15 -0.277605E-12  0.000000E+00  0.210026E-03  0.210026E-03  0.210026E-03 -0.124490E-08  0.213641E-03 -0.409040E-07  0.216759E-09
  0.303388E+04  0.241624E-03  0.412371E-05  0.383000E-15 -0.177364E-12  0.000000E+00  0.203826E-03  0.203826E-03  0.203826E-03 -0.120815E-08  0.207356E-03  0.324365E-07  0.207049E-09
  0.308166E+04  0.234531E-03  0.379869E-05  0.360090E-15 -0.284035E-12  0.000000E+00  0.197810E-03  0.197810E-03  0.197810E-03 -0.117250E-08  0.201257E-03  0.228600E-06  0.197649E-09
  0.313018E+04  0.227647E-03  0.350396E-05  0.338552E-15 -0.295853E-12  0.000000E+00  0.191974E-03  0.191974E-03  0.191974E-03 -0.113790E-08  0.195336E-03  0.524529E-06  0.188567E-09
  0.317948E+04  0.220964E-03  0.323926E-05  0.318311E-15  0.608574E-13  0.000000E+00  0.186313E-03  0.186313E-03  0.186313E-03 -0.110435E-08  0.189590E-03  0.895331E-06  0.179815E-09
  0.322955E+04  0.214477E-03  0.300378E-05  0.299285E-15  0.610197E-13  0.000000E+00  0.180821E-03  0.180821E-03  0.180821E-03 -0.107179E-08  0.184012E-03  0.131510E-05  0.171400E-09
  0.328041E+04  0.208180E-03  0.279618E-05  0.281407E-15 -0.115003E-12  0.000000E+00  0.175493E-03  0.175493E-03  0.175493E-03 -0.104022E-08  0.178599E-03  0.175776E-05  0.163334E-09
  0.333206E+04  0.202068E-03  0.261464E-05  0.264598E-15  0.578329E-13  0.000000E+00  0.170325E-03  0.170325E-03  0.170325E-03 -0.100958E-08  0.173345E-03  0.219800E-05  0.155625E-09
  0.338454E+04  0.196135E-03  0.245694E-05  0.248802E-15  0.566450E-13  0.000000E+00  0.165311E-03  0.165311E-03  0.165311E-03 -0.979863E-09  0.168246E-03  0.261211E-05  0.148276E-09
  0.343784E+04  0.190376E-03  0.232048E-05  0.233949E-15 -0.217998E-13  0.000000E+00  0.160447E-03  0.160447E-03  0.160447E-03 -0.951031E-09  0.163297E-03  0.297890E-05  0.141293E-09
  0.349197E+04  0.184786E-03  0.220244E-05  0.219988E-15 -0.217619E-12  0.000000E+00  0.155728E-03  0.155728E-03  0.155728E-03 -0.923058E-09  0.158494E-03  0.328039E-05  0.134673E-09
  0.354696E+04  0.179360E-03  0.209982E-05  0.206860E-15  0.603198E-13  0.000000E+00  0.151149E-03  0.151149E-03  0.151149E-03 -0.895917E-09  0.153832E-03  0.350254E-05  0.128413E-09
  0.360282E+04  0.174093E-03  0.200957E-05  0.194515E-15 -0.203520E-12  0.000000E+00  0.146706E-03  0.146706E-03  0.146706E-03 -0.869581E-09  0.149308E-03  0.363570E-05  0.122506E-09
  0.365956E+04  0.168980E-03  0.192872E-05  0.182908E-15 -0.157343E-12  0.000000E+00  0.142394E-03  0.142394E-03  0.142394E-03 -0.844023E-09  0.144917E-03  0.367499E-05  0.116938E-09
  0.371719E+04  0.164018E-03  0.185442E-05  0.171991E-15 -0.196774E-12  0.000000E+00  0.138209E-03  0.138209E-03  0.138209E-03 -0.819219E-09  0.140655E-03  0.362036E-05  0.111696E-09
  0.377572E+04  0.159200E-03  0.178412E-05  0.161722E-15  0.365013E-13  0.000000E+00  0.134148E-03  0.134148E-03  0.134148E-03 -0.795144E-09  0.136519E-03  0.347653E-05  0.106761E-09
  0.383518E+04  0.154525E-03  0.171559E-05  0.152062E-15 -0.164937E-12  0.000000E+00  0.130205E-03  0.130205E-03  0.130205E-03 -0.771775E-09  0.132505E-03  0.325264E-05  0.102111E-09
  0.389558E+04  0.149986E-03  0.164702E-05  0.142977E-15 -0.142566E-12  0.000000E+00  0.126378E-03  0.126378E-03  0.126378E-03 -0.749089E-09  0.128609E-03  0.296168E-05  0.977242E-10
  0.395692E+04  0.145580E-03  0.157706E-05  0.134428E-15  0.567771E-13  0.000000E+00  0.122662E-03  0.122662E-03  0.122662E-03 -0.727066E-09  0.124827E-03  0.261977E-05  0.935754E-10
  0.401924E+04  0.141304E-03  0.150484E-05  0.126389E-15 -0.393478E-13  0.000000E+00  0.119055E-03  0.119055E-03  0.119055E-03 -0.705684E-09  0.121157E-03  0.224519E-05  0.896402E-10
  0.408253E+04  0.137153E-03  0.143001E-05  0.118825E-15 -0.275359E-13  0.000000E+00  0.115553E-03  0.115553E-03  0.115553E-03 -0.684925E-09  0.117594E-03  0.185731E-05  0.858944E-10
  0.414682E+04  0.133124E-03  0.135264E-05  0.111711E-15 -0.146926E-12  0.000000E+00  0.112153E-03  0.112153E-03  0.112153E-03 -0.664771E-09  0.114137E-03  0.147551E-05  0.823154E-10
  0.421212E+04  0.129213E-03  0.127326E-05  0.105022E-15  0.225812E-13  0.000000E+00  0.108851E-03  0.108851E-03  0.108851E-03 -0.645204E-09  0.110781E-03  0.111799E-05  0.788823E-10
  0.427846E+04  0.125417E-03  0.119273E-05  0.987277E-16 -0.626651E-13  0.000000E+00  0.105647E-03  0.105647E-03  0.105647E-03 -0.626208E-09  0.107523E-03  0.800661E-06  0.755771E-10
  0.434583E+04  0.121732E-03  0.111215E-05  0.928119E-16 -0.763457E-13  0.000000E+00  0.102535E-03  0.102535E-03  0.102535E-03 -0.607766E-09  0.104361E-03  0.536281E-06  0.723854E-10
  0.441427E+04  0.118155E-03  0.103281E-05  0.872479E-16 -0.955461E-13  0.000000E+00  0.995153E-04  0.995153E-04  0.995153E-04 -0.589865E-09  0.101292E-03  0.333634E-06  0.692957E-10
  0.448378E+04  0.114684E-03  0.956026E-06  0.820168E-16 -0.883065E-13  0.000000E+00  0.965838E-04  0.965838E-04  0.965838E-04 -0.572489E-09  0.983133E-04  0.197078E-06  0.663007E-10
  0.455439E+04  0.111314E-03  0.883070E-06  0.771000E-16 -0.427982E-13  0.000000E+00  0.937386E-04  0.937386E-04  0.937386E-04 -0.555624E-09  0.954218E-04  0.126350E-06  0.633962E-10
  0.462611E+04  0.108043E-03  0.815057E-06  0.724761E-16 -0.900065E-13  0.000000E+00  0.909773E-04  0.909773E-04  0.909773E-04 -0.539257E-09  0.926152E-04  0.116716E-06  0.605815E-10
  0.469896E+04  0.104867E-03  0.752860E-06  0.681315E-16  0.435247E-13  0.000000E+00  0.882976E-04  0.882976E-04  0.882976E-04 -0.523373E-09  0.898911E-04  0.159447E-06  0.578582E-10
  0.477296E+04  0.101785E-03  0.697053E-06  0.640468E-16  0.468854E-13  0.000000E+00  0.856972E-04  0.856972E-04  0.856972E-04 -0.507960E-09  0.872469E-04  0.242593E-06  0.552299E-10
  0.484812E+04  0.987939E-04  0.647869E-06  0.602101E-16  0.459511E-13  0.000000E+00  0.831740E-04  0.831740E-04  0.831740E-04 -0.493004E-09  0.846804E-04  0.352016E-06  0.527013E-10
  0.492447E+04  0.958902E-04  0.605191E-06  0.566006E-16 -0.103449E-12  0.000000E+00  0.807255E-04  0.807255E-04  0.807255E-04 -0.478491E-09  0.821894E-04  0.472595E-06  0.502774E-10
  0.500202E+04  0.930716E-04  0.568575E-06  0.532102E-16  0.432216E-13  0.000000E+00  0.783497E-04  0.783497E-04  0.783497E-04 -0.464409E-09  0.797715E-04  0.589512E-06  0.479626E-10
  0.508079E+04  0.903357E-04  0.537296E-06  0.500236E-16  0.886991E-14  0.000000E+00  0.760443E-04  0.760443E-04  0.760443E-04 -0.450743E-09  0.774248E-04  0.689497E-06  0.457599E-10
  0.516080E+04  0.876801E-04  0.510420E-06  0.470254E-16 -0.929237E-13  0.000000E+00  0.738071E-04  0.738071E-04  0.738071E-04 -0.437483E-09  0.751471E-04  0.761941E-06  0.436707E-10
  0.524207E+04  0.851025E-04  0.486889E-06  0.442093E-16 -0.422054E-13  0.000000E+00  0.716359E-04  0.716359E-04  0.716359E-04 -0.424613E-09  0.729363E-04  0.799750E-06  0.416940E-10
  0.532462E+04  0.826005E-04  0.465619E-06  0.415603E-16 -0.737256E-13  0.000000E+00  0.695287E-04  0.695287E-04  0.695287E-04 -0.412123E-09  0.707905E-04  0.799852E-06  0.398266E-10
  0.540847E+04  0.801720E-04  0.445593E-06  0.390704E-16 -0.198850E-13  0.000000E+00  0.674835E-04  0.674835E-04  0.674835E-04 -0.400000E-09  0.687079E-04  0.763317E-06  0.380629E-10
  0.549365E+04  0.778147E-04  0.425950E-06  0.367294E-16  0.373911E-13  0.000000E+00  0.654982E-04  0.654982E-04  0.654982E-04 -0.388233E-09  0.666865E-04  0.695051E-06  0.363956E-10
  0.558016E+04  0.755266E-04  0.406046E-06  0.345277E-16 -0.292518E-13  0.000000E+00  0.635711E-04  0.635711E-04  0.635711E-04 -0.376810E-09  0.647245E-04  0.603093E-06  0.348160E-10
  0.566803E+04  0.733057E-04  0.385499E-06  0.324568E-16  0.353685E-13  0.000000E+00  0.617004E-04  0.617004E-04  0.617004E-04 -0.365722E-09  0.628202E-04  0.497591E-06  0.333146E-10
  0.575729E+04  0.711500E-04  0.364196E-06  0.305106E-16 -0.123116E-13  0.000000E+00  0.598844E-04  0.598844E-04  0.598844E-04 -0.354958E-09  0.609719E-04  0.389557E-06  0.318823E-10
  0.584796E+04  0.690575E-04  0.342279E-06  0.286807E-16 -0.704834E-13  0.000000E+00  0.581215E-04  0.581215E-04  0.581215E-04 -0.344508E-09  0.591779E-04  0.289550E-06  0.305103E-10
  0.594005E+04  0.670265E-04  0.320095E-06  0.269592E-16  0.281912E-13  0.000000E+00  0.564102E-04  0.564102E-04  0.564102E-04 -0.334365E-09  0.574366E-04  0.206438E-06  0.291915E-10
  0.603359E+04  0.650551E-04  0.298130E-06  0.253428E-16 -0.269036E-13  0.000000E+00  0.547490E-04  0.547490E-04  0.547490E-04 -0.324518E-09  0.557464E-04  0.146393E-06  0.279204E-10
  0.612860E+04  0.631417E-04  0.276926E-06  0.238212E-16  0.293022E-13  0.000000E+00  0.531367E-04  0.531367E-04  0.531367E-04 -0.314962E-09  0.541059E-04  0.112256E-06  0.266933E-10
  0.622512E+04  0.612843E-04  0.257000E-06  0.223923E-16 -0.524985E-13  0.000000E+00  0.515718E-04  0.515718E-04  0.515718E-04 -0.305686E-09  0.525136E-04  0.103345E-06  0.255088E-10
  0.632315E+04  0.594816E-04  0.238769E-06  0.210487E-16  0.192206E-13  0.000000E+00  0.500530E-04  0.500530E-04  0.500530E-04 -0.296683E-09  0.509681E-04  0.115746E-06  0.243668E-10
  0.642272E+04  0.577317E-04  0.222492E-06  0.197865E-16 -0.317564E-13  0.000000E+00  0.485791E-04  0.485791E-04  0.485791E-04 -0.287947E-09  0.494680E-04  0.143046E-06  0.232685E-10
  0.652387E+04  0.560333E-04  0.208245E-06  0.185996E-16  0.284631E-13  0.000000E+00  0.471487E-04  0.471487E-04  0.471487E-04 -0.279468E-09  0.480120E-04  0.177400E-06  0.222156E-10
  0.662660E+04  0.543847E-04  0.195913E-06  0.174850E-16 -0.436039E-14  0.000000E+00  0.457605E-04  0.457605E-04  0.457605E-04 -0.271240E-09  0.465987E-04  0.210768E-06  0.212098E-10
  0.673095E+04  0.527845E-04  0.185223E-06  0.164362E-16  0.254496E-13  0.000000E+00  0.444133E-04  0.444133E-04  0.444133E-04 -0.263255E-09  0.452271E-04  0.236156E-06  0.202521E-10
  0.683695E+04  0.512313E-04  0.175794E-06  0.154511E-16 -0.407625E-13  0.000000E+00  0.431058E-04  0.431058E-04  0.431058E-04 -0.255505E-09  0.438957E-04  0.248633E-06  0.193426E-10
  0.694462E+04  0.497238E-04  0.167198E-06  0.145249E-16  0.228452E-13  0.000000E+00  0.418369E-04  0.418369E-04  0.418369E-04 -0.247983E-09  0.426035E-04  0.245985E-06  0.184801E-10
  0.705398E+04  0.482605E-04  0.159033E-06  0.136544E-16 -0.382740E-13  0.000000E+00  0.406052E-04  0.406052E-04  0.406052E-04 -0.240682E-09  0.413493E-04  0.228884E-06  0.176622E-10
  0.716506E+04  0.468403E-04  0.150979E-06  0.128355E-16 -0.406953E-13  0.000000E+00  0.394096E-04  0.394096E-04  0.394096E-04 -0.233596E-09  0.401320E-04  0.200557E-06  0.168856E-10
  0.727790E+04  0.454617E-04  0.142840E-06  0.120660E-16  0.678295E-14  0.000000E+00  0.382492E-04  0.382492E-04  0.382492E-04 -0.226717E-09  0.389505E-04  0.166013E-06  0.161463E-10
  0.739251E+04  0.441236E-04  0.134563E-06  0.113428E-16  0.235408E-13  0.000000E+00  0.371228E-04  0.371228E-04  0.371228E-04 -0.220041E-09  0.378037E-04  0.130981E-06  0.154403E-10
  0.750892E+04  0.428249E-04  0.126223E-06  0.106629E-16 -0.309513E-13  0.000000E+00  0.360294E-04  0.360294E-04  0.360294E-04 -0.213560E-09  0.366906E-04  0.100759E-06  0.147640E-10
  0.762717E+04  0.415643E-04  0.117989E-06  0.100233E-16 -0.102855E-13  0.000000E+00  0.349681E-04  0.349681E-04  0.349681E-04 -0.207269E-09  0.356102E-04  0.792106E-07  0.141145E-10
  0.774728E+04  0.403408E-04  0.110076E-06  0.942274E-17  0.192233E-13  0.000000E+00  0.339380E-04  0.339380E-04  0.339380E-04 -0.201164E-09  0.345616E-04  0.680958E-07  0.134899E-10
  0.786928E+04  0.391532E-04  0.102692E-06  0.885807E-17 -0.700313E-14  0.000000E+00  0.329383E-04  0.329383E-04  0.329383E-04 -0.195238E-09  0.335439E-04  0.668786E-07  0.128894E-10
  0.799321E+04  0.380005E-04  0.959849E-07  0.832799E-17 -0.324500E-13  0.000000E+00  0.319680E-04  0.319680E-04  0.319680E-04 -0.189486E-09  0.325560E-04  0.730341E-07  0.123128E-10
  0.811908E+04  0.368817E-04  0.900146E-07  0.782866E-17  0.208783E-13  0.000000E+00  0.310263E-04  0.310263E-04  0.310263E-04 -0.183904E-09  0.315972E-04  0.827759E-07  0.117604E-10
  0.824694E+04  0.357957E-04  0.847458E-07  0.735966E-17 -0.289522E-13  0.000000E+00  0.301123E-04  0.301123E-04  0.301123E-04 -0.178487E-09  0.306666E-04  0.920271E-07  0.112328E-10
  0.837681E+04  0.347417E-04  0.800617E-07  0.691911E-17 -0.213825E-13  0.000000E+00  0.292253E-04  0.292253E-04  0.292253E-04 -0.173229E-09  0.297633E-04  0.973987E-07  0.107300E-10
  0.850872E+04  0.337187E-04  0.757971E-07  0.650473E-17 -0.262298E-13  0.000000E+00  0.283644E-04  0.283644E-04  0.283644E-04 -0.168126E-09  0.288867E-04  0.969401E-07  0.102517E-10
  0.864272E+04  0.327257E-04  0.717810E-07  0.611572E-17 -0.231635E-13  0.000000E+00  0.275288E-04  0.275288E-04  0.275288E-04 -0.163174E-09  0.280358E-04  0.904812E-07  0.979670E-11
  0.877882E+04  0.317619E-04  0.678759E-07  0.574966E-17  0.117518E-13  0.000000E+00  0.267178E-04  0.267178E-04  0.267178E-04 -0.158366E-09  0.272099E-04  0.794969E-07  0.936357E-11
  0.891707E+04  0.308264E-04  0.640052E-07  0.540496E-17 -0.101771E-13  0.000000E+00  0.259306E-04  0.259306E-04  0.259306E-04 -0.153700E-09  0.264083E-04  0.665462E-07  0.895045E-11
  0.905749E+04  0.299185E-04  0.601617E-07  0.508196E-17 -0.112125E-13  0.000000E+00  0.251665E-04  0.251665E-04  0.251665E-04 -0.149172E-09  0.256303E-04  0.544593E-07  0.855547E-11
  0.920012E+04  0.290372E-04  0.563962E-07  0.477778E-17 -0.899364E-14  0.000000E+00  0.244249E-04  0.244249E-04  0.244249E-04 -0.144776E-09  0.248752E-04  0.455097E-07  0.817710E-11
